sec,nsec,x,y,yaw,map_x,map_y,map_yaw,map_pose_valid,v_real,w_real,v_now,w_now,v_cmd,w_cmd,v_nav,w_nav,velocity_violation,curvature,dw_v_max,dw_v_min,dw_w_max,dw_w_min,v_reg
1772473144,871776475,0.041708,-0.406927,3.125904,-1.372348,-0.429236,-1.359538,1,0.000000,0.000000,0.050000,-0.015069,0.042667,0.004931,0.042667,0.004931,0,7.787856,0.057333,0.042667,0.004931,-0.035069,0.220000
1772473144,896847501,0.041146,-0.406468,3.126302,-1.372669,-0.429887,-1.359139,1,0.000000,0.000000,0.042667,0.004931,0.035333,0.024931,0.035333,0.024931,0,7.800820,0.050000,0.035333,0.024931,-0.015069,0.220000
1772473144,946866146,0.040677,-0.407820,3.124923,-1.371247,-0.430040,-1.360518,1,0.000000,0.000000,0.035333,0.024931,0.028000,0.044931,0.028000,0.044931,0,7.807471,0.042667,0.028000,0.044931,0.004931,0.220000
1772473144,971851186,0.039287,-0.407643,3.123536,-1.371106,-0.431434,-1.361905,1,0.000000,0.000000,0.028000,0.044931,0.020667,0.064931,0.020667,0.064931,0,7.843501,0.035333,0.020667,0.064931,0.024931,0.220000
1772473144,996904118,0.040632,-0.407140,3.122000,-1.371899,-0.430237,-1.363442,1,0.000000,0.000000,0.020667,0.064931,0.013333,0.084931,0.013333,0.084931,0,7.826700,0.028000,0.013333,0.084931,0.044931,0.220000
1772473145,46907729,0.038871,-0.406398,3.122529,-1.372225,-0.432120,-1.362912,1,0.000000,0.000000,0.013333,0.084931,0.013341,0.104931,0.013341,0.104931,0,7.865052,0.020667,0.006000,0.104931,0.064931,0.220000
1772473145,71954734,0.039973,-0.406949,3.125705,-1.371937,-0.430921,-1.359736,1,0.000000,0.000000,0.013341,0.104931,0.015967,0.124931,0.015967,0.124931,0,7.824328,0.020675,0.006008,0.124931,0.084931,0.220000
1772473145,97007930,0.039386,-0.406989,3.128931,-1.371766,-0.431485,-1.356510,1,0.000000,0.000000,0.015967,0.124931,0.018531,0.144931,0.018531,0.144931,0,7.821113,0.023300,0.008634,0.144931,0.104931,0.220000
1772473145,147042591,0.038365,-0.406199,3.135155,-1.372306,-0.432657,-1.350287,1,0.000000,0.000000,0.018531,0.144931,0.021095,0.164931,0.021095,0.164931,0,7.818601,0.025864,0.011197,0.164931,0.124931,0.220000
1772473145,172113995,0.038646,-0.407776,3.136932,-1.370832,-0.432029,-1.348510,1,0.000000,0.000000,0.021095,0.164931,0.023729,0.184931,0.023729,0.184931,0,7.793568,0.028428,0.013761,0.184931,0.144931,0.220000
1772473145,197095723,0.037292,-0.406313,3.139046,-1.371953,-0.433677,-1.346396,1,0.000000,0.000000,0.023729,0.184931,0.026200,0.204931,0.026200,0.204931,0,7.821683,0.031062,0.016395,0.204931,0.164931,0.220000
1772473145,247191596,0.037117,-0.406903,-3.136631,-1.371339,-0.433715,-1.338888,1,0.000000,0.000000,0.026200,0.204931,0.028889,0.224931,0.028889,0.224931,0,7.786154,0.033534,0.018867,0.224931,0.184931,0.220000
1772473145,272215487,0.037374,-0.407058,-3.130696,-1.371246,-0.433430,-1.332953,1,0.000000,0.000000,0.028889,0.224931,0.031597,0.244931,0.031597,0.244931,0,7.751704,0.036222,0.021555,0.244931,0.204931,0.220000
1772473145,297240308,0.036304,-0.408717,-3.125237,-1.369389,-0.434099,-1.327493,1,0.000000,0.000000,0.031597,0.244931,0.034244,0.264931,0.034244,0.264931,0,7.736553,0.038930,0.024264,0.264931,0.224931,0.220000
1772473145,347364125,0.034858,-0.406193,-3.113497,-1.371523,-0.436076,-1.315753,1,0.000000,0.000000,0.034244,0.264931,0.036867,0.284931,0.036867,0.284931,0,7.728620,0.041577,0.026911,0.284931,0.244931,0.220000
1772473145,372357557,0.034016,-0.406916,-3.108388,-1.370629,-0.436733,-1.310645,1,0.000000,0.000000,0.036867,0.284931,0.039515,0.304931,0.039515,0.304931,0,7.716816,0.044200,0.029534,0.304931,0.264931,0.220000
1772473145,397384622,0.033581,-0.407368,-3.101898,-1.370091,-0.437055,-1.304155,1,0.000000,0.000000,0.039515,0.304931,0.042245,0.324931,0.042245,0.324931,0,7.691537,0.046849,0.032182,0.324931,0.284931,0.220000
1772473145,447456029,0.031791,-0.407681,-3.086894,-1.369383,-0.438729,-1.289150,1,0.000000,0.000000,0.042245,0.324931,0.045062,0.344931,0.045062,0.344931,0,7.654556,0.049579,0.034912,0.344931,0.304931,0.220000
1772473145,472492512,0.031012,-0.406707,-3.078683,-1.370156,-0.439707,-1.280939,1,0.000000,0.000000,0.045062,0.344931,0.047778,0.364931,0.047778,0.364931,0,7.637998,0.052396,0.037729,0.364931,0.324931,0.220000
1772473145,497516513,0.030175,-0.408108,-3.070891,-1.368603,-0.440207,-1.273147,1,0.000000,0.000000,0.047778,0.364931,0.050599,0.384931,0.050599,0.384931,0,7.607470,0.055112,0.040445,0.384931,0.344931,0.220000
1772473145,547607359,0.027376,-0.407944,-3.053669,-1.368133,-0.442972,-1.255925,1,0.000000,0.000000,0.050599,0.384931,0.053393,0.404931,0.053393,0.404931,0,7.583949,0.057932,0.043266,0.404931,0.364931,0.220000
1772473145,572647565,0.026569,-0.408512,-3.044617,-1.367398,-0.443630,-1.246873,1,0.000000,0.000000,0.053393,0.404931,0.056267,0.424931,0.056267,0.424931,0,7.551997,0.060727,0.046060,0.424931,0.384931,0.220000
1772473145,597716361,0.023816,-0.407032,-3.033858,-1.368220,-0.446645,-1.236114,1,0.000000,0.000000,0.056267,0.424931,0.058781,0.444931,0.058781,0.444931,0,7.569309,0.063601,0.048934,0.444931,0.404931,0.220000
1772473145,647780216,0.022292,-0.408588,-3.013804,-1.366361,-0.447780,-1.216060,1,0.000000,0.000000,0.058781,0.444931,0.062077,0.464931,0.062077,0.464931,0,7.489547,0.066114,0.051448,0.464931,0.424931,0.220000
1772473145,672811222,0.020474,-0.406923,-3.002792,-1.367575,-0.449926,-1.205048,1,0.000000,0.000000,0.062077,0.464931,0.064778,0.484931,0.064778,0.484931,0,7.486100,0.069411,0.054744,0.484931,0.444931,0.220000
1772473145,697892876,0.019788,-0.407939,-2.991918,-1.366431,-0.450366,-1.194175,1,0.000000,0.000000,0.064778,0.484931,0.067890,0.504931,0.067890,0.504931,0,7.437519,0.072111,0.057444,0.504931,0.464931,0.220000
1772473145,722930955,0.017194,-0.406984,-2.979561,-1.366777,-0.453109,-1.181817,1,0.000000,0.000000,0.067890,0.504931,0.070563,0.524931,0.070563,0.524931,0,7.439185,0.075223,0.060556,0.524931,0.484931,0.220000
1772473145,773002189,0.014239,-0.409409,-2.955084,-1.363750,-0.455442,-1.157341,1,0.000000,0.000000,0.070563,0.524931,0.074043,0.544931,0.074043,0.544931,0,7.359638,0.077896,0.063230,0.544931,0.504931,0.220000
1772473145,798078714,0.013697,-0.409403,-2.942484,-1.363633,-0.455972,-1.144741,1,0.000000,0.000000,0.074043,0.544931,0.077339,0.564931,0.077339,0.564931,0,7.304654,0.081377,0.066710,0.564931,0.524931,0.220000
1772473145,848166788,0.009463,-0.409899,-2.915908,-1.362197,-0.459986,-1.118164,1,0.000000,0.000000,0.077339,0.564931,0.080609,0.584931,0.080609,0.584931,0,7.256401,0.084672,0.070005,0.584931,0.544931,0.220000
1772473145,873202057,0.007872,-0.410653,-2.902906,-1.361105,-0.461366,-1.105163,1,0.000000,0.000000,0.080609,0.584931,0.083137,0.600000,0.083137,0.600000,0,7.216996,0.087942,0.073276,0.600000,0.564931,0.220000
1772473145,898275470,0.006608,-0.411755,-2.888753,-1.359747,-0.462349,-1.091009,1,0.000000,0.000000,0.083137,0.600000,0.083798,0.600000,0.083798,0.600000,0,7.160083,0.090470,0.075804,0.600000,0.580000,0.220000
1772473145,948371127,0.002225,-0.411092,-2.858555,-1.359407,-0.466770,-1.060812,1,0.000000,0.000000,0.083798,0.600000,0.084480,0.600000,0.084480,0.600000,0,7.102306,0.091131,0.076465,0.600000,0.580000,0.220000
1772473145,973381908,0.000999,-0.412764,-2.843806,-1.357502,-0.467587,-1.046062,1,0.000000,0.000000,0.084480,0.600000,0.085287,0.600000,0.085287,0.600000,0,7.035069,0.091813,0.077146,0.600000,0.580000,0.220000
1772473145,998502660,-0.000794,-0.413462,-2.828494,-1.356418,-0.469178,-1.030750,1,0.000000,0.000000,0.085287,0.600000,0.085888,0.600000,0.085888,0.600000,0,6.985878,0.092620,0.077954,0.600000,0.580000,0.220000
1772473146,23466808,-0.003643,-0.414130,-2.813904,-1.355126,-0.471803,-1.016160,1,0.000000,0.000000,0.085888,0.600000,0.086115,0.600000,0.086115,0.600000,0,6.967452,0.093221,0.078554,0.600000,0.580000,0.220000
1772473146,73548007,-0.006583,-0.415847,-2.783580,-1.352792,-0.474282,-0.985836,1,0.000000,0.000000,0.086115,0.600000,0.087598,0.600000,0.087598,0.600000,0,6.849488,0.093448,0.078781,0.600000,0.580000,0.220000
1772473146,98730629,-0.009121,-0.417682,-2.768900,-1.350433,-0.476342,-0.971156,1,0.000000,0.000000,0.087598,0.600000,0.088078,0.600000,0.088078,0.600000,0,6.812129,0.094931,0.080264,0.600000,0.580000,0.220000
1772473146,123654746,-0.010745,-0.418723,-2.754963,-1.349053,-0.477690,-0.957220,1,0.000000,0.000000,0.088078,0.600000,0.088733,0.600000,0.088733,0.600000,0,6.761845,0.095412,0.080745,0.600000,0.580000,0.220000
1772473146,173742438,-0.014033,-0.420435,-2.724837,-1.346645,-0.480509,-0.927094,1,0.000000,0.000000,0.088733,0.600000,0.090224,0.600000,0.090224,0.600000,0,6.650127,0.096067,0.081400,0.600000,0.580000,0.220000
1772473146,198805247,-0.016145,-0.421934,-2.709939,-1.344709,-0.482229,-0.912196,1,0.000000,0.000000,0.090224,0.600000,0.090887,0.600000,0.090887,0.600000,0,6.601624,0.097557,0.082891,0.600000,0.580000,0.220000
1772473146,248887424,-0.021049,-0.422711,-2.680238,-1.342849,-0.486832,-0.882495,1,0.000000,0.000000,0.090887,0.600000,0.091716,0.600000,0.091716,0.600000,0,6.541941,0.098220,0.083553,0.600000,0.580000,0.220000
1772473146,273942190,-0.023184,-0.423190,-2.665120,-1.341902,-0.488804,-0.867376,1,0.000000,0.000000,0.091716,0.600000,0.092298,0.600000,0.092298,0.600000,0,6.500693,0.099049,0.084383,0.600000,0.580000,0.220000
1772473146,298994781,-0.024566,-0.424532,-2.650265,-1.340283,-0.489850,-0.852522,1,0.000000,0.000000,0.092298,0.600000,0.093275,0.600000,0.093275,0.600000,0,6.432582,0.099631,0.084965,0.600000,0.580000,0.220000
1772473146,323958818,-0.028732,-0.425341,-2.635145,-1.338557,-0.493727,-0.837401,1,0.000000,0.000000,0.093275,0.600000,0.093101,0.600000,0.093101,0.600000,0,6.444636,0.100608,0.085942,0.600000,0.580000,0.220000
1772473146,374096367,-0.031040,-0.429057,-2.605623,-1.334417,-0.495139,-0.807879,1,0.000000,0.000000,0.093101,0.600000,0.095457,0.600000,0.095457,0.600000,0,6.285560,0.100434,0.085767,0.600000,0.580000,0.220000
1772473146,399115590,-0.032886,-0.429941,-2.591187,-1.333141,-0.496739,-0.793444,1,0.000000,0.000000,0.095457,0.600000,0.096225,0.600000,0.096225,0.600000,0,6.235416,0.102790,0.088124,0.600000,0.580000,0.220000
1772473146,449225618,-0.037131,-0.433268,-2.561698,-1.328944,-0.500126,-0.763954,1,0.000000,0.000000,0.096225,0.600000,0.097840,0.600000,0.097840,0.600000,0,6.132442,0.103558,0.088891,0.600000,0.580000,0.220000
1772473146,474146515,-0.037149,-0.435672,-2.547479,-1.326597,-0.499604,-0.749735,1,0.000000,0.000000,0.097840,0.600000,0.099748,0.600000,0.099748,0.600000,0,6.015184,0.105174,0.090507,0.600000,0.580000,0.220000
1772473146,499227023,-0.042097,-0.435320,-2.531679,-1.325812,-0.504492,-0.733829,1,0.000000,0.000000,0.099748,0.600000,0.099071,0.600000,0.099071,0.600000,0,6.056269,0.107081,0.092414,0.600000,0.580000,0.220000
1772473146,549350869,-0.045188,-0.439049,-2.502738,-1.321268,-0.506495,-0.703435,1,0.000000,0.000000,0.099071,0.600000,0.101680,0.600000,0.101680,0.600000,0,5.900873,0.106404,0.091738,0.600000,0.580000,0.220000
1772473146,574351171,-0.048379,-0.440095,-2.487503,-1.319525,-0.509367,-0.688200,1,0.000000,0.000000,0.101680,0.600000,0.102003,0.600000,0.102003,0.600000,0,5.882200,0.109013,0.094347,0.600000,0.580000,0.220000
1772473146,599352842,-0.050366,-0.442592,-2.473338,-1.316644,-0.510737,-0.674035,1,0.000000,0.000000,0.102003,0.600000,0.103075,0.600000,0.103075,0.600000,0,5.821018,0.109336,0.094669,0.600000,0.580000,0.220000
1772473146,649422723,-0.054021,-0.446128,-2.444224,-1.312764,-0.513344,-0.644707,1,0.000000,0.000000,0.103075,0.600000,0.105446,0.600000,0.105446,0.600000,0,5.690127,0.110408,0.095741,0.600000,0.580000,0.220000
1772473146,674410725,-0.054566,-0.447833,-2.430167,-1.316570,-0.511327,-0.627604,1,0.000000,0.000000,0.105446,0.600000,0.108894,0.600000,0.108894,0.600000,0,5.509943,0.112779,0.098112,0.600000,0.580000,0.220000
1772473146,699475050,-0.057443,-0.449551,-2.415092,-1.314238,-0.513732,-0.612529,1,0.000000,0.000000,0.108894,0.600000,0.109588,0.600000,0.109588,0.600000,0,5.475040,0.116227,0.101561,0.600000,0.580000,0.220000
1772473146,724471135,-0.060235,-0.450381,-2.400315,-1.312788,-0.516260,-0.597752,1,0.000000,0.000000,0.109588,0.600000,0.110125,0.600000,0.110125,0.600000,0,5.448348,0.116922,0.102255,0.600000,0.580000,0.220000
1772473146,774606649,-0.063248,-0.454102,-2.371677,-1.308228,-0.518188,-0.569187,1,0.000000,0.000000,0.110125,0.600000,0.113338,0.600000,0.113338,0.600000,0,5.293915,0.117458,0.102792,0.600000,0.580000,0.220000
1772473146,799569887,-0.065313,-0.456439,-2.357198,-1.301875,-0.517486,-0.555769,1,0.000000,0.000000,0.113338,0.600000,0.116344,0.600000,0.116344,0.600000,0,5.157114,0.120671,0.106004,0.600000,0.580000,0.220000
1772473146,849596874,-0.068763,-0.461837,-2.328489,-1.295831,-0.519612,-0.527060,1,0.000000,0.000000,0.116344,0.600000,0.119959,0.600000,0.119959,0.600000,0,5.001696,0.123677,0.109011,0.600000,0.580000,0.220000
1772473146,874684126,-0.070543,-0.463907,-2.314033,-1.293191,-0.520822,-0.512580,1,0.000000,0.000000,0.119959,0.600000,0.121746,0.600000,0.121746,0.600000,0,4.928277,0.127293,0.112626,0.600000,0.580000,0.220000
1772473146,899627189,-0.071584,-0.466112,-2.299717,-1.287344,-0.520539,-0.497879,1,0.000000,0.000000,0.121746,0.600000,0.125152,0.600000,0.125152,0.600000,0,4.794181,0.129080,0.114413,0.600000,0.580000,0.220000
1772473146,949712088,-0.076844,-0.468986,-2.269949,-1.283342,-0.525001,-0.468111,1,0.000000,0.000000,0.125152,0.600000,0.127282,0.600000,0.127282,0.600000,0,4.713949,0.132485,0.117818,0.600000,0.580000,0.220000
1772473146,974650321,-0.078272,-0.472376,-2.255677,-1.279483,-0.525652,-0.454022,1,0.000000,0.000000,0.127282,0.600000,0.129866,0.600000,0.129866,0.600000,0,4.620161,0.134615,0.119948,0.600000,0.580000,0.220000
1772473146,999736780,-0.079854,-0.474559,-2.240900,-1.272638,-0.527388,-0.442675,1,0.000000,0.000000,0.129866,0.600000,0.130975,0.600000,0.130975,0.600000,0,4.581021,0.137199,0.122532,0.600000,0.580000,0.220000
1772473147,24690223,-0.082044,-0.477763,-2.225888,-1.269023,-0.528799,-0.427663,1,0.000000,0.000000,0.130975,0.600000,0.133116,0.600000,0.133116,0.600000,0,4.507356,0.138309,0.123642,0.600000,0.580000,0.220000
1772473147,74773543,-0.086130,-0.482751,-2.195925,-1.263151,-0.531646,-0.397609,1,0.000000,0.000000,0.133116,0.600000,0.137545,0.600000,0.137545,0.600000,0,4.362221,0.140449,0.125782,0.600000,0.580000,0.220000
1772473147,99796394,-0.088024,-0.485765,-2.182217,-1.258002,-0.532624,-0.382125,1,0.000000,0.000000,0.137545,0.600000,0.140662,0.600000,0.140662,0.600000,0,4.265539,0.144878,0.130211,0.600000,0.580000,0.220000
1772473147,149782683,-0.091245,-0.491170,-2.153474,-1.252005,-0.534533,-0.353381,1,0.000000,0.000000,0.140662,0.600000,0.146545,0.600000,0.146545,0.600000,0,4.094303,0.147996,0.133329,0.600000,0.580000,0.220000
1772473147,174841377,-0.092365,-0.493849,-2.138874,-1.248995,-0.535174,-0.338882,1,0.000000,0.000000,0.146545,0.600000,0.150173,0.600000,0.150173,0.600000,0,3.995393,0.153878,0.139212,0.600000,0.580000,0.220000
1772473147,199823789,-0.094751,-0.496827,-2.123781,-1.242365,-0.540323,-0.325985,1,0.000000,0.000000,0.150173,0.600000,0.147312,0.600000,0.147312,0.600000,0,4.072993,0.157506,0.142840,0.600000,0.580000,0.220000
1772473147,249898574,-0.098598,-0.503033,-2.093765,-1.235452,-0.542675,-0.295968,1,0.000000,0.000000,0.147312,0.600000,0.153610,0.600000,0.153610,0.600000,0,3.905998,0.154645,0.139978,0.600000,0.580000,0.220000
1772473147,274887760,-0.099429,-0.507276,-2.079208,-1.231266,-0.542364,-0.281376,1,0.000000,0.000000,0.153610,0.600000,0.159250,0.600000,0.159250,0.600000,0,3.767668,0.160943,0.146277,0.600000,0.580000,0.220000
1772473147,299913745,-0.099750,-0.511698,-2.064976,-1.230319,-0.537431,-0.266259,1,0.000000,0.000000,0.159250,0.600000,0.166583,0.580000,0.166583,0.580000,0,3.450439,0.166583,0.151916,0.600000,0.580000,0.220000
1772473147,324903535,-0.102252,-0.515174,-2.050208,-1.226367,-0.539083,-0.251492,1,0.000000,0.000000,0.166583,0.580000,0.173916,0.588582,0.173916,0.588582,0,3.384282,0.173916,0.159250,0.600000,0.560000,0.220000
1772473147,374933973,-0.105720,-0.521183,-2.021313,-1.219856,-0.541315,-0.222559,1,0.000000,0.000000,0.173916,0.588582,0.181250,0.583103,0.181250,0.583103,0,3.217127,0.181250,0.166583,0.600000,0.568582,0.220000
1772473147,399944952,-0.106857,-0.524720,-2.007141,-1.219780,-0.547712,-0.207310,1,0.000000,0.000000,0.181250,0.583103,0.179714,0.600000,0.179714,0.600000,0,3.338629,0.188583,0.173916,0.600000,0.563103,0.220000
1772473147,449948419,-0.111287,-0.532542,-1.978006,-1.211157,-0.550250,-0.178174,1,0.000000,0.000000,0.179714,0.600000,0.187048,0.594703,0.187048,0.594703,0,3.179419,0.187048,0.172381,0.600000,0.580000,0.220000
1772473147,474976565,-0.112536,-0.537503,-1.963896,-1.206094,-0.550311,-0.164105,1,0.000000,0.000000,0.187048,0.594703,0.194381,0.593816,0.194381,0.593816,0,3.054908,0.194381,0.179714,0.600000,0.574703,0.220000
1772473147,499972582,-0.114185,-0.541591,-1.949748,-1.203277,-0.550116,-0.151163,1,0.000000,0.000000,0.194381,0.593816,0.201714,0.591492,0.201714,0.591492,0,2.932321,0.201714,0.187048,0.600000,0.573816,0.220000
1772473147,525018040,-0.115892,-0.545578,-1.934652,-1.199007,-0.550879,-0.136068,1,0.000000,0.000000,0.201714,0.591492,0.209048,0.591036,0.209048,0.591036,0,2.827276,0.209048,0.194381,0.600000,0.571492,0.220000
1772473147,575071414,-0.119418,-0.554624,-1.904173,-1.189221,-0.552239,-0.105537,1,0.000000,0.000000,0.209048,0.591036,0.216381,0.571036,0.216381,0.571036,0,2.605186,0.216381,0.201714,0.600000,0.571036,0.220000
1772473147,600051834,-0.119896,-0.560377,-1.890006,-1.177519,-0.550321,-0.089632,1,0.000000,0.000000,0.216381,0.571036,0.220000,0.551036,0.220000,0.551036,0,2.374856,0.220000,0.209048,0.591036,0.551036,0.220000
1772473147,625049680,-0.121547,-0.564904,-1.876563,-1.172736,-0.550898,-0.076190,1,0.000000,0.000000,0.220000,0.551036,0.220000,0.531036,0.220000,0.531036,0,2.275033,0.220000,0.212667,0.571036,0.531036,0.220000
1772473147,675038536,-0.125476,-0.575405,-1.848695,-1.161677,-0.552444,-0.048280,1,0.000000,0.000000,0.220000,0.531036,0.220000,0.511036,0.220000,0.511036,0,2.080554,0.220000,0.212667,0.551036,0.511036,0.220000
1772473147,700062524,-0.126773,-0.579641,-1.835830,-1.159654,-0.557019,-0.033822,1,0.000000,0.000000,0.220000,0.511036,0.220000,0.491036,0.220000,0.491036,0,2.138924,0.220000,0.212667,0.531036,0.491036,0.220000
1772473147,750082430,-0.130215,-0.591441,-1.809724,-1.147379,-0.557665,-0.007716,1,0.000000,0.000000,0.220000,0.491036,0.220000,0.471036,0.220000,0.471036,0,1.922579,0.220000,0.212667,0.511036,0.471036,0.220000
1772473147,775065245,-0.131863,-0.595444,-1.797218,-1.143129,-0.558404,0.004765,1,0.000000,0.000000,0.220000,0.471036,0.220000,0.451036,0.220000,0.451036,0,1.838395,0.220000,0.212667,0.491036,0.451036,0.220000
1772473147,800072452,-0.132407,-0.601410,-1.786383,-1.138487,-0.560362,0.014265,1,0.000000,0.000000,0.220000,0.451036,0.220000,0.431036,0.220000,0.431036,0,1.831268,0.220000,0.212667,0.471036,0.431036,0.220000
1772473147,825101586,-0.133202,-0.608139,-1.775770,-1.131754,-0.559603,0.024878,1,0.000000,0.000000,0.220000,0.431036,0.220000,0.411036,0.220000,0.411036,0,1.699337,0.220000,0.212667,0.451036,0.411036,0.220000
1772473147,875253913,-0.135241,-0.619045,-1.753441,-1.120762,-0.559097,0.047192,1,0.000000,0.000000,0.220000,0.411036,0.220000,0.391036,0.220000,0.391036,0,1.469743,0.220000,0.212667,0.431036,0.391036,0.220000
1772473147,900358085,-0.136401,-0.623963,-1.743569,-1.119627,-0.558805,0.056399,1,0.000000,0.000000,0.220000,0.391036,0.220000,0.371036,0.220000,0.371036,0,1.373976,0.220000,0.212667,0.411036,0.371036,0.220000
1772473147,925497386,-0.136779,-0.629749,-1.734577,-1.113906,-0.557859,0.065391,1,0.000000,0.000000,0.220000,0.371036,0.220000,0.351036,0.220000,0.351036,0,1.249196,0.220000,0.212667,0.391036,0.351036,0.220000
1772473147,975505669,-0.139330,-0.639181,-1.716337,-1.104233,-0.558140,0.083649,1,0.000000,0.000000,0.220000,0.351036,0.220000,0.331036,0.220000,0.331036,0,1.089883,0.220000,0.212667,0.371036,0.331036,0.220000
1772473148,599228,-0.139844,-0.644506,-1.708075,-1.101528,-0.555732,0.092402,1,0.000000,0.000000,0.220000,0.331036,0.220000,0.311036,0.220000,0.311036,0,0.907852,0.220000,0.212667,0.351036,0.311036,0.220000
1772473148,25607578,-0.140052,-0.650825,-1.699225,-1.095327,-0.554495,0.101252,1,0.000000,0.000000,0.220000,0.311036,0.220000,0.291036,0.220000,0.291036,0,0.771912,0.220000,0.212667,0.331036,0.291036,0.220000
1772473148,75757353,-0.140809,-0.662825,-1.683506,-1.083719,-0.552283,0.117028,1,0.000000,0.000000,0.220000,0.291036,0.220000,0.271036,0.220000,0.271036,0,0.529277,0.220000,0.212667,0.311036,0.271036,0.220000
1772473148,100814400,-0.139991,-0.667950,-1.677451,-1.084997,-0.545000,0.124464,1,0.000000,0.000000,0.220000,0.271036,0.220000,0.251036,0.220000,0.251036,0,0.157229,0.220000,0.212667,0.291036,0.251036,0.220000
1772473148,125837825,-0.141410,-0.673844,-1.670142,-1.078934,-0.545032,0.131773,1,0.000000,0.000000,0.220000,0.251036,0.220000,0.231036,0.220000,0.231036,0,0.088860,0.220000,0.212667,0.271036,0.231036,0.220000
1772473148,175901444,-0.142827,-0.684429,-1.659113,-1.068197,-0.544030,0.142677,1,0.000000,0.000000,0.220000,0.231036,0.220000,0.211036,0.220000,0.211036,0,-0.057269,0.220000,0.212667,0.251036,0.211036,0.220000
1772473148,200982478,-0.143720,-0.689177,-1.652965,-1.060904,-0.544805,0.145989,1,0.000000,0.000000,0.220000,0.211036,0.220000,0.191036,0.220000,0.191036,0,-0.058212,0.220000,0.212667,0.231036,0.191036,0.220000
1772473148,226059246,-0.143364,-0.695301,-1.648070,-1.055019,-0.543073,0.150884,1,0.000000,0.000000,0.220000,0.191036,0.212667,0.171036,0.212667,0.171036,0,-0.177485,0.220000,0.212667,0.211036,0.171036,0.220000
1772473148,276082496,-0.143885,-0.707085,-1.639503,-1.043464,-0.541292,0.159483,1,0.000000,0.000000,0.212667,0.171036,0.205333,0.151036,0.205333,0.151036,0,-0.334214,0.220000,0.205333,0.191036,0.151036,0.220000
1772473148,301165749,-0.144666,-0.710721,-1.634152,-1.040570,-0.548741,0.165470,1,0.000000,0.000000,0.205333,0.151036,0.198000,0.131036,0.198000,0.131036,0,-0.078541,0.212667,0.198000,0.171036,0.131036,0.220000
1772473148,326238102,-0.144189,-0.717659,-1.630326,-1.033921,-0.546702,0.169295,1,0.000000,0.000000,0.198000,0.131036,0.190667,0.111036,0.190667,0.111036,0,-0.200791,0.205333,0.190667,0.151036,0.111036,0.220000
1772473148,376217165,-0.145016,-0.728159,-1.624012,-1.023523,-0.545136,0.175761,1,0.000000,0.000000,0.190667,0.111036,0.183333,0.091036,0.183333,0.091036,0,-0.328116,0.198000,0.183333,0.131036,0.091036,0.220000
1772473148,401266752,-0.144693,-0.732796,-1.621156,-1.019373,-0.543948,0.181422,1,0.000000,0.000000,0.183333,0.091036,0.176000,0.071036,0.176000,0.071036,0,-0.430231,0.190667,0.176000,0.111036,0.071036,0.220000
1772473148,426262430,-0.144908,-0.737708,-1.619056,-1.014543,-0.543029,0.183523,1,0.000000,0.000000,0.176000,0.071036,0.168667,0.051036,0.168667,0.051036,0,-0.488824,0.183333,0.168667,0.091036,0.051036,0.220000
1772473148,476387869,-0.145732,-0.746531,-1.615066,-1.005752,-0.541870,0.187503,1,0.000000,0.000000,0.168667,0.051036,0.161333,0.031036,0.161333,0.031036,0,-0.575204,0.176000,0.161333,0.071036,0.031036,0.220000
1772473148,501288762,-0.146563,-0.750084,-1.613559,-1.001856,-0.542942,0.188856,1,0.000000,0.000000,0.161333,0.031036,0.154000,0.011036,0.154000,0.011036,0,-0.543702,0.168667,0.154000,0.051036,0.011036,0.220000
1772473148,551391962,-0.147917,-0.757943,-1.611266,-0.993896,-0.542456,0.191150,1,0.000000,0.000000,0.154000,0.011036,0.146667,-0.008964,0.146667,-0.008964,0,-0.586275,0.161333,0.146667,0.031036,-0.008964,0.220000
1772473148,576382514,-0.146615,-0.763916,-1.611648,-0.988324,-0.539808,0.190711,1,0.000000,0.000000,0.146667,-0.008964,0.139333,-0.028964,0.139333,-0.028964,0,-0.693262,0.154000,0.139333,0.011036,-0.028964,0.220000
1772473148,601446984,-0.147868,-0.766787,-1.610639,-0.984215,-0.540204,0.190706,1,0.000000,0.000000,0.139333,-0.028964,0.132000,-0.048964,0.132000,-0.048964,0,-0.677442,0.146667,0.132000,-0.008964,-0.048964,0.220000
1772473148,626428197,-0.147349,-0.770984,-1.611063,-0.980248,-0.538740,0.190282,1,0.000000,0.000000,0.132000,-0.048964,0.124667,-0.068964,0.124667,-0.068964,0,-0.734903,0.139333,0.124667,-0.028964,-0.068964,0.220000
1772473148,676446083,-0.147286,-0.778670,-1.612354,-0.972521,-0.536996,0.189013,1,0.000000,0.000000,0.124667,-0.068964,0.117333,-0.088964,0.117333,-0.088964,0,-0.796587,0.132000,0.117333,-0.048964,-0.088964,0.220000
1772473148,701468781,-0.146888,-0.781178,-1.614499,-0.965843,-0.537289,0.187226,1,0.000000,0.000000,0.117333,-0.088964,0.124667,-0.095874,0.124667,-0.095874,0,-0.769040,0.124667,0.110000,-0.068964,-0.108964,0.220000
1772473148,726475559,-0.149086,-0.783196,-1.615365,-0.963376,-0.538966,0.186360,1,0.000000,0.000000,0.124667,-0.095874,0.132000,-0.091340,0.132000,-0.091340,0,-0.691968,0.132000,0.117333,-0.075874,-0.115874,0.220000
1772473148,776495893,-0.148005,-0.788770,-1.621313,-0.958197,-0.536638,0.180412,1,0.000000,0.000000,0.132000,-0.091340,0.139333,-0.102406,0.139333,-0.102406,0,-0.734973,0.139333,0.124667,-0.071340,-0.111340,0.220000
1772473148,801575180,-0.147749,-0.793345,-1.623998,-0.953966,-0.535234,0.177990,1,0.000000,0.000000,0.139333,-0.102406,0.146667,-0.113156,0.146667,-0.113156,0,-0.771517,0.146667,0.132000,-0.082406,-0.122406,0.220000
1772473148,826497355,-0.148597,-0.796844,-1.626452,-0.952937,-0.533558,0.179661,1,0.000000,0.000000,0.146667,-0.113156,0.154000,-0.131818,0.154000,-0.131818,0,-0.855959,0.154000,0.139333,-0.093156,-0.133156,0.220000
1772473148,876566082,-0.148950,-0.804379,-1.632185,-0.945527,-0.532144,0.173928,1,0.000000,0.000000,0.154000,-0.131818,0.161333,-0.139210,0.161333,-0.139210,0,-0.862870,0.161333,0.146667,-0.111818,-0.151818,0.220000
1772473148,901552083,-0.148868,-0.807496,-1.635913,-0.942515,-0.531339,0.170199,1,0.000000,0.000000,0.161333,-0.139210,0.168667,-0.145478,0.168667,-0.145478,0,-0.862519,0.168667,0.154000,-0.119210,-0.159210,0.220000
1772473148,926516665,-0.149144,-0.810875,-1.640031,-0.939165,-0.530819,0.166081,1,0.000000,0.000000,0.168667,-0.145478,0.176000,-0.149043,0.176000,-0.149043,0,-0.846838,0.176000,0.161333,-0.125478,-0.165478,0.220000
1772473148,976570890,-0.150235,-0.818997,-1.647026,-0.936302,-0.530409,0.157185,1,0.000000,0.000000,0.176000,-0.149043,0.183333,-0.143610,0.183333,-0.143610,0,-0.783327,0.183333,0.168667,-0.129043,-0.169043,0.220000
1772473149,1662027,-0.149866,-0.823859,-1.650777,-0.931658,-0.528925,0.153434,1,0.000000,0.000000,0.183333,-0.143610,0.190667,-0.154582,0.190667,-0.154582,0,-0.810744,0.190667,0.176000,-0.123610,-0.163610,0.220000
1772473149,26577462,-0.150538,-0.829044,-1.654717,-0.926458,-0.528380,0.149495,1,0.000000,0.000000,0.190667,-0.154582,0.198000,-0.157947,0.198000,-0.157947,0,-0.797710,0.198000,0.183333,-0.134582,-0.174582,0.220000
1772473149,76614885,-0.151444,-0.838280,-1.662770,-0.917263,-0.527125,0.141441,1,0.000000,0.000000,0.198000,-0.157947,0.205333,-0.159457,0.205333,-0.159457,0,-0.776575,0.205333,0.190667,-0.137947,-0.177947,0.220000
1772473149,101588963,-0.151275,-0.841797,-1.667117,-0.913880,-0.526147,0.137094,1,0.000000,0.000000,0.205333,-0.159457,0.212667,-0.165354,0.212667,-0.165354,0,-0.777525,0.212667,0.198000,-0.139457,-0.179457,0.220000
1772473149,126645735,-0.151971,-0.848262,-1.671394,-0.907592,-0.525174,0.132773,1,0.000000,0.000000,0.212667,-0.165354,0.220000,-0.171250,0.220000,-0.171250,0,-0.778407,0.220000,0.205333,-0.145354,-0.185354,0.220000
1772473149,176661419,-0.152684,-0.858394,-1.679821,-0.902450,-0.518909,0.123027,1,0.000000,0.000000,0.220000,-0.171250,0.212667,-0.191250,0.212667,-0.191250,0,-0.948000,0.220000,0.212667,-0.151250,-0.191250,0.220000
1772473149,201687046,-0.153121,-0.863543,-1.683554,-0.897338,-0.518150,0.119294,1,0.000000,0.000000,0.212667,-0.191250,0.220000,-0.207979,0.220000,-0.207979,0,-0.945358,0.220000,0.205333,-0.171250,-0.211250,0.220000
1772473149,226635021,-0.153905,-0.869065,-1.688054,-0.891783,-0.517643,0.114794,1,0.000000,0.000000,0.220000,-0.207979,0.220000,-0.203565,0.220000,-0.203565,0,-0.925293,0.220000,0.212667,-0.187979,-0.227979,0.220000
1772473149,276655042,-0.155296,-0.878771,-1.697356,-0.882018,-0.516765,0.105492,1,0.000000,0.000000,0.220000,-0.203565,0.220000,-0.192906,0.220000,-0.192906,0,-0.876847,0.220000,0.212667,-0.183565,-0.223565,0.220000
1772473149,301737038,-0.155676,-0.885569,-1.703009,-0.875315,-0.515571,0.099839,1,0.000000,0.000000,0.220000,-0.192906,0.220000,-0.192380,0.220000,-0.192380,0,-0.874453,0.220000,0.212667,-0.172906,-0.212906,0.220000
1772473149,326661637,-0.156655,-0.890102,-1.708222,-0.870678,-0.515482,0.094626,1,0.000000,0.000000,0.220000,-0.192380,0.220000,-0.182755,0.220000,-0.182755,0,-0.830706,0.220000,0.212667,-0.172380,-0.212380,0.220000
1772473149,376715830,-0.157284,-0.900366,-1.718025,-0.860553,-0.513684,0.084886,1,0.000000,0.000000,0.220000,-0.182755,0.220000,-0.179495,0.220000,-0.179495,0,-0.815887,0.220000,0.212667,-0.162755,-0.202755,0.220000
1772473149,401782552,-0.157990,-0.906368,-1.722479,-0.854957,-0.510526,0.083530,1,0.000000,0.000000,0.220000,-0.179495,0.213792,-0.199495,0.213792,-0.199495,0,-0.933127,0.220000,0.212667,-0.159495,-0.199495,0.220000
1772473149,426758274,-0.158048,-0.911994,-1.727213,-0.849472,-0.509271,0.078797,1,0.000000,0.000000,0.213792,-0.199495,0.220000,-0.207137,0.220000,-0.207137,0,-0.941531,0.220000,0.206459,-0.179495,-0.219495,0.220000
1772473149,476791395,-0.159910,-0.922258,-1.735873,-0.839057,-0.508690,0.070136,1,0.000000,0.000000,0.220000,-0.207137,0.220000,-0.194991,0.220000,-0.194991,0,-0.886322,0.220000,0.212667,-0.187137,-0.227137,0.220000
1772473149,501862943,-0.161787,-0.929269,-1.739217,-0.831801,-0.508881,0.066792,1,0.000000,0.000000,0.220000,-0.194991,0.220000,-0.186468,0.220000,-0.186468,0,-0.847581,0.220000,0.212667,-0.174991,-0.214991,0.220000
1772473149,526844651,-0.161483,-0.934201,-1.744467,-0.827076,-0.507436,0.061543,1,0.000000,0.000000,0.220000,-0.186468,0.220000,-0.189012,0.220000,-0.189012,0,-0.859148,0.220000,0.212667,-0.166468,-0.206468,0.220000
1772473149,576865806,-0.164213,-0.944985,-1.753272,-0.815953,-0.507577,0.052737,1,0.000000,0.000000,0.220000,-0.189012,0.220000,-0.169987,0.220000,-0.169987,0,-0.772667,0.220000,0.212667,-0.169012,-0.209012,0.220000
1772473149,601906088,-0.164762,-0.950775,-1.758276,-0.810194,-0.506762,0.047733,1,0.000000,0.000000,0.220000,-0.169987,0.220000,-0.167296,0.220000,-0.167296,0,-0.760436,0.220000,0.212667,-0.149987,-0.189987,0.220000
1772473149,626885783,-0.165806,-0.955650,-1.763320,-0.805210,-0.506641,0.042689,1,0.000000,0.000000,0.220000,-0.167296,0.220000,-0.158239,0.220000,-0.158239,0,-0.719270,0.220000,0.212667,-0.147296,-0.187296,0.220000
1772473149,676923266,-0.167594,-0.965303,-1.771347,-0.795406,-0.506130,0.034662,1,0.000000,0.000000,0.220000,-0.158239,0.220000,-0.146679,0.220000,-0.146679,0,-0.666722,0.220000,0.212667,-0.138239,-0.178239,0.220000
1772473149,702022563,-0.168628,-0.972362,-1.774982,-0.788301,-0.505467,0.030972,1,0.000000,0.000000,0.220000,-0.146679,0.220000,-0.145202,0.220000,-0.145202,0,-0.660009,0.220000,0.212667,-0.126679,-0.166679,0.220000
1772473149,726987791,-0.169492,-0.976890,-1.778463,-0.783685,-0.504245,0.025051,1,0.000000,0.000000,0.220000,-0.145202,0.220000,-0.144404,0.220000,-0.144404,0,-0.656380,0.220000,0.212667,-0.125202,-0.165202,0.220000
1772473149,777024853,-0.170741,-0.988133,-1.784699,-0.772458,-0.502867,0.018816,1,0.000000,0.000000,0.220000,-0.144404,0.220000,-0.144274,0.220000,-0.144274,0,-0.655790,0.220000,0.212667,-0.124404,-0.164404,0.220000
1772473149,802159229,-0.172720,-0.992887,-1.787577,-0.767375,-0.503696,0.015937,1,0.000000,0.000000,0.220000,-0.144274,0.220000,-0.130915,0.220000,-0.130915,0,-0.595069,0.220000,0.212667,-0.124274,-0.164274,0.220000
1772473149,827065088,-0.173731,-0.998998,-1.791161,-0.761196,-0.503271,0.012353,1,0.000000,0.000000,0.220000,-0.130915,0.220000,-0.127523,0.220000,-0.127523,0,-0.579650,0.220000,0.212667,-0.110915,-0.150915,0.220000
1772473149,877179650,-0.174930,-1.008724,-1.798358,-0.751456,-0.502194,0.005157,1,0.000000,0.000000,0.220000,-0.127523,0.220000,-0.122794,0.220000,-0.122794,0,-0.558153,0.220000,0.212667,-0.107523,-0.147523,0.220000
1772473149,902200960,-0.176011,-1.015271,-1.801277,-0.744836,-0.501736,0.002238,1,0.000000,0.000000,0.220000,-0.122794,0.220000,-0.121037,0.220000,-0.121037,0,-0.550168,0.220000,0.212667,-0.102794,-0.142794,0.220000
1772473149,927167098,-0.176956,-1.020009,-1.804190,-0.740008,-0.501563,-0.000675,1,0.000000,0.000000,0.220000,-0.121037,0.220000,-0.116733,0.220000,-0.116733,0,-0.530603,0.220000,0.212667,-0.101037,-0.141037,0.220000
1772473149,977270467,-0.179666,-1.030578,-1.809250,-0.729099,-0.501762,-0.005735,1,0.000000,0.000000,0.220000,-0.116733,0.220000,-0.104696,0.220000,-0.104696,0,-0.475891,0.220000,0.212667,-0.096733,-0.136733,0.220000
1772473150,2330900,-0.182163,-1.035593,-1.811619,-0.723643,-0.503035,-0.008104,1,0.000000,0.000000,0.220000,-0.104696,0.220000,-0.088334,0.220000,-0.088334,0,-0.401517,0.220000,0.212667,-0.084696,-0.124696,0.220000
1772473150,27327911,-0.180947,-1.041331,-1.815479,-0.718340,-0.500529,-0.011964,1,0.000000,0.000000,0.220000,-0.088334,0.220000,-0.103385,0.220000,-0.103385,0,-0.469934,0.220000,0.212667,-0.068334,-0.108334,0.220000
1772473150,77409774,-0.184779,-1.053398,-1.819241,-0.706614,-0.497597,-0.019649,1,0.000000,0.000000,0.220000,-0.103385,0.220000,-0.114661,0.220000,-0.114661,0,-0.521186,0.220000,0.212667,-0.083385,-0.123385,0.220000
1772473150,102451718,-0.185549,-1.058897,-1.821246,-0.701084,-0.497099,-0.021654,1,0.000000,0.000000,0.220000,-0.114661,0.220000,-0.115171,0.220000,-0.115171,0,-0.523506,0.220000,0.212667,-0.094661,-0.134661,0.220000
1772473150,127537535,-0.185920,-1.064447,-1.823770,-0.695594,-0.496202,-0.024178,1,0.000000,0.000000,0.220000,-0.115171,0.220000,-0.118294,0.220000,-0.118294,0,-0.537698,0.220000,0.212667,-0.095171,-0.135171,0.220000
1772473150,177545391,-0.190215,-1.074832,-1.829500,-0.684506,-0.498030,-0.029908,1,0.000000,0.000000,0.220000,-0.118294,0.220000,-0.098294,0.220000,-0.098294,0,-0.410116,0.220000,0.212667,-0.098294,-0.138294,0.220000
1772473150,202609472,-0.190502,-1.080497,-1.833028,-0.678923,-0.497024,-0.033435,1,0.000000,0.000000,0.220000,-0.098294,0.220000,-0.092373,0.220000,-0.092373,0,-0.419879,0.220000,0.212667,-0.078294,-0.118294,0.220000
1772473150,227574120,-0.193996,-1.084479,-1.834982,-0.674252,-0.499524,-0.035390,1,0.000000,0.000000,0.220000,-0.092373,0.220000,-0.072373,0.220000,-0.072373,0,-0.298779,0.220000,0.212667,-0.072373,-0.112373,0.220000
1772473150,277662702,-0.196535,-1.095813,-1.838704,-0.662639,-0.499426,-0.039111,1,0.000000,0.000000,0.220000,-0.072373,0.220000,-0.059317,0.220000,-0.059317,0,-0.269621,0.220000,0.212667,-0.052373,-0.092373,0.220000
1772473150,302709002,-0.197298,-1.100825,-1.841048,-0.657679,-0.499171,-0.041221,1,0.000000,0.000000,0.220000,-0.059317,0.220000,-0.057492,0.220000,-0.057492,0,-0.261325,0.220000,0.212667,-0.039317,-0.079317,0.220000
1772473150,327764454,-0.198401,-1.105509,-1.842938,-0.655223,-0.502575,-0.037328,1,0.000000,0.000000,0.220000,-0.057492,0.220000,-0.037492,0.220000,-0.037492,0,-0.156000,0.220000,0.212667,-0.037492,-0.077492,0.220000
1772473150,377847397,-0.200933,-1.116413,-1.844894,-0.644029,-0.502501,-0.039284,1,0.000000,0.000000,0.220000,-0.037492,0.220000,-0.031327,0.220000,-0.031327,0,-0.142396,0.220000,0.212667,-0.017492,-0.057492,0.220000
1772473150,402907015,-0.202704,-1.121492,-1.845859,-0.638677,-0.503041,-0.040248,1,0.000000,0.000000,0.220000,-0.031327,0.220000,-0.024616,0.220000,-0.024616,0,-0.111890,0.220000,0.212667,-0.011327,-0.051327,0.220000
1772473150,427918536,-0.204277,-1.126774,-1.846388,-0.633174,-0.503343,-0.040777,1,0.000000,0.000000,0.220000,-0.024616,0.220000,-0.020963,0.220000,-0.020963,0,-0.095286,0.220000,0.212667,-0.004616,-0.044616,0.220000
1772473150,477951603,-0.206555,-1.136878,-1.848381,-0.622817,-0.503207,-0.042770,1,0.000000,0.000000,0.220000,-0.020963,0.220000,-0.018550,0.220000,-0.018550,0,-0.084317,0.220000,0.212667,-0.000963,-0.040963,0.220000
1772473150,502984185,-0.207953,-1.142542,-1.848862,-0.616983,-0.503249,-0.043251,1,0.000000,0.000000,0.220000,-0.018550,0.220000,-0.017431,0.220000,-0.017431,0,-0.079233,0.220000,0.212667,0.001450,-0.038550,0.220000
1772473150,528008436,-0.209838,-1.147990,-1.848335,-0.611348,-0.503690,-0.042834,1,0.000000,0.000000,0.220000,-0.017431,0.220000,-0.014489,0.220000,-0.014489,0,-0.065860,0.220000,0.212667,0.002569,-0.037431,0.220000
1772473150,578133718,-0.212611,-1.159255,-1.848606,-0.601838,-0.501238,-0.045355,1,0.000000,0.000000,0.220000,-0.014489,0.220000,-0.032206,0.220000,-0.032206,0,-0.146391,0.220000,0.212667,0.005511,-0.034489,0.220000
1772473150,603168863,-0.214044,-1.163786,-1.849051,-0.597098,-0.501588,-0.045801,1,0.000000,0.000000,0.220000,-0.032206,0.220000,-0.028357,0.220000,-0.028357,0,-0.128895,0.220000,0.212667,-0.012206,-0.052206,0.220000
1772473150,628249466,-0.214800,-1.170306,-1.849736,-0.590580,-0.500822,-0.046486,1,0.000000,0.000000,0.220000,-0.028357,0.220000,-0.034337,0.220000,-0.034337,0,-0.156076,0.220000,0.212667,-0.008357,-0.048357,0.220000
1772473150,678303101,-0.218310,-1.181268,-1.850632,-0.579103,-0.501712,-0.047382,1,0.000000,0.000000,0.220000,-0.034337,0.220000,-0.025168,0.220000,-0.025168,0,-0.114402,0.220000,0.212667,-0.014337,-0.054337,0.220000
1772473150,703345024,-0.220105,-1.186848,-1.852212,-0.573261,-0.502174,-0.048962,1,0.000000,0.000000,0.220000,-0.025168,0.220000,-0.018215,0.220000,-0.018215,0,-0.082794,0.220000,0.212667,-0.005168,-0.045168,0.220000
1772473150,728378567,-0.221653,-1.191804,-1.851538,-0.568082,-0.502538,-0.048288,1,0.000000,0.000000,0.220000,-0.018215,0.220000,-0.016621,0.220000,-0.016621,0,-0.075550,0.220000,0.212667,0.001785,-0.038215,0.220000
1772473150,778460614,-0.224763,-1.204748,-1.853160,-0.555025,-0.502613,-0.049781,1,0.000000,0.000000,0.220000,-0.016621,0.220000,-0.014039,0.220000,-0.014039,0,-0.063812,0.220000,0.212667,0.003379,-0.036621,0.220000
1772473150,803503044,-0.226587,-1.209767,-1.853335,-0.553948,-0.503717,-0.047830,1,0.000000,0.000000,0.220000,-0.014039,0.220000,-0.007990,0.220000,-0.007990,0,-0.036316,0.220000,0.212667,0.005961,-0.034039,0.220000
1772473150,828537272,-0.227724,-1.216084,-1.853649,-0.547539,-0.503353,-0.048144,1,0.000000,0.000000,0.220000,-0.007990,0.220000,-0.011260,0.220000,-0.011260,0,-0.051180,0.220000,0.212667,0.012010,-0.027990,0.220000
1772473150,878601298,-0.230113,-1.226874,-1.853768,-0.536490,-0.503168,-0.048263,1,0.000000,0.000000,0.220000,-0.011260,0.220000,-0.013825,0.220000,-0.013825,0,-0.062840,0.220000,0.212667,0.008740,-0.031260,0.220000
1772473150,903669828,-0.232046,-1.232487,-1.853818,-0.530581,-0.503743,-0.048313,1,0.000000,0.000000,0.220000,-0.013825,0.220000,-0.009131,0.220000,-0.009131,0,-0.041506,0.220000,0.212667,0.006175,-0.033825,0.220000
1772473150,928780613,-0.232974,-1.239161,-1.854740,-0.523875,-0.503093,-0.049234,1,0.000000,0.000000,0.220000,-0.009131,0.220000,-0.013990,0.220000,-0.013990,0,-0.063591,0.220000,0.212667,0.010869,-0.029131,0.220000
1772473150,978804535,-0.234473,-1.249755,-1.854981,-0.513222,-0.502087,-0.049476,1,0.000000,0.000000,0.220000,-0.013990,0.220000,-0.024010,0.220000,-0.024010,0,-0.109138,0.220000,0.212667,0.006010,-0.033990,0.220000
1772473151,3850929,-0.238005,-1.253429,-1.855405,-0.508828,-0.504668,-0.049900,1,0.000000,0.000000,0.220000,-0.024010,0.220000,-0.004010,0.220000,-0.004010,0,-0.001190,0.220000,0.212667,-0.004010,-0.044010,0.220000
1772473151,28849080,-0.239766,-1.259529,-1.854623,-0.502504,-0.505260,-0.048952,1,0.000000,0.000000,0.220000,-0.004010,0.220000,0.002341,0.220000,0.002341,0,0.010639,0.220000,0.212667,0.015990,-0.024010,0.220000
1772473151,78970230,-0.242501,-1.268423,-1.857410,-0.493519,-0.510442,-0.049189,1,0.000000,0.000000,0.220000,0.002341,0.212667,0.022341,0.212667,0.022341,0,0.220814,0.220000,0.212667,0.022341,-0.017659,0.220000
1772473151,103971515,-0.243578,-1.272971,-1.857089,-0.488845,-0.510420,-0.048867,1,0.000000,0.000000,0.212667,0.022341,0.205333,0.042341,0.205333,0.042341,0,0.213630,0.220000,0.205333,0.042341,0.002341,0.220000
1772473151,129011013,-0.245008,-1.279067,-1.856209,-0.482584,-0.510375,-0.047987,1,0.000000,0.000000,0.205333,0.042341,0.212667,0.042322,0.212667,0.042322,0,0.199005,0.212667,0.198000,0.062341,0.022341,0.220000
1772473151,179120234,-0.247812,-1.291585,-1.856210,-0.469757,-0.510157,-0.047988,1,0.000000,0.000000,0.212667,0.042322,0.220000,0.039506,0.220000,0.039506,0,0.179572,0.220000,0.205333,0.062322,0.022322,0.220000
1772473151,204190430,-0.248874,-1.293904,-1.855078,-0.467254,-0.510644,-0.046856,1,0.000000,0.000000,0.220000,0.039506,0.220000,0.041188,0.220000,0.041188,0,0.187219,0.220000,0.212667,0.059506,0.019506,0.220000
1772473151,229315992,-0.249651,-1.302698,-1.854468,-0.458524,-0.509331,-0.046246,1,0.000000,0.000000,0.220000,0.041188,0.220000,0.026321,0.220000,0.026321,0,0.119639,0.220000,0.212667,0.061188,0.021188,0.220000
1772473151,279325532,-0.252731,-1.314189,-1.853165,-0.446611,-0.509682,-0.044831,1,0.000000,0.000000,0.220000,0.026321,0.220000,0.024126,0.220000,0.024126,0,0.109664,0.220000,0.212667,0.046321,0.006321,0.220000
1772473151,304389075,-0.253717,-1.320041,-1.852702,-0.440418,-0.510102,-0.042801,1,0.000000,0.000000,0.220000,0.024126,0.220000,0.022476,0.220000,0.022476,0,0.102164,0.220000,0.212667,0.044126,0.004126,0.220000
1772473151,329466510,-0.255416,-1.325054,-1.851970,-0.435145,-0.510566,-0.042069,1,0.000000,0.000000,0.220000,0.022476,0.220000,0.023965,0.220000,0.023965,0,0.108932,0.220000,0.212667,0.042476,0.002476,0.220000
1772473151,379438526,-0.258649,-1.337789,-1.852148,-0.422007,-0.510691,-0.042247,1,0.000000,0.000000,0.220000,0.023965,0.220000,0.022165,0.220000,0.022165,0,0.100749,0.220000,0.212667,0.043965,0.003965,0.220000
1772473151,404533031,-0.260344,-1.342600,-1.851430,-0.416932,-0.511199,-0.041529,1,0.000000,0.000000,0.220000,0.022165,0.220000,0.023953,0.220000,0.023953,0,0.108876,0.220000,0.212667,0.042165,0.002165,0.220000
1772473151,429573219,-0.260851,-1.349078,-1.852500,-0.410518,-0.510157,-0.042599,1,0.000000,0.000000,0.220000,0.023953,0.220000,0.014836,0.220000,0.014836,0,0.067438,0.220000,0.212667,0.043953,0.003953,0.220000
1772473151,454621770,-0.262880,-1.354070,-1.851899,-0.405188,-0.510946,-0.041998,1,0.000000,0.000000,0.220000,0.014836,0.220000,0.019232,0.220000,0.019232,0,0.087420,0.220000,0.212667,0.034836,-0.005164,0.220000
1772473151,504706635,-0.265495,-1.364946,-1.851198,-0.394001,-0.510911,-0.041297,1,0.000000,0.000000,0.220000,0.019232,0.220000,0.014060,0.220000,0.014060,0,0.063908,0.220000,0.212667,0.039232,-0.000768,0.220000
1772473151,529713587,-0.266375,-1.369861,-1.850439,-0.389096,-0.510501,-0.040407,1,0.000000,0.000000,0.220000,0.014060,0.220000,0.006952,0.220000,0.006952,0,0.031600,0.220000,0.212667,0.034060,-0.005940,0.220000
1772473151,579841733,-0.271066,-1.379458,-1.849334,-0.379735,-0.511373,-0.037499,1,0.000000,0.000000,0.220000,0.006952,0.220000,0.005887,0.220000,0.005887,0,0.026758,0.220000,0.212667,0.026952,-0.013048,0.220000
1772473151,604869052,-0.272537,-1.385505,-1.850357,-0.373512,-0.511359,-0.038521,1,0.000000,0.000000,0.220000,0.005887,0.220000,0.005611,0.220000,0.005611,0,0.025504,0.220000,0.212667,0.025887,-0.014113,0.220000
1772473151,629917268,-0.273484,-1.391957,-1.851405,-0.367020,-0.510738,-0.039569,1,0.000000,0.000000,0.220000,0.005611,0.220000,-0.000378,0.220000,-0.000378,0,-0.001719,0.220000,0.212667,0.025611,-0.014389,0.220000
1772473151,679993136,-0.276186,-1.402272,-1.851337,-0.356358,-0.510900,-0.039501,1,0.000000,0.000000,0.220000,-0.000378,0.220000,-0.003254,0.220000,-0.003254,0,-0.014789,0.220000,0.212667,0.019622,-0.020378,0.220000
1772473151,705034375,-0.276965,-1.407450,-1.851557,-0.351144,-0.510420,-0.039721,1,0.000000,0.000000,0.220000,-0.003254,0.220000,-0.009335,0.220000,-0.009335,0,-0.042434,0.220000,0.212667,0.016746,-0.023254,0.220000
1772473151,730133816,-0.279156,-1.413191,-1.851406,-0.345046,-0.511177,-0.039570,1,0.000000,0.000000,0.220000,-0.009335,0.220000,-0.005360,0.220000,-0.005360,0,-0.024362,0.220000,0.212667,0.010665,-0.029335,0.220000
1772473151,780187758,-0.282651,-1.423566,-1.852218,-0.330053,-0.511650,-0.042559,1,0.000000,0.000000,0.220000,-0.005360,0.220000,-0.001967,0.220000,-0.001967,0,-0.008939,0.220000,0.212667,0.014640,-0.025360,0.220000
1772473151,805195274,-0.283057,-1.429139,-1.851914,-0.324542,-0.510726,-0.042255,1,0.000000,0.000000,0.220000,-0.001967,0.220000,-0.013615,0.220000,-0.013615,0,-0.061888,0.220000,0.212667,0.018033,-0.021967,0.220000
1772473151,830290774,-0.284479,-1.433807,-1.852716,-0.319670,-0.511002,-0.043057,1,0.000000,0.000000,0.220000,-0.013615,0.220000,-0.011968,0.220000,-0.011968,0,-0.054402,0.220000,0.212667,0.006385,-0.033615,0.220000
1772473151,880359060,-0.286731,-1.446589,-1.853837,-0.306718,-0.510166,-0.044178,1,0.000000,0.000000,0.220000,-0.011968,0.220000,-0.024172,0.220000,-0.024172,0,-0.109875,0.220000,0.212667,0.008032,-0.031968,0.220000
1772473151,905319429,-0.289412,-1.450559,-1.854004,-0.302227,-0.511832,-0.044345,1,0.000000,0.000000,0.220000,-0.024172,0.220000,-0.011271,0.220000,-0.011271,0,-0.051233,0.220000,0.212667,-0.004172,-0.044172,0.220000
1772473151,930423451,-0.290761,-1.455735,-1.854061,-0.296879,-0.511918,-0.044403,1,0.000000,0.000000,0.220000,-0.011271,0.220000,-0.013447,0.220000,-0.013447,0,-0.061123,0.220000,0.212667,0.008729,-0.031271,0.220000
1772473151,955472419,-0.291439,-1.461642,-1.855007,-0.290979,-0.511179,-0.045348,1,0.000000,0.000000,0.220000,-0.013447,0.220000,-0.021828,0.220000,-0.021828,0,-0.099218,0.220000,0.212667,0.006553,-0.033447,0.220000
1772473152,5537825,-0.296235,-1.470300,-1.855589,-0.281667,-0.514255,-0.045837,1,0.000000,0.000000,0.220000,-0.021828,0.220000,-0.001828,0.220000,-0.001828,0,0.005468,0.220000,0.212667,-0.001828,-0.041828,0.220000
1772473152,30588426,-0.296884,-1.475974,-1.855743,-0.279249,-0.519942,-0.044704,1,0.000000,0.000000,0.220000,-0.001828,0.212667,0.018172,0.212667,0.018172,0,0.222638,0.220000,0.212667,0.018172,-0.021828,0.220000
1772473152,55604979,-0.298273,-1.480946,-1.856118,-0.274089,-0.520109,-0.045078,1,0.000000,0.000000,0.212667,0.018172,0.205333,0.038172,0.205333,0.038172,0,0.217261,0.220000,0.205333,0.038172,-0.001828,0.220000
1772473152,105713986,-0.302542,-1.490885,-1.856719,-0.263420,-0.521890,-0.045679,1,0.000000,0.000000,0.205333,0.038172,0.212667,0.055758,0.212667,0.055758,0,0.262185,0.212667,0.198000,0.058172,0.018172,0.220000
1772473152,130838495,-0.304727,-1.494964,-1.854993,-0.258938,-0.523041,-0.043953,1,0.000000,0.000000,0.212667,0.055758,0.220000,0.061420,0.220000,0.061420,0,0.279181,0.220000,0.205333,0.075758,0.035758,0.220000
1772473152,180909767,-0.307557,-1.504566,-1.853905,-0.248938,-0.523506,-0.042865,1,0.000000,0.000000,0.220000,0.061420,0.220000,0.055787,0.220000,0.055787,0,0.253577,0.220000,0.212667,0.081420,0.041420,0.220000
1772473152,205930988,-0.308309,-1.511078,-1.852477,-0.242434,-0.522686,-0.041437,1,0.000000,0.000000,0.220000,0.055787,0.220000,0.040198,0.220000,0.040198,0,0.182716,0.220000,0.212667,0.075787,0.035787,0.220000
1772473152,231005914,-0.309330,-1.517197,-1.851128,-0.236248,-0.522223,-0.040088,1,0.000000,0.000000,0.220000,0.040198,0.220000,0.028110,0.220000,0.028110,0,0.127771,0.220000,0.212667,0.060198,0.020198,0.220000
1772473152,281074420,-0.314139,-1.526276,-1.848955,-0.224048,-0.528429,-0.040955,1,0.000000,0.000000,0.220000,0.028110,0.212667,0.048110,0.212667,0.048110,0,0.342052,0.220000,0.212667,0.048110,0.008110,0.220000
1772473152,306093581,-0.315072,-1.532026,-1.849276,-0.218240,-0.527986,-0.041276,1,0.000000,0.000000,0.212667,0.048110,0.220000,0.066411,0.220000,0.066411,0,0.301868,0.220000,0.205333,0.068110,0.028110,0.220000
1772473152,331175561,-0.316893,-1.536784,-1.849561,-0.213187,-0.528637,-0.041561,1,0.000000,0.000000,0.220000,0.066411,0.220000,0.067880,0.220000,0.067880,0,0.308545,0.220000,0.212667,0.086411,0.046411,0.220000
1772473152,381245200,-0.320150,-1.548510,-1.847042,-0.201024,-0.529048,-0.039042,1,0.000000,0.000000,0.220000,0.067880,0.220000,0.053966,0.220000,0.053966,0,0.245298,0.220000,0.212667,0.087880,0.047880,0.220000
1772473152,406281933,-0.320263,-1.553663,-1.843922,-0.195989,-0.527947,-0.035922,1,0.000000,0.000000,0.220000,0.053966,0.220000,0.033966,0.220000,0.033966,0,0.146129,0.220000,0.212667,0.073966,0.033966,0.220000
1772473152,431331566,-0.322130,-1.559892,-1.843230,-0.189496,-0.528297,-0.035230,1,0.000000,0.000000,0.220000,0.033966,0.220000,0.026577,0.220000,0.026577,0,0.120806,0.220000,0.212667,0.053966,0.013966,0.220000
1772473152,481436875,-0.324400,-1.570513,-1.841928,-0.178531,-0.528002,-0.033868,1,0.000000,0.000000,0.220000,0.026577,0.220000,0.007808,0.220000,0.007808,0,0.035489,0.220000,0.212667,0.046577,0.006577,0.220000
1772473152,506462203,-0.326088,-1.575413,-1.840923,-0.171928,-0.528402,-0.032066,1,0.000000,0.000000,0.220000,0.007808,0.220000,-0.000681,0.220000,-0.000681,0,-0.003093,0.220000,0.212667,0.027808,-0.012192,0.220000
1772473152,531461672,-0.328314,-1.582960,-1.842511,-0.164069,-0.528785,-0.033653,1,0.000000,0.000000,0.220000,-0.000681,0.220000,-0.004775,0.220000,-0.004775,0,-0.021705,0.220000,0.212667,0.019319,-0.020681,0.220000
1772473152,581499795,-0.330218,-1.592740,-1.842631,-0.154116,-0.528329,-0.033774,1,0.000000,0.000000,0.220000,-0.004775,0.220000,-0.023070,0.220000,-0.023070,0,-0.104865,0.220000,0.212667,0.015225,-0.024775,0.220000
1772473152,606551052,-0.332689,-1.597809,-1.843019,-0.148607,-0.529535,-0.034162,1,0.000000,0.000000,0.220000,-0.023070,0.220000,-0.019906,0.220000,-0.019906,0,-0.090480,0.220000,0.212667,-0.003070,-0.043070,0.220000
1772473152,631668224,-0.334501,-1.602563,-1.842915,-0.143560,-0.530174,-0.034058,1,0.000000,0.000000,0.220000,-0.019906,0.220000,-0.022417,0.220000,-0.022417,0,-0.101894,0.220000,0.212667,0.000094,-0.039906,0.220000
1772473152,681720912,-0.336714,-1.613071,-1.844342,-0.132826,-0.529847,-0.035485,1,0.000000,0.000000,0.220000,-0.022417,0.220000,-0.040859,0.220000,-0.040859,0,-0.185721,0.220000,0.212667,-0.002417,-0.042417,0.220000
1772473152,706698450,-0.338226,-1.618630,-1.844619,-0.127068,-0.530006,-0.035762,1,0.000000,0.000000,0.220000,-0.040859,0.220000,-0.049543,0.220000,-0.049543,0,-0.225196,0.220000,0.212667,-0.020859,-0.060859,0.220000
1772473152,731749981,-0.339684,-1.624477,-1.845537,-0.120877,-0.529803,-0.036649,1,0.000000,0.000000,0.220000,-0.049543,0.220000,-0.061414,0.220000,-0.061414,0,-0.279156,0.220000,0.212667,-0.029543,-0.069543,0.220000
1772473152,781859081,-0.341959,-1.635810,-1.849093,-0.106958,-0.525856,-0.039762,1,0.000000,0.000000,0.220000,-0.061414,0.212667,-0.081414,0.212667,-0.081414,0,-0.544223,0.220000,0.212667,-0.041414,-0.081414,0.220000
1772473152,806897192,-0.342808,-1.642531,-1.850699,-0.100227,-0.525093,-0.041368,1,0.000000,0.000000,0.212667,-0.081414,0.205333,-0.101414,0.205333,-0.101414,0,-0.630560,0.220000,0.205333,-0.061414,-0.101414,0.220000
1772473152,831927862,-0.344729,-1.648630,-1.852598,-0.093846,-0.525518,-0.043268,1,0.000000,0.000000,0.205333,-0.101414,0.198000,-0.121414,0.198000,-0.121414,0,-0.665842,0.212667,0.198000,-0.081414,-0.121414,0.220000
1772473152,881953053,-0.347499,-1.657658,-1.856454,-0.084419,-0.526077,-0.047123,1,0.000000,0.000000,0.198000,-0.121414,0.195671,-0.141414,0.195671,-0.141414,0,-0.722714,0.205333,0.190667,-0.101414,-0.141414,0.220000
1772473152,907006546,-0.348552,-1.662244,-1.858674,-0.079714,-0.526016,-0.049343,1,0.000000,0.000000,0.195671,-0.141414,0.203005,-0.155826,0.203005,-0.155826,0,-0.767597,0.203005,0.188338,-0.121414,-0.161414,0.220000
1772473152,932061973,-0.349289,-1.666305,-1.861637,-0.075595,-0.525774,-0.052306,1,0.000000,0.000000,0.203005,-0.155826,0.210338,-0.169472,0.210338,-0.169472,0,-0.805712,0.210338,0.195671,-0.135826,-0.175826,0.220000
1772473152,982078916,-0.351287,-1.676365,-1.868806,-0.065374,-0.525373,-0.059336,1,0.000000,0.000000,0.210338,-0.169472,0.208328,-0.189472,0.208328,-0.189472,0,-0.909485,0.217671,0.203005,-0.149472,-0.189472,0.220000
1772473153,7110371,-0.352964,-1.680284,-1.872924,-0.061591,-0.526604,-0.061351,1,0.000000,0.000000,0.208328,-0.189472,0.215662,-0.195570,0.215662,-0.195570,0,-0.906835,0.215662,0.200995,-0.169472,-0.209472,0.220000
1772473153,32093576,-0.354297,-1.686455,-1.877943,-0.055280,-0.526427,-0.066370,1,0.000000,0.000000,0.215662,-0.195570,0.220000,-0.214872,0.220000,-0.214872,0,-0.976689,0.220000,0.208328,-0.175570,-0.215570,0.220000
1772473153,82187223,-0.357477,-1.695659,-1.884998,-0.045584,-0.527320,-0.073425,1,0.000000,0.000000,0.220000,-0.214872,0.219042,-0.234872,0.219042,-0.234872,0,-1.072266,0.220000,0.212667,-0.194872,-0.234872,0.220000
1772473153,107151623,-0.359682,-1.700780,-1.889637,-0.040084,-0.528240,-0.078065,1,0.000000,0.000000,0.219042,-0.234872,0.220000,-0.247535,0.220000,-0.247535,0,-1.125160,0.220000,0.211709,-0.214872,-0.254872,0.220000
1772473153,132208543,-0.361556,-1.706426,-1.894479,-0.034154,-0.528715,-0.082906,1,0.000000,0.000000,0.220000,-0.247535,0.219714,-0.267535,0.219714,-0.267535,0,-1.217651,0.220000,0.212667,-0.227535,-0.267535,0.220000
1772473153,182249347,-0.363565,-1.716359,-1.905252,-0.024029,-0.528297,-0.093679,1,0.000000,0.000000,0.219714,-0.267535,0.212381,-0.287535,0.212381,-0.287535,0,-1.453928,0.220000,0.212381,-0.247535,-0.287535,0.220000
1772473153,207226201,-0.365984,-1.721853,-1.912128,-0.018116,-0.529335,-0.100555,1,0.000000,0.000000,0.212381,-0.287535,0.205048,-0.307535,0.205048,-0.307535,0,-1.593897,0.219714,0.205048,-0.267535,-0.307535,0.220000
1772473153,232229708,-0.366861,-1.726722,-1.917672,-0.013277,-0.528871,-0.106085,1,0.000000,0.000000,0.205048,-0.307535,0.197714,-0.327535,0.197714,-0.327535,0,-1.790571,0.212381,0.197714,-0.287535,-0.327535,0.220000
1772473153,257240393,-0.368763,-1.731968,-1.924748,-0.009628,-0.526438,-0.112889,1,0.000000,0.000000,0.197714,-0.327535,0.190381,-0.347535,0.190381,-0.347535,0,-2.015281,0.205048,0.190381,-0.307535,-0.347535,0.220000
1772473153,307287796,-0.372170,-1.741162,-1.938897,0.000113,-0.527551,-0.127037,1,0.000000,0.000000,0.190381,-0.347535,0.183048,-0.367535,0.183048,-0.367535,0,-8.205145,0.197714,0.183048,-0.327535,-0.367535,0.220000
1772473153,332284348,-0.373200,-1.745052,-1.946826,0.004137,-0.527622,-0.134966,1,0.000000,0.000000,0.183048,-0.367535,0.175714,-0.387535,0.175714,-0.387535,0,-8.326629,0.190381,0.175714,-0.347535,-0.387535,0.220000
1772473153,382293760,-0.375948,-1.754890,-1.965190,0.014347,-0.527942,-0.153330,1,0.000000,0.000000,0.175714,-0.387535,0.168381,-0.407535,0.168381,-0.407535,0,-8.548251,0.183048,0.168381,-0.367535,-0.407535,0.220000
1772473153,407258090,-0.378151,-1.759070,-1.974667,0.018931,-0.529083,-0.162808,1,0.000000,0.000000,0.168381,-0.407535,0.161048,-0.427535,0.161048,-0.427535,0,-8.646170,0.175714,0.161048,-0.387535,-0.427535,0.220000
1772473153,432372256,-0.379364,-1.762620,-1.985772,0.022668,-0.529414,-0.173912,1,0.000000,0.000000,0.161048,-0.427535,0.153714,-0.447535,0.153714,-0.447535,0,-8.686678,0.168381,0.153714,-0.407535,-0.447535,0.220000
1772473153,457327954,-0.380249,-1.766503,-1.994643,0.026650,-0.529346,-0.182783,1,0.000000,0.000000,0.153714,-0.447535,0.146381,-0.467535,0.146381,-0.467535,0,-8.721224,0.161048,0.146381,-0.427535,-0.467535,0.220000
1772473153,507306545,-0.384362,-1.773729,-2.015804,0.037168,-0.526891,-0.200751,1,0.000000,0.000000,0.146381,-0.467535,0.139048,-0.487535,0.139048,-0.487535,0,-8.760977,0.153714,0.139048,-0.447535,-0.487535,0.220000
1772473153,532287140,-0.387854,-1.777804,-2.027590,0.041966,-0.529293,-0.212537,1,0.000000,0.000000,0.139048,-0.487535,0.131714,-0.507535,0.131714,-0.507535,0,-8.834856,0.146381,0.131714,-0.467535,-0.507535,0.220000
1772473153,582383715,-0.389511,-1.783429,-2.050963,0.047826,-0.529541,-0.235909,1,0.000000,0.000000,0.131714,-0.507535,0.124381,-0.527535,0.124381,-0.527535,0,-8.847010,0.139048,0.124381,-0.487535,-0.527535,0.220000
1772473153,607506773,-0.391457,-1.787606,-2.065123,0.052349,-0.530419,-0.250070,1,0.000000,0.000000,0.124381,-0.527535,0.117048,-0.547535,0.117048,-0.547535,0,-8.872432,0.131714,0.117048,-0.507535,-0.547535,0.220000
1772473153,632407642,-0.392421,-1.790113,-2.077800,0.055014,-0.530748,-0.262747,1,0.000000,0.000000,0.117048,-0.547535,0.109714,-0.567535,0.109714,-0.567535,0,-8.874677,0.124381,0.109714,-0.527535,-0.567535,0.220000
1772473153,682505172,-0.394533,-1.795613,-2.104826,0.060862,-0.531467,-0.289772,1,0.000000,0.000000,0.109714,-0.567535,0.102381,-0.587535,0.102381,-0.587535,0,-8.879111,0.117048,0.102381,-0.547535,-0.587535,0.220000
1772473153,707538998,-0.395196,-1.798489,-2.119236,0.063813,-0.531415,-0.304182,1,0.000000,0.000000,0.102381,-0.587535,0.095048,-0.600000,0.095048,-0.600000,0,-8.873355,0.109714,0.095048,-0.567535,-0.600000,0.220000
1772473153,732596562,-0.395392,-1.800114,-2.133132,0.065622,-0.531064,-0.317966,1,0.000000,0.000000,0.095048,-0.600000,0.087714,-0.600000,0.087714,-0.600000,0,-8.855203,0.102381,0.087714,-0.580000,-0.600000,0.220000
1772473153,782624212,-0.398158,-1.803508,-2.162778,0.074880,-0.528667,-0.344376,1,0.000000,0.000000,0.087714,-0.600000,0.080381,-0.600000,0.080381,-0.600000,0,-8.841876,0.095048,0.080381,-0.580000,-0.600000,0.220000
1772473153,807697196,-0.400486,-1.806312,-2.178319,0.078168,-0.530237,-0.359917,1,0.000000,0.000000,0.080381,-0.600000,0.073048,-0.600000,0.073048,-0.600000,0,-8.856724,0.087714,0.073048,-0.580000,-0.600000,0.220000
1772473153,832695194,-0.400037,-1.808091,-2.192820,0.079783,-0.529365,-0.374418,1,0.000000,0.000000,0.073048,-0.600000,0.067973,-0.600000,0.067973,-0.600000,0,-8.827011,0.080381,0.065714,-0.580000,-0.600000,0.220000
1772473153,882734146,-0.401711,-1.810662,-2.222127,0.082686,-0.530359,-0.403725,1,0.000000,0.000000,0.067973,-0.600000,0.068185,-0.600000,0.068185,-0.600000,0,-8.799599,0.075307,0.060640,-0.580000,-0.600000,0.220000
1772473153,907803936,-0.401895,-1.811597,-2.237353,0.083637,-0.530308,-0.418951,1,0.000000,0.000000,0.068185,-0.600000,0.068404,-0.600000,0.068404,-0.600000,0,-8.771383,0.075518,0.060852,-0.580000,-0.600000,0.220000
1772473153,932874768,-0.402890,-1.813636,-2.252088,0.085859,-0.530772,-0.433686,1,0.000000,0.000000,0.068404,-0.600000,0.068476,-0.600000,0.068476,-0.600000,0,-8.762164,0.075738,0.061071,-0.580000,-0.600000,0.220000
1772473153,982857286,-0.404671,-1.815579,-2.282083,0.088178,-0.532023,-0.463681,1,0.000000,0.000000,0.068476,-0.600000,0.068751,-0.600000,0.068751,-0.600000,0,-8.727110,0.075810,0.061143,-0.580000,-0.600000,0.220000
1772473154,7937069,-0.405535,-1.816617,-2.296482,0.089500,-0.532386,-0.477987,1,0.000000,0.000000,0.068751,-0.600000,0.068904,-0.600000,0.068904,-0.600000,0,-8.707802,0.076085,0.061418,-0.580000,-0.600000,0.220000
1772473154,32966123,-0.406409,-1.817784,-2.311474,0.093852,-0.526479,-0.490249,1,0.000000,0.000000,0.068904,-0.600000,0.069617,-0.600000,0.069617,-0.600000,0,-8.618633,0.076237,0.061570,-0.580000,-0.600000,0.220000
1772473154,57978387,-0.408744,-1.818983,-2.327171,0.095592,-0.528443,-0.505945,1,0.000000,0.000000,0.069617,-0.600000,0.069563,-0.600000,0.069563,-0.600000,0,-8.625226,0.076950,0.062283,-0.580000,-0.600000,0.220000
1772473154,108037632,-0.409762,-1.821330,-2.356707,0.098119,-0.528848,-0.535482,1,0.000000,0.000000,0.069563,-0.600000,0.070002,-0.600000,0.070002,-0.600000,0,-8.571155,0.076897,0.062230,-0.580000,-0.600000,0.220000
1772473154,133050228,-0.411231,-1.823755,-2.371324,0.100832,-0.529670,-0.550098,1,0.000000,0.000000,0.070002,-0.600000,0.070014,-0.600000,0.070014,-0.600000,0,-8.569682,0.077336,0.062669,-0.580000,-0.600000,0.220000
1772473154,158105240,-0.412084,-1.824597,-2.386617,0.101859,-0.530288,-0.565391,1,0.000000,0.000000,0.070014,-0.600000,0.070222,-0.600000,0.070222,-0.600000,0,-8.544382,0.077348,0.062681,-0.580000,-0.600000,0.220000
1772473154,208163789,-0.412358,-1.826702,-2.416567,0.103966,-0.530032,-0.595342,1,0.000000,0.000000,0.070222,-0.600000,0.070868,-0.600000,0.070868,-0.600000,0,-8.466454,0.077555,0.062888,-0.580000,-0.600000,0.220000
1772473154,233190559,-0.414196,-1.827438,-2.430404,0.105135,-0.531630,-0.609179,1,0.000000,0.000000,0.070868,-0.600000,0.070892,-0.600000,0.070892,-0.600000,0,-8.463573,0.078201,0.063535,-0.580000,-0.600000,0.220000
1772473154,258229261,-0.414556,-1.828870,-2.445250,0.106558,-0.531620,-0.623936,1,0.000000,0.000000,0.070892,-0.600000,0.071177,-0.600000,0.071177,-0.600000,0,-8.429640,0.078225,0.063559,-0.580000,-0.600000,0.220000
1772473154,308341517,-0.417529,-1.830548,-2.475161,0.107614,-0.533990,-0.651691,1,0.000000,0.000000,0.071177,-0.600000,0.071503,-0.600000,0.071503,-0.600000,0,-8.391245,0.078511,0.063844,-0.580000,-0.600000,0.220000
1772473154,333299626,-0.418460,-1.832003,-2.489684,0.109256,-0.534528,-0.666214,1,0.000000,0.000000,0.071503,-0.600000,0.071691,-0.600000,0.071691,-0.600000,0,-8.369199,0.078836,0.064170,-0.580000,-0.600000,0.220000
1772473154,383397803,-0.420389,-1.834666,-2.520009,0.112317,-0.535730,-0.696539,1,0.000000,0.000000,0.071691,-0.600000,0.072127,-0.600000,0.072127,-0.600000,0,-8.318660,0.079025,0.064358,-0.580000,-0.600000,0.220000
1772473154,408450212,-0.423194,-1.835347,-2.535351,0.113532,-0.538275,-0.711784,1,0.000000,0.000000,0.072127,-0.600000,0.072056,-0.600000,0.072056,-0.600000,0,-8.326914,0.079460,0.064794,-0.580000,-0.600000,0.220000
1772473154,433492580,-0.424801,-1.837090,-2.550668,0.112705,-0.539360,-0.725155,1,0.000000,0.000000,0.072056,-0.600000,0.072381,-0.600000,0.072381,-0.600000,0,-8.289465,0.079389,0.064722,-0.580000,-0.600000,0.220000
1772473154,458510701,-0.425090,-1.838208,-2.564884,0.113860,-0.539358,-0.739371,1,0.000000,0.000000,0.072381,-0.600000,0.072734,-0.600000,0.072734,-0.600000,0,-8.249257,0.079714,0.065048,-0.580000,-0.600000,0.220000
1772473154,508550543,-0.428042,-1.839506,-2.595250,0.115860,-0.541887,-0.769737,1,0.000000,0.000000,0.072734,-0.600000,0.073108,-0.600000,0.073108,-0.600000,0,-8.207041,0.080067,0.065400,-0.580000,-0.600000,0.220000
1772473154,533592224,-0.429942,-1.841123,-2.609984,0.118041,-0.543047,-0.784292,1,0.000000,0.000000,0.073108,-0.600000,0.073176,-0.600000,0.073176,-0.600000,0,-8.199411,0.080441,0.065775,-0.580000,-0.600000,0.220000
1772473154,558635402,-0.429958,-1.841136,-2.623961,0.120551,-0.538111,-0.795031,1,0.000000,0.000000,0.073176,-0.600000,0.074230,-0.600000,0.074230,-0.600000,0,-8.082952,0.080509,0.065843,-0.580000,-0.600000,0.220000
1772473154,608695813,-0.433241,-1.843664,-2.654314,0.123834,-0.540639,-0.825385,1,0.000000,0.000000,0.074230,-0.600000,0.074514,-0.600000,0.074514,-0.600000,0,-8.052226,0.081564,0.066897,-0.580000,-0.600000,0.220000
1772473154,633755262,-0.435987,-1.844849,-2.669807,0.125616,-0.542721,-0.840809,1,0.000000,0.000000,0.074514,-0.600000,0.074494,-0.600000,0.074494,-0.600000,0,-8.054352,0.081847,0.067180,-0.580000,-0.600000,0.220000
1772473154,683805076,-0.437858,-1.845512,-2.699027,0.125609,-0.539579,-0.868823,1,0.000000,0.000000,0.074494,-0.600000,0.076327,-0.600000,0.076327,-0.600000,0,-7.860918,0.081827,0.067161,-0.580000,-0.600000,0.220000
1772473154,708863636,-0.439526,-1.846903,-2.714743,0.127381,-0.540834,-0.884539,1,0.000000,0.000000,0.076327,-0.600000,0.076508,-0.600000,0.076508,-0.600000,0,-7.842361,0.083660,0.068994,-0.580000,-0.600000,0.220000
1772473154,733894653,-0.440300,-1.847584,-2.729259,0.128026,-0.541646,-0.899094,1,0.000000,0.000000,0.076508,-0.600000,0.076895,-0.600000,0.076895,-0.600000,0,-7.802852,0.083841,0.069174,-0.580000,-0.600000,0.220000
1772473154,784034760,-0.443187,-1.849224,-2.758846,0.126456,-0.548410,-0.929393,1,0.000000,0.000000,0.076895,-0.600000,0.076941,-0.600000,0.076941,-0.600000,0,-7.798216,0.084228,0.069562,-0.580000,-0.600000,0.220000
1772473154,808979706,-0.444530,-1.850445,-2.774339,0.127979,-0.549396,-0.944886,1,0.000000,0.000000,0.076941,-0.600000,0.077231,-0.600000,0.077231,-0.600000,0,-7.768852,0.084274,0.069607,-0.580000,-0.600000,0.220000
1772473154,834022764,-0.446376,-1.850923,-2.788923,0.129238,-0.551045,-0.959547,1,0.000000,0.000000,0.077231,-0.600000,0.077371,-0.600000,0.077371,-0.600000,0,-7.754825,0.084565,0.069898,-0.580000,-0.600000,0.220000
1772473154,884128512,-0.449502,-1.852308,-2.818864,0.137166,-0.553468,-0.990872,1,0.000000,0.000000,0.077371,-0.600000,0.077253,-0.600000,0.077253,-0.600000,0,-7.766719,0.084705,0.070038,-0.580000,-0.600000,0.220000
1772473154,909153616,-0.449920,-1.851335,-2.833250,0.136331,-0.554119,-1.005258,1,0.000000,0.000000,0.077253,-0.600000,0.077903,-0.600000,0.077903,-0.600000,0,-7.701933,0.084586,0.069919,-0.580000,-0.600000,0.220000
1772473154,934191284,-0.452081,-1.853485,-2.848071,0.139145,-0.555734,-1.019889,1,0.000000,0.000000,0.077903,-0.600000,0.077865,-0.600000,0.077865,-0.600000,0,-7.705613,0.085236,0.070569,-0.580000,-0.600000,0.220000
1772473154,959197857,-0.453847,-1.853945,-2.862534,0.143353,-0.558604,-1.030948,1,0.000000,0.000000,0.077865,-0.600000,0.077206,-0.600000,0.077206,-0.600000,0,-7.771435,0.085199,0.070532,-0.580000,-0.600000,0.220000
1772473155,9379555,-0.457501,-1.854984,-2.893013,0.145298,-0.561866,-1.061427,1,0.000000,0.000000,0.077206,-0.600000,0.077689,-0.600000,0.077689,-0.600000,0,-7.723055,0.084539,0.069872,-0.580000,-0.600000,0.220000
1772473155,34382403,-0.460954,-1.855633,-2.907945,0.146878,-0.564930,-1.076322,1,0.000000,0.000000,0.077689,-0.600000,0.077531,-0.600000,0.077531,-0.600000,0,-7.738877,0.085023,0.070356,-0.580000,-0.600000,0.220000
1772473155,59375959,-0.461651,-1.856121,-2.923132,0.148576,-0.563729,-1.090896,1,0.000000,0.000000,0.077531,-0.600000,0.078294,-0.600000,0.078294,-0.600000,0,-7.663468,0.084864,0.070197,-0.580000,-0.600000,0.220000
1772473155,109534862,-0.464838,-1.857907,-2.952823,0.151126,-0.566346,-1.120586,1,0.000000,0.000000,0.078294,-0.600000,0.078861,-0.600000,0.078861,-0.600000,0,-7.608327,0.085627,0.070960,-0.580000,-0.600000,0.220000
1772473155,134463798,-0.467373,-1.859317,-2.968308,0.153318,-0.568642,-1.136310,1,0.000000,0.000000,0.078861,-0.600000,0.078848,-0.600000,0.078848,-0.600000,0,-7.609567,0.086194,0.071528,-0.580000,-0.600000,0.220000
1772473155,159567581,-0.468753,-1.859741,-2.983065,0.156983,-0.573411,-1.155071,1,0.000000,0.000000,0.078848,-0.600000,0.078253,-0.600000,0.078253,-0.600000,0,-7.667462,0.086181,0.071515,-0.580000,-0.600000,0.220000
1772473155,209641798,-0.471024,-1.858883,-3.011945,0.156731,-0.575825,-1.183952,1,0.000000,0.000000,0.078253,-0.600000,0.079219,-0.600000,0.079219,-0.600000,0,-7.573975,0.085586,0.070919,-0.580000,-0.600000,0.220000
1772473155,234663827,-0.473214,-1.860260,-3.026691,0.158702,-0.577237,-1.198900,1,0.000000,0.000000,0.079219,-0.600000,0.079421,-0.600000,0.079421,-0.600000,0,-7.554640,0.086552,0.071885,-0.580000,-0.600000,0.220000
1772473155,259777561,-0.475849,-1.860979,-3.042898,0.161371,-0.573894,-1.218353,1,0.000000,0.000000,0.079421,-0.600000,0.080937,-0.600000,0.080937,-0.600000,0,-7.413186,0.086755,0.072088,-0.580000,-0.600000,0.220000
1772473155,309815505,-0.478902,-1.860579,-3.072097,0.161751,-0.576950,-1.247552,1,0.000000,0.000000,0.080937,-0.600000,0.081812,-0.600000,0.081812,-0.600000,0,-7.333866,0.088270,0.073604,-0.580000,-0.600000,0.220000
1772473155,334808342,-0.482006,-1.862331,-3.088016,0.164366,-0.579175,-1.263490,1,0.000000,0.000000,0.081812,-0.600000,0.081800,-0.600000,0.081800,-0.600000,0,-7.334936,0.089146,0.074479,-0.580000,-0.600000,0.220000
1772473155,359896681,-0.482613,-1.862288,-3.102291,0.166684,-0.574469,-1.278059,1,0.000000,0.000000,0.081800,-0.600000,0.083623,-0.600000,0.083623,-0.600000,0,-7.175034,0.089134,0.074467,-0.580000,-0.600000,0.220000
1772473155,409993022,-0.487364,-1.861810,-3.131890,0.167413,-0.579188,-1.307658,1,0.000000,0.000000,0.083623,-0.600000,0.084109,-0.600000,0.084109,-0.600000,0,-7.133579,0.090957,0.076290,-0.580000,-0.600000,0.220000
1772473155,434957371,-0.489125,-1.863242,3.135807,0.169464,-0.580242,-1.323134,1,0.000000,0.000000,0.084109,-0.600000,0.084505,-0.600000,0.084505,-0.600000,0,-7.100189,0.091443,0.076776,-0.580000,-0.600000,0.220000
1772473155,460067485,-0.491471,-1.863370,3.120886,0.173785,-0.577795,-1.337866,1,0.000000,0.000000,0.084505,-0.600000,0.085513,-0.600000,0.085513,-0.600000,0,-7.016509,0.091838,0.077171,-0.580000,-0.600000,0.220000
1772473155,510086288,-0.495466,-1.863486,3.090793,0.174899,-0.581632,-1.367959,1,0.000000,0.000000,0.085513,-0.600000,0.086299,-0.600000,0.086299,-0.600000,0,-6.952554,0.092846,0.078179,-0.580000,-0.600000,0.220000
1772473155,535117819,-0.497584,-1.863605,3.075532,0.175385,-0.583758,-1.383272,1,0.000000,0.000000,0.086299,-0.600000,0.086674,-0.600000,0.086674,-0.600000,0,-6.922519,0.093633,0.078966,-0.580000,-0.600000,0.220000
1772473155,560170022,-0.498852,-1.863560,3.061126,0.173190,-0.586630,-1.398476,1,0.000000,0.000000,0.086674,-0.600000,0.087300,-0.600000,0.087300,-0.600000,0,-6.872883,0.094007,0.079340,-0.580000,-0.600000,0.220000
1772473155,610281855,-0.503268,-1.862521,3.031237,0.173288,-0.591166,-1.428365,1,0.000000,0.000000,0.087300,-0.600000,0.088103,-0.600000,0.088103,-0.600000,0,-6.810230,0.094633,0.079966,-0.580000,-0.600000,0.220000
1772473155,635304187,-0.505957,-1.863656,3.016150,0.174935,-0.593221,-1.443235,1,0.000000,0.000000,0.088103,-0.600000,0.088284,-0.600000,0.088284,-0.600000,0,-6.796269,0.095436,0.080769,-0.580000,-0.600000,0.220000
1772473155,660353767,-0.507700,-1.863051,3.001161,0.172896,-0.591048,-1.454945,1,0.000000,0.000000,0.088284,-0.600000,0.090377,-0.600000,0.090377,-0.600000,0,-6.638888,0.095617,0.080950,-0.580000,-0.600000,0.220000
1772473155,710712008,-0.511946,-1.862315,2.971521,0.173261,-0.595341,-1.484585,1,0.000000,0.000000,0.090377,-0.600000,0.091298,-0.600000,0.091298,-0.600000,0,-6.571870,0.097710,0.083043,-0.580000,-0.600000,0.220000
1772473155,735493002,-0.515322,-1.863019,2.956239,0.174692,-0.598543,-1.500028,1,0.000000,0.000000,0.091298,-0.600000,0.091184,-0.600000,0.091184,-0.600000,0,-6.580087,0.098632,0.083965,-0.580000,-0.600000,0.220000
1772473155,760530632,-0.517833,-1.863436,2.941081,0.174162,-0.602540,-1.517554,1,0.000000,0.000000,0.091184,-0.600000,0.091368,-0.600000,0.091368,-0.600000,0,-6.566867,0.098518,0.083851,-0.580000,-0.600000,0.220000
1772473155,810585909,-0.523333,-1.861831,2.910985,0.173989,-0.608266,-1.547650,1,0.000000,0.000000,0.091368,-0.600000,0.091963,-0.600000,0.091963,-0.600000,0,-6.524380,0.098701,0.084034,-0.580000,-0.600000,0.220000
1772473155,835614464,-0.524743,-1.861053,2.896168,0.173629,-0.609851,-1.562342,1,0.000000,0.000000,0.091963,-0.600000,0.092774,-0.600000,0.092774,-0.600000,0,-6.467310,0.099296,0.084629,-0.580000,-0.600000,0.220000
1772473155,860654088,-0.527076,-1.861184,2.881356,0.174919,-0.612434,-1.575310,1,0.000000,0.000000,0.092774,-0.600000,0.092716,-0.600000,0.092716,-0.600000,0,-6.471388,0.100108,0.085441,-0.580000,-0.600000,0.220000
1772473155,910778749,-0.531279,-1.859871,2.851959,0.174712,-0.616833,-1.604707,1,0.000000,0.000000,0.092716,-0.600000,0.093810,-0.600000,0.093810,-0.600000,0,-6.395879,0.100049,0.085382,-0.580000,-0.600000,0.220000
1772473155,935905075,-0.533909,-1.859353,2.837137,0.174746,-0.619562,-1.619363,1,0.000000,0.000000,0.093810,-0.600000,0.094132,-0.600000,0.094132,-0.600000,0,-6.374004,0.101144,0.086477,-0.580000,-0.600000,0.220000
1772473155,960851873,-0.537208,-1.858375,2.822674,0.172864,-0.623736,-1.631575,1,0.000000,0.000000,0.094132,-0.600000,0.094073,-0.600000,0.094073,-0.600000,0,-6.378035,0.101466,0.086799,-0.580000,-0.600000,0.220000
1772473156,10956025,-0.541650,-1.858014,2.791897,0.173649,-0.628123,-1.662353,1,0.000000,0.000000,0.094073,-0.600000,0.095151,-0.600000,0.095151,-0.600000,0,-6.305773,0.101406,0.086740,-0.580000,-0.600000,0.220000
1772473156,35952852,-0.543545,-1.855674,2.777469,0.171861,-0.630102,-1.676704,1,0.000000,0.000000,0.095151,-0.600000,0.096180,-0.600000,0.096180,-0.600000,0,-6.238296,0.102484,0.087818,-0.580000,-0.600000,0.220000
1772473156,61029040,-0.546646,-1.854960,2.761935,0.171824,-0.626564,-1.691101,1,0.000000,0.000000,0.096180,-0.600000,0.099266,-0.600000,0.099266,-0.600000,0,-6.044385,0.103513,0.088847,-0.580000,-0.600000,0.220000
1772473156,111125616,-0.549969,-1.854083,2.732200,0.171829,-0.630000,-1.720836,1,0.000000,0.000000,0.099266,-0.600000,0.101059,-0.600000,0.101059,-0.600000,0,-5.937139,0.106599,0.091932,-0.580000,-0.600000,0.220000
1772473156,136146840,-0.550456,-1.851806,2.717367,0.169434,-0.631012,-1.735621,1,0.000000,0.000000,0.101059,-0.600000,0.102981,-0.600000,0.102981,-0.600000,0,-5.826315,0.108392,0.093725,-0.580000,-0.600000,0.220000
1772473156,161184027,-0.555168,-1.851611,2.701604,0.166019,-0.635015,-1.750717,1,0.000000,0.000000,0.102981,-0.600000,0.103768,-0.600000,0.103768,-0.600000,0,-5.782110,0.110314,0.095648,-0.580000,-0.600000,0.220000
1772473156,211298885,-0.559488,-1.850000,2.672071,0.165574,-0.639604,-1.780250,1,0.000000,0.000000,0.103768,-0.600000,0.105282,-0.600000,0.105282,-0.600000,0,-5.698972,0.111102,0.096435,-0.580000,-0.600000,0.220000
1772473156,236314176,-0.562029,-1.848522,2.657024,0.164935,-0.642123,-1.795105,1,0.000000,0.000000,0.105282,-0.600000,0.106077,-0.600000,0.106077,-0.600000,0,-5.656288,0.112615,0.097949,-0.580000,-0.600000,0.220000
1772473156,261361704,-0.565417,-1.848212,2.641534,0.167443,-0.640967,-1.807865,1,0.000000,0.000000,0.106077,-0.600000,0.107704,-0.600000,0.107704,-0.600000,0,-5.570798,0.113410,0.098743,-0.580000,-0.600000,0.220000
1772473156,311482545,-0.569277,-1.845084,2.611390,0.165426,-0.645508,-1.838010,1,0.000000,0.000000,0.107704,-0.600000,0.110007,-0.600000,0.110007,-0.600000,0,-5.454202,0.115038,0.100371,-0.580000,-0.600000,0.220000
1772473156,336514662,-0.572054,-1.844266,2.596437,0.165520,-0.648386,-1.852902,1,0.000000,0.000000,0.110007,-0.600000,0.110448,-0.600000,0.110448,-0.600000,0,-5.432398,0.117340,0.102674,-0.580000,-0.600000,0.220000
1772473156,361522624,-0.574731,-1.842835,2.581648,0.167061,-0.651129,-1.866861,1,0.000000,0.000000,0.110448,-0.600000,0.110374,-0.600000,0.110374,-0.600000,0,-5.436065,0.117782,0.103115,-0.580000,-0.600000,0.220000
1772473156,411664313,-0.579193,-1.840401,2.552122,0.165875,-0.656071,-1.896387,1,0.000000,0.000000,0.110374,-0.600000,0.112202,-0.600000,0.112202,-0.600000,0,-5.347512,0.117707,0.103041,-0.580000,-0.600000,0.220000
1772473156,436715927,-0.581567,-1.838280,2.536784,0.164248,-0.658856,-1.911630,1,0.000000,0.000000,0.112202,-0.600000,0.113375,-0.600000,0.113375,-0.600000,0,-5.292152,0.119535,0.104868,-0.580000,-0.600000,0.220000
1772473156,461728414,-0.584166,-1.837469,2.521738,0.161502,-0.660773,-1.925413,1,0.000000,0.000000,0.113375,-0.600000,0.115304,-0.600000,0.115304,-0.600000,0,-5.203648,0.120709,0.106042,-0.580000,-0.600000,0.220000
1772473156,511784578,-0.587808,-1.834901,2.491902,0.159978,-0.664960,-1.955250,1,0.000000,0.000000,0.115304,-0.600000,0.118054,-0.600000,0.118054,-0.600000,0,-5.082426,0.122637,0.107970,-0.580000,-0.600000,0.220000
1772473156,536811970,-0.589967,-1.832902,2.477186,0.158614,-0.667393,-1.970115,1,0.000000,0.000000,0.118054,-0.600000,0.119468,-0.600000,0.119468,-0.600000,0,-5.022261,0.125387,0.110721,-0.580000,-0.600000,0.220000
1772473156,561884222,-0.592671,-1.830703,2.462107,0.157169,-0.668149,-1.987257,1,0.000000,0.000000,0.119468,-0.600000,0.122663,-0.600000,0.122663,-0.600000,0,-4.891435,0.126801,0.112135,-0.580000,-0.600000,0.220000
1772473156,611959793,-0.598239,-1.827525,2.430981,0.155548,-0.674351,-2.018382,1,0.000000,0.000000,0.122663,-0.600000,0.124521,-0.600000,0.124521,-0.600000,0,-4.818467,0.129997,0.115330,-0.580000,-0.600000,0.220000
1772473156,636983324,-0.600587,-1.825767,2.416024,0.154758,-0.677091,-2.033162,1,0.000000,0.000000,0.124521,-0.600000,0.125607,-0.600000,0.125607,-0.600000,0,-4.776819,0.131854,0.117188,-0.580000,-0.600000,0.220000
1772473156,662023647,-0.603983,-1.823958,2.400782,0.158025,-0.681054,-2.045932,1,0.000000,0.000000,0.125607,-0.600000,0.123587,-0.600000,0.123587,-0.600000,0,-4.854889,0.132940,0.118273,-0.580000,-0.600000,0.220000
1772473156,712155881,-0.607603,-1.819399,2.370915,0.154576,-0.685744,-2.075798,1,0.000000,0.000000,0.123587,-0.600000,0.127279,-0.600000,0.127279,-0.600000,0,-4.714045,0.130920,0.116253,-0.580000,-0.600000,0.220000
1772473156,737191571,-0.609802,-1.817290,2.355972,0.153089,-0.688455,-2.090809,1,0.000000,0.000000,0.127279,-0.600000,0.128810,-0.600000,0.128810,-0.600000,0,-4.658025,0.134613,0.119946,-0.580000,-0.600000,0.220000
1772473156,762205269,-0.612066,-1.813973,2.340769,0.150063,-0.691989,-2.106934,1,0.000000,0.000000,0.128810,-0.600000,0.130612,-0.600000,0.130612,-0.600000,0,-4.593762,0.136143,0.121477,-0.580000,-0.600000,0.220000
1772473156,812347677,-0.616904,-1.809813,2.310274,0.147314,-0.697746,-2.137430,1,0.000000,0.000000,0.130612,-0.600000,0.133580,-0.600000,0.133580,-0.600000,0,-4.491697,0.137945,0.123279,-0.580000,-0.600000,0.220000
1772473156,837371652,-0.618145,-1.808014,2.295354,0.145716,-0.699464,-2.152176,1,0.000000,0.000000,0.133580,-0.600000,0.136258,-0.600000,0.136258,-0.600000,0,-4.403416,0.140913,0.126246,-0.580000,-0.600000,0.220000
1772473156,862423090,-0.619637,-1.806014,2.280964,0.141719,-0.702095,-2.164284,1,0.000000,0.000000,0.136258,-0.600000,0.138714,-0.600000,0.138714,-0.600000,0,-4.325455,0.143591,0.128925,-0.580000,-0.600000,0.220000
1772473156,912519665,-0.624118,-1.800289,2.251580,0.137379,-0.707928,-2.193667,1,0.000000,0.000000,0.138714,-0.600000,0.142623,-0.600000,0.142623,-0.600000,0,-4.206888,0.146047,0.131380,-0.580000,-0.600000,0.220000
1772473156,937628254,-0.625912,-1.797936,2.236599,0.135675,-0.710454,-2.208393,1,0.000000,0.000000,0.142623,-0.600000,0.144851,-0.600000,0.144851,-0.600000,0,-4.142181,0.149957,0.135290,-0.580000,-0.600000,0.220000
1772473156,962525514,-0.628057,-1.795669,2.220519,0.135288,-0.715476,-2.221021,1,0.000000,0.000000,0.144851,-0.600000,0.142920,-0.600000,0.142920,-0.600000,0,-4.198164,0.152185,0.137518,-0.580000,-0.600000,0.220000
1772473157,12652406,-0.632269,-1.789818,2.190036,0.130778,-0.721100,-2.251504,1,0.000000,0.000000,0.142920,-0.600000,0.147755,-0.600000,0.147755,-0.600000,0,-4.060785,0.150253,0.135586,-0.580000,-0.600000,0.220000
1772473157,37721513,-0.634351,-1.786001,2.175148,0.127726,-0.724437,-2.266474,1,0.000000,0.000000,0.147755,-0.600000,0.150066,-0.600000,0.150066,-0.600000,0,-3.998231,0.155088,0.140421,-0.580000,-0.600000,0.220000
1772473157,62704075,-0.637302,-1.783529,2.159432,0.127035,-0.732021,-2.283266,1,0.000000,0.000000,0.150066,-0.600000,0.146306,-0.600000,0.146306,-0.600000,0,-4.100985,0.157400,0.142733,-0.580000,-0.600000,0.220000
1772473157,112869388,-0.640909,-1.776595,2.129617,0.121313,-0.737345,-2.313081,1,0.000000,0.000000,0.146306,-0.600000,0.152310,-0.600000,0.152310,-0.600000,0,-3.939337,0.153640,0.138973,-0.580000,-0.600000,0.220000
1772473157,137865639,-0.643224,-1.776575,2.115081,0.121889,-0.739882,-2.327526,1,0.000000,0.000000,0.152310,-0.600000,0.153241,-0.600000,0.153241,-0.600000,0,-3.915406,0.159643,0.144977,-0.580000,-0.600000,0.220000
1772473157,162903054,-0.645878,-1.771745,2.100156,0.117657,-0.747795,-2.341217,1,0.000000,0.000000,0.153241,-0.600000,0.150095,-0.600000,0.150095,-0.600000,0,-3.997471,0.160574,0.145907,-0.580000,-0.600000,0.220000
1772473157,213035661,-0.648602,-1.763951,2.070659,0.110876,-0.752505,-2.370715,1,0.000000,0.000000,0.150095,-0.600000,0.157428,-0.598282,0.157428,-0.598282,0,-3.800348,0.157428,0.142762,-0.580000,-0.600000,0.220000
1772473157,238041520,-0.650925,-1.760909,2.054866,0.108744,-0.755962,-2.386477,1,0.000000,0.000000,0.157428,-0.598282,0.159935,-0.600000,0.159935,-0.600000,0,-3.751523,0.164762,0.150095,-0.578282,-0.600000,0.220000
1772473157,263079215,-0.651949,-1.758626,2.039681,0.109208,-0.763009,-2.401239,1,0.000000,0.000000,0.159935,-0.600000,0.154761,-0.600000,0.154761,-0.600000,0,-3.876943,0.167268,0.152602,-0.580000,-0.600000,0.220000
1772473157,313285655,-0.655120,-1.751959,2.009442,0.103636,-0.767851,-2.431478,1,0.000000,0.000000,0.154761,-0.600000,0.162094,-0.599507,0.162094,-0.599507,0,-3.698506,0.162094,0.147428,-0.580000,-0.600000,0.220000
1772473157,338221119,-0.658032,-1.748315,1.993495,0.100897,-0.771777,-2.447838,1,0.000000,0.000000,0.162094,-0.599507,0.164330,-0.600000,0.164330,-0.600000,0,-3.651183,0.169428,0.154761,-0.579507,-0.600000,0.220000
1772473157,363258310,-0.658768,-1.743217,1.978796,0.096032,-0.775765,-2.468171,1,0.000000,0.000000,0.164330,-0.600000,0.169644,-0.600000,0.169644,-0.600000,0,-3.536815,0.171664,0.156997,-0.580000,-0.600000,0.220000
1772473157,413324209,-0.663225,-1.734817,1.948126,0.089095,-0.782269,-2.498840,1,0.000000,0.000000,0.169644,-0.600000,0.176978,-0.599562,0.176978,-0.599562,0,-3.387786,0.176978,0.162311,-0.580000,-0.600000,0.220000
1772473157,438411253,-0.664072,-1.732226,1.933457,0.086453,-0.783886,-2.513597,1,0.000000,0.000000,0.176978,-0.599562,0.183230,-0.600000,0.183230,-0.600000,0,-3.274577,0.184311,0.169644,-0.579562,-0.600000,0.220000
1772473157,463346981,-0.666125,-1.728359,1.918780,0.078247,-0.788526,-2.529475,1,0.000000,0.000000,0.183230,-0.600000,0.189704,-0.600000,0.189704,-0.600000,0,-3.162827,0.190563,0.175896,-0.580000,-0.600000,0.220000
1772473157,513507249,-0.669262,-1.719188,1.888141,0.070213,-0.793948,-2.560114,1,0.000000,0.000000,0.189704,-0.600000,0.197037,-0.582359,0.197037,-0.582359,0,-2.955581,0.197037,0.182370,-0.580000,-0.600000,0.220000
1772473157,538525245,-0.670493,-1.715346,1.873987,0.066668,-0.796336,-2.574246,1,0.000000,0.000000,0.197037,-0.582359,0.204370,-0.584145,0.204370,-0.584145,0,-2.858267,0.204370,0.189704,-0.562359,-0.600000,0.220000
1772473157,563575826,-0.672716,-1.709944,1.859180,0.059884,-0.802579,-2.588759,1,0.000000,0.000000,0.204370,-0.584145,0.211205,-0.600000,0.211205,-0.600000,0,-2.840836,0.211704,0.197037,-0.564145,-0.600000,0.220000
1772473157,613662360,-0.676422,-1.701162,1.830176,0.052377,-0.808451,-2.617764,1,0.000000,0.000000,0.211205,-0.600000,0.218539,-0.584033,0.218539,-0.584033,0,-2.672447,0.218539,0.203872,-0.580000,-0.600000,0.220000
1772473157,638728723,-0.677809,-1.695958,1.815414,0.047560,-0.811308,-2.632391,1,0.000000,0.000000,0.218539,-0.584033,0.220000,-0.564428,0.220000,-0.564428,0,-2.565580,0.220000,0.211205,-0.564033,-0.600000,0.220000
1772473157,663759983,-0.679127,-1.691257,1.800528,0.041287,-0.815911,-2.645473,1,0.000000,0.000000,0.220000,-0.564428,0.220000,-0.552403,0.220000,-0.552403,0,-2.510920,0.220000,0.212667,-0.544428,-0.584428,0.220000
1772473157,713870578,-0.681126,-1.680820,1.771758,0.031744,-0.820587,-2.674243,1,0.000000,0.000000,0.220000,-0.552403,0.220000,-0.532403,0.220000,-0.532403,0,-2.264283,0.220000,0.212667,-0.532403,-0.572403,0.220000
1772473157,738907632,-0.683373,-1.674443,1.757886,0.026114,-0.824592,-2.688223,1,0.000000,0.000000,0.220000,-0.532403,0.220000,-0.512403,0.220000,-0.512403,0,-2.191061,0.220000,0.212667,-0.512403,-0.552403,0.220000
1772473157,764041086,-0.683665,-1.669032,1.744307,0.020023,-0.828435,-2.703268,1,0.000000,0.000000,0.220000,-0.512403,0.220000,-0.492403,0.220000,-0.492403,0,-2.094462,0.220000,0.212667,-0.492403,-0.532403,0.220000
1772473157,814136280,-0.686004,-1.658583,1.717580,0.010551,-0.833427,-2.729996,1,0.000000,0.000000,0.220000,-0.492403,0.220000,-0.472403,0.220000,-0.472403,0,-1.877773,0.220000,0.212667,-0.472403,-0.512403,0.220000
1772473157,839166019,-0.687158,-1.652897,1.704756,0.004951,-0.835981,-2.742778,1,0.000000,0.000000,0.220000,-0.472403,0.220000,-0.452403,0.220000,-0.452403,0,-1.761353,0.220000,0.212667,-0.452403,-0.492403,0.220000
1772473157,864173297,-0.688917,-1.648067,1.692534,-0.004614,-0.838324,-2.754469,1,0.000000,0.000000,0.220000,-0.452403,0.220000,-0.432403,0.220000,-0.432403,0,-1.576613,0.220000,0.212667,-0.432403,-0.472403,0.220000
1772473157,914314509,-0.690116,-1.637109,1.669929,-0.014873,-0.842355,-2.777074,1,0.000000,0.000000,0.220000,-0.432403,0.220000,-0.412403,0.220000,-0.412403,0,-1.345583,0.220000,0.212667,-0.412403,-0.452403,0.220000
1772473157,939325179,-0.690921,-1.631538,1.658909,-0.019969,-0.844331,-2.788041,1,0.000000,0.000000,0.220000,-0.412403,0.220000,-0.392403,0.220000,-0.392403,0,-1.232059,0.220000,0.212667,-0.392403,-0.432403,0.220000
1772473157,964471153,-0.692336,-1.626487,1.647285,-0.023513,-0.843432,-2.798936,1,0.000000,0.000000,0.220000,-0.392403,0.220000,-0.372403,0.220000,-0.372403,0,-1.037167,0.220000,0.212667,-0.372403,-0.412403,0.220000
1772473158,14559980,-0.691957,-1.614712,1.626917,-0.034973,-0.846163,-2.819303,1,0.000000,0.000000,0.220000,-0.372403,0.220000,-0.352403,0.220000,-0.352403,0,-0.755080,0.220000,0.212667,-0.352403,-0.392403,0.220000
1772473158,39704487,-0.692714,-1.609918,1.617711,-0.039611,-0.848110,-2.828367,1,0.000000,0.000000,0.220000,-0.352403,0.220000,-0.332403,0.220000,-0.332403,0,-0.665512,0.220000,0.212667,-0.332403,-0.372403,0.220000
1772473158,64692398,-0.693005,-1.603712,1.609136,-0.047975,-0.849513,-2.835284,1,0.000000,0.000000,0.220000,-0.332403,0.220000,-0.312403,0.220000,-0.312403,0,-0.509319,0.220000,0.212667,-0.312403,-0.352403,0.220000
1772473158,114891668,-0.693442,-1.593720,1.591854,-0.057494,-0.852580,-2.852566,1,0.000000,0.000000,0.220000,-0.312403,0.220000,-0.292403,0.220000,-0.292403,0,-0.302607,0.220000,0.212667,-0.292403,-0.332403,0.220000
1772473158,139888371,-0.693414,-1.587248,1.583390,-0.063980,-0.854031,-2.861056,1,0.000000,0.000000,0.220000,-0.292403,0.220000,-0.272403,0.220000,-0.272403,0,-0.167421,0.220000,0.212667,-0.272403,-0.312403,0.220000
1772473158,164910374,-0.693415,-1.581711,1.576039,-0.072031,-0.852808,-2.868707,1,0.000000,0.000000,0.220000,-0.272403,0.220000,-0.252403,0.220000,-0.252403,0,0.088863,0.220000,0.212667,-0.252403,-0.292403,0.220000
1772473158,215061637,-0.693964,-1.570224,1.561959,-0.082963,-0.856376,-2.882786,1,0.000000,0.000000,0.220000,-0.252403,0.212667,-0.232403,0.212667,-0.232403,0,0.271006,0.220000,0.212667,-0.232403,-0.272403,0.220000
1772473158,240129466,-0.694112,-1.564862,1.554946,-0.088175,-0.858013,-2.889585,1,0.000000,0.000000,0.212667,-0.232403,0.205333,-0.212403,0.205333,-0.212403,0,0.360813,0.220000,0.205333,-0.212403,-0.252403,0.220000
1772473158,265270505,-0.693936,-1.558267,1.549063,-0.095459,-0.860452,-2.893113,1,0.000000,0.000000,0.205333,-0.212403,0.198000,-0.192403,0.198000,-0.192403,0,0.426174,0.212667,0.198000,-0.192403,-0.232403,0.220000
1772473158,315359140,-0.693348,-1.548650,1.535924,-0.104884,-0.862452,-2.906252,1,0.000000,0.000000,0.198000,-0.192403,0.190667,-0.172403,0.190667,-0.172403,0,0.631944,0.205333,0.190667,-0.172403,-0.212403,0.220000
1772473158,340399645,-0.692938,-1.542600,1.531193,-0.111168,-0.863430,-2.910579,1,0.000000,0.000000,0.190667,-0.172403,0.183333,-0.152403,0.183333,-0.152403,0,0.741960,0.198000,0.183333,-0.152403,-0.192403,0.220000
1772473158,365573280,-0.692817,-1.537266,1.527332,-0.119964,-0.862224,-2.910195,1,0.000000,0.000000,0.183333,-0.152403,0.176000,-0.132403,0.176000,-0.132403,0,0.934136,0.190667,0.176000,-0.132403,-0.172403,0.220000
1772473158,415743255,-0.692577,-1.528196,1.518971,-0.128759,-0.864455,-2.918556,1,0.000000,0.000000,0.176000,-0.132403,0.168667,-0.112403,0.168667,-0.112403,0,1.075462,0.183333,0.168667,-0.112403,-0.152403,0.220000
1772473158,440815395,-0.692567,-1.523595,1.515174,-0.133376,-0.865765,-2.922458,1,0.000000,0.000000,0.168667,-0.112403,0.161333,-0.092403,0.161333,-0.092403,0,1.139892,0.176000,0.161333,-0.092403,-0.132403,0.220000
1772473158,465920953,-0.691734,-1.521087,1.512390,-0.137758,-0.866302,-2.926225,1,0.000000,0.000000,0.161333,-0.092403,0.154000,-0.072403,0.154000,-0.072403,0,1.227838,0.168667,0.154000,-0.072403,-0.112403,0.220000
1772473158,516174555,-0.692024,-1.512577,1.508190,-0.145872,-0.868882,-2.930424,1,0.000000,0.000000,0.154000,-0.072403,0.146667,-0.052403,0.146667,-0.052403,0,1.306196,0.161333,0.146667,-0.052403,-0.092403,0.220000
1772473158,541068025,-0.692388,-1.507756,1.506553,-0.150434,-0.870417,-2.932015,1,0.000000,0.000000,0.146667,-0.052403,0.139333,-0.032403,0.139333,-0.032403,0,1.340023,0.154000,0.139333,-0.032403,-0.072403,0.220000
1772473158,566282529,-0.692045,-1.504472,1.504825,-0.153853,-0.869919,-2.933324,1,0.000000,0.000000,0.139333,-0.032403,0.132000,-0.012403,0.132000,-0.012403,0,1.427858,0.146667,0.132000,-0.012403,-0.052403,0.220000
1772473158,616428417,-0.691157,-1.496777,1.500910,-0.161501,-0.871148,-2.937239,1,0.000000,0.000000,0.132000,-0.012403,0.124667,0.007597,0.124667,0.007597,0,1.545521,0.139333,0.124667,0.007597,-0.032403,0.220000
1772473158,641469517,-0.690381,-1.494287,1.500582,-0.163997,-0.871524,-2.937809,1,0.000000,0.000000,0.124667,0.007597,0.117333,0.027597,0.117333,0.027597,0,1.578403,0.132000,0.117333,0.027597,-0.012403,0.220000
1772473158,666587034,-0.690414,-1.490976,1.500575,-0.166278,-0.876091,-2.939788,1,0.000000,0.000000,0.117333,0.027597,0.110000,0.047597,0.110000,0.047597,0,1.464471,0.124667,0.110000,0.047597,0.007597,0.220000
1772473158,716779262,-0.690793,-1.484824,1.502289,-0.172103,-0.878109,-2.938075,1,0.000000,0.000000,0.110000,0.047597,0.102667,0.067597,0.102667,0.067597,0,1.471544,0.117333,0.102667,0.067597,0.027597,0.220000
1772473158,741857557,-0.690082,-1.482652,1.504249,-0.174285,-0.877723,-2.935890,1,0.000000,0.000000,0.102667,0.067597,0.095333,0.087597,0.095333,0.087597,0,1.502826,0.110000,0.095333,0.087597,0.047597,0.220000
1772473158,766977015,-0.690344,-1.480061,1.505479,-0.175947,-0.876540,-2.932974,1,0.000000,0.000000,0.095333,0.087597,0.088000,0.107597,0.088000,0.107597,0,1.548514,0.102667,0.088000,0.107597,0.067597,0.220000
1772473158,791966693,-0.690094,-1.477826,1.507579,-0.178166,-0.876903,-2.930874,1,0.000000,0.000000,0.088000,0.107597,0.082149,0.127597,0.082149,0.127597,0,1.553246,0.095333,0.080667,0.127597,0.087597,0.220000
1772473158,842198376,-0.688818,-1.473386,1.511056,-0.182891,-0.876677,-2.927315,1,0.000000,0.000000,0.082149,0.127597,0.089482,0.143947,0.089482,0.143947,0,1.608663,0.089482,0.074816,0.147597,0.107597,0.220000
1772473158,867330700,-0.689174,-1.471243,1.513787,-0.185622,-0.876153,-2.923984,1,0.000000,0.000000,0.089482,0.143947,0.096816,0.159148,0.096816,0.159148,0,1.643824,0.096816,0.082149,0.163947,0.123947,0.220000
1772473158,892443381,-0.689153,-1.469164,1.517446,-0.187629,-0.876697,-2.920325,1,0.000000,0.000000,0.096816,0.159148,0.104149,0.169175,0.104149,0.169175,0,1.624359,0.104149,0.089482,0.179148,0.139148,0.220000
1772473158,942602408,-0.688699,-1.464650,1.527298,-0.192096,-0.877483,-2.910474,1,0.000000,0.000000,0.104149,0.169175,0.111482,0.176307,0.111482,0.176307,0,1.581481,0.111482,0.096816,0.189175,0.149175,0.220000
1772473158,967785981,-0.688739,-1.462787,1.531558,-0.193740,-0.877641,-2.906501,1,0.000000,0.000000,0.111482,0.176307,0.118816,0.186238,0.118816,0.186238,0,1.567453,0.118816,0.104149,0.196307,0.156307,0.220000
1772473158,992798793,-0.688598,-1.459003,1.535658,-0.196524,-0.876001,-2.904286,1,0.000000,0.000000,0.118816,0.186238,0.124627,0.206238,0.124627,0.206238,0,1.654838,0.126149,0.111482,0.206238,0.166238,0.220000
1772473159,42967077,-0.687975,-1.453793,1.544248,-0.201710,-0.876802,-2.895696,1,0.000000,0.000000,0.124627,0.206238,0.131961,0.215704,0.131961,0.215704,0,1.634612,0.131961,0.117294,0.226238,0.186238,0.220000
1772473159,68086727,-0.688973,-1.449992,1.548546,-0.205102,-0.878786,-2.891398,1,0.000000,0.000000,0.131961,0.215704,0.139294,0.219940,0.139294,0.219940,0,1.578961,0.139294,0.124627,0.235704,0.195704,0.220000
1772473159,93147662,-0.688168,-1.448079,1.553919,-0.207161,-0.878525,-2.886025,1,0.000000,0.000000,0.139294,0.219940,0.146627,0.230915,0.146627,0.230915,0,1.574847,0.146627,0.131961,0.239940,0.199940,0.220000
1772473159,143392238,-0.688379,-1.440758,1.565294,-0.210779,-0.883979,-2.874421,1,0.000000,0.000000,0.146627,0.230915,0.153961,0.210915,0.153961,0.210915,0,1.328064,0.153961,0.139294,0.250915,0.210915,0.220000
1772473159,168512089,-0.689020,-1.437881,1.570463,-0.213377,-0.885371,-2.869252,1,0.000000,0.000000,0.153961,0.210915,0.161294,0.205336,0.161294,0.205336,0,1.273053,0.161294,0.146627,0.230915,0.190915,0.220000
1772473159,193577775,-0.689304,-1.433454,1.576384,-0.217564,-0.886837,-2.863331,1,0.000000,0.000000,0.161294,0.205336,0.168627,0.208266,0.168627,0.208266,0,1.235070,0.168627,0.153961,0.225336,0.185336,0.220000
1772473159,243743394,-0.687687,-1.425685,1.587021,-0.225481,-0.887373,-2.852694,1,0.000000,0.000000,0.168627,0.208266,0.175961,0.220256,0.175961,0.220256,0,1.251737,0.175961,0.161294,0.228266,0.188266,0.220000
1772473159,268866859,-0.689066,-1.420298,1.591269,-0.230298,-0.890151,-2.848446,1,0.000000,0.000000,0.175961,0.220256,0.183294,0.218160,0.183294,0.218160,0,1.190219,0.183294,0.168627,0.240256,0.200256,0.220000
1772473159,293989025,-0.689448,-1.416345,1.596174,-0.234002,-0.891583,-2.843541,1,0.000000,0.000000,0.183294,0.218160,0.190627,0.220067,0.190627,0.220067,0,1.154436,0.190627,0.175961,0.238160,0.198160,0.220000
1772473159,344095417,-0.689892,-1.406973,1.606396,-0.245120,-0.889605,-2.830707,1,0.000000,0.000000,0.190627,0.220067,0.184846,0.240067,0.184846,0.240067,0,1.298740,0.197961,0.183294,0.240067,0.200067,0.220000
1772473159,369282967,-0.689056,-1.402578,1.612602,-0.249577,-0.889995,-2.824502,1,0.000000,0.000000,0.184846,0.240067,0.192179,0.250380,0.192179,0.250380,0,1.302846,0.192179,0.177513,0.260067,0.220067,0.220000
1772473159,394304068,-0.689740,-1.398842,1.617749,-0.252986,-0.891668,-2.819355,1,0.000000,0.000000,0.192179,0.250380,0.199513,0.249582,0.199513,0.249582,0,1.250958,0.199513,0.184846,0.270380,0.230380,0.220000
1772473159,444442748,-0.690839,-1.387795,1.628311,-0.263318,-0.895729,-2.808792,1,0.000000,0.000000,0.199513,0.249582,0.206846,0.243403,0.206846,0.243403,0,1.176737,0.206846,0.192179,0.269582,0.229582,0.220000
1772473159,469467141,-0.690031,-1.383309,1.634206,-0.267856,-0.896171,-2.802898,1,0.000000,0.000000,0.206846,0.243403,0.214179,0.253370,0.214179,0.253370,0,1.182980,0.214179,0.199513,0.263403,0.223403,0.220000
1772473159,494642545,-0.690604,-1.377869,1.640301,-0.272934,-0.898201,-2.796802,1,0.000000,0.000000,0.214179,0.253370,0.220000,0.250148,0.220000,0.250148,0,1.137037,0.220000,0.206846,0.273370,0.233370,0.220000
1772473159,544780495,-0.691225,-1.367233,1.653123,-0.283001,-0.901690,-2.783980,1,0.000000,0.000000,0.220000,0.250148,0.220000,0.233035,0.220000,0.233035,0,1.059250,0.220000,0.212667,0.270148,0.230148,0.220000
1772473159,569808971,-0.693232,-1.362768,1.658867,-0.286753,-0.904834,-2.778236,1,0.000000,0.000000,0.220000,0.233035,0.220000,0.213035,0.220000,0.213035,0,0.952244,0.220000,0.212667,0.253035,0.213035,0.220000
1772473159,594980456,-0.692664,-1.357358,1.664884,-0.292114,-0.905758,-2.772219,1,0.000000,0.000000,0.220000,0.213035,0.220000,0.209695,0.220000,0.209695,0,0.953158,0.220000,0.212667,0.233035,0.193035,0.220000
1772473159,645088472,-0.693376,-1.344448,1.674028,-0.304307,-0.909866,-2.763800,1,0.000000,0.000000,0.220000,0.209695,0.220000,0.204052,0.220000,0.204052,0,0.927508,0.220000,0.212667,0.229695,0.189695,0.220000
1772473159,670089524,-0.693341,-1.340993,1.678622,-0.307441,-0.910233,-2.763511,1,0.000000,0.000000,0.220000,0.204052,0.220000,0.212030,0.220000,0.212030,0,0.963771,0.220000,0.212667,0.224052,0.184052,0.220000
1772473159,695154558,-0.695251,-1.333976,1.683028,-0.313693,-0.913946,-2.759104,1,0.000000,0.000000,0.220000,0.212030,0.220000,0.195669,0.220000,0.195669,0,0.889402,0.220000,0.212667,0.232030,0.192030,0.220000
1772473159,745422369,-0.696523,-1.322177,1.693492,-0.324725,-0.918322,-2.748641,1,0.000000,0.000000,0.220000,0.195669,0.220000,0.179450,0.220000,0.179450,0,0.815683,0.220000,0.212667,0.215669,0.175669,0.220000
1772473159,770412929,-0.697629,-1.317480,1.697899,-0.328956,-0.920642,-2.744233,1,0.000000,0.000000,0.220000,0.179450,0.220000,0.167138,0.220000,0.167138,0,0.759716,0.220000,0.212667,0.199450,0.159450,0.220000
1772473159,795441698,-0.698019,-1.312243,1.702710,-0.333898,-0.922416,-2.739423,1,0.000000,0.000000,0.220000,0.167138,0.220000,0.161170,0.220000,0.161170,0,0.732589,0.220000,0.212667,0.187138,0.147138,0.220000
1772473159,845623480,-0.700008,-1.301123,1.710250,-0.344084,-0.927302,-2.731883,1,0.000000,0.000000,0.220000,0.161170,0.220000,0.143435,0.220000,0.143435,0,0.651975,0.220000,0.212667,0.181170,0.141170,0.220000
1772473159,870677122,-0.700905,-1.295778,1.713898,-0.348995,-0.929594,-2.728235,1,0.000000,0.000000,0.220000,0.143435,0.220000,0.135390,0.220000,0.135390,0,0.615411,0.220000,0.212667,0.163435,0.123435,0.220000
1772473159,895710867,-0.701582,-1.291154,1.717220,-0.353271,-0.931480,-2.724913,1,0.000000,0.000000,0.220000,0.135390,0.220000,0.129002,0.220000,0.129002,0,0.586372,0.220000,0.212667,0.155390,0.115390,0.220000
1772473159,945928196,-0.703083,-1.279975,1.723343,-0.363643,-0.935911,-2.718789,1,0.000000,0.000000,0.220000,0.129002,0.220000,0.118592,0.220000,0.118592,0,0.539055,0.220000,0.212667,0.149002,0.109002,0.220000
1772473159,970944733,-0.704656,-1.274029,1.726033,-0.368954,-0.939014,-2.716099,1,0.000000,0.000000,0.220000,0.118592,0.220000,0.107236,0.220000,0.107236,0,0.487437,0.220000,0.212667,0.138592,0.098592,0.220000
1772473159,995958226,-0.704767,-1.267457,1.729575,-0.375257,-0.940876,-2.712557,1,0.000000,0.000000,0.220000,0.107236,0.220000,0.108193,0.220000,0.108193,0,0.491784,0.220000,0.212667,0.127236,0.087236,0.220000
1772473160,46075732,-0.707123,-1.257615,1.734674,-0.384114,-0.945774,-2.707458,1,0.000000,0.000000,0.220000,0.108193,0.220000,0.090368,0.220000,0.090368,0,0.410764,0.220000,0.212667,0.128193,0.088193,0.220000
1772473160,71184203,-0.707219,-1.252263,1.737420,-0.389709,-0.947219,-2.704998,1,0.000000,0.000000,0.220000,0.090368,0.220000,0.094335,0.220000,0.094335,0,0.428796,0.220000,0.212667,0.110368,0.070368,0.220000
1772473160,96248301,-0.708868,-1.247454,1.738875,-0.397200,-0.949543,-2.705565,1,0.000000,0.000000,0.220000,0.094335,0.220000,0.104141,0.220000,0.104141,0,0.473367,0.220000,0.212667,0.114335,0.074335,0.220000
1772473160,146280566,-0.710939,-1.236484,1.743889,-0.407230,-0.954445,-2.700551,1,0.000000,0.000000,0.220000,0.104141,0.220000,0.090935,0.220000,0.090935,0,0.413339,0.220000,0.212667,0.124141,0.084141,0.220000
1772473160,171423834,-0.710984,-1.230505,1.746071,-0.412983,-0.956071,-2.698369,1,0.000000,0.000000,0.220000,0.090935,0.220000,0.094601,0.220000,0.094601,0,0.430006,0.220000,0.212667,0.110935,0.070935,0.220000
1772473160,196452548,-0.712036,-1.224796,1.748887,-0.418210,-0.958598,-2.695553,1,0.000000,0.000000,0.220000,0.094601,0.220000,0.087578,0.220000,0.087578,0,0.398083,0.220000,0.212667,0.114601,0.074601,0.220000
1772473160,246543276,-0.715076,-1.214033,1.753188,-0.427784,-0.964378,-2.691252,1,0.000000,0.000000,0.220000,0.087578,0.220000,0.067578,0.220000,0.067578,0,0.304108,0.220000,0.212667,0.107578,0.067578,0.220000
1772473160,271714556,-0.715537,-1.208387,1.755518,-0.433107,-0.966318,-2.688922,1,0.000000,0.000000,0.220000,0.067578,0.220000,0.066129,0.220000,0.066129,0,0.300585,0.220000,0.212667,0.087578,0.047578,0.220000
1772473160,296655371,-0.716701,-1.203138,1.757098,-0.437860,-0.968830,-2.687342,1,0.000000,0.000000,0.220000,0.066129,0.220000,0.059979,0.220000,0.059979,0,0.272634,0.220000,0.212667,0.086129,0.046129,0.220000
1772473160,346760879,-0.719273,-1.192406,1.760832,-0.448245,-0.974054,-2.683205,1,0.000000,0.000000,0.220000,0.059979,0.220000,0.047425,0.220000,0.047425,0,0.215568,0.220000,0.212667,0.079979,0.039979,0.220000
1772473160,371856124,-0.718903,-1.188020,1.762714,-0.452572,-0.974859,-2.681323,1,0.000000,0.000000,0.220000,0.047425,0.220000,0.053264,0.220000,0.053264,0,0.242111,0.220000,0.212667,0.067425,0.027425,0.220000
1772473160,396916845,-0.720374,-1.182195,1.763953,-0.457798,-0.977822,-2.680085,1,0.000000,0.000000,0.220000,0.053264,0.220000,0.045917,0.220000,0.045917,0,0.208712,0.220000,0.212667,0.073264,0.033264,0.220000
1772473160,446991061,-0.722608,-1.170734,1.766119,-0.468257,-0.983015,-2.677918,1,0.000000,0.000000,0.220000,0.045917,0.220000,0.037997,0.220000,0.037997,0,0.172713,0.220000,0.212667,0.065917,0.025917,0.220000
1772473160,472047289,-0.723829,-1.166071,1.767922,-0.472429,-0.985428,-2.676116,1,0.000000,0.000000,0.220000,0.037997,0.220000,0.030147,0.220000,0.030147,0,0.137031,0.220000,0.212667,0.057997,0.017997,0.220000
1772473160,497083966,-0.725241,-1.159298,1.768767,-0.478585,-0.988586,-2.675271,1,0.000000,0.000000,0.220000,0.030147,0.220000,0.025575,0.220000,0.025575,0,0.116249,0.220000,0.212667,0.050147,0.010147,0.220000
1772473160,547224930,-0.728239,-1.149378,1.770242,-0.487466,-0.994453,-2.673717,1,0.000000,0.000000,0.220000,0.025575,0.220000,0.007528,0.220000,0.007528,0,0.034219,0.220000,0.212667,0.045575,0.005575,0.220000
1772473160,572279938,-0.728523,-1.145147,1.771456,-0.492486,-0.999050,-2.671782,1,0.000000,0.000000,0.220000,0.007528,0.220000,-0.012472,0.220000,-0.012472,0,-0.069697,0.220000,0.212667,0.027528,-0.012472,0.220000
1772473160,597324500,-0.729997,-1.139375,1.771911,-0.497659,-1.002006,-2.671328,1,0.000000,0.000000,0.220000,-0.012472,0.220000,-0.021061,0.220000,-0.021061,0,-0.095731,0.220000,0.212667,0.007528,-0.032472,0.220000
1772473160,647422995,-0.732334,-1.128318,1.772086,-0.507696,-1.007199,-2.671153,1,0.000000,0.000000,0.220000,-0.021061,0.220000,-0.026197,0.220000,-0.026197,0,-0.119078,0.220000,0.212667,-0.001061,-0.041061,0.220000
1772473160,672426650,-0.733255,-1.121838,1.771766,-0.513698,-1.009810,-2.671472,1,0.000000,0.000000,0.220000,-0.026197,0.220000,-0.024269,0.220000,-0.024269,0,-0.110313,0.220000,0.212667,-0.006197,-0.046197,0.220000
1772473160,697480821,-0.735409,-1.117148,1.770393,-0.517646,-1.013133,-2.672845,1,0.000000,0.000000,0.220000,-0.024269,0.220000,-0.033908,0.220000,-0.033908,0,-0.154126,0.220000,0.212667,-0.004269,-0.044269,0.220000
1772473160,747583686,-0.736495,-1.106123,1.770481,-0.527986,-1.017113,-2.672757,1,0.000000,0.000000,0.220000,-0.033908,0.220000,-0.027450,0.220000,-0.027450,0,-0.124773,0.220000,0.212667,-0.013908,-0.053908,0.220000
1772473160,772736788,-0.738520,-1.100860,1.770611,-0.532384,-1.020172,-2.672734,1,0.000000,0.000000,0.220000,-0.027450,0.220000,-0.035917,0.220000,-0.035917,0,-0.163260,0.220000,0.212667,-0.007450,-0.047450,0.220000
1772473160,797658714,-0.739842,-1.095109,1.770520,-0.536241,-1.020113,-2.673873,1,0.000000,0.000000,0.220000,-0.035917,0.220000,-0.018385,0.220000,-0.018385,0,-0.083567,0.220000,0.212667,-0.015917,-0.055917,0.220000
1772473160,847844224,-0.741896,-1.084328,1.769304,-0.546093,-1.024949,-2.675089,1,0.000000,0.000000,0.220000,-0.018385,0.220000,-0.018015,0.220000,-0.018015,0,-0.081886,0.220000,0.212667,0.001615,-0.038385,0.220000
1772473160,872863436,-0.743697,-1.079631,1.768275,-0.550146,-1.027929,-2.676118,1,0.000000,0.000000,0.220000,-0.018015,0.220000,-0.024937,0.220000,-0.024937,0,-0.113351,0.220000,0.212667,0.001985,-0.038015,0.220000
1772473160,897887451,-0.745085,-1.074362,1.767087,-0.554860,-1.030663,-2.677305,1,0.000000,0.000000,0.220000,-0.024937,0.220000,-0.026930,0.220000,-0.026930,0,-0.122411,0.220000,0.212667,-0.004937,-0.044937,0.220000
1772473160,947982309,-0.747164,-1.063041,1.766967,-0.565225,-1.035665,-2.677425,1,0.000000,0.000000,0.220000,-0.026930,0.220000,-0.027899,0.220000,-0.027899,0,-0.126815,0.220000,0.212667,-0.006930,-0.046930,0.220000
1772473160,973079607,-0.747778,-1.058284,1.767562,-0.569651,-1.037518,-2.676830,1,0.000000,0.000000,0.220000,-0.027899,0.220000,-0.027205,0.220000,-0.027205,0,-0.123658,0.220000,0.212667,-0.007899,-0.047899,0.220000
1772473160,998071036,-0.750427,-1.052574,1.766953,-0.574456,-1.041584,-2.677440,1,0.000000,0.000000,0.220000,-0.027205,0.220000,-0.040820,0.220000,-0.040820,0,-0.185544,0.220000,0.212667,-0.007205,-0.047205,0.220000
1772473161,48238574,-0.753069,-1.042129,1.766026,-0.584294,-1.047960,-2.679651,1,0.000000,0.000000,0.220000,-0.040820,0.220000,-0.050572,0.220000,-0.050572,0,-0.229874,0.220000,0.212667,-0.020820,-0.060820,0.220000
1772473161,73256536,-0.754862,-1.036458,1.765234,-0.589292,-1.051185,-2.680444,1,0.000000,0.000000,0.220000,-0.050572,0.220000,-0.056011,0.220000,-0.056011,0,-0.254595,0.220000,0.212667,-0.030572,-0.070572,0.220000
1772473161,98307745,-0.755384,-1.030861,1.765110,-0.594554,-1.053163,-2.680568,1,0.000000,0.000000,0.220000,-0.056011,0.220000,-0.051478,0.220000,-0.051478,0,-0.233991,0.220000,0.212667,-0.036011,-0.076011,0.220000
1772473161,148402292,-0.757404,-1.020965,1.763557,-0.603567,-1.057720,-2.682120,1,0.000000,0.000000,0.220000,-0.051478,0.220000,-0.050500,0.220000,-0.050500,0,-0.229544,0.220000,0.212667,-0.031478,-0.071478,0.220000
1772473161,173472305,-0.759515,-1.015033,1.762813,-0.608734,-1.061320,-2.682864,1,0.000000,0.000000,0.220000,-0.050500,0.220000,-0.058256,0.220000,-0.058256,0,-0.264798,0.220000,0.212667,-0.030500,-0.070500,0.220000
1772473161,198545277,-0.759610,-1.009515,1.762224,-0.614032,-1.062866,-2.683454,1,0.000000,0.000000,0.220000,-0.058256,0.220000,-0.048895,0.220000,-0.048895,0,-0.222250,0.220000,0.212667,-0.038256,-0.078256,0.220000
1772473161,248635494,-0.762540,-0.999148,1.760639,-0.623260,-1.068425,-2.685038,1,0.000000,0.000000,0.220000,-0.048895,0.220000,-0.054852,0.220000,-0.054852,0,-0.249326,0.220000,0.212667,-0.028895,-0.068895,0.220000
1772473161,273669865,-0.763639,-0.993877,1.759634,-0.628159,-1.070810,-2.686355,1,0.000000,0.000000,0.220000,-0.054852,0.220000,-0.052355,0.220000,-0.052355,0,-0.237978,0.220000,0.212667,-0.034852,-0.074852,0.220000
1772473161,298718213,-0.764868,-0.988081,1.758571,-0.634672,-1.072749,-2.691077,1,0.000000,0.000000,0.220000,-0.052355,0.220000,-0.032970,0.220000,-0.032970,0,-0.149862,0.220000,0.212667,-0.032355,-0.072355,0.220000
1772473161,348801101,-0.766675,-0.977591,1.757429,-0.644332,-1.077218,-2.692219,1,0.000000,0.000000,0.220000,-0.032970,0.220000,-0.028724,0.220000,-0.028724,0,-0.130562,0.220000,0.212667,-0.012970,-0.052970,0.220000
1772473161,373840071,-0.768810,-0.972543,1.756657,-0.648652,-1.080591,-2.692991,1,0.000000,0.000000,0.220000,-0.028724,0.220000,-0.037442,0.220000,-0.037442,0,-0.170190,0.220000,0.212667,-0.008724,-0.048724,0.220000
1772473161,398893668,-0.769319,-0.967357,1.756994,-0.653529,-1.082430,-2.692654,1,0.000000,0.000000,0.220000,-0.037442,0.220000,-0.033588,0.220000,-0.033588,0,-0.152671,0.220000,0.212667,-0.017442,-0.057442,0.220000
1772473161,448966852,-0.771587,-0.955729,1.755701,-0.664168,-1.087640,-2.693947,1,0.000000,0.000000,0.220000,-0.033588,0.220000,-0.030695,0.220000,-0.030695,0,-0.139521,0.220000,0.212667,-0.013588,-0.053588,0.220000
1772473161,474085940,-0.772526,-0.951604,1.755208,-0.667909,-1.089617,-2.694440,1,0.000000,0.000000,0.220000,-0.030695,0.220000,-0.030735,0.220000,-0.030735,0,-0.139706,0.220000,0.212667,-0.010695,-0.050695,0.220000
1772473161,499181958,-0.772514,-0.946041,1.754889,-0.673283,-1.091051,-2.694760,1,0.000000,0.000000,0.220000,-0.030735,0.220000,-0.020020,0.220000,-0.020020,0,-0.091000,0.220000,0.212667,-0.010735,-0.050735,0.220000
1772473161,549237058,-0.775451,-0.935008,1.753863,-0.683680,-1.098187,-2.697480,1,0.000000,0.000000,0.220000,-0.020020,0.220000,-0.030346,0.220000,-0.030346,0,-0.137938,0.220000,0.212667,-0.000020,-0.040020,0.220000
1772473161,574274749,-0.776289,-0.929264,1.753968,-0.689012,-1.100479,-2.697376,1,0.000000,0.000000,0.220000,-0.030346,0.220000,-0.027371,0.220000,-0.027371,0,-0.124416,0.220000,0.212667,-0.010346,-0.050346,0.220000
1772473161,599335413,-0.777769,-0.924086,1.753486,-0.693634,-1.103246,-2.697858,1,0.000000,0.000000,0.220000,-0.027371,0.220000,-0.029923,0.220000,-0.029923,0,-0.136014,0.220000,0.212667,-0.007371,-0.047371,0.220000
1772473161,649415934,-0.781132,-0.913797,1.752145,-0.702706,-1.109150,-2.699199,1,0.000000,0.000000,0.220000,-0.029923,0.220000,-0.037769,0.220000,-0.037769,0,-0.171677,0.220000,0.212667,-0.009923,-0.049923,0.220000
1772473161,674442995,-0.782033,-0.907383,1.751675,-0.708670,-1.111677,-2.699669,1,0.000000,0.000000,0.220000,-0.037769,0.220000,-0.032575,0.220000,-0.032575,0,-0.148067,0.220000,0.212667,-0.017769,-0.057769,0.220000
1772473161,699513250,-0.783216,-0.902531,1.751321,-0.713053,-1.114072,-2.700023,1,0.000000,0.000000,0.220000,-0.032575,0.220000,-0.033059,0.220000,-0.033059,0,-0.150270,0.220000,0.212667,-0.012575,-0.052575,0.220000
1772473161,749578493,-0.784986,-0.891765,1.750570,-0.722996,-1.118560,-2.700774,1,0.000000,0.000000,0.220000,-0.033059,0.220000,-0.026311,0.220000,-0.026311,0,-0.119596,0.220000,0.212667,-0.013059,-0.053059,0.220000
1772473161,774601178,-0.785780,-0.885935,1.749954,-0.728767,-1.120960,-2.701342,1,0.000000,0.000000,0.220000,-0.026311,0.220000,-0.020337,0.220000,-0.020337,0,-0.092440,0.220000,0.212667,-0.006311,-0.046311,0.220000
1772473161,799655771,-0.787643,-0.880628,1.749144,-0.737649,-1.125721,-2.701563,1,0.000000,0.000000,0.220000,-0.020337,0.220000,-0.020715,0.220000,-0.020715,0,-0.094158,0.220000,0.212667,-0.000337,-0.040337,0.220000
1772473161,824761108,-0.787364,-0.874304,1.748871,-0.743830,-1.127087,-2.701835,1,0.000000,0.000000,0.220000,-0.020715,0.220000,-0.004849,0.220000,-0.004849,0,-0.022040,0.220000,0.212667,-0.000715,-0.040715,0.220000
1772473161,874832455,-0.790666,-0.865283,1.748431,-0.751690,-1.132611,-2.702276,1,0.000000,0.000000,0.220000,-0.004849,0.220000,-0.014724,0.220000,-0.014724,0,-0.066929,0.220000,0.212667,0.015151,-0.024849,0.220000
1772473161,899888224,-0.791722,-0.859287,1.748177,-0.757209,-1.135183,-2.702530,1,0.000000,0.000000,0.220000,-0.014724,0.220000,-0.011113,0.220000,-0.011113,0,-0.050512,0.220000,0.212667,0.005276,-0.034724,0.220000
1772473161,924923531,-0.792327,-0.853616,1.748458,-0.762530,-1.137234,-2.702249,1,0.000000,0.000000,0.220000,-0.011113,0.220000,-0.005091,0.220000,-0.005091,0,-0.023139,0.220000,0.212667,0.008887,-0.031113,0.220000
1772473161,975028575,-0.795673,-0.843710,1.747183,-0.771233,-1.143028,-2.703524,1,0.000000,0.000000,0.220000,-0.005091,0.220000,-0.010997,0.220000,-0.010997,0,-0.049987,0.220000,0.212667,0.014909,-0.025091,0.220000
1772473162,62217,-0.795903,-0.838804,1.747454,-0.775913,-1.144520,-2.703252,1,0.000000,0.000000,0.220000,-0.010997,0.220000,-0.002902,0.220000,-0.002902,0,-0.013192,0.220000,0.212667,0.009003,-0.030997,0.220000
1772473162,50183304,-0.798006,-0.827855,1.747460,-0.787043,-1.149494,-2.702826,1,0.000000,0.000000,0.220000,-0.002902,0.220000,0.005826,0.220000,0.005826,0,0.026482,0.220000,0.212667,0.017098,-0.022902,0.220000
1772473162,75192346,-0.799265,-0.821882,1.747307,-0.792486,-1.152258,-2.702979,1,0.000000,0.000000,0.220000,0.005826,0.220000,0.008439,0.220000,0.008439,0,0.038358,0.220000,0.212667,0.025826,-0.014174,0.220000
1772473162,100299347,-0.799491,-0.816605,1.748049,-0.797525,-1.153843,-2.702237,1,0.000000,0.000000,0.220000,0.008439,0.220000,0.016979,0.220000,0.016979,0,0.077177,0.220000,0.212667,0.028439,-0.011561,0.220000
1772473162,125268363,-0.801327,-0.811479,1.747928,-0.802000,-1.156944,-2.702358,1,0.000000,0.000000,0.220000,0.016979,0.220000,0.012874,0.220000,0.012874,0,0.058518,0.220000,0.212667,0.036979,-0.003021,0.220000
1772473162,175343854,-0.803248,-0.800343,1.748975,-0.812258,-1.161685,-2.701311,1,0.000000,0.000000,0.220000,0.012874,0.220000,0.020076,0.220000,0.020076,0,0.091256,0.220000,0.212667,0.032874,-0.007126,0.220000
1772473162,200442437,-0.804187,-0.794524,1.749430,-0.817635,-1.164101,-2.700856,1,0.000000,0.000000,0.220000,0.020076,0.220000,0.024850,0.220000,0.024850,0,0.112953,0.220000,0.212667,0.040076,0.000076,0.220000
1772473162,225489467,-0.805539,-0.789379,1.749876,-0.822253,-1.166739,-2.700410,1,0.000000,0.000000,0.220000,0.024850,0.220000,0.024663,0.220000,0.024663,0,0.112105,0.220000,0.212667,0.044850,0.004850,0.220000
1772473162,275566975,-0.808507,-0.779273,1.750701,-0.831516,-1.172028,-2.699875,1,0.000000,0.000000,0.220000,0.024663,0.220000,0.025538,0.220000,0.025538,0,0.116081,0.220000,0.212667,0.044663,0.004663,0.220000
1772473162,300641209,-0.808884,-0.774003,1.752118,-0.839817,-1.171338,-2.701995,1,0.000000,0.000000,0.220000,0.025538,0.212667,0.045538,0.212667,0.045538,0,0.338576,0.220000,0.212667,0.045538,0.005538,0.220000
1772473162,325626181,-0.810638,-0.767736,1.752654,-0.845428,-1.174634,-2.701459,1,0.000000,0.000000,0.212667,0.045538,0.205333,0.065538,0.205333,0.065538,0,0.339139,0.220000,0.205333,0.065538,0.025538,0.220000
1772473162,375799039,-0.813041,-0.756655,1.753379,-0.855527,-1.179787,-2.700734,1,0.000000,0.000000,0.205333,0.065538,0.212667,0.079559,0.212667,0.079559,0,0.374103,0.212667,0.198000,0.085538,0.045538,0.220000
1772473162,400804064,-0.812709,-0.751615,1.754541,-0.860484,-1.180754,-2.699572,1,0.000000,0.000000,0.212667,0.079559,0.220000,0.096818,0.220000,0.096818,0,0.440080,0.220000,0.205333,0.099559,0.059559,0.220000
1772473162,425876103,-0.816116,-0.747183,1.755869,-0.863899,-1.185180,-2.698244,1,0.000000,0.000000,0.220000,0.096818,0.220000,0.077198,0.220000,0.077198,0,0.350899,0.220000,0.212667,0.116818,0.076818,0.220000
1772473162,475957397,-0.815906,-0.737259,1.762363,-0.873548,-1.187512,-2.691750,1,0.000000,0.000000,0.220000,0.077198,0.220000,0.094792,0.220000,0.094792,0,0.430872,0.220000,0.212667,0.097198,0.057198,0.220000
1772473162,501041119,-0.816867,-0.731299,1.764847,-0.879065,-1.189963,-2.689265,1,0.000000,0.000000,0.220000,0.094792,0.220000,0.099164,0.220000,0.099164,0,0.450746,0.220000,0.212667,0.114792,0.074792,0.220000
1772473162,551126704,-0.820843,-0.721477,1.766709,-0.888653,-1.196944,-2.684935,1,0.000000,0.000000,0.220000,0.099164,0.220000,0.087913,0.220000,0.087913,0,0.399605,0.220000,0.212667,0.119164,0.079164,0.220000
1772473162,576185009,-0.821922,-0.714928,1.769202,-0.894703,-1.199675,-2.682443,1,0.000000,0.000000,0.220000,0.087913,0.220000,0.094553,0.220000,0.094553,0,0.429788,0.220000,0.212667,0.107913,0.067913,0.220000
1772473162,601275614,-0.823542,-0.709483,1.771241,-0.899546,-1.202644,-2.680404,1,0.000000,0.000000,0.220000,0.094553,0.220000,0.094620,0.220000,0.094620,0,0.430092,0.220000,0.212667,0.114553,0.074553,0.220000
1772473162,626263066,-0.823671,-0.704740,1.773226,-0.904096,-1.203991,-2.678419,1,0.000000,0.000000,0.220000,0.094620,0.220000,0.105307,0.220000,0.105307,0,0.478668,0.220000,0.212667,0.114620,0.074620,0.220000
1772473162,676404017,-0.825374,-0.694204,1.777745,-0.913836,-1.208353,-2.673900,1,0.000000,0.000000,0.220000,0.105307,0.220000,0.118708,0.220000,0.118708,0,0.539580,0.220000,0.212667,0.125307,0.085307,0.220000
1772473162,701393468,-0.827428,-0.688088,1.780106,-0.919216,-1.211914,-2.671539,1,0.000000,0.000000,0.220000,0.118708,0.220000,0.119202,0.220000,0.119202,0,0.541827,0.220000,0.212667,0.138708,0.098708,0.220000
1772473162,726445624,-0.829280,-0.682592,1.782611,-0.924049,-1.215120,-2.669034,1,0.000000,0.000000,0.220000,0.119202,0.220000,0.119588,0.220000,0.119588,0,0.543580,0.220000,0.212667,0.139202,0.099202,0.220000
1772473162,776592300,-0.831025,-0.672142,1.788881,-0.933658,-1.219302,-2.662843,1,0.000000,0.000000,0.220000,0.119588,0.220000,0.135612,0.220000,0.135612,0,0.616416,0.220000,0.212667,0.139588,0.099588,0.220000
1772473162,801647971,-0.832847,-0.667790,1.790538,-0.936960,-1.219883,-2.662111,1,0.000000,0.000000,0.220000,0.135612,0.220000,0.150359,0.220000,0.150359,0,0.683449,0.220000,0.212667,0.155612,0.115612,0.220000
1772473162,826670906,-0.833687,-0.661401,1.792959,-0.942919,-1.222336,-2.659690,1,0.000000,0.000000,0.220000,0.150359,0.220000,0.166459,0.220000,0.166459,0,0.756631,0.220000,0.212667,0.170359,0.130359,0.220000
1772473162,876760665,-0.835896,-0.652175,1.799721,-0.951268,-1.226840,-2.652928,1,0.000000,0.000000,0.220000,0.166459,0.220000,0.177744,0.220000,0.177744,0,0.807930,0.220000,0.212667,0.186459,0.146459,0.220000
1772473162,901842481,-0.836641,-0.646353,1.803822,-0.956704,-1.229056,-2.648827,1,0.000000,0.000000,0.220000,0.177744,0.220000,0.191865,0.220000,0.191865,0,0.872116,0.220000,0.212667,0.197744,0.157744,0.220000
1772473162,926846972,-0.839456,-0.641179,1.806912,-0.960982,-1.233106,-2.645737,1,0.000000,0.000000,0.220000,0.191865,0.220000,0.191218,0.220000,0.191218,0,0.869171,0.220000,0.212667,0.211865,0.171865,0.220000
1772473162,977077340,-0.841058,-0.631299,1.814402,-0.970118,-1.237191,-2.638247,1,0.000000,0.000000,0.220000,0.191218,0.212667,0.211218,0.212667,0.211218,0,1.002562,0.220000,0.212667,0.211218,0.171218,0.220000
1772473163,2037617,-0.842184,-0.626189,1.818513,-0.974768,-1.239591,-2.634135,1,0.000000,0.000000,0.212667,0.211218,0.215032,0.231218,0.215032,0.231218,0,1.075269,0.220000,0.205333,0.231218,0.191218,0.220000
1772473163,27150724,-0.843144,-0.621350,1.823148,-0.979489,-1.242301,-2.629400,1,0.000000,0.000000,0.215032,0.231218,0.218909,0.251218,0.218909,0.251218,0,1.147590,0.220000,0.207699,0.251218,0.211218,0.220000
1772473163,77223610,-0.846804,-0.610505,1.832906,-0.992283,-1.254659,-2.618512,1,0.000000,0.000000,0.218909,0.251218,0.211575,0.271218,0.211575,0.271218,0,1.440438,0.220000,0.211575,0.271218,0.231218,0.220000
1772473163,102266832,-0.847703,-0.605349,1.838830,-0.997033,-1.256857,-2.612588,1,0.000000,0.000000,0.211575,0.271218,0.204242,0.291218,0.204242,0.291218,0,1.679221,0.218909,0.204242,0.291218,0.251218,0.220000
1772473163,127284419,-0.849036,-0.600341,1.844734,-1.001528,-1.259438,-2.606684,1,0.000000,0.000000,0.204242,0.291218,0.196909,0.311218,0.196909,0.311218,0,2.042096,0.211575,0.196909,0.311218,0.271218,0.220000
1772473163,177451886,-0.852038,-0.590200,1.858322,-1.010551,-1.264955,-2.593096,1,0.000000,0.000000,0.196909,0.311218,0.189575,0.331218,0.189575,0.331218,0,8.681920,0.204242,0.189575,0.331218,0.291218,0.220000
1772473163,202465634,-0.853350,-0.585449,1.864650,-1.014802,-1.267448,-2.586768,1,0.000000,0.000000,0.189575,0.331218,0.182242,0.351218,0.182242,0.351218,0,8.760413,0.196909,0.182242,0.351218,0.311218,0.220000
1772473163,227524377,-0.855263,-0.580512,1.872406,-1.019079,-1.270570,-2.579012,1,0.000000,0.000000,0.182242,0.351218,0.174909,0.371218,0.174909,0.371218,0,8.836262,0.189575,0.174909,0.371218,0.331218,0.220000
1772473163,277693471,-0.857519,-0.573090,1.889012,-1.025320,-1.274803,-2.562435,1,0.000000,0.000000,0.174909,0.371218,0.167575,0.391218,0.167575,0.391218,0,8.903975,0.182242,0.167575,0.391218,0.351218,0.220000
1772473163,302723165,-0.859369,-0.568125,1.898263,-1.025896,-1.279358,-2.553499,1,0.000000,0.000000,0.167575,0.391218,0.160242,0.411218,0.160242,0.411218,0,8.963470,0.174909,0.160242,0.411218,0.371218,0.220000
1772473163,327829190,-0.860336,-0.564407,1.907303,-1.029239,-1.281250,-2.544459,1,0.000000,0.000000,0.160242,0.411218,0.152909,0.431218,0.152909,0.431218,0,8.979527,0.167575,0.152909,0.431218,0.391218,0.220000
1772473163,377939188,-0.863369,-0.557075,1.925885,-1.035542,-1.286070,-2.525877,1,0.000000,0.000000,0.152909,0.431218,0.145575,0.451218,0.145575,0.451218,0,9.015655,0.160242,0.145575,0.451218,0.411218,0.220000
1772473163,402966292,-0.863750,-0.553506,1.937063,-1.038892,-1.287358,-2.514699,1,0.000000,0.000000,0.145575,0.451218,0.138242,0.471218,0.138242,0.471218,0,9.017807,0.152909,0.138242,0.471218,0.431218,0.220000
1772473163,428173324,-0.865300,-0.551293,1.947929,-1.040631,-1.289425,-2.503833,1,0.000000,0.000000,0.138242,0.471218,0.130909,0.491218,0.130909,0.491218,0,9.025709,0.145575,0.130909,0.491218,0.451218,0.220000
1772473163,478206524,-0.867269,-0.544699,1.970723,-1.046495,-1.293027,-2.481039,1,0.000000,0.000000,0.130909,0.491218,0.123575,0.511218,0.123575,0.511218,0,9.035348,0.138242,0.123575,0.511218,0.471218,0.220000
1772473163,503365666,-0.868859,-0.541430,1.982308,-1.049244,-1.295406,-2.469454,1,0.000000,0.000000,0.123575,0.511218,0.116242,0.531218,0.116242,0.531218,0,9.043187,0.130909,0.116242,0.531218,0.491218,0.220000
1772473163,528398610,-0.870767,-0.539005,1.995402,-1.051173,-1.298241,-2.456297,1,0.000000,0.000000,0.116242,0.531218,0.108909,0.551218,0.108909,0.551218,0,9.051057,0.123575,0.108909,0.551218,0.511218,0.220000
1772473163,578605175,-0.872778,-0.533813,2.021931,-1.056416,-1.305060,-2.429151,1,0.000000,0.000000,0.108909,0.551218,0.101575,0.571218,0.101575,0.571218,0,9.068766,0.116242,0.101575,0.571218,0.531218,0.220000
1772473163,603682930,-0.874234,-0.532017,2.035644,-1.057775,-1.306930,-2.415439,1,0.000000,0.000000,0.101575,0.571218,0.094242,0.591218,0.094242,0.591218,0,9.068602,0.108909,0.094242,0.591218,0.551218,0.220000
1772473163,628653698,-0.874906,-0.529502,2.049382,-1.060030,-1.308229,-2.401700,1,0.000000,0.000000,0.094242,0.591218,0.086909,0.600000,0.086909,0.600000,0,9.066114,0.101575,0.086909,0.600000,0.571218,0.220000
1772473163,678896536,-0.877076,-0.524327,2.077288,-1.064469,-1.311662,-2.373794,1,0.000000,0.000000,0.086909,0.600000,0.079575,0.600000,0.079575,0.600000,0,9.064098,0.094242,0.079575,0.600000,0.580000,0.220000
1772473163,703946617,-0.878506,-0.522092,2.093116,-1.066259,-1.313621,-2.357967,1,0.000000,0.000000,0.079575,0.600000,0.072242,0.600000,0.072242,0.600000,0,9.062506,0.086909,0.072242,0.600000,0.580000,0.220000
1772473163,729057125,-0.879386,-0.520733,2.108604,-1.067345,-1.314822,-2.342479,1,0.000000,0.000000,0.072242,0.600000,0.066247,0.600000,0.066247,0.600000,0,9.057054,0.079575,0.064909,0.600000,0.580000,0.220000
1772473163,779077396,-0.881314,-0.517208,2.137911,-1.070060,-1.317533,-2.313020,1,0.000000,0.000000,0.066247,0.600000,0.066314,0.600000,0.066314,0.600000,0,9.047886,0.073580,0.058913,0.600000,0.580000,0.220000
1772473163,804278841,-0.882413,-0.515808,2.153195,-1.069392,-1.318397,-2.296364,1,0.000000,0.000000,0.066314,0.600000,0.066394,0.600000,0.066394,0.600000,0,9.037022,0.073647,0.058980,0.600000,0.580000,0.220000
1772473163,829228707,-0.883306,-0.515104,2.167928,-1.069840,-1.319442,-2.281631,1,0.000000,0.000000,0.066394,0.600000,0.066454,0.600000,0.066454,0.600000,0,9.028796,0.073727,0.059060,0.600000,0.580000,0.220000
1772473163,879385101,-0.884953,-0.512363,2.197775,-1.072059,-1.321745,-2.251784,1,0.000000,0.000000,0.066454,0.600000,0.066576,0.600000,0.066576,0.600000,0,9.012316,0.073787,0.059121,0.600000,0.580000,0.220000
1772473163,904520658,-0.886520,-0.510534,2.212727,-1.073418,-1.323733,-2.236833,1,0.000000,0.000000,0.066576,0.600000,0.066596,0.600000,0.066596,0.600000,0,9.009615,0.073909,0.059242,0.600000,0.580000,0.220000
1772473163,929519627,-0.887944,-0.509260,2.227933,-1.074278,-1.325439,-2.221626,1,0.000000,0.000000,0.066596,0.600000,0.066637,0.600000,0.066637,0.600000,0,9.003992,0.073929,0.059262,0.600000,0.580000,0.220000
1772473163,979792131,-0.889695,-0.506029,2.257692,-1.076943,-1.327969,-2.191868,1,0.000000,0.000000,0.066637,0.600000,0.066769,0.600000,0.066769,0.600000,0,8.986254,0.073970,0.059304,0.600000,0.580000,0.220000
1772473164,4798189,-0.890345,-0.504262,2.272630,-1.078481,-1.329056,-2.176929,1,0.000000,0.000000,0.066769,0.600000,0.066851,0.600000,0.066851,0.600000,0,8.975208,0.074102,0.059435,0.600000,0.580000,0.220000
1772473164,29811483,-0.891753,-0.502851,2.287523,-1.079424,-1.330686,-2.162208,1,0.000000,0.000000,0.066851,0.600000,0.066903,0.600000,0.066903,0.600000,0,8.968196,0.074184,0.059517,0.600000,0.580000,0.220000
1772473164,80020490,-0.894815,-0.500617,2.317331,-1.080338,-1.333404,-2.133844,1,0.000000,0.000000,0.066903,0.600000,0.067045,0.600000,0.067045,0.600000,0,8.949279,0.074236,0.059570,0.600000,0.580000,0.220000
1772473164,105046394,-0.896125,-0.498739,2.332636,-1.081815,-1.335154,-2.118539,1,0.000000,0.000000,0.067045,0.600000,0.067101,0.600000,0.067101,0.600000,0,8.941779,0.074378,0.059711,0.600000,0.580000,0.220000
1772473164,130061880,-0.896612,-0.498215,2.347386,-1.082195,-1.335760,-2.103789,1,0.000000,0.000000,0.067101,0.600000,0.067242,0.600000,0.067242,0.600000,0,8.922961,0.074434,0.059767,0.600000,0.580000,0.220000
1772473164,180192941,-0.898619,-0.496203,2.377118,-1.083620,-1.338218,-2.074057,1,0.000000,0.000000,0.067242,0.600000,0.067450,0.600000,0.067450,0.600000,0,8.895457,0.074576,0.059909,0.600000,0.580000,0.220000
1772473164,205308566,-0.900084,-0.494428,2.391809,-1.084956,-1.340092,-2.059366,1,0.000000,0.000000,0.067450,0.600000,0.067502,0.600000,0.067502,0.600000,0,8.888614,0.074783,0.060117,0.600000,0.580000,0.220000
1772473164,230297801,-0.900773,-0.492846,2.406918,-1.086512,-1.340491,-2.044648,1,0.000000,0.000000,0.067502,0.600000,0.067678,0.600000,0.067678,0.600000,0,8.865478,0.074835,0.060169,0.600000,0.580000,0.220000
1772473164,280438389,-0.904393,-0.491084,2.436985,-1.088952,-1.339000,-2.017725,1,0.000000,0.000000,0.067678,0.600000,0.068247,0.600000,0.068247,0.600000,0,8.791652,0.075012,0.060345,0.600000,0.580000,0.220000
1772473164,305454702,-0.905891,-0.489203,2.452004,-1.090390,-1.340928,-2.002706,1,0.000000,0.000000,0.068247,0.600000,0.068313,0.600000,0.068313,0.600000,0,8.783128,0.075580,0.060913,0.600000,0.580000,0.220000
1772473164,330646162,-0.907697,-0.488658,2.466192,-1.090457,-1.342813,-1.988519,1,0.000000,0.000000,0.068313,0.600000,0.068382,0.600000,0.068382,0.600000,0,8.774260,0.075646,0.060979,0.600000,0.580000,0.220000
1772473164,380745526,-0.910066,-0.486746,2.496678,-1.091364,-1.345873,-1.958310,1,0.000000,0.000000,0.068382,0.600000,0.068631,0.600000,0.068631,0.600000,0,8.742401,0.075715,0.061049,0.600000,0.580000,0.220000
1772473164,405677510,-0.911663,-0.485437,2.511288,-1.089547,-1.349985,-1.945892,1,0.000000,0.000000,0.068631,0.600000,0.068457,0.600000,0.068457,0.600000,0,8.764616,0.075964,0.061298,0.600000,0.580000,0.220000
1772473164,430817978,-0.912023,-0.484123,2.525930,-1.090727,-1.350665,-1.931250,1,0.000000,0.000000,0.068457,0.600000,0.068660,0.600000,0.068660,0.600000,0,8.738768,0.075790,0.061124,0.600000,0.580000,0.220000
1772473164,480906270,-0.915834,-0.482872,2.555712,-1.090976,-1.354669,-1.901468,1,0.000000,0.000000,0.068660,0.600000,0.068827,0.600000,0.068827,0.600000,0,8.717539,0.075993,0.061326,0.600000,0.580000,0.220000
1772473164,505920625,-0.917629,-0.481925,2.570346,-1.091881,-1.356521,-1.887032,1,0.000000,0.000000,0.068827,0.600000,0.068915,0.600000,0.068915,0.600000,0,8.706376,0.076160,0.061493,0.600000,0.580000,0.220000
1772473164,530952223,-0.919519,-0.479867,2.585919,-1.097290,-1.357776,-1.873196,1,0.000000,0.000000,0.068915,0.600000,0.069022,0.600000,0.069022,0.600000,0,8.692910,0.076248,0.061582,0.600000,0.580000,0.220000
1772473164,581043467,-0.922688,-0.478726,2.615692,-1.097601,-1.361130,-1.843423,1,0.000000,0.000000,0.069022,0.600000,0.069285,0.600000,0.069285,0.600000,0,8.659859,0.076355,0.061688,0.600000,0.580000,0.220000
1772473164,606097731,-0.924028,-0.477803,2.630725,-1.097878,-1.362600,-1.828483,1,0.000000,0.000000,0.069285,0.600000,0.069447,0.600000,0.069447,0.600000,0,8.639641,0.076619,0.061952,0.600000,0.580000,0.220000
1772473164,631140126,-0.925323,-0.476763,2.645448,-1.095946,-1.363569,-1.814630,1,0.000000,0.000000,0.069447,0.600000,0.069670,0.600000,0.069670,0.600000,0,8.612053,0.076781,0.062114,0.600000,0.580000,0.220000
1772473164,681291861,-0.928795,-0.475377,2.675579,-1.096421,-1.367277,-1.784499,1,0.000000,0.000000,0.069670,0.600000,0.069933,0.600000,0.069933,0.600000,0,8.579652,0.077003,0.062336,0.600000,0.580000,0.220000
1772473164,706316519,-0.929153,-0.475082,2.689943,-1.096746,-1.367753,-1.770056,1,0.000000,0.000000,0.069933,0.600000,0.070230,0.600000,0.070230,0.600000,0,8.543302,0.077266,0.062600,0.600000,0.580000,0.220000
1772473164,731373685,-0.932539,-0.474151,2.704951,-1.098031,-1.371805,-1.754294,1,0.000000,0.000000,0.070230,0.600000,0.070098,0.600000,0.070098,0.600000,0,8.559495,0.077564,0.062897,0.600000,0.580000,0.220000
1772473164,756451474,-0.934223,-0.472883,2.719956,-1.098836,-1.373754,-1.739288,1,0.000000,0.000000,0.070098,0.600000,0.070222,0.600000,0.070222,0.600000,0,8.544361,0.077431,0.062764,0.600000,0.580000,0.220000
1772473164,806516922,-0.936815,-0.471725,2.750028,-1.099277,-1.376271,-1.709493,1,0.000000,0.000000,0.070222,0.600000,0.070670,0.600000,0.070670,0.600000,0,8.490198,0.077555,0.062888,0.600000,0.580000,0.220000
1772473164,831583862,-0.939739,-0.470609,2.765009,-1.099319,-1.376516,-1.697324,1,0.000000,0.000000,0.070670,0.600000,0.070971,0.600000,0.070971,0.600000,0,8.454172,0.078003,0.063336,0.600000,0.580000,0.220000
1772473164,881650101,-0.943943,-0.469617,2.795128,-1.099240,-1.380835,-1.667205,1,0.000000,0.000000,0.070971,0.600000,0.071218,0.600000,0.071218,0.600000,0,8.424802,0.078304,0.063638,0.600000,0.580000,0.220000
1772473164,906725173,-0.943864,-0.469193,2.809272,-1.099700,-1.380903,-1.652894,1,0.000000,0.000000,0.071218,0.600000,0.071626,0.600000,0.071626,0.600000,0,8.376818,0.078552,0.063885,0.600000,0.580000,0.220000
1772473164,931781456,-0.946764,-0.469857,2.823740,-1.098631,-1.383958,-1.636690,1,0.000000,0.000000,0.071626,0.600000,0.071672,0.600000,0.071672,0.600000,0,8.371425,0.078960,0.064293,0.600000,0.580000,0.220000
1772473164,956795946,-0.947830,-0.468440,2.838973,-1.099738,-1.385343,-1.621458,1,0.000000,0.000000,0.071672,0.600000,0.071920,0.600000,0.071920,0.600000,0,8.342614,0.079006,0.064339,0.600000,0.580000,0.220000
1772473165,6898288,-0.951966,-0.467174,2.869458,-1.099896,-1.389738,-1.591073,1,0.000000,0.000000,0.071920,0.600000,0.072201,0.600000,0.072201,0.600000,0,8.310161,0.079253,0.064587,0.600000,0.580000,0.220000
1772473165,31941963,-0.953880,-0.468123,2.883211,-1.098104,-1.392165,-1.578417,1,0.000000,0.000000,0.072201,0.600000,0.072249,0.600000,0.072249,0.600000,0,8.304580,0.079534,0.064867,0.600000,0.580000,0.220000
1772473165,56986427,-0.955299,-0.467640,2.898610,-1.098220,-1.393659,-1.563018,1,0.000000,0.000000,0.072249,0.600000,0.072515,0.600000,0.072515,0.600000,0,8.274195,0.079583,0.064916,0.600000,0.580000,0.220000
1772473165,107057473,-0.959567,-0.467374,2.928521,-1.097577,-1.397976,-1.532945,1,0.000000,0.000000,0.072515,0.600000,0.072833,0.600000,0.072833,0.600000,0,8.238022,0.079848,0.065181,0.600000,0.580000,0.220000
1772473165,132141200,-0.960624,-0.467158,2.943101,-1.099337,-1.400371,-1.516521,1,0.000000,0.000000,0.072833,0.600000,0.072983,0.600000,0.072983,0.600000,0,8.221057,0.080166,0.065500,0.600000,0.580000,0.220000
1772473165,157151568,-0.963026,-0.466778,2.957889,-1.099104,-1.402792,-1.501732,1,0.000000,0.000000,0.072983,0.600000,0.073098,0.600000,0.073098,0.600000,0,8.208122,0.080317,0.065650,0.600000,0.580000,0.220000
1772473165,207251966,-0.966736,-0.466738,2.988227,-1.098125,-1.406426,-1.471488,1,0.000000,0.000000,0.073098,0.600000,0.073571,0.600000,0.073571,0.600000,0,8.155400,0.080432,0.065765,0.600000,0.580000,0.220000
1772473165,232354826,-0.968380,-0.466320,3.002659,-1.097057,-1.408499,-1.458164,1,0.000000,0.000000,0.073571,0.600000,0.073712,0.600000,0.073712,0.600000,0,8.139826,0.080904,0.066238,0.600000,0.580000,0.220000
1772473165,282413089,-0.972583,-0.466274,3.032790,-1.096054,-1.412581,-1.428033,1,0.000000,0.000000,0.073712,0.600000,0.074130,0.600000,0.074130,0.600000,0,8.093869,0.081045,0.066378,0.600000,0.580000,0.220000
1772473165,307462073,-0.973465,-0.465865,3.047555,-1.096238,-1.413625,-1.413549,1,0.000000,0.000000,0.074130,0.600000,0.074496,0.600000,0.074496,0.600000,0,8.054072,0.081464,0.066797,0.600000,0.580000,0.220000
1772473165,332534543,-0.976156,-0.465193,3.063025,-1.096307,-1.417398,-1.401330,1,0.000000,0.000000,0.074496,0.600000,0.074285,0.600000,0.074285,0.600000,0,8.077025,0.081830,0.067163,0.600000,0.580000,0.220000
1772473165,357519266,-0.978086,-0.465309,3.077301,-1.095721,-1.419241,-1.387054,1,0.000000,0.000000,0.074285,0.600000,0.074511,0.600000,0.074511,0.600000,0,8.052502,0.081618,0.066951,0.600000,0.580000,0.220000
1772473165,407577026,-0.982475,-0.466103,3.107542,-1.093956,-1.423203,-1.356847,1,0.000000,0.000000,0.074511,0.600000,0.074999,0.600000,0.074999,0.600000,0,8.000076,0.081844,0.067178,0.600000,0.580000,0.220000
1772473165,432650854,-0.983963,-0.466062,3.122110,-1.094640,-1.423462,-1.342699,1,0.000000,0.000000,0.074999,0.600000,0.075525,0.600000,0.075525,0.600000,0,7.944405,0.082333,0.067666,0.600000,0.580000,0.220000
1772473165,457701227,-0.986259,-0.466201,3.137318,-1.093942,-1.425654,-1.327492,1,0.000000,0.000000,0.075525,0.600000,0.075747,0.600000,0.075747,0.600000,0,7.921126,0.082858,0.068192,0.600000,0.580000,0.220000
1772473165,507782946,-0.989866,-0.466092,-3.115942,-1.093295,-1.429717,-1.297504,1,0.000000,0.000000,0.075747,0.600000,0.076241,0.600000,0.076241,0.600000,0,7.869826,0.083080,0.068413,0.600000,0.580000,0.220000
1772473165,532854205,-0.991572,-0.466801,-3.101269,-1.093819,-1.437894,-1.282057,1,0.000000,0.000000,0.076241,0.600000,0.075287,0.600000,0.075287,0.600000,0,7.969520,0.083574,0.068907,0.600000,0.580000,0.220000
1772473165,557849439,-0.993420,-0.466808,-3.086472,-1.093358,-1.439684,-1.267260,1,0.000000,0.000000,0.075287,0.600000,0.075568,0.600000,0.075568,0.600000,0,7.939916,0.082620,0.067954,0.600000,0.580000,0.220000
1772473165,607959971,-0.997525,-0.467645,-3.057030,-1.091333,-1.443314,-1.237919,1,0.000000,0.000000,0.075568,0.600000,0.076138,0.600000,0.076138,0.600000,0,7.880470,0.082901,0.068234,0.600000,0.580000,0.220000
1772473165,632979783,-0.999047,-0.467524,-3.042112,-1.088522,-1.443042,-1.224259,1,0.000000,0.000000,0.076138,0.600000,0.076840,0.600000,0.076840,0.600000,0,7.808473,0.083471,0.068804,0.600000,0.580000,0.220000
1772473165,658020156,-1.001210,-0.468391,-3.027013,-1.087152,-1.444927,-1.209160,1,0.000000,0.000000,0.076840,0.600000,0.077156,0.600000,0.077156,0.600000,0,7.776408,0.084173,0.069506,0.600000,0.580000,0.220000
1772473165,708119039,-1.005291,-0.469427,-2.997604,-1.084934,-1.448596,-1.179452,1,0.000000,0.000000,0.077156,0.600000,0.077802,0.600000,0.077802,0.600000,0,7.711873,0.084490,0.069823,0.600000,0.580000,0.220000
1772473165,733102754,-1.007360,-0.469047,-2.982396,-1.082004,-1.450228,-1.160393,1,0.000000,0.000000,0.077802,0.600000,0.078413,0.600000,0.078413,0.600000,0,7.651799,0.085135,0.070469,0.600000,0.580000,0.220000
1772473165,758173726,-1.008743,-0.469162,-2.967779,-1.081549,-1.451538,-1.145776,1,0.000000,0.000000,0.078413,0.600000,0.078859,0.600000,0.078859,0.600000,0,7.608527,0.085746,0.071080,0.600000,0.580000,0.220000
1772473165,808382633,-1.013730,-0.469246,-2.937560,-1.080146,-1.455969,-1.115451,1,0.000000,0.000000,0.078859,0.600000,0.079408,0.600000,0.079408,0.600000,0,7.555908,0.086192,0.071526,0.600000,0.580000,0.220000
1772473165,833322493,-1.015412,-0.470695,-2.922943,-1.077305,-1.452530,-1.099514,1,0.000000,0.000000,0.079408,0.600000,0.081206,0.600000,0.081206,0.600000,0,7.388578,0.086741,0.072075,0.600000,0.580000,0.220000
1772473165,858446208,-1.018150,-0.470996,-2.907688,-1.076329,-1.455106,-1.084259,1,0.000000,0.000000,0.081206,0.600000,0.081427,0.600000,0.081427,0.600000,0,7.368577,0.088540,0.073873,0.600000,0.580000,0.220000
1772473165,908436116,-1.021418,-0.472406,-2.879054,-1.074104,-1.458182,-1.055449,1,0.000000,0.000000,0.081427,0.600000,0.082349,0.600000,0.082349,0.600000,0,7.286042,0.088760,0.074094,0.600000,0.580000,0.220000
1772473165,933460273,-1.024368,-0.473585,-2.864015,-1.071635,-1.464343,-1.038009,1,0.000000,0.000000,0.082349,0.600000,0.081744,0.600000,0.081744,0.600000,0,7.339975,0.089683,0.075016,0.600000,0.580000,0.220000
1772473165,983558385,-1.027796,-0.475571,-2.834438,-1.068848,-1.467159,-1.008431,1,0.000000,0.000000,0.081744,0.600000,0.082813,0.600000,0.082813,0.600000,0,7.245243,0.089077,0.074411,0.600000,0.580000,0.220000
1772473166,8613941,-1.031022,-0.476005,-2.819001,-1.067871,-1.470240,-0.992901,1,0.000000,0.000000,0.082813,0.600000,0.082924,0.600000,0.082924,0.600000,0,7.235498,0.090146,0.075480,0.600000,0.580000,0.220000
1772473166,33636652,-1.031575,-0.476975,-2.804189,-1.070291,-1.471467,-0.976826,1,0.000000,0.000000,0.082924,0.600000,0.083559,0.600000,0.083559,0.600000,0,7.180514,0.090258,0.075591,0.600000,0.580000,0.220000
1772473166,58632783,-1.034726,-0.477430,-2.788798,-1.069051,-1.474400,-0.961436,1,0.000000,0.000000,0.083559,0.600000,0.083714,0.600000,0.083714,0.600000,0,7.167260,0.090893,0.076226,0.600000,0.580000,0.220000
1772473166,108756486,-1.038477,-0.478263,-2.759200,-1.067339,-1.477727,-0.931735,1,0.000000,0.000000,0.083714,0.600000,0.084715,0.600000,0.084715,0.600000,0,7.082609,0.091047,0.076381,0.600000,0.580000,0.220000
1772473166,133760566,-1.040781,-0.479216,-2.744457,-1.066448,-1.478464,-0.915583,1,0.000000,0.000000,0.084715,0.600000,0.085618,0.600000,0.085618,0.600000,0,7.007887,0.092048,0.077381,0.600000,0.580000,0.220000
1772473166,158805685,-1.042095,-0.479525,-2.729015,-1.065815,-1.479656,-0.900141,1,0.000000,0.000000,0.085618,0.600000,0.086348,0.600000,0.086348,0.600000,0,6.948608,0.092951,0.078284,0.600000,0.580000,0.220000
1772473166,208895760,-1.047084,-0.481658,-2.698800,-1.062403,-1.484109,-0.870120,1,0.000000,0.000000,0.086348,0.600000,0.087130,0.600000,0.087130,0.600000,0,6.886274,0.093682,0.079015,0.600000,0.580000,0.220000
1772473166,233899989,-1.048585,-0.481083,-2.683818,-1.061502,-1.488172,-0.857902,1,0.000000,0.000000,0.087130,0.600000,0.086680,0.600000,0.086680,0.600000,0,6.922050,0.094463,0.079797,0.600000,0.580000,0.220000
1772473166,258955339,-1.050405,-0.483275,-2.670001,-1.058921,-1.489380,-0.844085,1,0.000000,0.000000,0.086680,0.600000,0.087345,0.600000,0.087345,0.600000,0,6.869283,0.094013,0.079346,0.600000,0.580000,0.220000
1772473166,309054488,-1.054024,-0.485663,-2.641158,-1.055653,-1.492235,-0.815380,1,0.000000,0.000000,0.087345,0.600000,0.088618,0.600000,0.088618,0.600000,0,6.770630,0.094679,0.080012,0.600000,0.580000,0.220000
1772473166,334090172,-1.056130,-0.487378,-2.625763,-1.052826,-1.493184,-0.802020,1,0.000000,0.000000,0.088618,0.600000,0.089394,0.600000,0.089394,0.600000,0,6.711830,0.095951,0.081285,0.600000,0.580000,0.220000
1772473166,359069981,-1.057844,-0.488296,-2.610726,-1.051508,-1.494614,-0.786984,1,0.000000,0.000000,0.089394,0.600000,0.090123,0.600000,0.090123,0.600000,0,6.657565,0.096728,0.082061,0.600000,0.580000,0.220000
1772473166,409191531,-1.061512,-0.490821,-2.580942,-1.048289,-1.498281,-0.757343,1,0.000000,0.000000,0.090123,0.600000,0.091286,0.600000,0.091286,0.600000,0,6.572737,0.097456,0.082790,0.600000,0.580000,0.220000
1772473166,434208760,-1.063296,-0.491952,-2.566783,-1.048840,-1.510595,-0.745269,1,0.000000,0.000000,0.091286,0.600000,0.087655,0.600000,0.087655,0.600000,0,6.845030,0.098620,0.083953,0.600000,0.580000,0.220000
1772473166,459210024,-1.065151,-0.493187,-2.551734,-1.047183,-1.512086,-0.730220,1,0.000000,0.000000,0.087655,0.600000,0.088318,0.600000,0.088318,0.600000,0,6.793666,0.094988,0.080322,0.600000,0.580000,0.220000
1772473166,509318336,-1.068984,-0.495189,-2.521388,-1.044259,-1.515215,-0.699730,1,0.000000,0.000000,0.088318,0.600000,0.089660,0.600000,0.089660,0.600000,0,6.691953,0.095651,0.080984,0.600000,0.580000,0.220000
1772473166,534286757,-1.071378,-0.496417,-2.506530,-1.041954,-1.515879,-0.682659,1,0.000000,0.000000,0.089660,0.600000,0.090879,0.600000,0.090879,0.600000,0,6.602160,0.096993,0.082327,0.600000,0.580000,0.220000
1772473166,559336093,-1.072479,-0.496472,-2.492138,-1.041624,-1.516931,-0.668267,1,0.000000,0.000000,0.090879,0.600000,0.091718,0.600000,0.091718,0.600000,0,6.541823,0.098213,0.083546,0.600000,0.580000,0.220000
1772473166,609519711,-1.075824,-0.499629,-2.462383,-1.037572,-1.519807,-0.638622,1,0.000000,0.000000,0.091718,0.600000,0.093278,0.600000,0.093278,0.600000,0,6.432366,0.099051,0.084384,0.600000,0.580000,0.220000
1772473166,634484450,-1.078651,-0.500857,-2.446957,-1.033294,-1.528662,-0.624861,1,0.000000,0.000000,0.093278,0.600000,0.090903,0.600000,0.090903,0.600000,0,6.600470,0.100612,0.085945,0.600000,0.580000,0.220000
1772473166,659456260,-1.079772,-0.503836,-2.432437,-1.030131,-1.529007,-0.610341,1,0.000000,0.000000,0.090903,0.600000,0.092091,0.600000,0.092091,0.600000,0,6.515324,0.098236,0.083569,0.600000,0.580000,0.220000
1772473166,709558745,-1.084368,-0.506085,-2.402003,-1.026550,-1.532893,-0.579939,1,0.000000,0.000000,0.092091,0.600000,0.093272,0.600000,0.093272,0.600000,0,6.432797,0.099424,0.084757,0.600000,0.580000,0.220000
1772473166,734566663,-1.086032,-0.507607,-2.387210,-1.020414,-1.534021,-0.565668,1,0.000000,0.000000,0.093272,0.600000,0.094229,0.600000,0.094229,0.600000,0,6.367487,0.100605,0.085939,0.600000,0.580000,0.220000
1772473166,759621320,-1.087060,-0.508982,-2.372501,-1.018827,-1.534675,-0.550958,1,0.000000,0.000000,0.094229,0.600000,0.095395,0.600000,0.095395,0.600000,0,6.289622,0.101562,0.086895,0.600000,0.580000,0.220000
1772473166,809697792,-1.090403,-0.512181,-2.342744,-1.014986,-1.537452,-0.521164,1,0.000000,0.000000,0.095395,0.600000,0.097179,0.600000,0.097179,0.600000,0,6.174151,0.102729,0.088062,0.600000,0.580000,0.220000
1772473166,834717865,-1.092722,-0.514312,-2.328199,-1.013909,-1.545130,-0.505944,1,0.000000,0.000000,0.097179,0.600000,0.095054,0.600000,0.095054,0.600000,0,6.312221,0.104513,0.089846,0.600000,0.580000,0.220000
1772473166,859754442,-1.094948,-0.514824,-2.313389,-1.012859,-1.547158,-0.491134,1,0.000000,0.000000,0.095054,0.600000,0.095585,0.600000,0.095585,0.600000,0,6.277148,0.102387,0.087720,0.600000,0.580000,0.220000
1772473166,909821241,-1.097749,-0.520055,-2.283554,-1.006822,-1.548394,-0.461274,1,0.000000,0.000000,0.095585,0.600000,0.098189,0.600000,0.098189,0.600000,0,6.110633,0.102918,0.088251,0.600000,0.580000,0.220000
1772473166,934819455,-1.099951,-0.520533,-2.268292,-1.001146,-1.547391,-0.445588,1,0.000000,0.000000,0.098189,0.600000,0.100588,0.600000,0.100588,0.600000,0,5.964912,0.105523,0.090856,0.600000,0.580000,0.220000
1772473166,959867718,-1.102329,-0.523825,-2.253260,-0.997365,-1.548873,-0.430555,1,0.000000,0.000000,0.100588,0.600000,0.101595,0.600000,0.101595,0.600000,0,5.905786,0.107922,0.093255,0.600000,0.580000,0.220000
1772473167,9930616,-1.104620,-0.527510,-2.224229,-0.993239,-1.550089,-0.401487,1,0.000000,0.000000,0.101595,0.600000,0.104554,0.600000,0.104554,0.600000,0,5.738645,0.108929,0.094262,0.600000,0.580000,0.220000
1772473167,34969938,-1.105871,-0.528239,-2.209103,-0.992468,-1.549593,-0.385663,1,0.000000,0.000000,0.104554,0.600000,0.106980,0.600000,0.106980,0.600000,0,5.608523,0.111888,0.097221,0.600000,0.580000,0.220000
1772473167,59981656,-1.107953,-0.530826,-2.194603,-0.989443,-1.550962,-0.371163,1,0.000000,0.000000,0.106980,0.600000,0.108146,0.600000,0.108146,0.600000,0,5.548040,0.114313,0.099647,0.600000,0.580000,0.220000
1772473167,110072323,-1.110783,-0.535440,-2.164755,-0.984162,-1.552553,-0.341346,1,0.000000,0.000000,0.108146,0.600000,0.111508,0.600000,0.111508,0.600000,0,5.380789,0.115480,0.100813,0.600000,0.580000,0.220000
1772473167,135030517,-1.111532,-0.537995,-2.149785,-0.979588,-1.552711,-0.326921,1,0.000000,0.000000,0.111508,0.600000,0.113743,0.600000,0.113743,0.600000,0,5.275065,0.118841,0.104174,0.600000,0.580000,0.220000
1772473167,160098917,-1.112632,-0.540845,-2.134991,-0.976554,-1.553066,-0.312128,1,0.000000,0.000000,0.113743,0.600000,0.115955,0.600000,0.115955,0.600000,0,5.174416,0.121076,0.106409,0.600000,0.580000,0.220000
1772473167,210124922,-1.116052,-0.545779,-2.104856,-0.971069,-1.555112,-0.281912,1,0.000000,0.000000,0.115955,0.600000,0.119643,0.600000,0.119643,0.600000,0,5.014927,0.123288,0.108622,0.600000,0.580000,0.220000
1772473167,235119367,-1.117375,-0.549537,-2.090033,-0.969926,-1.554767,-0.265519,1,0.000000,0.000000,0.119643,0.600000,0.123050,0.600000,0.123050,0.600000,0,4.876078,0.126976,0.112309,0.600000,0.580000,0.220000
1772473167,260158816,-1.118156,-0.553177,-2.075422,-0.966207,-1.554610,-0.250908,1,0.000000,0.000000,0.123050,0.600000,0.126217,0.600000,0.126217,0.600000,0,4.753719,0.130383,0.115716,0.600000,0.580000,0.220000
1772473167,310236040,-1.121857,-0.556815,-2.044746,-0.961718,-1.557107,-0.220200,1,0.000000,0.000000,0.126217,0.600000,0.130343,0.600000,0.130343,0.600000,0,4.603239,0.133550,0.118884,0.600000,0.580000,0.220000
1772473167,335260760,-1.123227,-0.558332,-2.029361,-0.959142,-1.554569,-0.204176,1,0.000000,0.000000,0.130343,0.600000,0.137061,0.600000,0.137061,0.600000,0,4.377602,0.137676,0.123010,0.600000,0.580000,0.220000
1772473167,360350832,-1.124569,-0.561122,-2.014178,-0.956104,-1.555165,-0.188993,1,0.000000,0.000000,0.137061,0.600000,0.140318,0.600000,0.140318,0.600000,0,4.276007,0.144395,0.129728,0.600000,0.580000,0.220000
1772473167,410374393,-1.126574,-0.566317,-1.985473,-0.950787,-1.555773,-0.160361,1,0.000000,0.000000,0.140318,0.600000,0.147651,0.599897,0.147651,0.599897,0,4.062935,0.147651,0.132985,0.600000,0.580000,0.220000
1772473167,435338549,-1.127589,-0.569823,-1.970622,-0.951474,-1.555357,-0.146995,1,0.000000,0.000000,0.147651,0.599897,0.152354,0.600000,0.152354,0.600000,0,3.938206,0.154985,0.140318,0.600000,0.579897,0.220000
1772473167,460375923,-1.129790,-0.574079,-1.955241,-0.946802,-1.556424,-0.131614,1,0.000000,0.000000,0.152354,0.600000,0.155871,0.600000,0.155871,0.600000,0,3.849343,0.159687,0.145020,0.600000,0.580000,0.220000
1772473167,510488769,-1.132955,-0.580184,-1.924943,-0.940056,-1.558056,-0.101264,1,0.000000,0.000000,0.155871,0.600000,0.163204,0.596755,0.163204,0.596755,0,3.656495,0.163204,0.148537,0.600000,0.580000,0.220000
1772473167,535446869,-1.135130,-0.583395,-1.909944,-0.935521,-1.561288,-0.085198,1,0.000000,0.000000,0.163204,0.596755,0.164454,0.600000,0.164454,0.600000,0,3.648441,0.170537,0.155871,0.600000,0.576755,0.220000
1772473167,560500172,-1.134971,-0.587468,-1.895522,-0.931619,-1.560112,-0.070776,1,0.000000,0.000000,0.164454,0.600000,0.171787,0.597242,0.171787,0.597242,0,3.476639,0.171787,0.157120,0.600000,0.580000,0.220000
1772473167,610549507,-1.137942,-0.596998,-1.864851,-0.921744,-1.560459,-0.040206,1,0.000000,0.000000,0.171787,0.597242,0.179120,0.577476,0.179120,0.577476,0,3.223956,0.179120,0.164454,0.600000,0.577242,0.220000
1772473167,635626477,-1.138199,-0.600761,-1.850291,-0.920267,-1.556671,-0.027999,1,0.000000,0.000000,0.179120,0.577476,0.186454,0.557476,0.186454,0.557476,0,2.962678,0.186454,0.171787,0.597476,0.557476,0.220000
1772473167,660559433,-1.141132,-0.604789,-1.835238,-0.915635,-1.558508,-0.012946,1,0.000000,0.000000,0.186454,0.557476,0.193787,0.563001,0.193787,0.563001,0,2.905254,0.193787,0.179120,0.577476,0.537476,0.220000
1772473167,710685355,-1.142514,-0.614210,-1.806855,-0.906127,-1.557460,0.015432,1,0.000000,0.000000,0.193787,0.563001,0.201120,0.543001,0.201120,0.543001,0,2.608365,0.201120,0.186454,0.583001,0.543001,0.220000
1772473167,735706277,-1.144015,-0.617967,-1.792992,-0.901269,-1.557084,0.029199,1,0.000000,0.000000,0.201120,0.543001,0.208454,0.523001,0.208454,0.523001,0,2.468819,0.208454,0.193787,0.563001,0.523001,0.220000
1772473167,760682407,-1.145167,-0.624858,-1.779241,-0.894309,-1.556485,0.042951,1,0.000000,0.000000,0.208454,0.523001,0.215787,0.503001,0.215787,0.503001,0,2.318143,0.215787,0.201120,0.543001,0.503001,0.220000
1772473167,810765730,-1.146782,-0.634839,-1.752211,-0.884275,-1.555511,0.069948,1,0.000000,0.000000,0.215787,0.503001,0.220000,0.483001,0.220000,0.483001,0,2.032220,0.220000,0.208454,0.523001,0.483001,0.220000
1772473167,835745161,-1.147433,-0.639642,-1.739737,-0.880257,-1.553704,0.081686,1,0.000000,0.000000,0.220000,0.483001,0.220000,0.463001,0.220000,0.463001,0,1.849034,0.220000,0.212667,0.503001,0.463001,0.220000
1772473167,860810870,-1.149631,-0.645025,-1.727155,-0.874497,-1.554498,0.094268,1,0.000000,0.000000,0.220000,0.463001,0.220000,0.443001,0.220000,0.443001,0,1.767147,0.220000,0.212667,0.483001,0.443001,0.220000
1772473167,910772327,-1.151461,-0.656299,-1.705129,-0.863228,-1.553350,0.116483,1,0.000000,0.000000,0.220000,0.443001,0.220000,0.423001,0.220000,0.423001,0,1.513430,0.220000,0.212667,0.463001,0.423001,0.220000
1772473167,935883079,-1.151293,-0.661985,-1.694576,-0.860489,-1.548595,0.131813,1,0.000000,0.000000,0.220000,0.423001,0.220000,0.403001,0.220000,0.403001,0,1.171763,0.220000,0.212667,0.443001,0.403001,0.220000
1772473167,960797144,-1.153081,-0.667363,-1.683608,-0.854834,-1.548965,0.142780,1,0.000000,0.000000,0.220000,0.403001,0.220000,0.383001,0.220000,0.383001,0,1.085841,0.220000,0.212667,0.423001,0.383001,0.220000
1772473168,10792879,-1.153383,-0.678362,-1.663466,-0.844163,-1.546615,0.162999,1,0.000000,0.000000,0.220000,0.383001,0.220000,0.363001,0.220000,0.363001,0,0.798094,0.220000,0.212667,0.403001,0.363001,0.220000
1772473168,35821407,-1.154265,-0.682515,-1.653519,-0.841234,-1.550296,0.175095,1,0.000000,0.000000,0.220000,0.363001,0.220000,0.343001,0.220000,0.343001,0,0.844496,0.220000,0.212667,0.383001,0.343001,0.220000
1772473168,60827799,-1.154763,-0.689128,-1.644798,-0.834713,-1.549092,0.183816,1,0.000000,0.000000,0.220000,0.343001,0.220000,0.323001,0.220000,0.323001,0,0.711325,0.220000,0.212667,0.363001,0.323001,0.220000
1772473168,110801791,-1.155858,-0.700179,-1.628009,-0.823657,-1.547287,0.200521,1,0.000000,0.000000,0.220000,0.323001,0.220000,0.303001,0.220000,0.303001,0,0.478651,0.220000,0.212667,0.343001,0.303001,0.220000
1772473168,135846629,-1.156141,-0.705932,-1.620672,-0.815010,-1.544547,0.205049,1,0.000000,0.000000,0.220000,0.303001,0.220000,0.283001,0.220000,0.283001,0,0.317882,0.220000,0.212667,0.323001,0.283001,0.220000
1772473168,160832308,-1.156585,-0.711304,-1.612739,-0.809700,-1.543622,0.212982,1,0.000000,0.000000,0.220000,0.283001,0.220000,0.263001,0.220000,0.263001,0,0.204824,0.220000,0.212667,0.303001,0.263001,0.220000
1772473168,210818694,-1.156829,-0.721694,-1.597336,-0.799722,-1.541367,0.228404,1,0.000000,0.000000,0.220000,0.263001,0.220000,0.243001,0.220000,0.243001,0,-0.033902,0.220000,0.212667,0.283001,0.243001,0.220000
1772473168,235868687,-1.157140,-0.727642,-1.590580,-0.798702,-1.544675,0.235822,1,0.000000,0.000000,0.220000,0.243001,0.220000,0.223001,0.220000,0.223001,0,0.039108,0.220000,0.212667,0.263001,0.223001,0.220000
1772473168,260840104,-1.157059,-0.733122,-1.584278,-0.793420,-1.543212,0.242124,1,0.000000,0.000000,0.220000,0.223001,0.220000,0.203001,0.220000,0.203001,0,-0.081676,0.220000,0.212667,0.243001,0.203001,0.220000
1772473168,310909680,-1.157115,-0.744547,-1.573454,-0.782434,-1.540226,0.253012,1,0.000000,0.000000,0.220000,0.203001,0.212667,0.183001,0.212667,0.183001,0,-0.309663,0.220000,0.212667,0.223001,0.183001,0.220000
1772473168,335927227,-1.156718,-0.750312,-1.568399,-0.779904,-1.532884,0.260399,1,0.000000,0.000000,0.212667,0.183001,0.205333,0.163001,0.205333,0.163001,0,-0.686642,0.220000,0.205333,0.203001,0.163001,0.220000
1772473168,360977970,-1.156136,-0.755387,-1.562627,-0.775146,-1.531026,0.266171,1,0.000000,0.000000,0.205333,0.163001,0.198000,0.143001,0.198000,0.143001,0,-0.817609,0.212667,0.198000,0.183001,0.143001,0.220000
1772473168,411069054,-1.156400,-0.765157,-1.552414,-0.765627,-1.528808,0.276258,1,0.000000,0.000000,0.198000,0.143001,0.190667,0.123001,0.190667,0.123001,0,-1.002760,0.205333,0.190667,0.163001,0.123001,0.220000
1772473168,436112050,-1.155438,-0.770228,-1.548539,-0.760802,-1.527319,0.275730,1,0.000000,0.000000,0.190667,0.123001,0.183333,0.103001,0.183333,0.103001,0,-1.060554,0.198000,0.183333,0.143001,0.103001,0.220000
1772473168,461078757,-1.156555,-0.774935,-1.544490,-0.755965,-1.527220,0.279779,1,0.000000,0.000000,0.183333,0.103001,0.176000,0.083001,0.176000,0.083001,0,-1.101770,0.190667,0.176000,0.123001,0.083001,0.220000
1772473168,511235183,-1.155301,-0.785351,-1.540206,-0.746301,-1.523453,0.283949,1,0.000000,0.000000,0.176000,0.083001,0.168667,0.063001,0.168667,0.063001,0,-1.296410,0.183333,0.168667,0.103001,0.063001,0.220000
1772473168,536193268,-1.155081,-0.788988,-1.537988,-0.746221,-1.524242,0.282507,1,0.000000,0.000000,0.168667,0.063001,0.161333,0.043001,0.161333,0.043001,0,-1.250785,0.176000,0.161333,0.083001,0.043001,0.220000
1772473168,561224884,-1.154780,-0.793288,-1.535747,-0.742129,-1.522889,0.284748,1,0.000000,0.000000,0.161333,0.043001,0.154000,0.023001,0.154000,0.023001,0,-1.327181,0.168667,0.154000,0.063001,0.023001,0.220000
1772473168,611261546,-1.154350,-0.802006,-1.533070,-0.733657,-1.520402,0.287462,1,0.000000,0.000000,0.154000,0.023001,0.146667,0.003001,0.146667,0.003001,0,-1.454531,0.161333,0.146667,0.043001,0.003001,0.220000
1772473168,636300378,-1.153824,-0.806947,-1.531644,-0.724553,-1.521564,0.290187,1,0.000000,0.000000,0.146667,0.003001,0.139333,-0.016999,0.139333,-0.016999,0,-1.431589,0.154000,0.139333,0.023001,-0.016999,0.220000
1772473168,661335769,-1.153838,-0.809003,-1.532046,-0.722558,-1.521067,0.289785,1,0.000000,0.000000,0.139333,-0.016999,0.132000,-0.036999,0.132000,-0.036999,0,-1.448481,0.146667,0.132000,0.003001,-0.036999,0.220000
1772473168,711376541,-1.152866,-0.816818,-1.532216,-0.715187,-1.518099,0.289622,1,0.000000,0.000000,0.132000,-0.036999,0.124667,-0.056999,0.124667,-0.056999,0,-1.569080,0.139333,0.124667,-0.016999,-0.056999,0.220000
1772473168,736362073,-1.152880,-0.820737,-1.533007,-0.709877,-1.514165,0.289075,1,0.000000,0.000000,0.124667,-0.056999,0.117333,-0.076999,0.117333,-0.076999,0,-1.725087,0.132000,0.117333,-0.036999,-0.076999,0.220000
1772473168,761420333,-1.152873,-0.823448,-1.534014,-0.707253,-1.513484,0.288068,1,0.000000,0.000000,0.117333,-0.076999,0.110000,-0.096999,0.110000,-0.096999,0,-1.743852,0.124667,0.110000,-0.056999,-0.096999,0.220000
1772473168,811384736,-1.151574,-0.830053,-1.537357,-0.701254,-1.510538,0.284720,1,0.000000,0.000000,0.110000,-0.096999,0.102667,-0.116999,0.102667,-0.116999,0,-1.833778,0.117333,0.102667,-0.076999,-0.116999,0.220000
1772473168,836411650,-1.152221,-0.832887,-1.539124,-0.701349,-1.508724,0.282716,1,0.000000,0.000000,0.102667,-0.116999,0.095333,-0.136999,0.095333,-0.136999,0,-1.889534,0.110000,0.095333,-0.096999,-0.136999,0.220000
1772473168,861442900,-1.152293,-0.835577,-1.541543,-0.698726,-1.508126,0.280296,1,0.000000,0.000000,0.095333,-0.136999,0.088000,-0.156999,0.088000,-0.156999,0,-1.892245,0.102667,0.088000,-0.116999,-0.156999,0.220000
1772473168,911436584,-1.151242,-0.841189,-1.548123,-0.693551,-1.505714,0.273716,1,0.000000,0.000000,0.088000,-0.156999,0.091646,-0.176999,0.091646,-0.176999,0,-1.931344,0.095333,0.080667,-0.136999,-0.176999,0.220000
1772473168,936481603,-1.151354,-0.842774,-1.551760,-0.692010,-1.505400,0.270063,1,0.000000,0.000000,0.091646,-0.176999,0.098979,-0.189205,0.098979,-0.189205,0,-1.911567,0.098979,0.084312,-0.156999,-0.196999,0.220000
1772473168,961441378,-1.151480,-0.844989,-1.556123,-0.690734,-1.503829,0.265017,1,0.000000,0.000000,0.098979,-0.189205,0.106312,-0.205211,0.106312,-0.205211,0,-1.930263,0.106312,0.091646,-0.169205,-0.209205,0.220000
1772473169,11506377,-1.151243,-0.849916,-1.566375,-0.686020,-1.502379,0.254765,1,0.000000,0.000000,0.106312,-0.205211,0.113646,-0.215660,0.113646,-0.215660,0,-1.897652,0.113646,0.098979,-0.185211,-0.225211,0.220000
1772473169,36509333,-1.151279,-0.852655,-1.571550,-0.683358,-1.501734,0.249591,1,0.000000,0.000000,0.113646,-0.215660,0.120979,-0.227152,0.120979,-0.227152,0,-1.877619,0.120979,0.106312,-0.195660,-0.235660,0.220000
1772473169,61486691,-1.150606,-0.855067,-1.577342,-0.681187,-1.500485,0.243798,1,0.000000,0.000000,0.120979,-0.227152,0.128312,-0.240789,0.128312,-0.240789,0,-1.876582,0.128312,0.113646,-0.207152,-0.247152,0.220000
1772473169,111502358,-1.151207,-0.860764,-1.587838,-0.675386,-1.501397,0.234874,1,0.000000,0.000000,0.128312,-0.240789,0.135646,-0.238723,0.135646,-0.238723,0,-1.759902,0.135646,0.120979,-0.220789,-0.260789,0.220000
1772473169,136578140,-1.150474,-0.863753,-1.593053,-0.672674,-1.499942,0.229659,1,0.000000,0.000000,0.135646,-0.238723,0.142979,-0.253401,0.142979,-0.253401,0,-1.772297,0.142979,0.128312,-0.218723,-0.258723,0.220000
1772473169,161516775,-1.151115,-0.867501,-1.598423,-0.668886,-1.499628,0.224289,1,0.000000,0.000000,0.142979,-0.253401,0.150312,-0.261084,0.150312,-0.261084,0,-1.736942,0.150312,0.135646,-0.233401,-0.273401,0.220000
1772473169,211530707,-1.151266,-0.874887,-1.611872,-0.661695,-1.497934,0.210840,1,0.000000,0.000000,0.150312,-0.261084,0.157646,-0.265678,0.157646,-0.265678,0,-1.685289,0.157646,0.142979,-0.241084,-0.281084,0.220000
1772473169,236582306,-1.150324,-0.878308,-1.618492,-0.658616,-1.496168,0.204220,1,0.000000,0.000000,0.157646,-0.265678,0.164979,-0.280080,0.164979,-0.280080,0,-1.697670,0.164979,0.150312,-0.245678,-0.285678,0.220000
1772473169,261574743,-1.150635,-0.882330,-1.624211,-0.654644,-1.495467,0.198501,1,0.000000,0.000000,0.164979,-0.280080,0.172312,-0.288590,0.172312,-0.288590,0,-1.674807,0.172312,0.157646,-0.260080,-0.300080,0.220000
1772473169,311593783,-1.150846,-0.890831,-1.637424,-0.647170,-1.491431,0.186492,1,0.000000,0.000000,0.172312,-0.288590,0.178281,-0.308590,0.178281,-0.308590,0,-1.730923,0.179646,0.164979,-0.268590,-0.308590,0.220000
1772473169,336586962,-1.151542,-0.894495,-1.644733,-0.643448,-1.491187,0.179184,1,0.000000,0.000000,0.178281,-0.308590,0.185614,-0.310959,0.185614,-0.310959,0,-1.675300,0.185614,0.170947,-0.288590,-0.328590,0.220000
1772473169,361681195,-1.151862,-0.899145,-1.651390,-0.638867,-1.490333,0.172527,1,0.000000,0.000000,0.185614,-0.310959,0.192947,-0.318398,0.192947,-0.318398,0,-1.650180,0.192947,0.178281,-0.290959,-0.330959,0.220000
1772473169,411588505,-1.151662,-0.907804,-1.667212,-0.630534,-1.487970,0.156704,1,0.000000,0.000000,0.192947,-0.318398,0.200281,-0.321270,0.200281,-0.321270,0,-1.604101,0.200281,0.185614,-0.298398,-0.338398,0.220000
1772473169,436605202,-1.153238,-0.912025,-1.674637,-0.626052,-1.488439,0.149280,1,0.000000,0.000000,0.200281,-0.321270,0.207614,-0.315191,0.207614,-0.315191,0,-1.518159,0.207614,0.192947,-0.301270,-0.341270,0.220000
1772473169,461619727,-1.152378,-0.917294,-1.681903,-0.621167,-1.486287,0.142013,1,0.000000,0.000000,0.207614,-0.315191,0.214947,-0.331093,0.214947,-0.331093,0,-1.540346,0.214947,0.200281,-0.295191,-0.335191,0.220000
1772473169,511664276,-1.154717,-0.927889,-1.697088,-0.610324,-1.485898,0.126829,1,0.000000,0.000000,0.214947,-0.331093,0.220000,-0.312202,0.220000,-0.312202,0,-1.419100,0.220000,0.207614,-0.311093,-0.351093,0.220000
1772473169,536673119,-1.153318,-0.932733,-1.705639,-0.605985,-1.483330,0.118278,1,0.000000,0.000000,0.220000,-0.312202,0.220000,-0.318299,0.220000,-0.318299,0,-1.446811,0.220000,0.212667,-0.292202,-0.332202,0.220000
1772473169,561711306,-1.154483,-0.938461,-1.712665,-0.600102,-1.483036,0.111273,1,0.000000,0.000000,0.220000,-0.318299,0.220000,-0.306995,0.220000,-0.306995,0,-1.395432,0.220000,0.212667,-0.298299,-0.338299,0.220000
1772473169,611701318,-1.156340,-0.950440,-1.728040,-0.585807,-1.482400,0.096991,1,0.000000,0.000000,0.220000,-0.306995,0.220000,-0.286995,0.220000,-0.286995,0,-1.291815,0.220000,0.212667,-0.286995,-0.326995,0.220000
1772473169,636719045,-1.155642,-0.953543,-1.735099,-0.582979,-1.480944,0.089931,1,0.000000,0.000000,0.220000,-0.286995,0.220000,-0.283292,0.220000,-0.283292,0,-1.287689,0.220000,0.212667,-0.266995,-0.306995,0.220000
1772473169,661734434,-1.157219,-0.960337,-1.741439,-0.576007,-1.480762,0.083592,1,0.000000,0.000000,0.220000,-0.283292,0.220000,-0.272246,0.220000,-0.272246,0,-1.237482,0.220000,0.212667,-0.263292,-0.303292,0.220000
1772473169,711761352,-1.157592,-0.970688,-1.755834,-0.565895,-1.478519,0.069197,1,0.000000,0.000000,0.220000,-0.272246,0.220000,-0.263776,0.220000,-0.263776,0,-1.198983,0.220000,0.212667,-0.252246,-0.292246,0.220000
1772473169,736815602,-1.158837,-0.977140,-1.761362,-0.559337,-1.478101,0.063669,1,0.000000,0.000000,0.220000,-0.263776,0.220000,-0.256477,0.220000,-0.256477,0,-1.165806,0.220000,0.212667,-0.243776,-0.283776,0.220000
1772473169,761802409,-1.159781,-0.983161,-1.767379,-0.553272,-1.477501,0.057652,1,0.000000,0.000000,0.220000,-0.256477,0.220000,-0.249861,0.220000,-0.249861,0,-1.135731,0.220000,0.212667,-0.236477,-0.276477,0.220000
1772473169,811824170,-1.161259,-0.991791,-1.779301,-0.544548,-1.476760,0.045729,1,0.000000,0.000000,0.220000,-0.249861,0.220000,-0.232754,0.220000,-0.232754,0,-1.057974,0.220000,0.212667,-0.229861,-0.269861,0.220000
1772473169,836877791,-1.162128,-0.997565,-1.784935,-0.538741,-1.476150,0.040096,1,0.000000,0.000000,0.220000,-0.232754,0.220000,-0.227005,0.220000,-0.227005,0,-1.031842,0.220000,0.212667,-0.212754,-0.252754,0.220000
1772473169,862030034,-1.162792,-1.002970,-1.791588,-0.533343,-1.475433,0.033442,1,0.000000,0.000000,0.220000,-0.227005,0.220000,-0.220204,0.220000,-0.220204,0,-1.000929,0.220000,0.212667,-0.207005,-0.247005,0.220000
1772473169,911994524,-1.165441,-1.013402,-1.800783,-0.522580,-1.475373,0.024248,1,0.000000,0.000000,0.220000,-0.220204,0.220000,-0.202338,0.220000,-0.202338,0,-0.919719,0.220000,0.212667,-0.200204,-0.240204,0.220000
1772473169,937014153,-1.166436,-1.019096,-1.805529,-0.516819,-1.474904,0.019502,1,0.000000,0.000000,0.220000,-0.202338,0.220000,-0.197090,0.220000,-0.197090,0,-0.895866,0.220000,0.212667,-0.182338,-0.222338,0.220000
1772473169,962010089,-1.167051,-1.025289,-1.810753,-0.510670,-1.473941,0.014278,1,0.000000,0.000000,0.220000,-0.197090,0.220000,-0.195382,0.220000,-0.195382,0,-0.888102,0.220000,0.212667,-0.177090,-0.217090,0.220000
1772473170,12098455,-1.170544,-1.035807,-1.820863,-0.498544,-1.470881,0.003653,1,0.000000,0.000000,0.220000,-0.195382,0.220000,-0.201967,0.220000,-0.201967,0,-0.918031,0.220000,0.212667,-0.175382,-0.215382,0.220000
1772473170,37136035,-1.171254,-1.041220,-1.826151,-0.493125,-1.470208,-0.001635,1,0.000000,0.000000,0.220000,-0.201967,0.220000,-0.197538,0.220000,-0.197538,0,-0.897899,0.220000,0.212667,-0.181967,-0.221967,0.220000
1772473170,62109249,-1.172001,-1.046329,-1.830247,-0.487993,-1.469649,-0.005731,1,0.000000,0.000000,0.220000,-0.197538,0.220000,-0.194460,0.220000,-0.194460,0,-0.883908,0.220000,0.212667,-0.177538,-0.217538,0.220000
1772473170,112202149,-1.174808,-1.057406,-1.839672,-0.476565,-1.469586,-0.015156,1,0.000000,0.000000,0.220000,-0.194460,0.220000,-0.176272,0.220000,-0.176272,0,-0.801237,0.220000,0.212667,-0.174460,-0.214460,0.220000
1772473170,137295585,-1.175094,-1.063319,-1.844589,-0.470770,-1.468379,-0.020073,1,0.000000,0.000000,0.220000,-0.176272,0.220000,-0.177505,0.220000,-0.177505,0,-0.806842,0.220000,0.212667,-0.156272,-0.196272,0.220000
1772473170,162220597,-1.177560,-1.068243,-1.848836,-0.465385,-1.469530,-0.024320,1,0.000000,0.000000,0.220000,-0.177505,0.220000,-0.158598,0.220000,-0.158598,0,-0.720902,0.220000,0.212667,-0.157505,-0.197505,0.220000
1772473170,212330899,-1.179882,-1.078803,-1.856868,-0.454749,-1.469011,-0.032422,1,0.000000,0.000000,0.220000,-0.158598,0.220000,-0.147273,0.220000,-0.147273,0,-0.669422,0.220000,0.212667,-0.138598,-0.178598,0.220000
1772473170,237438034,-1.181672,-1.084915,-1.860231,-0.453492,-1.465706,-0.037930,1,0.000000,0.000000,0.220000,-0.147273,0.220000,-0.166453,0.220000,-0.166453,0,-0.756603,0.220000,0.212667,-0.127273,-0.167273,0.220000
1772473170,262391905,-1.183271,-1.090397,-1.864351,-0.447784,-1.465891,-0.042051,1,0.000000,0.000000,0.220000,-0.166453,0.220000,-0.156629,0.220000,-0.156629,0,-0.711948,0.220000,0.212667,-0.146453,-0.186453,0.220000
1772473170,312479042,-1.185498,-1.101949,-1.871411,-0.436041,-1.465172,-0.049110,1,0.000000,0.000000,0.220000,-0.156629,0.220000,-0.149340,0.220000,-0.149340,0,-0.678818,0.220000,0.212667,-0.136629,-0.176629,0.220000
1772473170,337475135,-1.186869,-1.106605,-1.875020,-0.431190,-1.465341,-0.052719,1,0.000000,0.000000,0.220000,-0.149340,0.220000,-0.140715,0.220000,-0.140715,0,-0.639612,0.220000,0.212667,-0.129340,-0.169340,0.220000
1772473170,362616751,-1.189418,-1.111278,-1.879062,-0.426030,-1.466648,-0.056762,1,0.000000,0.000000,0.220000,-0.140715,0.220000,-0.120847,0.220000,-0.120847,0,-0.549304,0.220000,0.212667,-0.120715,-0.160715,0.220000
1772473170,412685208,-1.192643,-1.121260,-1.886183,-0.415531,-1.467229,-0.063707,1,0.000000,0.000000,0.220000,-0.120847,0.220000,-0.101985,0.220000,-0.101985,0,-0.463568,0.220000,0.212667,-0.100847,-0.140847,0.220000
1772473170,437625325,-1.194022,-1.126949,-1.889149,-0.409078,-1.465851,-0.062841,1,0.000000,0.000000,0.220000,-0.101985,0.220000,-0.116541,0.220000,-0.116541,0,-0.529733,0.220000,0.212667,-0.081985,-0.121985,0.220000
1772473170,462690901,-1.195617,-1.132066,-1.891981,-0.403724,-1.466101,-0.065673,1,0.000000,0.000000,0.220000,-0.116541,0.220000,-0.108820,0.220000,-0.108820,0,-0.494635,0.220000,0.212667,-0.096541,-0.136541,0.220000
1772473170,512827439,-1.198715,-1.143350,-1.896714,-0.392024,-1.466246,-0.070407,1,0.000000,0.000000,0.220000,-0.108820,0.220000,-0.098570,0.220000,-0.098570,0,-0.448045,0.220000,0.212667,-0.088820,-0.128820,0.220000
1772473170,537796789,-1.200166,-1.147408,-1.899175,-0.387731,-1.466624,-0.072867,1,0.000000,0.000000,0.220000,-0.098570,0.220000,-0.090408,0.220000,-0.090408,0,-0.410944,0.220000,0.212667,-0.078570,-0.118570,0.220000
1772473170,562878115,-1.201993,-1.152730,-1.902654,-0.382119,-1.467047,-0.076346,1,0.000000,0.000000,0.220000,-0.090408,0.220000,-0.079905,0.220000,-0.079905,0,-0.363206,0.220000,0.212667,-0.070408,-0.110408,0.220000
1772473170,612921496,-1.205878,-1.163700,-1.906987,-0.365403,-1.463131,-0.082031,1,0.000000,0.000000,0.220000,-0.079905,0.212667,-0.099905,0.212667,-0.099905,0,-0.479175,0.220000,0.212667,-0.059905,-0.099905,0.220000
1772473170,637994379,-1.206840,-1.167645,-1.909791,-0.361343,-1.463071,-0.084835,1,0.000000,0.000000,0.212667,-0.099905,0.220000,-0.100656,0.220000,-0.100656,0,-0.457526,0.220000,0.205333,-0.079905,-0.119905,0.220000
1772473170,663013612,-1.209377,-1.174158,-1.911602,-0.354402,-1.463888,-0.086646,1,0.000000,0.000000,0.220000,-0.100656,0.220000,-0.090083,0.220000,-0.090083,0,-0.409468,0.220000,0.212667,-0.080656,-0.120656,0.220000
1772473170,713111150,-1.213010,-1.183727,-1.916454,-0.344226,-1.464999,-0.091498,1,0.000000,0.000000,0.220000,-0.090083,0.220000,-0.071084,0.220000,-0.071084,0,-0.323108,0.220000,0.212667,-0.070083,-0.110083,0.220000
1772473170,738200757,-1.214462,-1.189313,-1.919900,-0.338455,-1.464999,-0.094944,1,0.000000,0.000000,0.220000,-0.071084,0.220000,-0.064717,0.220000,-0.064717,0,-0.294166,0.220000,0.212667,-0.051084,-0.091084,0.220000
1772473170,763189358,-1.215580,-1.194350,-1.921205,-0.333298,-1.464815,-0.096249,1,0.000000,0.000000,0.220000,-0.064717,0.220000,-0.064294,0.220000,-0.064294,0,-0.292245,0.220000,0.212667,-0.044717,-0.084717,0.220000
1772473170,788302117,-1.216866,-1.199145,-1.922660,-0.328140,-1.464903,-0.097678,1,0.000000,0.000000,0.220000,-0.064294,0.220000,-0.061152,0.220000,-0.061152,0,-0.277962,0.220000,0.212667,-0.044294,-0.084294,0.220000
1772473170,838355551,-1.220588,-1.209525,-1.926225,-0.314039,-1.466674,-0.100821,1,0.000000,0.000000,0.220000,-0.061152,0.220000,-0.041152,0.220000,-0.041152,0,-0.182919,0.220000,0.212667,-0.041152,-0.081152,0.220000
1772473170,863390390,-1.224121,-1.214412,-1.928108,-0.308419,-1.468861,-0.102705,1,0.000000,0.000000,0.220000,-0.041152,0.220000,-0.021152,0.220000,-0.021152,0,-0.078092,0.220000,0.212667,-0.021152,-0.061152,0.220000
1772473170,913467313,-1.227901,-1.224420,-1.931655,-0.297782,-1.469999,-0.106252,1,0.000000,0.000000,0.220000,-0.021152,0.220000,-0.001152,0.220000,-0.001152,0,-0.005013,0.220000,0.212667,-0.001152,-0.041152,0.220000
1772473170,938509928,-1.228931,-1.229733,-1.932297,-0.292381,-1.469658,-0.106894,1,0.000000,0.000000,0.220000,-0.001152,0.220000,-0.003683,0.220000,-0.003683,0,-0.016739,0.220000,0.212667,0.018848,-0.021152,0.220000
1772473170,963589925,-1.231624,-1.234259,-1.932028,-0.287322,-1.471124,-0.106625,1,0.000000,0.000000,0.220000,-0.003683,0.220000,0.008414,0.220000,0.008414,0,0.038246,0.220000,0.212667,0.016317,-0.023683,0.220000
1772473171,13735346,-1.234833,-1.245598,-1.932814,-0.275540,-1.471374,-0.107411,1,0.000000,0.000000,0.220000,0.008414,0.220000,0.010398,0.220000,0.010398,0,0.047263,0.220000,0.212667,0.028414,-0.011586,0.220000
1772473171,38736164,-1.237008,-1.250245,-1.932645,-0.270613,-1.472438,-0.107097,1,0.000000,0.000000,0.220000,0.010398,0.220000,0.018632,0.220000,0.018632,0,0.084691,0.220000,0.212667,0.030398,-0.009602,0.220000
1772473171,63813491,-1.238071,-1.256433,-1.932984,-0.266073,-1.473777,-0.105314,1,0.000000,0.000000,0.220000,0.018632,0.220000,0.026474,0.220000,0.026474,0,0.120336,0.220000,0.212667,0.038632,-0.001368,0.220000
1772473171,113892308,-1.243446,-1.266098,-1.932446,-0.255359,-1.476520,-0.104775,1,0.000000,0.000000,0.220000,0.026474,0.212667,0.046474,0.212667,0.046474,0,0.219978,0.220000,0.212667,0.046474,0.006474,0.220000
1772473171,139105319,-1.243664,-1.271772,-1.932073,-0.249816,-1.475290,-0.104403,1,0.000000,0.000000,0.212667,0.046474,0.220000,0.035354,0.220000,0.035354,0,0.160701,0.220000,0.205333,0.066474,0.026474,0.220000
1772473171,163993344,-1.245960,-1.277025,-1.931465,-0.244152,-1.476176,-0.103795,1,0.000000,0.000000,0.220000,0.035354,0.220000,0.041053,0.220000,0.041053,0,0.186606,0.220000,0.212667,0.055354,0.015354,0.220000
1772473171,214142742,-1.249851,-1.287404,-1.930084,-0.233124,-1.477303,-0.102414,1,0.000000,0.000000,0.220000,0.041053,0.220000,0.046099,0.220000,0.046099,0,0.209541,0.220000,0.212667,0.061053,0.021053,0.220000
1772473171,239205601,-1.251447,-1.293326,-1.928801,-0.226991,-1.477342,-0.101131,1,0.000000,0.000000,0.220000,0.046099,0.220000,0.042448,0.220000,0.042448,0,0.192947,0.220000,0.212667,0.066099,0.026099,0.220000
1772473171,264209713,-1.253809,-1.296616,-1.928456,-0.223209,-1.478790,-0.100785,1,0.000000,0.000000,0.220000,0.042448,0.220000,0.054022,0.220000,0.054022,0,0.245556,0.220000,0.212667,0.062448,0.022448,0.220000
1772473171,314361084,-1.257686,-1.307856,-1.927256,-0.211016,-1.477241,-0.097567,1,0.000000,0.000000,0.220000,0.054022,0.220000,0.034022,0.220000,0.034022,0,0.138098,0.220000,0.212667,0.074022,0.034022,0.220000
1772473171,339408005,-1.257692,-1.312800,-1.927133,-0.206235,-1.475981,-0.097444,1,0.000000,0.000000,0.220000,0.034022,0.220000,0.017397,0.220000,0.017397,0,0.079078,0.220000,0.212667,0.054022,0.014022,0.220000
1772473171,364455459,-1.259641,-1.318492,-1.926689,-0.200234,-1.476408,-0.097000,1,0.000000,0.000000,0.220000,0.017397,0.220000,0.018685,0.220000,0.018685,0,0.084933,0.220000,0.212667,0.037397,-0.002603,0.220000
1772473171,389515605,-1.261784,-1.324290,-1.926156,-0.194080,-1.476995,-0.096467,1,0.000000,0.000000,0.220000,0.018685,0.220000,0.021158,0.220000,0.021158,0,0.096173,0.220000,0.212667,0.038685,-0.001315,0.220000
1772473171,439586588,-1.265309,-1.333813,-1.926335,-0.183972,-1.477964,-0.096646,1,0.000000,0.000000,0.220000,0.021158,0.220000,0.027196,0.220000,0.027196,0,0.123618,0.220000,0.212667,0.041158,0.001158,0.220000
1772473171,464667539,-1.268713,-1.339090,-1.925220,-0.178000,-1.479903,-0.095531,1,0.000000,0.000000,0.220000,0.027196,0.220000,0.040655,0.220000,0.040655,0,0.184795,0.220000,0.212667,0.047196,0.007196,0.220000
1772473171,489743029,-1.269334,-1.345089,-1.926722,-0.172042,-1.478968,-0.097033,1,0.000000,0.000000,0.220000,0.040655,0.220000,0.033138,0.220000,0.033138,0,0.150625,0.220000,0.212667,0.060655,0.020655,0.220000
1772473171,539804307,-1.272596,-1.355905,-1.924918,-0.161118,-1.479053,-0.095171,1,0.000000,0.000000,0.220000,0.033138,0.220000,0.026290,0.220000,0.026290,0,0.119500,0.220000,0.212667,0.053138,0.013138,0.220000
1772473171,564908038,-1.273886,-1.361176,-1.924597,-0.159909,-1.475500,-0.094187,1,0.000000,0.000000,0.220000,0.026290,0.220000,0.006290,0.220000,0.006290,0,-0.038338,0.220000,0.212667,0.046290,0.006290,0.220000
1772473171,614960354,-1.278025,-1.370701,-1.923605,-0.149641,-1.477056,-0.093195,1,0.000000,0.000000,0.220000,0.006290,0.220000,-0.000229,0.220000,-0.000229,0,-0.001043,0.220000,0.212667,0.026290,-0.013710,0.220000
1772473171,639989146,-1.280329,-1.378170,-1.922499,-0.141830,-1.477365,-0.092089,1,0.000000,0.000000,0.220000,-0.000229,0.220000,-0.002840,0.220000,-0.002840,0,-0.012911,0.220000,0.212667,0.019771,-0.020229,0.220000
1772473171,665093164,-1.281511,-1.384306,-1.922590,-0.135597,-1.476932,-0.092180,1,0.000000,0.000000,0.220000,-0.002840,0.220000,-0.009236,0.220000,-0.009236,0,-0.041983,0.220000,0.212667,0.017160,-0.022840,0.220000
1772473171,690094811,-1.282474,-1.389378,-1.923791,-0.130448,-1.476561,-0.093381,1,0.000000,0.000000,0.220000,-0.009236,0.220000,-0.012495,0.220000,-0.012495,0,-0.056794,0.220000,0.212667,0.010764,-0.029236,0.220000
1772473171,740156754,-1.286867,-1.398869,-1.924497,-0.120147,-1.478370,-0.094087,1,0.000000,0.000000,0.220000,-0.012495,0.220000,0.000603,0.220000,0.000603,0,0.002742,0.220000,0.212667,0.007505,-0.032495,0.220000
1772473171,765222186,-1.289503,-1.404788,-1.925060,-0.113749,-1.479399,-0.094650,1,0.000000,0.000000,0.220000,0.000603,0.220000,0.007955,0.220000,0.007955,0,0.036157,0.220000,0.212667,0.020603,-0.019397,0.220000
1772473171,790307825,-1.291948,-1.411541,-1.924043,-0.106777,-1.479646,-0.093627,1,0.000000,0.000000,0.220000,0.007955,0.218823,0.004615,0.218823,0.004615,0,0.021091,0.218823,0.212667,0.027955,-0.012045,0.218823
1772473171,840371996,-1.294872,-1.423296,-1.924428,-0.096754,-1.475075,-0.093940,1,0.000000,0.000000,0.218823,0.004615,0.215103,-0.015385,0.215103,-0.015385,0,-0.189150,0.215103,0.211490,0.024615,-0.015385,0.215103
1772473171,865479461,-1.296953,-1.429134,-1.924977,-0.090577,-1.475586,-0.094489,1,0.000000,0.000000,0.215103,-0.015385,0.212539,-0.035385,0.212539,-0.035385,0,-0.178882,0.212539,0.207769,0.004615,-0.035385,0.212539
1772473171,915517809,-1.300411,-1.441633,-1.925334,-0.077609,-1.475720,-0.094846,1,0.000000,0.000000,0.212539,-0.035385,0.207241,-0.042535,0.207241,-0.042535,0,-0.205245,0.207241,0.205206,-0.015385,-0.055385,0.207241
1772473171,940568804,-1.302590,-1.446874,-1.925594,-0.071985,-1.476480,-0.095106,1,0.000000,0.000000,0.207241,-0.042535,0.204883,-0.038463,0.204883,-0.038463,0,-0.187732,0.204883,0.199908,-0.022535,-0.062535,0.204883
1772473171,965583965,-1.303967,-1.451387,-1.927708,-0.067270,-1.476652,-0.097220,1,0.000000,0.000000,0.204883,-0.038463,0.202947,-0.035581,0.202947,-0.035581,0,-0.175321,0.202947,0.197550,-0.018463,-0.058463,0.202947
1772473172,15688393,-1.307515,-1.462224,-1.931382,-0.055884,-1.477298,-0.100894,1,0.000000,0.000000,0.202947,-0.035581,0.198255,-0.029882,0.198255,-0.029882,0,-0.150726,0.198255,0.195614,-0.015581,-0.055581,0.198255
1772473172,40767672,-1.309141,-1.465459,-1.931769,-0.052399,-1.478673,-0.101675,1,0.000000,0.000000,0.198255,-0.029882,0.196714,-0.019326,0.196714,-0.019326,0,-0.098244,0.196714,0.190922,-0.009882,-0.049882,0.196714
1772473172,65786156,-1.310092,-1.470812,-1.931817,-0.047667,-1.485435,-0.106193,1,0.000000,0.000000,0.196714,-0.019326,0.194199,0.000674,0.194199,0.000674,0,0.205556,0.194199,0.189381,0.000674,-0.039326,0.194199
1772473172,115869137,-1.312864,-1.483047,-1.933633,-0.035128,-1.485034,-0.108009,1,0.000000,0.000000,0.194199,0.000674,0.189120,0.020674,0.189120,0.020674,0,0.161251,0.189120,0.186866,0.020674,-0.019326,0.189120
1772473172,140947111,-1.315717,-1.486086,-1.933465,-0.031468,-1.487028,-0.107840,1,0.000000,0.000000,0.189120,0.020674,0.181787,0.040674,0.181787,0.040674,0,0.228415,0.187456,0.181787,0.040674,0.000674,0.187456
1772473172,165952398,-1.317694,-1.491308,-1.933970,-0.025916,-1.487625,-0.108345,1,0.000000,0.000000,0.181787,0.040674,0.185141,0.043714,0.185141,0.043714,0,0.236111,0.185141,0.174453,0.060674,0.020674,0.185141
1772473172,216045681,-1.319906,-1.500079,-1.932209,-0.016871,-1.487554,-0.106585,1,0.000000,0.000000,0.185141,0.043714,0.181462,0.032839,0.181462,0.032839,0,0.180968,0.181462,0.177808,0.063714,0.023714,0.181462
1772473172,241114162,-1.322203,-1.504615,-1.930169,-0.011902,-1.488634,-0.104544,1,0.000000,0.000000,0.181462,0.032839,0.179344,0.033412,0.179344,0.033412,0,0.186304,0.179344,0.174129,0.052839,0.012839,0.179344
1772473172,266193898,-1.321703,-1.508679,-1.930304,-0.008095,-1.487126,-0.104679,1,0.000000,0.000000,0.179344,0.033412,0.177928,0.019371,0.177928,0.019371,0,0.108868,0.177928,0.172010,0.053412,0.013412,0.177928
1772473172,291209406,-1.323394,-1.513470,-1.930001,-0.003194,-1.487648,-0.104392,1,0.000000,0.000000,0.177928,0.019371,0.175888,0.018673,0.175888,0.018673,0,0.106166,0.175888,0.170595,0.039371,-0.000629,0.175888
1772473172,341329554,-1.327647,-1.522972,-1.928692,0.005068,-1.490527,-0.103279,1,0.000000,0.000000,0.175888,0.018673,0.172267,0.030311,0.172267,0.030311,0,0.175954,0.172267,0.168555,0.038673,-0.001327,0.172267
1772473172,366388074,-1.328261,-1.527653,-1.928381,0.009752,-1.489941,-0.102968,1,0.000000,0.000000,0.172267,0.030311,0.170415,0.021552,0.170415,0.021552,0,0.126465,0.170415,0.164934,0.050311,0.010311,0.170415
1772473172,391433750,-1.329673,-1.532470,-1.929116,0.014770,-1.490095,-0.103703,1,0.000000,0.000000,0.170415,0.021552,0.168362,0.019259,0.168362,0.019259,0,0.114391,0.168362,0.163082,0.041552,0.001552,0.168362
1772473172,441522296,-1.332444,-1.539900,-1.928261,0.022658,-1.490905,-0.102849,1,0.000000,0.000000,0.168362,0.019259,0.165083,0.016284,0.165083,0.016284,0,0.098639,0.165083,0.161028,0.039259,-0.000741,0.165083
1772473172,466560825,-1.333583,-1.544557,-1.927207,0.027452,-1.490834,-0.101794,1,0.000000,0.000000,0.165083,0.016284,0.163143,0.009857,0.163143,0.009857,0,0.060420,0.163143,0.157749,0.036284,-0.003716,0.163143
1772473172,491618711,-1.335613,-1.549135,-1.926467,0.032394,-1.491646,-0.101054,1,0.000000,0.000000,0.163143,0.009857,0.161061,0.009466,0.161061,0.009466,0,0.058773,0.161061,0.155810,0.029857,-0.010143,0.161061
1772473172,541709941,-1.338515,-1.557376,-1.927059,0.041105,-1.492397,-0.101553,1,0.000000,0.000000,0.161061,0.009466,0.157456,0.006714,0.157456,0.006714,0,0.042643,0.157456,0.153728,0.029466,-0.010534,0.157456
1772473172,566732584,-1.339789,-1.560220,-1.926729,0.044246,-1.493128,-0.100085,1,0.000000,0.000000,0.157456,0.006714,0.156113,0.006254,0.156113,0.006254,0,0.040061,0.156113,0.150123,0.026714,-0.013286,0.156113
1772473172,591806523,-1.341517,-1.565578,-1.927227,0.049867,-1.493444,-0.100583,1,0.000000,0.000000,0.156113,0.006254,0.153804,0.003329,0.153804,0.003329,0,0.021642,0.153804,0.148779,0.026254,-0.013746,0.153804
1772473172,641892236,-1.343217,-1.571464,-1.926017,0.055992,-1.493598,-0.099373,1,0.000000,0.000000,0.153804,0.003329,0.151308,-0.003494,0.151308,-0.003494,0,-0.023089,0.151308,0.146471,0.023329,-0.016671,0.151308
1772473172,666930632,-1.345423,-1.576622,-1.927239,0.061540,-1.494427,-0.100595,1,0.000000,0.000000,0.151308,-0.003494,0.148981,-0.002558,0.148981,-0.002558,0,-0.017167,0.148981,0.143975,0.016506,-0.023494,0.148981
1772473172,691977610,-1.347037,-1.579379,-1.927229,0.064616,-1.495291,-0.100585,1,0.000000,0.000000,0.148981,-0.002558,0.147651,-0.000540,0.147651,-0.000540,0,-0.003657,0.147651,0.141648,0.017442,-0.022558,0.147651
1772473172,742073531,-1.348868,-1.586935,-1.928075,0.072389,-1.495151,-0.101431,1,0.000000,0.000000,0.147651,-0.000540,0.144521,-0.008732,0.144521,-0.008732,0,-0.060417,0.144521,0.140317,0.019460,-0.020540,0.144521
1772473172,767106988,-1.351519,-1.589849,-1.927912,0.075669,-1.496884,-0.101106,1,0.000000,0.000000,0.144521,-0.008732,0.143020,-0.002595,0.143020,-0.002595,0,-0.018143,0.143020,0.137188,0.011268,-0.028732,0.143020
1772473172,792162639,-1.351190,-1.592862,-1.928650,0.075908,-1.494643,-0.099851,1,0.000000,0.000000,0.143020,-0.002595,0.143151,-0.017557,0.143151,-0.017557,0,-0.122645,0.143151,0.135687,0.017405,-0.022595,0.143151
1772473172,842235845,-1.353560,-1.599340,-1.930052,0.082777,-1.495282,-0.101253,1,0.000000,0.000000,0.143151,-0.017557,0.140313,-0.019690,0.140313,-0.019690,0,-0.140331,0.140313,0.135818,0.002443,-0.037557,0.140313
1772473172,867226792,-1.355034,-1.602202,-1.929963,0.085921,-1.495977,-0.101163,1,0.000000,0.000000,0.140313,-0.019690,0.138973,-0.019377,0.138973,-0.019377,0,-0.139432,0.138973,0.132980,0.000310,-0.039690,0.138973
1772473172,892314136,-1.355924,-1.605969,-1.930886,0.089790,-1.495876,-0.102087,1,0.000000,0.000000,0.138973,-0.019377,0.137424,-0.023280,0.137424,-0.023280,0,-0.169405,0.137424,0.131639,0.000623,-0.039377,0.137424
1772473172,942360724,-1.358194,-1.612276,-1.932877,0.096467,-1.496462,-0.104078,1,0.000000,0.000000,0.137424,-0.023280,0.134671,-0.025383,0.134671,-0.025383,0,-0.188484,0.134671,0.130090,-0.003280,-0.043280,0.134671
1772473172,967423462,-1.358935,-1.615771,-1.933257,0.100035,-1.496287,-0.104457,1,0.000000,0.000000,0.134671,-0.025383,0.133254,-0.030229,0.133254,-0.030229,0,-0.226853,0.133254,0.127338,-0.005383,-0.045383,0.133254
1772473172,992504015,-1.360757,-1.618837,-1.933520,0.103341,-1.497051,-0.104737,1,0.000000,0.000000,0.133254,-0.030229,0.131842,-0.029751,0.131842,-0.029751,0,-0.225660,0.131842,0.125921,-0.010229,-0.050229,0.131842
1772473173,42540606,-1.362887,-1.624364,-1.934775,0.107686,-1.495014,-0.106193,1,0.000000,0.000000,0.131842,-0.029751,0.130322,-0.044275,0.130322,-0.044275,0,-0.339740,0.130322,0.124508,-0.009751,-0.049751,0.130322
1772473173,67510400,-1.364708,-1.626863,-1.936145,0.110566,-1.496138,-0.107563,1,0.000000,0.000000,0.130322,-0.044275,0.129040,-0.040338,0.129040,-0.040338,0,-0.312602,0.129040,0.122989,-0.024275,-0.064275,0.129040
1772473173,92597480,-1.365553,-1.629635,-1.936347,0.113462,-1.496249,-0.107765,1,0.000000,0.000000,0.129040,-0.040338,0.127866,-0.043087,0.127866,-0.043087,0,-0.336972,0.127866,0.121706,-0.020338,-0.060338,0.127866
1772473173,142691672,-1.368372,-1.636270,-1.938443,0.120596,-1.497283,-0.109861,1,0.000000,0.000000,0.127866,-0.043087,0.124888,-0.044897,0.124888,-0.044897,0,-0.359493,0.124888,0.120532,-0.023087,-0.063087,0.124888
1772473173,167725504,-1.368532,-1.640337,-1.940345,0.124571,-1.496401,-0.111763,1,0.000000,0.000000,0.124888,-0.044897,0.123400,-0.052454,0.123400,-0.052454,0,-0.425073,0.123400,0.117555,-0.024897,-0.064897,0.123400
1772473173,217750507,-1.370999,-1.645836,-1.942018,0.130516,-1.497384,-0.113436,1,0.000000,0.000000,0.123400,-0.052454,0.120908,-0.054100,0.120908,-0.054100,0,-0.447446,0.120908,0.116067,-0.032454,-0.072454,0.120908
1772473173,242798708,-1.372658,-1.647858,-1.942677,0.132895,-1.498473,-0.114095,1,0.000000,0.000000,0.120908,-0.054100,0.119829,-0.051392,0.119829,-0.051392,0,-0.428880,0.119829,0.113574,-0.034100,-0.074100,0.119829
1772473173,267825264,-1.374396,-1.650904,-1.944253,0.136480,-1.499778,-0.115732,1,0.000000,0.000000,0.119829,-0.051392,0.118242,-0.049022,0.118242,-0.049022,0,-0.414593,0.118242,0.112495,-0.031392,-0.071392,0.118242
1772473173,292883131,-1.374104,-1.654991,-1.946573,0.143175,-1.504201,-0.118939,1,0.000000,0.000000,0.118242,-0.049022,0.115051,-0.035805,0.115051,-0.035805,0,-0.311214,0.115051,0.110909,-0.029022,-0.069022,0.115051
1772473173,342972394,-1.376573,-1.660041,-1.948909,0.148687,-1.505307,-0.121275,1,0.000000,0.000000,0.115051,-0.035805,0.112716,-0.038065,0.112716,-0.038065,0,-0.337704,0.112716,0.107718,-0.015805,-0.055805,0.112716
1772473173,368017932,-1.377343,-1.662318,-1.949534,0.151084,-1.505472,-0.121900,1,0.000000,0.000000,0.112716,-0.038065,0.111737,-0.040808,0.111737,-0.040808,0,-0.365217,0.111737,0.105383,-0.018065,-0.058065,0.111737
1772473173,393110828,-1.377839,-1.665197,-1.949975,0.153995,-1.505221,-0.122341,1,0.000000,0.000000,0.111737,-0.040808,0.110601,-0.047144,0.110601,-0.047144,0,-0.426254,0.110601,0.104403,-0.020808,-0.060808,0.110601
1772473173,443133479,-1.379429,-1.670031,-1.952534,0.159075,-1.505532,-0.124900,1,0.000000,0.000000,0.110601,-0.047144,0.108534,-0.052888,0.108534,-0.052888,0,-0.487294,0.108534,0.103268,-0.027144,-0.067144,0.108534
1772473173,468153053,-1.380203,-1.672537,-1.953166,0.161694,-1.505643,-0.125532,1,0.000000,0.000000,0.108534,-0.052888,0.107475,-0.057071,0.107475,-0.057071,0,-0.531019,0.107475,0.101201,-0.032888,-0.072888,0.107475
1772473173,493224107,-1.382242,-1.674481,-1.953605,0.164093,-1.507122,-0.125971,1,0.000000,0.000000,0.107475,-0.057071,0.106341,-0.055772,0.106341,-0.055772,0,-0.524464,0.106341,0.100142,-0.037071,-0.077071,0.106341
1772473173,543305991,-1.383474,-1.679701,-1.957486,0.169455,-1.506987,-0.129852,1,0.000000,0.000000,0.106341,-0.055772,0.104217,-0.063914,0.104217,-0.063914,0,-0.613271,0.104217,0.099008,-0.035772,-0.075772,0.104217
1772473173,568284153,-1.384187,-1.682682,-1.957943,0.172355,-1.506815,-0.130356,1,0.000000,0.000000,0.104217,-0.063914,0.103083,-0.071403,0.103083,-0.071403,0,-0.692674,0.103083,0.096884,-0.043914,-0.083914,0.103083
1772473173,593320545,-1.386136,-1.684815,-1.959254,0.172432,-1.506572,-0.132389,1,0.000000,0.000000,0.103083,-0.071403,0.103082,-0.070629,0.103082,-0.070629,0,-0.685174,0.103082,0.095749,-0.051403,-0.091403,0.103082
1772473173,643434213,-1.387859,-1.688468,-1.961661,0.176402,-1.507314,-0.134796,1,0.000000,0.000000,0.103082,-0.070629,0.101411,-0.075274,0.101411,-0.075274,0,-0.742269,0.101411,0.095749,-0.050629,-0.090629,0.101411
1772473173,668496925,-1.388899,-1.692562,-1.964241,0.180626,-1.507283,-0.137376,1,0.000000,0.000000,0.101411,-0.075274,0.099735,-0.084543,0.099735,-0.084543,0,-0.847670,0.099735,0.094077,-0.055274,-0.095274,0.099735
1772473173,693485138,-1.388803,-1.694337,-1.966138,0.182318,-1.506740,-0.139273,1,0.000000,0.000000,0.099735,-0.084543,0.099132,-0.089787,0.099132,-0.089787,0,-0.905728,0.099132,0.092402,-0.064543,-0.104543,0.099132
1772473173,743545977,-1.391615,-1.699279,-1.969689,0.187812,-1.508209,-0.142824,1,0.000000,0.000000,0.099132,-0.089787,0.096766,-0.098509,0.096766,-0.098509,0,-1.018017,0.096766,0.091799,-0.069787,-0.109787,0.096766
1772473173,768581029,-1.392173,-1.701760,-1.971197,0.190352,-1.508120,-0.144331,1,0.000000,0.000000,0.096766,-0.098509,0.095771,-0.107242,0.095771,-0.107242,0,-1.119776,0.095771,0.089433,-0.078509,-0.118509,0.095771
1772473173,793711166,-1.393093,-1.704430,-1.973149,0.193169,-1.508334,-0.146283,1,0.000000,0.000000,0.095771,-0.107242,0.094628,-0.115360,0.094628,-0.115360,0,-1.219088,0.094628,0.088438,-0.087242,-0.127242,0.094628
1772473173,843717593,-1.393310,-1.708951,-1.978478,0.197598,-1.507399,-0.151613,1,0.000000,0.000000,0.094628,-0.115360,0.093004,-0.134619,0.093004,-0.134619,0,-1.447460,0.093004,0.087295,-0.095360,-0.135360,0.093004
1772473173,868723201,-1.395834,-1.712687,-1.980283,0.201851,-1.508895,-0.153418,1,0.000000,0.000000,0.093004,-0.134619,0.091125,-0.145934,0.091125,-0.145934,0,-1.601478,0.091125,0.085670,-0.114619,-0.154619,0.091125
1772473173,893733178,-1.395646,-1.714184,-1.982922,0.203251,-1.508333,-0.156056,1,0.000000,0.000000,0.091125,-0.145934,0.090649,-0.147480,0.090649,-0.147480,0,-1.626921,0.090649,0.083792,-0.125934,-0.165934,0.090649
1772473173,943846649,-1.396559,-1.718918,-1.989650,0.208308,-1.508141,-0.163111,1,0.000000,0.000000,0.090649,-0.147480,0.088689,-0.148781,0.088689,-0.148781,0,-1.677562,0.088689,0.083316,-0.127480,-0.167480,0.088689
1772473173,968848036,-1.397316,-1.720178,-1.993497,0.213572,-1.510499,-0.172130,1,0.000000,0.000000,0.088689,-0.148781,0.086293,-0.139586,0.086293,-0.139586,0,-1.617586,0.086293,0.081355,-0.128781,-0.168781,0.086293
1772473173,993871613,-1.398347,-1.722082,-1.997284,0.215673,-1.511025,-0.175917,1,0.000000,0.000000,0.086293,-0.139586,0.085395,-0.137296,0.085395,-0.137296,0,-1.607789,0.085395,0.078959,-0.119586,-0.159586,0.085395
1772473174,43963038,-1.399290,-1.725857,-2.003381,0.219564,-1.511003,-0.182013,1,0.000000,0.000000,0.085395,-0.137296,0.083872,-0.137692,0.083872,-0.137692,0,-1.641695,0.083872,0.078061,-0.117296,-0.157296,0.083872
1772473174,68969172,-1.400340,-1.728638,-2.006827,0.222518,-1.511331,-0.185459,1,0.000000,0.000000,0.083872,-0.137692,0.082668,-0.137756,0.082668,-0.137756,0,-1.666368,0.082668,0.076538,-0.117692,-0.157692,0.082668
1772473174,93937732,-1.400619,-1.730147,-2.011066,0.224049,-1.511227,-0.189698,1,0.000000,0.000000,0.082668,-0.137756,0.082085,-0.136878,0.082085,-0.136878,0,-1.667517,0.082085,0.075335,-0.117756,-0.157756,0.082085
1772473174,144095093,-1.403156,-1.734374,-2.016974,0.228774,-1.512637,-0.195606,1,0.000000,0.000000,0.082085,-0.136878,0.080035,-0.133386,0.080035,-0.133386,0,-1.666594,0.080035,0.074752,-0.116878,-0.156878,0.080035
1772473174,169081188,-1.404193,-1.735701,-2.020056,0.230316,-1.513312,-0.198689,1,0.000000,0.000000,0.080035,-0.133386,0.079335,-0.130439,0.079335,-0.130439,0,-1.644157,0.079335,0.072702,-0.113386,-0.153386,0.079335
1772473174,194153384,-1.404232,-1.737176,-2.024217,0.231755,-1.512984,-0.202849,1,0.000000,0.000000,0.079335,-0.130439,0.078821,-0.130535,0.078821,-0.130535,0,-1.656096,0.078821,0.072001,-0.110439,-0.150439,0.078821
1772473174,244200041,-1.406418,-1.741233,-2.029751,0.236227,-1.514095,-0.208383,1,0.000000,0.000000,0.078821,-0.130535,0.076914,-0.128367,0.076914,-0.128367,0,-1.668963,0.076914,0.071488,-0.110535,-0.150535,0.076914
1772473174,269194687,-1.405893,-1.743551,-2.032383,0.238343,-1.513013,-0.211016,1,0.000000,0.000000,0.076914,-0.128367,0.076254,-0.134132,0.076254,-0.134132,0,-1.759017,0.076254,0.069581,-0.108367,-0.148367,0.076254
1772473174,294221295,-1.407643,-1.745504,-2.035667,0.240669,-1.514224,-0.214299,1,0.000000,0.000000,0.076254,-0.134132,0.075168,-0.130150,0.075168,-0.130150,0,-1.731459,0.075168,0.068921,-0.114132,-0.154132,0.075168
1772473174,344329864,-1.408050,-1.749366,-2.042043,0.244511,-1.513660,-0.220675,1,0.000000,0.000000,0.075168,-0.130150,0.073765,-0.133818,0.073765,-0.133818,0,-1.814100,0.073765,0.067834,-0.110150,-0.150150,0.073765
1772473174,369407546,-1.409891,-1.750329,-2.045125,0.245900,-1.515205,-0.223758,1,0.000000,0.000000,0.073765,-0.133818,0.072989,-0.126981,0.072989,-0.126981,0,-1.739720,0.072989,0.066432,-0.113818,-0.153818,0.072989
1772473174,394414205,-1.411019,-1.750792,-2.048319,0.246635,-1.515946,-0.226801,1,0.000000,0.000000,0.072989,-0.126981,0.072591,-0.122491,0.072591,-0.122491,0,-1.687403,0.072591,0.065656,-0.106981,-0.146981,0.072591
1772473174,444478016,-1.412630,-1.754588,-2.053945,0.250820,-1.512242,-0.229703,1,0.000000,0.000000,0.072591,-0.122491,0.070838,-0.142491,0.070838,-0.142491,0,-2.011500,0.071563,0.065258,-0.102491,-0.142491,0.071563
1772473174,469524977,-1.410969,-1.757054,-2.057699,0.252791,-1.510016,-0.233457,1,0.000000,0.000000,0.070838,-0.142491,0.071181,-0.154412,0.071181,-0.154412,0,-2.169293,0.071181,0.063505,-0.122491,-0.162491,0.071181
1772473174,494536152,-1.412410,-1.757729,-2.060036,0.253806,-1.511242,-0.235793,1,0.000000,0.000000,0.071181,-0.154412,0.070587,-0.149081,0.070587,-0.149081,0,-2.112016,0.070587,0.063848,-0.134412,-0.174412,0.070587
1772473174,544688491,-1.414063,-1.761793,-2.067898,0.258154,-1.511823,-0.243655,1,0.000000,0.000000,0.070587,-0.149081,0.068834,-0.148713,0.068834,-0.148713,0,-2.160455,0.068834,0.063254,-0.129081,-0.169081,0.068834
1772473174,569657013,-1.413997,-1.763159,-2.070883,0.259460,-1.511416,-0.246641,1,0.000000,0.000000,0.068834,-0.148713,0.068408,-0.150793,0.068408,-0.150793,0,-2.204314,0.068408,0.061501,-0.128713,-0.168713,0.068408
1772473174,594684000,-1.415588,-1.765167,-2.075177,0.261803,-1.512453,-0.250934,1,0.000000,0.000000,0.068408,-0.150793,0.067341,-0.147430,0.067341,-0.147430,0,-2.189315,0.067341,0.061075,-0.130793,-0.170793,0.067341
1772473174,644798858,-1.417468,-1.767264,-2.083168,0.264304,-1.513747,-0.258926,1,0.000000,0.000000,0.067341,-0.147430,0.066169,-0.140159,0.066169,-0.140159,0,-2.118197,0.066169,0.060007,-0.127430,-0.167430,0.066169
1772473174,669767165,-1.417086,-1.768280,-2.087008,0.265192,-1.513123,-0.262766,1,0.000000,0.000000,0.066169,-0.140159,0.065941,-0.141866,0.065941,-0.141866,0,-2.151397,0.065941,0.058835,-0.120159,-0.160159,0.065941
1772473174,694785203,-1.419239,-1.770999,-2.090138,0.268364,-1.514525,-0.265896,1,0.000000,0.000000,0.065941,-0.141866,0.064497,-0.139619,0.064497,-0.139619,0,-2.164741,0.064497,0.058608,-0.121866,-0.161866,0.064497
1772473174,744859549,-1.420218,-1.773809,-2.096744,0.271330,-1.514768,-0.272502,1,0.000000,0.000000,0.064497,-0.139619,0.063334,-0.139743,0.063334,-0.139743,0,-2.206445,0.063334,0.057163,-0.119619,-0.159619,0.063334
1772473174,769936606,-1.421861,-1.774431,-2.100605,0.272344,-1.516202,-0.276363,1,0.000000,0.000000,0.063334,-0.139743,0.062698,-0.131847,0.062698,-0.131847,0,-2.102890,0.062698,0.056001,-0.119743,-0.159743,0.062698
1772473174,794979282,-1.421570,-1.775302,-2.104281,0.273114,-1.515702,-0.280039,1,0.000000,0.000000,0.062698,-0.131847,0.062496,-0.133092,0.062496,-0.133092,0,-2.129611,0.062496,0.055365,-0.111847,-0.151847,0.062496
1772473174,845015760,-1.423642,-1.779192,-2.109400,0.277400,-1.516734,-0.285158,1,0.000000,0.000000,0.062496,-0.133092,0.060698,-0.133931,0.060698,-0.133931,0,-2.206493,0.060698,0.055163,-0.113092,-0.153092,0.060698
1772473174,870055442,-1.423513,-1.781278,-2.112664,0.279387,-1.516086,-0.288422,1,0.000000,0.000000,0.060698,-0.133931,0.060071,-0.139474,0.060071,-0.139474,0,-2.321798,0.060071,0.053365,-0.113931,-0.153931,0.060071
1772473174,895075472,-1.424689,-1.780950,-2.116562,0.279364,-1.517306,-0.292320,1,0.000000,0.000000,0.060071,-0.139474,0.059857,-0.129938,0.059857,-0.129938,0,-2.170795,0.059857,0.052738,-0.119474,-0.159474,0.059857
1772473174,945171225,-1.426217,-1.784358,-2.122749,0.288761,-1.519567,-0.298078,1,0.000000,0.000000,0.059857,-0.129938,0.055927,-0.137709,0.055927,-0.137709,0,-2.462292,0.055927,0.052524,-0.109938,-0.149938,0.055927
1772473174,970216120,-1.428200,-1.785436,-2.125376,0.290303,-1.521216,-0.300705,1,0.000000,0.000000,0.055927,-0.137709,0.055047,-0.130667,0.055047,-0.130667,0,-2.373751,0.055047,0.048594,-0.117709,-0.157709,0.055047
1772473174,995257919,-1.427864,-1.785687,-2.128827,0.290462,-1.520827,-0.304156,1,0.000000,0.000000,0.055047,-0.130667,0.055059,-0.130437,0.055059,-0.130437,0,-2.369037,0.055059,0.047713,-0.110667,-0.150667,0.055059
1772473175,45279426,-1.427724,-1.787627,-2.135690,0.292304,-1.520205,-0.311019,1,0.000000,0.000000,0.055059,-0.130437,0.054490,-0.133457,0.054490,-0.133457,0,-2.449193,0.054490,0.047726,-0.110437,-0.150437,0.054490
1772473175,70348838,-1.428792,-1.790206,-2.138686,0.295069,-1.520591,-0.314015,1,0.000000,0.000000,0.054490,-0.133457,0.053392,-0.136850,0.053392,-0.136850,0,-2.563107,0.053392,0.047157,-0.113457,-0.153457,0.053392
1772473175,95359456,-1.429869,-1.791748,-2.142159,0.296832,-1.521246,-0.317488,1,0.000000,0.000000,0.053392,-0.136850,0.052614,-0.135500,0.052614,-0.135500,0,-2.575332,0.052614,0.046059,-0.116850,-0.156850,0.052614
1772473175,145419009,-1.430348,-1.791875,-2.149901,0.297076,-1.521677,-0.325230,1,0.000000,0.000000,0.052614,-0.135500,0.052442,-0.127365,0.052442,-0.127365,0,-2.428699,0.052442,0.045281,-0.115500,-0.155500,0.052442
1772473175,170463465,-1.431740,-1.793368,-2.152928,0.298870,-1.522650,-0.328257,1,0.000000,0.000000,0.052442,-0.127365,0.051591,-0.124626,0.051591,-0.124626,0,-2.415645,0.051591,0.045108,-0.107365,-0.147365,0.051591
1772473175,195499822,-1.433045,-1.795011,-2.156010,0.300788,-1.523501,-0.331339,1,0.000000,0.000000,0.051591,-0.124626,0.050719,-0.122951,0.050719,-0.122951,0,-2.424184,0.050719,0.044258,-0.104626,-0.144626,0.050719
1772473175,245602662,-1.435095,-1.796056,-2.162163,0.302314,-1.525222,-0.337493,1,0.000000,0.000000,0.050719,-0.122951,0.050000,-0.112590,0.050000,-0.112590,0,-2.251791,0.050000,0.043385,-0.102951,-0.142951,0.050000
1772473175,270643601,-1.434440,-1.797952,-2.165085,0.303986,-1.524112,-0.340414,1,0.000000,0.000000,0.050000,-0.112590,0.050000,-0.123379,0.050000,-0.123379,0,-2.467570,0.050000,0.042667,-0.092590,-0.132590,0.050000
1772473175,295635452,-1.435336,-1.799406,-2.168285,0.305617,-1.524614,-0.343614,1,0.000000,0.000000,0.050000,-0.123379,0.050000,-0.124759,0.050000,-0.124759,0,-2.495189,0.050000,0.042667,-0.103379,-0.143379,0.050000
1772473175,345702377,-1.437445,-1.801203,-2.173638,0.306775,-1.520144,-0.345237,1,0.000000,0.000000,0.050000,-0.124759,0.047023,-0.144759,0.047023,-0.144759,0,-3.078506,0.050000,0.042667,-0.104759,-0.144759,0.050000
1772473175,370753196,-1.437459,-1.801851,-2.176558,0.307405,-1.519993,-0.348157,1,0.000000,0.000000,0.047023,-0.144759,0.050000,-0.155282,0.050000,-0.155282,0,-3.105636,0.050000,0.039689,-0.124759,-0.164759,0.050000
1772473175,395814564,-1.438318,-1.802963,-2.179521,0.308699,-1.520540,-0.351121,1,0.000000,0.000000,0.050000,-0.155282,0.050000,-0.155981,0.050000,-0.155981,0,-3.119618,0.050000,0.042667,-0.135282,-0.175282,0.050000
1772473175,445905304,-1.438377,-1.805695,-2.188382,0.311356,-1.519901,-0.359982,1,0.000000,0.000000,0.050000,-0.155981,0.050000,-0.165316,0.050000,-0.165316,0,-3.306326,0.050000,0.042667,-0.135981,-0.175981,0.050000
1772473175,470884058,-1.439287,-1.806055,-2.191927,0.311936,-1.520689,-0.363526,1,0.000000,0.000000,0.050000,-0.165316,0.050000,-0.160752,0.050000,-0.160752,0,-3.215050,0.050000,0.042667,-0.145316,-0.185316,0.050000
1772473175,495919672,-1.440843,-1.807599,-2.195606,0.313825,-1.521800,-0.367205,1,0.000000,0.000000,0.050000,-0.160752,0.050000,-0.160928,0.050000,-0.160928,0,-3.218555,0.050000,0.042667,-0.140752,-0.180752,0.050000
1772473175,546056495,-1.441378,-1.809547,-2.203958,0.315846,-1.521821,-0.375557,1,0.000000,0.000000,0.050000,-0.160928,0.050000,-0.164450,0.050000,-0.164450,0,-3.289009,0.050000,0.042667,-0.140928,-0.180928,0.050000
1772473175,571027714,-1.442077,-1.810252,-2.207065,0.316705,-1.522318,-0.378665,1,0.000000,0.000000,0.050000,-0.164450,0.050000,-0.163407,0.050000,-0.163407,0,-3.268136,0.050000,0.042667,-0.144450,-0.184450,0.050000
1772473175,596083362,-1.444085,-1.811689,-2.210693,0.318606,-1.523894,-0.382292,1,0.000000,0.000000,0.050000,-0.163407,0.050000,-0.160891,0.050000,-0.160891,0,-3.217820,0.050000,0.042667,-0.143407,-0.183407,0.050000
1772473175,646153724,-1.444127,-1.813488,-2.219680,0.320357,-1.523476,-0.391279,1,0.000000,0.000000,0.050000,-0.160891,0.050000,-0.165831,0.050000,-0.165831,0,-3.316629,0.050000,0.042667,-0.140891,-0.180891,0.050000
1772473175,671179024,-1.444289,-1.814500,-2.223068,0.321377,-1.523374,-0.394667,1,0.000000,0.000000,0.050000,-0.165831,0.050000,-0.169668,0.050000,-0.169668,0,-3.393354,0.050000,0.042667,-0.145831,-0.185831,0.050000
1772473175,696225321,-1.445436,-1.816250,-2.227932,0.323525,-1.523861,-0.399310,1,0.000000,0.000000,0.050000,-0.169668,0.050000,-0.175772,0.050000,-0.175772,0,-3.515450,0.050000,0.042667,-0.149668,-0.189668,0.050000
1772473175,760472873,0.45074292819026124,-0.8523712397992648,0.5539798735813725,0.3292623276607567,-1.5234137685042168,-0.40351322850500293,1,0.050044019747948004,-0.17229610526315786,0.0,-1.0,0.0,-1.0,0.0,-1.0,0,nan,nan,nan,nan,nan,nan
1772473175,780461802,0.4511864247558303,-0.8522127955811765,0.5492752311013653,0.3295214857021125,-1.5232802140699917,-0.4083055234134638,1,0.014798200420701752,-0.25788120300751877,0.0,-1.0,0.0,-1.0,0.0,-1.0,0,nan,nan,nan,nan,nan,nan
1772473175,800115914,0.45123416690590823,-0.8521643069428487,0.5443230394424639,0.33106010764153604,-1.5234478253947574,-0.41269354031719757,1,0.0012380891324018225,-0.27218326315789476,0.0,-1.0,0.0,-1.0,0.0,-1.0,0,nan,nan,nan,nan,nan,nan
1772473175,820222350,0.45123402498915366,-0.8521369240079022,0.5373766846917398,0.33106010764153604,-1.5234478253947574,-0.41269354031719757,1,0.0005277945645742433,-0.36323373684210525,0.0,-1.0,0.0,-1.0,0.0,-1.0,0,nan,nan,nan,nan,nan,nan
1772473175,840883862,0.4512295835345253,-0.8521203925521879,0.528194856537187,0.33186808340926355,-1.5243009061271233,-0.42084454526038223,1,0.0002408385876286035,-0.47274709022556394,0.0,-1.0,0.0,-1.0,0.0,-1.0,0,nan,nan,nan,nan,nan,nan
