sec,nsec,x,y,yaw,map_x,map_y,map_yaw,map_pose_valid,v_real,w_real,v_now,w_now,v_cmd,w_cmd,v_nav,w_nav,vx_real,vy_real,vx_now,vy_now,vx_cmd,vy_cmd,vx_nav,vy_nav,velocity_violation,curvature,dw_vx_max,dw_vx_min,dw_vy_max,dw_vy_min,dw_w_max,dw_w_min,v_reg,lookahead_dist,lookahead_yaw,is_accel
1772473204,727389455,0.117373,-0.442731,3.118156,-1.399000,-0.384621,-1.339131,1,0.000000,0.000000,0.090590,0.359513,0.083603,0.339513,0.083603,0.339513,0.000000,0.000000,0.000266,-0.090590,0.007599,-0.083257,0.007599,-0.083257,0,7.738843,0.007599,-0.007067,-0.083257,-0.097923,0.379513,0.339513,0.311127,0.220000,1.262198,1
1772473204,752475319,0.117954,-0.442533,3.117731,-1.399338,-0.384108,-1.339556,1,0.000000,0.000000,0.083603,0.339513,0.077378,0.319513,0.077378,0.319513,0.000000,0.000000,0.007599,-0.083257,0.014933,-0.075923,0.014933,-0.075923,0,7.730049,0.014933,0.000266,-0.075923,-0.090590,0.359513,0.319513,0.311127,0.220000,1.262624,1
1772473204,777452350,0.117382,-0.443177,3.117625,-1.398571,-0.384499,-1.339661,1,0.000000,0.000000,0.077378,0.319513,0.072114,0.299513,0.072114,0.299513,0.000000,0.000000,0.014933,-0.075923,0.022266,-0.068590,0.022266,-0.068590,0,7.737905,0.022266,0.007599,-0.068590,-0.083257,0.339513,0.299513,0.311127,0.220000,1.262729,1
1772473204,827483749,0.117233,-0.441222,3.115183,-1.400425,-0.385136,-1.342103,1,0.000000,0.000000,0.072114,0.299513,0.065757,0.279513,0.065757,0.279513,0.000000,0.000000,0.022266,-0.068590,0.023909,-0.061257,0.023909,-0.061257,0,7.766898,0.029599,0.014933,-0.061257,-0.075923,0.319513,0.279513,0.311127,0.220000,1.265171,1
1772473204,852518878,0.118445,-0.439325,3.118830,-1.402566,-0.384443,-1.338457,1,0.000000,0.000000,0.065757,0.279513,0.058439,0.259513,0.058439,0.259513,0.000000,0.000000,0.023909,-0.061257,0.022525,-0.053923,0.022525,-0.053923,0,7.738025,0.031242,0.016575,-0.053923,-0.068590,0.299513,0.259513,0.311127,0.220000,1.261525,1
1772473204,877572123,0.118693,-0.438361,3.126213,-1.403562,-0.384447,-1.331074,1,0.000000,0.000000,0.058439,0.259513,0.051182,0.239513,0.051182,0.239513,0.000000,0.000000,0.022525,-0.053923,0.021189,-0.046590,0.021189,-0.046590,0,7.704465,0.029858,0.015192,-0.046590,-0.061257,0.279513,0.239513,0.311127,0.220000,1.254141,1
1772473204,927664534,0.117771,-0.434652,-3.139087,-1.406919,-0.386274,-1.313188,1,0.000000,0.000000,0.051182,0.239513,0.044095,0.219513,0.044095,0.219513,0.000000,0.000000,0.021189,-0.046590,0.020082,-0.039257,0.020082,-0.039257,0,7.665261,0.028522,0.013855,-0.039257,-0.053923,0.259513,0.219513,0.311127,0.220000,1.230022,1
1772473204,952684739,0.118189,-0.432471,-3.132015,-1.409134,-0.386420,-1.306116,1,0.000000,0.000000,0.044095,0.219513,0.036930,0.199513,0.036930,0.199513,0.000000,0.000000,0.020082,-0.039257,0.018568,-0.031923,0.018568,-0.031923,0,7.638246,0.027416,0.012749,-0.031923,-0.046590,0.239513,0.199513,0.311127,0.220000,1.222950,1
1772473204,977732180,0.116001,-0.432868,-3.128071,-1.408198,-0.388437,-1.302172,1,0.000000,0.000000,0.036930,0.199513,0.029714,0.179513,0.029714,0.179513,0.000000,0.000000,0.018568,-0.031923,0.016682,-0.024590,0.016682,-0.024590,0,7.662957,0.025901,0.011234,-0.024590,-0.039257,0.219513,0.179513,0.311127,0.220000,1.219006,1
1772473205,27815201,0.114766,-0.429715,-3.120096,-1.410938,-0.390427,-1.294197,1,0.000000,0.000000,0.029714,0.179513,0.022816,0.159513,0.022816,0.159513,0.000000,0.000000,0.016682,-0.024590,0.014925,-0.017257,0.014925,-0.017257,0,7.674365,0.024015,0.009348,-0.017257,-0.031923,0.199513,0.159513,0.311127,0.220000,1.211031,1
1772473205,52823273,0.114197,-0.429895,-3.116097,-1.410620,-0.390933,-1.290198,1,0.000000,0.000000,0.022816,0.159513,0.016521,0.139513,0.016521,0.139513,0.000000,0.000000,0.014925,-0.017257,0.013208,-0.009923,0.013208,-0.009923,0,7.665631,0.022258,0.007592,-0.009923,-0.024590,0.179513,0.139513,0.311127,0.220000,1.207033,1
1772473205,77876563,0.114075,-0.430168,-3.111551,-1.410324,-0.390982,-1.285652,1,0.000000,0.000000,0.016521,0.139513,0.011811,0.119513,0.011811,0.119513,0.000000,0.000000,0.013208,-0.009923,0.011524,-0.002590,0.011524,-0.002590,0,7.643881,0.020541,0.005875,-0.002590,-0.017257,0.159513,0.119513,0.311127,0.220000,1.202486,1
1772473205,127950692,0.112770,-0.428245,-3.103995,-1.411856,-0.392730,-1.278096,1,0.000000,0.000000,0.011811,0.119513,0.010833,0.099513,0.010833,0.099513,0.000000,0.000000,0.011524,-0.002590,0.009740,0.004743,0.009740,0.004743,0,7.649407,0.018857,0.004190,0.004743,-0.009923,0.139513,0.099513,0.311127,0.220000,1.194930,1
1772473205,152973536,0.113137,-0.428617,-3.101147,-1.411589,-0.392282,-1.275249,1,0.000000,0.000000,0.010833,0.099513,0.014479,0.079513,0.014479,0.079513,0.000000,0.000000,0.009740,0.004743,0.007988,0.012077,0.007988,0.012077,0,7.624641,0.017073,0.002406,0.012077,-0.002590,0.119513,0.079513,0.311127,0.220000,1.192083,1
1772473205,178003791,0.113072,-0.428426,-3.098471,-1.411757,-0.392392,-1.272572,1,0.000000,0.000000,0.014479,0.079513,0.018407,0.099513,0.018407,0.099513,0.000000,0.000000,0.007988,0.012077,0.010056,0.015417,0.010056,0.015417,0,7.614234,0.015321,0.000654,0.019410,0.004743,0.099513,0.059513,0.311127,0.220000,1.189406,1
1772473205,228021896,0.112106,-0.429338,-3.093595,-1.410631,-0.393097,-1.267696,1,0.000000,0.000000,0.018407,0.099513,0.022197,0.119513,0.022197,0.119513,0.000000,0.000000,0.010056,0.015417,0.012166,0.018566,0.012166,0.018566,0,7.603902,0.017389,0.002723,0.022750,0.008083,0.119513,0.079513,0.311127,0.220000,1.184530,1
1772473205,253022181,0.111271,-0.429740,-3.091151,-1.410031,-0.393803,-1.265252,1,0.000000,0.000000,0.022197,0.119513,0.025965,0.139513,0.025965,0.139513,0.000000,0.000000,0.012166,0.018566,0.014218,0.021726,0.014218,0.021726,0,7.606764,0.019499,0.004832,0.025899,0.011233,0.139513,0.099513,0.311127,0.220000,1.182086,1
1772473205,278015647,0.111034,-0.429195,-3.088368,-1.410499,-0.394170,-1.262469,1,0.000000,0.000000,0.025965,0.139513,0.029757,0.159513,0.029757,0.159513,0.000000,0.000000,0.014218,0.021726,0.016317,0.024884,0.016317,0.024884,0,7.602245,0.021552,0.006885,0.029059,0.014393,0.159513,0.119513,0.311127,0.220000,1.179303,1
1772473205,328069437,0.111180,-0.430868,-3.082896,-1.408917,-0.393606,-1.256998,1,0.000000,0.000000,0.029757,0.159513,0.033644,0.179513,0.033644,0.179513,0.000000,0.000000,0.016317,0.024884,0.018693,0.027973,0.018693,0.027973,0,7.558590,0.023651,0.008984,0.032218,0.017551,0.179513,0.139513,0.311127,0.220000,1.173832,1
1772473205,353125406,0.110640,-0.431052,-3.078337,-1.408603,-0.394083,-1.252438,1,0.000000,0.000000,0.033644,0.179513,0.037539,0.199513,0.037539,0.199513,0.000000,0.000000,0.018693,0.027973,0.020934,0.031159,0.020934,0.031159,0,7.546000,0.026026,0.011360,0.035307,0.020640,0.199513,0.159513,0.311127,0.220000,1.169272,1
1772473205,378158358,0.110364,-0.431711,-3.073722,-1.407895,-0.394183,-1.247824,1,0.000000,0.000000,0.037539,0.199513,0.041465,0.219513,0.041465,0.219513,0.000000,0.000000,0.020934,0.031159,0.023276,0.034316,0.023276,0.034316,0,7.523446,0.028268,0.013601,0.038493,0.023826,0.219513,0.179513,0.311127,0.220000,1.164658,1
1772473205,428263613,0.110211,-0.432834,-3.063021,-1.406770,-0.394049,-1.237123,1,0.000000,0.000000,0.041465,0.219513,0.045417,0.239513,0.045417,0.239513,0.000000,0.000000,0.023276,0.034316,0.025935,0.037285,0.025935,0.037285,0,7.463002,0.030610,0.015943,0.041649,0.026982,0.239513,0.199513,0.311127,0.220000,1.160190,1
1772473205,453281976,0.109180,-0.433010,-3.057412,-1.406340,-0.395001,-1.231513,1,0.000000,0.000000,0.045417,0.239513,0.049449,0.259513,0.049449,0.259513,0.000000,0.000000,0.025935,0.037285,0.028292,0.040555,0.028292,0.040555,0,7.455875,0.033268,0.018601,0.044618,0.029951,0.259513,0.219513,0.311127,0.220000,1.154581,1
1772473205,478294068,0.108203,-0.433877,-3.052111,-1.405254,-0.395728,-1.226212,1,0.000000,0.000000,0.049449,0.259513,0.053506,0.279513,0.053506,0.279513,0.000000,0.000000,0.028292,0.040555,0.030716,0.043810,0.030716,0.043810,0,7.443631,0.035626,0.020959,0.047889,0.033222,0.279513,0.239513,0.311127,0.220000,1.149280,1
1772473205,528411296,0.107530,-0.438601,-3.039783,-1.400513,-0.395187,-1.213884,1,0.000000,0.000000,0.053506,0.279513,0.057956,0.299513,0.057956,0.299513,0.000000,0.000000,0.030716,0.043810,0.034053,0.046896,0.034053,0.046896,0,7.356111,0.038050,0.023383,0.051144,0.036477,0.299513,0.259513,0.311127,0.220000,1.136952,1
1772473205,553382619,0.106685,-0.438080,-3.031796,-1.400804,-0.396137,-1.205897,1,0.000000,0.000000,0.057956,0.299513,0.062263,0.319513,0.062263,0.319513,0.000000,0.000000,0.034053,0.046896,0.036760,0.050253,0.036760,0.050253,0,7.337372,0.041386,0.026720,0.054229,0.039563,0.319513,0.279513,0.311127,0.220000,1.128965,1
1772473205,578491201,0.106847,-0.440483,-3.024196,-1.398520,-0.395374,-1.198297,1,0.000000,0.000000,0.062263,0.319513,0.066609,0.339513,0.066609,0.339513,0.000000,0.000000,0.036760,0.050253,0.039966,0.053286,0.039966,0.053286,0,7.272630,0.044093,0.029427,0.057587,0.042920,0.339513,0.299513,0.311127,0.220000,1.121365,1
1772473205,628490290,0.103935,-0.441546,-3.006780,-1.396756,-0.397923,-1.180882,1,0.000000,0.000000,0.066609,0.339513,0.071272,0.359513,0.071272,0.359513,0.000000,0.000000,0.039966,0.053286,0.043120,0.056748,0.043120,0.056748,0,7.238367,0.047300,0.032633,0.060620,0.045953,0.359513,0.319513,0.311127,0.220000,1.109736,1
1772473205,653598338,0.103457,-0.443121,-2.998538,-1.395111,-0.397988,-1.172639,1,0.000000,0.000000,0.071272,0.359513,0.075800,0.379513,0.075800,0.379513,0.000000,0.000000,0.043120,0.056748,0.046371,0.059961,0.046371,0.059961,0,7.191336,0.050453,0.035787,0.064081,0.049415,0.379513,0.339513,0.311127,0.220000,1.101494,1
1772473205,678601282,0.103063,-0.444838,-2.989704,-1.393350,-0.397936,-1.163806,1,0.000000,0.000000,0.075800,0.379513,0.080439,0.399513,0.080439,0.399513,0.000000,0.000000,0.046371,0.059961,0.049823,0.063152,0.049823,0.063152,0,7.137185,0.053704,0.039038,0.067294,0.052628,0.399513,0.359513,0.311127,0.220000,1.092660,1
1772473205,728698098,0.100866,-0.447002,-2.970018,-1.390702,-0.399516,-1.144119,1,0.000000,0.000000,0.080439,0.399513,0.086016,0.419513,0.086016,0.419513,0.000000,0.000000,0.049823,0.063152,0.054170,0.066815,0.054170,0.066815,0,7.061634,0.057156,0.042489,0.070485,0.055819,0.419513,0.379513,0.311127,0.220000,1.072973,1
1772473205,753753667,0.100644,-0.449053,-2.959035,-1.388661,-0.399213,-1.133137,1,0.000000,0.000000,0.086016,0.419513,0.090590,0.439513,0.090590,0.439513,0.000000,0.000000,0.054170,0.066815,0.057965,0.069617,0.057965,0.069617,0,6.986280,0.061504,0.046837,0.074149,0.059482,0.439513,0.399513,0.311127,0.220000,1.067372,1
1772473205,778777197,0.099285,-0.451211,-2.948418,-1.386231,-0.399984,-1.122519,1,0.000000,0.000000,0.090590,0.439513,0.095664,0.459513,0.095664,0.459513,0.000000,0.000000,0.057965,0.069617,0.061785,0.073035,0.061785,0.073035,0,6.940530,0.065298,0.050631,0.076951,0.062284,0.459513,0.419513,0.311127,0.220000,1.056755,1
1772473205,828935124,0.096679,-0.455119,-2.925646,-1.381791,-0.401519,-1.099747,1,0.000000,0.000000,0.095664,0.459513,0.102026,0.479513,0.102026,0.479513,0.000000,0.000000,0.061785,0.073035,0.067216,0.076755,0.067216,0.076755,0,6.839149,0.069118,0.054452,0.080368,0.065702,0.479513,0.439513,0.311127,0.220000,1.033982,1
1772473205,853956227,0.096035,-0.457674,-2.914556,-1.379157,-0.401498,-1.088657,1,0.000000,0.000000,0.102026,0.479513,0.106910,0.499513,0.106910,0.499513,0.000000,0.000000,0.067216,0.076755,0.071393,0.079578,0.071393,0.079578,0,6.766809,0.074549,0.059883,0.084088,0.069421,0.499513,0.459513,0.311127,0.220000,1.027903,1
1772473205,878970629,0.095463,-0.460869,-2.902985,-1.375921,-0.401245,-1.077086,1,0.000000,0.000000,0.106910,0.499513,0.112456,0.519513,0.112456,0.519513,0.000000,0.000000,0.071393,0.079578,0.076235,0.082671,0.076235,0.082671,0,6.683118,0.078727,0.064060,0.086911,0.072245,0.519513,0.479513,0.311127,0.220000,1.016332,1
1772473205,929049025,0.092291,-0.463948,-2.877350,-1.372141,-0.403537,-1.051451,1,0.000000,0.000000,0.112456,0.519513,0.119807,0.539513,0.119807,0.539513,0.000000,0.000000,0.076235,0.082671,0.082632,0.086751,0.082632,0.086751,0,6.582633,0.083569,0.068902,0.090005,0.075338,0.539513,0.499513,0.311127,0.220000,0.990698,1
1772473205,954141018,0.092093,-0.466406,-2.863826,-1.369712,-0.403108,-1.037927,1,0.000000,0.000000,0.119807,0.539513,0.125369,0.559513,0.125369,0.559513,0.000000,0.000000,0.082632,0.086751,0.087925,0.089367,0.087925,0.089367,0,6.480279,0.089965,0.075298,0.094085,0.079418,0.559513,0.519513,0.311127,0.220000,0.981848,1
1772473205,979305739,0.089473,-0.468602,-2.849578,-1.366927,-0.405090,-1.023679,1,0.000000,0.000000,0.125369,0.559513,0.131762,0.579513,0.131762,0.579513,0.000000,0.000000,0.087925,0.089367,0.092958,0.093381,0.092958,0.093381,0,6.442826,0.095259,0.080592,0.096700,0.082033,0.579513,0.539513,0.311127,0.220000,0.967601,1
1772473206,29446558,0.085607,-0.474683,-2.820467,-1.360238,-0.407330,-0.994350,1,0.000000,0.000000,0.131762,0.579513,0.139280,0.596777,0.139280,0.596777,0.000000,0.000000,0.092958,0.093381,0.100291,0.096647,0.100291,0.096647,0,6.308217,0.100291,0.085625,0.100714,0.086048,0.599513,0.559513,0.311127,0.220000,0.942639,1
1772473206,54362870,0.085215,-0.478405,-2.805625,-1.358997,-0.407245,-0.976380,1,0.000000,0.000000,0.139280,0.596777,0.142754,0.600000,0.142754,0.600000,0.000000,0.000000,0.100291,0.096647,0.104624,0.097121,0.104624,0.097121,0,6.184911,0.107625,0.092958,0.103980,0.089314,0.600000,0.576777,0.311127,0.220000,0.924669,1
1772473206,79547784,0.083005,-0.480326,-2.789988,-1.356575,-0.408891,-0.960743,1,0.000000,0.000000,0.142754,0.600000,0.145209,0.600000,0.145209,0.600000,0.000000,0.000000,0.104624,0.097121,0.107275,0.097867,0.107275,0.097867,0,6.127000,0.111957,0.097290,0.104454,0.089788,0.600000,0.580000,0.311127,0.220000,0.909032,1
1772473206,129562431,0.079220,-0.486193,-2.758611,-1.349935,-0.411051,-0.929366,1,0.000000,0.000000,0.145209,0.600000,0.149703,0.600000,0.149703,0.600000,0.000000,0.000000,0.107275,0.097867,0.112889,0.098322,0.112889,0.098322,0,5.970735,0.114608,0.099941,0.105200,0.090533,0.600000,0.580000,0.311127,0.220000,0.881743,1
1772473206,154606609,0.078044,-0.489278,-2.742759,-1.346652,-0.411400,-0.913514,1,0.000000,0.000000,0.149703,0.600000,0.154915,0.600000,0.154915,0.600000,0.000000,0.000000,0.112889,0.098322,0.117997,0.100377,0.117997,0.100377,0,5.770946,0.120222,0.105555,0.105656,0.090989,0.600000,0.580000,0.311127,0.224555,0.869722,1
1772473206,179639613,0.076097,-0.493735,-2.727006,-1.341846,-0.412142,-0.897761,1,0.000000,0.000000,0.154915,0.600000,0.162540,0.600000,0.162540,0.600000,0.000000,0.000000,0.117997,0.100377,0.124630,0.104339,0.124630,0.104339,0,5.524988,0.125330,0.110663,0.107710,0.093044,0.600000,0.580000,0.311127,0.232373,0.857781,1
1772473206,229726906,0.072719,-0.500967,-2.695749,-1.333990,-0.413560,-0.866504,1,0.000000,0.000000,0.162540,0.600000,0.169526,0.580000,0.169526,0.580000,0.000000,0.000000,0.124630,0.104339,0.131963,0.106417,0.131963,0.106417,0,5.145756,0.131963,0.117297,0.111672,0.097006,0.600000,0.580000,0.311127,0.243810,0.833513,1
1772473206,254824416,0.070634,-0.503538,-2.679233,-1.330971,-0.414919,-0.849988,1,0.000000,0.000000,0.169526,0.580000,0.178144,0.574449,0.178144,0.574449,0.000000,0.000000,0.131963,0.106417,0.139297,0.111048,0.139297,0.111048,0,4.902800,0.139297,0.124630,0.113750,0.099084,0.600000,0.560000,0.311127,0.254288,0.819987,1
1772473206,279826436,0.070006,-0.507258,-2.663343,-1.327215,-0.414575,-0.834098,1,0.000000,0.000000,0.178144,0.574449,0.186003,0.563527,0.186003,0.563527,0.000000,0.000000,0.139297,0.111048,0.146630,0.114441,0.146630,0.114441,0,4.605011,0.146630,0.131963,0.118382,0.103715,0.594449,0.554449,0.311127,0.267216,0.809574,1
1772473206,329922113,0.065196,-0.515875,-2.631767,-1.317655,-0.417023,-0.802523,1,0.000000,0.000000,0.186003,0.563527,0.193020,0.543527,0.193020,0.543527,0.000000,0.000000,0.146630,0.114441,0.153963,0.116412,0.153963,0.116412,0,4.312817,0.153963,0.139297,0.121775,0.107108,0.583527,0.543527,0.311127,0.279005,0.783505,1
1772473206,354975668,0.062970,-0.519077,-2.615992,-1.313990,-0.418356,-0.786747,1,0.000000,0.000000,0.193020,0.543527,0.200991,0.536047,0.200991,0.536047,0.000000,0.000000,0.153963,0.116412,0.161297,0.119920,0.161297,0.119920,0,4.121481,0.161297,0.146630,0.123746,0.109079,0.563527,0.523527,0.311127,0.289529,0.772179,1
1772473206,380032030,0.061522,-0.524238,-2.601339,-1.308630,-0.418438,-0.772094,1,0.000000,0.000000,0.200991,0.536047,0.208693,0.527310,0.208693,0.527310,0.000000,0.000000,0.161297,0.119920,0.168630,0.122951,0.168630,0.122951,0,3.908266,0.168630,0.153963,0.127254,0.112587,0.556047,0.516047,0.311127,0.301487,0.761773,1
1772473206,405157446,0.059551,-0.529578,-2.587143,-1.302784,-0.418926,-0.758129,1,0.000000,0.000000,0.208693,0.527310,0.216561,0.518823,0.216561,0.518823,0.000000,0.000000,0.168630,0.122951,0.175963,0.126236,0.175963,0.126236,0,3.724203,0.175963,0.161297,0.130284,0.115617,0.547310,0.507310,0.311127,0.313040,0.749962,1
1772473206,455202183,0.056203,-0.540013,-2.558064,-1.289709,-0.418903,-0.731782,1,0.000000,0.000000,0.216561,0.518823,0.222208,0.498823,0.222208,0.498823,0.000000,0.000000,0.175963,0.126236,0.183297,0.125613,0.183297,0.125613,0,3.478419,0.183297,0.168630,0.133569,0.118903,0.538823,0.498823,0.311127,0.324841,0.728709,1
1772473206,480128752,0.054232,-0.544622,-2.543494,-1.284751,-0.419645,-0.717213,1,0.000000,0.000000,0.222208,0.498823,0.229425,0.497733,0.229425,0.497733,0.000000,0.000000,0.183297,0.125613,0.190630,0.127656,0.190630,0.127656,0,3.372223,0.190630,0.175963,0.132947,0.118280,0.518823,0.478823,0.311127,0.330000,0.715929,1
1772473206,530245968,0.049471,-0.555291,-2.515142,-1.273225,-0.421557,-0.688860,1,0.000000,0.000000,0.229425,0.497733,0.234765,0.490165,0.234765,0.490165,0.000000,0.000000,0.190630,0.127656,0.197963,0.126195,0.197963,0.126195,0,3.257809,0.197963,0.183297,0.134989,0.120323,0.517733,0.477733,0.311127,0.330000,0.689006,1
1772473206,555311455,0.046927,-0.559813,-2.501384,-1.268207,-0.422875,-0.675103,1,0.000000,0.000000,0.234765,0.490165,0.241973,0.496068,0.241973,0.496068,0.000000,0.000000,0.197963,0.126195,0.205297,0.128079,0.205297,0.128079,0,3.207946,0.205297,0.190630,0.133529,0.118862,0.510165,0.470165,0.311127,0.330000,0.676532,1
1772473206,580352133,0.045249,-0.565570,-2.487536,-1.262213,-0.423044,-0.661255,1,0.000000,0.000000,0.241973,0.496068,0.248573,0.499168,0.248573,0.499168,0.000000,0.000000,0.205297,0.128079,0.212630,0.128752,0.212630,0.128752,0,3.139181,0.212630,0.197963,0.135412,0.120746,0.516068,0.476068,0.311127,0.330000,0.662684,1
1772473206,630401159,0.041858,-0.575639,-2.461271,-1.251831,-0.425493,-0.635240,1,0.000000,0.000000,0.248573,0.499168,0.254344,0.493028,0.254344,0.493028,0.000000,0.000000,0.212630,0.128752,0.219963,0.127699,0.219963,0.127699,0,3.042868,0.219963,0.205297,0.136085,0.121419,0.519168,0.479168,0.311127,0.330000,0.639681,1
1772473206,655367596,0.039329,-0.582181,-2.450129,-1.244862,-0.426288,-0.624098,1,0.000000,0.000000,0.254344,0.493028,0.253127,0.482122,0.253127,0.482122,0.000000,0.000000,0.219963,0.127699,0.220000,0.125194,0.220000,0.125194,0,2.997500,0.220000,0.212630,0.135033,0.120366,0.513028,0.473028,0.311127,0.330000,0.628538,1
1772473206,680401064,0.036420,-0.586454,-2.438248,-1.239993,-0.428024,-0.612217,1,0.000000,0.000000,0.253127,0.482122,0.252197,0.472115,0.252197,0.472115,0.000000,0.000000,0.220000,0.125194,0.220000,0.123301,0.220000,0.123301,0,2.963083,0.220000,0.212667,0.132527,0.117860,0.502122,0.462122,0.311127,0.330000,0.617764,1
1772473206,730430299,0.032842,-0.597306,-2.417250,-1.228590,-0.428746,-0.591218,1,0.000000,0.000000,0.252197,0.472115,0.249637,0.452290,0.249637,0.452290,0.000000,0.000000,0.220000,0.123301,0.220000,0.117977,0.220000,0.117977,0,2.864205,0.220000,0.212667,0.130634,0.115968,0.492115,0.452115,0.311127,0.330000,0.597891,1
1772473206,755508158,0.031364,-0.602742,-2.406562,-1.222804,-0.428441,-0.580310,1,0.000000,0.000000,0.249637,0.452290,0.248094,0.442259,0.248094,0.442259,0.000000,0.000000,0.220000,0.117977,0.220000,0.114675,0.220000,0.114675,0,2.801373,0.220000,0.212667,0.125310,0.110643,0.472290,0.432290,0.311127,0.330000,0.588267,1
1772473206,780472732,0.027812,-0.605761,-2.395365,-1.216960,-0.426285,-0.566186,1,0.000000,0.000000,0.248094,0.442259,0.245514,0.427152,0.245514,0.427152,0.000000,0.000000,0.220000,0.114675,0.220000,0.108982,0.220000,0.108982,0,2.690254,0.220000,0.212667,0.122009,0.107342,0.462259,0.422259,0.311127,0.330000,0.574143,1
1772473206,805544097,0.026444,-0.612822,-2.384595,-1.209784,-0.425804,-0.555416,1,0.000000,0.000000,0.245514,0.427152,0.244073,0.417514,0.244073,0.417514,0.000000,0.000000,0.220000,0.108982,0.220000,0.105697,0.220000,0.105697,0,2.624563,0.220000,0.212667,0.116315,0.101648,0.447152,0.407152,0.311127,0.330000,0.564501,1
1772473206,855540087,0.021588,-0.621607,-2.365302,-1.200049,-0.428254,-0.536123,1,0.000000,0.000000,0.244073,0.417514,0.242742,0.401682,0.242742,0.401682,0.000000,0.000000,0.220000,0.105697,0.220000,0.102585,0.220000,0.102585,0,2.561274,0.220000,0.212667,0.113030,0.098363,0.437514,0.397514,0.311127,0.330000,0.546074,1
1772473206,880542988,0.021360,-0.627748,-2.356586,-1.193965,-0.426765,-0.527394,1,0.000000,0.000000,0.242742,0.401682,0.241290,0.393672,0.241290,0.393672,0.000000,0.000000,0.220000,0.102585,0.220000,0.099101,0.220000,0.099101,0,2.489161,0.220000,0.212667,0.109919,0.095252,0.421682,0.381682,0.311127,0.330000,0.538405,1
1772473206,930548672,0.017605,-0.636699,-2.338101,-1.183023,-0.426017,-0.508730,1,0.000000,0.000000,0.241290,0.393672,0.239123,0.377370,0.239123,0.377370,0.000000,0.000000,0.220000,0.099101,0.220000,0.093700,0.220000,0.093700,0,2.374852,0.220000,0.212667,0.106434,0.091767,0.413672,0.373672,0.311127,0.330000,0.520787,1
1772473206,955585540,0.015385,-0.641997,-2.329444,-1.177333,-0.426809,-0.500073,1,0.000000,0.000000,0.239123,0.377370,0.238514,0.370152,0.238514,0.370152,0.000000,0.000000,0.220000,0.093700,0.220000,0.092135,0.220000,0.092135,0,2.341129,0.220000,0.212667,0.101034,0.086367,0.397370,0.357370,0.311127,0.330000,0.512131,1
1772473206,980599039,0.012581,-0.645449,-2.321022,-1.173123,-0.428604,-0.491707,1,0.000000,0.000000,0.238514,0.370152,0.238241,0.364244,0.238241,0.364244,0.000000,0.000000,0.220000,0.092135,0.220000,0.091428,0.220000,0.091428,0,2.325820,0.220000,0.212667,0.099468,0.084801,0.390152,0.350152,0.311127,0.330000,0.504533,1
1772473207,30635448,0.010557,-0.654475,-2.306105,-1.161020,-0.427640,-0.477808,1,0.000000,0.000000,0.238241,0.364244,0.236664,0.352447,0.236664,0.352447,0.000000,0.000000,0.220000,0.091428,0.220000,0.087233,0.220000,0.087233,0,2.233916,0.220000,0.212667,0.098761,0.084094,0.384244,0.344244,0.311127,0.330000,0.491447,1
1772473207,55627421,0.008741,-0.658895,-2.298657,-1.156283,-0.428270,-0.470360,1,0.000000,0.000000,0.236664,0.352447,0.236167,0.346378,0.236167,0.346378,0.000000,0.000000,0.220000,0.087233,0.220000,0.085878,0.220000,0.085878,0,2.203824,0.220000,0.212667,0.094567,0.079900,0.372447,0.332447,0.311127,0.330000,0.483999,1
1772473207,80589247,0.006672,-0.662644,-2.290841,-1.152108,-0.429331,-0.462662,1,0.000000,0.000000,0.236167,0.346378,0.235775,0.340939,0.235775,0.340939,0.000000,0.000000,0.220000,0.085878,0.220000,0.084793,0.220000,0.084793,0,2.179615,0.220000,0.212667,0.093211,0.078544,0.366378,0.326378,0.311127,0.330000,0.477192,1
1772473207,105707106,0.005851,-0.667737,-2.284065,-1.146455,-0.429167,-0.458575,1,0.000000,0.000000,0.235775,0.340939,0.235383,0.337973,0.235383,0.337973,0.000000,0.000000,0.220000,0.084793,0.220000,0.083697,0.220000,0.083697,0,2.155021,0.220000,0.212667,0.092127,0.077460,0.360939,0.320939,0.311127,0.330000,0.473828,1
1772473207,155636595,0.002638,-0.676162,-2.270794,-1.137492,-0.430154,-0.445305,1,0.000000,0.000000,0.235383,0.337973,0.234515,0.327297,0.234515,0.327297,0.000000,0.000000,0.220000,0.083697,0.220000,0.081225,0.220000,0.081225,0,2.099102,0.220000,0.212667,0.091030,0.076364,0.357973,0.317973,0.311127,0.330000,0.460558,1
1772473207,180672057,0.001357,-0.679550,-2.264017,-1.133919,-0.430521,-0.438523,1,0.000000,0.000000,0.234515,0.327297,0.234044,0.322270,0.234044,0.322270,0.000000,0.000000,0.220000,0.081225,0.220000,0.079854,0.220000,0.079854,0,2.067838,0.220000,0.212667,0.088558,0.073892,0.347297,0.307297,0.311127,0.330000,0.454398,1
1772473207,230673430,-0.001956,-0.687320,-2.249672,-1.126245,-0.431349,-0.424064,1,0.000000,0.000000,0.234044,0.322270,0.233081,0.311260,0.233081,0.311260,0.000000,0.000000,0.220000,0.079854,0.220000,0.076985,0.220000,0.076985,0,2.001774,0.220000,0.212667,0.087188,0.072521,0.342270,0.302270,0.311127,0.330000,0.440687,1
1772473207,255640051,-0.003094,-0.691915,-2.243511,-1.121512,-0.431291,-0.417903,1,0.000000,0.000000,0.233081,0.311260,0.232589,0.306260,0.232589,0.306260,0.000000,0.000000,0.220000,0.076985,0.220000,0.075481,0.220000,0.075481,0,1.966832,0.220000,0.212667,0.084318,0.069652,0.331260,0.291260,0.311127,0.330000,0.434526,1
1772473207,280672815,-0.004806,-0.696694,-2.237674,-1.116345,-0.431616,-0.412119,1,0.000000,0.000000,0.232589,0.306260,0.232229,0.302174,0.232229,0.302174,0.000000,0.000000,0.220000,0.075481,0.220000,0.074367,0.220000,0.074367,0,1.940803,0.220000,0.212667,0.082815,0.068148,0.326260,0.286260,0.311127,0.330000,0.429392,1
1772473207,330694576,-0.007674,-0.704515,-2.225140,-1.104863,-0.428750,-0.401096,1,0.000000,0.000000,0.232229,0.302174,0.230778,0.292908,0.230778,0.292908,0.000000,0.000000,0.220000,0.074367,0.220000,0.069702,0.220000,0.069702,0,1.830481,0.220000,0.212667,0.081701,0.067034,0.322174,0.282174,0.311127,0.330000,0.418843,1
1772473207,355637471,-0.009215,-0.709556,-2.219153,-1.099596,-0.428979,-0.395110,1,0.000000,0.000000,0.230778,0.292908,0.230415,0.288267,0.230415,0.288267,0.000000,0.000000,0.220000,0.069702,0.220000,0.068491,0.220000,0.068491,0,1.801518,0.220000,0.212667,0.077035,0.062368,0.312908,0.272908,0.311127,0.330000,0.412856,1
1772473207,380731445,-0.010392,-0.712436,-2.213284,-1.096538,-0.429351,-0.389294,1,0.000000,0.000000,0.230415,0.288267,0.230094,0.284238,0.230094,0.284238,0.000000,0.000000,0.220000,0.068491,0.220000,0.067403,0.220000,0.067403,0,1.775372,0.220000,0.212667,0.075824,0.061158,0.308267,0.268267,0.311127,0.330000,0.407654,1
1772473207,431413822,-0.012579,-0.721432,-2.202141,-1.088128,-0.427625,-0.380023,1,0.000000,0.000000,0.230094,0.284238,0.229129,0.276998,0.229129,0.276998,0.000000,0.000000,0.220000,0.067403,0.220000,0.064030,0.220000,0.064030,0,1.693650,0.220000,0.212667,0.074736,0.060070,0.304238,0.264238,0.311127,0.330000,0.398944,1
1772473207,455651186,-0.013885,-0.726307,-2.196183,-1.083081,-0.427677,-0.374064,1,0.000000,0.000000,0.229129,0.276998,0.228765,0.272428,0.228765,0.272428,0.000000,0.000000,0.220000,0.064030,0.220000,0.062717,0.220000,0.062717,0,1.661554,0.220000,0.212667,0.071364,0.056697,0.296998,0.256998,0.311127,0.330000,0.392985,1
1772473207,480703489,-0.015580,-0.729698,-2.189731,-1.079372,-0.428585,-0.367480,1,0.000000,0.000000,0.228765,0.272428,0.228532,0.267591,0.228532,0.267591,0.000000,0.000000,0.220000,0.062717,0.220000,0.061861,0.220000,0.061861,0,1.640536,0.220000,0.212667,0.070051,0.055384,0.292428,0.252428,0.311127,0.330000,0.386401,1
1772473207,530722916,-0.019449,-0.737728,-2.177805,-1.070510,-0.434942,-0.349934,1,0.000000,0.000000,0.228532,0.267591,0.228682,0.255861,0.228682,0.255861,0.000000,0.000000,0.220000,0.061861,0.220000,0.062415,0.220000,0.062415,0,1.654132,0.220000,0.212667,0.069194,0.054528,0.287591,0.247591,0.311127,0.330000,0.369221,1
1772473207,555716405,-0.020482,-0.743506,-2.172547,-1.064660,-0.434471,-0.344675,1,0.000000,0.000000,0.228682,0.255861,0.228276,0.252098,0.228276,0.252098,0.000000,0.000000,0.220000,0.062415,0.220000,0.060909,0.220000,0.060909,0,1.617107,0.220000,0.212667,0.069748,0.055081,0.275861,0.235861,0.311127,0.330000,0.364437,1
1772473207,580697192,-0.022971,-0.747064,-2.166062,-1.060665,-0.435926,-0.338199,1,0.000000,0.000000,0.228276,0.252098,0.228162,0.247494,0.228162,0.247494,0.000000,0.000000,0.220000,0.060909,0.220000,0.060480,0.220000,0.060480,0,1.606513,0.220000,0.212667,0.068243,0.053576,0.272098,0.232098,0.311127,0.330000,0.357961,1
1772473207,605693636,-0.023387,-0.752362,-2.160334,-1.061163,-0.431562,-0.333099,1,0.000000,0.000000,0.228162,0.247494,0.227051,0.242780,0.227051,0.242780,0.000000,0.000000,0.220000,0.060480,0.220000,0.056144,0.220000,0.056144,0,1.498636,0.220000,0.212667,0.067813,0.053147,0.267494,0.227494,0.311127,0.330000,0.352861,1
1772473207,655732632,-0.026994,-0.760265,-2.148797,-1.052603,-0.433046,-0.321562,1,0.000000,0.000000,0.227051,0.242780,0.226680,0.234765,0.226680,0.234765,0.000000,0.000000,0.220000,0.056144,0.220000,0.054624,0.220000,0.054624,0,1.460455,0.220000,0.212667,0.063477,0.048811,0.262780,0.222780,0.311127,0.330000,0.341770,1
1772473207,680768591,-0.028172,-0.765167,-2.142183,-1.047563,-0.432942,-0.314948,1,0.000000,0.000000,0.226680,0.234765,0.226313,0.230047,0.226313,0.230047,0.000000,0.000000,0.220000,0.054624,0.220000,0.053080,0.220000,0.053080,0,1.421481,0.220000,0.212667,0.061958,0.047291,0.254765,0.214765,0.311127,0.330000,0.335444,1
1772473207,730758555,-0.031759,-0.774734,-2.128829,-1.035987,-0.434712,-0.302795,1,0.000000,0.000000,0.226313,0.230047,0.225987,0.221632,0.225987,0.221632,0.000000,0.000000,0.220000,0.053080,0.220000,0.051675,0.220000,0.051675,0,1.385847,0.220000,0.212667,0.060414,0.045747,0.250047,0.210047,0.311127,0.330000,0.323640,1
1772473207,755806798,-0.034691,-0.780527,-2.122981,-1.029642,-0.436087,-0.296948,1,0.000000,0.000000,0.225987,0.221632,0.225921,0.217788,0.225921,0.217788,0.000000,0.000000,0.220000,0.051675,0.220000,0.051382,0.220000,0.051382,0,1.378386,0.220000,0.212667,0.059009,0.044342,0.241632,0.201632,0.311127,0.330000,0.318120,1
1772473207,780773043,-0.035762,-0.785333,-2.118394,-1.024721,-0.435910,-0.292361,1,0.000000,0.000000,0.225921,0.217788,0.225670,0.214409,0.225670,0.214409,0.000000,0.000000,0.220000,0.051382,0.220000,0.050267,0.220000,0.050267,0,1.349973,0.220000,0.212667,0.058715,0.044049,0.237788,0.197788,0.311127,0.330000,0.313533,1
1772473207,830841662,-0.039231,-0.792730,-2.107678,-1.016621,-0.437346,-0.281635,1,0.000000,0.000000,0.225670,0.214409,0.225373,0.206947,0.225373,0.206947,0.000000,0.000000,0.220000,0.050267,0.220000,0.048918,0.220000,0.048918,0,1.315472,0.220000,0.212667,0.057600,0.042934,0.234409,0.194409,0.311127,0.330000,0.303020,1
1772473207,855813759,-0.040866,-0.797698,-2.101639,-1.006179,-0.433543,-0.274810,1,0.000000,0.000000,0.225373,0.206947,0.224524,0.201683,0.224524,0.201683,0.000000,0.000000,0.220000,0.048918,0.220000,0.044844,0.220000,0.044844,0,1.210474,0.220000,0.212667,0.056251,0.041585,0.226947,0.186947,0.311127,0.330000,0.296429,1
1772473207,880868801,-0.042736,-0.803966,-2.096448,-0.999642,-0.433765,-0.269619,1,0.000000,0.000000,0.224524,0.201683,0.224339,0.198134,0.224339,0.198134,0.000000,0.000000,0.220000,0.044844,0.220000,0.043908,0.220000,0.043908,0,1.186195,0.220000,0.212667,0.052177,0.037510,0.221683,0.181683,0.311127,0.330000,0.291453,1
1772473207,905846014,-0.043567,-0.808605,-2.091088,-0.994944,-0.433394,-0.264259,1,0.000000,0.000000,0.224339,0.198134,0.224067,0.194255,0.224067,0.194255,0.000000,0.000000,0.220000,0.043908,0.220000,0.042497,0.220000,0.042497,0,1.149468,0.220000,0.212667,0.051241,0.036575,0.218134,0.178134,0.311127,0.330000,0.286093,1
1772473207,955873178,-0.047168,-0.819628,-2.080294,-0.983367,-0.434086,-0.253465,1,0.000000,0.000000,0.224067,0.194255,0.223732,0.186736,0.223732,0.186736,0.000000,0.000000,0.220000,0.042497,0.220000,0.040693,0.220000,0.040693,0,1.102314,0.220000,0.212667,0.049830,0.035164,0.214255,0.174255,0.311127,0.330000,0.275431,1
1772473207,980860292,-0.048665,-0.824406,-2.074864,-0.978356,-0.434329,-0.248038,1,0.000000,0.000000,0.223732,0.186736,0.223554,0.182998,0.223554,0.182998,0.000000,0.000000,0.220000,0.040693,0.220000,0.039703,0.220000,0.039703,0,1.076359,0.220000,0.212667,0.048026,0.033359,0.206736,0.166736,0.311127,0.330000,0.270133,1
1772473208,30910309,-0.052820,-0.836373,-2.065219,-0.964728,-0.435792,-0.238692,1,0.000000,0.000000,0.223554,0.182998,0.223395,0.176612,0.223395,0.176612,0.000000,0.000000,0.220000,0.039703,0.220000,0.038800,0.220000,0.038800,0,1.052621,0.220000,0.212667,0.047036,0.032370,0.202998,0.162998,0.311127,0.330000,0.260891,1
1772473208,55877634,-0.054237,-0.841699,-2.060496,-0.959216,-0.435817,-0.233970,1,0.000000,0.000000,0.223395,0.176612,0.223229,0.173319,0.223229,0.173319,0.000000,0.000000,0.220000,0.038800,0.220000,0.037831,0.220000,0.037831,0,1.027093,0.220000,0.212667,0.046133,0.031466,0.196612,0.156612,0.311127,0.330000,0.256219,1
1772473208,80863761,-0.055107,-0.846156,-2.056473,-0.954685,-0.435531,-0.229947,1,0.000000,0.000000,0.223229,0.173319,0.223055,0.170465,0.223055,0.170465,0.000000,0.000000,0.220000,0.037831,0.220000,0.036792,0.220000,0.036792,0,0.999682,0.220000,0.212667,0.045164,0.030497,0.193319,0.153319,0.311127,0.330000,0.252195,1
1772473208,105981094,-0.057389,-0.851944,-2.052141,-0.948508,-0.436274,-0.225615,1,0.000000,0.000000,0.223055,0.170465,0.222994,0.167511,0.222994,0.167511,0.000000,0.000000,0.220000,0.036792,0.220000,0.036419,0.220000,0.036419,0,0.989802,0.220000,0.212667,0.044126,0.029459,0.190465,0.150465,0.311127,0.330000,0.247892,1
1772473208,155886177,-0.061176,-0.863063,-2.042350,-0.936866,-0.437133,-0.215779,1,0.000000,0.000000,0.222994,0.167511,0.222761,0.160692,0.222761,0.160692,0.000000,0.000000,0.220000,0.036419,0.220000,0.034966,0.220000,0.034966,0,0.951306,0.220000,0.212667,0.043752,0.029085,0.187511,0.147511,0.311127,0.330000,0.238050,1
1772473208,180921102,-0.062111,-0.866303,-2.037460,-0.940859,-0.438025,-0.206480,1,0.000000,0.000000,0.222761,0.160692,0.222524,0.154251,0.222524,0.154251,0.000000,0.000000,0.220000,0.034966,0.220000,0.033420,0.220000,0.033420,0,0.910221,0.220000,0.212667,0.042299,0.027633,0.180692,0.140692,0.311127,0.330000,0.228751,1
1772473208,205927799,-0.064052,-0.872841,-2.033559,-0.934041,-0.438219,-0.202579,1,0.000000,0.000000,0.222524,0.154251,0.222429,0.151531,0.222429,0.151531,0.000000,0.000000,0.220000,0.033420,0.220000,0.032779,0.220000,0.032779,0,0.893136,0.220000,0.212667,0.040753,0.026087,0.174251,0.134251,0.311127,0.330000,0.224815,1
1772473208,255972658,-0.067187,-0.882990,-2.026474,-0.923428,-0.438638,-0.195494,1,0.000000,0.000000,0.222429,0.151531,0.222263,0.146601,0.222263,0.146601,0.000000,0.000000,0.220000,0.032779,0.220000,0.031634,0.220000,0.031634,0,0.862591,0.220000,0.212667,0.040112,0.025445,0.171531,0.131531,0.311127,0.330000,0.217662,1
1772473208,280937494,-0.069588,-0.888087,-2.022486,-0.917885,-0.439646,-0.191506,1,0.000000,0.000000,0.222263,0.146601,0.222245,0.143903,0.222245,0.143903,0.000000,0.000000,0.220000,0.031634,0.220000,0.031511,0.220000,0.031511,0,0.859292,0.220000,0.212667,0.038967,0.024301,0.166601,0.126601,0.311127,0.330000,0.213674,1
1772473208,305919650,-0.070608,-0.893741,-2.019140,-0.912158,-0.439177,-0.188159,1,0.000000,0.000000,0.222245,0.143903,0.222108,0.141484,0.222108,0.141484,0.000000,0.000000,0.220000,0.031511,0.220000,0.030527,0.220000,0.030527,0,0.832973,0.220000,0.212667,0.038844,0.024177,0.163903,0.123903,0.311127,0.330000,0.210212,1
1772473208,356026563,-0.073366,-0.904640,-2.010907,-0.900896,-0.439039,-0.179962,1,0.000000,0.000000,0.222108,0.141484,0.221873,0.135739,0.221873,0.135739,0.000000,0.000000,0.220000,0.030527,0.220000,0.028766,0.220000,0.028766,0,0.785751,0.220000,0.212667,0.037860,0.023193,0.161484,0.121484,0.311127,0.330000,0.201890,1
1772473208,380976708,-0.075074,-0.910213,-2.007210,-0.893754,-0.439321,-0.178473,1,0.000000,0.000000,0.221873,0.135739,0.221868,0.134626,0.221868,0.134626,0.000000,0.000000,0.220000,0.028766,0.220000,0.028731,0.220000,0.028731,0,0.784810,0.220000,0.212667,0.036099,0.021432,0.155739,0.115739,0.311127,0.330000,0.200239,1
1772473208,430938266,-0.078482,-0.921532,-2.001059,-0.881941,-0.439729,-0.172322,1,0.000000,0.000000,0.221868,0.134626,0.221750,0.130269,0.221750,0.130269,0.000000,0.000000,0.220000,0.028731,0.220000,0.027807,0.220000,0.027807,0,0.759976,0.220000,0.212667,0.036064,0.021397,0.154626,0.114626,0.311127,0.330000,0.193861,1
1772473208,455934261,-0.081425,-0.925590,-1.997802,-0.877266,-0.441539,-0.169065,1,0.000000,0.000000,0.221750,0.130269,0.221822,0.128122,0.221822,0.128122,0.000000,0.000000,0.220000,0.027807,0.220000,0.028376,0.220000,0.028376,0,0.775284,0.220000,0.212667,0.035140,0.020473,0.150269,0.110269,0.311127,0.330000,0.190604,1
1772473208,481009631,-0.082332,-0.931848,-1.995204,-0.870983,-0.440819,-0.166467,1,0.000000,0.000000,0.221822,0.128122,0.221700,0.126159,0.221700,0.126159,0.000000,0.000000,0.220000,0.028376,0.220000,0.027398,0.220000,0.027398,0,0.748993,0.220000,0.212667,0.035709,0.021043,0.148122,0.108122,0.311127,0.330000,0.187788,1
1772473208,505964988,-0.083782,-0.936486,-1.992235,-0.866129,-0.441039,-0.163498,1,0.000000,0.000000,0.221700,0.126159,0.221645,0.123963,0.221645,0.123963,0.000000,0.000000,0.220000,0.027398,0.220000,0.026954,0.220000,0.026954,0,0.737033,0.220000,0.212667,0.034732,0.020065,0.146159,0.106159,0.311127,0.330000,0.184565,1
1772473208,555994912,-0.086934,-0.948407,-1.985666,-0.853799,-0.441045,-0.156929,1,0.000000,0.000000,0.221645,0.123963,0.221493,0.119240,0.221493,0.119240,0.000000,0.000000,0.220000,0.026954,0.220000,0.025670,0.220000,0.025670,0,0.702388,0.220000,0.212667,0.034288,0.019621,0.143963,0.103963,0.311127,0.330000,0.177655,1
1772473208,581014116,-0.088521,-0.954287,-1.982951,-0.847717,-0.441161,-0.154234,1,0.000000,0.000000,0.221493,0.119240,0.221442,0.117404,0.221442,0.117404,0.000000,0.000000,0.220000,0.025670,0.220000,0.025233,0.220000,0.025233,0,0.690601,0.220000,0.212667,0.033003,0.018336,0.139240,0.099240,0.311127,0.330000,0.174959,1
1772473208,605975877,-0.089683,-0.958923,-1.980701,-0.843639,-0.447420,-0.153504,1,0.000000,0.000000,0.221442,0.117404,0.221952,0.116968,0.221952,0.116968,0.000000,0.000000,0.220000,0.025233,0.220000,0.029369,0.220000,0.029369,0,0.801942,0.220000,0.212667,0.032566,0.017900,0.137404,0.097404,0.311127,0.330000,0.173909,1
1772473208,656004821,-0.093377,-0.970230,-1.975013,-0.831764,-0.448126,-0.147816,1,0.000000,0.000000,0.221952,0.116968,0.221869,0.112870,0.221869,0.112870,0.000000,0.000000,0.220000,0.029369,0.220000,0.028739,0.220000,0.028739,0,0.785046,0.220000,0.212667,0.036702,0.022035,0.136968,0.096968,0.311127,0.330000,0.167879,1
1772473208,680983080,-0.094874,-0.974507,-1.972789,-0.827248,-0.448490,-0.145592,1,0.000000,0.000000,0.221869,0.112870,0.221845,0.111054,0.221845,0.111054,0.000000,0.000000,0.220000,0.028739,0.220000,0.028550,0.220000,0.028550,0,0.779961,0.220000,0.212667,0.036073,0.021406,0.132870,0.092870,0.311127,0.330000,0.165196,1
1772473208,706019352,-0.095877,-0.980954,-1.971139,-0.820757,-0.447825,-0.143942,1,0.000000,0.000000,0.221845,0.111054,0.221752,0.109899,0.221752,0.109899,0.000000,0.000000,0.220000,0.028550,0.220000,0.027818,0.220000,0.027818,0,0.760274,0.220000,0.212667,0.035883,0.021217,0.131054,0.091054,0.311127,0.330000,0.163546,1
1772473208,755986398,-0.097789,-0.991715,-1.966591,-0.809863,-0.446945,-0.139394,1,0.000000,0.000000,0.221752,0.109899,0.221572,0.106462,0.221572,0.106462,0.000000,0.000000,0.220000,0.027818,0.220000,0.026350,0.220000,0.026350,0,0.720736,0.220000,0.212667,0.035151,0.020484,0.129899,0.089899,0.311127,0.330000,0.158560,1
1772473208,781102479,-0.100217,-0.997129,-1.963625,-0.804010,-0.447921,-0.136428,1,0.000000,0.000000,0.221572,0.106462,0.221581,0.104192,0.221581,0.104192,0.000000,0.000000,0.220000,0.026350,0.220000,0.026424,0.220000,0.026424,0,0.722734,0.220000,0.212667,0.033683,0.019016,0.126462,0.086462,0.311127,0.330000,0.155172,1
1772473208,831040218,-0.102382,-1.008510,-1.958433,-0.792569,-0.457474,-0.128158,1,0.000000,0.000000,0.221581,0.104192,0.222201,0.098522,0.222201,0.098522,0.000000,0.000000,0.220000,0.026424,0.220000,0.031197,0.220000,0.031197,0,0.850907,0.220000,0.212667,0.033757,0.019090,0.124192,0.084192,0.311127,0.330000,0.146319,1
1772473208,856014795,-0.104832,-1.012861,-1.956042,-0.787735,-0.458725,-0.125767,1,0.000000,0.000000,0.222201,0.098522,0.222254,0.096547,0.222254,0.096547,0.000000,0.000000,0.220000,0.031197,0.220000,0.031571,0.220000,0.031571,0,0.860916,0.220000,0.212667,0.038530,0.023864,0.118522,0.078522,0.311127,0.330000,0.143352,1
1772473208,881054386,-0.105755,-1.018566,-1.954073,-0.781984,-0.458154,-0.123798,1,0.000000,0.000000,0.222254,0.096547,0.222147,0.095175,0.222147,0.095175,0.000000,0.000000,0.220000,0.031571,0.220000,0.030811,0.220000,0.030811,0,0.840574,0.220000,0.212667,0.038905,0.024238,0.116547,0.076547,0.311127,0.330000,0.141383,1
1772473208,931155970,-0.108967,-1.030243,-1.950200,-0.769874,-0.458262,-0.119925,1,0.000000,0.000000,0.222147,0.095175,0.222058,0.091719,0.222058,0.091719,0.000000,0.000000,0.220000,0.030811,0.220000,0.030159,0.220000,0.030159,0,0.823130,0.220000,0.212667,0.038144,0.023477,0.115175,0.075175,0.311127,0.330000,0.136304,1
1772473208,956077052,-0.109116,-1.035231,-1.948227,-0.765014,-0.457127,-0.117952,1,0.000000,0.000000,0.222058,0.091719,0.221903,0.090329,0.221903,0.090329,0.000000,0.000000,0.220000,0.030159,0.220000,0.029002,0.220000,0.029002,0,0.792102,0.220000,0.212667,0.037492,0.022826,0.111719,0.071719,0.311127,0.330000,0.134331,1
1772473208,981075721,-0.110160,-1.041234,-1.947080,-0.758944,-0.456595,-0.116805,1,0.000000,0.000000,0.221903,0.090329,0.221832,0.089030,0.221832,0.089030,0.000000,0.000000,0.220000,0.029002,0.220000,0.028454,0.220000,0.028454,0,0.777374,0.220000,0.212667,0.036335,0.021669,0.110329,0.070329,0.311127,0.330000,0.132442,1
1772473209,6070017,-0.112268,-1.045753,-1.944727,-0.754036,-0.457474,-0.114453,1,0.000000,0.000000,0.221832,0.089030,0.221848,0.087455,0.221848,0.087455,0.000000,0.000000,0.220000,0.028454,0.220000,0.028576,0.220000,0.028576,0,0.780653,0.220000,0.212667,0.035787,0.021120,0.109030,0.069030,0.311127,0.330000,0.130090,1
1772473209,56084065,-0.115890,-1.055992,-1.940405,-0.743225,-0.458334,-0.110135,1,0.000000,0.000000,0.221848,0.087455,0.221814,0.084150,0.221814,0.084150,0.000000,0.000000,0.220000,0.028576,0.220000,0.028307,0.220000,0.028307,0,0.773431,0.220000,0.212667,0.035909,0.021242,0.107455,0.067455,0.311127,0.330000,0.125193,1
1772473209,81120592,-0.115433,-1.062115,-1.939862,-0.739210,-0.454794,-0.110209,1,0.000000,0.000000,0.221814,0.084150,0.221527,0.083541,0.221527,0.083541,0.000000,0.000000,0.220000,0.028307,0.220000,0.025969,0.220000,0.025969,0,0.710459,0.220000,0.212667,0.035640,0.020974,0.104150,0.064150,0.311127,0.330000,0.124448,1
1772473209,106108820,-0.116859,-1.066993,-1.937463,-0.734130,-0.454924,-0.107810,1,0.000000,0.000000,0.221527,0.083541,0.221481,0.081914,0.221481,0.081914,0.000000,0.000000,0.220000,0.025969,0.220000,0.025572,0.220000,0.025572,0,0.699756,0.220000,0.212667,0.033302,0.018635,0.103541,0.063541,0.311127,0.330000,0.122049,1
1772473209,156089294,-0.118842,-1.077769,-1.934329,-0.723205,-0.454083,-0.104676,1,0.000000,0.000000,0.221481,0.081914,0.221350,0.079153,0.221350,0.079153,0.000000,0.000000,0.220000,0.025572,0.220000,0.024409,0.220000,0.024409,0,0.668333,0.220000,0.212667,0.032905,0.018239,0.101914,0.061914,0.311127,0.330000,0.118006,1
1772473209,181126326,-0.121619,-1.083442,-1.931549,-0.717010,-0.455315,-0.101896,1,0.000000,0.000000,0.221350,0.079153,0.221380,0.076801,0.221380,0.076801,0.000000,0.000000,0.220000,0.024409,0.220000,0.024677,0.220000,0.024677,0,0.675562,0.220000,0.212667,0.031743,0.017076,0.099153,0.059153,0.311127,0.330000,0.114484,1
1772473209,206181384,-0.123204,-1.088362,-1.929678,-0.711849,-0.455587,-0.100025,1,0.000000,0.000000,0.221380,0.076801,0.221359,0.074953,0.221359,0.074953,0.000000,0.000000,0.220000,0.024677,0.220000,0.024489,0.220000,0.024489,0,0.670477,0.220000,0.212667,0.032010,0.017343,0.096801,0.056801,0.311127,0.330000,0.111740,1
1772473209,256164163,-0.126611,-1.099543,-1.926239,-0.700168,-0.456019,-0.096586,1,0.000000,0.000000,0.221359,0.074953,0.221317,0.071917,0.221317,0.071917,0.000000,0.000000,0.220000,0.024489,0.220000,0.024109,0.220000,0.024109,0,0.660208,0.220000,0.212667,0.031822,0.017155,0.094953,0.054953,0.311127,0.330000,0.107234,1
1772473209,281148461,-0.127800,-1.105522,-1.925659,-0.694084,-0.455638,-0.096006,1,0.000000,0.000000,0.221317,0.071917,0.221280,0.071516,0.221280,0.071516,0.000000,0.000000,0.220000,0.024109,0.220000,0.023769,0.220000,0.023769,0,0.651010,0.220000,0.212667,0.031442,0.016776,0.091917,0.051917,0.311127,0.330000,0.106654,1
1772473209,306150049,-0.129119,-1.110773,-1.923782,-0.688685,-0.455609,-0.094152,1,0.000000,0.000000,0.221280,0.071516,0.221238,0.069601,0.221238,0.069601,0.000000,0.000000,0.220000,0.023769,0.220000,0.023375,0.220000,0.023375,0,0.640325,0.220000,0.212667,0.031103,0.016436,0.091516,0.051516,0.311127,0.330000,0.103818,1
1772473209,356188871,-0.132040,-1.120653,-1.919081,-0.680046,-0.460199,-0.091947,1,0.000000,0.000000,0.221238,0.069601,0.221536,0.067618,0.221536,0.067618,0.000000,0.000000,0.220000,0.023375,0.220000,0.026039,0.220000,0.026039,0,0.712368,0.220000,0.212667,0.030708,0.016041,0.089601,0.049601,0.311127,0.330000,0.100723,1
1772473209,381149896,-0.133389,-1.125557,-1.917676,-0.674960,-0.460261,-0.090543,1,0.000000,0.000000,0.221536,0.067618,0.221508,0.066666,0.221508,0.066666,0.000000,0.000000,0.220000,0.026039,0.220000,0.025800,0.220000,0.025800,0,0.705898,0.220000,0.212667,0.033373,0.018706,0.087618,0.047618,0.311127,0.330000,0.099319,1
1772473209,406255591,-0.134366,-1.133059,-1.916406,-0.667455,-0.459303,-0.089272,1,0.000000,0.000000,0.221508,0.066666,0.221406,0.064951,0.221406,0.064951,0.000000,0.000000,0.220000,0.025800,0.220000,0.024913,0.220000,0.024913,0,0.681945,0.220000,0.212667,0.033133,0.018466,0.086666,0.046666,0.311127,0.330000,0.096808,1
1772473209,456233645,-0.136357,-1.141968,-1.913627,-0.658332,-0.458970,-0.086493,1,0.000000,0.000000,0.221406,0.064951,0.221318,0.062194,0.221318,0.062194,0.000000,0.000000,0.220000,0.024913,0.220000,0.024115,0.220000,0.024115,0,0.660378,0.220000,0.212667,0.032246,0.017579,0.084951,0.044951,0.311127,0.330000,0.092735,1
1772473209,481260261,-0.138909,-1.148054,-1.911533,-0.651798,-0.459896,-0.084400,1,0.000000,0.000000,0.221318,0.062194,0.221338,0.060091,0.221338,0.060091,0.000000,0.000000,0.220000,0.024115,0.220000,0.024302,0.220000,0.024302,0,0.665437,0.220000,0.212667,0.031449,0.016782,0.082194,0.042194,0.311127,0.330000,0.089592,1
1772473209,506219713,-0.139213,-1.153386,-1.909322,-0.646563,-0.458838,-0.082189,1,0.000000,0.000000,0.221338,0.060091,0.221211,0.058575,0.221211,0.058575,0.000000,0.000000,0.220000,0.024302,0.220000,0.023117,0.220000,0.023117,0,0.633342,0.220000,0.212667,0.031636,0.016969,0.080091,0.040091,0.311127,0.330000,0.087381,1
1772473209,556262930,-0.142447,-1.164479,-1.906597,-0.634981,-0.459128,-0.079469,1,0.000000,0.000000,0.221211,0.058575,0.221173,0.055913,0.221173,0.055913,0.000000,0.000000,0.220000,0.023117,0.220000,0.022746,0.220000,0.022746,0,0.623280,0.220000,0.212667,0.030450,0.015784,0.078575,0.038575,0.311127,0.330000,0.083425,1
1772473209,581241118,-0.141910,-1.170684,-1.906383,-0.626167,-0.454563,-0.079811,1,0.000000,0.000000,0.221173,0.055913,0.220886,0.055061,0.220886,0.055061,0.000000,0.000000,0.220000,0.022746,0.220000,0.019769,0.220000,0.019769,0,0.542419,0.220000,0.212667,0.030079,0.015412,0.075913,0.035913,0.311127,0.330000,0.082260,1
1772473209,606239805,-0.144052,-1.174938,-1.904140,-0.621510,-0.455558,-0.077568,1,0.000000,0.000000,0.220886,0.055061,0.220902,0.052598,0.220902,0.052598,0.000000,0.000000,0.220000,0.019769,0.220000,0.019948,0.220000,0.019948,0,0.547277,0.220000,0.212667,0.027102,0.012436,0.075061,0.035061,0.311127,0.330000,0.078575,1
1772473209,656271937,-0.145741,-1.185501,-1.902575,-0.610863,-0.454519,-0.076003,1,0.000000,0.000000,0.220902,0.052598,0.220811,0.050658,0.220811,0.050658,0.000000,0.000000,0.220000,0.019948,0.220000,0.018911,0.220000,0.018911,0,0.519055,0.220000,0.212667,0.027281,0.012614,0.072598,0.032598,0.311127,0.330000,0.075708,1
1772473209,681241256,-0.147242,-1.190953,-1.901210,-0.605209,-0.454593,-0.074638,1,0.000000,0.000000,0.220811,0.050658,0.220790,0.048686,0.220790,0.048686,0.000000,0.000000,0.220000,0.018911,0.220000,0.018659,0.220000,0.018659,0,0.512192,0.220000,0.212667,0.026245,0.011578,0.070658,0.030658,0.311127,0.330000,0.072768,1
1772473209,706245152,-0.148618,-1.196363,-1.899990,-0.599626,-0.454555,-0.073418,1,0.000000,0.000000,0.220790,0.048686,0.220765,0.047865,0.220765,0.047865,0.000000,0.000000,0.220000,0.018659,0.220000,0.018360,0.220000,0.018360,0,0.504031,0.220000,0.212667,0.025993,0.011326,0.068686,0.028686,0.311127,0.330000,0.071548,1
1772473209,756293774,-0.150228,-1.208597,-1.896790,-0.587383,-0.453017,-0.070218,1,0.000000,0.000000,0.220765,0.047865,0.220626,0.044479,0.220626,0.044479,0.000000,0.000000,0.220000,0.018360,0.220000,0.016602,0.220000,0.016602,0,0.456058,0.220000,0.212667,0.025693,0.011027,0.067865,0.027865,0.311127,0.330000,0.066529,1
1772473209,781303194,-0.151404,-1.214036,-1.895131,-0.581824,-0.452779,-0.068559,1,0.000000,0.000000,0.220626,0.044479,0.220585,0.042223,0.220585,0.042223,0.000000,0.000000,0.220000,0.016602,0.220000,0.016060,0.220000,0.016060,0,0.441247,0.220000,0.212667,0.023935,0.009269,0.064479,0.024479,0.311127,0.330000,0.063166,1
1772473209,806307889,-0.153286,-1.219021,-1.894903,-0.576554,-0.453406,-0.068337,1,0.000000,0.000000,0.220585,0.042223,0.220612,0.042080,0.220612,0.042080,0.000000,0.000000,0.220000,0.016060,0.220000,0.016415,0.220000,0.016415,0,0.450944,0.220000,0.212667,0.023393,0.008727,0.062223,0.022223,0.311127,0.330000,0.062944,1
1772473209,856289470,-0.156878,-1.229953,-1.892081,-0.567638,-0.459885,-0.066111,1,0.000000,0.000000,0.220612,0.042080,0.220929,0.039562,0.220929,0.039562,0.000000,0.000000,0.220000,0.016415,0.220000,0.020235,0.220000,0.020235,0,0.555106,0.220000,0.212667,0.023748,0.009081,0.062080,0.022080,0.311127,0.330000,0.059094,1
1772473209,881328174,-0.159433,-1.235041,-1.891009,-0.562070,-0.461073,-0.065039,1,0.000000,0.000000,0.220929,0.039562,0.220978,0.037611,0.220978,0.037611,0.000000,0.000000,0.220000,0.020235,0.220000,0.020769,0.220000,0.020769,0,0.569612,0.220000,0.212667,0.027569,0.012902,0.059562,0.019562,0.311127,0.330000,0.056167,1
1772473209,906370147,-0.158352,-1.240613,-1.890128,-0.556951,-0.458621,-0.064158,1,0.000000,0.000000,0.220978,0.037611,0.220810,0.036993,0.220810,0.036993,0.000000,0.000000,0.220000,0.020769,0.220000,0.018898,0.220000,0.018898,0,0.518691,0.220000,0.212667,0.028102,0.013435,0.057611,0.017611,0.311127,0.330000,0.055286,1
1772473209,956356694,-0.161202,-1.250887,-1.888523,-0.546290,-0.458785,-0.062553,1,0.000000,0.000000,0.220810,0.036993,0.220783,0.033003,0.220783,0.033003,0.000000,0.000000,0.220000,0.018898,0.220000,0.018580,0.220000,0.018580,0,0.510043,0.220000,0.212667,0.026231,0.011564,0.056993,0.016993,0.311127,0.330000,0.049329,1
1772473209,981343517,-0.163240,-1.256782,-1.887760,-0.540072,-0.459269,-0.061790,1,0.000000,0.000000,0.220783,0.033003,0.220792,0.032494,0.220792,0.032494,0.000000,0.000000,0.220000,0.018580,0.220000,0.018685,0.220000,0.018685,0,0.512897,0.220000,0.212667,0.025914,0.011247,0.053003,0.013003,0.311127,0.330000,0.048566,1
1772473210,6336787,-0.164046,-1.261258,-1.886119,-0.535538,-0.458919,-0.060149,1,0.000000,0.000000,0.220792,0.032494,0.220739,0.030028,0.220739,0.030028,0.000000,0.000000,0.220000,0.018685,0.220000,0.018047,0.220000,0.018047,0,0.495510,0.220000,0.212667,0.026019,0.011352,0.052494,0.012494,0.311127,0.330000,0.044891,1
1772473210,56387517,-0.166635,-1.271236,-1.884852,-0.525176,-0.458911,-0.058905,1,0.000000,0.000000,0.220739,0.030028,0.220708,0.027757,0.220708,0.027757,0.000000,0.000000,0.220000,0.018047,0.220000,0.017664,0.220000,0.017664,0,0.485045,0.220000,0.212667,0.025381,0.010714,0.050028,0.010028,0.311127,0.330000,0.041502,1
1772473210,81355480,-0.168212,-1.278399,-1.883738,-0.513503,-0.459030,-0.059679,1,0.000000,0.000000,0.220708,0.027757,0.220717,0.026597,0.220717,0.026597,0.000000,0.000000,0.220000,0.017664,0.220000,0.017781,0.220000,0.017781,0,0.488236,0.220000,0.212667,0.024997,0.010330,0.047757,0.007757,0.311127,0.330000,0.039765,1
1772473210,106308175,-0.168906,-1.285574,-1.883876,-0.506383,-0.457904,-0.059818,1,0.000000,0.000000,0.220717,0.026597,0.220653,0.024818,0.220653,0.024818,0.000000,0.000000,0.220000,0.017781,0.220000,0.016963,0.220000,0.016963,0,0.465930,0.220000,0.212667,0.025114,0.010447,0.046597,0.006597,0.311127,0.330000,0.037117,1
1772473210,156345811,-0.170358,-1.297687,-1.883727,-0.494292,-0.456274,-0.059668,1,0.000000,0.000000,0.220653,0.024818,0.220556,0.022908,0.220556,0.022908,0.000000,0.000000,0.220000,0.016963,0.220000,0.015657,0.220000,0.015657,0,0.430227,0.220000,0.212667,0.024297,0.009630,0.044818,0.004818,0.311127,0.330000,0.034275,1
1772473210,181383727,-0.170867,-1.304333,-1.882519,-0.487731,-0.455101,-0.058460,1,0.000000,0.000000,0.220556,0.022908,0.220477,0.020281,0.220477,0.020281,0.000000,0.000000,0.220000,0.015657,0.220000,0.014496,0.220000,0.014496,0,0.398469,0.220000,0.212667,0.022990,0.008323,0.042908,0.002908,0.311127,0.330000,0.030356,1
1772473210,206353822,-0.173990,-1.309122,-1.881579,-0.482312,-0.456925,-0.057521,1,0.000000,0.000000,0.220477,0.020281,0.220539,0.019659,0.220539,0.019659,0.000000,0.000000,0.220000,0.014496,0.220000,0.015413,0.220000,0.015413,0,0.423561,0.220000,0.212667,0.021829,0.007162,0.040281,0.000281,0.311127,0.330000,0.029417,1
1772473210,256356733,-0.174874,-1.319781,-1.880373,-0.471772,-0.455110,-0.056315,1,0.000000,0.000000,0.220539,0.019659,0.220428,0.016924,0.220428,0.016924,0.000000,0.000000,0.220000,0.015413,0.220000,0.013728,0.220000,0.013728,0,0.377451,0.220000,0.212667,0.022746,0.008080,0.039659,-0.000341,0.311127,0.330000,0.025337,1
1772473210,281381535,-0.176005,-1.326112,-1.880249,-0.465359,-0.454619,-0.056191,1,0.000000,0.000000,0.220428,0.016924,0.220398,0.014801,0.220398,0.014801,0.000000,0.000000,0.220000,0.013728,0.220000,0.013237,0.220000,0.013237,0,0.364004,0.220000,0.212667,0.021061,0.006395,0.036924,-0.003076,0.311127,0.330000,0.022162,1
1772473210,306353149,-0.177932,-1.332117,-1.879086,-0.459086,-0.455003,-0.055020,1,0.000000,0.000000,0.220398,0.014801,0.220390,0.011708,0.220390,0.011708,0.000000,0.000000,0.220000,0.013237,0.220000,0.013098,0.220000,0.013098,0,0.360182,0.220000,0.212667,0.020571,0.005904,0.034801,-0.005199,0.311127,0.330000,0.017531,1
1772473210,356353538,-0.180745,-1.342504,-1.877366,-0.451168,-0.457954,-0.052306,1,0.000000,0.000000,0.220390,0.011708,0.220463,0.009899,0.220463,0.009899,0.000000,0.000000,0.220000,0.013098,0.220000,0.014285,0.220000,0.014285,0,0.392711,0.220000,0.212667,0.020431,0.005764,0.031708,-0.008292,0.311127,0.330000,0.014817,1
1772473210,381524974,-0.180709,-1.348475,-1.877950,-0.445398,-0.456418,-0.052890,1,0.000000,0.000000,0.220463,0.009899,0.220398,0.007766,0.220398,0.007766,0.000000,0.000000,0.220000,0.014285,0.220000,0.013236,0.220000,0.013236,0,0.363978,0.220000,0.212667,0.021619,0.006952,0.029899,-0.010101,0.311127,0.330000,0.011627,1
1772473210,406362479,-0.183116,-1.354664,-1.877656,-0.438802,-0.457191,-0.052596,1,0.000000,0.000000,0.220398,0.007766,0.220414,0.005045,0.220414,0.005045,0.000000,0.000000,0.220000,0.013236,0.220000,0.013510,0.220000,0.013510,0,0.371484,0.220000,0.212667,0.020570,0.005903,0.027766,-0.012234,0.311127,0.330000,0.007554,1
1772473210,456466526,-0.185880,-1.365357,-1.877129,-0.427758,-0.457177,-0.052068,1,0.000000,0.000000,0.220414,0.005045,0.220387,0.002078,0.220387,0.002078,0.000000,0.000000,0.220000,0.013510,0.220000,0.013057,0.220000,0.013057,0,0.359071,0.220000,0.212667,0.020844,0.006177,0.025045,-0.014955,0.311127,0.330000,0.003112,1
1772473210,481437796,-0.186842,-1.371404,-1.876425,-0.421663,-0.456586,-0.051364,1,0.000000,0.000000,0.220387,0.002078,0.220344,0.001608,0.220344,0.001608,0.000000,0.000000,0.220000,0.013057,0.220000,0.012315,0.220000,0.012315,0,0.338735,0.220000,0.212667,0.020391,0.005724,0.022078,-0.017922,0.311127,0.330000,0.002408,1
1772473210,506414919,-0.187465,-1.378592,-1.876755,-0.414550,-0.455381,-0.051694,1,0.000000,0.000000,0.220344,0.001608,0.220292,-0.000961,0.220292,-0.000961,0.000000,0.000000,0.220000,0.012315,0.220000,0.011341,0.220000,0.011341,0,0.312013,0.220000,0.212667,0.019649,0.004982,0.021608,-0.018392,0.311127,0.330000,-0.001440,1
1772473210,556498777,-0.189679,-1.390184,-1.877287,-0.402810,-0.454582,-0.052207,1,0.000000,0.000000,0.220292,-0.000961,0.220250,-0.003600,0.220250,-0.003600,0.000000,0.000000,0.220000,0.011341,0.220000,0.010495,0.220000,0.010495,0,0.288789,0.220000,0.212667,0.018674,0.004008,0.019039,-0.020961,0.311127,0.330000,-0.005394,1
1772473210,581418177,-0.189509,-1.396235,-1.877545,-0.400879,-0.450122,-0.050477,1,0.000000,0.000000,0.220250,-0.003600,0.220113,-0.007943,0.220113,-0.007943,0.000000,0.000000,0.220000,0.010495,0.220000,0.007063,0.220000,0.007063,0,0.194463,0.220000,0.212667,0.017828,0.003162,0.016400,-0.023600,0.311127,0.330000,-0.011908,1
1772473210,606388973,-0.192290,-1.402686,-1.877528,-0.393934,-0.451178,-0.050459,1,0.000000,0.000000,0.220113,-0.007943,0.220127,-0.007955,0.220127,-0.007955,0.000000,0.000000,0.220000,0.007063,0.220000,0.007485,0.220000,0.007485,0,0.206086,0.220000,0.212667,0.014396,-0.000271,0.012057,-0.027943,0.311127,0.330000,-0.011926,1
1772473210,656392928,-0.194714,-1.413457,-1.877123,-0.382900,-0.450791,-0.050054,1,0.000000,0.000000,0.220127,-0.007955,0.220101,-0.011646,0.220101,-0.011646,0.000000,0.000000,0.220000,0.007485,0.220000,0.006667,0.220000,0.006667,0,0.183577,0.220000,0.212667,0.014819,0.000152,0.012045,-0.027955,0.311127,0.330000,-0.017462,1
1772473210,681422045,-0.197040,-1.419658,-1.876268,-0.376313,-0.451470,-0.049199,1,0.000000,0.000000,0.220101,-0.011646,0.220100,-0.015893,0.220100,-0.015893,0.000000,0.000000,0.220000,0.006667,0.220000,0.006624,0.220000,0.006624,0,0.182399,0.220000,0.212667,0.014000,-0.000666,0.008354,-0.031646,0.311127,0.330000,-0.023829,1
1772473210,706443354,-0.198285,-1.423317,-1.875973,-0.372457,-0.451747,-0.048904,1,0.000000,0.000000,0.220100,-0.015893,0.220098,-0.020045,0.220098,-0.020045,0.000000,0.000000,0.220000,0.006624,0.220000,0.006562,0.220000,0.006562,0,0.180701,0.220000,0.212667,0.013957,-0.000709,0.004107,-0.035893,0.311127,0.330000,-0.030054,1
1772473210,756393412,-0.199624,-1.434913,-1.876241,-0.360900,-0.450102,-0.049172,1,0.000000,0.000000,0.220098,-0.020045,0.220055,-0.024125,0.220055,-0.024125,0.000000,0.000000,0.220000,0.006562,0.220000,0.004932,0.220000,0.004932,0,0.135827,0.220000,0.212667,0.013896,-0.000771,-0.000045,-0.040045,0.311127,0.330000,-0.036179,1
1772473210,781459416,-0.201091,-1.439904,-1.876735,-0.355701,-0.450256,-0.049666,1,0.000000,0.000000,0.220055,-0.024125,0.220054,-0.023796,0.220054,-0.023796,0.000000,0.000000,0.220000,0.004932,0.220000,0.004858,0.220000,0.004858,0,0.133809,0.220000,0.212667,0.012265,-0.002402,-0.004125,-0.044125,0.311127,0.330000,-0.035685,1
1772473210,806436539,-0.201359,-1.445978,-1.878463,-0.349771,-0.448972,-0.051405,1,0.000000,0.000000,0.220054,-0.023796,0.220037,-0.027237,0.220037,-0.027237,0.000000,0.000000,0.220000,0.004858,0.220000,0.004047,0.220000,0.004047,0,0.111456,0.220000,0.212667,0.012192,-0.002475,-0.003796,-0.043796,0.311127,0.330000,-0.040848,1
1772473210,856569838,-0.205393,-1.455870,-1.878843,-0.341882,-0.449649,-0.053946,1,0.000000,0.000000,0.220037,-0.027237,0.220048,-0.030522,0.220048,-0.030522,0.000000,0.000000,0.220000,0.004047,0.220000,0.004581,0.220000,0.004581,0,0.126168,0.220000,0.212667,0.011380,-0.003287,-0.007237,-0.047237,0.311127,0.330000,-0.045773,1
1772473210,881634241,-0.207036,-1.462222,-1.880002,-0.335321,-0.449642,-0.055105,1,0.000000,0.000000,0.220048,-0.030522,0.220044,-0.029749,0.220044,-0.029749,0.000000,0.000000,0.220000,0.004581,0.220000,0.004412,0.220000,0.004412,0,0.121524,0.220000,0.212667,0.011914,-0.002752,-0.010522,-0.050522,0.311127,0.330000,-0.044614,1
1772473210,906563339,-0.208069,-1.467658,-1.880938,-0.329800,-0.449276,-0.056041,1,0.000000,0.000000,0.220044,-0.029749,0.220036,-0.034518,0.220036,-0.034518,0.000000,0.000000,0.220000,0.004412,0.220000,0.004000,0.220000,0.004000,0,0.110170,0.220000,0.212667,0.011746,-0.002921,-0.009749,-0.049749,0.311127,0.330000,-0.051768,1
1772473210,956632011,-0.211803,-1.477524,-1.881376,-0.319312,-0.450410,-0.056479,1,0.000000,0.000000,0.220036,-0.034518,0.220038,-0.040082,0.220038,-0.040082,0.000000,0.000000,0.220000,0.004000,0.220000,0.004097,0.220000,0.004097,0,0.112849,0.220000,0.212667,0.011333,-0.003333,-0.014518,-0.054518,0.311127,0.330000,-0.060112,1
1772473210,981713372,-0.213036,-1.483840,-1.882564,-0.312889,-0.450016,-0.057667,1,0.000000,0.000000,0.220038,-0.040082,0.220030,-0.045658,0.220030,-0.045658,0.000000,0.000000,0.220000,0.004097,0.220000,0.003606,0.220000,0.003606,0,0.099336,0.220000,0.212667,0.011430,-0.003236,-0.020082,-0.060082,0.311127,0.330000,-0.068477,1
1772473211,6728436,-0.214700,-1.489259,-1.883291,-0.307225,-0.450264,-0.058395,1,0.000000,0.000000,0.220030,-0.045658,0.220027,-0.045172,0.220027,-0.045172,0.000000,0.000000,0.220000,0.003606,0.220000,0.003473,0.220000,0.003473,0,0.095673,0.220000,0.212667,0.010940,-0.003727,-0.025658,-0.065658,0.311127,0.330000,-0.067750,1
1772473211,56817144,-0.217395,-1.500452,-1.885335,-0.295703,-0.449964,-0.060346,1,0.000000,0.000000,0.220027,-0.045172,0.220017,-0.050811,0.220017,-0.050811,0.000000,0.000000,0.220000,0.003473,0.220000,0.002711,0.220000,0.002711,0,0.074676,0.220000,0.212667,0.010807,-0.003860,-0.025172,-0.065172,0.311127,0.330000,-0.076210,1
1772473211,81893756,-0.219850,-1.505972,-1.886265,-0.289123,-0.445516,-0.055992,1,0.000000,0.000000,0.220017,-0.050811,0.220007,-0.061758,0.220007,-0.061758,0.000000,0.000000,0.220000,0.002711,0.220000,-0.001813,0.220000,-0.001813,0,-0.049948,0.220000,0.212667,0.010044,-0.004622,-0.030811,-0.070811,0.311127,0.330000,-0.092634,1
1772473211,106885298,-0.218712,-1.511770,-1.887972,-0.283811,-0.442929,-0.057699,1,0.000000,0.000000,0.220007,-0.061758,0.220031,-0.069742,0.220031,-0.069742,0.000000,0.000000,0.220000,-0.001813,0.220000,-0.003665,0.220000,-0.003665,0,-0.100937,0.220000,0.212667,0.005520,-0.009147,-0.041758,-0.081758,0.311127,0.330000,-0.104598,1
1772473211,156926031,-0.225152,-1.520692,-1.888885,-0.273535,-0.446863,-0.058612,1,0.000000,0.000000,0.220031,-0.069742,0.220009,-0.078781,0.220009,-0.078781,0.000000,0.000000,0.220000,-0.003665,0.220000,-0.001946,0.220000,-0.001946,0,-0.053618,0.220000,0.212667,0.003669,-0.010998,-0.049742,-0.089742,0.311127,0.330000,-0.118166,1
1772473211,182036485,-0.225410,-1.526898,-1.891413,-0.267471,-0.445520,-0.061140,1,0.000000,0.000000,0.220009,-0.078781,0.220020,-0.077099,0.220020,-0.077099,0.000000,0.000000,0.220000,-0.001946,0.220000,-0.002962,0.220000,-0.002962,0,-0.081589,0.220000,0.212667,0.005387,-0.009280,-0.058781,-0.098781,0.311127,0.330000,-0.115639,1
1772473211,207036604,-0.227071,-1.532604,-1.892465,-0.261530,-0.445662,-0.062192,1,0.000000,0.000000,0.220020,-0.077099,0.220026,-0.087118,0.220026,-0.087118,0.000000,0.000000,0.220000,-0.002962,0.220000,-0.003352,0.220000,-0.003352,0,-0.092332,0.220000,0.212667,0.004371,-0.010295,-0.057099,-0.097099,0.311127,0.330000,-0.130661,1
1772473211,257061398,-0.231111,-1.542017,-1.896711,-0.251396,-0.447152,-0.066438,1,0.000000,0.000000,0.220026,-0.087118,0.220017,-0.097344,0.220017,-0.097344,0.000000,0.000000,0.220000,-0.003352,0.220000,-0.002739,0.220000,-0.002739,0,-0.075444,0.220000,0.212667,0.003981,-0.010685,-0.067118,-0.107118,0.311127,0.330000,-0.146005,1
1772473211,282126339,-0.233736,-1.546298,-1.897759,-0.246602,-0.448389,-0.067408,1,0.000000,0.000000,0.220017,-0.097344,0.220013,-0.111081,0.220013,-0.111081,0.000000,0.000000,0.220000,-0.002739,0.220000,-0.002360,0.220000,-0.002360,0,-0.065001,0.220000,0.212667,0.004595,-0.010072,-0.077344,-0.117344,0.311127,0.330000,-0.166612,1
1772473211,307166921,-0.235004,-1.550761,-1.900582,-0.242549,-0.441894,-0.067685,1,0.000000,0.000000,0.220013,-0.111081,0.220117,-0.110949,0.220117,-0.110949,0.000000,0.000000,0.220000,-0.002360,0.220000,-0.007166,0.220000,-0.007166,0,-0.197309,0.220000,0.212667,0.004974,-0.009693,-0.091081,-0.131081,0.311127,0.330000,-0.166335,1
1772473211,357251077,-0.238202,-1.561032,-1.903692,-0.231800,-0.442321,-0.070795,1,0.000000,0.000000,0.220117,-0.110949,0.220141,-0.126082,0.220141,-0.126082,0.000000,0.000000,0.220000,-0.007166,0.220000,-0.007872,0.220000,-0.007872,0,-0.216719,0.220000,0.212667,0.000167,-0.014499,-0.090949,-0.130949,0.311127,0.330000,-0.189002,1
1772473211,382236769,-0.240499,-1.566393,-1.907142,-0.226027,-0.443151,-0.074245,1,0.000000,0.000000,0.220141,-0.126082,0.220129,-0.144220,0.220129,-0.144220,0.000000,0.000000,0.220000,-0.007872,0.220000,-0.007534,0.220000,-0.007534,0,-0.207430,0.220000,0.212667,-0.000539,-0.015205,-0.106082,-0.146082,0.311127,0.330000,-0.216204,1
1772473211,407277324,-0.242904,-1.571529,-1.908955,-0.220443,-0.444143,-0.076058,1,0.000000,0.000000,0.220129,-0.144220,0.220128,-0.143010,0.220128,-0.143010,0.000000,0.000000,0.220000,-0.007534,0.220000,-0.007514,0.220000,-0.007514,0,-0.206882,0.220000,0.212667,-0.000201,-0.014867,-0.124220,-0.164220,0.311127,0.330000,-0.214390,1
1772473211,457360100,-0.245799,-1.581693,-1.912901,-0.209877,-0.444306,-0.080004,1,0.000000,0.000000,0.220128,-0.143010,0.218897,-0.163010,0.218897,-0.163010,0.000000,0.000000,0.220000,-0.007514,0.218729,-0.008593,0.218729,-0.008593,0,-0.237926,0.220000,0.212667,-0.000181,-0.014848,-0.123010,-0.163010,0.311127,0.330000,-0.245747,1
1772473211,482356929,-0.247827,-1.586543,-1.916909,-0.204667,-0.445008,-0.084012,1,0.000000,0.000000,0.218897,-0.163010,0.211541,-0.183010,0.211541,-0.183010,0.000000,0.000000,0.218729,-0.008593,0.211395,-0.007857,0.211395,-0.007857,0,-0.227272,0.220000,0.211395,-0.001260,-0.015927,-0.143010,-0.183010,0.311127,0.328346,-0.287110,1
1772473211,507407562,-0.248876,-1.592729,-1.920830,-0.198314,-0.444196,-0.087924,1,0.000000,0.000000,0.211541,-0.183010,0.218865,-0.164041,0.218865,-0.164041,0.000000,0.000000,0.211395,-0.007857,0.218729,-0.007724,0.218729,-0.007724,0,-0.222444,0.218729,0.204062,-0.000523,-0.015190,-0.163010,-0.203010,0.311127,0.317312,-0.237827,1
1772473211,557432510,-0.252374,-1.602294,-1.928867,-0.185609,-0.439725,-0.095750,1,0.000000,0.000000,0.218865,-0.164041,0.211679,-0.184041,0.211679,-0.184041,0.000000,0.000000,0.218729,-0.007724,0.211395,-0.010953,0.211395,-0.010953,0,-0.383650,0.220000,0.211395,-0.000391,-0.015058,-0.144041,-0.184041,0.311127,0.328297,-0.405115,1
1772473211,582496552,-0.256231,-1.608326,-1.932737,-0.178783,-0.441886,-0.099620,1,0.000000,0.000000,0.211679,-0.184041,0.204337,-0.204041,0.204337,-0.204041,0.000000,0.000000,0.211395,-0.010953,0.204062,-0.010592,0.204062,-0.010592,0,-0.332319,0.218729,0.204062,-0.003620,-0.018286,-0.164041,-0.204041,0.311127,0.317518,-0.328157,1
1772473211,607572001,-0.257236,-1.613971,-1.936744,-0.173070,-0.441393,-0.103627,1,0.000000,0.000000,0.204337,-0.204041,0.211647,-0.223831,0.211647,-0.223831,0.000000,0.000000,0.204062,-0.010592,0.211395,-0.010318,0.211395,-0.010318,0,-0.318109,0.211395,0.196729,-0.003259,-0.017926,-0.184041,-0.224041,0.311127,0.306505,-0.324150,1
1772473211,657542318,-0.261138,-1.623663,-1.944601,-0.162698,-0.442648,-0.111484,1,0.000000,0.000000,0.211647,-0.223831,0.204347,-0.243831,0.204347,-0.243831,0.000000,0.000000,0.211395,-0.010318,0.204062,-0.010796,0.204062,-0.010796,0,-0.394719,0.218729,0.204062,-0.002985,-0.017651,-0.203831,-0.243831,0.311127,0.317470,-0.487660,1
1772473211,682600166,-0.262177,-1.628584,-1.949373,-0.157676,-0.442375,-0.116255,1,0.000000,0.000000,0.204347,-0.243831,0.210265,-0.263831,0.210265,-0.263831,0.000000,0.000000,0.204062,-0.010796,0.209951,-0.011484,0.209951,-0.011484,0,-0.356366,0.211395,0.196729,-0.003463,-0.018130,-0.223831,-0.263831,0.311127,0.306521,-0.384610,1
1772473211,707637715,-0.264639,-1.632953,-1.955155,-0.152818,-0.443620,-0.122038,1,0.000000,0.000000,0.210265,-0.263831,0.202881,-0.283831,0.202881,-0.283831,0.000000,0.000000,0.209951,-0.011484,0.202618,-0.010329,0.202618,-0.010329,0,-0.413653,0.217284,0.202618,-0.004151,-0.018817,-0.243831,-0.283831,0.311127,0.315397,-0.611137,1
1772473211,757599471,-0.268437,-1.643246,-1.966965,-0.139377,-0.449359,-0.134489,1,0.000000,0.000000,0.202881,-0.283831,0.195439,-0.303831,0.195439,-0.303831,0.000000,0.000000,0.202618,-0.010329,0.195284,-0.007787,0.195284,-0.007787,0,-0.314237,0.209951,0.195284,-0.002995,-0.017662,-0.263831,-0.303831,0.311127,0.304321,-0.598686,1
1772473211,782656838,-0.270575,-1.646718,-1.974008,-0.135470,-0.450525,-0.141532,1,0.000000,0.000000,0.195439,-0.303831,0.202693,-0.316398,0.202693,-0.316398,0.000000,0.000000,0.195284,-0.007787,0.202618,-0.005548,0.202618,-0.005548,0,-0.186748,0.202618,0.187951,-0.000454,-0.015120,-0.283831,-0.323831,0.311127,0.293159,-0.457612,1
1772473211,807665720,-0.272353,-1.651373,-1.981126,-0.130513,-0.451039,-0.148650,1,0.000000,0.000000,0.202693,-0.316398,0.195425,-0.336398,0.195425,-0.336398,0.000000,0.000000,0.202618,-0.005548,0.195284,-0.007410,0.195284,-0.007410,0,-0.344606,0.209951,0.195284,0.001785,-0.012882,-0.296398,-0.336398,0.311127,0.304040,-0.768992,1
1772473211,857683640,-0.277040,-1.660909,-1.995567,-0.120089,-0.453099,-0.163091,1,0.000000,0.000000,0.195425,-0.336398,0.188030,-0.356398,0.188030,-0.356398,0.000000,0.000000,0.195284,-0.007410,0.187951,-0.005438,0.187951,-0.005438,0,-0.255952,0.202618,0.187951,-0.000076,-0.014743,-0.316398,-0.356398,0.311127,0.293137,-0.754551,1
1772473211,882724210,-0.279058,-1.667633,-2.005433,-0.113073,-0.453309,-0.172957,1,0.000000,0.000000,0.188030,-0.356398,0.180645,-0.376398,0.180645,-0.376398,0.000000,0.000000,0.187951,-0.005438,0.180618,-0.003170,0.180618,-0.003170,0,-0.152575,0.195284,0.180618,0.001895,-0.012771,-0.336398,-0.376398,0.311127,0.282044,-0.744685,1
1772473211,907697982,-0.279919,-1.670389,-2.012127,-0.110188,-0.453428,-0.179652,1,0.000000,0.000000,0.180645,-0.376398,0.187951,-0.383939,0.187951,-0.383939,0.000000,0.000000,0.180618,-0.003170,0.187951,-0.000009,0.187951,-0.000009,0,-0.000340,0.187951,0.173284,0.004163,-0.010503,-0.356398,-0.396398,0.311127,0.270968,-0.553523,1
1772473211,957750314,-0.284099,-1.681281,-2.029728,-0.098585,-0.454648,-0.197252,1,0.000000,0.000000,0.187951,-0.383939,0.180686,-0.403939,0.180686,-0.403939,0.000000,0.000000,0.187951,-0.000009,0.180618,-0.004986,0.180618,-0.004986,0,-0.365546,0.195284,0.180618,0.007325,-0.007342,-0.363939,-0.403939,0.311127,0.281926,-1.232861,1
1772473211,982744642,-0.285438,-1.686350,-2.040094,-0.093244,-0.454253,-0.207581,1,0.000000,0.000000,0.180686,-0.403939,0.173308,-0.423939,0.173308,-0.423939,0.000000,0.000000,0.180618,-0.004986,0.173284,-0.002848,0.173284,-0.002848,0,-0.168347,0.187951,0.173284,0.002348,-0.012319,-0.383939,-0.423939,0.311127,0.271030,-0.950264,1
1772473212,7728237,-0.287411,-1.690036,-2.050224,-0.086896,-0.446444,-0.216857,1,0.000000,0.000000,0.173308,-0.423939,0.166016,-0.443939,0.166016,-0.443939,0.000000,0.000000,0.173284,-0.002848,0.165951,-0.004664,0.165951,-0.004664,0,-0.217661,0.180618,0.165951,0.004485,-0.010182,-0.403939,-0.443939,0.311127,0.259961,-0.700784,1
1772473212,57743664,-0.292852,-1.697362,-2.069980,-0.078409,-0.449797,-0.236614,1,0.000000,0.000000,0.166016,-0.443939,0.169644,-0.463939,0.169644,-0.463939,0.000000,0.000000,0.165951,-0.004664,0.169644,0.000187,0.169644,0.000187,0,0.008833,0.173284,0.158618,0.002670,-0.011997,-0.423939,-0.463939,0.311127,0.249025,-0.681028,1
1772473212,82785194,-0.293571,-1.701353,-2.080209,-0.074368,-0.449456,-0.246842,1,0.000000,0.000000,0.169644,-0.463939,0.162336,-0.483939,0.162336,-0.483939,0.000000,0.000000,0.169644,0.000187,0.162310,-0.002881,0.162310,-0.002881,0,-0.165136,0.176977,0.162310,0.007520,-0.007147,-0.443939,-0.483939,0.311127,0.254466,-0.911003,1
1772473212,107766735,-0.295208,-1.703953,-2.089978,-0.071432,-0.450361,-0.256611,1,0.000000,0.000000,0.162336,-0.483939,0.169658,-0.463939,0.169658,-0.463939,0.000000,0.000000,0.162310,-0.002881,0.169644,0.002214,0.169644,0.002214,0,0.106508,0.169644,0.154977,0.004452,-0.010215,-0.463939,-0.503939,0.311127,0.243504,-0.661031,1
1772473212,157800592,-0.299947,-1.711495,-2.114496,-0.062918,-0.452981,-0.281130,1,0.000000,0.000000,0.169658,-0.463939,0.162391,-0.483939,0.162391,-0.483939,0.000000,0.000000,0.169644,0.002214,0.162310,-0.005119,0.162310,-0.005119,0,-0.495431,0.176977,0.162310,0.009548,-0.005119,-0.443939,-0.483939,0.311127,0.254487,-1.405758,1
1772473212,182769526,-0.301547,-1.715425,-2.127179,-0.058708,-0.453506,-0.293813,1,0.000000,0.000000,0.162391,-0.483939,0.154977,-0.503939,0.154977,-0.503939,0.000000,0.000000,0.162310,-0.005119,0.154977,0.000172,0.154977,0.000172,0,0.012834,0.169644,0.154977,0.002214,-0.012452,-0.463939,-0.503939,0.311127,0.243587,-1.136301,1
1772473212,207834024,-0.301955,-1.719312,-2.139384,-0.054849,-0.452891,-0.306017,1,0.000000,0.000000,0.154977,-0.503939,0.147752,-0.523939,0.147752,-0.523939,0.000000,0.000000,0.154977,0.000172,0.147644,0.005645,0.147644,0.005645,0,0.338873,0.162310,0.147644,0.007505,-0.007161,-0.483939,-0.523939,0.311127,0.232466,-0.851828,1
1772473212,257922479,-0.306212,-1.724354,-2.162339,-0.051633,-0.457531,-0.327765,1,0.000000,0.000000,0.147752,-0.523939,0.155519,-0.503939,0.155519,-0.503939,0.000000,0.000000,0.147644,0.005645,0.154977,0.012978,0.154977,0.012978,0,0.871259,0.154977,0.140310,0.012978,-0.001688,-0.503939,-0.543939,0.311127,0.221627,-0.589877,1
1772473212,282959665,-0.308827,-1.728379,-2.175298,-0.047065,-0.459007,-0.340724,1,0.000000,0.000000,0.155519,-0.503939,0.147752,-0.523939,0.147752,-0.523939,0.000000,0.000000,0.154977,0.012978,0.147644,0.005645,0.147644,0.005645,0,0.347616,0.162310,0.147644,0.020312,0.005645,-0.483939,-0.523939,0.311127,0.233279,-1.089389,1
1772473212,308018349,-0.310786,-1.732388,-2.188864,-0.042684,-0.459853,-0.354290,1,0.000000,0.000000,0.147752,-0.523939,0.141476,-0.512949,0.141476,-0.512949,0.000000,0.000000,0.147644,0.005645,0.140879,0.012978,0.140879,0.012978,0,0.827828,0.154977,0.140310,0.012978,-0.001688,-0.503939,-0.543939,0.311127,0.221627,-0.803555,1
1772473212,358110185,-0.314514,-1.737642,-2.214561,-0.036640,-0.462082,-0.379987,1,0.000000,0.000000,0.141476,-0.512949,0.133982,-0.532949,0.133982,-0.532949,0.000000,0.000000,0.140879,0.012978,0.133546,0.010803,0.133546,0.010803,0,0.872311,0.148212,0.133546,0.020312,0.005645,-0.492949,-0.532949,0.311127,0.220000,-1.050127,1
1772473212,383153523,-0.316039,-1.740146,-2.227373,-0.033825,-0.462901,-0.392799,1,0.000000,0.000000,0.133982,-0.532949,0.126637,-0.552949,0.126637,-0.552949,0.000000,0.000000,0.133546,0.010803,0.126212,0.010360,0.126212,0.010360,0,0.800328,0.140879,0.126212,0.018137,0.003470,-0.512949,-0.552949,0.311127,0.220000,-1.037315,1
1772473212,408161672,-0.317964,-1.743637,-2.240268,-0.029952,-0.463850,-0.405694,1,0.000000,0.000000,0.126637,-0.552949,0.119003,-0.572949,0.119003,-0.572949,0.000000,0.000000,0.126212,0.010360,0.118879,0.005421,0.118879,0.005421,0,0.497970,0.133546,0.118879,0.017693,0.003026,-0.532949,-0.572949,0.311127,0.220000,-1.281194,1
1772473212,458230853,-0.320810,-1.748570,-2.266457,-0.024448,-0.465311,-0.431883,1,0.000000,0.000000,0.119003,-0.572949,0.111562,-0.592949,0.111562,-0.592949,0.000000,0.000000,0.118879,0.005421,0.111546,-0.001912,0.111546,-0.001912,0,-7.193713,0.126212,0.111546,0.012755,-0.001912,-0.552949,-0.592949,0.311127,0.220000,-2.165882,1
1772473212,483267123,-0.323645,-1.751506,-2.280417,-0.020936,-0.467014,-0.445864,1,0.000000,0.000000,0.111562,-0.592949,0.104622,-0.600000,0.104622,-0.600000,0.000000,0.000000,0.111546,-0.001912,0.104212,-0.009245,0.104212,-0.009245,0,-7.360917,0.118879,0.104212,0.005421,-0.009245,-0.572949,-0.600000,0.311127,0.220000,-2.157981,1
1772473212,508307912,-0.324232,-1.753362,-2.294888,-0.020626,-0.459963,-0.460894,1,0.000000,0.000000,0.104622,-0.600000,0.098287,-0.600000,0.098287,-0.600000,0.000000,0.000000,0.104212,-0.009245,0.096879,-0.016579,0.096879,-0.016579,0,-6.801122,0.111546,0.096879,-0.001912,-0.016579,-0.580000,-0.600000,0.311127,0.220000,-2.130314,1
1772473212,558448401,-0.327321,-1.756551,-2.322245,-0.016743,-0.462116,-0.488251,1,0.000000,0.000000,0.098287,-0.600000,0.092683,-0.600000,0.092683,-0.600000,0.000000,0.000000,0.096879,-0.016579,0.089546,-0.023912,0.089546,-0.023912,0,-6.974829,0.104212,0.089546,-0.009245,-0.023912,-0.580000,-0.600000,0.311127,0.220000,-2.109514,1
1772473212,583375724,-0.328848,-1.758636,-2.336871,-0.014333,-0.463048,-0.502877,1,0.000000,0.000000,0.092683,-0.600000,0.087950,-0.600000,0.087950,-0.600000,0.000000,0.000000,0.089546,-0.023912,0.082212,-0.031245,0.082212,-0.031245,0,-7.046394,0.096879,0.082212,-0.016579,-0.031245,-0.580000,-0.600000,0.311127,0.220000,-2.094888,1
1772473212,608426709,-0.331721,-1.760221,-2.352727,-0.012055,-0.465410,-0.518734,1,0.000000,0.000000,0.087950,-0.600000,0.084233,-0.600000,0.084233,-0.600000,0.000000,0.000000,0.082212,-0.031245,0.074879,-0.038579,0.074879,-0.038579,0,-7.177520,0.089546,0.074879,-0.023912,-0.038579,-0.580000,-0.600000,0.311127,0.220000,-2.085111,1
1772473212,658561436,-0.334131,-1.761489,-2.384027,-0.010204,-0.467406,-0.550033,1,0.000000,0.000000,0.084233,-0.600000,0.081672,-0.600000,0.081672,-0.600000,0.000000,0.000000,0.074879,-0.038579,0.067546,-0.045912,0.067546,-0.045912,0,-7.170981,0.082212,0.067546,-0.031245,-0.045912,-0.580000,-0.600000,0.311127,0.220000,-2.053812,1
1772473212,683558719,-0.336179,-1.762038,-2.398854,-0.009141,-0.469241,-0.564860,1,0.000000,0.000000,0.081672,-0.600000,0.079141,-0.600000,0.079141,-0.600000,0.000000,0.000000,0.067546,-0.045912,0.060212,-0.051360,0.060212,-0.051360,0,-7.215792,0.074879,0.060212,-0.038579,-0.053245,-0.580000,-0.600000,0.311127,0.220000,-2.044632,1
1772473212,708599783,-0.339285,-1.762318,-2.413957,-0.008062,-0.472167,-0.579963,1,0.000000,0.000000,0.079141,-0.600000,0.074308,-0.600000,0.074308,-0.600000,0.000000,0.000000,0.060212,-0.051360,0.052879,-0.052206,0.052879,-0.052206,0,-7.304875,0.067546,0.052879,-0.044026,-0.058693,-0.580000,-0.600000,0.311127,0.220000,-2.034783,1
1772473212,758663342,-0.342067,-1.762124,-2.444197,-0.011680,-0.470869,-0.610903,1,0.000000,0.000000,0.074308,-0.600000,0.068068,-0.600000,0.068068,-0.600000,0.000000,0.000000,0.052879,-0.052206,0.045546,-0.050585,0.045546,-0.050585,0,-6.960161,0.060212,0.045546,-0.044873,-0.059540,-0.580000,-0.600000,0.311127,0.220000,-1.998588,1
1772473212,783684251,-0.343937,-1.762674,-2.458979,-0.010664,-0.472532,-0.625685,1,0.000000,0.000000,0.068068,-0.600000,0.066363,-0.600000,0.066363,-0.600000,0.000000,0.000000,0.045546,-0.050585,0.042416,-0.051038,0.042416,-0.051038,0,-6.991620,0.052879,0.038212,-0.043251,-0.057918,-0.580000,-0.600000,0.311127,0.220000,-1.989061,1
1772473212,808666530,-0.345146,-1.761853,-2.473918,-0.011143,-0.473913,-0.640624,1,0.000000,0.000000,0.066363,-0.600000,0.066865,-0.600000,0.066865,-0.600000,0.000000,0.000000,0.042416,-0.051038,0.043011,-0.051196,0.043011,-0.051196,0,-6.960496,0.049750,0.035083,-0.043705,-0.058372,-0.580000,-0.600000,0.311127,0.220000,-1.974122,1
1772473212,858774692,-0.347805,-1.762245,-2.503309,-0.010075,-0.476379,-0.670015,1,0.000000,0.000000,0.066865,-0.600000,0.067705,-0.600000,0.067705,-0.600000,0.000000,0.000000,0.043011,-0.051196,0.043723,-0.051694,0.043723,-0.051694,0,-6.941091,0.050344,0.035678,-0.043862,-0.058529,-0.580000,-0.600000,0.311127,0.220000,-1.949626,1
1772473212,883793655,-0.349849,-1.760487,-2.518423,-0.011242,-0.478809,-0.685129,1,0.000000,0.000000,0.067705,-0.600000,0.068234,-0.600000,0.068234,-0.600000,0.000000,0.000000,0.043723,-0.051694,0.044101,-0.052067,0.044101,-0.052067,0,-6.936971,0.051056,0.036390,-0.044361,-0.059028,-0.580000,-0.600000,0.311127,0.220000,-1.934512,1
1772473212,908805851,-0.350275,-1.761331,-2.534307,-0.010405,-0.479019,-0.700965,1,0.000000,0.000000,0.068234,-0.600000,0.068797,-0.600000,0.068797,-0.600000,0.000000,0.000000,0.044101,-0.052067,0.045000,-0.052039,0.045000,-0.052039,0,-6.876460,0.051434,0.036768,-0.044734,-0.059401,-0.580000,-0.600000,0.311127,0.220000,-1.918676,1
1772473212,958897116,-0.353209,-1.760442,-2.563614,-0.012413,-0.482450,-0.729237,1,0.000000,0.000000,0.068797,-0.600000,0.069658,-0.600000,0.069658,-0.600000,0.000000,0.000000,0.045000,-0.052039,0.046098,-0.052223,0.046098,-0.052223,0,-6.815469,0.052334,0.037667,-0.044706,-0.059372,-0.580000,-0.600000,0.311127,0.220000,-1.894974,1
1772473212,983851578,-0.354221,-1.760773,-2.578595,-0.011829,-0.483341,-0.744218,1,0.000000,0.000000,0.069658,-0.600000,0.070213,-0.600000,0.070213,-0.600000,0.000000,0.000000,0.046098,-0.052223,0.046750,-0.052386,0.046750,-0.052386,0,-6.782705,0.053431,0.038765,-0.044889,-0.059556,-0.580000,-0.600000,0.311127,0.220000,-1.879993,1
1772473213,8905803,-0.356431,-1.759962,-2.593219,-0.012036,-0.485686,-0.758842,1,0.000000,0.000000,0.070213,-0.600000,0.070763,-0.600000,0.070763,-0.600000,0.000000,0.000000,0.046750,-0.052386,0.046992,-0.052908,0.046992,-0.052908,0,-6.796980,0.054084,0.039417,-0.045052,-0.059719,-0.580000,-0.600000,0.311127,0.220000,-1.865369,1
1772473213,58932962,-0.359237,-1.759197,-2.623388,-0.012009,-0.488714,-0.788883,1,0.000000,0.000000,0.070763,-0.600000,0.071755,-0.600000,0.071755,-0.600000,0.000000,0.000000,0.046992,-0.052908,0.048043,-0.053297,0.048043,-0.053297,0,-6.752424,0.054325,0.039659,-0.045574,-0.060241,-0.580000,-0.600000,0.311127,0.220000,-1.839599,1
1772473213,83996111,-0.361492,-1.758891,-2.638616,-0.011020,-0.493382,-0.801548,1,0.000000,0.000000,0.071755,-0.600000,0.072094,-0.600000,0.072094,-0.600000,0.000000,0.000000,0.048043,-0.053297,0.046934,-0.054725,0.046934,-0.054725,0,-6.900619,0.055377,0.040710,-0.045964,-0.060630,-0.580000,-0.600000,0.311127,0.220000,-1.830933,1
1772473213,109006458,-0.362930,-1.759162,-2.654086,-0.010381,-0.494698,-0.817019,1,0.000000,0.000000,0.072094,-0.600000,0.072709,-0.600000,0.072709,-0.600000,0.000000,0.000000,0.046934,-0.054725,0.047548,-0.055007,0.047548,-0.055007,0,-6.877651,0.054268,0.039601,-0.047391,-0.062058,-0.580000,-0.600000,0.311127,0.220000,-1.815462,1
1772473213,159103160,-0.364954,-1.756861,-2.683451,-0.012068,-0.497257,-0.846384,1,0.000000,0.000000,0.072709,-0.600000,0.073749,-0.600000,0.073749,-0.600000,0.000000,0.000000,0.047548,-0.055007,0.049243,-0.054901,0.049243,-0.054901,0,-6.767505,0.054881,0.040214,-0.047674,-0.062341,-0.580000,-0.600000,0.311127,0.220000,-1.789848,1
1772473213,184136538,-0.366700,-1.755947,-2.697773,-0.012858,-0.499410,-0.860867,1,0.000000,0.000000,0.073749,-0.600000,0.074351,-0.600000,0.074351,-0.600000,0.000000,0.000000,0.049243,-0.054901,0.049805,-0.055205,0.049805,-0.055205,0,-6.749894,0.056576,0.041909,-0.047568,-0.062234,-0.580000,-0.600000,0.311127,0.220000,-1.775365,1
1772473213,209141221,-0.369547,-1.755875,-2.713507,-0.018564,-0.506137,-0.879392,1,0.000000,0.000000,0.074351,-0.600000,0.074971,-0.600000,0.074971,-0.600000,0.000000,0.000000,0.049805,-0.055205,0.049932,-0.055924,0.049932,-0.055924,0,-6.781256,0.057138,0.042471,-0.047871,-0.062538,-0.580000,-0.600000,0.311127,0.220000,-1.760686,1
1772473213,259219670,-0.371465,-1.754427,-2.743006,-0.019463,-0.508365,-0.908892,1,0.000000,0.000000,0.074971,-0.600000,0.076089,-0.600000,0.076089,-0.600000,0.000000,0.000000,0.049932,-0.055924,0.051700,-0.055827,0.051700,-0.055827,0,-6.670062,0.057265,0.042598,-0.048590,-0.063257,-0.580000,-0.600000,0.311127,0.220000,-1.734821,1
1772473213,284293391,-0.373543,-1.754024,-2.757690,-0.019311,-0.510477,-0.923575,1,0.000000,0.000000,0.076089,-0.600000,0.076738,-0.600000,0.076738,-0.600000,0.000000,0.000000,0.051700,-0.055827,0.052172,-0.056274,0.052172,-0.056274,0,-6.666654,0.059033,0.044366,-0.048493,-0.063160,-0.580000,-0.600000,0.311127,0.220000,-1.720138,1
1772473213,309266289,-0.375856,-1.752053,-2.773362,-0.020772,-0.513077,-0.939205,1,0.000000,0.000000,0.076738,-0.600000,0.077301,-0.600000,0.077301,-0.600000,0.000000,0.000000,0.052172,-0.056274,0.052792,-0.056465,0.052792,-0.056465,0,-6.640604,0.059505,0.044839,-0.048941,-0.063608,-0.580000,-0.600000,0.311127,0.220000,-1.707621,1
1772473213,359340278,-0.378677,-1.751730,-2.803495,-0.023397,-0.513101,-0.968521,1,0.000000,0.000000,0.077301,-0.600000,0.078651,-0.600000,0.078651,-0.600000,0.000000,0.000000,0.052792,-0.056465,0.055870,-0.055358,0.055870,-0.055358,0,-6.398559,0.060126,0.045459,-0.049132,-0.063799,-0.580000,-0.600000,0.311127,0.220000,-1.678305,1
1772473213,384385475,-0.380248,-1.750292,-2.818114,-0.024375,-0.514993,-0.983140,1,0.000000,0.000000,0.078651,-0.600000,0.079342,-0.600000,0.079342,-0.600000,0.000000,0.000000,0.055870,-0.055358,0.056692,-0.055508,0.056692,-0.055508,0,-6.360039,0.063203,0.048537,-0.048024,-0.062691,-0.580000,-0.600000,0.311127,0.220000,-1.663686,1
1772473213,409344341,-0.380309,-1.749087,-2.833255,-0.025508,-0.515582,-0.998481,1,0.000000,0.000000,0.079342,-0.600000,0.080080,-0.600000,0.080080,-0.600000,0.000000,0.000000,0.056692,-0.055508,0.058081,-0.055131,0.058081,-0.055131,0,-6.258629,0.064026,0.049359,-0.048175,-0.062841,-0.580000,-0.600000,0.311127,0.220000,-1.648345,1
1772473213,459474580,-0.384369,-1.747694,-2.863064,-0.025522,-0.524228,-1.032331,1,0.000000,0.000000,0.080080,-0.600000,0.081611,-0.600000,0.081611,-0.600000,0.000000,0.000000,0.058081,-0.055131,0.058095,-0.057318,0.058095,-0.057318,0,-6.384836,0.065414,0.050748,-0.047798,-0.062465,-0.580000,-0.600000,0.311127,0.220000,-1.617426,1
1772473213,484530618,-0.385924,-1.746230,-2.878002,-0.026538,-0.526108,-1.047269,1,0.000000,0.000000,0.081611,-0.600000,0.082230,-0.600000,0.082230,-0.600000,0.000000,0.000000,0.058095,-0.057318,0.058936,-0.057344,0.058936,-0.057344,0,-6.339640,0.065428,0.050762,-0.049985,-0.064651,-0.580000,-0.600000,0.311127,0.220000,-1.605252,1
1772473213,509627134,-0.389614,-1.745385,-2.894011,-0.026445,-0.529801,-1.063056,1,0.000000,0.000000,0.082230,-0.600000,0.083047,-0.600000,0.083047,-0.600000,0.000000,0.000000,0.058936,-0.057344,0.059159,-0.058284,0.059159,-0.058284,0,-6.380177,0.066269,0.051603,-0.050011,-0.064677,-0.580000,-0.600000,0.311127,0.220000,-1.589465,1
1772473213,559593955,-0.390596,-1.743986,-2.922650,-0.028247,-0.529505,-1.087701,1,0.000000,0.000000,0.083047,-0.600000,0.084355,-0.600000,0.084355,-0.600000,0.000000,0.000000,0.059159,-0.058284,0.061953,-0.057250,0.061953,-0.057250,0,-6.169787,0.066492,0.051825,-0.050951,-0.065617,-0.580000,-0.600000,0.311127,0.220000,-1.564820,1
1772473213,584637595,-0.391559,-1.743336,-2.938285,-0.028623,-0.530605,-1.103335,1,0.000000,0.000000,0.084355,-0.600000,0.085206,-0.600000,0.085206,-0.600000,0.000000,0.000000,0.061953,-0.057250,0.063175,-0.057175,0.063175,-0.057175,0,-6.100163,0.069287,0.054620,-0.049916,-0.064583,-0.580000,-0.600000,0.311127,0.220000,-1.549186,1
1772473213,609760555,-0.393462,-1.741806,-2.953096,-0.029695,-0.532923,-1.117987,1,0.000000,0.000000,0.085206,-0.600000,0.085873,-0.600000,0.085873,-0.600000,0.000000,0.000000,0.063175,-0.057175,0.063927,-0.057337,0.063927,-0.057337,0,-6.069919,0.070509,0.055842,-0.049841,-0.064508,-0.580000,-0.600000,0.311127,0.220000,-1.537150,1
1772473213,659730723,-0.397610,-1.739923,-2.983216,-0.032066,-0.538862,-1.145288,1,0.000000,0.000000,0.085873,-0.600000,0.087262,-0.600000,0.087262,-0.600000,0.000000,0.000000,0.063927,-0.057337,0.064991,-0.058231,0.064991,-0.058231,0,-6.066450,0.071261,0.056594,-0.050003,-0.064670,-0.580000,-0.600000,0.311127,0.220000,-1.512686,1
1772473213,684765445,-0.398547,-1.739600,-2.997864,-0.032131,-0.539852,-1.159937,1,0.000000,0.000000,0.087262,-0.600000,0.088115,-0.600000,0.088115,-0.600000,0.000000,0.000000,0.064991,-0.058231,0.066168,-0.058190,0.066168,-0.058190,0,-6.003520,0.072324,0.057658,-0.050897,-0.065564,-0.580000,-0.600000,0.311127,0.220000,-1.498037,1
1772473213,709837604,-0.399694,-1.737313,-3.012639,-0.034269,-0.541418,-1.174496,1,0.000000,0.000000,0.088115,-0.600000,0.088980,-0.600000,0.088980,-0.600000,0.000000,0.000000,0.066168,-0.058190,0.067523,-0.057949,0.067523,-0.057949,0,-5.920551,0.073501,0.058835,-0.050857,-0.065524,-0.580000,-0.600000,0.311127,0.220000,-1.483478,1
1772473213,759859874,-0.404688,-1.735983,-3.042899,-0.038751,-0.543837,-1.200616,1,0.000000,0.000000,0.088980,-0.600000,0.090408,-0.600000,0.090408,-0.600000,0.000000,0.000000,0.067523,-0.057949,0.070101,-0.057093,0.070101,-0.057093,0,-5.740884,0.074856,0.060190,-0.050616,-0.065283,-0.580000,-0.600000,0.311127,0.220000,-1.460041,1
1772473213,784882092,-0.406386,-1.733133,-3.058250,-0.041041,-0.546237,-1.215967,1,0.000000,0.000000,0.090408,-0.600000,0.091369,-0.600000,0.091369,-0.600000,0.000000,0.000000,0.070101,-0.057093,0.071339,-0.057088,0.071339,-0.057088,0,-5.680075,0.077434,0.062767,-0.049759,-0.064426,-0.580000,-0.600000,0.311127,0.220000,-1.444690,1
1772473213,809939556,-0.406836,-1.732832,-3.073391,-0.041178,-0.546523,-1.230843,1,0.000000,0.000000,0.091369,-0.600000,0.092320,-0.600000,0.092320,-0.600000,0.000000,0.000000,0.071339,-0.057088,0.072863,-0.056691,0.072863,-0.056691,0,-5.582473,0.078672,0.064006,-0.049755,-0.064421,-0.580000,-0.600000,0.311127,0.220000,-1.429815,1
1772473213,860015023,-0.411648,-1.730665,-3.103833,-0.041379,-0.547478,-1.256333,1,0.000000,0.000000,0.092320,-0.600000,0.093995,-0.600000,0.093995,-0.600000,0.000000,0.000000,0.072863,-0.056691,0.075367,-0.056169,0.075367,-0.056169,0,-5.432455,0.080197,0.065530,-0.049358,-0.064024,-0.580000,-0.600000,0.311127,0.220000,-1.404325,1
1772473213,885035694,-0.414251,-1.730412,-3.118784,-0.040912,-0.550051,-1.271284,1,0.000000,0.000000,0.093995,-0.600000,0.094858,-0.600000,0.094858,-0.600000,0.000000,0.000000,0.075367,-0.056169,0.076022,-0.056734,0.076022,-0.056734,0,-5.437217,0.082700,0.068034,-0.048835,-0.063502,-0.580000,-0.600000,0.311127,0.220000,-1.391556,1
1772473213,910071532,-0.415964,-1.728124,-3.133619,-0.042828,-0.552141,-1.286083,1,0.000000,0.000000,0.094858,-0.600000,0.084608,-0.580000,0.084608,-0.580000,0.000000,0.000000,0.076022,-0.056734,0.068688,-0.049401,0.068688,-0.049401,0,8.950192,0.083355,0.068688,-0.049401,-0.064067,-0.580000,-0.600000,0.311127,0.220000,-0.144030,1
1772473213,960162026,-0.418891,-1.726311,3.119880,-0.047219,-0.552007,-1.315107,1,0.000000,0.000000,0.084608,-0.580000,0.074391,-0.560000,0.074391,-0.560000,0.000000,0.000000,0.068688,-0.049401,0.061355,-0.042067,0.061355,-0.042067,0,9.059082,0.076022,0.061355,-0.042067,-0.056734,-0.560000,-0.600000,0.311127,0.220000,0.157262,1
1772473213,985183940,-0.421369,-1.724889,3.104320,-0.047908,-0.554779,-1.330666,1,0.000000,0.000000,0.074391,-0.560000,0.064224,-0.540000,0.064224,-0.540000,0.000000,0.000000,0.061355,-0.042067,0.054022,-0.034734,0.054022,-0.034734,0,9.081275,0.068688,0.054022,-0.034734,-0.049401,-0.540000,-0.580000,0.311127,0.220000,0.413024,1
1772473214,10184971,-0.423477,-1.723149,3.090096,-0.048845,-0.557014,-1.344756,1,0.000000,0.000000,0.064224,-0.540000,0.054135,-0.520000,0.054135,-0.520000,0.000000,0.000000,0.054022,-0.034734,0.046688,-0.027401,0.046688,-0.027401,0,9.090159,0.061355,0.046688,-0.027401,-0.042067,-0.520000,-0.560000,0.311127,0.220000,0.427114,1
1772473214,60278161,-0.426810,-1.721957,3.061292,-0.046126,-0.555548,-1.371060,1,0.000000,0.000000,0.054135,-0.520000,0.044176,-0.500000,0.044176,-0.500000,0.000000,0.000000,0.046688,-0.027401,0.039355,-0.020067,0.039355,-0.020067,0,9.089699,0.054022,0.039355,-0.020067,-0.034734,-0.500000,-0.540000,0.311127,0.220000,0.213215,1
1772473214,85333414,-0.427279,-1.721243,3.047554,-0.046683,-0.556196,-1.384798,1,0.000000,0.000000,0.044176,-0.500000,0.034461,-0.480000,0.034461,-0.480000,0.000000,0.000000,0.039355,-0.020067,0.032022,-0.012734,0.032022,-0.012734,0,9.090620,0.046688,0.032022,-0.012734,-0.027401,-0.480000,-0.520000,0.311127,0.220000,0.226953,1
1772473214,110377181,-0.429843,-1.722048,3.033296,-0.045299,-0.558318,-1.399148,1,0.000000,0.000000,0.034461,-0.480000,0.025272,-0.460000,0.025272,-0.460000,0.000000,0.000000,0.032022,-0.012734,0.024688,-0.005401,0.024688,-0.005401,0,9.088853,0.039355,0.024688,-0.005401,-0.020067,-0.460000,-0.500000,0.311127,0.220000,0.241303,1
1772473214,135402183,-0.430005,-1.720935,3.021358,-0.048032,-0.556721,-1.412664,1,0.000000,0.000000,0.025272,-0.460000,0.017355,-0.440000,0.017355,-0.440000,0.000000,0.000000,0.024688,-0.005401,0.017355,0.000000,0.017355,0.000000,0,9.080359,0.032022,0.017355,0.001933,-0.012734,-0.440000,-0.480000,0.311127,0.220000,0.495023,1
1772473214,185527302,-0.431252,-1.719294,2.999660,-0.049268,-0.558371,-1.434362,1,0.000000,0.000000,0.017355,-0.440000,0.010022,-0.420000,0.010022,-0.420000,0.000000,0.000000,0.017355,0.000000,0.010022,0.000000,0.010022,0.000000,0,9.055963,0.024688,0.010022,0.007333,-0.007333,-0.420000,-0.460000,0.311127,0.220000,0.516721,1
1772473214,210588660,-0.432624,-1.720591,2.988543,-0.047602,-0.559380,-1.445478,1,0.000000,0.000000,0.010022,-0.420000,0.002688,-0.400000,0.002688,-0.400000,0.000000,0.000000,0.010022,0.000000,0.002688,0.000000,0.002688,0.000000,0,9.050538,0.017355,0.002688,0.007333,-0.007333,-0.400000,-0.440000,0.311127,0.220000,0.527836,1
1772473214,260647324,-0.433061,-1.720891,2.966754,-0.046515,-0.560472,-1.467258,1,0.000000,0.000000,0.002688,-0.400000,0.000000,-0.380000,0.000000,-0.380000,0.000000,0.000000,0.002688,0.000000,-0.000000,0.000000,-0.000000,0.000000,0,9.030087,0.010022,-0.004645,0.007333,-0.007333,-0.380000,-0.420000,0.311127,0.220000,0.549616,1
1772473214,285705830,-0.433290,-1.720644,2.956128,-0.046688,-0.560760,-1.477884,1,0.000000,0.000000,0.000000,-0.380000,0.000000,-0.360000,0.000000,-0.360000,0.000000,0.000000,-0.000000,0.000000,-0.000000,0.000000,-0.000000,0.000000,0,9.015096,0.007333,-0.007333,0.007333,-0.007333,-0.360000,-0.400000,0.311127,0.220000,0.560242,1
1772473214,310743260,-0.432476,-1.720123,2.946500,-0.047334,-0.560050,-1.487349,1,0.000000,0.000000,0.000000,-0.360000,0.000000,-0.340000,0.000000,-0.340000,0.000000,0.000000,-0.000000,0.000000,-0.000000,0.000000,-0.000000,0.000000,0,9.003841,0.007333,-0.007333,0.007333,-0.007333,-0.340000,-0.380000,0.311127,0.220000,0.569707,1
1772473214,360826065,-0.432694,-1.721380,2.928293,-0.044798,-0.558781,-1.502948,1,0.000000,0.000000,0.000000,-0.340000,0.000000,-0.320000,0.000000,-0.320000,0.000000,0.000000,-0.000000,0.000000,-0.000000,0.000000,-0.000000,0.000000,0,9.022662,0.007333,-0.007333,0.007333,-0.007333,-0.320000,-0.360000,0.311127,0.220000,0.345103,1
1772473214,385925609,-0.432712,-1.720857,2.919269,-0.045296,-0.558943,-1.511972,1,0.000000,0.000000,0.000000,-0.320000,0.000000,-0.300000,0.000000,-0.300000,0.000000,0.000000,-0.000000,0.000000,-0.000000,0.000000,-0.000000,0.000000,0,9.004058,0.007333,-0.007333,0.007333,-0.007333,-0.300000,-0.340000,0.311127,0.220000,0.354127,1
1772473214,410999092,-0.432677,-1.721961,2.910757,-0.044825,-0.558623,-1.520430,1,0.000000,0.000000,0.000000,-0.300000,0.000000,-0.280000,0.000000,-0.280000,0.000000,0.000000,-0.000000,0.000000,-0.000000,0.000000,-0.000000,0.000000,0,9.002823,0.007333,-0.007333,0.007333,-0.007333,-0.280000,-0.320000,0.311127,0.220000,0.362585,1
1772473214,461079446,-0.433526,-1.721045,2.894873,-0.053680,-0.559972,-1.535544,1,0.000000,0.000000,0.000000,-0.280000,0.000000,-0.260000,0.000000,-0.260000,0.000000,0.000000,-0.000000,0.000000,-0.000000,0.000000,-0.000000,0.000000,0,8.866712,0.007333,-0.007333,0.007333,-0.007333,-0.260000,-0.300000,0.311127,0.220000,0.802369,1
1772473214,486258334,-0.433340,-1.721345,2.887682,-0.053444,-0.559711,-1.542734,1,0.000000,0.000000,0.000000,-0.260000,0.000000,-0.240000,0.000000,-0.240000,0.000000,0.000000,-0.000000,0.000000,-0.000000,0.000000,-0.000000,0.000000,0,8.857423,0.007333,-0.007333,0.007333,-0.007333,-0.240000,-0.280000,0.311127,0.220000,0.809560,1
1772473214,511175353,-0.434091,-1.721944,2.880986,-0.052824,-0.560269,-1.549279,1,0.000000,0.000000,0.000000,-0.240000,0.000000,-0.220000,0.000000,-0.220000,0.000000,0.000000,-0.000000,0.000000,-0.000000,0.000000,-0.000000,0.000000,0,8.842833,0.007333,-0.007333,0.007333,-0.007333,-0.220000,-0.260000,0.311127,0.220000,0.816104,1
1772473214,561311294,-0.435027,-1.722769,2.867885,-0.054245,-0.560986,-1.560098,1,0.000000,0.000000,0.000000,-0.220000,0.000000,-0.200000,0.000000,-0.200000,0.000000,0.000000,-0.000000,0.000000,-0.000000,0.000000,-0.000000,0.000000,0,8.795361,0.007333,-0.007333,0.007333,-0.007333,-0.200000,-0.240000,0.311127,0.220000,0.826923,1
1772473214,586488727,-0.433157,-1.722898,2.862827,-0.054646,-0.559155,-1.565155,1,0.000000,0.000000,0.000000,-0.200000,0.000000,-0.180000,0.000000,-0.180000,0.000000,0.000000,-0.000000,0.000000,-0.000000,0.000000,-0.000000,0.000000,0,8.804408,0.007333,-0.007333,0.007333,-0.007333,-0.180000,-0.220000,0.311127,0.220000,0.831980,1
1772473214,611563037,-0.434324,-1.721292,2.857400,-0.055971,-0.560777,-1.570434,1,0.000000,0.000000,0.000000,-0.180000,0.000000,-0.160000,0.000000,-0.160000,0.000000,0.000000,-0.000000,0.000000,-0.000000,0.000000,-0.000000,0.000000,0,8.754935,0.007333,-0.007333,0.007333,-0.007333,-0.160000,-0.200000,0.311127,0.220000,0.837259,1
1772473214,661581528,-0.434706,-1.722142,2.847889,-0.056476,-0.561551,-1.578032,1,0.000000,0.000000,0.000000,-0.160000,0.000000,-0.140000,0.000000,-0.140000,0.000000,0.000000,-0.000000,0.000000,-0.000000,0.000000,-0.000000,0.000000,0,8.718192,0.007333,-0.007333,0.007333,-0.007333,-0.140000,-0.180000,0.311127,0.220000,0.844857,1
1772473214,686735756,-0.434305,-1.721038,2.843823,-0.057648,-0.561478,-1.582097,1,0.000000,0.000000,0.000000,-0.140000,0.000000,-0.120000,0.000000,-0.120000,0.000000,0.000000,-0.000000,0.000000,-0.000000,0.000000,-0.000000,0.000000,0,8.697199,0.007333,-0.007333,0.007333,-0.007333,-0.120000,-0.160000,0.311127,0.220000,0.982953,1
1772473214,711684138,-0.434098,-1.722538,2.840169,-0.056309,-0.561018,-1.585676,1,0.000000,0.000000,0.000000,-0.120000,0.000000,-0.100000,0.000000,-0.100000,0.000000,0.000000,-0.000000,0.000000,-0.000000,0.000000,-0.000000,0.000000,0,8.708746,0.007333,-0.007333,0.007333,-0.007333,-0.100000,-0.140000,0.311127,0.220000,0.852501,1
1772473214,761834488,-0.434321,-1.723057,2.833670,-0.056276,-0.563126,-1.591226,1,0.000000,0.000000,0.000000,-0.100000,0.000000,-0.080000,0.000000,-0.080000,0.000000,0.000000,-0.000000,0.000000,-0.000000,0.000000,-0.000000,0.000000,0,8.659744,0.007333,-0.007333,0.007333,-0.007333,-0.080000,-0.120000,0.311127,0.220000,0.858051,1
1772473214,786990793,-0.432827,-1.722829,2.831418,-0.056919,-0.561758,-1.593478,1,0.000000,0.000000,0.000000,-0.080000,0.000000,-0.060000,0.000000,-0.060000,0.000000,0.000000,-0.000000,0.000000,-0.000000,0.000000,-0.000000,0.000000,0,8.669031,0.007333,-0.007333,0.007333,-0.007333,-0.060000,-0.100000,0.311127,0.220000,0.994333,1
1772473214,812136852,-0.434258,-1.722028,2.828544,-0.057185,-0.563117,-1.596250,1,0.000000,0.000000,0.000000,-0.060000,0.000000,-0.040000,0.000000,-0.040000,0.000000,0.000000,-0.000000,0.000000,-0.000000,0.000000,-0.000000,0.000000,0,8.636873,0.007333,-0.007333,0.007333,-0.007333,-0.040000,-0.080000,0.311127,0.220000,0.997106,1
1772473214,862110656,-0.435544,-1.723231,2.825298,-0.054667,-0.561500,-1.598446,1,0.000000,0.000000,0.000000,-0.040000,0.000000,-0.020000,0.000000,-0.020000,0.000000,0.000000,-0.000000,0.000000,-0.000000,0.000000,-0.000000,0.000000,0,8.687429,0.007333,-0.007333,0.007333,-0.007333,-0.020000,-0.060000,0.311127,0.220000,0.865271,1
1772473214,887274548,-0.434145,-1.722224,2.824103,-0.056031,-0.560445,-1.599641,1,0.000000,0.000000,0.000000,-0.020000,0.000000,0.000000,0.000000,0.000000,0.000000,0.000000,-0.000000,0.000000,-0.000000,0.000000,-0.000000,0.000000,0,8.684320,0.007333,-0.007333,0.007333,-0.007333,0.000000,-0.040000,0.311127,0.220000,0.866466,1
1772473214,912342584,-0.434417,-1.723242,2.823717,-0.054783,-0.560544,-1.600120,1,0.000000,0.000000,0.000000,0.000000,0.005075,0.020000,0.005075,0.020000,0.000000,0.000000,-0.000000,0.000000,-0.001478,0.004855,-0.001478,0.004855,0,8.696763,0.007333,-0.007333,0.007333,-0.007333,0.020000,-0.020000,0.311127,0.220000,0.866945,1
1772473214,962438306,-0.433948,-1.722886,2.822874,-0.053309,-0.561494,-1.601902,1,0.000000,0.000000,0.005075,0.020000,0.010130,0.040000,0.010130,0.040000,0.000000,0.000000,-0.001478,0.004855,-0.002957,0.009689,-0.002957,0.009689,0,8.694945,0.005855,-0.008812,0.012189,-0.002478,0.040000,0.000000,0.311127,0.220000,0.868727,1
1772473214,987593068,-0.434702,-1.722346,2.822748,-0.053612,-0.562371,-1.602029,1,0.000000,0.000000,0.010130,0.040000,0.015192,0.060000,0.015192,0.060000,0.000000,0.000000,-0.002957,0.009689,-0.004533,0.014500,-0.004533,0.014500,0,8.676806,0.004376,-0.010290,0.017022,0.002355,0.060000,0.020000,0.311127,0.220000,0.868854,1
1772473215,12618461,-0.433396,-1.722964,2.823481,-0.053453,-0.561381,-1.601641,1,0.000000,0.000000,0.015192,0.060000,0.020266,0.080000,0.020266,0.080000,0.000000,0.000000,-0.004533,0.014500,-0.005911,0.019385,-0.005911,0.019385,0,8.695673,0.002800,-0.011866,0.021834,0.007167,0.080000,0.040000,0.311127,0.220000,0.868466,1
1772473215,62708582,-0.434467,-1.723842,2.823462,-0.052910,-0.566231,-1.604873,1,0.000000,0.000000,0.020266,0.080000,0.025238,0.100000,0.025238,0.100000,0.000000,0.000000,-0.005911,0.019385,-0.008084,0.023908,-0.008084,0.023908,0,8.611957,0.001423,-0.013244,0.026718,0.012051,0.100000,0.060000,0.311127,0.220000,0.871699,1
1772473215,87753885,-0.434585,-1.724893,2.825680,-0.051868,-0.566050,-1.602656,1,0.000000,0.000000,0.025238,0.100000,0.030363,0.120000,0.030363,0.120000,0.000000,0.000000,-0.008084,0.023908,-0.009488,0.028843,-0.009488,0.028843,0,8.635696,-0.000750,-0.015417,0.031242,0.016575,0.120000,0.080000,0.311127,0.220000,0.869481,1
1772473215,112942645,-0.434795,-1.725483,2.828331,-0.051227,-0.565925,-1.599716,1,0.000000,0.000000,0.030363,0.120000,0.035544,0.140000,0.035544,0.140000,0.000000,0.000000,-0.009488,0.028843,-0.010880,0.033838,-0.010880,0.033838,0,8.654562,-0.002154,-0.016821,0.036176,0.021509,0.140000,0.100000,0.311127,0.220000,0.866541,1
1772473215,163098151,-0.434432,-1.726535,2.834660,-0.050189,-0.563875,-1.590853,1,0.000000,0.000000,0.035544,0.140000,0.041041,0.160000,0.041041,0.160000,0.000000,0.000000,-0.010880,0.033838,-0.011542,0.039385,-0.011542,0.039385,0,8.724010,-0.003546,-0.018213,0.041171,0.026504,0.160000,0.120000,0.311127,0.220000,0.857679,1
1772473215,188051129,-0.433223,-1.727312,2.838886,-0.049785,-0.562496,-1.586628,1,0.000000,0.000000,0.041041,0.160000,0.048465,0.147376,0.048465,0.147376,0.000000,0.000000,-0.011542,0.039385,-0.012897,0.046718,-0.012897,0.046718,0,8.763129,-0.004209,-0.018875,0.046718,0.032051,0.180000,0.140000,0.311127,0.220000,0.668986,1
1772473215,213208947,-0.433622,-1.728400,2.842409,-0.048629,-0.562571,-1.583105,1,0.000000,0.000000,0.048465,0.147376,0.055334,0.167376,0.055334,0.167376,0.000000,0.000000,-0.012897,0.046718,-0.014145,0.053495,-0.014145,0.053495,0,8.788852,-0.005564,-0.020230,0.054051,0.039385,0.167376,0.127376,0.311127,0.220000,0.665463,1
1772473215,238328536,-0.433112,-1.728994,2.845984,-0.048056,-0.561461,-1.579200,1,0.000000,0.000000,0.055334,0.167376,0.062312,0.187376,0.062312,0.187376,0.000000,0.000000,-0.014145,0.053495,-0.015041,0.060469,-0.015041,0.060469,0,8.822105,-0.006812,-0.021479,0.060829,0.046162,0.187376,0.147376,0.311127,0.220000,0.661558,1
1772473215,288550153,-0.434153,-1.731353,2.853637,-0.044235,-0.557890,-1.568710,1,0.000000,0.000000,0.062312,0.187376,0.069425,0.167376,0.069425,0.167376,0.000000,0.000000,-0.015041,0.060469,-0.014924,0.067802,-0.014924,0.067802,0,8.950061,-0.007707,-0.022374,0.067802,0.053136,0.207376,0.167376,0.311127,0.220000,0.410865,1
1772473215,313502124,-0.433277,-1.732715,2.857653,-0.043180,-0.556661,-1.564694,1,0.000000,0.000000,0.069425,0.167376,0.077359,0.147376,0.077359,0.147376,0.000000,0.000000,-0.014924,0.067802,-0.018413,0.075136,-0.018413,0.075136,0,8.986217,-0.007590,-0.022257,0.075136,0.060469,0.187376,0.147376,0.311127,0.220000,0.134581,1
1772473215,338604049,-0.432584,-1.735061,2.861550,-0.041130,-0.555327,-1.560797,1,0.000000,0.000000,0.077359,0.147376,0.068702,0.127376,0.068702,0.127376,0.000000,0.000000,-0.018413,0.075136,-0.011080,0.067802,-0.011080,0.067802,0,-3.369252,-0.011080,-0.025746,0.082469,0.067802,0.167376,0.127376,0.311127,0.220000,-1.102043,1
1772473215,388763724,-0.433714,-1.738934,2.870044,-0.037356,-0.555373,-1.552351,1,0.000000,0.000000,0.068702,0.127376,0.060585,0.107376,0.060585,0.107376,0.000000,0.000000,-0.011080,0.067802,-0.003746,0.060469,-0.003746,0.060469,0,-3.530657,-0.003746,-0.018413,0.075136,0.060469,0.147376,0.107376,0.311127,0.220000,-1.110490,1
1772473215,413861931,-0.432435,-1.739261,2.874726,-0.039445,-0.554616,-1.548041,1,0.000000,0.000000,0.060585,0.107376,0.053136,0.087376,0.053136,0.087376,0.000000,0.000000,-0.003746,0.060469,0.000000,0.053136,0.000000,0.053136,0,-3.484177,0.003587,-0.011080,0.067802,0.053136,0.127376,0.087376,0.311127,0.220000,-1.114799,1
1772473215,438839570,-0.434314,-1.741002,2.876695,-0.037240,-0.555919,-1.546072,1,0.000000,0.000000,0.053136,0.087376,0.045802,0.067376,0.045802,0.067376,0.000000,0.000000,0.000000,0.053136,0.000000,0.045802,0.000000,0.045802,0,-3.610065,0.007333,-0.007333,0.060469,0.045802,0.107376,0.067376,0.311127,0.220000,-1.116768,1
1772473215,489076256,-0.434893,-1.743320,2.880238,-0.034853,-0.555811,-1.542530,1,0.000000,0.000000,0.045802,0.067376,0.038469,0.047376,0.038469,0.047376,0.000000,0.000000,0.000000,0.045802,0.000000,0.038469,0.000000,0.038469,0,-3.689559,0.007333,-0.007333,0.053136,0.038469,0.087376,0.047376,0.311127,0.220000,-1.120311,1
1772473215,513995497,-0.434959,-1.744678,2.882924,-0.033532,-0.555488,-1.539843,1,0.000000,0.000000,0.038469,0.047376,0.031136,0.027376,0.031136,0.027376,0.000000,0.000000,0.000000,0.038469,0.000000,0.031136,0.000000,0.031136,0,-3.727768,0.007333,-0.007333,0.045802,0.031136,0.067376,0.027376,0.311127,0.220000,-1.122997,1
1772473215,539109393,-0.434893,-1.746311,2.884565,-0.031987,-0.554958,-1.538202,1,0.000000,0.000000,0.031136,0.027376,0.023802,0.007376,0.023802,0.007376,0.000000,0.000000,0.000000,0.031136,0.000000,0.023802,0.000000,0.023802,0,-3.753330,0.007333,-0.007333,0.038469,0.023802,0.047376,0.007376,0.311127,0.220000,-1.124638,1
1772473215,589250139,-0.435531,-1.747323,2.884264,-0.031240,-0.555799,-1.538394,1,0.000000,0.000000,0.023802,0.007376,0.016469,-0.000000,0.016469,-0.000000,0.000000,0.000000,0.000000,0.023802,0.000000,0.016469,0.000000,0.016469,0,-3.805148,0.007333,-0.007333,0.031136,0.016469,0.027376,-0.012624,0.311127,0.220000,-1.124447,1
1772473215,614214822,-0.435615,-1.747251,2.884037,-0.034557,-0.560094,-1.537731,1,0.000000,0.000000,0.016469,-0.000000,0.009136,-0.000000,0.009136,-0.000000,0.000000,0.000000,0.000000,0.016469,0.000000,0.009136,0.000000,0.009136,0,-3.920776,0.007333,-0.007333,0.023802,0.009136,0.020000,-0.020000,0.311127,0.220000,-1.127179,1
1772473215,664321430,-0.437771,-1.747958,2.884332,-0.033262,-0.561957,-1.537436,1,0.000000,0.000000,0.009136,-0.000000,0.001802,-0.000000,0.001802,-0.000000,0.000000,0.000000,0.000000,0.009136,0.000000,0.001802,0.000000,0.001802,0,-4.030173,0.007333,-0.007333,0.016469,0.001802,0.020000,-0.020000,0.311127,0.220000,-1.127474,1
1772473215,689375180,-0.436466,-1.749577,2.884890,-0.032085,-0.560243,-1.536879,1,0.000000,0.000000,0.001802,-0.000000,0.003901,-0.020000,0.003901,-0.020000,0.000000,0.000000,0.000000,0.001802,0.003505,-0.001711,0.003505,-0.001711,0,-3.988313,0.007333,-0.007333,0.009136,-0.005531,0.020000,-0.020000,0.311127,0.220000,-1.128031,1
1772473215,714399211,-0.436228,-1.748906,2.884758,-0.032795,-0.560208,-1.537010,1,0.000000,0.000000,0.003901,-0.020000,0.007802,-0.040000,0.007802,-0.040000,0.000000,0.000000,0.003505,-0.001711,0.007019,-0.003407,0.007019,-0.003407,0,-3.970203,0.010839,-0.003828,0.005622,-0.009045,0.000000,-0.040000,0.311127,0.220000,-1.127900,1
1772473215,764549147,-0.435821,-1.749497,2.884077,-0.032346,-0.559648,-1.537691,1,0.000000,0.000000,0.007802,-0.040000,0.011732,-0.060000,0.011732,-0.060000,0.000000,0.000000,0.007019,-0.003407,0.010566,-0.005099,0.010566,-0.005099,0,-3.950826,0.014352,-0.000315,0.003926,-0.010741,-0.020000,-0.060000,0.311127,0.220000,-1.125149,1
1772473215,789574888,-0.436179,-1.748604,2.883734,-0.033099,-0.560248,-1.538035,1,0.000000,0.000000,0.011732,-0.060000,0.015618,-0.080000,0.015618,-0.080000,0.000000,0.000000,0.010566,-0.005099,0.014061,-0.006798,0.014061,-0.006798,0,-3.956860,0.017899,0.003233,0.002235,-0.012432,-0.040000,-0.080000,0.311127,0.220000,-1.126876,1
1772473215,814610708,-0.435943,-1.748799,2.883792,-0.032980,-0.559965,-1.537977,1,0.000000,0.000000,0.015618,-0.080000,0.019522,-0.100000,0.019522,-0.100000,0.000000,0.000000,0.014061,-0.006798,0.017585,-0.008478,0.017585,-0.008478,0,-3.947967,0.021395,0.006728,0.000535,-0.014131,-0.060000,-0.100000,0.311127,0.220000,-1.126934,1
1772473215,864706694,-0.436374,-1.748546,2.882912,-0.033098,-0.560450,-1.538856,1,0.000000,0.000000,0.019522,-0.100000,0.023445,-0.120000,0.023445,-0.120000,0.000000,0.000000,0.017585,-0.008478,0.021105,-0.010209,0.021105,-0.010209,0,-3.958725,0.024918,0.010252,-0.001145,-0.015811,-0.080000,-0.120000,0.311127,0.220000,-1.126054,1
1772473215,889825716,-0.437047,-1.748108,2.881188,-0.033326,-0.561221,-1.540581,1,0.000000,0.000000,0.023445,-0.120000,0.027394,-0.140000,0.027394,-0.140000,0.000000,0.000000,0.021105,-0.010209,0.024641,-0.011970,0.024641,-0.011970,0,-3.972178,0.028438,0.013772,-0.002876,-0.017543,-0.100000,-0.140000,0.311127,0.220000,-1.124329,1
1772473215,914782657,-0.438716,-1.746804,2.878764,-0.034096,-0.563193,-1.543005,1,0.000000,0.000000,0.027394,-0.140000,0.031375,-0.160000,0.031375,-0.160000,0.000000,0.000000,0.024641,-0.011970,0.028144,-0.013869,0.028144,-0.013869,0,-4.018400,0.031974,0.017307,-0.004636,-0.019303,-0.120000,-0.160000,0.311127,0.220000,-1.121906,1
1772473215,939890011,-0.438603,-1.747029,2.875727,-0.033913,-0.563021,-1.546041,1,0.000000,0.000000,0.031375,-0.160000,0.035393,-0.180000,0.035393,-0.180000,0.000000,0.000000,0.028144,-0.013869,0.031801,-0.015535,0.031801,-0.015535,0,-3.990370,0.035477,0.020810,-0.006535,-0.021202,-0.140000,-0.180000,0.311127,0.220000,-1.118869,1
1772473215,989895831,-0.439657,-1.745166,2.867669,-0.035396,-0.564565,-1.554100,1,0.000000,0.000000,0.035393,-0.180000,0.039611,-0.200000,0.039611,-0.200000,0.000000,0.000000,0.031801,-0.015535,0.035662,-0.017241,0.035662,-0.017241,0,-3.956953,0.039134,0.024468,-0.008202,-0.022869,-0.160000,-0.200000,0.311127,0.220000,-1.110810,1
1772473216,15045837,-0.440786,-1.745667,2.862581,-0.034593,-0.565503,-1.559188,1,0.000000,0.000000,0.039611,-0.200000,0.043772,-0.220000,0.043772,-0.220000,0.000000,0.000000,0.035662,-0.017241,0.039374,-0.019124,0.039374,-0.019124,0,-3.971758,0.042995,0.028328,-0.009908,-0.024574,-0.180000,-0.220000,0.311127,0.220000,-1.105722,1
1772473216,39935288,-0.440184,-1.744378,2.858760,-0.036000,-0.565295,-1.563008,1,0.000000,0.000000,0.043772,-0.220000,0.047917,-0.240000,0.047917,-0.240000,0.000000,0.000000,0.039374,-0.019124,0.043280,-0.020564,0.043280,-0.020564,0,-3.901387,0.046707,0.032040,-0.011790,-0.026457,-0.200000,-0.240000,0.311127,0.220000,-1.101902,1
1772473216,89997545,-0.443059,-1.743417,2.848385,-0.036097,-0.568325,-1.573383,1,0.000000,0.000000,0.047917,-0.240000,0.052305,-0.260000,0.052305,-0.260000,0.000000,0.000000,0.043280,-0.020564,0.047136,-0.022671,0.047136,-0.022671,0,-3.940386,0.050614,0.035947,-0.013230,-0.027897,-0.220000,-0.260000,0.311127,0.220000,-1.093596,1
1772473216,114986538,-0.442420,-1.742889,2.843257,-0.036787,-0.567864,-1.578512,1,0.000000,0.000000,0.052305,-0.260000,0.056593,-0.280000,0.056593,-0.280000,0.000000,0.000000,0.047136,-0.022671,0.051226,-0.024057,0.051226,-0.024057,0,-3.864348,0.054469,0.039803,-0.015338,-0.030004,-0.240000,-0.280000,0.311127,0.220000,-1.088467,1
1772473216,140046472,-0.444325,-1.742677,2.837032,-0.036443,-0.569750,-1.584736,1,0.000000,0.000000,0.056593,-0.280000,0.060984,-0.300000,0.060984,-0.300000,0.000000,0.000000,0.051226,-0.024057,0.055091,-0.026155,0.055091,-0.026155,0,-3.898836,0.058559,0.043892,-0.016723,-0.031390,-0.260000,-0.300000,0.311127,0.220000,-1.082243,1
1772473216,190075652,-0.447542,-1.740342,2.824045,-0.037758,-0.573501,-1.597723,1,0.000000,0.000000,0.060984,-0.300000,0.065840,-0.320000,0.065840,-0.320000,0.000000,0.000000,0.055091,-0.026155,0.059410,-0.028379,0.059410,-0.028379,0,-3.918417,0.062425,0.047758,-0.018821,-0.033488,-0.280000,-0.320000,0.311127,0.220000,-1.069256,1
1772473216,215033063,-0.448731,-1.738461,2.817171,-0.039220,-0.575179,-1.604598,1,0.000000,0.000000,0.065840,-0.320000,0.056169,-0.300000,0.056169,-0.300000,0.000000,0.000000,0.059410,-0.028379,0.052077,-0.021045,0.052077,-0.021045,0,8.786821,0.066744,0.052077,-0.021045,-0.035712,-0.300000,-0.340000,0.311127,0.220000,0.174484,1
1772473216,240128180,-0.449030,-1.737745,2.809695,-0.039820,-0.575671,-1.612074,1,0.000000,0.000000,0.056169,-0.300000,0.046797,-0.280000,0.046797,-0.280000,0.000000,0.000000,0.052077,-0.021045,0.044744,-0.013712,0.044744,-0.013712,0,8.694476,0.059410,0.044744,-0.013712,-0.028379,-0.280000,-0.320000,0.311127,0.220000,0.454229,1
1772473216,290165805,-0.452395,-1.736488,2.793345,-0.040060,-0.579255,-1.628423,1,0.000000,0.000000,0.046797,-0.280000,0.054012,-0.260000,0.054012,-0.260000,0.000000,0.000000,0.044744,-0.013712,0.049743,-0.021045,0.049743,-0.021045,0,-3.851966,0.052077,0.037410,-0.006379,-0.021045,-0.260000,-0.300000,0.311127,0.220000,-1.040786,1
1772473216,315113253,-0.453216,-1.735391,2.785524,-0.040876,-0.580356,-1.636244,1,0.000000,0.000000,0.054012,-0.260000,0.059634,-0.280000,0.059634,-0.280000,0.000000,0.000000,0.049743,-0.021045,0.054129,-0.025026,0.054129,-0.025026,0,-3.815095,0.057076,0.042410,-0.013712,-0.028379,-0.240000,-0.280000,0.311127,0.220000,-1.032965,1
1772473216,340190416,-0.454884,-1.733970,2.778837,-0.041760,-0.582361,-1.642932,1,0.000000,0.000000,0.059634,-0.280000,0.064184,-0.300000,0.064184,-0.300000,0.000000,0.000000,0.054129,-0.025026,0.058234,-0.026988,0.058234,-0.026988,0,-3.822582,0.061462,0.046795,-0.017693,-0.032359,-0.260000,-0.300000,0.311127,0.220000,-1.028292,1
1772473216,390195081,-0.455682,-1.733345,2.765874,-0.042130,-0.583305,-1.655895,1,0.000000,0.000000,0.064184,-0.300000,0.069337,-0.320000,0.069337,-0.320000,0.000000,0.000000,0.058234,-0.026988,0.063177,-0.028570,0.063177,-0.028570,0,-3.745911,0.065568,0.050901,-0.019655,-0.034322,-0.280000,-0.320000,0.311127,0.220000,-1.015329,1
1772473216,415177067,-0.457035,-1.732683,2.759375,-0.042376,-0.584790,-1.662393,1,0.000000,0.000000,0.069337,-0.320000,0.074145,-0.340000,0.074145,-0.340000,0.000000,0.000000,0.063177,-0.028570,0.067555,-0.030559,0.067555,-0.030559,0,-3.746857,0.070511,0.055844,-0.021237,-0.035904,-0.300000,-0.340000,0.311127,0.220000,-1.008831,1
1772473216,440240219,-0.459006,-1.730297,2.752513,-0.044097,-0.587363,-1.669255,1,0.000000,0.000000,0.074145,-0.340000,0.079044,-0.360000,0.079044,-0.360000,0.000000,0.000000,0.067555,-0.030559,0.071975,-0.032675,0.071975,-0.032675,0,-3.757979,0.074888,0.060221,-0.023226,-0.037893,-0.320000,-0.360000,0.311127,0.220000,-1.001969,1
1772473216,490238370,-0.460852,-1.727627,2.735674,-0.046126,-0.589896,-1.686094,1,0.000000,0.000000,0.079044,-0.360000,0.084720,-0.380000,0.084720,-0.380000,0.000000,0.000000,0.071975,-0.032675,0.077475,-0.034279,0.077475,-0.034279,0,-3.678297,0.079308,0.064641,-0.025342,-0.040009,-0.340000,-0.380000,0.311127,0.220000,-0.986780,1
1772473216,515263128,-0.462889,-1.726290,2.725625,-0.046823,-0.592231,-1.696144,1,0.000000,0.000000,0.084720,-0.380000,0.090096,-0.400000,0.090096,-0.400000,0.000000,0.000000,0.077475,-0.034279,0.082412,-0.036410,0.082412,-0.036410,0,-3.673794,0.084809,0.070142,-0.026945,-0.041612,-0.360000,-0.400000,0.311127,0.220000,-0.976731,1
1772473216,540238783,-0.464343,-1.725353,2.716147,-0.047304,-0.593892,-1.705622,1,0.000000,0.000000,0.090096,-0.400000,0.095528,-0.420000,0.095528,-0.420000,0.000000,0.000000,0.082412,-0.036410,0.087485,-0.038367,0.087485,-0.038367,0,-3.651224,0.089745,0.075079,-0.029076,-0.043743,-0.380000,-0.420000,0.311127,0.220000,-0.967253,1
1772473216,590249296,-0.467283,-1.721447,2.698279,-0.050204,-0.597829,-1.723489,1,0.000000,0.000000,0.095528,-0.420000,0.101788,-0.440000,0.101788,-0.440000,0.000000,0.000000,0.087485,-0.038367,0.093467,-0.040308,0.093467,-0.040308,0,-3.600011,0.094818,0.080151,-0.031034,-0.045701,-0.400000,-0.440000,0.311127,0.220000,-0.950994,1
1772473216,615226870,-0.468918,-1.719859,2.688018,-0.051257,-0.599850,-1.733750,1,0.000000,0.000000,0.101788,-0.440000,0.107576,-0.460000,0.107576,-0.460000,0.000000,0.000000,0.093467,-0.040308,0.098918,-0.042282,0.098918,-0.042282,0,-3.573102,0.100800,0.086134,-0.032975,-0.047642,-0.420000,-0.460000,0.311127,0.220000,-0.940733,1
1772473216,640296968,-0.470660,-1.718354,2.678093,-0.052200,-0.601950,-1.743675,1,0.000000,0.000000,0.107576,-0.460000,0.113450,-0.480000,0.113450,-0.480000,0.000000,0.000000,0.098918,-0.042282,0.104421,-0.044352,0.104421,-0.044352,0,-3.554033,0.106251,0.091585,-0.034948,-0.049615,-0.440000,-0.480000,0.311127,0.220000,-0.930808,1
1772473216,690323821,-0.474256,-1.714383,2.654853,-0.054974,-0.606533,-1.766916,1,0.000000,0.000000,0.113450,-0.480000,0.120956,-0.500000,0.120956,-0.500000,0.000000,0.000000,0.104421,-0.044352,0.111720,-0.046359,0.111720,-0.046359,0,-3.484260,0.111754,0.097088,-0.037019,-0.051686,-0.460000,-0.500000,0.311127,0.220000,-0.909418,1
1772473216,715352574,-0.477076,-1.712491,2.642847,-0.055979,-0.609777,-1.778922,1,0.000000,0.000000,0.120956,-0.500000,0.127478,-0.520000,0.127478,-0.520000,0.000000,0.000000,0.111720,-0.046359,0.117708,-0.048943,0.117708,-0.048943,0,-3.490332,0.119053,0.104386,-0.039025,-0.053692,-0.480000,-0.520000,0.311127,0.220000,-0.897413,1
1772473216,765313631,-0.480568,-1.707936,2.618669,-0.059343,-0.614428,-1.803100,1,0.000000,0.000000,0.127478,-0.520000,0.134840,-0.536269,0.134840,-0.536269,0.000000,0.000000,0.117708,-0.048943,0.125041,-0.050463,0.125041,-0.050463,0,-3.402213,0.125041,0.110374,-0.041610,-0.056277,-0.500000,-0.540000,0.311127,0.220000,-0.874958,1
1772473216,790276035,-0.482691,-1.705177,2.605675,-0.061377,-0.617252,-1.816094,1,0.000000,0.000000,0.134840,-0.536269,0.141977,-0.556269,0.141977,-0.556269,0.000000,0.000000,0.125041,-0.050463,0.131908,-0.052515,0.131908,-0.052515,0,-3.362606,0.132374,0.117708,-0.043130,-0.057796,-0.516269,-0.556269,0.311127,0.220000,-0.861964,1
1772473216,815333511,-0.485789,-1.702098,2.591944,-0.063439,-0.621103,-1.829825,1,0.000000,0.000000,0.141977,-0.556269,0.149230,-0.576269,0.149230,-0.576269,0.000000,0.000000,0.131908,-0.052515,0.138691,-0.055085,0.138691,-0.055085,0,-3.355716,0.139241,0.124574,-0.045182,-0.059849,-0.536269,-0.576269,0.311127,0.220000,-0.849555,1
1772473216,840444730,-0.487826,-1.699662,2.578337,-0.065190,-0.623752,-1.843431,1,0.000000,0.000000,0.149230,-0.576269,0.157311,-0.588429,0.157311,-0.588429,0.000000,0.000000,0.138691,-0.055085,0.146024,-0.058513,0.146024,-0.058513,0,-3.323345,0.146024,0.131358,-0.047752,-0.062418,-0.556269,-0.596269,0.311127,0.223845,-0.837299,1
1772473216,890509225,-0.493118,-1.693999,2.550526,-0.069098,-0.630445,-1.871243,1,0.000000,0.000000,0.157311,-0.588429,0.166374,-0.572793,0.166374,-0.572793,0.000000,0.000000,0.146024,-0.058513,0.153358,-0.064510,0.153358,-0.064510,0,-3.286422,0.153358,0.138691,-0.051180,-0.065846,-0.568429,-0.600000,0.311127,0.235967,-0.812391,1
1772473216,915439006,-0.494838,-1.690192,2.535904,-0.072253,-0.633184,-1.885864,1,0.000000,0.000000,0.166374,-0.572793,0.175367,-0.562195,0.175367,-0.562195,0.000000,0.000000,0.153358,-0.064510,0.160691,-0.070228,0.160691,-0.070228,0,-3.209365,0.160691,0.146024,-0.057177,-0.071844,-0.552793,-0.592793,0.311127,0.249560,-0.800045,1
1772473216,940535503,-0.496672,-1.686406,2.520958,-0.075355,-0.636026,-1.900811,1,0.000000,0.000000,0.175367,-0.562195,0.184251,-0.551501,0.184251,-0.551501,0.000000,0.000000,0.160691,-0.070228,0.168024,-0.075605,0.168024,-0.075605,0,-3.119836,0.168024,0.153358,-0.062895,-0.077562,-0.542195,-0.582195,0.311127,0.263051,-0.787367,1
1772473216,990590802,-0.500709,-1.679612,2.491831,-0.080707,-0.641841,-1.929938,1,0.000000,0.000000,0.184251,-0.551501,0.192457,-0.531501,0.192457,-0.531501,0.000000,0.000000,0.168024,-0.075605,0.175358,-0.079307,0.175358,-0.079307,0,-2.971529,0.175358,0.160691,-0.068272,-0.082938,-0.531501,-0.571501,0.311127,0.276376,-0.760229,1
1772473217,15630110,-0.503836,-1.675548,2.476717,-0.083705,-0.646001,-1.945051,1,0.000000,0.000000,0.192457,-0.531501,0.201160,-0.520387,0.201160,-0.520387,0.000000,0.000000,0.175358,-0.079307,0.182691,-0.084199,0.182691,-0.084199,0,-2.899793,0.182691,0.168024,-0.071973,-0.086640,-0.511501,-0.551501,0.311127,0.288686,-0.746810,1
1772473217,40692793,-0.506042,-1.672935,2.463039,-0.085576,-0.648863,-1.958729,1,0.000000,0.000000,0.201160,-0.520387,0.209871,-0.511139,0.209871,-0.511139,0.000000,0.000000,0.182691,-0.084199,0.190024,-0.089086,0.190024,-0.089086,0,-2.813564,0.190024,0.175358,-0.076865,-0.091532,-0.500387,-0.540387,0.311127,0.301740,-0.734887,1
1772473217,90769522,-0.509419,-1.664656,2.436588,-0.092541,-0.654471,-1.985181,1,0.000000,0.000000,0.209871,-0.511139,0.217347,-0.491139,0.217347,-0.491139,0.000000,0.000000,0.190024,-0.089086,0.197358,-0.091047,0.197358,-0.091047,0,-2.656270,0.197358,0.182691,-0.081753,-0.096420,-0.491139,-0.531139,0.311127,0.314806,-0.709749,1
1772473217,115775102,-0.511837,-1.659954,2.423877,-0.096352,-0.658135,-1.997891,1,0.000000,0.000000,0.217347,-0.491139,0.225582,-0.483200,0.225582,-0.483200,0.000000,0.000000,0.197358,-0.091047,0.204691,-0.094810,0.204691,-0.094810,0,-2.578298,0.204691,0.190024,-0.083713,-0.098380,-0.471139,-0.511139,0.311127,0.326020,-0.698340,1
1772473217,140857945,-0.514097,-1.655377,2.411086,-0.100090,-0.661611,-2.010682,1,0.000000,0.000000,0.225582,-0.483200,0.233155,-0.484732,0.233155,-0.484732,0.000000,0.000000,0.204691,-0.094810,0.212024,-0.096989,0.212024,-0.096989,0,-2.521123,0.212024,0.197358,-0.087476,-0.102143,-0.463200,-0.503200,0.311127,0.330000,-0.686074,1
1772473217,190925403,-0.518566,-1.645881,2.386683,-0.107907,-0.668614,-2.035086,1,0.000000,0.000000,0.233155,-0.484732,0.239587,-0.480821,0.239587,-0.480821,0.000000,0.000000,0.212024,-0.096989,0.219358,-0.096353,0.219358,-0.096353,0,-2.437357,0.219358,0.204691,-0.089656,-0.104322,-0.464732,-0.504732,0.311127,0.330000,-0.662270,1
1772473217,216068455,-0.521471,-1.639337,2.374730,-0.113344,-0.673273,-2.047038,1,0.000000,0.000000,0.239587,-0.480821,0.239649,-0.472622,0.239649,-0.472622,0.000000,0.000000,0.219358,-0.096353,0.220000,-0.095036,0.220000,-0.095036,0,-2.403401,0.220000,0.212024,-0.089020,-0.103686,-0.460821,-0.500821,0.311127,0.330000,-0.650806,1
1772473217,241146632,-0.523530,-1.634056,2.362288,-0.117518,-0.676908,-2.059390,1,0.000000,0.000000,0.239649,-0.472622,0.238861,-0.462128,0.238861,-0.462128,0.000000,0.000000,0.220000,-0.095036,0.220000,-0.093031,0.220000,-0.093031,0,-2.360468,0.220000,0.212667,-0.087702,-0.102369,-0.452622,-0.492622,0.311127,0.330000,-0.638454,1
1772473217,291186793,-0.528330,-1.625263,2.338355,-0.117628,-0.687550,-2.081193,1,0.000000,0.000000,0.238861,-0.462128,0.239672,-0.448149,0.239672,-0.448149,0.000000,0.000000,0.220000,-0.093031,0.220000,-0.095093,0.220000,-0.095093,0,-2.404630,0.220000,0.212667,-0.085698,-0.100364,-0.442128,-0.482128,0.311127,0.330000,-0.617048,1
1772473217,316234147,-0.529966,-1.618796,2.327359,-0.123347,-0.690983,-2.092189,1,0.000000,0.000000,0.239672,-0.448149,0.238754,-0.438820,0.238754,-0.438820,0.000000,0.000000,0.220000,-0.095093,0.220000,-0.092755,0.220000,-0.092755,0,-2.354515,0.220000,0.212667,-0.087760,-0.102427,-0.428149,-0.468149,0.311127,0.330000,-0.606526,1
1772473217,341382636,-0.531559,-1.614514,2.316782,-0.126987,-0.693744,-2.102767,1,0.000000,0.000000,0.238754,-0.438820,0.237990,-0.429787,0.237990,-0.429787,0.000000,0.000000,0.220000,-0.092755,0.220000,-0.090770,0.220000,-0.090770,0,-2.311522,0.220000,0.212667,-0.085421,-0.100088,-0.418820,-0.458820,0.311127,0.330000,-0.595949,1
1772473217,391420987,-0.535273,-1.603299,2.295892,-0.136653,-0.700537,-2.123656,1,0.000000,0.000000,0.237990,-0.429787,0.236580,-0.412758,0.236580,-0.412758,0.000000,0.000000,0.220000,-0.090770,0.220000,-0.087005,0.220000,-0.087005,0,-2.228868,0.220000,0.212667,-0.083436,-0.098103,-0.409787,-0.449787,0.311127,0.330000,-0.575747,1
1772473217,416512202,-0.538302,-1.597553,2.285867,-0.141279,-0.705096,-2.133682,1,0.000000,0.000000,0.236580,-0.412758,0.236262,-0.405026,0.236262,-0.405026,0.000000,0.000000,0.220000,-0.087005,0.220000,-0.086138,0.220000,-0.086138,0,-2.209610,0.220000,0.212667,-0.079672,-0.094339,-0.392758,-0.432758,0.311127,0.330000,-0.565722,1
1772473217,441641966,-0.540490,-1.593093,2.274647,-0.144949,-0.708405,-2.144910,1,0.000000,0.000000,0.236262,-0.405026,0.235636,-0.396188,0.235636,-0.396188,0.000000,0.000000,0.220000,-0.086138,0.220000,-0.084406,0.220000,-0.084406,0,-2.170934,0.220000,0.212667,-0.078804,-0.093471,-0.385026,-0.425026,0.311127,0.330000,-0.554848,1
1772473217,491702017,-0.543430,-1.580244,2.254851,-0.156923,-0.713702,-2.164844,1,0.000000,0.000000,0.235636,-0.396188,0.233807,-0.379203,0.233807,-0.379203,0.000000,0.000000,0.220000,-0.084406,0.220000,-0.079158,0.220000,-0.079158,0,-2.051874,0.220000,0.212667,-0.077072,-0.091739,-0.376188,-0.416188,0.311127,0.330000,-0.535213,1
1772473217,516842482,-0.546581,-1.575952,2.244222,-0.160123,-0.717958,-2.175474,1,0.000000,0.000000,0.233807,-0.379203,0.233558,-0.371415,0.233558,-0.371415,0.000000,0.000000,0.220000,-0.079158,0.220000,-0.078417,0.220000,-0.078417,0,-2.034851,0.220000,0.212667,-0.071824,-0.086491,-0.359203,-0.399203,0.311127,0.330000,-0.524782,1
1772473217,541820923,-0.547958,-1.570237,2.234618,-0.165198,-0.720925,-2.185078,1,0.000000,0.000000,0.233558,-0.371415,0.232900,-0.363590,0.232900,-0.363590,0.000000,0.000000,0.220000,-0.078417,0.220000,-0.076435,0.220000,-0.076435,0,-1.989017,0.220000,0.212667,-0.071084,-0.085750,-0.351415,-0.391415,0.311127,0.330000,-0.515177,1
1772473217,592040589,-0.551277,-1.559157,2.216568,-0.174717,-0.727550,-2.203006,1,0.000000,0.000000,0.232900,-0.363590,0.231949,-0.349811,0.231949,-0.349811,0.000000,0.000000,0.220000,-0.076435,0.220000,-0.073488,0.220000,-0.073488,0,-1.920159,0.220000,0.212667,-0.069102,-0.083768,-0.343590,-0.383590,0.311127,0.330000,-0.497685,1
1772473217,617031483,-0.553904,-1.554626,2.207390,-0.176588,-0.734616,-2.210614,1,0.000000,0.000000,0.231949,-0.349811,0.232704,-0.345584,0.232704,-0.345584,0.000000,0.000000,0.220000,-0.073488,0.220000,-0.075837,0.220000,-0.075837,0,-1.975107,0.220000,0.212667,-0.066154,-0.080821,-0.329811,-0.369811,0.311127,0.330000,-0.490077,1
1772473217,642222052,-0.554704,-1.548180,2.199118,-0.182524,-0.737252,-2.218887,1,0.000000,0.000000,0.232704,-0.345584,0.232015,-0.338825,0.232015,-0.338825,0.000000,0.000000,0.220000,-0.075837,0.220000,-0.073694,0.220000,-0.073694,0,-1.925001,0.220000,0.212667,-0.068503,-0.083170,-0.325584,-0.365584,0.311127,0.330000,-0.481919,1
1772473217,692407074,-0.558550,-1.536771,2.181448,-0.192327,-0.744243,-2.236557,1,0.000000,0.000000,0.232015,-0.338825,0.231169,-0.325302,0.231169,-0.325302,0.000000,0.000000,0.220000,-0.073694,0.220000,-0.070986,0.220000,-0.070986,0,-1.861062,0.220000,0.212667,-0.066360,-0.081027,-0.318825,-0.358825,0.311127,0.330000,-0.464378,1
1772473217,717371154,-0.559790,-1.530392,2.172681,-0.198333,-0.747157,-2.245489,1,0.000000,0.000000,0.231169,-0.325302,0.230530,-0.318226,0.230530,-0.318226,0.000000,0.000000,0.220000,-0.070986,0.220000,-0.068878,0.220000,-0.068878,0,-1.810781,0.220000,0.212667,-0.063653,-0.078320,-0.305302,-0.345302,0.311127,0.330000,-0.455535,1
1772473217,742512261,-0.561596,-1.523925,2.164409,-0.206989,-0.749354,-2.255638,1,0.000000,0.000000,0.230530,-0.318226,0.229453,-0.309708,0.229453,-0.309708,0.000000,0.000000,0.220000,-0.068878,0.220000,-0.065181,0.220000,-0.065181,0,-1.721640,0.220000,0.212667,-0.061544,-0.076211,-0.298226,-0.338226,0.311127,0.330000,-0.445423,1
1772473217,792669753,-0.565188,-1.513061,2.147455,-0.216357,-0.755925,-2.272592,1,0.000000,0.000000,0.229453,-0.309708,0.228723,-0.296984,0.228723,-0.296984,0.000000,0.000000,0.220000,-0.065181,0.220000,-0.062562,0.220000,-0.062562,0,-1.657744,0.220000,0.212667,-0.057847,-0.072514,-0.289708,-0.329708,0.311127,0.330000,-0.428488,1
1772473217,817751049,-0.566714,-1.508419,2.139350,-0.220417,-0.758905,-2.280671,1,0.000000,0.000000,0.228723,-0.296984,0.228393,-0.290965,0.228393,-0.290965,0.000000,0.000000,0.220000,-0.062562,0.220000,-0.061346,0.220000,-0.061346,0,-1.627858,0.220000,0.212667,-0.055229,-0.069895,-0.276984,-0.316984,0.311127,0.330000,-0.420409,1
1772473217,842798518,-0.568393,-1.501466,2.131692,-0.227103,-0.764215,-2.288081,1,0.000000,0.000000,0.228393,-0.290965,0.228302,-0.285710,0.228302,-0.285710,0.000000,0.000000,0.220000,-0.061346,0.220000,-0.061006,0.220000,-0.061006,0,-1.619497,0.220000,0.212667,-0.054012,-0.068679,-0.270965,-0.310965,0.311127,0.330000,-0.412980,1
1772473217,892992221,-0.571291,-1.490405,2.118463,-0.236858,-0.770180,-2.301310,1,0.000000,0.000000,0.228302,-0.285710,0.227716,-0.275821,0.227716,-0.275821,0.000000,0.000000,0.220000,-0.061006,0.220000,-0.058774,0.220000,-0.058774,0,-1.564260,0.220000,0.212667,-0.053673,-0.068339,-0.265710,-0.305710,0.311127,0.330000,-0.399714,1
1772473217,918111956,-0.574366,-1.483824,2.110966,-0.242064,-0.775075,-2.308971,1,0.000000,0.000000,0.227716,-0.275821,0.227660,-0.270407,0.227660,-0.270407,0.000000,0.000000,0.220000,-0.058774,0.220000,-0.058559,0.220000,-0.058559,0,-1.558923,0.220000,0.212667,-0.051441,-0.066107,-0.255821,-0.295821,0.311127,0.330000,-0.391963,1
1772473217,943196071,-0.575311,-1.478221,2.103446,-0.245412,-0.778029,-2.317867,1,0.000000,0.000000,0.227660,-0.270407,0.227355,-0.263828,0.227355,-0.263828,0.000000,0.000000,0.220000,-0.058559,0.220000,-0.057361,0.220000,-0.057361,0,-1.529078,0.220000,0.212667,-0.051226,-0.065893,-0.250407,-0.290407,0.311127,0.330000,-0.382939,1
1772473217,993327865,-0.578356,-1.466107,2.088401,-0.256142,-0.784423,-2.332911,1,0.000000,0.000000,0.227355,-0.263828,0.226698,-0.252651,0.226698,-0.252651,0.000000,0.000000,0.220000,-0.057361,0.220000,-0.054699,0.220000,-0.054699,0,-1.462336,0.220000,0.212667,-0.050028,-0.064695,-0.243828,-0.283828,0.311127,0.330000,-0.367780,1
1772473218,18455535,-0.579004,-1.461383,2.081608,-0.260506,-0.786336,-2.339696,1,0.000000,0.000000,0.226698,-0.252651,0.226299,-0.247554,0.226299,-0.247554,0.000000,0.000000,0.220000,-0.054699,0.220000,-0.053022,0.220000,-0.053022,0,-1.420014,0.220000,0.212667,-0.047366,-0.062032,-0.232651,-0.272651,0.311127,0.330000,-0.360995,1
1772473218,43523859,-0.580365,-1.456398,2.075890,-0.265082,-0.788571,-2.345345,1,0.000000,0.000000,0.226299,-0.247554,0.226006,-0.243231,0.226006,-0.243231,0.000000,0.000000,0.220000,-0.053022,0.220000,-0.051758,0.220000,-0.051758,0,-1.387951,0.220000,0.212667,-0.045689,-0.060356,-0.227554,-0.267554,0.311127,0.330000,-0.355150,1
1772473218,93749780,-0.583772,-1.445261,2.062803,-0.274771,-0.795032,-2.358431,1,0.000000,0.000000,0.226006,-0.243231,0.225595,-0.233678,0.225595,-0.233678,0.000000,0.000000,0.220000,-0.051758,0.220000,-0.049932,0.220000,-0.049932,0,-1.341423,0.220000,0.212667,-0.044425,-0.059092,-0.223231,-0.263231,0.311127,0.330000,-0.341824,1
1772473218,118798686,-0.585730,-1.439338,2.056300,-0.279943,-0.798450,-2.365179,1,0.000000,0.000000,0.225595,-0.233678,0.225390,-0.228721,0.225390,-0.228721,0.000000,0.000000,0.220000,-0.049932,0.220000,-0.048994,0.220000,-0.048994,0,-1.317431,0.220000,0.212667,-0.042599,-0.057265,-0.213678,-0.253678,0.311127,0.330000,-0.334878,1
1772473218,143907047,-0.586065,-1.434357,2.050080,-0.285063,-0.799042,-2.373187,1,0.000000,0.000000,0.225390,-0.228721,0.224756,-0.222624,0.224756,-0.222624,0.000000,0.000000,0.220000,-0.048994,0.220000,-0.045990,0.220000,-0.045990,0,-1.240126,0.220000,0.212667,-0.041661,-0.056328,-0.208721,-0.248721,0.311127,0.330000,-0.326871,1
1772473218,194143884,-0.590160,-1.422928,2.036564,-0.294850,-0.806227,-2.386703,1,0.000000,0.000000,0.224756,-0.222624,0.224457,-0.212932,0.224457,-0.212932,0.000000,0.000000,0.220000,-0.045990,0.220000,-0.044508,0.220000,-0.044508,0,-1.201771,0.220000,0.212667,-0.038656,-0.053323,-0.202624,-0.242624,0.311127,0.330000,-0.313055,1
1772473218,219235541,-0.590385,-1.417202,2.030486,-0.300274,-0.808074,-2.392781,1,0.000000,0.000000,0.224457,-0.212932,0.224099,-0.208224,0.224099,-0.208224,0.000000,0.000000,0.220000,-0.044508,0.220000,-0.042665,0.220000,-0.042665,0,-1.153852,0.220000,0.212667,-0.037175,-0.051841,-0.192932,-0.232932,0.311127,0.330000,-0.306623,1
1772473218,244317062,-0.591485,-1.413517,2.024925,-0.303539,-0.809583,-2.398279,1,0.000000,0.000000,0.224099,-0.208224,0.223859,-0.204272,0.223859,-0.204272,0.000000,0.000000,0.220000,-0.042665,0.220000,-0.041389,0.220000,-0.041389,0,-1.120528,0.220000,0.212667,-0.035332,-0.049999,-0.188224,-0.228224,0.311127,0.330000,-0.301125,1
1772473218,294533029,-0.595260,-1.401229,2.014280,-0.314550,-0.812606,-2.408488,1,0.000000,0.000000,0.223859,-0.204272,0.223206,-0.196305,0.223206,-0.196305,0.000000,0.000000,0.220000,-0.041389,0.220000,-0.037697,0.220000,-0.037697,0,-1.023563,0.220000,0.212667,-0.034055,-0.048722,-0.184272,-0.224272,0.311127,0.330000,-0.290227,1
1772473218,319519001,-0.595857,-1.394724,2.009314,-0.320614,-0.815036,-2.413454,1,0.000000,0.000000,0.223206,-0.196305,0.222974,-0.192745,0.222974,-0.192745,0.000000,0.000000,0.220000,-0.037697,0.220000,-0.036296,0.220000,-0.036296,0,-0.986562,0.220000,0.212667,-0.030364,-0.045030,-0.176305,-0.216305,0.311127,0.330000,-0.285261,1
1772473218,344569777,-0.597437,-1.389829,2.004264,-0.324853,-0.817948,-2.418504,1,0.000000,0.000000,0.222974,-0.192745,0.222881,-0.188934,0.222881,-0.188934,0.000000,0.000000,0.220000,-0.036296,0.220000,-0.035717,0.220000,-0.035717,0,-0.971229,0.220000,0.212667,-0.028963,-0.043630,-0.172745,-0.212745,0.311127,0.330000,-0.279738,1
1772473218,394683902,-0.600538,-1.378609,1.994318,-0.335414,-0.827702,-2.431240,1,0.000000,0.000000,0.222881,-0.188934,0.222892,-0.180073,0.222892,-0.180073,0.000000,0.000000,0.220000,-0.035717,0.220000,-0.035789,0.220000,-0.035789,0,-0.973127,0.220000,0.212667,-0.028384,-0.043051,-0.168934,-0.208934,0.311127,0.330000,-0.266605,1
1772473218,419788390,-0.602116,-1.374235,1.989581,-0.339163,-0.830453,-2.435977,1,0.000000,0.000000,0.222892,-0.180073,0.222818,-0.176484,0.222818,-0.176484,0.000000,0.000000,0.220000,-0.035789,0.220000,-0.035322,0.220000,-0.035322,0,-0.960752,0.220000,0.212667,-0.028456,-0.043122,-0.160073,-0.200073,0.311127,0.330000,-0.261378,1
1772473218,444848886,-0.604532,-1.367991,1.984763,-0.344468,-0.834537,-2.440795,1,0.000000,0.000000,0.222818,-0.176484,0.222799,-0.173216,0.222799,-0.173216,0.000000,0.000000,0.220000,-0.035322,0.220000,-0.035203,0.220000,-0.035203,0,-0.957599,0.220000,0.212667,-0.027989,-0.042655,-0.156484,-0.196484,0.311127,0.330000,-0.256560,1
1772473218,494928433,-0.606258,-1.358644,1.975733,-0.352968,-0.838198,-2.449519,1,0.000000,0.000000,0.222799,-0.173216,0.222461,-0.166669,0.222461,-0.166669,0.000000,0.000000,0.220000,-0.035203,0.220000,-0.032998,0.220000,-0.032998,0,-0.898979,0.220000,0.212667,-0.027870,-0.042536,-0.153216,-0.193216,0.311127,0.330000,-0.247238,1
1772473218,520064446,-0.607684,-1.353134,1.971228,-0.358003,-0.836794,-2.451950,1,0.000000,0.000000,0.222461,-0.166669,0.222050,-0.164371,0.222050,-0.164371,0.000000,0.000000,0.220000,-0.032998,0.220000,-0.030103,0.220000,-0.030103,0,-0.821634,0.220000,0.212667,-0.025665,-0.040331,-0.146669,-0.186669,0.311127,0.330000,-0.244280,1
1772473218,545094178,-0.608870,-1.348325,1.967280,-0.362274,-0.839303,-2.455898,1,0.000000,0.000000,0.222050,-0.164371,0.221970,-0.161657,0.221970,-0.161657,0.000000,0.000000,0.220000,-0.030103,0.220000,-0.029509,0.220000,-0.029509,0,-0.805701,0.220000,0.212667,-0.022770,-0.037437,-0.144371,-0.184371,0.311127,0.330000,-0.240333,1
1772473218,595307637,-0.612089,-1.335883,1.957340,-0.373281,-0.845936,-2.465838,1,0.000000,0.000000,0.221970,-0.161657,0.221791,-0.153972,0.221791,-0.153972,0.000000,0.000000,0.220000,-0.029509,0.220000,-0.028131,0.220000,-0.028131,0,-0.768713,0.220000,0.212667,-0.022176,-0.036842,-0.141657,-0.181657,0.311127,0.330000,-0.229092,1
1772473218,620327757,-0.613218,-1.331745,1.952105,-0.376925,-0.848198,-2.471073,1,0.000000,0.000000,0.221791,-0.153972,0.221685,-0.150381,0.221685,-0.150381,0.000000,0.000000,0.220000,-0.028131,0.220000,-0.027280,0.220000,-0.027280,0,-0.745807,0.220000,0.212667,-0.020798,-0.035465,-0.133972,-0.173972,0.311127,0.330000,-0.223857,1
1772473218,645343895,-0.614664,-1.325459,1.948268,-0.382334,-0.850816,-2.475176,1,0.000000,0.000000,0.221685,-0.150381,0.221576,-0.147094,0.221576,-0.147094,0.000000,0.000000,0.220000,-0.027280,0.220000,-0.026382,0.220000,-0.026382,0,-0.721596,0.220000,0.212667,-0.019947,-0.034613,-0.130381,-0.170381,0.311127,0.330000,-0.219071,1
1772473218,695457540,-0.617536,-1.315775,1.941443,-0.389390,-0.852386,-2.483860,1,0.000000,0.000000,0.221576,-0.147094,0.221234,-0.141045,0.221234,-0.141045,0.000000,0.000000,0.220000,-0.026382,0.220000,-0.023337,0.220000,-0.023337,0,-0.639319,0.220000,0.212667,-0.019048,-0.033715,-0.127094,-0.167094,0.311127,0.330000,-0.210387,1
1772473218,720537723,-0.617426,-1.311966,1.938160,-0.393074,-0.853360,-2.487143,1,0.000000,0.000000,0.221234,-0.141045,0.221109,-0.138343,0.221109,-0.138343,0.000000,0.000000,0.220000,-0.023337,0.220000,-0.022122,0.220000,-0.022122,0,-0.606366,0.220000,0.212667,-0.016004,-0.030671,-0.121045,-0.161045,0.311127,0.330000,-0.206473,1
1772473218,745804756,-0.619819,-1.307221,1.933660,-0.396947,-0.856999,-2.491643,1,0.000000,0.000000,0.221109,-0.138343,0.221118,-0.135333,0.221118,-0.135333,0.000000,0.000000,0.220000,-0.022122,0.220000,-0.022208,0.220000,-0.022208,0,-0.608701,0.220000,0.212667,-0.014789,-0.029455,-0.118343,-0.158343,0.311127,0.330000,-0.201973,1
1772473218,795771128,-0.621339,-1.295194,1.925171,-0.408296,-0.862152,-2.500090,1,0.000000,0.000000,0.221118,-0.135333,0.220921,-0.128382,0.220921,-0.128382,0.000000,0.000000,0.220000,-0.022208,0.220000,-0.020147,0.220000,-0.020147,0,-0.552711,0.220000,0.212667,-0.014875,-0.029541,-0.115333,-0.155333,0.311127,0.330000,-0.191771,1
1772473218,820921754,-0.623139,-1.289545,1.920908,-0.414933,-0.867537,-2.504055,1,0.000000,0.000000,0.220921,-0.128382,0.220962,-0.125752,0.220962,-0.125752,0.000000,0.000000,0.220000,-0.020147,0.220000,-0.020597,0.220000,-0.020597,0,-0.564936,0.220000,0.212667,-0.012814,-0.027481,-0.108382,-0.148382,0.311127,0.330000,-0.187806,1
1772473218,845939107,-0.624378,-1.284205,1.917364,-0.419704,-0.870240,-2.507599,1,0.000000,0.000000,0.220962,-0.125752,0.220912,-0.122874,0.220912,-0.122874,0.000000,0.000000,0.220000,-0.020597,0.220000,-0.020053,0.220000,-0.020053,0,-0.550140,0.220000,0.212667,-0.013264,-0.027930,-0.105752,-0.145752,0.311127,0.330000,-0.183550,1
1772473218,896149343,-0.627686,-1.274177,1.910250,-0.428382,-0.876255,-2.514713,1,0.000000,0.000000,0.220912,-0.122874,0.220870,-0.117431,0.220870,-0.117431,0.000000,0.000000,0.220000,-0.020053,0.220000,-0.019579,0.220000,-0.019579,0,-0.537247,0.220000,0.212667,-0.012720,-0.027386,-0.102874,-0.142874,0.311127,0.330000,-0.175453,1
1772473218,921149327,-0.628553,-1.269422,1.906314,-0.432696,-0.878434,-2.518648,1,0.000000,0.000000,0.220870,-0.117431,0.220799,-0.114033,0.220799,-0.114033,0.000000,0.000000,0.220000,-0.019579,0.220000,-0.018762,0.220000,-0.018762,0,-0.514979,0.220000,0.212667,-0.012246,-0.026912,-0.097431,-0.137431,0.311127,0.330000,-0.170431,1
1772473218,946315436,-0.630573,-1.263151,1.903090,-0.438137,-0.882149,-2.521872,1,0.000000,0.000000,0.220799,-0.114033,0.220793,-0.111873,0.220793,-0.111873,0.000000,0.000000,0.220000,-0.018762,0.220000,-0.018698,0.220000,-0.018698,0,-0.513237,0.220000,0.212667,-0.011428,-0.026095,-0.094033,-0.134033,0.311127,0.330000,-0.167207,1
1772473218,996351380,-0.632737,-1.253029,1.896457,-0.445801,-0.884202,-2.527604,1,0.000000,0.000000,0.220793,-0.111873,0.220612,-0.107346,0.220612,-0.107346,0.000000,0.000000,0.220000,-0.018698,0.220000,-0.016415,0.220000,-0.016415,0,-0.450938,0.220000,0.212667,-0.011364,-0.026031,-0.091873,-0.131873,0.311127,0.330000,-0.160573,1
1772473219,21519193,-0.633979,-1.247193,1.893076,-0.451043,-0.887052,-2.530985,1,0.000000,0.000000,0.220612,-0.107346,0.220570,-0.104393,0.220570,-0.104393,0.000000,0.000000,0.220000,-0.016415,0.220000,-0.015846,0.220000,-0.015846,0,-0.435404,0.220000,0.212667,-0.009081,-0.023748,-0.087346,-0.127346,0.311127,0.330000,-0.156185,1
1772473219,46510094,-0.634511,-1.242693,1.890244,-0.455207,-0.888841,-2.533817,1,0.000000,0.000000,0.220570,-0.104393,0.220516,-0.102475,0.220516,-0.102475,0.000000,0.000000,0.220000,-0.015846,0.220000,-0.015074,0.220000,-0.015074,0,-0.414298,0.220000,0.212667,-0.008513,-0.023179,-0.084393,-0.124393,0.311127,0.330000,-0.153353,1
1772473219,96709330,-0.637318,-1.230919,1.883779,-0.465696,-0.894881,-2.540282,1,0.000000,0.000000,0.220516,-0.102475,0.220458,-0.097286,0.220458,-0.097286,0.000000,0.000000,0.220000,-0.015074,0.220000,-0.014196,0.220000,-0.014196,0,-0.390274,0.220000,0.212667,-0.007741,-0.022408,-0.082475,-0.122475,0.311127,0.330000,-0.145627,1
1772473219,121853187,-0.639914,-1.225522,1.880235,-0.470132,-0.898904,-2.543827,1,0.000000,0.000000,0.220458,-0.097286,0.220479,-0.094118,0.220479,-0.094118,0.000000,0.000000,0.220000,-0.014196,0.220000,-0.014527,0.220000,-0.014527,0,-0.399312,0.220000,0.212667,-0.006863,-0.021530,-0.077286,-0.117286,0.311127,0.330000,-0.140870,1
1772473219,146838049,-0.640115,-1.221577,1.877830,-0.473858,-0.900219,-2.546231,1,0.000000,0.000000,0.220479,-0.094118,0.220425,-0.092489,0.220425,-0.092489,0.000000,0.000000,0.220000,-0.014527,0.220000,-0.013686,0.220000,-0.013686,0,-0.376285,0.220000,0.212667,-0.007193,-0.021860,-0.074118,-0.114118,0.311127,0.330000,-0.138466,1
1772473219,197073845,-0.643099,-1.211064,1.872694,-0.486128,-0.901170,-2.553498,1,0.000000,0.000000,0.220425,-0.092489,0.220185,-0.085916,0.220185,-0.085916,0.000000,0.000000,0.220000,-0.013686,0.220000,-0.009021,0.220000,-0.009021,0,-0.248293,0.220000,0.212667,-0.006352,-0.021019,-0.072489,-0.112489,0.311127,0.330000,-0.128765,1
1772473219,222094171,-0.644760,-1.204364,1.869766,-0.492087,-0.904655,-2.556426,1,0.000000,0.000000,0.220185,-0.085916,0.220172,-0.083957,0.220172,-0.083957,0.000000,0.000000,0.220000,-0.009021,0.220000,-0.008702,0.220000,-0.008702,0,-0.239542,0.220000,0.212667,-0.001687,-0.016354,-0.065916,-0.105916,0.311127,0.330000,-0.125837,1
1772473219,247238344,-0.646091,-1.199472,1.867208,-0.496405,-0.907312,-2.558984,1,0.000000,0.000000,0.220172,-0.083957,0.220162,-0.081224,0.220162,-0.081224,0.000000,0.000000,0.220000,-0.008702,0.220000,-0.008452,0.220000,-0.008452,0,-0.232663,0.220000,0.212667,-0.001369,-0.016036,-0.063957,-0.103957,0.311127,0.330000,-0.121746,1
1772473219,272215506,-0.647595,-1.194522,1.863929,-0.500729,-0.910152,-2.562262,1,0.000000,0.000000,0.220162,-0.081224,0.220151,-0.079033,0.220151,-0.079033,0.000000,0.000000,0.220000,-0.008452,0.220000,-0.008148,0.220000,-0.008148,0,-0.224314,0.220000,0.212667,-0.001119,-0.015785,-0.061224,-0.101224,0.311127,0.330000,-0.118468,1
1772473219,322470953,-0.650296,-1.183215,1.858916,-0.510813,-0.915936,-2.567276,1,0.000000,0.000000,0.220151,-0.079033,0.220128,-0.073897,0.220128,-0.073897,0.000000,0.000000,0.220000,-0.008148,0.220000,-0.007506,0.220000,-0.007506,0,-0.206653,0.220000,0.212667,-0.000815,-0.015482,-0.059033,-0.099033,0.311127,0.330000,-0.110782,1
1772473219,347538457,-0.652442,-1.178588,1.856449,-0.514646,-0.919300,-2.569742,1,0.000000,0.000000,0.220128,-0.073897,0.220139,-0.072256,0.220139,-0.072256,0.000000,0.000000,0.220000,-0.007506,0.220000,-0.007832,0.220000,-0.007832,0,-0.215618,0.220000,0.212667,-0.000173,-0.014839,-0.053897,-0.093897,0.311127,0.330000,-0.108315,1
1772473219,397631074,-0.654699,-1.167885,1.852966,-0.524277,-0.924487,-2.573225,1,0.000000,0.000000,0.220139,-0.072256,0.220121,-0.068777,0.220121,-0.068777,0.000000,0.000000,0.220000,-0.007832,0.220000,-0.007287,0.220000,-0.007287,0,-0.200637,0.220000,0.212667,-0.000499,-0.015165,-0.052256,-0.092256,0.311127,0.330000,-0.103109,1
1772473219,422799131,-0.656162,-1.161968,1.850655,-0.529198,-0.927317,-2.575090,1,0.000000,0.000000,0.220121,-0.068777,0.220114,-0.066297,0.220114,-0.066297,0.000000,0.000000,0.220000,-0.007287,0.220000,-0.007092,0.220000,-0.007092,0,-0.195274,0.220000,0.212667,0.000046,-0.014620,-0.048777,-0.088777,0.311127,0.330000,-0.099394,1
1772473219,447812789,-0.658069,-1.156984,1.847995,-0.530936,-0.928783,-2.574478,1,0.000000,0.000000,0.220114,-0.066297,0.220131,-0.066710,0.220131,-0.066710,0.000000,0.000000,0.220000,-0.007092,0.220000,-0.007580,0.220000,-0.007580,0,-0.208686,0.220000,0.212667,0.000241,-0.014425,-0.046297,-0.086297,0.311127,0.330000,-0.100005,1
1772473219,472955357,-0.658112,-1.151161,1.846425,-0.536504,-0.930488,-2.576047,1,0.000000,0.000000,0.220131,-0.066710,0.220098,-0.064580,0.220098,-0.064580,0.000000,0.000000,0.220000,-0.007580,0.220000,-0.006578,0.220000,-0.006578,0,-0.181132,0.220000,0.212667,-0.000246,-0.014913,-0.046710,-0.086710,0.311127,0.330000,-0.096827,1
1772473219,523128151,-0.662587,-1.141760,1.842789,-0.544233,-0.937463,-2.579683,1,0.000000,0.000000,0.220098,-0.064580,0.220132,-0.061064,0.220132,-0.061064,0.000000,0.000000,0.220000,-0.006578,0.220000,-0.007608,0.220000,-0.007608,0,-0.209470,0.220000,0.212667,0.000755,-0.013911,-0.044580,-0.084580,0.311127,0.330000,-0.091541,1
1772473219,548149676,-0.662714,-1.135680,1.841182,-0.550023,-0.939323,-2.581290,1,0.000000,0.000000,0.220132,-0.061064,0.220099,-0.059983,0.220099,-0.059983,0.000000,0.000000,0.220000,-0.007608,0.220000,-0.006612,0.220000,-0.006612,0,-0.182062,0.220000,0.212667,-0.000275,-0.014942,-0.041064,-0.081064,0.311127,0.330000,-0.089934,1
1772473219,598341124,-0.665745,-1.124742,1.837812,-0.559639,-0.945355,-2.584661,1,0.000000,0.000000,0.220099,-0.059983,0.220097,-0.056391,0.220097,-0.056391,0.000000,0.000000,0.220000,-0.006612,0.220000,-0.006547,0.220000,-0.006547,0,-0.180277,0.220000,0.212667,0.000722,-0.013945,-0.039983,-0.079983,0.311127,0.330000,-0.084549,1
1772473219,623410772,-0.668575,-1.119531,1.836289,-0.563823,-0.949557,-2.586183,1,0.000000,0.000000,0.220097,-0.056391,0.220126,-0.053895,0.220126,-0.053895,0.000000,0.000000,0.220000,-0.006547,0.220000,-0.007437,0.220000,-0.007437,0,-0.204762,0.220000,0.212667,0.000786,-0.013880,-0.036391,-0.076391,0.311127,0.330000,-0.080796,1
1772473219,648563062,-0.669110,-1.114514,1.835315,-0.568477,-0.951503,-2.587157,1,0.000000,0.000000,0.220126,-0.053895,0.220110,-0.051861,0.220110,-0.051861,0.000000,0.000000,0.220000,-0.007437,0.220000,-0.006962,0.220000,-0.006962,0,-0.191684,0.220000,0.212667,-0.000104,-0.014770,-0.033895,-0.073895,0.311127,0.330000,-0.077753,1
1772473219,698736474,-0.672404,-1.101730,1.831729,-0.576653,-0.955906,-2.587707,1,0.000000,0.000000,0.220110,-0.051861,0.220110,-0.051495,0.220110,-0.051495,0.000000,0.000000,0.220000,-0.006962,0.220000,-0.006954,0.220000,-0.006954,0,-0.191476,0.220000,0.212667,0.000372,-0.014295,-0.031861,-0.071861,0.311127,0.330000,-0.077204,1
1772473219,723692081,-0.674117,-1.097439,1.829400,-0.580266,-0.958785,-2.590036,1,0.000000,0.000000,0.220110,-0.051495,0.220113,-0.048561,0.220113,-0.048561,0.000000,0.000000,0.220000,-0.006954,0.220000,-0.007040,0.220000,-0.007040,0,-0.193830,0.220000,0.212667,0.000379,-0.014287,-0.031495,-0.071495,0.311127,0.330000,-0.072804,1
1772473219,748885604,-0.674890,-1.091997,1.829183,-0.585253,-0.961097,-2.590253,1,0.000000,0.000000,0.220113,-0.048561,0.220106,-0.046959,0.220106,-0.046959,0.000000,0.000000,0.220000,-0.007040,0.220000,-0.006832,0.220000,-0.006832,0,-0.188112,0.220000,0.212667,0.000294,-0.014373,-0.028561,-0.068561,0.311127,0.330000,-0.070405,1
1772473219,773857593,-0.675599,-1.086164,1.828128,-0.590633,-0.963460,-2.591307,1,0.000000,0.000000,0.220106,-0.046959,0.220091,-0.046253,0.220091,-0.046253,0.000000,0.000000,0.220000,-0.006832,0.220000,-0.006341,0.220000,-0.006341,0,-0.174617,0.220000,0.212667,0.000502,-0.014165,-0.026959,-0.066959,0.311127,0.330000,-0.069350,1
1772473219,824144926,-0.679091,-1.077041,1.825647,-0.598359,-0.969438,-2.593788,1,0.000000,0.000000,0.220091,-0.046253,0.220110,-0.042812,0.220110,-0.042812,0.000000,0.000000,0.220000,-0.006341,0.220000,-0.006946,0.220000,-0.006946,0,-0.191249,0.220000,0.212667,0.000992,-0.013675,-0.026253,-0.066253,0.311127,0.330000,-0.064186,1
1772473219,849225260,-0.681065,-1.071403,1.824070,-0.603187,-0.972956,-2.595365,1,0.000000,0.000000,0.220110,-0.042812,0.220117,-0.039869,0.220117,-0.039869,0.000000,0.000000,0.220000,-0.006946,0.220000,-0.007181,0.220000,-0.007181,0,-0.197712,0.220000,0.212667,0.000388,-0.014279,-0.022812,-0.062812,0.311127,0.330000,-0.059772,1
1772473219,874355035,-0.681326,-1.065374,1.823135,-0.608884,-0.974947,-2.596300,1,0.000000,0.000000,0.220117,-0.039869,0.220092,-0.039241,0.220092,-0.039241,0.000000,0.000000,0.220000,-0.007181,0.220000,-0.006377,0.220000,-0.006377,0,-0.175599,0.220000,0.212667,0.000153,-0.014514,-0.019869,-0.059869,0.311127,0.330000,-0.058837,1
1772473219,924492205,-0.683923,-1.054959,1.821571,-0.618257,-0.980401,-2.598022,1,0.000000,0.000000,0.220092,-0.039241,0.220090,-0.036347,0.220090,-0.036347,0.000000,0.000000,0.220000,-0.006377,0.220000,-0.006285,0.220000,-0.006285,0,-0.173069,0.220000,0.212667,0.000956,-0.013710,-0.019241,-0.059241,0.311127,0.330000,-0.054498,1
1772473219,949504915,-0.684425,-1.049942,1.821213,-0.623916,-0.982071,-2.599408,1,0.000000,0.000000,0.220090,-0.036347,0.220061,-0.033575,0.220061,-0.033575,0.000000,0.000000,0.220000,-0.006285,0.220000,-0.005185,0.220000,-0.005185,0,-0.142789,0.220000,0.212667,0.001048,-0.013618,-0.016347,-0.056347,0.311127,0.330000,-0.050349,1
1772473219,974690977,-0.687067,-1.043992,1.819567,-0.628854,-0.986312,-2.601054,1,0.000000,0.000000,0.220061,-0.033575,0.220075,-0.030525,0.220075,-0.030525,0.000000,0.000000,0.220000,-0.005185,0.220000,-0.005763,0.220000,-0.005763,0,-0.158716,0.220000,0.212667,0.002149,-0.012518,-0.013575,-0.053575,0.311127,0.330000,-0.045772,1
1772473220,24813323,-0.689589,-1.032905,1.817641,-0.638748,-0.991917,-2.602981,1,0.000000,0.000000,0.220075,-0.030525,0.220069,-0.027163,0.220069,-0.027163,0.000000,0.000000,0.220000,-0.005763,0.220000,-0.005500,0.220000,-0.005500,0,-0.151467,0.220000,0.212667,0.001570,-0.013097,-0.010525,-0.050525,0.311127,0.330000,-0.040732,1
1772473220,49806858,-0.690096,-1.028143,1.816343,-0.643162,-0.993772,-2.604279,1,0.000000,0.000000,0.220069,-0.027163,0.220055,-0.026296,0.220055,-0.026296,0.000000,0.000000,0.220000,-0.005500,0.220000,-0.004901,0.220000,-0.004901,0,-0.134968,0.220000,0.212667,0.001833,-0.012833,-0.007163,-0.047163,0.311127,0.330000,-0.039434,1
1772473220,74986675,-0.690968,-1.022164,1.815833,-0.648638,-0.996327,-2.604789,1,0.000000,0.000000,0.220055,-0.026296,0.220047,-0.023531,0.220047,-0.023531,0.000000,0.000000,0.220000,-0.004901,0.220000,-0.004538,0.220000,-0.004538,0,-0.124983,0.220000,0.212667,0.002433,-0.012234,-0.006296,-0.046296,0.311127,0.330000,-0.035289,1
1772473220,125154051,-0.693726,-1.011522,1.814671,-0.658036,-1.002029,-2.605950,1,0.000000,0.000000,0.220047,-0.023531,0.220048,-0.020192,0.220048,-0.020192,0.000000,0.000000,0.220000,-0.004538,0.220000,-0.004602,0.220000,-0.004602,0,-0.126747,0.220000,0.212667,0.002795,-0.011871,-0.003531,-0.043531,0.311127,0.330000,-0.030282,1
1772473220,150207231,-0.693791,-1.006726,1.814061,-0.662611,-1.003471,-2.606561,1,0.000000,0.000000,0.220048,-0.020192,0.220033,-0.017283,0.220033,-0.017283,0.000000,0.000000,0.220000,-0.004602,0.220000,-0.003835,0.220000,-0.003835,0,-0.105629,0.220000,0.212667,0.002731,-0.011935,-0.000192,-0.040192,0.311127,0.330000,-0.025921,1
1772473220,175329355,-0.696378,-1.000780,1.813549,-0.667653,-1.007789,-2.607215,1,0.000000,0.000000,0.220033,-0.017283,0.220048,-0.016848,0.220048,-0.016848,0.000000,0.000000,0.220000,-0.003835,0.220000,-0.004575,0.220000,-0.004575,0,-0.126009,0.220000,0.212667,0.003498,-0.011168,0.002717,-0.037283,0.311127,0.330000,-0.025266,1
1772473220,225380410,-0.699462,-0.990549,1.811600,-0.677171,-1.014530,-2.610098,1,0.000000,0.000000,0.220048,-0.016848,0.220052,-0.012259,0.220052,-0.012259,0.000000,0.000000,0.220000,-0.004575,0.220000,-0.004763,0.220000,-0.004763,0,-0.131171,0.220000,0.212667,0.002758,-0.011908,0.003152,-0.036848,0.311127,0.330000,-0.018385,1
1772473220,250560296,-0.700212,-0.985244,1.810684,-0.682038,-1.016768,-2.611014,1,0.000000,0.000000,0.220052,-0.012259,0.220041,-0.008799,0.220041,-0.008799,0.000000,0.000000,0.220000,-0.004763,0.220000,-0.004261,0.220000,-0.004261,0,-0.117370,0.220000,0.212667,0.002571,-0.012096,0.007741,-0.032259,0.311127,0.330000,-0.013197,1
1772473220,275725179,-0.701648,-0.978209,1.810721,-0.688367,-1.020161,-2.610977,1,0.000000,0.000000,0.220041,-0.008799,0.220039,-0.005777,0.220039,-0.005777,0.000000,0.000000,0.220000,-0.004261,0.220000,-0.004152,0.220000,-0.004152,0,-0.114349,0.220000,0.212667,0.003072,-0.011595,0.011201,-0.028799,0.311127,0.330000,-0.008665,1
1772473220,325872097,-0.704442,-0.967463,1.810299,-0.697862,-1.025918,-2.611399,1,0.000000,0.000000,0.220039,-0.005777,0.220041,-0.002231,0.220041,-0.002231,0.000000,0.000000,0.220000,-0.004152,0.220000,-0.004235,0.220000,-0.004235,0,-0.116639,0.220000,0.212667,0.003182,-0.011485,0.014223,-0.025777,0.311127,0.330000,-0.003346,1
1772473220,350920295,-0.704803,-0.962465,1.810519,-0.702546,-1.027696,-2.611179,1,0.000000,0.000000,0.220041,-0.002231,0.220032,-0.002378,0.220032,-0.002378,0.000000,0.000000,0.220000,-0.004235,0.220000,-0.003746,0.220000,-0.003746,0,-0.103177,0.220000,0.212667,0.003099,-0.011568,0.017769,-0.022231,0.311127,0.330000,-0.003566,1
1772473220,375877339,-0.707260,-0.959095,1.809103,-0.705071,-1.031015,-2.612595,1,0.000000,0.000000,0.220032,-0.002378,0.220046,0.002069,0.220046,0.002069,0.000000,0.000000,0.220000,-0.003746,0.220000,-0.004497,0.220000,-0.004497,0,-0.123871,0.220000,0.212667,0.003587,-0.011079,0.017622,-0.022378,0.311127,0.330000,0.003103,1
1772473220,426136192,-0.708645,-0.947107,1.808833,-0.715907,-1.036144,-2.612608,1,0.000000,0.000000,0.220046,0.002069,0.220032,0.005843,0.220032,0.005843,0.000000,0.000000,0.220000,-0.004497,0.220000,-0.003778,0.220000,-0.003778,0,-0.104048,0.220000,0.212667,0.002836,-0.011831,0.022069,-0.017931,0.311127,0.330000,0.008763,1
1772473220,451302135,-0.710100,-0.941472,1.808775,-0.719254,-1.041538,-2.610999,1,0.000000,0.000000,0.220032,0.005843,0.220084,0.008826,0.220084,0.008826,0.000000,0.000000,0.220000,-0.003778,0.220000,-0.006086,0.220000,-0.006086,0,-0.167586,0.220000,0.212667,0.003556,-0.011111,0.025843,-0.014157,0.311127,0.330000,0.013234,1
1772473220,476242511,-0.711510,-0.936217,1.808667,-0.723879,-1.044404,-2.611108,1,0.000000,0.000000,0.220084,0.008826,0.220085,0.008899,0.220085,0.008899,0.000000,0.000000,0.220000,-0.006086,0.220000,-0.006113,0.220000,-0.006113,0,-0.168327,0.220000,0.212667,0.001248,-0.013419,0.028826,-0.011174,0.311127,0.330000,0.013343,1
1772473220,526412213,-0.713883,-0.925329,1.808834,-0.733620,-1.049817,-2.610940,1,0.000000,0.000000,0.220085,0.008899,0.220078,0.013159,0.220078,0.013159,0.000000,0.000000,0.220000,-0.006113,0.220000,-0.005867,0.220000,-0.005867,0,-0.161554,0.220000,0.212667,0.001221,-0.013446,0.028899,-0.011101,0.311127,0.330000,0.019732,1
1772473220,551587459,-0.714838,-0.921323,1.809993,-0.737180,-1.051887,-2.609781,1,0.000000,0.000000,0.220078,0.013159,0.220083,0.017111,0.220083,0.017111,0.000000,0.000000,0.220000,-0.005867,0.220000,-0.006055,0.220000,-0.006055,0,-0.166728,0.220000,0.212667,0.001467,-0.013200,0.033159,-0.006841,0.311127,0.330000,0.025657,1
1772473220,576747297,-0.716574,-0.916161,1.809686,-0.741622,-1.055038,-2.610088,1,0.000000,0.000000,0.220083,0.017111,0.220088,0.017316,0.220088,0.017316,0.000000,0.000000,0.220000,-0.006055,0.220000,-0.006217,0.220000,-0.006217,0,-0.171192,0.220000,0.212667,0.001279,-0.013388,0.037111,-0.002889,0.311127,0.330000,0.025964,1
1772473220,626761467,-0.718172,-0.904309,1.809296,-0.752509,-1.059987,-2.610478,1,0.000000,0.000000,0.220088,0.017316,0.220058,0.028230,0.220058,0.028230,0.000000,0.000000,0.220000,-0.006217,0.220000,-0.005066,0.220000,-0.005066,0,-0.139515,0.220000,0.212667,0.001117,-0.013550,0.037316,-0.002684,0.311127,0.330000,0.042333,1
1772473220,651930932,-0.719486,-0.898948,1.809963,-0.757264,-1.062791,-2.609811,1,0.000000,0.000000,0.220058,0.028230,0.220059,0.027785,0.220059,0.027785,0.000000,0.000000,0.220000,-0.005066,0.220000,-0.005079,0.220000,-0.005079,0,-0.139881,0.220000,0.212667,0.002268,-0.012399,0.048230,0.008230,0.311127,0.330000,0.041666,1
1772473220,676919223,-0.720575,-0.894111,1.810499,-0.761492,-1.064944,-2.609834,1,0.000000,0.000000,0.220059,0.027785,0.220051,0.033821,0.220051,0.033821,0.000000,0.000000,0.220000,-0.005079,0.220000,-0.004757,0.220000,-0.004757,0,-0.131011,0.220000,0.212667,0.002254,-0.012412,0.047785,0.007785,0.311127,0.330000,0.050719,1
1772473220,727085716,-0.722389,-0.882490,1.812483,-0.771558,-1.068149,-2.611437,1,0.000000,0.000000,0.220051,0.033821,0.220014,0.041437,0.220014,0.041437,0.000000,0.000000,0.220000,-0.004757,0.220000,-0.002514,0.220000,-0.002514,0,-0.069247,0.220000,0.212667,0.002577,-0.012090,0.053821,0.013821,0.311127,0.330000,0.062151,1
1772473220,752264048,-0.725253,-0.877358,1.812497,-0.775663,-1.072354,-2.611423,1,0.000000,0.000000,0.220014,0.041437,0.220025,0.041430,0.220025,0.041430,0.000000,0.000000,0.220000,-0.002514,0.220000,-0.003337,0.220000,-0.003337,0,-0.091906,0.220000,0.212667,0.004820,-0.009847,0.061437,0.021437,0.311127,0.330000,0.062137,1
1772473220,777225268,-0.725737,-0.872657,1.813096,-0.780032,-1.074156,-2.610824,1,0.000000,0.000000,0.220025,0.041430,0.220018,0.048196,0.220018,0.048196,0.000000,0.000000,0.220000,-0.003337,0.220000,-0.002837,0.220000,-0.002837,0,-0.078138,0.220000,0.212667,0.003997,-0.010670,0.061430,0.021430,0.311127,0.330000,0.072288,1
1772473220,827380661,-0.728274,-0.861308,1.812947,-0.790190,-1.079817,-2.610973,1,0.000000,0.000000,0.220018,0.048196,0.220010,0.056802,0.220010,0.056802,0.000000,0.000000,0.220000,-0.002837,0.220000,-0.002080,0.220000,-0.002080,0,-0.057286,0.220000,0.212667,0.004497,-0.010170,0.068196,0.028196,0.311127,0.330000,0.085200,1
1772473220,852544222,-0.728732,-0.856103,1.814079,-0.795050,-1.081736,-2.609841,1,0.000000,0.000000,0.220010,0.056802,0.220005,0.056046,0.220005,0.056046,0.000000,0.000000,0.220000,-0.002080,0.220000,-0.001523,0.220000,-0.001523,0,-0.041949,0.220000,0.212667,0.005254,-0.009413,0.076802,0.036802,0.311127,0.330000,0.084067,1
1772473220,877663983,-0.730484,-0.851613,1.814566,-0.798856,-1.084693,-2.609355,1,0.000000,0.000000,0.220005,0.056046,0.220007,0.065138,0.220007,0.065138,0.000000,0.000000,0.220000,-0.001523,0.220000,-0.001752,0.220000,-0.001752,0,-0.048270,0.220000,0.212667,0.005811,-0.008856,0.076046,0.036046,0.311127,0.330000,0.097704,1
1772473220,927687012,-0.732851,-0.840184,1.817667,-0.808304,-1.090852,-2.605873,1,0.000000,0.000000,0.220007,0.065138,0.220010,0.072606,0.220010,0.072606,0.000000,0.000000,0.220000,-0.001752,0.220000,-0.002117,0.220000,-0.002117,0,-0.058318,0.220000,0.212667,0.005581,-0.009086,0.085138,0.045138,0.311127,0.330000,0.108904,1
1772473220,952884344,-0.734403,-0.835402,1.818572,-0.806739,-1.098067,-2.602378,1,0.000000,0.000000,0.220010,0.072606,0.220125,0.070312,0.220125,0.070312,0.000000,0.000000,0.220000,-0.002117,0.220000,-0.007410,0.220000,-0.007410,0,-0.204013,0.220000,0.212667,0.005216,-0.009450,0.092606,0.052606,0.311127,0.330000,0.105409,1
1772473220,977857835,-0.735005,-0.830406,1.820186,-0.811351,-1.100079,-2.600764,1,0.000000,0.000000,0.220125,0.070312,0.220110,0.080774,0.220110,0.080774,0.000000,0.000000,0.220000,-0.007410,0.220000,-0.006967,0.220000,-0.006967,0,-0.191843,0.220000,0.212667,-0.000077,-0.014743,0.090312,0.050312,0.311127,0.330000,0.121100,1
1772473221,28063661,-0.738324,-0.820317,1.822912,-0.820061,-1.106157,-2.598038,1,0.000000,0.000000,0.220110,0.080774,0.220118,0.092533,0.220118,0.092533,0.000000,0.000000,0.220000,-0.006967,0.220000,-0.007197,0.220000,-0.007197,0,-0.198147,0.220000,0.212667,0.000366,-0.014301,0.100774,0.060774,0.311127,0.330000,0.138725,1
1772473221,53184763,-0.738528,-0.814658,1.825713,-0.825423,-1.107978,-2.595236,1,0.000000,0.000000,0.220118,0.092533,0.220096,0.105787,0.220096,0.105787,0.000000,0.000000,0.220000,-0.007197,0.220000,-0.006511,0.220000,-0.006511,0,-0.179278,0.220000,0.212667,0.000137,-0.014530,0.112533,0.072533,0.311127,0.330000,0.158610,1
1772473221,78164008,-0.740741,-0.809004,1.828191,-0.830203,-1.111722,-2.592759,1,0.000000,0.000000,0.220096,0.105787,0.220109,0.104140,0.220109,0.104140,0.000000,0.000000,0.220000,-0.006511,0.220000,-0.006939,0.220000,-0.006939,0,-0.191055,0.220000,0.212667,0.000823,-0.013844,0.125787,0.085787,0.311127,0.330000,0.156133,1
1772473221,128325126,-0.741980,-0.799571,1.832718,-0.838882,-1.115619,-2.588232,1,0.000000,0.000000,0.220109,0.104140,0.220085,0.119112,0.220085,0.119112,0.000000,0.000000,0.220000,-0.006939,0.220000,-0.006100,0.220000,-0.006100,0,-0.167974,0.220000,0.212667,0.000395,-0.014272,0.124140,0.084140,0.311127,0.330000,0.178600,1
1772473221,153489938,-0.742701,-0.793019,1.835809,-0.844950,-1.118192,-2.585141,1,0.000000,0.000000,0.220085,0.119112,0.220064,0.138795,0.220064,0.138795,0.000000,0.000000,0.220000,-0.006100,0.220000,-0.005311,0.220000,-0.005311,0,-0.146278,0.220000,0.212667,0.001234,-0.013433,0.139112,0.099112,0.311127,0.330000,0.208132,1
1772473221,178470018,-0.744239,-0.789331,1.837517,-0.848593,-1.120648,-2.583428,1,0.000000,0.000000,0.220064,0.138795,0.220062,0.137652,0.220062,0.137652,0.000000,0.000000,0.220000,-0.005311,0.220000,-0.005229,0.220000,-0.005229,0,-0.144002,0.220000,0.212667,0.002022,-0.012645,0.158795,0.118795,0.311127,0.330000,0.206420,1
1772473221,228724348,-0.746720,-0.778277,1.843294,-0.862326,-1.125655,-2.577619,1,0.000000,0.000000,0.220062,0.137652,0.212676,0.157652,0.212676,0.157652,0.000000,0.000000,0.220000,-0.005229,0.212667,-0.002016,0.212667,-0.002016,0,-0.061357,0.220000,0.212667,0.002105,-0.012562,0.157652,0.117652,0.311127,0.330000,0.287092,1
1772473221,253736558,-0.749059,-0.771701,1.845699,-0.867952,-1.129785,-2.575214,1,0.000000,0.000000,0.212676,0.157652,0.220034,0.163319,0.220034,0.163319,0.000000,0.000000,0.212667,-0.002016,0.220000,-0.003896,0.220000,-0.003896,0,-0.110998,0.220000,0.205333,0.005317,-0.009349,0.177652,0.137652,0.311127,0.319014,0.236785,1
1772473221,278851178,-0.749465,-0.767761,1.848453,-0.871609,-1.131306,-2.572460,1,0.000000,0.000000,0.220034,0.163319,0.212669,0.183319,0.212669,0.183319,0.000000,0.000000,0.220000,-0.003896,0.212667,-0.000973,0.212667,-0.000973,0,-0.030474,0.220000,0.212667,0.003438,-0.011229,0.183319,0.143319,0.311127,0.330000,0.343699,1
1772473221,328929326,-0.752715,-0.756589,1.856033,-0.881376,-1.137629,-2.564880,1,0.000000,0.000000,0.212669,0.183319,0.205348,0.203319,0.205348,0.203319,0.000000,0.000000,0.212667,-0.000973,0.205333,-0.002453,0.205333,-0.002453,0,-0.077362,0.220000,0.205333,0.006360,-0.008307,0.203319,0.163319,0.311127,0.319003,0.336119,1
1772473221,354098110,-0.754852,-0.752145,1.860142,-0.885018,-1.140953,-2.560771,1,0.000000,0.000000,0.205348,0.203319,0.212737,0.186645,0.212737,0.186645,0.000000,0.000000,0.205333,-0.002453,0.212667,-0.005453,0.212667,-0.005453,0,-0.166441,0.212667,0.198000,0.004880,-0.009787,0.223319,0.183319,0.311127,0.308022,0.270244,1
1772473221,379050061,-0.755586,-0.747197,1.864075,-0.889546,-1.143079,-2.556838,1,0.000000,0.000000,0.212737,0.186645,0.205340,0.206645,0.205340,0.206645,0.000000,0.000000,0.212667,-0.005453,0.205333,-0.001684,0.205333,-0.001684,0,-0.059280,0.220000,0.205333,0.001880,-0.012787,0.206645,0.166645,0.311127,0.319105,0.408505,1
1772473221,429356078,-0.759580,-0.736833,1.873623,-0.898563,-1.150019,-2.547176,1,0.000000,0.000000,0.205340,0.206645,0.198040,0.226645,0.198040,0.226645,0.000000,0.000000,0.205333,-0.001684,0.198000,-0.004000,0.198000,-0.004000,0,-0.141458,0.212667,0.198000,0.005649,-0.009018,0.226645,0.186645,0.311127,0.308010,0.398844,1
1772473221,454317538,-0.761061,-0.731885,1.878266,-0.904489,-1.153798,-2.541753,1,0.000000,0.000000,0.198040,0.226645,0.190763,0.246645,0.190763,0.246645,0.000000,0.000000,0.198000,-0.004000,0.190667,-0.006066,0.190667,-0.006066,0,-0.217381,0.205333,0.190667,0.003333,-0.011334,0.246645,0.206645,0.311127,0.297061,0.393421,1
1772473221,479418616,-0.762551,-0.727719,1.883143,-0.908049,-1.156425,-2.536877,1,0.000000,0.000000,0.190763,0.246645,0.198227,0.226645,0.198227,0.226645,0.000000,0.000000,0.190667,-0.006066,0.198000,-0.009478,0.198000,-0.009478,0,-0.323452,0.198000,0.183333,0.001267,-0.013400,0.266645,0.226645,0.311127,0.286145,0.308116,1
1772473221,529483868,-0.764402,-0.718524,1.893841,-0.916321,-1.160847,-2.526178,1,0.000000,0.000000,0.198227,0.226645,0.190709,0.246645,0.190709,0.246645,0.000000,0.000000,0.198000,-0.009478,0.190667,-0.004018,0.190667,-0.004018,0,-0.166997,0.205333,0.190667,-0.002145,-0.016811,0.246645,0.206645,0.311127,0.297340,0.485646,1
1772473221,554623493,-0.765386,-0.715011,1.899920,-0.919401,-1.162802,-2.520099,1,0.000000,0.000000,0.190709,0.246645,0.183474,0.266645,0.183474,0.266645,0.000000,0.000000,0.190667,-0.004018,0.183333,-0.007188,0.183333,-0.007188,0,-0.303700,0.198000,0.183333,0.003315,-0.011351,0.266645,0.226645,0.311127,0.286063,0.479567,1
1772473221,579655069,-0.767806,-0.710257,1.905966,-0.923256,-1.166490,-2.514053,1,0.000000,0.000000,0.183474,0.266645,0.191023,0.253845,0.191023,0.253845,0.000000,0.000000,0.183333,-0.007188,0.190667,-0.011658,0.190667,-0.011658,0,-0.443502,0.190667,0.176000,0.000146,-0.014521,0.286645,0.246645,0.311127,0.275211,0.365721,1
1772473221,629898031,-0.770898,-0.701561,1.917522,-0.930691,-1.171957,-2.502497,1,0.000000,0.000000,0.191023,0.253845,0.183404,0.273845,0.183404,0.273845,0.000000,0.000000,0.190667,-0.011658,0.183333,-0.005101,0.183333,-0.005101,0,-0.257324,0.198000,0.183333,-0.004324,-0.018991,0.273845,0.233845,0.311127,0.286534,0.610902,1
1772473221,654849535,-0.772313,-0.697504,1.923816,-0.934168,-1.174481,-2.496203,1,0.000000,0.000000,0.183404,0.273845,0.177406,0.293845,0.177406,0.293845,0.000000,0.000000,0.183333,-0.005101,0.177092,-0.010555,0.177092,-0.010555,0,-0.432534,0.190667,0.176000,0.002233,-0.012434,0.293845,0.253845,0.311127,0.275106,0.455671,1
1772473221,679863883,-0.773768,-0.692775,1.930437,-0.938345,-1.176987,-2.490050,1,0.000000,0.000000,0.177406,0.293845,0.184910,0.312354,0.184910,0.312354,0.000000,0.000000,0.177092,-0.010555,0.184425,-0.013379,0.184425,-0.013379,0,-0.543805,0.184425,0.169758,-0.003222,-0.017888,0.313845,0.273845,0.311127,0.266109,0.449518,1
1772473221,730051486,-0.775306,-0.684393,1.943872,-0.946462,-1.178944,-2.480153,1,0.000000,0.000000,0.184910,0.312354,0.177195,0.332354,0.177195,0.332354,0.000000,0.000000,0.184425,-0.013379,0.177092,-0.006046,0.177092,-0.006046,0,-0.177922,0.191758,0.177092,-0.006046,-0.020713,0.332354,0.292354,0.311127,0.277365,0.793265,1
1772473221,755093334,-0.776864,-0.680924,1.951070,-0.949344,-1.181424,-2.472954,1,0.000000,0.000000,0.177195,0.332354,0.170003,0.352354,0.170003,0.352354,0.000000,0.000000,0.177092,-0.006046,0.169758,-0.009113,0.169758,-0.009113,0,-0.421647,0.184425,0.169758,0.001287,-0.013379,0.352354,0.312354,0.311127,0.265792,0.581359,1
1772473221,780264218,-0.778938,-0.676376,1.958361,-0.953115,-1.184706,-2.465664,1,0.000000,0.000000,0.170003,0.352354,0.165402,0.372354,0.165402,0.372354,0.000000,0.000000,0.169758,-0.009113,0.164880,-0.013131,0.164880,-0.013131,0,-0.622638,0.177092,0.162425,-0.001780,-0.016447,0.372354,0.332354,0.311127,0.255004,0.574068,1
1772473221,805350669,-0.779634,-0.671764,1.966159,-0.957338,-1.186685,-2.457865,1,0.000000,0.000000,0.165402,0.372354,0.173130,0.352354,0.173130,0.352354,0.000000,0.000000,0.164880,-0.013131,0.172213,-0.017795,0.172213,-0.017795,0,-0.717306,0.172213,0.157546,-0.005798,-0.020464,0.392354,0.352354,0.311127,0.248102,0.417333,1
1772473221,855352600,-0.782824,-0.665079,1.983631,-0.962841,-1.191644,-2.440393,1,0.000000,0.000000,0.173130,0.352354,0.165211,0.372354,0.165211,0.372354,0.000000,0.000000,0.172213,-0.017795,0.164880,-0.010461,0.164880,-0.010461,0,-0.408410,0.179546,0.164880,-0.010461,-0.025128,0.372354,0.332354,0.311127,0.259695,1.010280,1
1772473221,880502755,-0.784899,-0.661020,1.992221,-0.966141,-1.194788,-2.431803,1,0.000000,0.000000,0.165211,0.372354,0.158021,0.392354,0.158021,0.392354,0.000000,0.000000,0.164880,-0.010461,0.157546,-0.012242,0.157546,-0.012242,0,-0.741393,0.172213,0.157546,-0.003128,-0.017795,0.392354,0.352354,0.311127,0.247817,0.744916,1
1772473221,905560430,-0.785358,-0.657419,2.000377,-0.969463,-1.196252,-2.423647,1,0.000000,0.000000,0.158021,0.392354,0.166026,0.372669,0.166026,0.372669,0.000000,0.000000,0.157546,-0.012242,0.164880,-0.019475,0.164880,-0.019475,0,-0.989767,0.164880,0.150213,-0.004909,-0.019576,0.412354,0.372354,0.311127,0.237032,0.532052,1
1772473221,955646472,-0.788587,-0.649317,2.019550,-0.978820,-1.191513,-2.406797,1,0.000000,0.000000,0.166026,0.372669,0.158013,0.392669,0.158013,0.392669,0.000000,0.000000,0.164880,-0.019475,0.157546,-0.012142,0.157546,-0.012142,0,-0.307947,0.172213,0.157546,-0.012142,-0.026809,0.392669,0.352669,0.311127,0.249039,0.976683,1
1772473221,980737885,-0.789601,-0.646097,2.029137,-0.981623,-1.193395,-2.397210,1,0.000000,0.000000,0.158013,0.392669,0.150634,0.412669,0.150634,0.412669,0.000000,0.000000,0.157546,-0.012142,0.150213,-0.011260,0.150213,-0.011260,0,-0.683547,0.164880,0.150213,-0.004809,-0.019475,0.412669,0.372669,0.311127,0.237020,0.710322,1
1772473222,5819666,-0.791221,-0.641395,2.038034,-0.985677,-1.196275,-2.388313,1,0.000000,0.000000,0.150634,0.412669,0.158640,0.392669,0.158640,0.392669,0.000000,0.000000,0.150213,-0.011260,0.157546,-0.018593,0.157546,-0.018593,0,-0.942291,0.157546,0.142880,-0.003926,-0.018593,0.432669,0.392669,0.311127,0.225951,0.496717,1
1772473222,55923515,-0.794656,-0.635087,2.057383,-0.990760,-1.201351,-2.368963,1,0.000000,0.000000,0.158640,0.392669,0.150634,0.412669,0.150634,0.412669,0.000000,0.000000,0.157546,-0.018593,0.150213,-0.011260,0.150213,-0.011260,0,-0.389262,0.164880,0.150213,-0.011260,-0.025926,0.412669,0.372669,0.311127,0.237959,1.211118,1
1772473222,81109075,-0.795735,-0.631757,2.067697,-0.993650,-1.203326,-2.358649,1,0.000000,0.000000,0.150634,0.412669,0.145531,0.432669,0.145531,0.432669,0.000000,0.000000,0.150213,-0.011260,0.144720,-0.015344,0.144720,-0.015344,0,-0.933220,0.157546,0.142880,-0.003926,-0.018593,0.432669,0.392669,0.311127,0.225951,0.671762,1
1772473222,106131298,-0.796901,-0.628635,2.076985,-0.996316,-1.205325,-2.349361,1,0.000000,0.000000,0.145531,0.432669,0.150326,0.452669,0.150326,0.452669,0.000000,0.000000,0.144720,-0.015344,0.149178,-0.018543,0.149178,-0.018543,0,-1.121366,0.152053,0.137387,-0.008010,-0.022677,0.452669,0.412669,0.311127,0.220000,0.662473,1
1772473222,156170295,-0.799014,-0.622311,2.097219,-1.001787,-1.209137,-2.329128,1,0.000000,0.000000,0.150326,0.452669,0.142287,0.472669,0.142287,0.472669,0.000000,0.000000,0.149178,-0.018543,0.141845,-0.011209,0.141845,-0.011209,0,-0.629240,0.156512,0.141845,-0.011209,-0.025876,0.472669,0.432669,0.311127,0.225489,1.171283,1
1772473222,181295708,-0.801083,-0.618863,2.108419,-1.004527,-1.213092,-2.317574,1,0.000000,0.000000,0.142287,0.472669,0.134811,0.492669,0.134811,0.492669,0.000000,0.000000,0.141845,-0.011209,0.134512,-0.008985,0.134512,-0.008985,0,-0.860750,0.149178,0.134512,-0.003876,-0.018543,0.492669,0.452669,0.311127,0.220000,1.159729,1
1772473222,231492436,-0.803416,-0.612502,2.131184,-1.010090,-1.224999,-2.292020,1,0.000000,0.000000,0.134811,0.492669,0.127189,0.512669,0.127189,0.512669,0.000000,0.000000,0.134512,-0.008985,0.127178,-0.001651,0.127178,-0.001651,0,8.094273,0.141845,0.127178,-0.001651,-0.016318,0.512669,0.472669,0.311127,0.220000,2.234419,1
1772473222,256481800,-0.805664,-0.609650,2.143288,-1.012182,-1.227967,-2.279915,1,0.000000,0.000000,0.127189,0.512669,0.119979,0.532669,0.119979,0.532669,0.000000,0.000000,0.127178,-0.001651,0.119845,0.005682,0.119845,0.005682,0,8.175315,0.134512,0.119845,0.005682,-0.008985,0.532669,0.492669,0.311127,0.220000,2.222314,1
1772473222,281565306,-0.808122,-0.607237,2.155824,-1.013794,-1.231011,-2.267379,1,0.000000,0.000000,0.119979,0.532669,0.113262,0.552669,0.113262,0.552669,0.000000,0.000000,0.119845,0.005682,0.112512,0.013015,0.112512,0.013015,0,8.246066,0.127178,0.112512,0.013015,-0.001651,0.552669,0.512669,0.311127,0.220000,2.214245,1
1772473222,331659083,-0.811895,-0.602127,2.180989,-1.017615,-1.236085,-2.242214,1,0.000000,0.000000,0.113262,0.552669,0.107129,0.572669,0.107129,0.572669,0.000000,0.000000,0.112512,0.013015,0.105178,0.020349,0.105178,0.020349,0,8.332594,0.119845,0.105178,0.020349,0.005682,0.572669,0.532669,0.311127,0.220000,2.189080,1
1772473222,356738922,-0.812615,-0.599758,2.195000,-1.019681,-1.237451,-2.228204,1,0.000000,0.000000,0.107129,0.572669,0.101685,0.592669,0.101685,0.592669,0.000000,0.000000,0.105178,0.020349,0.097845,0.027682,0.097845,0.027682,0,8.328391,0.112512,0.097845,0.027682,0.013015,0.592669,0.552669,0.311127,0.220000,2.175070,1
1772473222,381855786,-0.814492,-0.597944,2.209325,-1.020884,-1.239767,-2.213878,1,0.000000,0.000000,0.101685,0.592669,0.097048,0.600000,0.097048,0.600000,0.000000,0.000000,0.097845,0.027682,0.090512,0.035015,0.090512,0.035015,0,8.349567,0.105178,0.090512,0.035015,0.020349,0.600000,0.572669,0.311127,0.220000,2.164922,1
1772473222,406889390,-0.816231,-0.596315,2.224285,-1.021950,-1.241898,-2.198919,1,0.000000,0.000000,0.097048,0.600000,0.093338,0.600000,0.093338,0.600000,0.000000,0.000000,0.090512,0.035015,0.083178,0.042349,0.083178,0.042349,0,8.360718,0.097845,0.083178,0.042349,0.027682,0.600000,0.580000,0.311127,0.220000,2.149963,1
1772473222,457046350,-0.820246,-0.593520,2.254079,-1.020372,-1.248089,-2.171820,1,0.000000,0.000000,0.093338,0.600000,0.090668,0.600000,0.090668,0.600000,0.000000,0.000000,0.083178,0.042349,0.075845,0.049682,0.075845,0.049682,0,8.434349,0.090512,0.075845,0.049682,0.035015,0.600000,0.580000,0.311127,0.220000,2.126778,1
1772473222,482078532,-0.822867,-0.591664,2.268649,-1.021412,-1.251128,-2.157250,1,0.000000,0.000000,0.090668,0.600000,0.089132,0.600000,0.089132,0.600000,0.000000,0.000000,0.075845,0.049682,0.068512,0.057015,0.068512,0.057015,0,8.463603,0.083178,0.068512,0.057015,0.042349,0.600000,0.580000,0.311127,0.220000,2.112208,1
1772473222,507242508,-0.825860,-0.591796,2.284092,-1.020439,-1.253962,-2.141807,1,0.000000,0.000000,0.089132,0.600000,0.084827,0.600000,0.084827,0.600000,0.000000,0.000000,0.068512,0.057015,0.061178,0.058762,0.061178,0.058762,0,8.480256,0.075845,0.061178,0.064349,0.049682,0.600000,0.580000,0.311127,0.220000,2.100544,1
1772473222,557291463,-0.830615,-0.590413,2.314002,-1.020421,-1.258914,-2.111897,1,0.000000,0.000000,0.084827,0.600000,0.080399,0.600000,0.080399,0.600000,0.000000,0.000000,0.061178,0.058762,0.053845,0.059705,0.053845,0.059705,0,8.497598,0.068512,0.053845,0.066095,0.051428,0.600000,0.580000,0.311127,0.220000,2.070634,1
1772473222,582360435,-0.832540,-0.590235,2.329215,-1.020048,-1.260811,-2.096684,1,0.000000,0.000000,0.080399,0.600000,0.075884,0.600000,0.075884,0.600000,0.000000,0.000000,0.053845,0.059705,0.046512,0.059959,0.046512,0.059959,0,8.490544,0.061178,0.046512,0.067038,0.052372,0.600000,0.580000,0.311127,0.220000,2.059196,1
1772473222,607418081,-0.834505,-0.591029,2.344533,-1.018731,-1.262471,-2.081366,1,0.000000,0.000000,0.075884,0.600000,0.071893,0.600000,0.071893,0.600000,0.000000,0.000000,0.046512,0.059959,0.039178,0.060280,0.039178,0.060280,0,8.476505,0.053845,0.039178,0.067292,0.052626,0.600000,0.580000,0.311127,0.220000,2.043878,1
1772473222,657538737,-0.838575,-0.590865,2.374897,-1.017688,-1.266638,-2.051008,1,0.000000,0.000000,0.071893,0.600000,0.068803,0.600000,0.068803,0.600000,0.000000,0.000000,0.039178,0.060280,0.031845,0.060990,0.031845,0.060990,0,8.467702,0.046512,0.031845,0.067613,0.052947,0.600000,0.580000,0.311127,0.220000,2.016980,1
1772473222,682605514,-0.840950,-0.591306,2.390149,-1.016176,-1.270592,-2.035811,1,0.000000,0.000000,0.068803,0.600000,0.066363,0.600000,0.066363,0.600000,0.000000,0.000000,0.031845,0.060990,0.024512,0.061670,0.024512,0.061670,0,8.501458,0.039178,0.024512,0.068324,0.053657,0.600000,0.580000,0.311127,0.220000,2.001783,1
1772473222,707643195,-0.843456,-0.592694,2.405181,-1.014136,-1.272603,-2.020779,1,0.000000,0.000000,0.066363,0.600000,0.066338,0.600000,0.066338,0.600000,0.000000,0.000000,0.024512,0.061670,0.023658,0.061976,0.023658,0.061976,0,8.493133,0.031845,0.017178,0.069004,0.054337,0.600000,0.580000,0.311127,0.220000,1.989801,1
1772473222,757788141,-0.845386,-0.593771,2.434571,-1.012558,-1.274149,-1.991389,1,0.000000,0.000000,0.066338,0.600000,0.067333,0.600000,0.067333,0.600000,0.000000,0.000000,0.023658,0.061976,0.025258,0.062416,0.025258,0.062416,0,8.427076,0.030992,0.016325,0.069310,0.054643,0.600000,0.580000,0.311127,0.220000,1.960411,1
1772473222,782862925,-0.847267,-0.593364,2.449895,-1.012417,-1.276070,-1.976064,1,0.000000,0.000000,0.067333,0.600000,0.067863,0.600000,0.067863,0.600000,0.000000,0.000000,0.025258,0.062416,0.025660,0.062825,0.025660,0.062825,0,8.415980,0.032591,0.017924,0.069749,0.055083,0.600000,0.580000,0.311127,0.220000,1.945087,1
1772473222,807891093,-0.849082,-0.595095,2.464531,-1.010244,-1.277322,-1.961429,1,0.000000,0.000000,0.067863,0.600000,0.068378,0.600000,0.068378,0.600000,0.000000,0.000000,0.025660,0.062825,0.026313,0.063112,0.026313,0.063112,0,8.390830,0.032994,0.018327,0.070158,0.055492,0.600000,0.580000,0.311127,0.220000,1.930451,1
1772473222,858096151,-0.852353,-0.596607,2.494450,-1.007085,-1.278653,-1.929461,1,0.000000,0.000000,0.068378,0.600000,0.069424,0.600000,0.069424,0.600000,0.000000,0.000000,0.026313,0.063112,0.028264,0.063410,0.028264,0.063410,0,8.303410,0.033647,0.018980,0.070445,0.055779,0.600000,0.580000,0.311127,0.220000,1.901356,1
1772473222,883084993,-0.853353,-0.597970,2.509997,-1.005494,-1.279223,-1.913914,1,0.000000,0.000000,0.069424,0.600000,0.069996,0.600000,0.069996,0.600000,0.000000,0.000000,0.028264,0.063410,0.029281,0.063578,0.029281,0.063578,0,8.257239,0.035597,0.020931,0.070744,0.056077,0.600000,0.580000,0.311127,0.220000,1.885810,1
1772473222,908156064,-0.855172,-0.599529,2.525459,-1.003481,-1.280524,-1.898451,1,0.000000,0.000000,0.069996,0.600000,0.070575,0.600000,0.070575,0.600000,0.000000,0.000000,0.029281,0.063578,0.030024,0.063870,0.030024,0.063870,0,8.227265,0.036615,0.021948,0.070911,0.056244,0.600000,0.580000,0.311127,0.220000,1.870347,1
1772473222,958245848,-0.858543,-0.600297,2.554686,-1.001786,-1.283537,-1.869224,1,0.000000,0.000000,0.070575,0.600000,0.071590,0.600000,0.071590,0.600000,0.000000,0.000000,0.030024,0.063870,0.031174,0.064446,0.031174,0.064446,0,8.183718,0.037357,0.022690,0.071204,0.056537,0.600000,0.580000,0.311127,0.220000,1.843831,1
1772473222,983273944,-0.860316,-0.601111,2.569351,-1.000599,-1.285046,-1.854696,1,0.000000,0.000000,0.071590,0.600000,0.072159,0.600000,0.072159,0.600000,0.000000,0.000000,0.031174,0.064446,0.031787,0.064780,0.031787,0.064780,0,8.161349,0.038508,0.023841,0.071779,0.057113,0.600000,0.580000,0.311127,0.220000,1.829302,1
1772473223,8328621,-0.861918,-0.602131,2.584419,-1.000036,-1.286659,-1.840832,1,0.000000,0.000000,0.072159,0.600000,0.072710,0.600000,0.072710,0.600000,0.000000,0.000000,0.031787,0.064780,0.032310,0.065137,0.032310,0.065137,0,8.144059,0.039120,0.024453,0.072114,0.057447,0.600000,0.580000,0.311127,0.220000,1.815439,1
1772473223,58540502,-0.864255,-0.604071,2.614868,-0.997513,-1.288351,-1.810384,1,0.000000,0.000000,0.072710,0.600000,0.073839,0.600000,0.073839,0.600000,0.000000,0.000000,0.032310,0.065137,0.034178,0.065452,0.034178,0.065452,0,8.058394,0.039643,0.024976,0.072470,0.057803,0.600000,0.580000,0.311127,0.220000,1.787683,1
1772473223,83523728,-0.866019,-0.604233,2.629998,-0.996859,-1.289997,-1.795253,1,0.000000,0.000000,0.073839,0.600000,0.074469,0.600000,0.074469,0.600000,0.000000,0.000000,0.034178,0.065452,0.034833,0.065820,0.034833,0.065820,0,8.035078,0.041511,0.026845,0.072786,0.058119,0.600000,0.580000,0.311127,0.220000,1.772552,1
1772473223,108630822,-0.868703,-0.605738,2.645210,-0.994656,-1.292145,-1.780041,1,0.000000,0.000000,0.074469,0.600000,0.075114,0.600000,0.075114,0.600000,0.000000,0.000000,0.034833,0.065820,0.035331,0.066285,0.035331,0.066285,0,8.022457,0.042166,0.027500,0.073153,0.058487,0.600000,0.580000,0.311127,0.220000,1.757340,1
1772473223,158651115,-0.872623,-0.607726,2.674384,-0.992680,-1.292097,-1.751824,1,0.000000,0.000000,0.075114,0.600000,0.076216,0.600000,0.076216,0.600000,0.000000,0.000000,0.035331,0.066285,0.037770,0.066200,0.037770,0.066200,0,7.896121,0.042664,0.027998,0.073619,0.058952,0.600000,0.580000,0.311127,0.220000,1.731910,1
1772473223,183729608,-0.873614,-0.608346,2.690294,-0.991805,-1.292871,-1.735915,1,0.000000,0.000000,0.076216,0.600000,0.076923,0.600000,0.076923,0.600000,0.000000,0.000000,0.037770,0.066200,0.038886,0.066370,0.038886,0.066370,0,7.843773,0.045103,0.030437,0.073533,0.058866,0.600000,0.580000,0.311127,0.220000,1.716001,1
1772473223,208767198,-0.874983,-0.609542,2.705603,-0.990271,-1.293847,-1.720606,1,0.000000,0.000000,0.076923,0.600000,0.077615,0.600000,0.077615,0.600000,0.000000,0.000000,0.038886,0.066370,0.039893,0.066579,0.039893,0.066579,0,7.798185,0.046219,0.031553,0.073704,0.059037,0.600000,0.580000,0.311127,0.220000,1.700692,1
1772473223,258855133,-0.878294,-0.611172,2.734664,-0.987847,-1.296989,-1.691521,1,0.000000,0.000000,0.077615,0.600000,0.078966,0.600000,0.078966,0.600000,0.000000,0.000000,0.039893,0.066579,0.041351,0.067273,0.041351,0.067273,0,7.744826,0.047226,0.032560,0.073912,0.059245,0.600000,0.580000,0.311127,0.220000,1.671607,1
1772473223,283899348,-0.880124,-0.612722,2.749125,-0.986553,-1.302376,-1.676845,1,0.000000,0.000000,0.078966,0.600000,0.079545,0.600000,0.079545,0.600000,0.000000,0.000000,0.041351,0.067273,0.040588,0.068411,0.040588,0.068411,0,7.818412,0.048684,0.034017,0.074607,0.059940,0.600000,0.580000,0.311127,0.220000,1.659442,1
1772473223,308965057,-0.881056,-0.613992,2.764263,-0.985071,-1.302912,-1.661707,1,0.000000,0.000000,0.079545,0.600000,0.080277,0.600000,0.080277,0.600000,0.000000,0.000000,0.040588,0.068411,0.041807,0.068531,0.041807,0.068531,0,7.760783,0.047921,0.033255,0.075744,0.061077,0.600000,0.580000,0.311127,0.220000,1.644304,1
1772473223,359049130,-0.884567,-0.615942,2.793965,-0.982458,-1.306366,-1.631780,1,0.000000,0.000000,0.080277,0.600000,0.081657,0.600000,0.081657,0.600000,0.000000,0.000000,0.041807,0.068531,0.043291,0.069237,0.043291,0.069237,0,7.708168,0.049141,0.034474,0.075865,0.061198,0.600000,0.580000,0.311127,0.220000,1.616522,1
1772473223,384072494,-0.887040,-0.618324,2.809299,-0.981934,-1.314344,-1.614224,1,0.000000,0.000000,0.081657,0.600000,0.082553,0.600000,0.082553,0.600000,0.000000,0.000000,0.043291,0.069237,0.041946,0.071103,0.041946,0.071103,0,7.829930,0.050624,0.035958,0.076570,0.061903,0.600000,0.580000,0.311127,0.220000,1.598965,1
1772473223,409139279,-0.887642,-0.618065,2.823927,-0.982011,-1.314995,-1.599595,1,0.000000,0.000000,0.082553,0.600000,0.083316,0.600000,0.083316,0.600000,0.000000,0.000000,0.041946,0.071103,0.043129,0.071284,0.043129,0.071284,0,7.778038,0.049280,0.034613,0.078436,0.063769,0.600000,0.580000,0.311127,0.220000,1.584337,1
1772473223,459212032,-0.890476,-0.620711,2.853722,-0.979028,-1.317093,-1.569690,1,0.000000,0.000000,0.083316,0.600000,0.084808,0.600000,0.084808,0.600000,0.000000,0.000000,0.043129,0.071284,0.045268,0.071715,0.045268,0.071715,0,7.687490,0.050463,0.035796,0.078617,0.063950,0.600000,0.580000,0.311127,0.220000,1.556466,1
1772473223,484301668,-0.892150,-0.623155,2.868489,-0.980016,-1.319420,-1.553757,1,0.000000,0.000000,0.084808,0.600000,0.085685,0.600000,0.085685,0.600000,0.000000,0.000000,0.045268,0.071715,0.045991,0.072296,0.045991,0.072296,0,7.670384,0.052602,0.037935,0.079049,0.064382,0.600000,0.580000,0.311127,0.220000,1.540533,1
1772473223,509319797,-0.893894,-0.624302,2.883224,-0.978418,-1.320762,-1.539022,1,0.000000,0.000000,0.085685,0.600000,0.086512,0.600000,0.086512,0.600000,0.000000,0.000000,0.045991,0.072296,0.047001,0.072631,0.047001,0.072631,0,7.632211,0.053324,0.038658,0.079629,0.064962,0.600000,0.580000,0.311127,0.220000,1.525798,1
1772473223,559648601,-0.896898,-0.627362,2.912551,-0.974789,-1.322738,-1.509776,1,0.000000,0.000000,0.086512,0.600000,0.088076,0.600000,0.088076,0.600000,0.000000,0.000000,0.047001,0.072631,0.049258,0.073014,0.049258,0.073014,0,7.536267,0.054335,0.039668,0.079964,0.065297,0.600000,0.580000,0.311127,0.220000,1.498711,1
1772473223,584444793,-0.898355,-0.629058,2.926435,-0.974304,-1.323384,-1.496673,1,0.000000,0.000000,0.088076,0.600000,0.088852,0.600000,0.088852,0.600000,0.000000,0.000000,0.049258,0.073014,0.050408,0.073169,0.050408,0.073169,0,7.486310,0.056591,0.041924,0.080347,0.065680,0.600000,0.580000,0.311127,0.220000,1.485609,1
1772473223,609516826,-0.899919,-0.630026,2.941904,-0.972930,-1.324607,-1.481205,1,0.000000,0.000000,0.088852,0.600000,0.089787,0.600000,0.089787,0.600000,0.000000,0.000000,0.050408,0.073169,0.051615,0.073469,0.051615,0.073469,0,7.438680,0.057742,0.043075,0.080503,0.065836,0.600000,0.580000,0.311127,0.220000,1.470140,1
1772473223,659548674,-0.903898,-0.632373,2.972422,-0.969452,-1.328029,-1.450704,1,0.000000,0.000000,0.089787,0.600000,0.091690,0.600000,0.091690,0.600000,0.000000,0.000000,0.051615,0.073469,0.053678,0.074335,0.053678,0.074335,0,7.370234,0.058948,0.044281,0.080802,0.066136,0.600000,0.580000,0.311127,0.220000,1.439640,1
1772473223,684623331,-0.905123,-0.633791,2.986955,-0.966667,-1.331990,-1.436376,1,0.000000,0.000000,0.091690,0.600000,0.092469,0.600000,0.092469,0.600000,0.000000,0.000000,0.053678,0.074335,0.053693,0.075284,0.053693,0.075284,0,7.401362,0.061011,0.046344,0.081668,0.067002,0.600000,0.580000,0.311127,0.220000,1.427503,1
1772473223,709689552,-0.906516,-0.635974,3.001053,-0.964178,-1.332703,-1.422277,1,0.000000,0.000000,0.092469,0.600000,0.093392,0.600000,0.093392,0.600000,0.000000,0.000000,0.053693,0.075284,0.055030,0.075457,0.055030,0.075457,0,7.345092,0.061026,0.046359,0.082617,0.067950,0.600000,0.580000,0.311127,0.220000,1.413405,1
1772473223,759768327,-0.909412,-0.638706,3.030959,-0.960783,-1.334985,-1.392605,1,0.000000,0.000000,0.093392,0.600000,0.095266,0.600000,0.095266,0.600000,0.000000,0.000000,0.055030,0.075457,0.057527,0.075936,0.057527,0.075936,0,7.246313,0.062363,0.047696,0.082790,0.068123,0.600000,0.580000,0.311127,0.220000,1.385587,1
1772473223,784855982,-0.910332,-0.640883,3.046148,-0.959009,-1.338578,-1.380140,1,0.000000,0.000000,0.095266,0.600000,0.096131,0.600000,0.096131,0.600000,0.000000,0.000000,0.057527,0.075936,0.057617,0.076951,0.057617,0.076951,0,7.277113,0.064860,0.050194,0.083270,0.068603,0.600000,0.580000,0.311127,0.220000,1.373122,1
1772473223,809800549,-0.912719,-0.642677,3.061398,-0.956615,-1.340362,-1.364889,1,0.000000,0.000000,0.096131,0.600000,0.097211,0.600000,0.097211,0.600000,0.000000,0.000000,0.057617,0.076951,0.058760,0.077442,0.058760,0.077442,0,7.242168,0.064950,0.050284,0.084285,0.069618,0.600000,0.580000,0.311127,0.220000,1.357872,1
1772473223,859852584,-0.915299,-0.646259,3.090872,-0.952605,-1.341893,-1.335458,1,0.000000,0.000000,0.097211,0.600000,0.099243,0.600000,0.099243,0.600000,0.000000,0.000000,0.058760,0.077442,0.061705,0.077729,0.061705,0.077729,0,7.120127,0.066093,0.051426,0.084775,0.070109,0.600000,0.580000,0.311127,0.220000,1.330065,1
1772473223,885031269,-0.916860,-0.648430,3.105529,-0.952134,-1.343662,-1.321359,1,0.000000,0.000000,0.099243,0.600000,0.100307,0.600000,0.100307,0.600000,0.000000,0.000000,0.061705,0.077729,0.062780,0.078231,0.062780,0.078231,0,7.090139,0.069038,0.054371,0.085062,0.070395,0.600000,0.580000,0.311127,0.220000,1.315966,1
1772473223,909987961,-0.918971,-0.651265,3.120707,-0.948818,-1.344890,-1.306181,1,0.000000,0.000000,0.100307,0.600000,0.101477,0.600000,0.101477,0.600000,0.000000,0.000000,0.062780,0.078231,0.064237,0.078557,0.064237,0.078557,0,7.037626,0.070114,0.055447,0.085564,0.070897,0.600000,0.580000,0.311127,0.220000,1.300788,1
1772473223,960037235,-0.921903,-0.653706,-3.132629,-0.945379,-1.346551,-1.276430,1,0.000000,0.000000,0.101477,0.600000,0.103713,0.600000,0.103713,0.600000,0.000000,0.000000,0.064237,0.078557,0.067371,0.078852,0.067371,0.078852,0,6.911712,0.071570,0.056903,0.085891,0.071224,0.600000,0.580000,0.311127,0.220000,1.272741,1
1772473223,985152198,-0.923875,-0.655847,-3.118124,-0.939249,-1.341811,-1.263204,1,0.000000,0.000000,0.103713,0.600000,0.104802,0.600000,0.104802,0.600000,0.000000,0.000000,0.067371,0.078852,0.070976,0.077110,0.070976,0.077110,0,6.688768,0.074704,0.060037,0.086185,0.071519,0.600000,0.580000,0.311127,0.220000,1.259514,1
1772473224,10122851,-0.924510,-0.657437,-3.103190,-0.937545,-1.341974,-1.248270,1,0.000000,0.000000,0.104802,0.600000,0.106060,0.600000,0.106060,0.600000,0.000000,0.000000,0.070976,0.077110,0.072925,0.077010,0.072925,0.077010,0,6.600944,0.078309,0.063643,0.084443,0.069776,0.600000,0.580000,0.311127,0.220000,1.244580,1
1772473224,60195995,-0.928082,-0.661408,-3.072674,-0.933139,-1.344714,-1.217348,1,0.000000,0.000000,0.106060,0.600000,0.108599,0.600000,0.108599,0.600000,0.000000,0.000000,0.072925,0.077010,0.076025,0.077550,0.076025,0.077550,0,6.491749,0.080259,0.065592,0.084344,0.069677,0.600000,0.580000,0.311127,0.220000,1.215478,1
1772473224,85258287,-0.930109,-0.664070,-3.057193,-0.935771,-1.351870,-1.196152,1,0.000000,0.000000,0.108599,0.600000,0.110527,0.600000,0.110527,0.600000,0.000000,0.000000,0.076025,0.077550,0.076248,0.080015,0.076248,0.080015,0,6.581321,0.083358,0.068692,0.084883,0.070217,0.600000,0.580000,0.311127,0.220000,1.194282,1
1772473224,110401717,-0.931066,-0.666938,-3.042476,-0.932750,-1.351966,-1.181435,1,0.000000,0.000000,0.110527,0.600000,0.111906,0.600000,0.111906,0.600000,0.000000,0.000000,0.076248,0.080015,0.078349,0.079902,0.078349,0.079902,0,6.491047,0.083581,0.068914,0.087349,0.072682,0.600000,0.580000,0.311127,0.220000,1.179565,1
1772473224,160354234,-0.935058,-0.670834,-3.012866,-0.927981,-1.354835,-1.151780,1,0.000000,0.000000,0.111906,0.600000,0.114635,0.600000,0.114635,0.600000,0.000000,0.000000,0.078349,0.079902,0.081531,0.080584,0.081531,0.080584,0,6.390618,0.085682,0.071015,0.087236,0.072569,0.600000,0.580000,0.311127,0.220000,1.151484,1
1772473224,185341443,-0.936441,-0.672836,-2.999394,-0.927144,-1.357773,-1.137695,1,0.000000,0.000000,0.114635,0.600000,0.116054,0.600000,0.116054,0.600000,0.000000,0.000000,0.081531,0.080584,0.082524,0.081599,0.082524,0.081599,0,6.391918,0.088864,0.074197,0.087918,0.073251,0.600000,0.580000,0.311127,0.220000,1.137399,1
1772473224,210426226,-0.936985,-0.675589,-2.984716,-0.924351,-1.357505,-1.123017,1,0.000000,0.000000,0.116054,0.600000,0.117572,0.600000,0.117572,0.600000,0.000000,0.000000,0.082524,0.081599,0.084914,0.081319,0.084914,0.081319,0,6.287746,0.089857,0.075191,0.088932,0.074266,0.600000,0.580000,0.311127,0.220000,1.122721,1
1772473224,260435181,-0.940723,-0.679739,-2.953921,-0.919551,-1.360100,-1.092015,1,0.000000,0.000000,0.117572,0.600000,0.120766,0.600000,0.120766,0.600000,0.000000,0.000000,0.084914,0.081319,0.088745,0.081907,0.088745,0.081907,0,6.165723,0.092247,0.077580,0.088652,0.073985,0.600000,0.580000,0.311127,0.220000,1.093023,1
1772473224,285480630,-0.942188,-0.682509,-2.939546,-0.920166,-1.363740,-1.074578,1,0.000000,0.000000,0.120766,0.600000,0.122724,0.600000,0.122724,0.600000,0.000000,0.000000,0.088745,0.081907,0.090175,0.083244,0.090175,0.083244,0,6.166406,0.096078,0.081412,0.089240,0.074574,0.600000,0.580000,0.311127,0.220000,1.075585,1
1772473224,310557439,-0.943883,-0.684401,-2.924504,-0.917863,-1.364815,-1.059536,1,0.000000,0.000000,0.122724,0.600000,0.124465,0.600000,0.124465,0.600000,0.000000,0.000000,0.090175,0.083244,0.092284,0.083517,0.092284,0.083517,0,6.100094,0.097508,0.082842,0.090578,0.075911,0.600000,0.580000,0.311127,0.220000,1.060543,1
1772473224,360634165,-0.947687,-0.691162,-2.894229,-0.910695,-1.366684,-1.029185,1,0.000000,0.000000,0.124465,0.600000,0.127952,0.600000,0.127952,0.600000,0.000000,0.000000,0.092284,0.083517,0.096681,0.083813,0.096681,0.083813,0,5.954832,0.099617,0.084951,0.090850,0.076184,0.600000,0.580000,0.311127,0.220000,1.031635,1
1772473224,385661685,-0.947995,-0.692822,-2.879304,-0.915011,-1.369301,-1.013138,1,0.000000,0.000000,0.127952,0.600000,0.129974,0.600000,0.129974,0.600000,0.000000,0.000000,0.096681,0.083813,0.098513,0.084784,0.098513,0.084784,0,5.930158,0.104014,0.089348,0.091146,0.076479,0.600000,0.580000,0.311127,0.220000,1.015587,1
1772473224,410660112,-0.950276,-0.696210,-2.865149,-0.911105,-1.370497,-0.998983,1,0.000000,0.000000,0.129974,0.600000,0.131811,0.600000,0.131811,0.600000,0.000000,0.000000,0.098513,0.084784,0.100627,0.085137,0.100627,0.085137,0,5.871844,0.105847,0.091180,0.092118,0.077451,0.600000,0.580000,0.311127,0.220000,1.001432,1
1772473224,460749593,-0.953781,-0.701174,-2.835527,-0.905404,-1.372424,-0.969237,1,0.000000,0.000000,0.131811,0.600000,0.135636,0.600000,0.135636,0.600000,0.000000,0.000000,0.100627,0.085137,0.105323,0.085465,0.105323,0.085465,0,5.728204,0.107961,0.093294,0.092471,0.077804,0.600000,0.580000,0.311127,0.220000,0.973193,1
1772473224,485810602,-0.954546,-0.703799,-2.820846,-0.903708,-1.372675,-0.952662,1,0.000000,0.000000,0.135636,0.600000,0.137986,0.600000,0.137986,0.600000,0.000000,0.000000,0.105323,0.085465,0.108470,0.085290,0.108470,0.085290,0,5.619139,0.112656,0.097990,0.092798,0.078131,0.600000,0.580000,0.311127,0.220000,0.956618,1
1772473224,510811295,-0.956270,-0.706012,-2.805316,-0.901087,-1.373675,-0.937132,1,0.000000,0.000000,0.137986,0.600000,0.140263,0.600000,0.140263,0.600000,0.000000,0.000000,0.108470,0.085290,0.111186,0.085507,0.111186,0.085507,0,5.541977,0.115804,0.101137,0.092623,0.077957,0.600000,0.580000,0.311127,0.220000,0.941088,1
1772473224,560892076,-0.960815,-0.712496,-2.774671,-0.893681,-1.376197,-0.906468,1,0.000000,0.000000,0.140263,0.600000,0.144791,0.600000,0.144791,0.600000,0.000000,0.000000,0.111186,0.085507,0.116395,0.086120,0.116395,0.086120,0,5.407158,0.118519,0.103853,0.092840,0.078174,0.600000,0.580000,0.311127,0.220000,0.911661,1
1772473224,585972130,-0.962273,-0.715231,-2.759816,-0.893013,-1.378252,-0.891253,1,0.000000,0.000000,0.144791,0.600000,0.147248,0.600000,0.147248,0.600000,0.000000,0.000000,0.116395,0.086120,0.118851,0.086928,0.118851,0.086928,0,5.366791,0.123728,0.109061,0.093453,0.078786,0.600000,0.580000,0.311127,0.220000,0.896445,1
1772473224,610985602,-0.964352,-0.718878,-2.745068,-0.888916,-1.379169,-0.876505,1,0.000000,0.000000,0.147248,0.600000,0.150126,0.600000,0.150126,0.600000,0.000000,0.000000,0.118851,0.086928,0.121990,0.087500,0.121990,0.087500,0,5.277626,0.126185,0.111518,0.094261,0.079594,0.600000,0.580000,0.311127,0.220872,0.882747,1
1772473224,661065796,-0.968264,-0.725387,-2.715073,-0.881649,-1.381050,-0.846540,1,0.000000,0.000000,0.150126,0.600000,0.157362,0.596829,0.157362,0.596829,0.000000,0.000000,0.121990,0.087500,0.129324,0.089656,0.129324,0.089656,0,5.060136,0.129324,0.114657,0.094833,0.080166,0.600000,0.580000,0.311127,0.225189,0.854077,1
1772473224,686084016,-0.969906,-0.728909,-2.700181,-0.879402,-1.382379,-0.832116,1,0.000000,0.000000,0.157362,0.596829,0.166643,0.594284,0.166643,0.594284,0.000000,0.000000,0.129324,0.089656,0.136657,0.095366,0.136657,0.095366,0,4.848920,0.136657,0.121990,0.096990,0.082323,0.600000,0.576829,0.311127,0.236043,0.841782,1
1772473224,711172188,-0.972506,-0.731975,-2.685227,-0.875709,-1.383967,-0.817161,1,0.000000,0.000000,0.166643,0.594284,0.176185,0.583474,0.176185,0.583474,0.000000,0.000000,0.136657,0.095366,0.143990,0.101528,0.143990,0.101528,0,4.610728,0.143990,0.129324,0.102699,0.088033,0.600000,0.574284,0.311127,0.249964,0.827809,1
1772473224,761192943,-0.977126,-0.739236,-2.656097,-0.867363,-1.386309,-0.788021,1,0.000000,0.000000,0.176185,0.583474,0.184650,0.563474,0.184650,0.563474,0.000000,0.000000,0.143990,0.101528,0.151324,0.105815,0.151324,0.105815,0,4.311940,0.151324,0.136657,0.108862,0.094195,0.600000,0.563474,0.311127,0.264278,0.801350,1
1772473224,786232552,-0.977320,-0.743566,-2.642391,-0.862339,-1.386081,-0.774124,1,0.000000,0.000000,0.184650,0.563474,0.192341,0.548034,0.192341,0.548034,0.000000,0.000000,0.151324,0.105815,0.158657,0.108733,0.158657,0.108733,0,4.082057,0.158657,0.143990,0.113148,0.098481,0.583474,0.543474,0.311127,0.276975,0.789182,1
1772473224,811297018,-0.979607,-0.747502,-2.628352,-0.857906,-1.387113,-0.760085,1,0.000000,0.000000,0.192341,0.548034,0.200881,0.540110,0.200881,0.540110,0.000000,0.000000,0.158657,0.108733,0.165990,0.113138,0.165990,0.113138,0,3.904249,0.165990,0.151324,0.116066,0.101399,0.568034,0.528034,0.311127,0.288511,0.775723,1
1772473224,861353193,-0.984402,-0.756713,-2.601080,-0.847510,-1.388742,-0.733070,1,0.000000,0.000000,0.200881,0.540110,0.208133,0.520110,0.208133,0.520110,0.000000,0.000000,0.165990,0.113138,0.173324,0.115231,0.173324,0.115231,0,3.665002,0.173324,0.158657,0.120471,0.105804,0.560110,0.520110,0.311127,0.301321,0.750655,1
1772473224,886318283,-0.986606,-0.759935,-2.587814,-0.840894,-1.385875,-0.723846,1,0.000000,0.000000,0.208133,0.520110,0.214947,0.511267,0.214947,0.511267,0.000000,0.000000,0.173324,0.115231,0.180657,0.116470,0.180657,0.116470,0,3.471205,0.180657,0.165990,0.122565,0.107898,0.540110,0.500110,0.311127,0.312200,0.742590,1
1772473224,911402212,-0.988461,-0.766230,-2.574118,-0.834331,-1.385832,-0.710150,1,0.000000,0.000000,0.214947,0.511267,0.222531,0.503366,0.222531,0.503366,0.000000,0.000000,0.180657,0.116470,0.187990,0.119078,0.187990,0.119078,0,3.319319,0.187990,0.173324,0.123803,0.109137,0.531267,0.491267,0.311127,0.322421,0.729316,1
1772473224,961486347,-0.991509,-0.774801,-2.548447,-0.824983,-1.386113,-0.684398,1,0.000000,0.000000,0.222531,0.503366,0.228295,0.487348,0.228295,0.487348,0.000000,0.000000,0.187990,0.119078,0.195324,0.118183,0.195324,0.118183,0,3.137429,0.195324,0.180657,0.126412,0.111745,0.523366,0.483366,0.311127,0.330000,0.704461,1
1772473224,986457139,-0.993981,-0.779288,-2.536434,-0.815699,-1.384568,-0.671051,1,0.000000,0.000000,0.228295,0.487348,0.234418,0.491181,0.234418,0.491181,0.000000,0.000000,0.195324,0.118183,0.202657,0.117821,0.202657,0.117821,0,3.046129,0.202657,0.187990,0.125516,0.110849,0.507348,0.467348,0.311127,0.330000,0.691456,1
1772473225,11506016,-0.996394,-0.784918,-2.523952,-0.809612,-1.385243,-0.658569,1,0.000000,0.000000,0.234418,0.491181,0.241504,0.497129,0.241504,0.497129,0.000000,0.000000,0.202657,0.117821,0.209990,0.119283,0.209990,0.119283,0,2.993430,0.209990,0.195324,0.125154,0.110488,0.511181,0.471181,0.311127,0.330000,0.679295,1
1772473225,61590538,-1.001070,-0.796456,-2.500506,-0.796988,-1.386041,-0.635198,1,0.000000,0.000000,0.241504,0.497129,0.247164,0.491530,0.247164,0.491530,0.000000,0.000000,0.209990,0.119283,0.217324,0.117730,0.217324,0.117730,0,2.886808,0.217324,0.202657,0.126616,0.111950,0.517129,0.477129,0.311127,0.330000,0.656265,1
1772473225,86664290,-1.003957,-0.802134,-2.488409,-0.786915,-1.381621,-0.624375,1,0.000000,0.000000,0.247164,0.491530,0.247098,0.483486,0.247098,0.483486,0.000000,0.000000,0.217324,0.117730,0.220000,0.112506,0.220000,0.112506,0,2.759441,0.220000,0.209990,0.125063,0.110397,0.511530,0.471530,0.311127,0.330000,0.645696,1
1772473225,111657669,-1.006665,-0.808812,-2.475325,-0.779739,-1.382283,-0.611291,1,0.000000,0.000000,0.247098,0.483486,0.245783,0.471329,0.245783,0.471329,0.000000,0.000000,0.220000,0.112506,0.220000,0.109586,0.220000,0.109586,0,2.702215,0.220000,0.212667,0.119839,0.105172,0.503486,0.463486,0.311127,0.330000,0.632830,1
1772473225,161704511,-1.009792,-0.818630,-2.450423,-0.769256,-1.382393,-0.586287,1,0.000000,0.000000,0.245783,0.471329,0.243241,0.451329,0.243241,0.451329,0.000000,0.000000,0.220000,0.109586,0.220000,0.103761,0.220000,0.103761,0,2.571407,0.220000,0.212667,0.116919,0.102253,0.491329,0.451329,0.311127,0.330000,0.608054,1
1772473225,186740546,-1.013265,-0.825232,-2.438436,-0.758773,-1.382987,-0.572521,1,0.000000,0.000000,0.243241,0.451329,0.241694,0.435378,0.241694,0.435378,0.000000,0.000000,0.220000,0.103761,0.220000,0.100079,0.220000,0.100079,0,2.509543,0.220000,0.212667,0.111094,0.096427,0.471329,0.431329,0.311127,0.330000,0.594449,1
1772473225,211876457,-1.014427,-0.831122,-2.427984,-0.752799,-1.382386,-0.562069,1,0.000000,0.000000,0.241694,0.435378,0.240410,0.425540,0.240410,0.425540,0.000000,0.000000,0.220000,0.100079,0.220000,0.096937,0.220000,0.096937,0,2.443739,0.220000,0.212667,0.107413,0.092746,0.455378,0.415378,0.311127,0.330000,0.584121,1
1772473225,261865015,-1.019403,-0.842088,-2.405043,-0.741124,-1.383767,-0.539068,1,0.000000,0.000000,0.240410,0.425540,0.238560,0.405722,0.238560,0.405722,0.000000,0.000000,0.220000,0.096937,0.220000,0.092254,0.220000,0.092254,0,2.343710,0.220000,0.212667,0.104271,0.089604,0.445540,0.405540,0.311127,0.330000,0.561236,1
1772473225,286912764,-1.021612,-0.846134,-2.393588,-0.740981,-1.381572,-0.526629,1,0.000000,0.000000,0.238560,0.405722,0.236700,0.393637,0.236700,0.393637,0.000000,0.000000,0.220000,0.092254,0.220000,0.087332,0.220000,0.087332,0,2.236105,0.220000,0.212667,0.099587,0.084921,0.425722,0.385722,0.311127,0.330000,0.548797,1
1772473225,311877109,-1.023671,-0.852361,-2.382623,-0.734424,-1.381724,-0.515664,1,0.000000,0.000000,0.236700,0.393637,0.235771,0.384258,0.235771,0.384258,0.000000,0.000000,0.220000,0.087332,0.220000,0.084782,0.220000,0.084782,0,2.179372,0.220000,0.212667,0.094666,0.079999,0.413637,0.373637,0.311127,0.330000,0.537832,1
1772473225,361979148,-1.029014,-0.863283,-2.361907,-0.722051,-1.383782,-0.495220,1,0.000000,0.000000,0.235771,0.384258,0.234592,0.367876,0.234592,0.367876,0.000000,0.000000,0.220000,0.084782,0.220000,0.081445,0.220000,0.081445,0,2.104115,0.220000,0.212667,0.092116,0.077449,0.404258,0.364258,0.311127,0.330000,0.517491,1
1772473225,387021618,-1.031866,-0.869968,-2.351790,-0.708382,-1.386981,-0.489905,1,0.000000,0.000000,0.234592,0.367876,0.235068,0.364842,0.235068,0.364842,0.000000,0.000000,0.220000,0.081445,0.220000,0.082807,0.220000,0.082807,0,2.134961,0.220000,0.212667,0.088779,0.074112,0.387876,0.347876,0.311127,0.330000,0.512183,1
1772473225,412038335,-1.033787,-0.873538,-2.342345,-0.704411,-1.387797,-0.480460,1,0.000000,0.000000,0.235068,0.364842,0.234484,0.357204,0.234484,0.357204,0.000000,0.000000,0.220000,0.082807,0.220000,0.081135,0.220000,0.081135,0,2.097059,0.220000,0.212667,0.090140,0.075474,0.384842,0.344842,0.311127,0.330000,0.502709,1
1772473225,462051277,-1.037495,-0.885226,-2.323815,-0.692080,-1.387981,-0.461848,1,0.000000,0.000000,0.234484,0.357204,0.233040,0.341825,0.233040,0.341825,0.000000,0.000000,0.220000,0.081135,0.220000,0.076861,0.220000,0.076861,0,1.998893,0.220000,0.212667,0.088468,0.073802,0.377204,0.337204,0.311127,0.330000,0.484047,1
1772473225,487096447,-1.039563,-0.890015,-2.315144,-0.685635,-1.388324,-0.451673,1,0.000000,0.000000,0.233040,0.341825,0.232344,0.333567,0.232344,0.333567,0.000000,0.000000,0.220000,0.076861,0.220000,0.074723,0.220000,0.074723,0,1.949136,0.220000,0.212667,0.084194,0.069527,0.361825,0.321825,0.311127,0.330000,0.473768,1
1772473225,512176043,-1.042812,-0.896110,-2.306335,-0.678861,-1.389677,-0.442864,1,0.000000,0.000000,0.232344,0.333567,0.232014,0.326900,0.232014,0.326900,0.000000,0.000000,0.220000,0.074723,0.220000,0.073692,0.220000,0.073692,0,1.924968,0.220000,0.212667,0.082057,0.067390,0.353567,0.313567,0.311127,0.330000,0.464959,1
1772473225,562214685,-1.045756,-0.906951,-2.288295,-0.667545,-1.389085,-0.424872,1,0.000000,0.000000,0.232014,0.326900,0.230585,0.312133,0.230585,0.312133,0.000000,0.000000,0.220000,0.073692,0.220000,0.069063,0.220000,0.069063,0,1.815210,0.220000,0.212667,0.081026,0.066359,0.346900,0.306900,0.311127,0.330000,0.446706,1
1772473225,587196750,-1.049379,-0.911659,-2.279217,-0.660436,-1.386125,-0.416661,1,0.000000,0.000000,0.230585,0.312133,0.229408,0.304831,0.229408,0.304831,0.000000,0.000000,0.220000,0.069063,0.220000,0.065023,0.220000,0.065023,0,1.717813,0.220000,0.212667,0.076396,0.061729,0.332133,0.292133,0.311127,0.330000,0.438494,1
1772473225,612287252,-1.051655,-0.917907,-2.270209,-0.653799,-1.386508,-0.407653,1,0.000000,0.000000,0.229408,0.304831,0.228914,0.297777,0.228914,0.297777,0.000000,0.000000,0.220000,0.065023,0.220000,0.063259,0.220000,0.063259,0,1.674817,0.220000,0.212667,0.072357,0.057690,0.324831,0.284831,0.311127,0.330000,0.429272,1
1772473225,662278224,-1.055237,-0.928717,-2.253192,-0.642427,-1.386795,-0.390876,1,0.000000,0.000000,0.228914,0.297777,0.227948,0.284770,0.227948,0.284770,0.000000,0.000000,0.220000,0.063259,0.220000,0.059668,0.220000,0.059668,0,1.586424,0.220000,0.212667,0.070593,0.055926,0.317777,0.277777,0.311127,0.330000,0.412262,1
1772473225,687343390,-1.057147,-0.933139,-2.245343,-0.637902,-1.386698,-0.387737,1,0.000000,0.000000,0.227948,0.284770,0.227755,0.282215,0.227755,0.282215,0.000000,0.000000,0.220000,0.059668,0.220000,0.058926,0.220000,0.058926,0,1.568046,0.220000,0.212667,0.067001,0.052334,0.304770,0.264770,0.311127,0.330000,0.408909,1
1772473225,712340291,-1.059821,-0.939678,-2.237333,-0.630874,-1.387413,-0.379727,1,0.000000,0.000000,0.227755,0.282215,0.227432,0.276294,0.227432,0.276294,0.000000,0.000000,0.220000,0.058926,0.220000,0.057664,0.220000,0.057664,0,1.536631,0.220000,0.212667,0.066260,0.051593,0.302215,0.262215,0.311127,0.330000,0.400899,1
1772473225,762402304,-1.063560,-0.950858,-2.222474,-0.619049,-1.388049,-0.364950,1,0.000000,0.000000,0.227432,0.276294,0.226731,0.264826,0.226731,0.264826,0.000000,0.000000,0.220000,0.057664,0.220000,0.054836,0.220000,0.054836,0,1.465784,0.220000,0.212667,0.064997,0.050331,0.296294,0.256294,0.311127,0.330000,0.385446,1
1772473225,787496246,-1.065468,-0.956108,-2.215562,-0.612632,-1.392584,-0.359651,1,0.000000,0.000000,0.226731,0.264826,0.227248,0.261781,0.227248,0.261781,0.000000,0.000000,0.220000,0.054836,0.220000,0.056936,0.220000,0.056936,0,1.518465,0.220000,0.212667,0.062169,0.047503,0.284826,0.244826,0.311127,0.330000,0.380147,1
1772473225,812432002,-1.067795,-0.960202,-2.208251,-0.608049,-1.393665,-0.352339,1,0.000000,0.000000,0.227248,0.261781,0.227031,0.256302,0.227031,0.256302,0.000000,0.000000,0.220000,0.056936,0.220000,0.056064,0.220000,0.056064,0,1.496622,0.220000,0.212667,0.064270,0.049603,0.281781,0.241781,0.311127,0.330000,0.372547,1
1772473225,862496310,-1.071503,-0.971809,-2.195334,-0.595967,-1.394375,-0.339488,1,0.000000,0.000000,0.227031,0.256302,0.226469,0.246542,0.226469,0.246542,0.000000,0.000000,0.220000,0.056064,0.220000,0.053741,0.220000,0.053741,0,1.438179,0.220000,0.212667,0.063397,0.048730,0.276302,0.236302,0.311127,0.330000,0.359249,1
1772473225,887569310,-1.073959,-0.976300,-2.188743,-0.593046,-1.404136,-0.334257,1,0.000000,0.000000,0.226469,0.246542,0.227912,0.244500,0.227912,0.244500,0.000000,0.000000,0.220000,0.053741,0.220000,0.059532,0.220000,0.059532,0,1.583063,0.220000,0.212667,0.061074,0.046408,0.266542,0.226542,0.311127,0.330000,0.354018,1
1772473225,912579005,-1.075526,-0.982297,-2.182304,-0.586850,-1.403962,-0.327818,1,0.000000,0.000000,0.227912,0.244500,0.227511,0.239304,0.227511,0.239304,0.000000,0.000000,0.220000,0.059532,0.220000,0.057977,0.220000,0.057977,0,1.544429,0.220000,0.212667,0.066865,0.052199,0.264500,0.224500,0.311127,0.330000,0.347105,1
1772473225,962596464,-1.079948,-0.992125,-2.169512,-0.576061,-1.405385,-0.315023,1,0.000000,0.000000,0.227511,0.239304,0.227049,0.229763,0.227049,0.229763,0.000000,0.000000,0.220000,0.057977,0.220000,0.056137,0.220000,0.056137,0,1.498456,0.220000,0.212667,0.065310,0.050643,0.259304,0.219304,0.311127,0.330000,0.333944,1
1772473225,987663424,-1.081504,-0.997589,-2.163558,-0.567886,-1.403792,-0.309021,1,0.000000,0.000000,0.227049,0.229763,0.226462,0.224665,0.226462,0.224665,0.000000,0.000000,0.220000,0.056137,0.220000,0.053712,0.220000,0.053712,0,1.437455,0.220000,0.212667,0.063470,0.048804,0.249763,0.209763,0.311127,0.330000,0.327381,1
1772473226,12733121,-1.084360,-1.003183,-2.158246,-0.561717,-1.404968,-0.303709,1,0.000000,0.000000,0.226462,0.224665,0.226385,0.220523,0.226385,0.220523,0.000000,0.000000,0.220000,0.053712,0.220000,0.053389,0.220000,0.053389,0,1.429278,0.220000,0.212667,0.061046,0.046379,0.244665,0.204665,0.311127,0.330000,0.321455,1
1772473226,62747238,-1.087216,-1.014172,-2.147051,-0.550368,-1.404634,-0.292513,1,0.000000,0.000000,0.226385,0.220523,0.225765,0.211937,0.225765,0.211937,0.000000,0.000000,0.220000,0.053389,0.220000,0.050695,0.220000,0.050695,0,1.360897,0.220000,0.212667,0.060722,0.046055,0.240523,0.200523,0.311127,0.330000,0.309787,1
1772473226,87810818,-1.088992,-1.019781,-2.141454,-0.544410,-1.404727,-0.286728,1,0.000000,0.000000,0.225765,0.211937,0.225499,0.207734,0.225499,0.207734,0.000000,0.000000,0.220000,0.050695,0.220000,0.049495,0.220000,0.049495,0,1.330252,0.220000,0.212667,0.058028,0.043362,0.231937,0.191937,0.311127,0.330000,0.304002,1
1772473226,112837256,-1.090688,-1.025363,-2.135748,-0.537009,-1.403888,-0.277088,1,0.000000,0.000000,0.225499,0.207734,0.224917,0.200184,0.224917,0.200184,0.000000,0.000000,0.220000,0.049495,0.220000,0.046774,0.220000,0.046774,0,1.260369,0.220000,0.212667,0.056828,0.042162,0.227734,0.187734,0.311127,0.330000,0.293711,1
1772473226,162821541,-1.094816,-1.036576,-2.125247,-0.525086,-1.404664,-0.266587,1,0.000000,0.000000,0.224917,0.200184,0.224563,0.192214,0.224563,0.192214,0.000000,0.000000,0.220000,0.046774,0.220000,0.045041,0.220000,0.045041,0,1.215593,0.220000,0.212667,0.054107,0.039441,0.220184,0.180184,0.311127,0.330000,0.282463,1
1772473226,187903146,-1.096769,-1.040406,-2.119698,-0.520858,-1.405448,-0.261038,1,0.000000,0.000000,0.224563,0.192214,0.224428,0.187902,0.224428,0.187902,0.000000,0.000000,0.220000,0.045041,0.220000,0.044363,0.220000,0.044363,0,1.198004,0.220000,0.212667,0.052375,0.037708,0.212214,0.172214,0.311127,0.330000,0.276291,1
1772473226,212908825,-1.097403,-1.044696,-2.114367,-0.516433,-1.404695,-0.255772,1,0.000000,0.000000,0.224428,0.187902,0.224102,0.184052,0.224102,0.184052,0.000000,0.000000,0.220000,0.044363,0.220000,0.042683,0.220000,0.042683,0,1.154316,0.220000,0.212667,0.051696,0.037030,0.207902,0.167902,0.311127,0.330000,0.271025,1
1772473226,262998535,-1.101408,-1.056878,-2.103885,-0.500564,-1.401774,-0.246784,1,0.000000,0.000000,0.224102,0.184052,0.223392,0.176292,0.223392,0.176292,0.000000,0.000000,0.220000,0.042683,0.220000,0.038780,0.220000,0.038780,0,1.052097,0.220000,0.212667,0.050016,0.035350,0.204052,0.164052,0.311127,0.330000,0.260423,1
1772473226,288041016,-1.104556,-1.062244,-2.099183,-0.494527,-1.403278,-0.242082,1,0.000000,0.000000,0.223392,0.176292,0.223397,0.172562,0.223397,0.172562,0.000000,0.000000,0.220000,0.038780,0.220000,0.038810,0.220000,0.038810,0,1.052875,0.220000,0.212667,0.046113,0.031447,0.196292,0.156292,0.311127,0.330000,0.254907,1
1772473226,313037728,-1.105558,-1.066877,-2.094852,-0.489800,-1.402931,-0.237751,1,0.000000,0.000000,0.223397,0.172562,0.223195,0.169477,0.223195,0.169477,0.000000,0.000000,0.220000,0.038810,0.220000,0.037632,0.220000,0.037632,0,1.021850,0.220000,0.212667,0.046143,0.031476,0.192562,0.152562,0.311127,0.330000,0.250576,1
1772473226,363213908,-1.109260,-1.078891,-2.085312,-0.473594,-1.399960,-0.232715,1,0.000000,0.000000,0.223195,0.169477,0.222703,0.164480,0.222703,0.164480,0.000000,0.000000,0.220000,0.037632,0.220000,0.034593,0.220000,0.034593,0,0.941408,0.220000,0.212667,0.044965,0.030299,0.189477,0.149477,0.311127,0.330000,0.243725,1
1772473226,388151368,-1.111250,-1.084069,-2.080000,-0.468068,-1.400432,-0.227402,1,0.000000,0.000000,0.222703,0.164480,0.222576,0.160802,0.222576,0.160802,0.000000,0.000000,0.220000,0.034593,0.220000,0.033764,0.220000,0.033764,0,0.919362,0.220000,0.212667,0.041926,0.027260,0.184480,0.144480,0.311127,0.330000,0.238412,1
1772473226,413164191,-1.113511,-1.089870,-2.075072,-0.461867,-1.400990,-0.222475,1,0.000000,0.000000,0.222576,0.160802,0.222474,0.156693,0.222474,0.156693,0.000000,0.000000,0.220000,0.033764,0.220000,0.033083,0.220000,0.033083,0,0.901244,0.220000,0.212667,0.041097,0.026430,0.180802,0.140802,0.311127,0.330000,0.232426,1
1772473226,463220292,-1.117048,-1.100863,-2.066714,-0.450324,-1.401331,-0.214117,1,0.000000,0.000000,0.222474,0.156693,0.222246,0.150320,0.222246,0.150320,0.000000,0.000000,0.220000,0.033083,0.220000,0.031516,0.220000,0.031516,0,0.859441,0.220000,0.212667,0.040416,0.025750,0.176693,0.136693,0.311127,0.330000,0.223202,1
1772473226,488216657,-1.118266,-1.105068,-2.062798,-0.445868,-1.401449,-0.210263,1,0.000000,0.000000,0.222246,0.150320,0.222140,0.146896,0.222140,0.146896,0.000000,0.000000,0.220000,0.031516,0.220000,0.030760,0.220000,0.030760,0,0.839225,0.220000,0.212667,0.038850,0.024183,0.170320,0.130320,0.311127,0.330000,0.218221,1
1772473226,513277311,-1.120846,-1.111103,-2.058484,-0.437688,-1.404766,-0.207303,1,0.000000,0.000000,0.222140,0.146896,0.222374,0.145056,0.222374,0.145056,0.000000,0.000000,0.220000,0.030760,0.220000,0.032407,0.220000,0.032407,0,0.883235,0.220000,0.212667,0.038094,0.023427,0.166896,0.126896,0.311127,0.330000,0.215260,1
1772473226,563327221,-1.124318,-1.121553,-2.050876,-0.426685,-1.405211,-0.199695,1,0.000000,0.000000,0.222374,0.145056,0.222181,0.138185,0.222181,0.138185,0.000000,0.000000,0.220000,0.032407,0.220000,0.031057,0.220000,0.031057,0,0.847167,0.220000,0.212667,0.039741,0.025074,0.165056,0.125056,0.311127,0.330000,0.205242,1
1772473226,588314341,-1.125320,-1.126504,-2.047029,-0.421650,-1.404804,-0.195848,1,0.000000,0.000000,0.222181,0.138185,0.222028,0.135501,0.222028,0.135501,0.000000,0.000000,0.220000,0.031057,0.220000,0.029938,0.220000,0.029938,0,0.817213,0.220000,0.212667,0.038390,0.023724,0.158185,0.118185,0.311127,0.330000,0.201395,1
1772473226,613427194,-1.127407,-1.132052,-2.043545,-0.415741,-1.405274,-0.192364,1,0.000000,0.000000,0.222028,0.135501,0.221969,0.132378,0.221969,0.132378,0.000000,0.000000,0.220000,0.029938,0.220000,0.029501,0.220000,0.029501,0,0.805483,0.220000,0.212667,0.037272,0.022605,0.155501,0.115501,0.311127,0.330000,0.196805,1
1772473226,638437708,-1.129801,-1.136927,-2.039513,-0.410452,-1.406273,-0.188461,1,0.000000,0.000000,0.221969,0.132378,0.221946,0.129739,0.221946,0.129739,0.000000,0.000000,0.220000,0.029501,0.220000,0.029324,0.220000,0.029324,0,0.800755,0.220000,0.212667,0.036834,0.022167,0.152378,0.112378,0.311127,0.330000,0.192902,1
1772473226,688476940,-1.133337,-1.148052,-2.032673,-0.399969,-1.407589,-0.184232,1,0.000000,0.000000,0.221946,0.129739,0.221943,0.125897,0.221943,0.125897,0.000000,0.000000,0.220000,0.029324,0.220000,0.029301,0.220000,0.029301,0,0.800136,0.220000,0.212667,0.036658,0.021991,0.149739,0.109739,0.311127,0.330000,0.187193,1
1772473226,713535080,-1.135105,-1.152004,-2.028851,-0.395683,-1.408206,-0.180411,1,0.000000,0.000000,0.221943,0.125897,0.221887,0.122266,0.221887,0.122266,0.000000,0.000000,0.220000,0.029301,0.220000,0.028873,0.220000,0.028873,0,0.788640,0.220000,0.212667,0.036635,0.021968,0.145897,0.105897,0.311127,0.330000,0.181840,1
1772473226,763555278,-1.139485,-1.164053,-2.022163,-0.382895,-1.409116,-0.173723,1,0.000000,0.000000,0.221887,0.122266,0.221776,0.116847,0.221776,0.116847,0.000000,0.000000,0.220000,0.028873,0.220000,0.028008,0.220000,0.028008,0,0.765389,0.220000,0.212667,0.036206,0.021540,0.142266,0.102266,0.311127,0.330000,0.173868,1
1772473226,788579660,-1.141454,-1.167917,-2.018779,-0.378639,-1.409950,-0.170338,1,0.000000,0.000000,0.221776,0.116847,0.221752,0.113600,0.221752,0.113600,0.000000,0.000000,0.220000,0.028008,0.220000,0.027819,0.220000,0.027819,0,0.760312,0.220000,0.212667,0.035341,0.020675,0.136847,0.096847,0.311127,0.330000,0.169054,1
1772473226,813595393,-1.143006,-1.172855,-2.015858,-0.373593,-1.410209,-0.167409,1,0.000000,0.000000,0.221752,0.113600,0.221692,0.111602,0.221692,0.111602,0.000000,0.000000,0.220000,0.027819,0.220000,0.027338,0.220000,0.027338,0,0.747374,0.220000,0.212667,0.035152,0.020486,0.133600,0.093600,0.311127,0.330000,0.166125,1
1772473226,863670008,-1.146240,-1.181924,-2.008410,-0.366598,-1.413284,-0.159783,1,0.000000,0.000000,0.221692,0.111602,0.221739,0.105299,0.221739,0.105299,0.000000,0.000000,0.220000,0.027338,0.220000,0.027713,0.220000,0.027713,0,0.757456,0.220000,0.212667,0.034672,0.020005,0.131602,0.091602,0.311127,0.330000,0.156710,1
1772473226,888725054,-1.148241,-1.188527,-2.005968,-0.359699,-1.413397,-0.157341,1,0.000000,0.000000,0.221739,0.105299,0.221679,0.103630,0.221679,0.103630,0.000000,0.000000,0.220000,0.027713,0.220000,0.027234,0.220000,0.027234,0,0.744567,0.220000,0.212667,0.035046,0.020380,0.125299,0.085299,0.311127,0.330000,0.154268,1
1772473226,913856035,-1.149516,-1.195578,-2.004104,-0.352569,-1.412690,-0.155476,1,0.000000,0.000000,0.221679,0.103630,0.221569,0.101121,0.221569,0.101121,0.000000,0.000000,0.220000,0.027234,0.220000,0.026320,0.220000,0.026320,0,0.719923,0.220000,0.212667,0.034567,0.019901,0.123630,0.083630,0.311127,0.330000,0.150608,1
1772473226,938744136,-1.150732,-1.200308,-2.001505,-0.347687,-1.412561,-0.152878,1,0.000000,0.000000,0.221569,0.101121,0.221489,0.098267,0.221489,0.098267,0.000000,0.000000,0.220000,0.026320,0.220000,0.025637,0.220000,0.025637,0,0.701512,0.220000,0.212667,0.033653,0.018986,0.121121,0.081121,0.311127,0.330000,0.146410,1
1772473226,988897089,-1.155635,-1.209735,-1.994972,-0.337277,-1.414691,-0.146344,1,0.000000,0.000000,0.221489,0.098267,0.221482,0.092739,0.221482,0.092739,0.000000,0.000000,0.220000,0.025637,0.220000,0.025577,0.220000,0.025577,0,0.699877,0.220000,0.212667,0.032971,0.018304,0.118267,0.078267,0.311127,0.330000,0.138178,1
1772473227,13837795,-1.157115,-1.214089,-1.991415,-0.332684,-1.414920,-0.142788,1,0.000000,0.000000,0.221482,0.092739,0.221406,0.090321,0.221406,0.090321,0.000000,0.000000,0.220000,0.025577,0.220000,0.024916,0.220000,0.024916,0,0.682038,0.220000,0.212667,0.032910,0.018243,0.112739,0.072739,0.311127,0.330000,0.134621,1
1772473227,38881477,-1.159860,-1.219095,-1.988041,-0.327077,-1.416120,-0.139287,1,0.000000,0.000000,0.221406,0.090321,0.221406,0.086527,0.221406,0.086527,0.000000,0.000000,0.220000,0.024916,0.220000,0.024915,0.220000,0.024915,0,0.682009,0.220000,0.212667,0.032250,0.017583,0.110321,0.070321,0.311127,0.330000,0.128966,1
1772473227,88928406,-1.162679,-1.227819,-1.983985,-0.317082,-1.414985,-0.132520,1,0.000000,0.000000,0.221406,0.086527,0.221155,0.080387,0.221155,0.080387,0.000000,0.000000,0.220000,0.024915,0.220000,0.022576,0.220000,0.022576,0,0.618678,0.220000,0.212667,0.032249,0.017582,0.106527,0.066527,0.311127,0.330000,0.119951,1
1772473227,113939283,-1.162362,-1.235562,-1.983235,-0.309730,-1.412536,-0.131770,1,0.000000,0.000000,0.221155,0.080387,0.220972,0.078480,0.220972,0.078480,0.000000,0.000000,0.220000,0.022576,0.220000,0.020701,0.220000,0.020701,0,0.567776,0.220000,0.212667,0.029909,0.015243,0.100387,0.060387,0.311127,0.330000,0.117202,1
1772473227,164024517,-1.165789,-1.245923,-1.978196,-0.298825,-1.412959,-0.126731,1,0.000000,0.000000,0.220972,0.078480,0.220886,0.073666,0.220886,0.073666,0.000000,0.000000,0.220000,0.020701,0.220000,0.019764,0.220000,0.019764,0,0.542290,0.220000,0.212667,0.028035,0.013368,0.098480,0.058480,0.311127,0.330000,0.110056,1
1772473227,189050025,-1.167939,-1.252228,-1.975699,-0.292171,-1.413278,-0.124234,1,0.000000,0.000000,0.220886,0.073666,0.220850,0.071983,0.220850,0.071983,0.000000,0.000000,0.220000,0.019764,0.220000,0.019356,0.220000,0.019356,0,0.531168,0.220000,0.212667,0.027098,0.012431,0.093666,0.053666,0.311127,0.330000,0.107559,1
1772473227,214031146,-1.169505,-1.258003,-1.973460,-0.286189,-1.413184,-0.121996,1,0.000000,0.000000,0.220850,0.071983,0.220795,0.068900,0.220795,0.068900,0.000000,0.000000,0.220000,0.019356,0.220000,0.018725,0.220000,0.018725,0,0.513993,0.220000,0.212667,0.026689,0.012023,0.091983,0.051983,0.311127,0.330000,0.102978,1
1772473227,239116375,-1.170364,-1.262813,-1.971755,-0.281329,-1.412676,-0.120290,1,0.000000,0.000000,0.220795,0.068900,0.220731,0.065908,0.220731,0.065908,0.000000,0.000000,0.220000,0.018725,0.220000,0.017948,0.220000,0.017948,0,0.492797,0.220000,0.212667,0.026059,0.011392,0.088900,0.048900,0.311127,0.330000,0.098535,1
1772473227,289187868,-1.173670,-1.273665,-1.967938,-0.270040,-1.412790,-0.116623,1,0.000000,0.000000,0.220731,0.065908,0.220660,0.061584,0.220660,0.061584,0.000000,0.000000,0.220000,0.017948,0.220000,0.017054,0.220000,0.017054,0,0.468415,0.220000,0.212667,0.025281,0.010615,0.085908,0.045908,0.311127,0.330000,0.092099,1
1772473227,314244482,-1.176011,-1.278904,-1.965825,-0.265487,-1.412424,-0.117609,1,0.000000,0.000000,0.220660,0.061584,0.220652,0.062241,0.220652,0.062241,0.000000,0.000000,0.220000,0.017054,0.220000,0.016957,0.220000,0.016957,0,0.465740,0.220000,0.212667,0.024388,0.009721,0.081584,0.041584,0.311127,0.330000,0.093086,1
1772473227,339219815,-1.176749,-1.282757,-1.964350,-0.261579,-1.412080,-0.116135,1,0.000000,0.000000,0.220652,0.062241,0.220606,0.059464,0.220606,0.059464,0.000000,0.000000,0.220000,0.016957,0.220000,0.016337,0.220000,0.016337,0,0.448808,0.220000,0.212667,0.024290,0.009623,0.082241,0.042241,0.311127,0.330000,0.088952,1
1772473227,389320848,-1.179854,-1.293059,-1.960652,-0.250821,-1.412244,-0.112437,1,0.000000,0.000000,0.220606,0.059464,0.220541,0.055092,0.220541,0.055092,0.000000,0.000000,0.220000,0.016337,0.220000,0.015439,0.220000,0.015439,0,0.424280,0.220000,0.212667,0.023670,0.009003,0.079464,0.039464,0.311127,0.330000,0.082435,1
1772473227,414294957,-1.181464,-1.299831,-1.959027,-0.243866,-1.411938,-0.110812,1,0.000000,0.000000,0.220541,0.055092,0.220493,0.053995,0.220493,0.053995,0.000000,0.000000,0.220000,0.015439,0.220000,0.014742,0.220000,0.014742,0,0.405205,0.220000,0.212667,0.022773,0.008106,0.075092,0.035092,0.311127,0.330000,0.080811,1
1772473227,439356981,-1.182814,-1.304275,-1.956962,-0.239223,-1.412019,-0.108746,1,0.000000,0.000000,0.220493,0.053995,0.220461,0.050609,0.220461,0.050609,0.000000,0.000000,0.220000,0.014742,0.220000,0.014243,0.220000,0.014243,0,0.391558,0.220000,0.212667,0.022075,0.007409,0.073995,0.033995,0.311127,0.330000,0.075755,1
1772473227,489377504,-1.185449,-1.315922,-1.953973,-0.227299,-1.411363,-0.105758,1,0.000000,0.000000,0.220461,0.050609,0.220377,0.046400,0.220377,0.046400,0.000000,0.000000,0.220000,0.014243,0.220000,0.012881,0.220000,0.012881,0,0.354244,0.220000,0.212667,0.021577,0.006910,0.070609,0.030609,0.311127,0.330000,0.069481,1
1772473227,514430321,-1.187286,-1.321207,-1.952585,-0.221714,-1.411683,-0.104370,1,0.000000,0.000000,0.220377,0.046400,0.220364,0.042997,0.220364,0.042997,0.000000,0.000000,0.220000,0.012881,0.220000,0.012655,0.220000,0.012655,0,0.348037,0.220000,0.212667,0.020214,0.005548,0.066400,0.026400,0.311127,0.330000,0.064390,1
1772473227,539479285,-1.190183,-1.325428,-1.950374,-0.216952,-1.413475,-0.102190,1,0.000000,0.000000,0.220364,0.042997,0.220399,0.041548,0.220399,0.041548,0.000000,0.000000,0.220000,0.012655,0.220000,0.013251,0.220000,0.013251,0,0.364369,0.220000,0.212667,0.019988,0.005321,0.062997,0.022997,0.311127,0.330000,0.062210,1
1772473227,589540633,-1.192660,-1.336045,-1.948362,-0.207940,-1.416276,-0.100821,1,0.000000,0.000000,0.220399,0.041548,0.220482,0.038102,0.220482,0.038102,0.000000,0.000000,0.220000,0.013251,0.220000,0.014575,0.220000,0.014575,0,0.400650,0.220000,0.212667,0.020584,0.005917,0.061548,0.021548,0.311127,0.330000,0.057028,1
1772473227,614549875,-1.194251,-1.342251,-1.946967,-0.201536,-1.416111,-0.099426,1,0.000000,0.000000,0.220482,0.038102,0.220443,0.034605,0.220443,0.034605,0.000000,0.000000,0.220000,0.014575,0.220000,0.013970,0.220000,0.013970,0,0.384069,0.220000,0.212667,0.021909,0.007242,0.058102,0.018102,0.311127,0.330000,0.051803,1
1772473227,639602613,-1.196050,-1.348236,-1.945805,-0.195286,-1.416206,-0.098264,1,0.000000,0.000000,0.220443,0.034605,0.220419,0.033825,0.220419,0.033825,0.000000,0.000000,0.220000,0.013970,0.220000,0.013586,0.220000,0.013586,0,0.373553,0.220000,0.212667,0.021303,0.006636,0.054605,0.014605,0.311127,0.330000,0.050641,1
1772473227,689676436,-1.198740,-1.360768,-1.944144,-0.182496,-1.415369,-0.096603,1,0.000000,0.000000,0.220419,0.033825,0.220340,0.027058,0.220340,0.027058,0.000000,0.000000,0.220000,0.013586,0.220000,0.012230,0.220000,0.012230,0,0.336393,0.220000,0.212667,0.020919,0.006252,0.053825,0.013825,0.311127,0.330000,0.040524,1
1772473227,714628843,-1.199247,-1.366171,-1.944168,-0.177160,-1.414380,-0.096627,1,0.000000,0.000000,0.220340,0.027058,0.220294,0.027068,0.220294,0.027068,0.000000,0.000000,0.220000,0.012230,0.220000,0.011383,0.220000,0.011383,0,0.313157,0.220000,0.212667,0.019563,0.004897,0.047058,0.007058,0.311127,0.330000,0.040548,1
1772473227,739699764,-1.199987,-1.373155,-1.942998,-0.170240,-1.413184,-0.095457,1,0.000000,0.000000,0.220294,0.027068,0.220230,0.023160,0.220230,0.023160,0.000000,0.000000,0.220000,0.011383,0.220000,0.010063,0.220000,0.010063,0,0.276932,0.220000,0.212667,0.018716,0.004049,0.047068,0.007068,0.311127,0.330000,0.034704,1
1772473227,789754319,-1.204671,-1.389021,-1.941612,-0.153706,-1.413377,-0.094163,1,0.000000,0.000000,0.220230,0.023160,0.220193,0.015358,0.220193,0.015358,0.000000,0.000000,0.220000,0.010063,0.220000,0.009216,0.220000,0.009216,0,0.253668,0.220000,0.212667,0.017396,0.002730,0.043160,0.003160,0.311127,0.330000,0.023017,1
1772473227,814795284,-1.205040,-1.393575,-1.939955,-0.149401,-1.412937,-0.094366,1,0.000000,0.000000,0.220193,0.015358,0.220175,0.015493,0.220175,0.015493,0.000000,0.000000,0.220000,0.009216,0.220000,0.008772,0.220000,0.008772,0,0.241455,0.220000,0.212667,0.016550,0.001883,0.035358,-0.004642,0.311127,0.330000,0.023220,1
1772473227,864863063,-1.209563,-1.411526,-1.937034,-0.130896,-1.412420,-0.091445,1,0.000000,0.000000,0.220175,0.015493,0.220107,0.005522,0.220107,0.005522,0.000000,0.000000,0.220000,0.008772,0.220000,0.006861,0.220000,0.006861,0,0.188918,0.220000,0.212667,0.016105,0.001438,0.035493,-0.004507,0.311127,0.330000,0.008279,1
1772473227,889833743,-1.210622,-1.419957,-1.936558,-0.122494,-1.411151,-0.090969,1,0.000000,0.000000,0.220107,0.005522,0.220067,0.000718,0.220067,0.000718,0.000000,0.000000,0.220000,0.006861,0.220000,0.005447,0.220000,0.005447,0,0.150006,0.220000,0.212667,0.014194,-0.000472,0.025522,-0.014478,0.311127,0.330000,0.001076,1
1772473227,914889313,-1.213470,-1.427257,-1.934047,-0.114695,-1.411911,-0.088458,1,0.000000,0.000000,0.220067,0.000718,0.220055,-0.005806,0.220055,-0.005806,0.000000,0.000000,0.220000,0.005447,0.220000,0.004940,0.220000,0.004940,0,0.136053,0.220000,0.212667,0.012780,-0.001886,0.020718,-0.019282,0.311127,0.330000,-0.008706,1
1772473227,939946014,-1.215739,-1.431685,-1.934434,-0.109818,-1.412893,-0.088844,1,0.000000,0.000000,0.220055,-0.005806,0.220066,-0.005548,0.220066,-0.005548,0.000000,0.000000,0.220000,0.004940,0.220000,0.005374,0.220000,0.005374,0,0.147998,0.220000,0.212667,0.012273,-0.002393,0.014194,-0.025806,0.311127,0.330000,-0.008320,1
1772473227,989992898,-1.218995,-1.439516,-1.933502,-0.101397,-1.413903,-0.087913,1,0.000000,0.000000,0.220066,-0.005548,0.220063,-0.011421,0.220063,-0.011421,0.000000,0.000000,0.220000,0.005374,0.220000,0.005285,0.220000,0.005285,0,0.145561,0.220000,0.212667,0.012707,-0.001959,0.014452,-0.025548,0.311127,0.330000,-0.017126,1
1772473228,15008684,-1.220836,-1.444628,-1.932747,-0.095977,-1.414287,-0.087158,1,0.000000,0.000000,0.220063,-0.011421,0.220057,-0.017621,0.220057,-0.017621,0.000000,0.000000,0.220000,0.005285,0.220000,0.005001,0.220000,0.005001,0,0.137723,0.220000,0.212667,0.012619,-0.002048,0.008579,-0.031421,0.311127,0.330000,-0.026424,1
1772473228,40074019,-1.220955,-1.450921,-1.932924,-0.090009,-1.412932,-0.087280,1,0.000000,0.000000,0.220057,-0.017621,0.220031,-0.017538,0.220031,-0.017538,0.000000,0.000000,0.220000,0.005001,0.220000,0.003695,0.220000,0.003695,0,0.101765,0.220000,0.212667,0.012334,-0.002333,0.002379,-0.037621,0.311127,0.330000,-0.026303,1
1772473228,90084178,-1.225411,-1.461088,-1.932835,-0.081423,-1.419231,-0.086086,1,0.000000,0.000000,0.220031,-0.017538,0.220110,-0.024534,0.220110,-0.024534,0.000000,0.000000,0.220000,0.003695,0.220000,0.006948,0.220000,0.006948,0,0.191298,0.220000,0.212667,0.011028,-0.003639,0.002462,-0.037538,0.311127,0.330000,-0.036783,1
1772473228,115119827,-1.226830,-1.467259,-1.933438,-0.075100,-1.418914,-0.086689,1,0.000000,0.000000,0.220110,-0.024534,0.220092,-0.030876,0.220092,-0.030876,0.000000,0.000000,0.220000,0.006948,0.220000,0.006350,0.220000,0.006350,0,0.174855,0.220000,0.212667,0.014281,-0.000386,-0.004534,-0.044534,0.311127,0.330000,-0.046295,1
1772473228,140189653,-1.228547,-1.473609,-1.932921,-0.068522,-1.418836,-0.086172,1,0.000000,0.000000,0.220092,-0.030876,0.220072,-0.038814,0.220072,-0.038814,0.000000,0.000000,0.220000,0.006350,0.220000,0.005621,0.220000,0.005621,0,0.154808,0.220000,0.212667,0.013683,-0.000983,-0.010876,-0.050876,0.311127,0.330000,-0.058202,1
1772473228,190317083,-1.231658,-1.484111,-1.934691,-0.057570,-1.418968,-0.087941,1,0.000000,0.000000,0.220072,-0.038814,0.220059,-0.046439,0.220059,-0.046439,0.000000,0.000000,0.220000,0.005621,0.220000,0.005075,0.220000,0.005075,0,0.139761,0.220000,0.212667,0.012955,-0.001712,-0.018814,-0.058814,0.311127,0.330000,-0.069640,1
1772473228,215317423,-1.233669,-1.490240,-1.935172,-0.051125,-1.419234,-0.088422,1,0.000000,0.000000,0.220059,-0.046439,0.220050,-0.046117,0.220050,-0.046117,0.000000,0.000000,0.220000,0.005075,0.220000,0.004710,0.220000,0.004710,0,0.129715,0.220000,0.212667,0.012408,-0.002259,-0.026439,-0.066439,0.311127,0.330000,-0.069159,1
1772473228,265353285,-1.235706,-1.499905,-1.937596,-0.041270,-1.418560,-0.090846,1,0.000000,0.000000,0.220050,-0.046117,0.220032,-0.054035,0.220032,-0.054035,0.000000,0.000000,0.220000,0.004710,0.220000,0.003731,0.220000,0.003731,0,0.102760,0.220000,0.212667,0.012043,-0.002624,-0.026117,-0.066117,0.311127,0.330000,-0.081040,1
1772473228,290458546,-1.238582,-1.505460,-1.937598,-0.035605,-1.419643,-0.090704,1,0.000000,0.000000,0.220032,-0.054035,0.220032,-0.064242,0.220032,-0.064242,0.000000,0.000000,0.220000,0.003731,0.220000,0.003751,0.220000,0.003751,0,0.103313,0.220000,0.212667,0.011064,-0.003603,-0.034035,-0.074035,0.311127,0.330000,-0.096348,1
1772473228,315461722,-1.239868,-1.511621,-1.940144,-0.037996,-1.415980,-0.090525,1,0.000000,0.000000,0.220032,-0.064242,0.220006,-0.064353,0.220006,-0.064353,0.000000,0.000000,0.220000,0.003751,0.220000,0.001581,0.220000,0.001581,0,0.043566,0.220000,0.212667,0.011084,-0.003583,-0.044242,-0.084242,0.311127,0.330000,-0.096527,1
1772473228,340511289,-1.242485,-1.516480,-1.939942,-0.032604,-1.417159,-0.090323,1,0.000000,0.000000,0.220006,-0.064353,0.220006,-0.064488,0.220006,-0.064488,0.000000,0.000000,0.220000,0.001581,0.220000,0.001671,0.220000,0.001671,0,0.046025,0.220000,0.212667,0.008915,-0.005752,-0.044353,-0.084353,0.311127,0.330000,-0.096729,1
1772473228,390604541,-1.245051,-1.527834,-1.942024,-0.020982,-1.416501,-0.092405,1,0.000000,0.000000,0.220006,-0.064488,0.220000,-0.075505,0.220000,-0.075505,0.000000,0.000000,0.220000,0.001671,0.220000,0.000213,0.220000,0.000213,0,0.005868,0.220000,0.212667,0.009004,-0.005663,-0.044488,-0.084488,0.311127,0.330000,-0.113258,1
1772473228,415674359,-1.247278,-1.532894,-1.943866,-0.015504,-1.417249,-0.094247,1,0.000000,0.000000,0.220000,-0.075505,0.220000,-0.088377,0.220000,-0.088377,0.000000,0.000000,0.220000,0.000213,0.220000,0.000329,0.220000,0.000329,0,0.009061,0.220000,0.212667,0.007546,-0.007120,-0.055505,-0.095505,0.311127,0.330000,-0.132565,1
1772473228,440626501,-1.249446,-1.538503,-1.945221,-0.009515,-1.417790,-0.095602,1,0.000000,0.000000,0.220000,-0.088377,0.220000,-0.103468,0.220000,-0.103468,0.000000,0.000000,0.220000,0.000329,0.220000,0.000101,0.220000,0.000101,0,0.002771,0.220000,0.212667,0.007662,-0.007004,-0.068377,-0.108377,0.311127,0.330000,-0.155202,1
1772473228,490724030,-1.253137,-1.548742,-1.949147,0.001344,-1.418520,-0.099528,1,0.000000,0.000000,0.220000,-0.103468,0.220000,-0.119607,0.220000,-0.119607,0.000000,0.000000,0.220000,0.000101,0.220000,-0.000323,0.220000,-0.000323,0,-0.008908,0.220000,0.212667,0.007434,-0.007233,-0.083468,-0.123468,0.311127,0.330000,-0.179410,1
1772473228,515782224,-1.254227,-1.555171,-1.951422,0.007825,-1.417798,-0.101803,1,0.000000,0.000000,0.220000,-0.119607,0.220005,-0.118092,0.220005,-0.118092,0.000000,0.000000,0.220000,-0.000323,0.220000,-0.001436,0.220000,-0.001436,0,-0.039562,0.220000,0.212667,0.007010,-0.007657,-0.099607,-0.139607,0.311127,0.330000,-0.177135,1
1772473228,540829202,-1.256077,-1.560928,-1.954138,0.013923,-1.417866,-0.104562,1,0.000000,0.000000,0.220005,-0.118092,0.218096,-0.138092,0.218096,-0.138092,0.000000,0.000000,0.220000,-0.001436,0.218087,-0.001951,0.218087,-0.001951,0,-0.054219,0.220000,0.212667,0.005897,-0.008769,-0.098092,-0.138092,0.311127,0.330000,-0.208946,1
1772473228,590881139,-1.260398,-1.569821,-1.960430,0.024629,-1.417377,-0.111599,1,0.000000,0.000000,0.218096,-0.138092,0.211598,-0.158092,0.211598,-0.158092,0.000000,0.000000,0.218087,-0.001951,0.211583,-0.002506,0.211583,-0.002506,0,-0.072412,0.220000,0.210754,0.005382,-0.009284,-0.118092,-0.158092,0.311127,0.327144,-0.244421,1
1772473228,615960799,-1.262142,-1.575618,-1.963190,0.030681,-1.417463,-0.114359,1,0.000000,0.000000,0.211598,-0.158092,0.218925,-0.138092,0.218925,-0.138092,0.000000,0.000000,0.211583,-0.002506,0.218917,-0.001903,0.218917,-0.001903,0,-0.054684,0.218917,0.204250,0.004827,-0.009840,-0.138092,-0.178092,0.311127,0.317397,-0.199149,1
1772473228,641001531,-1.265158,-1.580562,-1.965717,0.036263,-1.419005,-0.116886,1,0.000000,0.000000,0.218925,-0.138092,0.211605,-0.158092,0.211605,-0.158092,0.000000,0.000000,0.218917,-0.001903,0.211583,-0.003045,0.211583,-0.003045,0,-0.094092,0.220000,0.211583,0.005431,-0.009236,-0.118092,-0.158092,0.311127,0.328388,-0.290642,1
1772473228,691142959,-1.269087,-1.589370,-1.973521,0.045811,-1.420366,-0.124690,1,0.000000,0.000000,0.211605,-0.158092,0.204254,-0.178092,0.204254,-0.178092,0.000000,0.000000,0.211583,-0.003045,0.204250,-0.001276,0.204250,-0.001276,0,-0.039743,0.218917,0.204250,0.004288,-0.010379,-0.138092,-0.178092,0.311127,0.317408,-0.282838,1
1772473228,716085689,-1.269601,-1.594933,-1.978486,0.051303,-1.419334,-0.129655,1,0.000000,0.000000,0.204254,-0.178092,0.211584,-0.191897,0.211584,-0.191897,0.000000,0.000000,0.204250,-0.001276,0.211583,-0.000488,0.211583,-0.000488,0,-0.015062,0.211583,0.196917,0.006057,-0.008609,-0.158092,-0.198092,0.311127,0.306381,-0.277873,1
1772473228,741131187,-1.272432,-1.598824,-1.981716,0.055881,-1.420956,-0.132422,1,0.000000,0.000000,0.211584,-0.191897,0.204260,-0.211897,0.204260,-0.211897,0.000000,0.000000,0.211583,-0.000488,0.204250,-0.002024,0.204250,-0.002024,0,-0.063665,0.218917,0.204250,0.006845,-0.007822,-0.171897,-0.211897,0.311127,0.317376,-0.341555,1
1772473228,791199642,-1.275731,-1.607912,-1.989939,0.066476,-1.421016,-0.133017,1,0.000000,0.000000,0.204260,-0.211897,0.208385,-0.231897,0.208385,-0.231897,0.000000,0.000000,0.204250,-0.002024,0.208365,-0.002863,0.208365,-0.002863,0,-0.089687,0.211583,0.196917,0.005310,-0.009357,-0.191897,-0.231897,0.311127,0.306390,-0.340960,1
1772473228,816254319,-1.277940,-1.613450,-1.996322,0.072413,-1.421573,-0.139401,1,0.000000,0.000000,0.208385,-0.231897,0.201077,-0.251897,0.201077,-0.251897,0.000000,0.000000,0.208365,-0.002863,0.201032,-0.004263,0.201032,-0.004263,0,-0.142390,0.215698,0.201032,0.004470,-0.010196,-0.211897,-0.251897,0.311127,0.312577,-0.422550,1
1772473228,841299424,-1.279950,-1.617308,-2.001009,0.076682,-1.422412,-0.144087,1,0.000000,0.000000,0.201077,-0.251897,0.196256,-0.271897,0.196256,-0.271897,0.000000,0.000000,0.201032,-0.004263,0.196248,-0.001784,0.196248,-0.001784,0,-0.060267,0.208365,0.193698,0.003071,-0.011596,-0.231897,-0.271897,0.311127,0.301615,-0.417864,1
1772473228,891394939,-1.284792,-1.627533,-2.011516,0.087857,-1.424172,-0.154594,1,0.000000,0.000000,0.196256,-0.271897,0.203582,-0.281709,0.203582,-0.281709,0.000000,0.000000,0.196248,-0.001784,0.203581,-0.000744,0.203581,-0.000744,0,-0.024812,0.203581,0.188914,0.005550,-0.009117,-0.251897,-0.291897,0.311127,0.294384,-0.407357,1
1772473228,916499250,-1.286153,-1.632192,-2.017639,0.092516,-1.424129,-0.160725,1,0.000000,0.000000,0.203582,-0.281709,0.196284,-0.301709,0.196284,-0.301709,0.000000,0.000000,0.203581,-0.000744,0.196248,-0.003753,0.196248,-0.003753,0,-0.170674,0.210914,0.196248,0.006590,-0.008077,-0.261709,-0.301709,0.311127,0.305374,-0.688810,1
1772473228,941440255,-1.288765,-1.636434,-2.024889,0.094477,-1.424970,-0.168088,1,0.000000,0.000000,0.196284,-0.301709,0.188914,-0.321709,0.188914,-0.321709,0.000000,0.000000,0.196248,-0.003753,0.188914,-0.000177,0.188914,-0.000177,0,-0.006478,0.203581,0.188914,0.003580,-0.011087,-0.281709,-0.321709,0.311127,0.294425,-0.514531,1
1772473228,991507521,-1.293148,-1.647077,-2.040076,0.105924,-1.426173,-0.183275,1,0.000000,0.000000,0.188914,-0.321709,0.193916,-0.341709,0.193916,-0.341709,0.000000,0.000000,0.188914,-0.000177,0.193904,0.002114,0.193904,0.002114,0,0.076925,0.196248,0.181581,0.007157,-0.007510,-0.301709,-0.341709,0.311127,0.283372,-0.499344,1
1772473229,16549654,-1.295643,-1.651884,-2.047491,0.111240,-1.427210,-0.190691,1,0.000000,0.000000,0.193916,-0.341709,0.186573,-0.361709,0.186573,-0.361709,0.000000,0.000000,0.193904,0.002114,0.186571,-0.000963,0.186571,-0.000963,0,-0.052508,0.201238,0.186571,0.009447,-0.005220,-0.321709,-0.361709,0.311127,0.290874,-0.880763,1
1772473229,41617611,-1.296335,-1.654759,-2.055594,0.114194,-1.427063,-0.198793,1,0.000000,0.000000,0.186573,-0.361709,0.179258,-0.381709,0.179258,-0.381709,0.000000,0.000000,0.186571,-0.000963,0.179238,0.002706,0.179238,0.002706,0,0.116155,0.193904,0.179238,0.006371,-0.008296,-0.341709,-0.381709,0.311127,0.279860,-0.650742,1
1772473229,91710662,-1.301163,-1.664113,-2.072790,0.124529,-1.429056,-0.215989,1,0.000000,0.000000,0.179258,-0.381709,0.186704,-0.361709,0.186704,-0.361709,0.000000,0.000000,0.179238,0.002706,0.186571,0.007049,0.186571,0.007049,0,0.258268,0.186571,0.171904,0.010040,-0.004627,-0.361709,-0.401709,0.311127,0.268887,-0.466630,1
1772473229,116681040,-1.303500,-1.668076,-2.081719,0.128991,-1.430180,-0.224918,1,0.000000,0.000000,0.186704,-0.361709,0.179238,-0.381709,0.179238,-0.381709,0.000000,0.000000,0.186571,0.007049,0.179238,0.000060,0.179238,0.000060,0,0.003736,0.193904,0.179238,0.014382,-0.000284,-0.341709,-0.381709,0.311127,0.280056,-0.971778,1
1772473229,141754280,-1.304396,-1.672399,-2.091890,0.133392,-1.429820,-0.235089,1,0.000000,0.000000,0.179238,-0.381709,0.171949,-0.401709,0.171949,-0.401709,0.000000,0.000000,0.179238,0.000060,0.171904,0.003904,0.171904,0.003904,0,0.218150,0.186571,0.171904,0.007394,-0.007273,-0.361709,-0.401709,0.311127,0.268856,-0.836365,1
1772473229,191834233,-1.309264,-1.681044,-2.111023,0.143686,-1.431029,-0.252857,1,0.000000,0.000000,0.171949,-0.401709,0.179423,-0.415077,0.179423,-0.415077,0.000000,0.000000,0.171904,0.003904,0.179238,0.008164,0.179238,0.008164,0,0.352835,0.179238,0.164571,0.011238,-0.003429,-0.381709,-0.421709,0.311127,0.257923,-0.596678,1
1772473229,216878198,-1.311326,-1.684833,-2.118744,0.147905,-1.431932,-0.260578,1,0.000000,0.000000,0.179423,-0.415077,0.171906,-0.435077,0.171906,-0.435077,0.000000,0.000000,0.179238,0.008164,0.171904,0.000831,0.171904,0.000831,0,-0.013409,0.186571,0.171904,0.015497,0.000831,-0.395077,-0.435077,0.311127,0.269135,-0.936118,1
1772473229,241907347,-1.312911,-1.688741,-2.128848,0.152101,-1.432345,-0.270683,1,0.000000,0.000000,0.171906,-0.435077,0.164617,-0.455077,0.164617,-0.455077,0.000000,0.000000,0.171904,0.000831,0.164571,0.003894,0.164571,0.003894,0,0.233297,0.179238,0.164571,0.008164,-0.006503,-0.415077,-0.455077,0.311127,0.257859,-0.926013,1
1772473229,291996089,-1.317995,-1.695727,-2.149645,0.160242,-1.435241,-0.291480,1,0.000000,0.000000,0.164617,-0.455077,0.157543,-0.475077,0.157543,-0.475077,0.000000,0.000000,0.164571,0.003894,0.157238,0.009807,0.157238,0.009807,0,0.525883,0.171904,0.157238,0.011227,-0.003440,-0.435077,-0.475077,0.311127,0.246926,-0.779975,1
1772473229,317000359,-1.320640,-1.700142,-2.160299,0.165225,-1.436526,-0.302133,1,0.000000,0.000000,0.157543,-0.475077,0.152075,-0.495077,0.152075,-0.495077,0.000000,0.000000,0.157238,0.009807,0.151365,0.014677,0.151365,0.014677,0,0.816828,0.164571,0.149904,0.017141,0.002474,-0.455077,-0.495077,0.311127,0.236315,-0.769321,1
1772473229,342056156,-1.322041,-1.703441,-2.172978,0.168786,-1.436934,-0.314812,1,0.000000,0.000000,0.152075,-0.495077,0.160217,-0.475077,0.160217,-0.475077,0.000000,0.000000,0.151365,0.014677,0.158698,0.022011,0.158698,0.022011,0,1.057779,0.158698,0.144031,0.022011,0.007344,-0.475077,-0.515077,0.311127,0.228112,-0.534723,1
1772473229,392128030,-1.325970,-1.709072,-2.196238,0.175300,-1.439106,-0.338072,1,0.000000,0.000000,0.160217,-0.475077,0.152075,-0.495077,0.152075,-0.495077,0.000000,0.000000,0.158698,0.022011,0.151365,0.014677,0.151365,0.014677,0,0.628566,0.166031,0.151365,0.029344,0.014677,-0.455077,-0.495077,0.311127,0.240326,-0.858624,1
1772473229,417105543,-1.327177,-1.714004,-2.208782,0.180505,-1.438471,-0.350025,1,0.000000,0.000000,0.152075,-0.495077,0.144842,-0.515077,0.144842,-0.515077,0.000000,0.000000,0.151365,0.014677,0.144031,0.015307,0.144031,0.015307,0,0.964209,0.158698,0.144031,0.022011,0.007344,-0.475077,-0.515077,0.311127,0.228112,-0.846671,1
1772473229,442159144,-1.329808,-1.716488,-2.222248,0.185734,-1.433715,-0.353768,1,0.000000,0.000000,0.144842,-0.515077,0.152193,-0.496485,0.152193,-0.496485,0.000000,0.000000,0.144031,0.015307,0.151365,0.015858,0.151365,0.015858,0,0.947215,0.151365,0.136698,0.022640,0.007973,-0.495077,-0.535077,0.311127,0.220000,-0.717686,1
1772473229,492252003,-1.333439,-1.723165,-2.246470,0.193182,-1.435228,-0.377990,1,0.000000,0.000000,0.152193,-0.496485,0.144437,-0.516485,0.144437,-0.516485,0.000000,0.000000,0.151365,0.015858,0.144031,0.010818,0.144031,0.010818,0,0.693188,0.158698,0.144031,0.023191,0.008524,-0.476485,-0.516485,0.311127,0.228289,-0.818706,1
1772473229,517302001,-1.336048,-1.726649,-2.257817,0.197279,-1.436700,-0.389337,1,0.000000,0.000000,0.144437,-0.516485,0.144760,-0.536485,0.144760,-0.536485,0.000000,0.000000,0.144031,0.010818,0.144183,0.012912,0.144183,0.012912,0,0.818882,0.151365,0.136698,0.018151,0.003484,-0.496485,-0.536485,0.311127,0.220000,-0.807359,1
1772473229,542341915,-1.337881,-1.729861,-2.270990,0.200887,-1.437511,-0.402510,1,0.000000,0.000000,0.144760,-0.536485,0.150064,-0.556485,0.150064,-0.556485,0.000000,0.000000,0.144183,0.012912,0.149297,0.015149,0.149297,0.015149,0,0.942753,0.151516,0.136850,0.020245,0.005579,-0.516485,-0.556485,0.311127,0.220000,-0.794186,1
1772473229,592519100,-1.341564,-1.736557,-2.295720,0.208369,-1.439068,-0.427240,1,0.000000,0.000000,0.150064,-0.556485,0.154755,-0.576485,0.154755,-0.576485,0.000000,0.000000,0.149297,0.015149,0.153599,0.018880,0.153599,0.018880,0,1.181246,0.156630,0.141964,0.022482,0.007816,-0.536485,-0.576485,0.311127,0.225096,-0.769456,1
1772473229,617434894,-1.341870,-1.739639,-2.309119,0.211405,-1.438457,-0.440639,1,0.000000,0.000000,0.154755,-0.576485,0.160826,-0.596485,0.160826,-0.596485,0.000000,0.000000,0.153599,0.018880,0.159503,0.020588,0.159503,0.020588,0,1.255987,0.160933,0.146266,0.026213,0.011546,-0.556485,-0.596485,0.311127,0.232133,-0.756057,1
1772473229,642472815,-1.343909,-1.742731,-2.324391,0.214959,-1.439498,-0.455911,1,0.000000,0.000000,0.160826,-0.596485,0.162111,-0.600000,0.162111,-0.600000,0.000000,0.000000,0.159503,0.020588,0.160453,0.023125,0.160453,0.023125,0,1.425451,0.166836,0.152170,0.027922,0.013255,-0.576485,-0.600000,0.311127,0.241240,-0.740785,1
1772473229,692577261,-1.348819,-1.750212,-2.351888,0.223344,-1.445855,-0.482763,1,0.000000,0.000000,0.162111,-0.600000,0.159885,-0.600000,0.159885,-0.600000,0.000000,0.000000,0.160453,0.023125,0.157061,0.029916,0.157061,0.029916,0,1.967044,0.167786,0.153120,0.030459,0.015792,-0.580000,-0.600000,0.311127,0.243166,-0.713933,1
1772473229,717619380,-1.350916,-1.753270,-2.366897,0.226884,-1.446961,-0.497773,1,0.000000,0.000000,0.159885,-0.600000,0.160135,-0.600000,0.160135,-0.600000,0.000000,0.000000,0.157061,0.029916,0.156834,0.032346,0.156834,0.032346,0,2.165731,0.164395,0.149728,0.037250,0.022583,-0.580000,-0.600000,0.311127,0.239828,-0.698923,1
1772473229,742639931,-1.353147,-1.756686,-2.382679,0.230805,-1.448089,-0.513554,1,0.000000,0.000000,0.160135,-0.600000,0.160252,-0.600000,0.160252,-0.600000,0.000000,0.000000,0.156834,0.032346,0.156429,0.034793,0.156429,0.034793,0,2.379867,0.164168,0.149501,0.039680,0.025013,-0.580000,-0.600000,0.311127,0.240203,-0.683142,1
1772473229,792683605,-1.357393,-1.764035,-2.411518,0.239077,-1.449987,-0.542393,1,0.000000,0.000000,0.160252,-0.600000,0.159552,-0.600000,0.159552,-0.600000,0.000000,0.000000,0.156429,0.034793,0.154813,0.038596,0.154813,0.038596,0,2.780641,0.163762,0.149096,0.042126,0.027459,-0.580000,-0.600000,0.311127,0.240377,-0.654303,1
1772473229,817734054,-1.359776,-1.766965,-2.427911,0.242578,-1.451404,-0.558786,1,0.000000,0.000000,0.159552,-0.600000,0.160113,-0.600000,0.160113,-0.600000,0.000000,0.000000,0.154813,0.038596,0.154622,0.041570,0.154622,0.041570,0,3.050353,0.162147,0.147480,0.045930,0.031263,-0.580000,-0.600000,0.311127,0.239328,-0.637910,1
1772473229,842788951,-1.360621,-1.769755,-2.442889,0.245494,-1.451391,-0.573764,1,0.000000,0.000000,0.160113,-0.600000,0.161282,-0.600000,0.161282,-0.600000,0.000000,0.000000,0.154622,0.041570,0.155333,0.043401,0.155333,0.043401,0,3.214175,0.161956,0.147289,0.048903,0.034237,-0.580000,-0.600000,0.311127,0.240170,-0.622932,1
1772473229,892855961,-1.365019,-1.776113,-2.472657,0.252863,-1.453727,-0.603532,1,0.000000,0.000000,0.161282,-0.600000,0.161556,-0.600000,0.161556,-0.600000,0.000000,0.000000,0.155333,0.043401,0.154221,0.048129,0.154221,0.048129,0,3.730462,0.162666,0.148000,0.050735,0.036068,-0.580000,-0.600000,0.311127,0.241924,-0.593164,1
1772473229,917901284,-1.366681,-1.780155,-2.486985,0.257363,-1.453807,-0.617947,1,0.000000,0.000000,0.161556,-0.600000,0.161107,-0.600000,0.161107,-0.600000,0.000000,0.000000,0.154221,0.048129,0.153485,0.048966,0.153485,0.048966,0,3.911633,0.161554,0.146888,0.055462,0.040795,-0.580000,-0.600000,0.311127,0.242335,-0.578748,1
1772473229,942959456,-1.370479,-1.784061,-2.501767,0.264677,-1.450922,-0.634191,1,0.000000,0.000000,0.161107,-0.600000,0.159351,-0.600000,0.159351,-0.600000,0.000000,0.000000,0.153485,0.048966,0.152617,0.045837,0.152617,0.045837,0,3.850867,0.160818,0.146152,0.056299,0.041633,-0.580000,-0.600000,0.311127,0.241660,-0.562505,1
1772473229,993045833,-1.373326,-1.789256,-2.532015,0.270477,-1.452125,-0.664439,1,0.000000,0.000000,0.159351,-0.600000,0.161796,-0.600000,0.161796,-0.600000,0.000000,0.000000,0.152617,0.045837,0.153767,0.050334,0.153767,0.050334,0,4.334970,0.159950,0.145283,0.053170,0.038504,-0.580000,-0.600000,0.311127,0.239027,-0.532257,1
1772473230,18093040,-1.375447,-1.792943,-2.548280,0.274623,-1.453075,-0.680704,1,0.000000,0.000000,0.161796,-0.600000,0.161988,-0.600000,0.161988,-0.600000,0.000000,0.000000,0.153767,0.050334,0.153307,0.052317,0.153307,0.052317,0,4.636816,0.161100,0.146434,0.057667,0.043000,-0.580000,-0.600000,0.311127,0.242693,-0.515992,1
1772473230,43140012,-1.379307,-1.796642,-2.563168,0.279289,-1.455685,-0.695592,1,0.000000,0.000000,0.161988,-0.600000,0.160483,-0.600000,0.160483,-0.600000,0.000000,0.000000,0.153307,0.052317,0.150751,0.055035,0.150751,0.055035,0,5.117236,0.160640,0.145973,0.059651,0.044984,-0.580000,-0.600000,0.311127,0.242982,-0.501104,1
1772473230,93231067,-1.383054,-1.802654,-2.593150,0.286060,-1.457137,-0.725334,1,0.000000,0.000000,0.160483,-0.600000,0.161877,-0.600000,0.161877,-0.600000,0.000000,0.000000,0.150751,0.055035,0.150777,0.058913,0.150777,0.058913,0,5.723547,0.158085,0.143418,0.062368,0.047702,-0.580000,-0.600000,0.311127,0.240724,-0.471362,1
1772473230,118296172,-1.385713,-1.806496,-2.607932,0.289355,-1.452785,-0.736417,1,0.000000,0.000000,0.161877,-0.600000,0.163847,-0.600000,0.163847,-0.600000,0.000000,0.000000,0.150777,0.058913,0.154357,0.054951,0.154357,0.054951,0,5.336556,0.158110,0.143443,0.066246,0.051580,-0.580000,-0.600000,0.311127,0.242816,-0.460278,1
1772473230,143309786,-1.388549,-1.809409,-2.623753,0.292977,-1.454630,-0.752238,1,0.000000,0.000000,0.163847,-0.600000,0.164208,-0.600000,0.164208,-0.600000,0.000000,0.000000,0.154357,0.054951,0.153659,0.057906,0.153659,0.057906,0,5.798152,0.161691,0.147024,0.062285,0.047618,-0.580000,-0.600000,0.311127,0.245771,-0.444458,1
1772473230,193561046,-1.393746,-1.815892,-2.653334,0.300709,-1.457674,-0.781819,1,0.000000,0.000000,0.164208,-0.600000,0.163901,-0.600000,0.163901,-0.600000,0.000000,0.000000,0.153659,0.057906,0.151672,0.062123,0.151672,0.062123,0,6.688822,0.160992,0.146326,0.065240,0.050573,-0.580000,-0.600000,0.311127,0.246312,-0.414877,1
1772473230,218459966,-1.396010,-1.818894,-2.667704,0.304246,-1.458947,-0.796189,1,0.000000,0.000000,0.163901,-0.600000,0.164156,-0.600000,0.164156,-0.600000,0.000000,0.000000,0.151672,0.062123,0.151103,0.064149,0.151103,0.064149,0,7.132595,0.159005,0.144338,0.069456,0.054790,-0.580000,-0.600000,0.311127,0.245852,-0.400507,1
1772473230,243651193,-1.398452,-1.822485,-2.682093,0.308510,-1.459999,-0.810092,1,0.000000,0.000000,0.164156,-0.600000,0.163327,-0.600000,0.163327,-0.600000,0.000000,0.000000,0.151103,0.064149,0.149853,0.064958,0.149853,0.064958,0,7.558475,0.158436,0.143769,0.071482,0.056815,-0.580000,-0.600000,0.311127,0.246233,-0.386604,1
1772473230,293740945,-1.402814,-1.828222,-2.711464,0.316718,-1.459511,-0.832977,1,0.000000,0.000000,0.163327,-0.600000,0.161564,-0.600000,0.161564,-0.600000,0.000000,0.000000,0.149853,0.064958,0.149148,0.062112,0.149148,0.062112,0,7.850483,0.157187,0.142520,0.072291,0.057625,-0.580000,-0.600000,0.311127,0.244990,-0.363719,1
1772473230,318751027,-1.405866,-1.831113,-2.726279,0.320398,-1.461543,-0.847792,1,0.000000,0.000000,0.161564,-0.600000,0.161212,-0.600000,0.161212,-0.600000,0.000000,0.000000,0.149148,0.062112,0.147697,0.064613,0.147697,0.064613,0,8.550645,0.156482,0.141815,0.069445,0.054778,-0.580000,-0.600000,0.311127,0.242347,-0.348904,1
1772473230,343759696,-1.408541,-1.833527,-2.741707,0.323508,-1.463362,-0.863220,1,0.000000,0.000000,0.161212,-0.600000,0.162217,-0.600000,0.162217,-0.600000,0.000000,0.000000,0.147697,0.064613,0.147344,0.067852,0.147344,0.067852,0,9.278796,0.155031,0.140364,0.071946,0.057279,-0.580000,-0.600000,0.311127,0.241818,-0.333475,1
1772473230,394011933,-1.413954,-1.839708,-2.769876,0.331299,-1.463250,-0.887242,1,0.000000,0.000000,0.162217,-0.600000,0.161312,-0.600000,0.161312,-0.600000,0.000000,0.000000,0.147344,0.067852,0.147609,0.065062,0.147609,0.065062,0,9.695731,0.154677,0.140011,0.075186,0.060519,-0.580000,-0.600000,0.311127,0.243325,-0.309454,1
1772473230,418927682,-1.416977,-1.843184,-2.783728,0.335535,-1.465060,-0.901094,1,0.000000,0.000000,0.161312,-0.600000,0.159544,-0.600000,0.159544,-0.600000,0.000000,0.000000,0.147609,0.065062,0.145350,0.065786,0.145350,0.065786,0,10.491703,0.154942,0.140276,0.072395,0.057729,-0.580000,-0.600000,0.311127,0.241968,-0.295601,1
1772473230,444028302,-1.418675,-1.846778,-2.798783,0.339477,-1.465574,-0.916149,1,0.000000,0.000000,0.159544,-0.600000,0.160135,-0.600000,0.160135,-0.600000,0.000000,0.000000,0.145350,0.065786,0.146084,0.065595,0.146084,0.065595,0,10.941358,0.152683,0.138017,0.073119,0.058453,-0.580000,-0.600000,0.311127,0.239316,-0.280547,1
1772473230,494162078,-1.424478,-1.852887,-2.828838,0.348317,-1.468545,-0.947168,1,0.000000,0.000000,0.160135,-0.600000,0.157985,-0.600000,0.157985,-0.600000,0.000000,0.000000,0.146084,0.065595,0.143664,0.065725,0.143664,0.065725,0,12.663724,0.153418,0.138751,0.072928,0.058262,-0.580000,-0.600000,0.311127,0.240203,-0.249527,1
1772473230,519148780,-1.426263,-1.854939,-2.842953,0.350817,-1.469617,-0.961283,1,0.000000,0.000000,0.157985,-0.600000,0.160572,-0.600000,0.160572,-0.600000,0.000000,0.000000,0.143664,0.065725,0.145394,0.068147,0.145394,0.068147,0,13.472819,0.150998,0.136331,0.073058,0.058391,-0.580000,-0.600000,0.311127,0.236977,-0.235413,1
1772473230,544222219,-1.430192,-1.857253,-2.857768,0.354222,-1.472650,-0.976098,1,0.000000,0.000000,0.160572,-0.600000,0.167011,-0.592078,0.167011,-0.592078,0.000000,0.000000,0.145394,0.068147,0.148982,0.075480,0.148982,0.075480,0,15.439714,0.152727,0.138060,0.075480,0.060814,-0.580000,-0.600000,0.311127,0.240858,-0.220598,1
1772473230,594452493,-1.435871,-1.861660,-2.886362,0.360283,-1.477028,-1.004595,1,0.000000,0.000000,0.167011,-0.592078,0.176897,-0.572078,0.176897,-0.572078,0.000000,0.000000,0.148982,0.075480,0.156315,0.082814,0.156315,0.082814,0,19.258084,0.156315,0.141648,0.082814,0.068147,-0.572078,-0.600000,0.311127,0.250517,-0.192101,1
1772473230,619464679,-1.439783,-1.865958,-2.903151,0.367099,-1.483231,-1.020232,1,0.000000,0.000000,0.176897,-0.572078,0.184922,-0.552078,0.184922,-0.552078,0.000000,0.000000,0.156315,0.082814,0.161461,0.090147,0.161461,0.090147,0,26.098523,0.163648,0.148982,0.090147,0.075480,-0.552078,-0.592078,0.311127,0.265345,-0.176464,0
1772473230,644476358,-1.442082,-1.868956,-2.916307,0.370659,-1.484497,-1.033388,1,0.000000,0.000000,0.184922,-0.552078,0.194005,-0.532078,0.194005,-0.532078,0.000000,0.000000,0.161461,0.090147,0.167736,0.097480,0.167736,0.097480,0,28.816456,0.168795,0.154128,0.097480,0.082814,-0.532078,-0.572078,0.311127,0.277383,-0.163308,0
1772473230,694671203,-1.449291,-1.874952,-2.943965,0.378253,-1.489472,-1.060948,1,0.000000,0.000000,0.194005,-0.532078,0.204047,-0.512078,0.204047,-0.512078,0.000000,0.000000,0.167736,0.097480,0.175069,0.104814,0.175069,0.104814,0,41.358626,0.175069,0.160403,0.104814,0.090147,-0.512078,-0.552078,0.311127,0.291007,-0.135747,0
1772473230,719701487,-1.452873,-1.880057,-2.958578,0.380642,-1.490809,-1.074497,1,0.000000,0.000000,0.204047,-0.512078,0.214121,-0.492078,0.214121,-0.492078,0.000000,0.000000,0.175069,0.104814,0.182403,0.112147,0.182403,0.112147,0,46.982546,0.182403,0.167736,0.112147,0.097480,-0.492078,-0.532078,0.311127,0.306071,-0.122199,0
1772473230,744858521,-1.458055,-1.883544,-2.971778,0.385556,-1.494664,-1.087697,1,0.000000,0.000000,0.214121,-0.492078,0.218445,-0.472078,0.218445,-0.472078,0.000000,0.000000,0.182403,0.112147,0.182874,0.119480,0.182874,0.119480,0,67.092505,0.189736,0.175069,0.119480,0.104814,-0.472078,-0.512078,0.311127,0.321181,-0.108999,0
1772473230,794891053,-1.465186,-1.889294,-2.996956,0.393188,-1.500003,-1.113250,1,0.000000,0.000000,0.218445,-0.472078,0.216555,-0.452078,0.216555,-0.452078,0.000000,0.000000,0.182874,0.119480,0.175540,0.126814,0.175540,0.126814,0,139.465673,0.190207,0.175540,0.126814,0.112147,-0.452078,-0.492078,0.311127,0.327668,-0.083445,0
