sec,nsec,x,y,yaw,map_x,map_y,map_yaw,map_pose_valid,v_real,w_real,v_now,w_now,v_cmd,w_cmd,v_nav,w_nav,vx_real,vy_real,vx_now,vy_now,vx_cmd,vy_cmd,vx_nav,vy_nav,velocity_violation,curvature,dw_vx_max,dw_vx_min,dw_vy_max,dw_vy_min,dw_w_max,dw_w_min,v_reg,lookahead_dist,lookahead_yaw,is_accel
1772473258,728586213,0.100474,-0.544264,3.139093,-1.385982,-0.431652,-1.255362,1,0.000000,0.000000,0.241897,0.560000,0.239151,0.580000,0.239151,0.580000,0.000000,0.000000,-0.212667,0.115269,-0.205333,0.122603,-0.205333,0.122603,0,7.786451,-0.205333,-0.220000,0.122603,0.107936,0.580000,0.540000,0.311127,0.220000,1.262415,1
1772473258,753631212,0.099770,-0.545820,3.139338,-1.384284,-0.431834,-1.255118,1,0.000000,0.000000,0.239151,0.580000,0.236828,0.600000,0.236828,0.600000,0.000000,0.000000,-0.205333,0.122603,-0.198000,0.129936,-0.198000,0.129936,0,7.789438,-0.198000,-0.212667,0.129936,0.115269,0.600000,0.560000,0.311127,0.220000,1.262171,1
1772473258,778634375,0.101366,-0.545804,3.139159,-1.384798,-0.430324,-1.255296,1,0.000000,0.000000,0.236828,0.600000,0.234940,0.600000,0.234940,0.600000,0.000000,0.000000,-0.198000,0.129936,-0.190667,0.137269,-0.190667,0.137269,0,7.756978,-0.190667,-0.205333,0.137269,0.122603,0.600000,0.580000,0.311127,0.220000,1.262349,1
1772473258,828638866,0.100740,-0.546595,3.134916,-1.383851,-0.430671,-1.259539,1,0.000000,0.000000,0.234940,0.600000,0.233497,0.600000,0.233497,0.600000,0.000000,0.000000,-0.190667,0.137269,-0.183333,0.144603,-0.183333,0.144603,0,7.784717,-0.183333,-0.198000,0.144603,0.129936,0.600000,0.580000,0.311127,0.220000,1.266592,1
1772473258,853603729,0.102269,-0.546248,3.130040,-1.384658,-0.429327,-1.264416,1,0.000000,0.000000,0.233497,0.600000,0.232509,0.600000,0.232509,0.600000,0.000000,0.000000,-0.183333,0.144603,-0.176000,0.151936,-0.176000,0.151936,0,7.778031,-0.176000,-0.190667,0.151936,0.137269,0.600000,0.580000,0.311127,0.220000,1.271469,1
1772473258,878646423,0.103519,-0.547384,3.123127,-1.383971,-0.427785,-1.271328,1,0.000000,0.000000,0.232509,0.600000,0.231981,0.600000,0.231981,0.600000,0.000000,0.000000,-0.176000,0.151936,-0.168667,0.159269,-0.168667,0.159269,0,7.776603,-0.168667,-0.183333,0.159269,0.144603,0.600000,0.580000,0.311127,0.220000,1.278381,1
1772473258,928739307,0.108606,-0.552806,3.103245,-1.380410,-0.421257,-1.291210,1,0.000000,0.000000,0.231981,0.600000,0.231916,0.600000,0.231916,0.600000,0.000000,0.000000,-0.168667,0.159269,-0.161333,0.166603,-0.161333,0.166603,0,7.725359,-0.161333,-0.176000,0.166603,0.151936,0.600000,0.580000,0.311127,0.220000,1.298264,1
1772473258,953795544,0.111737,-0.554033,3.093176,-1.380224,-0.417900,-1.301280,1,0.000000,0.000000,0.231916,0.600000,0.232314,0.600000,0.232314,0.600000,0.000000,0.000000,-0.161333,0.166603,-0.154000,0.173936,-0.154000,0.173936,0,7.697241,-0.154000,-0.168667,0.173936,0.159269,0.600000,0.580000,0.311127,0.220000,1.308333,1
1772473258,978927470,0.115604,-0.556632,3.084895,-1.378964,-0.413415,-1.309560,1,0.000000,0.000000,0.232314,0.600000,0.233173,0.600000,0.233173,0.600000,0.000000,0.000000,-0.154000,0.173936,-0.146667,0.181269,-0.146667,0.181269,0,7.633312,-0.146667,-0.161333,0.181269,0.166603,0.600000,0.580000,0.311127,0.220000,1.316613,1
1772473259,29099740,0.123625,-0.564495,3.074629,-1.374002,-0.403338,-1.319827,1,0.000000,0.000000,0.233173,0.600000,0.234488,0.600000,0.234488,0.600000,0.000000,0.000000,-0.146667,0.181269,-0.139333,0.188603,-0.139333,0.188603,0,7.438938,-0.139333,-0.154000,0.188603,0.173936,0.600000,0.580000,0.311127,0.220000,1.326880,1
1772473259,54046631,0.125870,-0.569146,3.075951,-1.370286,-0.399751,-1.318504,1,0.000000,0.000000,0.234488,0.600000,0.236252,0.600000,0.236252,0.600000,0.000000,0.000000,-0.139333,0.188603,-0.132000,0.195936,-0.132000,0.195936,0,7.339849,-0.132000,-0.146667,0.195936,0.181269,0.600000,0.580000,0.311127,0.220000,1.331344,1
1772473259,79507915,0.129264,-0.570592,3.081106,-1.369973,-0.396075,-1.313349,1,0.000000,0.000000,0.236252,0.600000,0.238454,0.600000,0.238454,0.600000,0.000000,0.000000,-0.132000,0.195936,-0.124667,0.203269,-0.124667,0.203269,0,7.213084,-0.124667,-0.139333,0.203269,0.188603,0.600000,0.580000,0.311127,0.220000,1.326189,1
1772473259,129465838,0.134933,-0.578692,3.098302,-1.364052,-0.388158,-1.296154,1,0.000000,0.000000,0.238454,0.600000,0.241082,0.600000,0.241082,0.600000,0.000000,0.000000,-0.124667,0.203269,-0.117333,0.210603,-0.117333,0.210603,0,6.889548,-0.117333,-0.132000,0.210603,0.195936,0.600000,0.580000,0.311127,0.220000,1.308993,1
1772473259,154569528,0.137149,-0.581327,3.111644,-1.362241,-0.385230,-1.282812,1,0.000000,0.000000,0.241082,0.600000,0.244123,0.600000,0.244123,0.600000,0.000000,0.000000,-0.117333,0.210603,-0.110000,0.217936,-0.110000,0.217936,0,6.720443,-0.110000,-0.124667,0.217936,0.203269,0.600000,0.580000,0.311127,0.220000,1.295652,1
1772473259,179591415,0.140116,-0.586523,3.124173,-1.358233,-0.380787,-1.270283,1,0.000000,0.000000,0.244123,0.600000,0.242777,0.600000,0.242777,0.600000,0.000000,0.000000,-0.110000,0.217936,-0.102667,0.220000,-0.102667,0.220000,0,6.502127,-0.102667,-0.117333,0.220000,0.210603,0.600000,0.580000,0.311127,0.220000,1.283122,1
1772473259,229601575,0.143297,-0.593812,-3.133561,-1.352304,-0.375487,-1.244831,1,0.000000,0.000000,0.242777,0.600000,0.233057,0.600000,0.233057,0.600000,0.000000,0.000000,-0.102667,0.220000,-0.095333,0.212667,-0.095333,0.212667,0,6.159420,-0.095333,-0.110000,0.220000,0.212667,0.600000,0.580000,0.311127,0.220000,1.257671,1
1772473259,254639576,0.144828,-0.596993,-3.122050,-1.349761,-0.373038,-1.233320,1,0.000000,0.000000,0.233057,0.600000,0.223396,0.600000,0.223396,0.600000,0.000000,0.000000,-0.095333,0.212667,-0.088000,0.205333,-0.088000,0.205333,0,5.995959,-0.088000,-0.102667,0.220000,0.205333,0.600000,0.580000,0.311127,0.220000,1.246160,1
1772473259,279745533,0.146010,-0.600909,-3.111301,-1.346410,-0.370691,-1.222571,1,0.000000,0.000000,0.223396,0.600000,0.215472,0.600000,0.215472,0.600000,0.000000,0.000000,-0.088000,0.205333,-0.080667,0.199802,-0.080667,0.199802,0,5.838087,-0.080667,-0.095333,0.212667,0.198000,0.600000,0.580000,0.311127,0.220000,1.240791,1
1772473259,329740922,0.149350,-0.608805,-3.088402,-1.339954,-0.365050,-1.199672,1,0.000000,0.000000,0.215472,0.600000,0.205966,0.600000,0.205966,0.600000,0.000000,0.000000,-0.080667,0.199802,-0.073333,0.192469,-0.073333,0.192469,0,5.464075,-0.073333,-0.088000,0.207136,0.192469,0.600000,0.580000,0.311127,0.220000,1.217893,1
1772473259,354809018,0.151718,-0.613596,-3.075481,-1.336144,-0.361303,-1.186751,1,0.000000,0.000000,0.205966,0.600000,0.196548,0.600000,0.196548,0.600000,0.000000,0.000000,-0.073333,0.192469,-0.066000,0.185136,-0.066000,0.185136,0,5.221641,-0.066000,-0.080667,0.199802,0.185136,0.600000,0.580000,0.311127,0.220000,1.204971,1
1772473259,379829188,0.154694,-0.617010,-3.060781,-1.333832,-0.357409,-1.172051,1,0.000000,0.000000,0.196548,0.600000,0.187231,0.600000,0.187231,0.600000,0.000000,0.000000,-0.066000,0.185136,-0.058667,0.177802,-0.058667,0.177802,0,4.950711,-0.058667,-0.073333,0.192469,0.177802,0.600000,0.580000,0.311127,0.220000,1.190271,1
1772473259,429938409,0.159278,-0.625697,-3.030783,-1.327013,-0.350340,-1.142053,1,0.000000,0.000000,0.187231,0.600000,0.178030,0.600000,0.178030,0.600000,0.000000,0.000000,-0.058667,0.177802,-0.051333,0.170469,-0.051333,0.170469,0,4.411639,-0.051333,-0.066000,0.185136,0.170469,0.600000,0.580000,0.311127,0.220000,1.160274,1
1772473259,454980886,0.161410,-0.630456,-3.015993,-1.323158,-0.346826,-1.127263,1,0.000000,0.000000,0.178030,0.600000,0.168965,0.600000,0.168965,0.600000,0.000000,0.000000,-0.051333,0.170469,-0.044000,0.163136,-0.044000,0.163136,0,4.133451,-0.044000,-0.058667,0.177802,0.163136,0.600000,0.580000,0.311127,0.220000,1.145483,1
1772473259,480142843,0.163890,-0.635255,-3.000794,-1.319375,-0.342970,-1.112064,1,0.000000,0.000000,0.168965,0.600000,0.160059,0.600000,0.160059,0.600000,0.000000,0.000000,-0.044000,0.163136,-0.036667,0.155802,-0.036667,0.155802,0,3.827613,-0.036667,-0.051333,0.170469,0.155802,0.600000,0.580000,0.311127,0.220000,1.135296,1
1772473259,530115288,0.167017,-0.643508,-2.970897,-1.312513,-0.337420,-1.082167,1,0.000000,0.000000,0.160059,0.600000,0.151339,0.600000,0.151339,0.600000,0.000000,0.000000,-0.036667,0.155802,-0.029333,0.148469,-0.029333,0.148469,0,3.305719,-0.029333,-0.044000,0.163136,0.148469,0.600000,0.580000,0.311127,0.220000,1.105399,1
1772473259,555140221,0.169943,-0.648046,-2.955102,-1.309118,-0.333222,-1.066372,1,0.000000,0.000000,0.151339,0.600000,0.142840,0.600000,0.142840,0.600000,0.000000,0.000000,-0.029333,0.148469,-0.022000,0.141136,-0.022000,0.141136,0,2.953447,-0.022000,-0.036667,0.155802,0.141136,0.600000,0.580000,0.311127,0.220000,1.089604,1
1772473259,580258191,0.170306,-0.650278,-2.939513,-1.307111,-0.332180,-1.050783,1,0.000000,0.000000,0.142840,0.600000,0.134604,0.600000,0.134604,0.600000,0.000000,0.000000,-0.022000,0.141136,-0.014667,0.133802,-0.014667,0.133802,0,2.764813,-0.014667,-0.029333,0.148469,0.133802,0.600000,0.580000,0.311127,0.220000,1.074015,1
1772473259,630285211,0.173017,-0.657279,-2.909672,-1.301309,-0.327416,-1.020942,1,0.000000,0.000000,0.134604,0.600000,0.126682,0.600000,0.126682,0.600000,0.000000,0.000000,-0.014667,0.133802,-0.007333,0.126469,-0.007333,0.126469,0,2.245411,-0.007333,-0.022000,0.141136,0.126469,0.600000,0.580000,0.311127,0.220000,1.044174,1
1772473259,655270444,0.174051,-0.659114,-2.894356,-1.299888,-0.325861,-1.005625,1,0.000000,0.000000,0.126682,0.600000,0.119136,0.600000,0.119136,0.600000,0.000000,0.000000,-0.007333,0.126469,0.000000,0.119136,0.000000,0.119136,0,2.022382,0.000000,-0.014667,0.133802,0.119136,0.600000,0.580000,0.311127,0.220000,1.028857,1
1772473259,680346680,0.175784,-0.664495,-2.880110,-1.295319,-0.322532,-0.991379,1,0.000000,0.000000,0.119136,0.600000,0.112043,0.600000,0.112043,0.600000,0.000000,0.000000,0.000000,0.119136,0.007333,0.111802,0.007333,0.111802,0,1.705440,0.007333,-0.007333,0.126469,0.111802,0.600000,0.580000,0.311127,0.220000,1.014611,1
1772473259,730462480,0.176676,-0.668760,-2.848506,-1.291547,-0.320352,-0.959776,1,0.000000,0.000000,0.112043,0.600000,0.105494,0.600000,0.105494,0.600000,0.000000,0.000000,0.007333,0.111802,0.014667,0.104469,0.014667,0.104469,0,1.295135,0.014667,0.000000,0.119136,0.104469,0.600000,0.580000,0.311127,0.220000,0.983008,1
1772473259,755384464,0.177423,-0.673301,-2.833258,-1.287466,-0.318222,-0.944528,1,0.000000,0.000000,0.105494,0.600000,0.099596,0.600000,0.099596,0.600000,0.000000,0.000000,0.014667,0.104469,0.022000,0.097136,0.022000,0.097136,0,1.031517,0.022000,0.007333,0.111802,0.097136,0.600000,0.580000,0.311127,0.220000,0.967760,1
1772473259,780484549,0.177859,-0.675862,-2.818281,-1.285170,-0.317008,-0.929551,1,0.000000,0.000000,0.099596,0.600000,0.094472,0.600000,0.094472,0.600000,0.000000,0.000000,0.022000,0.097136,0.029333,0.089802,0.029333,0.089802,0,0.823048,0.029333,0.014667,0.104469,0.089802,0.600000,0.580000,0.311127,0.220000,0.957458,1
1772473259,830519638,0.178647,-0.680409,-2.787263,-1.281098,-0.314837,-0.898533,1,0.000000,0.000000,0.094472,0.600000,0.090253,0.600000,0.090253,0.600000,0.000000,0.000000,0.029333,0.089802,0.036667,0.082469,0.036667,0.082469,0,0.409428,0.036667,0.022000,0.097136,0.082469,0.600000,0.580000,0.311127,0.220000,0.926440,1
1772473259,855551285,0.178793,-0.683055,-2.770595,-1.278630,-0.313872,-0.881865,1,0.000000,0.000000,0.090253,0.600000,0.087071,0.600000,0.087071,0.600000,0.000000,0.000000,0.036667,0.082469,0.044000,0.075136,0.044000,0.075136,0,0.199385,0.044000,0.029333,0.089802,0.075136,0.600000,0.580000,0.311127,0.220000,0.909772,1
1772473259,880657067,0.178346,-0.685070,-2.754670,-1.276576,-0.313667,-0.865940,1,0.000000,0.000000,0.087071,0.600000,0.085043,0.600000,0.085043,0.600000,0.000000,0.000000,0.044000,0.075136,0.051333,0.067802,0.051333,0.067802,0,0.044642,0.051333,0.036667,0.082469,0.067802,0.600000,0.580000,0.311127,0.220000,0.893847,1
1772473259,930640907,0.179376,-0.690293,-2.722134,-1.271936,-0.311056,-0.833404,1,0.000000,0.000000,0.085043,0.600000,0.084251,0.600000,0.084251,0.600000,0.000000,0.000000,0.051333,0.067802,0.058667,0.060469,0.058667,0.060469,0,-0.415713,0.058667,0.044000,0.075136,0.060469,0.600000,0.580000,0.311127,0.220000,0.861311,1
1772473259,955734272,0.180092,-0.692837,-2.705855,-1.269744,-0.309580,-0.817125,1,0.000000,0.000000,0.084251,0.600000,0.084731,0.600000,0.084731,0.600000,0.000000,0.000000,0.058667,0.060469,0.066000,0.053136,0.066000,0.053136,0,-0.658818,0.066000,0.051333,0.067802,0.053136,0.600000,0.580000,0.311127,0.220000,0.845032,1
1772473259,980769069,0.178983,-0.693393,-2.689017,-1.268869,-0.310460,-0.800287,1,0.000000,0.000000,0.084731,0.600000,0.086462,0.600000,0.086462,0.600000,0.000000,0.000000,0.066000,0.053136,0.073333,0.045802,0.073333,0.045802,0,-0.750739,0.073333,0.058667,0.060469,0.045802,0.600000,0.580000,0.311127,0.220000,0.828194,1
1772473260,30814972,0.178405,-0.698098,-2.655391,-1.264219,-0.309538,-0.766661,1,0.000000,0.000000,0.086462,0.600000,0.089370,0.600000,0.089370,0.600000,0.000000,0.000000,0.073333,0.045802,0.080667,0.038469,0.080667,0.038469,0,-1.107650,0.080667,0.066000,0.053136,0.038469,0.600000,0.580000,0.311127,0.220000,0.798935,1
1772473260,55837633,0.176854,-0.700726,-2.638353,-1.261238,-0.310190,-0.749623,1,0.000000,0.000000,0.089370,0.600000,0.093346,0.600000,0.093346,0.600000,0.000000,0.000000,0.080667,0.038469,0.088000,0.031136,0.088000,0.031136,0,-1.211349,0.088000,0.073333,0.045802,0.031136,0.600000,0.580000,0.311127,0.220000,0.781898,1
1772473260,80893186,0.176389,-0.702615,-2.621114,-1.259299,-0.310041,-0.732384,1,0.000000,0.000000,0.093346,0.600000,0.098260,0.600000,0.098260,0.600000,0.000000,0.000000,0.088000,0.031136,0.095333,0.023802,0.095333,0.023802,0,-1.372535,0.095333,0.080667,0.038469,0.023802,0.600000,0.580000,0.311127,0.220000,0.764659,1
1772473260,105864302,0.175065,-0.704868,-2.604269,-1.256745,-0.310594,-0.715539,1,0.000000,0.000000,0.098260,0.600000,0.103979,0.600000,0.103979,0.600000,0.000000,0.000000,0.095333,0.023802,0.102667,0.016469,0.102667,0.016469,0,-1.481032,0.102667,0.088000,0.031136,0.016469,0.600000,0.580000,0.311127,0.220000,0.751902,1
1772473260,155913212,0.172798,-0.709224,-2.570562,-1.251898,-0.311387,-0.681832,1,0.000000,0.000000,0.103979,0.600000,0.110379,0.600000,0.110379,0.600000,0.000000,0.000000,0.102667,0.016469,0.110000,0.009136,0.110000,0.009136,0,-1.719158,0.110000,0.095333,0.023802,0.009136,0.600000,0.580000,0.311127,0.220000,0.718194,1
1772473260,180985629,0.172357,-0.710201,-2.553905,-1.250832,-0.311499,-0.665175,1,0.000000,0.000000,0.110379,0.600000,0.117347,0.600000,0.117347,0.600000,0.000000,0.000000,0.110000,0.009136,0.117333,0.001802,0.117333,0.001802,0,-1.857747,0.117333,0.102667,0.016469,0.001802,0.600000,0.580000,0.311127,0.220000,0.705368,1
1772473260,230989234,0.167950,-0.713382,-2.520867,-1.246481,-0.314689,-0.632215,1,0.000000,0.000000,0.117347,0.600000,0.124789,0.600000,0.124789,0.600000,0.000000,0.000000,0.117333,0.001802,0.124667,-0.005531,0.124667,-0.005531,0,-1.933533,0.124667,0.110000,0.009136,-0.005531,0.600000,0.580000,0.311127,0.220000,0.672407,1
1772473260,255994938,0.166541,-0.716060,-2.505031,-1.244317,-0.315155,-0.617704,1,0.000000,0.000000,0.124789,0.600000,0.132625,0.600000,0.132625,0.600000,0.000000,0.000000,0.124667,-0.005531,0.132000,-0.012864,0.132000,-0.012864,0,-2.026975,0.132000,0.117333,0.001802,-0.012864,0.600000,0.580000,0.311127,0.220000,0.661709,1
1772473260,281089298,0.163493,-0.717714,-2.488713,-1.241796,-0.317536,-0.601386,1,0.000000,0.000000,0.132625,0.600000,0.140790,0.600000,0.140790,0.600000,0.000000,0.000000,0.132000,-0.012864,0.139333,-0.020198,0.139333,-0.020198,0,-2.015274,0.139333,0.124667,-0.005531,-0.020198,0.600000,0.580000,0.311127,0.220000,0.645391,1
1772473260,331081364,0.157806,-0.721016,-2.456425,-1.236888,-0.321913,-0.569097,1,0.000000,0.000000,0.140790,0.600000,0.149228,0.600000,0.149228,0.600000,0.000000,0.000000,0.139333,-0.020198,0.146667,-0.027531,0.146667,-0.027531,0,-2.019771,0.146667,0.132000,-0.012864,-0.027531,0.600000,0.580000,0.311127,0.220000,0.616806,1
1772473260,356055395,0.156503,-0.724437,-2.441486,-1.233247,-0.322466,-0.554380,1,0.000000,0.000000,0.149228,0.600000,0.157897,0.600000,0.157897,0.600000,0.000000,0.000000,0.146667,-0.027531,0.154000,-0.034864,0.154000,-0.034864,0,-2.106365,0.154000,0.139333,-0.020198,-0.034864,0.600000,0.580000,0.311127,0.220000,0.605374,1
1772473260,381131238,0.151988,-0.726665,-2.426943,-1.230037,-0.333332,-0.544056,1,0.000000,0.000000,0.157897,0.600000,0.166761,0.600000,0.166761,0.600000,0.000000,0.000000,0.154000,-0.034864,0.161333,-0.042198,0.161333,-0.042198,0,-1.556335,0.161333,0.146667,-0.027531,-0.042198,0.600000,0.580000,0.311127,0.220000,0.598040,1
1772473260,406094283,0.149456,-0.727860,-2.412561,-1.228122,-0.335375,-0.529673,1,0.000000,0.000000,0.166761,0.600000,0.175789,0.600000,0.175789,0.600000,0.000000,0.000000,0.161333,-0.042198,0.168667,-0.049531,0.168667,-0.049531,0,-1.564551,0.168667,0.154000,-0.034864,-0.049531,0.600000,0.580000,0.311127,0.220000,0.586475,1
1772473260,456143961,0.143803,-0.732437,-2.386787,-1.221882,-0.339056,-0.503996,1,0.000000,0.000000,0.175789,0.600000,0.184035,0.600000,0.184035,0.600000,0.000000,0.000000,0.168667,-0.049531,0.176000,-0.053786,0.176000,-0.053786,0,-1.571593,0.176000,0.161333,-0.042198,-0.056864,0.600000,0.580000,0.311127,0.220000,0.563458,1
1772473260,481159360,0.140302,-0.733514,-2.373077,-1.216725,-0.336006,-0.492288,1,0.000000,0.000000,0.184035,0.600000,0.193253,0.600000,0.193253,0.600000,0.000000,0.000000,0.176000,-0.053786,0.183333,-0.061119,0.183333,-0.061119,0,-1.827641,0.183333,0.168667,-0.046453,-0.061119,0.600000,0.580000,0.311127,0.220000,0.551749,1
1772473260,531147393,0.133829,-0.735984,-2.347306,-1.212398,-0.341417,-0.466517,1,0.000000,0.000000,0.193253,0.600000,0.199832,0.600000,0.199832,0.600000,0.000000,0.000000,0.183333,-0.061119,0.190667,-0.059824,0.190667,-0.059824,0,-1.748017,0.190667,0.176000,-0.053786,-0.068453,0.600000,0.580000,0.311127,0.220000,0.528747,1
1772473260,556144079,0.130811,-0.738426,-2.335278,-1.208951,-0.343239,-0.454480,1,0.000000,0.000000,0.199832,0.600000,0.206826,0.600000,0.206826,0.600000,0.000000,0.000000,0.190667,-0.059824,0.198000,-0.059773,0.198000,-0.059773,0,-1.746529,0.198000,0.183333,-0.052491,-0.067157,0.600000,0.580000,0.311127,0.220000,0.516710,1
1772473260,581169842,0.127112,-0.740336,-2.323935,-1.201166,-0.338781,-0.442929,1,0.000000,0.000000,0.206826,0.600000,0.216021,0.600000,0.216021,0.600000,0.000000,0.000000,0.198000,-0.059773,0.205333,-0.067106,0.205333,-0.067106,0,-2.062523,0.205333,0.190667,-0.052440,-0.067106,0.600000,0.580000,0.311127,0.220000,0.507897,1
1772473260,631207206,0.120065,-0.742970,-2.298623,-1.196506,-0.344688,-0.417617,1,0.000000,0.000000,0.216021,0.600000,0.222949,0.600000,0.222949,0.600000,0.000000,0.000000,0.205333,-0.067106,0.212667,-0.066928,0.212667,-0.066928,0,-1.955582,0.212667,0.198000,-0.059773,-0.074440,0.600000,0.580000,0.311127,0.220000,0.484927,1
1772473260,656227956,0.118183,-0.747035,-2.287529,-1.191854,-0.345476,-0.406549,1,0.000000,0.000000,0.222949,0.600000,0.230363,0.600000,0.230363,0.600000,0.000000,0.000000,0.212667,-0.066928,0.220000,-0.068318,0.220000,-0.068318,0,-1.996195,0.220000,0.205333,-0.059594,-0.074261,0.600000,0.580000,0.311127,0.220000,0.473859,1
1772473260,681308035,0.113267,-0.748778,-2.276286,-1.183477,-0.355594,-0.395957,1,0.000000,0.000000,0.230363,0.600000,0.228296,0.600000,0.228296,0.600000,0.000000,0.000000,0.220000,-0.068318,0.220000,-0.060984,0.220000,-0.060984,0,-1.540571,0.220000,0.212667,-0.060984,-0.075651,0.600000,0.580000,0.311127,0.220000,0.467373,1
1772473260,731333477,0.106357,-0.752255,-2.253457,-1.178061,-0.361117,-0.373128,1,0.000000,0.000000,0.228296,0.600000,0.226447,0.600000,0.226447,0.600000,0.000000,0.000000,0.220000,-0.060984,0.220000,-0.053651,0.220000,-0.053651,0,-1.449759,0.220000,0.212667,-0.053651,-0.068318,0.600000,0.580000,0.311127,0.220000,0.446792,1
1772473260,756363769,0.102455,-0.757007,-2.241243,-1.172314,-0.363514,-0.360868,1,0.000000,0.000000,0.226447,0.600000,0.225311,0.600000,0.225311,0.600000,0.000000,0.000000,0.220000,-0.053651,0.220000,-0.048632,0.220000,-0.048632,0,-1.420989,0.220000,0.212667,-0.046318,-0.060984,0.600000,0.580000,0.311127,0.220000,0.436686,1
1772473260,781416545,0.099219,-0.760127,-2.229205,-1.167560,-0.368785,-0.347698,1,0.000000,0.000000,0.225311,0.600000,0.224223,0.600000,0.224223,0.600000,0.000000,0.000000,0.220000,-0.048632,0.220000,-0.043312,0.220000,-0.043312,0,-1.265558,0.220000,0.212667,-0.041299,-0.055965,0.600000,0.580000,0.311127,0.220000,0.425216,1
1772473260,831422044,0.091098,-0.765465,-2.202405,-1.159994,-0.374885,-0.320898,1,0.000000,0.000000,0.224223,0.600000,0.223723,0.580000,0.223723,0.580000,0.000000,0.000000,0.220000,-0.043312,0.220000,-0.040643,0.220000,-0.040643,0,-1.187552,0.220000,0.212667,-0.035979,-0.050646,0.600000,0.580000,0.311127,0.220000,0.400015,1
1772473260,856476031,0.088674,-0.769139,-2.187378,-1.155819,-0.376260,-0.305910,1,0.000000,0.000000,0.223723,0.580000,0.224070,0.560000,0.224070,0.560000,0.000000,0.000000,0.220000,-0.040643,0.220000,-0.042512,0.220000,-0.042512,0,-1.242179,0.220000,0.212667,-0.033309,-0.047976,0.600000,0.560000,0.311127,0.220000,0.385027,1
1772473260,881535923,0.083012,-0.772345,-2.171501,-1.152716,-0.385680,-0.291080,1,0.000000,0.000000,0.224070,0.560000,0.222795,0.540000,0.222795,0.540000,0.000000,0.000000,0.220000,-0.042512,0.220000,-0.035179,0.220000,-0.035179,0,-0.926132,0.220000,0.212667,-0.035179,-0.049846,0.580000,0.540000,0.311127,0.220000,0.371992,1
1772473260,931609707,0.076069,-0.781385,-2.140462,-1.141990,-0.389538,-0.260041,1,0.000000,0.000000,0.222795,0.540000,0.222595,0.520000,0.222595,0.520000,0.000000,0.000000,0.220000,-0.035179,0.220000,-0.033889,0.220000,-0.033889,0,-0.990223,0.220000,0.212667,-0.027846,-0.042512,0.560000,0.520000,0.311127,0.220000,0.342743,1
1772473260,956663894,0.071766,-0.784779,-2.125864,-1.137315,-0.392411,-0.245581,1,0.000000,0.000000,0.222595,0.520000,0.222506,0.500000,0.222506,0.500000,0.000000,0.000000,0.220000,-0.033889,0.220000,-0.033301,0.220000,-0.033301,0,-0.973033,0.220000,0.212667,-0.026556,-0.041223,0.540000,0.500000,0.311127,0.220000,0.329712,1
1772473260,981713372,0.066883,-0.789391,-2.112606,-1.128046,-0.390708,-0.235903,1,0.000000,0.000000,0.222506,0.500000,0.223210,0.480000,0.223210,0.480000,0.000000,0.000000,0.220000,-0.033301,0.220000,-0.037719,0.220000,-0.037719,0,-1.102123,0.220000,0.212667,-0.025968,-0.040634,0.520000,0.480000,0.311127,0.220000,0.321318,1
1772473261,31751447,0.061653,-0.799405,-2.087417,-1.117225,-0.392782,-0.210678,1,0.000000,0.000000,0.223210,0.480000,0.223766,0.460000,0.223766,0.460000,0.000000,0.000000,0.220000,-0.037719,0.220000,-0.040879,0.220000,-0.040879,0,-1.194443,0.220000,0.212667,-0.030386,-0.045052,0.500000,0.460000,0.311127,0.220000,0.297624,1
1772473261,56745289,0.058194,-0.803028,-2.074407,-1.120511,-0.397627,-0.196748,1,0.000000,0.000000,0.223766,0.460000,0.223293,0.440000,0.223293,0.440000,0.000000,0.000000,0.220000,-0.040879,0.220000,-0.038205,0.220000,-0.038205,0,-1.116331,0.220000,0.212667,-0.033545,-0.048212,0.480000,0.440000,0.311127,0.220000,0.283693,1
1772473261,81781620,0.054044,-0.808200,-2.062091,-1.114327,-0.400020,-0.184431,1,0.000000,0.000000,0.223293,0.440000,0.223184,0.420000,0.223184,0.420000,0.000000,0.000000,0.220000,-0.038205,0.220000,-0.037562,0.220000,-0.037562,0,-1.097531,0.220000,0.212667,-0.030872,-0.045539,0.460000,0.420000,0.311127,0.220000,0.272857,1
1772473261,131803842,0.047745,-0.817504,-2.039372,-1.100447,-0.396456,-0.163768,1,0.000000,0.000000,0.223184,0.420000,0.224534,0.400000,0.224534,0.400000,0.000000,0.000000,0.220000,-0.037562,0.220000,-0.044895,0.220000,-0.044895,0,-1.386990,0.220000,0.212667,-0.030229,-0.044895,0.440000,0.400000,0.311127,0.220000,0.253300,1
1772473261,156817033,0.044942,-0.822247,-2.028755,-1.095081,-0.397706,-0.153151,1,0.000000,0.000000,0.224534,0.400000,0.225200,0.380000,0.225200,0.380000,0.000000,0.000000,0.220000,-0.044895,0.220000,-0.048115,0.220000,-0.048115,0,-1.405874,0.220000,0.212667,-0.037562,-0.052229,0.420000,0.380000,0.311127,0.220000,0.243809,1
1772473261,181894559,0.041310,-0.825960,-2.018560,-1.090448,-0.400056,-0.142956,1,0.000000,0.000000,0.225200,0.380000,0.224981,0.360000,0.224981,0.360000,0.000000,0.000000,0.220000,-0.048115,0.220000,-0.047080,0.220000,-0.047080,0,-1.375638,0.220000,0.212667,-0.040781,-0.055448,0.400000,0.360000,0.311127,0.220000,0.233614,1
1772473261,206876706,0.037765,-0.830457,-2.009333,-1.085367,-0.402073,-0.133681,1,0.000000,0.000000,0.224981,0.360000,0.224802,0.340000,0.224802,0.340000,0.000000,0.000000,0.220000,-0.047080,0.220000,-0.046217,0.220000,-0.046217,0,-1.350428,0.220000,0.212667,-0.039746,-0.054413,0.380000,0.340000,0.311127,0.220000,0.225623,1
1772473261,256855285,0.031848,-0.840832,-1.991375,-1.080816,-0.404178,-0.114473,1,0.000000,0.000000,0.224802,0.340000,0.225253,0.320000,0.225253,0.320000,0.000000,0.000000,0.220000,-0.046217,0.220000,-0.048362,0.220000,-0.048362,0,-1.413107,0.220000,0.212667,-0.038884,-0.053550,0.360000,0.320000,0.311127,0.220000,0.206415,1
1772473261,281892977,0.028206,-0.844323,-1.981881,-1.076390,-0.406598,-0.104979,1,0.000000,0.000000,0.225253,0.320000,0.224981,0.300000,0.224981,0.300000,0.000000,0.000000,0.220000,-0.048362,0.220000,-0.047079,0.220000,-0.047079,0,-1.375621,0.220000,0.212667,-0.041029,-0.055695,0.340000,0.300000,0.311127,0.220000,0.198049,1
1772473261,331855571,0.021487,-0.854723,-1.967422,-1.064941,-0.417441,-0.088752,1,0.000000,0.000000,0.224981,0.300000,0.223561,0.280000,0.223561,0.280000,0.000000,0.000000,0.220000,-0.047079,0.220000,-0.039746,0.220000,-0.039746,0,-1.009659,0.220000,0.212667,-0.039746,-0.054413,0.320000,0.280000,0.311127,0.220000,0.182689,1
1772473261,356879101,0.018198,-0.858713,-1.959839,-1.060143,-0.419367,-0.081170,1,0.000000,0.000000,0.223561,0.280000,0.222525,0.260000,0.222525,0.260000,0.000000,0.000000,0.220000,-0.039746,0.220000,-0.033426,0.220000,-0.033426,0,-0.976678,0.220000,0.212667,-0.032413,-0.047079,0.300000,0.260000,0.311127,0.220000,0.176165,1
1772473261,381927844,0.014065,-0.862949,-1.953593,-1.054853,-0.422022,-0.074923,1,0.000000,0.000000,0.222525,0.260000,0.222141,0.241783,0.222141,0.241783,0.000000,0.000000,0.220000,-0.033426,0.220000,-0.030765,0.220000,-0.030765,0,-0.898926,0.220000,0.212667,-0.026092,-0.040759,0.280000,0.240000,0.311127,0.220000,0.170966,1
1772473261,431922466,0.008002,-0.873376,-1.940549,-1.044447,-0.421718,-0.064450,1,0.000000,0.000000,0.222141,0.241783,0.222461,0.228056,0.222461,0.228056,0.000000,0.000000,0.220000,-0.030765,0.220000,-0.032997,0.220000,-0.032997,0,-0.964148,0.220000,0.212667,-0.023431,-0.038098,0.261783,0.221783,0.311127,0.220000,0.161260,1
1772473261,456950828,0.006287,-0.879677,-1.935466,-1.037922,-0.421459,-0.059366,1,0.000000,0.000000,0.222461,0.228056,0.222616,0.220868,0.222616,0.220868,0.000000,0.000000,0.220000,-0.032997,0.220000,-0.034029,0.220000,-0.034029,0,-0.994293,0.220000,0.212667,-0.025664,-0.040330,0.248056,0.208056,0.311127,0.220000,0.156177,1
1772473261,482009770,0.003252,-0.883818,-1.930068,-1.033061,-0.423109,-0.053968,1,0.000000,0.000000,0.222616,0.220868,0.222406,0.214384,0.222406,0.214384,0.000000,0.000000,0.220000,-0.034029,0.220000,-0.032624,0.220000,-0.032624,0,-0.953236,0.220000,0.212667,-0.026695,-0.041362,0.240868,0.200868,0.311127,0.220000,0.151593,1
1772473261,532063303,-0.002557,-0.893732,-1.919242,-1.016151,-0.432393,-0.042966,1,0.000000,0.000000,0.222406,0.214384,0.221449,0.201107,0.221449,0.201107,0.000000,0.000000,0.220000,-0.032624,0.220000,-0.025290,0.220000,-0.025290,0,-0.592146,0.220000,0.212667,-0.025290,-0.039957,0.234384,0.194384,0.311127,0.220000,0.142204,1
1772473261,557124600,-0.005261,-0.898330,-1.914154,-1.010952,-0.433589,-0.037877,1,0.000000,0.000000,0.221449,0.201107,0.220853,0.193911,0.220853,0.193911,0.000000,0.000000,0.220000,-0.025290,0.220000,-0.019390,0.220000,-0.019390,0,-0.566550,0.220000,0.212667,-0.017957,-0.032624,0.221107,0.181107,0.311127,0.220000,0.137116,1
1772473261,582195191,-0.008300,-0.903623,-1.908577,-1.004991,-0.434896,-0.032301,1,0.000000,0.000000,0.220853,0.193911,0.220768,0.186904,0.220768,0.186904,0.000000,0.000000,0.220000,-0.019390,0.220000,-0.018400,0.220000,-0.018400,0,-0.537623,0.220000,0.212667,-0.012056,-0.026723,0.213911,0.173911,0.311127,0.220000,0.132161,1
1772473261,632184322,-0.012225,-0.914519,-1.901147,-0.993409,-0.435290,-0.024930,1,0.000000,0.000000,0.220768,0.186904,0.220773,0.177537,0.220773,0.177537,0.000000,0.000000,0.220000,-0.018400,0.220000,-0.018464,0.220000,-0.018464,0,-0.539518,0.220000,0.212667,-0.011066,-0.025733,0.206904,0.166904,0.311127,0.220000,0.125538,1
1772473261,657235486,-0.014275,-0.918704,-1.896429,-0.988564,-0.434242,-0.021655,1,0.000000,0.000000,0.220773,0.177537,0.220933,0.173827,0.220933,0.173827,0.000000,0.000000,0.220000,-0.018464,0.220000,-0.020282,0.220000,-0.020282,0,-0.592617,0.220000,0.212667,-0.011131,-0.025798,0.197537,0.157537,0.311127,0.220000,0.122914,1
1772473261,682278842,-0.016996,-0.923914,-1.892422,-0.982779,-0.435278,-0.017649,1,0.000000,0.000000,0.220933,0.173827,0.220837,0.168161,0.220837,0.168161,0.000000,0.000000,0.220000,-0.020282,0.220000,-0.019208,0.220000,-0.019208,0,-0.561245,0.220000,0.212667,-0.012948,-0.027615,0.193827,0.153827,0.311127,0.220000,0.118908,1
1772473261,732367873,-0.021036,-0.935670,-1.884515,-0.970352,-0.435614,-0.009741,1,0.000000,0.000000,0.220837,0.168161,0.220852,0.158514,0.220852,0.158514,0.000000,0.000000,0.220000,-0.019208,0.220000,-0.019379,0.220000,-0.019379,0,-0.566233,0.220000,0.212667,-0.011875,-0.026541,0.188161,0.148161,0.311127,0.220000,0.112086,1
1772473261,757379762,-0.023092,-0.940964,-1.880009,-0.964681,-0.435721,-0.005483,1,0.000000,0.000000,0.220852,0.158514,0.220882,0.152492,0.220882,0.152492,0.000000,0.000000,0.220000,-0.019379,0.220000,-0.019722,0.220000,-0.019722,0,-0.576251,0.220000,0.212667,-0.012045,-0.026712,0.178514,0.138514,0.311127,0.220000,0.107828,1
1772473261,782400714,-0.025332,-0.945811,-1.875891,-0.959301,-0.430042,-0.007214,1,0.000000,0.000000,0.220882,0.152492,0.221590,0.155734,0.221590,0.155734,0.000000,0.000000,0.220000,-0.019722,0.220000,-0.026499,0.220000,-0.026499,0,-0.774291,0.220000,0.212667,-0.012388,-0.027055,0.172492,0.132492,0.311127,0.220000,0.110120,1
1772473261,807548421,-0.026653,-0.949758,-1.872451,-0.955141,-0.430147,-0.003773,1,0.000000,0.000000,0.221590,0.155734,0.221627,0.150868,0.221627,0.150868,0.000000,0.000000,0.220000,-0.026499,0.220000,-0.026804,0.220000,-0.026804,0,-0.783196,0.220000,0.212667,-0.019166,-0.033833,0.175734,0.135734,0.311127,0.220000,0.106680,1
1772473261,857463134,-0.031811,-0.960791,-1.865516,-0.942996,-0.431804,0.002966,1,0.000000,0.000000,0.221627,0.150868,0.221387,0.141855,0.221387,0.141855,0.000000,0.000000,0.220000,-0.026804,0.220000,-0.024738,0.220000,-0.024738,0,-0.722840,0.220000,0.212667,-0.019471,-0.034137,0.170868,0.130868,0.311127,0.220000,0.100306,1
1772473261,882539734,-0.032723,-0.964804,-1.861733,-0.936861,-0.430677,0.001985,1,0.000000,0.000000,0.221387,0.141855,0.221431,0.143913,0.221431,0.143913,0.000000,0.000000,0.220000,-0.024738,0.220000,-0.025134,0.220000,-0.025134,0,-0.734384,0.220000,0.212667,-0.017405,-0.032072,0.161855,0.121855,0.311127,0.220000,0.101762,1
1772473261,907576598,-0.034751,-0.971230,-1.856474,-0.930123,-0.430762,0.007244,1,0.000000,0.000000,0.221431,0.143913,0.221489,0.137107,0.221489,0.137107,0.000000,0.000000,0.220000,-0.025134,0.220000,-0.025643,0.220000,-0.025643,0,-0.749280,0.220000,0.212667,-0.017800,-0.032467,0.163913,0.123913,0.311127,0.220000,0.096949,1
1772473261,957608803,-0.039650,-0.981100,-1.848660,-0.919313,-0.432870,0.015042,1,0.000000,0.000000,0.221489,0.137107,0.221247,0.126487,0.221247,0.126487,0.000000,0.000000,0.220000,-0.025643,0.220000,-0.023454,0.220000,-0.023454,0,-0.685323,0.220000,0.212667,-0.018310,-0.032977,0.157107,0.117107,0.311127,0.220000,0.089440,1
1772473261,982626429,-0.041482,-0.986880,-1.845693,-0.914633,-0.439779,0.017603,1,0.000000,0.000000,0.221247,0.126487,0.220590,0.122865,0.220590,0.122865,0.000000,0.000000,0.220000,-0.023454,0.220000,-0.016121,0.220000,-0.016121,0,-0.401664,0.220000,0.212667,-0.016121,-0.030788,0.146487,0.106487,0.311127,0.220000,0.086879,1
1772473262,32692657,-0.045572,-0.997675,-1.839895,-0.903116,-0.440582,0.023401,1,0.000000,0.000000,0.220590,0.122865,0.220366,0.115622,0.220366,0.115622,0.000000,0.000000,0.220000,-0.016121,0.220000,-0.012698,0.220000,-0.012698,0,-0.371013,0.220000,0.212667,-0.008788,-0.023454,0.142865,0.102865,0.311127,0.220000,0.081757,1
1772473262,57709277,-0.048485,-1.003137,-1.836039,-0.896990,-0.441426,0.027093,1,0.000000,0.000000,0.220366,0.115622,0.220313,0.110400,0.220313,0.110400,0.000000,0.000000,0.220000,-0.012698,0.220000,-0.011737,0.220000,-0.011737,0,-0.342947,0.220000,0.212667,-0.005364,-0.020031,0.135622,0.095622,0.311127,0.220000,0.078064,1
1772473262,82831368,-0.050897,-1.006902,-1.832963,-0.891288,-0.433412,0.026084,1,0.000000,0.000000,0.220313,0.110400,0.220825,0.112128,0.220825,0.112128,0.000000,0.000000,0.220000,-0.011737,0.220000,-0.019070,0.220000,-0.019070,0,-0.640635,0.220000,0.212667,-0.004404,-0.019070,0.130400,0.090400,0.311127,0.220000,0.079287,1
1772473262,132805356,-0.054449,-1.018287,-1.829013,-0.879363,-0.433582,0.030033,1,0.000000,0.000000,0.220825,0.112128,0.221012,0.106873,0.221012,0.106873,0.000000,0.000000,0.220000,-0.019070,0.220000,-0.021122,0.220000,-0.021122,0,-0.617157,0.220000,0.212667,-0.011737,-0.026404,0.132128,0.092128,0.311127,0.220000,0.075571,1
1772473262,157790403,-0.055799,-1.023815,-1.827375,-0.873680,-0.433304,0.031671,1,0.000000,0.000000,0.221012,0.106873,0.221016,0.104860,0.221016,0.104860,0.000000,0.000000,0.220000,-0.021122,0.220000,-0.021170,0.220000,-0.021170,0,-0.618565,0.220000,0.212667,-0.013788,-0.028455,0.126873,0.086873,0.311127,0.220000,0.074148,1
1772473262,182858770,-0.057830,-1.028446,-1.823326,-0.868635,-0.434049,0.035535,1,0.000000,0.000000,0.221016,0.104860,0.220958,0.099396,0.220958,0.099396,0.000000,0.000000,0.220000,-0.021170,0.220000,-0.020555,0.220000,-0.020555,0,-0.600603,0.220000,0.212667,-0.013836,-0.028503,0.124860,0.084860,0.311127,0.220000,0.070284,1
1772473262,207895562,-0.057973,-1.032875,-1.820110,-0.863667,-0.435792,0.034122,1,0.000000,0.000000,0.220958,0.099396,0.220648,0.101582,0.220648,0.101582,0.000000,0.000000,0.220000,-0.020555,0.220000,-0.016902,0.220000,-0.016902,0,-0.493852,0.220000,0.212667,-0.013222,-0.027888,0.119396,0.079396,0.311127,0.220000,0.071829,1
1772473262,257909807,-0.062101,-1.044214,-1.813588,-0.851626,-0.436584,0.040645,1,0.000000,0.000000,0.220648,0.101582,0.220581,0.092540,0.220581,0.092540,0.000000,0.000000,0.220000,-0.016902,0.220000,-0.015996,0.220000,-0.015996,0,-0.467394,0.220000,0.212667,-0.009568,-0.024235,0.121582,0.081582,0.311127,0.220000,0.065436,1
1772473262,282989878,-0.064368,-1.050194,-1.811621,-0.845251,-0.437088,0.042611,1,0.000000,0.000000,0.220581,0.092540,0.220506,0.089905,0.220506,0.089905,0.000000,0.000000,0.220000,-0.015996,0.220000,-0.014935,0.220000,-0.014935,0,-0.436397,0.220000,0.212667,-0.008663,-0.023329,0.112540,0.072540,0.311127,0.220000,0.063573,1
1772473262,307985188,-0.065111,-1.055728,-1.809802,-0.839730,-0.436254,0.044430,1,0.000000,0.000000,0.220506,0.089905,0.220570,0.087333,0.220570,0.087333,0.000000,0.000000,0.220000,-0.014935,0.220000,-0.015848,0.220000,-0.015848,0,-0.463080,0.220000,0.212667,-0.007602,-0.022269,0.109905,0.069905,0.311127,0.220000,0.061754,1
1772473262,358064145,-0.070043,-1.065788,-1.804989,-0.828558,-0.437957,0.049206,1,0.000000,0.000000,0.220570,0.087333,0.220398,0.080650,0.220398,0.080650,0.000000,0.000000,0.220000,-0.015848,0.220000,-0.013244,0.220000,-0.013244,0,-0.386994,0.220000,0.212667,-0.008515,-0.023182,0.107333,0.067333,0.311127,0.220000,0.057028,1
1772473262,383097428,-0.071374,-1.071354,-1.802536,-0.820145,-0.433266,0.050903,1,0.000000,0.000000,0.220398,0.080650,0.220830,0.078291,0.220830,0.078291,0.000000,0.000000,0.220000,-0.013244,0.220000,-0.019130,0.220000,-0.019130,0,-0.558976,0.220000,0.212667,-0.005911,-0.020578,0.100650,0.060650,0.311127,0.220000,0.055360,1
1772473262,433131864,-0.073847,-1.083614,-1.799179,-0.807682,-0.432221,0.054260,1,0.000000,0.000000,0.220830,0.078291,0.220887,0.073485,0.220887,0.073485,0.000000,0.000000,0.220000,-0.019130,0.220000,-0.019771,0.220000,-0.019771,0,-0.577700,0.220000,0.212667,-0.011797,-0.026464,0.098291,0.058291,0.311127,0.220000,0.051962,1
1772473262,458152546,-0.075487,-1.088104,-1.797719,-0.802912,-0.432543,0.055720,1,0.000000,0.000000,0.220887,0.073485,0.220823,0.071420,0.220823,0.071420,0.000000,0.000000,0.220000,-0.019771,0.220000,-0.019050,0.220000,-0.019050,0,-0.556641,0.220000,0.212667,-0.012438,-0.027105,0.093485,0.053485,0.311127,0.220000,0.050502,1
1772473262,483172624,-0.077388,-1.092896,-1.795863,-0.797780,-0.433033,0.057576,1,0.000000,0.000000,0.220823,0.071420,0.220748,0.068699,0.220748,0.068699,0.000000,0.000000,0.220000,-0.019050,0.220000,-0.018163,0.220000,-0.018163,0,-0.530701,0.220000,0.212667,-0.011717,-0.026384,0.091420,0.051420,0.311127,0.220000,0.048577,1
1772473262,533289744,-0.080965,-1.103297,-1.791016,-0.786794,-0.433567,0.062423,1,0.000000,0.000000,0.220748,0.068699,0.220676,0.061680,0.220676,0.061680,0.000000,0.000000,0.220000,-0.018163,0.220000,-0.017261,0.220000,-0.017261,0,-0.504367,0.220000,0.212667,-0.010829,-0.025496,0.088699,0.048699,0.311127,0.220000,0.043614,1
1772473262,558267043,-0.081668,-1.110528,-1.789478,-0.779654,-0.432225,0.063961,1,0.000000,0.000000,0.220676,0.061680,0.220781,0.059505,0.220781,0.059505,0.000000,0.000000,0.220000,-0.017261,0.220000,-0.018560,0.220000,-0.018560,0,-0.542296,0.220000,0.212667,-0.009928,-0.024595,0.081680,0.041680,0.311127,0.220000,0.042076,1
1772473262,583266756,-0.083368,-1.114552,-1.787807,-0.775315,-0.432735,0.065632,1,0.000000,0.000000,0.220781,0.059505,0.220711,0.056967,0.220711,0.056967,0.000000,0.000000,0.220000,-0.018560,0.220000,-0.017708,0.220000,-0.017708,0,-0.517404,0.220000,0.212667,-0.011226,-0.025893,0.079505,0.039505,0.311127,0.220000,0.040282,1
1772473262,633301027,-0.087036,-1.125781,-1.785256,-0.762632,-0.434189,0.072034,1,0.000000,0.000000,0.220711,0.056967,0.220563,0.047684,0.220563,0.047684,0.000000,0.000000,0.220000,-0.017708,0.220000,-0.015745,0.220000,-0.015745,0,-0.460071,0.220000,0.212667,-0.010374,-0.025041,0.076967,0.036967,0.311127,0.220000,0.033718,1
1772473262,658379304,-0.088142,-1.130136,-1.783138,-0.758142,-0.434019,0.074152,1,0.000000,0.000000,0.220563,0.047684,0.220579,0.044367,0.220579,0.044367,0.000000,0.000000,0.220000,-0.015745,0.220000,-0.015971,0.220000,-0.015971,0,-0.466652,0.220000,0.212667,-0.008412,-0.023079,0.067684,0.027684,0.311127,0.220000,0.031373,1
1772473262,683407599,-0.090442,-1.134919,-1.780746,-0.752905,-0.434874,0.076544,1,0.000000,0.000000,0.220579,0.044367,0.220492,0.040984,0.220492,0.040984,0.000000,0.000000,0.220000,-0.015971,0.220000,-0.014727,0.220000,-0.014727,0,-0.430304,0.220000,0.212667,-0.008637,-0.023304,0.064367,0.024367,0.311127,0.220000,0.028980,1
1772473262,733419074,-0.092691,-1.145602,-1.778850,-0.742022,-0.434013,0.078440,1,0.000000,0.000000,0.220492,0.040984,0.220504,0.037996,0.220504,0.037996,0.000000,0.000000,0.220000,-0.014727,0.220000,-0.014906,0.220000,-0.014906,0,-0.435555,0.220000,0.212667,-0.007393,-0.022060,0.060984,0.020984,0.311127,0.220000,0.026867,1
1772473262,758441085,-0.095316,-1.149878,-1.777937,-0.737178,-0.435322,0.079353,1,0.000000,0.000000,0.220504,0.037996,0.220362,0.036345,0.220362,0.036345,0.000000,0.000000,0.220000,-0.014906,0.220000,-0.012625,0.220000,-0.012625,0,-0.368903,0.220000,0.212667,-0.007573,-0.022240,0.057996,0.017996,0.311127,0.220000,0.025700,1
1772473262,783454338,-0.095863,-1.156613,-1.777661,-0.730563,-0.433944,0.079629,1,0.000000,0.000000,0.220362,0.036345,0.220424,0.035472,0.220424,0.035472,0.000000,0.000000,0.220000,-0.012625,0.220000,-0.013668,0.220000,-0.013668,0,-0.399379,0.220000,0.212667,-0.005292,-0.019959,0.056345,0.016345,0.311127,0.220000,0.025082,1
1772473262,808525304,-0.097804,-1.161679,-1.776360,-0.725155,-0.434374,0.080930,1,0.000000,0.000000,0.220424,0.035472,0.220364,0.033631,0.220364,0.033631,0.000000,0.000000,0.220000,-0.013668,0.220000,-0.012665,0.220000,-0.012665,0,-0.370067,0.220000,0.212667,-0.006335,-0.021002,0.055472,0.015472,0.311127,0.220000,0.023781,1
1772473262,858512891,-0.100405,-1.173434,-1.773792,-0.713113,-0.433349,0.083429,1,0.000000,0.000000,0.220364,0.033631,0.220390,0.029644,0.220390,0.029644,0.000000,0.000000,0.220000,-0.012665,0.220000,-0.013104,0.220000,-0.013104,0,-0.382900,0.220000,0.212667,-0.005332,-0.019998,0.053631,0.013631,0.311127,0.220000,0.020962,1
1772473262,883535683,-0.101396,-1.178788,-1.773266,-0.706994,-0.428253,0.082361,1,0.000000,0.000000,0.220390,0.029644,0.220823,0.030671,0.220823,0.030671,0.000000,0.000000,0.220000,-0.013104,0.220000,-0.019047,0.220000,-0.019047,0,-0.556546,0.220000,0.212667,-0.005771,-0.020438,0.049644,0.009644,0.311127,0.220000,0.021688,1
1772473262,908583356,-0.102952,-1.184540,-1.772330,-0.701037,-0.428131,0.083297,1,0.000000,0.000000,0.220823,0.030671,0.220788,0.028698,0.220788,0.028698,0.000000,0.000000,0.220000,-0.019047,0.220000,-0.018633,0.220000,-0.018633,0,-0.544444,0.220000,0.212667,-0.011714,-0.026381,0.050671,0.010671,0.311127,0.220000,0.020293,1
1772473262,958597182,-0.106194,-1.194803,-1.770847,-0.690277,-0.428358,0.084780,1,0.000000,0.000000,0.220788,0.028698,0.220671,0.025981,0.220671,0.025981,0.000000,0.000000,0.220000,-0.018633,0.220000,-0.017195,0.220000,-0.017195,0,-0.502432,0.220000,0.212667,-0.011300,-0.025966,0.048698,0.008698,0.311127,0.220000,0.018372,1
1772473262,983566536,-0.107595,-1.200424,-1.770193,-0.684488,-0.428123,0.085434,1,0.000000,0.000000,0.220671,0.025981,0.220647,0.025056,0.220647,0.025056,0.000000,0.000000,0.220000,-0.017195,0.220000,-0.016884,0.220000,-0.016884,0,-0.493332,0.220000,0.212667,-0.009862,-0.024529,0.045981,0.005981,0.311127,0.220000,0.017717,1
1772473263,8628122,-0.108008,-1.205692,-1.769153,-0.679317,-0.427040,0.086474,1,0.000000,0.000000,0.220647,0.025056,0.220733,0.022989,0.220733,0.022989,0.000000,0.000000,0.220000,-0.016884,0.220000,-0.017979,0.220000,-0.017979,0,-0.525328,0.220000,0.212667,-0.009550,-0.024217,0.045056,0.005056,0.311127,0.220000,0.016255,1
1772473263,58686994,-0.111505,-1.216026,-1.766701,-0.668416,-0.427492,0.088925,1,0.000000,0.000000,0.220733,0.022989,0.220619,0.018696,0.220619,0.018696,0.000000,0.000000,0.220000,-0.017979,0.220000,-0.016521,0.220000,-0.016521,0,-0.482723,0.220000,0.212667,-0.010645,-0.025312,0.042989,0.002989,0.311127,0.220000,0.013220,1
1772473263,83724912,-0.112894,-1.222509,-1.766067,-0.661805,-0.427003,0.089560,1,0.000000,0.000000,0.220619,0.018696,0.220614,0.016985,0.220614,0.016985,0.000000,0.000000,0.220000,-0.016521,0.220000,-0.016451,0.220000,-0.016451,0,-0.480677,0.220000,0.212667,-0.009187,-0.023854,0.038696,-0.001304,0.311127,0.220000,0.012010,1
1772473263,108709481,-0.113533,-1.228654,-1.765318,-0.655594,-0.425781,0.090409,1,0.000000,0.000000,0.220614,0.016985,0.220698,0.015785,0.220698,0.015785,0.000000,0.000000,0.220000,-0.016451,0.220000,-0.017542,0.220000,-0.017542,0,-0.512558,0.220000,0.212667,-0.009117,-0.023784,0.036985,-0.003015,0.311127,0.220000,0.011162,1
1772473263,158747145,-0.116144,-1.238513,-1.763469,-0.641921,-0.422645,0.094870,1,0.000000,0.000000,0.220698,0.015785,0.221037,0.007770,0.221037,0.007770,0.000000,0.000000,0.220000,-0.017542,0.220000,-0.021384,0.220000,-0.021384,0,-0.624824,0.220000,0.212667,-0.010208,-0.024875,0.035785,-0.004215,0.311127,0.220000,0.005494,1
1772473263,183796530,-0.118458,-1.242571,-1.761363,-0.637373,-0.423714,0.096976,1,0.000000,0.000000,0.221037,0.007770,0.220897,0.004792,0.220897,0.004792,0.000000,0.000000,0.220000,-0.021384,0.220000,-0.019886,0.220000,-0.019886,0,-0.581047,0.220000,0.212667,-0.014051,-0.028717,0.027770,-0.012230,0.311127,0.220000,0.003388,1
1772473263,208797333,-0.119542,-1.249196,-1.761695,-0.630712,-0.422875,0.096644,1,0.000000,0.000000,0.220897,0.004792,0.220909,0.004213,0.220909,0.004213,0.000000,0.000000,0.220000,-0.019886,0.220000,-0.020021,0.220000,-0.020021,0,-0.584988,0.220000,0.212667,-0.012552,-0.027219,0.024792,-0.015208,0.311127,0.220000,0.002979,1
1772473263,258840525,-0.122498,-1.259360,-1.760410,-0.620128,-0.422826,0.097929,1,0.000000,0.000000,0.220909,0.004213,0.220819,0.001576,0.220819,0.001576,0.000000,0.000000,0.220000,-0.020021,0.220000,-0.018998,0.220000,-0.018998,0,-0.555112,0.220000,0.212667,-0.012687,-0.027354,0.024213,-0.015787,0.311127,0.220000,0.001114,1
1772473263,283860374,-0.123229,-1.265498,-1.760182,-0.614034,-0.421786,0.098157,1,0.000000,0.000000,0.220819,0.001576,0.220878,0.000095,0.220878,0.000095,0.000000,0.000000,0.220000,-0.018998,0.220000,-0.019679,0.220000,-0.019679,0,-0.574993,0.220000,0.212667,-0.011665,-0.026331,0.021576,-0.018424,0.311127,0.220000,0.000067,1
1772473263,308904256,-0.124681,-1.270371,-1.759633,-0.608949,-0.421797,0.098706,1,0.000000,0.000000,0.220878,0.000095,0.220830,-0.000682,0.220830,-0.000682,0.000000,0.000000,0.220000,-0.019679,0.220000,-0.019125,0.220000,-0.019125,0,-0.558818,0.220000,0.212667,-0.012345,-0.027012,0.020095,-0.019905,0.311127,0.220000,-0.000482,1
1772473263,358934977,-0.127544,-1.282196,-1.759400,-0.596833,-0.421343,0.099045,1,0.000000,0.000000,0.220830,-0.000682,0.220751,-0.002446,0.220751,-0.002446,0.000000,0.000000,0.220000,-0.019125,0.220000,-0.018192,0.220000,-0.018192,0,-0.531565,0.220000,0.212667,-0.011792,-0.026458,0.019318,-0.020682,0.311127,0.220000,-0.001729,1
1772473263,383983568,-0.128894,-1.287678,-1.759676,-0.592176,-0.425339,0.101707,1,0.000000,0.000000,0.220751,-0.002446,0.220370,-0.007260,0.220370,-0.007260,0.000000,0.000000,0.220000,-0.018192,0.220000,-0.012757,0.220000,-0.012757,0,-0.372752,0.220000,0.212667,-0.010859,-0.025526,0.017554,-0.022446,0.311127,0.220000,-0.005133,1
1772473263,408969329,-0.130182,-1.292891,-1.760015,-0.586812,-0.425079,0.101368,1,0.000000,0.000000,0.220370,-0.007260,0.220343,-0.006780,0.220343,-0.006780,0.000000,0.000000,0.220000,-0.012757,0.220000,-0.012283,0.220000,-0.012283,0,-0.358915,0.220000,0.212667,-0.005424,-0.020090,0.012740,-0.027260,0.311127,0.220000,-0.004794,1
1772473263,459115857,-0.133200,-1.303886,-1.758577,-0.575413,-0.424821,0.102805,1,0.000000,0.000000,0.220343,-0.006780,0.220303,-0.011557,0.220303,-0.011557,0.000000,0.000000,0.220000,-0.012283,0.220000,-0.011547,0.220000,-0.011547,0,-0.337381,0.220000,0.212667,-0.004950,-0.019617,0.013220,-0.026780,0.311127,0.220000,-0.008172,1
1772473263,484048733,-0.133751,-1.309667,-1.759500,-0.569717,-0.423692,0.101883,1,0.000000,0.000000,0.220303,-0.011557,0.220332,-0.010252,0.220332,-0.010252,0.000000,0.000000,0.220000,-0.011547,0.220000,-0.012082,0.220000,-0.012082,0,-0.353029,0.220000,0.212667,-0.004213,-0.018880,0.008443,-0.031557,0.311127,0.220000,-0.007250,1
1772473263,509179723,-0.136385,-1.316100,-1.760412,-0.562798,-0.424373,0.100971,1,0.000000,0.000000,0.220332,-0.010252,0.220223,-0.010352,0.220223,-0.010352,0.000000,0.000000,0.220000,-0.012082,0.220000,-0.009917,0.220000,-0.009917,0,-0.289765,0.220000,0.212667,-0.004749,-0.019415,0.009748,-0.030252,0.311127,0.220000,-0.007320,1
1772473263,559164185,-0.138552,-1.326661,-1.761119,-0.552059,-0.423423,0.100264,1,0.000000,0.000000,0.220223,-0.010352,0.220210,-0.010610,0.220210,-0.010610,0.000000,0.000000,0.220000,-0.009917,0.220000,-0.009613,0.220000,-0.009613,0,-0.280892,0.220000,0.212667,-0.002584,-0.017250,0.009648,-0.030352,0.311127,0.220000,-0.007502,1
1772473263,584174638,-0.139639,-1.332411,-1.761127,-0.546239,-0.422817,0.100256,1,0.000000,0.000000,0.220210,-0.010610,0.220214,-0.012352,0.220214,-0.012352,0.000000,0.000000,0.220000,-0.009613,0.220000,-0.009698,0.220000,-0.009698,0,-0.283375,0.220000,0.212667,-0.002280,-0.016947,0.009390,-0.030610,0.311127,0.220000,-0.008734,1
1772473263,609180632,-0.140904,-1.335345,-1.760672,-0.543202,-0.423402,0.100674,1,0.000000,0.000000,0.220214,-0.012352,0.220168,-0.012942,0.220168,-0.012942,0.000000,0.000000,0.220000,-0.009698,0.220000,-0.008609,0.220000,-0.008609,0,-0.251546,0.220000,0.212667,-0.002365,-0.017032,0.007648,-0.032352,0.311127,0.220000,-0.009152,1
1772473263,659213464,-0.143621,-1.347967,-1.762646,-0.534508,-0.428963,0.097541,1,0.000000,0.000000,0.220168,-0.012942,0.220004,-0.010344,0.220004,-0.010344,0.000000,0.000000,0.220000,-0.008609,0.220000,-0.001276,0.220000,-0.001276,0,0.038689,0.220000,0.212667,-0.001276,-0.015942,0.007058,-0.032942,0.311127,0.220000,-0.007314,1
1772473263,684207261,-0.144782,-1.351626,-1.762163,-0.530670,-0.429033,0.098025,1,0.000000,0.000000,0.220004,-0.010344,0.220007,-0.011028,0.220007,-0.011028,0.000000,0.000000,0.220000,-0.001276,0.220000,0.001763,0.220000,0.001763,0,0.051517,0.220000,0.212667,0.006058,-0.008609,0.009656,-0.030344,0.311127,0.220000,-0.007798,1
1772473263,709282460,-0.146613,-1.356762,-1.762808,-0.525225,-0.429322,0.097380,1,0.000000,0.000000,0.220007,-0.011028,0.220021,-0.011600,0.220021,-0.011600,0.000000,0.000000,0.220000,0.001763,0.220000,0.003066,0.220000,0.003066,0,0.089582,0.220000,0.212667,0.009096,-0.005570,0.008972,-0.031028,0.311127,0.220000,-0.008202,1
1772473263,759388931,-0.148104,-1.366637,-1.763852,-0.515335,-0.427932,0.096335,1,0.000000,0.000000,0.220021,-0.011600,0.220016,-0.011871,0.220016,-0.011871,0.000000,0.000000,0.220000,0.003066,0.220000,0.002684,0.220000,0.002684,0,0.078414,0.220000,0.212667,0.010399,-0.004267,0.008400,-0.031600,0.311127,0.220000,-0.008394,1
1772473263,784356649,-0.149650,-1.372298,-1.764514,-0.509468,-0.427798,0.095674,1,0.000000,0.000000,0.220016,-0.011871,0.220027,-0.010936,0.220027,-0.010936,0.000000,0.000000,0.220000,0.002684,0.220000,0.003436,0.220000,0.003436,0,0.100384,0.220000,0.212667,0.010017,-0.004650,0.008129,-0.031871,0.311127,0.220000,-0.007733,1
1772473263,809360290,-0.149464,-1.379230,-1.766872,-0.502878,-0.425642,0.093315,1,0.000000,0.000000,0.220027,-0.010936,0.220009,-0.009730,0.220009,-0.009730,0.000000,0.000000,0.220000,0.003436,0.220000,0.001947,0.220000,0.001947,0,0.056878,0.220000,0.212667,0.010769,-0.003898,0.009064,-0.030936,0.311127,0.220000,-0.006880,1
1772473263,859449511,-0.150840,-1.391073,-1.768460,-0.491265,-0.423652,0.091537,1,0.000000,0.000000,0.220009,-0.009730,0.220003,-0.009254,0.220003,-0.009254,0.000000,0.000000,0.220000,0.001947,0.220000,0.001112,0.220000,0.001112,0,0.032480,0.220000,0.212667,0.009280,-0.005387,0.010270,-0.029730,0.311127,0.220000,-0.006544,1
1772473263,884501439,-0.151592,-1.396600,-1.768981,-0.489138,-0.424664,0.086112,1,0.000000,0.000000,0.220003,-0.009254,0.220046,-0.001583,0.220046,-0.001583,0.000000,0.000000,0.220000,0.001112,0.220000,0.004482,0.220000,0.004482,0,0.130965,0.220000,0.212667,0.008445,-0.006222,0.010746,-0.029254,0.311127,0.220000,-0.001119,1
1772473263,909490877,-0.152858,-1.401335,-1.767835,-0.484239,-0.424551,0.087257,1,0.000000,0.000000,0.220046,-0.001583,0.220047,-0.005045,0.220047,-0.005045,0.000000,0.000000,0.220000,0.004482,0.220000,0.004551,0.220000,0.004551,0,0.132990,0.220000,0.212667,0.011815,-0.002851,0.018417,-0.021583,0.311127,0.220000,-0.003568,1
1772473263,959542857,-0.153649,-1.411463,-1.768561,-0.474296,-0.422470,0.086532,1,0.000000,0.000000,0.220047,-0.005045,0.220021,-0.006246,0.220021,-0.006246,0.000000,0.000000,0.220000,0.004551,0.220000,0.003019,0.220000,0.003019,0,0.088223,0.220000,0.212667,0.011885,-0.002782,0.014955,-0.025045,0.311127,0.220000,-0.004417,1
1772473263,984572467,-0.155382,-1.417942,-1.769130,-0.467591,-0.422316,0.085963,1,0.000000,0.000000,0.220021,-0.006246,0.220032,-0.008015,0.220032,-0.008015,0.000000,0.000000,0.220000,0.003019,0.220000,0.003762,0.220000,0.003762,0,0.109934,0.220000,0.212667,0.010353,-0.004314,0.013754,-0.026246,0.311127,0.220000,-0.005667,1
1772473264,9624579,-0.157316,-1.422663,-1.769007,-0.462516,-0.422848,0.086086,1,0.000000,0.000000,0.220032,-0.008015,0.220058,-0.008189,0.220058,-0.008189,0.000000,0.000000,0.220000,0.003762,0.220000,0.005056,0.220000,0.005056,0,0.147741,0.220000,0.212667,0.011096,-0.003571,0.011985,-0.028015,0.311127,0.220000,-0.005790,1
1772473264,59639020,-0.158380,-1.434152,-1.769592,-0.451190,-0.420647,0.085501,1,0.000000,0.000000,0.220058,-0.008189,0.220026,-0.009770,0.220026,-0.009770,0.000000,0.000000,0.220000,0.005056,0.220000,0.003412,0.220000,0.003412,0,0.099693,0.220000,0.212667,0.012390,-0.002277,0.011811,-0.028189,0.311127,0.220000,-0.006908,1
1772473264,84684409,-0.159014,-1.440193,-1.768949,-0.445214,-0.419561,0.086144,1,0.000000,0.000000,0.220026,-0.009770,0.220012,-0.012976,0.220012,-0.012976,0.000000,0.000000,0.220000,0.003412,0.220000,0.002341,0.220000,0.002341,0,0.068398,0.220000,0.212667,0.010745,-0.003921,0.010230,-0.029770,0.311127,0.220000,-0.009176,1
1772473264,109688232,-0.159944,-1.445583,-1.769504,-0.439685,-0.419100,0.085907,1,0.000000,0.000000,0.220012,-0.012976,0.220013,-0.015265,0.220013,-0.015265,0.000000,0.000000,0.220000,0.002341,0.220000,0.002370,0.220000,0.002370,0,0.069252,0.220000,0.212667,0.009674,-0.004992,0.007024,-0.032976,0.311127,0.220000,-0.010794,1
1772473264,159802496,-0.162147,-1.458046,-1.770049,-0.424847,-0.421496,0.093183,1,0.000000,0.000000,0.220013,-0.015265,0.220058,-0.028656,0.220058,-0.028656,0.000000,0.000000,0.220000,0.002370,0.220000,0.005067,0.220000,0.005067,0,0.148055,0.220000,0.212667,0.009703,-0.004963,0.004735,-0.035265,0.311127,0.220000,-0.020263,1
1772473264,184833321,-0.162760,-1.462703,-1.770149,-0.420211,-0.420741,0.093083,1,0.000000,0.000000,0.220058,-0.028656,0.220046,-0.031568,0.220046,-0.031568,0.000000,0.000000,0.220000,0.005067,0.220000,0.004516,0.220000,0.004516,0,0.131946,0.220000,0.212667,0.012400,-0.002266,-0.008656,-0.048656,0.311127,0.220000,-0.022322,1
1772473264,209825569,-0.163257,-1.469813,-1.770245,-0.413260,-0.419167,0.092987,1,0.000000,0.000000,0.220046,-0.031568,0.220021,-0.031432,0.220021,-0.031432,0.000000,0.000000,0.220000,0.004516,0.220000,0.003029,0.220000,0.003029,0,0.088511,0.220000,0.212667,0.011849,-0.002818,-0.011568,-0.051568,0.311127,0.220000,-0.022226,1
1772473264,259877380,-0.165556,-1.482388,-1.771760,-0.400557,-0.417743,0.091472,1,0.000000,0.000000,0.220021,-0.031432,0.220017,-0.035198,0.220017,-0.035198,0.000000,0.000000,0.220000,0.003029,0.220000,0.002747,0.220000,0.002747,0,0.080254,0.220000,0.212667,0.010363,-0.004304,-0.011432,-0.051432,0.311127,0.220000,-0.024889,1
1772473264,284938355,-0.166153,-1.488248,-1.772362,-0.394772,-0.416626,0.090870,1,0.000000,0.000000,0.220017,-0.035198,0.220008,-0.034347,0.220008,-0.034347,0.000000,0.000000,0.220000,0.002747,0.220000,0.001910,0.220000,0.001910,0,0.055822,0.220000,0.212667,0.010080,-0.004587,-0.015198,-0.055198,0.311127,0.220000,-0.024287,1
1772473264,309983987,-0.166319,-1.493705,-1.772730,-0.389499,-0.415211,0.090502,1,0.000000,0.000000,0.220008,-0.034347,0.220001,-0.037378,0.220001,-0.037378,0.000000,0.000000,0.220000,0.001910,0.220000,0.000525,0.220000,0.000525,0,0.015326,0.220000,0.212667,0.009244,-0.005423,-0.014347,-0.054347,0.311127,0.220000,-0.026430,1
1772473264,360084369,-0.168615,-1.506794,-1.772505,-0.376600,-0.413283,0.091021,1,0.000000,0.000000,0.220001,-0.037378,0.220003,-0.042054,0.220003,-0.042054,0.000000,0.000000,0.220000,0.000525,0.220000,-0.001188,0.220000,-0.001188,0,-0.034723,0.220000,0.212667,0.007858,-0.006809,-0.017378,-0.057378,0.311127,0.220000,-0.029737,1
1772473264,385046234,-0.169000,-1.512232,-1.772609,-0.377483,-0.404717,0.097026,1,0.000000,0.000000,0.220003,-0.042054,0.220165,-0.050546,0.220165,-0.050546,0.000000,0.000000,0.220000,-0.001188,0.220000,-0.008522,0.220000,-0.008522,0,-0.444714,0.220000,0.212667,0.006145,-0.008522,-0.022054,-0.062054,0.311127,0.220000,-0.035741,1
1772473264,410086736,-0.171052,-1.518678,-1.773613,-0.370718,-0.404781,0.096022,1,0.000000,0.000000,0.220165,-0.050546,0.220460,-0.052934,0.220460,-0.052934,0.000000,0.000000,0.220000,-0.008522,0.220000,-0.014230,0.220000,-0.014230,0,-0.415785,0.220000,0.212667,-0.001188,-0.015855,-0.030546,-0.070546,0.311127,0.220000,-0.037430,1
1772473264,460139826,-0.174285,-1.528696,-1.776787,-0.360192,-0.404921,0.092848,1,0.000000,0.000000,0.220460,-0.052934,0.220336,-0.052280,0.220336,-0.052280,0.000000,0.000000,0.220000,-0.014230,0.220000,-0.012168,0.220000,-0.012168,0,-0.355554,0.220000,0.212667,-0.006896,-0.021563,-0.032934,-0.072934,0.311127,0.220000,-0.036967,1
1772473264,485181596,-0.173799,-1.532652,-1.777299,-0.356555,-0.403292,0.092336,1,0.000000,0.000000,0.220336,-0.052280,0.220446,-0.051555,0.220446,-0.051555,0.000000,0.000000,0.220000,-0.012168,0.220000,-0.014013,0.220000,-0.014013,0,-0.409464,0.220000,0.212667,-0.004835,-0.019502,-0.032280,-0.072280,0.311127,0.220000,-0.036455,1
1772473264,510228648,-0.175747,-1.539128,-1.777169,-0.349793,-0.403247,0.092467,1,0.000000,0.000000,0.220446,-0.051555,0.220419,-0.055804,0.220419,-0.055804,0.000000,0.000000,0.220000,-0.014013,0.220000,-0.013588,0.220000,-0.013588,0,-0.397017,0.220000,0.212667,-0.006680,-0.021347,-0.031555,-0.071555,0.311127,0.220000,-0.039459,1
1772473264,560244780,-0.177830,-1.549796,-1.779349,-0.338984,-0.402097,0.090286,1,0.000000,0.000000,0.220419,-0.055804,0.220428,-0.057034,0.220428,-0.057034,0.000000,0.000000,0.220000,-0.013588,0.220000,-0.013723,0.220000,-0.013723,0,-0.400986,0.220000,0.212667,-0.006254,-0.020921,-0.035804,-0.075804,0.311127,0.220000,-0.040329,1
1772473264,585255627,-0.179048,-1.555281,-1.780945,-0.333383,-0.401646,0.088690,1,0.000000,0.000000,0.220428,-0.057034,0.220411,-0.059670,0.220411,-0.059670,0.000000,0.000000,0.220000,-0.013723,0.220000,-0.013462,0.220000,-0.013462,0,-0.393348,0.220000,0.212667,-0.006390,-0.021057,-0.037034,-0.077034,0.311127,0.220000,-0.042193,1
1772473264,610255154,-0.181428,-1.559862,-1.783111,-0.328222,-0.402540,0.086793,1,0.000000,0.000000,0.220411,-0.059670,0.220288,-0.056987,0.220288,-0.056987,0.000000,0.000000,0.220000,-0.013462,0.220000,-0.011258,0.220000,-0.011258,0,-0.328940,0.220000,0.212667,-0.006129,-0.020795,-0.039670,-0.079670,0.311127,0.220000,-0.040296,1
1772473264,660293046,-0.183666,-1.570740,-1.786046,-0.315367,-0.400689,0.089875,1,0.000000,0.000000,0.220288,-0.056987,0.220445,-0.072028,0.220445,-0.072028,0.000000,0.000000,0.220000,-0.011258,0.220000,-0.014002,0.220000,-0.014002,0,-0.409140,0.220000,0.212667,-0.003924,-0.018591,-0.036987,-0.076987,0.311127,0.220000,-0.050932,1
1772473264,685340903,-0.186110,-1.576046,-1.786930,-0.309572,-0.401426,0.088991,1,0.000000,0.000000,0.220445,-0.072028,0.220347,-0.070779,0.220347,-0.070779,0.000000,0.000000,0.220000,-0.014002,0.220000,-0.012353,0.220000,-0.012353,0,-0.360940,0.220000,0.212667,-0.006669,-0.021336,-0.052028,-0.092028,0.311127,0.220000,-0.050048,1
1772473264,710438478,-0.187383,-1.582287,-1.788926,-0.303237,-0.400765,0.086995,1,0.000000,0.000000,0.220347,-0.070779,0.220344,-0.073491,0.220344,-0.073491,0.000000,0.000000,0.220000,-0.012353,0.220000,-0.012313,0.220000,-0.012313,0,-0.359789,0.220000,0.212667,-0.005019,-0.019686,-0.050779,-0.090779,0.311127,0.220000,-0.051966,1
1772473264,760430391,-0.191263,-1.592161,-1.792466,-0.292654,-0.401499,0.083455,1,0.000000,0.000000,0.220344,-0.073491,0.220211,-0.074393,0.220211,-0.074393,0.000000,0.000000,0.220000,-0.012313,0.220000,-0.009640,0.220000,-0.009640,0,-0.281661,0.220000,0.212667,-0.004980,-0.019647,-0.053491,-0.093491,0.311127,0.220000,-0.052604,1
1772473264,785728306,-0.192538,-1.598806,-1.794896,-0.285932,-0.400719,0.081025,1,0.000000,0.000000,0.220211,-0.074393,0.220213,-0.077274,0.220213,-0.077274,0.000000,0.000000,0.220000,-0.009640,0.220000,-0.009674,0.220000,-0.009674,0,-0.282681,0.220000,0.212667,-0.002306,-0.016973,-0.054393,-0.094393,0.311127,0.220000,-0.054641,1
1772473264,810505168,-0.192913,-1.602935,-1.796932,-0.281881,-0.399836,0.078989,1,0.000000,0.000000,0.220213,-0.077274,0.220233,-0.074395,0.220233,-0.074395,0.000000,0.000000,0.220000,-0.009674,0.220000,-0.010125,0.220000,-0.010125,0,-0.295839,0.220000,0.212667,-0.002341,-0.017008,-0.057274,-0.097274,0.311127,0.220000,-0.052605,1
1772473264,860469300,-0.197351,-1.613145,-1.800281,-0.270520,-0.401143,0.075765,1,0.000000,0.000000,0.220233,-0.074395,0.220107,-0.076600,0.220107,-0.076600,0.000000,0.000000,0.220000,-0.010125,0.220000,-0.006854,0.220000,-0.006854,0,-0.200269,0.220000,0.212667,-0.002791,-0.017458,-0.054395,-0.094395,0.311127,0.220000,-0.054164,1
1772473264,885536554,-0.198336,-1.619707,-1.803009,-0.257140,-0.403413,0.075981,1,0.000000,0.000000,0.220107,-0.076600,0.220025,-0.084162,0.220025,-0.084162,0.000000,0.000000,0.220000,-0.006854,0.220000,-0.003322,0.220000,-0.003322,0,-0.097060,0.220000,0.212667,0.000479,-0.014187,-0.056600,-0.096600,0.311127,0.220000,-0.059512,1
1772473264,910605464,-0.199312,-1.624618,-1.805118,-0.252165,-0.402854,0.073873,1,0.000000,0.000000,0.220025,-0.084162,0.220026,-0.088975,0.220026,-0.088975,0.000000,0.000000,0.220000,-0.003322,0.220000,-0.003359,0.220000,-0.003359,0,-0.098156,0.220000,0.212667,0.004012,-0.010655,-0.064162,-0.104162,0.311127,0.220000,-0.062915,1
1772473264,960604545,-0.203652,-1.634411,-1.809347,-0.241517,-0.404019,0.069644,1,0.000000,0.000000,0.220026,-0.088975,0.220000,-0.091382,0.220000,-0.091382,0.000000,0.000000,0.220000,-0.003359,0.220000,-0.000233,0.220000,-0.000233,0,-0.006796,0.220000,0.212667,0.003974,-0.010693,-0.068975,-0.108975,0.311127,0.220000,-0.064617,1
1772473264,985654859,-0.203937,-1.638343,-1.812691,-0.237683,-0.403097,0.066300,1,0.000000,0.000000,0.220000,-0.091382,0.220000,-0.086653,0.220000,-0.086653,0.000000,0.000000,0.220000,-0.000233,0.220000,-0.000453,0.220000,-0.000453,0,-0.013245,0.220000,0.212667,0.007101,-0.007566,-0.071382,-0.111382,0.311127,0.220000,-0.061273,1
1772473265,10657995,-0.205626,-1.643943,-1.814895,-0.231835,-0.403008,0.064096,1,0.000000,0.000000,0.220000,-0.086653,0.220000,-0.092576,0.220000,-0.092576,0.000000,0.000000,0.220000,-0.000453,0.220000,0.000122,0.220000,0.000122,0,0.003573,0.220000,0.212667,0.006880,-0.007787,-0.066653,-0.106653,0.311127,0.220000,-0.065461,1
1772473265,60733659,-0.209344,-1.651996,-1.818617,-0.223033,-0.404107,0.060374,1,0.000000,0.000000,0.220000,-0.092576,0.220018,-0.097073,0.220018,-0.097073,0.000000,0.000000,0.220000,0.000122,0.220000,0.002817,0.220000,0.002817,0,0.082321,0.220000,0.212667,0.007456,-0.007211,-0.072576,-0.112576,0.311127,0.220000,-0.068641,1
1772473265,85831576,-0.209067,-1.658186,-1.821448,-0.217219,-0.401966,0.057543,1,0.000000,0.000000,0.220018,-0.097073,0.220001,-0.103629,0.220001,-0.103629,0.000000,0.000000,0.220000,0.002817,0.220000,0.000613,0.220000,0.000613,0,0.017911,0.220000,0.212667,0.010151,-0.004516,-0.077073,-0.117073,0.311127,0.220000,-0.073277,1
1772473265,110807843,-0.210560,-1.663836,-1.823133,-0.211408,-0.401322,0.055985,1,0.000000,0.000000,0.220001,-0.103629,0.220000,-0.101425,0.220000,-0.101425,0.000000,0.000000,0.220000,0.000613,0.220000,0.000087,0.220000,0.000087,0,0.002540,0.220000,0.212667,0.007946,-0.006720,-0.083629,-0.123629,0.311127,0.220000,-0.071719,1
1772473265,160885958,-0.213078,-1.674124,-1.828639,-0.201396,-0.393015,0.053200,1,0.000000,0.000000,0.220000,-0.101425,0.220119,-0.108928,0.220119,-0.108928,0.000000,0.000000,0.220000,0.000087,0.220000,-0.007246,0.220000,-0.007246,0,-0.323108,0.220000,0.212667,0.007420,-0.007246,-0.081425,-0.121425,0.311127,0.220000,-0.077024,1
1772473265,185927822,-0.214819,-1.679701,-1.831293,-0.195553,-0.392966,0.050547,1,0.000000,0.000000,0.220119,-0.108928,0.220251,-0.117595,0.220251,-0.117595,0.000000,0.000000,0.220000,-0.007246,0.220000,-0.010509,0.220000,-0.010509,0,-0.307057,0.220000,0.212667,0.000087,-0.014580,-0.088928,-0.128928,0.311127,0.220000,-0.083153,1
1772473265,210921866,-0.216127,-1.685963,-1.833891,-0.189192,-0.392295,0.047948,1,0.000000,0.000000,0.220251,-0.117595,0.220270,-0.127430,0.220270,-0.127430,0.000000,0.000000,0.220000,-0.010509,0.220000,-0.010908,0.220000,-0.010908,0,-0.318715,0.220000,0.212667,-0.003175,-0.017842,-0.097595,-0.137595,0.311127,0.220000,-0.090107,1
1772473265,260945779,-0.218987,-1.696397,-1.837774,-0.178383,-0.391824,0.044066,1,0.000000,0.000000,0.220270,-0.127430,0.220273,-0.136664,0.220273,-0.136664,0.000000,0.000000,0.220000,-0.010908,0.220000,-0.010958,0.220000,-0.010958,0,-0.320172,0.220000,0.212667,-0.003574,-0.018241,-0.107430,-0.147430,0.311127,0.220000,-0.096636,1
1772473265,285948662,-0.219462,-1.703335,-1.840525,-0.171632,-0.390153,0.041314,1,0.000000,0.000000,0.220273,-0.136664,0.220379,-0.132773,0.220379,-0.132773,0.000000,0.000000,0.220000,-0.010958,0.220000,-0.012913,0.220000,-0.012913,0,-0.377322,0.220000,0.212667,-0.003624,-0.018291,-0.116664,-0.156664,0.311127,0.220000,-0.093885,1
1772473265,311025776,-0.221256,-1.709178,-1.843074,-0.165520,-0.390073,0.038765,1,0.000000,0.000000,0.220379,-0.132773,0.220367,-0.146239,0.220367,-0.146239,0.000000,0.000000,0.220000,-0.012913,0.220000,-0.012715,0.220000,-0.012715,0,-0.371532,0.220000,0.212667,-0.005580,-0.020247,-0.112773,-0.152773,0.311127,0.220000,-0.103407,1
1772473265,361059908,-0.223741,-1.719270,-1.849514,-0.153650,-0.391497,0.033990,1,0.000000,0.000000,0.220367,-0.146239,0.220242,-0.158819,0.220242,-0.158819,0.000000,0.000000,0.220000,-0.012715,0.220000,-0.010322,0.220000,-0.010322,0,-0.301610,0.220000,0.212667,-0.005382,-0.020049,-0.126239,-0.166239,0.311127,0.220000,-0.112302,1
1772473265,386081124,-0.226200,-1.724211,-1.852653,-0.148192,-0.392316,0.030851,1,0.000000,0.000000,0.220242,-0.158819,0.220176,-0.174859,0.220176,-0.174859,0.000000,0.000000,0.220000,-0.010322,0.220000,-0.008794,0.220000,-0.008794,0,-0.256948,0.220000,0.212667,-0.002989,-0.017656,-0.138819,-0.178819,0.311127,0.220000,-0.123644,1
1772473265,411165346,-0.228341,-1.731412,-1.856102,-0.140681,-0.392139,0.027402,1,0.000000,0.000000,0.220176,-0.174859,0.220180,-0.192715,0.220180,-0.192715,0.000000,0.000000,0.220000,-0.008794,0.220000,-0.008892,0.220000,-0.008892,0,-0.259825,0.220000,0.212667,-0.001460,-0.016127,-0.154859,-0.194859,0.311127,0.220000,-0.136270,1
1772473265,461164674,-0.231208,-1.740688,-1.865208,-0.130973,-0.392013,0.018296,1,0.000000,0.000000,0.220180,-0.192715,0.220132,-0.207540,0.220132,-0.207540,0.000000,0.000000,0.220000,-0.008892,0.220000,-0.007635,0.220000,-0.007635,0,-0.223078,0.220000,0.212667,-0.001559,-0.016226,-0.172715,-0.212715,0.311127,0.220000,-0.146753,1
1772473265,486226453,-0.232233,-1.746576,-1.868090,-0.125056,-0.391177,0.015415,1,0.000000,0.000000,0.220132,-0.207540,0.220180,-0.203465,0.220180,-0.203465,0.000000,0.000000,0.220000,-0.007635,0.220000,-0.008906,0.220000,-0.008906,0,-0.260216,0.220000,0.212667,-0.000301,-0.014968,-0.187540,-0.227540,0.311127,0.220000,-0.143872,1
1772473265,511224294,-0.234704,-1.751650,-1.874320,-0.119467,-0.391967,0.009184,1,0.000000,0.000000,0.220180,-0.203465,0.220107,-0.223465,0.220107,-0.223465,0.000000,0.000000,0.220000,-0.008906,0.220000,-0.006862,0.220000,-0.006862,0,-0.200493,0.220000,0.212667,-0.001572,-0.016239,-0.183465,-0.223465,0.311127,0.220000,-0.159218,1
1772473265,561306244,-0.237318,-1.763001,-1.883421,-0.107862,-0.390962,0.000083,1,0.000000,0.000000,0.220107,-0.223465,0.220141,-0.243465,0.220141,-0.243465,0.000000,0.000000,0.220000,-0.006862,0.220000,-0.007882,0.220000,-0.007882,0,-0.230319,0.220000,0.212667,0.000472,-0.014195,-0.203465,-0.243465,0.311127,0.220000,-0.175894,1
1772473265,586348376,-0.239230,-1.767855,-1.888359,-0.102566,-0.391259,-0.004815,1,0.000000,0.000000,0.220141,-0.243465,0.220116,-0.263465,0.220116,-0.263465,0.000000,0.000000,0.220000,-0.007882,0.220000,-0.007157,0.220000,-0.007157,0,-0.209111,0.220000,0.212667,-0.000549,-0.015216,-0.223465,-0.263465,0.311127,0.220000,-0.201648,1
1772473265,611377598,-0.240540,-1.773640,-1.893092,-0.094700,-0.390083,-0.008673,1,0.000000,0.000000,0.220116,-0.263465,0.220216,-0.279717,0.220216,-0.279717,0.000000,0.000000,0.220000,-0.007157,0.220000,-0.009747,0.220000,-0.009747,0,-0.284791,0.220000,0.212667,0.000177,-0.014490,-0.243465,-0.283465,0.311127,0.220000,-0.197790,1
1772473265,661366555,-0.244124,-1.785450,-1.906049,-0.082360,-0.389849,-0.021630,1,0.000000,0.000000,0.220216,-0.279717,0.220225,-0.299717,0.220225,-0.299717,0.000000,0.000000,0.220000,-0.009747,0.220000,-0.009943,0.220000,-0.009943,0,-0.290536,0.220000,0.212667,-0.002413,-0.017080,-0.259717,-0.299717,0.311127,0.220000,-0.265507,1
1772473265,686378408,-0.246030,-1.789645,-1.912244,-0.077782,-0.390368,-0.027824,1,0.000000,0.000000,0.220225,-0.299717,0.220184,-0.319717,0.220184,-0.319717,0.000000,0.000000,0.220000,-0.009943,0.220000,-0.009003,0.220000,-0.009003,0,-0.263064,0.220000,0.212667,-0.002610,-0.017277,-0.279717,-0.319717,0.311127,0.220000,-0.259313,1
1772473265,711466927,-0.247941,-1.795015,-1.919636,-0.072084,-0.390529,-0.035217,1,0.000000,0.000000,0.220184,-0.319717,0.220174,-0.339717,0.220174,-0.339717,0.000000,0.000000,0.220000,-0.009003,0.220000,-0.008758,0.220000,-0.008758,0,-0.255894,0.220000,0.212667,-0.001670,-0.016336,-0.299717,-0.339717,0.311127,0.220000,-0.308574,1
1772473265,761485359,-0.252869,-1.803957,-1.933332,-0.062058,-0.392458,-0.048913,1,0.000000,0.000000,0.220174,-0.339717,0.220098,-0.359717,0.220098,-0.359717,0.000000,0.000000,0.220000,-0.008758,0.220000,-0.006578,0.220000,-0.006578,0,-0.192214,0.220000,0.212667,-0.001424,-0.016091,-0.319717,-0.359717,0.311127,0.220000,-0.367966,1
1772473265,786494013,-0.253519,-1.810646,-1.941341,-0.055494,-0.391012,-0.056922,1,0.000000,0.000000,0.220098,-0.359717,0.220211,-0.379717,0.220211,-0.379717,0.000000,0.000000,0.220000,-0.006578,0.220000,-0.009628,0.220000,-0.009628,0,-0.281334,0.220000,0.212667,0.000755,-0.013912,-0.339717,-0.379717,0.311127,0.220000,-0.359957,1
1772473265,811559413,-0.255912,-1.814545,-1.950032,-0.051047,-0.392086,-0.065613,1,0.000000,0.000000,0.220211,-0.379717,0.220162,-0.399717,0.220162,-0.399717,0.000000,0.000000,0.220000,-0.009628,0.220000,-0.008439,0.220000,-0.008439,0,-0.246593,0.220000,0.212667,-0.002295,-0.016962,-0.359717,-0.399717,0.311127,0.220000,-0.449546,1
1772473265,861540857,-0.258808,-1.824775,-1.968083,-0.040201,-0.388984,-0.080499,1,0.000000,0.000000,0.220162,-0.399717,0.220565,-0.419717,0.220565,-0.419717,0.000000,0.000000,0.220000,-0.008439,0.220000,-0.015773,0.220000,-0.015773,0,-0.476091,0.220000,0.212667,-0.001106,-0.015773,-0.379717,-0.419717,0.311127,0.220000,-0.568690,1
1772473265,886584712,-0.261511,-1.830285,-1.977393,-0.034123,-0.389836,-0.089809,1,0.000000,0.000000,0.220565,-0.419717,0.220761,-0.439717,0.220761,-0.439717,0.000000,0.000000,0.220000,-0.015773,0.220000,-0.018320,0.220000,-0.018320,0,-0.535297,0.220000,0.212667,-0.008439,-0.023106,-0.399717,-0.439717,0.311127,0.220000,-0.743847,1
1772473265,911594525,-0.264638,-1.836063,-1.987955,-0.027658,-0.391008,-0.100371,1,0.000000,0.000000,0.220761,-0.439717,0.221057,-0.459717,0.221057,-0.459717,0.000000,0.000000,0.220000,-0.018320,0.220000,-0.021588,0.220000,-0.021588,0,-0.630799,0.220000,0.212667,-0.010987,-0.025653,-0.419717,-0.459717,0.311127,0.220000,-0.973489,1
1772473265,961638133,-0.268219,-1.845940,-2.008590,-0.017158,-0.391333,-0.121006,1,0.000000,0.000000,0.221057,-0.459717,0.221893,-0.479717,0.221893,-0.479717,0.000000,0.000000,0.220000,-0.021588,0.220000,-0.028922,0.220000,-0.028922,0,-1.039452,0.220000,0.212667,-0.014255,-0.028922,-0.439717,-0.479717,0.311127,0.220000,-1.225122,1
1772473265,986588107,-0.271518,-1.848589,-2.018611,-0.013613,-0.393643,-0.131027,1,0.000000,0.000000,0.221893,-0.479717,0.222967,-0.499717,0.222967,-0.499717,0.000000,0.000000,0.220000,-0.028922,0.220000,-0.036255,0.220000,-0.036255,0,-1.439000,0.220000,0.212667,-0.021588,-0.036255,-0.459717,-0.499717,0.311127,0.220000,-1.676583,1
1772473266,11646715,-0.272963,-1.853231,-2.030080,-0.008751,-0.393570,-0.142496,1,0.000000,0.000000,0.222967,-0.499717,0.217088,-0.519717,0.217088,-0.519717,0.000000,0.000000,0.220000,-0.036255,0.212667,-0.043588,0.212667,-0.043588,0,-8.131240,0.220000,0.212667,-0.028922,-0.043588,-0.479717,-0.519717,0.311127,0.220000,-2.371283,1
1772473266,61622108,-0.279504,-1.862576,-2.054486,0.002166,-0.396874,-0.166902,1,0.000000,0.000000,0.217088,-0.519717,0.211553,-0.539717,0.211553,-0.539717,0.000000,0.000000,0.212667,-0.043588,0.205333,-0.050922,0.205333,-0.050922,0,-8.469533,0.220000,0.205333,-0.036255,-0.050922,-0.499717,-0.539717,0.311127,0.220000,-2.358604,1
1772473266,86655534,-0.281715,-1.868179,-2.066759,0.008200,-0.397265,-0.179192,1,0.000000,0.000000,0.211553,-0.539717,0.206392,-0.559717,0.206392,-0.559717,0.000000,0.000000,0.205333,-0.050922,0.198000,-0.058255,0.198000,-0.058255,0,-8.561576,0.212667,0.198000,-0.043588,-0.058255,-0.519717,-0.559717,0.311127,0.220000,-2.346315,1
1772473266,111666362,-0.285296,-1.871832,-2.079637,0.013402,-0.400527,-0.192545,1,0.000000,0.000000,0.206392,-0.559717,0.201632,-0.579717,0.201632,-0.579717,0.000000,0.000000,0.198000,-0.058255,0.190667,-0.065588,0.190667,-0.065588,0,-8.683446,0.205333,0.190667,-0.050922,-0.065588,-0.539717,-0.579717,0.311127,0.220000,-2.338215,1
1772473266,161654147,-0.292905,-1.879577,-2.106076,0.023130,-0.405349,-0.218985,1,0.000000,0.000000,0.201632,-0.579717,0.197304,-0.599717,0.197304,-0.599717,0.000000,0.000000,0.190667,-0.065588,0.183333,-0.072922,0.183333,-0.072922,0,-8.823000,0.198000,0.183333,-0.058255,-0.072922,-0.559717,-0.599717,0.311127,0.220000,-2.316671,1
1772473266,186725096,-0.296606,-1.883204,-2.119822,0.027728,-0.407738,-0.232730,1,0.000000,0.000000,0.197304,-0.599717,0.193434,-0.600000,0.193434,-0.600000,0.000000,0.000000,0.183333,-0.072922,0.176000,-0.080255,0.176000,-0.080255,0,-8.871178,0.190667,0.176000,-0.065588,-0.080255,-0.579717,-0.600000,0.311127,0.220000,-2.302926,1
1772473266,211744833,-0.299965,-1.886239,-2.135513,0.031657,-0.409986,-0.248422,1,0.000000,0.000000,0.193434,-0.600000,0.190053,-0.600000,0.190053,-0.600000,0.000000,0.000000,0.176000,-0.080255,0.168667,-0.087588,0.168667,-0.087588,0,-8.901271,0.183333,0.168667,-0.072922,-0.087588,-0.580000,-0.600000,0.311127,0.220000,-2.291804,1
1772473266,261690495,-0.307058,-1.892687,-2.164719,0.039992,-0.414722,-0.277627,1,0.000000,0.000000,0.190053,-0.600000,0.187186,-0.600000,0.187186,-0.600000,0.000000,0.000000,0.168667,-0.087588,0.161333,-0.094922,0.161333,-0.094922,0,-8.957819,0.176000,0.161333,-0.080255,-0.094922,-0.580000,-0.600000,0.311127,0.220000,-2.262598,1
1772473266,286746071,-0.313073,-1.893338,-2.178931,0.042481,-0.420236,-0.291839,1,0.000000,0.000000,0.187186,-0.600000,0.184857,-0.600000,0.184857,-0.600000,0.000000,0.000000,0.161333,-0.094922,0.154000,-0.102255,0.154000,-0.102255,0,-8.995843,0.168667,0.154000,-0.087588,-0.102255,-0.580000,-0.600000,0.311127,0.220000,-2.252658,1
1772473266,311749996,-0.315638,-1.896005,-2.193947,0.045907,-0.421844,-0.306894,1,0.000000,0.000000,0.184857,-0.600000,0.183087,-0.600000,0.183087,-0.600000,0.000000,0.000000,0.154000,-0.102255,0.146667,-0.109588,0.146667,-0.109588,0,-9.004201,0.161333,0.146667,-0.094922,-0.109588,-0.580000,-0.600000,0.311127,0.220000,-2.237603,1
1772473266,361766298,-0.323784,-1.899900,-2.223557,0.055279,-0.428385,-0.337769,1,0.000000,0.000000,0.183087,-0.600000,0.181891,-0.600000,0.181891,-0.600000,0.000000,0.000000,0.146667,-0.109588,0.139333,-0.116922,0.139333,-0.116922,0,-9.044265,0.154000,0.139333,-0.102255,-0.116922,-0.580000,-0.600000,0.311127,0.220000,-2.210728,1
1772473266,386795789,-0.328070,-1.901050,-2.237890,0.057699,-0.432105,-0.352102,1,0.000000,0.000000,0.181891,-0.600000,0.181282,-0.600000,0.181282,-0.600000,0.000000,0.000000,0.139333,-0.116922,0.132000,-0.124255,0.132000,-0.124255,0,-9.055165,0.146667,0.132000,-0.109588,-0.124255,-0.580000,-0.600000,0.311127,0.220000,-2.196395,1
1772473266,411808236,-0.331709,-1.902433,-2.252695,0.060142,-0.435136,-0.366907,1,0.000000,0.000000,0.181282,-0.600000,0.181266,-0.600000,0.181266,-0.600000,0.000000,0.000000,0.132000,-0.124255,0.124667,-0.131588,0.124667,-0.131588,0,-9.061559,0.139333,0.124667,-0.116922,-0.131588,-0.580000,-0.600000,0.311127,0.220000,-2.185340,1
1772473266,461818396,-0.339382,-1.902806,-2.282761,0.062874,-0.442315,-0.396973,1,0.000000,0.000000,0.181266,-0.600000,0.181842,-0.600000,0.181842,-0.600000,0.000000,0.000000,0.124667,-0.131588,0.117333,-0.138922,0.117333,-0.138922,0,-9.070525,0.132000,0.117333,-0.124255,-0.138922,-0.580000,-0.600000,0.311127,0.220000,-2.159120,1
1772473266,486878308,-0.345008,-1.902390,-2.297649,0.064222,-0.447793,-0.411861,1,0.000000,0.000000,0.181842,-0.600000,0.183004,-0.600000,0.183004,-0.600000,0.000000,0.000000,0.117333,-0.138922,0.110000,-0.146255,0.110000,-0.146255,0,-9.078700,0.124667,0.110000,-0.131588,-0.146255,-0.580000,-0.600000,0.311127,0.220000,-2.144232,1
1772473266,511876193,-0.349663,-1.903308,-2.312522,0.066536,-0.451935,-0.426733,1,0.000000,0.000000,0.183004,-0.600000,0.184743,-0.600000,0.184743,-0.600000,0.000000,0.000000,0.110000,-0.146255,0.102667,-0.153588,0.102667,-0.153588,0,-9.083470,0.117333,0.102667,-0.138922,-0.153588,-0.580000,-0.600000,0.311127,0.220000,-2.132994,1
1772473266,561947220,-0.356073,-1.902287,-2.340438,0.067497,-0.458324,-0.454678,1,0.000000,0.000000,0.184743,-0.600000,0.187041,-0.600000,0.187041,-0.600000,0.000000,0.000000,0.102667,-0.153588,0.095333,-0.160922,0.095333,-0.160922,0,-9.084874,0.110000,0.095333,-0.146255,-0.160922,-0.580000,-0.600000,0.311127,0.220000,-2.105050,1
1772473266,586905058,-0.360749,-1.901691,-2.355471,0.066291,-0.462124,-0.470790,1,0.000000,0.000000,0.187041,-0.600000,0.189878,-0.600000,0.189878,-0.600000,0.000000,0.000000,0.095333,-0.160922,0.088000,-0.168255,0.088000,-0.168255,0,-9.083979,0.102667,0.088000,-0.153588,-0.168255,-0.580000,-0.600000,0.311127,0.220000,-2.092051,1
1772473266,611960103,-0.365098,-1.901143,-2.370676,0.067113,-0.466429,-0.485995,1,0.000000,0.000000,0.189878,-0.600000,0.193231,-0.600000,0.193231,-0.600000,0.000000,0.000000,0.088000,-0.168255,0.080667,-0.175588,0.080667,-0.175588,0,-9.086056,0.095333,0.080667,-0.160922,-0.175588,-0.580000,-0.600000,0.311127,0.220000,-2.076846,1
1772473266,662072403,-0.373234,-1.897449,-2.399942,0.066111,-0.475308,-0.515261,1,0.000000,0.000000,0.193231,-0.600000,0.197074,-0.600000,0.197074,-0.600000,0.000000,0.000000,0.080667,-0.175588,0.073333,-0.182922,0.073333,-0.182922,0,-9.087873,0.088000,0.073333,-0.168255,-0.182922,-0.580000,-0.600000,0.311127,0.220000,-2.050511,1
1772473266,687023356,-0.377749,-1.895235,-2.414912,0.065399,-0.480286,-0.530231,1,0.000000,0.000000,0.197074,-0.600000,0.201378,-0.600000,0.201378,-0.600000,0.000000,0.000000,0.073333,-0.182922,0.066000,-0.190255,0.066000,-0.190255,0,-9.088856,0.080667,0.066000,-0.175588,-0.190255,-0.580000,-0.600000,0.311127,0.220000,-2.038304,1
1772473266,712018817,-0.381240,-1.893043,-2.429213,0.064392,-0.484284,-0.544532,1,0.000000,0.000000,0.201378,-0.600000,0.206114,-0.600000,0.206114,-0.600000,0.000000,0.000000,0.066000,-0.190255,0.058667,-0.197588,0.058667,-0.197588,0,-9.088875,0.073333,0.058667,-0.182922,-0.197588,-0.580000,-0.600000,0.311127,0.220000,-2.024004,1
1772473266,762013908,-0.390381,-1.888078,-2.458165,0.062507,-0.494459,-0.573430,1,0.000000,0.000000,0.206114,-0.600000,0.211254,-0.600000,0.211254,-0.600000,0.000000,0.000000,0.058667,-0.197588,0.051333,-0.204922,0.051333,-0.204922,0,-9.090263,0.066000,0.051333,-0.190255,-0.204922,-0.580000,-0.600000,0.311127,0.220000,-1.997721,1
1772473266,787109963,-0.393449,-1.885955,-2.472814,0.062108,-0.495664,-0.585587,1,0.000000,0.000000,0.211254,-0.600000,0.216768,-0.600000,0.216768,-0.600000,0.000000,0.000000,0.051333,-0.204922,0.044000,-0.212255,0.044000,-0.212255,0,-9.089075,0.058667,0.044000,-0.197588,-0.212255,-0.580000,-0.600000,0.311127,0.220000,-1.985565,1
1772473266,812130374,-0.398933,-1.882332,-2.487953,0.060371,-0.502003,-0.600726,1,0.000000,0.000000,0.216768,-0.600000,0.222629,-0.600000,0.222629,-0.600000,0.000000,0.000000,0.044000,-0.212255,0.036667,-0.219588,0.036667,-0.219588,0,-9.090110,0.051333,0.036667,-0.204922,-0.219588,-0.580000,-0.600000,0.311127,0.220000,-1.973263,1
1772473266,862116499,-0.406407,-1.876649,-2.518824,0.057296,-0.510874,-0.631597,1,0.000000,0.000000,0.222629,-0.600000,0.221947,-0.600000,0.221947,-0.600000,0.000000,0.000000,0.036667,-0.219588,0.029333,-0.220000,0.029333,-0.220000,0,-9.089839,0.044000,0.029333,-0.212255,-0.220000,-0.580000,-0.600000,0.311127,0.220000,-1.945075,1
1772473266,887152702,-0.411463,-1.873487,-2.533261,0.055864,-0.516664,-0.646034,1,0.000000,0.000000,0.221947,-0.600000,0.221097,-0.600000,0.221097,-0.600000,0.000000,0.000000,0.029333,-0.220000,0.022000,-0.220000,0.022000,-0.220000,0,-9.090490,0.036667,0.022000,-0.212667,-0.220000,-0.580000,-0.600000,0.311127,0.220000,-1.932821,1
1772473266,912198600,-0.417034,-1.871026,-2.548346,0.055257,-0.522651,-0.661116,1,0.000000,0.000000,0.221097,-0.600000,0.220488,-0.600000,0.220488,-0.600000,0.000000,0.000000,0.022000,-0.220000,0.014667,-0.220000,0.014667,-0.220000,0,-9.090896,0.029333,0.014667,-0.212667,-0.220000,-0.580000,-0.600000,0.311127,0.220000,-1.917739,1
1772473266,962219970,-0.422815,-1.862867,-2.578133,0.049215,-0.527749,-0.690762,1,0.000000,0.000000,0.220488,-0.600000,0.220149,-0.600000,0.220149,-0.600000,0.000000,0.000000,0.014667,-0.220000,0.008105,-0.220000,0.008105,-0.220000,0,-9.087824,0.022000,0.007333,-0.212667,-0.220000,-0.580000,-0.600000,0.311127,0.220000,-1.890162,1
1772473266,987251678,-0.426591,-1.859970,-2.592673,0.047637,-0.532239,-0.705303,1,0.000000,0.000000,0.220149,-0.600000,0.220152,-0.600000,0.220152,-0.600000,0.000000,0.000000,0.008105,-0.220000,0.008188,-0.220000,0.008188,-0.220000,0,-9.087760,0.015438,0.000771,-0.212667,-0.220000,-0.580000,-0.600000,0.311127,0.220000,-1.877691,1
1772473267,12299240,-0.429094,-1.855646,-2.607565,0.044307,-0.535964,-0.720194,1,0.000000,0.000000,0.220152,-0.600000,0.220262,-0.600000,0.220262,-0.600000,0.000000,0.000000,0.008188,-0.220000,0.010745,-0.220000,0.010745,-0.220000,0,-9.085486,0.015521,0.000855,-0.212667,-0.220000,-0.580000,-0.600000,0.311127,0.220000,-1.862800,1
1772473267,62345086,-0.435182,-1.846670,-2.637980,0.038579,-0.538450,-0.750039,1,0.000000,0.000000,0.220262,-0.600000,0.220742,-0.600000,0.220742,-0.600000,0.000000,0.000000,0.010745,-0.220000,0.018079,-0.220000,0.018079,-0.220000,0,-9.069377,0.018079,0.003412,-0.212667,-0.220000,-0.580000,-0.600000,0.311127,0.220000,-1.835185,1
1772473267,87387800,-0.436985,-1.842642,-2.652030,0.035314,-0.541420,-0.764089,1,0.000000,0.000000,0.220742,-0.600000,0.221369,-0.600000,0.221369,-0.600000,0.000000,0.000000,0.018079,-0.220000,0.024579,-0.220000,0.024579,-0.220000,0,-9.062496,0.025412,0.010745,-0.212667,-0.220000,-0.580000,-0.600000,0.311127,0.220000,-1.821135,1
1772473267,112369958,-0.439115,-1.837968,-2.665487,0.031538,-0.544901,-0.777546,1,0.000000,0.000000,0.221369,-0.600000,0.221690,-0.600000,0.221690,-0.600000,0.000000,0.000000,0.024579,-0.220000,0.027318,-0.220000,0.027318,-0.220000,0,-9.055799,0.031912,0.017246,-0.212667,-0.220000,-0.580000,-0.600000,0.311127,0.220000,-1.809692,1
1772473267,162450407,-0.445158,-1.828887,-2.695700,0.025242,-0.556639,-0.808004,1,0.000000,0.000000,0.221690,-0.600000,0.221638,-0.600000,0.221638,-0.600000,0.000000,0.000000,0.027318,-0.220000,0.026893,-0.220000,0.026893,-0.220000,0,-9.056886,0.034651,0.019984,-0.212667,-0.220000,-0.580000,-0.600000,0.311127,0.220000,-1.780885,1
1772473267,187518324,-0.446606,-1.823001,-2.710027,0.020100,-0.559849,-0.822331,1,0.000000,0.000000,0.221638,-0.600000,0.222213,-0.600000,0.222213,-0.600000,0.000000,0.000000,0.026893,-0.220000,0.031281,-0.220000,0.031281,-0.220000,0,-9.044845,0.034226,0.019559,-0.212667,-0.220000,-0.580000,-0.600000,0.311127,0.220000,-1.768167,1
1772473267,212509160,-0.449909,-1.818325,-2.725114,0.016686,-0.564445,-0.837417,1,0.000000,0.000000,0.222213,-0.600000,0.222436,-0.600000,0.222436,-0.600000,0.000000,0.000000,0.031281,-0.220000,0.032830,-0.220000,0.032830,-0.220000,0,-9.040157,0.038614,0.023947,-0.212667,-0.220000,-0.580000,-0.600000,0.311127,0.220000,-1.753081,1
1772473267,262565400,-0.454977,-1.809216,-2.753614,0.013641,-0.573235,-0.864537,1,0.000000,0.000000,0.222436,-0.600000,0.222402,-0.600000,0.222402,-0.600000,0.000000,0.000000,0.032830,-0.220000,0.032599,-0.220000,0.032599,-0.220000,0,-9.040870,0.040163,0.025497,-0.212667,-0.220000,-0.580000,-0.600000,0.311127,0.220000,-1.727812,1
1772473267,287669479,-0.457608,-1.803902,-2.767441,0.009418,-0.577398,-0.878363,1,0.000000,0.000000,0.222402,-0.600000,0.222753,-0.600000,0.222753,-0.600000,0.000000,0.000000,0.032599,-0.220000,0.034913,-0.220000,0.034913,-0.220000,0,-9.033492,0.039932,0.025266,-0.212667,-0.220000,-0.580000,-0.600000,0.311127,0.220000,-1.715709,1
1772473267,312638489,-0.460889,-1.799234,-2.781328,0.006011,-0.581974,-0.892250,1,0.000000,0.000000,0.222753,-0.600000,0.222944,-0.600000,0.222944,-0.600000,0.000000,0.000000,0.034913,-0.220000,0.036112,-0.220000,0.036112,-0.220000,0,-9.029465,0.042246,0.027579,-0.212667,-0.220000,-0.580000,-0.600000,0.311127,0.220000,-1.703144,1
1772473267,362660483,-0.467238,-1.789145,-2.810625,-0.006020,-0.591168,-0.925914,1,0.000000,0.000000,0.222944,-0.600000,0.224249,-0.600000,0.224249,-0.600000,0.000000,0.000000,0.036112,-0.220000,0.043446,-0.220000,0.043446,-0.220000,0,-8.998803,0.043446,0.028779,-0.212667,-0.220000,-0.580000,-0.600000,0.311127,0.220000,-1.670831,1
1772473267,387698432,-0.470263,-1.784702,-2.825754,-0.009312,-0.595418,-0.941044,1,0.000000,0.000000,0.224249,-0.600000,0.224769,-0.600000,0.224769,-0.600000,0.000000,0.000000,0.043446,-0.220000,0.046057,-0.220000,0.046057,-0.220000,0,-8.990750,0.050779,0.036112,-0.212667,-0.220000,-0.580000,-0.600000,0.311127,0.220000,-1.657234,1
1772473267,412754691,-0.470317,-1.779672,-2.839998,-0.014080,-0.597022,-0.955287,1,0.000000,0.000000,0.224769,-0.600000,0.226064,-0.600000,0.226064,-0.600000,0.000000,0.000000,0.046057,-0.220000,0.052007,-0.220000,0.052007,-0.220000,0,-8.963001,0.053390,0.038724,-0.212667,-0.220000,-0.580000,-0.600000,0.311127,0.220000,-1.642991,1
1772473267,462770897,-0.475318,-1.767679,-2.870441,-0.016634,-0.603825,-0.984204,1,0.000000,0.000000,0.226064,-0.600000,0.226632,-0.600000,0.226632,-0.600000,0.000000,0.000000,0.052007,-0.220000,0.054425,-0.220000,0.054425,-0.220000,0,-8.950736,0.059341,0.044674,-0.212667,-0.220000,-0.580000,-0.600000,0.311127,0.220000,-1.615444,1
1772473267,487835928,-0.477852,-1.762732,-2.884517,-0.020551,-0.607769,-0.998280,1,0.000000,0.000000,0.226632,-0.600000,0.227214,-0.600000,0.227214,-0.600000,0.000000,0.000000,0.054425,-0.220000,0.056801,-0.220000,0.056801,-0.220000,0,-8.938124,0.061759,0.047092,-0.212667,-0.220000,-0.580000,-0.600000,0.311127,0.220000,-1.602432,1
1772473267,512872794,-0.480463,-1.757719,-2.898814,-0.024506,-0.611806,-1.012577,1,0.000000,0.000000,0.227214,-0.600000,0.227813,-0.600000,0.227813,-0.600000,0.000000,0.000000,0.056801,-0.220000,0.059152,-0.220000,0.059152,-0.220000,0,-8.925097,0.064135,0.049468,-0.212667,-0.220000,-0.580000,-0.600000,0.311127,0.220000,-1.588134,1
1772473267,562884368,-0.486137,-1.749361,-2.928831,-0.032299,-0.620229,-1.045693,1,0.000000,0.000000,0.227813,-0.600000,0.229319,-0.600000,0.229319,-0.600000,0.000000,0.000000,0.059152,-0.220000,0.064708,-0.220000,0.064708,-0.220000,0,-8.892123,0.066485,0.051818,-0.212667,-0.220000,-0.580000,-0.600000,0.311127,0.220000,-1.556231,1
1772473267,587950604,-0.489331,-1.742833,-2.943614,-0.037529,-0.625274,-1.060476,1,0.000000,0.000000,0.229319,-0.600000,0.229944,-0.600000,0.229944,-0.600000,0.000000,0.000000,0.064708,-0.220000,0.066889,-0.220000,0.066889,-0.220000,0,-8.878333,0.072041,0.057374,-0.212667,-0.220000,-0.580000,-0.600000,0.311127,0.220000,-1.542710,1
1772473267,612986006,-0.492458,-1.736915,-2.958183,-0.042201,-0.630068,-1.075045,1,0.000000,0.000000,0.229944,-0.600000,0.230536,-0.600000,0.230536,-0.600000,0.000000,0.000000,0.066889,-0.220000,0.068897,-0.220000,0.068897,-0.220000,0,-8.865211,0.074222,0.059555,-0.212667,-0.220000,-0.580000,-0.600000,0.311127,0.220000,-1.529147,1
1772473267,663028006,-0.497918,-1.727391,-2.988980,-0.051567,-0.640779,-1.104429,1,0.000000,0.000000,0.230536,-0.600000,0.231371,-0.600000,0.231371,-0.600000,0.000000,0.000000,0.068897,-0.220000,0.071641,-0.220000,0.071641,-0.220000,0,-8.846624,0.076230,0.061564,-0.212667,-0.220000,-0.580000,-0.600000,0.311127,0.220000,-1.500665,1
1772473267,688077946,-0.498485,-1.723706,-3.004510,-0.054897,-0.642455,-1.119958,1,0.000000,0.000000,0.231371,-0.600000,0.232986,-0.600000,0.232986,-0.600000,0.000000,0.000000,0.071641,-0.220000,0.076697,-0.220000,0.076697,-0.220000,0,-8.810358,0.078974,0.064307,-0.212667,-0.220000,-0.580000,-0.600000,0.311127,0.220000,-1.486223,1
1772473267,713114455,-0.500939,-1.718491,-3.019623,-0.059100,-0.646400,-1.135072,1,0.000000,0.000000,0.232986,-0.600000,0.233931,-0.600000,0.233931,-0.600000,0.000000,0.000000,0.076697,-0.220000,0.079523,-0.220000,0.079523,-0.220000,0,-8.788942,0.084030,0.069364,-0.212667,-0.220000,-0.580000,-0.600000,0.311127,0.220000,-1.471109,1
1772473267,763259768,-0.506847,-1.708454,-3.049314,-0.067714,-0.656328,-1.162574,1,0.000000,0.000000,0.233931,-0.600000,0.234804,-0.600000,0.234804,-0.600000,0.000000,0.000000,0.079523,-0.220000,0.082054,-0.220000,0.082054,-0.220000,0,-8.769059,0.086856,0.072190,-0.212667,-0.220000,-0.580000,-0.600000,0.311127,0.220000,-1.445301,1
1772473267,788207105,-0.508968,-1.703242,-3.065162,-0.072009,-0.659963,-1.178422,1,0.000000,0.000000,0.234804,-0.600000,0.236032,-0.600000,0.236032,-0.600000,0.000000,0.000000,0.082054,-0.220000,0.085506,-0.220000,0.085506,-0.220000,0,-8.740852,0.089387,0.074720,-0.212667,-0.220000,-0.580000,-0.600000,0.311127,0.220000,-1.429453,1
1772473267,813240676,-0.511753,-1.696702,-3.079842,-0.077360,-0.664643,-1.193102,1,0.000000,0.000000,0.236032,-0.600000,0.236985,-0.600000,0.236985,-0.600000,0.000000,0.000000,0.085506,-0.220000,0.088100,-0.220000,0.088100,-0.220000,0,-8.718828,0.092839,0.078173,-0.212667,-0.220000,-0.580000,-0.600000,0.311127,0.220000,-1.415655,1
1772473267,863335643,-0.516865,-1.684412,-3.108531,-0.092896,-0.670357,-1.222495,1,0.000000,0.000000,0.236985,-0.600000,0.239807,-0.600000,0.239807,-0.600000,0.000000,0.000000,0.088100,-0.220000,0.095434,-0.220000,0.095434,-0.220000,0,-8.600083,0.095434,0.080767,-0.212667,-0.220000,-0.580000,-0.600000,0.311127,0.220000,-1.387766,1
1772473267,888380758,-0.518668,-1.676477,-3.123131,-0.099881,-0.674531,-1.237095,1,0.000000,0.000000,0.239807,-0.600000,0.242819,-0.600000,0.242819,-0.600000,0.000000,0.000000,0.095434,-0.220000,0.102767,-0.220000,0.102767,-0.220000,0,-8.556950,0.102767,0.088100,-0.212667,-0.220000,-0.580000,-0.600000,0.311127,0.220000,-1.373166,1
1772473267,913365485,-0.520784,-1.670079,-3.138112,-0.105308,-0.678527,-1.252077,1,0.000000,0.000000,0.242819,-0.600000,0.245301,-0.600000,0.245301,-0.600000,0.000000,0.000000,0.102767,-0.220000,0.108501,-0.220000,0.108501,-0.220000,0,-8.520192,0.110100,0.095434,-0.212667,-0.220000,-0.580000,-0.600000,0.311127,0.220000,-1.358868,1
1772473267,963448228,-0.527363,-1.657526,3.114869,-0.110575,-0.687953,-1.284399,1,0.000000,0.000000,0.245301,-0.600000,0.246243,-0.600000,0.246243,-0.600000,0.000000,0.000000,0.108501,-0.220000,0.110615,-0.220000,0.110615,-0.220000,0,-8.496953,0.115834,0.101168,-0.212667,-0.220000,-0.580000,-0.600000,0.311127,0.220000,-1.327277,1
1772473267,988519221,-0.529582,-1.652564,3.099924,-0.114612,-0.691593,-1.299345,1,0.000000,0.000000,0.246243,-0.600000,0.247549,-0.600000,0.247549,-0.600000,0.000000,0.000000,0.110615,-0.220000,0.113492,-0.220000,0.113492,-0.220000,0,-8.464503,0.117948,0.103282,-0.212667,-0.220000,-0.580000,-0.600000,0.311127,0.220000,-1.312900,1
1772473268,13609978,-0.531763,-1.646411,3.085495,-0.119794,-0.695563,-1.313773,1,0.000000,0.000000,0.247549,-0.600000,0.248986,-0.600000,0.248986,-0.600000,0.000000,0.000000,0.113492,-0.220000,0.116594,-0.220000,0.116594,-0.220000,0,-8.428429,0.120825,0.106158,-0.212667,-0.220000,-0.580000,-0.600000,0.311127,0.220000,-1.298472,1
1772473268,63613622,-0.537053,-1.635474,3.055046,-0.133269,-0.708283,-1.350228,1,0.000000,0.000000,0.248986,-0.600000,0.251359,-0.600000,0.251359,-0.600000,0.000000,0.000000,0.116594,-0.220000,0.121579,-0.220000,0.121579,-0.220000,0,-8.368083,0.123927,0.109260,-0.212667,-0.220000,-0.580000,-0.600000,0.311127,0.220000,-1.263142,1
1772473268,88658798,-0.539339,-1.630346,3.039717,-0.137466,-0.712012,-1.365557,1,0.000000,0.000000,0.251359,-0.600000,0.252793,-0.600000,0.252793,-0.600000,0.000000,0.000000,0.121579,-0.220000,0.124516,-0.220000,0.124516,-0.220000,0,-8.331123,0.128912,0.114245,-0.212667,-0.220000,-0.580000,-0.600000,0.311127,0.220000,-1.248302,1
1772473268,113700586,-0.542122,-1.625276,3.024739,-0.141459,-0.716198,-1.380535,1,0.000000,0.000000,0.252793,-0.600000,0.253873,-0.600000,0.253873,-0.600000,0.000000,0.000000,0.124516,-0.220000,0.126695,-0.220000,0.126695,-0.220000,0,-8.303031,0.131849,0.117183,-0.212667,-0.220000,-0.580000,-0.600000,0.311127,0.220000,-1.233324,1
1772473268,163862524,-0.548633,-1.615898,2.994705,-0.149940,-0.727727,-1.405250,1,0.000000,0.000000,0.253873,-0.600000,0.253700,-0.600000,0.253700,-0.600000,0.000000,0.000000,0.126695,-0.220000,0.126347,-0.220000,0.126347,-0.220000,0,-8.307559,0.134028,0.119361,-0.212667,-0.220000,-0.580000,-0.600000,0.311127,0.220000,-1.209481,1
1772473268,188783767,-0.549128,-1.608919,2.979920,-0.156430,-0.730343,-1.420035,1,0.000000,0.000000,0.253700,-0.600000,0.256472,-0.600000,0.256472,-0.600000,0.000000,0.000000,0.126347,-0.220000,0.131825,-0.220000,0.131825,-0.220000,0,-8.234564,0.133680,0.119013,-0.212667,-0.220000,-0.580000,-0.600000,0.311127,0.220000,-1.195093,1
1772473268,213836888,-0.551796,-1.604963,2.964368,-0.159374,-0.734098,-1.435587,1,0.000000,0.000000,0.256472,-0.600000,0.257564,-0.600000,0.257564,-0.600000,0.000000,0.000000,0.131825,-0.220000,0.133937,-0.220000,0.133937,-0.220000,0,-8.205410,0.139158,0.124492,-0.212667,-0.220000,-0.580000,-0.600000,0.311127,0.220000,-1.179542,1
1772473268,263918893,-0.556859,-1.594113,2.933108,-0.170793,-0.746171,-1.467349,1,0.000000,0.000000,0.257564,-0.600000,0.259086,-0.600000,0.259086,-0.600000,0.000000,0.000000,0.133937,-0.220000,0.136842,-0.220000,0.136842,-0.220000,0,-8.164388,0.141271,0.126604,-0.212667,-0.220000,-0.580000,-0.600000,0.311127,0.220000,-1.148424,1
1772473268,289008589,-0.560051,-1.587892,2.918832,-0.175735,-0.751119,-1.481625,1,0.000000,0.000000,0.259086,-0.600000,0.259989,-0.600000,0.259989,-0.600000,0.000000,0.000000,0.136842,-0.220000,0.138544,-0.220000,0.138544,-0.220000,0,-8.139843,0.144175,0.129509,-0.212667,-0.220000,-0.580000,-0.600000,0.311127,0.220000,-1.134148,1
1772473268,313954501,-0.561115,-1.582020,2.903809,-0.180997,-0.753933,-1.496648,1,0.000000,0.000000,0.259989,-0.600000,0.262376,-0.600000,0.262376,-0.600000,0.000000,0.000000,0.138544,-0.220000,0.142973,-0.220000,0.142973,-0.220000,0,-8.074193,0.145877,0.131211,-0.212667,-0.220000,-0.580000,-0.600000,0.311127,0.220000,-1.119424,1
1772473268,364068173,-0.565086,-1.569289,2.873039,-0.194155,-0.757848,-1.526857,1,0.000000,0.000000,0.262376,-0.600000,0.266443,-0.600000,0.266443,-0.600000,0.000000,0.000000,0.142973,-0.220000,0.150306,-0.220000,0.150306,-0.220000,0,-7.878891,0.150306,0.135639,-0.212667,-0.220000,-0.580000,-0.600000,0.311127,0.220000,-1.089412,1
1772473268,389087150,-0.567697,-1.563691,2.858163,-0.198678,-0.762054,-1.541734,1,0.000000,0.000000,0.266443,-0.600000,0.270587,-0.600000,0.270587,-0.600000,0.000000,0.000000,0.150306,-0.220000,0.157536,-0.220000,0.157536,-0.220000,0,-7.839405,0.157639,0.142973,-0.212667,-0.220000,-0.580000,-0.600000,0.311127,0.220000,-1.074776,1
1772473268,414126558,-0.569982,-1.558209,2.842254,-0.203193,-0.765913,-1.557643,1,0.000000,0.000000,0.270587,-0.600000,0.272313,-0.600000,0.272313,-0.600000,0.000000,0.000000,0.157536,-0.220000,0.160481,-0.220000,0.160481,-0.220000,0,-7.788232,0.164869,0.150202,-0.212667,-0.220000,-0.580000,-0.600000,0.311127,0.220000,-1.059063,1
1772473268,464300629,-0.574237,-1.544157,2.812349,-0.210144,-0.774185,-1.589416,1,0.000000,0.000000,0.272313,-0.600000,0.274688,-0.600000,0.274688,-0.600000,0.000000,0.000000,0.160481,-0.220000,0.164479,-0.220000,0.164479,-0.220000,0,-7.716700,0.167814,0.153148,-0.212667,-0.220000,-0.580000,-0.600000,0.311127,0.220000,-1.027404,1
1772473268,489231506,-0.576612,-1.536813,2.796664,-0.216410,-0.778692,-1.605101,1,0.000000,0.000000,0.274688,-0.600000,0.276626,-0.600000,0.276626,-0.600000,0.000000,0.000000,0.164479,-0.220000,0.167697,-0.220000,0.167697,-0.220000,0,-7.657342,0.171812,0.157145,-0.212667,-0.220000,-0.580000,-0.600000,0.311127,0.220000,-1.011719,1
1772473268,514261503,-0.578398,-1.530055,2.781043,-0.222299,-0.782457,-1.620723,1,0.000000,0.000000,0.276626,-0.600000,0.278890,-0.600000,0.278890,-0.600000,0.000000,0.000000,0.167697,-0.220000,0.171405,-0.220000,0.171405,-0.220000,0,-7.586906,0.175030,0.160363,-0.212667,-0.220000,-0.580000,-0.600000,0.311127,0.220000,-0.996226,1
1772473268,564333029,-0.583359,-1.518836,2.749847,-0.234068,-0.793462,-1.650959,1,0.000000,0.000000,0.278890,-0.600000,0.281086,-0.600000,0.281086,-0.600000,0.000000,0.000000,0.171405,-0.220000,0.174955,-0.220000,0.174955,-0.220000,0,-7.517402,0.178739,0.164072,-0.212667,-0.220000,-0.580000,-0.600000,0.311127,0.220000,-0.966117,1
1772473268,589367637,-0.585083,-1.512119,2.735386,-0.239933,-0.797162,-1.665420,1,0.000000,0.000000,0.281086,-0.600000,0.283212,-0.600000,0.283212,-0.600000,0.000000,0.000000,0.174955,-0.220000,0.178350,-0.220000,0.178350,-0.220000,0,-7.448981,0.182289,0.167622,-0.212667,-0.220000,-0.580000,-0.600000,0.311127,0.220000,-0.951675,1
1772473268,614402675,-0.586208,-1.504209,2.720294,-0.247118,-0.800658,-1.680512,1,0.000000,0.000000,0.283212,-0.600000,0.286055,-0.600000,0.286055,-0.600000,0.000000,0.000000,0.178350,-0.220000,0.182832,-0.220000,0.182832,-0.220000,0,-7.355629,0.185684,0.171017,-0.212667,-0.220000,-0.580000,-0.600000,0.311127,0.220000,-0.936583,1
1772473268,664517637,-0.590116,-1.490599,2.689764,-0.259414,-0.802509,-1.709850,1,0.000000,0.000000,0.286055,-0.600000,0.290797,-0.600000,0.290797,-0.600000,0.000000,0.000000,0.182832,-0.220000,0.190165,-0.220000,0.190165,-0.220000,0,-7.079177,0.190165,0.175499,-0.212667,-0.220000,-0.580000,-0.600000,0.311127,0.220000,-0.907189,1
1772473268,689570522,-0.591918,-1.483377,2.674187,-0.265731,-0.806446,-1.725427,1,0.000000,0.000000,0.290797,-0.600000,0.295645,-0.600000,0.295645,-0.600000,0.000000,0.000000,0.190165,-0.220000,0.197499,-0.220000,0.197499,-0.220000,0,-6.995927,0.197499,0.182832,-0.212667,-0.220000,-0.580000,-0.600000,0.311127,0.220000,-0.891612,1
1772473268,714548172,-0.595227,-1.477117,2.658151,-0.270669,-0.811521,-1.741463,1,0.000000,0.000000,0.295645,-0.600000,0.297608,-0.600000,0.297608,-0.600000,0.000000,0.000000,0.197499,-0.220000,0.200426,-0.220000,0.200426,-0.220000,0,-6.953296,0.204832,0.190165,-0.212667,-0.220000,-0.580000,-0.600000,0.311127,0.220000,-0.875486,1
1772473268,764595793,-0.596795,-1.463289,2.628184,-0.276370,-0.817889,-1.766659,1,0.000000,0.000000,0.297608,-0.600000,0.299708,-0.600000,0.299708,-0.600000,0.000000,0.000000,0.200426,-0.220000,0.203531,-0.220000,0.203531,-0.220000,0,-6.875851,0.207759,0.193093,-0.212667,-0.220000,-0.580000,-0.600000,0.311127,0.220000,-0.850162,1
1772473268,789683984,-0.599458,-1.457263,2.613248,-0.281264,-0.822300,-1.781595,1,0.000000,0.000000,0.299708,-0.600000,0.301101,-0.600000,0.301101,-0.600000,0.000000,0.000000,0.203531,-0.220000,0.205577,-0.220000,0.205577,-0.220000,0,-6.823683,0.210865,0.196198,-0.212667,-0.220000,-0.580000,-0.600000,0.311127,0.220000,-0.835111,1
1772473268,814708466,-0.601333,-1.448990,2.598405,-0.288538,-0.826665,-1.796438,1,0.000000,0.000000,0.301101,-0.600000,0.303367,-0.600000,0.303367,-0.600000,0.000000,0.000000,0.205577,-0.220000,0.208882,-0.220000,0.208882,-0.220000,0,-6.737463,0.212911,0.198244,-0.212667,-0.220000,-0.580000,-0.600000,0.311127,0.220000,-0.820268,1
1772473268,864825096,-0.605282,-1.435176,2.567582,-0.300454,-0.835711,-1.828922,1,0.000000,0.000000,0.303367,-0.600000,0.307169,-0.600000,0.307169,-0.600000,0.000000,0.000000,0.208882,-0.220000,0.214366,-0.220000,0.214366,-0.220000,0,-6.588750,0.216215,0.201548,-0.212667,-0.220000,-0.580000,-0.600000,0.311127,0.220000,-0.787348,1
1772473268,889853091,-0.605876,-1.428176,2.552737,-0.306923,-0.838450,-1.843766,1,0.000000,0.000000,0.307169,-0.600000,0.310118,-0.600000,0.310118,-0.600000,0.000000,0.000000,0.214366,-0.220000,0.218571,-0.220000,0.218571,-0.220000,0,-6.469716,0.220000,0.207033,-0.212667,-0.220000,-0.580000,-0.600000,0.311127,0.220000,-0.772306,1
1772473268,914895817,-0.606610,-1.420172,2.538923,-0.314302,-0.841635,-1.857580,1,0.000000,0.000000,0.310118,-0.600000,0.309310,-0.600000,0.309310,-0.600000,0.000000,0.000000,0.218571,-0.220000,0.220000,-0.217423,0.220000,-0.217423,0,-6.352956,0.220000,0.211238,-0.212667,-0.220000,-0.580000,-0.600000,0.311127,0.220000,-0.758492,1
1772473268,964918530,-0.609639,-1.405277,2.509410,-0.330050,-0.849162,-1.884164,1,0.000000,0.000000,0.309310,-0.600000,0.304200,-0.600000,0.304200,-0.600000,0.000000,0.000000,0.220000,-0.217423,0.220000,-0.210090,0.220000,-0.210090,0,-6.135522,0.220000,0.212667,-0.210090,-0.220000,-0.580000,-0.600000,0.311127,0.220000,-0.731254,1
1772473268,989998003,-0.610966,-1.399418,2.494347,-0.335197,-0.852259,-1.899227,1,0.000000,0.000000,0.304200,-0.600000,0.301799,-0.600000,0.301799,-0.600000,0.000000,0.000000,0.220000,-0.210090,0.220000,-0.206597,0.220000,-0.206597,0,-6.036626,0.220000,0.212667,-0.202757,-0.217423,-0.580000,-0.600000,0.311127,0.220000,-0.715901,1
1772473269,15033109,-0.611815,-1.391364,2.480327,-0.342579,-0.855589,-1.913246,1,0.000000,0.000000,0.301799,-0.600000,0.298959,-0.600000,0.298959,-0.600000,0.000000,0.000000,0.220000,-0.206597,0.220000,-0.202426,0.220000,-0.202426,0,-5.914757,0.220000,0.212667,-0.199264,-0.213931,-0.580000,-0.600000,0.311127,0.220000,-0.701484,1
1772473269,65130086,-0.615458,-1.376324,2.448077,-0.358401,-0.870019,-1.944188,1,0.000000,0.000000,0.298959,-0.600000,0.297290,-0.600000,0.297290,-0.600000,0.000000,0.000000,0.220000,-0.202426,0.220000,-0.199953,0.220000,-0.199953,0,-5.842499,0.220000,0.212667,-0.195093,-0.209760,-0.580000,-0.600000,0.311127,0.220000,-0.669671,1
1772473269,90185123,-0.615634,-1.368300,2.432410,-0.365963,-0.872711,-1.959855,1,0.000000,0.000000,0.297290,-0.600000,0.293692,-0.600000,0.293692,-0.600000,0.000000,0.000000,0.220000,-0.199953,0.220000,-0.194564,0.220000,-0.194564,0,-5.685023,0.220000,0.212667,-0.192620,-0.207287,-0.580000,-0.600000,0.311127,0.220000,-0.653514,1
1772473269,115266428,-0.616640,-1.362149,2.416147,-0.371485,-0.875601,-1.976118,1,0.000000,0.000000,0.293692,-0.600000,0.290867,-0.600000,0.290867,-0.600000,0.000000,0.000000,0.220000,-0.194564,0.220000,-0.190272,0.220000,-0.190272,0,-5.559610,0.220000,0.212667,-0.187231,-0.201897,-0.580000,-0.600000,0.311127,0.220000,-0.637252,1
1772473269,165284700,-0.619596,-1.347457,2.385523,-0.385124,-0.888325,-2.008707,1,0.000000,0.000000,0.290867,-0.600000,0.288626,-0.600000,0.288626,-0.600000,0.000000,0.000000,0.220000,-0.190272,0.220000,-0.186828,0.220000,-0.186828,0,-5.458991,0.220000,0.212667,-0.182939,-0.197605,-0.580000,-0.600000,0.311127,0.220000,-0.603538,1
1772473269,190300921,-0.619103,-1.339682,2.370594,-0.392664,-0.890289,-2.023636,1,0.000000,0.000000,0.288626,-0.600000,0.284677,-0.600000,0.284677,-0.600000,0.000000,0.000000,0.220000,-0.186828,0.220000,-0.180668,0.220000,-0.180668,0,-5.278995,0.220000,0.212667,-0.179495,-0.194162,-0.580000,-0.600000,0.311127,0.220000,-0.588040,1
1772473269,215342506,-0.620256,-1.332502,2.355352,-0.399123,-0.893630,-2.038878,1,0.000000,0.000000,0.284677,-0.600000,0.281951,-0.600000,0.281951,-0.600000,0.000000,0.000000,0.220000,-0.180668,0.220000,-0.176342,0.220000,-0.176342,0,-5.152590,0.220000,0.212667,-0.173335,-0.188001,-0.580000,-0.600000,0.311127,0.220000,-0.572067,1
1772473269,265447440,-0.621858,-1.318661,2.323951,-0.415067,-0.898667,-2.067024,1,0.000000,0.000000,0.281951,-0.600000,0.277424,-0.600000,0.277424,-0.600000,0.000000,0.000000,0.220000,-0.176342,0.220000,-0.169009,0.220000,-0.169009,0,-4.809803,0.220000,0.212667,-0.169009,-0.183675,-0.580000,-0.600000,0.311127,0.220000,-0.543237,1
1772473269,290488814,-0.621232,-1.310978,2.308737,-0.422555,-0.900500,-2.082238,1,0.000000,0.000000,0.277424,-0.600000,0.273018,-0.600000,0.273018,-0.600000,0.000000,0.000000,0.220000,-0.169009,0.220000,-0.161675,0.220000,-0.161675,0,-4.613243,0.220000,0.212667,-0.161675,-0.176342,-0.580000,-0.600000,0.311127,0.220000,-0.527392,1
1772473269,315485618,-0.622784,-1.303837,2.292687,-0.428840,-0.904228,-2.098288,1,0.000000,0.000000,0.273018,-0.600000,0.268741,-0.600000,0.268741,-0.600000,0.000000,0.000000,0.220000,-0.161675,0.220000,-0.154342,0.220000,-0.154342,0,-4.487815,0.220000,0.212667,-0.154342,-0.169009,-0.580000,-0.600000,0.311127,0.220000,-0.510469,1
1772473269,365541394,-0.623411,-1.290802,2.261122,-0.439962,-0.914956,-2.127172,1,0.000000,0.000000,0.268741,-0.600000,0.266371,-0.600000,0.266371,-0.600000,0.000000,0.000000,0.220000,-0.154342,0.220000,-0.150178,0.220000,-0.150178,0,-4.388095,0.220000,0.212667,-0.147009,-0.161675,-0.580000,-0.600000,0.311127,0.220000,-0.480704,1
1772473269,390604359,-0.624404,-1.284152,2.245718,-0.445949,-0.918015,-2.142576,1,0.000000,0.000000,0.266371,-0.600000,0.263731,-0.600000,0.263731,-0.600000,0.000000,0.000000,0.220000,-0.150178,0.220000,-0.145444,0.220000,-0.145444,0,-4.249780,0.220000,0.212667,-0.142845,-0.157511,-0.580000,-0.600000,0.311127,0.220000,-0.464588,1
1772473269,415631589,-0.625566,-1.277551,2.229956,-0.451837,-0.921218,-2.158338,1,0.000000,0.000000,0.263731,-0.600000,0.261191,-0.600000,0.261191,-0.600000,0.000000,0.000000,0.220000,-0.145444,0.220000,-0.140786,0.220000,-0.140786,0,-4.113657,0.220000,0.212667,-0.138111,-0.152778,-0.580000,-0.600000,0.311127,0.220000,-0.447843,1
1772473269,465713016,-0.625257,-1.264016,2.199139,-0.463902,-0.929949,-2.185280,1,0.000000,0.000000,0.261191,-0.600000,0.258111,-0.593707,0.258111,-0.593707,0.000000,0.000000,0.220000,-0.140786,0.220000,-0.134986,0.220000,-0.134986,0,-3.944205,0.220000,0.212667,-0.133452,-0.148119,-0.580000,-0.600000,0.311127,0.220000,-0.419814,1
1772473269,490788518,-0.627064,-1.257600,2.183443,-0.469394,-0.933727,-2.200975,1,0.000000,0.000000,0.258111,-0.593707,0.256116,-0.573707,0.256116,-0.573707,0.000000,0.000000,0.220000,-0.134986,0.220000,-0.131132,0.220000,-0.131132,0,-3.831575,0.220000,0.212667,-0.127653,-0.142320,-0.573707,-0.600000,0.311127,0.220000,-0.403217,1
1772473269,515825983,-0.626869,-1.251282,2.168511,-0.475438,-0.935577,-2.215908,1,0.000000,0.000000,0.256116,-0.573707,0.253011,-0.553707,0.253011,-0.553707,0.000000,0.000000,0.220000,-0.131132,0.220000,-0.124959,0.220000,-0.124959,0,-3.651219,0.220000,0.212667,-0.123798,-0.138465,-0.553707,-0.593707,0.311127,0.220000,-0.387278,1
1772473269,565895560,-0.626159,-1.237318,2.138998,-0.496701,-0.924235,-2.249152,1,0.000000,0.000000,0.253011,-0.553707,0.249471,-0.533707,0.249471,-0.533707,0.000000,0.000000,0.220000,-0.124959,0.220000,-0.117626,0.220000,-0.117626,0,-2.566328,0.220000,0.212667,-0.117626,-0.132293,-0.533707,-0.573707,0.311127,0.220000,-0.352771,1
1772473269,590966366,-0.627366,-1.231917,2.124826,-0.501437,-0.927100,-2.263325,1,0.000000,0.000000,0.249471,-0.533707,0.246098,-0.513707,0.246098,-0.513707,0.000000,0.000000,0.220000,-0.117626,0.220000,-0.110293,0.220000,-0.110293,0,-2.443604,0.220000,0.212667,-0.110293,-0.124959,-0.513707,-0.553707,0.311127,0.220000,-0.337387,1
1772473269,615995270,-0.627027,-1.225321,2.111156,-0.507797,-0.928880,-2.276995,1,0.000000,0.000000,0.246098,-0.513707,0.242900,-0.493707,0.242900,-0.493707,0.000000,0.000000,0.220000,-0.110293,0.220000,-0.102959,0.220000,-0.102959,0,-2.253695,0.220000,0.212667,-0.102959,-0.117626,-0.493707,-0.533707,0.311127,0.220000,-0.323717,1
1772473269,666096606,-0.628258,-1.213238,2.083281,-0.513829,-0.929354,-2.307546,1,0.000000,0.000000,0.242900,-0.493707,0.239884,-0.473707,0.239884,-0.473707,0.000000,0.000000,0.220000,-0.102959,0.220000,-0.095626,0.220000,-0.095626,0,-1.874264,0.220000,0.212667,-0.095626,-0.110293,-0.473707,-0.513707,0.311127,0.220000,-0.292102,1
1772473269,691201361,-0.628361,-1.209303,2.070754,-0.517530,-0.930695,-2.320073,1,0.000000,0.000000,0.239884,-0.473707,0.237056,-0.453707,0.237056,-0.453707,0.000000,0.000000,0.220000,-0.095626,0.220000,-0.088293,0.220000,-0.088293,0,-1.731853,0.220000,0.212667,-0.088293,-0.102959,-0.453707,-0.493707,0.311127,0.220000,-0.279575,1
1772473269,716215736,-0.629133,-1.202680,2.058683,-0.523570,-0.933521,-2.332144,1,0.000000,0.000000,0.237056,-0.453707,0.234424,-0.433707,0.234424,-0.433707,0.000000,0.000000,0.220000,-0.088293,0.220000,-0.080959,0.220000,-0.080959,0,-1.595670,0.220000,0.212667,-0.080959,-0.095626,-0.433707,-0.473707,0.311127,0.220000,-0.266134,1
1772473269,766307057,-0.630653,-1.191458,2.035728,-0.534354,-0.932185,-2.350568,1,0.000000,0.000000,0.234424,-0.433707,0.231993,-0.413707,0.231993,-0.413707,0.000000,0.000000,0.220000,-0.080959,0.220000,-0.073626,0.220000,-0.073626,0,-1.154394,0.220000,0.212667,-0.073626,-0.088293,-0.413707,-0.453707,0.311127,0.220000,-0.246177,1
1772473269,791523860,-0.630881,-1.186014,2.024229,-0.539437,-0.934145,-2.362067,1,0.000000,0.000000,0.231993,-0.413707,0.229771,-0.393707,0.229771,-0.393707,0.000000,0.000000,0.220000,-0.073626,0.220000,-0.066293,0.220000,-0.066293,0,-1.011144,0.220000,0.212667,-0.066293,-0.080959,-0.393707,-0.433707,0.311127,0.220000,-0.234678,1
1772473269,816459144,-0.631671,-1.179945,2.012349,-0.544933,-0.936837,-2.373947,1,0.000000,0.000000,0.229771,-0.393707,0.227763,-0.373707,0.227763,-0.373707,0.000000,0.000000,0.220000,-0.066293,0.220000,-0.058959,0.220000,-0.058959,0,-0.881158,0.220000,0.212667,-0.058959,-0.073626,-0.373707,-0.413707,0.311127,0.220000,-0.221447,1
1772473269,866607704,-0.633334,-1.168366,1.991814,-0.560440,-0.938914,-2.392946,1,0.000000,0.000000,0.227763,-0.373707,0.225976,-0.353707,0.225976,-0.353707,0.000000,0.000000,0.220000,-0.058959,0.220000,-0.051626,0.220000,-0.051626,0,-0.447610,0.220000,0.212667,-0.051626,-0.066293,-0.353707,-0.393707,0.311127,0.220000,-0.201126,1
1772473269,891636745,-0.633415,-1.161824,1.982847,-0.566608,-0.941096,-2.401913,1,0.000000,0.000000,0.225976,-0.353707,0.224414,-0.333707,0.224414,-0.333707,0.000000,0.000000,0.220000,-0.051626,0.220000,-0.044293,0.220000,-0.044293,0,-0.309872,0.220000,0.212667,-0.044293,-0.058959,-0.333707,-0.373707,0.311127,0.220000,-0.190436,1
1772473269,916706079,-0.634943,-1.157507,1.972510,-0.570204,-0.943932,-2.412249,1,0.000000,0.000000,0.224414,-0.333707,0.223083,-0.313707,0.223083,-0.313707,0.000000,0.000000,0.220000,-0.044293,0.220000,-0.036959,0.220000,-0.036959,0,-0.238785,0.220000,0.212667,-0.036959,-0.051626,-0.313707,-0.353707,0.311127,0.220000,-0.180100,1
1772473269,966824835,-0.636590,-1.146288,1.954368,-0.580275,-0.951292,-2.431963,1,0.000000,0.000000,0.223083,-0.313707,0.221986,-0.293707,0.221986,-0.293707,0.000000,0.000000,0.220000,-0.036959,0.220000,-0.029626,0.220000,-0.029626,0,-0.101869,0.220000,0.212667,-0.029626,-0.044293,-0.293707,-0.333707,0.311127,0.220000,-0.156926,1
1772473269,992095279,-0.638611,-1.141061,1.945790,-0.584579,-0.954881,-2.440541,1,0.000000,0.000000,0.221986,-0.293707,0.221127,-0.273707,0.221127,-0.273707,0.000000,0.000000,0.220000,-0.029626,0.220000,-0.022293,0.220000,-0.022293,0,-0.057255,0.220000,0.212667,-0.022293,-0.036959,-0.273707,-0.313707,0.311127,0.220000,-0.148348,1
1772473270,17063322,-0.638675,-1.135374,1.937961,-0.589946,-0.956762,-2.448370,1,0.000000,0.000000,0.221127,-0.273707,0.220508,-0.253707,0.220508,-0.253707,0.000000,0.000000,0.220000,-0.022293,0.220000,-0.014959,0.220000,-0.014959,0,0.064635,0.220000,0.212667,-0.014959,-0.029626,-0.253707,-0.293707,0.311127,0.220000,-0.138869,1
1772473270,67091345,-0.641679,-1.125614,1.923390,-0.597447,-0.964389,-2.466120,1,0.000000,0.000000,0.220508,-0.253707,0.220132,-0.233707,0.220132,-0.233707,0.000000,0.000000,0.220000,-0.014959,0.220000,-0.007626,0.220000,-0.007626,0,0.120006,0.220000,0.212667,-0.007626,-0.022293,-0.233707,-0.273707,0.311127,0.220000,-0.119105,1
1772473270,92297400,-0.643856,-1.119295,1.915870,-0.602749,-0.968458,-2.473639,1,0.000000,0.000000,0.220132,-0.233707,0.220000,-0.213707,0.220000,-0.213707,0.000000,0.000000,0.220000,-0.007626,0.220000,-0.000293,0.220000,-0.000293,0,0.160703,0.220000,0.212667,-0.000293,-0.014959,-0.213707,-0.253707,0.311127,0.220000,-0.111585,1
1772473270,117270097,-0.644120,-1.114309,1.909886,-0.607393,-0.970290,-2.479624,1,0.000000,0.000000,0.220000,-0.213707,0.220113,-0.193707,0.220113,-0.193707,0.000000,0.000000,0.220000,-0.000293,0.220000,0.007041,0.220000,0.007041,0,0.252707,0.220000,0.212667,0.007041,-0.007626,-0.193707,-0.233707,0.311127,0.220000,-0.103370,1
1772473270,167436691,-0.647600,-1.103663,1.897499,-0.612052,-0.983239,-2.492092,1,0.000000,0.000000,0.220113,-0.193707,0.220000,-0.173707,0.220000,-0.173707,0.000000,0.000000,0.220000,0.007041,0.220000,0.000418,0.220000,0.000418,0,0.012219,0.220000,0.212667,0.014374,-0.000293,-0.173707,-0.213707,0.311127,0.220000,-0.088832,1
1772473270,192615380,-0.650422,-1.098495,1.891665,-0.616058,-0.987555,-2.497927,1,0.000000,0.000000,0.220000,-0.173707,0.220000,-0.153707,0.220000,-0.153707,0.000000,0.000000,0.220000,0.000418,0.220000,0.000069,0.220000,0.000069,0,0.002015,0.220000,0.212667,0.007752,-0.006915,-0.153707,-0.193707,0.311127,0.220000,-0.080928,1
1772473270,217648762,-0.652048,-1.094123,1.886717,-0.619688,-0.990484,-2.502874,1,0.000000,0.000000,0.220000,-0.153707,0.220002,-0.133707,0.220002,-0.133707,0.000000,0.000000,0.220000,0.000069,0.220000,0.000834,0.220000,0.000834,0,0.024364,0.220000,0.212667,0.007402,-0.007264,-0.133707,-0.173707,0.311127,0.220000,-0.075981,1
1772473270,242722088,-0.653932,-1.089135,1.882345,-0.624118,-0.994764,-2.507418,1,0.000000,0.000000,0.220002,-0.133707,0.220000,-0.113707,0.220000,-0.113707,0.000000,0.000000,0.220000,0.000834,0.220000,0.000468,0.220000,0.000468,0,0.013667,0.220000,0.212667,0.008167,-0.006500,-0.113707,-0.153707,0.311127,0.220000,-0.069254,1
1772473270,292952804,-0.658288,-1.079703,1.877232,-0.634574,-1.010724,-2.514188,1,0.000000,0.000000,0.220000,-0.113707,0.220107,-0.093707,0.220107,-0.093707,0.000000,0.000000,0.220000,0.000468,0.220000,-0.006866,0.220000,-0.006866,0,-0.250300,0.220000,0.212667,0.007801,-0.006866,-0.093707,-0.133707,0.311127,0.220000,-0.056964,1
1772473270,317943473,-0.658824,-1.072955,1.875974,-0.640809,-1.013361,-2.515446,1,0.000000,0.000000,0.220107,-0.093707,0.220098,-0.078780,0.220098,-0.078780,0.000000,0.000000,0.220000,-0.006866,0.220000,-0.006564,0.220000,-0.006564,0,-0.191809,0.220000,0.212667,0.000468,-0.014199,-0.073707,-0.113707,0.311127,0.220000,-0.055706,1
1772473270,343101043,-0.660909,-1.068627,1.873412,-0.644248,-1.016538,-2.518331,1,0.000000,0.000000,0.220098,-0.078780,0.220106,-0.071000,0.220106,-0.071000,0.000000,0.000000,0.220000,-0.006564,0.220000,-0.006816,0.220000,-0.006816,0,-0.199152,0.220000,0.212667,0.000769,-0.013898,-0.058780,-0.098780,0.311127,0.220000,-0.050204,1
1772473270,393266956,-0.663449,-1.058288,1.869086,-0.653192,-1.020693,-2.525522,1,0.000000,0.000000,0.220106,-0.071000,0.220016,-0.056921,0.220016,-0.056921,0.000000,0.000000,0.220000,-0.006816,0.220000,-0.002660,0.220000,-0.002660,0,-0.077736,0.220000,0.212667,0.000518,-0.014149,-0.051000,-0.091000,0.311127,0.220000,-0.040249,1
1772473270,418306549,-0.665403,-1.052676,1.867639,-0.657912,-1.024303,-2.526970,1,0.000000,0.000000,0.220016,-0.056921,0.220019,-0.050730,0.220019,-0.050730,0.000000,0.000000,0.220000,-0.002660,0.220000,-0.002869,0.220000,-0.002869,0,-0.083821,0.220000,0.212667,0.004673,-0.009994,-0.036921,-0.076921,0.311127,0.220000,-0.035871,1
1772473270,443492757,-0.664989,-1.047190,1.867705,-0.663496,-1.026345,-2.527436,1,0.000000,0.000000,0.220019,-0.050730,0.220002,-0.050070,0.220002,-0.050070,0.000000,0.000000,0.220000,-0.002869,0.220000,-0.000833,0.220000,-0.000833,0,-0.024328,0.220000,0.212667,0.004465,-0.010202,-0.030730,-0.070730,0.311127,0.220000,-0.035405,1
1772473270,493589151,-0.671015,-1.037422,1.865161,-0.672973,-1.041066,-2.534399,1,0.000000,0.000000,0.220002,-0.050070,0.220151,-0.030679,0.220151,-0.030679,0.000000,0.000000,0.220000,-0.000833,0.220000,-0.008166,0.220000,-0.008166,0,-0.255162,0.220000,0.212667,0.006501,-0.008166,-0.030070,-0.070070,0.311127,0.220000,-0.021694,1
1772473270,518692890,-0.671596,-1.031781,1.864353,-0.678161,-1.043355,-2.535207,1,0.000000,0.000000,0.220151,-0.030679,0.220116,-0.029537,0.220116,-0.029537,0.000000,0.000000,0.220000,-0.008166,0.220000,-0.007141,0.220000,-0.007141,0,-0.208661,0.220000,0.212667,-0.000833,-0.015499,-0.010679,-0.050679,0.311127,0.220000,-0.020886,1
1772473270,543695869,-0.673136,-1.026631,1.863491,-0.682738,-1.046135,-2.535445,1,0.000000,0.000000,0.220116,-0.029537,0.220104,-0.023760,0.220104,-0.023760,0.000000,0.000000,0.220000,-0.007141,0.220000,-0.006759,0.220000,-0.006759,0,-0.197489,0.220000,0.212667,0.000192,-0.014475,-0.009537,-0.049537,0.311127,0.220000,-0.016801,1
1772473270,593844747,-0.676643,-1.017188,1.863280,-0.691807,-1.050302,-2.530760,1,0.000000,0.000000,0.220104,-0.023760,0.220082,-0.025082,0.220082,-0.025082,0.000000,0.000000,0.220000,-0.006759,0.220000,-0.005991,0.220000,-0.005991,0,-0.175063,0.220000,0.212667,0.000574,-0.014092,-0.003760,-0.043760,0.311127,0.220000,-0.017736,1
1772473270,619026021,-0.677896,-1.011398,1.862916,-0.696913,-1.053305,-2.531125,1,0.000000,0.000000,0.220082,-0.025082,0.220066,-0.018911,0.220066,-0.018911,0.000000,0.000000,0.220000,-0.005991,0.220000,-0.005376,0.220000,-0.005376,0,-0.157082,0.220000,0.212667,0.001342,-0.013325,-0.005082,-0.045082,0.311127,0.220000,-0.013372,1
1772473270,644055162,-0.679775,-1.006020,1.862945,-0.702176,-1.056994,-2.530966,1,0.000000,0.000000,0.220066,-0.018911,0.220071,-0.019135,0.220071,-0.019135,0.000000,0.000000,0.220000,-0.005376,0.220000,-0.005574,0.220000,-0.005574,0,-0.162864,0.220000,0.212667,0.001957,-0.012709,0.001089,-0.038911,0.311127,0.220000,-0.013531,1
1772473270,694183954,-0.682530,-0.995661,1.861740,-0.716735,-1.064525,-2.531196,1,0.000000,0.000000,0.220071,-0.019135,0.220016,-0.006308,0.220016,-0.006308,0.000000,0.000000,0.220000,-0.005574,0.220000,-0.002680,0.220000,-0.002680,0,-0.078309,0.220000,0.212667,0.001759,-0.012907,0.000865,-0.039135,0.311127,0.220000,-0.004460,1
1772473270,719447415,-0.684690,-0.990347,1.861179,-0.721102,-1.068244,-2.531757,1,0.000000,0.000000,0.220016,-0.006308,0.220025,-0.005514,0.220025,-0.005514,0.000000,0.000000,0.220000,-0.002680,0.220000,-0.003331,0.220000,-0.003331,0,-0.097328,0.220000,0.212667,0.004653,-0.010013,0.013692,-0.026308,0.311127,0.220000,-0.003899,1
1772473270,744379951,-0.685579,-0.986071,1.861126,-0.724882,-1.070431,-2.531810,1,0.000000,0.000000,0.220025,-0.005514,0.220018,0.001485,0.220018,0.001485,0.000000,0.000000,0.220000,-0.003331,0.220000,-0.002799,0.220000,-0.002799,0,-0.081779,0.220000,0.212667,0.004002,-0.010664,0.014486,-0.025514,0.311127,0.220000,0.001050,1
1772473270,794536271,-0.689267,-0.974144,1.861075,-0.736679,-1.074715,-2.531940,1,0.000000,0.000000,0.220018,0.001485,0.220008,0.009098,0.220008,0.009098,0.000000,0.000000,0.220000,-0.002799,0.220000,0.001851,0.220000,0.001851,0,0.054083,0.220000,0.212667,0.004535,-0.010132,0.021485,-0.018515,0.311127,0.220000,0.006433,1
1772473270,819693353,-0.690342,-0.968894,1.861137,-0.741327,-1.077384,-2.531878,1,0.000000,0.000000,0.220008,0.009098,0.220015,0.016997,0.220015,0.016997,0.000000,0.000000,0.220000,0.001851,0.220000,0.002546,0.220000,0.002546,0,0.074382,0.220000,0.212667,0.009184,-0.005482,0.029098,-0.010902,0.311127,0.220000,0.012019,1
1772473270,844668523,-0.691877,-0.964259,1.860884,-0.745245,-1.080296,-2.532130,1,0.000000,0.000000,0.220015,0.016997,0.220014,0.017354,0.220014,0.017354,0.000000,0.000000,0.220000,0.002546,0.220000,0.002483,0.220000,0.002483,0,0.072565,0.220000,0.212667,0.009879,-0.004788,0.036997,-0.003003,0.311127,0.220000,0.012271,1
1772473270,894905653,-0.696021,-0.955271,1.861565,-0.752968,-1.086616,-2.531789,1,0.000000,0.000000,0.220014,0.017354,0.220005,0.025469,0.220005,0.025469,0.000000,0.000000,0.220000,0.002483,0.220000,0.001493,0.220000,0.001493,0,0.043616,0.220000,0.212667,0.009817,-0.004850,0.037354,-0.002646,0.311127,0.220000,0.018009,1
1772473270,919922111,-0.697575,-0.947875,1.861924,-0.762783,-1.087484,-2.533692,1,0.000000,0.000000,0.220005,0.025469,0.220177,0.037433,0.220177,0.037433,0.000000,0.000000,0.220000,0.001493,0.220000,0.008826,0.220000,0.008826,0,0.270586,0.220000,0.212667,0.008826,-0.005841,0.045469,0.005469,0.311127,0.220000,0.026469,1
1772473270,945082487,-0.699211,-0.942420,1.862086,-0.767457,-1.090738,-2.533530,1,0.000000,0.000000,0.220177,0.037433,0.220201,0.047222,0.220201,0.047222,0.000000,0.000000,0.220000,0.008826,0.220000,0.009414,0.220000,0.009414,0,0.275074,0.220000,0.212667,0.016159,0.001493,0.057433,0.017433,0.311127,0.220000,0.033391,1
1772473270,995134604,-0.702074,-0.932630,1.862919,-0.775868,-1.096509,-2.532697,1,0.000000,0.000000,0.220201,0.047222,0.220214,0.056886,0.220214,0.056886,0.000000,0.000000,0.220000,0.009414,0.220000,0.009707,0.220000,0.009707,0,0.283631,0.220000,0.212667,0.016747,0.002081,0.067222,0.027222,0.311127,0.220000,0.040224,1
1772473271,20313548,-0.703792,-0.927261,1.862920,-0.780435,-1.099814,-2.532695,1,0.000000,0.000000,0.220214,0.056886,0.220221,0.056884,0.220221,0.056884,0.000000,0.000000,0.220000,0.009707,0.220000,0.009855,0.220000,0.009855,0,0.287965,0.220000,0.212667,0.017040,0.002374,0.076886,0.036886,0.311127,0.220000,0.040223,1
1772473271,45256208,-0.705611,-0.922296,1.863265,-0.784586,-1.103088,-2.532351,1,0.000000,0.000000,0.220221,0.056884,0.220210,0.068153,0.220210,0.068153,0.000000,0.000000,0.220000,0.009855,0.220000,0.009622,0.220000,0.009622,0,0.281139,0.220000,0.212667,0.017189,0.002522,0.076884,0.036884,0.311127,0.220000,0.048192,1
1772473271,95426749,-0.708217,-0.913570,1.865948,-0.794194,-1.109739,-2.525831,1,0.000000,0.000000,0.220210,0.068153,0.220162,0.071703,0.220162,0.071703,0.000000,0.000000,0.220000,0.009622,0.220000,0.008452,0.220000,0.008452,0,0.246948,0.220000,0.212667,0.016955,0.002288,0.088153,0.048153,0.311127,0.220000,0.050702,1
1772473271,120563879,-0.710107,-0.909172,1.867897,-0.797773,-1.112919,-2.523882,1,0.000000,0.000000,0.220162,0.071703,0.220125,0.082847,0.220125,0.082847,0.000000,0.000000,0.220000,0.008452,0.220000,0.007420,0.220000,0.007420,0,0.216799,0.220000,0.212667,0.015785,0.001118,0.091703,0.051703,0.311127,0.220000,0.058581,1
1772473271,145553029,-0.711994,-0.902850,1.869762,-0.803178,-1.116702,-2.522017,1,0.000000,0.000000,0.220125,0.082847,0.220125,0.080209,0.220125,0.080209,0.000000,0.000000,0.220000,0.007420,0.220000,0.007404,0.220000,0.007404,0,0.216339,0.220000,0.212667,0.014753,0.000086,0.102847,0.062847,0.311127,0.220000,0.056716,1
1772473271,195739086,-0.716309,-0.893197,1.873226,-0.810979,-1.123840,-2.518553,1,0.000000,0.000000,0.220125,0.080209,0.220066,0.090512,0.220066,0.090512,0.000000,0.000000,0.220000,0.007404,0.220000,0.005403,0.220000,0.005403,0,0.157884,0.220000,0.212667,0.014737,0.000071,0.100209,0.060209,0.311127,0.220000,0.064001,1
1772473271,220798269,-0.717910,-0.888401,1.875564,-0.815027,-1.126870,-2.516215,1,0.000000,0.000000,0.220066,0.090512,0.220057,0.105256,0.220057,0.105256,0.000000,0.000000,0.220000,0.005403,0.220000,0.005012,0.220000,0.005012,0,0.146443,0.220000,0.212667,0.012737,-0.001930,0.110512,0.070512,0.311127,0.220000,0.074427,1
1772473271,245936085,-0.719547,-0.883560,1.877704,-0.819105,-1.129949,-2.514075,1,0.000000,0.000000,0.220057,0.105256,0.220050,0.102229,0.220050,0.102229,0.000000,0.000000,0.220000,0.005012,0.220000,0.004678,0.220000,0.004678,0,0.136700,0.220000,0.212667,0.012345,-0.002321,0.125256,0.085256,0.311127,0.220000,0.072287,1
1772473271,295978971,-0.724025,-0.872139,1.882668,-0.828533,-1.137799,-2.509111,1,0.000000,0.000000,0.220050,0.102229,0.220026,0.122229,0.220026,0.122229,0.000000,0.000000,0.220000,0.004678,0.220000,0.003370,0.220000,0.003370,0,0.098464,0.220000,0.212667,0.012012,-0.002655,0.122229,0.082229,0.311127,0.220000,0.096127,1
1772473271,321175848,-0.725441,-0.867834,1.885685,-0.832241,-1.140267,-2.505596,1,0.000000,0.000000,0.220026,0.122229,0.220022,0.130973,0.220022,0.130973,0.000000,0.000000,0.220000,0.003370,0.220000,0.003118,0.220000,0.003118,0,0.091114,0.220000,0.212667,0.010703,-0.003963,0.142229,0.102229,0.311127,0.220000,0.092612,1
1772473271,346146982,-0.727782,-0.861674,1.888372,-0.837807,-1.142869,-2.499532,1,0.000000,0.000000,0.220022,0.130973,0.220032,0.146872,0.220032,0.146872,0.000000,0.000000,0.220000,0.003118,0.220000,0.003723,0.220000,0.003723,0,0.108788,0.220000,0.212667,0.010452,-0.004215,0.150973,0.110973,0.311127,0.220000,0.103854,1
1772473271,396298149,-0.731883,-0.851974,1.895153,-0.845693,-1.149848,-2.492752,1,0.000000,0.000000,0.220032,0.146872,0.220008,0.166063,0.220008,0.166063,0.000000,0.000000,0.220000,0.003723,0.220000,0.001881,0.220000,0.001881,0,0.054965,0.220000,0.212667,0.011056,-0.003610,0.166872,0.126872,0.311127,0.220000,0.117424,1
1772473271,421362740,-0.733539,-0.848295,1.898431,-0.848651,-1.152591,-2.489473,1,0.000000,0.000000,0.220008,0.166063,0.220002,0.161427,0.220002,0.161427,0.000000,0.000000,0.220000,0.001881,0.220000,0.000907,0.220000,0.000907,0,0.026495,0.220000,0.212667,0.009214,-0.005452,0.186063,0.146063,0.311127,0.220000,0.114146,1
1772473271,446491097,-0.735445,-0.842408,1.902561,-0.853624,-1.156274,-2.485343,1,0.000000,0.000000,0.220002,0.161427,0.220001,0.181427,0.220001,0.181427,0.000000,0.000000,0.220000,0.000907,0.220000,0.000777,0.220000,0.000777,0,0.022689,0.220000,0.212667,0.008240,-0.006427,0.181427,0.141427,0.311127,0.220000,0.132702,1
1772473271,496584709,-0.739324,-0.831996,1.911876,-0.862255,-1.163270,-2.476029,1,0.000000,0.000000,0.220001,0.181427,0.220000,0.201427,0.220000,0.201427,0.000000,0.000000,0.220000,0.000777,0.220000,-0.000423,0.220000,-0.000423,0,-0.012347,0.220000,0.212667,0.008110,-0.006557,0.201427,0.161427,0.311127,0.220000,0.150381,1
1772473271,521737515,-0.741274,-0.826680,1.915976,-0.866673,-1.166814,-2.471929,1,0.000000,0.000000,0.220000,0.201427,0.220001,0.221427,0.220001,0.221427,0.000000,0.000000,0.220000,-0.000423,0.220000,-0.000630,0.220000,-0.000630,0,-0.018414,0.220000,0.212667,0.006911,-0.007756,0.221427,0.181427,0.311127,0.220000,0.178905,1
1772473271,546690771,-0.742877,-0.822735,1.920504,-0.869900,-1.169591,-2.467401,1,0.000000,0.000000,0.220001,0.221427,0.220004,0.241427,0.220004,0.241427,0.000000,0.000000,0.220000,-0.000630,0.220000,-0.001305,0.220000,-0.001305,0,-0.038144,0.220000,0.212667,0.006703,-0.007964,0.241427,0.201427,0.311127,0.220000,0.174377,1
1772473271,596863928,-0.746283,-0.811605,1.931750,-0.882716,-1.179174,-2.454848,1,0.000000,0.000000,0.220004,0.241427,0.220000,0.261427,0.220000,0.261427,0.000000,0.000000,0.220000,-0.001305,0.220000,-0.000131,0.220000,-0.000131,0,-0.003816,0.220000,0.212667,0.006028,-0.008639,0.261427,0.221427,0.311127,0.220000,0.248306,1
1772473271,621911067,-0.748602,-0.806406,1.937920,-0.886900,-1.183035,-2.448678,1,0.000000,0.000000,0.220000,0.261427,0.220001,0.281427,0.220001,0.281427,0.000000,0.000000,0.220000,-0.000131,0.220000,-0.000713,0.220000,-0.000713,0,-0.020834,0.220000,0.212667,0.007203,-0.007464,0.281427,0.241427,0.311127,0.220000,0.242136,1
1772473271,646986243,-0.750479,-0.801769,1.944229,-0.890692,-1.186297,-2.442369,1,0.000000,0.000000,0.220001,0.281427,0.220002,0.301427,0.220002,0.301427,0.000000,0.000000,0.220000,-0.000713,0.220000,-0.000945,0.220000,-0.000945,0,-0.027618,0.220000,0.212667,0.006620,-0.008046,0.301427,0.261427,0.311127,0.220000,0.297593,1
1772473271,697206967,-0.754657,-0.791713,1.956936,-0.898883,-1.193474,-2.429662,1,0.000000,0.000000,0.220002,0.301427,0.220001,0.321427,0.220001,0.321427,0.000000,0.000000,0.220000,-0.000945,0.220000,-0.000500,0.220000,-0.000500,0,-0.014613,0.220000,0.212667,0.006388,-0.008279,0.321427,0.281427,0.311127,0.220000,0.365315,1
1772473271,722208633,-0.757143,-0.786752,1.964790,-0.902786,-1.197417,-2.421808,1,0.000000,0.000000,0.220001,0.321427,0.220001,0.341427,0.220001,0.341427,0.000000,0.000000,0.220000,-0.000500,0.220000,-0.000721,0.220000,-0.000721,0,-0.021064,0.220000,0.212667,0.006833,-0.007833,0.341427,0.301427,0.311127,0.220000,0.465261,1
1772473271,747407573,-0.759182,-0.781175,1.972339,-0.907418,-1.201133,-2.414259,1,0.000000,0.000000,0.220001,0.341427,0.220002,0.361427,0.220002,0.361427,0.000000,0.000000,0.220000,-0.000721,0.220000,0.000867,0.220000,0.000867,0,0.025339,0.220000,0.212667,0.006612,-0.008054,0.361427,0.321427,0.311127,0.220000,0.457712,1
1772473271,797427130,-0.764323,-0.772504,1.987652,-0.913987,-1.208779,-2.398946,1,0.000000,0.000000,0.220002,0.361427,0.220010,0.381427,0.220010,0.381427,0.000000,0.000000,0.220000,0.000867,0.220000,0.002048,0.220000,0.002048,0,0.059841,0.220000,0.212667,0.008201,-0.006466,0.381427,0.341427,0.311127,0.220000,0.796043,1
1772473271,822471804,-0.766499,-0.766062,1.995580,-0.918998,-1.213366,-2.391360,1,0.000000,0.000000,0.220010,0.381427,0.220122,0.401427,0.220122,0.401427,0.000000,0.000000,0.220000,0.002048,0.220000,0.007325,0.220000,0.007325,0,0.214043,0.220000,0.212667,0.009381,-0.005285,0.401427,0.361427,0.311127,0.220000,0.788457,1
1772473271,847549888,-0.768308,-0.762307,2.003889,-0.918832,-1.219975,-2.385782,1,0.000000,0.000000,0.220122,0.401427,0.220084,0.421427,0.220084,0.421427,0.000000,0.000000,0.220000,0.007325,0.220000,0.006078,0.220000,0.006078,0,0.177608,0.220000,0.212667,0.014659,-0.000008,0.421427,0.381427,0.311127,0.220000,1.039654,1
1772473271,897725369,-0.772675,-0.752200,2.023016,-0.927033,-1.227322,-2.366655,1,0.000000,0.000000,0.220084,0.421427,0.213089,0.441427,0.213089,0.441427,0.000000,0.000000,0.220000,0.006078,0.212667,0.013412,0.212667,0.013412,0,8.389288,0.220000,0.212667,0.013412,-0.001255,0.441427,0.401427,0.311127,0.220000,2.383125,1
1772473271,922776650,-0.775975,-0.748047,2.032882,-0.929925,-1.231768,-2.356790,1,0.000000,0.000000,0.213089,0.441427,0.206379,0.461427,0.206379,0.461427,0.000000,0.000000,0.212667,0.013412,0.205333,0.020745,0.205333,0.020745,0,8.531376,0.220000,0.205333,0.020745,0.006078,0.461427,0.421427,0.311127,0.220000,2.378390,1
1772473271,947844366,-0.777758,-0.743584,2.043389,-0.933592,-1.234875,-2.346283,1,0.000000,0.000000,0.206379,0.461427,0.199981,0.481427,0.199981,0.481427,0.000000,0.000000,0.205333,0.020745,0.198000,0.028078,0.198000,0.028078,0,8.600242,0.212667,0.198000,0.028078,0.013412,0.481427,0.441427,0.311127,0.220000,2.367883,1
1772473271,972983473,-0.781113,-0.738900,2.053883,-0.936970,-1.239542,-2.335789,1,0.000000,0.000000,0.199981,0.481427,0.193927,0.501427,0.193927,0.501427,0.000000,0.000000,0.198000,0.028078,0.190667,0.035412,0.190667,0.035412,0,8.700382,0.205333,0.190667,0.035412,0.020745,0.501427,0.461427,0.311127,0.220000,2.362173,1
1772473272,23053771,-0.785640,-0.731413,2.075762,-0.942635,-1.246210,-2.313910,1,0.000000,0.000000,0.193927,0.501427,0.188251,0.521427,0.188251,0.521427,0.000000,0.000000,0.190667,0.035412,0.183333,0.042745,0.183333,0.042745,0,8.794512,0.198000,0.183333,0.042745,0.028078,0.521427,0.481427,0.311127,0.220000,2.340294,1
1772473272,48244394,-0.788461,-0.727278,2.087862,-0.945662,-1.250197,-2.301810,1,0.000000,0.000000,0.188251,0.521427,0.182986,0.541427,0.182986,0.541427,0.000000,0.000000,0.183333,0.042745,0.176000,0.050078,0.176000,0.050078,0,8.841363,0.190667,0.176000,0.050078,0.035412,0.541427,0.501427,0.311127,0.220000,2.332661,1
1772473272,98398624,-0.795999,-0.720123,2.113167,-0.949101,-1.260767,-2.273478,1,0.000000,0.000000,0.182986,0.541427,0.178170,0.561427,0.178170,0.561427,0.000000,0.000000,0.176000,0.050078,0.168667,0.057412,0.168667,0.057412,0,8.942599,0.183333,0.168667,0.057412,0.042745,0.561427,0.521427,0.311127,0.220000,2.308507,1
1772473272,123452842,-0.798386,-0.718217,2.126652,-0.950143,-1.263638,-2.259993,1,0.000000,0.000000,0.178170,0.561427,0.173840,0.581427,0.173840,0.581427,0.000000,0.000000,0.168667,0.057412,0.161333,0.064745,0.161333,0.064745,0,8.954468,0.176000,0.161333,0.064745,0.050078,0.581427,0.541427,0.311127,0.220000,2.295023,1
1772473272,148423358,-0.802171,-0.714506,2.139025,-0.952448,-1.268412,-2.247620,1,0.000000,0.000000,0.173840,0.581427,0.170033,0.600000,0.170033,0.600000,0.000000,0.000000,0.161333,0.064745,0.154000,0.072078,0.154000,0.072078,0,8.985554,0.168667,0.154000,0.072078,0.057412,0.600000,0.561427,0.311127,0.220000,2.282650,1
1772473272,173617344,-0.806340,-0.712592,2.153123,-0.952927,-1.272974,-2.233522,1,0.000000,0.000000,0.170033,0.600000,0.166785,0.600000,0.166785,0.600000,0.000000,0.000000,0.154000,0.072078,0.146667,0.079412,0.146667,0.079412,0,9.007918,0.161333,0.146667,0.079412,0.064745,0.600000,0.580000,0.311127,0.220000,2.272465,1
1772473272,223866564,-0.811823,-0.708862,2.181847,-0.954707,-1.279362,-2.204798,1,0.000000,0.000000,0.166785,0.600000,0.164130,0.600000,0.164130,0.600000,0.000000,0.000000,0.146667,0.079412,0.139333,0.086745,0.139333,0.086745,0,9.023207,0.154000,0.139333,0.086745,0.072078,0.600000,0.580000,0.311127,0.220000,2.243741,1
1772473272,248907488,-0.816323,-0.707077,2.196704,-0.954958,-1.284197,-2.189941,1,0.000000,0.000000,0.164130,0.600000,0.162095,0.600000,0.162095,0.600000,0.000000,0.000000,0.139333,0.086745,0.132000,0.094078,0.132000,0.094078,0,9.039737,0.146667,0.132000,0.094078,0.079412,0.600000,0.580000,0.311127,0.220000,2.232664,1
1772473272,273911658,-0.820662,-0.704636,2.211841,-0.955882,-1.289089,-2.174804,1,0.000000,0.000000,0.162095,0.600000,0.160705,0.600000,0.160705,0.600000,0.000000,0.000000,0.132000,0.094078,0.124667,0.101412,0.124667,0.101412,0,9.053189,0.139333,0.124667,0.101412,0.086745,0.600000,0.580000,0.311127,0.220000,2.217527,1
1772473272,324024493,-0.827949,-0.702283,2.241771,-0.956082,-1.296794,-2.144436,1,0.000000,0.000000,0.160705,0.600000,0.159977,0.600000,0.159977,0.600000,0.000000,0.000000,0.124667,0.101412,0.117333,0.108745,0.117333,0.108745,0,9.065197,0.132000,0.117333,0.108745,0.094078,0.600000,0.580000,0.311127,0.220000,2.190934,1
1772473272,349060679,-0.832126,-0.700917,2.256560,-0.958383,-1.301564,-2.126251,1,0.000000,0.000000,0.159977,0.600000,0.159919,0.600000,0.159919,0.600000,0.000000,0.000000,0.117333,0.108745,0.110000,0.116078,0.110000,0.116078,0,9.071019,0.124667,0.110000,0.116078,0.101412,0.600000,0.580000,0.311127,0.220000,2.172748,1
1772473272,374228643,-0.835207,-0.701042,2.271176,-0.957267,-1.304439,-2.111635,1,0.000000,0.000000,0.159919,0.600000,0.160533,0.600000,0.160533,0.600000,0.000000,0.000000,0.110000,0.116078,0.102667,0.123412,0.102667,0.123412,0,9.072299,0.117333,0.102667,0.123412,0.108745,0.600000,0.580000,0.311127,0.220000,2.158132,1
1772473272,424254230,-0.842433,-0.699338,2.300869,-0.956541,-1.311828,-2.081941,1,0.000000,0.000000,0.160533,0.600000,0.161811,0.600000,0.161811,0.600000,0.000000,0.000000,0.102667,0.123412,0.095333,0.130745,0.095333,0.130745,0,9.078639,0.110000,0.095333,0.130745,0.116078,0.600000,0.580000,0.311127,0.220000,2.131898,1
1772473272,449358403,-0.847023,-0.699086,2.315583,-0.955294,-1.316252,-2.067228,1,0.000000,0.000000,0.161811,0.600000,0.163737,0.600000,0.163737,0.600000,0.000000,0.000000,0.095333,0.130745,0.088000,0.138078,0.088000,0.138078,0,9.082885,0.102667,0.088000,0.138078,0.123412,0.600000,0.580000,0.311127,0.220000,2.117185,1
1772473272,474408713,-0.850988,-0.700032,2.330342,-0.953116,-1.319697,-2.052469,1,0.000000,0.000000,0.163737,0.600000,0.166288,0.600000,0.166288,0.600000,0.000000,0.000000,0.088000,0.138078,0.080667,0.145412,0.080667,0.145412,0,9.084513,0.095333,0.080667,0.145412,0.130745,0.600000,0.580000,0.311127,0.220000,2.105476,1
1772473272,524589834,-0.859596,-0.701742,2.360701,-0.948712,-1.327288,-2.022110,1,0.000000,0.000000,0.166288,0.600000,0.169437,0.600000,0.169437,0.600000,0.000000,0.000000,0.080667,0.145412,0.073333,0.152745,0.073333,0.152745,0,9.087781,0.088000,0.073333,0.152745,0.138078,0.600000,0.580000,0.311127,0.220000,2.077991,1
1772473272,549666173,-0.863823,-0.701914,2.375126,-0.947181,-1.331233,-2.007685,1,0.000000,0.000000,0.169437,0.600000,0.173151,0.600000,0.173151,0.600000,0.000000,0.000000,0.073333,0.152745,0.066000,0.160078,0.066000,0.160078,0,9.089168,0.080667,0.066000,0.160078,0.145412,0.600000,0.580000,0.311127,0.220000,2.063566,1
1772473272,599820411,-0.870503,-0.705989,2.404837,-0.940213,-1.339193,-1.977775,1,0.000000,0.000000,0.173151,0.600000,0.177394,0.600000,0.177394,0.600000,0.000000,0.000000,0.066000,0.160078,0.058667,0.167412,0.058667,0.167412,0,9.090717,0.073333,0.058667,0.167412,0.152745,0.600000,0.580000,0.311127,0.220000,2.036367,1
1772473272,624865448,-0.874444,-0.707886,2.419314,-0.937142,-1.342307,-1.963298,1,0.000000,0.000000,0.177394,0.600000,0.182129,0.600000,0.182129,0.600000,0.000000,0.000000,0.058667,0.167412,0.051333,0.174745,0.051333,0.174745,0,9.090825,0.066000,0.051333,0.174745,0.160078,0.600000,0.580000,0.311127,0.220000,2.024582,1
1772473272,650064458,-0.878535,-0.709577,2.434420,-0.934218,-1.345631,-1.948192,1,0.000000,0.000000,0.182129,0.600000,0.187319,0.600000,0.187319,0.600000,0.000000,0.000000,0.051333,0.174745,0.044000,0.182078,0.044000,0.182078,0,9.090895,0.058667,0.044000,0.182078,0.167412,0.600000,0.580000,0.311127,0.220000,2.009477,1
1772473272,674971179,-0.882424,-0.712980,2.449089,-0.929739,-1.348208,-1.933523,1,0.000000,0.000000,0.187319,0.600000,0.192928,0.600000,0.192928,0.600000,0.000000,0.000000,0.044000,0.182078,0.036667,0.189412,0.036667,0.189412,0,9.090887,0.051333,0.036667,0.189412,0.174745,0.600000,0.580000,0.311127,0.220000,1.997594,1
1772473272,725076046,-0.889252,-0.717521,2.478769,-0.923231,-1.353198,-1.903843,1,0.000000,0.000000,0.192928,0.600000,0.198920,0.600000,0.198920,0.600000,0.000000,0.000000,0.036667,0.189412,0.029333,0.196745,0.029333,0.196745,0,9.090788,0.044000,0.029333,0.196745,0.182078,0.600000,0.580000,0.311127,0.220000,1.967914,1
1772473272,750230902,-0.893957,-0.720304,2.493360,-0.919075,-1.356747,-1.889252,1,0.000000,0.000000,0.198920,0.600000,0.205261,0.600000,0.205261,0.600000,0.000000,0.000000,0.029333,0.196745,0.022000,0.204078,0.022000,0.204078,0,9.090905,0.036667,0.022000,0.204078,0.189412,0.600000,0.580000,0.311127,0.220000,1.955835,1
1772473272,775223997,-0.896750,-0.724158,2.507920,-0.914225,-1.357314,-1.875078,1,0.000000,0.000000,0.205261,0.600000,0.211920,0.600000,0.211920,0.600000,0.000000,0.000000,0.022000,0.204078,0.014667,0.211412,0.014667,0.211412,0,9.090377,0.029333,0.014667,0.211412,0.196745,0.600000,0.580000,0.311127,0.220000,1.943805,1
1772473272,825450472,-0.904298,-0.731511,2.536636,-0.902521,-1.355656,-1.849361,1,0.000000,0.000000,0.211920,0.600000,0.219112,0.600000,0.219112,0.600000,0.000000,0.000000,0.014667,0.211412,0.012672,0.218745,0.012672,0.218745,0,9.083366,0.022000,0.007333,0.218745,0.204078,0.600000,0.580000,0.311127,0.220000,1.920122,1
1772473272,850468262,-0.907802,-0.735764,2.551805,-0.897369,-1.357611,-1.834192,1,0.000000,0.000000,0.219112,0.600000,0.220437,0.600000,0.220437,0.600000,0.000000,0.000000,0.012672,0.218745,0.013868,0.220000,0.013868,0.220000,0,9.081874,0.020005,0.005339,0.220000,0.211412,0.600000,0.580000,0.311127,0.220000,1.904953,1
1772473272,875480452,-0.910915,-0.739327,2.566109,-0.892996,-1.359417,-1.819888,1,0.000000,0.000000,0.220437,0.600000,0.220518,0.600000,0.220518,0.600000,0.000000,0.000000,0.013868,0.220000,0.015107,0.220000,0.015107,0.220000,0,9.080186,0.021201,0.006535,0.220000,0.212667,0.600000,0.580000,0.311127,0.220000,1.892809,1
1772473272,925600713,-0.917422,-0.749390,2.595682,-0.881415,-1.362396,-1.790647,1,0.000000,0.000000,0.220518,0.600000,0.220771,0.600000,0.220771,0.600000,0.000000,0.000000,0.015107,0.220000,0.018432,0.220000,0.018432,0.220000,0,9.074942,0.022441,0.007774,0.220000,0.212667,0.600000,0.580000,0.311127,0.220000,1.865760,1
1772473272,950774864,-0.921396,-0.753097,2.609283,-0.876928,-1.365311,-1.779665,1,0.000000,0.000000,0.220771,0.600000,0.220654,0.600000,0.220654,0.600000,0.000000,0.000000,0.018432,0.220000,0.016974,0.220000,0.016974,0.220000,0,9.077369,0.025765,0.011098,0.220000,0.212667,0.600000,0.580000,0.311127,0.220000,1.856633,1
1772473272,975694744,-0.923482,-0.758577,2.622671,-0.871069,-1.365548,-1.766277,1,0.000000,0.000000,0.220654,0.600000,0.220917,0.600000,0.220917,0.600000,0.000000,0.000000,0.016974,0.220000,0.020112,0.220000,0.020112,0.220000,0,9.071895,0.024308,0.009641,0.220000,0.212667,0.600000,0.580000,0.311127,0.220000,1.843245,1
1772473273,25809729,-0.929466,-0.767668,2.652249,-0.860548,-1.368332,-1.736699,1,0.000000,0.000000,0.220917,0.600000,0.221298,0.600000,0.221298,0.600000,0.000000,0.000000,0.020112,0.220000,0.023936,0.220000,0.023936,0.220000,0,9.063966,0.027445,0.012779,0.220000,0.212667,0.600000,0.580000,0.311127,0.220000,1.816995,1
1772473273,50930324,-0.932422,-0.772293,2.667287,-0.855512,-1.369677,-1.721470,1,0.000000,0.000000,0.221298,0.600000,0.221540,0.600000,0.221540,0.600000,0.000000,0.000000,0.023936,0.220000,0.026076,0.220000,0.026076,0.220000,0,9.058923,0.031269,0.016603,0.220000,0.212667,0.600000,0.580000,0.311127,0.220000,1.801766,1
1772473273,75965010,-0.935290,-0.776940,2.681853,-0.852600,-1.371017,-1.705312,1,0.000000,0.000000,0.221540,0.600000,0.221873,0.600000,0.221873,0.600000,0.000000,0.000000,0.026076,0.220000,0.028767,0.220000,0.028767,0.220000,0,9.051966,0.033410,0.018743,0.220000,0.212667,0.600000,0.580000,0.311127,0.220000,1.785608,1
1772473273,126051473,-0.940641,-0.784311,2.709720,-0.843906,-1.373732,-1.677445,1,0.000000,0.000000,0.221873,0.600000,0.222369,0.600000,0.222369,0.600000,0.000000,0.000000,0.028767,0.220000,0.032369,0.220000,0.032369,0.220000,0,9.041575,0.036101,0.021434,0.220000,0.212667,0.600000,0.580000,0.311127,0.220000,1.759561,1
1772473273,151120911,-0.943754,-0.790334,2.723469,-0.837278,-1.374113,-1.663548,1,0.000000,0.000000,0.222369,0.600000,0.222815,0.600000,0.222815,0.600000,0.000000,0.000000,0.032369,0.220000,0.035305,0.220000,0.035305,0.220000,0,9.032191,0.039703,0.025036,0.220000,0.212667,0.600000,0.580000,0.311127,0.220000,1.747238,1
1772473273,176142133,-0.947610,-0.794753,2.737980,-0.832480,-1.370978,-1.647805,1,0.000000,0.000000,0.222815,0.600000,0.224094,0.600000,0.224094,0.600000,0.000000,0.000000,0.035305,0.220000,0.042638,0.220000,0.042638,0.220000,0,8.998877,0.042638,0.027971,0.220000,0.212667,0.600000,0.580000,0.311127,0.220000,1.732798,1
1772473273,226361858,-0.953324,-0.805084,2.766675,-0.820862,-1.373075,-1.619110,1,0.000000,0.000000,0.224094,0.600000,0.225281,0.600000,0.225281,0.600000,0.000000,0.000000,0.042638,0.220000,0.048493,0.220000,0.048493,0.220000,0,8.979806,0.049971,0.035305,0.220000,0.212667,0.600000,0.580000,0.311127,0.220000,1.705545,1
1772473273,251336119,-0.955097,-0.810427,2.781247,-0.815262,-1.372997,-1.604797,1,0.000000,0.000000,0.225281,0.600000,0.226132,0.600000,0.226132,0.600000,0.000000,0.000000,0.048493,0.220000,0.052304,0.220000,0.052304,0.220000,0,8.961527,0.055827,0.041160,0.220000,0.212667,0.600000,0.580000,0.311127,0.220000,1.691232,1
1772473273,276409281,-0.957453,-0.815316,2.796221,-0.810147,-1.373264,-1.592229,1,0.000000,0.000000,0.226132,0.600000,0.226800,0.600000,0.226800,0.600000,0.000000,0.000000,0.052304,0.220000,0.055122,0.220000,0.055122,0.220000,0,8.947098,0.059637,0.044971,0.220000,0.212667,0.600000,0.580000,0.311127,0.220000,1.680171,1
1772473273,326502566,-0.964027,-0.824898,2.826986,-0.798971,-1.376447,-1.561465,1,0.000000,0.000000,0.226800,0.600000,0.227652,0.600000,0.227652,0.600000,0.000000,0.000000,0.055122,0.220000,0.058527,0.220000,0.058527,0.220000,0,8.928612,0.062455,0.047788,0.220000,0.212667,0.600000,0.580000,0.311127,0.220000,1.650643,1
1772473273,351575932,-0.966872,-0.829294,2.842075,-0.794133,-1.377397,-1.546672,1,0.000000,0.000000,0.227652,0.600000,0.228317,0.600000,0.228317,0.600000,0.000000,0.000000,0.058527,0.220000,0.061062,0.220000,0.061062,0.220000,0,8.914106,0.065860,0.051194,0.220000,0.212667,0.600000,0.580000,0.311127,0.220000,1.636899,1
1772473273,376585954,-0.970288,-0.835431,2.856369,-0.789350,-1.375575,-1.535045,1,0.000000,0.000000,0.228317,0.600000,0.229858,0.600000,0.229858,0.600000,0.000000,0.000000,0.061062,0.220000,0.066592,0.220000,0.066592,0.220000,0,8.880237,0.068395,0.053729,0.220000,0.212667,0.600000,0.580000,0.311127,0.220000,1.625273,1
1772473273,426639996,-0.977476,-0.845285,2.884179,-0.777732,-1.379287,-1.507235,1,0.000000,0.000000,0.229858,0.600000,0.230345,0.600000,0.230345,0.600000,0.000000,0.000000,0.066592,0.220000,0.068257,0.220000,0.068257,0.220000,0,8.869436,0.073925,0.059259,0.220000,0.212667,0.600000,0.580000,0.311127,0.220000,1.599997,1
1772473273,451868898,-0.980002,-0.849717,2.899428,-0.772669,-1.379838,-1.491440,1,0.000000,0.000000,0.230345,0.600000,0.231359,0.600000,0.231359,0.600000,0.000000,0.000000,0.068257,0.220000,0.071602,0.220000,0.071602,0.220000,0,8.846891,0.075590,0.060924,0.220000,0.212667,0.600000,0.580000,0.311127,0.220000,1.584202,1
1772473273,476766892,-0.982235,-0.854406,2.914603,-0.766985,-1.376431,-1.471360,1,0.000000,0.000000,0.231359,0.600000,0.233732,0.600000,0.233732,0.600000,0.000000,0.000000,0.071602,0.220000,0.078936,0.220000,0.078936,0.220000,0,8.771758,0.078936,0.064269,0.220000,0.212667,0.600000,0.580000,0.311127,0.220000,1.565011,1
1772473273,526861458,-0.988723,-0.863059,2.945485,-0.756708,-1.379802,-1.440478,1,0.000000,0.000000,0.233732,0.600000,0.235816,0.600000,0.235816,0.600000,0.000000,0.000000,0.078936,0.220000,0.084906,0.220000,0.084906,0.220000,0,8.745848,0.086269,0.071602,0.220000,0.212667,0.600000,0.580000,0.311127,0.220000,1.535111,1
1772473273,551993266,-0.991394,-0.868840,2.960490,-0.750244,-1.379861,-1.425308,1,0.000000,0.000000,0.235816,0.600000,0.237136,0.600000,0.237136,0.600000,0.000000,0.000000,0.084906,0.220000,0.088507,0.220000,0.088507,0.220000,0,8.715310,0.092239,0.077572,0.220000,0.212667,0.600000,0.580000,0.311127,0.220000,1.519941,1
1772473273,577023498,-0.994318,-0.873686,2.974739,-0.743421,-1.375019,-1.409436,1,0.000000,0.000000,0.237136,0.600000,0.239970,0.600000,0.239970,0.600000,0.000000,0.000000,0.088507,0.220000,0.095841,0.220000,0.095841,0.220000,0,8.618217,0.095841,0.081174,0.220000,0.212667,0.600000,0.580000,0.311127,0.220000,1.505136,1
1772473273,627114988,-0.999189,-0.883958,3.004730,-0.732127,-1.376319,-1.379444,1,0.000000,0.000000,0.239970,0.600000,0.242991,0.600000,0.242991,0.600000,0.000000,0.000000,0.095841,0.220000,0.103174,0.220000,0.103174,0.220000,0,8.562173,0.103174,0.088507,0.220000,0.212667,0.600000,0.580000,0.311127,0.220000,1.476018,1
1772473273,652164592,-1.003333,-0.888790,3.019936,-0.725977,-1.378726,-1.364432,1,0.000000,0.000000,0.242991,0.600000,0.243711,0.600000,0.243711,0.600000,0.000000,0.000000,0.103174,0.220000,0.104858,0.220000,0.104858,0.220000,0,8.559050,0.110507,0.095841,0.220000,0.212667,0.600000,0.580000,0.311127,0.220000,1.461747,1
1772473273,677201594,-1.005546,-0.892783,3.035448,-0.718873,-1.379993,-1.351012,1,0.000000,0.000000,0.243711,0.600000,0.244257,0.600000,0.244257,0.600000,0.000000,0.000000,0.104858,0.220000,0.106120,0.220000,0.106120,0.220000,0,8.545754,0.112191,0.097524,0.220000,0.212667,0.600000,0.580000,0.311127,0.220000,1.449236,1
1772473273,727287628,-1.011707,-0.904092,3.065858,-0.706187,-1.382210,-1.320602,1,0.000000,0.000000,0.244257,0.600000,0.246105,0.600000,0.246105,0.600000,0.000000,0.000000,0.106120,0.220000,0.110307,0.220000,0.110307,0.220000,0,8.500374,0.113454,0.098787,0.220000,0.212667,0.600000,0.580000,0.311127,0.220000,1.419645,1
1772473273,752396127,-1.014666,-0.908065,3.081281,-0.701806,-1.384317,-1.305503,1,0.000000,0.000000,0.246105,0.600000,0.246544,0.600000,0.246544,0.600000,0.000000,0.000000,0.110307,0.220000,0.111283,0.220000,0.111283,0.220000,0,8.489506,0.117640,0.102973,0.220000,0.212667,0.600000,0.580000,0.311127,0.220000,1.405125,1
1772473273,777447672,-1.018851,-0.914456,3.096352,-0.697909,-1.392340,-1.293855,1,0.000000,0.000000,0.246544,0.600000,0.243322,0.600000,0.243322,0.600000,0.000000,0.000000,0.111283,0.220000,0.103949,0.220000,0.103949,0.220000,0,8.574281,0.118616,0.103949,0.220000,0.212667,0.600000,0.580000,0.311127,0.220000,1.393478,1
1772473273,827541150,-1.022993,-0.925036,3.126812,-0.686561,-1.392919,-1.263395,1,0.000000,0.000000,0.243322,0.600000,0.245967,0.600000,0.245967,0.600000,0.000000,0.000000,0.103949,0.220000,0.109998,0.220000,0.109998,0.220000,0,8.503784,0.111283,0.096616,0.220000,0.212667,0.600000,0.580000,0.311127,0.220000,1.363759,1
1772473273,852580690,-1.026191,-0.930811,-3.141559,-0.680157,-1.394256,-1.248586,1,0.000000,0.000000,0.245967,0.600000,0.246718,0.600000,0.246718,0.600000,0.000000,0.000000,0.109998,0.220000,0.111667,0.220000,0.111667,0.220000,0,8.485194,0.117332,0.102665,0.220000,0.212667,0.600000,0.580000,0.311127,0.220000,1.349666,1
1772473273,877631046,-1.028780,-0.935772,-3.127238,-0.675572,-1.396575,-1.234323,1,0.000000,0.000000,0.246718,0.600000,0.246922,0.600000,0.246922,0.600000,0.000000,0.000000,0.111667,0.220000,0.112118,0.220000,0.112118,0.220000,0,8.480118,0.119001,0.104334,0.220000,0.212667,0.600000,0.580000,0.311127,0.220000,1.335403,1
1772473273,927753657,-1.032796,-0.946312,-3.095241,-0.664303,-1.397048,-1.202327,1,0.000000,0.000000,0.246922,0.600000,0.250230,0.600000,0.250230,0.600000,0.000000,0.000000,0.112118,0.220000,0.119228,0.220000,0.119228,0.220000,0,8.396910,0.119451,0.104785,0.220000,0.212667,0.600000,0.580000,0.311127,0.220000,1.304472,1
1772473273,952795883,-1.035805,-0.952239,-3.080006,-0.657895,-1.397932,-1.186804,1,0.000000,0.000000,0.250230,0.600000,0.251403,0.600000,0.251403,0.600000,0.000000,0.000000,0.119228,0.220000,0.121669,0.220000,0.121669,0.220000,0,8.366957,0.126561,0.111894,0.220000,0.212667,0.600000,0.580000,0.311127,0.220000,1.288949,1
1772473273,977804957,-1.037749,-0.958491,-3.064159,-0.653250,-1.396709,-1.167698,1,0.000000,0.000000,0.251403,0.600000,0.254569,0.600000,0.254569,0.600000,0.000000,0.000000,0.121669,0.220000,0.128084,0.220000,0.128084,0.220000,0,8.284817,0.129003,0.114336,0.220000,0.212667,0.600000,0.580000,0.311127,0.220000,1.270427,1
1772473274,27879041,-1.042899,-0.971250,-3.034311,-0.639514,-1.397506,-1.137849,1,0.000000,0.000000,0.254569,0.600000,0.257422,0.600000,0.257422,0.600000,0.000000,0.000000,0.128084,0.220000,0.133665,0.220000,0.133665,0.220000,0,8.209201,0.135417,0.120750,0.220000,0.212667,0.600000,0.580000,0.311127,0.220000,1.241000,1
1772473274,52968881,-1.045826,-0.976209,-3.019094,-0.633511,-1.398669,-1.122702,1,0.000000,0.000000,0.257422,0.600000,0.258452,0.600000,0.258452,0.600000,0.000000,0.000000,0.133665,0.220000,0.135637,0.220000,0.135637,0.220000,0,8.181541,0.140998,0.126332,0.220000,0.212667,0.600000,0.580000,0.311127,0.220000,1.226291,1
1772473274,78008069,-1.047259,-0.982174,-3.004006,-0.623243,-1.397859,-1.108395,1,0.000000,0.000000,0.258452,0.600000,0.260395,0.600000,0.260395,0.600000,0.000000,0.000000,0.135637,0.220000,0.139304,0.220000,0.139304,0.220000,0,8.128756,0.142970,0.128303,0.220000,0.212667,0.600000,0.580000,0.311127,0.220000,1.212444,1
1772473274,128127417,-1.051701,-0.992809,-2.972015,-0.611747,-1.398675,-1.076404,1,0.000000,0.000000,0.260395,0.600000,0.263827,0.600000,0.263827,0.600000,0.000000,0.000000,0.139304,0.220000,0.145619,0.220000,0.145619,0.220000,0,8.033722,0.146638,0.131971,0.220000,0.212667,0.600000,0.580000,0.311127,0.220000,1.180795,1
1772473274,153169496,-1.054301,-0.998092,-2.956185,-0.606133,-1.398866,-1.060631,1,0.000000,0.000000,0.263827,0.600000,0.265693,0.600000,0.265693,0.600000,0.000000,0.000000,0.145619,0.220000,0.148972,0.220000,0.148972,0.220000,0,7.981051,0.152952,0.138285,0.220000,0.212667,0.600000,0.580000,0.311127,0.220000,1.165343,1
1772473274,178232370,-1.055782,-1.005028,-2.941558,-0.601581,-1.391477,-1.046649,1,0.000000,0.000000,0.265693,0.600000,0.269873,0.600000,0.269873,0.600000,0.000000,0.000000,0.148972,0.220000,0.156306,0.220000,0.156306,0.220000,0,7.775212,0.156306,0.141639,0.220000,0.212667,0.600000,0.580000,0.311127,0.220000,1.151360,1
1772473274,228324292,-1.060216,-1.017768,-2.910457,-0.588093,-1.391623,-1.015547,1,0.000000,0.000000,0.269873,0.600000,0.274186,0.600000,0.274186,0.600000,0.000000,0.000000,0.156306,0.220000,0.163639,0.220000,0.163639,0.220000,0,7.660031,0.163639,0.148972,0.220000,0.212667,0.600000,0.580000,0.311127,0.220000,1.120600,1
1772473274,253400117,-1.062500,-1.023771,-2.895230,-0.581913,-1.391570,-1.000577,1,0.000000,0.000000,0.274186,0.600000,0.278487,0.600000,0.278487,0.600000,0.000000,0.000000,0.163639,0.220000,0.170749,0.220000,0.170749,0.220000,0,7.599528,0.170972,0.156306,0.220000,0.212667,0.600000,0.580000,0.311127,0.220000,1.105884,1
1772473274,278403911,-1.064863,-1.030973,-2.879670,-0.576985,-1.388120,-0.987878,1,0.000000,0.000000,0.278487,0.600000,0.282654,0.600000,0.282654,0.600000,0.000000,0.000000,0.170749,0.220000,0.177463,0.220000,0.177463,0.220000,0,7.467054,0.178082,0.163416,0.220000,0.212667,0.600000,0.580000,0.311127,0.220000,1.093402,1
1772473274,328574609,-1.069725,-1.043708,-2.848644,-0.563367,-1.388717,-0.956852,1,0.000000,0.000000,0.282654,0.600000,0.286147,0.600000,0.286147,0.600000,0.000000,0.000000,0.177463,0.220000,0.182976,0.220000,0.182976,0.220000,0,7.352573,0.184796,0.170130,0.220000,0.212667,0.600000,0.580000,0.311127,0.220000,1.062604,1
1772473274,353685653,-1.072349,-1.050620,-2.833625,-0.556190,-1.388883,-0.941534,1,0.000000,0.000000,0.286147,0.600000,0.287933,0.600000,0.287933,0.600000,0.000000,0.000000,0.182976,0.220000,0.185756,0.220000,0.185756,0.220000,0,7.292805,0.190309,0.175643,0.220000,0.212667,0.600000,0.580000,0.311127,0.220000,1.047448,1
1772473274,378632866,-1.074467,-1.057912,-2.818598,-0.550882,-1.387009,-0.923266,1,0.000000,0.000000,0.287933,0.600000,0.291835,0.600000,0.291835,0.600000,0.000000,0.000000,0.185756,0.220000,0.191749,0.220000,0.191749,0.220000,0,7.159157,0.193090,0.178423,0.220000,0.212667,0.600000,0.580000,0.311127,0.220000,1.029180,1
1772473274,428775754,-1.078938,-1.070566,-2.787673,-0.537462,-1.387212,-0.892341,1,0.000000,0.000000,0.291835,0.600000,0.295615,0.600000,0.295615,0.600000,0.000000,0.000000,0.191749,0.220000,0.197454,0.220000,0.197454,0.220000,0,7.025516,0.199083,0.184416,0.220000,0.212667,0.600000,0.580000,0.311127,0.220000,0.998495,1
1772473274,453740794,-1.082158,-1.079749,-2.773740,-0.527952,-1.387433,-0.878619,1,0.000000,0.000000,0.295615,0.600000,0.296916,0.600000,0.296916,0.600000,0.000000,0.000000,0.197454,0.220000,0.199397,0.220000,0.199397,0.220000,0,6.978496,0.204787,0.190121,0.220000,0.212667,0.600000,0.580000,0.311127,0.220000,0.984840,1
1772473274,478788592,-1.084614,-1.085109,-2.757749,-0.524805,-1.389265,-0.865213,1,0.000000,0.000000,0.296916,0.600000,0.297486,0.600000,0.297486,0.600000,0.000000,0.000000,0.199397,0.220000,0.200245,0.220000,0.200245,0.220000,0,6.957737,0.206731,0.192064,0.220000,0.212667,0.600000,0.580000,0.311127,0.220000,0.971434,1
1772473274,528985693,-1.089650,-1.098968,-2.727374,-0.510065,-1.389660,-0.834838,1,0.000000,0.000000,0.297486,0.600000,0.300916,0.600000,0.300916,0.600000,0.000000,0.000000,0.200245,0.220000,0.205305,0.220000,0.205305,0.220000,0,6.830675,0.207579,0.192912,0.220000,0.212667,0.600000,0.580000,0.311127,0.220000,0.941101,1
1772473274,553978917,-1.091265,-1.106231,-2.712510,-0.503034,-1.388984,-0.819536,1,0.000000,0.000000,0.300916,0.600000,0.303297,0.600000,0.303297,0.600000,0.000000,0.000000,0.205305,0.220000,0.208780,0.220000,0.208780,0.220000,0,6.740147,0.212639,0.197972,0.220000,0.212667,0.600000,0.580000,0.311127,0.220000,0.925798,1
1772473274,579047429,-1.093935,-1.112700,-2.697399,-0.500356,-1.390456,-0.799332,1,0.000000,0.000000,0.303297,0.600000,0.305235,0.600000,0.305235,0.600000,0.000000,0.000000,0.208780,0.220000,0.211586,0.220000,0.211586,0.220000,0,6.665033,0.216114,0.201447,0.220000,0.212667,0.600000,0.580000,0.311127,0.220000,0.905566,1
1772473274,629102773,-1.099011,-1.126509,-2.667783,-0.485648,-1.390824,-0.769717,1,0.000000,0.000000,0.305235,0.600000,0.308517,0.600000,0.308517,0.600000,0.000000,0.000000,0.211586,0.220000,0.216293,0.220000,0.216293,0.220000,0,6.534767,0.218919,0.204253,0.220000,0.212667,0.600000,0.580000,0.311127,0.220000,0.875901,1
1772473274,654190423,-1.101389,-1.133618,-2.652949,-0.478162,-1.391225,-0.754637,1,0.000000,0.000000,0.308517,0.600000,0.310026,0.600000,0.310026,0.600000,0.000000,0.000000,0.216293,0.220000,0.218440,0.220000,0.218440,0.220000,0,6.473510,0.220000,0.208960,0.220000,0.212667,0.600000,0.580000,0.311127,0.220000,0.860717,1
1772473274,679242253,-1.103515,-1.142087,-2.638723,-0.469580,-1.395433,-0.737618,1,0.000000,0.000000,0.310026,0.600000,0.309062,0.600000,0.309062,0.600000,0.000000,0.000000,0.218440,0.220000,0.217069,0.220000,0.217069,0.220000,0,6.512754,0.220000,0.211106,0.220000,0.212667,0.600000,0.580000,0.311127,0.220000,0.843570,1
1772473274,729335870,-1.106963,-1.158053,-2.609630,-0.453359,-1.393516,-0.708525,1,0.000000,0.000000,0.309062,0.600000,0.308515,0.600000,0.308515,0.600000,0.000000,0.000000,0.217069,0.220000,0.220000,0.216290,0.220000,0.216290,0,6.319830,0.220000,0.209736,0.220000,0.212667,0.600000,0.580000,0.311127,0.220000,0.814344,1
1772473274,754370948,-1.108438,-1.165257,-2.596098,-0.445992,-1.392430,-0.694877,1,0.000000,0.000000,0.308515,0.600000,0.306152,0.600000,0.306152,0.600000,0.000000,0.000000,0.220000,0.216290,0.220000,0.212906,0.220000,0.212906,0,6.220959,0.220000,0.212667,0.220000,0.208956,0.600000,0.580000,0.311127,0.220000,0.800481,1
1772473274,779443782,-1.108682,-1.173787,-2.581868,-0.436986,-1.388200,-0.679298,1,0.000000,0.000000,0.306152,0.600000,0.301329,0.600000,0.301329,0.600000,0.000000,0.000000,0.220000,0.212906,0.220000,0.205910,0.220000,0.205910,0,6.016541,0.220000,0.212667,0.220000,0.205573,0.600000,0.580000,0.311127,0.220000,0.784669,1
1772473274,829531095,-1.114247,-1.187511,-2.553028,-0.422198,-1.388992,-0.650458,1,0.000000,0.000000,0.301329,0.600000,0.298424,0.600000,0.298424,0.600000,0.000000,0.000000,0.220000,0.205910,0.220000,0.201635,0.220000,0.201635,0,5.891644,0.220000,0.212667,0.213243,0.198577,0.600000,0.580000,0.311127,0.220000,0.755288,1
1772473274,854550798,-1.115072,-1.193332,-2.538698,-0.416365,-1.388042,-0.636187,1,0.000000,0.000000,0.298424,0.600000,0.295893,0.600000,0.295893,0.600000,0.000000,0.000000,0.220000,0.201635,0.220000,0.197870,0.220000,0.197870,0,5.781612,0.220000,0.212667,0.208969,0.194302,0.600000,0.580000,0.311127,0.220000,0.741017,1
1772473274,879590231,-1.116840,-1.199463,-2.523106,-0.409279,-1.389673,-0.621286,1,0.000000,0.000000,0.295893,0.600000,0.295227,0.600000,0.295227,0.600000,0.000000,0.000000,0.220000,0.197870,0.220000,0.196872,0.220000,0.196872,0,5.752473,0.220000,0.212667,0.205203,0.190536,0.600000,0.580000,0.311127,0.220000,0.725768,1
1772473274,929708067,-1.120502,-1.213384,-2.492560,-0.394923,-1.388613,-0.590739,1,0.000000,0.000000,0.295227,0.600000,0.290635,0.600000,0.290635,0.600000,0.000000,0.000000,0.220000,0.196872,0.220000,0.189918,0.220000,0.189918,0,5.549278,0.220000,0.212667,0.204206,0.189539,0.600000,0.580000,0.311127,0.220000,0.694932,1
1772473274,954738780,-1.122006,-1.220167,-2.477839,-0.388163,-1.388004,-0.576263,1,0.000000,0.000000,0.290635,0.600000,0.288375,0.600000,0.288375,0.600000,0.000000,0.000000,0.220000,0.189918,0.220000,0.186441,0.220000,0.186441,0,5.447677,0.220000,0.212667,0.197252,0.182585,0.600000,0.580000,0.311127,0.220000,0.680010,1
1772473274,979801860,-1.123572,-1.227027,-2.462713,-0.382872,-1.389345,-0.564035,1,0.000000,0.000000,0.288375,0.600000,0.287784,0.600000,0.287784,0.600000,0.000000,0.000000,0.220000,0.186441,0.220000,0.185525,0.220000,0.185525,0,5.420920,0.220000,0.212667,0.193774,0.179108,0.600000,0.580000,0.311127,0.220000,0.667307,1
1772473275,29948630,-1.125424,-1.240514,-2.432830,-0.369507,-1.386755,-0.534151,1,0.000000,0.000000,0.287784,0.600000,0.283112,0.600000,0.283112,0.600000,0.000000,0.000000,0.220000,0.185525,0.220000,0.178192,0.220000,0.178192,0,5.159754,0.220000,0.212667,0.192859,0.178192,0.600000,0.580000,0.311127,0.220000,0.637057,1
1772473275,54901489,-1.127095,-1.246802,-2.416635,-0.363158,-1.386476,-0.518085,1,0.000000,0.000000,0.283112,0.600000,0.279806,0.600000,0.279806,0.600000,0.000000,0.000000,0.220000,0.178192,0.220000,0.172891,0.220000,0.172891,0,5.051751,0.220000,0.212667,0.185525,0.170859,0.600000,0.580000,0.311127,0.220000,0.620430,1
1772473275,79952880,-1.127694,-1.254594,-2.402097,-0.357277,-1.386514,-0.505085,1,0.000000,0.000000,0.279806,0.600000,0.278195,0.600000,0.278195,0.600000,0.000000,0.000000,0.220000,0.172891,0.220000,0.170272,0.220000,0.170272,0,4.975237,0.220000,0.212667,0.180224,0.165558,0.600000,0.580000,0.311127,0.220000,0.607430,1
1772473275,130084284,-1.129184,-1.267647,-2.372227,-0.344435,-1.383742,-0.475215,1,0.000000,0.000000,0.278195,0.600000,0.273768,0.600000,0.273768,0.600000,0.000000,0.000000,0.220000,0.170272,0.220000,0.162939,0.220000,0.162939,0,4.694545,0.220000,0.212667,0.177606,0.162939,0.600000,0.580000,0.311127,0.220000,0.576474,1
1772473275,155162741,-1.131187,-1.275137,-2.356856,-0.336561,-1.383465,-0.460006,1,0.000000,0.000000,0.273768,0.600000,0.270412,0.600000,0.270412,0.600000,0.000000,0.000000,0.220000,0.162939,0.220000,0.157234,0.220000,0.157234,0,4.594258,0.220000,0.212667,0.170272,0.155606,0.600000,0.580000,0.311127,0.220000,0.560614,1
1772473275,180163309,-1.132568,-1.281736,-2.341196,-0.328277,-1.385287,-0.446227,1,0.000000,0.000000,0.270412,0.600000,0.270141,0.600000,0.270141,0.600000,0.000000,0.000000,0.220000,0.157234,0.220000,0.156767,0.220000,0.156767,0,4.580624,0.220000,0.212667,0.164567,0.149900,0.600000,0.580000,0.311127,0.220000,0.546836,1
1772473275,230281705,-1.133997,-1.295913,-2.310005,-0.314383,-1.382126,-0.415036,1,0.000000,0.000000,0.270141,0.600000,0.265952,0.600000,0.265952,0.600000,0.000000,0.000000,0.220000,0.156767,0.220000,0.149434,0.220000,0.149434,0,4.269567,0.220000,0.212667,0.164100,0.149434,0.600000,0.580000,0.311127,0.220000,0.514274,1
1772473275,255334953,-1.133898,-1.302044,-2.295203,-0.308364,-1.380240,-0.400136,1,0.000000,0.000000,0.265952,0.600000,0.261902,0.600000,0.261902,0.600000,0.000000,0.000000,0.220000,0.149434,0.220000,0.142100,0.220000,0.142100,0,4.102425,0.220000,0.212667,0.156767,0.142100,0.600000,0.580000,0.311127,0.220000,0.499374,1
1772473275,280428041,-1.135039,-1.309505,-2.280457,-0.298082,-1.380855,-0.384225,1,0.000000,0.000000,0.261902,0.600000,0.259717,0.600000,0.259717,0.600000,0.000000,0.000000,0.220000,0.142100,0.220000,0.138033,0.220000,0.138033,0,4.033228,0.220000,0.212667,0.149434,0.134767,0.600000,0.580000,0.311127,0.220000,0.482740,1
1772473275,330488635,-1.138102,-1.322473,-2.250523,-0.284815,-1.379610,-0.354291,1,0.000000,0.000000,0.259717,0.600000,0.255895,0.600000,0.255895,0.600000,0.000000,0.000000,0.220000,0.138033,0.220000,0.130700,0.220000,0.130700,0,3.789734,0.220000,0.212667,0.145366,0.130700,0.600000,0.580000,0.311127,0.220000,0.451101,1
1772473275,355485418,-1.137804,-1.329470,-2.234696,-0.278334,-1.376819,-0.338591,1,0.000000,0.000000,0.255895,0.600000,0.252229,0.600000,0.252229,0.600000,0.000000,0.000000,0.220000,0.130700,0.220000,0.123366,0.220000,0.123366,0,3.578041,0.220000,0.212667,0.138033,0.123366,0.600000,0.580000,0.311127,0.220000,0.434634,1
1772473275,380559155,-1.138929,-1.335480,-2.218860,-0.272973,-1.372475,-0.324389,1,0.000000,0.000000,0.252229,0.600000,0.248724,0.594580,0.248724,0.594580,0.000000,0.000000,0.220000,0.123366,0.220000,0.116033,0.220000,0.116033,0,3.312868,0.220000,0.212667,0.130700,0.116033,0.600000,0.580000,0.311127,0.220000,0.420432,1
1772473275,430651876,-1.140373,-1.348414,-2.187995,-0.260251,-1.369731,-0.293524,1,0.000000,0.000000,0.248724,0.594580,0.245389,0.574580,0.245389,0.574580,0.000000,0.000000,0.220000,0.116033,0.220000,0.108700,0.220000,0.108700,0,2.990961,0.220000,0.212667,0.123366,0.108700,0.600000,0.574580,0.311127,0.220000,0.388520,1
1772473275,455658669,-1.140764,-1.354674,-2.173532,-0.253906,-1.367991,-0.278890,1,0.000000,0.000000,0.245389,0.574580,0.242230,0.554580,0.242230,0.554580,0.000000,0.000000,0.220000,0.108700,0.220000,0.101366,0.220000,0.101366,0,2.820425,0.220000,0.212667,0.116033,0.101366,0.594580,0.554580,0.311127,0.220000,0.372827,1
1772473275,480719085,-1.142124,-1.360996,-2.159328,-0.244034,-1.365804,-0.262615,1,0.000000,0.000000,0.242230,0.554580,0.239253,0.534580,0.239253,0.534580,0.000000,0.000000,0.220000,0.101366,0.220000,0.094033,0.220000,0.094033,0,2.629842,0.220000,0.212667,0.108700,0.094033,0.574580,0.534580,0.311127,0.220000,0.355685,1
1772473275,530830188,-1.142799,-1.372436,-2.130937,-0.232980,-1.362781,-0.234224,1,0.000000,0.000000,0.239253,0.534580,0.236467,0.514580,0.236467,0.514580,0.000000,0.000000,0.220000,0.094033,0.220000,0.086700,0.220000,0.086700,0,2.302332,0.220000,0.212667,0.101366,0.086700,0.554580,0.514580,0.311127,0.220000,0.326167,1
1772473275,555823650,-1.143760,-1.379225,-2.117168,-0.226402,-1.361845,-0.220472,1,0.000000,0.000000,0.236467,0.514580,0.233878,0.494580,0.233878,0.494580,0.000000,0.000000,0.220000,0.086700,0.220000,0.079366,0.220000,0.079366,0,2.167916,0.220000,0.212667,0.094033,0.079366,0.534580,0.494580,0.311127,0.220000,0.311130,1
1772473275,580890030,-1.145171,-1.384671,-2.103412,-0.222820,-1.365560,-0.206926,1,0.000000,0.000000,0.233878,0.494580,0.232640,0.474580,0.232640,0.474580,0.000000,0.000000,0.220000,0.079366,0.220000,0.075640,0.220000,0.075640,0,2.210161,0.220000,0.212667,0.086700,0.072033,0.514580,0.474580,0.311127,0.220000,0.297584,1
1772473275,631024806,-1.146766,-1.396951,-2.078801,-0.210676,-1.363142,-0.182315,1,0.000000,0.000000,0.232640,0.474580,0.230360,0.454580,0.230360,0.454580,0.000000,0.000000,0.220000,0.075640,0.220000,0.068307,0.220000,0.068307,0,1.939373,0.220000,0.212667,0.082974,0.068307,0.494580,0.454580,0.311127,0.220000,0.270742,1
1772473275,655995209,-1.148224,-1.402545,-2.066093,-0.205085,-1.363233,-0.169484,1,0.000000,0.000000,0.230360,0.454580,0.228920,0.434580,0.228920,0.434580,0.000000,0.000000,0.220000,0.068307,0.220000,0.063281,0.220000,0.063281,0,1.849036,0.220000,0.212667,0.075640,0.060974,0.474580,0.434580,0.311127,0.220000,0.257910,1
1772473275,680996543,-1.148885,-1.408921,-2.054111,-0.201104,-1.368232,-0.155921,1,0.000000,0.000000,0.228920,0.434580,0.229842,0.414580,0.229842,0.414580,0.000000,0.000000,0.220000,0.063281,0.220000,0.066537,0.220000,0.066537,0,1.944174,0.220000,0.212667,0.070615,0.055948,0.454580,0.414580,0.311127,0.220000,0.242867,1
1772473275,706035068,-1.149339,-1.413491,-2.042267,-0.196631,-1.367192,-0.144077,1,0.000000,0.000000,0.229842,0.414580,0.228581,0.394580,0.228581,0.394580,0.000000,0.000000,0.220000,0.066537,0.220000,0.062041,0.220000,0.062041,0,1.812788,0.220000,0.212667,0.073871,0.059204,0.434580,0.394580,0.311127,0.220000,0.231023,1
1772473275,756142417,-1.151357,-1.428240,-2.021361,-0.182026,-1.364460,-0.123019,1,0.000000,0.000000,0.228581,0.394580,0.226700,0.374580,0.226700,0.374580,0.000000,0.000000,0.220000,0.062041,0.220000,0.054707,0.220000,0.054707,0,1.565435,0.220000,0.212667,0.069374,0.054707,0.414580,0.374580,0.311127,0.220000,0.207150,1
1772473275,781105262,-1.152286,-1.438210,-2.011121,-0.172419,-1.363429,-0.110793,1,0.000000,0.000000,0.226700,0.374580,0.225505,0.354580,0.225505,0.354580,0.000000,0.000000,0.220000,0.054707,0.220000,0.049525,0.220000,0.049525,0,1.447079,0.220000,0.212667,0.062041,0.047374,0.394580,0.354580,0.311127,0.220000,0.193494,1
1772473275,806188698,-1.155211,-1.451185,-2.000671,-0.159196,-1.361999,-0.100342,1,0.000000,0.000000,0.225505,0.354580,0.224727,0.334580,0.224727,0.334580,0.000000,0.000000,0.220000,0.049525,0.220000,0.045852,0.220000,0.045852,0,1.339750,0.220000,0.212667,0.056858,0.042191,0.374580,0.334580,0.311127,0.220000,0.181254,1
1772473275,856202654,-1.155438,-1.463765,-1.982279,-0.147610,-1.357703,-0.081791,1,0.000000,0.000000,0.224727,0.334580,0.223346,0.314580,0.223346,0.314580,0.000000,0.000000,0.220000,0.045852,0.220000,0.038518,0.220000,0.038518,0,1.035385,0.220000,0.212667,0.053185,0.038518,0.354580,0.314580,0.311127,0.220000,0.160908,1
1772473275,881267960,-1.156031,-1.469770,-1.973405,-0.147280,-1.350092,-0.070663,1,0.000000,0.000000,0.223346,0.314580,0.222199,0.294580,0.222199,0.294580,0.000000,0.000000,0.220000,0.038518,0.220000,0.031185,0.220000,0.031185,0,0.622898,0.220000,0.212667,0.045852,0.031185,0.334580,0.294580,0.311127,0.220000,0.149780,1
1772473275,906234771,-1.158322,-1.477222,-1.964433,-0.139488,-1.349830,-0.061692,1,0.000000,0.000000,0.222199,0.294580,0.221289,0.274580,0.221289,0.274580,0.000000,0.000000,0.220000,0.031185,0.220000,0.023852,0.220000,0.023852,0,0.556115,0.220000,0.212667,0.038518,0.023852,0.314580,0.274580,0.311127,0.220000,0.139210,1
1772473275,956278102,-1.159703,-1.488877,-1.947794,-0.128223,-1.347072,-0.044887,1,0.000000,0.000000,0.221289,0.274580,0.220619,0.254580,0.220619,0.254580,0.000000,0.000000,0.220000,0.023852,0.220000,0.016518,0.220000,0.016518,0,0.325742,0.220000,0.212667,0.031185,0.016518,0.294580,0.254580,0.311127,0.220000,0.120706,1
1772473275,981319577,-1.161364,-1.492868,-1.940762,-0.127022,-1.343275,-0.035341,1,0.000000,0.000000,0.220619,0.254580,0.220192,0.234580,0.220192,0.234580,0.000000,0.000000,0.220000,0.016518,0.220000,0.009185,0.220000,0.009185,0,0.085711,0.220000,0.212667,0.023852,0.009185,0.274580,0.234580,0.311127,0.220000,0.111160,1
1772473276,6293212,-1.163046,-1.499804,-1.933138,-0.119918,-1.342586,-0.027717,1,0.000000,0.000000,0.220192,0.234580,0.220008,0.214580,0.220008,0.214580,0.000000,0.000000,0.220000,0.009185,0.220000,0.001852,0.220000,0.001852,0,0.010122,0.220000,0.212667,0.016518,0.001852,0.254580,0.214580,0.311127,0.220000,0.101381,1
1772473276,56385349,-1.164911,-1.511545,-1.921279,-0.108369,-1.340579,-0.015829,1,0.000000,0.000000,0.220008,0.214580,0.220057,0.194580,0.220057,0.194580,0.000000,0.000000,0.220000,0.001852,0.220000,-0.004992,0.220000,-0.004992,0,-0.145870,0.220000,0.212667,0.009185,-0.005482,0.234580,0.194580,0.311127,0.220000,0.087245,1
1772473276,81363316,-1.166940,-1.516901,-1.915422,-0.105091,-1.342121,-0.009514,1,0.000000,0.000000,0.220057,0.194580,0.220045,0.174580,0.220045,0.174580,0.000000,0.000000,0.220000,-0.004992,0.220000,-0.004435,0.220000,-0.004435,0,-0.129591,0.220000,0.212667,0.002341,-0.012326,0.214580,0.174580,0.311127,0.220000,0.078931,1
1772473276,131360251,-1.171099,-1.525892,-1.904162,-0.095233,-1.343091,0.001747,1,0.000000,0.000000,0.220045,0.174580,0.220071,0.154580,0.220071,0.154580,0.000000,0.000000,0.220000,-0.004435,0.220000,-0.005579,0.220000,-0.005579,0,-0.163027,0.220000,0.212667,0.002898,-0.011768,0.194580,0.154580,0.311127,0.220000,0.065564,1
1772473276,156385729,-1.172988,-1.529136,-1.898998,-0.091673,-1.344008,0.006893,1,0.000000,0.000000,0.220071,0.154580,0.220070,0.134580,0.220070,0.134580,0.000000,0.000000,0.220000,-0.005579,0.220000,-0.005538,0.220000,-0.005538,0,-0.161828,0.220000,0.212667,0.001754,-0.012913,0.174580,0.134580,0.311127,0.220000,0.060417,1
1772473276,181372875,-1.174523,-1.537857,-1.894880,-0.085350,-1.346457,0.010679,1,0.000000,0.000000,0.220070,0.134580,0.220016,0.114580,0.220016,0.114580,0.000000,0.000000,0.220000,-0.005538,0.220000,-0.002642,0.220000,-0.002642,0,-0.077184,0.220000,0.212667,0.001795,-0.012872,0.154580,0.114580,0.311127,0.220000,0.054289,1
1772473276,206424486,-1.173476,-1.540516,-1.893433,-0.083182,-1.344595,0.012126,1,0.000000,0.000000,0.220016,0.114580,0.220069,0.094580,0.220069,0.094580,0.000000,0.000000,0.220000,-0.002642,0.220000,-0.005522,0.220000,-0.005522,0,-0.161342,0.220000,0.212667,0.004692,-0.009975,0.134580,0.094580,0.311127,0.220000,0.052842,1
1772473276,256396169,-1.178526,-1.550947,-1.887175,-0.071735,-1.346206,0.018162,1,0.000000,0.000000,0.220069,0.094580,0.220038,0.074580,0.220038,0.074580,0.000000,0.000000,0.220000,-0.005522,0.220000,-0.004064,0.220000,-0.004064,0,-0.118753,0.220000,0.212667,0.001812,-0.012855,0.114580,0.074580,0.311127,0.220000,0.044068,1
1772473276,281423579,-1.179698,-1.557960,-1.884900,-0.066182,-1.351131,0.015409,1,0.000000,0.000000,0.220038,0.074580,0.220024,0.062300,0.220024,0.062300,0.000000,0.000000,0.220000,-0.004064,0.220000,0.003269,0.220000,0.003269,0,0.124175,0.220000,0.212667,0.003269,-0.011398,0.094580,0.054580,0.311127,0.220000,0.044053,1
1772473276,331444465,-1.183246,-1.568827,-1.881591,-0.054752,-1.350973,0.018718,1,0.000000,0.000000,0.220024,0.062300,0.220036,0.053860,0.220036,0.053860,0.000000,0.000000,0.220000,0.003269,0.220000,0.003970,0.220000,0.003970,0,0.116003,0.220000,0.212667,0.010602,-0.004064,0.082300,0.042300,0.311127,0.220000,0.038085,1
1772473276,356413036,-1.184152,-1.574614,-1.880863,-0.048888,-1.349999,0.019425,1,0.000000,0.000000,0.220036,0.053860,0.220019,0.052859,0.220019,0.052859,0.000000,0.000000,0.220000,0.003970,0.220000,0.002857,0.220000,0.002857,0,0.083485,0.220000,0.212667,0.011303,-0.003363,0.073860,0.033860,0.311127,0.220000,0.037377,1
1772473276,381416911,-1.185541,-1.580332,-1.880189,-0.040562,-1.350567,0.019555,1,0.000000,0.000000,0.220019,0.052859,0.220042,0.048690,0.220042,0.048690,0.000000,0.000000,0.220000,0.002857,0.220000,0.004278,0.220000,0.004278,0,0.124989,0.220000,0.212667,0.010191,-0.004476,0.072859,0.032859,0.311127,0.220000,0.034429,1
1772473276,406447333,-1.187386,-1.585248,-1.879638,-0.035313,-1.350724,0.020107,1,0.000000,0.000000,0.220042,0.048690,0.220051,0.043682,0.220051,0.043682,0.000000,0.000000,0.220000,0.004278,0.220000,0.004730,0.220000,0.004730,0,0.138221,0.220000,0.212667,0.011611,-0.003056,0.068690,0.028690,0.311127,0.220000,0.030888,1
1772473276,456470384,-1.190020,-1.596718,-1.879354,-0.023816,-1.349715,0.020398,1,0.000000,0.000000,0.220051,0.043682,0.220037,0.038623,0.220037,0.038623,0.000000,0.000000,0.220000,0.004730,0.220000,0.004050,0.220000,0.004050,0,0.118341,0.220000,0.212667,0.012064,-0.002603,0.063682,0.023682,0.311127,0.220000,0.027311,1
1772473276,481512111,-1.192023,-1.601612,-1.877683,-0.024781,-1.356098,0.022285,1,0.000000,0.000000,0.220037,0.038623,0.220294,0.035955,0.220294,0.035955,0.000000,0.000000,0.220000,0.004050,0.220000,0.011383,0.220000,0.011383,0,0.362575,0.220000,0.212667,0.011383,-0.003283,0.058623,0.018623,0.311127,0.220000,0.025424,1
1772473276,531620294,-1.194605,-1.610462,-1.875176,-0.015572,-1.355681,0.024791,1,0.000000,0.000000,0.220294,0.035955,0.220309,0.027173,0.220309,0.027173,0.000000,0.000000,0.220000,0.011383,0.220000,0.011672,0.220000,0.011672,0,0.341051,0.220000,0.212667,0.018717,0.004050,0.055955,0.015955,0.311127,0.220000,0.019214,1
1772473276,556632517,-1.195899,-1.615931,-1.875745,-0.009963,-1.355268,0.024279,1,0.000000,0.000000,0.220309,0.027173,0.220306,0.027897,0.220306,0.027897,0.000000,0.000000,0.220000,0.011672,0.220000,0.011613,0.220000,0.011613,0,0.339317,0.220000,0.212667,0.019005,0.004339,0.047173,0.007173,0.311127,0.220000,0.019726,1
1772473276,581667817,-1.197954,-1.622398,-1.875031,-0.002722,-1.359025,0.026685,1,0.000000,0.000000,0.220306,0.027897,0.220626,0.019103,0.220626,0.019103,0.000000,0.000000,0.220000,0.011613,0.220000,0.016609,0.220000,0.016609,0,0.485311,0.220000,0.212667,0.018946,0.004279,0.047897,0.007897,0.311127,0.220000,0.013508,1
1772473276,631777043,-1.200296,-1.630501,-1.874017,0.005702,-1.358607,0.027699,1,0.000000,0.000000,0.220626,0.019103,0.220594,0.012251,0.220594,0.012251,0.000000,0.000000,0.220000,0.016609,0.220000,0.016184,0.220000,0.016184,0,0.472890,0.220000,0.212667,0.023943,0.009276,0.039103,-0.000897,0.311127,0.220000,0.008663,1
1772473276,656810610,-1.200662,-1.636172,-1.874421,0.011184,-1.357110,0.027295,1,0.000000,0.000000,0.220594,0.012251,0.220477,0.012822,0.220477,0.012822,0.000000,0.000000,0.220000,0.016184,0.220000,0.014492,0.220000,0.014492,0,0.423457,0.220000,0.212667,0.023518,0.008851,0.032251,-0.007749,0.311127,0.220000,0.009067,1
1772473276,681867153,-1.203561,-1.642064,-1.873833,0.017799,-1.357797,0.028072,1,0.000000,0.000000,0.220477,0.012822,0.220548,0.005943,0.220548,0.005943,0.000000,0.000000,0.220000,0.014492,0.220000,0.015543,0.220000,0.015543,0,0.454158,0.220000,0.212667,0.021826,0.007159,0.032822,-0.007178,0.311127,0.220000,0.004203,1
1772473276,731980371,-1.206001,-1.651531,-1.874784,0.030312,-1.353066,0.032364,1,0.000000,0.000000,0.220548,0.005943,0.220153,-0.006303,0.220153,-0.006303,0.000000,0.000000,0.220000,0.015543,0.220000,0.008210,0.220000,0.008210,0,0.235930,0.220000,0.212667,0.022876,0.008210,0.025943,-0.014057,0.311127,0.220000,-0.004457,1
1772473276,756990097,-1.207278,-1.657996,-1.873768,0.036837,-1.352137,0.033380,1,0.000000,0.000000,0.220153,-0.006303,0.220101,-0.014351,0.220101,-0.014351,0.000000,0.000000,0.220000,0.008210,0.220000,0.006683,0.220000,0.006683,0,0.195272,0.220000,0.212667,0.015543,0.000876,0.013697,-0.026303,0.311127,0.220000,-0.010148,1
1772473276,782005318,-1.208267,-1.663110,-1.873690,0.041990,-1.351384,0.033458,1,0.000000,0.000000,0.220101,-0.014351,0.220076,-0.021549,0.220076,-0.021549,0.000000,0.000000,0.220000,0.006683,0.220000,0.005767,0.220000,0.005767,0,0.168504,0.220000,0.212667,0.014016,-0.000650,0.005649,-0.034351,0.311127,0.220000,-0.015237,1
1772473276,832080887,-1.211337,-1.672669,-1.872234,0.056581,-1.359676,0.030176,1,0.000000,0.000000,0.220076,-0.021549,0.220390,-0.024516,0.220390,-0.024516,0.000000,0.000000,0.220000,0.005767,0.220000,0.013100,0.220000,0.013100,0,0.552286,0.220000,0.212667,0.013100,-0.001566,-0.001549,-0.041549,0.311127,0.220000,-0.017336,1
1772473276,857119992,-1.212758,-1.679195,-1.872472,0.063215,-1.358895,0.029938,1,0.000000,0.000000,0.220390,-0.024516,0.220734,-0.032364,0.220734,-0.032364,0.000000,0.000000,0.220000,0.013100,0.220000,0.017991,0.220000,0.017991,0,0.525679,0.220000,0.212667,0.020434,0.005767,-0.004516,-0.044516,0.311127,0.220000,-0.022885,1
1772473276,882171970,-1.213421,-1.683842,-1.873143,0.067824,-1.358009,0.029266,1,0.000000,0.000000,0.220734,-0.032364,0.220657,-0.031414,0.220657,-0.031414,0.000000,0.000000,0.220000,0.017991,0.220000,0.017011,0.220000,0.017011,0,0.497037,0.220000,0.212667,0.025324,0.010657,-0.012364,-0.052364,0.311127,0.220000,-0.022213,1
1772473276,907191250,-1.215282,-1.689817,-1.873615,0.074079,-1.357823,0.028794,1,0.000000,0.000000,0.220657,-0.031414,0.220652,-0.039562,0.220652,-0.039562,0.000000,0.000000,0.220000,0.017011,0.220000,0.016945,0.220000,0.016945,0,0.495132,0.220000,0.212667,0.024344,0.009677,-0.011414,-0.051414,0.311127,0.220000,-0.027974,1
1772473276,957291628,-1.217209,-1.700477,-1.876671,0.084872,-1.356130,0.025825,1,0.000000,0.000000,0.220652,-0.039562,0.220544,-0.044876,0.220544,-0.044876,0.000000,0.000000,0.220000,0.016945,0.220000,0.015480,0.220000,0.015480,0,0.452318,0.220000,0.212667,0.024279,0.009612,-0.019562,-0.059562,0.311127,0.220000,-0.031732,1
1772473276,982310366,-1.218825,-1.703863,-1.877690,0.090626,-1.355507,0.026858,1,0.000000,0.000000,0.220544,-0.044876,0.220460,-0.056621,0.220460,-0.056621,0.000000,0.000000,0.220000,0.015480,0.220000,0.014239,0.220000,0.014239,0,0.416057,0.220000,0.212667,0.022813,0.008147,-0.024876,-0.064876,0.311127,0.220000,-0.040037,1
1772473277,7392060,-1.220147,-1.710587,-1.879099,0.097412,-1.354553,0.025449,1,0.000000,0.000000,0.220460,-0.056621,0.220398,-0.054627,0.220398,-0.054627,0.000000,0.000000,0.220000,0.014239,0.220000,0.013235,0.220000,0.013235,0,0.386712,0.220000,0.212667,0.021572,0.006906,-0.036621,-0.076621,0.311127,0.220000,-0.038627,1
1772473277,57423762,-1.224140,-1.721052,-1.879444,0.108608,-1.354898,0.025104,1,0.000000,0.000000,0.220398,-0.054627,0.220418,-0.074627,0.220418,-0.074627,0.000000,0.000000,0.220000,0.013235,0.220000,0.013567,0.220000,0.013567,0,0.396411,0.220000,0.212667,0.020568,0.005901,-0.034627,-0.074627,0.311127,0.220000,-0.054701,1
1772473277,82477619,-1.223702,-1.725488,-1.882131,0.112655,-1.353031,0.022416,1,0.000000,0.000000,0.220418,-0.074627,0.220306,-0.073558,0.220306,-0.073558,0.000000,0.000000,0.220000,0.013567,0.220000,0.011609,0.220000,0.011609,0,0.339221,0.220000,0.212667,0.020900,0.006233,-0.054627,-0.094627,0.311127,0.220000,-0.052013,1
1772473277,107507772,-1.226016,-1.730808,-1.883618,0.118440,-1.353475,0.020930,1,0.000000,0.000000,0.220306,-0.073558,0.220354,-0.084589,0.220354,-0.084589,0.000000,0.000000,0.220000,0.011609,0.220000,0.012486,0.220000,0.012486,0,0.364828,0.220000,0.212667,0.018943,0.004276,-0.053558,-0.093558,0.311127,0.220000,-0.059813,1
1772473277,157589518,-1.229076,-1.741838,-1.887324,0.129864,-1.352752,0.017224,1,0.000000,0.000000,0.220354,-0.084589,0.220328,-0.093654,0.220328,-0.093654,0.000000,0.000000,0.220000,0.012486,0.220000,0.012026,0.220000,0.012026,0,0.351399,0.220000,0.212667,0.019819,0.005153,-0.064589,-0.104589,0.311127,0.220000,-0.066223,1
1772473277,182623358,-1.229576,-1.747635,-1.886955,0.135505,-1.351326,0.017593,1,0.000000,0.000000,0.220328,-0.093654,0.220207,-0.094175,0.220207,-0.094175,0.000000,0.000000,0.220000,0.012026,0.220000,0.009538,0.220000,0.009538,0,0.278692,0.220000,0.212667,0.019360,0.004693,-0.073654,-0.113654,0.311127,0.220000,-0.066592,1
1772473277,207719987,-1.231235,-1.754097,-1.888958,0.142105,-1.350876,0.015586,1,0.000000,0.000000,0.220207,-0.094175,0.220186,-0.107445,0.220186,-0.107445,0.000000,0.000000,0.220000,0.009538,0.220000,0.009037,0.220000,0.009037,0,0.264052,0.220000,0.212667,0.016871,0.002205,-0.074175,-0.114175,0.311127,0.220000,-0.075975,1
1772473277,257698876,-1.232544,-1.765566,-1.892606,0.152475,-1.350182,0.011879,1,0.000000,0.000000,0.220186,-0.107445,0.220157,-0.120880,0.220157,-0.120880,0.000000,0.000000,0.220000,0.009037,0.220000,0.008303,0.220000,0.008303,0,0.242622,0.220000,0.212667,0.016370,0.001704,-0.087445,-0.127445,0.311127,0.220000,-0.085475,1
1772473277,282775824,-1.233657,-1.771503,-1.894890,0.158450,-1.349290,0.009595,1,0.000000,0.000000,0.220157,-0.120880,0.220116,-0.137881,0.220116,-0.137881,0.000000,0.000000,0.220000,0.008303,0.220000,0.007137,0.220000,0.007137,0,0.208550,0.220000,0.212667,0.015637,0.000970,-0.100880,-0.140880,0.311127,0.220000,-0.097497,1
1772473277,307839632,-1.235064,-1.778483,-1.897678,0.165506,-1.348333,0.006807,1,0.000000,0.000000,0.220116,-0.137881,0.220077,-0.133938,0.220077,-0.133938,0.000000,0.000000,0.220000,0.007137,0.220000,0.005839,0.220000,0.005839,0,0.170609,0.220000,0.212667,0.014471,-0.000196,-0.117881,-0.157881,0.311127,0.220000,-0.094708,1
1772473277,357839749,-1.238227,-1.787840,-1.903047,0.175383,-1.348256,0.001438,1,0.000000,0.000000,0.220077,-0.133938,0.220084,-0.147792,0.220084,-0.147792,0.000000,0.000000,0.220000,0.005839,0.220000,0.006070,0.220000,0.006070,0,0.177367,0.220000,0.212667,0.013172,-0.001494,-0.113938,-0.153938,0.311127,0.220000,-0.104505,1
1772473277,382899001,-1.239811,-1.793604,-1.906075,0.181348,-1.347865,-0.001590,1,0.000000,0.000000,0.220084,-0.147792,0.220069,-0.167792,0.220069,-0.167792,0.000000,0.000000,0.220000,0.006070,0.220000,0.005516,0.220000,0.005516,0,0.161174,0.220000,0.212667,0.013404,-0.001263,-0.127792,-0.167792,0.311127,0.220000,-0.120087,1
1772473277,407932348,-1.240935,-1.798863,-1.911229,0.186685,-1.347205,-0.006744,1,0.000000,0.000000,0.220069,-0.167792,0.220064,-0.187792,0.220064,-0.187792,0.000000,0.000000,0.220000,0.005516,0.220000,0.005289,0.220000,0.005289,0,0.154547,0.220000,0.212667,0.012849,-0.001817,-0.147792,-0.187792,0.311127,0.220000,-0.136082,1
1772473277,458010127,-1.242849,-1.809556,-1.917765,0.203554,-1.342744,-0.009168,1,0.000000,0.000000,0.220064,-0.187792,0.220009,-0.207792,0.220009,-0.207792,0.000000,0.000000,0.220000,0.005289,0.220000,-0.002044,0.220000,-0.002044,0,-0.108247,0.220000,0.212667,0.012623,-0.002044,-0.167792,-0.207792,0.311127,0.220000,-0.157652,1
1772473277,483008339,-1.245795,-1.814218,-1.920906,0.208930,-1.343978,-0.012309,1,0.000000,0.000000,0.220009,-0.207792,0.220012,-0.227792,0.220012,-0.227792,0.000000,0.000000,0.220000,-0.002044,0.220000,-0.002343,0.220000,-0.002343,0,-0.068453,0.220000,0.212667,0.005289,-0.009377,-0.187792,-0.227792,0.311127,0.220000,-0.182643,1
1772473277,508029639,-1.245696,-1.818992,-1.925411,0.213401,-1.342303,-0.016814,1,0.000000,0.000000,0.220012,-0.227792,0.220045,-0.247792,0.220045,-0.247792,0.000000,0.000000,0.220000,-0.002343,0.220000,-0.004448,0.220000,-0.004448,0,-0.129955,0.220000,0.212667,0.004991,-0.009676,-0.207792,-0.247792,0.311127,0.220000,-0.178138,1
1772473277,558128607,-1.249612,-1.830519,-1.936833,0.225575,-1.342177,-0.028235,1,0.000000,0.000000,0.220045,-0.247792,0.220053,-0.267792,0.220053,-0.267792,0.000000,0.000000,0.220000,-0.004448,0.220000,-0.004818,0.220000,-0.004818,0,-0.140778,0.220000,0.212667,0.002886,-0.011781,-0.227792,-0.267792,0.311127,0.220000,-0.243799,1
1772473277,583120815,-1.251508,-1.834607,-1.940390,0.230059,-1.342612,-0.031792,1,0.000000,0.000000,0.220053,-0.267792,0.220050,-0.287792,0.220050,-0.287792,0.000000,0.000000,0.220000,-0.004818,0.220000,-0.004702,0.220000,-0.004702,0,-0.137398,0.220000,0.212667,0.002515,-0.012151,-0.247792,-0.287792,0.311127,0.220000,-0.240242,1
1772473277,608151807,-1.251736,-1.840341,-1.947501,0.235545,-1.340926,-0.038904,1,0.000000,0.000000,0.220050,-0.287792,0.220110,-0.307792,0.220110,-0.307792,0.000000,0.000000,0.220000,-0.004702,0.220000,-0.006971,0.220000,-0.006971,0,-0.203691,0.220000,0.212667,0.002631,-0.012036,-0.267792,-0.307792,0.311127,0.220000,-0.284639,1
1772473277,658289604,-1.258266,-1.849689,-1.961365,0.246529,-1.343989,-0.052768,1,0.000000,0.000000,0.220110,-0.307792,0.220026,-0.327792,0.220026,-0.327792,0.000000,0.000000,0.220000,-0.006971,0.220000,-0.003412,0.220000,-0.003412,0,-0.099707,0.220000,0.212667,0.000362,-0.014304,-0.287792,-0.327792,0.311127,0.220000,-0.337224,1
1772473277,683246792,-1.258689,-1.854336,-1.968681,0.250936,-1.342656,-0.059881,1,0.000000,0.000000,0.220026,-0.327792,0.220063,-0.347792,0.220063,-0.347792,0.000000,0.000000,0.220000,-0.003412,0.220000,-0.005281,0.220000,-0.005281,0,-0.154296,0.220000,0.212667,0.003921,-0.010746,-0.307792,-0.347792,0.311127,0.220000,-0.330110,1
1772473277,708307925,-1.261532,-1.859092,-1.978030,0.254340,-1.340448,-0.065764,1,0.000000,0.000000,0.220063,-0.347792,0.220164,-0.367792,0.220164,-0.367792,0.000000,0.000000,0.220000,-0.005281,0.220000,-0.008508,0.220000,-0.008508,0,-0.248590,0.220000,0.212667,0.002053,-0.012614,-0.327792,-0.367792,0.311127,0.220000,-0.412202,1
1772473277,758337272,-1.263977,-1.868205,-1.994274,0.263747,-1.339700,-0.082007,1,0.000000,0.000000,0.220164,-0.367792,0.220261,-0.387792,0.220261,-0.387792,0.000000,0.000000,0.220000,-0.008508,0.220000,-0.010717,0.220000,-0.010717,0,-0.313158,0.220000,0.212667,-0.001174,-0.015841,-0.347792,-0.387792,0.311127,0.220000,-0.516627,1
1772473277,783375358,-1.266785,-1.873554,-2.002534,0.269727,-1.340554,-0.090267,1,0.000000,0.000000,0.220261,-0.387792,0.220308,-0.407792,0.220308,-0.407792,0.000000,0.000000,0.220000,-0.010717,0.220000,-0.011653,0.220000,-0.011653,0,-0.340485,0.220000,0.212667,-0.003384,-0.018051,-0.367792,-0.407792,0.311127,0.220000,-0.508367,1
1772473277,808366205,-1.267634,-1.878314,-2.010644,0.274496,-1.339760,-0.098378,1,0.000000,0.000000,0.220308,-0.407792,0.220507,-0.427792,0.220507,-0.427792,0.000000,0.000000,0.220000,-0.011653,0.220000,-0.014950,0.220000,-0.014950,0,-0.436835,0.220000,0.212667,-0.004319,-0.018986,-0.387792,-0.427792,0.311127,0.220000,-0.667172,1
1772473277,858406181,-1.273109,-1.888176,-2.030753,0.285623,-1.341617,-0.118486,1,0.000000,0.000000,0.220507,-0.427792,0.220946,-0.447792,0.220946,-0.447792,0.000000,0.000000,0.220000,-0.014950,0.220000,-0.020421,0.220000,-0.020421,0,-0.596686,0.220000,0.212667,-0.007617,-0.022284,-0.407792,-0.447792,0.311127,0.220000,-0.868982,1
1772473277,883448335,-1.275827,-1.891697,-2.041110,0.289850,-1.342998,-0.128844,1,0.000000,0.000000,0.220946,-0.447792,0.221358,-0.467792,0.221358,-0.467792,0.000000,0.000000,0.220000,-0.020421,0.220000,-0.024480,0.220000,-0.024480,0,-0.715293,0.220000,0.212667,-0.013088,-0.027754,-0.427792,-0.467792,0.311127,0.220000,-0.983867,1
1772473277,908414527,-1.278049,-1.896525,-2.051980,0.295143,-1.343476,-0.139714,1,0.000000,0.000000,0.221358,-0.467792,0.221413,-0.487792,0.221413,-0.487792,0.000000,0.000000,0.220000,-0.024480,0.220000,-0.024972,0.220000,-0.024972,0,-0.741933,0.220000,0.212667,-0.017147,-0.031813,-0.447792,-0.487792,0.311127,0.220000,-0.972997,1
1772473277,958541923,-1.284131,-1.906281,-2.072628,0.311006,-1.345004,-0.163426,1,0.000000,0.000000,0.221413,-0.487792,0.220968,-0.507792,0.220968,-0.507792,0.000000,0.000000,0.220000,-0.024972,0.220000,-0.020664,0.220000,-0.020664,0,-0.662321,0.220000,0.212667,-0.017639,-0.032306,-0.467792,-0.507792,0.311127,0.220000,-0.949284,1
1772473277,983498889,-1.284786,-1.910158,-2.084927,0.314880,-1.344334,-0.175725,1,0.000000,0.000000,0.220968,-0.507792,0.220842,-0.527792,0.220842,-0.527792,0.000000,0.000000,0.220000,-0.020664,0.220000,-0.019266,0.220000,-0.019266,0,-0.628841,0.220000,0.212667,-0.013331,-0.027998,-0.487792,-0.527792,0.311127,0.220000,-0.936985,1
1772473278,8620180,-1.289765,-1.915071,-2.097688,0.321168,-1.347400,-0.188486,1,0.000000,0.000000,0.220842,-0.527792,0.220375,-0.547792,0.220375,-0.547792,0.000000,0.000000,0.220000,-0.019266,0.220000,-0.012851,0.220000,-0.012851,0,-0.434499,0.220000,0.212667,-0.011933,-0.026600,-0.507792,-0.547792,0.311127,0.220000,-0.924225,1
1772473278,58547452,-1.294887,-1.923763,-2.121672,0.331067,-1.349345,-0.212470,1,0.000000,0.000000,0.220375,-0.547792,0.220082,-0.567792,0.220082,-0.567792,0.000000,0.000000,0.220000,-0.012851,0.220000,-0.006015,0.220000,-0.006015,0,-0.214770,0.220000,0.212667,-0.005517,-0.020184,-0.527792,-0.567792,0.311127,0.220000,-0.900240,1
1772473278,83575497,-1.296948,-1.929033,-2.135628,0.336723,-1.349541,-0.226426,1,0.000000,0.000000,0.220082,-0.567792,0.220030,-0.587792,0.220030,-0.587792,0.000000,0.000000,0.220000,-0.006015,0.220000,-0.003651,0.220000,-0.003651,0,-0.134506,0.220000,0.212667,0.001318,-0.013348,-0.547792,-0.587792,0.311127,0.220000,-0.886285,1
1772473278,108558446,-1.300201,-1.933416,-2.148097,0.341937,-1.351154,-0.238895,1,0.000000,0.000000,0.220030,-0.587792,0.220002,-0.600000,0.220002,-0.600000,0.000000,0.000000,0.220000,-0.003651,0.220000,0.000850,0.220000,0.000850,0,0.032304,0.220000,0.212667,0.003682,-0.010984,-0.567792,-0.600000,0.311127,0.220000,-0.873815,1
1772473278,158574076,-1.307357,-1.942740,-2.180052,0.353108,-1.354808,-0.270849,1,0.000000,0.000000,0.220002,-0.600000,0.220152,-0.600000,0.220152,-0.600000,0.000000,0.000000,0.220000,0.000850,0.220000,0.008183,0.220000,0.008183,0,0.516645,0.220000,0.212667,0.008183,-0.006484,-0.580000,-0.600000,0.311127,0.220000,-0.841861,1
1772473278,183565672,-1.311626,-1.947847,-2.195840,0.359174,-1.357411,-0.286729,1,0.000000,0.000000,0.220152,-0.600000,0.220546,-0.600000,0.220546,-0.600000,0.000000,0.000000,0.220000,0.008183,0.220000,0.015516,0.220000,0.015516,0,0.850130,0.220000,0.212667,0.015516,0.000850,-0.580000,-0.600000,0.311127,0.220000,-0.825982,1
1772473278,208550606,-1.313591,-1.951958,-2.211462,0.359376,-1.364878,-0.304688,1,0.000000,0.000000,0.220546,-0.600000,0.221183,-0.600000,0.221183,-0.600000,0.000000,0.000000,0.220000,0.015516,0.220000,0.022850,0.220000,0.022850,0,1.746905,0.220000,0.212667,0.022850,0.008183,-0.580000,-0.600000,0.311127,0.220000,-0.808023,1
1772473278,258599174,-1.320581,-1.961301,-2.241239,0.370502,-1.368398,-0.334465,1,0.000000,0.000000,0.221183,-0.600000,0.222061,-0.600000,0.222061,-0.600000,0.000000,0.000000,0.220000,0.022850,0.220000,0.030183,0.220000,0.030183,0,2.482201,0.220000,0.212667,0.030183,0.015516,-0.580000,-0.600000,0.311127,0.220000,-0.778246,1
1772473278,283592578,-1.322786,-1.966250,-2.256191,0.375901,-1.368848,-0.349417,1,0.000000,0.000000,0.222061,-0.600000,0.223176,-0.600000,0.223176,-0.600000,0.000000,0.000000,0.220000,0.030183,0.220000,0.037516,0.220000,0.037516,0,2.757654,0.220000,0.212667,0.037516,0.022850,-0.580000,-0.600000,0.311127,0.220000,-0.763294,1
1772473278,308681558,-1.325986,-1.970827,-2.272083,0.381278,-1.370360,-0.365309,1,0.000000,0.000000,0.223176,-0.600000,0.224525,-0.600000,0.224525,-0.600000,0.000000,0.000000,0.220000,0.037516,0.220000,0.044850,0.220000,0.044850,0,3.198443,0.220000,0.212667,0.044850,0.030183,-0.580000,-0.600000,0.311127,0.220000,-0.747401,1
1772473278,358659959,-1.333165,-1.980859,-2.302777,0.393116,-1.373830,-0.396003,1,0.000000,0.000000,0.224525,-0.600000,0.226104,-0.600000,0.226104,-0.600000,0.000000,0.000000,0.220000,0.044850,0.220000,0.052183,0.220000,0.052183,0,4.289915,0.220000,0.212667,0.052183,0.037516,-0.580000,-0.600000,0.311127,0.220000,-0.716707,1
1772473278,383641143,-1.335788,-1.985819,-2.318326,0.398663,-1.374671,-0.411552,1,0.000000,0.000000,0.226104,-0.600000,0.227908,-0.600000,0.227908,-0.600000,0.000000,0.000000,0.220000,0.052183,0.220000,0.059516,0.220000,0.059516,0,4.789765,0.220000,0.212667,0.059516,0.044850,-0.580000,-0.600000,0.311127,0.220000,-0.701158,1
1772473278,408672906,-1.337876,-1.990375,-2.332910,0.403481,-1.375021,-0.426163,1,0.000000,0.000000,0.227908,-0.600000,0.229932,-0.600000,0.229932,-0.600000,0.000000,0.000000,0.220000,0.059516,0.220000,0.066850,0.220000,0.066850,0,5.217651,0.220000,0.212667,0.066850,0.052183,-0.580000,-0.600000,0.311127,0.220000,-0.686547,1
1772473278,458704220,-1.343805,-2.001599,-2.364209,0.410391,-1.373007,-0.458330,1,0.000000,0.000000,0.229932,-0.600000,0.232170,-0.600000,0.232170,-0.600000,0.000000,0.000000,0.220000,0.066850,0.220000,0.074183,0.220000,0.074183,0,5.585201,0.220000,0.212667,0.074183,0.059516,-0.580000,-0.600000,0.311127,0.220000,-0.654380,1
1772473278,483712789,-1.347756,-2.007184,-2.380228,0.416964,-1.374901,-0.474349,1,0.000000,0.000000,0.232170,-0.600000,0.234616,-0.600000,0.234616,-0.600000,0.000000,0.000000,0.220000,0.074183,0.220000,0.081516,0.220000,0.081516,0,6.498909,0.220000,0.212667,0.081516,0.066850,-0.580000,-0.600000,0.311127,0.220000,-0.638361,1
1772473278,508720028,-1.351068,-2.011534,-2.396017,0.422161,-1.376599,-0.490139,1,0.000000,0.000000,0.234616,-0.600000,0.237264,-0.600000,0.237264,-0.600000,0.000000,0.000000,0.220000,0.081516,0.220000,0.088850,0.220000,0.088850,0,7.463994,0.220000,0.212667,0.088850,0.074183,-0.580000,-0.600000,0.311127,0.220000,-0.622572,1
1772473278,558740776,-1.354428,-2.022854,-2.426025,0.433957,-1.376049,-0.520147,1,0.000000,0.000000,0.237264,-0.600000,0.240107,-0.600000,0.240107,-0.600000,0.000000,0.000000,0.220000,0.088850,0.220000,0.096183,0.220000,0.096183,0,8.529747,0.220000,0.212667,0.096183,0.081516,-0.580000,-0.600000,0.311127,0.220000,-0.592564,0
1772473278,583719789,-1.357944,-2.027343,-2.441950,0.439352,-1.377893,-0.536072,1,0.000000,0.000000,0.240107,-0.600000,0.243137,-0.600000,0.243137,-0.600000,0.000000,0.000000,0.220000,0.096183,0.220000,0.103516,0.220000,0.103516,0,9.978093,0.220000,0.212667,0.103516,0.088850,-0.580000,-0.600000,0.311127,0.220000,-0.576638,0
1772473278,608768671,-1.360851,-2.033130,-2.456870,0.445773,-1.378735,-0.550992,1,0.000000,0.000000,0.243137,-0.600000,0.245234,-0.600000,0.245234,-0.600000,0.000000,0.000000,0.220000,0.103516,0.220000,0.108349,0.220000,0.108349,0,11.290129,0.220000,0.212667,0.110850,0.096183,-0.580000,-0.600000,0.311127,0.220000,-0.561719,0
1772473278,658788182,-1.366695,-2.044599,-2.488847,0.458540,-1.380562,-0.582989,1,0.000000,0.000000,0.245234,-0.600000,0.247582,-0.600000,0.247582,-0.600000,0.000000,0.000000,0.220000,0.108349,0.220000,0.113565,0.220000,0.113565,0,14.954448,0.220000,0.212667,0.115683,0.101016,-0.580000,-0.600000,0.311127,0.220000,-0.529721,0
1772473278,683788801,-1.369757,-2.049347,-2.504955,0.464703,-1.385762,-0.600112,1,0.000000,0.000000,0.247582,-0.600000,0.251031,-0.600000,0.251031,-0.600000,0.000000,0.000000,0.220000,0.113565,0.220000,0.120899,0.220000,0.120899,0,22.127530,0.220000,0.212667,0.120899,0.106232,-0.580000,-0.600000,0.311127,0.220000,-0.512598,0
1772473278,708847394,-1.371957,-2.054333,-2.520548,0.470135,-1.386206,-0.615705,1,0.000000,0.000000,0.251031,-0.600000,0.254644,-0.600000,0.254644,-0.600000,0.000000,0.000000,0.220000,0.120899,0.220000,0.128232,0.220000,0.128232,0,25.924465,0.220000,0.212667,0.128232,0.113565,-0.580000,-0.600000,0.311127,0.220000,-0.497005,0
1772473278,758905732,-1.378687,-2.066962,-2.551487,0.484272,-1.388423,-0.646644,1,0.000000,0.000000,0.254644,-0.600000,0.258414,-0.600000,0.258414,-0.600000,0.000000,0.000000,0.220000,0.128232,0.220000,0.135565,0.220000,0.135565,0,46.707426,0.220000,0.212667,0.135565,0.120899,-0.580000,-0.600000,0.311127,0.220000,-0.466066,0
1772473278,783911464,-1.382143,-2.073054,-2.567544,0.491160,-1.389692,-0.662702,1,0.000000,0.000000,0.258414,-0.600000,0.262336,-0.600000,0.262336,-0.600000,0.000000,0.000000,0.220000,0.135565,0.220000,0.142899,0.220000,0.142899,0,74.000351,0.220000,0.212667,0.142899,0.128232,-0.580000,-0.600000,0.311127,0.220000,-0.450008,0
1772473278,808923553,-1.385502,-2.078580,-2.584037,0.497513,-1.391074,-0.679218,1,0.000000,0.000000,0.262336,-0.600000,0.266401,-0.600000,0.266401,-0.600000,0.000000,0.000000,0.220000,0.142899,0.220000,0.150232,0.220000,0.150232,0,150.281102,0.220000,0.212667,0.150232,0.135565,-0.580000,-0.600000,0.311127,0.220000,-0.433493,0
1772473278,859054490,-1.389757,-2.090278,-2.615025,0.511303,-1.392191,-0.711207,1,0.000000,0.000000,0.266401,-0.600000,0.256217,-0.600000,0.256217,-0.600000,0.000000,0.000000,0.220000,0.150232,0.212667,0.142899,0.212667,0.142899,0,-157.175720,0.220000,0.212667,0.157565,0.142899,-0.580000,-0.600000,0.311127,0.220000,-0.401504,0
1772473278,884003485,-1.393022,-2.095362,-2.629951,0.517175,-1.393614,-0.726133,1,0.000000,0.000000,0.256217,-0.600000,0.246048,-0.600000,0.246048,-0.600000,0.000000,0.000000,0.212667,0.142899,0.205333,0.135565,0.205333,0.135565,0,-79.623446,0.220000,0.205333,0.150232,0.135565,-0.580000,-0.600000,0.311127,0.220000,-0.386577,0
1772473278,909045305,-1.394676,-2.102081,-2.645154,0.524066,-1.392981,-0.741336,1,0.000000,0.000000,0.246048,-0.600000,0.235897,-0.600000,0.235897,-0.600000,0.000000,0.000000,0.205333,0.135565,0.198000,0.128232,0.198000,0.128232,0,-64.309992,0.212667,0.198000,0.142899,0.128232,-0.580000,-0.600000,0.311127,0.220000,-0.371374,0
1772473278,959055592,-1.401277,-2.113273,-2.676071,0.537507,-1.396064,-0.773512,1,0.000000,0.000000,0.235897,-0.600000,0.225766,-0.600000,0.225766,-0.600000,0.000000,0.000000,0.198000,0.128232,0.190667,0.120899,0.190667,0.120899,0,-35.839540,0.205333,0.190667,0.135565,0.120899,-0.580000,-0.600000,0.311127,0.220000,-0.339199,0
1772473278,984096501,-1.403658,-2.119266,-2.690066,0.543948,-1.396363,-0.787507,1,0.000000,0.000000,0.225766,-0.600000,0.215658,-0.600000,0.215658,-0.600000,0.000000,0.000000,0.190667,0.120899,0.183333,0.113565,0.183333,0.113565,0,-31.298149,0.198000,0.183333,0.128232,0.113565,-0.580000,-0.600000,0.311127,0.220000,-0.325203,0
1772473279,9165208,-1.404442,-2.123100,-2.702873,0.547829,-1.395856,-0.800314,1,0.000000,0.000000,0.215658,-0.600000,0.205575,-0.600000,0.205575,-0.600000,0.000000,0.000000,0.183333,0.113565,0.176000,0.106232,0.176000,0.106232,0,-29.933198,0.190667,0.176000,0.120899,0.106232,-0.580000,-0.600000,0.311127,0.220000,-0.312397,0
1772473279,59294802,-1.408152,-2.132042,-2.729344,0.557590,-1.396471,-0.826853,1,0.000000,0.000000,0.205575,-0.600000,0.195523,-0.600000,0.195523,-0.600000,0.000000,0.000000,0.176000,0.106232,0.168667,0.098899,0.168667,0.098899,0,-25.399507,0.183333,0.168667,0.113565,0.098899,-0.580000,-0.600000,0.311127,0.220000,-0.285858,0
1772473279,84239668,-1.411165,-2.135961,-2.744217,0.565462,-1.398690,-0.843929,1,0.000000,0.000000,0.195523,-0.600000,0.185506,-0.600000,0.185506,-0.600000,0.000000,0.000000,0.168667,0.098899,0.161333,0.091565,0.161333,0.091565,0,-21.829754,0.176000,0.161333,0.106232,0.091565,-0.580000,-0.600000,0.311127,0.220000,-0.268782,0
1772473279,109326756,-1.414098,-2.140806,-2.759178,0.570995,-1.399898,-0.858889,1,0.000000,0.000000,0.185506,-0.600000,0.175531,-0.600000,0.175531,-0.600000,0.000000,0.000000,0.161333,0.091565,0.154000,0.084232,0.154000,0.084232,0,-20.127885,0.168667,0.154000,0.098899,0.084232,-0.580000,-0.600000,0.311127,0.220000,-0.253821,0
1772473279,159369344,-1.419783,-2.149209,-2.789131,0.580744,-1.402526,-0.888807,1,0.000000,0.000000,0.175531,-0.600000,0.165603,-0.600000,0.165603,-0.600000,0.000000,0.000000,0.154000,0.084232,0.146667,0.076899,0.146667,0.076899,0,-17.719497,0.161333,0.146667,0.091565,0.076899,-0.580000,-0.600000,0.311127,0.220000,-0.223904,1
1772473279,184360212,-1.423491,-2.152910,-2.803735,0.584190,-1.403828,-0.902323,1,0.000000,0.000000,0.165603,-0.600000,0.155734,-0.600000,0.155734,-0.600000,0.000000,0.000000,0.146667,0.076899,0.139333,0.069565,0.139333,0.069565,0,-16.986110,0.154000,0.139333,0.084232,0.069565,-0.580000,-0.600000,0.311127,0.220000,-0.210387,1
1772473279,209425579,-1.426917,-2.156754,-2.818431,0.588938,-1.405821,-0.917019,1,0.000000,0.000000,0.155734,-0.600000,0.145934,-0.600000,0.145934,-0.600000,0.000000,0.000000,0.139333,0.069565,0.132000,0.062232,0.132000,0.062232,0,-15.983268,0.146667,0.132000,0.076899,0.062232,-0.580000,-0.600000,0.311127,0.220000,-0.195691,1
1772473279,259495042,-1.430927,-2.161598,-2.847360,0.594814,-1.408095,-0.946019,1,0.000000,0.000000,0.145934,-0.600000,0.136219,-0.580000,0.136219,-0.580000,0.000000,0.000000,0.132000,0.062232,0.124667,0.054899,0.124667,0.054899,0,-15.144977,0.139333,0.124667,0.069565,0.054899,-0.580000,-0.600000,0.311127,0.220000,-0.166692,1
1772473279,284506686,-1.433802,-2.162812,-2.861828,0.596688,-1.411842,-0.962404,1,0.000000,0.000000,0.136219,-0.580000,0.126608,-0.560000,0.126608,-0.560000,0.000000,0.000000,0.124667,0.054899,0.117333,0.047565,0.117333,0.047565,0,-14.410472,0.132000,0.117333,0.062232,0.047565,-0.560000,-0.600000,0.311127,0.220000,-0.150306,1
1772473279,309566861,-1.436328,-2.165541,-2.875760,0.600086,-1.413353,-0.976336,1,0.000000,0.000000,0.126608,-0.560000,0.117126,-0.540000,0.117126,-0.540000,0.000000,0.000000,0.117333,0.047565,0.110000,0.040232,0.110000,0.040232,0,-13.967557,0.124667,0.110000,0.054899,0.040232,-0.540000,-0.580000,0.311127,0.220000,-0.136374,1
1772473279,359612416,-1.440483,-2.170034,-2.905772,0.605650,-1.415742,-1.006222,1,0.000000,0.000000,0.117126,-0.540000,0.107809,-0.520000,0.107809,-0.520000,0.000000,0.000000,0.110000,0.040232,0.102667,0.032899,0.102667,0.032899,0,-13.438365,0.117333,0.102667,0.047565,0.032899,-0.520000,-0.560000,0.311127,0.220000,-0.106488,1
1772473279,384683214,-1.443767,-2.171555,-2.918464,0.607429,-1.416001,-1.015725,1,0.000000,0.000000,0.107809,-0.520000,0.098702,-0.500000,0.098702,-0.500000,0.000000,0.000000,0.102667,0.032899,0.095333,0.025565,0.095333,0.025565,0,-13.363766,0.110000,0.095333,0.040232,0.025565,-0.500000,-0.540000,0.311127,0.220000,-0.096986,1
1772473279,409726556,-1.446617,-2.172298,-2.930734,0.609060,-1.418453,-1.027994,1,0.000000,0.000000,0.098702,-0.500000,0.089869,-0.480000,0.089869,-0.480000,0.000000,0.000000,0.095333,0.025565,0.088000,0.018232,0.088000,0.018232,0,-13.002087,0.102667,0.088000,0.032899,0.018232,-0.480000,-0.520000,0.311127,0.220000,-0.084716,1
1772473279,459860751,-1.450298,-2.175929,-2.955073,0.613818,-1.420468,-1.052200,1,0.000000,0.000000,0.089869,-0.480000,0.081400,-0.460000,0.081400,-0.460000,0.000000,0.000000,0.088000,0.018232,0.080667,0.010899,0.080667,0.010899,0,-12.634789,0.095333,0.080667,0.025565,0.010899,-0.460000,-0.500000,0.311127,0.220000,-0.060511,1
1772473279,484837377,-1.452173,-2.176126,-2.967936,0.617193,-1.416366,-1.062300,1,0.000000,0.000000,0.081400,-0.460000,0.073420,-0.440000,0.073420,-0.440000,0.000000,0.000000,0.080667,0.010899,0.073333,0.003565,0.073333,0.003565,0,-13.023564,0.088000,0.073333,0.018232,0.003565,-0.440000,-0.480000,0.311127,0.220000,-0.050410,1
1772473279,509925008,-1.453940,-2.176866,-2.980033,0.618473,-1.417792,-1.074397,1,0.000000,0.000000,0.073420,-0.440000,0.066107,-0.420000,0.066107,-0.420000,0.000000,0.000000,0.073333,0.003565,0.066000,-0.003768,0.066000,-0.003768,0,-12.875687,0.080667,0.066000,0.010899,-0.003768,-0.420000,-0.460000,0.311127,0.220000,-0.038314,1
1772473279,560154031,-1.457862,-2.178283,-3.002883,0.621530,-1.420602,-1.096834,1,0.000000,0.000000,0.066107,-0.420000,0.059708,-0.400000,0.059708,-0.400000,0.000000,0.000000,0.066000,-0.003768,0.058667,-0.011101,0.058667,-0.011101,0,-12.543103,0.073333,0.058667,0.003565,-0.011101,-0.400000,-0.440000,0.311127,0.220000,-0.015876,1
1772473279,585058769,-1.459196,-2.179321,-3.012933,0.630056,-1.414341,-1.100007,1,0.000000,0.000000,0.059708,-0.400000,0.054543,-0.380000,0.054543,-0.380000,0.000000,0.000000,0.058667,-0.011101,0.051333,-0.018435,0.051333,-0.018435,0,-12.544441,0.066000,0.051333,-0.003768,-0.018435,-0.380000,-0.420000,0.311127,0.220000,-0.012704,1
1772473279,610088550,-1.461223,-2.177942,-3.022385,0.629437,-1.416714,-1.109458,1,0.000000,0.000000,0.054543,-0.380000,0.050990,-0.360000,0.050990,-0.360000,0.000000,0.000000,0.051333,-0.018435,0.044000,-0.025768,0.044000,-0.025768,0,-12.460415,0.058667,0.044000,-0.011101,-0.025768,-0.360000,-0.400000,0.311127,0.220000,-0.003252,1
1772473279,660215298,-1.463850,-2.177068,-3.041010,0.629236,-1.419334,-1.128183,1,0.000000,0.000000,0.050990,-0.360000,0.049398,-0.340000,0.049398,-0.340000,0.000000,0.000000,0.044000,-0.025768,0.036667,-0.033101,0.036667,-0.033101,0,-12.404938,0.051333,0.036667,-0.018435,-0.033101,-0.340000,-0.380000,0.311127,0.220000,0.015472,1
1772473279,685245672,-1.464572,-2.177751,-3.050881,0.625835,-1.417342,-1.139695,1,0.000000,0.000000,0.049398,-0.340000,0.049954,-0.320000,0.049954,-0.320000,0.000000,0.000000,0.036667,-0.033101,0.029333,-0.040435,0.029333,-0.040435,0,-12.996690,0.044000,0.029333,-0.025768,-0.040435,-0.320000,-0.360000,0.311127,0.220000,0.026984,1
1772473279,710301392,-1.465242,-2.178000,-3.059697,0.626293,-1.417889,-1.148511,1,0.000000,0.000000,0.049954,-0.320000,0.052591,-0.300000,0.052591,-0.300000,0.000000,0.000000,0.029333,-0.040435,0.022000,-0.047768,0.022000,-0.047768,0,-12.988572,0.036667,0.022000,-0.033101,-0.047768,-0.300000,-0.340000,0.311127,0.220000,0.035801,1
1772473279,760457459,-1.466809,-2.175871,-3.076105,0.624729,-1.420099,-1.164895,1,0.000000,0.000000,0.052591,-0.300000,0.057020,-0.280000,0.057020,-0.280000,0.000000,0.000000,0.022000,-0.047768,0.014667,-0.055101,0.014667,-0.055101,0,-13.055675,0.029333,0.014667,-0.040435,-0.055101,-0.280000,-0.320000,0.311127,0.220000,0.052185,1
1772473279,785467189,-1.467944,-2.175094,-3.084126,0.623153,-1.421750,-1.172565,1,0.000000,0.000000,0.057020,-0.280000,0.062864,-0.260000,0.062864,-0.260000,0.000000,0.000000,0.014667,-0.055101,0.007333,-0.062435,0.007333,-0.062435,0,-13.088367,0.022000,0.007333,-0.047768,-0.062435,-0.260000,-0.300000,0.311127,0.220000,0.059854,1
1772473279,810543458,-1.467318,-2.172864,-3.091965,0.620842,-1.421906,-1.180404,1,0.000000,0.000000,0.062864,-0.260000,0.069768,-0.240000,0.069768,-0.240000,0.000000,0.000000,0.007333,-0.062435,0.000000,-0.069768,0.000000,-0.069768,0,-13.346223,0.014667,0.000000,-0.055101,-0.069768,-0.240000,-0.280000,0.311127,0.220000,0.067693,1
1772473279,860693078,-1.468330,-2.170180,-3.104880,0.618592,-1.423587,-1.192938,1,0.000000,0.000000,0.069768,-0.240000,0.077449,-0.220000,0.077449,-0.220000,0.000000,0.000000,0.000000,-0.069768,-0.007333,-0.077101,-0.007333,-0.077101,0,-13.474099,0.007333,-0.007333,-0.062435,-0.077101,-0.220000,-0.260000,0.311127,0.220000,0.080228,1
1772473279,885730924,-1.468738,-2.169514,-3.111269,0.617241,-1.421784,-1.193918,1,0.000000,0.000000,0.077449,-0.220000,0.085699,-0.200000,0.085699,-0.200000,0.000000,0.000000,-0.007333,-0.077101,-0.014667,-0.084435,-0.014667,-0.084435,0,-13.818660,0.000000,-0.014667,-0.069768,-0.084435,-0.200000,-0.240000,0.311127,0.220000,0.081208,1
1772473279,910876306,-1.468873,-2.167075,-3.116869,0.614992,-1.422739,-1.199519,1,0.000000,0.000000,0.085699,-0.200000,0.094368,-0.180000,0.094368,-0.180000,0.000000,0.000000,-0.014667,-0.084435,-0.022000,-0.091768,-0.022000,-0.091768,0,-13.965562,-0.007333,-0.022000,-0.077101,-0.091768,-0.180000,-0.220000,0.311127,0.220000,0.086808,1
1772473279,960976140,-1.468650,-2.163030,-3.127102,0.611208,-1.423664,-1.209270,1,0.000000,0.000000,0.094368,-0.180000,0.103352,-0.160000,0.103352,-0.160000,0.000000,0.000000,-0.022000,-0.091768,-0.029333,-0.099101,-0.029333,-0.099101,0,-14.301286,-0.014667,-0.029333,-0.084435,-0.099101,-0.160000,-0.200000,0.311127,0.220000,0.096560,1
