sec,nsec,x,y,yaw,map_x,map_y,map_yaw,map_pose_valid,v_real,w_real,v_now,w_now,v_cmd,w_cmd,v_nav,w_nav,velocity_violation,curvature,dw_v_max,dw_v_min,dw_w_max,dw_w_min,v_reg
1772478975,940489136,0.150215,-1.790800,2.556988,-1.403117,-0.411120,-1.308107,1,0.000000,0.000000,0.050000,0.017570,0.043838,-0.002430,0.043838,-0.002430,0,-0.055438,0.057333,0.042667,0.037570,-0.002430,0.220000
1772478975,965481571,0.150288,-1.790526,2.556812,-1.403353,-0.411277,-1.308283,1,0.000000,0.002217,0.043838,-0.002430,0.051171,-0.000400,0.051171,-0.000400,0,-0.007817,0.051171,0.036505,0.017570,-0.022430,0.220000
1772478976,15580598,0.150528,-1.790784,2.556467,-1.403362,-0.410925,-1.308627,1,0.007316,0.000000,0.051171,-0.000400,0.058505,-0.000894,0.058505,-0.000894,0,-0.015288,0.058505,0.043838,0.019600,-0.020400,0.220000
1772478976,40627866,0.149978,-1.791936,2.555294,-1.402187,-0.410426,-1.309800,1,0.014721,-0.010019,0.058505,-0.000894,0.065838,-0.013358,0.065838,-0.013358,0,-0.202890,0.065838,0.051171,0.019106,-0.020894,0.220000
1772478976,65595874,0.150611,-1.789740,2.554586,-1.404116,-0.411652,-1.310509,1,0.021616,0.005795,0.065838,-0.013358,0.058505,0.006642,0.058505,0.006642,0,0.170413,0.073171,0.058505,0.006642,-0.033358,0.220000
1772478976,115711909,0.148917,-1.789777,2.553149,-1.402822,-0.412746,-1.311945,1,0.029460,-0.013435,0.058505,0.006642,0.065838,0.002433,0.065838,0.002433,0,0.036947,0.065838,0.051171,0.026642,-0.013358,0.220000
1772478976,140767505,0.148281,-1.788337,2.553306,-1.403298,-0.414246,-1.311788,1,0.037653,0.019234,0.065838,0.002433,0.073171,0.012770,0.073171,0.012770,0,0.174526,0.073171,0.058505,0.022433,-0.017567,0.220000
1772478976,165771139,0.148002,-1.788892,2.553835,-1.402722,-0.414015,-1.311260,1,0.044726,0.001906,0.073171,0.012770,0.080505,0.005071,0.080505,0.005071,0,0.062987,0.080505,0.065838,0.032770,-0.007230,0.220000
1772478976,216097689,0.145918,-1.787727,2.555377,-1.401931,-0.416268,-1.309718,1,0.050986,0.004175,0.080505,0.005071,0.087838,0.000483,0.087838,0.000483,0,0.005499,0.087838,0.073171,0.025071,-0.014929,0.220000
1772478976,240879353,0.144255,-1.787438,2.554648,-1.400876,-0.417585,-1.310447,1,0.058467,-0.008304,0.087838,0.000483,0.095171,-0.008871,0.095171,-0.008871,0,-0.093207,0.095171,0.080505,0.020483,-0.019517,0.220000
1772478976,265921421,0.142559,-1.785144,2.555162,-1.401123,-0.420428,-1.309933,1,0.066034,0.005119,0.095171,-0.008871,0.102505,0.006047,0.102505,0.006047,0,0.058993,0.102505,0.087838,0.011129,-0.028871,0.220000
1772478976,315945606,0.139697,-1.784189,2.555183,-1.399610,-0.423038,-1.309911,1,0.073569,-0.006361,0.102505,0.006047,0.109838,-0.007725,0.109838,-0.007725,0,-0.070333,0.109838,0.095171,0.026047,-0.013953,0.220000
1772478976,341000568,0.139352,-1.784748,2.554623,-1.398982,-0.422847,-1.310471,1,0.080426,0.008412,0.109838,-0.007725,0.117171,-0.016066,0.117171,-0.016066,0,-0.137116,0.117171,0.102505,0.012275,-0.027725,0.220000
1772478976,366017063,0.137211,-1.781859,2.555155,-1.399289,-0.426430,-1.309940,1,0.088273,0.001667,0.117171,-0.016066,0.124505,0.002649,0.124505,0.002649,0,0.021274,0.124505,0.109838,0.003934,-0.036066,0.220000
1772478976,416085109,0.133766,-1.780947,2.554166,-1.397312,-0.429394,-1.310928,1,0.095718,0.002882,0.124505,0.002649,0.131838,-0.010115,0.131838,-0.010115,0,-0.076721,0.131838,0.117171,0.022649,-0.017351,0.220000
1772478976,441104502,0.131644,-1.778722,2.553799,-1.397194,-0.432466,-1.311295,1,0.102890,0.015510,0.131838,-0.010115,0.139171,-0.000233,0.139171,-0.000233,0,-0.001673,0.139171,0.124505,0.009885,-0.030115,0.220000
1772478976,466173622,0.129267,-1.778183,2.553175,-1.395769,-0.434444,-1.311919,1,0.110318,-0.005024,0.139171,-0.000233,0.146505,-0.007952,0.146505,-0.007952,0,-0.054280,0.146505,0.131838,0.019767,-0.020233,0.220000
1772478976,516185931,0.124577,-1.775071,2.552607,-1.394314,-0.439881,-1.312487,1,0.117712,0.002935,0.146505,-0.007952,0.153838,-0.005858,0.153838,-0.005858,0,-0.038080,0.153838,0.139171,0.012048,-0.027952,0.220000
1772478976,541253582,0.122689,-1.774420,2.552104,-1.393330,-0.441619,-1.312991,1,0.124577,-0.003824,0.153838,-0.005858,0.161171,-0.008801,0.161171,-0.008801,0,-0.054604,0.161171,0.146505,0.014142,-0.025858,0.220000
1772478976,566189638,0.120967,-1.772384,2.551281,-1.393387,-0.444285,-1.313814,1,0.131905,-0.013725,0.161171,-0.008801,0.168505,0.000000,0.168505,0.000000,0,0.000568,0.168505,0.153838,0.011199,-0.028801,0.220000
1772478976,616307043,0.114425,-1.766869,2.551709,-1.392136,-0.452749,-1.313385,1,0.139561,0.007543,0.168505,0.000000,0.175838,0.007837,0.175838,0.007837,0,0.044569,0.175838,0.161171,0.020000,-0.020000,0.220000
1772478976,641298053,0.112071,-1.765302,2.550693,-1.391409,-0.455482,-1.314401,1,0.146527,0.012084,0.175838,0.007837,0.183171,0.009572,0.183171,0.009572,0,0.052257,0.183171,0.168505,0.027837,-0.012163,0.220000
1772478976,666327859,0.107651,-1.763842,2.550129,-1.389062,-0.459503,-1.314965,1,0.163073,0.027337,0.183171,0.009572,0.190505,0.002134,0.190505,0.002134,0,0.011201,0.190505,0.175838,0.029572,-0.010428,0.220000
1772478976,691374569,0.106167,-1.762911,2.549976,-1.388567,-0.461183,-1.315119,1,0.161066,0.020185,0.190505,0.002134,0.197838,0.002096,0.197838,0.002096,0,0.010595,0.197838,0.183171,0.022134,-0.017866,0.220000
1772478976,741423700,0.098925,-1.758709,2.549919,-1.385920,-0.469127,-1.315175,1,0.168662,-0.009207,0.197838,0.002096,0.205171,-0.000570,0.205171,-0.000570,0,-0.002778,0.205171,0.190505,0.022096,-0.017904,0.220000
1772478976,766443619,0.095117,-1.756434,2.550386,-1.384572,-0.473352,-1.314709,1,0.175497,-0.013713,0.205171,-0.000570,0.212505,-0.002111,0.212505,-0.002111,0,-0.009934,0.212505,0.197838,0.019430,-0.020570,0.220000
1772478976,791436350,0.091201,-1.753504,2.549726,-1.383577,-0.478141,-1.315368,1,0.183581,-0.005258,0.212505,-0.002111,0.219838,0.001162,0.219838,0.001162,0,0.005286,0.219838,0.205171,0.017889,-0.022111,0.220000
1772478976,841478053,0.082930,-1.749002,2.548026,-1.380358,-0.486991,-1.317068,1,0.190616,-0.009970,0.219838,0.001162,0.220000,-0.000253,0.220000,-0.000253,0,-0.001148,0.220000,0.212505,0.021162,-0.018838,0.220000
1772478976,866536636,0.079842,-1.747701,2.546708,-1.378905,-0.490010,-1.318387,1,0.200307,-0.032688,0.220000,-0.000253,0.220000,-0.000680,0.220000,-0.000680,0,-0.003091,0.220000,0.212667,0.019747,-0.020253,0.220000
1772478976,891546306,0.075249,-1.742742,2.547317,-1.378746,-0.496768,-1.317778,1,0.208980,0.006412,0.220000,-0.000680,0.220000,0.006289,0.220000,0.006289,0,0.028589,0.220000,0.212667,0.019320,-0.020680,0.220000
1772478976,941541452,0.066918,-1.738200,2.545301,-1.375508,-0.505687,-1.319794,1,0.209747,-0.035388,0.220000,0.006289,0.220000,0.005510,0.220000,0.005510,0,0.025044,0.220000,0.212667,0.026289,-0.013711,0.220000
1772478976,966605122,0.062574,-1.734573,2.544539,-1.374654,-0.511281,-1.320556,1,0.211881,-0.042404,0.220000,0.005510,0.220000,0.009351,0.220000,0.009351,0,0.042503,0.220000,0.212667,0.025510,-0.014490,0.220000
1772478977,16655813,0.053372,-1.728907,2.542805,-1.371508,-0.521620,-1.322289,1,0.212515,-0.032586,0.220000,0.009351,0.220000,0.010211,0.220000,0.010211,0,0.046415,0.220000,0.212667,0.029351,-0.010649,0.220000
1772478977,41669580,0.048470,-1.725067,2.541687,-1.370376,-0.527743,-1.323407,1,0.212118,-0.025336,0.220000,0.010211,0.220000,0.013918,0.220000,0.013918,0,0.063265,0.220000,0.212667,0.030211,-0.009789,0.220000
1772478977,66669614,0.044187,-1.723472,2.540613,-1.368222,-0.531774,-1.324481,1,0.215553,-0.009891,0.220000,0.013918,0.220000,0.010923,0.220000,0.010923,0,0.049651,0.220000,0.212667,0.033918,-0.006082,0.220000
1772478977,91762095,0.040212,-1.719789,2.539769,-1.367681,-0.537165,-1.325325,1,0.218974,-0.013669,0.220000,0.010923,0.220000,0.015636,0.220000,0.015636,0,0.071075,0.220000,0.212667,0.030923,-0.009077,0.220000
1772478977,141747285,0.030032,-1.715021,2.539363,-1.363207,-0.547479,-1.325731,1,0.218497,-0.015001,0.220000,0.015636,0.220000,0.009474,0.220000,0.009474,0,0.043063,0.220000,0.212667,0.035636,-0.004364,0.220000
1772478977,166740395,0.026389,-1.712469,2.539103,-1.362166,-0.551803,-1.325991,1,0.220347,0.010595,0.220000,0.009474,0.220000,0.010329,0.220000,0.010329,0,0.046951,0.220000,0.212667,0.029474,-0.010526,0.220000
1772478977,191796946,0.021177,-1.707159,2.539958,-1.361775,-0.559233,-1.325137,1,0.221969,0.018011,0.220000,0.010329,0.220000,0.015459,0.220000,0.015459,0,0.070268,0.220000,0.212667,0.030329,-0.009671,0.220000
1772478977,241811084,0.013539,-1.703197,2.538852,-1.358674,-0.567259,-1.326242,1,0.219585,0.000000,0.220000,0.015459,0.220000,0.013258,0.220000,0.013258,0,0.060263,0.220000,0.212667,0.035459,-0.004541,0.220000
1772478977,267172915,0.007272,-1.699090,2.539557,-1.356696,-0.574486,-1.325538,1,0.219571,0.003359,0.220000,0.013258,0.220000,0.012181,0.220000,0.012181,0,0.055369,0.220000,0.212667,0.033258,-0.006742,0.220000
1772478977,291916688,0.003855,-1.696044,2.539732,-1.356152,-0.579031,-1.325363,1,0.219304,0.000000,0.220000,0.012181,0.220000,0.014611,0.220000,0.014611,0,0.066412,0.220000,0.212667,0.032181,-0.007819,0.220000
1772478977,341963610,-0.005170,-1.688158,2.540747,-1.354607,-0.590916,-1.324347,1,0.219924,0.025289,0.220000,0.014611,0.220000,0.019688,0.220000,0.019688,0,0.089491,0.220000,0.212667,0.034611,-0.005389,0.220000
1772478977,366930575,-0.009953,-1.688010,2.539863,-1.351120,-0.594194,-1.325231,1,0.220116,0.011750,0.220000,0.019688,0.220000,0.010694,0.220000,0.010694,0,0.048610,0.220000,0.212667,0.039688,-0.000312,0.220000
1772478977,417124862,-0.019136,-1.680986,2.540160,-1.348888,-0.605537,-1.324934,1,0.219780,0.009335,0.220000,0.010694,0.220000,0.013497,0.220000,0.013497,0,0.061348,0.220000,0.212667,0.030694,-0.009306,0.220000
1772478977,442068560,-0.023274,-1.676722,2.540570,-1.348609,-0.611472,-1.324524,1,0.220254,0.001903,0.220000,0.013497,0.220000,0.018082,0.220000,0.018082,0,0.082193,0.220000,0.212667,0.033497,-0.006503,0.220000
1772478977,467063227,-0.028361,-1.674971,2.540252,-1.345956,-0.616153,-1.324843,1,0.220026,0.000000,0.220000,0.018082,0.220000,0.013065,0.220000,0.013065,0,0.059388,0.220000,0.212667,0.038082,-0.001918,0.220000
1772478977,492130831,-0.032555,-1.672649,2.541293,-1.344351,-0.620669,-1.323801,1,0.219814,0.007949,0.220000,0.013065,0.220000,0.010153,0.220000,0.010153,0,0.046148,0.220000,0.212667,0.033065,-0.006935,0.220000
1772478977,542179505,-0.041958,-1.665340,2.542071,-1.342141,-0.632372,-1.323023,1,0.219564,-0.002846,0.220000,0.010153,0.220000,0.012786,0.220000,0.012786,0,0.058119,0.220000,0.212667,0.030153,-0.009847,0.220000
1772478977,567129402,-0.045463,-1.663910,2.541721,-1.340461,-0.635764,-1.323373,1,0.219625,0.010796,0.220000,0.012786,0.220000,0.010242,0.220000,0.010242,0,0.046557,0.220000,0.212667,0.032786,-0.007214,0.220000
1772478977,617200976,-0.055567,-1.656713,2.541539,-1.337653,-0.647847,-1.323555,1,0.220142,0.014984,0.220000,0.010242,0.220000,0.012209,0.220000,0.012209,0,0.055495,0.220000,0.212667,0.030242,-0.009758,0.220000
1772478977,642233882,-0.060435,-1.653595,2.541677,-1.336068,-0.653407,-1.323418,1,0.220679,0.017789,0.220000,0.012209,0.220000,0.011674,0.220000,0.011674,0,0.053066,0.220000,0.212667,0.032209,-0.007791,0.220000
1772478977,667280832,-0.064316,-1.650071,2.542702,-1.335492,-0.658617,-1.322392,1,0.219823,0.012608,0.220000,0.011674,0.220000,0.013533,0.220000,0.013533,0,0.061511,0.220000,0.212667,0.031674,-0.008326,0.220000
1772478977,692310067,-0.069114,-1.647919,2.543241,-1.333321,-0.663407,-1.321853,1,0.220009,0.005780,0.220000,0.013533,0.220000,0.009364,0.220000,0.009364,0,0.042562,0.220000,0.212667,0.033533,-0.006467,0.220000
1772478977,742373555,-0.079261,-1.643127,2.543966,-1.326597,-0.672313,-1.323541,1,0.220053,0.021274,0.220000,0.009364,0.220000,-0.005279,0.220000,-0.005279,0,-0.023997,0.220000,0.212667,0.029364,-0.010636,0.220000
1772478977,767370699,-0.084358,-1.638386,2.543780,-1.325932,-0.679242,-1.323726,1,0.219529,-0.008218,0.220000,-0.005279,0.220000,-0.000401,0.220000,-0.000401,0,-0.001825,0.220000,0.212667,0.014721,-0.025279,0.220000
1772478977,792406954,-0.088047,-1.637058,2.543228,-1.324055,-0.682684,-1.324279,1,0.219954,-0.010998,0.220000,-0.000401,0.220000,-0.003339,0.220000,-0.003339,0,-0.015177,0.220000,0.212667,0.019599,-0.020401,0.220000
1772478977,842522921,-0.099711,-1.630750,2.543202,-1.319519,-0.695144,-1.324305,1,0.220054,0.006831,0.220000,-0.003339,0.220000,-0.007922,0.220000,-0.007922,0,-0.036010,0.220000,0.212667,0.016661,-0.023339,0.220000
1772478977,867448722,-0.104070,-1.626720,2.543672,-1.318934,-0.701052,-1.323835,1,0.219897,-0.019589,0.220000,-0.007922,0.220000,-0.004647,0.220000,-0.004647,0,-0.021122,0.220000,0.212667,0.012078,-0.027922,0.220000
1772478977,917513550,-0.112272,-1.620494,2.543343,-1.316933,-0.711153,-1.324164,1,0.220182,-0.003573,0.220000,-0.004647,0.220000,-0.001404,0.220000,-0.001404,0,-0.006381,0.220000,0.212667,0.015353,-0.024647,0.220000
1772478977,942570563,-0.117659,-1.617722,2.543410,-1.314744,-0.716802,-1.324097,1,0.220099,-0.006916,0.220000,-0.001404,0.220000,-0.004106,0.220000,-0.004106,0,-0.018665,0.220000,0.212667,0.018596,-0.021404,0.220000
1772478977,967542086,-0.122718,-1.614352,2.543416,-1.313197,-0.722681,-1.324090,1,0.219699,-0.007693,0.220000,-0.004106,0.220000,-0.004023,0.220000,-0.004023,0,-0.018285,0.220000,0.212667,0.015894,-0.024106,0.220000
1772478977,992606337,-0.127401,-1.612480,2.543141,-1.310937,-0.727189,-1.324366,1,0.219844,0.000000,0.220000,-0.004023,0.220000,-0.007729,0.220000,-0.007729,0,-0.035132,0.220000,0.212667,0.015977,-0.024023,0.220000
1772478978,42665267,-0.136854,-1.605224,2.543091,-1.309612,-0.735836,-1.323012,1,0.219748,-0.009561,0.220000,-0.007729,0.220000,-0.005640,0.220000,-0.005640,0,-0.025638,0.220000,0.212667,0.012271,-0.027729,0.220000
1772478978,67612175,-0.142670,-1.603667,2.542377,-1.306289,-0.740857,-1.323726,1,0.220028,-0.016583,0.220000,-0.005640,0.220000,-0.012353,0.220000,-0.012353,0,-0.056151,0.220000,0.212667,0.014360,-0.025640,0.220000
1772478978,92681613,-0.147720,-1.599766,2.543185,-1.305092,-0.747124,-1.322918,1,0.219873,-0.021603,0.220000,-0.012353,0.220000,-0.011546,0.220000,-0.011546,0,-0.052482,0.220000,0.212667,0.007647,-0.032353,0.220000
1772478978,142700006,-0.157096,-1.594968,2.542595,-1.301252,-0.756931,-1.323508,1,0.220238,-0.011567,0.220000,-0.011546,0.220000,-0.015433,0.220000,-0.015433,0,-0.070148,0.220000,0.212667,0.008454,-0.031546,0.220000
1772478978,167726482,-0.162203,-1.593277,2.541943,-1.298548,-0.761583,-1.324160,1,0.220387,-0.009640,0.220000,-0.015433,0.220000,-0.020234,0.220000,-0.020234,0,-0.091971,0.220000,0.212667,0.004567,-0.035433,0.220000
1772478978,192712073,-0.166873,-1.587479,2.542611,-1.298893,-0.769020,-1.323492,1,0.219646,-0.003418,0.220000,-0.020234,0.220000,-0.012042,0.220000,-0.012042,0,-0.054737,0.220000,0.212667,-0.000234,-0.040234,0.220000
1772478978,242771555,-0.176534,-1.583530,2.542044,-1.294277,-0.778380,-1.324059,1,0.219450,-0.035368,0.220000,-0.012042,0.220000,-0.019560,0.220000,-0.019560,0,-0.088911,0.220000,0.212667,0.007958,-0.032042,0.220000
1772478978,267812929,-0.180694,-1.581477,2.541783,-1.292522,-0.782675,-1.324320,1,0.219442,-0.022883,0.220000,-0.019560,0.220000,-0.021566,0.220000,-0.021566,0,-0.098027,0.220000,0.212667,0.000440,-0.039560,0.220000
1772478978,292936377,-0.185658,-1.576374,2.541822,-1.292187,-0.789786,-1.324281,1,0.220000,-0.012969,0.220000,-0.021566,0.220000,-0.015297,0.220000,-0.015297,0,-0.069530,0.220000,0.212667,-0.001566,-0.041566,0.220000
1772478978,342853128,-0.194576,-1.570579,2.541605,-1.291417,-0.796104,-1.324765,1,0.219904,-0.037480,0.220000,-0.015297,0.220000,-0.011048,0.220000,-0.011048,0,-0.050216,0.220000,0.212667,0.004703,-0.035297,0.220000
1772478978,367867421,-0.199643,-1.569205,2.541325,-1.288534,-0.800492,-1.325045,1,0.220330,-0.013332,0.220000,-0.011048,0.220000,-0.017300,0.220000,-0.017300,0,-0.078638,0.220000,0.212667,0.008952,-0.031048,0.220000
1772478978,392928300,-0.204318,-1.566943,2.541341,-1.286534,-0.805285,-1.325029,1,0.219852,-0.012336,0.220000,-0.017300,0.220000,-0.020142,0.220000,-0.020142,0,-0.091553,0.220000,0.212667,0.002700,-0.037300,0.220000
1772478978,442926240,-0.213619,-1.561005,2.541162,-1.283507,-0.815897,-1.325207,1,0.219435,-0.010054,0.220000,-0.020142,0.220000,-0.020702,0.220000,-0.020702,0,-0.094098,0.220000,0.212667,-0.000142,-0.040142,0.220000
1772478978,468016292,-0.218991,-1.557688,2.541235,-1.281685,-0.821941,-1.325135,1,0.219752,-0.020062,0.220000,-0.020702,0.220000,-0.021476,0.220000,-0.021476,0,-0.097616,0.220000,0.212667,-0.000702,-0.040702,0.220000
1772478978,492982197,-0.222857,-1.553425,2.540968,-1.281616,-0.827697,-1.325402,1,0.220117,-0.021492,0.220000,-0.021476,0.220000,-0.015270,0.220000,-0.015270,0,-0.069408,0.220000,0.212667,-0.001476,-0.041476,0.220000
1772478978,543017228,-0.232550,-1.547002,2.540978,-1.278618,-0.838930,-1.325392,1,0.220011,-0.025042,0.220000,-0.015270,0.220000,-0.015195,0.220000,-0.015195,0,-0.069070,0.220000,0.212667,0.004730,-0.035270,0.220000
1772478978,567996705,-0.237526,-1.544305,2.540384,-1.276681,-0.844248,-1.325986,1,0.219516,-0.013842,0.220000,-0.015195,0.220000,-0.016508,0.220000,-0.016508,0,-0.075037,0.220000,0.212667,0.004805,-0.035195,0.220000
1772478978,593024965,-0.242698,-1.541932,2.539887,-1.274354,-0.849521,-1.326610,1,0.219916,-0.015775,0.220000,-0.016508,0.220000,-0.019125,0.220000,-0.019125,0,-0.086931,0.220000,0.212667,0.003492,-0.036508,0.220000
1772478978,643061500,-0.251488,-1.536197,2.539815,-1.270765,-0.861626,-1.330462,1,0.220322,-0.012104,0.220000,-0.019125,0.220000,-0.015266,0.220000,-0.015266,0,-0.069389,0.220000,0.212667,0.000875,-0.039125,0.220000
1772478978,668134228,-0.257246,-1.533240,2.539684,-1.268439,-0.867666,-1.330593,1,0.219715,-0.026992,0.220000,-0.015266,0.220000,-0.017917,0.220000,-0.017917,0,-0.081441,0.220000,0.212667,0.004734,-0.035266,0.220000
1772478978,718131758,-0.264969,-1.527428,2.539072,-1.266547,-0.877146,-1.331205,1,0.219809,-0.016946,0.220000,-0.017917,0.220000,-0.014504,0.220000,-0.014504,0,-0.065926,0.220000,0.212667,0.002083,-0.037917,0.220000
1772478978,743135635,-0.270623,-1.525784,2.538865,-1.263423,-0.882137,-1.331412,1,0.220026,-0.020065,0.220000,-0.014504,0.220000,-0.021129,0.220000,-0.021129,0,-0.096041,0.220000,0.212667,0.005496,-0.034504,0.220000
1772478978,768217942,-0.273826,-1.520062,2.539477,-1.264844,-0.888539,-1.330800,1,0.219957,-0.021882,0.220000,-0.021129,0.220000,-0.009689,0.220000,-0.009689,0,-0.044040,0.220000,0.212667,-0.001129,-0.041129,0.220000
1772478978,793190247,-0.278942,-1.517872,2.538903,-1.262486,-0.893579,-1.331373,1,0.219752,-0.016654,0.220000,-0.009689,0.220000,-0.012892,0.220000,-0.012892,0,-0.058599,0.220000,0.212667,0.010311,-0.029689,0.220000
1772478978,843204022,-0.288132,-1.511578,2.538915,-1.259821,-0.904394,-1.331361,1,0.220479,-0.006102,0.220000,-0.012892,0.220000,-0.011894,0.220000,-0.011894,0,-0.054064,0.220000,0.212667,0.007108,-0.032892,0.220000
1772478978,868194317,-0.292918,-1.509183,2.538725,-1.257856,-0.909248,-1.331594,1,0.219892,-0.014046,0.220000,-0.011894,0.220000,-0.014187,0.220000,-0.014187,0,-0.064485,0.220000,0.212667,0.008106,-0.031894,0.220000
1772478978,893240112,-0.297380,-1.504917,2.539374,-1.257759,-0.911509,-1.332296,1,0.220609,-0.013846,0.220000,-0.014187,0.220000,-0.011226,0.220000,-0.011226,0,-0.051029,0.220000,0.212667,0.005813,-0.034187,0.220000
1772478978,943281310,-0.306405,-1.498833,2.539609,-1.255091,-0.922061,-1.332061,1,0.219676,-0.016818,0.220000,-0.011226,0.220000,-0.010956,0.220000,-0.010956,0,-0.049798,0.220000,0.212667,0.008774,-0.031226,0.220000
1772478978,968269971,-0.310885,-1.495061,2.539599,-1.254269,-0.927860,-1.332071,1,0.219970,-0.014521,0.220000,-0.010956,0.220000,-0.007993,0.220000,-0.007993,0,-0.036334,0.220000,0.212667,0.009044,-0.030956,0.220000
1772478978,993312866,-0.315388,-1.491491,2.539809,-1.253295,-0.933523,-1.331861,1,0.219659,-0.004296,0.220000,-0.007993,0.220000,-0.006191,0.220000,-0.006191,0,-0.028143,0.220000,0.212667,0.012007,-0.027993,0.220000
1772478979,43351803,-0.325387,-1.486663,2.539714,-1.249064,-0.943789,-1.331956,1,0.220037,-0.001133,0.220000,-0.006191,0.220000,-0.011736,0.220000,-0.011736,0,-0.053347,0.220000,0.212667,0.013809,-0.026191,0.220000
1772478979,68326875,-0.330621,-1.483354,2.539906,-1.247372,-0.949745,-1.331764,1,0.220263,-0.008672,0.220000,-0.011736,0.220000,-0.012345,0.220000,-0.012345,0,-0.056111,0.220000,0.212667,0.008264,-0.031736,0.220000
1772478979,93389476,-0.334765,-1.481543,2.539520,-1.245491,-0.953858,-1.332150,1,0.219779,-0.012734,0.220000,-0.012345,0.220000,-0.014918,0.220000,-0.014918,0,-0.067808,0.220000,0.212667,0.007655,-0.032345,0.220000
1772478979,143410228,-0.344472,-1.472784,2.540872,-1.244203,-0.966712,-1.330789,1,0.220591,-0.010602,0.220000,-0.014918,0.220000,-0.008208,0.220000,-0.008208,0,-0.037309,0.220000,0.212667,0.005082,-0.034918,0.220000
1772478979,168398716,-0.349096,-1.470706,2.540321,-1.245644,-0.966318,-1.331036,1,0.219624,-0.012260,0.220000,-0.008208,0.220000,-0.002727,0.220000,-0.002727,0,-0.012393,0.220000,0.212667,0.011792,-0.028208,0.220000
1772478979,193516900,-0.355224,-1.468387,2.541006,-1.242624,-0.972132,-1.330351,1,0.219838,-0.005113,0.220000,-0.002727,0.220000,-0.009301,0.220000,-0.009301,0,-0.042277,0.220000,0.212667,0.017273,-0.022727,0.220000
1772478979,243533657,-0.362897,-1.461160,2.541122,-1.241722,-0.982634,-1.330235,1,0.219523,-0.008927,0.220000,-0.009301,0.220000,-0.001987,0.220000,-0.001987,0,-0.009031,0.220000,0.212667,0.010699,-0.029301,0.220000
1772478979,268499421,-0.368103,-1.458034,2.541404,-1.239927,-0.988434,-1.329953,1,0.221120,-0.010723,0.220000,-0.001987,0.220000,-0.003211,0.220000,-0.003211,0,-0.014595,0.220000,0.212667,0.018013,-0.021987,0.220000
1772478979,293570065,-0.372833,-1.454768,2.541706,-1.238579,-0.994022,-1.329651,1,0.220029,-0.006867,0.220000,-0.003211,0.220000,-0.003011,0.220000,-0.003011,0,-0.013687,0.220000,0.212667,0.016789,-0.023211,0.220000
1772478979,343488355,-0.382326,-1.448360,2.541955,-1.235775,-1.005127,-1.329403,1,0.219897,-0.001806,0.220000,-0.003011,0.220000,-0.002645,0.220000,-0.002645,0,-0.012022,0.220000,0.212667,0.016989,-0.023011,0.220000
1772478979,368552570,-0.387171,-1.443771,2.543004,-1.235224,-1.011778,-1.328353,1,0.219497,-0.002780,0.220000,-0.002645,0.220000,0.000743,0.220000,0.000743,0,0.003376,0.220000,0.212667,0.017355,-0.022645,0.220000
1772478979,393523036,-0.390838,-1.440070,2.542884,-1.234958,-1.016980,-1.328473,1,0.219623,0.001980,0.220000,0.000743,0.220000,0.005356,0.220000,0.005356,0,0.024347,0.220000,0.212667,0.020743,-0.019257,0.220000
1772478979,443578093,-0.400291,-1.435952,2.543164,-1.232392,-1.025096,-1.326941,1,0.219758,-0.003501,0.220000,0.005356,0.220000,0.001820,0.220000,0.001820,0,0.008273,0.220000,0.212667,0.025356,-0.014644,0.220000
1772478979,468608172,-0.404028,-1.432634,2.543695,-1.231813,-1.030059,-1.326409,1,0.220303,-0.001182,0.220000,0.001820,0.220000,0.004083,0.220000,0.004083,0,0.018561,0.220000,0.212667,0.021820,-0.018180,0.220000
1772478979,493609268,-0.408960,-1.426920,2.544855,-1.231937,-1.037607,-1.325249,1,0.220653,0.005224,0.220000,0.004083,0.220000,0.010941,0.220000,0.010941,0,0.049732,0.220000,0.212667,0.024083,-0.015917,0.220000
1772478979,543624513,-0.417426,-1.421522,2.545114,-1.229215,-1.047271,-1.324990,1,0.219860,0.003161,0.220000,0.010941,0.220000,0.010111,0.220000,0.010111,0,0.045958,0.220000,0.212667,0.030941,-0.009059,0.220000
1772478979,568687057,-0.422292,-1.418772,2.545243,-1.227414,-1.052563,-1.324861,1,0.219495,0.019478,0.220000,0.010111,0.220000,0.008455,0.220000,0.008455,0,0.038431,0.220000,0.212667,0.030111,-0.009889,0.220000
1772478979,593663926,-0.426401,-1.414784,2.546294,-1.227003,-1.058273,-1.323810,1,0.219733,0.017851,0.220000,0.008455,0.220000,0.011458,0.220000,0.011458,0,0.052080,0.220000,0.212667,0.028455,-0.011545,0.220000
1772478979,643726916,-0.437410,-1.407209,2.548009,-1.223832,-1.071255,-1.322096,1,0.220620,0.008065,0.220000,0.011458,0.212667,0.031458,0.212667,0.031458,0,1.794687,0.220000,0.212667,0.031458,-0.008542,0.220000
1772478979,668773693,-0.442335,-1.405874,2.548374,-1.221046,-1.075530,-1.321730,1,0.219617,0.012369,0.212667,0.031458,0.205333,0.051458,0.205333,0.051458,0,2.043595,0.220000,0.205333,0.051458,0.011458,0.220000
1772478979,693735432,-0.447861,-1.402748,2.549008,-1.219087,-1.081549,-1.321079,1,0.213096,0.030485,0.205333,0.051458,0.198000,0.071458,0.198000,0.071458,0,1.926770,0.212667,0.198000,0.071458,0.031458,0.220000
1772478979,743788971,-0.458044,-1.398082,2.550696,-1.217828,-1.092094,-1.318739,1,0.205517,0.062781,0.198000,0.071458,0.190667,0.091458,0.190667,0.091458,0,1.959456,0.205333,0.190667,0.091458,0.051458,0.220000
1772478979,768808541,-0.461500,-1.394578,2.552362,-1.217579,-1.097009,-1.317073,1,0.198105,0.080726,0.190667,0.091458,0.183333,0.111458,0.183333,0.111458,0,1.522881,0.198000,0.183333,0.111458,0.071458,0.220000
1772478979,793851273,-0.465665,-1.391095,2.554821,-1.216786,-1.102380,-1.314614,1,0.190401,0.091908,0.183333,0.111458,0.190667,0.117589,0.190667,0.117589,0,0.616728,0.190667,0.176000,0.131458,0.091458,0.220000
1772478979,843895313,-0.473980,-1.387095,2.559504,-1.213239,-1.110898,-1.309931,1,0.183098,0.117608,0.190667,0.117589,0.198000,0.097589,0.198000,0.097589,0,-0.039035,0.198000,0.183333,0.137589,0.097589,0.220000
1772478979,868872297,-0.477096,-1.385545,2.561547,-1.211944,-1.114129,-1.307888,1,0.190551,0.122127,0.198000,0.097589,0.190667,0.117589,0.190667,0.117589,0,2.145021,0.205333,0.190667,0.117589,0.077589,0.220000
1772478979,893926174,-0.481727,-1.382488,2.564440,-1.210520,-1.119492,-1.304995,1,0.197633,0.099547,0.190667,0.117589,0.183333,0.137589,0.183333,0.137589,0,2.936314,0.198000,0.183333,0.137589,0.097589,0.220000
1772478979,943963662,-0.489690,-1.377164,2.570182,-1.208117,-1.128764,-1.299254,1,0.190295,0.113821,0.183333,0.137589,0.176000,0.157589,0.176000,0.157589,0,2.997163,0.190667,0.176000,0.157589,0.117589,0.220000
1772478979,968995337,-0.494483,-1.375276,2.572734,-1.205807,-1.133576,-1.296599,1,0.174359,0.146431,0.176000,0.157589,0.168667,0.177589,0.168667,0.177589,0,1.995783,0.183333,0.168667,0.177589,0.137589,0.220000
1772478979,994057834,-0.498124,-1.371387,2.576896,-1.206103,-1.146045,-1.289009,1,0.176118,0.150594,0.168667,0.177589,0.161333,0.197589,0.161333,0.197589,0,3.050377,0.176000,0.161333,0.197589,0.157589,0.220000
1772478980,44086019,-0.505226,-1.368084,2.584432,-1.202971,-1.153225,-1.281473,1,0.168645,0.172766,0.161333,0.197589,0.154000,0.217589,0.154000,0.217589,0,2.960310,0.168667,0.154000,0.217589,0.177589,0.220000
1772478980,69199272,-0.508108,-1.364642,2.589595,-1.203094,-1.157712,-1.276310,1,0.151712,0.221746,0.154000,0.217589,0.146667,0.197589,0.146667,0.197589,0,-0.264489,0.161333,0.146667,0.237589,0.197589,0.220000
1772478980,94096992,-0.512415,-1.363729,2.593656,-1.200474,-1.161250,-1.272249,1,0.153061,0.218703,0.146667,0.197589,0.139333,0.217589,0.139333,0.217589,0,1.677802,0.154000,0.139333,0.217589,0.177589,0.220000
1772478980,144193998,-0.518133,-1.359434,2.603721,-1.199037,-1.168255,-1.262184,1,0.147094,0.183218,0.139333,0.217589,0.146667,0.198541,0.146667,0.198541,0,1.353688,0.146667,0.132000,0.237589,0.197589,0.220000
1772478980,169260555,-0.521600,-1.358066,2.609124,-1.197347,-1.171578,-1.256780,1,0.148449,0.198190,0.146667,0.198541,0.139333,0.218541,0.139333,0.218541,0,2.204175,0.154000,0.139333,0.218541,0.178541,0.220000
1772478980,194320979,-0.525213,-1.355973,2.614066,-1.196027,-1.175539,-1.251839,1,0.146985,0.222507,0.139333,0.218541,0.132000,0.238541,0.132000,0.238541,0,2.448833,0.146667,0.132000,0.238541,0.198541,0.220000
1772478980,244328532,-0.530596,-1.353485,2.624622,-1.193659,-1.180844,-1.241220,1,0.139721,0.226455,0.132000,0.238541,0.139333,0.246998,0.139333,0.246998,0,1.772716,0.139333,0.124667,0.258541,0.218541,0.220000
1772478980,269387309,-0.534752,-1.350969,2.629774,-1.192658,-1.181674,-1.234143,1,0.140008,0.256331,0.139333,0.246998,0.136778,0.266998,0.136778,0.266998,0,1.952060,0.146667,0.132000,0.266998,0.226998,0.220000
1772478980,294425173,-0.536481,-1.349052,2.634750,-1.192630,-1.184255,-1.229167,1,0.139329,0.239365,0.136778,0.266998,0.133450,0.286998,0.133450,0.286998,0,2.150601,0.144111,0.129444,0.286998,0.246998,0.220000
1772478980,344460367,-0.542547,-1.347491,2.647789,-1.189110,-1.189437,-1.216129,1,0.137309,0.277586,0.133450,0.286998,0.126117,0.306998,0.126117,0.306998,0,2.489037,0.140784,0.126117,0.306998,0.266998,0.220000
1772478980,369516738,-0.545795,-1.345082,2.654321,-1.188266,-1.193392,-1.209596,1,0.124983,0.297953,0.126117,0.306998,0.118784,0.286998,0.118784,0.286998,0,-1.313255,0.133450,0.118784,0.326998,0.286998,0.220000
1772478980,394530153,-0.548518,-1.344603,2.661320,-1.186540,-1.195551,-1.202598,1,0.126292,0.302920,0.118784,0.286998,0.126117,0.266998,0.126117,0.266998,0,0.642871,0.126117,0.111450,0.306998,0.266998,0.220000
1772478980,444631633,-0.554701,-1.340926,2.676145,-1.184332,-1.202398,-1.187773,1,0.118563,0.289577,0.126117,0.266998,0.118784,0.246998,0.118784,0.246998,0,-1.733902,0.133450,0.118784,0.286998,0.246998,0.220000
1772478980,469629658,-0.557449,-1.339703,2.682621,-1.183078,-1.205132,-1.181296,1,0.117043,0.253704,0.118784,0.246998,0.111450,0.226998,0.111450,0.226998,0,-1.866408,0.126117,0.111450,0.266998,0.226998,0.220000
1772478980,494674483,-0.559623,-1.338676,2.689016,-1.182126,-1.207339,-1.174902,1,0.118686,0.252229,0.111450,0.226998,0.118784,0.206998,0.118784,0.206998,0,0.809381,0.118784,0.104117,0.246998,0.206998,0.220000
1772478980,544744577,-0.565352,-1.335122,2.701630,-1.180261,-1.213901,-1.162279,1,0.111580,0.223370,0.118784,0.206998,0.111450,0.186998,0.111450,0.186998,0,-2.234444,0.126117,0.111450,0.226998,0.186998,0.220000
1772478980,569734932,-0.567885,-1.333681,2.706972,-1.181096,-1.218960,-1.156737,1,0.111293,0.188308,0.111450,0.186998,0.118784,0.166998,0.118784,0.166998,0,0.859338,0.118784,0.104117,0.206998,0.166998,0.220000
1772478980,594823422,-0.571095,-1.332445,2.711718,-1.179504,-1.222009,-1.151990,1,0.111364,0.183084,0.118784,0.166998,0.111450,0.186998,0.111450,0.186998,0,1.751050,0.126117,0.111450,0.186998,0.146998,0.220000
1772478980,644832045,-0.576587,-1.330238,2.720216,-1.176842,-1.227295,-1.143492,1,0.110175,0.176920,0.111450,0.186998,0.104117,0.206998,0.104117,0.206998,0,2.553062,0.118784,0.104117,0.206998,0.166998,0.220000
1772478980,669826865,-0.578912,-1.329464,2.723494,-1.175609,-1.229413,-1.140215,1,0.103003,0.201983,0.104117,0.206998,0.111450,0.186998,0.111450,0.186998,0,0.475533,0.111450,0.096784,0.226998,0.186998,0.220000
1772478980,694875668,-0.581795,-1.328482,2.728021,-1.174094,-1.232055,-1.135688,1,0.103783,0.194124,0.111450,0.186998,0.118784,0.206695,0.118784,0.206695,0,1.740095,0.118784,0.104117,0.206998,0.166998,0.220000
1772478980,744903526,-0.586817,-1.326035,2.737098,-1.171943,-1.237210,-1.126611,1,0.120337,0.197072,0.118784,0.206695,0.111450,0.226695,0.111450,0.226695,0,5.083911,0.126117,0.111450,0.226695,0.186695,0.220000
1772478980,769960198,-0.589111,-1.325459,2.741749,-1.170602,-1.239159,-1.121960,1,0.109463,0.219816,0.111450,0.226695,0.104117,0.246695,0.104117,0.246695,0,4.256152,0.118784,0.104117,0.246695,0.206695,0.220000
1772478980,795014360,-0.590705,-1.323975,2.747801,-1.170387,-1.241327,-1.115907,1,0.111015,0.230819,0.104117,0.246695,0.096784,0.266695,0.096784,0.266695,0,4.646868,0.111450,0.096784,0.266695,0.226695,0.220000
1772478980,845047986,-0.596384,-1.324093,2.758113,-1.167458,-1.245726,-1.108027,1,0.095638,0.257092,0.096784,0.266695,0.104117,0.254720,0.104117,0.254720,0,2.446476,0.104117,0.089450,0.286695,0.246695,0.220000
1772478980,870028319,-0.600401,-1.322264,2.764587,-1.165662,-1.249759,-1.101553,1,0.105196,0.259188,0.104117,0.254720,0.096784,0.274720,0.096784,0.274720,0,5.012734,0.111450,0.096784,0.274720,0.234720,0.220000
1772478980,895063858,-0.602617,-1.320079,2.772052,-1.165451,-1.252864,-1.094088,1,0.103896,0.258015,0.096784,0.274720,0.089450,0.294720,0.089450,0.294720,0,5.176783,0.104117,0.089450,0.294720,0.254720,0.220000
1772478980,945278250,-0.605983,-1.318426,2.784645,-1.164026,-1.256332,-1.081495,1,0.087706,0.287079,0.089450,0.294720,0.096784,0.274720,0.096784,0.274720,0,2.290842,0.096784,0.082117,0.314720,0.274720,0.220000
1772478980,970132754,-0.607980,-1.318297,2.791851,-1.162617,-1.257752,-1.074289,1,0.096462,0.270452,0.096784,0.274720,0.089450,0.294720,0.089450,0.294720,0,4.770009,0.104117,0.089450,0.294720,0.254720,0.220000
1772478980,995201709,-0.609059,-1.319457,2.798542,-1.161040,-1.257599,-1.067598,1,0.096482,0.272681,0.089450,0.294720,0.082117,0.314720,0.082117,0.314720,0,4.728504,0.096784,0.082117,0.314720,0.274720,0.220000
1772478981,45290761,-0.612314,-1.314630,2.812934,-1.161802,-1.263371,-1.053206,1,0.081108,0.294797,0.082117,0.314720,0.089450,0.294720,0.089450,0.294720,0,1.313519,0.089450,0.074784,0.334720,0.294720,0.220000
1772478981,70273509,-0.615663,-1.315067,2.819524,-1.159004,-1.265264,-1.046616,1,0.089084,0.312892,0.089450,0.294720,0.082117,0.314720,0.082117,0.314720,0,4.574659,0.096784,0.082117,0.314720,0.274720,0.220000
1772478981,95319794,-0.617038,-1.315029,2.827346,-1.158000,-1.266203,-1.038795,1,0.089609,0.298189,0.082117,0.314720,0.074784,0.334720,0.074784,0.334720,0,4.785892,0.089450,0.074784,0.334720,0.294720,0.220000
1772478981,145346066,-0.621664,-1.313573,2.842380,-1.155501,-1.270360,-1.023760,1,0.073745,0.323504,0.074784,0.334720,0.067450,0.314720,0.067450,0.314720,0,-0.202820,0.082117,0.067450,0.354720,0.314720,0.220000
1772478981,170406908,-0.623473,-1.311533,2.850205,-1.155745,-1.272941,-1.016068,1,0.067358,0.321565,0.067450,0.314720,0.074784,0.294720,0.074784,0.294720,0,0.678237,0.074784,0.060117,0.334720,0.294720,0.220000
1772478981,195443229,-0.625303,-1.311285,2.857943,-1.159697,-1.271321,-1.011107,1,0.066989,0.317861,0.074784,0.294720,0.067450,0.274720,0.067450,0.274720,0,-0.920240,0.082117,0.067450,0.314720,0.274720,0.220000
1772478981,245482468,-0.628471,-1.310377,2.873647,-1.157935,-1.274106,-0.995403,1,0.066039,0.267233,0.067450,0.274720,0.074784,0.254720,0.074784,0.254720,0,0.580480,0.074784,0.060117,0.294720,0.254720,0.220000
1772478981,270551928,-0.630158,-1.309790,2.880884,-1.157065,-1.275666,-0.988166,1,0.074639,0.253363,0.074784,0.254720,0.082117,0.234720,0.082117,0.234720,0,1.949353,0.082117,0.067450,0.274720,0.234720,0.220000
1772478981,295641256,-0.631392,-1.308813,2.888211,-1.156793,-1.277216,-0.980839,1,0.082836,0.243727,0.082117,0.234720,0.074784,0.254720,0.074784,0.254720,0,4.834282,0.089450,0.074784,0.254720,0.214720,0.220000
1772478981,345583737,-0.635283,-1.307251,2.900100,-1.154926,-1.280970,-0.968949,1,0.074598,0.242199,0.074784,0.254720,0.078024,0.274720,0.078024,0.274720,0,3.520971,0.082117,0.067450,0.274720,0.234720,0.220000
1772478981,370635762,-0.638371,-1.308599,2.906449,-1.151723,-1.282017,-0.962601,1,0.074635,0.259194,0.078024,0.274720,0.074248,0.294720,0.074248,0.294720,0,3.969394,0.085357,0.070691,0.294720,0.254720,0.220000
1772478981,395605638,-0.640184,-1.307276,2.911971,-1.151368,-1.284425,-0.957028,1,0.074150,0.253216,0.074248,0.294720,0.071325,0.314720,0.071325,0.314720,0,4.412503,0.081581,0.066915,0.314720,0.274720,0.220000
1772478981,445690521,-0.644585,-1.306661,2.924003,-1.151142,-1.292588,-0.943860,1,0.070931,0.281821,0.071325,0.314720,0.063991,0.334720,0.063991,0.334720,0,6.042119,0.078658,0.063991,0.334720,0.294720,0.220000
1772478981,470667853,-0.645897,-1.306909,2.931315,-1.149996,-1.293274,-0.936547,1,0.063764,0.320310,0.063991,0.334720,0.057713,0.354720,0.057713,0.354720,0,6.146275,0.071325,0.056658,0.354720,0.314720,0.220000
1772478981,495728917,-0.646707,-1.306201,2.939259,-1.149861,-1.294341,-0.928604,1,0.064357,0.323761,0.057713,0.354720,0.059854,0.374720,0.059854,0.374720,0,6.260582,0.065046,0.050380,0.374720,0.334720,0.220000
1772478981,545802590,-0.649905,-1.305274,2.955138,-1.148085,-1.297158,-0.912724,1,0.057149,0.337859,0.059854,0.374720,0.058826,0.394720,0.058826,0.394720,0,6.709957,0.067187,0.052520,0.394720,0.354720,0.220000
1772478981,570809388,-0.651651,-1.304984,2.963659,-1.146972,-1.298534,-0.904203,1,0.059886,0.358892,0.058826,0.394720,0.059953,0.414720,0.059953,0.414720,0,6.917457,0.066159,0.051493,0.414720,0.374720,0.220000
1772478981,595848116,-0.652981,-1.305204,2.972448,-1.145832,-1.299253,-0.895415,1,0.058495,0.374163,0.059953,0.414720,0.062276,0.434720,0.062276,0.434720,0,6.980517,0.067286,0.052619,0.434720,0.394720,0.220000
1772478981,645924649,-0.654778,-1.304079,2.992618,-1.145300,-1.300360,-0.874472,1,0.060268,0.422497,0.062276,0.434720,0.066072,0.454720,0.066072,0.454720,0,6.882192,0.069609,0.054943,0.454720,0.414720,0.220000
1772478981,670960371,-0.655690,-1.303105,3.003002,-1.145264,-1.301693,-0.864088,1,0.061956,0.445699,0.066072,0.454720,0.068048,0.474720,0.068048,0.474720,0,6.976238,0.073405,0.058739,0.474720,0.434720,0.220000
1772478981,695939783,-0.657404,-1.303857,3.013619,-1.143482,-1.302268,-0.853471,1,0.067159,0.444265,0.068048,0.474720,0.070615,0.494720,0.070615,0.494720,0,7.005877,0.075381,0.060715,0.494720,0.454720,0.220000
1772478981,746051972,-0.660773,-1.302864,3.035736,-1.141621,-1.305246,-0.831354,1,0.068104,0.479192,0.070615,0.494720,0.070471,0.514720,0.070471,0.514720,0,7.304031,0.077948,0.063282,0.514720,0.474720,0.220000
1772478981,771134746,-0.661360,-1.303304,3.047415,-1.140890,-1.305306,-0.819675,1,0.071108,0.509720,0.070471,0.514720,0.074707,0.534720,0.074707,0.534720,0,7.157527,0.077804,0.063137,0.534720,0.494720,0.220000
1772478981,796128244,-0.663321,-1.303357,3.059553,-1.139387,-1.306568,-0.807537,1,0.070484,0.497998,0.074707,0.534720,0.076345,0.554720,0.076345,0.554720,0,7.265944,0.082041,0.067374,0.554720,0.514720,0.220000
1772478981,846226827,-0.667068,-1.302832,3.084287,-1.136932,-1.309447,-0.782803,1,0.074664,0.544078,0.076345,0.554720,0.075915,0.574720,0.075915,0.574720,0,7.570605,0.083678,0.069012,0.574720,0.534720,0.220000
1772478981,871290874,-0.669803,-1.303471,3.097903,-1.134611,-1.310859,-0.769189,1,0.076761,0.568373,0.075915,0.574720,0.076591,0.594720,0.076591,0.594720,0,7.764889,0.083248,0.068581,0.594720,0.554720,0.220000
1772478981,896322975,-0.671373,-1.302275,3.111782,-1.137041,-1.314200,-0.755357,1,0.076057,0.562731,0.076591,0.594720,0.075489,0.600000,0.075489,0.600000,0,7.948169,0.083924,0.069258,0.600000,0.574720,0.220000
1772478981,946405825,-0.675691,-1.302790,3.140446,-1.133469,-1.316680,-0.726693,1,0.076993,0.586888,0.075489,0.600000,0.074669,0.600000,0.074669,0.600000,0,8.035421,0.082822,0.068156,0.600000,0.580000,0.220000
1772478981,971446137,-0.676849,-1.302743,-3.128260,-1.132634,-1.317483,-0.712214,1,0.075650,0.591603,0.074669,0.600000,0.075439,0.600000,0.075439,0.600000,0,7.953488,0.082003,0.067336,0.600000,0.580000,0.220000
1772478981,996471060,-0.679841,-1.303499,-3.113193,-1.129894,-1.318903,-0.697146,1,0.074276,0.590256,0.075439,0.600000,0.074659,0.600000,0.074659,0.600000,0,8.036556,0.082772,0.068105,0.600000,0.580000,0.220000
1772478982,46583485,-0.683594,-1.303519,-3.083963,-1.127073,-1.321379,-0.667917,1,0.075561,0.613847,0.074659,0.600000,0.074341,0.600000,0.074341,0.600000,0,8.070945,0.081992,0.067326,0.600000,0.580000,0.220000
1772478982,71634804,-0.685547,-1.302880,-3.068350,-1.126178,-1.323364,-0.652319,1,0.074633,0.588351,0.074341,0.600000,0.073480,0.600000,0.073480,0.600000,0,8.165512,0.081674,0.067007,0.600000,0.580000,0.220000
1772478982,96662901,-0.687771,-1.303241,-3.053310,-1.126756,-1.328245,-0.637532,1,0.074322,0.588657,0.073480,0.600000,0.069410,0.600000,0.069410,0.600000,0,8.644315,0.080813,0.066146,0.600000,0.580000,0.220000
1772478982,146789269,-0.691465,-1.303632,-3.023542,-1.123734,-1.330404,-0.607764,1,0.073376,0.615848,0.069410,0.600000,0.069412,0.600000,0.069412,0.600000,0,8.644049,0.076743,0.062076,0.600000,0.580000,0.220000
1772478982,171796339,-0.693142,-1.304296,-3.008716,-1.122039,-1.331021,-0.592938,1,0.069581,0.587090,0.069412,0.600000,0.070014,0.600000,0.070014,0.600000,0,8.569683,0.076745,0.062079,0.600000,0.580000,0.220000
1772478982,196905286,-0.695217,-1.304544,-2.993811,-1.120322,-1.332213,-0.578033,1,0.069022,0.598753,0.070014,0.600000,0.069937,0.600000,0.069937,0.600000,0,8.579169,0.077348,0.062681,0.600000,0.580000,0.220000
1772478982,246902523,-0.699495,-1.304978,-2.963853,-1.116802,-1.334842,-0.548083,1,0.069939,0.605326,0.069937,0.600000,0.069514,0.600000,0.069514,0.600000,0,8.631311,0.077270,0.062604,0.600000,0.580000,0.220000
1772478982,271924258,-0.700267,-1.306119,-2.949168,-1.114934,-1.336398,-0.533530,1,0.070070,0.596180,0.069514,0.600000,0.068952,0.600000,0.068952,0.600000,0,8.701749,0.076848,0.062181,0.600000,0.580000,0.220000
1772478982,296985034,-0.702878,-1.305078,-2.933359,-1.113671,-1.338909,-0.517721,1,0.069333,0.597995,0.068952,0.600000,0.067681,0.600000,0.067681,0.600000,0,8.865172,0.076285,0.061618,0.600000,0.580000,0.220000
1772478982,347095046,-0.706072,-1.305155,-2.903701,-1.111232,-1.340972,-0.488062,1,0.069298,0.607115,0.067681,0.600000,0.068289,0.600000,0.068289,0.600000,0,8.786250,0.075014,0.060347,0.600000,0.580000,0.220000
1772478982,372115140,-0.707600,-1.307200,-2.888871,-1.108732,-1.340458,-0.473232,1,0.067648,0.596871,0.068289,0.600000,0.069995,0.600000,0.069995,0.600000,0,8.572084,0.075622,0.060955,0.600000,0.580000,0.220000
1772478982,397115913,-0.710431,-1.306665,-2.873897,-1.106969,-1.342737,-0.458258,1,0.068195,0.586664,0.069995,0.600000,0.068729,0.600000,0.068729,0.600000,0,8.729937,0.077328,0.062661,0.600000,0.580000,0.220000
1772478982,447198104,-0.713403,-1.308115,-2.844735,-1.103800,-1.343475,-0.429092,1,0.070037,0.615057,0.068729,0.600000,0.070658,0.600000,0.070658,0.600000,0,8.491574,0.076062,0.061396,0.600000,0.580000,0.220000
1772478982,472221450,-0.715420,-1.308554,-2.829352,-1.102241,-1.342135,-0.413644,1,0.069013,0.600383,0.070658,0.600000,0.074001,0.600000,0.074001,0.600000,0,8.108051,0.077992,0.063325,0.600000,0.580000,0.220000
1772478982,497284133,-0.717638,-1.307938,-2.813493,-1.100991,-1.344069,-0.397786,1,0.070510,0.591224,0.074001,0.600000,0.073341,0.600000,0.073341,0.600000,0,8.180994,0.081334,0.066667,0.600000,0.580000,0.220000
1772478982,547322184,-0.719906,-1.310489,-2.784948,-1.097601,-1.343667,-0.369241,1,0.074089,0.610140,0.073341,0.600000,0.077505,0.600000,0.077505,0.600000,0,7.741422,0.080674,0.066007,0.600000,0.580000,0.220000
1772478982,572379516,-0.723188,-1.309021,-2.768826,-1.096121,-1.346942,-0.353118,1,0.073466,0.613327,0.077505,0.600000,0.074523,0.600000,0.074523,0.600000,0,8.051219,0.084838,0.070172,0.600000,0.580000,0.220000
1772478982,597464923,-0.725235,-1.311834,-2.753955,-1.092711,-1.346135,-0.338309,1,0.077095,0.601242,0.074523,0.600000,0.079243,0.600000,0.079243,0.600000,0,7.571663,0.081856,0.067190,0.600000,0.580000,0.220000
1772478982,647493604,-0.728810,-1.313588,-2.724415,-1.088708,-1.346300,-0.309662,1,0.074456,0.585497,0.079243,0.600000,0.080360,0.600000,0.080360,0.600000,0,7.466384,0.086576,0.071909,0.600000,0.580000,0.220000
1772478982,672474633,-0.730532,-1.314436,-2.709517,-1.086859,-1.346810,-0.294764,1,0.079101,0.604038,0.080360,0.600000,0.085043,0.600000,0.085043,0.600000,0,7.055289,0.087694,0.073027,0.600000,0.580000,0.220000
1772478982,697526277,-0.732477,-1.315552,-2.694297,-1.084664,-1.347268,-0.279544,1,0.080319,0.603059,0.085043,0.600000,0.087270,0.600000,0.087270,0.600000,0,6.875193,0.092376,0.077709,0.600000,0.580000,0.220000
1772478982,747621167,-0.736177,-1.316820,-2.664759,-1.084181,-1.354165,-0.254357,1,0.085502,0.601803,0.087270,0.600000,0.086332,0.600000,0.086332,0.600000,0,6.949949,0.094604,0.079937,0.600000,0.580000,0.220000
1772478982,772681049,-0.738592,-1.317826,-2.649373,-1.081711,-1.355029,-0.238970,1,0.087628,0.604960,0.086332,0.600000,0.088980,0.600000,0.088980,0.600000,0,6.743051,0.093665,0.078998,0.600000,0.580000,0.220000
1772478982,797659938,-0.739608,-1.319403,-2.634901,-1.079901,-1.354534,-0.224498,1,0.086220,0.592230,0.088980,0.600000,0.090344,0.600000,0.090344,0.600000,0,6.641270,0.096314,0.081647,0.600000,0.580000,0.220000
1772478982,847752795,-0.744039,-1.320042,-2.605217,-1.076101,-1.356823,-0.194980,1,0.089325,0.597651,0.090344,0.600000,0.094419,0.600000,0.094419,0.600000,0,6.354642,0.097677,0.083011,0.600000,0.580000,0.220000
1772478982,872773416,-0.746220,-1.321817,-2.590218,-1.072132,-1.353982,-0.182531,1,0.090140,0.593035,0.094419,0.600000,0.100651,0.600000,0.100651,0.600000,0,5.961204,0.101752,0.087086,0.600000,0.580000,0.220000
1772478982,897764346,-0.746957,-1.322760,-2.575143,-1.070952,-1.353776,-0.167455,1,0.094902,0.600014,0.100651,0.600000,0.107984,0.593594,0.107984,0.593594,0,5.497051,0.107984,0.093317,0.600000,0.580000,0.220000
1772478982,947862736,-0.752289,-1.325093,-2.545091,-1.065713,-1.355794,-0.137428,1,0.100887,0.596604,0.107984,0.593594,0.115317,0.587198,0.115317,0.587198,0,5.092009,0.115317,0.100651,0.600000,0.573594,0.220000
1772478982,972959237,-0.754572,-1.327619,-2.530612,-1.066897,-1.358348,-0.123344,1,0.108340,0.600297,0.115317,0.587198,0.122651,0.580900,0.122651,0.580900,0,4.736213,0.122651,0.107984,0.600000,0.567198,0.220000
1772478982,997899908,-0.755960,-1.328628,-2.515876,-1.065191,-1.358529,-0.108607,1,0.115431,0.583114,0.122651,0.580900,0.129984,0.561533,0.129984,0.561533,0,4.320008,0.129984,0.115317,0.600000,0.560900,0.220000
1772478983,22968533,-0.759250,-1.330355,-2.501676,-1.061591,-1.359452,-0.094407,1,0.122861,0.575492,0.129984,0.561533,0.137317,0.550396,0.137317,0.550396,0,4.008200,0.137317,0.122651,0.581533,0.541533,0.220000
1772478983,72974395,-0.763665,-1.333751,-2.472518,-1.058527,-1.357392,-0.070982,1,0.130003,0.565168,0.137317,0.550396,0.144651,0.530396,0.144651,0.530396,0,3.493556,0.144651,0.129984,0.570396,0.530396,0.220000
1772478983,98019439,-0.766104,-1.334805,-2.458433,-1.056015,-1.358257,-0.056898,1,0.137233,0.542951,0.144651,0.530396,0.151984,0.510396,0.151984,0.510396,0,3.240105,0.151984,0.137317,0.550396,0.510396,0.220000
1772478983,148029867,-0.771856,-1.338824,-2.431331,-1.048748,-1.359282,-0.029672,1,0.145429,0.529231,0.151984,0.510396,0.159317,0.490396,0.159317,0.490396,0,2.925920,0.159317,0.144651,0.530396,0.490396,0.220000
1772478983,173137281,-0.774362,-1.340397,-2.418296,-1.039891,-1.361964,-0.014270,1,0.151799,0.523112,0.159317,0.490396,0.166651,0.473701,0.166651,0.473701,0,2.842476,0.166651,0.151984,0.510396,0.470396,0.220000
1772478983,198092844,-0.775884,-1.343212,-2.405798,-1.036872,-1.360904,-0.001773,1,0.159246,0.479066,0.166651,0.473701,0.173984,0.453701,0.173984,0.453701,0,2.582773,0.173984,0.159317,0.493701,0.453701,0.220000
1772478983,248137218,-0.781660,-1.346865,-2.380600,-1.030045,-1.362125,0.023191,1,0.166596,0.477694,0.173984,0.453701,0.181317,0.433701,0.181317,0.433701,0,2.352040,0.181317,0.166651,0.473701,0.433701,0.220000
1772478983,273105955,-0.785102,-1.351028,-2.368992,-1.022866,-1.362165,0.030266,1,0.187057,0.496853,0.181317,0.433701,0.188651,0.413701,0.188651,0.413701,0,2.048935,0.188651,0.173984,0.453701,0.413701,0.220000
1772478983,298127872,-0.787727,-1.353504,-2.357514,-1.019258,-1.362115,0.041744,1,0.181135,0.439325,0.188651,0.413701,0.195984,0.406024,0.195984,0.406024,0,2.071718,0.195984,0.181317,0.433701,0.393701,0.220000
1772478983,348177441,-0.793387,-1.359610,-2.335742,-1.010904,-1.361223,0.063686,1,0.188549,0.412278,0.195984,0.406024,0.203317,0.386024,0.203317,0.386024,0,1.855231,0.203317,0.188651,0.426024,0.386024,0.220000
1772478983,373126249,-0.796849,-1.363769,-2.326103,-1.004327,-1.355644,0.077096,1,0.205990,0.414899,0.203317,0.386024,0.210651,0.366024,0.210651,0.366024,0,1.503945,0.210651,0.195984,0.406024,0.366024,0.220000
1772478983,398148014,-0.800304,-1.367140,-2.316209,-0.999503,-1.355476,0.086989,1,0.203524,0.385221,0.210651,0.366024,0.217984,0.346024,0.217984,0.346024,0,1.485668,0.217984,0.203317,0.386024,0.346024,0.220000
1772478983,423164615,-0.803751,-1.370300,-2.307192,-0.994826,-1.355460,0.096007,1,0.210192,0.365338,0.217984,0.346024,0.220000,0.326024,0.220000,0.326024,0,1.395910,0.220000,0.210651,0.366024,0.326024,0.220000
1772478983,473134878,-0.811031,-1.379329,-2.288931,-0.983688,-1.353917,0.113284,1,0.220842,0.331705,0.220000,0.326024,0.220000,0.306024,0.220000,0.306024,0,1.241972,0.220000,0.212667,0.346024,0.306024,0.220000
1772478983,498164881,-0.814727,-1.381764,-2.279808,-0.979316,-1.354608,0.122407,1,0.220201,0.320698,0.220000,0.306024,0.220000,0.286024,0.220000,0.286024,0,1.220316,0.220000,0.212667,0.326024,0.286024,0.220000
1772478983,523195122,-0.818140,-1.386561,-2.272072,-0.973562,-1.353363,0.130144,1,0.220092,0.305651,0.220000,0.286024,0.220000,0.266024,0.220000,0.266024,0,1.179617,0.220000,0.212667,0.306024,0.266024,0.220000
1772478983,573184956,-0.825715,-1.394779,-2.257428,-0.963095,-1.354884,0.146551,1,0.219918,0.274864,0.220000,0.266024,0.220000,0.254821,0.220000,0.254821,0,1.158277,0.220000,0.212667,0.286024,0.246024,0.220000
1772478983,598247333,-0.829119,-1.398797,-2.250279,-0.957873,-1.354199,0.153700,1,0.219611,0.252125,0.220000,0.254821,0.220000,0.248716,0.220000,0.248716,0,1.130526,0.220000,0.212667,0.274821,0.234821,0.220000
1772478983,648351486,-0.835990,-1.407753,-2.236472,-0.946741,-1.352141,0.167395,1,0.219988,0.249877,0.220000,0.248716,0.220000,0.233757,0.220000,0.233757,0,1.062530,0.220000,0.212667,0.268716,0.228716,0.220000
1772478983,673344104,-0.838029,-1.411549,-2.230725,-0.941989,-1.349304,0.170006,1,0.220211,0.225859,0.220000,0.233757,0.220000,0.224294,0.220000,0.224294,0,1.019520,0.220000,0.212667,0.253757,0.213757,0.220000
1772478983,698375140,-0.841678,-1.415769,-2.224742,-0.936448,-1.348653,0.175989,1,0.219710,0.247062,0.220000,0.224294,0.220000,0.220095,0.220000,0.220095,0,1.000432,0.220000,0.212667,0.244294,0.204294,0.220000
1772478983,748512177,-0.849221,-1.425062,-2.212346,-0.924642,-1.346931,0.188469,1,0.219634,0.225331,0.220000,0.220095,0.220000,0.209385,0.220000,0.209385,0,0.951750,0.220000,0.212667,0.240095,0.200095,0.220000
1772478983,773455105,-0.852185,-1.429873,-2.207273,-0.920079,-1.346546,0.195829,1,0.219515,0.208126,0.220000,0.209385,0.220000,0.203115,0.220000,0.203115,0,0.923249,0.220000,0.212667,0.229385,0.189385,0.220000
1772478983,798492856,-0.854329,-1.433975,-2.201804,-0.915732,-1.344956,0.201299,1,0.220399,0.209847,0.220000,0.203115,0.220000,0.193575,0.220000,0.193575,0,0.879888,0.220000,0.212667,0.223115,0.183115,0.220000
1772478983,848518387,-0.861539,-1.442071,-2.190464,-0.904985,-1.343890,0.212531,1,0.220206,0.188851,0.220000,0.193575,0.220000,0.185822,0.220000,0.185822,0,0.844646,0.220000,0.212667,0.213575,0.173575,0.220000
1772478983,873573220,-0.864758,-1.447895,-2.185913,-0.899796,-1.343919,0.213706,1,0.219819,0.187064,0.220000,0.185822,0.220000,0.190056,0.220000,0.190056,0,0.863891,0.220000,0.212667,0.205822,0.165822,0.220000
1772478983,898560750,-0.867593,-1.452230,-2.179936,-0.894777,-1.342640,0.219683,1,0.219363,0.176250,0.220000,0.190056,0.220000,0.183072,0.220000,0.183072,0,0.832147,0.220000,0.212667,0.210056,0.170056,0.220000
1772478983,948695160,-0.873243,-1.462277,-2.170778,-0.883819,-1.339015,0.228913,1,0.220162,0.177230,0.220000,0.183072,0.220000,0.167343,0.220000,0.167343,0,0.760650,0.220000,0.212667,0.203072,0.163072,0.220000
1772478983,973649650,-0.877784,-1.466563,-2.165529,-0.877467,-1.337821,0.236274,1,0.219870,0.174854,0.220000,0.167343,0.220000,0.159770,0.220000,0.159770,0,0.726227,0.220000,0.212667,0.187343,0.147343,0.220000
1772478983,998675307,-0.879671,-1.471072,-2.162135,-0.873034,-1.335763,0.239669,1,0.220106,0.177325,0.220000,0.159770,0.220000,0.151737,0.220000,0.151737,0,0.689715,0.220000,0.212667,0.179770,0.139770,0.220000
1772478984,48726573,-0.886481,-1.480794,-2.153111,-0.861462,-1.333212,0.248803,1,0.219393,0.153289,0.220000,0.151737,0.220000,0.142552,0.220000,0.142552,0,0.647962,0.220000,0.212667,0.171737,0.131737,0.220000
1772478984,73706706,-0.889226,-1.484367,-2.149251,-0.857450,-1.333679,0.256237,1,0.219650,0.146865,0.220000,0.142552,0.220000,0.138414,0.220000,0.138414,0,0.629155,0.220000,0.212667,0.162552,0.122552,0.220000
1772478984,98781390,-0.892024,-1.488428,-2.144942,-0.852649,-1.332548,0.260546,1,0.219984,0.135846,0.220000,0.138414,0.220000,0.132915,0.220000,0.132915,0,0.604159,0.220000,0.212667,0.158414,0.118414,0.220000
1772478984,123785469,-0.894792,-1.493833,-2.140389,-0.846969,-1.330401,0.265099,1,0.220121,0.135378,0.220000,0.132915,0.220000,0.124436,0.220000,0.124436,0,0.565619,0.220000,0.212667,0.152915,0.112915,0.220000
1772478984,173764180,-0.899524,-1.502101,-2.133924,-0.834487,-1.325880,0.271825,1,0.220149,0.131137,0.220000,0.124436,0.220000,0.110957,0.220000,0.110957,0,0.504348,0.220000,0.212667,0.144436,0.104436,0.220000
1772478984,198820724,-0.903412,-1.506757,-2.130871,-0.828480,-1.325038,0.274878,1,0.219939,0.129039,0.220000,0.110957,0.220000,0.109988,0.220000,0.109988,0,0.499944,0.220000,0.212667,0.130957,0.090957,0.220000
1772478984,248874312,-0.908990,-1.515998,-2.124593,-0.818142,-1.321933,0.281156,1,0.219742,0.115712,0.220000,0.109988,0.220000,0.100569,0.220000,0.100569,0,0.457131,0.220000,0.212667,0.129988,0.089988,0.220000
1772478984,273859860,-0.912033,-1.521187,-2.121510,-0.812347,-1.320189,0.284260,1,0.220218,0.088904,0.220000,0.100569,0.220000,0.095453,0.220000,0.095453,0,0.433878,0.220000,0.212667,0.120569,0.080569,0.220000
1772478984,298873701,-0.914188,-1.526035,-2.119390,-0.805674,-1.320003,0.287050,1,0.219918,0.100427,0.220000,0.095453,0.220000,0.098116,0.220000,0.098116,0,0.445983,0.220000,0.212667,0.115453,0.075453,0.220000
1772478984,348931228,-0.920220,-1.535507,-2.113157,-0.794847,-1.317022,0.293282,1,0.219713,0.099311,0.220000,0.098116,0.220000,0.089758,0.220000,0.089758,0,0.407992,0.220000,0.212667,0.118116,0.078116,0.220000
1772478984,373912695,-0.922757,-1.539827,-2.110036,-0.790068,-1.315520,0.296404,1,0.220239,0.076393,0.220000,0.089758,0.220000,0.084468,0.220000,0.084468,0,0.383948,0.220000,0.212667,0.109758,0.069758,0.220000
1772478984,398932157,-0.925597,-1.544350,-2.107366,-0.784975,-1.314152,0.299155,1,0.220254,0.088516,0.220000,0.084468,0.220000,0.080813,0.220000,0.080813,0,0.367331,0.220000,0.212667,0.104468,0.064468,0.220000
1772478984,448993417,-0.930628,-1.553849,-2.102500,-0.776340,-1.312996,0.306558,1,0.219211,0.080667,0.220000,0.080813,0.220000,0.076284,0.220000,0.076284,0,0.346744,0.220000,0.212667,0.100813,0.060813,0.220000
1772478984,473955453,-0.932818,-1.559547,-2.100738,-0.770901,-1.310225,0.308320,1,0.220308,0.077941,0.220000,0.076284,0.220000,0.068055,0.220000,0.068055,0,0.309342,0.220000,0.212667,0.096284,0.056284,0.220000
1772478984,498942339,-0.937106,-1.563812,-2.098113,-0.764861,-1.309922,0.310945,1,0.219976,0.080386,0.220000,0.068055,0.220000,0.069755,0.220000,0.069755,0,0.317066,0.220000,0.212667,0.088055,0.048055,0.220000
1772478984,548997069,-0.940903,-1.573219,-2.093748,-0.755747,-1.305467,0.315310,1,0.220730,0.058590,0.220000,0.069755,0.220000,0.056071,0.220000,0.056071,0,0.254869,0.220000,0.212667,0.089755,0.049755,0.220000
1772478984,574013632,-0.944140,-1.578865,-2.091344,-0.749675,-1.303477,0.317674,1,0.219746,0.047482,0.220000,0.056071,0.220000,0.051727,0.220000,0.051727,0,0.235124,0.220000,0.212667,0.076071,0.036071,0.220000
1772478984,598984212,-0.947176,-1.583549,-2.088316,-0.747540,-1.303278,0.319557,1,0.220759,0.040945,0.220000,0.051727,0.220000,0.050482,0.220000,0.050482,0,0.229464,0.220000,0.212667,0.071727,0.031727,0.220000
1772478984,649050954,-0.951878,-1.594076,-2.085824,-0.736998,-1.298608,0.322049,1,0.220257,0.066402,0.220000,0.050482,0.220000,0.039975,0.220000,0.039975,0,0.181704,0.220000,0.212667,0.070482,0.030482,0.220000
1772478984,674009759,-0.955655,-1.598760,-2.084183,-0.731057,-1.297659,0.323690,1,0.219994,0.037247,0.220000,0.039975,0.220000,0.040333,0.220000,0.040333,0,0.183334,0.220000,0.212667,0.059975,0.019975,0.220000
1772478984,699029013,-0.958106,-1.603672,-2.083438,-0.725947,-1.295652,0.324436,1,0.220507,0.028385,0.220000,0.040333,0.220000,0.036859,0.220000,0.036859,0,0.167539,0.220000,0.212667,0.060333,0.020333,0.220000
1772478984,749099793,-0.963795,-1.613836,-2.080233,-0.714916,-1.291913,0.327641,1,0.220355,0.047805,0.220000,0.036859,0.220000,0.029560,0.220000,0.029560,0,0.134365,0.220000,0.212667,0.056859,0.016859,0.220000
1772478984,774082461,-0.965984,-1.618025,-2.079033,-0.710485,-1.290267,0.328840,1,0.220324,0.040914,0.220000,0.029560,0.220000,0.026183,0.220000,0.026183,0,0.119012,0.220000,0.212667,0.049560,0.009560,0.220000
1772478984,799053680,-0.968091,-1.623461,-2.078031,-0.705350,-1.287635,0.329859,1,0.220324,0.014722,0.220000,0.026183,0.220000,0.019926,0.220000,0.019926,0,0.090573,0.220000,0.212667,0.046183,0.006183,0.220000
1772478984,849084589,-0.973725,-1.633251,-2.076139,-0.697697,-1.283893,0.332465,1,0.220635,0.029674,0.220000,0.019926,0.220000,0.009859,0.220000,0.009859,0,0.044815,0.220000,0.212667,0.039926,-0.000074,0.220000
1772478984,874075725,-0.975460,-1.637632,-2.075273,-0.693477,-1.281798,0.333331,1,0.220231,0.010135,0.220000,0.009859,0.220000,0.004949,0.220000,0.004949,0,0.022495,0.220000,0.212667,0.029859,-0.010141,0.220000
1772478984,899144076,-0.979240,-1.642685,-2.073745,-0.687287,-1.280571,0.334859,1,0.219715,0.014993,0.220000,0.004949,0.220000,0.004762,0.220000,0.004762,0,0.021644,0.220000,0.212667,0.024949,-0.015051,0.220000
1772478984,924148415,-0.980923,-1.646926,-2.072814,-0.683199,-1.278545,0.335790,1,0.219523,0.005316,0.220000,0.004762,0.220000,0.000000,0.220000,0.000000,0,-0.000142,0.220000,0.212667,0.024762,-0.015238,0.220000
1772478984,974137250,-0.985966,-1.657133,-2.071665,-0.672621,-1.274334,0.336938,1,0.219823,0.000000,0.220000,0.000000,0.216206,-0.006929,0.216206,-0.006929,0,-0.032048,0.216206,0.212667,0.020000,-0.020000,0.216206
1772478984,999124886,-0.988879,-1.663627,-2.071626,-0.666111,-1.271457,0.336978,1,0.220478,0.002960,0.216206,-0.006929,0.213258,-0.011224,0.213258,-0.011224,0,-0.052630,0.213258,0.208872,0.013071,-0.026929,0.213258
1772478985,24227091,-0.991501,-1.668155,-2.071767,-0.661133,-1.269846,0.336837,1,0.216938,-0.011362,0.213258,-0.011224,0.211078,-0.010928,0.211078,-0.010928,0,-0.051770,0.211078,0.205925,0.008776,-0.031224,0.211078
1772478985,74179000,-0.996053,-1.676250,-2.071532,-0.652242,-1.266840,0.337080,1,0.213045,-0.023615,0.211078,-0.010928,0.207168,-0.012092,0.207168,-0.012092,0,-0.058366,0.207168,0.203745,0.009072,-0.030928,0.207168
1772478985,99222608,-0.997746,-1.681041,-2.071143,-0.642995,-1.262550,0.337844,1,0.209946,-0.016594,0.207168,-0.012092,0.202957,-0.018911,0.202957,-0.018911,0,-0.093179,0.202957,0.199835,0.007908,-0.032092,0.202957
1772478985,149206085,-1.003610,-1.691790,-2.070414,-0.631445,-1.258481,0.338573,1,0.206837,-0.014313,0.202957,-0.018911,0.197859,-0.022312,0.197859,-0.022312,0,-0.112768,0.197859,0.195624,0.001089,-0.038911,0.197859
1772478985,174265667,-1.006285,-1.696700,-2.070443,-0.626174,-1.256619,0.338544,1,0.202923,-0.016694,0.197859,-0.022312,0.195531,-0.022802,0.195531,-0.022802,0,-0.116614,0.195531,0.190525,-0.002312,-0.042312,0.195531
1772478985,199299412,-1.008029,-1.700677,-2.070649,-0.622217,-1.254829,0.338337,1,0.196596,-0.017396,0.195531,-0.022802,0.193735,-0.023720,0.193735,-0.023720,0,-0.122436,0.193735,0.188198,-0.002802,-0.042802,0.193735
1772478985,224214206,-1.010246,-1.705127,-2.071641,-0.617592,-1.253004,0.337346,1,0.194921,-0.033818,0.193735,-0.023720,0.191670,-0.024240,0.191670,-0.024240,0,-0.126465,0.191670,0.186402,-0.003720,-0.043720,0.191670
1772478985,274188576,-1.014593,-1.715554,-2.071851,-0.607387,-1.248159,0.337136,1,0.193905,-0.025674,0.191670,-0.024240,0.187014,-0.032104,0.187014,-0.032104,0,-0.171668,0.187014,0.184337,-0.004240,-0.044240,0.187014
1772478985,299237685,-1.017265,-1.719592,-2.071807,-0.602700,-1.246944,0.337180,1,0.191184,-0.024874,0.187014,-0.032104,0.184998,-0.031162,0.184998,-0.031162,0,-0.168446,0.184998,0.179680,-0.012104,-0.052104,0.184998
1772478985,349208720,-1.022467,-1.727650,-2.073404,-0.593401,-1.244480,0.335631,1,0.187252,-0.028192,0.184998,-0.031162,0.180992,-0.027605,0.180992,-0.027605,0,-0.152523,0.180992,0.177664,-0.011162,-0.051162,0.180992
1772478985,374250293,-1.024193,-1.731834,-2.074559,-0.585513,-1.246736,0.338759,1,0.184669,-0.031821,0.180992,-0.027605,0.178133,-0.010987,0.178133,-0.010987,0,-0.061678,0.178133,0.173659,-0.007605,-0.047605,0.178133
1772478985,399248183,-1.025837,-1.736292,-2.075884,-0.581319,-1.244503,0.337433,1,0.179907,-0.032028,0.178133,-0.010987,0.176186,-0.012260,0.176186,-0.012260,0,-0.069588,0.176186,0.170799,0.009013,-0.030987,0.176186
1772478985,424248242,-1.028336,-1.738574,-2.075597,-0.577935,-1.244463,0.337720,1,0.178004,-0.005523,0.176186,-0.012260,0.174836,-0.007626,0.174836,-0.007626,0,-0.043621,0.174836,0.168853,0.007740,-0.032260,0.174836
1772478985,474303847,-1.032712,-1.748799,-2.075959,-0.567864,-1.239745,0.337358,1,0.176523,-0.015087,0.174836,-0.007626,0.170243,-0.015722,0.170243,-0.015722,0,-0.092349,0.170243,0.167503,0.012374,-0.027626,0.170243
1772478985,499283226,-1.034474,-1.751945,-2.075395,-0.564454,-1.238570,0.337922,1,0.174807,-0.001903,0.170243,-0.015722,0.168741,-0.016899,0.168741,-0.016899,0,-0.100146,0.168741,0.162910,0.004278,-0.035722,0.168741
1772478985,549301437,-1.040297,-1.759377,-2.075185,-0.555162,-1.236898,0.338132,1,0.169825,-0.008406,0.168741,-0.016899,0.164839,-0.010835,0.164839,-0.010835,0,-0.065731,0.164839,0.161408,0.003101,-0.036899,0.164839
1772478985,574292266,-1.041049,-1.762630,-2.075739,-0.552437,-1.234971,0.337578,1,0.168206,-0.018964,0.164839,-0.010835,0.163515,-0.015231,0.163515,-0.015231,0,-0.093148,0.163515,0.157505,0.009165,-0.030835,0.163515
1772478985,599364173,-1.042594,-1.766198,-2.076430,-0.548908,-1.233337,0.336887,1,0.164687,-0.007981,0.163515,-0.015231,0.161908,-0.016246,0.161908,-0.016246,0,-0.100340,0.161908,0.156181,0.004769,-0.035231,0.161908
1772478985,649421355,-1.046212,-1.773880,-2.077274,-0.540254,-1.225241,0.331799,1,0.163457,-0.016878,0.161908,-0.016246,0.157477,-0.036246,0.157477,-0.036246,0,-0.241331,0.157477,0.154575,0.003754,-0.036246,0.157477
1772478985,674377049,-1.049861,-1.777238,-2.077217,-0.535295,-1.225185,0.331855,1,0.161759,-0.015886,0.157477,-0.036246,0.155490,-0.030943,0.155490,-0.030943,0,-0.199001,0.155490,0.150144,-0.016246,-0.056246,0.155490
1772478985,699402900,-1.050272,-1.781119,-2.077152,-0.532394,-1.222574,0.331920,1,0.157265,-0.022742,0.155490,-0.030943,0.154021,-0.039719,0.154021,-0.039719,0,-0.257880,0.154021,0.148157,-0.010943,-0.050943,0.154021
1772478985,749374785,-1.054398,-1.788368,-2.077836,-0.524478,-1.219944,0.331237,1,0.155231,-0.020335,0.154021,-0.039719,0.150548,-0.040484,0.150548,-0.040484,0,-0.268910,0.150548,0.146688,-0.019719,-0.059719,0.150548
1772478985,774366701,-1.056508,-1.792170,-2.079035,-0.520368,-1.218528,0.330037,1,0.154083,-0.050078,0.150548,-0.040484,0.148738,-0.040066,0.148738,-0.040066,0,-0.269371,0.148738,0.143214,-0.020484,-0.060484,0.148738
1772478985,799432582,-1.057598,-1.795525,-2.080141,-0.517313,-1.216762,0.328932,1,0.150634,-0.039876,0.148738,-0.040066,0.147310,-0.043330,0.147310,-0.043330,0,-0.294140,0.147310,0.141405,-0.020066,-0.060066,0.147310
1772478985,849447346,-1.062097,-1.803210,-2.080501,-0.508829,-1.214058,0.328572,1,0.148598,-0.035864,0.147310,-0.043330,0.143601,-0.044133,0.143601,-0.044133,0,-0.307331,0.143601,0.139976,-0.023330,-0.063330,0.143601
1772478985,874411826,-1.064052,-1.806300,-2.082326,-0.505309,-1.213068,0.326747,1,0.147177,-0.036912,0.143601,-0.044133,0.142077,-0.041590,0.142077,-0.041590,0,-0.292727,0.142077,0.136267,-0.024133,-0.064133,0.142077
1772478985,899430990,-1.065860,-1.810436,-2.083475,-0.501206,-1.211182,0.325609,1,0.143805,-0.041635,0.142077,-0.041590,0.140216,-0.044117,0.140216,-0.044117,0,-0.314636,0.140216,0.134744,-0.021590,-0.061590,0.140216
1772478985,924416281,-1.067442,-1.813797,-2.084266,-0.498410,-1.208053,0.325752,1,0.141959,-0.047456,0.140216,-0.044117,0.138738,-0.057955,0.138738,-0.057955,0,-0.417727,0.138738,0.132883,-0.024117,-0.064117,0.138738
1772478985,974413573,-1.071655,-1.818210,-2.085298,-0.492327,-1.207584,0.324720,1,0.140544,-0.053477,0.138738,-0.057955,0.136247,-0.049009,0.136247,-0.049009,0,-0.359708,0.136247,0.131405,-0.037955,-0.077955,0.136247
1772478985,999485615,-1.072685,-1.822295,-2.086221,-0.488831,-1.205233,0.323797,1,0.138543,-0.063843,0.136247,-0.049009,0.134578,-0.055952,0.134578,-0.055952,0,-0.415758,0.134578,0.128913,-0.029009,-0.069009,0.134578
1772478986,24468305,-1.074686,-1.826998,-2.087420,-0.484200,-1.203070,0.322597,1,0.136483,-0.063845,0.134578,-0.055952,0.132477,-0.059609,0.132477,-0.059609,0,-0.449954,0.132477,0.127245,-0.035952,-0.075952,0.132477
1772478986,74518005,-1.076832,-1.830826,-2.089749,-0.480047,-1.201655,0.320269,1,0.134707,-0.051933,0.132477,-0.059609,0.130652,-0.058158,0.130652,-0.058158,0,-0.445134,0.130652,0.125144,-0.039609,-0.079609,0.130652
1772478986,99519779,-1.077822,-1.834188,-2.090883,-0.477064,-1.199815,0.319134,1,0.133033,-0.063530,0.130652,-0.058158,0.129250,-0.063087,0.129250,-0.063087,0,-0.488102,0.129250,0.123318,-0.038158,-0.078158,0.129250
1772478986,149528159,-1.081662,-1.841077,-2.094106,-0.469604,-1.197253,0.315912,1,0.129845,-0.054088,0.129250,-0.063087,0.125970,-0.062144,0.125970,-0.062144,0,-0.493322,0.125970,0.121917,-0.043087,-0.083087,0.125970
1772478986,174520856,-1.083195,-1.843138,-2.095678,-0.467087,-1.196720,0.314328,1,0.129221,-0.057597,0.125970,-0.062144,0.124900,-0.058920,0.124900,-0.058920,0,-0.471741,0.124900,0.118637,-0.042144,-0.082144,0.124900
1772478986,199631993,-1.086494,-1.846831,-2.096238,-0.462204,-1.193854,0.312688,1,0.125575,-0.060761,0.124900,-0.058920,0.122624,-0.067525,0.122624,-0.067525,0,-0.550670,0.122624,0.117567,-0.038920,-0.078920,0.122624
1772478986,249551562,-1.088677,-1.851849,-2.099217,-0.457225,-1.191584,0.309708,1,0.124346,-0.062310,0.122624,-0.067525,0.120376,-0.069341,0.120376,-0.069341,0,-0.576033,0.120376,0.115291,-0.047525,-0.087525,0.120376
1772478986,274541947,-1.088818,-1.854400,-2.100893,-0.455414,-1.189782,0.308033,1,0.122272,-0.075491,0.120376,-0.069341,0.119456,-0.076954,0.119456,-0.076954,0,-0.644203,0.119456,0.113043,-0.049341,-0.089341,0.119456
1772478986,299591076,-1.090824,-1.857382,-2.102017,-0.451928,-1.188906,0.306909,1,0.120754,-0.070366,0.119456,-0.076954,0.117959,-0.075277,0.117959,-0.075277,0,-0.638168,0.117959,0.112123,-0.056954,-0.096954,0.117959
1772478986,349593065,-1.094448,-1.861772,-2.105095,-0.446298,-1.188067,0.303830,1,0.119908,-0.092375,0.117959,-0.075277,0.115600,-0.065814,0.115600,-0.065814,0,-0.569327,0.115600,0.110625,-0.055277,-0.095277,0.115600
1772478986,374541249,-1.096475,-1.865785,-2.107377,-0.442106,-1.186440,0.301548,1,0.118359,-0.078481,0.115600,-0.065814,0.113739,-0.066333,0.113739,-0.066333,0,-0.583202,0.113739,0.108267,-0.045814,-0.085814,0.113739
1772478986,399658853,-1.097292,-1.866916,-2.109125,-0.440743,-1.186145,0.299800,1,0.115503,-0.066391,0.113739,-0.066333,0.113158,-0.065238,0.113158,-0.065238,0,-0.576516,0.113158,0.106406,-0.046333,-0.086333,0.113158
1772478986,449664232,-1.100270,-1.872312,-2.112684,-0.434920,-1.184126,0.296242,1,0.113156,-0.064693,0.113158,-0.065238,0.110599,-0.064159,0.110599,-0.064159,0,-0.580102,0.110599,0.105825,-0.045238,-0.085238,0.110599
1772478986,474637955,-1.101030,-1.875121,-2.113558,-0.432470,-1.182554,0.295346,1,0.112698,-0.063027,0.110599,-0.064159,0.109447,-0.069423,0.109447,-0.069423,0,-0.634308,0.109447,0.103265,-0.044159,-0.084159,0.109447
1772478986,499639548,-1.102574,-1.877646,-2.115649,-0.429183,-1.182232,0.291688,1,0.110364,-0.066878,0.109447,-0.069423,0.108087,-0.061537,0.108087,-0.061537,0,-0.569324,0.108087,0.102114,-0.049423,-0.089423,0.108087
1772478986,549697725,-1.105433,-1.882218,-2.118575,-0.423998,-1.180754,0.288761,1,0.109258,-0.065597,0.108087,-0.061537,0.105841,-0.057967,0.105841,-0.057967,0,-0.547680,0.105841,0.100754,-0.041537,-0.081537,0.105841
1772478986,574641110,-1.107968,-1.884869,-2.120200,-0.420340,-1.180485,0.287137,1,0.105273,-0.054619,0.105841,-0.057967,0.104337,-0.052332,0.104337,-0.052332,0,-0.501568,0.104337,0.098508,-0.037967,-0.077967,0.104337
1772478986,599687614,-1.108341,-1.886077,-2.121610,-0.419254,-1.179838,0.285726,1,0.105786,-0.062895,0.104337,-0.052332,0.103832,-0.052713,0.103832,-0.052713,0,-0.507676,0.103832,0.097004,-0.032332,-0.072332,0.103832
1772478986,649750906,-1.110987,-1.891626,-2.124548,-0.413571,-1.177491,0.282788,1,0.103783,-0.044643,0.103832,-0.052713,0.101296,-0.055632,0.101296,-0.055632,0,-0.549202,0.101296,0.096498,-0.032713,-0.072713,0.101296
1772478986,674723286,-1.111724,-1.893862,-2.124998,-0.411526,-1.176326,0.282339,1,0.101370,-0.050654,0.101296,-0.055632,0.100351,-0.061703,0.100351,-0.061703,0,-0.614875,0.100351,0.093962,-0.035632,-0.075632,0.100351
1772478986,699740513,-1.113652,-1.895634,-2.126672,-0.408908,-1.176302,0.280665,1,0.100940,-0.057217,0.100351,-0.061703,0.099290,-0.053582,0.099290,-0.053582,0,-0.539653,0.099290,0.093017,-0.041703,-0.081703,0.099290
1772478986,724751027,-1.114532,-1.897580,-2.127388,-0.406950,-1.175447,0.279948,1,0.100132,-0.061557,0.099290,-0.053582,0.098412,-0.055602,0.098412,-0.055602,0,-0.564995,0.098412,0.091957,-0.033582,-0.073582,0.098412
1772478986,774771101,-1.117183,-1.902445,-2.129981,-0.401722,-1.173612,0.277356,1,0.097882,-0.048401,0.098412,-0.055602,0.096114,-0.056615,0.096114,-0.056615,0,-0.589048,0.096114,0.091079,-0.035602,-0.075602,0.096114
1772478986,799737178,-1.118944,-1.904131,-2.131061,-0.399286,-1.173540,0.276275,1,0.098474,-0.055081,0.096114,-0.056615,0.095122,-0.049173,0.095122,-0.049173,0,-0.516954,0.095122,0.088780,-0.036615,-0.076615,0.095122
1772478986,824820815,-1.120626,-1.907429,-2.132585,-0.395885,-1.172139,0.274743,1,0.096250,-0.060138,0.095122,-0.049173,0.093605,-0.052478,0.093605,-0.052478,0,-0.560630,0.093605,0.087788,-0.029173,-0.069173,0.093605
1772478986,874792743,-1.121960,-1.910951,-2.134800,-0.396139,-1.165427,0.272028,1,0.093205,-0.049424,0.093605,-0.052478,0.086272,-0.072478,0.086272,-0.072478,0,-1.223060,0.093071,0.086272,-0.032478,-0.072478,0.093071
1772478986,899820525,-1.123406,-1.913742,-2.136157,-0.393195,-1.164325,0.270671,1,0.093562,-0.051307,0.086272,-0.072478,0.078938,-0.092478,0.078938,-0.092478,0,-1.225328,0.091775,0.078938,-0.052478,-0.092478,0.091775
1772478986,924810833,-1.125185,-1.914469,-2.137316,-0.391387,-1.164979,0.269512,1,0.086537,-0.081087,0.078938,-0.092478,0.086272,-0.109907,0.086272,-0.109907,0,-1.273967,0.086272,0.071605,-0.072478,-0.112478,0.091097
1772478986,974807905,-1.126595,-1.918639,-2.140642,-0.387546,-1.162830,0.266185,1,0.087672,-0.111830,0.086272,-0.109907,0.089343,-0.117640,0.089343,-0.117640,0,-1.316730,0.089343,0.078938,-0.089907,-0.129907,0.089343
1772478986,999866542,-1.128282,-1.920789,-2.142678,-0.384853,-1.162365,0.264149,1,0.086249,-0.110000,0.089343,-0.117640,0.088205,-0.114519,0.088205,-0.114519,0,-1.298328,0.088205,0.082009,-0.097640,-0.137640,0.088205
1772478987,24861290,-1.129829,-1.924073,-2.145723,-0.381502,-1.160966,0.261104,1,0.089308,-0.121995,0.088205,-0.114519,0.086718,-0.105798,0.086718,-0.105798,0,-1.220023,0.086718,0.080872,-0.094519,-0.134519,0.086718
1772478987,74885405,-1.132188,-1.926418,-2.152023,-0.378180,-1.160807,0.254805,1,0.086785,-0.109256,0.086718,-0.105798,0.085350,-0.094945,0.085350,-0.094945,0,-1.112418,0.085350,0.079385,-0.085798,-0.125798,0.085350
1772478987,99868671,-1.132716,-1.928818,-2.154537,-0.376180,-1.159381,0.252291,1,0.087167,-0.096962,0.085350,-0.094945,0.084412,-0.098279,0.084412,-0.098279,0,-1.164279,0.084412,0.078017,-0.074945,-0.114945,0.084412
1772478987,124871598,-1.134123,-1.930691,-2.157681,-0.373879,-1.158934,0.249147,1,0.085321,-0.090365,0.084412,-0.098279,0.083435,-0.095903,0.083435,-0.095903,0,-1.149428,0.083435,0.077078,-0.078279,-0.118279,0.083435
1772478987,174903040,-1.136958,-1.934229,-2.161142,-0.369404,-1.158210,0.245686,1,0.082894,-0.090170,0.083435,-0.095903,0.081549,-0.090411,0.081549,-0.090411,0,-1.108676,0.081549,0.076102,-0.075903,-0.115903,0.081549
1772478987,199944706,-1.137796,-1.935589,-2.163733,-0.367871,-1.157762,0.243094,1,0.083137,-0.096950,0.081549,-0.090411,0.080885,-0.086090,0.080885,-0.086090,0,-1.064353,0.080885,0.074215,-0.070411,-0.110411,0.080885
1772478987,249958033,-1.139781,-1.940029,-2.167968,-0.363463,-1.155877,0.238858,1,0.080804,-0.088916,0.080885,-0.086090,0.078927,-0.091438,0.078927,-0.091438,0,-1.158510,0.078927,0.073552,-0.066090,-0.106090,0.078927
1772478987,274957306,-1.141233,-1.942411,-2.170407,-0.363291,-1.159773,0.236263,1,0.078618,-0.085542,0.078927,-0.091438,0.079199,-0.071438,0.079199,-0.071438,0,-0.642657,0.079199,0.071594,-0.071438,-0.111438,0.079199
1772478987,299957685,-1.141791,-1.942910,-2.171858,-0.362542,-1.159778,0.234812,1,0.078942,-0.094161,0.079199,-0.071438,0.078896,-0.051438,0.078896,-0.051438,0,-0.582679,0.078896,0.071866,-0.051438,-0.091438,0.078896
1772478987,325018778,-1.142172,-1.944358,-2.174389,-0.361289,-1.158958,0.232280,1,0.079404,-0.058927,0.078896,-0.051438,0.078311,-0.046711,0.078311,-0.046711,0,-0.596481,0.078311,0.071562,-0.031438,-0.071438,0.078311
1772478987,375035137,-1.145527,-1.948347,-2.177364,-0.356125,-1.158249,0.229306,1,0.078662,-0.043218,0.078311,-0.046711,0.076147,-0.035634,0.076147,-0.035634,0,-0.467958,0.076147,0.070978,-0.026711,-0.066711,0.076147
1772478987,400011014,-1.147178,-1.950676,-2.177946,-0.353338,-1.157628,0.228723,1,0.078686,-0.048232,0.076147,-0.035634,0.074958,-0.032962,0.074958,-0.032962,0,-0.439742,0.074958,0.068814,-0.015634,-0.055634,0.074958
1772478987,425072122,-1.147909,-1.952578,-2.178864,-0.351520,-1.156707,0.227805,1,0.075007,-0.029835,0.074958,-0.032962,0.074134,-0.041762,0.074134,-0.041762,0,-0.563324,0.074134,0.067624,-0.012962,-0.052962,0.074134
1772478987,475076336,-1.150377,-1.956060,-2.179765,-0.347355,-1.155779,0.226904,1,0.074228,-0.047281,0.074134,-0.041762,0.072356,-0.038759,0.072356,-0.038759,0,-0.535668,0.072356,0.066801,-0.021762,-0.061762,0.072356
1772478987,500070326,-1.151276,-1.957301,-2.180778,-0.345856,-1.155461,0.225892,1,0.074512,-0.051060,0.072356,-0.038759,0.071718,-0.035702,0.071718,-0.035702,0,-0.497819,0.071718,0.065023,-0.018759,-0.058759,0.071718
1772478987,525134572,-1.152560,-1.959518,-2.181760,-0.343416,-1.154677,0.224910,1,0.071957,-0.033497,0.071718,-0.035702,0.070654,-0.037257,0.070654,-0.037257,0,-0.527316,0.070654,0.064384,-0.015702,-0.055702,0.070654
1772478987,575193449,-1.154691,-1.961970,-2.182888,-0.340192,-1.154287,0.223782,1,0.071010,-0.038057,0.070654,-0.037257,0.069308,-0.029842,0.069308,-0.029842,0,-0.430577,0.069308,0.063321,-0.017257,-0.057257,0.069308
1772478987,600179274,-1.156360,-1.964127,-2.184084,-0.337507,-1.153806,0.222585,1,0.070855,-0.038284,0.069308,-0.029842,0.068172,-0.025249,0.068172,-0.025249,0,-0.370376,0.068172,0.061975,-0.009842,-0.049842,0.068172
1772478987,650232388,-1.157646,-1.968055,-2.185434,-0.333919,-1.151754,0.221236,1,0.067792,-0.024004,0.068172,-0.025249,0.066528,-0.034570,0.066528,-0.034570,0,-0.519627,0.066528,0.060839,-0.005249,-0.045249,0.066528
1772478987,675194107,-1.159114,-1.969041,-2.185996,-0.332169,-1.152007,0.220673,1,0.065877,-0.034727,0.066528,-0.034570,0.065838,-0.025917,0.065838,-0.025917,0,-0.393655,0.065838,0.059195,-0.014570,-0.054570,0.065838
1772478987,700303731,-1.159485,-1.969801,-2.186508,-0.331384,-1.151692,0.220161,1,0.065877,-0.031614,0.065838,-0.025917,0.065491,-0.026258,0.065491,-0.026258,0,-0.400943,0.065491,0.058505,-0.005917,-0.045917,0.065491
1772478987,725256911,-1.160062,-1.971832,-2.186731,-0.329594,-1.150572,0.219938,1,0.065809,-0.025949,0.065491,-0.026258,0.064662,-0.032267,0.064662,-0.032267,0,-0.499014,0.064662,0.058157,-0.006258,-0.046258,0.064662
1772478987,775281858,-1.162356,-1.975374,-2.188441,-0.325517,-1.149483,0.218228,1,0.064568,-0.033998,0.064662,-0.032267,0.062906,-0.029368,0.062906,-0.029368,0,-0.466860,0.062906,0.057329,-0.012267,-0.052267,0.062906
1772478987,800329997,-1.163404,-1.975847,-2.189395,-0.324317,-1.149705,0.217276,1,0.062405,-0.025809,0.062906,-0.029368,0.062437,-0.022623,0.062437,-0.022623,0,-0.362332,0.062437,0.055573,-0.009368,-0.049368,0.062437
1772478987,825350516,-1.163980,-1.977527,-2.189728,-0.318403,-1.143536,0.217043,1,0.062110,-0.024166,0.062437,-0.022623,0.055104,-0.042623,0.055104,-0.042623,0,-1.091075,0.059515,0.055104,-0.002623,-0.042623,0.059515
1772478987,875393370,-1.165887,-1.980356,-2.190692,-0.315091,-1.142715,0.216079,1,0.055447,-0.049004,0.055104,-0.042623,0.058096,-0.061723,0.058096,-0.061723,0,-1.062436,0.058096,0.047770,-0.022623,-0.062623,0.058096
1772478987,900405448,-1.167018,-1.981716,-2.191501,-0.313340,-1.142465,0.215270,1,0.058588,-0.060662,0.058096,-0.061723,0.057359,-0.058074,0.057359,-0.058074,0,-1.012449,0.057359,0.050762,-0.041723,-0.081723,0.057359
1772478987,925450449,-1.167411,-1.982371,-2.192762,-0.312609,-1.142242,0.214009,1,0.057277,-0.059607,0.057359,-0.058074,0.057043,-0.056688,0.057043,-0.056688,0,-0.993776,0.057043,0.050026,-0.038074,-0.078074,0.057043
1772478987,975467597,-1.169899,-1.987046,-2.195876,-0.307629,-1.140441,0.210895,1,0.057215,-0.058034,0.057043,-0.056688,0.054869,-0.055480,0.054869,-0.055480,0,-1.011141,0.054869,0.049710,-0.036688,-0.076688,0.054869
1772478988,448010,-1.170555,-1.987105,-2.197251,-0.307103,-1.140838,0.209520,1,0.053653,-0.054273,0.054869,-0.055480,0.054681,-0.049211,0.054681,-0.049211,0,-0.899967,0.054681,0.047535,-0.035480,-0.075480,0.054681
1772478988,50467091,-1.171679,-1.988129,-2.200150,-0.305582,-1.140832,0.206621,1,0.054383,-0.047833,0.054681,-0.049211,0.054057,-0.042310,0.054057,-0.042310,0,-0.782699,0.054057,0.047348,-0.029211,-0.069211,0.054057
1772478988,75527357,-1.173010,-1.990836,-2.200245,-0.302780,-1.139716,0.206527,1,0.054007,-0.040349,0.054057,-0.042310,0.052826,-0.044324,0.052826,-0.044324,0,-0.839050,0.052826,0.046724,-0.022310,-0.062310,0.052826
1772478988,100521120,-1.174701,-1.993229,-2.202136,-0.299920,-1.139074,0.204636,1,0.054445,-0.048655,0.052826,-0.044324,0.051606,-0.040481,0.051606,-0.040481,0,-0.784422,0.051606,0.045493,-0.024324,-0.064324,0.051606
1772478988,150564368,-1.174503,-1.994343,-2.203526,-0.299321,-1.138115,0.203245,1,0.052744,-0.045332,0.051606,-0.040481,0.051293,-0.045500,0.051293,-0.045500,0,-0.887056,0.051293,0.044273,-0.020481,-0.060481,0.051293
1772478988,175593683,-1.175218,-1.994666,-2.205176,-0.298573,-1.138354,0.201595,1,0.051564,-0.035917,0.051293,-0.045500,0.051002,-0.040111,0.051002,-0.040111,0,-0.786450,0.051002,0.043960,-0.025500,-0.065500,0.051002
1772478988,200597019,-1.177091,-1.996340,-2.205833,-0.296062,-1.138368,0.200939,1,0.051252,-0.043672,0.051002,-0.040111,0.050000,-0.033201,0.050000,-0.033201,0,-0.664013,0.050000,0.043669,-0.020111,-0.060111,0.050000
1772478988,250628525,-1.177731,-1.997983,-2.207267,-0.294485,-1.137578,0.199505,1,0.050783,-0.039039,0.050000,-0.033201,0.050000,-0.034837,0.050000,-0.034837,0,-0.696733,0.050000,0.042667,-0.013201,-0.053201,0.050000
1772478988,275639690,-1.179343,-1.999871,-2.208191,-0.292023,-1.137258,0.198580,1,0.049727,-0.032670,0.050000,-0.034837,0.050000,-0.031253,0.050000,-0.031253,0,-0.625057,0.050000,0.042667,-0.014837,-0.054837,0.050000
1772478988,300671526,-1.179013,-1.999067,-2.209469,-0.292807,-1.137633,0.197302,1,0.050162,-0.027709,0.050000,-0.031253,0.050000,-0.028771,0.050000,-0.028771,0,-0.575429,0.050000,0.042667,-0.011253,-0.051253,0.050000
1772478988,325690104,-1.179798,-2.001681,-2.210207,-0.290472,-1.136220,0.196564,1,0.049971,-0.032889,0.050000,-0.028771,0.050000,-0.034394,0.050000,-0.034394,0,-0.687878,0.050000,0.042667,-0.008771,-0.048771,0.050000
1772478988,375729977,-1.180684,-2.003889,-2.211018,-0.288334,-1.135176,0.195753,1,0.049779,-0.024683,0.050000,-0.034394,0.050000,-0.037425,0.050000,-0.037425,0,-0.748507,0.050000,0.042667,-0.014394,-0.054394,0.050000
1772478988,400723876,-1.182828,-2.004214,-2.212325,-0.286526,-1.136372,0.194446,1,0.049863,-0.033647,0.050000,-0.037425,0.050000,-0.022746,0.050000,-0.022746,0,-0.454929,0.050000,0.042667,-0.017425,-0.057425,0.050000
1772478988,425753744,-1.180959,-2.005020,-2.213686,-0.287372,-1.134521,0.193085,1,0.049983,-0.036963,0.050000,-0.022746,0.050000,-0.038178,0.050000,-0.038178,0,-0.763564,0.050000,0.042667,-0.002746,-0.042746,0.050000
1772478988,475785724,-1.184606,-2.007436,-2.214155,-0.283046,-1.135174,0.192616,1,0.050053,-0.017946,0.050000,-0.038178,0.050000,-0.026833,0.050000,-0.026833,0,-0.536657,0.050000,0.042667,-0.018178,-0.058178,0.050000
1772478988,500773460,-1.184990,-2.007781,-2.215388,-0.282685,-1.135021,0.191384,1,0.049904,-0.030597,0.050000,-0.026833,0.050000,-0.026584,0.050000,-0.026584,0,-0.531675,0.050000,0.042667,-0.006833,-0.046833,0.050000
1772478988,525802475,-1.186467,-2.009781,-2.216046,-0.285611,-1.129176,0.190756,1,0.050215,-0.024332,0.050000,-0.026584,0.042667,-0.046584,0.042667,-0.046584,0,-1.572801,0.050000,0.042667,-0.006584,-0.046584,0.050000
1772478988,575817606,-1.187492,-2.010600,-2.216826,-0.284302,-1.129256,0.189976,1,0.049838,-0.026345,0.042667,-0.046584,0.043251,-0.066584,0.043251,-0.066584,0,-1.539476,0.050000,0.035333,-0.026584,-0.066584,0.050000
1772478988,600865441,-1.187746,-2.012487,-2.218465,-0.282848,-1.128026,0.188338,1,0.041444,-0.032835,0.043251,-0.066584,0.050000,-0.086133,0.050000,-0.086133,0,-1.722657,0.050000,0.035918,-0.046584,-0.086584,0.050000
1772478988,650928669,-1.188554,-2.013908,-2.219038,-0.281295,-1.127514,0.187765,1,0.043713,-0.072197,0.050000,-0.086133,0.050000,-0.090225,0.050000,-0.090225,0,-1.804508,0.050000,0.042667,-0.066133,-0.106133,0.050000
1772478988,675862550,-1.188981,-2.014220,-2.221232,-0.280769,-1.127569,0.185571,1,0.050018,-0.085082,0.050000,-0.090225,0.050000,-0.087588,0.050000,-0.087588,0,-1.751762,0.050000,0.042667,-0.070225,-0.110225,0.050000
1772478988,700932463,-1.190882,-2.016339,-2.222957,-0.277938,-1.127270,0.183846,1,0.050522,-0.079575,0.050000,-0.087588,0.050000,-0.088644,0.050000,-0.088644,0,-1.772883,0.050000,0.042667,-0.067588,-0.107588,0.050000
1772478988,740294368,-1.3246971987963199,-1.7109733718789455,-2.552916231271954,-0.27480595004300756,-1.1266187705396078,0.18133747858262295,1,0.049881029814529146,-0.08526296240601505,0.05,-0.08758812368909609,0.05,-0.08758812368909609,0.05,-0.08758812368909609,0,nan,nan,nan,nan,nan,nan
1772478988,760686335,-1.3254564017045083,-1.7114797318026183,-2.5545445919637224,-0.27528479488286317,-1.1272176585492968,0.17897401552821768,1,0.04142971840244149,-0.07692839097744364,0.04266666666666667,-0.06758812368909609,0.04266666666666667,-0.06758812368909609,0.04266666666666667,-0.06758812368909609,0,nan,nan,nan,nan,nan,nan
1772478988,780310427,-1.326169075237497,-1.7119538364076194,-2.5558675666490167,-0.27452629045869337,-1.1268525606288564,0.1766941286923927,1,0.04282698460845842,-0.07000993233082708,0.03533333333333334,-0.04758812368909608,0.03533333333333334,-0.04758812368909608,0.03533333333333334,-0.04758812368909608,0,nan,nan,nan,nan,nan,nan
1772478988,800518099,-1.3268104984300588,-1.7123757835984796,-2.5570670032270932,-0.27452629045869337,-1.1268525606288564,0.1766941286923927,1,0.0340123659683057,-0.045899842105263156,0.03533333333333334,-0.04758812368909608,0.03533333333333334,-0.04758812368909608,0.03533333333333334,-0.04758812368909608,0,nan,nan,nan,nan,nan,nan
1772478988,820153676,-1.3273952445783104,-1.7127637711838883,-2.5580046248454984,-0.2736230607322563,-1.1271439429517855,0.17471191865147512,1,0.03539370124924437,-0.04689993233082708,0.028000000000000008,-0.02758812368909608,0.028000000000000008,-0.02758812368909608,0.028000000000000008,-0.02758812368909608,0,nan,nan,nan,nan,nan,nan
1772478988,840446622,-1.3278498346034917,-1.7130658354014405,-2.558557341379288,-0.27336897388559356,-1.126634234816346,0.17433525084195695,1,0.027872196159660058,-0.03163603007518796,0.028000000000000008,-0.02758812368909608,0.028000000000000008,-0.02758812368909608,0.028000000000000008,-0.02758812368909608,0,nan,nan,nan,nan,nan,nan
1772478988,860560152,-1.3282421821509962,-1.7133292140642853,-2.5589234723384386,-0.27429080454826593,-1.1270166698477548,0.17258951391679286,1,0.01877154002759108,-0.006791195488721813,0.020666666666666673,-0.007588123689096081,0.020666666666666673,-0.007588123689096081,0.020666666666666673,-0.007588123689096081,0,nan,nan,nan,nan,nan,nan
1772478988,880680296,-1.3285847115391585,-1.7135532265998308,-2.5590878306830582,-0.27138301424635136,-1.126643977536081,0.17244980233409057,1,0.020417056757379152,-0.012106278195488734,0.01333333333333334,0.01241187631090392,0.01333333333333334,0.01241187631090392,0.01333333333333334,0.01241187631090392,0,nan,nan,nan,nan,nan,nan
1772478988,900919181,-1.3287939065186913,-1.7136915057178568,-2.558871017094237,-0.27138301424635136,-1.126643977536081,0.17244980233409057,1,0.013098216772397551,0.013095706766917306,0.01333333333333334,0.01241187631090392,0.01333333333333334,0.01241187631090392,0.01333333333333334,0.01241187631090392,0,nan,nan,nan,nan,nan,nan
1772478988,920909799,-1.3290118894033343,-1.7138367693499579,-2.558610551467286,-0.27313681098918563,-1.125982022512124,0.1728675963179731,1,0.013033199018333039,0.008767646616541357,0.006000000000000006,0.03241187631090392,0.006000000000000006,0.03241187631090392,0.006000000000000006,0.03241187631090392,0,nan,nan,nan,nan,nan,nan
1772478988,940849152,-1.3291048258473803,-1.7138932785607148,-2.55803168702899,-0.2708461061243641,-1.1261041874299786,0.17263057239772345,1,0.00607781236135188,0.0362072030075188,0.006000000000000006,0.03241187631090392,0.006000000000000006,0.03241187631090392,0.006000000000000006,0.03241187631090392,0,nan,nan,nan,nan,nan,nan
1772478988,960542884,-1.3291470328499913,-1.7139277287146162,-2.5571809649802795,-0.271813471826849,-1.125989740775087,0.17351350809354857,1,-0.0004553907932472309,0.049408172932330824,0.0,0.052411876310903924,0.0,0.052411876310903924,0.0,0.052411876310903924,0,nan,nan,nan,nan,nan,nan
1772478988,980550791,-1.3291451253974227,-1.7139328683547952,-2.556087406173038,-0.27201422507098183,-1.1265575248541613,0.1739061977911364,1,1.853139842856422e-05,0.057236135338345866,0.0,0.07241187631090393,0.0,0.07241187631090393,0.0,0.07241187631090393,0,nan,nan,nan,nan,nan,nan
1772478989,564571,-1.3291382413628385,-1.7139350670820488,-2.5546712815955495,-0.27201422507098183,-1.1265575248541613,0.1739061977911364,1,-0.00032123229080370194,0.06673637593984963,0.0,0.07241187631090393,0.0,0.07241187631090393,0.0,0.07241187631090393,0,nan,nan,nan,nan,nan,nan
1772478989,20888869,-1.3291336960643654,-1.7139367703390516,-2.553113736628024,-0.27093816500474377,-1.1264434977816085,0.17578729782739203,1,-9.378931375508687e-05,0.08216743609022556,0.0,0.09241187631090393,0.0,0.09241187631090393,0.0,0.09241187631090393,0,nan,nan,nan,nan,nan,nan
1772478989,40772958,-1.3291316284871522,-1.71393931601078,-2.5512839306057806,-0.2723341768944829,-1.1272697788138906,0.1770326182451971,1,-3.133224052670342e-05,0.09747599248120299,0.0,0.09241187631090393,0.0,0.09241187631090393,0.0,0.09241187631090393,0,nan,nan,nan,nan,nan,nan
1772478989,60554980,-1.329128609039908,-1.7139410337618404,-2.5492847750297507,-0.2721293826227784,-1.1260626765425013,0.17914061735307543,1,-0.00010074716006467755,0.11115663157894737,0.0,0.11241187631090394,0.0,0.11241187631090394,0.0,0.11241187631090394,0,nan,nan,nan,nan,nan,nan
1772478989,80568531,-1.329123964150746,-1.713939383117101,-2.5470307764721447,-0.2708482096995328,-1.1260078884048865,0.1813884367484761,1,-0.0002623841324072646,0.10914165413533834,0.0,0.13241187631090393,0.0,0.13241187631090393,0.0,0.13241187631090393,0,nan,nan,nan,nan,nan,nan
1772478989,100570316,-1.329121640246444,-1.713938895000624,-2.544423345544903,-0.2708482096995328,-1.1260078884048865,0.1813884367484761,1,-7.40533069127632e-05,0.13511886466165415,0.0,0.13241187631090393,0.0,0.13241187631090393,0.0,0.13241187631090393,0,nan,nan,nan,nan,nan,nan
1772478989,120511628,-1.3291214101175282,-1.7139393852313456,-2.5416125412309505,-0.27093184648909263,-1.126300470895981,0.18409851048920278,1,5.861372436269625e-06,0.15902893233082707,0.0,0.15241187631090392,0.0,0.15241187631090392,0.0,0.15241187631090392,0,nan,nan,nan,nan,nan,nan
1772478989,140807228,-1.329121173841734,-1.7139398578866378,-2.538517829001325,-0.2711007027484018,-1.1261419441895917,0.18797472939186596,1,-1.2109894640409564e-06,0.14926439097744362,0.0,0.15241187631090392,0.0,0.15241187631090392,0.0,0.15241187631090392,0,nan,nan,nan,nan,nan,nan
1772478989,160310127,-1.3291199293919747,-1.7139399174355854,-2.535368472196101,-0.2704416323398817,-1.1255305561861424,0.19168116983985203,1,-9.801991464587478e-05,0.18214665413533834,0.0,0.1724118763109039,0.0,0.1724118763109039,0.0,0.1724118763109039,0,nan,nan,nan,nan,nan,nan
1772478989,180632238,-1.3291195359706536,-1.7139419915150835,-2.5318553766765497,-0.2720035880354321,-1.1257766109329699,0.19531188967224145,1,3.149469477226297e-05,0.16658421052631578,0.0,0.1924118763109039,0.0,0.1924118763109039,0.0,0.1924118763109039,0,nan,nan,nan,nan,nan,nan
1772478989,200846608,-1.329118874215907,-1.7139431670079985,-2.527967244646309,-0.2720035880354321,-1.1257766109329699,0.19531188967224145,1,-2.183666302861568e-05,0.20290652631578948,0.0,0.1924118763109039,0.0,0.1924118763109039,0.0,0.1924118763109039,0,nan,nan,nan,nan,nan,nan
1772478989,220802603,-1.3291186631940721,-1.7139437493626544,-2.5239938847495047,-0.27019352480307735,-1.1262911306135015,0.19996547751422641,1,-8.985105741890446e-07,0.21176139097744362,0.0,0.21241187631090389,0.0,0.21241187631090389,0.0,0.21241187631090389,0,nan,nan,nan,nan,nan,nan
1772478989,240446965,-1.3291180691031814,-1.7139426197146312,-2.519830694730093,-0.27155253136067703,-1.1253800317475007,0.20445709764656145,1,-2.610169922367676e-05,0.203083,0.0,0.21241187631090389,0.0,0.21241187631090389,0.0,0.21241187631090389,0,nan,nan,nan,nan,nan,nan
1772478989,260714312,-1.3291177934308698,-1.713942911392395,-2.5153670637270586,-0.2711028697356759,-1.1261785709926473,0.20981266762175108,1,2.0831435382654243e-05,0.232484007518797,0.0,0.23241187631090388,0.0,0.23241187631090388,0.0,0.23241187631090388,0,nan,nan,nan,nan,nan,nan
1772478989,280707971,-1.3291167425261856,-1.7139413970274608,-2.5107220948337137,-0.27096241784124864,-1.1261315932542109,0.21526677488412596,1,-7.38699057113616e-05,0.22768435338345866,0.0,0.2524118763109039,0.0,0.2524118763109039,0.0,0.2524118763109039,0,nan,nan,nan,nan,nan,nan
1772478989,300708171,-1.3291142261297704,-1.713941143105168,-2.505641908029606,-0.27096241784124864,-1.1261315932542109,0.21526677488412596,1,-5.313585275387197e-05,0.2655693984962406,0.0,0.2524118763109039,0.0,0.2524118763109039,0.0,0.2524118763109039,0,nan,nan,nan,nan,nan,nan
1772478989,320757736,-1.3291140527850946,-1.7139418907040675,-2.500451570499468,-0.27127428058480163,-1.1263257007605763,0.22120511380569124,1,5.691041970869946e-05,0.2695008345864662,0.0,0.2724118763109039,0.0,0.2724118763109039,0.0,0.2724118763109039,0,nan,nan,nan,nan,nan,nan
1772478989,341027522,-1.3291137872238612,-1.7139422334296137,-2.4949076289474768,-0.2717584889585787,-1.1266226342863168,0.2273196497734466,1,-2.7076331166241663e-07,0.2535553909774436,0.0,0.29241187631090393,0.0,0.29241187631090393,0.0,0.29241187631090393,0,nan,nan,nan,nan,nan,nan
1772478989,360611320,-1.3291121680258051,-1.7139426170452217,-2.4893658561797913,-0.2714986229308276,-1.1266696493986577,0.234915311370209,1,-2.483285474573514e-05,0.2883279022556391,0.0,0.29241187631090393,0.0,0.29241187631090393,0.0,0.29241187631090393,0,nan,nan,nan,nan,nan,nan
1772478989,380916148,-1.329111764398958,-1.7139429634588805,-2.4833931193365295,-0.27162057685751195,-1.126570970186522,0.2414382019036558,1,-2.2379016788077015e-08,0.2960923909774436,0.0,0.31241187631090395,0.0,0.31241187631090395,0.0,0.31241187631090395,0,nan,nan,nan,nan,nan,nan
1772478989,400409039,-1.329111500077147,-1.7139433045704622,-2.477367196283982,-0.27162057685751195,-1.126570970186522,0.2414382019036558,1,1.077138441742428e-07,0.31255439097744364,0.0,0.31241187631090395,0.0,0.31241187631090395,0.0,0.31241187631090395,0,nan,nan,nan,nan,nan,nan
1772478989,420568219,-1.329111235501977,-1.7139436460062396,-2.4709112694909585,-0.27218734768880193,-1.126043695705162,0.2485769979663131,1,2.470915071011276e-07,0.3249213909774436,0.0,0.33241187631090396,0.0,0.33241187631090396,0.0,0.33241187631090396,0,nan,nan,nan,nan,nan,nan
1772478989,440640622,-1.3291110482853872,-1.7139439849609397,-2.4641857912868694,-0.27147287179204804,-1.1269784963690448,0.25674809292619405,1,-2.719728829213753e-06,0.33056815037593984,0.0,0.352411876310904,0.0,0.352411876310904,0.0,0.352411876310904,0,nan,nan,nan,nan,nan,nan
1772478989,460322379,-1.3291105061819473,-1.713944335452458,-2.457300254030404,-0.27254101298079947,-1.1271750104934195,0.26504265037910335,1,5.408844762082754e-07,0.35690239097744364,0.0,0.352411876310904,0.0,0.352411876310904,0.0,0.352411876310904,0,nan,nan,nan,nan,nan,nan
1772478989,480455369,-1.3291102278099347,-1.7139446150798008,-2.450154694569381,-0.2731111477562931,-1.1261766786158507,0.2735717715916678,1,2.5875465375863295e-05,0.34014390225563906,0.0,0.372411876310904,0.0,0.372411876310904,0.0,0.372411876310904,0,nan,nan,nan,nan,nan,nan
1772478989,500720564,-1.3291093724729754,-1.7139449758517924,-2.442649339182214,-0.2731111477562931,-1.1261766786158507,0.2735717715916678,1,8.569841038833953e-07,0.3862553909774436,0.0,0.372411876310904,0.0,0.372411876310904,0.0,0.372411876310904,0,nan,nan,nan,nan,nan,nan
1772478989,520032789,-1.3291091079540633,-1.7139453171981494,-2.435305413345038,-0.2723131575763107,-1.126822658042597,0.2822866510638194,1,1.0154008557776718e-06,0.3916073909774436,0.0,0.392411876310904,0.0,0.392411876310904,0.0,0.392411876310904,0,nan,nan,nan,nan,nan,nan
1772478989,540026813,-1.3291088435844922,-1.7139456583490247,-2.427437489744154,-0.26998471816034364,-1.1252609516865242,0.28838569209593495,1,1.1850659956174551e-06,0.3900253909774436,0.0,0.41241187631090404,0.0,0.41241187631090404,0.0,0.41241187631090404,0,nan,nan,nan,nan,nan,nan
1772478989,560273553,-1.3291088563576943,-1.7139459911506565,-2.419057169424068,-0.2697189965382343,-1.125988737291804,0.2988581255431145,1,6.28084016148371e-07,0.41811725563909774,0.0,0.41241187631090404,0.0,0.41241187631090404,0.0,0.41241187631090404,0,nan,nan,nan,nan,nan,nan
1772478989,580388923,-1.32910859157784,-1.7139463328265658,-2.4107492397657246,-0.269955527039095,-1.1263460064335404,0.3082634550347873,1,1.5447231404147136e-06,0.40039339097744364,0.0,0.43241187631090405,0.0,0.43241187631090405,0.0,0.43241187631090405,0,nan,nan,nan,nan,nan,nan
1772478989,601556978,-1.3291069362197852,-1.7139467183046315,-2.40163725169484,-0.269955527039095,-1.1263460064335404,0.3082634550347873,1,-1.814488889416566e-05,0.45766814285714286,0.0,0.43241187631090405,0.0,0.43241187631090405,0.0,0.43241187631090405,0,nan,nan,nan,nan,nan,nan
1772478989,620902252,-1.329106671292488,-1.7139470601595639,-2.393087319929027,-0.2717406635125732,-1.126929544997453,0.3188569861839215,1,1.92469378867784e-06,0.44077239097744364,0.0,0.45241187631090407,0.0,0.45241187631090407,0.0,0.45241187631090407,0,nan,nan,nan,nan,nan,nan
1772478989,640751273,-1.3291064067828868,-1.7139474014727432,-2.384067394382104,-0.27054272672131274,-1.1267582281546416,0.3293920794405606,1,2.118611085080096e-06,0.45053239097744363,0.0,0.4724118763109041,0.0,0.4724118763109041,0.0,0.4724118763109041,0,nan,nan,nan,nan,nan,nan
1772478989,660736090,-1.3291054175510566,-1.7139477659361857,-2.3746852666636933,-0.27103084779499476,-1.127038190872704,0.34174413414161525,1,2.32004546061748e-06,0.46751839097744363,0.0,0.4724118763109041,0.0,0.4724118763109041,0.0,0.4724118763109041,0,nan,nan,nan,nan,nan,nan
1772478989,680440982,-1.3291040408578432,-1.7139481428301682,-2.3653048918387363,-0.27103084779499476,-1.127038190872704,0.34174413414161525,1,-7.450046105835108e-05,0.4705932556390977,0.0,0.4924118763109041,0.0,0.4924118763109041,0.0,0.4924118763109041,0,nan,nan,nan,nan,nan,nan
1772478989,700636292,-1.3291031097217176,-1.7139485052468564,-2.3553271022651536,-0.27113157760350504,-1.126594428645822,0.3528011549337631,1,2.734971488140521e-06,0.49733239097744364,0.0,0.4924118763109041,0.0,0.4924118763109041,0.0,0.4924118763109041,0,nan,nan,nan,nan,nan,nan
1772478989,720652940,-1.3291028449025506,-1.7139488469381612,-2.345311172277267,-0.2715343901190401,-1.126743447833583,0.3648944888450952,1,2.9493798036357107e-06,0.5047673909774436,0.0,0.5124118763109041,0.0,0.5124118763109041,0.0,0.5124118763109041,0,nan,nan,nan,nan,nan,nan
1772478989,740715386,-1.3291025804071535,-1.7139491882089428,-2.3350132471140945,-0.2708619805530148,-1.1264980494142727,0.3767402947291804,1,3.169518724771893e-06,0.5130923909774436,0.0,0.5324118763109041,0.0,0.5324118763109041,0.0,0.5324118763109041,0,nan,nan,nan,nan,nan,nan
1772478989,760309853,-1.3291023156709119,-1.7139495297877094,-2.3245593183966413,-0.2717517270990033,-1.126493714685564,0.38973153641272834,1,3.3926500788900827e-06,0.5351773909774437,0.0,0.5324118763109041,0.0,0.5324118763109041,0.0,0.5324118763109041,0,nan,nan,nan,nan,nan,nan
1772478989,780516965,-1.3291020508933222,-1.7139498714170531,-2.313581389085517,-0.27242242501632896,-1.126903436607031,0.4029505290290557,1,3.6265707770498787e-06,0.5580803909774437,0.0,0.5524118763109042,0.0,0.5524118763109042,0.0,0.5524118763109042,0,nan,nan,nan,nan,nan,nan
1772478989,800683225,-1.329101785367479,-1.7139502140090472,-2.302381448690273,-0.27242242501632896,-1.126903436607031,0.4029505290290557,1,3.8647733290573415e-06,0.5489483909774436,0.0,0.5724118763109042,0.0,0.5724118763109042,0.0,0.5724118763109042,0,nan,nan,nan,nan,nan,nan
1772478989,820847192,-1.329101286759452,-1.7139505620077504,-2.291162171388965,-0.2732321858319944,-1.1263810179966323,0.41655745505880204,1,4.102873212563398e-06,0.5577863909774436,0.0,0.5724118763109042,0.0,0.5724118763109042,0.0,0.5724118763109042,0,nan,nan,nan,nan,nan,nan
1772478989,840671936,-1.32910010194234,-1.7139509334742453,-2.279738903826715,-0.27240068917172566,-1.1277930553642574,0.43062369590145405,1,-5.295562940460374e-05,0.5770301654135339,0.0,0.5924118763109042,0.0,0.5924118763109042,0.0,0.5924118763109042,0,nan,nan,nan,nan,nan,nan
1772478989,860537560,-1.3291001337014812,-1.7139512643997608,-2.267984702890505,-0.2724364118067695,-1.1266948127288101,0.44495497064226586,1,2.060994195845723e-06,0.5924941503759398,0.0,0.5924118763109042,0.0,0.5924118763109042,0.0,0.5924118763109042,0,nan,nan,nan,nan,nan,nan
1772478989,880912617,-1.3290998688038238,-1.713951606166646,-2.255812771922411,-0.27319335486353324,-1.1258896889671284,0.4595082842308098,1,4.849584042389281e-06,0.5942813909774436,0.0,0.6,0.0,0.6,0.0,0.6,0,nan,nan,nan,nan,nan,nan
1772478989,900812380,-1.3290996105401927,-1.7139519779565457,-2.24379666217742,-0.27319335486353324,-1.1258896889671284,0.4595082842308098,1,7.856323074178005e-06,0.616625135338346,0.0,0.6,0.0,0.6,0.0,0.6,0,nan,nan,nan,nan,nan,nan
1772478989,920825381,-1.329098659309842,-1.7139523408160482,-2.231788757268067,-0.2726307311690701,-1.1269929394745895,0.47421777358143274,1,-1.597347222838103e-06,0.5931978120300753,0.0,0.6,0.0,0.6,0.0,0.6,0,nan,nan,nan,nan,nan,nan
1772478989,940725439,-1.3290985846451717,-1.7139526763638884,-2.219815930454647,-0.2725574272951121,-1.126526323662415,0.48918525943261215,1,1.6601792058372617e-05,0.6034813157894737,0.0,0.6,0.0,0.6,0.0,0.6,0,nan,nan,nan,nan,nan,nan
1772478989,960443357,-1.329097677656109,-1.7139530401335177,-2.207902265350345,-0.2722957628769995,-1.1263596245064669,0.5044317716032274,1,5.85176000268775e-06,0.6079583909774436,0.0,0.6,0.0,0.6,0.0,0.6,0,nan,nan,nan,nan,nan,nan
1772478989,980752123,-1.3290974143995924,-1.7139533797644928,-2.1956443588692487,-0.27298633805401584,-1.1263998092142273,0.519542149633791,1,6.106140573759786e-06,0.6096753909774436,0.0,0.6,0.0,0.6,0.0,0.6,0,nan,nan,nan,nan,nan,nan
1772478990,661127,-1.32909699024624,-1.7139537270071403,-2.1836815015936715,-0.27298633805401584,-1.1263998092142273,0.519542149633791,1,6.353492846226078e-06,0.5991093909774436,0.0,0.6,0.0,0.6,0.0,0.6,0,nan,nan,nan,nan,nan,nan
1772478990,20442807,-1.3290957797705243,-1.713954097565124,-2.1717880973516124,-0.2718906283935234,-1.1257627129882755,0.5347441628233212,1,-4.4359882278773206e-05,0.594735060150376,0.0,0.6,0.0,0.6,0.0,0.6,0,nan,nan,nan,nan,nan,nan
1772478990,40843357,-1.3290955152915214,-1.7139544387604375,-2.159488172821998,-0.27342864772080233,-1.1262948965557245,0.5496102743570217,1,6.850845710439339e-06,0.6042303909774436,0.0,0.6,0.0,0.6,0.0,0.6,0,nan,nan,nan,nan,nan,nan
1772478990,60580344,-1.329095250413239,-1.7139547804680761,-2.147610242387504,-0.27208233632182033,-1.125245935768776,0.5644881615596167,1,7.093630889103017e-06,0.5976643909774436,0.0,0.6,0.0,0.6,0.0,0.6,0,nan,nan,nan,nan,nan,nan
1772478990,80724474,-1.3290949857188135,-1.7139551219357583,-2.1354163147011214,-0.27133756144041987,-1.1265303243108256,0.5796312364953088,1,7.3418365271609276e-06,0.5984493909774437,0.0,0.6,0.0,0.6,0.0,0.6,0,nan,nan,nan,nan,nan,nan
1772478990,100488564,-1.3290935365377172,-1.7139567812078098,-2.1235003214989554,-0.27133756144041987,-1.1265303243108256,0.5796312364953088,1,7.916978343440679e-05,0.5940980375939849,0.0,0.6,0.0,0.6,0.0,0.6,0,nan,nan,nan,nan,nan,nan
1772478990,120542900,-1.3290932715480828,-1.7139571230394361,-2.1114763895534345,-0.27168822271064874,-1.126416167433463,0.5950296614230027,1,7.825596056018457e-06,0.5914433909774436,0.0,0.6,0.0,0.6,0.0,0.6,0,nan,nan,nan,nan,nan,nan
1772478990,140960404,-1.3290927710313816,-1.713957471907446,-2.0991850952157485,-0.27108641604518846,-1.1269600710141794,0.6095394296372288,1,8.072387517410057e-06,0.6133823909774436,0.0,0.6,0.0,0.6,0.0,0.6,0,nan,nan,nan,nan,nan,nan
1772478990,160304035,-1.3290925062747854,-1.7139578134319509,-2.087527166774823,-0.27239011862627294,-1.1274677055872777,0.6246378079367457,1,8.305358379473397e-06,0.6033193909774436,0.0,0.6,0.0,0.6,0.0,0.6,0,nan,nan,nan,nan,nan,nan
1772478990,180271833,-1.3290922417096933,-1.713958154706656,-2.0754812411952948,-0.2711646035096438,-1.126829261466126,0.6396859991499098,1,8.544900298349782e-06,0.5930873909774436,0.0,0.6,0.0,0.6,0.0,0.6,0,nan,nan,nan,nan,nan,nan
1772478990,200402921,-1.3290919769068161,-1.713958496285321,-2.063369312107458,-0.2711646035096438,-1.126829261466126,0.6396859991499098,1,8.784505754584818e-06,0.5951403909774436,0.0,0.6,0.0,0.6,0.0,0.6,0,nan,nan,nan,nan,nan,nan
1772478990,221055720,-1.3290917121851764,-1.7139588377564243,-2.050925384244909,-0.2702969363098986,-1.1259106118938746,0.6550888964129625,1,9.029339555340664e-06,0.6095073909774437,0.0,0.6,0.0,0.6,0.0,0.6,0,nan,nan,nan,nan,nan,nan
1772478990,240534971,-1.3290914474537239,-1.7139591792374151,-2.0392134562566646,-0.27047567255116745,-1.126599110423299,0.6703427531828695,1,9.258491020385596e-06,0.5944493909774436,0.0,0.6,0.0,0.6,0.0,0.6,0,nan,nan,nan,nan,nan,nan
1772478990,260900173,-1.3290908748595058,-1.713959530240793,-2.0269357450609142,-0.27112520080716696,-1.1265243226815524,0.6853032466821936,1,-3.193514217851098e-06,0.6041148872180452,0.0,0.6,0.0,0.6,0.0,0.6,0,nan,nan,nan,nan,nan,nan
1772478990,280534278,-1.329090610086813,-1.7139598717681817,-2.0151078165096017,-0.27112520080716696,-1.1265243226815524,0.6853032466821936,1,9.726074630150788e-06,0.6069843909774436,0.0,0.6,0.0,0.6,0.0,0.6,0,nan,nan,nan,nan,nan,nan
1772478990,300542959,-1.3290900035570679,-1.7139602250691943,-2.0030698997620426,-0.26929966027303687,-1.126528969346458,0.7008626807598825,1,-3.264932954145726e-06,0.5964157819548872,0.0,0.6,0.0,0.6,0.0,0.6,0,nan,nan,nan,nan,nan,nan
1772478990,320279459,-1.3290897397902726,-1.7139605652921746,-1.9911599861853553,-0.26959951132402926,-1.1254980285197091,0.7156569588273448,1,1.0185001393382519e-05,0.5893383909774437,0.0,0.6,0.0,0.6,0.0,0.6,0,nan,nan,nan,nan,nan,nan
1772478990,340762777,-1.329089474739072,-1.7139609071690918,-1.978830053571503,-0.269109561456371,-1.1261634105416263,0.7306586604479155,1,1.0419049256112826e-05,0.5937793909774436,0.0,0.6,0.0,0.6,0.0,0.6,0,nan,nan,nan,nan,nan,nan
1772478990,360768936,-1.3290892100967795,-1.7139612485158076,-1.966772127044596,-0.2696518426510801,-1.1252080349352473,0.7459535808703132,1,1.0646401657790974e-05,0.5930773909774436,0.0,0.6,0.0,0.6,0.0,0.6,0,nan,nan,nan,nan,nan,nan
1772478990,380596291,-1.3290889453003434,-1.713961590058574,-1.9548941982505603,-0.2696518426510801,-1.1252080349352473,0.7459535808703132,1,1.0868846795719843e-05,0.5898103909774436,0.0,0.6,0.0,0.6,0.0,0.6,0,nan,nan,nan,nan,nan,nan
1772478990,400551032,-1.3290883509935585,-1.7139619421833645,-1.9427403579866116,-0.2679155862309215,-1.1218145366541536,0.7620359142103982,1,1.2422663918706318e-07,0.6106297669172932,0.0,0.6,0.0,0.6,0.0,0.6,0,nan,nan,nan,nan,nan,nan
1772478990,420509720,-1.3290880867003958,-1.7139622830701187,-1.9307564367090355,-0.26726422715255227,-1.122802107217232,0.7772305730058178,1,1.1316102320894516e-05,0.6063033909774436,0.0,0.6,0.0,0.6,0.0,0.6,0,nan,nan,nan,nan,nan,nan
1772478990,440911293,-1.3290878213244233,-1.7139626253507094,-1.9184804993859395,-0.26682219019691633,-1.1220916976354238,0.7924086998122083,1,1.1541074613098516e-05,0.6075393909774436,0.0,0.6,0.0,0.6,0.0,0.6,0,nan,nan,nan,nan,nan,nan
1772478990,460532352,-1.329087557393879,-1.7139629657642337,-1.906694583528168,-0.26682219019691633,-1.1220916976354238,0.7924086998122083,1,1.1755429193641519e-05,0.5920613909774436,0.0,0.6,0.0,0.6,0.0,0.6,0,nan,nan,nan,nan,nan,nan
1772478990,480406847,-1.3290869524291438,-1.7139633180802532,-1.8947086824857886,-0.26678297630400927,-1.1219372013225681,0.8076309483814335,1,1.197171271410479e-05,0.6050153909774436,0.0,0.6,0.0,0.6,0.0,0.6,0,nan,nan,nan,nan,nan,nan
1772478990,500701840,-1.3290866875394245,-1.7139636597239754,-1.8824527524468129,-0.2669916676081652,-1.1221354661138359,0.8225471972259081,1,1.2191129481437393e-05,0.6045653909774437,0.0,0.6,0.0,0.6,0.0,0.6,0,nan,nan,nan,nan,nan,nan
1772478990,520931474,-1.3290864227718515,-1.7139640012073873,-1.8703328242399841,-0.2657168242288117,-1.122184385617207,0.8377063534715108,1,1.240631114320392e-05,0.6080623909774436,0.0,0.6,0.0,0.6,0.0,0.6,0,nan,nan,nan,nan,nan,nan
1772478990,540898388,-1.3290861580153268,-1.71396434267378,-1.8583488962169559,-0.2686757690418764,-1.1230738314951012,0.853351714383596,1,1.2617286900077737e-05,0.6089633909774436,0.0,0.6,0.0,0.6,0.0,0.6,0,nan,nan,nan,nan,nan,nan
1772478990,560639396,-1.3290858932826388,-1.71396468410666,-1.846374968567492,-0.26941655094242023,-1.1238467057429853,0.8680491858277996,1,1.2826278008933307e-05,0.6042193909774436,0.0,0.6,0.0,0.6,0.0,0.6,0,nan,nan,nan,nan,nan,nan
1772478990,580770651,-1.3290857311812079,-1.7139650221170815,-1.8342556372087309,-0.2684041735874674,-1.1219795548240956,0.8834729872128351,1,1.18545387218445e-05,0.5986471654135338,0.0,0.6,0.0,0.6,0.0,0.6,0,nan,nan,nan,nan,nan,nan
1772478990,600737018,-1.3290854663189493,-1.713965363711951,-1.822231707673712,-0.2684041735874674,-1.1219795548240956,0.8834729872128351,1,1.3242063033081604e-05,0.5982293909774437,0.0,0.6,0.0,0.6,0.0,0.6,0,nan,nan,nan,nan,nan,nan
1772478990,620437730,-1.3290840469547076,-1.7139657415532292,-1.8103870865058729,-0.2693707584174976,-1.1235956891294925,0.8976826511547167,1,1.185044703907277e-05,0.6107150526315789,0.0,0.6,0.0,0.6,0.0,0.6,0,nan,nan,nan,nan,nan,nan
1772478990,640704985,-1.3290837816979622,-1.71396608364659,-1.7982471511920475,-0.26905854895142545,-1.122670297236496,0.9128679163536955,1,1.364735461117072e-05,0.5797783909774437,0.0,0.6,0.0,0.6,0.0,0.6,0,nan,nan,nan,nan,nan,nan
1772478990,660815169,-1.3290835174357674,-1.7139664244545452,-1.7860312306530979,-0.2675870919157193,-1.1225932499248312,0.9262699248105619,1,1.3850838115887558e-05,0.6011093909774436,0.0,0.6,0.0,0.6,0.0,0.6,0,nan,nan,nan,nan,nan,nan
1772478990,680956922,-1.3290832528057357,-1.713966765734119,-1.7739853046768737,-0.2675870919157193,-1.1225932499248312,0.9262699248105619,1,1.4049466458833504e-05,0.5959043909774436,0.0,0.6,0.0,0.6,0.0,0.6,0,nan,nan,nan,nan,nan,nan
1772478990,700706618,-1.3290829874608991,-1.7139671079327619,-1.7620733681159528,-0.2673128774546907,-1.1226053497384805,0.9414726120756373,1,1.4243881219698363e-05,0.6031303909774436,0.0,0.6,0.0,0.6,0.0,0.6,0,nan,nan,nan,nan,nan,nan
1772478990,720984570,-1.3290825539565205,-1.713967453954285,-1.749890467319535,-0.26681451340148366,-1.1228419453926768,0.9564017439110145,1,1.1947500813682272e-05,0.5921385864661655,0.0,0.6,0.0,0.6,0.0,0.6,0,nan,nan,nan,nan,nan,nan
1772478990,740845012,-1.3290822890556138,-1.713967795574187,-1.7378325373893697,-0.26649674317308225,-1.1232211663840115,0.9716518942918213,1,1.4633236537540335e-05,0.6015383909774437,0.0,0.6,0.0,0.6,0.0,0.6,0,nan,nan,nan,nan,nan,nan
1772478990,760574711,-1.3290820243804233,-1.7139681369002333,-1.726006610827714,-0.26611498316017324,-1.122240669436573,0.9870037620565174,1,1.4820085817714616e-05,0.6084293909774436,0.0,0.6,0.0,0.6,0.0,0.6,0,nan,nan,nan,nan,nan,nan
1772478990,780506450,-1.3290817596771114,-1.713968478259777,-1.7139906838687473,-0.26611498316017324,-1.122240669436573,0.9870037620565174,1,1.5007816520926448e-05,0.6008793909774436,0.0,0.6,0.0,0.6,0.0,0.6,0,nan,nan,nan,nan,nan,nan
1772478990,801017274,-1.3290814948538061,-1.7139688197712937,-1.701660755149536,-0.2670603641507334,-1.1215184255003958,1.0025700572518663,1,1.5198203288488268e-05,0.5934333909774436,0.0,0.6,0.0,0.6,0.0,0.6,0,nan,nan,nan,nan,nan,nan
1772478990,820770951,-1.3290812302099393,-1.7139691610486414,-1.6898348291122325,-0.26687601078706313,-1.1211944076431721,1.0179881800495834,1,1.5378636318563715e-05,0.5955273909774437,0.0,0.6,0.0,0.6,0.0,0.6,0,nan,nan,nan,nan,nan,nan
1772478990,840873067,-1.3290809654693907,-1.7139695024478991,-1.677672901660504,-0.26707302134122957,-1.1218888537327731,1.0324683690496737,1,1.556195550905639e-05,0.6135713909774436,0.0,0.6,0.0,0.6,0.0,0.6,0,nan,nan,nan,nan,nan,nan
1772478990,860539499,-1.3290807006297098,-1.7139698439722233,-1.6658049727580708,-0.2653221817216225,-1.1207616202623596,1.0481268867450668,1,1.5738624427132004e-05,0.5992243909774436,0.0,0.6,0.0,0.6,0.0,0.6,0,nan,nan,nan,nan,nan,nan
1772478990,880578748,-1.329080435539143,-1.7139701858173035,-1.653675040153647,-0.2653221817216225,-1.1207616202623596,1.0481268867450668,1,1.5916905468450027e-05,0.6043763909774437,0.0,0.6,0.0,0.6,0.0,0.6,0,nan,nan,nan,nan,nan,nan
1772478990,900510643,-1.3290800583186424,-1.7139705304496324,-1.6417824628527775,-0.26945729931305085,-1.1143399367683284,1.0639174878244448,1,1.6089415569786266e-05,0.5921663909774436,0.0,0.6,0.0,0.6,0.0,0.6,0,nan,nan,nan,nan,nan,nan
1772478990,920810031,-1.3290797934830132,-1.7139708719599598,-1.6295165340734634,-0.2697298441629403,-1.1143380961369633,1.0794322911141532,1,1.6264970395265816e-05,0.6027223909774436,0.0,0.6,0.0,0.6,0.0,0.6,0,nan,nan,nan,nan,nan,nan
1772478990,941032246,-1.329079528863236,-1.713971213189175,-1.6173126085161336,-0.2690546967070926,-1.1142792421533092,1.094455595869777,1,1.64372106123965e-05,0.6054343909774437,0.0,0.6,0.0,0.6,0.0,0.6,0,nan,nan,nan,nan,nan,nan
1772478990,960683927,-1.3290790633528846,-1.7139715611162596,-1.6054835156644636,-0.2687496211918483,-1.1140726827399605,1.1095855637833674,1,1.6536065156106122e-05,0.6004924812030076,0.0,0.6,0.0,0.6,0.0,0.6,0,nan,nan,nan,nan,nan,nan
1772478990,980567000,-1.3290787985503925,-1.7139719025747269,-1.5935015874423082,-0.2687496211918483,-1.1140726827399605,1.1095855637833674,1,1.6766182790651578e-05,0.5953183909774437,0.0,0.6,0.0,0.6,0.0,0.6,0,nan,nan,nan,nan,nan,nan
1772478991,515596,-1.3290785340006401,-1.7139722437045246,-1.5814756629892945,-0.26715290561201277,-1.108912072924813,1.1240907314441704,1,1.6928742493986045e-05,0.5959783909774437,0.0,0.6,0.0,0.6,0.0,0.6,0,nan,nan,nan,nan,nan,nan
1772478991,20642813,-1.329078269058392,-1.7139725853376646,-1.569343732733717,-0.2671031138634974,-1.1092621062174879,1.1391562229334513,1,1.709025633445085e-05,0.5958623909774436,0.0,0.6,0.0,0.6,0.0,0.6,0,nan,nan,nan,nan,nan,nan
1772478991,40531611,-1.3290780040600574,-1.7139729270403523,-1.5573818016660574,-0.266798913467055,-1.1092655958106055,1.1545371507613102,1,1.724704517757633e-05,0.5921143909774437,0.0,0.6,0.0,0.6,0.0,0.6,0,nan,nan,nan,nan,nan,nan
1772478991,60729342,-1.3290768266822262,-1.713973296896764,-1.5451625852457802,-0.26613719671891856,-1.108120313614201,1.1698420074317117,1,2.261499968312139e-05,0.6127811654135339,0.0,0.6,0.0,0.6,0.0,0.6,0,nan,nan,nan,nan,nan,nan
1772478991,80550677,-1.3290765619120521,-1.7139736382959823,-1.5332006576293118,-0.26613719671891856,-1.108120313614201,1.1698420074317117,1,1.7556375017685877e-05,0.6036953909774436,0.0,0.6,0.0,0.6,0.0,0.6,0,nan,nan,nan,nan,nan,nan
1772478991,100710496,-1.3290761327436689,-1.7139739848628535,-1.521161776974413,-0.26153798804099937,-1.104808979240202,1.1874537402518133,1,1.9035989983100224e-05,0.6042305789473684,0.0,0.6,0.0,0.6,0.0,0.6,0,nan,nan,nan,nan,nan,nan
1772478991,120925849,-1.3290758678537686,-1.7139743264102356,-1.508979847626538,-0.262062885324887,-1.105848790545439,1.2022750047787383,1,1.785598585054954e-05,0.5871603909774437,0.0,0.6,0.0,0.6,0.0,0.6,0,nan,nan,nan,nan,nan,nan
1772478991,140947891,-1.3290746277130674,-1.7139746989222333,-1.4969262623218818,-0.2612349966488523,-1.1055163545851274,1.2176403543197583,1,1.8001136397609362e-05,0.6009203909774437,0.0,0.6,0.0,0.6,0.0,0.6,0,nan,nan,nan,nan,nan,nan
1772478991,160827349,-1.329074363539753,-1.7139750395361522,-1.4849543436720332,-0.26187069913598693,-1.1052666947394392,1.232653661459223,1,1.8142784546990253e-05,0.5970883909774436,0.0,0.6,0.0,0.6,0.0,0.6,0,nan,nan,nan,nan,nan,nan
1772478991,180525169,-1.3290740987120302,-1.7139753809910714,-1.4730644153347934,-0.26187069913598693,-1.1052666947394392,1.232653661459223,1,1.828089025568618e-05,0.5972663909774436,0.0,0.6,0.0,0.6,0.0,0.6,0,nan,nan,nan,nan,nan,nan
1772478991,200705468,-1.3290732015812532,-1.7139757423123005,-1.4609308213909635,-0.26446824908351063,-1.1048431324452086,1.2504393919676444,1,2.730999864472254e-05,0.6089834060150376,0.0,0.6,0.0,0.6,0.0,0.6,0,nan,nan,nan,nan,nan,nan
1772478991,220754346,-1.3290727827103477,-1.7139760888555058,-1.4488099982423568,-0.26322975506002555,-1.1049240701185412,1.2655301294404875,1,1.855453688825844e-05,0.6078953909774436,0.0,0.6,0.0,0.6,0.0,0.6,0,nan,nan,nan,nan,nan,nan
1772478991,240814822,-1.3290721882940668,-1.7139764407357045,-1.4367501586771747,-0.2626861122259032,-1.1040066662802972,1.2806766906441225,1,2.409582299397225e-05,0.6161277669172932,0.0,0.6,0.0,0.6,0.0,0.6,0,nan,nan,nan,nan,nan,nan
1772478991,260782078,-1.329071923965731,-1.7139767815311309,-1.4247342378597416,-0.26298620375439086,-1.1046615852145756,1.2957936097543743,1,1.88154121434006e-05,0.5959573909774436,0.0,0.6,0.0,0.6,0.0,0.6,0,nan,nan,nan,nan,nan,nan
1772478991,280330423,-1.3290714129049885,-1.7139771305635305,-1.4129168831600118,-0.26298620375439086,-1.1046615852145756,1.2957936097543743,1,2.357675702857189e-05,0.6002152481203007,0.0,0.6,0.0,0.6,0.0,0.6,0,nan,nan,nan,nan,nan,nan
1772478991,300890423,-1.3290711480151254,-1.7139774720763832,-1.400566954060384,-0.26867277422870384,-1.104790655793159,1.3118793071812456,1,1.9066325085006342e-05,0.5982403909774436,0.0,0.6,0.0,0.6,0.0,0.6,0,nan,nan,nan,nan,nan,nan
1772478991,320784024,-1.329070744402662,-1.7139778179187808,-1.3886142209361232,-0.268025893236596,-1.1048568072854645,1.32684813847088,1,1.9186317459321975e-05,0.6068793909774436,0.0,0.6,0.0,0.6,0.0,0.6,0,nan,nan,nan,nan,nan,nan
1772478991,340663078,-1.3290704796009205,-1.7139781593119152,-1.3766402931874675,-0.2685960733637023,-1.1034710513473949,1.3421689248432296,1,1.930378429281868e-05,0.6032663909774436,0.0,0.6,0.0,0.6,0.0,0.6,0,nan,nan,nan,nan,nan,nan
1772478991,360614152,-1.3290700913524063,-1.7139785047822085,-1.364591648332425,-0.26858414603708924,-1.103986185309596,1.3570823867975679,1,1.941918575475288e-05,0.5976533909774436,0.0,0.6,0.0,0.6,0.0,0.6,0,nan,nan,nan,nan,nan,nan
1772478991,380691185,-1.3290698265656133,-1.7139788461500285,-1.352451720848908,-0.26858414603708924,-1.103986185309596,1.3570823867975679,1,1.9532619455865443e-05,0.6057903909774436,0.0,0.6,0.0,0.6,0.0,0.6,0,nan,nan,nan,nan,nan,nan
1772478991,400959463,-1.3290695617382613,-1.713979187567369,-1.3403417927836934,-0.27109269318709694,-1.1043793092649112,1.374334041230743,1,1.9642906644713505e-05,0.5991933909774436,0.0,0.6,0.0,0.6,0.0,0.6,0,nan,nan,nan,nan,nan,nan
1772478991,420709733,-1.3290692970498386,-1.7139795288028332,-1.3283678667990169,-0.270381312195934,-1.1050210842204917,1.3893326082924369,1,1.9749124507421236e-05,0.6044603909774436,0.0,0.6,0.0,0.6,0.0,0.6,0,nan,nan,nan,nan,nan,nan
1772478991,440703314,-1.329069031908542,-1.713979870619368,-1.3164359341170275,-0.2694585906229712,-1.1044529485106278,1.4047822234798422,1,1.985215493009569e-05,0.5869723909774436,0.0,0.6,0.0,0.6,0.0,0.6,0,nan,nan,nan,nan,nan,nan
1772478991,460418394,-1.3290686548076875,-1.7139802149762542,-1.3045153593562482,-0.2696896620384437,-1.105105594436467,1.4194897650090068,1,1.9952261490886878e-05,0.6168903909774436,0.0,0.6,0.0,0.6,0.0,0.6,0,nan,nan,nan,nan,nan,nan
1772478991,480834998,-1.3290683895486854,-1.7139805569385256,-1.292247424971567,-0.2696896620384437,-1.105105594436467,1.4194897650090068,1,2.0052333143506512e-05,0.5952973909774436,0.0,0.6,0.0,0.6,0.0,0.6,0,nan,nan,nan,nan,nan,nan
1772478991,500832287,-1.3290681251494478,-1.7139808977896551,-1.2801815033589643,-0.2669456201984648,-1.1106607337190346,1.434981466842526,1,2.014781475448973e-05,0.6129743909774437,0.0,0.6,0.0,0.6,0.0,0.6,0,nan,nan,nan,nan,nan,nan
1772478991,520757510,-1.3290678604019466,-1.7139812390869844,-1.268165576600726,-0.266758176961158,-1.10967101696515,1.4503799286729997,1,2.0239987483140245e-05,0.5924593909774436,0.0,0.6,0.0,0.6,0.0,0.6,0,nan,nan,nan,nan,nan,nan
1772478991,540783916,-1.3290675956213656,-1.7139815804241905,-1.2561076493717174,-0.2674090139150098,-1.1107714197663336,1.4651421818495451,1,2.0329546789334315e-05,0.6060413909774436,0.0,0.6,0.0,0.6,0.0,0.6,0,nan,nan,nan,nan,nan,nan
1772478991,560439264,-1.3290673307960925,-1.7139819218162418,-1.2442817214997355,-0.26771064723377425,-1.1100813592536407,1.4799644916247767,1,2.0414513356201076e-05,0.6133403909774436,0.0,0.6,0.0,0.6,0.0,0.6,0,nan,nan,nan,nan,nan,nan
1772478991,580654843,-1.329067065479065,-1.713982263839448,-1.2321397863540149,-0.26771064723377425,-1.1100813592536407,1.4799644916247767,1,2.049878245134933e-05,0.5981033909774436,0.0,0.6,0.0,0.6,0.0,0.6,0,nan,nan,nan,nan,nan,nan
1772478991,600588551,-1.3290668011099434,-1.7139826046379338,-1.2201878652873752,-0.26881446095322703,-1.1093440249504813,1.4965231492020394,1,2.0578782988193327e-05,0.5907843909774436,0.0,0.6,0.0,0.6,0.0,0.6,0,nan,nan,nan,nan,nan,nan
1772478991,620240686,-1.3290665363006822,-1.7139829460010378,-1.2082779377125268,-0.2684461974886361,-1.1092061650733032,1.5115962646566046,1,2.0655580106164244e-05,0.6017063909774436,0.0,0.6,0.0,0.6,0.0,0.6,0,nan,nan,nan,nan,nan,nan
1772478991,640142106,-1.32906627150867,-1.713983287339138,-1.196284010413411,-0.26868756630403734,-1.1095206078596136,1.5267738104620512,1,2.0729960011547597e-05,0.6122723909774436,0.0,0.6,0.0,0.6,0.0,0.6,0,nan,nan,nan,nan,nan,nan
1772478991,660517739,-1.3290660066486206,-1.713983628762175,-1.184038082125074,-0.26905624422135244,-1.1086227809205522,1.5417035890048758,1,2.080282840747943e-05,0.5942603909774437,0.0,0.6,0.0,0.6,0.0,0.6,0,nan,nan,nan,nan,nan,nan
1772478991,680300756,-1.329065741835681,-1.7139839701217154,-1.1721381545553449,-0.26905624422135244,-1.1086227809205522,1.5417035890048758,1,2.087065070993064e-05,0.6049733909774436,0.0,0.6,0.0,0.6,0.0,0.6,0,nan,nan,nan,nan,nan,nan
1772478991,700729132,-1.3290654767872498,-1.7139843117820464,-1.1598082235128295,-0.26820278423112454,-1.1043100006231001,1.5544993087146417,1,2.0937808902447855e-05,0.5867203909774437,0.0,0.6,0.0,0.6,0.0,0.6,0,nan,nan,nan,nan,nan,nan
1772478991,720734784,-1.3290645596887902,-1.713984673479577,-1.1478205151017316,-0.268740203665808,-1.1038336908898003,1.5693045694757946,1,4.961647690129103e-05,0.6096132857142857,0.0,0.6,0.0,0.6,0.0,0.6,0,nan,nan,nan,nan,nan,nan
1772478991,740766778,-1.3290636177074693,-1.7139850360299642,-1.1356966618816993,-0.26757596028403086,-1.1035119832566995,1.5843761852462914,1,2.382547534058423e-05,0.604789030075188,0.0,0.6,0.0,0.6,0.0,0.6,0,nan,nan,nan,nan,nan,nan
1772478991,760523481,-1.3290633529682108,-1.7139853772780231,-1.1238067355232921,-0.2685628686249748,-1.1044582972887058,1.5993439517233023,1,2.111562459996992e-05,0.5981873909774437,0.0,0.6,0.0,0.6,0.0,0.6,0,nan,nan,nan,nan,nan,nan
1772478991,780625523,-1.3290630876775142,-1.7139857192341088,-1.1116768010064284,-0.2685628686249748,-1.1044582972887058,1.5993439517233023,1,2.1169400934709772e-05,0.5885953909774436,0.0,0.6,0.0,0.6,0.0,0.6,0,nan,nan,nan,nan,nan,nan
1772478991,800498536,-1.329062823168846,-1.713986060179405,-1.099722878107645,-0.27128355386801273,-1.1046368262665833,1.6153032286454465,1,2.1219351513382788e-05,0.5945223909774436,0.0,0.6,0.0,0.6,0.0,0.6,0,nan,nan,nan,nan,nan,nan
1772478991,820642478,-1.329062558370784,-1.7139864014949564,-1.0875949509367793,-0.27242847510141965,-1.10439498613846,1.6299005399382478,1,2.1266932729249146e-05,0.6009943909774437,0.0,0.6,0.0,0.6,0.0,0.6,0,nan,nan,nan,nan,nan,nan
1772478991,840761298,-1.3290622932123326,-1.713986743272264,-1.0754850184409754,-0.2728338121248117,-1.1048021196855236,1.6450495712154714,1,2.1311324247285055e-05,0.5947633909774436,0.0,0.6,0.0,0.6,0.0,0.6,0,nan,nan,nan,nan,nan,nan
1772478991,860802859,-1.329062028817092,-1.7139870840630642,-1.0634370972839837,-0.272463824875107,-1.1045940292930656,1.6601140417030535,1,2.135238913208703e-05,0.6037903909774436,0.0,0.6,0.0,0.6,0.0,0.6,0,nan,nan,nan,nan,nan,nan
1772478991,880652326,-1.3290617637946571,-1.7139874256595142,-1.0514431668451785,-0.272463824875107,-1.1045940292930656,1.6601140417030535,1,2.1390193411529675e-05,0.6101883909774436,0.0,0.6,0.0,0.6,0.0,0.6,0,nan,nan,nan,nan,nan,nan
1772478991,900965289,-1.3290614988729645,-1.7139877671233434,-1.039261237920332,-0.2723538879686358,-1.105811352071147,1.6769365503306237,1,2.142544270395505e-05,0.5998943909774436,0.0,0.6,0.0,0.6,0.0,0.6,0,nan,nan,nan,nan,nan,nan
1772478991,920944430,-1.3290612342713648,-1.7139881081718322,-1.0272253137624892,-0.2727312703617235,-1.1056904168541348,1.6917911033569974,1,2.145714889705857e-05,0.5851713909774436,0.0,0.6,0.0,0.6,0.0,0.6,0,nan,nan,nan,nan,nan,nan
1772478991,940687804,-1.3290609688200048,-1.7139884503128118,-1.0154073770222887,-0.272607011308613,-1.1065218336563398,1.7065886626854092,1,2.1485258269701512e-05,0.6000723909774436,0.0,0.6,0.0,0.6,0.0,0.6,0,nan,nan,nan,nan,nan,nan
1772478991,960520944,-1.3290607043071636,-1.7139887912413654,-1.0033614542205136,-0.2726561718950835,-1.1060090828070757,1.721562922789934,1,2.151082406345211e-05,0.6034863909774436,0.0,0.6,0.0,0.6,0.0,0.6,0,nan,nan,nan,nan,nan,nan
1772478991,980751184,-1.3290604395537837,-1.7139891324771825,-0.9911995278713484,-0.2726561718950835,-1.1060090828070757,1.721562922789934,1,2.1533471662474294e-05,0.6022503909774436,0.0,0.6,0.0,0.6,0.0,0.6,0,nan,nan,nan,nan,nan,nan
1772478992,566385,-1.3290601746471307,-1.713989473907782,-0.9792895992689985,-0.2698424142497018,-1.104738685417325,1.7363720220078551,1,2.1552565166422213e-05,0.6081673909774437,0.0,0.6,0.0,0.6,0.0,0.6,0,nan,nan,nan,nan,nan,nan
1772478992,20801351,-1.3290599096386897,-1.7139898154668016,-0.9670956691770166,-0.270181611214801,-1.105565879324101,1.7514570532443847,1,2.156894881535558e-05,0.6058633909774436,0.0,0.6,0.0,0.6,0.0,0.6,0,nan,nan,nan,nan,nan,nan
1772478992,40536734,-1.3290596447152756,-1.7139901569134632,-0.9551957403658983,-0.2695153690274692,-1.1045562679127623,1.7663342179702866,1,2.158184733200548e-05,0.6105763909774437,0.0,0.6,0.0,0.6,0.0,0.6,0,nan,nan,nan,nan,nan,nan
1772478992,60495188,-1.3290593803047963,-1.7139904976962668,-0.9431698191814242,-0.2695174286755524,-1.1058721214996505,1.7813378933668222,1,2.159177965242986e-05,0.5919353909774436,0.0,0.6,0.0,0.6,0.0,0.6,0,nan,nan,nan,nan,nan,nan
1772478992,80545686,-1.3290591149645001,-1.713990839674682,-0.9311438842277688,-0.2695174286755524,-1.1058721214996505,1.7813378933668222,1,2.1598591383258982e-05,0.5975173909774436,0.0,0.6,0.0,0.6,0.0,0.6,0,nan,nan,nan,nan,nan,nan
1772478992,100832182,-1.3290588502709084,-1.713991180816837,-0.9189399588845113,-0.2731562740816704,-1.0993711101370685,1.7975716789821041,1,2.160231272245297e-05,0.5960413909774436,0.0,0.6,0.0,0.6,0.0,0.6,0,nan,nan,nan,nan,nan,nan
1772478992,120701767,-1.32905858554671,-1.7139915219956734,-0.9069860331072341,-0.2736323886771759,-1.1002871244651302,1.8122127670649628,1,2.1602840711949063e-05,0.5968153909774436,0.0,0.6,0.0,0.6,0.0,0.6,0,nan,nan,nan,nan,nan,nan
1772478992,140737310,-1.3290583208674964,-1.7139918631137683,-0.8948461080169247,-0.2743499440674402,-1.1007888832413175,1.8271044578354585,1,2.160021962016254e-05,0.6095703909774436,0.0,0.6,0.0,0.6,0.0,0.6,0,nan,nan,nan,nan,nan,nan
1772478992,160840809,-1.3290580557531473,-1.7139922047898934,-0.8829461764936362,-0.2747697778577596,-1.0997314433635603,1.8419394372851237,1,2.1594562810097026e-05,0.5870973909774436,0.0,0.58,0.0,0.58,0.0,0.58,0,nan,nan,nan,nan,nan,nan
1772478992,180659238,-1.3290577909627916,-1.7139925460456915,-0.8713702497948965,-0.2747697778577596,-1.0997314433635603,1.8419394372851237,1,2.1586127857951887e-05,0.5955273909774437,0.0,0.5599999999999999,0.0,0.5599999999999999,0.0,0.5599999999999999,0,nan,nan,nan,nan,nan,nan
1772478992,200736727,-1.3290578274556961,-1.7139942363061464,-0.8599963132246452,-0.27136355971705495,-1.1013449308627061,1.8535520781911023,1,7.741488804511738e-05,0.553794045112782,0.0,0.5599999999999999,0.0,0.5599999999999999,0.0,0.5599999999999999,0,nan,nan,nan,nan,nan,nan
1772478992,220810317,-1.3290575082171006,-1.713996785282673,-0.8487502268067039,-0.27125553314060635,-1.1007428359596019,1.8683388951360034,1,5.631087251314749e-05,0.5501076466165413,0.0,0.5399999999999999,0.0,0.5399999999999999,0.0,0.5399999999999999,0,nan,nan,nan,nan,nan,nan
