path,PP,APP,RPP,DWPP
PathA,0.027421062117029892,0.029484736961183738,0.02958172127545235,0.02979538390141222
PathB,0.052060555357714845,0.055587249157183174,0.035188728302209954,0.03011243434390925
PathC,0.19867438222918282,0.1392367122016262,0.04967762399707568,0.02894011642049173
