path,PP,APP,RPP,DWPP
PathA,0.025362243686350934,0.02585307542579016,0.02336531558010537,0.02519992307910893
PathB,0.06766161258633249,0.05429917297310451,0.03031831349005966,0.02618412619845353
PathC,0.2225774654006605,0.18220456793352685,0.0592960563461222,0.030963261763426907
