sec,nsec,x,y,yaw,map_x,map_y,map_yaw,map_pose_valid,v_real,w_real,v_now,w_now,v_cmd,w_cmd,v_nav,w_nav,velocity_violation,curvature,dw_v_max,dw_v_min,dw_w_max,dw_w_min,v_reg
1772480466,317552599,0.104917,-1.992512,2.427487,-1.428255,-0.356188,-1.295914,1,0.000000,0.000000,0.050000,-0.020996,0.042667,-0.000996,0.042667,-0.000996,0,13.426503,0.057333,0.042667,-0.000996,-0.040996,0.220000
1772480466,342546720,0.103282,-1.991935,2.428051,-1.427205,-0.357569,-1.295349,1,0.000000,0.000000,0.042667,-0.000996,0.035333,0.019004,0.035333,0.019004,0,13.555823,0.050000,0.035333,0.019004,-0.020996,0.220000
1772480466,367530780,0.104757,-1.992771,2.427091,-1.427978,-0.356060,-1.296309,1,0.007068,0.010773,0.035333,0.019004,0.028000,0.039004,0.028000,0.039004,0,13.411025,0.042667,0.028000,0.039004,-0.000996,0.220000
1772480466,417586142,0.103683,-1.993672,2.428552,-1.426586,-0.355897,-1.294849,1,0.014881,0.016563,0.028000,0.039004,0.020667,0.059004,0.020667,0.059004,0,13.346231,0.035333,0.020667,0.059004,0.019004,0.220000
1772480466,442601912,0.104321,-1.992048,2.430297,-1.428011,-0.356904,-1.293104,1,0.022322,0.042872,0.020667,0.059004,0.013333,0.079004,0.013333,0.079004,0,13.469009,0.028000,0.013333,0.079004,0.039004,0.220000
1772480466,467782456,0.102586,-1.992188,2.430898,-1.426485,-0.357740,-1.292502,1,0.020954,0.058698,0.013333,0.079004,0.007319,0.099004,0.007319,0.099004,0,13.527634,0.020667,0.006000,0.099004,0.059004,0.220000
1772480466,517715916,0.102542,-1.992229,2.433106,-1.426425,-0.357730,-1.290295,1,0.013081,0.086713,0.007319,0.099004,0.008816,0.119004,0.008816,0.119004,0,13.498530,0.014652,0.000000,0.119004,0.079004,0.220000
1772480466,542735213,0.102951,-1.991824,2.433895,-1.426990,-0.357844,-1.289506,1,0.007574,0.083039,0.008816,0.119004,0.010288,0.139004,0.010288,0.139004,0,13.511864,0.016149,0.001483,0.139004,0.099004,0.220000
1772480466,567806831,0.102691,-1.992385,2.435608,-1.426464,-0.357518,-1.287793,1,0.008648,0.119728,0.010288,0.139004,0.011827,0.159004,0.011827,0.159004,0,13.444358,0.017621,0.002954,0.159004,0.119004,0.220000
1772480466,617835392,0.102919,-1.991454,2.441441,-1.427166,-0.358170,-1.281959,1,0.010484,0.137416,0.011827,0.159004,0.013299,0.179004,0.013299,0.179004,0,13.460325,0.019160,0.004493,0.179004,0.139004,0.220000
1772480466,642930081,0.102787,-1.991629,2.446719,-1.426960,-0.358096,-1.276681,1,0.011430,0.171548,0.013299,0.179004,0.014869,0.199004,0.014869,0.199004,0,13.383465,0.020632,0.005965,0.199004,0.159004,0.220000
1772480466,667862252,0.102507,-1.990513,2.452150,-1.427340,-0.359182,-1.271250,1,0.013209,0.186819,0.014869,0.199004,0.016285,0.219004,0.016285,0.219004,0,13.448575,0.022203,0.007536,0.219004,0.179004,0.220000
1772480466,717966922,0.102292,-1.990055,2.461444,-1.427411,-0.359684,-1.261956,1,0.015544,0.199464,0.016285,0.219004,0.017845,0.239004,0.017845,0.239004,0,13.393430,0.023618,0.008951,0.239004,0.199004,0.220000
1772480466,742996987,0.101907,-1.989097,2.466031,-1.427616,-0.360695,-1.257369,1,0.015921,0.225281,0.017845,0.239004,0.019247,0.259004,0.019247,0.259004,0,13.456676,0.025178,0.010512,0.259004,0.219004,0.220000
1772480466,768054995,0.100962,-1.990112,2.469751,-1.426269,-0.360367,-1.253649,1,0.017757,0.242697,0.019247,0.259004,0.020900,0.279004,0.020900,0.279004,0,13.349704,0.026581,0.011914,0.279004,0.239004,0.220000
1772480466,818173760,0.101620,-1.987173,2.483766,-1.428434,-0.362461,-1.239634,1,0.018931,0.257199,0.020900,0.279004,0.022223,0.299004,0.022223,0.299004,0,13.454984,0.028233,0.013566,0.299004,0.259004,0.220000
1772480466,843209279,0.102134,-1.989549,2.489447,-1.427558,-0.360193,-1.233954,1,0.020768,0.291172,0.022223,0.299004,0.024339,0.319004,0.024339,0.319004,0,13.106746,0.029556,0.014889,0.319004,0.279004,0.220000
1772480466,868219490,0.100628,-1.987128,2.497856,-1.427630,-0.363044,-1.225545,1,0.022221,0.306224,0.024339,0.319004,0.025424,0.339004,0.025424,0.339004,0,13.334265,0.031672,0.017006,0.339004,0.299004,0.220000
1772480466,918280595,0.100677,-1.987747,2.512370,-1.427331,-0.362500,-1.211030,1,0.024924,0.318511,0.025424,0.339004,0.027437,0.359004,0.027437,0.359004,0,13.084551,0.032757,0.018090,0.359004,0.319004,0.220000
1772480466,943313722,0.099262,-1.986398,2.520915,-1.426890,-0.364404,-1.202486,1,0.027706,0.349570,0.027437,0.359004,0.028732,0.379004,0.028732,0.379004,0,13.191172,0.034771,0.020104,0.379004,0.339004,0.220000
1772480466,968394983,0.099289,-1.986868,2.528929,-1.426654,-0.363997,-1.194471,1,0.027401,0.349160,0.028732,0.379004,0.030602,0.399004,0.030602,0.399004,0,13.038564,0.036065,0.021398,0.399004,0.359004,0.220000
1772480467,18488976,0.099255,-1.985971,2.546896,-1.427119,-0.364764,-1.176505,1,0.028618,0.373953,0.030602,0.399004,0.032459,0.419004,0.032459,0.419004,0,12.908549,0.037935,0.023269,0.419004,0.379004,0.220000
1772480467,43566268,0.096077,-1.985775,2.556149,-1.424571,-0.366674,-1.167251,1,0.030542,0.402274,0.032459,0.419004,0.033849,0.439004,0.033849,0.439004,0,12.969562,0.039793,0.025126,0.439004,0.399004,0.220000
1772480467,68634050,0.096381,-1.985532,2.566501,-1.424958,-0.366711,-1.156899,1,0.032493,0.429462,0.033849,0.439004,0.035725,0.459004,0.035725,0.459004,0,12.848285,0.041182,0.026515,0.459004,0.419004,0.220000
1772480467,118703953,0.094958,-1.984434,2.587509,-1.424373,-0.368410,-1.135891,1,0.034280,0.430909,0.035725,0.459004,0.037515,0.479004,0.037515,0.479004,0,12.768247,0.043058,0.028392,0.479004,0.439004,0.220000
1772480467,143758269,0.094911,-1.983407,2.599250,-1.424898,-0.369294,-1.124151,1,0.037521,0.462836,0.037515,0.479004,0.039197,0.499004,0.039197,0.499004,0,12.730638,0.044849,0.030182,0.499004,0.459004,0.220000
1772480467,168788596,0.093087,-1.982423,2.610804,-1.423915,-0.371119,-1.112597,1,0.037621,0.470307,0.039197,0.499004,0.040612,0.519004,0.040612,0.519004,0,12.779454,0.046530,0.031864,0.519004,0.479004,0.220000
1772480467,218943474,0.092423,-1.980936,2.634622,-1.424177,-0.372726,-1.088778,1,0.038604,0.498143,0.040612,0.519004,0.042558,0.539004,0.042558,0.539004,0,12.665280,0.047946,0.033279,0.539004,0.499004,0.220000
1772480467,244080343,0.089818,-1.981619,2.647937,-1.421626,-0.373586,-1.075464,1,0.041219,0.520060,0.042558,0.539004,0.044542,0.559004,0.044542,0.559004,0,12.549973,0.049891,0.035224,0.559004,0.519004,0.220000
1772480467,268993260,0.089604,-1.979161,2.661141,-1.422797,-0.375758,-1.062260,1,0.042716,0.536517,0.044542,0.559004,0.045749,0.579004,0.045749,0.579004,0,12.656030,0.051876,0.037209,0.579004,0.539004,0.220000
1772480467,319133746,0.089583,-1.981364,2.687097,-1.421569,-0.373928,-1.036304,1,0.044837,0.562890,0.045749,0.579004,0.049640,0.599004,0.049640,0.599004,0,12.066951,0.053083,0.038416,0.599004,0.559004,0.220000
1772480467,344228164,0.087197,-1.978413,2.702332,-1.421198,-0.377706,-1.021068,1,0.046326,0.572843,0.049640,0.599004,0.048702,0.600000,0.048702,0.600000,0,12.319866,0.056973,0.042307,0.600000,0.579004,0.220000
1772480467,369319264,0.084248,-1.976476,2.717872,-1.419798,-0.380944,-1.005529,1,0.049712,0.606368,0.048702,0.600000,0.048072,0.600000,0.048072,0.600000,0,12.481155,0.056035,0.041368,0.600000,0.580000,0.220000
1772480467,419353071,0.082807,-1.976265,2.746866,-1.418710,-0.381912,-0.976535,1,0.048894,0.603235,0.048072,0.600000,0.049208,0.600000,0.049208,0.600000,0,12.193177,0.055406,0.040739,0.600000,0.580000,0.220000
1772480467,444473964,0.080939,-1.976487,2.762119,-1.417028,-0.382753,-0.961282,1,0.049125,0.597138,0.049208,0.600000,0.049745,0.600000,0.049745,0.600000,0,12.061498,0.056541,0.041875,0.600000,0.580000,0.220000
1772480467,469548245,0.079316,-1.975684,2.777360,-1.416113,-0.384316,-0.946040,1,0.048718,0.596959,0.049745,0.600000,0.049870,0.600000,0.049870,0.600000,0,12.031228,0.057078,0.042412,0.600000,0.580000,0.220000
1772480467,519634203,0.077191,-1.975409,2.807427,-1.414489,-0.385714,-0.915974,1,0.049212,0.608459,0.049870,0.600000,0.050988,0.600000,0.050988,0.600000,0,11.767454,0.057204,0.042537,0.600000,0.580000,0.220000
1772480467,544697740,0.075990,-1.975543,2.822484,-1.413412,-0.386262,-0.900916,1,0.051194,0.588392,0.050988,0.600000,0.051678,0.600000,0.051678,0.600000,0,11.610358,0.058321,0.043655,0.600000,0.580000,0.220000
1772480467,569771780,0.074386,-1.973589,2.837789,-1.413146,-0.388776,-0.885612,1,0.050912,0.599799,0.051678,0.600000,0.051237,0.600000,0.051237,0.600000,0,11.710176,0.059011,0.044345,0.600000,0.580000,0.220000
1772480467,619810748,0.072488,-1.973837,2.867796,-1.411423,-0.389612,-0.855604,1,0.051090,0.597073,0.051237,0.600000,0.052779,0.600000,0.052779,0.600000,0,11.368080,0.058571,0.043904,0.600000,0.580000,0.220000
1772480467,644883621,0.070765,-1.973490,2.882706,-1.410175,-0.390848,-0.840694,1,0.052961,0.597618,0.052779,0.600000,0.053119,0.600000,0.053119,0.600000,0,11.295371,0.060113,0.045446,0.600000,0.580000,0.220000
1772480467,669914810,0.069777,-1.972409,2.898208,-1.409943,-0.392295,-0.825192,1,0.052716,0.605749,0.053119,0.600000,0.053300,0.600000,0.053300,0.600000,0,11.257014,0.060452,0.045786,0.600000,0.580000,0.220000
1772480467,720047261,0.067094,-1.971605,2.928137,-1.408143,-0.394441,-0.795264,1,0.052976,0.611533,0.053300,0.600000,0.054165,0.600000,0.054165,0.600000,0,11.077262,0.060633,0.045967,0.600000,0.580000,0.220000
1772480467,745058915,0.065963,-1.972926,2.942682,-1.406473,-0.393959,-0.780719,1,0.053541,0.646740,0.054165,0.600000,0.055664,0.600000,0.055664,0.600000,0,10.778885,0.061498,0.046832,0.600000,0.580000,0.220000
1772480467,770165523,0.064083,-1.971154,2.957941,-1.405876,-0.396472,-0.765460,1,0.053470,0.605744,0.055664,0.600000,0.055150,0.600000,0.055150,0.600000,0,10.879513,0.062998,0.048331,0.600000,0.580000,0.220000
1772480467,820273287,0.061834,-1.972313,2.987314,-1.403773,-0.397182,-0.737169,1,0.054730,0.609010,0.055150,0.600000,0.056991,0.600000,0.056991,0.600000,0,10.528050,0.062483,0.047816,0.600000,0.580000,0.220000
1772480467,845293040,0.059631,-1.971791,3.002418,-1.402221,-0.398831,-0.722065,1,0.057063,0.606280,0.056991,0.600000,0.057128,0.600000,0.057128,0.600000,0,10.502660,0.064324,0.049657,0.600000,0.580000,0.220000
1772480467,870354809,0.058803,-1.970701,3.017790,-1.402129,-0.400196,-0.706693,1,0.056963,0.593723,0.057128,0.600000,0.057381,0.600000,0.057381,0.600000,0,10.456347,0.064462,0.049795,0.600000,0.580000,0.220000
1772480467,920419744,0.054981,-1.970928,3.047725,-1.398814,-0.402110,-0.676758,1,0.057416,0.614645,0.057381,0.600000,0.058708,0.600000,0.058708,0.600000,0,10.219987,0.064715,0.050048,0.600000,0.580000,0.220000
1772480467,945490822,0.054570,-1.970499,3.063367,-1.398707,-0.402695,-0.661116,1,0.059072,0.588480,0.058708,0.600000,0.059627,0.600000,0.059627,0.600000,0,10.062482,0.066042,0.051375,0.600000,0.580000,0.220000
1772480467,970543463,0.052782,-1.969493,3.078616,-1.397331,-0.404865,-0.645865,1,0.059217,0.595280,0.059627,0.600000,0.059342,0.600000,0.059342,0.600000,0,10.110937,0.066961,0.052294,0.600000,0.580000,0.220000
1772480468,20642603,0.049452,-1.971068,3.108073,-1.389012,-0.409070,-0.616383,1,0.059158,0.604395,0.059342,0.600000,0.059205,0.600000,0.059205,0.600000,0,10.134306,0.066675,0.052008,0.600000,0.580000,0.220000
1772480468,45659243,0.048275,-1.970106,3.123357,-1.388558,-0.410521,-0.601099,1,0.058568,0.608253,0.059205,0.600000,0.059422,0.600000,0.059422,0.600000,0,10.097200,0.066538,0.051872,0.600000,0.580000,0.220000
1772480468,70730199,0.046072,-1.970580,3.138495,-1.386458,-0.411338,-0.585961,1,0.058855,0.602121,0.059422,0.600000,0.060267,0.600000,0.060267,0.600000,0,9.955661,0.066756,0.052089,0.600000,0.580000,0.220000
1772480468,120869740,0.043506,-1.970135,-3.114803,-1.384256,-0.413184,-0.556335,1,0.060283,0.593518,0.060267,0.600000,0.061643,0.600000,0.061643,0.600000,0,9.733476,0.067601,0.052934,0.600000,0.580000,0.220000
1772480468,145822469,0.041316,-1.971428,-3.099814,-1.378505,-0.413984,-0.544104,1,0.061978,0.605808,0.061643,0.600000,0.062555,0.600000,0.062555,0.600000,0,9.591627,0.068976,0.054310,0.600000,0.580000,0.220000
1772480468,170894686,0.040809,-1.972376,-3.084782,-1.377559,-0.413474,-0.529073,1,0.062527,0.607353,0.062555,0.600000,0.064684,0.600000,0.064684,0.600000,0,9.275929,0.069888,0.055221,0.600000,0.580000,0.220000
1772480468,220992255,0.037101,-1.971672,-3.054649,-1.374858,-0.416112,-0.498940,1,0.064768,0.607786,0.064684,0.600000,0.065566,0.600000,0.065566,0.600000,0,9.151118,0.072017,0.057350,0.600000,0.580000,0.220000
1772480468,245864432,0.035531,-1.971431,-3.039431,-1.373613,-0.417274,-0.483552,1,0.066332,0.595372,0.065566,0.600000,0.066208,0.600000,0.066208,0.600000,0,9.062356,0.072899,0.058232,0.600000,0.580000,0.220000
1772480468,271011644,0.034244,-1.972293,-3.024273,-1.371162,-0.418481,-0.466191,1,0.066293,0.618317,0.066208,0.600000,0.067146,0.600000,0.067146,0.600000,0,8.935723,0.073541,0.058875,0.600000,0.580000,0.220000
1772480468,321103838,0.029515,-1.972975,-2.994651,-1.366840,-0.420517,-0.436569,1,0.067545,0.614749,0.067146,0.600000,0.068819,0.600000,0.068819,0.600000,0,8.718522,0.074480,0.059813,0.600000,0.580000,0.220000
1772480468,346148314,0.027704,-1.974404,-2.979887,-1.364826,-0.420754,-0.421914,1,0.068392,0.610619,0.068819,0.600000,0.070596,0.600000,0.070596,0.600000,0,8.499082,0.076152,0.061486,0.600000,0.580000,0.220000
1772480468,371267130,0.025769,-1.975242,-2.964344,-1.366196,-0.426331,-0.407684,1,0.070196,0.604417,0.070596,0.600000,0.065928,0.600000,0.065928,0.600000,0,9.100779,0.077929,0.063263,0.600000,0.580000,0.220000
1772480468,421248407,0.022050,-1.974620,-2.933837,-1.363439,-0.428904,-0.377177,1,0.065175,0.643604,0.065928,0.600000,0.066903,0.600000,0.066903,0.600000,0,8.968196,0.073262,0.058595,0.600000,0.580000,0.220000
1772480468,446277678,0.020726,-1.974616,-2.918680,-1.362180,-0.429808,-0.361890,1,0.066608,0.610037,0.066903,0.600000,0.067823,0.600000,0.067823,0.600000,0,8.846590,0.074236,0.059570,0.600000,0.580000,0.220000
1772480468,471342035,0.019527,-1.976024,-2.904418,-1.358383,-0.431491,-0.345946,1,0.067539,0.607096,0.067823,0.600000,0.068133,0.600000,0.068133,0.600000,0,8.806247,0.075156,0.060489,0.600000,0.580000,0.220000
1772480468,521370628,0.016088,-1.976018,-2.874052,-1.355515,-0.433390,-0.315580,1,0.067478,0.647204,0.068133,0.600000,0.069937,0.600000,0.069937,0.600000,0,8.579089,0.075467,0.060800,0.600000,0.580000,0.220000
1772480468,546405398,0.014797,-1.977653,-2.859254,-1.353503,-0.433110,-0.300971,1,0.069566,0.604985,0.069937,0.600000,0.072426,0.600000,0.072426,0.600000,0,8.284334,0.077271,0.062604,0.600000,0.580000,0.220000
1772480468,571462268,0.013223,-1.977049,-2.844031,-1.352065,-0.439618,-0.288333,1,0.072961,0.604707,0.072426,0.600000,0.066322,0.600000,0.066322,0.600000,0,9.046780,0.079759,0.065093,0.600000,0.580000,0.220000
1772480468,621579277,0.010174,-1.978574,-2.813881,-1.348681,-0.440033,-0.258183,1,0.066613,0.592906,0.066322,0.600000,0.069762,0.600000,0.069762,0.600000,0,8.600715,0.073655,0.058989,0.600000,0.580000,0.220000
1772480468,646595519,0.008764,-1.979744,-2.799132,-1.346889,-0.439642,-0.243439,1,0.069454,0.607842,0.069762,0.600000,0.072379,0.600000,0.072379,0.600000,0,8.289691,0.077095,0.062428,0.600000,0.580000,0.220000
1772480468,671577000,0.006635,-1.980433,-2.784308,-1.345132,-0.437585,-0.228685,1,0.073025,0.600515,0.072379,0.600000,0.077731,0.600000,0.077731,0.600000,0,7.718913,0.079712,0.065046,0.600000,0.580000,0.220000
1772480468,721692318,0.003297,-1.981306,-2.754182,-1.341869,-0.438703,-0.198559,1,0.077561,0.617808,0.077731,0.600000,0.085064,0.580000,0.085064,0.580000,0,6.734990,0.085064,0.070398,0.600000,0.580000,0.220000
1772480468,746698727,0.000823,-1.981319,-2.738657,-1.339998,-0.439853,-0.183106,1,0.084987,0.583640,0.085064,0.580000,0.092398,0.560000,0.092398,0.560000,0,5.733342,0.092398,0.077731,0.600000,0.560000,0.220000
1772480468,771716677,0.000135,-1.981964,-2.723877,-1.341909,-0.436716,-0.169361,1,0.085658,0.584720,0.092398,0.560000,0.099731,0.540000,0.099731,0.540000,0,5.104925,0.099731,0.085064,0.580000,0.540000,0.220000
1772480468,821758287,-0.004790,-1.983469,-2.694898,-1.336975,-0.438192,-0.140382,1,0.092682,0.572817,0.099731,0.540000,0.107064,0.520000,0.107064,0.520000,0,4.249565,0.107064,0.092398,0.560000,0.520000,0.220000
1772480468,846777081,-0.006515,-1.985453,-2.681515,-1.334451,-0.437572,-0.126951,1,0.099881,0.554332,0.107064,0.520000,0.114398,0.500000,0.114398,0.500000,0,3.542908,0.114398,0.099731,0.540000,0.500000,0.220000
1772480468,871824443,-0.009146,-1.986506,-2.667576,-1.331861,-0.439371,-0.112257,1,0.109066,0.512409,0.114398,0.500000,0.121731,0.480000,0.121731,0.480000,0,3.042682,0.121731,0.107064,0.520000,0.480000,0.220000
1772480468,921863965,-0.012542,-1.990036,-2.641687,-1.327080,-0.438310,-0.086368,1,0.113672,0.514511,0.121731,0.480000,0.129064,0.460000,0.129064,0.460000,0,2.480713,0.129064,0.114398,0.500000,0.460000,0.220000
1772480468,946891228,-0.015334,-1.988894,-2.628627,-1.325353,-0.440870,-0.073226,1,0.121996,0.493547,0.129064,0.460000,0.136398,0.440000,0.136398,0.440000,0,2.226130,0.136398,0.121731,0.480000,0.440000,0.220000
1772480468,971874124,-0.018739,-1.993702,-2.617678,-1.319311,-0.439821,-0.060896,1,0.130665,0.466401,0.136398,0.440000,0.143731,0.420000,0.143731,0.420000,0,1.816355,0.143731,0.129064,0.460000,0.420000,0.220000
1772480469,21890460,-0.023289,-1.995580,-2.594005,-1.314481,-0.440767,-0.037222,1,0.137185,0.441646,0.143731,0.420000,0.151064,0.400000,0.151064,0.400000,0,1.500285,0.151064,0.136398,0.440000,0.400000,0.220000
1772480469,46969291,-0.026073,-1.997319,-2.582783,-1.311285,-0.440813,-0.026019,1,0.144309,0.431076,0.151064,0.400000,0.158398,0.380000,0.158398,0.380000,0,1.280617,0.158398,0.143731,0.420000,0.380000,0.220000
1772480469,71954179,-0.029540,-1.999189,-2.572367,-1.308918,-0.440429,-0.015937,1,0.154839,0.396440,0.158398,0.380000,0.165731,0.360000,0.165731,0.360000,0,1.040003,0.165731,0.151064,0.400000,0.360000,0.220000
1772480469,121923124,-0.035867,-2.003656,-2.553318,-1.301177,-0.440199,0.003112,1,0.158474,0.383429,0.165731,0.360000,0.173064,0.340000,0.173064,0.340000,0,0.839360,0.173064,0.158398,0.380000,0.340000,0.220000
1772480469,146954215,-0.038721,-2.004945,-2.543774,-1.297987,-0.440838,0.012787,1,0.165560,0.372580,0.173064,0.340000,0.180398,0.320000,0.180398,0.320000,0,0.723000,0.180398,0.165731,0.360000,0.320000,0.220000
1772480469,171950787,-0.041668,-2.006157,-2.534231,-1.292766,-0.444332,0.025124,1,0.173921,0.339857,0.180398,0.320000,0.187731,0.300000,0.187731,0.300000,0,0.674388,0.187731,0.173064,0.340000,0.300000,0.220000
1772480469,222080409,-0.050121,-2.011885,-2.517920,-1.282557,-0.444196,0.041435,1,0.180339,0.319300,0.187731,0.300000,0.195064,0.280000,0.195064,0.280000,0,0.515160,0.195064,0.180398,0.320000,0.280000,0.220000
1772480469,246992621,-0.053333,-2.014915,-2.510608,-1.278368,-0.443496,0.048697,1,0.188077,0.296398,0.195064,0.280000,0.202398,0.260000,0.202398,0.260000,0,0.407412,0.202398,0.187731,0.300000,0.260000,0.220000
1772480469,271926044,-0.057156,-2.017686,-2.503047,-1.277051,-0.444661,0.055188,1,0.194863,0.277217,0.202398,0.260000,0.209731,0.240000,0.209731,0.240000,0,0.361548,0.209731,0.195064,0.280000,0.240000,0.220000
1772480469,322021692,-0.065239,-2.022748,-2.489374,-1.267517,-0.444889,0.068861,1,0.202299,0.258191,0.209731,0.240000,0.217064,0.220000,0.217064,0.220000,0,0.256165,0.217064,0.202398,0.260000,0.220000,0.220000
1772480469,347017238,-0.067661,-2.027354,-2.483920,-1.262948,-0.442392,0.074361,1,0.214048,0.245611,0.217064,0.220000,0.220000,0.200000,0.220000,0.200000,0,0.142245,0.220000,0.209731,0.240000,0.200000,0.220000
1772480469,371962265,-0.072996,-2.029558,-2.477305,-1.256980,-0.443858,0.082287,1,0.216982,0.215710,0.220000,0.200000,0.220000,0.180000,0.220000,0.180000,0,0.120663,0.220000,0.212667,0.220000,0.180000,0.220000
1772480469,422037101,-0.081404,-2.036290,-2.466932,-1.246256,-0.442855,0.092659,1,0.220532,0.201315,0.220000,0.180000,0.220000,0.160000,0.220000,0.160000,0,0.043163,0.220000,0.212667,0.200000,0.160000,0.220000
1772480469,447064505,-0.086009,-2.039935,-2.462540,-1.240383,-0.442352,0.096935,1,0.219756,0.181543,0.220000,0.160000,0.220000,0.140000,0.220000,0.140000,0,0.013807,0.220000,0.212667,0.180000,0.140000,0.220000
1772480469,472094030,-0.091269,-2.044114,-2.458197,-1.232972,-0.442071,0.097701,1,0.219636,0.165886,0.220000,0.140000,0.220000,0.120000,0.220000,0.120000,0,0.011248,0.220000,0.212667,0.160000,0.120000,0.220000
1772480469,522111344,-0.100703,-2.050396,-2.449724,-1.221637,-0.442051,0.106173,1,0.220478,0.137120,0.220000,0.120000,0.220000,0.100000,0.220000,0.100000,0,-0.029982,0.220000,0.212667,0.140000,0.100000,0.220000
1772480469,547207799,-0.103638,-2.054657,-2.446657,-1.216846,-0.440174,0.109247,1,0.219798,0.133175,0.220000,0.100000,0.220000,0.080000,0.220000,0.080000,0,-0.078170,0.220000,0.212667,0.120000,0.080000,0.220000
1772480469,572240578,-0.108704,-2.057376,-2.442799,-1.211428,-0.442283,0.113325,1,0.219956,0.106755,0.220000,0.080000,0.220000,0.060000,0.220000,0.060000,0,-0.058947,0.220000,0.212667,0.100000,0.060000,0.220000
1772480469,622241217,-0.117466,-2.065711,-2.437552,-1.199519,-0.440178,0.118573,1,0.219968,0.077735,0.220000,0.060000,0.220000,0.040000,0.220000,0.040000,0,-0.117346,0.220000,0.212667,0.080000,0.040000,0.220000
1772480469,647320911,-0.121046,-2.069716,-2.435611,-1.194232,-0.438651,0.120393,1,0.220312,0.054256,0.220000,0.040000,0.212667,0.020000,0.212667,0.020000,0,-0.150980,0.220000,0.212667,0.060000,0.020000,0.220000
1772480469,672320807,-0.125648,-2.072097,-2.433533,-1.186065,-0.433662,0.118445,1,0.220653,0.036732,0.212667,0.020000,0.205333,-0.000000,0.205333,-0.000000,0,-0.222215,0.220000,0.205333,0.040000,-0.000000,0.220000
1772480469,722445838,-0.134110,-2.078755,-2.430715,-1.175330,-0.432833,0.121262,1,0.212586,0.006893,0.205333,-0.000000,0.198000,-0.020000,0.198000,-0.020000,0,-0.246448,0.212667,0.198000,0.020000,-0.020000,0.220000
1772480469,747389945,-0.138366,-2.083840,-2.429672,-1.169133,-0.431059,0.122309,1,0.205068,0.007342,0.198000,-0.020000,0.190667,-0.040000,0.190667,-0.040000,0,-0.286251,0.205333,0.190667,-0.000000,-0.040000,0.220000
1772480469,772496107,-0.142105,-2.086776,-2.428346,-1.170307,-0.433722,0.123733,1,0.198039,-0.025719,0.190667,-0.040000,0.198000,-0.047893,0.198000,-0.047893,0,-0.241883,0.198000,0.183333,-0.020000,-0.060000,0.220000
1772480469,822398945,-0.150257,-2.093874,-2.428113,-1.159585,-0.432354,0.123965,1,0.190394,-0.031738,0.198000,-0.047893,0.205333,-0.054009,0.205333,-0.054009,0,-0.263029,0.205333,0.190667,-0.027893,-0.067893,0.220000
1772480469,847466990,-0.153806,-2.096779,-2.428899,-1.155102,-0.431876,0.123116,1,0.197794,-0.051237,0.205333,-0.054009,0.212667,-0.055359,0.212667,-0.055359,0,-0.260309,0.212667,0.198000,-0.034009,-0.074009,0.220000
1772480469,872439659,-0.157115,-2.100436,-2.430371,-1.153227,-0.429392,0.119396,1,0.204808,-0.062503,0.212667,-0.055359,0.220000,-0.062385,0.220000,-0.062385,0,-0.283566,0.220000,0.205333,-0.035359,-0.075359,0.220000
1772480469,922491963,-0.164501,-2.106779,-2.433877,-1.143559,-0.428248,0.115891,1,0.212350,-0.054350,0.220000,-0.062385,0.220000,-0.058682,0.220000,-0.058682,0,-0.266736,0.220000,0.212667,-0.042385,-0.082385,0.220000
1772480469,947484983,-0.168798,-2.110095,-2.434173,-1.138143,-0.427893,0.115595,1,0.220107,-0.066642,0.220000,-0.058682,0.220000,-0.056998,0.220000,-0.056998,0,-0.259083,0.220000,0.212667,-0.038682,-0.078682,0.220000
1772480469,972464545,-0.173748,-2.113099,-2.435161,-1.132412,-0.428063,0.114659,1,0.220319,-0.069575,0.220000,-0.056998,0.220000,-0.053665,0.220000,-0.053665,0,-0.243932,0.220000,0.212667,-0.036998,-0.076998,0.220000
1772480470,22508817,-0.182134,-2.120553,-2.437814,-1.123517,-0.422438,0.114180,1,0.220860,-0.061017,0.220000,-0.053665,0.220000,-0.073498,0.220000,-0.073498,0,-0.334083,0.220000,0.212667,-0.033665,-0.073665,0.220000
1772480470,47591254,-0.184964,-2.124010,-2.438779,-1.119242,-0.421138,0.113214,1,0.220075,-0.039316,0.220000,-0.073498,0.220000,-0.076390,0.220000,-0.076390,0,-0.347229,0.220000,0.212667,-0.053498,-0.093498,0.220000
1772480470,72541509,-0.190001,-2.127958,-2.438405,-1.112860,-0.420657,0.113589,1,0.219275,-0.065525,0.220000,-0.076390,0.220000,-0.077521,0.220000,-0.077521,0,-0.352370,0.220000,0.212667,-0.056390,-0.096390,0.220000
1772480470,122558334,-0.198405,-2.135873,-2.440822,-1.103647,-0.420717,0.112996,1,0.220003,-0.073868,0.220000,-0.077521,0.220000,-0.073895,0.220000,-0.073895,0,-0.335889,0.220000,0.212667,-0.057521,-0.097521,0.220000
1772480470,147620093,-0.201491,-2.139479,-2.442935,-1.099079,-0.419428,0.110883,1,0.220955,-0.085382,0.220000,-0.073895,0.220000,-0.075123,0.220000,-0.075123,0,-0.341468,0.220000,0.212667,-0.053895,-0.093895,0.220000
1772480470,172605237,-0.207311,-2.143026,-2.445032,-1.092269,-0.419703,0.108786,1,0.219749,-0.062949,0.220000,-0.075123,0.220000,-0.069588,0.220000,-0.069588,0,-0.316309,0.220000,0.212667,-0.055123,-0.095123,0.220000
1772480470,222624523,-0.214734,-2.149871,-2.448987,-1.082296,-0.418123,0.104831,1,0.220101,-0.066463,0.220000,-0.069588,0.220000,-0.068059,0.220000,-0.068059,0,-0.309361,0.220000,0.212667,-0.049588,-0.089588,0.220000
1772480470,247618056,-0.219728,-2.151794,-2.449621,-1.077038,-0.419434,0.104168,1,0.220402,-0.060777,0.220000,-0.068059,0.220000,-0.060551,0.220000,-0.060551,0,-0.275231,0.220000,0.212667,-0.048059,-0.088059,0.220000
1772480470,272662498,-0.223434,-2.154985,-2.450039,-1.070750,-0.424348,0.102623,1,0.219820,-0.075722,0.220000,-0.060551,0.220000,-0.040551,0.220000,-0.040551,0,-0.168602,0.220000,0.212667,-0.040551,-0.080551,0.220000
1772480470,322636787,-0.232298,-2.162903,-2.453041,-1.058981,-0.422687,0.099620,1,0.220135,-0.058373,0.220000,-0.040551,0.220000,-0.036729,0.220000,-0.036729,0,-0.166948,0.220000,0.212667,-0.020551,-0.060551,0.220000
1772480470,347684845,-0.235688,-2.167249,-2.454611,-1.053748,-0.420957,0.098051,1,0.220689,-0.032263,0.220000,-0.036729,0.220000,-0.040254,0.220000,-0.040254,0,-0.182973,0.220000,0.212667,-0.016729,-0.056729,0.220000
1772480470,372676058,-0.239904,-2.171361,-2.455596,-1.047958,-0.419879,0.097066,1,0.219572,-0.044262,0.220000,-0.040254,0.220000,-0.041856,0.220000,-0.041856,0,-0.190256,0.220000,0.212667,-0.020254,-0.060254,0.220000
1772480470,422710383,-0.248379,-2.177709,-2.456682,-1.037385,-0.419309,0.095980,1,0.220031,-0.036808,0.220000,-0.041856,0.220000,-0.039870,0.220000,-0.039870,0,-0.181228,0.220000,0.212667,-0.021856,-0.061856,0.220000
1772480470,447755987,-0.252207,-2.182867,-2.457789,-1.031337,-0.417146,0.094872,1,0.220571,-0.050179,0.220000,-0.039870,0.220000,-0.045527,0.220000,-0.045527,0,-0.206940,0.220000,0.212667,-0.019870,-0.059870,0.220000
1772480470,472868484,-0.256327,-2.185195,-2.457204,-1.026617,-0.417498,0.095457,1,0.220102,-0.034447,0.220000,-0.045527,0.220000,-0.043649,0.220000,-0.043649,0,-0.198406,0.220000,0.212667,-0.025527,-0.065527,0.220000
1772480470,522795193,-0.264386,-2.192911,-2.459332,-1.020057,-0.416972,0.094583,1,0.219781,-0.048446,0.220000,-0.043649,0.220000,-0.042928,0.220000,-0.042928,0,-0.195126,0.220000,0.212667,-0.023649,-0.063649,0.220000
1772480470,547798162,-0.269561,-2.196049,-2.460576,-1.014011,-0.417230,0.093339,1,0.219993,-0.039579,0.220000,-0.042928,0.220000,-0.038593,0.220000,-0.038593,0,-0.175421,0.220000,0.212667,-0.022928,-0.062928,0.220000
1772480470,572798115,-0.273995,-2.198773,-2.461975,-1.008811,-0.417421,0.091940,1,0.219930,-0.043627,0.220000,-0.038593,0.220000,-0.034597,0.220000,-0.034597,0,-0.157259,0.220000,0.212667,-0.018593,-0.058593,0.220000
1772480470,622835359,-0.282059,-2.207133,-2.464361,-0.997464,-0.414934,0.089554,1,0.220091,-0.040128,0.220000,-0.034597,0.220000,-0.038431,0.220000,-0.038431,0,-0.174686,0.220000,0.212667,-0.014597,-0.054597,0.220000
1772480470,647813103,-0.287098,-2.210258,-2.464420,-0.991538,-0.415128,0.089495,1,0.219778,-0.045164,0.220000,-0.038431,0.220000,-0.036047,0.220000,-0.036047,0,-0.163848,0.220000,0.212667,-0.018431,-0.058431,0.220000
1772480470,672857595,-0.291000,-2.214220,-2.465350,-0.986094,-0.413993,0.088566,1,0.220151,-0.038541,0.220000,-0.036047,0.220000,-0.037896,0.220000,-0.037896,0,-0.172256,0.220000,0.212667,-0.016047,-0.056047,0.220000
1772480470,722912058,-0.299238,-2.221276,-2.466650,-0.975326,-0.412688,0.087265,1,0.219605,-0.030339,0.220000,-0.037896,0.220000,-0.038658,0.220000,-0.038658,0,-0.175718,0.220000,0.212667,-0.017896,-0.057896,0.220000
1772480470,747889954,-0.304479,-2.224317,-2.467529,-0.969278,-0.413064,0.086386,1,0.220254,-0.032462,0.220000,-0.038658,0.220000,-0.034284,0.220000,-0.034284,0,-0.155835,0.220000,0.212667,-0.018658,-0.058658,0.220000
1772480470,772926140,-0.307271,-2.226886,-2.468049,-0.965530,-0.412473,0.085866,1,0.219679,-0.039561,0.220000,-0.034284,0.220000,-0.035039,0.220000,-0.035039,0,-0.159269,0.220000,0.212667,-0.014284,-0.054284,0.220000
1772480470,822903069,-0.316676,-2.234135,-2.468930,-0.953621,-0.411663,0.084978,1,0.220520,-0.032711,0.220000,-0.035039,0.220000,-0.033904,0.220000,-0.033904,0,-0.154108,0.220000,0.212667,-0.015039,-0.055039,0.220000
1772480470,847938788,-0.320606,-2.237953,-2.469670,-0.945191,-0.411060,0.083872,1,0.219673,-0.034181,0.220000,-0.033904,0.220000,-0.032686,0.220000,-0.032686,0,-0.148572,0.220000,0.212667,-0.013904,-0.053904,0.220000
1772480470,872945512,-0.325414,-2.240476,-2.469848,-0.939790,-0.411628,0.083694,1,0.220211,-0.031340,0.220000,-0.032686,0.220000,-0.028669,0.220000,-0.028669,0,-0.130316,0.220000,0.212667,-0.012686,-0.052686,0.220000
1772480470,897973745,-0.329147,-2.245429,-2.471533,-0.933937,-0.409578,0.082009,1,0.219463,-0.029494,0.220000,-0.028669,0.220000,-0.033248,0.220000,-0.033248,0,-0.151129,0.220000,0.212667,-0.008669,-0.048669,0.220000
1772480470,948010750,-0.337269,-2.252391,-2.472444,-0.923317,-0.408292,0.081098,1,0.220323,-0.029893,0.220000,-0.033248,0.220000,-0.034307,0.220000,-0.034307,0,-0.155940,0.220000,0.212667,-0.013248,-0.053248,0.220000
1772480470,973004719,-0.342248,-2.255618,-2.473063,-0.917385,-0.408368,0.080480,1,0.219972,-0.038730,0.220000,-0.034307,0.220000,-0.031616,0.220000,-0.031616,0,-0.143711,0.220000,0.212667,-0.014307,-0.054307,0.220000
1772480471,23044696,-0.350932,-2.262856,-2.474205,-0.906144,-0.407163,0.079337,1,0.220081,-0.029430,0.220000,-0.031616,0.220000,-0.031990,0.220000,-0.031990,0,-0.145410,0.220000,0.212667,-0.011616,-0.051616,0.220000
1772480471,48080581,-0.354332,-2.266408,-2.475393,-0.901344,-0.406094,0.078150,1,0.220275,-0.036927,0.220000,-0.031990,0.220000,-0.033456,0.220000,-0.033456,0,-0.152073,0.220000,0.212667,-0.011990,-0.051990,0.220000
1772480471,73066934,-0.359166,-2.270674,-2.475446,-0.894956,-0.405226,0.078096,1,0.220210,-0.026847,0.220000,-0.033456,0.220000,-0.035211,0.220000,-0.035211,0,-0.160051,0.220000,0.212667,-0.013456,-0.053456,0.220000
1772480471,123103491,-0.367611,-2.276224,-2.475314,-0.884851,-0.405294,0.078228,1,0.219942,-0.028980,0.220000,-0.035211,0.220000,-0.032490,0.220000,-0.032490,0,-0.147683,0.220000,0.212667,-0.015211,-0.055211,0.220000
1772480471,148152662,-0.372591,-2.279989,-2.475883,-0.878545,-0.404963,0.077579,1,0.219382,-0.039562,0.220000,-0.032490,0.220000,-0.031436,0.220000,-0.031436,0,-0.142893,0.220000,0.212667,-0.012490,-0.052490,0.220000
1772480471,173144794,-0.375759,-2.285112,-2.477682,-0.869691,-0.404273,0.072096,1,0.219930,-0.028611,0.220000,-0.031436,0.220000,-0.024502,0.220000,-0.024502,0,-0.111371,0.220000,0.212667,-0.011436,-0.051436,0.220000
1772480471,223173770,-0.384724,-2.291013,-2.478846,-0.858959,-0.404378,0.070933,1,0.220178,-0.025375,0.220000,-0.024502,0.220000,-0.019752,0.220000,-0.019752,0,-0.089782,0.220000,0.212667,-0.004502,-0.044502,0.220000
1772480471,248246720,-0.388628,-2.293859,-2.478584,-0.854132,-0.404193,0.071195,1,0.220121,-0.020555,0.220000,-0.019752,0.220000,-0.019607,0.220000,-0.019607,0,-0.089124,0.220000,0.212667,0.000248,-0.039752,0.220000
1772480471,273202881,-0.393537,-2.297858,-2.479123,-0.847826,-0.403613,0.070656,1,0.219566,-0.016158,0.220000,-0.019607,0.220000,-0.019673,0.220000,-0.019673,0,-0.089422,0.220000,0.212667,0.000393,-0.039607,0.220000
1772480471,323277090,-0.402072,-2.304746,-2.480260,-0.836900,-0.402658,0.069519,1,0.219808,-0.009931,0.220000,-0.019673,0.220000,-0.019204,0.220000,-0.019204,0,-0.087290,0.220000,0.212667,0.000327,-0.039673,0.220000
1772480471,348298642,-0.406284,-2.308688,-2.481001,-0.831206,-0.401736,0.068778,1,0.220108,-0.022260,0.220000,-0.019204,0.220000,-0.020470,0.220000,-0.020470,0,-0.093043,0.220000,0.212667,0.000796,-0.039204,0.220000
1772480471,373280815,-0.411117,-2.312196,-2.481350,-0.825238,-0.401521,0.068429,1,0.220798,-0.019657,0.220000,-0.020470,0.220000,-0.019369,0.220000,-0.019369,0,-0.088041,0.220000,0.212667,-0.000470,-0.040470,0.220000
1772480471,423328098,-0.419109,-2.317710,-2.481681,-0.815529,-0.401403,0.068098,1,0.219640,-0.026359,0.220000,-0.019369,0.220000,-0.017020,0.220000,-0.017020,0,-0.077363,0.220000,0.212667,0.000631,-0.039369,0.220000
1772480471,448351949,-0.424151,-2.322340,-2.482623,-0.808761,-0.400373,0.067156,1,0.220088,-0.013952,0.220000,-0.017020,0.220000,-0.018204,0.220000,-0.018204,0,-0.082747,0.220000,0.212667,0.002980,-0.037020,0.220000
1772480471,473402167,-0.428976,-2.325850,-2.483098,-0.802811,-0.400234,0.066581,1,0.219629,-0.021037,0.220000,-0.018204,0.220000,-0.016574,0.220000,-0.016574,0,-0.075338,0.220000,0.212667,0.001796,-0.038204,0.220000
1772480471,523514483,-0.436920,-2.332586,-2.483464,-0.793033,-0.402897,0.061640,1,0.219910,-0.012578,0.220000,-0.016574,0.220000,0.003190,0.220000,0.003190,0,0.014500,0.220000,0.212667,0.003426,-0.036574,0.220000
1772480471,548420874,-0.442175,-2.335641,-2.483827,-0.786969,-0.403322,0.061277,1,0.220122,-0.026346,0.220000,0.003190,0.220000,0.006859,0.220000,0.006859,0,0.031178,0.220000,0.212667,0.023190,-0.016810,0.220000
1772480471,573455444,-0.445299,-2.338873,-2.483986,-0.782569,-0.402402,0.061118,1,0.219693,0.005873,0.220000,0.006859,0.220000,0.004432,0.220000,0.004432,0,0.020144,0.220000,0.212667,0.026859,-0.013141,0.220000
1772480471,623518353,-0.453784,-2.345988,-2.484222,-0.771553,-0.401283,0.060881,1,0.220478,0.002023,0.220000,0.004432,0.220000,0.002844,0.220000,0.002844,0,0.012926,0.220000,0.212667,0.024432,-0.015568,0.220000
1772480471,648558019,-0.459345,-2.349552,-2.483624,-0.764949,-0.401458,0.061480,1,0.219430,-0.002752,0.220000,0.002844,0.220000,0.004346,0.220000,0.004346,0,0.019757,0.220000,0.212667,0.022844,-0.017156,0.220000
1772480471,673541376,-0.463903,-2.354467,-2.484372,-0.758418,-0.399952,0.060732,1,0.220215,0.007158,0.220000,0.004346,0.220000,0.000769,0.220000,0.000769,0,0.003493,0.220000,0.212667,0.024346,-0.015654,0.220000
1772480471,723571224,-0.472622,-2.362184,-2.485108,-0.746870,-0.398466,0.059996,1,0.219675,0.000000,0.220000,0.000769,0.220000,-0.001578,0.220000,-0.001578,0,-0.007174,0.220000,0.212667,0.020769,-0.019231,0.220000
1772480471,748601495,-0.476696,-2.365125,-2.484757,-0.741847,-0.398321,0.060347,1,0.220442,0.005226,0.220000,-0.001578,0.220000,-0.001491,0.220000,-0.001491,0,-0.006778,0.220000,0.212667,0.018422,-0.021578,0.220000
1772480471,773647108,-0.482051,-2.368378,-2.484635,-0.735704,-0.398598,0.060588,1,0.220321,-0.009600,0.220000,-0.001491,0.220000,0.000695,0.220000,0.000695,0,0.003161,0.220000,0.212667,0.018509,-0.021491,0.220000
1772480471,823694981,-0.490039,-2.375943,-2.485148,-0.728717,-0.395460,0.064110,1,0.219989,0.000000,0.220000,0.000695,0.220000,-0.015091,0.220000,-0.015091,0,-0.068594,0.220000,0.212667,0.020695,-0.019305,0.220000
1772480471,848712491,-0.495242,-2.379018,-2.485184,-0.722683,-0.395814,0.064075,1,0.219454,-0.016906,0.220000,-0.015091,0.220000,-0.012315,0.220000,-0.012315,0,-0.055978,0.220000,0.212667,0.004909,-0.035091,0.220000
1772480471,873703592,-0.498936,-2.382324,-2.485728,-0.717773,-0.395134,0.063531,1,0.219993,-0.011730,0.220000,-0.012315,0.220000,-0.013227,0.220000,-0.013227,0,-0.060122,0.220000,0.212667,0.007685,-0.032315,0.220000
1772480471,923746987,-0.508325,-2.390398,-2.487019,-0.705476,-0.393677,0.062240,1,0.220118,-0.020401,0.220000,-0.013227,0.220000,-0.014741,0.220000,-0.014741,0,-0.067006,0.220000,0.212667,0.006773,-0.033227,0.220000
1772480471,948792678,-0.512053,-2.392259,-2.487424,-0.701344,-0.394214,0.061835,1,0.220340,-0.016171,0.220000,-0.014741,0.220000,-0.011154,0.220000,-0.011154,0,-0.050701,0.220000,0.212667,0.005259,-0.034741,0.220000
1772480471,973763222,-0.515909,-2.395615,-2.487618,-0.696271,-0.393582,0.061641,1,0.219727,-0.014499,0.220000,-0.011154,0.220000,-0.012393,0.220000,-0.012393,0,-0.056334,0.220000,0.212667,0.008846,-0.031154,0.220000
1772480472,23815794,-0.524342,-2.401336,-2.488008,-0.686082,-0.393545,0.061251,1,0.220127,-0.007957,0.220000,-0.012393,0.220000,-0.009908,0.220000,-0.009908,0,-0.045034,0.220000,0.212667,0.007607,-0.032393,0.220000
1772480472,48836588,-0.528675,-2.406605,-2.488594,-0.679544,-0.391592,0.060664,1,0.220194,-0.021607,0.220000,-0.009908,0.220000,-0.015685,0.220000,-0.015685,0,-0.071294,0.220000,0.212667,0.010092,-0.029908,0.220000
1772480472,73885457,-0.533203,-2.409065,-2.489122,-0.674298,-0.392081,0.060053,1,0.220225,-0.009486,0.220000,-0.015685,0.220000,-0.011853,0.220000,-0.011853,0,-0.053876,0.220000,0.212667,0.004315,-0.035685,0.220000
1772480472,123946605,-0.541744,-2.414922,-2.490154,-0.660516,-0.392085,0.056526,1,0.219467,-0.015295,0.220000,-0.011853,0.220000,-0.004441,0.220000,-0.004441,0,-0.020187,0.220000,0.212667,0.008147,-0.031853,0.220000
1772480472,149029542,-0.545588,-2.418322,-2.490141,-0.655427,-0.391423,0.056539,1,0.220046,-0.008657,0.220000,-0.004441,0.220000,-0.006178,0.220000,-0.006178,0,-0.028083,0.220000,0.212667,0.015559,-0.024441,0.220000
1772480472,173941558,-0.550031,-2.421864,-2.490679,-0.649762,-0.390980,0.056001,1,0.219610,-0.011371,0.220000,-0.006178,0.220000,-0.006189,0.220000,-0.006189,0,-0.028133,0.220000,0.212667,0.013822,-0.026178,0.220000
1772480472,224016949,-0.559070,-2.429542,-2.491695,-0.637974,-0.389686,0.054985,1,0.220905,-0.005410,0.220000,-0.006189,0.220000,-0.007935,0.220000,-0.007935,0,-0.036066,0.220000,0.212667,0.013811,-0.026189,0.220000
1772480472,249040182,-0.563790,-2.433663,-2.492143,-0.631755,-0.388919,0.054537,1,0.219833,-0.008144,0.220000,-0.007935,0.220000,-0.009337,0.220000,-0.009337,0,-0.042439,0.220000,0.212667,0.012065,-0.027935,0.220000
1772480472,273999065,-0.567929,-2.436740,-2.492355,-0.626603,-0.388690,0.054325,1,0.220115,-0.005320,0.220000,-0.009337,0.220000,-0.009093,0.220000,-0.009093,0,-0.041332,0.220000,0.212667,0.010663,-0.029337,0.220000
1772480472,324083337,-0.575665,-2.442099,-2.492814,-0.617192,-0.388587,0.053866,1,0.219477,-0.004461,0.220000,-0.009093,0.220000,-0.007314,0.220000,-0.007314,0,-0.033244,0.220000,0.212667,0.010907,-0.029093,0.220000
1772480472,349112348,-0.580356,-2.446450,-2.493044,-0.610868,-0.387613,0.053636,1,0.220176,-0.008495,0.220000,-0.007314,0.220000,-0.009922,0.220000,-0.009922,0,-0.045101,0.220000,0.212667,0.012686,-0.027314,0.220000
1772480472,374083506,-0.585076,-2.450447,-2.493121,-0.604714,-0.386850,0.053585,1,0.220168,-0.015077,0.220000,-0.009922,0.220000,-0.011972,0.220000,-0.011972,0,-0.054417,0.220000,0.212667,0.010078,-0.029922,0.220000
1772480472,424138695,-0.593827,-2.455871,-2.493913,-0.594269,-0.384300,0.053597,1,0.220223,-0.006854,0.220000,-0.011972,0.220000,-0.020699,0.220000,-0.020699,0,-0.094086,0.220000,0.212667,0.008028,-0.031972,0.220000
1772480472,449189621,-0.599502,-2.461004,-2.493790,-0.586693,-0.383224,0.053720,1,0.219876,-0.007380,0.220000,-0.020699,0.220000,-0.024129,0.220000,-0.024129,0,-0.109677,0.220000,0.212667,-0.000699,-0.040699,0.220000
1772480472,474160759,-0.602678,-2.463823,-2.494499,-0.582483,-0.382664,0.053011,1,0.220000,-0.016652,0.220000,-0.024129,0.220000,-0.024834,0.220000,-0.024834,0,-0.112883,0.220000,0.212667,-0.004129,-0.044129,0.220000
1772480472,524187676,-0.611220,-2.469760,-2.494853,-0.572082,-0.382526,0.052657,1,0.220373,-0.030122,0.220000,-0.024834,0.220000,-0.023530,0.220000,-0.023530,0,-0.106954,0.220000,0.212667,-0.004834,-0.044834,0.220000
1772480472,549246009,-0.614735,-2.473700,-2.497386,-0.566964,-0.381229,0.050124,1,0.219745,-0.018563,0.220000,-0.023530,0.220000,-0.024775,0.220000,-0.024775,0,-0.112612,0.220000,0.212667,-0.003530,-0.043530,0.220000
1772480472,574274496,-0.620301,-2.475875,-2.496012,-0.561134,-0.382543,0.051498,1,0.219491,-0.028615,0.220000,-0.024775,0.220000,-0.020593,0.220000,-0.020593,0,-0.093606,0.220000,0.212667,-0.004775,-0.044775,0.220000
1772480472,624340075,-0.629717,-2.483296,-2.497124,-0.549177,-0.381663,0.050386,1,0.219783,-0.020394,0.220000,-0.020593,0.220000,-0.021283,0.220000,-0.021283,0,-0.096741,0.220000,0.212667,-0.000593,-0.040593,0.220000
1772480472,649353814,-0.634190,-2.486274,-2.498165,-0.543804,-0.381699,0.049345,1,0.219523,-0.019419,0.220000,-0.021283,0.220000,-0.019173,0.220000,-0.019173,0,-0.087152,0.220000,0.212667,-0.001283,-0.041283,0.220000
1772480472,674353632,-0.638090,-2.490370,-2.498575,-0.538375,-0.380564,0.048999,1,0.220788,-0.017045,0.220000,-0.019173,0.220000,-0.022739,0.220000,-0.022739,0,-0.103359,0.220000,0.212667,0.000827,-0.039173,0.220000
1772480472,699350848,-0.642950,-2.494511,-2.499941,-0.534910,-0.382103,0.049529,1,0.219987,-0.017617,0.220000,-0.022739,0.220000,-0.016882,0.220000,-0.016882,0,-0.076736,0.220000,0.212667,-0.002739,-0.042739,0.220000
1772480472,749422402,-0.651164,-2.501059,-2.500272,-0.524440,-0.381254,0.049198,1,0.220131,-0.019069,0.220000,-0.016882,0.220000,-0.018950,0.220000,-0.018950,0,-0.086138,0.220000,0.212667,0.003118,-0.036882,0.220000
1772480472,774383887,-0.656894,-2.504983,-2.501002,-0.517496,-0.381196,0.048468,1,0.219759,-0.015743,0.220000,-0.018950,0.220000,-0.017665,0.220000,-0.017665,0,-0.080293,0.220000,0.212667,0.001050,-0.038950,0.220000
1772480472,824472021,-0.665002,-2.510113,-2.502182,-0.507905,-0.381465,0.047289,1,0.220062,-0.019713,0.220000,-0.017665,0.220000,-0.014347,0.220000,-0.014347,0,-0.065212,0.220000,0.212667,0.002335,-0.037665,0.220000
1772480472,849477447,-0.668796,-2.514248,-2.502828,-0.502449,-0.380151,0.046642,1,0.219955,-0.009122,0.220000,-0.014347,0.220000,-0.018464,0.220000,-0.018464,0,-0.083927,0.220000,0.212667,0.005653,-0.034347,0.220000
1772480472,874493519,-0.674155,-2.518042,-2.503361,-0.495885,-0.379994,0.046109,1,0.219959,-0.012572,0.220000,-0.018464,0.220000,-0.018028,0.220000,-0.018028,0,-0.081946,0.220000,0.212667,0.001536,-0.038464,0.220000
1772480472,924540726,-0.682261,-2.524870,-2.504175,-0.485348,-0.378853,0.045296,1,0.219925,-0.020511,0.220000,-0.018028,0.220000,-0.021106,0.220000,-0.021106,0,-0.095935,0.220000,0.212667,0.001972,-0.038028,0.220000
1772480472,949556384,-0.687710,-2.528640,-2.505075,-0.478722,-0.378766,0.044395,1,0.219835,-0.017313,0.220000,-0.021106,0.220000,-0.020046,0.220000,-0.020046,0,-0.091118,0.220000,0.212667,-0.001106,-0.041106,0.220000
1772480472,974661115,-0.692052,-2.530802,-2.505523,-0.474046,-0.379365,0.044074,1,0.220452,-0.018358,0.220000,-0.020046,0.220000,-0.017103,0.220000,-0.017103,0,-0.077742,0.220000,0.212667,-0.000046,-0.040046,0.220000
1772480473,24697752,-0.700884,-2.538397,-2.506915,-0.466094,-0.377136,0.046102,1,0.219264,-0.027401,0.220000,-0.017103,0.220000,-0.028689,0.220000,-0.028689,0,-0.130404,0.220000,0.212667,0.002897,-0.037103,0.220000
1772480473,49657636,-0.705154,-2.542785,-2.507679,-0.460107,-0.375857,0.045338,1,0.220713,-0.019440,0.220000,-0.028689,0.220000,-0.032849,0.220000,-0.032849,0,-0.149313,0.220000,0.212667,-0.008689,-0.048689,0.220000
1772480473,74754138,-0.709669,-2.545357,-2.507902,-0.454923,-0.376224,0.045115,1,0.220156,-0.030210,0.220000,-0.032849,0.220000,-0.031105,0.220000,-0.031105,0,-0.141387,0.220000,0.212667,-0.012849,-0.052849,0.220000
1772480473,99670537,-0.714153,-2.549811,-2.508383,-0.448721,-0.375009,0.044634,1,0.220387,-0.029636,0.220000,-0.031105,0.220000,-0.035461,0.220000,-0.035461,0,-0.161184,0.220000,0.212667,-0.011105,-0.051105,0.220000
1772480473,149728626,-0.723555,-2.556313,-2.510434,-0.437292,-0.374821,0.042583,1,0.219603,-0.026720,0.220000,-0.035461,0.220000,-0.033839,0.220000,-0.033839,0,-0.153815,0.220000,0.212667,-0.015461,-0.055461,0.220000
1772480473,174756939,-0.727869,-2.561451,-2.512052,-0.430851,-0.372943,0.040966,1,0.220209,-0.031255,0.220000,-0.033839,0.220000,-0.039591,0.220000,-0.039591,0,-0.179959,0.220000,0.212667,-0.013839,-0.053839,0.220000
1772480473,224715475,-0.737152,-2.568103,-2.513313,-0.419437,-0.372563,0.039705,1,0.219973,-0.041332,0.220000,-0.039591,0.220000,-0.040165,0.220000,-0.040165,0,-0.182570,0.220000,0.212667,-0.019591,-0.059591,0.220000
1772480473,249793796,-0.742155,-2.572739,-2.513648,-0.412702,-0.371485,0.039369,1,0.220022,-0.042134,0.220000,-0.040165,0.220000,-0.044650,0.220000,-0.044650,0,-0.202956,0.220000,0.212667,-0.020165,-0.060165,0.220000
1772480473,274888829,-0.745448,-2.574690,-2.514634,-0.408766,-0.371914,0.038347,1,0.219746,-0.044848,0.220000,-0.044650,0.220000,-0.041905,0.220000,-0.041905,0,-0.190477,0.220000,0.212667,-0.024650,-0.064650,0.220000
1772480473,324836126,-0.755020,-2.578746,-2.516809,-0.395436,-0.379951,0.035201,1,0.219967,-0.036060,0.220000,-0.041905,0.220000,-0.021905,0.220000,-0.021905,0,-0.030694,0.220000,0.212667,-0.021905,-0.061905,0.220000
1772480473,349855344,-0.759716,-2.584543,-2.518734,-0.388310,-0.377744,0.033276,1,0.219637,-0.037650,0.220000,-0.021905,0.220000,-0.013991,0.220000,-0.013991,0,-0.063596,0.220000,0.212667,-0.001905,-0.041905,0.220000
1772480473,374834314,-0.765003,-2.587690,-2.519332,-0.382166,-0.378069,0.032677,1,0.220559,-0.014323,0.220000,-0.013991,0.220000,-0.012953,0.220000,-0.012953,0,-0.058877,0.220000,0.212667,0.006009,-0.033991,0.220000
1772480473,424931864,-0.773651,-2.593119,-2.519842,-0.371959,-0.378364,0.032168,1,0.219742,-0.010496,0.220000,-0.012953,0.220000,-0.012806,0.220000,-0.012806,0,-0.058211,0.220000,0.212667,0.007047,-0.032953,0.220000
1772480473,449933659,-0.777408,-2.596434,-2.519896,-0.366993,-0.377698,0.032114,1,0.220346,-0.020105,0.220000,-0.012806,0.220000,-0.016535,0.220000,-0.016535,0,-0.075159,0.220000,0.212667,0.007194,-0.032806,0.220000
1772480473,474971272,-0.781516,-2.601724,-2.520817,-0.360637,-0.375585,0.031193,1,0.219955,-0.012041,0.220000,-0.016535,0.220000,-0.025194,0.220000,-0.025194,0,-0.114520,0.220000,0.212667,0.003465,-0.036535,0.220000
1772480473,525081567,-0.790901,-2.608548,-2.521978,-0.349042,-0.375132,0.030032,1,0.219765,-0.022424,0.220000,-0.025194,0.220000,-0.028316,0.220000,-0.028316,0,-0.128708,0.220000,0.212667,-0.005194,-0.045194,0.220000
1772480473,549999889,-0.795739,-2.611875,-2.522179,-0.343171,-0.375057,0.029830,1,0.220387,-0.028224,0.220000,-0.028316,0.220000,-0.030062,0.220000,-0.030062,0,-0.136644,0.220000,0.212667,-0.008316,-0.048316,0.220000
1772480473,575020460,-0.800209,-2.615801,-2.522793,-0.337331,-0.374436,0.029294,1,0.219410,-0.024565,0.220000,-0.030062,0.220000,-0.033431,0.220000,-0.033431,0,-0.151959,0.220000,0.212667,-0.010062,-0.050062,0.220000
1772480473,625157386,-0.808989,-2.621044,-2.523962,-0.329001,-0.380058,0.030646,1,0.220657,-0.024152,0.220000,-0.033431,0.220000,-0.015449,0.220000,-0.015449,0,-0.070221,0.220000,0.212667,-0.013431,-0.053431,0.220000
1772480473,650167062,-0.814659,-2.624327,-2.524481,-0.322462,-0.380464,0.030127,1,0.219652,-0.014227,0.220000,-0.015449,0.220000,-0.015239,0.220000,-0.015239,0,-0.069267,0.220000,0.212667,0.004551,-0.035449,0.220000
1772480473,675103106,-0.818847,-2.627874,-2.525793,-0.317010,-0.379830,0.028815,1,0.220251,-0.014950,0.220000,-0.015239,0.220000,-0.018429,0.220000,-0.018429,0,-0.083768,0.220000,0.212667,0.004761,-0.035239,0.220000
1772480473,725145685,-0.827381,-2.634917,-2.526673,-0.306004,-0.378693,0.027935,1,0.219829,-0.013546,0.220000,-0.018429,0.220000,-0.026513,0.220000,-0.026513,0,-0.120515,0.220000,0.212667,0.001571,-0.038429,0.220000
1772480473,750167839,-0.832559,-2.637228,-2.526758,-0.300413,-0.379637,0.027850,1,0.219572,-0.026389,0.220000,-0.026513,0.220000,-0.025073,0.220000,-0.025073,0,-0.113967,0.220000,0.212667,-0.006513,-0.046513,0.220000
1772480473,775147539,-0.836898,-2.640722,-2.527052,-0.294865,-0.379130,0.027556,1,0.220441,-0.028164,0.220000,-0.025073,0.220000,-0.029875,0.220000,-0.029875,0,-0.135796,0.220000,0.212667,-0.005073,-0.045073,0.220000
1772480473,825188965,-0.845736,-2.647861,-2.529255,-0.283552,-0.378081,0.025353,1,0.219848,-0.032076,0.220000,-0.029875,0.220000,-0.037464,0.220000,-0.037464,0,-0.170292,0.220000,0.212667,-0.009875,-0.049875,0.220000
1772480473,850228587,-0.850438,-2.649427,-2.529978,-0.278770,-0.379382,0.024630,1,0.220938,-0.033351,0.220000,-0.037464,0.220000,-0.034444,0.220000,-0.034444,0,-0.156563,0.220000,0.212667,-0.017464,-0.057464,0.220000
1772480473,875188289,-0.854535,-2.653198,-2.530302,-0.273373,-0.378522,0.024382,1,0.219948,-0.042992,0.220000,-0.034444,0.220000,-0.041088,0.220000,-0.041088,0,-0.186765,0.220000,0.212667,-0.014444,-0.054444,0.220000
1772480473,900257786,-0.858921,-2.656552,-2.531845,-0.271483,-0.378532,0.025496,1,0.219852,-0.030292,0.220000,-0.041088,0.220000,-0.043839,0.220000,-0.043839,0,-0.199270,0.220000,0.212667,-0.021088,-0.061088,0.220000
1772480473,950320553,-0.868247,-2.662782,-2.533576,-0.260268,-0.378480,0.023765,1,0.219659,-0.050812,0.220000,-0.043839,0.220000,-0.050172,0.220000,-0.050172,0,-0.228055,0.220000,0.212667,-0.023839,-0.063839,0.220000
1772480473,975293173,-0.871922,-2.668073,-2.534880,-0.254284,-0.376093,0.022461,1,0.219922,-0.046109,0.220000,-0.050172,0.220000,-0.063281,0.220000,-0.063281,0,-0.287641,0.220000,0.212667,-0.030172,-0.070172,0.220000
1772480474,25368922,-0.881336,-2.674668,-2.537227,-0.242794,-0.375785,0.020114,1,0.220028,-0.052178,0.220000,-0.063281,0.220000,-0.072695,0.220000,-0.072695,0,-0.330434,0.220000,0.212667,-0.043281,-0.083281,0.220000
1772480474,50405176,-0.885518,-2.679037,-2.538491,-0.236895,-0.374447,0.018849,1,0.219732,-0.069226,0.220000,-0.072695,0.220000,-0.082427,0.220000,-0.082427,0,-0.374668,0.220000,0.212667,-0.052695,-0.092695,0.220000
1772480474,75367022,-0.890130,-2.681800,-2.539978,-0.231525,-0.374687,0.017363,1,0.219530,-0.071751,0.220000,-0.082427,0.220000,-0.085723,0.220000,-0.085723,0,-0.389650,0.220000,0.212667,-0.062427,-0.102427,0.220000
1772480474,125365441,-0.900334,-2.688417,-2.543941,-0.219363,-0.374795,0.013399,1,0.220322,-0.089471,0.220000,-0.085723,0.220000,-0.097258,0.220000,-0.097258,0,-0.442081,0.220000,0.212667,-0.065723,-0.105723,0.220000
1772480474,150360422,-0.904537,-2.692562,-2.546339,-0.213515,-0.373664,0.011022,1,0.220089,-0.091982,0.220000,-0.097258,0.220000,-0.108120,0.220000,-0.108120,0,-0.491456,0.220000,0.212667,-0.077258,-0.117258,0.220000
1772480474,175423658,-0.909804,-2.693876,-2.548169,-0.206197,-0.375795,0.009952,1,0.219855,-0.102052,0.220000,-0.108120,0.220000,-0.111517,0.220000,-0.111517,0,-0.506897,0.220000,0.212667,-0.088120,-0.128120,0.220000
1772480474,200447005,-0.913080,-2.698290,-2.550514,-0.201031,-0.373917,0.007607,1,0.220390,-0.109774,0.220000,-0.111517,0.220000,-0.126887,0.220000,-0.126887,0,-0.576760,0.220000,0.212667,-0.091517,-0.131517,0.220000
1772480474,250436884,-0.921052,-2.703767,-2.555206,-0.191361,-0.373738,0.002914,1,0.219760,-0.118828,0.220000,-0.126887,0.220000,-0.145390,0.220000,-0.145390,0,-0.660864,0.220000,0.212667,-0.106887,-0.146887,0.220000
1772480474,275438193,-0.926265,-2.706444,-2.556843,-0.185536,-0.374375,0.001278,1,0.220115,-0.119691,0.220000,-0.145390,0.220000,-0.161524,0.220000,-0.161524,0,-0.734202,0.220000,0.212667,-0.125390,-0.165390,0.220000
1772480474,300488142,-0.930580,-2.710108,-2.560600,-0.179915,-0.373695,-0.002479,1,0.220265,-0.161680,0.220000,-0.161524,0.217730,-0.181524,0.217730,-0.181524,0,-0.833712,0.220000,0.212667,-0.141524,-0.181524,0.220000
1772480474,350500281,-0.938777,-2.714913,-2.565334,-0.170427,-0.374201,-0.007214,1,0.219704,-0.161982,0.217730,-0.181524,0.210397,-0.201524,0.210397,-0.201524,0,-1.133207,0.220000,0.210397,-0.161524,-0.201524,0.220000
1772480474,375490119,-0.941557,-2.718436,-2.568898,-0.166167,-0.372792,-0.010777,1,0.217877,-0.176116,0.210397,-0.201524,0.203064,-0.221524,0.203064,-0.221524,0,-1.244016,0.217730,0.203064,-0.181524,-0.221524,0.220000
1772480474,425447117,-0.951386,-2.723786,-2.576286,-0.155017,-0.373742,-0.018165,1,0.202474,-0.210616,0.203064,-0.221524,0.210397,-0.201524,0.210397,-0.201524,0,-0.838214,0.210397,0.195730,-0.201524,-0.241524,0.220000
1772480474,450497112,-0.956677,-2.727595,-2.581595,-0.148461,-0.373400,-0.023418,1,0.210296,-0.199924,0.210397,-0.201524,0.203064,-0.221524,0.203064,-0.221524,0,-6.340163,0.217730,0.203064,-0.181524,-0.221524,0.220000
1772480474,475478949,-0.959969,-2.731025,-2.586586,-0.142040,-0.368964,-0.025939,1,0.210665,-0.199123,0.203064,-0.221524,0.195730,-0.241524,0.195730,-0.241524,0,-6.329146,0.210397,0.195730,-0.201524,-0.241524,0.220000
1772480474,500501593,-0.965514,-2.733855,-2.592641,-0.135852,-0.369641,-0.031995,1,0.194152,-0.234708,0.195730,-0.241524,0.203064,-0.222476,0.203064,-0.222476,0,-1.095599,0.203064,0.188397,-0.221524,-0.261524,0.220000
1772480474,550541559,-0.974069,-2.739584,-2.603185,-0.125557,-0.369547,-0.042538,1,0.202639,-0.233585,0.203064,-0.222476,0.195730,-0.242476,0.195730,-0.242476,0,-6.577845,0.210397,0.195730,-0.202476,-0.242476,0.220000
1772480474,575507540,-0.977720,-2.743074,-2.608032,-0.120589,-0.368634,-0.047385,1,0.203457,-0.211852,0.195730,-0.242476,0.188397,-0.262476,0.188397,-0.262476,0,-6.552895,0.203064,0.188397,-0.222476,-0.262476,0.220000
1772480474,625518591,-0.986576,-2.746729,-2.619506,-0.111179,-0.370438,-0.058860,1,0.187520,-0.257437,0.188397,-0.262476,0.181064,-0.282476,0.181064,-0.282476,0,-7.055412,0.195730,0.181064,-0.242476,-0.282476,0.220000
1772480474,650538330,-0.989446,-2.750549,-2.625984,-0.106684,-0.368820,-0.065338,1,0.180749,-0.271992,0.181064,-0.282476,0.173730,-0.302476,0.173730,-0.302476,0,-1.807435,0.188397,0.173730,-0.262476,-0.302476,0.220000
1772480474,675533452,-0.994384,-2.751730,-2.631831,-0.101908,-0.370543,-0.071185,1,0.180751,-0.276060,0.173730,-0.302476,0.166397,-0.322476,0.166397,-0.322476,0,-7.268007,0.181064,0.166397,-0.282476,-0.322476,0.220000
1772480474,700551415,-0.998147,-2.755116,-2.638756,-0.096904,-0.369778,-0.078109,1,0.164617,-0.309255,0.166397,-0.322476,0.173730,-0.302476,0.173730,-0.302476,0,-0.945792,0.173730,0.159064,-0.302476,-0.342476,0.220000
1772480474,750577098,-1.005443,-2.759208,-2.651952,-0.083520,-0.376482,-0.089932,1,0.173662,-0.303268,0.173730,-0.302476,0.166397,-0.322476,0.166397,-0.322476,0,-7.593975,0.181064,0.166397,-0.282476,-0.322476,0.220000
1772480474,775626221,-1.008377,-2.760852,-2.659944,-0.080165,-0.376712,-0.097923,1,0.165576,-0.312955,0.166397,-0.322476,0.159064,-0.342476,0.159064,-0.342476,0,-7.828737,0.173730,0.159064,-0.302476,-0.342476,0.220000
1772480474,825593565,-1.016941,-2.765002,-2.677437,-0.070726,-0.377931,-0.115416,1,0.157373,-0.317120,0.159064,-0.342476,0.151730,-0.362476,0.151730,-0.362476,0,-8.066134,0.166397,0.151730,-0.322476,-0.362476,0.220000
1772480474,850675759,-1.017997,-2.767457,-2.685412,-0.068498,-0.376455,-0.123391,1,0.159135,-0.341849,0.151730,-0.362476,0.144397,-0.382476,0.144397,-0.382476,0,-8.024073,0.159064,0.144397,-0.342476,-0.382476,0.220000
1772480474,875749456,-1.023028,-2.768076,-2.692919,-0.063950,-0.378692,-0.130898,1,0.143211,-0.392385,0.144397,-0.382476,0.151730,-0.362476,0.151730,-0.362476,0,-0.580254,0.151730,0.137064,-0.362476,-0.402476,0.220000
1772480474,900778384,-1.026471,-2.770843,-2.701651,-0.059554,-0.378263,-0.139630,1,0.152573,-0.385171,0.151730,-0.362476,0.144397,-0.382476,0.144397,-0.382476,0,-8.239114,0.159064,0.144397,-0.342476,-0.382476,0.220000
1772480474,950839645,-1.032294,-2.773781,-2.719833,-0.053072,-0.378994,-0.157812,1,0.151096,-0.372991,0.144397,-0.382476,0.137064,-0.402476,0.137064,-0.402476,0,-8.337392,0.151730,0.137064,-0.362476,-0.402476,0.220000
1772480474,975878241,-1.034921,-2.774676,-2.727489,-0.050385,-0.379684,-0.165468,1,0.142951,-0.362213,0.137064,-0.402476,0.129730,-0.422476,0.129730,-0.422476,0,-8.323493,0.144397,0.129730,-0.382476,-0.422476,0.220000
1772480475,900666,-1.038610,-2.775981,-2.736896,-0.046583,-0.380612,-0.174875,1,0.136797,-0.425644,0.129730,-0.422476,0.137064,-0.402476,0.137064,-0.402476,0,-0.746344,0.137064,0.122397,-0.402476,-0.442476,0.220000
1772480475,50928784,-1.044332,-2.777698,-2.756507,-0.042646,-0.382471,-0.190136,1,0.137248,-0.394851,0.137064,-0.402476,0.144397,-0.382476,0.144397,-0.382476,0,-1.432598,0.144397,0.129730,-0.382476,-0.422476,0.220000
1772480475,75970917,-1.047325,-2.780379,-2.767708,-0.038675,-0.381849,-0.201337,1,0.146643,-0.389741,0.144397,-0.382476,0.137064,-0.402476,0.137064,-0.402476,0,-8.595560,0.151730,0.137064,-0.362476,-0.402476,0.220000
1772480475,101017528,-1.049900,-2.781491,-2.778133,-0.035910,-0.382317,-0.211761,1,0.136567,-0.398483,0.137064,-0.402476,0.129730,-0.422476,0.129730,-0.422476,0,-8.588405,0.144397,0.129730,-0.382476,-0.422476,0.220000
1772480475,151103441,-1.056111,-2.783706,-2.796974,-0.029494,-0.383837,-0.230603,1,0.136784,-0.415131,0.129730,-0.422476,0.122397,-0.442476,0.122397,-0.442476,0,-8.815308,0.137064,0.122397,-0.402476,-0.442476,0.220000
1772480475,176128793,-1.059491,-2.786566,-2.806092,-0.025102,-0.383276,-0.239720,1,0.128181,-0.415948,0.122397,-0.442476,0.115064,-0.462476,0.115064,-0.462476,0,-8.497825,0.129730,0.115064,-0.422476,-0.462476,0.220000
1772480475,201179166,-1.062103,-2.787751,-2.815294,-0.022266,-0.383703,-0.248923,1,0.122093,-0.441871,0.115064,-0.462476,0.122397,-0.442476,0.122397,-0.442476,0,-0.526757,0.122397,0.107730,-0.442476,-0.482476,0.220000
1772480475,251296547,-1.067746,-2.790921,-2.838444,-0.015806,-0.384113,-0.272073,1,0.115390,-0.469745,0.122397,-0.442476,0.115064,-0.422476,0.115064,-0.422476,0,0.101235,0.129730,0.115064,-0.422476,-0.462476,0.220000
1772480475,276201460,-1.071070,-2.791595,-2.849625,-0.012650,-0.385356,-0.283254,1,0.123938,-0.449367,0.115064,-0.422476,0.107730,-0.442476,0.107730,-0.442476,0,-8.860196,0.122397,0.107730,-0.402476,-0.442476,0.220000
1772480475,326296432,-1.077712,-2.792649,-2.871134,-0.006603,-0.388017,-0.304663,1,0.114624,-0.426347,0.107730,-0.442476,0.100397,-0.462476,0.100397,-0.462476,0,-8.019799,0.115064,0.100397,-0.422476,-0.462476,0.220000
1772480475,351311081,-1.078967,-2.794517,-2.881800,-0.007430,-0.385161,-0.312453,1,0.107842,-0.455093,0.100397,-0.462476,0.093064,-0.442476,0.093064,-0.442476,0,0.862531,0.107730,0.093064,-0.442476,-0.482476,0.220000
1772480475,376406040,-1.080967,-2.795009,-2.892060,-0.005483,-0.385831,-0.322713,1,0.098578,-0.450421,0.093064,-0.442476,0.085730,-0.422476,0.085730,-0.422476,0,1.953984,0.100397,0.085730,-0.422476,-0.462476,0.220000
1772480475,426396842,-1.088051,-2.795877,-2.915477,0.000942,-0.388937,-0.346131,1,0.092610,-0.454255,0.085730,-0.422476,0.078397,-0.402476,0.078397,-0.402476,0,2.753408,0.093064,0.078397,-0.402476,-0.442476,0.220000
1772480475,451475371,-1.088527,-2.796429,-2.926692,0.001641,-0.388731,-0.357345,1,0.085842,-0.428213,0.078397,-0.402476,0.071064,-0.382476,0.071064,-0.382476,0,3.688064,0.085730,0.071064,-0.382476,-0.422476,0.220000
1772480475,476515883,-1.091305,-2.796662,-2.937660,0.004103,-0.390039,-0.368313,1,0.076266,-0.414809,0.071064,-0.382476,0.063730,-0.362476,0.063730,-0.362476,0,5.155278,0.078397,0.063730,-0.362476,-0.402476,0.220000
1772480475,526513905,-1.094605,-2.796674,-2.956749,0.006884,-0.391817,-0.387402,1,0.071094,-0.395139,0.063730,-0.362476,0.056397,-0.342476,0.056397,-0.342476,0,6.025501,0.071064,0.056397,-0.342476,-0.382476,0.220000
1772480475,551569942,-1.094746,-2.799449,-2.965699,0.008505,-0.389560,-0.396352,1,0.062366,-0.361613,0.056397,-0.342476,0.049064,-0.322476,0.049064,-0.322476,0,5.726361,0.063730,0.049064,-0.322476,-0.362476,0.220000
1772480475,576618446,-1.097618,-2.798979,-2.975349,0.010666,-0.391510,-0.406003,1,0.054596,-0.344110,0.049064,-0.322476,0.041730,-0.302476,0.041730,-0.302476,0,6.043816,0.056397,0.041730,-0.302476,-0.342476,0.220000
1772480475,601687432,-1.098802,-2.799407,-2.984349,0.012042,-0.391673,-0.415066,1,0.048711,-0.335168,0.041730,-0.302476,0.034397,-0.282476,0.034397,-0.282476,0,6.116998,0.049064,0.034397,-0.282476,-0.322476,0.220000
1772480475,651746059,-1.101642,-2.798355,-3.002558,0.017034,-0.391583,-0.434619,1,0.041448,-0.317039,0.034397,-0.282476,0.027064,-0.262476,0.027064,-0.262476,0,6.031619,0.041730,0.027064,-0.262476,-0.302476,0.220000
1772480475,676782410,-1.102806,-2.798809,-3.009521,0.018257,-0.391833,-0.441582,1,0.033887,-0.294569,0.027064,-0.262476,0.019730,-0.242476,0.019730,-0.242476,0,6.088933,0.034397,0.019730,-0.242476,-0.282476,0.220000
1772480475,701894295,-1.103784,-2.798923,-3.016171,0.019140,-0.392268,-0.448232,1,0.026792,-0.281302,0.019730,-0.242476,0.012397,-0.222476,0.012397,-0.222476,0,6.195830,0.027064,0.012397,-0.222476,-0.262476,0.220000
1772480475,751947319,-1.104468,-2.800050,-3.029691,0.020326,-0.391693,-0.461751,1,0.019648,-0.251416,0.012397,-0.222476,0.005064,-0.202476,0.005064,-0.202476,0,6.239136,0.019730,0.005064,-0.202476,-0.242476,0.220000
1772480475,776975204,-1.104145,-2.800298,-3.035528,0.020190,-0.391309,-0.467589,1,0.011833,-0.227860,0.005064,-0.202476,0.000000,-0.182476,0.000000,-0.182476,0,6.297074,0.012397,0.000000,-0.182476,-0.222476,0.220000
1772480475,802054524,-1.103751,-2.800796,-3.041047,0.019891,-0.390350,-0.473042,1,0.005048,-0.204291,0.000000,-0.182476,0.000000,-0.162476,0.000000,-0.162476,0,6.276596,0.007333,0.000000,-0.162476,-0.202476,0.220000
1772480475,852143160,-1.105804,-2.799839,-3.051995,0.017293,-0.387032,-0.482944,1,0.000000,-0.175431,0.000000,-0.162476,0.000000,-0.142476,0.000000,-0.142476,0,6.167862,0.007333,0.000000,-0.142476,-0.182476,0.220000
1772480475,877201089,-1.105383,-2.799747,-3.056884,0.016889,-0.386882,-0.487832,1,0.000000,-0.144776,0.000000,-0.142476,0.000000,-0.122476,0.000000,-0.122476,0,6.261606,0.007333,0.000000,-0.122476,-0.162476,0.220000
1772480475,927297805,-1.104207,-2.800880,-3.064304,0.016515,-0.385293,-0.495253,1,0.000000,-0.133083,0.000000,-0.122476,0.000000,-0.102476,0.000000,-0.102476,0,6.186834,0.007333,0.000000,-0.102476,-0.142476,0.220000
1772480475,952491339,-1.103584,-2.800632,-3.067813,0.016020,-0.385444,-0.498615,1,0.000000,-0.120450,0.000000,-0.102476,0.000000,-0.082476,0.000000,-0.082476,0,6.305347,0.007333,0.000000,-0.082476,-0.122476,0.220000
1772480475,977400698,-1.104355,-2.800889,-3.071541,0.019127,-0.389623,-0.500271,1,0.000000,-0.090020,0.000000,-0.082476,0.000000,-0.062476,0.000000,-0.062476,0,6.693897,0.007333,0.000000,-0.062476,-0.102476,0.220000
1772480476,27562212,-1.104698,-2.800510,-3.076628,0.019212,-0.390127,-0.505358,1,0.000000,-0.083697,0.000000,-0.062476,0.000000,-0.042476,0.000000,-0.042476,0,6.846058,0.007333,0.000000,-0.042476,-0.082476,0.220000
1772480476,52581709,-1.103402,-2.801252,-3.078251,0.018522,-0.388803,-0.506981,1,0.000000,-0.061997,0.000000,-0.042476,0.000000,-0.022476,0.000000,-0.022476,0,6.736374,0.007333,0.000000,-0.022476,-0.062476,0.220000
1772480476,77633791,-1.104838,-2.799031,-3.079628,0.018347,-0.391439,-0.508273,1,0.000000,-0.046146,0.000000,-0.022476,0.000000,-0.002476,0.000000,-0.002476,0,7.153029,0.007333,0.000000,-0.002476,-0.042476,0.220000
1772480476,102823881,-1.103995,-2.799947,-3.080457,0.015542,-0.390092,-0.507897,1,0.000000,-0.023341,0.000000,-0.002476,0.002443,0.017524,0.002443,0.017524,0,7.173278,0.007333,0.000000,0.017524,-0.022476,0.220000
1772480476,152842398,-1.102960,-2.800858,-3.081953,0.015161,-0.388767,-0.509393,1,0.000000,-0.004899,0.002443,0.017524,0.005332,0.037524,0.005332,0.037524,0,7.036863,0.009776,0.000000,0.037524,-0.002476,0.220000
1772480476,178015562,-1.103914,-2.800360,-3.082117,0.015697,-0.389700,-0.509557,1,0.002212,0.016232,0.005332,0.037524,0.008065,0.057524,0.008065,0.057524,0,7.132255,0.012666,0.000000,0.057524,0.017524,0.220000
1772480476,203005923,-1.104556,-2.799954,-3.081424,0.016019,-0.390389,-0.508864,1,0.005295,0.030713,0.008065,0.057524,0.010775,0.077524,0.010775,0.077524,0,7.194714,0.015399,0.000732,0.077524,0.037524,0.220000
1772480476,253199113,-1.105039,-2.800632,-3.080689,0.019154,-0.386174,-0.505368,1,0.008571,0.052997,0.010775,0.077524,0.015533,0.097524,0.015533,0.097524,0,6.278533,0.018108,0.003442,0.097524,0.057524,0.220000
1772480476,278270036,-1.105665,-2.800667,-3.079559,0.019701,-0.386480,-0.504238,1,0.010544,0.086280,0.015533,0.097524,0.018773,0.117524,0.018773,0.117524,0,6.260383,0.022866,0.008200,0.117524,0.077524,0.220000
1772480476,303250617,-1.105175,-2.800267,-3.077299,0.019074,-0.386555,-0.501978,1,0.015526,0.091259,0.018773,0.117524,0.021891,0.137524,0.021891,0.137524,0,6.282287,0.026106,0.011439,0.137524,0.097524,0.220000
1772480476,353499236,-1.106049,-2.800639,-3.073059,0.020111,-0.386562,-0.497520,1,0.019450,0.105516,0.021891,0.137524,0.025718,0.157524,0.025718,0.157524,0,6.125045,0.029224,0.014557,0.157524,0.117524,0.220000
1772480476,378487429,-1.105845,-2.801268,-3.069934,0.021315,-0.384383,-0.492108,1,0.022223,0.131741,0.025718,0.157524,0.031621,0.177524,0.031621,0.177524,0,5.614151,0.033051,0.018385,0.177524,0.137524,0.220000
1772480476,403640595,-1.107036,-2.801182,-3.066277,0.022276,-0.385092,-0.488451,1,0.025439,0.161060,0.031621,0.177524,0.035553,0.197524,0.035553,0.197524,0,5.555826,0.038954,0.024287,0.197524,0.157524,0.220000
1772480476,453717186,-1.107023,-2.801518,-3.057939,0.022444,-0.384801,-0.480113,1,0.031761,0.186893,0.035553,0.197524,0.040636,0.217524,0.040636,0.217524,0,5.353015,0.042886,0.028219,0.217524,0.177524,0.220000
1772480476,478883297,-1.108670,-2.801301,-3.053613,0.023755,-0.386024,-0.475484,1,0.036214,0.197663,0.040636,0.217524,0.044684,0.237524,0.044684,0.237524,0,5.315681,0.047969,0.033302,0.237524,0.197524,0.220000
1772480476,503861541,-1.108266,-2.801071,-3.048532,0.023607,-0.387546,-0.467499,1,0.040579,0.236065,0.044684,0.237524,0.047608,0.257524,0.047608,0.257524,0,5.409286,0.052017,0.037350,0.257524,0.217524,0.220000
1772480476,554097357,-1.111531,-2.802178,-3.038648,0.026960,-0.388345,-0.457615,1,0.045210,0.235158,0.047608,0.257524,0.054941,0.275491,0.054941,0.275491,0,5.014294,0.054941,0.040274,0.277524,0.237524,0.220000
1772480476,579135288,-1.113209,-2.800430,-3.032029,0.027453,-0.390717,-0.450996,1,0.047409,0.282462,0.054941,0.275491,0.056936,0.295491,0.056936,0.295491,0,5.189903,0.062274,0.047608,0.295491,0.255491,0.220000
1772480476,604255068,-1.112826,-2.801919,-3.026017,0.027919,-0.389253,-0.444984,1,0.055310,0.272744,0.056936,0.295491,0.064269,0.310217,0.064269,0.310217,0,4.826860,0.064269,0.049602,0.315491,0.275491,0.220000
1772480476,654309807,-1.116612,-2.802553,-3.012591,0.028719,-0.392939,-0.434010,1,0.057155,0.302669,0.064269,0.310217,0.065026,0.330217,0.065026,0.330217,0,5.078275,0.071602,0.056936,0.330217,0.290217,0.220000
1772480476,679490714,-1.118888,-2.802938,-3.006219,0.030848,-0.393828,-0.427638,1,0.064019,0.348139,0.065026,0.330217,0.072359,0.347601,0.072359,0.347601,0,4.803851,0.072359,0.057692,0.350217,0.310217,0.220000
1772480476,704473529,-1.118786,-2.803601,-2.997592,0.031116,-0.393214,-0.419011,1,0.065252,0.322739,0.072359,0.347601,0.079692,0.361029,0.079692,0.361029,0,4.530292,0.079692,0.065026,0.367601,0.327601,0.220000
1772480476,754709664,-1.122216,-2.802486,-2.982156,0.033422,-0.395987,-0.403576,1,0.082136,0.365247,0.079692,0.361029,0.087026,0.341029,0.087026,0.341029,0,1.952208,0.087026,0.072359,0.381029,0.341029,0.220000
1772480476,779765889,-1.125204,-2.803684,-2.973556,0.036588,-0.396569,-0.394975,1,0.079992,0.364652,0.087026,0.341029,0.094359,0.321029,0.094359,0.321029,0,1.820060,0.094359,0.079692,0.361029,0.321029,0.220000
1772480476,804878573,-1.127910,-2.804617,-2.964863,0.039375,-0.397224,-0.386282,1,0.087076,0.329352,0.094359,0.321029,0.087026,0.301029,0.087026,0.301029,0,-7.837661,0.101692,0.087026,0.341029,0.301029,0.220000
1772480476,854933875,-1.131991,-2.803748,-2.946937,0.042559,-0.399738,-0.368879,1,0.084996,0.331615,0.087026,0.301029,0.079692,0.281029,0.079692,0.281029,0,-8.853078,0.094359,0.079692,0.321029,0.281029,0.220000
1772480476,880091228,-1.133738,-2.805346,-2.939081,0.046448,-0.396164,-0.365190,1,0.086902,0.299950,0.079692,0.281029,0.072359,0.261029,0.072359,0.261029,0,-9.965691,0.087026,0.072359,0.301029,0.261029,0.220000
1772480476,905075093,-1.136269,-2.805172,-2.932405,0.048488,-0.397672,-0.358514,1,0.079887,0.270940,0.072359,0.261029,0.065026,0.241029,0.065026,0.241029,0,-5.676969,0.079692,0.065026,0.281029,0.241029,0.220000
1772480476,955312248,-1.139568,-2.805177,-2.919399,0.051272,-0.399442,-0.345508,1,0.064012,0.240439,0.065026,0.241029,0.057692,0.221029,0.057692,0.221029,0,-0.803390,0.072359,0.057692,0.261029,0.221029,0.220000
1772480476,980301901,-1.143012,-2.806835,-2.914341,0.055068,-0.399896,-0.340451,1,0.064880,0.244732,0.057692,0.221029,0.050359,0.201029,0.050359,0.201029,0,-3.350977,0.065026,0.050359,0.241029,0.201029,0.220000
1772480477,5340619,-1.144224,-2.807495,-2.907513,0.056444,-0.399990,-0.333623,1,0.057153,0.230310,0.050359,0.201029,0.043026,0.181029,0.043026,0.181029,0,-4.582095,0.057692,0.043026,0.221029,0.181029,0.220000
1772480477,55480181,-1.146839,-2.807998,-2.896653,0.058920,-0.400973,-0.322762,1,0.041045,0.185194,0.043026,0.181029,0.035692,0.161029,0.035692,0.161029,0,-7.588128,0.050359,0.035692,0.201029,0.161029,0.220000
1772480477,80591729,-1.146930,-2.807622,-2.891009,0.058794,-0.401339,-0.317119,1,0.042594,0.188095,0.035692,0.161029,0.028359,0.141029,0.028359,0.141029,0,-7.762582,0.043026,0.028359,0.181029,0.141029,0.220000
1772480477,105583780,-1.149423,-2.806731,-2.886145,0.060417,-0.403431,-0.312255,1,0.035133,0.151589,0.028359,0.141029,0.021026,0.121029,0.021026,0.121029,0,-10.050348,0.035692,0.021026,0.161029,0.121029,0.220000
1772480477,155703139,-1.151695,-2.808667,-2.879719,0.063374,-0.403020,-0.305828,1,0.019173,0.123168,0.021026,0.121029,0.013692,0.101029,0.013692,0.101029,0,-11.323752,0.028359,0.013692,0.141029,0.101029,0.220000
1772480477,180748074,-1.151163,-2.809369,-2.875526,0.063303,-0.402142,-0.301635,1,0.020766,0.122579,0.013692,0.101029,0.006359,0.081029,0.006359,0.081029,0,-11.040665,0.021026,0.006359,0.121029,0.081029,0.220000
1772480477,205742105,-1.151737,-2.808474,-2.872715,0.063305,-0.403205,-0.298824,1,0.013397,0.105739,0.006359,0.081029,0.000000,0.061029,0.000000,0.061029,0,-11.464579,0.013692,0.000000,0.101029,0.061029,0.220000
1772480477,255854999,-1.153912,-2.807801,-2.868011,0.064777,-0.404942,-0.294121,1,0.000000,0.045241,0.000000,0.061029,0.000000,0.041029,0.000000,0.041029,0,-12.574547,0.007333,0.000000,0.081029,0.041029,0.220000
1772480477,280911545,-1.152460,-2.808037,-2.866041,0.063679,-0.403962,-0.292150,1,0.000000,0.041965,0.000000,0.041029,0.000000,0.021029,0.000000,0.021029,0,-11.959891,0.007333,0.000000,0.061029,0.021029,0.220000
1772480477,305941620,-1.153257,-2.807663,-2.864273,0.064151,-0.404706,-0.290383,1,0.000000,0.021184,0.000000,0.021029,0.000000,0.001029,0.000000,0.001029,0,-12.363755,0.007333,0.000000,0.041029,0.001029,0.220000
1772480477,330991978,-1.153339,-2.809764,-2.864234,0.065349,-0.402978,-0.290343,1,0.000000,0.013346,0.000000,0.001029,0.001550,-0.018971,0.001550,-0.018971,0,-12.239697,0.007333,0.000000,0.021029,-0.018971,0.220000
1772480477,381073079,-1.151268,-2.808719,-2.861867,0.063042,-0.402746,-0.287976,1,0.000000,-0.005184,0.001550,-0.018971,0.003438,-0.038971,0.003438,-0.038971,0,-11.335495,0.008883,0.000000,0.001029,-0.038971,0.220000
1772480477,406169802,-1.151610,-2.808810,-2.861934,0.063379,-0.402854,-0.288043,1,0.003719,-0.036438,0.003438,-0.038971,0.005122,-0.058971,0.005122,-0.058971,0,-11.514354,0.010771,0.000000,-0.018971,-0.058971,0.220000
1772480477,431223160,-1.153325,-2.807764,-2.863064,0.064263,-0.404658,-0.289174,1,0.003492,-0.045171,0.005122,-0.058971,0.006368,-0.078971,0.006368,-0.078971,0,-12.400440,0.012455,0.000000,-0.038971,-0.078971,0.220000
1772480477,481209904,-1.153740,-2.807539,-2.864416,0.064491,-0.405070,-0.290525,1,0.005137,-0.055769,0.006368,-0.078971,0.007872,-0.098971,0.007872,-0.098971,0,-12.572080,0.013702,0.000000,-0.058971,-0.098971,0.220000
1772480477,506247438,-1.153173,-2.808611,-2.865880,0.064590,-0.403862,-0.291990,1,0.008128,-0.094834,0.007872,-0.098971,0.009723,-0.118971,0.009723,-0.118971,0,-12.235424,0.015206,0.000539,-0.078971,-0.118971,0.220000
1772480477,556300583,-1.153958,-2.807630,-2.869914,0.064724,-0.405111,-0.296024,1,0.007887,-0.088633,0.009723,-0.118971,0.011043,-0.138971,0.011043,-0.138971,0,-12.584572,0.017057,0.002390,-0.098971,-0.138971,0.220000
1772480477,581366293,-1.152707,-2.808758,-2.872588,0.064275,-0.403487,-0.298698,1,0.009872,-0.124099,0.011043,-0.138971,0.013331,-0.158971,0.013331,-0.158971,0,-11.924925,0.018376,0.003710,-0.118971,-0.158971,0.220000
1772480477,606415047,-1.153789,-2.808703,-2.876561,0.065158,-0.404116,-0.302670,1,0.013969,-0.151954,0.013331,-0.158971,0.014503,-0.178971,0.014503,-0.178971,0,-12.339981,0.020664,0.005998,-0.138971,-0.178971,0.220000
1772480477,656417966,-1.153923,-2.807221,-2.882772,0.064677,-0.405297,-0.308642,1,0.014868,-0.170318,0.014503,-0.178971,0.015969,-0.198971,0.015969,-0.198971,0,-12.460126,0.021837,0.007170,-0.158971,-0.198971,0.220000
1772480477,681456778,-1.153747,-2.808651,-2.887290,0.067498,-0.402464,-0.310539,1,0.014595,-0.177025,0.015969,-0.198971,0.017558,-0.218971,0.017558,-0.218971,0,-12.471310,0.023302,0.008635,-0.178971,-0.218971,0.220000
1772480477,706445076,-1.154465,-2.808095,-2.891973,0.067806,-0.403319,-0.315222,1,0.018210,-0.206987,0.017558,-0.218971,0.018796,-0.238971,0.018796,-0.238971,0,-12.713912,0.024891,0.010225,-0.198971,-0.238971,0.220000
1772480477,731511041,-1.155182,-2.809551,-2.897499,0.069192,-0.402472,-0.320748,1,0.018741,-0.245925,0.018796,-0.238971,0.020248,-0.258971,0.020248,-0.258971,0,-12.790265,0.026129,0.011463,-0.218971,-0.258971,0.220000
1772480477,781514911,-1.155689,-2.808608,-2.909359,0.069115,-0.403540,-0.332608,1,0.018870,-0.242920,0.020248,-0.258971,0.021644,-0.278971,0.021644,-0.278971,0,-12.888818,0.027581,0.012914,-0.238971,-0.278971,0.220000
1772480477,806511535,-1.157827,-2.809952,-2.915710,0.071691,-0.403496,-0.338942,1,0.021830,-0.268973,0.021644,-0.278971,0.022331,-0.298971,0.022331,-0.298971,0,-13.387947,0.028978,0.014311,-0.258971,-0.298971,0.220000
1772480477,856544371,-1.157973,-2.809477,-2.928150,0.072288,-0.403201,-0.351147,1,0.022458,-0.310283,0.022331,-0.298971,0.023980,-0.318971,0.023980,-0.318971,0,-13.301634,0.029665,0.014998,-0.278971,-0.318971,0.220000
1772480477,881677144,-1.159290,-2.808291,-2.936258,0.072766,-0.404909,-0.359255,1,0.022153,-0.297369,0.023980,-0.318971,0.024853,-0.338971,0.024853,-0.338971,0,-13.639173,0.031313,0.016647,-0.298971,-0.338971,0.220000
1772480477,906585005,-1.159343,-2.809619,-2.944228,0.073521,-0.403815,-0.367225,1,0.025350,-0.332069,0.024853,-0.338971,0.026642,-0.358971,0.026642,-0.358971,0,-13.473963,0.032186,0.017519,-0.318971,-0.358971,0.220000
1772480477,956627860,-1.160038,-2.810783,-2.959733,0.074732,-0.403204,-0.382730,1,0.026684,-0.349978,0.026642,-0.358971,0.028282,-0.378971,0.028282,-0.378971,0,-13.399855,0.033975,0.019309,-0.338971,-0.378971,0.220000
1772480477,981630404,-1.161462,-2.810959,-2.968842,0.076029,-0.403817,-0.391839,1,0.027042,-0.368258,0.028282,-0.378971,0.029242,-0.398971,0.029242,-0.398971,0,-13.643980,0.035615,0.020948,-0.358971,-0.398971,0.220000
1772480478,6598460,-1.162412,-2.808929,-2.977586,0.075751,-0.405659,-0.400431,1,0.029469,-0.410792,0.029242,-0.398971,0.030293,-0.418971,0.030293,-0.418971,0,-13.830786,0.036575,0.021908,-0.378971,-0.418971,0.220000
1772480478,56801005,-1.164177,-2.809497,-2.996812,0.077627,-0.398913,-0.416772,1,0.029014,-0.394365,0.030293,-0.418971,0.034570,-0.438971,0.034570,-0.438971,0,-12.697902,0.037626,0.022959,-0.398971,-0.438971,0.220000
1772480478,81670532,-1.162029,-2.810808,-3.006235,0.076506,-0.396659,-0.426196,1,0.035122,-0.428510,0.034570,-0.438971,0.038718,-0.458971,0.038718,-0.458971,0,-11.854291,0.041904,0.027237,-0.418971,-0.458971,0.220000
1772480478,106646544,-1.162862,-2.811062,-3.017348,0.077347,-0.396888,-0.437308,1,0.039141,-0.455398,0.038718,-0.458971,0.040083,-0.478971,0.040083,-0.478971,0,-11.949376,0.046051,0.031384,-0.438971,-0.478971,0.220000
1772480478,156630034,-1.165541,-2.812473,-3.040422,0.080366,-0.397121,-0.460382,1,0.038750,-0.478910,0.040083,-0.478971,0.040464,-0.498971,0.040464,-0.498971,0,-12.331342,0.047417,0.032750,-0.458971,-0.498971,0.220000
1772480478,181715597,-1.165833,-2.811084,-3.049830,0.079873,-0.398451,-0.469790,1,0.040766,-0.494611,0.040464,-0.498971,0.041954,-0.518971,0.041954,-0.518971,0,-12.370090,0.047797,0.033130,-0.478971,-0.518971,0.220000
1772480478,206633499,-1.165769,-2.811601,-3.062151,0.080095,-0.397979,-0.482111,1,0.041703,-0.504287,0.041954,-0.518971,0.044345,-0.538971,0.044345,-0.538971,0,-12.154109,0.049287,0.034620,-0.498971,-0.538971,0.220000
1772480478,231607851,-1.164916,-2.811577,-3.072647,0.079360,-0.397546,-0.492607,1,0.042342,-0.524042,0.044345,-0.538971,0.047508,-0.558971,0.047508,-0.558971,0,-11.765921,0.051678,0.037011,-0.518971,-0.558971,0.220000
1772480478,281676430,-1.167947,-2.811712,-3.098986,0.081997,-0.399045,-0.518946,1,0.047079,-0.552907,0.047508,-0.558971,0.047290,-0.578971,0.047290,-0.578971,0,-12.243062,0.054841,0.040174,-0.538971,-0.578971,0.220000
1772480478,306721800,-1.168881,-2.812944,-3.113370,0.083444,-0.398500,-0.533330,1,0.047464,-0.567931,0.047290,-0.578971,0.049019,-0.598971,0.049019,-0.598971,0,-12.219083,0.054623,0.039956,-0.558971,-0.598971,0.220000
1772480478,356840864,-1.170706,-2.812970,-3.141303,0.085003,-0.399450,-0.561264,1,0.048912,-0.594426,0.049019,-0.598971,0.048816,-0.600000,0.048816,-0.600000,0,-12.290957,0.056353,0.041686,-0.578971,-0.600000,0.220000
1772480478,381834623,-1.171141,-2.813044,3.127326,0.085410,-0.399619,-0.575820,1,0.048487,-0.621007,0.048816,-0.600000,0.049203,-0.600000,0.049203,-0.600000,0,-12.194441,0.056150,0.041483,-0.580000,-0.600000,0.220000
1772480478,406844832,-1.173067,-2.812270,3.111862,0.086628,-0.401299,-0.591284,1,0.049205,-0.600932,0.049203,-0.600000,0.048082,-0.600000,0.048082,-0.600000,0,-12.478752,0.056536,0.041869,-0.580000,-0.600000,0.220000
1772480478,456939925,-1.174072,-2.813999,3.081990,0.088400,-0.400371,-0.621156,1,0.047773,-0.597302,0.048082,-0.600000,0.049145,-0.600000,0.049145,-0.600000,0,-12.208887,0.055415,0.040748,-0.580000,-0.600000,0.220000
1772480478,481919287,-1.175216,-2.813503,3.067172,0.089104,-0.401400,-0.635973,1,0.049150,-0.602022,0.049145,-0.600000,0.048804,-0.600000,0.048804,-0.600000,0,-12.293998,0.056478,0.041811,-0.580000,-0.600000,0.220000
1772480478,506960503,-1.176459,-2.813525,3.052124,0.090167,-0.402043,-0.651021,1,0.049295,-0.618491,0.048804,-0.600000,0.048545,-0.600000,0.048545,-0.600000,0,-12.359607,0.056138,0.041471,-0.580000,-0.600000,0.220000
1772480478,532015922,-1.177572,-2.813805,3.036871,0.091259,-0.402399,-0.666274,1,0.048673,-0.609258,0.048545,-0.600000,0.048487,-0.600000,0.048487,-0.600000,0,-12.374337,0.055879,0.041212,-0.580000,-0.600000,0.220000
1772480478,582137019,-1.178733,-2.814758,3.007143,0.092749,-0.402211,-0.696002,1,0.048127,-0.597983,0.048487,-0.600000,0.049324,-0.600000,0.049324,-0.600000,0,-12.164565,0.055821,0.041154,-0.580000,-0.600000,0.220000
1772480478,607145085,-1.179968,-2.814615,2.991844,0.093719,-0.402989,-0.711301,1,0.048829,-0.611584,0.049324,-0.600000,0.049118,-0.600000,0.049118,-0.600000,0,-12.215539,0.056657,0.041990,-0.580000,-0.600000,0.220000
1772480478,632153394,-1.180216,-2.815204,2.977081,0.094241,-0.402623,-0.726064,1,0.048754,-0.616768,0.049118,-0.600000,0.049854,-0.600000,0.049854,-0.600000,0,-12.035044,0.056451,0.041784,-0.580000,-0.600000,0.220000
1772480478,682217181,-1.181569,-2.815383,2.947214,0.095482,-0.403191,-0.755931,1,0.049036,-0.596413,0.049854,-0.600000,0.050474,-0.600000,0.050474,-0.600000,0,-11.887269,0.057188,0.042521,-0.580000,-0.600000,0.220000
1772480478,707253522,-1.182925,-2.815378,2.932359,0.096628,-0.403918,-0.770787,1,0.049165,-0.601883,0.050474,-0.600000,0.050215,-0.600000,0.050215,-0.600000,0,-11.948611,0.057807,0.043141,-0.580000,-0.600000,0.220000
1772480478,757344330,-1.185189,-2.815869,2.902143,0.098805,-0.404708,-0.801003,1,0.050868,-0.601268,0.050215,-0.600000,0.050235,-0.600000,0.050235,-0.600000,0,-11.943946,0.057548,0.042882,-0.580000,-0.600000,0.220000
1772480478,782411831,-1.186818,-2.815856,2.887420,0.100177,-0.405586,-0.815726,1,0.050643,-0.610544,0.050235,-0.600000,0.049801,-0.600000,0.049801,-0.600000,0,-12.047896,0.057568,0.042901,-0.580000,-0.600000,0.220000
1772480478,807442787,-1.188161,-2.814600,2.872133,0.100645,-0.407365,-0.831012,1,0.050369,-0.604580,0.049801,-0.600000,0.049395,-0.600000,0.049395,-0.600000,0,-12.146898,0.057135,0.042468,-0.580000,-0.600000,0.220000
1772480478,857517126,-1.188673,-2.815973,2.842609,0.101809,-0.406476,-0.860536,1,0.049687,-0.614462,0.049395,-0.600000,0.050996,-0.600000,0.050996,-0.600000,0,-11.765571,0.056729,0.042062,-0.580000,-0.600000,0.220000
1772480478,882573591,-1.190003,-2.814974,2.828222,0.102403,-0.408029,-0.874923,1,0.049446,-0.598465,0.050996,-0.600000,0.050610,-0.600000,0.050610,-0.600000,0,-11.855380,0.058330,0.043663,-0.580000,-0.600000,0.220000
1772480478,907555598,-1.191981,-2.814073,2.812802,0.103597,-0.409845,-0.890343,1,0.050368,-0.594556,0.050610,-0.600000,0.049873,-0.600000,0.049873,-0.600000,0,-12.030509,0.057943,0.043277,-0.580000,-0.600000,0.220000
1772480478,932632226,-1.192304,-2.814312,2.798059,0.103973,-0.409568,-0.905024,1,0.050088,-0.601444,0.049873,-0.600000,0.050686,-0.600000,0.050686,-0.600000,0,-11.837549,0.057207,0.042540,-0.580000,-0.600000,0.220000
1772480478,982697356,-1.193186,-2.814020,2.768216,0.103989,-0.404711,-0.933443,1,0.050261,-0.607805,0.050686,-0.600000,0.055784,-0.600000,0.055784,-0.600000,0,-10.755823,0.058020,0.043353,-0.580000,-0.600000,0.220000
1772480479,7716260,-1.195953,-2.813838,2.752748,0.106237,-0.406335,-0.948911,1,0.051104,-0.608871,0.055784,-0.600000,0.054264,-0.600000,0.054264,-0.600000,0,-11.057146,0.063117,0.048450,-0.580000,-0.600000,0.220000
1772480479,32789884,-1.196238,-2.813728,2.737508,0.106420,-0.406580,-0.964151,1,0.057437,-0.614858,0.054264,-0.600000,0.055077,-0.600000,0.055077,-0.600000,0,-10.893794,0.061597,0.046930,-0.580000,-0.600000,0.220000
1772480479,82983190,-1.199195,-2.812547,2.707871,0.108265,-0.408851,-0.993882,1,0.054522,-0.618153,0.055077,-0.600000,0.054523,-0.600000,0.054523,-0.600000,0,-11.004547,0.062411,0.047744,-0.580000,-0.600000,0.220000
1772480479,107852780,-1.200875,-2.812556,2.692335,0.109111,-0.404324,-1.011121,1,0.055514,-0.603871,0.054523,-0.600000,0.058680,-0.600000,0.058680,-0.600000,0,-10.224901,0.061856,0.047190,-0.580000,-0.600000,0.220000
1772480479,132920606,-1.201591,-2.812020,2.677912,0.109431,-0.405159,-1.025543,1,0.055007,-0.607274,0.058680,-0.600000,0.058996,-0.600000,0.058996,-0.600000,0,-10.170140,0.066014,0.051347,-0.580000,-0.600000,0.220000
1772480479,182988960,-1.203517,-2.810843,2.647648,0.110434,-0.407181,-1.055808,1,0.058826,-0.603257,0.058996,-0.600000,0.059234,-0.600000,0.059234,-0.600000,0,-10.129296,0.066330,0.051663,-0.580000,-0.600000,0.220000
1772480479,208034163,-1.204018,-2.810806,2.632984,0.110904,-0.407653,-1.070538,1,0.058487,-0.596944,0.059234,-0.600000,0.059808,-0.600000,0.059808,-0.600000,0,-10.032108,0.066567,0.051901,-0.580000,-0.600000,0.220000
1772480479,233098777,-1.205952,-2.810830,2.617291,0.113650,-0.411591,-1.087345,1,0.058967,-0.614074,0.059808,-0.600000,0.056372,-0.600000,0.056372,-0.600000,0,-10.643668,0.067141,0.052475,-0.580000,-0.600000,0.220000
1772480479,283177214,-1.209055,-2.809241,2.587283,0.115425,-0.414591,-1.117354,1,0.059569,-0.595045,0.056372,-0.600000,0.055564,-0.600000,0.055564,-0.600000,0,-10.798335,0.063705,0.049038,-0.580000,-0.600000,0.220000
1772480479,308252677,-1.209911,-2.807786,2.572687,0.115339,-0.416090,-1.131789,1,0.056728,-0.598556,0.055564,-0.600000,0.055714,-0.600000,0.055714,-0.600000,0,-10.769258,0.062897,0.048231,-0.580000,-0.600000,0.220000
1772480479,333214948,-1.211708,-2.808307,2.557597,0.116618,-0.413713,-1.144416,1,0.055897,-0.609852,0.055714,-0.600000,0.057586,-0.600000,0.057586,-0.600000,0,-10.419267,0.063047,0.048381,-0.580000,-0.600000,0.220000
1772480479,383288632,-1.214233,-2.806286,2.527037,0.117682,-0.416766,-1.174976,1,0.056182,-0.603161,0.057586,-0.600000,0.057270,-0.600000,0.057270,-0.600000,0,-10.476771,0.064919,0.050252,-0.580000,-0.600000,0.220000
1772480479,408319609,-1.215585,-2.805946,2.511937,0.118885,-0.417883,-1.190043,1,0.057326,-0.592832,0.057270,-0.600000,0.057005,-0.600000,0.057005,-0.600000,0,-10.525389,0.064603,0.049936,-0.580000,-0.600000,0.220000
1772480479,458429449,-1.219588,-2.803094,2.481814,0.124566,-0.424186,-1.219624,1,0.056936,-0.595762,0.057005,-0.600000,0.052473,-0.600000,0.052473,-0.600000,0,-11.434356,0.064338,0.049672,-0.580000,-0.600000,0.220000
1772480479,483455091,-1.218943,-2.804351,2.467268,0.124688,-0.422778,-1.234171,1,0.056962,-0.591841,0.052473,-0.600000,0.054182,-0.600000,0.054182,-0.600000,0,-11.073830,0.059807,0.045140,-0.580000,-0.600000,0.220000
1772480479,508592197,-1.221368,-2.802151,2.451553,0.125771,-0.426079,-1.249930,1,0.052566,-0.602462,0.054182,-0.600000,0.052919,-0.600000,0.052919,-0.600000,0,-11.337984,0.061515,0.046848,-0.580000,-0.600000,0.220000
1772480479,533573349,-1.221456,-2.802241,2.436498,0.128725,-0.428191,-1.265635,1,0.054426,-0.603771,0.052919,-0.600000,0.051586,-0.600000,0.051586,-0.600000,0,-11.631053,0.060253,0.045586,-0.580000,-0.600000,0.220000
1772480479,583646025,-1.224449,-2.799638,2.406501,0.129876,-0.431987,-1.295632,1,0.052853,-0.619656,0.051586,-0.600000,0.051146,-0.600000,0.051146,-0.600000,0,-11.731236,0.058919,0.044253,-0.580000,-0.600000,0.220000
1772480479,608691711,-1.224543,-2.799652,2.392038,0.130017,-0.432085,-1.310062,1,0.051614,-0.603691,0.051146,-0.600000,0.051935,-0.600000,0.051935,-0.600000,0,-11.553003,0.058479,0.043812,-0.580000,-0.600000,0.220000
1772480479,633733076,-1.226049,-2.798151,2.376205,0.131300,-0.435067,-1.325401,1,0.051294,-0.603739,0.051935,-0.600000,0.050951,-0.600000,0.050951,-0.600000,0,-11.775986,0.059268,0.044601,-0.580000,-0.600000,0.220000
1772480479,683835633,-1.229118,-2.797409,2.346017,0.133506,-0.437326,-1.355589,1,0.052166,-0.604201,0.050951,-0.600000,0.050888,-0.600000,0.050888,-0.600000,0,-11.790502,0.058284,0.043618,-0.580000,-0.600000,0.220000
1772480479,708840460,-1.229181,-2.796395,2.331163,0.133402,-0.438459,-1.370043,1,0.051172,-0.599163,0.050888,-0.600000,0.051275,-0.600000,0.051275,-0.600000,0,-11.701500,0.058222,0.043555,-0.580000,-0.600000,0.220000
1772480479,733905717,-1.230961,-2.795579,2.315701,0.140087,-0.443684,-1.379596,1,0.050911,-0.596230,0.051275,-0.600000,0.047419,-0.600000,0.047419,-0.600000,0,-12.653096,0.058609,0.043942,-0.580000,-0.600000,0.220000
1772480479,783995207,-1.233160,-2.794357,2.285829,0.141315,-0.445880,-1.409468,1,0.051312,-0.600604,0.047419,-0.600000,0.047729,-0.600000,0.047729,-0.600000,0,-12.570997,0.054753,0.040086,-0.580000,-0.600000,0.220000
1772480479,809045586,-1.234197,-2.792563,2.270511,0.141074,-0.447871,-1.424834,1,0.046914,-0.597938,0.047729,-0.600000,0.047837,-0.600000,0.047837,-0.600000,0,-12.542589,0.055062,0.040396,-0.580000,-0.600000,0.220000
1772480479,834086995,-1.234672,-2.791782,2.255266,0.138437,-0.447622,-1.440790,1,0.046954,-0.582751,0.047837,-0.600000,0.049609,-0.600000,0.049609,-0.600000,0,-12.094693,0.055170,0.040504,-0.580000,-0.600000,0.220000
1772480479,884177632,-1.237111,-2.790357,2.224473,0.139760,-0.450118,-1.471583,1,0.047936,-0.595313,0.049609,-0.600000,0.049860,-0.600000,0.049860,-0.600000,0,-12.033619,0.056942,0.042275,-0.580000,-0.600000,0.220000
1772480479,909209165,-1.237633,-2.788644,2.209783,0.139205,-0.451628,-1.486119,1,0.049970,-0.603261,0.049860,-0.600000,0.050235,-0.600000,0.050235,-0.600000,0,-11.943894,0.057194,0.042527,-0.580000,-0.600000,0.220000
1772480479,934269519,-1.238814,-2.787983,2.194923,0.138482,-0.449683,-1.498800,1,0.050215,-0.601452,0.050235,-0.600000,0.052138,-0.600000,0.052138,-0.600000,0,-11.507892,0.057568,0.042902,-0.580000,-0.600000,0.220000
1772480479,984402698,-1.240015,-2.785982,2.165341,0.138455,-0.452017,-1.528383,1,0.050969,-0.601164,0.052138,-0.600000,0.052943,-0.600000,0.052943,-0.600000,0,-11.332844,0.059471,0.044805,-0.580000,-0.600000,0.220000
1772480480,9437219,-1.241538,-2.784442,2.150090,0.138974,-0.453965,-1.543899,1,0.053067,-0.612828,0.052943,-0.600000,0.052815,-0.600000,0.052815,-0.600000,0,-11.360364,0.060277,0.045610,-0.580000,-0.600000,0.220000
1772480480,34461067,-1.243241,-2.783611,2.134264,0.140375,-0.453398,-1.563317,1,0.053390,-0.609830,0.052815,-0.600000,0.053863,-0.600000,0.053863,-0.600000,0,-11.139332,0.060149,0.045482,-0.580000,-0.600000,0.220000
1772480480,84554752,-1.245396,-2.782032,2.104113,0.141373,-0.455876,-1.593469,1,0.053295,-0.611955,0.053863,-0.600000,0.054294,-0.600000,0.054294,-0.600000,0,-11.050858,0.061197,0.046530,-0.580000,-0.600000,0.220000
1772480480,109628769,-1.246061,-2.781261,2.089520,0.141636,-0.456737,-1.608224,1,0.054298,-0.603425,0.054294,-0.600000,0.054792,-0.600000,0.054792,-0.600000,0,-10.950592,0.061628,0.046961,-0.580000,-0.600000,0.220000
1772480480,134665085,-1.246216,-2.779932,2.074467,0.142440,-0.456042,-1.625398,1,0.054659,-0.598261,0.054792,-0.600000,0.056111,-0.600000,0.056111,-0.600000,0,-10.693008,0.062125,0.047458,-0.580000,-0.600000,0.220000
1772480480,184770184,-1.248569,-2.776849,2.044603,0.142803,-0.459904,-1.655263,1,0.054368,-0.602062,0.056111,-0.600000,0.056080,-0.600000,0.056080,-0.600000,0,-10.698997,0.063445,0.048778,-0.580000,-0.600000,0.220000
1772480480,209778155,-1.249399,-2.776133,2.029349,0.142991,-0.460692,-1.670919,1,0.055704,-0.598467,0.056080,-0.600000,0.056772,-0.600000,0.056772,-0.600000,0,-10.568523,0.063413,0.048747,-0.580000,-0.600000,0.220000
1772480480,234831076,-1.250393,-2.774482,2.014297,0.141077,-0.459194,-1.691348,1,0.055978,-0.601701,0.056772,-0.600000,0.060402,-0.600000,0.060402,-0.600000,0,-9.933418,0.064106,0.049439,-0.580000,-0.600000,0.220000
1772480480,284931572,-1.250110,-2.772082,1.984355,0.139555,-0.461070,-1.721290,1,0.056832,-0.588724,0.060402,-0.600000,0.062828,-0.600000,0.062828,-0.600000,0,-9.549893,0.067736,0.053069,-0.580000,-0.600000,0.220000
1772480480,309983812,-1.252976,-2.771704,1.968909,0.141670,-0.462974,-1.736980,1,0.060933,-0.601994,0.062828,-0.600000,0.061804,-0.600000,0.061804,-0.600000,0,-9.708109,0.070161,0.055495,-0.580000,-0.600000,0.220000
1772480480,335053128,-1.254377,-2.769071,1.954247,0.140007,-0.466651,-1.754913,1,0.062722,-0.603096,0.061804,-0.600000,0.061829,-0.600000,0.061829,-0.600000,0,-9.704112,0.069137,0.054471,-0.580000,-0.600000,0.220000
1772480480,385164963,-1.255745,-2.765614,1.923129,0.139303,-0.470302,-1.786031,1,0.061903,-0.590583,0.061829,-0.600000,0.062659,-0.600000,0.062659,-0.600000,0,-9.575619,0.069163,0.054496,-0.580000,-0.600000,0.220000
1772480480,410209663,-1.256189,-2.763965,1.908166,0.138789,-0.472033,-1.800777,1,0.062320,-0.614462,0.062659,-0.600000,0.063166,-0.600000,0.063166,-0.600000,0,-9.498749,0.069992,0.055326,-0.580000,-0.600000,0.220000
1772480480,435256823,-1.256785,-2.762971,1.893192,0.138739,-0.474455,-1.813091,1,0.062817,-0.601281,0.063166,-0.600000,0.062643,-0.600000,0.062643,-0.600000,0,-9.578158,0.070500,0.055833,-0.580000,-0.600000,0.220000
1772480480,485335277,-1.256865,-2.759432,1.863162,0.136912,-0.477488,-1.843121,1,0.063197,-0.608681,0.062643,-0.600000,0.064501,-0.600000,0.064501,-0.600000,0,-9.302196,0.069976,0.055309,-0.580000,-0.600000,0.220000
1772480480,510486981,-1.257907,-2.757563,1.848164,0.136464,-0.479313,-1.858160,1,0.063295,-0.601651,0.064501,-0.600000,0.064949,-0.600000,0.064949,-0.600000,0,-9.238079,0.071834,0.057168,-0.580000,-0.600000,0.220000
1772480480,535432380,-1.258962,-2.755654,1.832566,0.132327,-0.477703,-1.874245,1,0.063980,-0.596580,0.064949,-0.600000,0.071137,-0.600000,0.071137,-0.600000,0,-8.434450,0.072282,0.057615,-0.580000,-0.600000,0.220000
1772480480,585566130,-1.259363,-2.753064,1.802863,0.131279,-0.480105,-1.903948,1,0.065026,-0.593855,0.071137,-0.600000,0.073644,-0.600000,0.073644,-0.600000,0,-8.147273,0.078470,0.063803,-0.580000,-0.600000,0.220000
1772480480,610634645,-1.261521,-2.750484,1.787701,0.131827,-0.483739,-1.918806,1,0.071173,-0.603053,0.073644,-0.600000,0.071511,-0.600000,0.071511,-0.600000,0,-8.390274,0.080978,0.066311,-0.580000,-0.600000,0.220000
1772480480,635646736,-1.260688,-2.749087,1.773373,0.131647,-0.488054,-1.929515,1,0.070701,-0.590123,0.071511,-0.600000,0.068857,-0.600000,0.068857,-0.600000,0,-8.713685,0.078845,0.064178,-0.580000,-0.600000,0.220000
1772480480,685766922,-1.262601,-2.745562,1.743045,0.131389,-0.492056,-1.959843,1,0.071671,-0.594005,0.068857,-0.600000,0.069143,-0.600000,0.069143,-0.600000,0,-8.677643,0.076191,0.061524,-0.580000,-0.600000,0.220000
1772480480,710828386,-1.263426,-2.743264,1.727015,0.130798,-0.494509,-1.975980,1,0.068748,-0.600047,0.069143,-0.600000,0.069300,-0.600000,0.069300,-0.600000,0,-8.657964,0.076477,0.061810,-0.580000,-0.600000,0.220000
1772480480,735865280,-1.264177,-2.740722,1.711486,0.129293,-0.497847,-1.992752,1,0.069035,-0.599106,0.069300,-0.600000,0.069306,-0.600000,0.069306,-0.600000,0,-8.657267,0.076634,0.061967,-0.580000,-0.600000,0.220000
1772480480,785944792,-1.264906,-2.737962,1.681500,0.128437,-0.500571,-2.022737,1,0.068765,-0.605400,0.069306,-0.600000,0.071203,-0.600000,0.071203,-0.600000,0,-8.426596,0.076639,0.061973,-0.580000,-0.600000,0.220000
1772480480,811130656,-1.264916,-2.736070,1.666758,0.127292,-0.502324,-2.037745,1,0.071424,-0.605237,0.071203,-0.600000,0.072326,-0.600000,0.072326,-0.600000,0,-8.295786,0.078536,0.063870,-0.580000,-0.600000,0.220000
1772480480,836013906,-1.265222,-2.733390,1.651693,0.124503,-0.506388,-2.055723,1,0.071185,-0.597174,0.072326,-0.600000,0.072673,-0.600000,0.072673,-0.600000,0,-8.256157,0.079659,0.064993,-0.580000,-0.600000,0.220000
1772480480,886166505,-1.266526,-2.729890,1.621714,0.123728,-0.510042,-2.085702,1,0.071921,-0.598505,0.072673,-0.600000,0.073665,-0.600000,0.073665,-0.600000,0,-8.144952,0.080006,0.065340,-0.580000,-0.600000,0.220000
1772480480,911285059,-1.265680,-2.729328,1.606684,0.122807,-0.510385,-2.100740,1,0.074439,-0.609750,0.073665,-0.600000,0.077508,-0.600000,0.077508,-0.600000,0,-7.741163,0.080999,0.066332,-0.580000,-0.600000,0.220000
1772480480,936273530,-1.267514,-2.726390,1.591583,0.123820,-0.517405,-2.115923,1,0.078420,-0.608490,0.077508,-0.600000,0.075672,-0.600000,0.075672,-0.600000,0,-7.928919,0.084841,0.070174,-0.580000,-0.600000,0.220000
1772480480,986359533,-1.265880,-2.722066,1.561329,0.120123,-0.520179,-2.146177,1,0.076958,-0.591924,0.075672,-0.600000,0.078372,-0.600000,0.078372,-0.600000,0,-7.655829,0.083006,0.068339,-0.580000,-0.600000,0.220000
1772480481,11464399,-1.267623,-2.720101,1.546247,0.120385,-0.522505,-2.161490,1,0.077885,-0.606122,0.078372,-0.600000,0.079035,-0.600000,0.079035,-0.600000,0,-7.591560,0.085705,0.071038,-0.580000,-0.600000,0.220000
1772480481,36527954,-1.268964,-2.718990,1.531217,0.119147,-0.521143,-2.179135,1,0.078853,-0.601568,0.079035,-0.600000,0.085980,-0.600000,0.085980,-0.600000,0,-6.978378,0.086368,0.071702,-0.580000,-0.600000,0.220000
1772480481,86586876,-1.268622,-2.715157,1.501819,0.116795,-0.524188,-2.208533,1,0.079388,-0.610274,0.085980,-0.600000,0.090526,-0.600000,0.090526,-0.600000,0,-6.627934,0.093313,0.078647,-0.580000,-0.600000,0.220000
1772480481,111659585,-1.267855,-2.712355,1.486785,0.114660,-0.526300,-2.223394,1,0.091262,-0.626427,0.090526,-0.600000,0.097859,-0.580000,0.097859,-0.580000,0,-5.516760,0.097859,0.083193,-0.580000,-0.600000,0.220000
1772480481,136679256,-1.267883,-2.709966,1.471153,0.113631,-0.530201,-2.237066,1,0.098287,-0.581045,0.097859,-0.580000,0.105193,-0.560000,0.105193,-0.560000,0,-5.140974,0.105193,0.090526,-0.560000,-0.600000,0.220000
1772480481,186788503,-1.267282,-2.705795,1.441492,0.110885,-0.533398,-2.266727,1,0.097760,-0.568821,0.105193,-0.560000,0.112526,-0.551422,0.112526,-0.551422,0,-4.900396,0.112526,0.097859,-0.540000,-0.580000,0.220000
1772480481,211961049,-1.267262,-2.703166,1.426704,0.109270,-0.535784,-2.281437,1,0.114360,-0.598679,0.112526,-0.551422,0.119859,-0.531422,0.119859,-0.531422,0,-4.011293,0.119859,0.105193,-0.531422,-0.571422,0.220000
1772480481,236900445,-1.265934,-2.700640,1.413137,0.104829,-0.539081,-2.294186,1,0.113364,-0.548959,0.119859,-0.531422,0.127193,-0.511422,0.127193,-0.511422,0,-3.939167,0.127193,0.112526,-0.511422,-0.551422,0.220000
1772480481,287040751,-1.265924,-2.694635,1.385621,0.101602,-0.544145,-2.321703,1,0.119856,-0.522771,0.127193,-0.511422,0.134526,-0.491422,0.134526,-0.491422,0,-3.562782,0.134526,0.119859,-0.491422,-0.531422,0.220000
1772480481,312077808,-1.264934,-2.691979,1.372990,0.099370,-0.545549,-2.334236,1,0.136906,-0.523302,0.134526,-0.491422,0.141859,-0.471422,0.141859,-0.471422,0,-2.946226,0.141859,0.127193,-0.471422,-0.511422,0.220000
1772480481,337177713,-1.264291,-2.687228,1.359481,0.096595,-0.545841,-2.346675,1,0.134914,-0.498779,0.141859,-0.471422,0.149193,-0.451422,0.149193,-0.451422,0,-2.822880,0.149193,0.134526,-0.451422,-0.491422,0.220000
1772480481,387331480,-1.263096,-2.681088,1.334452,0.092301,-0.550389,-2.371704,1,0.152201,-0.495653,0.149193,-0.451422,0.156526,-0.431422,0.156526,-0.431422,0,-2.326517,0.156526,0.141859,-0.431422,-0.471422,0.220000
1772480481,412322543,-1.261587,-2.676662,1.322677,0.088701,-0.553582,-2.383487,1,0.160896,-0.447372,0.156526,-0.431422,0.163859,-0.411422,0.163859,-0.411422,0,-2.126221,0.163859,0.149193,-0.411422,-0.451422,0.220000
1772480481,437504251,-1.260825,-2.672930,1.311596,0.086529,-0.559159,-2.394649,1,0.156682,-0.432368,0.163859,-0.411422,0.171193,-0.391422,0.171193,-0.391422,0,-2.228274,0.171193,0.156526,-0.391422,-0.431422,0.220000
1772480481,487533305,-1.257568,-2.665140,1.290927,0.079608,-0.563997,-2.415317,1,0.177259,-0.441353,0.171193,-0.391422,0.178526,-0.371422,0.178526,-0.371422,0,-1.806368,0.178526,0.163859,-0.371422,-0.411422,0.220000
1772480481,512715517,-1.259020,-2.661594,1.280096,0.078204,-0.567693,-2.426449,1,0.182460,-0.400825,0.178526,-0.371422,0.185859,-0.351422,0.185859,-0.351422,0,-1.734855,0.185859,0.171193,-0.351422,-0.391422,0.220000
1772480481,537720055,-1.256379,-2.656656,1.271609,0.065837,-0.569668,-2.438000,1,0.178790,-0.364133,0.185859,-0.351422,0.193193,-0.331422,0.193193,-0.331422,0,-1.574038,0.193193,0.178526,-0.331422,-0.371422,0.220000
1772480481,587955254,-1.251967,-2.646962,1.253771,0.056903,-0.575467,-2.455838,1,0.192902,-0.357418,0.193193,-0.331422,0.200526,-0.311422,0.200526,-0.311422,0,-1.344557,0.200526,0.185859,-0.311422,-0.351422,0.220000
1772480481,612940926,-1.252048,-2.641447,1.244375,0.054075,-0.579882,-2.465330,1,0.198760,-0.308098,0.200526,-0.311422,0.207859,-0.291422,0.207859,-0.291422,0,-1.294122,0.207859,0.193193,-0.291422,-0.331422,0.220000
1772480481,637962043,-1.249522,-2.636846,1.236290,0.050157,-0.579666,-2.474363,1,0.199668,-0.307076,0.207859,-0.291422,0.215193,-0.271422,0.215193,-0.271422,0,-1.182557,0.215193,0.200526,-0.271422,-0.311422,0.220000
1772480481,688122937,-1.246744,-2.628198,1.220262,0.043157,-0.585454,-2.490391,1,0.212474,-0.260472,0.215193,-0.271422,0.220000,-0.251422,0.220000,-0.251422,0,-1.039930,0.220000,0.207859,-0.251422,-0.291422,0.220000
1772480481,713273047,-1.244957,-2.624880,1.213952,0.039874,-0.587352,-2.496862,1,0.218349,-0.224404,0.220000,-0.251422,0.220000,-0.231422,0.220000,-0.231422,0,-0.972085,0.220000,0.212667,-0.231422,-0.271422,0.220000
1772480481,738297748,-1.241698,-2.619154,1.206732,0.034124,-0.591022,-2.505574,1,0.220565,-0.251530,0.220000,-0.231422,0.220000,-0.211422,0.220000,-0.211422,0,-0.920528,0.220000,0.212667,-0.211422,-0.251422,0.220000
1772480481,788455170,-1.237921,-2.609031,1.194194,0.025477,-0.597499,-2.518112,1,0.218346,-0.190969,0.220000,-0.211422,0.220000,-0.193871,0.220000,-0.193871,0,-0.881230,0.220000,0.212667,-0.191422,-0.231422,0.220000
1772480481,813608701,-1.236560,-2.604483,1.188272,0.021939,-0.600696,-2.524086,1,0.219816,-0.186526,0.220000,-0.193871,0.220000,-0.189016,0.220000,-0.189016,0,-0.859162,0.220000,0.212667,-0.173871,-0.213871,0.220000
1772480481,838630616,-1.234018,-2.599176,1.183235,0.017508,-0.604736,-2.529594,1,0.220103,-0.181152,0.220000,-0.189016,0.220000,-0.187334,0.220000,-0.187334,0,-0.851517,0.220000,0.212667,-0.169016,-0.209016,0.220000
1772480481,888807088,-1.231155,-2.589822,1.172970,0.010042,-0.611057,-2.539859,1,0.220078,-0.194758,0.220000,-0.187334,0.220000,-0.181822,0.220000,-0.181822,0,-0.826462,0.220000,0.212667,-0.167334,-0.207334,0.220000
1772480481,913979774,-1.228864,-2.584741,1.169513,0.004987,-0.613930,-2.543361,1,0.220042,-0.180063,0.220000,-0.181822,0.220000,-0.177701,0.220000,-0.177701,0,-0.807733,0.220000,0.212667,-0.161822,-0.201822,0.220000
1772480481,938958611,-1.227303,-2.580689,1.165565,-0.001671,-0.615149,-2.547683,1,0.219464,-0.159890,0.220000,-0.177701,0.220000,-0.164106,0.220000,-0.164106,0,-0.745936,0.220000,0.212667,-0.157701,-0.197701,0.220000
1772480481,989185199,-1.222768,-2.570177,1.156800,-0.011172,-0.621537,-2.556448,1,0.219841,-0.164572,0.220000,-0.164106,0.220000,-0.156679,0.220000,-0.156679,0,-0.712179,0.220000,0.212667,-0.144106,-0.184106,0.220000
1772480482,14332677,-1.220680,-2.564730,1.152343,-0.015830,-0.625108,-2.560564,1,0.220496,-0.161115,0.220000,-0.156679,0.220000,-0.154879,0.220000,-0.154879,0,-0.703995,0.220000,0.212667,-0.136679,-0.176679,0.220000
1772480482,39282897,-1.217735,-2.559235,1.147821,-0.020932,-0.629095,-2.562447,1,0.219897,-0.154847,0.220000,-0.154879,0.220000,-0.156903,0.220000,-0.156903,0,-0.713197,0.220000,0.212667,-0.134879,-0.174879,0.220000
1772480482,89557624,-1.214067,-2.549262,1.139758,-0.029394,-0.635524,-2.570510,1,0.219678,-0.140982,0.220000,-0.156903,0.220000,-0.153149,0.220000,-0.153149,0,-0.696132,0.220000,0.212667,-0.136903,-0.176903,0.220000
1772480482,114670805,-1.210569,-2.543638,1.136019,-0.035494,-0.638601,-2.573616,1,0.219762,-0.157265,0.220000,-0.153149,0.220000,-0.148302,0.220000,-0.148302,0,-0.674101,0.220000,0.212667,-0.133149,-0.173149,0.220000
1772480482,139669359,-1.208942,-2.539806,1.131807,-0.039849,-0.642614,-2.573198,1,0.219647,-0.136347,0.220000,-0.148302,0.220000,-0.154954,0.220000,-0.154954,0,-0.704335,0.220000,0.212667,-0.128302,-0.168302,0.220000
1772480482,189772266,-1.204937,-2.530330,1.123181,-0.048296,-0.648486,-2.581824,1,0.219803,-0.142859,0.220000,-0.154954,0.220000,-0.148228,0.220000,-0.148228,0,-0.673763,0.220000,0.212667,-0.134954,-0.174954,0.220000
1772480482,214962641,-1.204105,-2.525191,1.120087,-0.051065,-0.652159,-2.584845,1,0.219725,-0.139412,0.220000,-0.148228,0.220000,-0.152107,0.220000,-0.152107,0,-0.691395,0.220000,0.212667,-0.128228,-0.168228,0.220000
1772480482,239963090,-1.200485,-2.519346,1.116401,-0.052283,-0.653515,-2.587997,1,0.219657,-0.131196,0.220000,-0.152107,0.220000,-0.150510,0.220000,-0.150510,0,-0.684139,0.220000,0.212667,-0.132107,-0.172107,0.220000
1772480482,290112233,-1.195455,-2.510072,1.108766,-0.061484,-0.658675,-2.595631,1,0.220153,-0.151409,0.220000,-0.150510,0.220000,-0.141004,0.220000,-0.141004,0,-0.640929,0.220000,0.212667,-0.130510,-0.170510,0.220000
1772480482,315302975,-1.192791,-2.505135,1.104874,-0.066373,-0.661581,-2.600097,1,0.220063,-0.148038,0.220000,-0.141004,0.220000,-0.136174,0.220000,-0.136174,0,-0.618972,0.220000,0.212667,-0.121004,-0.161004,0.220000
1772480482,340273364,-1.191048,-2.499972,1.100838,-0.070647,-0.666044,-2.608025,1,0.220074,-0.139780,0.220000,-0.136174,0.220000,-0.133464,0.220000,-0.133464,0,-0.606656,0.220000,0.212667,-0.116174,-0.156174,0.220000
1772480482,390515207,-1.185318,-2.491045,1.093882,-0.080276,-0.670494,-2.614981,1,0.219849,-0.138418,0.220000,-0.133464,0.220000,-0.122031,0.220000,-0.122031,0,-0.554686,0.220000,0.212667,-0.113464,-0.153464,0.220000
1772480482,415615389,-1.184027,-2.485832,1.090357,-0.084165,-0.674197,-2.618506,1,0.219894,-0.104692,0.220000,-0.122031,0.220000,-0.123161,0.220000,-0.123161,0,-0.559823,0.220000,0.212667,-0.102031,-0.142031,0.220000
1772480482,440606726,-1.181146,-2.480320,1.086881,-0.088998,-0.677037,-2.621877,1,0.219823,-0.123273,0.220000,-0.123161,0.220000,-0.119749,0.220000,-0.119749,0,-0.544313,0.220000,0.212667,-0.103161,-0.143161,0.220000
1772480482,490754437,-1.176801,-2.471858,1.080041,-0.093262,-0.680003,-2.627973,1,0.220154,-0.113782,0.220000,-0.119749,0.220000,-0.114025,0.220000,-0.114025,0,-0.518297,0.220000,0.212667,-0.099749,-0.139749,0.220000
1772480482,515972075,-1.174274,-2.466840,1.076827,-0.098088,-0.682882,-2.631186,1,0.219819,-0.107990,0.220000,-0.114025,0.220000,-0.111075,0.220000,-0.111075,0,-0.504888,0.220000,0.212667,-0.094025,-0.134025,0.220000
1772480482,540920076,-1.170864,-2.461379,1.073819,-0.103895,-0.685660,-2.634195,1,0.219938,-0.112943,0.220000,-0.111075,0.220000,-0.105939,0.220000,-0.105939,0,-0.481542,0.220000,0.212667,-0.091075,-0.131075,0.220000
1772480482,591093891,-1.164819,-2.452334,1.067869,-0.114026,-0.689785,-2.640062,1,0.219728,-0.112141,0.220000,-0.105939,0.220000,-0.093920,0.220000,-0.093920,0,-0.426911,0.220000,0.212667,-0.085939,-0.125939,0.220000
1772480482,616245438,-1.162577,-2.446693,1.065263,-0.120175,-0.691510,-2.642090,1,0.220378,-0.111000,0.220000,-0.093920,0.220000,-0.085593,0.220000,-0.085593,0,-0.389057,0.220000,0.212667,-0.073920,-0.113920,0.220000
1772480482,641330158,-1.160521,-2.442727,1.062665,-0.124038,-0.693757,-2.644688,1,0.219800,-0.093915,0.220000,-0.085593,0.220000,-0.083017,0.220000,-0.083017,0,-0.377351,0.220000,0.212667,-0.065593,-0.105593,0.220000
1772480482,691404161,-1.154695,-2.432331,1.057575,-0.134528,-0.699410,-2.649778,1,0.219942,-0.066872,0.220000,-0.083017,0.220000,-0.076588,0.220000,-0.076588,0,-0.348127,0.220000,0.212667,-0.063017,-0.103017,0.220000
1772480482,716583670,-1.152161,-2.428485,1.055354,-0.138730,-0.701298,-2.651999,1,0.220158,-0.086145,0.220000,-0.076588,0.220000,-0.072432,0.220000,-0.072432,0,-0.329235,0.220000,0.212667,-0.056588,-0.096588,0.220000
1772480482,741643469,-1.149249,-2.424006,1.053717,-0.143588,-0.703518,-2.653636,1,0.220137,-0.074754,0.220000,-0.072432,0.220000,-0.069040,0.220000,-0.069040,0,-0.313818,0.220000,0.212667,-0.052432,-0.092432,0.220000
1772480482,791745148,-1.143790,-2.412935,1.048493,-0.154881,-0.712859,-2.654858,1,0.220092,-0.070181,0.220000,-0.069040,0.220000,-0.079555,0.220000,-0.079555,0,-0.361616,0.220000,0.212667,-0.049040,-0.089040,0.220000
1772480482,816933380,-1.140132,-2.407397,1.047027,-0.160926,-0.715598,-2.656324,1,0.219560,-0.068250,0.220000,-0.079555,0.220000,-0.076326,0.220000,-0.076326,0,-0.346937,0.220000,0.212667,-0.059555,-0.099555,0.220000
1772480482,841910969,-1.138443,-2.402764,1.045063,-0.164824,-0.718619,-2.658288,1,0.219740,-0.081685,0.220000,-0.076326,0.220000,-0.077067,0.220000,-0.077067,0,-0.350302,0.220000,0.212667,-0.056326,-0.096326,0.220000
1772480482,892033517,-1.132565,-2.392204,1.041614,-0.175423,-0.724425,-2.661737,1,0.219718,-0.066954,0.220000,-0.077067,0.220000,-0.073317,0.220000,-0.073317,0,-0.333258,0.220000,0.212667,-0.057067,-0.097067,0.220000
1772480482,917237482,-1.130246,-2.387326,1.039674,-0.179984,-0.727318,-2.663677,1,0.220063,-0.074916,0.220000,-0.073317,0.220000,-0.072311,0.220000,-0.072311,0,-0.328689,0.220000,0.212667,-0.053317,-0.093317,0.220000
1772480482,942222338,-1.126688,-2.383714,1.037501,-0.184920,-0.728480,-2.665850,1,0.220631,-0.057990,0.220000,-0.072311,0.220000,-0.064292,0.220000,-0.064292,0,-0.292237,0.220000,0.212667,-0.052311,-0.092311,0.220000
1772480482,992392487,-1.121302,-2.373018,1.033314,-0.195176,-0.734663,-2.670037,1,0.220357,-0.086483,0.220000,-0.064292,0.220000,-0.061549,0.220000,-0.061549,0,-0.279769,0.220000,0.212667,-0.044292,-0.084292,0.220000
1772480483,17570168,-1.119048,-2.368843,1.031428,-0.199307,-0.736995,-2.671923,1,0.220365,-0.062071,0.220000,-0.061549,0.220000,-0.059614,0.220000,-0.059614,0,-0.270973,0.220000,0.212667,-0.041549,-0.081549,0.220000
1772480483,42546337,-1.115491,-2.364176,1.029522,-0.205149,-0.738766,-2.674028,1,0.220905,-0.051482,0.220000,-0.059614,0.220000,-0.052160,0.220000,-0.052160,0,-0.237091,0.220000,0.212667,-0.039614,-0.079614,0.220000
1772480483,92771963,-1.110228,-2.354510,1.026611,-0.217079,-0.742216,-2.678265,1,0.220019,-0.061783,0.220000,-0.052160,0.220000,-0.036418,0.220000,-0.036418,0,-0.165538,0.220000,0.212667,-0.032160,-0.072160,0.220000
1772480483,117884564,-1.106976,-2.349594,1.025282,-0.222454,-0.744636,-2.679594,1,0.220357,-0.046039,0.220000,-0.036418,0.220000,-0.033196,0.220000,-0.033196,0,-0.150890,0.220000,0.212667,-0.016418,-0.056418,0.220000
1772480483,142955006,-1.102873,-2.345142,1.024453,-0.228301,-0.746210,-2.680423,1,0.220715,-0.028133,0.220000,-0.033196,0.220000,-0.026723,0.220000,-0.026723,0,-0.121467,0.220000,0.212667,-0.013196,-0.053196,0.220000
1772480483,168054167,-1.100637,-2.340576,1.023376,-0.232629,-0.748876,-2.681500,1,0.220409,-0.030896,0.220000,-0.026723,0.220000,-0.026684,0.220000,-0.026684,0,-0.121289,0.220000,0.212667,-0.006723,-0.046723,0.220000
1772480483,218079636,-1.095196,-2.330741,1.020968,-0.242481,-0.754286,-2.683908,1,0.219813,-0.016471,0.220000,-0.026684,0.220000,-0.024365,0.220000,-0.024365,0,-0.110751,0.220000,0.212667,-0.006684,-0.046684,0.220000
1772480483,243264217,-1.091687,-2.325714,1.019742,-0.248133,-0.756663,-2.685134,1,0.219720,-0.021676,0.220000,-0.024365,0.220000,-0.020624,0.220000,-0.020624,0,-0.093743,0.220000,0.212667,-0.004365,-0.044365,0.220000
1772480483,268229136,-1.087651,-2.320672,1.019307,-0.254237,-0.758771,-2.685569,1,0.220080,-0.014249,0.220000,-0.020624,0.220000,-0.015996,0.220000,-0.015996,0,-0.072707,0.220000,0.212667,-0.000624,-0.040624,0.220000
1772480483,318415876,-1.082662,-2.310797,1.016289,-0.263725,-0.764133,-2.688695,1,0.220036,-0.015017,0.220000,-0.015996,0.220000,-0.013143,0.220000,-0.013143,0,-0.059742,0.220000,0.212667,0.004004,-0.035996,0.220000
1772480483,343604506,-1.079594,-2.307150,1.016327,-0.268247,-0.763310,-2.689414,1,0.220522,-0.010078,0.220000,-0.013143,0.220000,-0.000716,0.220000,-0.000716,0,-0.003256,0.220000,0.212667,0.006857,-0.033143,0.220000
1772480483,393732393,-1.074061,-2.298971,1.015931,-0.277296,-0.767263,-2.689811,1,0.219868,-0.014940,0.220000,-0.000716,0.220000,0.002702,0.220000,0.002702,0,0.012282,0.220000,0.212667,0.019284,-0.020716,0.220000
1772480483,418887626,-1.071396,-2.293670,1.015329,-0.282383,-0.770317,-2.690412,1,0.220134,-0.009236,0.220000,0.002702,0.220000,0.002190,0.220000,0.002190,0,0.009954,0.220000,0.212667,0.022702,-0.017298,0.220000
1772480483,443909921,-1.068551,-2.288538,1.014899,-0.287530,-0.773133,-2.690843,1,0.219532,0.000000,0.220000,0.002190,0.220000,0.002316,0.220000,0.002316,0,0.010529,0.220000,0.212667,0.022190,-0.017810,0.220000
1772480483,468938153,-1.065951,-2.283194,1.013642,-0.292585,-0.776259,-2.692100,1,0.219696,-0.005196,0.220000,0.002316,0.220000,0.002380,0.220000,0.002380,0,0.010820,0.220000,0.212667,0.022316,-0.017684,0.220000
1772480483,519037713,-1.059482,-2.275006,1.013847,-0.302430,-0.779719,-2.691894,1,0.219843,0.006478,0.220000,0.002380,0.220000,0.008356,0.220000,0.008356,0,0.037983,0.220000,0.212667,0.022380,-0.017620,0.220000
1772480483,544208161,-1.058396,-2.271717,1.013986,-0.305106,-0.781918,-2.691756,1,0.219614,0.004011,0.220000,0.008356,0.220000,0.005323,0.220000,0.005323,0,0.024197,0.220000,0.212667,0.028356,-0.011644,0.220000
1772480483,569201866,-1.053384,-2.265593,1.013861,-0.312616,-0.784413,-2.691880,1,0.220061,0.006506,0.220000,0.005323,0.220000,0.010827,0.220000,0.010827,0,0.049213,0.220000,0.212667,0.025323,-0.014677,0.220000
1772480483,619347178,-1.048596,-2.257901,1.012770,-0.321231,-0.793073,-2.692792,1,0.220177,0.012766,0.220000,0.010827,0.220000,-0.002613,0.220000,-0.002613,0,-0.011876,0.220000,0.212667,0.030827,-0.009173,0.220000
1772480483,644552775,-1.045326,-2.251699,1.012536,-0.327310,-0.796566,-2.693026,1,0.220131,-0.003629,0.220000,-0.002613,0.220000,-0.003277,0.220000,-0.003277,0,-0.014895,0.220000,0.212667,0.017387,-0.022613,0.220000
1772480483,669569446,-1.042262,-2.246986,1.012030,-0.332419,-0.798912,-2.693531,1,0.220076,0.004243,0.220000,-0.003277,0.220000,-0.001309,0.220000,-0.001309,0,-0.005952,0.220000,0.212667,0.016723,-0.023277,0.220000
1772480483,719798979,-1.036944,-2.239594,1.012404,-0.340864,-0.802316,-2.693158,1,0.219647,0.000000,0.220000,-0.001309,0.220000,0.001962,0.220000,0.001962,0,0.008920,0.220000,0.212667,0.018691,-0.021309,0.220000
1772480483,744757592,-1.033967,-2.234636,1.011491,-0.346031,-0.804916,-2.694070,1,0.220244,-0.005921,0.220000,0.001962,0.220000,0.003776,0.220000,0.003776,0,0.017164,0.220000,0.212667,0.021962,-0.018038,0.220000
1772480483,769828632,-1.031182,-2.230787,1.011037,-0.350442,-0.806679,-2.694525,1,0.219666,0.004496,0.220000,0.003776,0.220000,0.006392,0.220000,0.006392,0,0.029054,0.220000,0.212667,0.023776,-0.016224,0.220000
1772480483,820084438,-1.025518,-2.221491,1.010743,-0.360197,-0.811508,-2.694819,1,0.219541,0.000000,0.220000,0.006392,0.220000,0.008054,0.220000,0.008054,0,0.036609,0.220000,0.212667,0.026392,-0.013608,0.220000
1772480483,845039761,-1.021950,-2.216177,1.010943,-0.366054,-0.814092,-2.694618,1,0.220636,0.011599,0.220000,0.008054,0.220000,0.009789,0.220000,0.009789,0,0.044495,0.220000,0.212667,0.028054,-0.011946,0.220000
1772480483,870103057,-1.020503,-2.211038,1.009952,-0.369944,-0.817497,-2.695441,1,0.219233,0.008599,0.220000,0.009789,0.220000,0.005977,0.220000,0.005977,0,0.027169,0.220000,0.212667,0.029789,-0.010211,0.220000
1772480483,920359274,-1.013817,-2.203050,1.010129,-0.379289,-0.819502,-2.694048,1,0.220058,0.015921,0.220000,0.005977,0.220000,0.014933,0.220000,0.014933,0,0.067879,0.220000,0.212667,0.025977,-0.014023,0.220000
1772480483,945339356,-1.011473,-2.197807,1.009809,-0.384068,-0.822687,-2.694368,1,0.220139,0.008246,0.220000,0.014933,0.220000,0.013116,0.220000,0.013116,0,0.059619,0.220000,0.212667,0.034933,-0.005067,0.220000
1772480483,970543866,-1.008898,-2.192734,1.009967,-0.388952,-0.825604,-2.694210,1,0.219773,0.011264,0.220000,0.013116,0.220000,0.011789,0.220000,0.011789,0,0.053586,0.220000,0.212667,0.033116,-0.006884,0.220000
1772480484,20565392,-1.003246,-2.184095,1.010530,-0.398340,-0.829897,-2.693647,1,0.220444,0.000000,0.220000,0.011789,0.220000,0.013712,0.220000,0.013712,0,0.062325,0.220000,0.212667,0.031789,-0.008211,0.220000
1772480484,45705054,-1.000340,-2.180113,1.010886,-0.402922,-0.831715,-2.693291,1,0.219461,0.009552,0.220000,0.013712,0.220000,0.015456,0.220000,0.015456,0,0.070256,0.220000,0.212667,0.033712,-0.006288,0.220000
1772480484,70716823,-0.997510,-2.175027,1.011502,-0.408029,-0.834509,-2.692675,1,0.219955,0.019678,0.220000,0.015456,0.220000,0.014530,0.220000,0.014530,0,0.066044,0.220000,0.212667,0.035456,-0.004544,0.220000
1772480484,120943550,-0.991282,-2.165165,1.010972,-0.418558,-0.839529,-2.693205,1,0.219355,0.005153,0.220000,0.014530,0.220000,0.017477,0.220000,0.017477,0,0.079439,0.220000,0.212667,0.034530,-0.005470,0.220000
1772480484,145907606,-0.989324,-2.161302,1.011424,-0.422463,-0.841298,-2.693194,1,0.220228,0.021642,0.220000,0.017477,0.220000,0.018739,0.220000,0.018739,0,0.085176,0.220000,0.212667,0.037477,-0.002523,0.220000
1772480484,171101443,-0.985449,-2.156174,1.011725,-0.429912,-0.840149,-2.696199,1,0.219942,0.012578,0.220000,0.018739,0.212667,0.038739,0.212667,0.038739,0,0.187004,0.220000,0.212667,0.038739,-0.001261,0.220000
1772480484,221151624,-0.980935,-2.147789,1.012245,-0.438220,-0.844804,-2.695678,1,0.211388,0.038749,0.212667,0.038739,0.220000,0.040372,0.220000,0.040372,0,0.183509,0.220000,0.205333,0.058739,0.018739,0.220000
1772480484,246327415,-0.977509,-2.143264,1.012102,-0.443539,-0.846784,-2.695821,1,0.222625,0.040736,0.220000,0.040372,0.220000,0.043289,0.220000,0.043289,0,0.196766,0.220000,0.212667,0.060372,0.020372,0.220000
1772480484,271280818,-0.974398,-2.139053,1.013215,-0.448424,-0.848669,-2.694708,1,0.220004,0.045317,0.220000,0.043289,0.220000,0.044526,0.220000,0.044526,0,0.202392,0.220000,0.212667,0.063289,0.023289,0.220000
1772480484,321473524,-0.970025,-2.129328,1.014345,-0.457332,-0.854528,-2.693578,1,0.220576,0.041589,0.220000,0.044526,0.220000,0.039427,0.220000,0.039427,0,0.179213,0.220000,0.212667,0.064526,0.024526,0.220000
1772480484,346508934,-0.966026,-2.125286,1.015614,-0.462876,-0.855794,-2.692309,1,0.219517,0.044325,0.220000,0.039427,0.220000,0.044025,0.220000,0.044025,0,0.200113,0.220000,0.212667,0.059427,0.019427,0.220000
1772480484,371614681,-0.962367,-2.119957,1.016272,-0.468822,-0.858328,-2.691651,1,0.220160,0.035402,0.220000,0.044025,0.220000,0.045640,0.220000,0.045640,0,0.207452,0.220000,0.212667,0.064025,0.024025,0.220000
1772480484,421769808,-0.957082,-2.110550,1.018143,-0.478531,-0.863586,-2.689444,1,0.220249,0.051346,0.220000,0.045640,0.220000,0.042912,0.220000,0.042912,0,0.195056,0.220000,0.212667,0.065640,0.025640,0.220000
1772480484,446911476,-0.954453,-2.106080,1.019020,-0.484693,-0.867162,-2.685974,1,0.219796,0.048947,0.220000,0.042912,0.220000,0.037619,0.220000,0.037619,0,0.170994,0.220000,0.212667,0.062912,0.022912,0.220000
1772480484,471891172,-0.951258,-2.100725,1.020325,-0.490254,-0.869984,-2.684669,1,0.219992,0.042808,0.220000,0.037619,0.220000,0.036725,0.220000,0.036725,0,0.166932,0.220000,0.212667,0.057619,0.017619,0.220000
1772480484,522069242,-0.946349,-2.091831,1.022372,-0.499155,-0.874881,-2.682622,1,0.219970,0.029462,0.220000,0.036725,0.220000,0.034062,0.220000,0.034062,0,0.154825,0.220000,0.212667,0.056725,0.016725,0.220000
1772480484,547108405,-0.944432,-2.086730,1.022462,-0.503499,-0.878170,-2.682532,1,0.220106,0.034237,0.220000,0.034062,0.220000,0.030823,0.220000,0.030823,0,0.140103,0.220000,0.212667,0.054062,0.014062,0.220000
1772480484,572253560,-0.940256,-2.082496,1.023099,-0.509291,-0.879519,-2.681896,1,0.220428,0.030515,0.220000,0.030823,0.220000,0.036553,0.220000,0.036553,0,0.166152,0.220000,0.212667,0.050823,0.010823,0.220000
1772480484,622419256,-0.934944,-2.073035,1.024600,-0.518835,-0.884681,-2.680394,1,0.219808,0.035968,0.220000,0.036553,0.220000,0.035078,0.220000,0.035078,0,0.159444,0.220000,0.212667,0.056553,0.016553,0.220000
1772480484,647490684,-0.931352,-2.067373,1.024689,-0.524895,-0.887549,-2.680305,1,0.220468,0.044714,0.220000,0.035078,0.220000,0.036787,0.220000,0.036787,0,0.167213,0.220000,0.212667,0.055078,0.015078,0.220000
1772480484,672537212,-0.929766,-2.062865,1.024852,-0.528644,-0.890514,-2.680142,1,0.219583,0.033193,0.220000,0.036787,0.220000,0.033520,0.220000,0.033520,0,0.152364,0.220000,0.212667,0.056787,0.016787,0.220000
1772480484,722718264,-0.923535,-2.052698,1.026093,-0.539350,-0.895886,-2.678766,1,0.220544,0.035853,0.220000,0.033520,0.220000,0.033953,0.220000,0.033953,0,0.154331,0.220000,0.212667,0.053520,0.013520,0.220000
1772480484,747739537,-0.921096,-2.049198,1.026608,-0.543339,-0.898336,-2.677227,1,0.219790,0.034328,0.220000,0.033953,0.220000,0.031183,0.220000,0.031183,0,0.141740,0.220000,0.212667,0.053953,0.013953,0.220000
1772480484,772897774,-0.918987,-2.043211,1.027356,-0.548314,-0.902277,-2.676478,1,0.220099,0.029723,0.220000,0.031183,0.220000,0.026218,0.220000,0.026218,0,0.119171,0.220000,0.212667,0.051183,0.011183,0.220000
1772480484,823026153,-0.913015,-2.034195,1.029284,-0.558173,-0.906722,-2.674551,1,0.220017,0.028181,0.220000,0.026218,0.220000,0.027687,0.220000,0.027687,0,0.125849,0.220000,0.212667,0.046218,0.006218,0.220000
1772480484,848017406,-0.909851,-2.029469,1.030197,-0.563370,-0.909034,-2.673637,1,0.219587,0.031171,0.220000,0.027687,0.220000,0.028734,0.220000,0.028734,0,0.130610,0.220000,0.212667,0.047687,0.007687,0.220000
1772480484,873028926,-0.906915,-2.024577,1.031061,-0.568461,-0.911607,-2.672774,1,0.220473,0.031466,0.220000,0.028734,0.220000,0.028780,0.220000,0.028780,0,0.130817,0.220000,0.212667,0.048734,0.008734,0.220000
1772480484,923203940,-0.901472,-2.015174,1.030969,-0.578079,-0.916661,-2.672866,1,0.219586,0.031274,0.220000,0.028780,0.220000,0.030514,0.220000,0.030514,0,0.138698,0.220000,0.212667,0.048780,0.008780,0.220000
1772480484,948264948,-0.898823,-2.010164,1.031845,-0.582992,-0.919488,-2.671990,1,0.220632,0.039879,0.220000,0.030514,0.220000,0.029391,0.220000,0.029391,0,0.133594,0.220000,0.212667,0.050514,0.010514,0.220000
1772480484,973329472,-0.896676,-2.004640,1.032362,-0.587753,-0.923018,-2.671473,1,0.219738,0.028301,0.220000,0.029391,0.220000,0.025951,0.220000,0.025951,0,0.117959,0.220000,0.212667,0.049391,0.009391,0.220000
1772480485,23504365,-0.890806,-1.996068,1.033368,-0.600885,-0.930071,-2.670931,1,0.220189,0.026794,0.220000,0.025951,0.220000,0.027308,0.220000,0.027308,0,0.124127,0.220000,0.212667,0.045951,0.005951,0.220000
1772480485,48547691,-0.888547,-1.990471,1.033528,-0.605782,-0.933600,-2.670771,1,0.220190,0.031243,0.220000,0.027308,0.220000,0.024796,0.220000,0.024796,0,0.112707,0.220000,0.212667,0.047308,0.007308,0.220000
1772480485,73722061,-0.885315,-1.985458,1.034415,-0.611190,-0.936115,-2.669884,1,0.220185,0.025139,0.220000,0.024796,0.220000,0.025921,0.220000,0.025921,0,0.117822,0.220000,0.212667,0.044796,0.004796,0.220000
1772480485,123765522,-0.880067,-1.976530,1.035447,-0.620392,-0.940868,-2.668851,1,0.220037,0.032533,0.220000,0.025921,0.220000,0.026938,0.220000,0.026938,0,0.122446,0.220000,0.212667,0.045921,0.005921,0.220000
1772480485,148942064,-0.877430,-1.970718,1.035942,-0.625723,-0.944377,-2.668356,1,0.219228,0.022571,0.220000,0.026938,0.220000,0.024982,0.220000,0.024982,0,0.113555,0.220000,0.212667,0.046938,0.006938,0.220000
1772480485,173921725,-0.874707,-1.966397,1.036090,-0.630331,-0.946579,-2.668208,1,0.219936,0.032789,0.220000,0.024982,0.220000,0.026800,0.220000,0.026800,0,0.121817,0.220000,0.212667,0.044982,0.004982,0.220000
1772480485,224144172,-0.869483,-1.956470,1.037267,-0.640046,-0.952188,-2.667032,1,0.219994,0.028110,0.220000,0.026800,0.220000,0.026016,0.220000,0.026016,0,0.118253,0.220000,0.212667,0.046800,0.006800,0.220000
1772480485,249126503,-0.866719,-1.951407,1.038583,-0.645085,-0.954996,-2.665716,1,0.220023,0.026241,0.220000,0.026016,0.220000,0.025067,0.220000,0.025067,0,0.113941,0.220000,0.212667,0.046016,0.006016,0.220000
1772480485,274205397,-0.863358,-1.946952,1.039383,-0.650508,-0.957417,-2.664595,1,0.220440,0.027019,0.220000,0.025067,0.220000,0.026615,0.220000,0.026615,0,0.120979,0.220000,0.212667,0.045067,0.005067,0.220000
1772480485,299382790,-0.860890,-1.942563,1.039637,-0.656483,-0.963222,-2.661898,1,0.219886,0.017404,0.220000,0.026615,0.220000,0.015562,0.220000,0.015562,0,0.070737,0.220000,0.212667,0.046615,0.006615,0.220000
1772480485,349520787,-0.855231,-1.933054,1.040272,-0.666329,-0.968273,-2.661263,1,0.219772,0.029304,0.220000,0.015562,0.220000,0.018198,0.220000,0.018198,0,0.082719,0.220000,0.212667,0.035562,-0.004438,0.220000
1772480485,374549858,-0.852669,-1.928037,1.041241,-0.671164,-0.971163,-2.660293,1,0.220214,0.016871,0.220000,0.018198,0.220000,0.017351,0.220000,0.017351,0,0.078867,0.220000,0.212667,0.038198,-0.001802,0.220000
1772480485,399533518,-0.850594,-1.923583,1.041550,-0.675288,-0.973835,-2.659984,1,0.219762,0.022582,0.220000,0.017351,0.220000,0.016540,0.220000,0.016540,0,0.075183,0.220000,0.212667,0.037351,-0.002649,0.220000
1772480485,449685707,-0.844017,-1.913658,1.042772,-0.686132,-0.978750,-2.658763,1,0.219980,0.015825,0.220000,0.016540,0.220000,0.021526,0.220000,0.021526,0,0.097845,0.220000,0.212667,0.036540,-0.003460,0.220000
1772480485,474866717,-0.841372,-1.909316,1.043121,-0.690679,-0.981025,-2.658413,1,0.219737,0.017734,0.220000,0.021526,0.220000,0.023102,0.220000,0.023102,0,0.105007,0.220000,0.212667,0.041526,0.001526,0.220000
1772480485,524854847,-0.836261,-1.899060,1.043390,-0.700457,-0.987000,-2.658145,1,0.220222,0.023340,0.220000,0.023102,0.220000,0.023831,0.220000,0.023831,0,0.108322,0.220000,0.212667,0.043102,0.003102,0.220000
1772480485,549941036,-0.833462,-1.896054,1.044533,-0.704987,-0.987920,-2.657361,1,0.219790,0.020129,0.220000,0.023831,0.220000,0.029546,0.220000,0.029546,0,0.134299,0.220000,0.212667,0.043831,0.003831,0.220000
1772480485,574985974,-0.830406,-1.890991,1.044914,-0.714708,-0.989472,-2.659813,1,0.219842,0.025673,0.220000,0.029546,0.220000,0.049099,0.220000,0.049099,0,0.223176,0.220000,0.212667,0.049546,0.009546,0.220000
1772480485,625147030,-0.825991,-1.880830,1.045844,-0.723866,-0.995707,-2.658883,1,0.220081,0.025610,0.220000,0.049099,0.220000,0.047307,0.220000,0.047307,0,0.215033,0.220000,0.212667,0.069099,0.029099,0.220000
1772480485,650211517,-0.823237,-1.875701,1.046104,-0.728932,-0.998574,-2.658623,1,0.219492,0.049818,0.220000,0.047307,0.220000,0.048631,0.220000,0.048631,0,0.221052,0.220000,0.212667,0.067307,0.027307,0.220000
1772480485,675365224,-0.819636,-1.871449,1.047539,-0.734247,-1.000247,-2.657189,1,0.220351,0.049019,0.220000,0.048631,0.220000,0.053260,0.220000,0.053260,0,0.242091,0.220000,0.212667,0.068631,0.028631,0.220000
1772480485,725489919,-0.814968,-1.861780,1.050015,-0.743357,-1.005931,-2.654713,1,0.219730,0.053303,0.220000,0.053260,0.220000,0.051726,0.220000,0.051726,0,0.235118,0.220000,0.212667,0.073260,0.033260,0.220000
1772480485,750574597,-0.812608,-1.857647,1.051220,-0.747558,-1.008166,-2.653507,1,0.219545,0.055334,0.220000,0.051726,0.220000,0.052306,0.220000,0.052306,0,0.237753,0.220000,0.212667,0.071726,0.031726,0.220000
1772480485,775561032,-0.808221,-1.851810,1.052897,-0.754384,-1.010760,-2.651831,1,0.220179,0.056982,0.220000,0.052306,0.220000,0.057452,0.220000,0.057452,0,0.261145,0.220000,0.212667,0.072306,0.032306,0.220000
1772480485,825712534,-0.804008,-1.843412,1.054654,-0.762777,-1.015380,-2.650448,1,0.220020,0.040068,0.220000,0.057452,0.220000,0.060068,0.220000,0.060068,0,0.273038,0.220000,0.212667,0.077452,0.037452,0.220000
1772480485,850760917,-0.801449,-1.838146,1.056343,-0.770656,-1.016525,-2.651871,1,0.220581,0.057310,0.220000,0.060068,0.220000,0.076905,0.220000,0.076905,0,0.349568,0.220000,0.212667,0.080068,0.040068,0.220000
1772480485,875834534,-0.798874,-1.833524,1.058052,-0.775309,-1.019042,-2.650162,1,0.220146,0.062918,0.220000,0.076905,0.220000,0.077507,0.220000,0.077507,0,0.352304,0.220000,0.212667,0.096905,0.056905,0.220000
1772480485,900921736,-0.797130,-1.828421,1.059025,-0.779520,-1.022412,-2.649189,1,0.219803,0.076424,0.220000,0.077507,0.220000,0.075412,0.220000,0.075412,0,0.342780,0.220000,0.212667,0.097507,0.057507,0.220000
1772480485,951043730,-0.790116,-1.819961,1.062532,-0.789979,-1.025785,-2.645682,1,0.220526,0.080621,0.220000,0.075412,0.220000,0.085429,0.220000,0.085429,0,0.388314,0.220000,0.212667,0.095412,0.055412,0.220000
1772480485,976110837,-0.788395,-1.814350,1.064251,-0.794443,-1.029596,-2.643963,1,0.220047,0.069406,0.220000,0.085429,0.220000,0.081973,0.220000,0.081973,0,0.372606,0.220000,0.212667,0.105429,0.065429,0.220000
1772480486,1341811,-0.785952,-1.810071,1.066278,-0.798801,-1.031894,-2.641936,1,0.219750,0.082761,0.220000,0.081973,0.220000,0.082806,0.220000,0.082806,0,0.376392,0.220000,0.212667,0.101973,0.061973,0.220000
1772480486,51339722,-0.780503,-1.799310,1.069305,-0.809174,-1.038048,-2.638908,1,0.220668,0.086300,0.220000,0.082806,0.220000,0.085766,0.220000,0.085766,0,0.389844,0.220000,0.212667,0.102806,0.062806,0.220000
1772480486,76499384,-0.777391,-1.794808,1.071033,-0.814217,-1.040177,-2.637180,1,0.219444,0.087121,0.220000,0.085766,0.220000,0.089762,0.220000,0.089762,0,0.408009,0.220000,0.212667,0.105766,0.065766,0.220000
1772480486,101533908,-0.774911,-1.789636,1.072356,-0.818766,-1.042540,-2.636002,1,0.219689,0.089951,0.220000,0.089762,0.220000,0.092789,0.220000,0.092789,0,0.421766,0.220000,0.212667,0.109762,0.069762,0.220000
1772480486,151728849,-0.769251,-1.779973,1.075894,-0.826216,-1.042357,-2.633603,1,0.220348,0.091925,0.220000,0.092789,0.220000,0.110140,0.220000,0.110140,0,0.500638,0.220000,0.212667,0.112789,0.072789,0.220000
1772480486,176692386,-0.767429,-1.775246,1.077934,-0.830294,-1.045362,-2.631563,1,0.219290,0.086998,0.220000,0.110140,0.220000,0.109003,0.220000,0.109003,0,0.495466,0.220000,0.212667,0.130140,0.090140,0.220000
1772480486,201811410,-0.764197,-1.770367,1.080138,-0.835643,-1.047738,-2.629359,1,0.219737,0.101765,0.220000,0.109003,0.220000,0.113714,0.220000,0.113714,0,0.516880,0.220000,0.212667,0.129003,0.089003,0.220000
1772480486,251920961,-0.758481,-1.760359,1.084482,-0.845845,-1.053100,-2.625015,1,0.220122,0.111189,0.220000,0.113714,0.220000,0.120745,0.220000,0.120745,0,0.548839,0.220000,0.212667,0.133714,0.093714,0.220000
1772480486,277113034,-0.757940,-1.755688,1.086777,-0.848813,-1.056747,-2.622720,1,0.219519,0.121551,0.220000,0.120745,0.220000,0.115537,0.220000,0.115537,0,0.525166,0.220000,0.212667,0.140745,0.100745,0.220000
1772480486,302121170,-0.754285,-1.750429,1.089408,-0.854723,-1.059215,-2.620089,1,0.219868,0.129012,0.220000,0.115537,0.220000,0.122550,0.220000,0.122550,0,0.557044,0.220000,0.212667,0.135537,0.095537,0.220000
1772480486,352316459,-0.751075,-1.741495,1.093866,-0.862235,-1.065021,-2.615631,1,0.220595,0.111026,0.220000,0.122550,0.220000,0.123530,0.220000,0.123530,0,0.561499,0.220000,0.212667,0.142550,0.102550,0.220000
1772480486,377273440,-0.747851,-1.735399,1.096500,-0.867749,-1.068335,-2.613276,1,0.219717,0.124402,0.220000,0.123530,0.220000,0.128701,0.220000,0.128701,0,0.585003,0.220000,0.212667,0.143530,0.103530,0.220000
1772480486,402477303,-0.744846,-1.730946,1.098892,-0.868745,-1.069731,-2.613166,1,0.219617,0.128115,0.220000,0.128701,0.220000,0.127868,0.220000,0.127868,0,0.581220,0.220000,0.212667,0.148701,0.108701,0.220000
1772480486,452526924,-0.739266,-1.721151,1.104843,-0.878731,-1.074962,-2.607215,1,0.220226,0.131319,0.220000,0.127868,0.220000,0.141127,0.220000,0.141127,0,0.641486,0.220000,0.212667,0.147868,0.107868,0.220000
1772480486,477708772,-0.736692,-1.717018,1.107285,-0.883130,-1.077051,-2.604773,1,0.220415,0.137862,0.220000,0.141127,0.220000,0.148719,0.220000,0.148719,0,0.675994,0.220000,0.212667,0.161127,0.121127,0.220000
1772480486,502715101,-0.735958,-1.712196,1.109435,-0.886351,-1.080713,-2.602622,1,0.219590,0.146930,0.220000,0.148719,0.220000,0.149037,0.220000,0.149037,0,0.677442,0.220000,0.212667,0.168719,0.128719,0.220000
1772480486,552918088,-0.730124,-1.702422,1.116453,-0.896540,-1.085789,-2.595605,1,0.219521,0.156546,0.220000,0.149037,0.216946,0.169037,0.216946,0.169037,0,0.779169,0.220000,0.212667,0.169037,0.129037,0.220000
1772480486,577888811,-0.727808,-1.697884,1.120150,-0.900939,-1.088357,-2.591908,1,0.219898,0.153138,0.216946,0.169037,0.220000,0.183862,0.220000,0.183862,0,0.835736,0.220000,0.209612,0.189037,0.149037,0.220000
1772480486,603074205,-0.725930,-1.692116,1.123340,-0.905635,-1.092197,-2.588717,1,0.216567,0.176415,0.220000,0.183862,0.220000,0.186125,0.220000,0.186125,0,0.846022,0.220000,0.212667,0.203862,0.163862,0.220000
1772480486,653136919,-0.721298,-1.682279,1.129692,-0.915020,-1.098318,-2.582148,1,0.219577,0.192848,0.220000,0.186125,0.212667,0.206125,0.212667,0.206125,0,1.265249,0.220000,0.212667,0.206125,0.166125,0.220000
1772480486,678257428,-0.719255,-1.676882,1.134174,-0.920972,-1.104369,-2.576012,1,0.220019,0.192460,0.212667,0.206125,0.205333,0.226125,0.205333,0.226125,0,6.056598,0.220000,0.205333,0.226125,0.186125,0.220000
1772480486,703430803,-0.716224,-1.672766,1.138903,-0.925742,-1.106206,-2.571283,1,0.212518,0.203107,0.205333,0.226125,0.198000,0.246125,0.198000,0.246125,0,6.273199,0.212667,0.198000,0.246125,0.206125,0.220000
1772480486,753515843,-0.712685,-1.662469,1.147948,-0.934269,-1.112977,-2.562238,1,0.196748,0.241858,0.198000,0.246125,0.205333,0.226125,0.205333,0.226125,0,0.913365,0.205333,0.190667,0.266125,0.226125,0.220000
1772480486,778524697,-0.710993,-1.658065,1.152896,-0.938066,-1.115777,-2.557291,1,0.197603,0.248773,0.205333,0.226125,0.212667,0.226072,0.212667,0.226072,0,1.063034,0.212667,0.198000,0.246125,0.206125,0.220000
1772480486,803702552,-0.708175,-1.654274,1.158380,-0.942481,-1.117454,-2.551806,1,0.204872,0.228338,0.212667,0.226072,0.205333,0.246072,0.205333,0.246072,0,6.505184,0.220000,0.205333,0.246072,0.206072,0.220000
1772480486,853872327,-0.704830,-1.644867,1.170513,-0.950366,-1.123579,-2.539673,1,0.212250,0.227443,0.205333,0.246072,0.198000,0.266072,0.198000,0.266072,0,6.274901,0.212667,0.198000,0.266072,0.226072,0.220000
1772480486,878922627,-0.702243,-1.640161,1.176633,-0.955080,-1.126152,-2.533553,1,0.204898,0.253391,0.198000,0.266072,0.190667,0.286072,0.190667,0.286072,0,6.507269,0.205333,0.190667,0.286072,0.246072,0.220000
1772480486,904012667,-0.700050,-1.636007,1.182624,-0.959164,-1.128472,-2.527563,1,0.197922,0.262499,0.190667,0.286072,0.183333,0.306072,0.183333,0.306072,0,6.730236,0.198000,0.183333,0.306072,0.266072,0.220000
1772480486,954072415,-0.696707,-1.626956,1.194084,-0.969714,-1.133100,-2.516951,1,0.191531,0.298743,0.183333,0.306072,0.176000,0.326072,0.176000,0.326072,0,6.939264,0.190667,0.176000,0.326072,0.286072,0.220000
1772480486,979225946,-0.694715,-1.622145,1.200273,-0.973985,-1.136078,-2.510763,1,0.183704,0.299982,0.176000,0.326072,0.168667,0.346072,0.168667,0.346072,0,7.186782,0.183333,0.168667,0.346072,0.306072,0.220000
1772480487,4253738,-0.693538,-1.617236,1.208060,-0.977623,-1.139578,-2.502976,1,0.176028,0.319959,0.168667,0.346072,0.161333,0.366072,0.161333,0.366072,0,7.414555,0.176000,0.161333,0.366072,0.326072,0.220000
1772480487,54451470,-0.691765,-1.609974,1.222536,-0.983031,-1.144738,-2.488500,1,0.168499,0.360520,0.161333,0.366072,0.154000,0.386072,0.154000,0.386072,0,7.624865,0.168667,0.154000,0.386072,0.346072,0.220000
1772480487,79591308,-0.690104,-1.607459,1.231959,-0.985786,-1.145961,-2.479077,1,0.160826,0.359955,0.154000,0.386072,0.161333,0.366072,0.161333,0.366072,0,1.018980,0.161333,0.146667,0.406072,0.366072,0.220000
1772480487,104651457,-0.687929,-1.603718,1.240659,-0.989635,-1.147938,-2.470376,1,0.154210,0.375928,0.161333,0.366072,0.168667,0.346072,0.168667,0.346072,0,0.774595,0.168667,0.154000,0.386072,0.346072,0.220000
1772480487,154821536,-0.684734,-1.596045,1.258662,-0.996463,-1.152678,-2.452373,1,0.170648,0.337440,0.168667,0.346072,0.161333,0.366072,0.161333,0.366072,0,7.648977,0.176000,0.161333,0.366072,0.326072,0.220000
1772480487,179942732,-0.683956,-1.591765,1.267964,-0.999426,-1.155864,-2.443072,1,0.169375,0.368012,0.161333,0.366072,0.154000,0.386072,0.154000,0.386072,0,7.711623,0.168667,0.154000,0.386072,0.346072,0.220000
1772480487,205111970,-0.683743,-1.588523,1.276249,-1.001740,-1.158608,-2.434906,1,0.161459,0.352624,0.154000,0.386072,0.146667,0.406072,0.146667,0.406072,0,7.935843,0.161333,0.146667,0.406072,0.366072,0.220000
1772480487,255084989,-0.681799,-1.580774,1.293313,-1.010122,-1.164930,-2.418635,1,0.154088,0.400131,0.146667,0.406072,0.139333,0.426072,0.139333,0.426072,0,8.176552,0.154000,0.139333,0.426072,0.386072,0.220000
1772480487,280299704,-0.680354,-1.576815,1.302294,-1.013476,-1.167482,-2.409655,1,0.146568,0.405147,0.139333,0.426072,0.132000,0.446072,0.132000,0.446072,0,8.238457,0.146667,0.132000,0.446072,0.406072,0.220000
1772480487,305358767,-0.679568,-1.573089,1.312198,-1.016149,-1.170194,-2.399750,1,0.130815,0.437957,0.132000,0.446072,0.139333,0.426072,0.139333,0.426072,0,0.274232,0.139333,0.124667,0.466072,0.426072,0.220000
1772480487,355555047,-0.677354,-1.566916,1.334283,-1.021346,-1.174194,-2.377666,1,0.141649,0.438116,0.139333,0.426072,0.132000,0.446072,0.132000,0.446072,0,8.397139,0.146667,0.132000,0.446072,0.406072,0.220000
1772480487,380661127,-0.676959,-1.564347,1.345000,-1.023066,-1.176143,-2.366949,1,0.139472,0.424016,0.132000,0.446072,0.124667,0.466072,0.124667,0.466072,0,8.413261,0.139333,0.124667,0.466072,0.426072,0.220000
1772480487,405754970,-0.676648,-1.560820,1.356060,-1.025232,-1.178944,-2.355889,1,0.123182,0.464273,0.124667,0.466072,0.117333,0.446072,0.117333,0.446072,0,-0.105331,0.132000,0.117333,0.486072,0.446072,0.220000
1772480487,455892952,-0.674906,-1.554179,1.378794,-1.030284,-1.183593,-2.333155,1,0.124804,0.447968,0.117333,0.446072,0.124667,0.426072,0.124667,0.426072,0,0.455722,0.124667,0.110000,0.466072,0.426072,0.220000
1772480487,481039699,-0.674514,-1.550804,1.389796,-1.033164,-1.186052,-2.321711,1,0.117773,0.435596,0.124667,0.426072,0.117333,0.406072,0.117333,0.406072,0,-0.287513,0.132000,0.117333,0.446072,0.406072,0.220000
1772480487,506072511,-0.674654,-1.548459,1.400275,-1.039054,-1.186998,-2.308360,1,0.116449,0.424945,0.117333,0.406072,0.124667,0.386072,0.124667,0.386072,0,0.012704,0.124667,0.110000,0.426072,0.386072,0.220000
1772480487,556188717,-0.674273,-1.542743,1.421135,-1.042446,-1.191614,-2.287501,1,0.125349,0.401669,0.124667,0.386072,0.117333,0.406072,0.117333,0.406072,0,8.597193,0.132000,0.117333,0.406072,0.366072,0.220000
1772480487,581347243,-0.674064,-1.539817,1.430779,-1.044194,-1.193970,-2.277856,1,0.124496,0.384912,0.117333,0.406072,0.110000,0.426072,0.110000,0.426072,0,8.733126,0.124667,0.110000,0.426072,0.386072,0.220000
1772480487,606402769,-0.673275,-1.536902,1.440529,-1.046425,-1.196005,-2.268107,1,0.108325,0.415424,0.110000,0.426072,0.102667,0.406072,0.102667,0.406072,0,-0.603076,0.117333,0.102667,0.446072,0.406072,0.220000
1772480487,656614354,-0.673634,-1.530423,1.460738,-1.049603,-1.201663,-2.247897,1,0.109608,0.425255,0.102667,0.406072,0.110000,0.386072,0.110000,0.386072,0,0.707967,0.110000,0.095333,0.426072,0.386072,0.220000
1772480487,681656142,-0.672618,-1.527997,1.470780,-1.051763,-1.203164,-2.237856,1,0.102648,0.414070,0.110000,0.386072,0.102667,0.366072,0.102667,0.366072,0,-1.052031,0.117333,0.102667,0.406072,0.366072,0.220000
1772480487,706786416,-0.672382,-1.524976,1.480642,-1.053585,-1.205585,-2.227994,1,0.101211,0.362818,0.102667,0.366072,0.095333,0.346072,0.095333,0.346072,0,-1.088090,0.110000,0.095333,0.386072,0.346072,0.220000
1772480487,756924759,-0.671703,-1.520111,1.499123,-1.056782,-1.209298,-2.209464,1,0.102592,0.372596,0.095333,0.346072,0.102667,0.326072,0.102667,0.326072,0,0.297782,0.102667,0.088000,0.366072,0.326072,0.220000
1772480487,781956410,-0.671834,-1.517711,1.508349,-1.058037,-1.211228,-2.199931,1,0.094955,0.351855,0.102667,0.326072,0.095333,0.306072,0.095333,0.306072,0,-1.927393,0.110000,0.095333,0.346072,0.306072,0.220000
1772480487,806979704,-0.672256,-1.514991,1.516554,-1.059141,-1.213749,-2.191725,1,0.094328,0.313884,0.095333,0.306072,0.088000,0.286072,0.088000,0.286072,0,-1.917881,0.102667,0.088000,0.326072,0.286072,0.220000
1772480487,857137664,-0.671613,-1.509011,1.532959,-1.062893,-1.218449,-2.175320,1,0.088645,0.284867,0.088000,0.286072,0.080667,0.266072,0.080667,0.266072,0,-2.707240,0.095333,0.080667,0.306072,0.266072,0.220000
1772480487,882302377,-0.671171,-1.506396,1.540019,-1.064670,-1.220419,-2.168261,1,0.078156,0.257160,0.080667,0.266072,0.073333,0.246072,0.073333,0.246072,0,-4.764421,0.088000,0.073333,0.286072,0.246072,0.220000
1772480487,907380539,-0.672481,-1.505694,1.545564,-1.063941,-1.221714,-2.162716,1,0.072099,0.243155,0.073333,0.246072,0.066000,0.226072,0.066000,0.226072,0,-6.039331,0.080667,0.066000,0.266072,0.226072,0.220000
1772480487,957406776,-0.671792,-1.501191,1.557748,-1.066940,-1.225144,-2.150532,1,0.073491,0.246392,0.066000,0.226072,0.058667,0.206072,0.058667,0.206072,0,-5.922394,0.073333,0.058667,0.246072,0.206072,0.220000
1772480487,982572880,-0.671363,-1.499188,1.564201,-1.067695,-1.227040,-2.144357,1,0.056775,0.204775,0.058667,0.206072,0.051333,0.186072,0.051333,0.186072,0,-6.058077,0.066000,0.051333,0.226072,0.186072,0.220000
1772480488,7520302,-0.671521,-1.497182,1.569764,-1.064230,-1.231650,-2.140598,1,0.050434,0.184023,0.051333,0.186072,0.044000,0.166072,0.044000,0.166072,0,-7.019001,0.058667,0.044000,0.206072,0.166072,0.220000
1772480488,57662678,-0.672317,-1.494749,1.579279,-1.064869,-1.234129,-2.131083,1,0.043390,0.165960,0.044000,0.166072,0.036667,0.146072,0.036667,0.146072,0,-7.215074,0.051333,0.036667,0.186072,0.146072,0.220000
1772480488,82712628,-0.671421,-1.493603,1.583087,-1.066242,-1.234612,-2.127275,1,0.035257,0.143108,0.036667,0.146072,0.029333,0.126072,0.029333,0.126072,0,-7.012665,0.044000,0.029333,0.166072,0.126072,0.220000
1772480488,107756875,-0.671777,-1.492778,1.586728,-1.066386,-1.235498,-2.123634,1,0.028386,0.128229,0.029333,0.126072,0.022000,0.106072,0.022000,0.106072,0,-7.079232,0.036667,0.022000,0.146072,0.106072,0.220000
1772480488,132947612,-0.670897,-1.492627,1.589778,-1.067168,-1.235229,-2.120963,1,0.022296,0.106243,0.022000,0.106072,0.014667,0.086072,0.014667,0.086072,0,-6.952099,0.029333,0.014667,0.126072,0.086072,0.220000
1772480488,182927894,-0.671441,-1.489558,1.596611,-1.068099,-1.238637,-2.116781,1,0.013156,0.087617,0.014667,0.086072,0.007333,0.066072,0.007333,0.066072,0,-6.966553,0.022000,0.007333,0.106072,0.066072,0.220000
1772480488,207953186,-0.671266,-1.488469,1.598743,-1.068835,-1.239458,-2.114649,1,0.005956,0.056857,0.007333,0.066072,0.000000,0.046072,0.000000,0.046072,0,-6.884348,0.014667,0.000000,0.086072,0.046072,0.220000
1772480488,258054800,-0.671692,-1.488328,1.602469,-1.068553,-1.239807,-2.110922,1,0.007232,0.068378,0.000000,0.046072,0.000000,0.026072,0.000000,0.026072,0,-7.018226,0.007333,0.000000,0.066072,0.026072,0.220000
1772480488,283079600,-0.672037,-1.487810,1.603351,-1.068266,-1.240134,-2.109870,1,0.000000,0.026764,0.000000,0.026072,0.000000,0.006072,0.000000,0.006072,0,-7.107189,0.007333,0.000000,0.046072,0.006072,0.220000
1772480488,308162285,-0.671889,-1.488279,1.604013,-1.065920,-1.237292,-2.107846,1,0.000000,-0.001860,0.000000,0.006072,0.001855,-0.013928,0.001855,-0.013928,0,-7.509902,0.007333,0.000000,0.026072,-0.013928,0.220000
1772480488,358225696,-0.671361,-1.487245,1.604419,-1.066922,-1.237877,-2.107440,1,0.001556,-0.019503,0.001855,-0.013928,0.004626,-0.033928,0.004626,-0.033928,0,-7.333676,0.009188,0.000000,0.006072,-0.033928,0.220000
1772480488,383319725,-0.671901,-1.487009,1.604291,-1.066596,-1.238368,-2.107568,1,0.005104,-0.044573,0.004626,-0.033928,0.007270,-0.053928,0.007270,-0.053928,0,-7.418046,0.011960,0.000000,-0.013928,-0.053928,0.220000
1772480488,408392839,-0.672532,-1.487484,1.603385,-1.065205,-1.237701,-2.108535,1,0.007182,-0.053413,0.007270,-0.053928,0.009648,-0.073928,0.009648,-0.073928,0,-7.662627,0.014603,0.000000,-0.033928,-0.073928,0.220000
1772480488,458370903,-0.672308,-1.486549,1.601689,-1.060769,-1.233196,-2.110754,1,0.009634,-0.082945,0.009648,-0.073928,0.011439,-0.093928,0.011439,-0.093928,0,-8.210901,0.016981,0.002315,-0.053928,-0.093928,0.220000
1772480488,483399949,-0.672431,-1.486040,1.599495,-1.060940,-1.233691,-2.112948,1,0.011679,-0.080624,0.011439,-0.093928,0.013931,-0.113928,0.013931,-0.113928,0,-8.178296,0.018773,0.004106,-0.073928,-0.113928,0.220000
1772480488,508473265,-0.672252,-1.485378,1.597344,-1.061449,-1.234151,-2.115098,1,0.014060,-0.117287,0.013931,-0.113928,0.016563,-0.133928,0.016563,-0.133928,0,-8.085748,0.021264,0.006597,-0.093928,-0.133928,0.220000
1772480488,558506394,-0.671664,-1.484882,1.591808,-1.062541,-1.234930,-2.125318,1,0.013935,-0.127625,0.016563,-0.133928,0.019782,-0.153928,0.019782,-0.153928,0,-7.781071,0.023897,0.009230,-0.113928,-0.153928,0.220000
1772480488,583539728,-0.672337,-1.484782,1.588676,-1.062031,-1.235380,-2.128450,1,0.016930,-0.124445,0.019782,-0.153928,0.022162,-0.173928,0.022162,-0.173928,0,-7.847855,0.027116,0.012449,-0.133928,-0.173928,0.220000
1772480488,608552889,-0.671444,-1.483443,1.585843,-1.063509,-1.236017,-2.131283,1,0.019520,-0.154758,0.022162,-0.173928,0.025603,-0.193928,0.025603,-0.193928,0,-7.574503,0.029496,0.014829,-0.153928,-0.193928,0.220000
1772480488,658625033,-0.671910,-1.483371,1.578054,-1.063158,-1.236331,-2.139072,1,0.022389,-0.175095,0.025603,-0.193928,0.028398,-0.213928,0.028398,-0.213928,0,-7.533129,0.032936,0.018269,-0.173928,-0.213928,0.220000
1772480488,683680371,-0.671661,-1.482389,1.573681,-1.064539,-1.237031,-2.143275,1,0.026228,-0.182591,0.028398,-0.213928,0.032496,-0.233928,0.032496,-0.233928,0,-7.198575,0.035732,0.021065,-0.193928,-0.233928,0.220000
1772480488,708661745,-0.673003,-1.481148,1.569026,-1.071377,-1.238931,-2.145985,1,0.028374,-0.203672,0.032496,-0.233928,0.039830,-0.227038,0.039830,-0.227038,0,-5.700207,0.039830,0.025163,-0.213928,-0.253928,0.220000
1772480488,758683113,-0.672199,-1.479820,1.558260,-1.072772,-1.239611,-2.156751,1,0.032857,-0.236578,0.039830,-0.227038,0.047163,-0.242324,0.047163,-0.242324,0,-5.137999,0.047163,0.032496,-0.207038,-0.247038,0.220000
1772480488,783725933,-0.672969,-1.479134,1.552251,-1.072497,-1.240605,-2.162760,1,0.040950,-0.220802,0.047163,-0.242324,0.051505,-0.262324,0.051505,-0.262324,0,-5.093205,0.054496,0.039830,-0.222324,-0.262324,0.220000
1772480488,808832581,-0.672537,-1.478398,1.546310,-1.073260,-1.240989,-2.168702,1,0.046950,-0.239106,0.051505,-0.262324,0.058838,-0.281592,0.058838,-0.281592,0,-4.785883,0.058838,0.044171,-0.242324,-0.282324,0.220000
1772480488,858821016,-0.672422,-1.475921,1.535450,-1.075940,-1.243912,-2.181285,1,0.051435,-0.275276,0.058838,-0.281592,0.066171,-0.261592,0.066171,-0.261592,0,-3.475311,0.066171,0.051505,-0.261592,-0.301592,0.220000
1772480488,883857338,-0.671743,-1.474097,1.529387,-1.077502,-1.245073,-2.187348,1,0.059151,-0.258526,0.066171,-0.261592,0.073505,-0.241592,0.073505,-0.241592,0,-2.667517,0.073505,0.058838,-0.241592,-0.281592,0.220000
1772480488,908862636,-0.672449,-1.472934,1.522422,-1.077541,-1.246434,-2.194313,1,0.066306,-0.254261,0.073505,-0.241592,0.080838,-0.221592,0.080838,-0.221592,0,-1.980763,0.080838,0.066171,-0.221592,-0.261592,0.220000
1772480488,933909583,-0.672727,-1.471771,1.515136,-1.077941,-1.247560,-2.201599,1,0.073896,-0.262132,0.080838,-0.221592,0.088171,-0.201592,0.088171,-0.201592,0,-0.102177,0.088171,0.073505,-0.201592,-0.241592,0.220000
1772480488,983991498,-0.672247,-1.468260,1.502129,-1.080254,-1.250245,-2.214606,1,0.081263,-0.219820,0.088171,-0.201592,0.080838,-0.181592,0.080838,-0.181592,0,12.566176,0.095505,0.080838,-0.181592,-0.221592,0.220000
1772480489,8997076,-0.671976,-1.467120,1.497396,-1.081101,-1.251054,-2.219339,1,0.087849,-0.191339,0.080838,-0.181592,0.073505,-0.161592,0.073505,-0.161592,0,13.196323,0.088171,0.073505,-0.161592,-0.201592,0.220000
1772480489,34015655,-0.671428,-1.465401,1.493129,-1.082496,-1.252198,-2.223606,1,0.078902,-0.189521,0.073505,-0.161592,0.066171,-0.141592,0.066171,-0.141592,0,12.788628,0.080838,0.066171,-0.141592,-0.181592,0.220000
1772480489,84165860,-0.671577,-1.461833,1.483107,-1.088605,-1.264615,-2.233792,1,0.073708,-0.171527,0.066171,-0.141592,0.058838,-0.121592,0.058838,-0.121592,0,15.202497,0.073505,0.058838,-0.121592,-0.161592,0.220000
1772480489,109162861,-0.671275,-1.459129,1.479163,-1.090329,-1.266720,-2.237735,1,0.065763,-0.132951,0.058838,-0.121592,0.051505,-0.101592,0.051505,-0.101592,0,15.647774,0.066171,0.051505,-0.101592,-0.141592,0.220000
1772480489,134198127,-0.671692,-1.457074,1.475241,-1.091097,-1.268670,-2.241657,1,0.057364,-0.130388,0.051505,-0.101592,0.044171,-0.081592,0.044171,-0.081592,0,16.010673,0.058838,0.044171,-0.081592,-0.121592,0.220000
1772480489,184301898,-0.671102,-1.454663,1.470362,-1.092904,-1.270373,-2.246536,1,0.050652,-0.093260,0.044171,-0.081592,0.036838,-0.061592,0.036838,-0.061592,0,16.325456,0.051505,0.036838,-0.061592,-0.101592,0.220000
1772480489,209315351,-0.670578,-1.454156,1.468339,-1.093619,-1.270512,-2.248560,1,0.043713,-0.082529,0.036838,-0.061592,0.029505,-0.041592,0.029505,-0.041592,0,16.372934,0.044171,0.029505,-0.041592,-0.081592,0.220000
1772480489,259433140,-0.670352,-1.451089,1.463167,-1.095478,-1.272963,-2.253732,1,0.034945,-0.080441,0.029505,-0.041592,0.022171,-0.021592,0.022171,-0.021592,0,16.734102,0.036838,0.022171,-0.021592,-0.061592,0.220000
1772480489,284471543,-0.671636,-1.450400,1.461611,-1.094775,-1.274239,-2.255288,1,0.029322,-0.044032,0.022171,-0.021592,0.014838,-0.001592,0.014838,-0.001592,0,16.868859,0.029505,0.014838,-0.001592,-0.041592,0.220000
1772480489,309527967,-0.671361,-1.450047,1.460318,-1.095198,-1.274387,-2.256581,1,0.022180,-0.023074,0.014838,-0.001592,0.007505,0.018408,0.007505,0.018408,0,16.898463,0.022171,0.007505,0.018408,-0.021592,0.220000
1772480489,334572369,-0.671394,-1.449292,1.460034,-1.095582,-1.275038,-2.256865,1,0.014582,0.000000,0.007505,0.018408,0.002263,0.038408,0.002263,0.038408,0,16.969496,0.014838,0.000171,0.038408,-0.001592,0.220000
1772480489,384692625,-0.670812,-1.449285,1.460207,-1.096074,-1.274726,-2.256691,1,0.007289,0.026426,0.002263,0.038408,0.003447,0.058408,0.003447,0.058408,0,16.944988,0.009597,0.000000,0.058408,0.018408,0.220000
1772480489,409773769,-0.670336,-1.448862,1.460503,-1.096703,-1.274823,-2.256396,1,0.002042,0.039013,0.003447,0.058408,0.004623,0.078408,0.004623,0.078408,0,16.961068,0.010780,0.000000,0.078408,0.038408,0.220000
1772480489,459816656,-0.669224,-1.448416,1.462693,-1.097879,-1.274591,-2.254205,1,0.003389,0.050734,0.004623,0.078408,0.005809,0.098408,0.005809,0.098408,0,16.940370,0.011956,0.000000,0.098408,0.058408,0.220000
1772480489,484924594,-0.670776,-1.447690,1.464252,-1.096972,-1.276046,-2.252646,1,0.004650,0.083902,0.005809,0.098408,0.006943,0.118408,0.006943,0.118408,0,17.054891,0.013142,0.000000,0.118408,0.078408,0.220000
1772480489,510009390,-0.670636,-1.448937,1.465592,-1.096410,-1.274923,-2.251306,1,0.005817,0.098696,0.006943,0.118408,0.008174,0.138408,0.008174,0.138408,0,16.933204,0.014276,0.000000,0.138408,0.098408,0.220000
1772480489,535171359,-0.670849,-1.448518,1.467497,-1.096459,-1.275390,-2.249401,1,0.007224,0.116091,0.008174,0.138408,0.009337,0.158408,0.009337,0.158408,0,16.966375,0.015507,0.000840,0.158408,0.118408,0.220000
1772480489,585213743,-0.670465,-1.448746,1.473628,-1.096658,-1.274991,-2.243271,1,0.008193,0.145523,0.009337,0.158408,0.010563,0.178408,0.010563,0.178408,0,16.889655,0.016670,0.002003,0.178408,0.138408,0.220000
1772480489,610247789,-0.671044,-1.448771,1.477264,-1.096159,-1.275284,-2.239635,1,0.009302,0.161556,0.010563,0.178408,0.011749,0.198408,0.011749,0.198408,0,16.887167,0.017896,0.003230,0.198408,0.158408,0.220000
1772480489,660408685,-0.669922,-1.448584,1.485093,-1.097201,-1.274831,-2.231805,1,0.010560,0.177693,0.011749,0.198408,0.012998,0.218408,0.012998,0.218408,0,16.802961,0.019082,0.004416,0.218408,0.178408,0.220000
1772480489,685578436,-0.671303,-1.447805,1.490554,-1.096466,-1.276236,-2.226344,1,0.011618,0.199628,0.012998,0.218408,0.014111,0.238408,0.014111,0.238408,0,16.895544,0.020332,0.005665,0.238408,0.198408,0.220000
1772480489,710664617,-0.671001,-1.447712,1.494871,-1.096771,-1.276150,-2.222027,1,0.013211,0.219143,0.014111,0.238408,0.015325,0.258408,0.015325,0.258408,0,16.861664,0.021444,0.006777,0.258408,0.218408,0.220000
1772480489,760863926,-0.670168,-1.448576,1.505957,-1.097000,-1.274971,-2.210941,1,0.013695,0.255445,0.015325,0.258408,0.016705,0.278408,0.016705,0.278408,0,16.666288,0.022659,0.007992,0.278408,0.238408,0.220000
1772480489,785871152,-0.670528,-1.448144,1.512093,-1.096933,-1.275529,-2.204806,1,0.015082,0.259210,0.016705,0.278408,0.017890,0.298408,0.017890,0.298408,0,16.679919,0.024038,0.009372,0.298408,0.258408,0.220000
1772480489,810962832,-0.670211,-1.447064,1.518783,-1.097786,-1.276263,-2.198116,1,0.016629,0.273873,0.017890,0.298408,0.019043,0.318408,0.019043,0.318408,0,16.720434,0.025224,0.010557,0.318408,0.278408,0.220000
1772480489,835937379,-0.670109,-1.447834,1.525551,-1.097453,-1.275562,-2.191348,1,0.018037,0.307553,0.019043,0.318408,0.020395,0.338408,0.020395,0.338408,0,16.592500,0.026376,0.011710,0.338408,0.298408,0.220000
1772480489,886175619,-0.669696,-1.445370,1.541117,-1.101130,-1.279068,-2.175107,1,0.018787,0.325820,0.020395,0.338408,0.021235,0.358408,0.021235,0.358408,0,16.878206,0.027729,0.013062,0.358408,0.318408,0.220000
1772480489,911298118,-0.669467,-1.445975,1.548693,-1.100993,-1.278436,-2.167531,1,0.020754,0.327126,0.021235,0.358408,0.022572,0.378408,0.022572,0.378408,0,16.764127,0.028568,0.013902,0.378408,0.338408,0.220000
1772480489,936358134,-0.668436,-1.445557,1.556967,-1.102086,-1.278227,-2.159257,1,0.021192,0.356779,0.022572,0.378408,0.023857,0.398408,0.023857,0.398408,0,16.700005,0.029906,0.015239,0.398408,0.358408,0.220000
1772480489,986546103,-0.669713,-1.444242,1.575180,-1.101729,-1.280024,-2.141044,1,0.022627,0.383601,0.023857,0.398408,0.024994,0.418408,0.024994,0.418408,0,16.740159,0.031190,0.016523,0.418408,0.378408,0.220000
1772480490,11602050,-0.669051,-1.444375,1.584521,-1.102213,-1.279553,-2.131703,1,0.023992,0.407864,0.024994,0.418408,0.026359,0.438408,0.026359,0.438408,0,16.632405,0.032328,0.017661,0.438408,0.398408,0.220000
1772480490,36774206,-0.669621,-1.442926,1.594818,-1.102522,-1.281079,-2.121406,1,0.026494,0.423523,0.026359,0.438408,0.027431,0.458408,0.027431,0.458408,0,16.711147,0.033692,0.019025,0.458408,0.418408,0.220000
1772480490,86866232,-0.669355,-1.441924,1.615021,-1.103269,-1.281032,-2.101507,1,0.025873,0.424948,0.027431,0.458408,0.028872,0.478408,0.028872,0.478408,0,16.570063,0.034765,0.020098,0.478408,0.438408,0.220000
1772480490,111988476,-0.670069,-1.442122,1.625991,-1.102398,-1.275122,-2.093048,1,0.027437,0.474354,0.028872,0.478408,0.031511,0.498408,0.031511,0.498408,0,15.816842,0.036205,0.021538,0.498408,0.458408,0.220000
1772480490,137162881,-0.670076,-1.439425,1.637785,-1.103865,-1.277386,-2.081254,1,0.031650,0.499295,0.031511,0.498408,0.032360,0.518408,0.032360,0.518408,0,16.019857,0.038845,0.024178,0.518408,0.478408,0.220000
1772480490,187346681,-0.669904,-1.438426,1.661158,-1.104554,-1.278129,-2.057880,1,0.031544,0.506030,0.032360,0.518408,0.033826,0.538408,0.033826,0.538408,0,15.917050,0.039694,0.025027,0.538408,0.498408,0.220000
1772480490,212312391,-0.669911,-1.438197,1.673474,-1.104673,-1.278325,-2.045565,1,0.032533,0.523991,0.033826,0.538408,0.035267,0.558408,0.035267,0.558408,0,15.833583,0.041159,0.026493,0.558408,0.518408,0.220000
1772480490,237391081,-0.670273,-1.437298,1.686155,-1.104860,-1.279275,-2.032883,1,0.035777,0.558506,0.035267,0.558408,0.036520,0.578408,0.036520,0.578408,0,15.838199,0.042601,0.027934,0.578408,0.538408,0.220000
1772480490,287649691,-0.670071,-1.435422,1.713158,-1.106054,-1.280737,-2.005881,1,0.035306,0.563610,0.036520,0.578408,0.037899,0.598408,0.037899,0.598408,0,15.789745,0.043853,0.029186,0.598408,0.558408,0.220000
1772480490,312723725,-0.670627,-1.434618,1.727169,-1.106027,-1.281714,-1.991870,1,0.036630,0.578001,0.037899,0.598408,0.038029,0.600000,0.038029,0.600000,0,15.777604,0.045232,0.030565,0.600000,0.578408,0.220000
1772480490,337841137,-0.670360,-1.435167,1.741568,-1.105952,-1.281108,-1.977471,1,0.038020,0.598114,0.038029,0.600000,0.038533,0.600000,0.038533,0.600000,0,15.571244,0.045362,0.030695,0.600000,0.580000,0.220000
1772480490,388024374,-0.670742,-1.433745,1.771443,-1.106407,-1.282508,-1.947596,1,0.038200,0.613420,0.038533,0.600000,0.038791,0.600000,0.038791,0.600000,0,15.467476,0.045866,0.031199,0.600000,0.580000,0.220000
1772480490,412944129,-0.671163,-1.433254,1.786481,-1.106323,-1.283150,-1.932558,1,0.038515,0.592967,0.038791,0.600000,0.038957,0.600000,0.038957,0.600000,0,15.401422,0.046124,0.031458,0.600000,0.580000,0.220000
1772480490,438229620,-0.671251,-1.430879,1.801407,-1.107545,-1.285187,-1.917632,1,0.039198,0.586347,0.038957,0.600000,0.038647,0.600000,0.038647,0.600000,0,15.525259,0.046291,0.031624,0.600000,0.580000,0.220000
1772480490,488190108,-0.672445,-1.428872,1.831098,-1.107641,-1.287521,-1.887940,1,0.038632,0.624607,0.038647,0.600000,0.038662,0.600000,0.038662,0.600000,0,15.518918,0.045980,0.031313,0.600000,0.580000,0.220000
1772480490,513192379,-0.671758,-1.427959,1.846299,-1.108714,-1.287911,-1.872739,1,0.038898,0.597299,0.038662,0.600000,0.038873,0.600000,0.038873,0.600000,0,15.434916,0.045996,0.031329,0.600000,0.580000,0.220000
1772480490,538263489,-0.672814,-1.427418,1.861365,-1.108126,-1.288941,-1.857674,1,0.038787,0.603470,0.038873,0.600000,0.038959,0.600000,0.038959,0.600000,0,15.400846,0.046206,0.031540,0.600000,0.580000,0.220000
1772480490,588476514,-0.673663,-1.426054,1.890947,-1.108158,-1.290547,-1.828092,1,0.038679,0.613710,0.038959,0.600000,0.039217,0.600000,0.039217,0.600000,0,15.299508,0.046292,0.031626,0.600000,0.580000,0.220000
1772480490,613404906,-0.673608,-1.425111,1.905364,-1.108719,-1.291307,-1.813675,1,0.039027,0.597874,0.039217,0.600000,0.039335,0.600000,0.039335,0.600000,0,15.253784,0.046550,0.031884,0.600000,0.580000,0.220000
1772480490,638568096,-0.674064,-1.423200,1.921072,-1.109380,-1.293157,-1.797967,1,0.039185,0.611462,0.039335,0.600000,0.039164,0.600000,0.039164,0.600000,0,15.320129,0.046668,0.032001,0.600000,0.580000,0.220000
1772480490,688624776,-0.674715,-1.421566,1.951238,-1.109727,-1.294882,-1.767800,1,0.039689,0.626932,0.039164,0.600000,0.039418,0.600000,0.039418,0.600000,0,15.221662,0.046497,0.031831,0.600000,0.580000,0.220000
1772480490,713659183,-0.674907,-1.420434,1.966087,-1.110184,-1.295935,-1.752951,1,0.039492,0.596784,0.039418,0.600000,0.039476,0.600000,0.039476,0.600000,0,15.199191,0.046751,0.032084,0.600000,0.580000,0.220000
1772480490,738702935,-0.675439,-1.420191,1.980780,-1.109871,-1.296429,-1.738259,1,0.039577,0.595098,0.039476,0.600000,0.039725,0.600000,0.039725,0.600000,0,15.103820,0.046809,0.032142,0.600000,0.580000,0.220000
1772480490,788804858,-0.676461,-1.417712,2.011047,-1.110368,-1.299064,-1.707992,1,0.039435,0.596850,0.039725,0.600000,0.039729,0.600000,0.039729,0.600000,0,15.102235,0.047058,0.032392,0.600000,0.580000,0.220000
1772480490,813871459,-0.677186,-1.417062,2.025953,-1.110115,-1.300004,-1.693086,1,0.039870,0.597212,0.039729,0.600000,0.039859,0.600000,0.039859,0.600000,0,15.052912,0.047063,0.032396,0.600000,0.580000,0.220000
1772480490,838961605,-0.677786,-1.415934,2.041181,-1.110480,-1.301638,-1.677571,1,0.040008,0.596031,0.039859,0.600000,0.039785,0.600000,0.039785,0.600000,0,15.081164,0.047193,0.032526,0.600000,0.580000,0.220000
1772480490,889030110,-0.679063,-1.413741,2.070835,-1.112455,-1.306818,-1.645822,1,0.039600,0.594622,0.039785,0.600000,0.039118,0.600000,0.039118,0.600000,0,15.338313,0.047118,0.032451,0.600000,0.580000,0.220000
1772480490,914122340,-0.679972,-1.413373,2.085634,-1.111892,-1.307622,-1.631023,1,0.039320,0.607662,0.039118,0.600000,0.039295,0.600000,0.039295,0.600000,0,15.269008,0.046451,0.031784,0.600000,0.580000,0.220000
1772480490,939122322,-0.680151,-1.412442,2.100849,-1.112248,-1.308501,-1.615807,1,0.039306,0.590720,0.039295,0.600000,0.039440,0.600000,0.039440,0.600000,0,15.212819,0.046629,0.031962,0.600000,0.580000,0.220000
1772480490,989216772,-0.681813,-1.411259,2.130200,-1.111283,-1.310988,-1.585776,1,0.039003,0.602364,0.039440,0.600000,0.039581,0.600000,0.039581,0.600000,0,15.158849,0.046774,0.032107,0.600000,0.580000,0.220000
1772480491,14281611,-0.681814,-1.409953,2.145433,-1.110208,-1.317061,-1.564835,1,0.039696,0.606076,0.039581,0.600000,0.038598,0.600000,0.038598,0.600000,0,15.544817,0.046914,0.032248,0.600000,0.580000,0.220000
1772480491,39332355,-0.683232,-1.409316,2.159816,-1.109357,-1.318361,-1.550452,1,0.039540,0.608075,0.038598,0.600000,0.038651,0.600000,0.038651,0.600000,0,15.523514,0.045931,0.031265,0.600000,0.580000,0.220000
1772480491,89467200,-0.684748,-1.408320,2.189691,-1.108615,-1.320017,-1.520577,1,0.038520,0.622517,0.038651,0.600000,0.038992,0.600000,0.038992,0.600000,0,15.387638,0.045984,0.031318,0.600000,0.580000,0.220000
1772480491,114457226,-0.684790,-1.406518,2.204939,-1.109685,-1.321075,-1.504841,1,0.039107,0.600270,0.038992,0.600000,0.039098,0.600000,0.039098,0.600000,0,15.346143,0.046326,0.031659,0.600000,0.580000,0.220000
1772480491,139553120,-0.685001,-1.406298,2.219954,-1.110879,-1.316943,-1.485338,1,0.039171,0.594566,0.039098,0.600000,0.040702,0.600000,0.040702,0.600000,0,14.741281,0.046431,0.031764,0.600000,0.580000,0.220000
1772480491,189630404,-0.687213,-1.404481,2.249198,-1.109981,-1.319660,-1.456094,1,0.038710,0.609019,0.040702,0.600000,0.040793,0.600000,0.040793,0.600000,0,14.708229,0.048035,0.033369,0.600000,0.580000,0.220000
1772480491,214653900,-0.687913,-1.403451,2.264640,-1.109939,-1.320906,-1.440652,1,0.040693,0.614829,0.040793,0.600000,0.040889,0.600000,0.040889,0.600000,0,14.673891,0.048127,0.033460,0.600000,0.580000,0.220000
1772480491,239734440,-0.688703,-1.402996,2.279541,-1.109374,-1.321959,-1.425596,1,0.040924,0.603230,0.040889,0.600000,0.041048,0.600000,0.041048,0.600000,0,14.617159,0.048222,0.033556,0.600000,0.580000,0.220000
1772480491,289869825,-0.689008,-1.401929,2.309939,-1.108313,-1.325435,-1.393688,1,0.041218,0.593279,0.041048,0.600000,0.041014,0.600000,0.041014,0.600000,0,14.629272,0.048381,0.033714,0.600000,0.580000,0.220000
1772480491,314850640,-0.690081,-1.402025,2.324408,-1.107354,-1.325926,-1.379219,1,0.041342,0.604840,0.041014,0.600000,0.041337,0.600000,0.041337,0.600000,0,14.514884,0.048347,0.033680,0.600000,0.580000,0.220000
1772480491,339906550,-0.691037,-1.400854,2.339151,-1.107144,-1.327506,-1.364532,1,0.041063,0.596652,0.041337,0.600000,0.041324,0.600000,0.041324,0.600000,0,14.519497,0.048670,0.034004,0.600000,0.580000,0.220000
1772480491,390024630,-0.692413,-1.399689,2.369381,-1.106328,-1.330119,-1.334920,1,0.041351,0.602011,0.041324,0.600000,0.041487,0.600000,0.041487,0.600000,0,14.462322,0.048657,0.033990,0.600000,0.580000,0.220000
1772480491,415040630,-0.692792,-1.397900,2.384717,-1.106962,-1.331834,-1.319584,1,0.041749,0.593936,0.041487,0.600000,0.041438,0.600000,0.041438,0.600000,0,14.479432,0.048820,0.034154,0.600000,0.580000,0.220000
1772480491,440072572,-0.694370,-1.398208,2.399188,-1.105307,-1.332285,-1.305280,1,0.041624,0.608969,0.041438,0.600000,0.041803,0.600000,0.041803,0.600000,0,14.353046,0.048771,0.034105,0.600000,0.580000,0.220000
1772480491,490164770,-0.695939,-1.396827,2.428937,-1.102772,-1.332651,-1.277620,1,0.041992,0.612675,0.041803,0.600000,0.042687,0.600000,0.042687,0.600000,0,14.055672,0.049136,0.034470,0.600000,0.580000,0.220000
1772480491,515215941,-0.697419,-1.395711,2.443634,-1.102120,-1.334385,-1.262923,1,0.042775,0.604269,0.042687,0.600000,0.042642,0.600000,0.042642,0.600000,0,14.070786,0.050021,0.035354,0.600000,0.580000,0.220000
1772480491,540271669,-0.697472,-1.396120,2.458595,-1.101919,-1.334004,-1.247895,1,0.042694,0.608594,0.042642,0.600000,0.043315,0.600000,0.043315,0.600000,0,13.851968,0.049975,0.035308,0.600000,0.580000,0.220000
1772480491,590380877,-0.699100,-1.393429,2.489564,-1.102704,-1.336412,-1.216152,1,0.043410,0.612780,0.043315,0.600000,0.043627,0.600000,0.043627,0.600000,0,13.752884,0.050648,0.035982,0.600000,0.580000,0.220000
1772480491,615479116,-0.699808,-1.391751,2.504440,-1.103003,-1.338209,-1.201277,1,0.043162,0.609652,0.043627,0.600000,0.043543,0.600000,0.043543,0.600000,0,13.779589,0.050961,0.036294,0.600000,0.580000,0.220000
1772480491,640476036,-0.701516,-1.391407,2.519563,-1.101822,-1.339800,-1.186065,1,0.043728,0.600116,0.043543,0.600000,0.043586,0.600000,0.043586,0.600000,0,13.765754,0.050876,0.036209,0.600000,0.580000,0.220000
1772480491,665494752,-0.702263,-1.392119,2.533733,-1.101759,-1.344285,-1.170823,1,0.043624,0.602547,0.043586,0.600000,0.042629,0.600000,0.042629,0.600000,0,14.075091,0.050920,0.036253,0.600000,0.580000,0.220000
1772480491,715575364,-0.704500,-1.390736,2.563901,-1.100605,-1.346648,-1.140655,1,0.042615,0.593143,0.042629,0.600000,0.042952,0.600000,0.042952,0.600000,0,13.969089,0.049962,0.035295,0.600000,0.580000,0.220000
1772480491,740627046,-0.705518,-1.389615,2.578906,-1.100214,-1.348006,-1.125674,1,0.042403,0.604997,0.042952,0.600000,0.043051,0.600000,0.043051,0.600000,0,13.937030,0.050285,0.035619,0.600000,0.580000,0.220000
1772480491,765711620,-0.706827,-1.389527,2.593863,-1.097605,-1.347175,-1.111004,1,0.042751,0.591454,0.043051,0.600000,0.043951,0.600000,0.043951,0.600000,0,13.651645,0.050384,0.035717,0.600000,0.580000,0.220000
1772480491,815753052,-0.708842,-1.389185,2.623360,-1.096085,-1.348540,-1.081507,1,0.042713,0.597601,0.043951,0.600000,0.044660,0.600000,0.044660,0.600000,0,13.434977,0.051284,0.036617,0.600000,0.580000,0.220000
1772480491,840880141,-0.709024,-1.387912,2.638417,-1.096485,-1.349867,-1.066430,1,0.044136,0.603060,0.044660,0.600000,0.044766,0.600000,0.044766,0.600000,0,13.403055,0.051993,0.037326,0.600000,0.580000,0.220000
1772480491,890898381,-0.710760,-1.387392,2.668528,-1.093782,-1.353085,-1.036080,1,0.044534,0.599341,0.044766,0.600000,0.044869,0.600000,0.044869,0.600000,0,13.372126,0.052099,0.037433,0.600000,0.580000,0.220000
1772480491,915883080,-0.711528,-1.387210,2.683395,-1.093229,-1.353649,-1.021213,1,0.044898,0.613641,0.044869,0.600000,0.045291,0.600000,0.045291,0.600000,0,13.247623,0.052203,0.037536,0.600000,0.580000,0.220000
1772480491,940978406,-0.712701,-1.386417,2.697939,-1.092581,-1.355400,-1.007002,1,0.044819,0.603013,0.045291,0.600000,0.045232,0.600000,0.045232,0.600000,0,13.265043,0.052624,0.037958,0.600000,0.580000,0.220000
1772480491,991043546,-0.715608,-1.386053,2.727903,-1.089336,-1.362982,-0.981211,1,0.045554,0.597448,0.045232,0.600000,0.043578,0.600000,0.043578,0.600000,0,13.768553,0.052565,0.037898,0.600000,0.580000,0.220000
1772480492,16045125,-0.716297,-1.385870,2.742711,-1.088854,-1.363506,-0.966403,1,0.044946,0.608380,0.043578,0.600000,0.043971,0.600000,0.043971,0.600000,0,13.645452,0.050911,0.036244,0.600000,0.580000,0.220000
1772480492,41141281,-0.716335,-1.384650,2.758130,-1.089266,-1.364646,-0.950952,1,0.043673,0.598170,0.043971,0.600000,0.044161,0.600000,0.044161,0.600000,0,13.586802,0.051304,0.036637,0.600000,0.580000,0.220000
1772480492,66168759,-0.718371,-1.384898,2.773006,-1.084705,-1.366693,-0.935660,1,0.043978,0.609500,0.044161,0.600000,0.044129,0.600000,0.044129,0.600000,0,13.596443,0.051494,0.036827,0.600000,0.580000,0.220000
1772480492,116238131,-0.720943,-1.384332,2.802503,-1.082839,-1.368551,-0.906163,1,0.044216,0.614184,0.044129,0.600000,0.044674,0.600000,0.044674,0.600000,0,13.430501,0.051463,0.036796,0.600000,0.580000,0.220000
1772480492,141275584,-0.722057,-1.383785,2.817768,-1.082261,-1.369853,-0.890864,1,0.044075,0.589510,0.044674,0.600000,0.044828,0.600000,0.044828,0.600000,0,13.384374,0.052008,0.037341,0.600000,0.580000,0.220000
1772480492,191390791,-0.724151,-1.384340,2.848001,-1.081110,-1.373791,-0.860162,1,0.044823,0.594556,0.044828,0.600000,0.044644,0.600000,0.044644,0.600000,0,13.439607,0.052162,0.037495,0.600000,0.580000,0.220000
1772480492,216473542,-0.724942,-1.384479,2.862769,-1.080369,-1.374098,-0.845394,1,0.044836,0.594988,0.044644,0.600000,0.045155,0.600000,0.045155,0.600000,0,13.287613,0.051977,0.037311,0.600000,0.580000,0.220000
1772480492,241476769,-0.726805,-1.384263,2.877738,-1.079129,-1.375783,-0.830460,1,0.044748,0.598354,0.045155,0.600000,0.045164,0.600000,0.045164,0.600000,0,13.284915,0.052488,0.037822,0.600000,0.580000,0.220000
1772480492,291509301,-0.729076,-1.384467,2.907274,-1.079988,-1.383554,-0.801401,1,0.045210,0.586876,0.045164,0.600000,0.043491,0.600000,0.043491,0.600000,0,13.795870,0.052497,0.037831,0.600000,0.580000,0.220000
1772480492,316544221,-0.729156,-1.382485,2.922715,-1.080984,-1.385269,-0.785960,1,0.045292,0.599043,0.043491,0.600000,0.043465,0.600000,0.043465,0.600000,0,13.804368,0.050825,0.036158,0.600000,0.580000,0.220000
1772480492,341607392,-0.730930,-1.384187,2.937526,-1.078680,-1.384669,-0.770866,1,0.043346,0.599158,0.043465,0.600000,0.044299,0.600000,0.044299,0.600000,0,13.544470,0.050798,0.036131,0.600000,0.580000,0.220000
1772480492,391684656,-0.732853,-1.381821,2.967410,-1.079802,-1.386089,-0.737090,1,0.043445,0.602304,0.044299,0.600000,0.045126,0.600000,0.045126,0.600000,0,13.296230,0.051632,0.036965,0.600000,0.580000,0.220000
1772480492,416755442,-0.734045,-1.382397,2.981921,-1.078486,-1.386238,-0.722579,1,0.043820,0.585144,0.045126,0.600000,0.045718,0.600000,0.045718,0.600000,0,13.124070,0.052459,0.037792,0.600000,0.580000,0.220000
1772480492,441790781,-0.735500,-1.382561,2.996743,-1.077162,-1.387012,-0.708049,1,0.045346,0.601359,0.045718,0.600000,0.046075,0.600000,0.046075,0.600000,0,13.022166,0.053051,0.038384,0.600000,0.580000,0.220000
1772480492,466779298,-0.736619,-1.383135,3.011851,-1.075834,-1.388996,-0.696906,1,0.045851,0.599672,0.046075,0.600000,0.045789,0.600000,0.045789,0.600000,0,13.103560,0.053409,0.038742,0.600000,0.580000,0.220000
1772480492,516854873,-0.739128,-1.382340,3.042305,-1.074145,-1.391015,-0.666452,1,0.046255,0.599815,0.045789,0.600000,0.046358,0.600000,0.046358,0.600000,0,12.942703,0.053122,0.038456,0.600000,0.580000,0.220000
1772480492,541920363,-0.741119,-1.382867,3.057286,-1.071989,-1.391598,-0.651347,1,0.045721,0.590693,0.046358,0.600000,0.046857,0.600000,0.046857,0.600000,0,12.804921,0.053692,0.039025,0.600000,0.580000,0.220000
1772480492,566957545,-0.742234,-1.381806,3.071836,-1.068868,-1.392494,-0.635029,1,0.045953,0.580623,0.046857,0.600000,0.047305,0.600000,0.047305,0.600000,0,12.683674,0.054190,0.039524,0.600000,0.580000,0.220000
1772480492,616983099,-0.744410,-1.383035,3.101918,-1.066373,-1.392621,-0.604948,1,0.047030,0.594300,0.047305,0.600000,0.048829,0.600000,0.048829,0.600000,0,12.287833,0.054638,0.039972,0.600000,0.580000,0.220000
1772480492,642025638,-0.746167,-1.381902,3.117259,-1.065714,-1.394533,-0.589949,1,0.047351,0.598208,0.048829,0.600000,0.048701,0.600000,0.048701,0.600000,0,12.320085,0.056162,0.041495,0.600000,0.580000,0.220000
1772480492,692097659,-0.748760,-1.383227,-3.136029,-1.066156,-1.395032,-0.565229,1,0.048600,0.614957,0.048701,0.600000,0.049786,0.600000,0.049786,0.600000,0,12.051469,0.056034,0.041368,0.600000,0.580000,0.220000
1772480492,717155738,-0.750060,-1.382326,-3.121455,-1.065549,-1.396492,-0.550655,1,0.048610,0.601072,0.049786,0.600000,0.049858,0.600000,0.049858,0.600000,0,12.034208,0.057120,0.042453,0.600000,0.580000,0.220000
1772480492,742189833,-0.751247,-1.381533,-3.106192,-1.064517,-1.398000,-0.535471,1,0.049625,0.603010,0.049858,0.600000,0.049947,0.600000,0.049947,0.600000,0,12.012706,0.057191,0.042525,0.600000,0.580000,0.220000
1772480492,767228568,-0.752023,-1.382459,-3.091586,-1.056415,-1.400629,-0.522068,1,0.049418,0.590894,0.049947,0.600000,0.049495,0.600000,0.049495,0.600000,0,12.122527,0.057280,0.042614,0.600000,0.580000,0.220000
1772480492,817325064,-0.755394,-1.381156,-3.060825,-1.054286,-1.403551,-0.491306,1,0.050258,0.609543,0.049495,0.600000,0.049721,0.600000,0.049721,0.600000,0,12.067231,0.056828,0.042161,0.600000,0.580000,0.220000
1772480492,842402258,-0.756784,-1.383051,-3.046558,-1.052176,-1.402647,-0.477345,1,0.049509,0.602867,0.049721,0.600000,0.051073,0.600000,0.051073,0.600000,0,11.747825,0.057055,0.042388,0.600000,0.580000,0.220000
1772480492,892404589,-0.759023,-1.383395,-3.017828,-1.051434,-1.402619,-0.453348,1,0.049874,0.608945,0.051073,0.600000,0.052613,0.600000,0.052613,0.600000,0,11.404006,0.058407,0.043740,0.600000,0.580000,0.220000
1772480492,917417653,-0.760416,-1.382327,-3.002127,-1.050849,-1.404275,-0.437648,1,0.051355,0.612746,0.052613,0.600000,0.052633,0.600000,0.052633,0.600000,0,11.399795,0.059946,0.045280,0.600000,0.580000,0.220000
1772480492,942490515,-0.760663,-1.383047,-2.987127,-1.050163,-1.403634,-0.422665,1,0.052500,0.601074,0.052633,0.600000,0.054071,0.600000,0.054071,0.600000,0,11.096563,0.059966,0.045299,0.600000,0.580000,0.220000
1772480492,992571853,-0.763945,-1.383744,-2.957266,-1.045686,-1.402188,-0.393066,1,0.052346,0.590234,0.054071,0.600000,0.057450,0.600000,0.057450,0.600000,0,10.443892,0.061404,0.046737,0.600000,0.580000,0.220000
1772480493,17563190,-0.764917,-1.384244,-2.942206,-1.044599,-1.402299,-0.378006,1,0.053860,0.605421,0.057450,0.600000,0.058655,0.600000,0.058655,0.600000,0,10.229292,0.064783,0.050117,0.600000,0.580000,0.220000
1772480493,42659074,-0.767045,-1.384419,-2.927659,-1.042601,-1.403164,-0.363247,1,0.057438,0.599121,0.058655,0.600000,0.059287,0.600000,0.059287,0.600000,0,10.120205,0.065988,0.051322,0.600000,0.580000,0.220000
1772480493,92750510,-0.769925,-1.386337,-2.898048,-1.037295,-1.400818,-0.330364,1,0.058922,0.604433,0.059287,0.600000,0.064828,0.600000,0.064828,0.600000,0,9.255254,0.066621,0.051954,0.600000,0.580000,0.220000
1772480493,117721039,-0.770799,-1.386128,-2.882833,-1.036676,-1.401468,-0.315149,1,0.059254,0.606553,0.064828,0.600000,0.065866,0.600000,0.065866,0.600000,0,9.109366,0.072161,0.057495,0.600000,0.580000,0.220000
1772480493,142784944,-0.772395,-1.387382,-2.868577,-1.034650,-1.401217,-0.300907,1,0.064647,0.596746,0.065866,0.600000,0.067881,0.600000,0.067881,0.600000,0,8.839035,0.073200,0.058533,0.600000,0.580000,0.220000
1772480493,192901102,-0.775530,-1.388149,-2.838668,-1.031532,-1.401273,-0.271225,1,0.065741,0.596580,0.067881,0.600000,0.071769,0.600000,0.071769,0.600000,0,8.360168,0.075214,0.060547,0.600000,0.580000,0.220000
1772480493,217902685,-0.777209,-1.388734,-2.823466,-1.029805,-1.401694,-0.256022,1,0.068199,0.596707,0.071769,0.600000,0.073421,0.600000,0.073421,0.600000,0,8.172072,0.079102,0.064436,0.600000,0.580000,0.220000
1772480493,242965865,-0.779755,-1.389285,-2.808699,-1.027507,-1.402505,-0.241179,1,0.073531,0.599986,0.073421,0.600000,0.074868,0.600000,0.074868,0.600000,0,8.014088,0.080754,0.066087,0.600000,0.580000,0.220000
1772480493,292989694,-0.783586,-1.390382,-2.779253,-1.025897,-1.401948,-0.210529,1,0.073813,0.609591,0.074868,0.600000,0.081330,0.600000,0.081330,0.600000,0,7.377366,0.082201,0.067535,0.600000,0.580000,0.220000
1772480493,318003719,-0.785215,-1.391277,-2.764130,-1.024043,-1.402078,-0.195405,1,0.074837,0.598087,0.081330,0.600000,0.085823,0.600000,0.085823,0.600000,0,6.991124,0.088663,0.073997,0.600000,0.580000,0.220000
1772480493,343064735,-0.786764,-1.392206,-2.749324,-1.022293,-1.402245,-0.180796,1,0.086515,0.613444,0.085823,0.600000,0.093156,0.580000,0.093156,0.580000,0,5.420904,0.093156,0.078490,0.600000,0.580000,0.220000
1772480493,368042752,-0.788015,-1.392297,-2.734366,-1.022088,-1.404584,-0.169006,1,0.085834,0.594727,0.093156,0.580000,0.100490,0.561066,0.100490,0.561066,0,5.583317,0.100490,0.085823,0.600000,0.560000,0.220000
1772480493,418159648,-0.791973,-1.394156,-2.704139,-1.017756,-1.405181,-0.138779,1,0.093560,0.592106,0.100490,0.561066,0.107823,0.541066,0.107823,0.541066,0,4.543140,0.107823,0.093156,0.581066,0.541066,0.220000
1772480493,443229469,-0.795254,-1.396210,-2.690095,-1.013845,-1.405207,-0.124807,1,0.108620,0.595846,0.107823,0.541066,0.115156,0.521066,0.115156,0.521066,0,3.451560,0.115156,0.100490,0.561066,0.521066,0.220000
1772480493,493224328,-0.800073,-1.399966,-2.662443,-1.007101,-1.404043,-0.098322,1,0.107745,0.532621,0.115156,0.521066,0.122490,0.501066,0.122490,0.501066,0,3.095540,0.122490,0.107823,0.541066,0.501066,0.220000
1772480493,518278752,-0.803705,-1.400582,-2.648540,-1.003721,-1.405509,-0.084418,1,0.115244,0.512582,0.122490,0.501066,0.129823,0.481066,0.129823,0.481066,0,2.731938,0.129823,0.115156,0.521066,0.481066,0.220000
1772480493,543348119,-0.805976,-1.401848,-2.635512,-1.000967,-1.405595,-0.071349,1,0.132194,0.539023,0.129823,0.481066,0.137156,0.461066,0.137156,0.461066,0,2.087284,0.137156,0.122490,0.501066,0.461066,0.220000
1772480493,568300288,-0.809152,-1.403258,-2.622517,-0.994878,-1.404602,-0.057667,1,0.130001,0.495670,0.137156,0.461066,0.144490,0.441066,0.144490,0.441066,0,1.960045,0.144490,0.129823,0.481066,0.441066,0.220000
1772480493,618369556,-0.815320,-1.406827,-2.598348,-0.987762,-1.404973,-0.033499,1,0.137683,0.447214,0.144490,0.441066,0.151823,0.421066,0.151823,0.421066,0,1.587487,0.151823,0.137156,0.461066,0.421066,0.220000
1772480493,643452051,-0.816964,-1.408663,-2.586754,-0.985504,-1.404522,-0.021798,1,0.155936,0.496760,0.151823,0.421066,0.159156,0.401066,0.159156,0.401066,0,1.189075,0.159156,0.144490,0.441066,0.401066,0.220000
1772480493,668454813,-0.819696,-1.409788,-2.575074,-0.984628,-1.408218,-0.008352,1,0.151514,0.408364,0.159156,0.401066,0.166490,0.381066,0.166490,0.381066,0,1.271492,0.166490,0.151823,0.421066,0.381066,0.220000
1772480493,718453711,-0.824531,-1.412791,-2.555413,-0.978937,-1.408327,0.011309,1,0.158588,0.390388,0.166490,0.381066,0.173823,0.361066,0.173823,0.361066,0,1.023535,0.173823,0.159156,0.401066,0.361066,0.220000
1772480493,743506989,-0.829327,-1.416499,-2.545897,-0.973021,-1.408036,0.020810,1,0.179086,0.430101,0.173823,0.361066,0.181156,0.341066,0.181156,0.341066,0,0.754461,0.181156,0.166490,0.381066,0.341066,0.220000
1772480493,768512675,-0.832460,-1.418516,-2.536707,-0.971541,-1.411887,0.029742,1,0.174641,0.355937,0.181156,0.341066,0.188490,0.321066,0.188490,0.321066,0,0.835144,0.188490,0.173823,0.361066,0.321066,0.220000
1772480493,818517769,-0.838748,-1.423584,-2.518503,-0.963509,-1.411055,0.047945,1,0.189267,0.349633,0.188490,0.321066,0.195823,0.301066,0.195823,0.301066,0,0.579104,0.195823,0.181156,0.341066,0.301066,0.220000
1772480493,843573711,-0.841868,-1.425388,-2.509684,-0.959808,-1.411279,0.056940,1,0.194514,0.319615,0.195823,0.301066,0.203156,0.281066,0.203156,0.281066,0,0.495955,0.203156,0.188490,0.321066,0.281066,0.220000
1772480493,868534586,-0.845472,-1.428251,-2.502335,-0.953173,-1.411652,0.067842,1,0.193466,0.286937,0.203156,0.281066,0.210490,0.261066,0.210490,0.261066,0,0.443142,0.210490,0.195823,0.301066,0.261066,0.220000
1772480493,918563790,-0.852602,-1.433671,-2.486960,-0.944245,-1.410949,0.083217,1,0.206871,0.256284,0.210490,0.261066,0.217823,0.241066,0.217823,0.241066,0,0.275818,0.217823,0.203156,0.281066,0.241066,0.220000
1772480493,943621070,-0.856744,-1.437767,-2.480183,-0.938680,-1.409997,0.090118,1,0.212072,0.228791,0.217823,0.241066,0.220000,0.221066,0.220000,0.221066,0,0.201339,0.220000,0.210490,0.261066,0.221066,0.220000
1772480493,968628750,-0.859552,-1.440750,-2.474336,-0.937552,-1.414375,0.098572,1,0.214807,0.201970,0.220000,0.221066,0.220000,0.201066,0.220000,0.201066,0,0.226454,0.220000,0.212667,0.241066,0.201066,0.220000
1772480494,18628106,-0.869527,-1.447681,-2.464165,-0.925415,-1.413906,0.108743,1,0.215745,0.165981,0.220000,0.201066,0.220000,0.181066,0.220000,0.181066,0,0.164126,0.220000,0.212667,0.221066,0.181066,0.220000
1772480494,43644381,-0.873215,-1.452612,-2.460540,-0.919484,-1.411679,0.112306,1,0.216948,0.164773,0.220000,0.181066,0.220000,0.161066,0.220000,0.161066,0,0.102737,0.220000,0.212667,0.201066,0.161066,0.220000
1772480494,68636700,-0.876559,-1.455652,-2.456670,-0.910919,-1.409478,0.114659,1,0.218582,0.178005,0.220000,0.161066,0.220000,0.141066,0.220000,0.141066,0,0.052303,0.220000,0.212667,0.181066,0.141066,0.220000
1772480494,118647997,-0.885823,-1.463217,-2.448191,-0.899036,-1.408111,0.123138,1,0.221380,0.140357,0.220000,0.141066,0.220000,0.121066,0.220000,0.121066,0,-0.014558,0.220000,0.212667,0.161066,0.121066,0.220000
1772480494,143704826,-0.889671,-1.465144,-2.443887,-0.894725,-1.408551,0.127427,1,0.222233,0.138254,0.220000,0.121066,0.220000,0.101066,0.220000,0.101066,0,-0.027853,0.220000,0.212667,0.141066,0.101066,0.220000
1772480494,168632096,-0.894035,-1.468793,-2.440638,-0.888231,-1.407430,0.130261,1,0.219444,0.098409,0.220000,0.101066,0.220000,0.081066,0.220000,0.081066,0,-0.057826,0.220000,0.212667,0.121066,0.081066,0.220000
1772480494,218659883,-0.899797,-1.476832,-2.435037,-0.879039,-1.403777,0.135862,1,0.219355,0.082680,0.220000,0.081066,0.212667,0.061066,0.212667,0.061066,0,-0.149169,0.220000,0.212667,0.101066,0.061066,0.220000
1772480494,243672632,-0.905119,-1.479985,-2.432458,-0.872823,-1.404008,0.138631,1,0.212536,0.049244,0.212667,0.061066,0.205333,0.041066,0.205333,0.041066,0,-0.149034,0.220000,0.205333,0.081066,0.041066,0.220000
1772480494,293802972,-0.913980,-1.488223,-2.429670,-0.859774,-1.402112,0.147953,1,0.212664,0.054663,0.205333,0.041066,0.198000,0.021066,0.198000,0.021066,0,-0.229514,0.212667,0.198000,0.061066,0.021066,0.220000
1772480494,318689249,-0.917345,-1.492213,-2.428961,-0.854796,-1.400539,0.148663,1,0.196439,0.013542,0.198000,0.021066,0.190667,0.001066,0.190667,0.001066,0,-0.253534,0.205333,0.190667,0.041066,0.001066,0.220000
1772480494,343797853,-0.921553,-1.494395,-2.427909,-0.850042,-1.400836,0.149647,1,0.191141,-0.006284,0.190667,0.001066,0.183333,-0.018934,0.183333,-0.018934,0,-0.243250,0.198000,0.183333,0.021066,-0.018934,0.220000
1772480494,368830985,-0.925008,-1.498316,-2.427122,-0.843979,-1.395778,0.148245,1,0.190791,-0.012320,0.183333,-0.018934,0.176000,-0.038934,0.176000,-0.038934,0,-0.347805,0.190667,0.176000,0.001066,-0.038934,0.220000
1772480494,418847772,-0.932201,-1.504629,-2.427286,-0.834522,-1.394309,0.148081,1,0.173699,-0.058782,0.176000,-0.038934,0.168667,-0.058934,0.168667,-0.058934,0,-0.377483,0.183333,0.168667,-0.018934,-0.058934,0.220000
1772480494,443921923,-0.935168,-1.506668,-2.428569,-0.830960,-1.394093,0.146863,1,0.168666,-0.063296,0.168667,-0.058934,0.176000,-0.065068,0.176000,-0.065068,0,-0.369703,0.176000,0.161333,-0.038934,-0.078934,0.220000
1772480494,468944988,-0.938917,-1.510334,-2.429046,-0.827094,-1.389925,0.148670,1,0.169172,-0.054965,0.176000,-0.065068,0.168667,-0.085068,0.168667,-0.085068,0,-0.506054,0.183333,0.168667,-0.045068,-0.085068,0.220000
1772480494,518972354,-0.945600,-1.516300,-2.430981,-0.818256,-1.388454,0.146735,1,0.166914,-0.093041,0.168667,-0.085068,0.176000,-0.092408,0.176000,-0.092408,0,-0.525045,0.176000,0.161333,-0.065068,-0.105068,0.220000
1772480494,544038484,-0.948434,-1.519328,-2.433583,-0.814305,-1.387327,0.144150,1,0.176243,-0.105853,0.176000,-0.092408,0.183333,-0.093881,0.183333,-0.093881,0,-0.512079,0.183333,0.168667,-0.072408,-0.112408,0.220000
1772480494,569071175,-0.952136,-1.521309,-2.435808,-0.812317,-1.384718,0.142551,1,0.185997,-0.079639,0.183333,-0.093881,0.190667,-0.103642,0.190667,-0.103642,0,-0.543576,0.190667,0.176000,-0.073881,-0.113881,0.220000
1772480494,619090140,-0.958298,-1.527071,-2.440525,-0.804031,-1.383137,0.137834,1,0.193054,-0.105200,0.190667,-0.103642,0.198000,-0.102582,0.198000,-0.102582,0,-0.518092,0.198000,0.183333,-0.083642,-0.123642,0.220000
1772480494,644178530,-0.962630,-1.530028,-2.442655,-0.798789,-1.382949,0.135703,1,0.197598,-0.104076,0.198000,-0.102582,0.205333,-0.100368,0.205333,-0.100368,0,-0.488805,0.205333,0.190667,-0.082582,-0.122582,0.220000
1772480494,669205470,-0.965562,-1.533272,-2.445197,-0.794537,-1.381690,0.133192,1,0.208639,-0.102840,0.205333,-0.100368,0.212667,-0.099361,0.212667,-0.099361,0,-0.467215,0.212667,0.198000,-0.080368,-0.120368,0.220000
1772480494,719227824,-0.973163,-1.539472,-2.449236,-0.783477,-1.377875,0.130138,1,0.215914,-0.087908,0.212667,-0.099361,0.220000,-0.107995,0.220000,-0.107995,0,-0.490888,0.220000,0.205333,-0.079361,-0.119361,0.220000
1772480494,744254598,-0.976623,-1.543415,-2.451474,-0.778448,-1.376384,0.127900,1,0.219459,-0.137518,0.220000,-0.107995,0.220000,-0.107689,0.220000,-0.107689,0,-0.489497,0.220000,0.212667,-0.087995,-0.127995,0.220000
1772480494,769319785,-0.981049,-1.547034,-2.453540,-0.772774,-1.375681,0.125835,1,0.220458,-0.124029,0.220000,-0.107689,0.220000,-0.105973,0.220000,-0.105973,0,-0.481695,0.220000,0.212667,-0.087689,-0.127689,0.220000
1772480494,819353647,-0.989196,-1.553364,-2.457807,-0.762473,-1.374683,0.121547,1,0.219963,-0.097270,0.220000,-0.105973,0.220000,-0.101622,0.220000,-0.101622,0,-0.461919,0.220000,0.212667,-0.085973,-0.125973,0.220000
1772480494,844437473,-0.993996,-1.557257,-2.461156,-0.755351,-1.374344,0.117587,1,0.219961,-0.111565,0.220000,-0.101622,0.220000,-0.095854,0.220000,-0.095854,0,-0.435701,0.220000,0.212667,-0.081622,-0.121622,0.220000
1772480494,894497568,-1.001678,-1.563729,-2.464834,-0.745400,-1.372970,0.113909,1,0.220430,-0.126200,0.220000,-0.095854,0.220000,-0.093858,0.220000,-0.093858,0,-0.426626,0.220000,0.212667,-0.075854,-0.115854,0.220000
1772480494,919499998,-1.005097,-1.567372,-2.466876,-0.740565,-1.371713,0.111867,1,0.219773,-0.109245,0.220000,-0.093858,0.220000,-0.095058,0.220000,-0.095058,0,-0.432084,0.220000,0.212667,-0.073858,-0.113858,0.220000
1772480494,944573118,-1.009176,-1.571195,-2.468468,-0.735075,-1.370657,0.110275,1,0.220035,-0.093477,0.220000,-0.095058,0.220000,-0.095611,0.220000,-0.095611,0,-0.434597,0.220000,0.212667,-0.075058,-0.115058,0.220000
1772480494,969574239,-1.014537,-1.575076,-2.469742,-0.728470,-1.370235,0.109001,1,0.220124,-0.091414,0.220000,-0.095611,0.220000,-0.093875,0.220000,-0.093875,0,-0.426704,0.220000,0.212667,-0.075611,-0.115611,0.220000
1772480495,19583709,-1.022115,-1.582198,-2.474539,-0.718261,-1.368255,0.104205,1,0.219980,-0.088969,0.220000,-0.093875,0.220000,-0.092776,0.220000,-0.092776,0,-0.421707,0.220000,0.212667,-0.073875,-0.113875,0.220000
1772480495,44748904,-1.025569,-1.585661,-2.476336,-0.713688,-1.367153,0.102439,1,0.220393,-0.095170,0.220000,-0.092776,0.220000,-0.093644,0.220000,-0.093644,0,-0.425653,0.220000,0.212667,-0.072776,-0.112776,0.220000
1772480495,94741615,-1.034415,-1.593259,-2.480349,-0.706376,-1.365077,0.099123,1,0.220305,-0.102465,0.220000,-0.093644,0.220000,-0.095650,0.220000,-0.095650,0,-0.434771,0.220000,0.212667,-0.073644,-0.113644,0.220000
1772480495,119805233,-1.039210,-1.594821,-2.481847,-0.701487,-1.366312,0.097625,1,0.220089,-0.109561,0.220000,-0.095650,0.220000,-0.087396,0.220000,-0.087396,0,-0.397252,0.220000,0.212667,-0.075650,-0.115650,0.220000
1772480495,144861495,-1.044024,-1.598894,-2.483665,-0.695242,-1.365431,0.095807,1,0.219983,-0.096552,0.220000,-0.087396,0.220000,-0.086880,0.220000,-0.086880,0,-0.394907,0.220000,0.212667,-0.067396,-0.107396,0.220000
1772480495,169831380,-1.047915,-1.603186,-2.486003,-0.689662,-1.363874,0.093469,1,0.219682,-0.085458,0.220000,-0.086880,0.220000,-0.088755,0.220000,-0.088755,0,-0.403430,0.220000,0.212667,-0.066880,-0.106880,0.220000
1772480495,219919367,-1.056532,-1.609496,-2.489833,-0.679009,-1.363127,0.089639,1,0.220193,-0.099829,0.220000,-0.088755,0.220000,-0.083640,0.220000,-0.083640,0,-0.380182,0.220000,0.212667,-0.068755,-0.108755,0.220000
1772480495,244989827,-1.060578,-1.613735,-2.491924,-0.673325,-1.361697,0.087548,1,0.220020,-0.106481,0.220000,-0.083640,0.220000,-0.085113,0.220000,-0.085113,0,-0.386875,0.220000,0.212667,-0.063640,-0.103640,0.220000
1772480495,270011401,-1.066138,-1.616237,-2.492987,-0.667287,-1.362543,0.086485,1,0.219670,-0.088376,0.220000,-0.085113,0.220000,-0.078889,0.220000,-0.078889,0,-0.358586,0.220000,0.212667,-0.065113,-0.105113,0.220000
1772480495,320029898,-1.073237,-1.622921,-2.496385,-0.657718,-1.360672,0.083087,1,0.219982,-0.095896,0.220000,-0.078889,0.220000,-0.079194,0.220000,-0.079194,0,-0.359973,0.220000,0.212667,-0.058889,-0.098889,0.220000
1772480495,345141145,-1.077714,-1.626560,-2.498823,-0.651991,-1.359978,0.080649,1,0.220408,-0.075668,0.220000,-0.079194,0.220000,-0.077222,0.220000,-0.077222,0,-0.351008,0.220000,0.212667,-0.059194,-0.099194,0.220000
1772480495,370099838,-1.082003,-1.629971,-2.500484,-0.646464,-1.359283,0.078948,1,0.219229,-0.078763,0.220000,-0.077222,0.220000,-0.076774,0.220000,-0.076774,0,-0.348974,0.220000,0.212667,-0.057222,-0.097222,0.220000
1772480495,420193893,-1.091277,-1.636486,-2.504170,-0.633663,-1.356955,0.074509,1,0.220184,-0.081678,0.220000,-0.076774,0.220000,-0.076410,0.220000,-0.076410,0,-0.347317,0.220000,0.212667,-0.056774,-0.096774,0.220000
1772480495,445271656,-1.095263,-1.640841,-2.505536,-0.627967,-1.355399,0.073142,1,0.219915,-0.088968,0.220000,-0.076410,0.220000,-0.079429,0.220000,-0.079429,0,-0.361041,0.220000,0.212667,-0.056410,-0.096410,0.220000
1772480495,470295412,-1.099616,-1.644486,-2.507172,-0.622341,-1.354640,0.071507,1,0.220316,-0.072172,0.220000,-0.079429,0.220000,-0.078782,0.220000,-0.078782,0,-0.358101,0.220000,0.212667,-0.059429,-0.099429,0.220000
1772480495,520345817,-1.108944,-1.651334,-2.510619,-0.610798,-1.353826,0.068060,1,0.219507,-0.083803,0.220000,-0.078782,0.220000,-0.074791,0.220000,-0.074791,0,-0.339957,0.220000,0.212667,-0.058782,-0.098782,0.220000
1772480495,545389095,-1.113091,-1.653601,-2.512367,-0.606080,-1.354122,0.066312,1,0.219986,-0.076445,0.220000,-0.074791,0.220000,-0.069727,0.220000,-0.069727,0,-0.316940,0.220000,0.212667,-0.054791,-0.094791,0.220000
1772480495,570446292,-1.117505,-1.658028,-2.514596,-0.599986,-1.352733,0.064082,1,0.219592,-0.067715,0.220000,-0.069727,0.220000,-0.071036,0.220000,-0.071036,0,-0.322892,0.220000,0.212667,-0.049727,-0.089727,0.220000
1772480495,620491477,-1.126444,-1.665341,-2.518539,-0.588523,-1.351319,0.060140,1,0.220106,-0.078531,0.220000,-0.071036,0.220000,-0.068273,0.220000,-0.068273,0,-0.310333,0.220000,0.212667,-0.051036,-0.091036,0.220000
1772480495,645547859,-1.131048,-1.668053,-2.520005,-0.583182,-1.351483,0.058673,1,0.219973,-0.070482,0.220000,-0.068273,0.220000,-0.064304,0.220000,-0.064304,0,-0.292291,0.220000,0.212667,-0.048273,-0.088273,0.220000
1772480495,670591918,-1.134747,-1.670428,-2.520765,-0.578786,-1.351448,0.057914,1,0.220416,-0.071637,0.220000,-0.064304,0.220000,-0.062291,0.220000,-0.062291,0,-0.283141,0.220000,0.212667,-0.044304,-0.084304,0.220000
1772480495,720613078,-1.144314,-1.678161,-2.523838,-0.566568,-1.350013,0.054841,1,0.219624,-0.064901,0.220000,-0.062291,0.220000,-0.061106,0.220000,-0.061106,0,-0.277754,0.220000,0.212667,-0.042291,-0.082291,0.220000
1772480495,745730436,-1.147305,-1.680969,-2.524879,-0.562553,-1.349112,0.053762,1,0.220359,-0.061712,0.220000,-0.061106,0.220000,-0.062066,0.220000,-0.062066,0,-0.282117,0.220000,0.212667,-0.041106,-0.081106,0.220000
1772480495,770739260,-1.151953,-1.684074,-2.526493,-0.557151,-1.347013,0.051554,1,0.220096,-0.065098,0.220000,-0.062066,0.220000,-0.066233,0.220000,-0.066233,0,-0.301060,0.220000,0.212667,-0.042066,-0.082066,0.220000
1772480495,820817841,-1.160624,-1.691480,-2.529221,-0.545865,-1.345384,0.048827,1,0.220030,-0.062618,0.220000,-0.066233,0.220000,-0.066348,0.220000,-0.066348,0,-0.301582,0.220000,0.212667,-0.046233,-0.086233,0.220000
1772480495,845840354,-1.164875,-1.693832,-2.529543,-0.541015,-1.345666,0.048505,1,0.219924,-0.072461,0.220000,-0.066348,0.220000,-0.063627,0.220000,-0.063627,0,-0.289214,0.220000,0.212667,-0.046348,-0.086348,0.220000
1772480495,870894382,-1.170083,-1.697528,-2.531152,-0.534638,-1.345324,0.046896,1,0.220086,-0.064477,0.220000,-0.063627,0.220000,-0.061242,0.220000,-0.061242,0,-0.278374,0.220000,0.212667,-0.043627,-0.083627,0.220000
1772480495,920966558,-1.178933,-1.704852,-2.534171,-0.523244,-1.343860,0.043876,1,0.219858,-0.062830,0.220000,-0.061242,0.220000,-0.060427,0.220000,-0.060427,0,-0.274666,0.220000,0.212667,-0.041242,-0.081242,0.220000
1772480495,946023078,-1.183364,-1.708982,-2.535579,-0.517291,-1.342735,0.042468,1,0.219701,-0.053782,0.220000,-0.060427,0.220000,-0.061749,0.220000,-0.061749,0,-0.280677,0.220000,0.212667,-0.040427,-0.080427,0.220000
1772480495,971083874,-1.186608,-1.711308,-2.536330,-0.513308,-1.342502,0.041718,1,0.219658,-0.061643,0.220000,-0.061749,0.220000,-0.060759,0.220000,-0.060759,0,-0.276176,0.220000,0.212667,-0.041749,-0.081749,0.220000
1772480496,21184942,-1.197147,-1.717904,-2.538248,-0.500874,-1.342556,0.039800,1,0.220396,-0.063446,0.220000,-0.060759,0.220000,-0.054790,0.220000,-0.054790,0,-0.249043,0.220000,0.212667,-0.040759,-0.080759,0.220000
1772480496,46206199,-1.201215,-1.720661,-2.539563,-0.495963,-1.342398,0.038484,1,0.220139,-0.061195,0.220000,-0.054790,0.220000,-0.052512,0.220000,-0.052512,0,-0.238691,0.220000,0.212667,-0.034790,-0.074790,0.220000
1772480496,71252611,-1.206813,-1.724632,-2.541354,-0.489147,-1.342258,0.036559,1,0.219732,-0.054776,0.220000,-0.052512,0.220000,-0.049060,0.220000,-0.049060,0,-0.223001,0.220000,0.212667,-0.032512,-0.072512,0.220000
1772480496,121344779,-1.215065,-1.730224,-2.543633,-0.479752,-1.345381,0.032237,1,0.220934,-0.051865,0.220000,-0.049060,0.220000,-0.029060,0.220000,-0.029060,0,-0.128895,0.220000,0.212667,-0.029060,-0.069060,0.220000
1772480496,146372370,-1.219119,-1.734080,-2.544868,-0.474263,-1.344300,0.031002,1,0.219825,-0.052627,0.220000,-0.029060,0.220000,-0.029898,0.220000,-0.029898,0,-0.135899,0.220000,0.212667,-0.009060,-0.049060,0.220000
1772480496,171429707,-1.223600,-1.738196,-2.545855,-0.468273,-1.343227,0.030015,1,0.219850,-0.029685,0.220000,-0.029898,0.220000,-0.031542,0.220000,-0.031542,0,-0.143375,0.220000,0.212667,-0.009898,-0.049898,0.220000
1772480496,221500432,-1.233667,-1.743600,-2.546618,-0.456878,-1.344061,0.029252,1,0.220276,-0.033596,0.220000,-0.031542,0.220000,-0.024533,0.220000,-0.024533,0,-0.111513,0.220000,0.212667,-0.011542,-0.051542,0.220000
1772480496,246552502,-1.238176,-1.747878,-2.547377,-0.450778,-1.342866,0.028493,1,0.219858,-0.023795,0.220000,-0.024533,0.220000,-0.027048,0.220000,-0.027048,0,-0.122947,0.220000,0.212667,-0.004533,-0.044533,0.220000
1772480496,271578293,-1.243308,-1.751282,-2.548495,-0.444622,-1.342743,0.027376,1,0.220076,-0.022783,0.220000,-0.027048,0.220000,-0.024659,0.220000,-0.024659,0,-0.112089,0.220000,0.212667,-0.007048,-0.047048,0.220000
1772480496,321715910,-1.251606,-1.758364,-2.549423,-0.433820,-1.341213,0.026447,1,0.219878,-0.033445,0.220000,-0.024659,0.220000,-0.027332,0.220000,-0.027332,0,-0.124236,0.220000,0.212667,-0.004659,-0.044659,0.220000
1772480496,346775754,-1.255938,-1.760947,-2.549337,-0.428778,-1.341355,0.026534,1,0.219649,-0.025892,0.220000,-0.027332,0.220000,-0.025894,0.220000,-0.025894,0,-0.117701,0.220000,0.212667,-0.007332,-0.047332,0.220000
1772480496,371802737,-1.259671,-1.764272,-2.550462,-0.424072,-1.340611,0.025374,1,0.219975,-0.031756,0.220000,-0.025894,0.220000,-0.026234,0.220000,-0.026234,0,-0.119245,0.220000,0.212667,-0.005894,-0.045894,0.220000
1772480496,421882261,-1.269671,-1.770733,-2.551209,-0.415283,-1.341388,0.024152,1,0.219649,-0.027264,0.220000,-0.026234,0.220000,-0.019767,0.220000,-0.019767,0,-0.089850,0.220000,0.212667,-0.006234,-0.046234,0.220000
1772480496,447005406,-1.273675,-1.773203,-2.551374,-0.410579,-1.341452,0.023987,1,0.220435,-0.021892,0.220000,-0.019767,0.220000,-0.018216,0.220000,-0.018216,0,-0.082798,0.220000,0.212667,0.000233,-0.039767,0.220000
1772480496,471989973,-1.278186,-1.777655,-2.552183,-0.404384,-1.340115,0.023178,1,0.220091,-0.027443,0.220000,-0.018216,0.220000,-0.021300,0.220000,-0.021300,0,-0.096816,0.220000,0.212667,0.001784,-0.038216,0.220000
1772480496,522039960,-1.285810,-1.782213,-2.553643,-0.395504,-1.340358,0.021718,1,0.220152,-0.012103,0.220000,-0.021300,0.220000,-0.016629,0.220000,-0.016629,0,-0.075588,0.220000,0.212667,-0.001300,-0.041300,0.220000
1772480496,547172334,-1.291465,-1.786603,-2.554433,-0.388376,-1.339687,0.020928,1,0.220614,-0.023317,0.220000,-0.016629,0.220000,-0.016912,0.220000,-0.016912,0,-0.076873,0.220000,0.212667,0.003371,-0.036629,0.220000
1772480496,572274887,-1.295591,-1.789044,-2.554751,-0.383585,-1.339839,0.020610,1,0.220963,-0.017590,0.220000,-0.016912,0.220000,-0.014957,0.220000,-0.014957,0,-0.067987,0.220000,0.212667,0.003088,-0.036912,0.220000
1772480496,622244780,-1.304960,-1.794488,-2.554781,-0.372758,-1.340271,0.020580,1,0.219866,-0.013804,0.220000,-0.014957,0.220000,-0.011223,0.220000,-0.011223,0,-0.051014,0.220000,0.212667,0.005043,-0.034957,0.220000
1772480496,647390973,-1.308909,-1.797443,-2.556413,-0.367840,-1.339896,0.018948,1,0.220137,-0.020280,0.220000,-0.011223,0.220000,-0.009651,0.220000,-0.009651,0,-0.043869,0.220000,0.212667,0.008777,-0.031223,0.220000
1772480496,672357039,-1.312770,-1.800916,-2.556126,-0.362827,-1.339286,0.019226,1,0.219951,-0.008431,0.220000,-0.009651,0.220000,-0.011608,0.220000,-0.011608,0,-0.052762,0.220000,0.212667,0.010349,-0.029651,0.220000
1772480496,722447888,-1.322025,-1.806587,-2.557513,-0.353412,-1.342760,0.017719,1,0.219986,-0.022599,0.220000,-0.011608,0.220000,0.006063,0.220000,0.006063,0,0.027561,0.220000,0.212667,0.008392,-0.031608,0.220000
1772480496,747547373,-1.326770,-1.809304,-2.557509,-0.347950,-1.343013,0.017723,1,0.219942,0.009662,0.220000,0.006063,0.220000,0.007990,0.220000,0.007990,0,0.036319,0.220000,0.212667,0.026063,-0.013937,0.220000
1772480496,772581375,-1.331741,-1.813327,-2.558371,-0.341597,-1.342286,0.016861,1,0.219481,0.004477,0.220000,0.007990,0.220000,0.007206,0.220000,0.007206,0,0.032755,0.220000,0.212667,0.027990,-0.012010,0.220000
1772480496,822676537,-1.340536,-1.817858,-2.558132,-0.331744,-1.343181,0.017100,1,0.220937,0.008102,0.220000,0.007206,0.220000,0.012083,0.220000,0.012083,0,0.054921,0.220000,0.212667,0.027206,-0.012794,0.220000
1772480496,847685931,-1.344817,-1.821166,-2.557310,-0.326357,-1.342687,0.017923,1,0.219882,0.011341,0.220000,0.012083,0.220000,0.009806,0.220000,0.009806,0,0.044573,0.220000,0.212667,0.032083,-0.007917,0.220000
1772480496,872724233,-1.349370,-1.823959,-2.557400,-0.321016,-1.342773,0.017832,1,0.220305,0.016202,0.220000,0.009806,0.220000,0.011065,0.220000,0.011065,0,0.050296,0.220000,0.212667,0.029806,-0.010194,0.220000
1772480496,922850836,-1.358826,-1.829971,-2.556815,-0.309810,-1.342773,0.018417,1,0.219916,0.009291,0.220000,0.011065,0.220000,0.011877,0.220000,0.011877,0,0.053987,0.220000,0.212667,0.031065,-0.008935,0.220000
1772480496,947868288,-1.364022,-1.833708,-2.556881,-0.303421,-1.342408,0.018352,1,0.220151,0.008464,0.220000,0.011877,0.220000,0.011350,0.220000,0.011350,0,0.051591,0.220000,0.212667,0.031877,-0.008123,0.220000
1772480496,972932120,-1.369556,-1.837665,-2.556339,-0.296840,-1.341908,0.019045,1,0.219925,0.008690,0.220000,0.011350,0.220000,0.009254,0.220000,0.009254,0,0.042063,0.220000,0.212667,0.031350,-0.008650,0.220000
1772480497,23018810,-1.377874,-1.842160,-2.555381,-0.290080,-1.340940,0.021917,1,0.219894,0.011532,0.220000,0.009254,0.220000,0.002331,0.220000,0.002331,0,0.010597,0.220000,0.212667,0.029254,-0.010746,0.220000
1772480497,48126650,-1.382500,-1.846007,-2.555518,-0.284113,-1.340163,0.021780,1,0.220223,0.004563,0.220000,0.002331,0.220000,0.000000,0.220000,0.000000,0,0.000350,0.220000,0.212667,0.022331,-0.017669,0.220000
1772480497,73186485,-1.386499,-1.848761,-2.555404,-0.279261,-1.339975,0.021894,1,0.219587,0.005112,0.220000,0.000000,0.220000,-0.000307,0.220000,-0.000307,0,-0.001396,0.220000,0.212667,0.020000,-0.020000,0.220000
1772480497,123221549,-1.396229,-1.856241,-2.556497,-0.267040,-1.338858,0.020801,1,0.220288,-0.001814,0.220000,-0.000307,0.220000,-0.002058,0.220000,-0.002058,0,-0.009356,0.220000,0.212667,0.019693,-0.020307,0.220000
1772480497,148282218,-1.401117,-1.859120,-2.556113,-0.261370,-1.339040,0.021185,1,0.220332,0.007534,0.220000,-0.002058,0.220000,-0.001309,0.220000,-0.001309,0,-0.005948,0.220000,0.212667,0.017942,-0.022058,0.220000
1772480497,173338874,-1.406235,-1.862743,-2.556279,-0.255108,-1.338715,0.021019,1,0.219902,-0.003209,0.220000,-0.001309,0.220000,-0.001842,0.220000,-0.001842,0,-0.008373,0.220000,0.212667,0.018691,-0.021309,0.220000
1772480497,223452507,-1.414800,-1.869200,-2.557704,-0.244417,-1.337840,0.019594,1,0.219659,0.000000,0.220000,-0.001842,0.220000,-0.002648,0.220000,-0.002648,0,-0.012034,0.220000,0.212667,0.018158,-0.021842,0.220000
1772480497,248476361,-1.419439,-1.872491,-2.558513,-0.238844,-1.337516,0.018643,1,0.220286,-0.005475,0.220000,-0.002648,0.220000,-0.002287,0.220000,-0.002287,0,-0.010396,0.220000,0.212667,0.017352,-0.022648,0.220000
1772480497,273484371,-1.425226,-1.876818,-2.557632,-0.232920,-1.336676,0.017815,1,0.220154,-0.004545,0.220000,-0.002287,0.220000,-0.004216,0.220000,-0.004216,0,-0.019164,0.220000,0.212667,0.017713,-0.022287,0.220000
1772480497,323624237,-1.433458,-1.882484,-2.557942,-0.222933,-1.336309,0.017506,1,0.219846,0.000000,0.220000,-0.004216,0.220000,-0.004753,0.220000,-0.004753,0,-0.021606,0.220000,0.212667,0.015784,-0.024216,0.220000
1772480497,348654579,-1.438140,-1.883788,-2.557883,-0.218282,-1.337720,0.017565,1,0.219505,0.001561,0.220000,-0.004753,0.220000,0.001118,0.220000,0.001118,0,0.005082,0.220000,0.212667,0.015247,-0.024753,0.220000
1772480497,373787757,-1.443233,-1.887710,-2.558268,-0.211880,-1.337142,0.017179,1,0.219819,-0.003544,0.220000,0.001118,0.220000,-0.000497,0.220000,-0.000497,0,-0.002257,0.220000,0.212667,0.021118,-0.018882,0.220000
1772480497,423813416,-1.453100,-1.894831,-2.559809,-0.199733,-1.336425,0.015639,1,0.220175,0.003580,0.220000,-0.000497,0.220000,-0.001045,0.220000,-0.001045,0,-0.004748,0.220000,0.212667,0.019503,-0.020497,0.220000
1772480497,448892987,-1.458093,-1.898514,-2.560176,-0.193544,-1.335994,0.015271,1,0.219934,-0.008660,0.220000,-0.001045,0.220000,-0.002249,0.220000,-0.002249,0,-0.010222,0.220000,0.212667,0.018955,-0.021045,0.220000
1772480497,473957090,-1.461385,-1.901298,-2.559575,-0.189271,-1.335410,0.015872,1,0.220862,0.000000,0.220000,-0.002249,0.220000,-0.005397,0.220000,-0.005397,0,-0.024531,0.220000,0.212667,0.017751,-0.022249,0.220000
1772480497,499011125,-1.467951,-1.905345,-2.559658,-0.181559,-1.335516,0.015789,1,0.219696,-0.001372,0.220000,-0.005397,0.220000,-0.004907,0.220000,-0.004907,0,-0.022302,0.220000,0.212667,0.014603,-0.025397,0.220000
1772480497,549052404,-1.479645,-1.913946,-2.560831,-0.167227,-1.334635,0.014300,1,0.220118,-0.008775,0.220000,-0.004907,0.220000,-0.006890,0.220000,-0.006890,0,-0.031317,0.220000,0.212667,0.015093,-0.024907,0.220000
1772480497,574134929,-1.481933,-1.914410,-2.561684,-0.166927,-1.336792,0.009546,1,0.219666,-0.004337,0.220000,-0.006890,0.220000,0.008217,0.220000,0.008217,0,0.037349,0.220000,0.212667,0.013110,-0.026890,0.220000
1772480497,599284462,-1.492250,-1.925213,-2.561449,-0.152410,-1.333269,0.009781,1,0.219982,0.006849,0.220000,0.008217,0.220000,-0.007160,0.220000,-0.007160,0,-0.032547,0.220000,0.212667,0.028217,-0.011783,0.220000
1772480497,649283866,-1.501648,-1.933731,-2.562787,-0.139901,-1.331174,0.008444,1,0.219983,-0.003402,0.220000,-0.007160,0.220000,-0.014841,0.220000,-0.014841,0,-0.067459,0.220000,0.212667,0.012840,-0.027160,0.220000
1772480497,674321575,-1.507870,-1.937939,-2.563410,-0.132392,-1.330992,0.007820,1,0.220149,0.001351,0.220000,-0.014841,0.220000,-0.015506,0.220000,-0.015506,0,-0.070482,0.220000,0.212667,0.005159,-0.034841,0.220000
1772480497,724437952,-1.516715,-1.944169,-2.563384,-0.121583,-1.330524,0.007846,1,0.220194,-0.018453,0.220000,-0.015506,0.220000,-0.018755,0.220000,-0.018755,0,-0.085248,0.220000,0.212667,0.004494,-0.035506,0.220000
1772480497,749473183,-1.521931,-1.947352,-2.563812,-0.115474,-1.330661,0.007418,1,0.219759,-0.018520,0.220000,-0.018755,0.220000,-0.018509,0.220000,-0.018509,0,-0.084133,0.220000,0.212667,0.001245,-0.038755,0.220000
1772480497,774530169,-1.526561,-1.950073,-2.565864,-0.110107,-1.330870,0.005366,1,0.219623,-0.019707,0.220000,-0.018509,0.220000,-0.015742,0.220000,-0.015742,0,-0.071556,0.220000,0.212667,0.001491,-0.038509,0.220000
1772480497,824685160,-1.535577,-1.957064,-2.567017,-0.098745,-1.329854,0.004213,1,0.220127,-0.014405,0.220000,-0.015742,0.219077,-0.020361,0.219077,-0.020361,0,-0.092939,0.219077,0.212667,0.004258,-0.035742,0.219077
1772480497,849719377,-1.539045,-1.958200,-2.567829,-0.095846,-1.330649,0.003765,1,0.219020,-0.018893,0.219077,-0.020361,0.217839,-0.016886,0.217839,-0.016886,0,-0.077518,0.217839,0.211744,-0.000361,-0.040361,0.217839
1772480497,874760349,-1.543599,-1.961771,-2.568611,-0.097282,-1.328719,0.007094,1,0.217732,-0.019085,0.217839,-0.016886,0.218529,-0.028781,0.218529,-0.028781,0,-0.131702,0.218529,0.210505,0.003114,-0.036886,0.218529
1772480497,924849260,-1.554637,-1.968448,-2.570515,-0.084385,-1.329001,0.005189,1,0.219036,-0.025970,0.218529,-0.028781,0.213182,-0.027356,0.213182,-0.027356,0,-0.128321,0.213182,0.211196,-0.008781,-0.048781,0.213182
1772480497,950028172,-1.557854,-1.970597,-2.570565,-0.080518,-1.328912,0.005140,1,0.212820,-0.027711,0.213182,-0.027356,0.211588,-0.027558,0.211588,-0.027558,0,-0.130246,0.211588,0.205849,-0.007356,-0.047356,0.211588
1772480497,974934151,-1.561959,-1.971804,-2.571270,-0.076406,-1.330094,0.004434,1,0.211388,-0.027844,0.211588,-0.027558,0.209826,-0.022264,0.209826,-0.022264,0,-0.106105,0.209826,0.204254,-0.007558,-0.047558,0.209826
1772480498,139672,-1.566321,-1.976545,-2.572423,-0.070182,-1.328431,0.003282,1,0.209389,-0.022432,0.209826,-0.022264,0.207341,-0.028610,0.207341,-0.028610,0,-0.137984,0.207341,0.202493,-0.002264,-0.042264,0.207341
1772480498,50226590,-1.574641,-1.980617,-2.572646,-0.060975,-1.329454,0.003058,1,0.207051,-0.032397,0.207341,-0.028610,0.203482,-0.025538,0.203482,-0.025538,0,-0.125504,0.203482,0.200008,-0.008610,-0.048610,0.203482
1772480498,75137822,-1.580413,-1.985667,-2.574019,-0.053396,-1.328286,0.001686,1,0.202619,-0.021233,0.203482,-0.025538,0.200415,-0.029696,0.200415,-0.029696,0,-0.148170,0.200415,0.196149,-0.005538,-0.045538,0.200415
1772480498,100347820,-1.584762,-1.988835,-2.574547,-0.048026,-1.327944,0.001158,1,0.201183,-0.033620,0.200415,-0.029696,0.198218,-0.031489,0.198218,-0.031489,0,-0.158860,0.198218,0.193082,-0.009696,-0.049696,0.198218
1772480498,150377647,-1.593473,-1.994516,-2.576026,-0.041005,-1.327696,0.003798,1,0.199997,-0.027841,0.198218,-0.031489,0.195334,-0.037491,0.195334,-0.037491,0,-0.191933,0.195334,0.190884,-0.011489,-0.051489,0.195334
1772480498,175412945,-1.597060,-1.996449,-2.576867,-0.036940,-1.327971,0.002957,1,0.194312,-0.030920,0.195334,-0.037491,0.193641,-0.035423,0.193641,-0.035423,0,-0.182932,0.193641,0.188001,-0.017491,-0.057491,0.193641
1772480498,200469040,-1.601543,-1.999171,-2.576925,-0.031696,-1.328056,0.002899,1,0.193916,-0.032476,0.193641,-0.035423,0.191472,-0.036189,0.191472,-0.036189,0,-0.189002,0.191472,0.186307,-0.015423,-0.055423,0.191472
1772480498,250621324,-1.609206,-2.004696,-2.578907,-0.022268,-1.327461,0.000917,1,0.191775,-0.039975,0.191472,-0.036189,0.187619,-0.038423,0.187619,-0.038423,0,-0.204791,0.187619,0.184139,-0.016189,-0.056189,0.187619
1772480498,275666682,-1.612883,-2.008191,-2.580724,-0.017294,-1.326462,-0.000900,1,0.187245,-0.029972,0.187619,-0.038423,0.185630,-0.041497,0.185630,-0.041497,0,-0.223549,0.185630,0.180286,-0.018423,-0.058423,0.185630
1772480498,325725511,-1.620758,-2.013544,-2.582971,-0.007778,-1.326127,-0.003147,1,0.185451,-0.048862,0.185630,-0.041497,0.181731,-0.042640,0.181731,-0.042640,0,-0.234633,0.181731,0.178296,-0.021497,-0.061497,0.181731
1772480498,350885722,-1.624374,-2.015779,-2.584437,-0.003527,-1.326161,-0.004613,1,0.181985,-0.039568,0.181731,-0.042640,0.179978,-0.041446,0.179978,-0.041446,0,-0.230285,0.179978,0.174398,-0.022640,-0.062640,0.179978
1772480498,375913262,-1.629187,-2.017476,-2.584523,0.001451,-1.327289,-0.004699,1,0.179691,-0.043240,0.179978,-0.041446,0.177857,-0.037103,0.177857,-0.037103,0,-0.208610,0.177857,0.172645,-0.021446,-0.061446,0.177857
1772480498,400938130,-1.631734,-2.019500,-2.585969,0.004138,-1.327037,-0.006318,1,0.177481,-0.033190,0.177857,-0.037103,0.176766,-0.036717,0.176766,-0.036717,0,-0.207712,0.176766,0.170523,-0.017103,-0.057103,0.176766
1772480498,451143637,-1.639301,-2.025693,-2.588153,0.007886,-1.326982,-0.010390,1,0.177232,-0.036054,0.176766,-0.036717,0.175227,-0.032827,0.175227,-0.032827,0,-0.187337,0.175227,0.169433,-0.016717,-0.056717,0.175227
1772480498,476119849,-1.644401,-2.028094,-2.588147,0.013479,-1.327677,-0.010384,1,0.177389,-0.034700,0.175227,-0.032827,0.172880,-0.031525,0.172880,-0.031525,0,-0.182352,0.172880,0.167894,-0.012827,-0.052827,0.172880
1772480498,501208249,-1.648658,-2.030658,-2.589511,0.018448,-1.327786,-0.011747,1,0.174876,-0.035014,0.172880,-0.031525,0.170828,-0.030497,0.170828,-0.030497,0,-0.178525,0.170828,0.165547,-0.011525,-0.051525,0.170828
1772480498,551290436,-1.656274,-2.035262,-2.592355,0.027346,-1.327965,-0.014592,1,0.171925,-0.024579,0.170828,-0.030497,0.167156,-0.028683,0.167156,-0.028683,0,-0.171595,0.167156,0.163495,-0.010497,-0.050497,0.167156
1772480498,576390114,-1.659530,-2.037121,-2.592453,0.031091,-1.328134,-0.014690,1,0.170626,-0.033270,0.167156,-0.028683,0.165605,-0.028965,0.165605,-0.028965,0,-0.174907,0.165605,0.159823,-0.008683,-0.048683,0.165605
1772480498,601431554,-1.662834,-2.039559,-2.592715,0.035186,-1.327839,-0.014952,1,0.166672,-0.028753,0.165605,-0.028965,0.163942,-0.030703,0.163942,-0.030703,0,-0.187279,0.163942,0.158272,-0.008965,-0.048965,0.163942
1772480498,651593633,-1.671088,-2.044637,-2.594022,0.045031,-1.327938,-0.016235,1,0.164656,-0.025224,0.163942,-0.030703,0.159890,-0.032535,0.159890,-0.032535,0,-0.203482,0.159890,0.156608,-0.010703,-0.050703,0.159890
1772480498,676656069,-1.674426,-2.047054,-2.595047,0.050661,-1.327491,-0.017030,1,0.163664,-0.029402,0.159890,-0.032535,0.157610,-0.036273,0.157610,-0.036273,0,-0.230143,0.157610,0.152556,-0.012535,-0.052535,0.157610
1772480498,701828822,-1.678417,-2.048618,-2.596061,0.054870,-1.328301,-0.018044,1,0.159403,-0.031382,0.157610,-0.036273,0.155824,-0.031342,0.155824,-0.031342,0,-0.201140,0.155824,0.150277,-0.016273,-0.056273,0.155824
1772480498,751865353,-1.684498,-2.053550,-2.597896,0.062645,-1.327380,-0.019879,1,0.157249,-0.032905,0.155824,-0.031342,0.152701,-0.037455,0.152701,-0.037455,0,-0.245282,0.152701,0.148491,-0.011342,-0.051342,0.152701
1772480498,776881097,-1.687796,-2.055688,-2.598335,0.066575,-1.327335,-0.020318,1,0.155615,-0.025700,0.152701,-0.037455,0.151094,-0.038788,0.151094,-0.038788,0,-0.256718,0.151094,0.145368,-0.017455,-0.057455,0.151094
1772480498,802093501,-1.690559,-2.058020,-2.599255,0.070157,-1.326840,-0.021238,1,0.152818,-0.028249,0.151094,-0.038788,0.149663,-0.041501,0.149663,-0.041501,0,-0.277293,0.149663,0.143760,-0.018788,-0.058788,0.149663
1772480498,852129022,-1.697450,-2.062387,-2.600110,0.078315,-1.326830,-0.022093,1,0.150618,-0.038522,0.149663,-0.041501,0.146324,-0.044497,0.146324,-0.044497,0,-0.304101,0.146324,0.142330,-0.021501,-0.061501,0.146324
1772480498,877171302,-1.700200,-2.063967,-2.601533,0.081484,-1.326963,-0.023516,1,0.149684,-0.046393,0.146324,-0.044497,0.145016,-0.043539,0.145016,-0.043539,0,-0.300237,0.145016,0.138990,-0.024497,-0.064497,0.145016
1772480498,902356470,-1.704209,-2.067706,-2.602751,0.086870,-1.325944,-0.024734,1,0.146645,-0.045534,0.145016,-0.043539,0.142894,-0.050381,0.142894,-0.050381,0,-0.352576,0.142894,0.137683,-0.023539,-0.063539,0.142894
1772480498,952407404,-1.710764,-2.070463,-2.604682,0.093425,-1.327696,-0.026960,1,0.144776,-0.044398,0.142894,-0.050381,0.140074,-0.040898,0.140074,-0.040898,0,-0.291978,0.140074,0.135561,-0.030381,-0.070381,0.140074
1772480498,977415873,-1.714101,-2.072548,-2.605560,0.093000,-1.333227,-0.030634,1,0.142355,-0.042962,0.140074,-0.040898,0.139822,-0.020898,0.139822,-0.020898,0,-0.006358,0.139822,0.132741,-0.020898,-0.060898,0.139822
1772480499,2523496,-1.716238,-2.073795,-2.606160,0.095473,-1.333321,-0.031235,1,0.140414,-0.044016,0.139822,-0.020898,0.138801,-0.000898,0.138801,-0.000898,0,0.002087,0.138801,0.132489,-0.000898,-0.040898,0.138801
1772480499,52749931,-1.721921,-2.077794,-2.608796,0.102414,-1.332998,-0.033871,1,0.139665,-0.026918,0.138801,-0.000898,0.135980,-0.003404,0.135980,-0.003404,0,-0.025032,0.135980,0.131468,0.019102,-0.020898,0.135980
1772480499,77744340,-1.725177,-2.079532,-2.609157,0.106094,-1.333279,-0.034231,1,0.138508,0.011220,0.135980,-0.003404,0.134451,-0.003225,0.134451,-0.003225,0,-0.023988,0.134451,0.128647,0.016596,-0.023404,0.134451
1772480499,102898529,-1.728289,-2.081233,-2.608439,0.109633,-1.333515,-0.033513,1,0.136370,0.000000,0.134451,-0.003225,0.132984,-0.003715,0.132984,-0.003715,0,-0.027936,0.132984,0.127118,0.016775,-0.023225,0.132984
1772480499,152968374,-1.733429,-2.084718,-2.608830,0.115840,-1.333334,-0.033905,1,0.133558,-0.005396,0.132984,-0.003715,0.130457,-0.007313,0.130457,-0.007313,0,-0.056058,0.130457,0.125651,0.016285,-0.023715,0.130457
1772480499,177979689,-1.736013,-2.086150,-2.609086,0.118789,-1.333513,-0.034161,1,0.133350,-0.005495,0.130457,-0.007313,0.129237,-0.008442,0.129237,-0.008442,0,-0.065321,0.129237,0.123124,0.012687,-0.027313,0.129237
1772480499,203103037,-1.738825,-2.088559,-2.609150,0.122455,-1.332990,-0.034225,1,0.131244,-0.007667,0.129237,-0.008442,0.127780,-0.013177,0.127780,-0.013177,0,-0.103124,0.127780,0.121903,0.011558,-0.028442,0.127780
1772480499,253225248,-1.744345,-2.091863,-2.609687,0.129067,-1.333177,-0.034606,1,0.128583,-0.010692,0.127780,-0.013177,0.125063,-0.015290,0.125063,-0.015290,0,-0.122257,0.125063,0.120446,0.006823,-0.033177,0.125063
1772480499,278264243,-1.747930,-2.093572,-2.609616,0.134571,-1.333752,-0.033195,1,0.128080,-0.020013,0.125063,-0.015290,0.122768,-0.018465,0.122768,-0.018465,0,-0.150409,0.122768,0.117729,0.004710,-0.035290,0.122768
1772480499,303454234,-1.750389,-2.096247,-2.610519,0.138080,-1.332809,-0.034099,1,0.125204,-0.018795,0.122768,-0.018465,0.121415,-0.024406,0.121415,-0.024406,0,-0.201009,0.121415,0.115434,0.001535,-0.038465,0.121415
1772480499,353621432,-1.755164,-2.099498,-2.611387,0.143854,-1.332621,-0.034966,1,0.121975,-0.021357,0.121415,-0.024406,0.119078,-0.027730,0.119078,-0.027730,0,-0.232875,0.119078,0.114082,-0.004406,-0.044406,0.119078
1772480499,378604131,-1.758785,-2.101248,-2.611380,0.147849,-1.333082,-0.034959,1,0.121465,-0.022166,0.119078,-0.027730,0.117410,-0.028493,0.117410,-0.028493,0,-0.242679,0.117410,0.111744,-0.007730,-0.047730,0.117410
1772480499,403777786,-1.760663,-2.102379,-2.612428,0.150040,-1.333133,-0.036008,1,0.119114,-0.028323,0.117410,-0.028493,0.116513,-0.026872,0.116513,-0.026872,0,-0.230638,0.116513,0.110077,-0.008493,-0.048493,0.116513
1772480499,453790413,-1.766734,-2.105269,-2.612560,0.156715,-1.333944,-0.036139,1,0.117421,-0.025079,0.116513,-0.026872,0.113724,-0.026841,0.113724,-0.026841,0,-0.236022,0.113724,0.109180,-0.006872,-0.046872,0.113724
1772480499,478997033,-1.767600,-2.106723,-2.614088,0.158225,-1.333180,-0.037668,1,0.116034,-0.026559,0.113724,-0.026841,0.113179,-0.030849,0.113179,-0.030849,0,-0.272567,0.113179,0.106390,-0.006841,-0.046841,0.113179
1772480499,503970585,-1.770302,-2.108945,-2.614266,0.161697,-1.332750,-0.037845,1,0.113966,-0.029203,0.113179,-0.030849,0.111807,-0.035991,0.111807,-0.035991,0,-0.321904,0.111807,0.105845,-0.010849,-0.050849,0.111807
1772480499,554154611,-1.775099,-2.111003,-2.616603,0.166850,-1.333581,-0.040182,1,0.113234,-0.030959,0.111807,-0.035991,0.109637,-0.032593,0.109637,-0.032593,0,-0.297281,0.109637,0.104474,-0.015991,-0.055991,0.109637
1772480499,579198875,-1.776832,-2.112062,-2.616079,0.168880,-1.333615,-0.039658,1,0.111201,-0.043378,0.109637,-0.032593,0.108809,-0.033361,0.108809,-0.033361,0,-0.306602,0.108809,0.102303,-0.012593,-0.052593,0.108809
1772480499,604282048,-1.779016,-2.114194,-2.616610,0.171540,-1.333015,-0.040353,1,0.109723,-0.038789,0.108809,-0.033361,0.107787,-0.039140,0.107787,-0.039140,0,-0.363125,0.107787,0.101476,-0.013361,-0.053361,0.107787
1772480499,654421930,-1.785242,-2.116849,-2.617895,0.175652,-1.334352,-0.042924,1,0.109185,-0.035611,0.107787,-0.039140,0.105992,-0.030415,0.105992,-0.030415,0,-0.286956,0.105992,0.100454,-0.019140,-0.059140,0.105992
1772480499,679573129,-1.786232,-2.118783,-2.618835,0.177526,-1.333252,-0.043864,1,0.107254,-0.038834,0.105992,-0.030415,0.105338,-0.038334,0.105338,-0.038334,0,-0.363916,0.105338,0.098658,-0.010415,-0.050415,0.105338
1772480499,704651043,-1.788721,-2.120615,-2.619483,0.180609,-1.333042,-0.044512,1,0.106177,-0.037395,0.105338,-0.038334,0.104111,-0.042431,0.104111,-0.042431,0,-0.407552,0.104111,0.098005,-0.018334,-0.058334,0.104111
1772480499,754777273,-1.793020,-2.122623,-2.621186,0.185314,-1.333656,-0.046215,1,0.105633,-0.036842,0.104111,-0.042431,0.102146,-0.041428,0.102146,-0.041428,0,-0.405578,0.102146,0.096778,-0.022431,-0.062431,0.102146
1772480499,779830605,-1.796717,-2.123494,-2.623025,0.188900,-1.334905,-0.048054,1,0.104573,-0.046978,0.102146,-0.041428,0.100571,-0.033403,0.100571,-0.033403,0,-0.332138,0.100571,0.094813,-0.021428,-0.061428,0.100571
1772480499,804977346,-1.797579,-2.125592,-2.623206,0.190754,-1.333598,-0.048235,1,0.101891,-0.041944,0.100571,-0.033403,0.099953,-0.043284,0.099953,-0.043284,0,-0.433048,0.099953,0.093237,-0.013403,-0.053403,0.099953
1772480499,855049805,-1.802076,-2.128068,-2.626163,0.195878,-1.333922,-0.051192,1,0.101042,-0.034240,0.099953,-0.043284,0.097851,-0.044319,0.097851,-0.044319,0,-0.452921,0.097851,0.092620,-0.023284,-0.063284,0.097851
1772480499,880181099,-1.804149,-2.129404,-2.627418,0.198344,-1.333908,-0.052447,1,0.099146,-0.039399,0.097851,-0.044319,0.096858,-0.044581,0.096858,-0.044581,0,-0.460272,0.096858,0.090518,-0.024319,-0.064319,0.096858
1772480499,905322089,-1.806569,-2.130793,-2.626673,0.201131,-1.334035,-0.051702,1,0.098101,-0.050936,0.096858,-0.044581,0.095721,-0.047964,0.095721,-0.047964,0,-0.501077,0.095721,0.089525,-0.024581,-0.064581,0.095721
1772480499,955351176,-1.811062,-2.133259,-2.630129,0.206246,-1.334366,-0.055158,1,0.095226,-0.044918,0.095721,-0.047964,0.093626,-0.045917,0.093626,-0.045917,0,-0.490428,0.093626,0.088388,-0.027964,-0.067964,0.093626
1772480499,980563414,-1.812977,-2.134473,-2.630306,0.208513,-1.334370,-0.055335,1,0.095902,-0.055600,0.093626,-0.045917,0.092713,-0.050568,0.092713,-0.050568,0,-0.545419,0.092713,0.086293,-0.025917,-0.065917,0.092713
1772480500,5527004,-1.814822,-2.134185,-2.632873,0.209538,-1.335824,-0.057833,1,0.093773,-0.040324,0.092713,-0.050568,0.092144,-0.033131,0.092144,-0.033131,0,-0.359559,0.092144,0.085380,-0.030568,-0.070568,0.092144
1772480500,55738209,-1.817817,-2.138429,-2.633805,0.211577,-1.335475,-0.058256,1,0.091500,-0.023995,0.092144,-0.033131,0.091361,-0.036223,0.091361,-0.036223,0,-0.396487,0.091361,0.084811,-0.013131,-0.053131,0.091361
1772480500,80841407,-1.820137,-2.138559,-2.636275,0.213605,-1.336610,-0.060725,1,0.092090,-0.032478,0.091361,-0.036223,0.090422,-0.027200,0.090422,-0.027200,0,-0.300811,0.090422,0.084028,-0.016223,-0.056223,0.090422
1772480500,105927395,-1.822303,-2.140295,-2.637049,0.216365,-1.336306,-0.061499,1,0.091158,-0.036776,0.090422,-0.027200,0.089345,-0.032994,0.089345,-0.032994,0,-0.369293,0.089345,0.083089,-0.007200,-0.047200,0.089345
1772480500,156083766,-1.827305,-2.141447,-2.638540,0.221203,-1.338016,-0.062991,1,0.089397,-0.030470,0.089345,-0.032994,0.087213,-0.022165,0.087213,-0.022165,0,-0.254148,0.087213,0.082011,-0.012994,-0.052994,0.087213
1772480500,181120910,-1.829050,-2.142062,-2.639442,0.223006,-1.338433,-0.063892,1,0.088866,-0.034316,0.087213,-0.022165,0.086442,-0.020013,0.086442,-0.020013,0,-0.231525,0.086442,0.079879,-0.002165,-0.042165,0.086442
1772480500,206271711,-1.830974,-2.143870,-2.639562,0.225600,-1.337938,-0.064012,1,0.087540,-0.015116,0.086442,-0.020013,0.085454,-0.027805,0.085454,-0.027805,0,-0.325379,0.085454,0.079109,-0.000013,-0.040013,0.085454
1772480500,256434552,-1.835028,-2.146099,-2.640670,0.230217,-1.338232,-0.065120,1,0.085231,-0.022780,0.085454,-0.027805,0.083568,-0.029494,0.083568,-0.029494,0,-0.352932,0.083568,0.078120,-0.007805,-0.047805,0.083568
1772480500,281395594,-1.836562,-2.146382,-2.640505,0.231663,-1.338816,-0.064956,1,0.085114,-0.025827,0.083568,-0.029494,0.082922,-0.027081,0.082922,-0.027081,0,-0.326581,0.082922,0.076234,-0.009494,-0.049494,0.082922
1772480500,306586172,-1.838664,-2.148883,-2.640771,0.234779,-1.337832,-0.065221,1,0.083706,-0.031030,0.082922,-0.027081,0.081786,-0.041295,0.081786,-0.041295,0,-0.504919,0.081786,0.075589,-0.007081,-0.047081,0.081786
1772480500,356752214,-1.842322,-2.150125,-2.641975,0.238532,-1.338746,-0.066426,1,0.083360,-0.024265,0.081786,-0.041295,0.080178,-0.039238,0.080178,-0.039238,0,-0.489388,0.080178,0.074452,-0.021295,-0.061295,0.080178
1772480500,381758053,-1.841783,-2.152469,-2.643469,0.239335,-1.336479,-0.067920,1,0.082227,-0.046031,0.080178,-0.039238,0.079053,-0.059238,0.079053,-0.059238,0,-0.749348,0.080127,0.072844,-0.019238,-0.059238,0.080127
1772480500,406932858,-1.844446,-2.152932,-2.644189,0.241831,-1.337515,-0.068639,1,0.078838,-0.052976,0.079053,-0.059238,0.079006,-0.048509,0.079006,-0.048509,0,-0.613994,0.079006,0.071719,-0.039238,-0.079238,0.079006
1772480500,457090503,-1.848713,-2.155147,-2.646193,0.246620,-1.337934,-0.070643,1,0.079165,-0.048893,0.079006,-0.048509,0.077047,-0.055169,0.077047,-0.055169,0,-0.716042,0.077047,0.071673,-0.028509,-0.068509,0.077047
1772480500,482096909,-1.849491,-2.155846,-2.647397,0.247541,-1.338257,-0.071923,1,0.079092,-0.049327,0.077047,-0.055169,0.076641,-0.052546,0.076641,-0.052546,0,-0.685621,0.076641,0.069714,-0.035169,-0.075169,0.076641
1772480500,507271697,-1.850989,-2.156942,-2.648881,0.248612,-1.341637,-0.073935,1,0.076252,-0.060678,0.076641,-0.052546,0.075808,-0.032546,0.075808,-0.032546,0,-0.102194,0.075808,0.069307,-0.032546,-0.072546,0.075808
1772480500,557407430,-1.854441,-2.158458,-2.650888,0.252338,-1.342211,-0.075941,1,0.076002,-0.039992,0.075808,-0.032546,0.074251,-0.012546,0.074251,-0.012546,0,-0.136120,0.074251,0.068475,-0.012546,-0.052546,0.074251
1772480500,582402174,-1.855148,-2.161536,-2.650963,0.254586,-1.339994,-0.076016,1,0.076064,-0.038891,0.074251,-0.012546,0.066918,-0.032546,0.066918,-0.032546,0,-0.570935,0.073622,0.066918,0.007454,-0.032546,0.073622
1772480500,607620252,-1.856368,-2.162066,-2.651945,0.255901,-1.340201,-0.076999,1,0.065298,-0.032668,0.066918,-0.032546,0.073074,-0.035064,0.073074,-0.035064,0,-0.479848,0.073074,0.059585,-0.012546,-0.052546,0.073074
1772480500,657743807,-1.860623,-2.163531,-2.652351,0.260277,-1.341250,-0.077404,1,0.073837,-0.035042,0.073074,-0.035064,0.071203,-0.037984,0.071203,-0.037984,0,-0.533463,0.071203,0.065741,-0.015064,-0.055064,0.071203
1772480500,682835513,-1.861346,-2.164202,-2.653339,0.261248,-1.341072,-0.078392,1,0.073167,-0.030253,0.071203,-0.037984,0.070840,-0.040472,0.070840,-0.040472,0,-0.571322,0.070840,0.063870,-0.017984,-0.057984,0.070840
1772480500,707998033,-1.863137,-2.165100,-2.654222,0.263240,-1.341275,-0.079275,1,0.070569,-0.044706,0.070840,-0.040472,0.070023,-0.044074,0.070023,-0.044074,0,-0.629427,0.070023,0.063507,-0.020472,-0.060472,0.070023
1772480500,757991798,-1.865920,-2.167070,-2.656549,0.266646,-1.341107,-0.081602,1,0.069311,-0.033316,0.070023,-0.044074,0.068695,-0.055188,0.068695,-0.055188,0,-0.803382,0.068695,0.062690,-0.024074,-0.064074,0.068695
1772480500,783178477,-1.867598,-2.167544,-2.657245,0.268316,-1.341608,-0.082298,1,0.069651,-0.047027,0.068695,-0.055188,0.067969,-0.054626,0.067969,-0.054626,0,-0.803700,0.067969,0.061362,-0.035188,-0.075188,0.067969
1772480500,808174284,-1.869904,-2.168729,-2.658276,0.270897,-1.341846,-0.083329,1,0.067712,-0.058468,0.067969,-0.054626,0.066916,-0.059573,0.066916,-0.059573,0,-0.890262,0.066916,0.060635,-0.034626,-0.074626,0.066916
1772480500,858314443,-1.871760,-2.169821,-2.659196,0.273051,-1.341921,-0.084249,1,0.066907,-0.055850,0.066916,-0.059573,0.066056,-0.065988,0.066056,-0.065988,0,-0.998978,0.066056,0.059583,-0.039573,-0.079573,0.066056
1772480500,883510215,-1.873232,-2.171682,-2.661509,0.275291,-1.341141,-0.086562,1,0.066931,-0.067949,0.066056,-0.065988,0.065278,-0.079996,0.065278,-0.079996,0,-1.225468,0.065278,0.058722,-0.045988,-0.085988,0.065278
1772480500,908508818,-1.876136,-2.171637,-2.663589,0.277717,-1.342738,-0.088642,1,0.064225,-0.073926,0.065278,-0.079996,0.064105,-0.070199,0.064105,-0.070199,0,-1.095072,0.064105,0.057944,-0.059996,-0.099996,0.064105
1772480500,933632401,-1.875869,-2.172438,-2.665476,0.277922,-1.341919,-0.090530,1,0.064331,-0.072917,0.064105,-0.070199,0.064135,-0.077135,0.064135,-0.077135,0,-1.202693,0.064135,0.056771,-0.050199,-0.090199,0.064135
1772480500,983859754,-1.879002,-2.174405,-2.668663,0.281621,-1.341941,-0.093716,1,0.064229,-0.072916,0.064135,-0.077135,0.062679,-0.087287,0.062679,-0.087287,0,-1.392598,0.062679,0.056802,-0.057135,-0.097135,0.062679
1772480501,8930887,-1.879971,-2.174395,-2.670292,0.282433,-1.342469,-0.095345,1,0.062158,-0.083763,0.062679,-0.087287,0.062286,-0.083774,0.062286,-0.083774,0,-1.344982,0.062286,0.055346,-0.067287,-0.107287,0.062286
1772480501,58974984,-1.883404,-2.176424,-2.674486,0.286419,-1.342600,-0.099540,1,0.062699,-0.078265,0.062286,-0.083774,0.060705,-0.094587,0.060705,-0.094587,0,-1.558128,0.060705,0.054953,-0.063774,-0.103774,0.060705
1772480501,84226341,-1.885182,-2.176516,-2.676237,0.288938,-1.342205,-0.100407,1,0.063012,-0.088755,0.060705,-0.094587,0.059778,-0.107427,0.059778,-0.107427,0,-1.797108,0.059778,0.053372,-0.074587,-0.114587,0.059778
1772480501,109136074,-1.886494,-2.177063,-2.679166,0.296503,-1.334296,-0.097676,1,0.059472,-0.109976,0.059778,-0.107427,0.052445,-0.127427,0.052445,-0.127427,0,-3.672204,0.058133,0.052445,-0.087427,-0.127427,0.058133
1772480501,134270456,-1.887545,-2.178991,-2.681083,0.298417,-1.333222,-0.099592,1,0.052808,-0.130231,0.052445,-0.127427,0.045111,-0.147427,0.045111,-0.147427,0,-3.961868,0.057599,0.045111,-0.107427,-0.147427,0.057599
1772480501,184384678,-1.890750,-2.180299,-2.686376,0.301828,-1.333817,-0.104885,1,0.043725,-0.147971,0.045111,-0.147427,0.040935,-0.167427,0.040935,-0.167427,0,-4.090041,0.052445,0.037778,-0.127427,-0.167427,0.056211
1772480501,209528266,-1.891001,-2.180965,-2.690478,0.302394,-1.333385,-0.108988,1,0.039823,-0.169200,0.040935,-0.167427,0.045362,-0.187427,0.045362,-0.187427,0,-4.131767,0.048269,0.033602,-0.147427,-0.187427,0.056077
1772480501,259539383,-1.891872,-2.181947,-2.698143,0.303654,-1.333016,-0.116652,1,0.045877,-0.187228,0.045362,-0.187427,0.049555,-0.207427,0.049555,-0.207427,0,-4.185811,0.052696,0.038029,-0.167427,-0.207427,0.055674
1772480501,284763616,-1.893223,-2.182440,-2.702456,0.305060,-1.333316,-0.120966,1,0.050433,-0.195684,0.049555,-0.207427,0.053796,-0.227427,0.053796,-0.227427,0,-4.227623,0.055094,0.042222,-0.187427,-0.227427,0.055094
1772480501,309695188,-1.894110,-2.183480,-2.708016,0.306364,-1.332907,-0.126526,1,0.054710,-0.229262,0.053796,-0.227427,0.054686,-0.236665,0.054686,-0.236665,0,-4.327672,0.054686,0.046462,-0.207427,-0.247427,0.054686
1772480501,359919106,-1.896634,-2.185060,-2.719275,0.309342,-1.332908,-0.137785,1,0.054525,-0.249965,0.054686,-0.236665,0.053583,-0.238878,0.053583,-0.238878,0,-4.458062,0.053583,0.047353,-0.216665,-0.256665,0.053583
1772480501,384955960,-1.897362,-2.185014,-2.726868,0.309935,-1.333335,-0.145378,1,0.053727,-0.239631,0.053583,-0.238878,0.053282,-0.230964,0.053282,-0.230964,0,-4.334722,0.053282,0.046250,-0.218878,-0.258878,0.053282
1772480501,410002207,-1.898358,-2.185095,-2.731986,0.310821,-1.333795,-0.150496,1,0.053364,-0.220226,0.053282,-0.230964,0.052866,-0.226423,0.052866,-0.226423,0,-4.282969,0.052866,0.045949,-0.210964,-0.250964,0.052866
1772480501,460093201,-1.902332,-2.185777,-2.740505,0.314550,-1.335329,-0.159014,1,0.053103,-0.231016,0.052866,-0.226423,0.051193,-0.228335,0.051193,-0.228335,0,-4.460241,0.051193,0.045533,-0.206423,-0.246423,0.051193
1772480501,485195245,-1.903407,-2.186459,-2.746772,0.315823,-1.335322,-0.165282,1,0.050337,-0.231869,0.051193,-0.228335,0.050726,-0.229894,0.050726,-0.229894,0,-4.532100,0.050726,0.043860,-0.208335,-0.248335,0.050726
1772480501,510372574,-1.902848,-2.188309,-2.754303,0.316333,-1.333458,-0.172812,1,0.050724,-0.225244,0.050726,-0.229894,0.050909,-0.238236,0.050909,-0.238236,0,-4.679616,0.050909,0.043392,-0.209894,-0.249894,0.050909
1772480501,535349853,-1.904533,-2.188749,-2.758615,0.317994,-1.333980,-0.177125,1,0.050930,-0.241786,0.050909,-0.238236,0.050198,-0.239898,0.050198,-0.239898,0,-4.778988,0.050198,0.043576,-0.218236,-0.258236,0.050198
1772480501,585541258,-1.907988,-2.189693,-2.770487,0.321422,-1.335016,-0.188997,1,0.050150,-0.222796,0.050198,-0.239898,0.050000,-0.248440,0.050000,-0.248440,0,-4.968800,0.050000,0.042865,-0.219898,-0.259898,0.050000
1772480501,610604645,-1.910011,-2.189667,-2.776532,0.323122,-1.336113,-0.195042,1,0.050127,-0.255887,0.050000,-0.248440,0.050000,-0.254498,0.050000,-0.254498,0,-5.089957,0.050000,0.042667,-0.228440,-0.268440,0.050000
1772480501,660618275,-1.911340,-2.191232,-2.788618,0.325080,-1.335493,-0.207128,1,0.049788,-0.242173,0.050000,-0.254498,0.050000,-0.264471,0.050000,-0.264471,0,-5.289411,0.050000,0.042667,-0.234498,-0.274498,0.050000
1772480501,685838148,-1.912547,-2.191277,-2.795175,0.326126,-1.336096,-0.213685,1,0.050584,-0.276022,0.050000,-0.264471,0.050000,-0.265826,0.050000,-0.265826,0,-5.316516,0.050000,0.042667,-0.244471,-0.284471,0.050000
1772480501,710867258,-1.914116,-2.191487,-2.801418,0.327567,-1.336751,-0.219928,1,0.049881,-0.266855,0.050000,-0.265826,0.050000,-0.270728,0.050000,-0.270728,0,-5.414565,0.050000,0.042667,-0.245826,-0.285826,0.050000
1772480501,735817664,-1.914718,-2.192360,-2.807544,0.328541,-1.336331,-0.226054,1,0.050239,-0.288625,0.050000,-0.270728,0.050000,-0.275723,0.050000,-0.275723,0,-5.514451,0.050000,0.042667,-0.250728,-0.290728,0.050000
1772480501,785973780,-1.916436,-2.191914,-2.822028,0.329759,-1.337623,-0.240538,1,0.050541,-0.272467,0.050000,-0.275723,0.050000,-0.263820,0.050000,-0.263820,0,-5.276392,0.050000,0.042667,-0.255723,-0.295723,0.050000
1772480501,811111159,-1.918491,-2.192094,-2.829077,0.331596,-1.338562,-0.247587,1,0.050254,-0.251436,0.050000,-0.263820,0.050000,-0.263586,0.050000,-0.263586,0,-5.271711,0.050000,0.042667,-0.243820,-0.283820,0.050000
1772480501,836099654,-1.919589,-2.192980,-2.835346,0.332997,-1.338394,-0.253856,1,0.050011,-0.251179,0.050000,-0.263586,0.050000,-0.268077,0.050000,-0.268077,0,-5.361541,0.050000,0.042667,-0.243586,-0.283586,0.050000
1772480501,980558073,-0.38400399945726627,-2.993322851144832,-0.6146224888881484,0.3423634257877781,-1.3422732907103834,-0.28645770718582914,1,0.03460435324851379,-0.2986017894736842,0.03533333333333334,-0.29955142105263155,0.03533333333333334,-0.29955142105263155,0.03533333333333334,-0.29955142105263155,0,nan,nan,nan,nan,nan,nan
1772480502,494064,-0.3834312309357601,-2.9937294091365705,-0.6205966122754099,0.34321315859235346,-1.3419481950414105,-0.29301162365863265,1,0.03439066213344781,-0.28940255639097745,0.028000000000000008,-0.31955142105263157,0.028000000000000008,-0.31955142105263157,0.028000000000000008,-0.31955142105263157,0,nan,nan,nan,nan,nan,nan
1772480502,20568177,-0.38298934273768176,-2.99404539797586,-0.6268705858971835,0.3436473915683864,-1.3418874661715177,-0.3003277291042595,1,0.027955188252553435,-0.31489926315789474,0.028000000000000008,-0.31955142105263157,0.028000000000000008,-0.31955142105263157,0.028000000000000008,-0.31955142105263157,0,nan,nan,nan,nan,nan,nan
1772480502,40587544,-0.3826069026758112,-2.9943274090393466,-0.6334093005098289,0.34504647191077753,-1.3426312659009656,-0.30787683464614346,1,0.019358256875927324,-0.32708374436090226,0.020666666666666673,-0.3395514210526316,0.020666666666666673,-0.3395514210526316,0.020666666666666673,-0.3395514210526316,0,nan,nan,nan,nan,nan,nan
1772480502,60092231,-0.3822793363254954,-2.9945645339585303,-0.6400629367687323,0.34504647191077753,-1.3426312659009656,-0.30787683464614346,1,0.019996553325382728,-0.3353545714285714,0.01333333333333334,-0.3595514210526316,0.01333333333333334,-0.3595514210526316,0.01333333333333334,-0.3595514210526316,0,nan,nan,nan,nan,nan,nan
1772480502,80743761,-0.38202092017461664,-2.994759095362398,-0.6470953472049707,0.34511749788106094,-1.3429346780557396,-0.3163702101640805,1,0.011730782835920502,-0.3472041353383459,0.01333333333333334,-0.3595514210526316,0.01333333333333334,-0.3595514210526316,0.01333333333333334,-0.3595514210526316,0,nan,nan,nan,nan,nan,nan
1772480502,100919187,-0.38181029310383274,-2.994921230069436,-0.6543970624815252,0.3458132035333761,-1.3427088164288628,-0.3242147129575136,1,0.013277105685428496,-0.3842392706766917,0.006000000000000006,-0.3795514210526316,0.006000000000000006,-0.3795514210526316,0.006000000000000006,-0.3795514210526316,0,nan,nan,nan,nan,nan,nan
1772480502,120437585,-0.3817277955527832,-2.9949894094063496,-0.6616993102150454,0.34654471650084107,-1.3429642389075864,-0.33370239247561434,1,0.005906824211385033,-0.37340684210526315,0.006000000000000006,-0.3795514210526316,0.006000000000000006,-0.3795514210526316,0.006000000000000006,-0.3795514210526316,0,nan,nan,nan,nan,nan,nan
1772480502,140807249,-0.3816780842430597,-2.995022469098514,-0.6695212682482357,0.3467655252620401,-1.3435048287218865,-0.3430275897174543,1,-0.00012751691848446426,-0.3768588120300752,0.0,-0.39955142105263164,0.0,-0.39955142105263164,0.0,-0.39955142105263164,0,nan,nan,nan,nan,nan,nan
1772480502,160592602,-0.381673864306823,-2.9950183002792365,-0.6775231258485412,0.3467655252620401,-1.3435048287218865,-0.3430275897174543,1,-4.42904485750524e-05,-0.3925351879699248,0.0,-0.41955142105263166,0.0,-0.41955142105263166,0.0,-0.41955142105263166,0,nan,nan,nan,nan,nan,nan
1772480502,180554522,-0.38167320297817353,-2.995014417877133,-0.6857933998953918,0.34715826655091764,-1.3434537187045903,-0.3529041998968141,1,-9.258554598127015e-05,-0.4225875864661654,0.0,-0.41955142105263166,0.0,-0.41955142105263166,0.0,-0.41955142105263166,0,nan,nan,nan,nan,nan,nan
1772480502,200722660,-0.3816715098009608,-2.9950109269743668,-0.6942401526073247,0.34656461673674865,-1.343305246091674,-0.3627376519726124,1,-8.422146824991125e-05,-0.4289277744360902,0.0,-0.4395514210526317,0.0,-0.4395514210526317,0.0,-0.4395514210526317,0,nan,nan,nan,nan,nan,nan
1772480502,220492253,-0.3816704196203304,-2.9950075746666394,-0.7028792666327952,0.3470127742145457,-1.3425761503399254,-0.37341835311810634,1,-4.5529139502698785e-05,-0.4484497819548872,0.0,-0.4395514210526317,0.0,-0.4395514210526317,0.0,-0.4395514210526317,0,nan,nan,nan,nan,nan,nan
1772480502,240631990,-0.38166883116708916,-2.9950061759113042,-0.7118678116142867,0.3459323459084369,-1.3426739566732553,-0.3840863122817713,1,3.523507926059977e-05,-0.446957969924812,0.0,-0.4595514210526317,0.0,-0.4595514210526317,0.0,-0.4595514210526317,0,nan,nan,nan,nan,nan,nan
1772480502,260865379,-0.3816698134463088,-2.995003375666771,-0.7211571071178362,0.3459323459084369,-1.3426739566732553,-0.3840863122817713,1,-0.00012985427304868313,-0.4748477819548872,0.0,-0.4795514210526317,0.0,-0.4795514210526317,0.0,-0.4795514210526317,0,nan,nan,nan,nan,nan,nan
1772480502,280585952,-0.3816687980546568,-2.9950017605333925,-0.7306069499996575,0.34651345441236403,-1.3413464167645421,-0.39552317438921164,1,5.58642314555525e-05,-0.47515996240601505,0.0,-0.4795514210526317,0.0,-0.4795514210526317,0.0,-0.4795514210526317,0,nan,nan,nan,nan,nan,nan
1772480502,300496786,-0.38166636276245747,-2.9950007225614397,-0.7402023972500906,0.3471619215596613,-1.3427670048641822,-0.4066866573524795,1,3.5513415496937444e-05,-0.4774863909774436,0.0,-0.49955142105263173,0.0,-0.49955142105263173,0.0,-0.49955142105263173,0,nan,nan,nan,nan,nan,nan
1772480502,320545276,-0.3816638041025494,-2.9949996510959034,-0.7502061144654882,0.34740779785347886,-1.3430741903066403,-0.4186428489767012,1,7.07814715399841e-05,-0.4927585789473684,0.0,-0.49955142105263173,0.0,-0.49955142105263173,0.0,-0.49955142105263173,0,nan,nan,nan,nan,nan,nan
1772480502,340576879,-0.3816618117480108,-2.9949987395606406,-0.7603592358651845,0.3474198962662176,-1.3424730907894498,-0.42830832972966376,1,1.384560271202581e-05,-0.5101965563909775,0.0,-0.5195514210526317,0.0,-0.5195514210526317,0.0,-0.5195514210526317,0,nan,nan,nan,nan,nan,nan
1772480502,360407317,-0.3816592637688357,-2.9949976700653735,-0.7707090091573328,0.3474198962662176,-1.3424730907894498,-0.42830832972966376,1,1.4287797145980051e-05,-0.5198506766917294,0.0,-0.5395514210526318,0.0,-0.5395514210526318,0.0,-0.5395514210526318,0,nan,nan,nan,nan,nan,nan
1772480502,380744760,-0.3816575254151512,-2.994996830210141,-0.7816066572481368,0.3474070285406903,-1.3425143792737124,-0.4412389081019338,1,6.932726232976625e-05,-0.5432359323308271,0.0,-0.5395514210526318,0.0,-0.5395514210526318,0.0,-0.5395514210526318,0,nan,nan,nan,nan,nan,nan
1772480502,400579190,-0.3816561418978994,-2.9949960916206475,-0.7924654469442379,0.34768126419207857,-1.3432672485838246,-0.4541530309105978,1,1.4992122285331019e-05,-0.5417969172932331,0.0,-0.5595514210526318,0.0,-0.5595514210526318,0.0,-0.5595514210526318,0,nan,nan,nan,nan,nan,nan
1772480502,420732527,-0.38165634626486644,-2.994994819398107,-0.8037766081962907,0.3485059577185887,-1.3429258810349578,-0.4679254089499208,1,-9.776356733427398e-05,-0.5527704285714286,0.0,-0.5595514210526318,0.0,-0.5595514210526318,0.0,-0.5595514210526318,0,nan,nan,nan,nan,nan,nan
1772480502,440576495,-0.3816560830074093,-2.994994398542797,-0.8150921424659892,0.3485059577185887,-1.3429258810349578,-0.4679254089499208,1,-8.426738723774321e-06,-0.5846316090225564,0.0,-0.5795514210526318,0.0,-0.5795514210526318,0.0,-0.5795514210526318,0,nan,nan,nan,nan,nan,nan
1772480502,460767326,-0.3816559092542685,-2.994994003513208,-0.8267742192512237,0.3480039277302085,-1.342541661242532,-0.48198497596952783,1,-8.658612539221111e-06,-0.5729976090225564,0.0,-0.5995514210526318,0.0,-0.5995514210526318,0.0,-0.5995514210526318,0,nan,nan,nan,nan,nan,nan
1772480502,480491040,-0.381655734644715,-2.994993606532319,-0.8386562766640574,0.3487136729056366,-1.342258748824694,-0.4963073178850357,1,-8.893241616213447e-06,-0.6012506090225563,0.0,-0.5995514210526318,0.0,-0.5995514210526318,0.0,-0.5995514210526318,0,nan,nan,nan,nan,nan,nan
1772480502,500714902,-0.38165392517630625,-2.9949927467621684,-0.8507694992498678,0.34883003928976386,-1.3431840848062646,-0.5112819309603239,1,3.0315269267143678e-05,-0.6098698270676691,0.0,-0.6,0.0,-0.6,0.0,-0.6,0,nan,nan,nan,nan,nan,nan
1772480502,520601110,-0.38165331737724595,-2.994992228781022,-0.8627219642791779,0.3488809735049063,-1.3434483189180115,-0.5262214784747534,1,9.746454012116088e-06,-0.6030487969924812,0.0,-0.6,0.0,-0.6,0.0,-0.6,0,nan,nan,nan,nan,nan,nan
1772480502,540509736,-0.381652647839025,-2.994991692670526,-0.8747680524975189,0.3488809735049063,-1.3434483189180115,-0.5262214784747534,1,-1.3572171853180691e-05,-0.6015581503759398,0.0,-0.6,0.0,-0.6,0.0,-0.6,0,nan,nan,nan,nan,nan,nan
1772480502,560447353,-0.38165152999740715,-2.994991029040417,-0.8867274388411381,0.3485226864435269,-1.3422071583482913,-0.5415908167684981,1,3.4025141915481984e-07,-0.5990698872180451,0.0,-0.6,0.0,-0.6,0.0,-0.6,0,nan,nan,nan,nan,nan,nan
1772480502,580450541,-0.38165135578073267,-2.9949906329089244,-0.8987665047602499,0.3472456347505104,-1.3412821816865703,-0.5571069581735894,1,-1.006067064895565e-05,-0.6056386090225564,0.0,-0.6,0.0,-0.6,0.0,-0.6,0,nan,nan,nan,nan,nan,nan
1772480502,600459590,-0.38165118202860215,-2.9949902378294935,-0.9107215811344425,0.34711164906752057,-1.3416287047653754,-0.572334366603001,1,-1.028857009749836e-05,-0.5974176090225564,0.0,-0.6,0.0,-0.6,0.0,-0.6,0,nan,nan,nan,nan,nan,nan
1772480502,620349093,-0.3816510082357393,-2.994989842653237,-0.9227506565537915,0.3469049344398112,-1.341745444921815,-0.5879679835603989,1,-1.0516394561167817e-05,-0.6042246090225564,0.0,-0.6,0.0,-0.6,0.0,-0.6,0,nan,nan,nan,nan,nan,nan
1772480502,640856788,-0.3816508343270741,-2.9949894472094525,-0.9350297293230377,0.347753246014042,-1.3418424957000918,-0.6025663782995377,1,-1.0747381651892809e-05,-0.6077016090225564,0.0,-0.6,0.0,-0.6,0.0,-0.6,0,nan,nan,nan,nan,nan,nan
1772480502,660411495,-0.3816506601850476,-2.994989051230814,-0.9469217967873256,0.347753246014042,-1.3418424957000918,-0.6025663782995377,1,-1.0969545755022898e-05,-0.6090526090225564,0.0,-0.6,0.0,-0.6,0.0,-0.6,0,nan,nan,nan,nan,nan,nan
1772480502,680553656,-0.38165048593832407,-2.9949886550098777,-0.959023861852149,0.3470132952624465,-1.3414757699143598,-0.6175026273470959,1,-1.1194037848639543e-05,-0.6046856090225564,0.0,-0.6,0.0,-0.6,0.0,-0.6,0,nan,nan,nan,nan,nan,nan
1772480502,700929658,-0.38165031245324876,-2.9949882605166556,-0.9712819440819267,0.3467690886293582,-1.3408372333641996,-0.6322862528227928,1,-1.1419750271589497e-05,-0.5945176090225563,0.0,-0.6,0.0,-0.6,0.0,-0.6,0,nan,nan,nan,nan,nan,nan
1772480502,720557850,-0.381650138407575,-2.994987864744456,-0.9830700136167998,0.3474242936244134,-1.3418865002907987,-0.6482867505939028,1,-1.1635192033428082e-05,-0.5946216090225563,0.0,-0.6,0.0,-0.6,0.0,-0.6,0,nan,nan,nan,nan,nan,nan
1772480502,740479708,-0.38164884875607197,-2.9949871524617184,-0.9950813666280176,0.3474242936244134,-1.3418865002907987,-0.6482867505939028,1,-5.084425387988724e-07,-0.5944194511278196,0.0,-0.6,0.0,-0.6,0.0,-0.6,0,nan,nan,nan,nan,nan,nan
1772480502,760524801,-0.38164867485043696,-2.9949867569923185,-1.0071204391951945,0.3472922001336296,-1.3418091944104709,-0.6630184854911447,1,-1.2069811564721312e-05,-0.6028106090225563,0.0,-0.6,0.0,-0.6,0.0,-0.6,0,nan,nan,nan,nan,nan,nan
1772480502,780526795,-0.3816485007757997,-2.9949863611343783,-1.0191905079105545,0.3500143337374024,-1.338931785589709,-0.6752813955036433,1,-1.2285253264175131e-05,-0.6142146090225564,0.0,-0.6,0.0,-0.6,0.0,-0.6,0,nan,nan,nan,nan,nan,nan
1772480502,800867424,-0.381648326739806,-2.9949859653600943,-1.0314485774634825,0.35030271533359825,-1.3389011888979419,-0.6907597982360485,1,-1.2502216377774412e-05,-0.6008636090225564,0.0,-0.6,0.0,-0.6,0.0,-0.6,0,nan,nan,nan,nan,nan,nan
1772480502,820534661,-0.3816481531064989,-2.9949855704973505,-1.0432466560757128,0.3505085650003217,-1.33954253360347,-0.7065277974588222,1,-1.2709265347681456e-05,-0.5993346090225564,0.0,-0.6,0.0,-0.6,0.0,-0.6,0,nan,nan,nan,nan,nan,nan
1772480502,840574270,-0.38164797928336447,-2.994985175198708,-1.0552857303658136,0.3505085650003217,-1.33954253360347,-0.7065277974588222,1,-1.2918717302901207e-05,-0.5931976090225564,0.0,-0.6,0.0,-0.6,0.0,-0.6,0,nan,nan,nan,nan,nan,nan
1772480502,860492320,-0.3816478053541547,-2.9949847796546196,-1.067324802225176,0.3499373418496088,-1.3400332003855024,-0.7211926359731853,1,-1.3126295629471504e-05,-0.6028106090225563,0.0,-0.6,0.0,-0.6,0.0,-0.6,0,nan,nan,nan,nan,nan,nan
1772480502,880490217,-0.3816476313955677,-2.9949843840395047,-1.0793428733859578,0.350905624661066,-1.3396838116375984,-0.7364402666799386,1,-1.3331613250740714e-05,-0.5974496090225564,0.0,-0.6,0.0,-0.6,0.0,-0.6,0,nan,nan,nan,nan,nan,nan
1772480502,900478641,-0.38164745757713375,-2.9949839887389116,-1.0912769476770343,0.35147129613295824,-1.3401945497750178,-0.7512212842219703,1,-1.3533589719091438e-05,-0.5933026090225564,0.0,-0.6,0.0,-0.6,0.0,-0.6,0,nan,nan,nan,nan,nan,nan
1772480502,920586966,-0.38164675843215257,-2.994983443562677,-1.1034068524458753,0.34977202740069213,-1.3398022085597612,-0.7661262287634077,1,-3.4202731101429548e-06,-0.5978771203007518,0.0,-0.6,0.0,-0.6,0.0,-0.6,0,nan,nan,nan,nan,nan,nan
1772480502,940416231,-0.3816465845489217,-2.9949830481028927,-1.1153719251750438,0.34977202740069213,-1.3398022085597612,-0.7661262287634077,1,-1.3935525010414308e-05,-0.5988526090225564,0.0,-0.6,0.0,-0.6,0.0,-0.6,0,nan,nan,nan,nan,nan,nan
1772480502,960546485,-0.3816464108740596,-2.9949826531127903,-1.1274840025753472,0.35128981038486984,-1.3383151084727698,-0.7817317314945798,1,-1.4134499771875411e-05,-0.5994706090225563,0.0,-0.6,0.0,-0.6,0.0,-0.6,0,nan,nan,nan,nan,nan,nan
1772480502,980567145,-0.3816462369798116,-2.9949822576195237,-1.139513074985576,0.35428499687636705,-1.3341646079217502,-0.7945566798300324,1,-1.4330057921939802e-05,-0.6024446090225564,0.0,-0.6,0.0,-0.6,0.0,-0.6,0,nan,nan,nan,nan,nan,nan
1772480503,893338,-0.38164606302545123,-2.994981861985324,-1.151604146003013,0.3540423325398261,-1.3342869821358183,-0.8105225029546127,1,-1.4524532704237611e-05,-0.5922766090225564,0.0,-0.6,0.0,-0.6,0.0,-0.6,0,nan,nan,nan,nan,nan,nan
1772480503,20671605,-0.3816458889313684,-2.994981466029121,-1.163559213829462,0.3543151550147545,-1.3344003462469267,-0.8250493076652303,1,-1.4714731803604982e-05,-0.5862126090225563,0.0,-0.6,0.0,-0.6,0.0,-0.6,0,nan,nan,nan,nan,nan,nan
1772480503,40927867,-0.38164571519587454,-2.9949810708842737,-1.1758072897201153,0.35410129091564446,-1.335319768007563,-0.8396629688572457,1,-1.490740821124421e-05,-0.6375676090225564,0.0,-0.6,0.0,-0.6,0.0,-0.6,0,nan,nan,nan,nan,nan,nan
1772480503,60714987,-0.38164554129143363,-2.994980675350958,-1.187741361759766,0.35410129091564446,-1.335319768007563,-0.8396629688572457,1,-1.509299439780822e-05,-0.6031666090225564,0.0,-0.6,0.0,-0.6,0.0,-0.6,0,nan,nan,nan,nan,nan,nan
1772480503,80542919,-0.3816453669316172,-2.994980278777689,-1.1997064234786488,0.3551692606694683,-1.333481537753003,-0.8560785010258127,1,-1.527690313167586e-05,-0.6062776090225563,0.0,-0.6,0.0,-0.6,0.0,-0.6,0,nan,nan,nan,nan,nan,nan
1772480503,100562907,-0.38164519344726927,-2.9949798841914252,-1.2117455049368182,0.35476641072415127,-1.333496979855901,-0.8707961346825313,1,-1.5459740018005447e-05,-0.6063716090225564,0.0,-0.6,0.0,-0.6,0.0,-0.6,0,nan,nan,nan,nan,nan,nan
1772480503,120853354,-0.3816450194817932,-2.9949794885066323,-1.2239945754925152,0.35502718379174514,-1.3342408464842208,-0.8852703327619904,1,-1.564346382276677e-05,-0.5998366090225564,0.0,-0.6,0.0,-0.6,0.0,-0.6,0,nan,nan,nan,nan,nan,nan
1772480503,140414254,-0.3816448455234624,-2.994979092833871,-1.235718646174508,0.3534641207746172,-1.332928745121425,-0.897337740150981,1,-1.581711621544932e-05,-0.6004756090225564,0.0,-0.6,0.0,-0.6,0.0,-0.6,0,nan,nan,nan,nan,nan,nan
1772480503,160412423,-0.38164467174927086,-2.9949786975757267,-1.247746720980718,0.3534641207746172,-1.332928745121425,-0.897337740150981,1,-1.599300874212472e-05,-0.5942026090225564,0.0,-0.6,0.0,-0.6,0.0,-0.6,0,nan,nan,nan,nan,nan,nan
1772480503,180742180,-0.38164449786881965,-2.9949783020716745,-1.2599537933516736,0.3541698611878865,-1.3325325241535033,-0.9123967797702243,1,-1.6169150706346427e-05,-0.6109166090225564,0.0,-0.6,0.0,-0.6,0.0,-0.6,0,nan,nan,nan,nan,nan,nan
1772480503,200572361,-0.38164432370378354,-2.9949779059160857,-1.271908859259202,0.35340149847228464,-1.332583301226241,-0.9277699453175807,1,-1.6339320969581738e-05,-0.5979206090225564,0.0,-0.6,0.0,-0.6,0.0,-0.6,0,nan,nan,nan,nan,nan,nan
1772480503,220490478,-0.38164415018123676,-2.9949775112176957,-1.283978939644488,0.3538669931909313,-1.3333276378604046,-0.9431304945111157,1,-1.650875694542805e-05,-0.6054916090225564,0.0,-0.6,0.0,-0.6,0.0,-0.6,0,nan,nan,nan,nan,nan,nan
1772480503,240405787,-0.3816439761420287,-2.994977115339878,-1.2959020083240382,0.3538669931909313,-1.3333276378604046,-0.9431304945111157,1,-1.667376727990254e-05,-0.5882236090225564,0.0,-0.6,0.0,-0.6,0.0,-0.6,0,nan,nan,nan,nan,nan,nan
1772480503,260638714,-0.38164380246139146,-2.9949767202734714,-1.3080350850682014,0.35473763125364943,-1.3319729459804703,-0.9586973387300072,1,-1.6839247948459052e-05,-0.6061406090225564,0.0,-0.6,0.0,-0.6,0.0,-0.6,0,nan,nan,nan,nan,nan,nan
1772480503,280451240,-0.3816436285765522,-2.9949763247383574,-1.3199801571646113,0.35656034189444874,-1.3348802368860744,-0.9789341186569459,1,-1.6999742303617548e-05,-0.5965066090225564,0.0,-0.6,0.0,-0.6,0.0,-0.6,0,nan,nan,nan,nan,nan,nan
1772480503,300716710,-0.3816434546910673,-2.994975929197558,-1.3321762292113029,0.3570395768427832,-1.3350103122049082,-0.994420602515119,1,-1.716110364668218e-05,-0.6085386090225564,0.0,-0.6,0.0,-0.6,0.0,-0.6,0,nan,nan,nan,nan,nan,nan
1772480503,320331143,-0.3816423069534577,-2.9949752565942154,-1.343978432641155,0.35728185748240593,-1.334283479557445,-1.0097615759141862,1,-1.736552869255501e-05,-0.6056007443609023,0.0,-0.6,0.0,-0.6,0.0,-0.6,0,nan,nan,nan,nan,nan,nan
1772480503,340490581,-0.38164165775959824,-2.9949747262437243,-1.3560986438782727,0.35728185748240593,-1.334283479557445,-1.0097615759141862,1,-1.7470283740459327e-05,-0.6008316090225564,0.0,-0.6,0.0,-0.6,0.0,-0.6,0,nan,nan,nan,nan,nan,nan
1772480503,360309552,-0.38164076755265086,-2.9949741269350527,-1.368091399548195,0.3573188414102768,-1.3344174174508894,-1.0249354354997446,1,-2.3141041788064414e-05,-0.608181030075188,0.0,-0.6,0.0,-0.6,0.0,-0.6,0,nan,nan,nan,nan,nan,nan
1772480503,380406409,-0.3816405938673773,-2.9949737318188387,-1.380172475860878,0.3574122877294146,-1.3332569680564892,-1.040010944156195,1,-1.7771258311239914e-05,-0.6053656090225564,0.0,-0.6,0.0,-0.6,0.0,-0.6,0,nan,nan,nan,nan,nan,nan
1772480503,400412726,-0.3816404198994457,-2.9949733360553883,-1.3922215457530067,0.35637356233670703,-1.3285437869311485,-1.055777812707266,1,-1.7918010992588293e-05,-0.6010936090225564,0.0,-0.6,0.0,-0.6,0.0,-0.6,0,nan,nan,nan,nan,nan,nan
1772480503,420401978,-0.38164024589547046,-2.9949729402057175,-1.4041656147957333,0.35620772620123375,-1.3282478296787459,-1.070036413257472,1,-1.8060916206023884e-05,-0.6028636090225564,0.0,-0.6,0.0,-0.6,0.0,-0.6,0,nan,nan,nan,nan,nan,nan
1772480503,440752642,-0.38164007216339946,-2.9949725449704,-1.416434689946005,0.357196288102239,-1.3283568523724063,-1.0860873048795576,1,-1.8205024022367797e-05,-0.6073456090225564,0.0,-0.6,0.0,-0.6,0.0,-0.6,0,nan,nan,nan,nan,nan,nan
1772480503,460404902,-0.3816387866148435,-2.994971832714954,-1.4282370595515097,0.357196288102239,-1.3283568523724063,-1.0860873048795576,1,-3.375102354522168e-05,-0.6070659924812031,0.0,-0.6,0.0,-0.6,0.0,-0.6,0,nan,nan,nan,nan,nan,nan
1772480503,480422089,-0.3816384008969015,-2.9949713769780626,-1.4403368557152483,0.3562305807224142,-1.328049545295504,-1.1003506345321301,1,-1.8477967228625364e-05,-0.6018366090225564,0.0,-0.5821828127690426,0.0,-0.5821828127690426,0.0,-0.5821828127690426,0,nan,nan,nan,nan,nan,nan
1772480503,500420462,-0.38163822708558287,-2.9949709815412486,-1.4520829288986654,0.3539302214236226,-1.3228123896924908,-1.1105840877572797,1,-1.8608191404018027e-05,-0.5812496090225564,0.0,-0.5821828127690426,0.0,-0.5821828127690426,0.0,-0.5821828127690426,0,nan,nan,nan,nan,nan,nan
1772480503,520421621,-0.38163805349708724,-2.9949705866071703,-1.4637450070812186,0.3539872252837113,-1.3235438641418997,-1.1264132949772128,1,-1.8734943076446736e-05,-0.5840556090225564,0.0,-0.5821828127690426,0.0,-0.5821828127690426,0.0,-0.5821828127690426,0,nan,nan,nan,nan,nan,nan
1772480503,540433352,-0.38163787920574543,-2.9949701900698043,-1.4754170693494082,0.3539872252837113,-1.3235438641418997,-1.1264132949772128,1,-1.8859250401609234e-05,-0.5738666090225564,0.0,-0.5821828127690426,0.0,-0.5821828127690426,0.0,-0.5821828127690426,0,nan,nan,nan,nan,nan,nan
1772480503,560362497,-0.38163686067581853,-2.9949695556518163,-1.4870110636879763,0.3525780550249844,-1.3237044233969968,-1.140560713451014,1,-1.898023360263184e-05,-0.5825376090225564,0.0,-0.5821828127690426,0.0,-0.5821828127690426,0.0,-0.5821828127690426,0,nan,nan,nan,nan,nan,nan
