sec,nsec,x,y,yaw,map_x,map_y,map_yaw,map_pose_valid,v_real,w_real,v_now,w_now,v_cmd,w_cmd,v_nav,w_nav,velocity_violation,curvature,dw_v_max,dw_v_min,dw_w_max,dw_w_min,v_reg
1772480030,624308968,0.118603,-1.879284,2.478023,-1.445494,-0.485899,-1.299116,1,0.000000,-0.001623,0.000000,0.000000,0.007333,0.000495,0.007333,0.000495,0,0.067495,0.007333,0.000000,0.020000,-0.020000,0.220000
1772480030,674311690,0.119405,-1.879601,2.477963,-1.445951,-0.485168,-1.299176,1,0.000000,-0.001811,0.007333,0.000495,0.014667,0.001599,0.014667,0.001599,0,0.109029,0.014667,0.000000,0.020495,-0.019505,0.220000
1772480030,699289587,0.118300,-1.878603,2.478305,-1.445654,-0.486627,-1.298834,1,0.007013,-0.009742,0.014667,0.001599,0.022000,0.002643,0.022000,0.002643,0,0.120158,0.022000,0.007333,0.021599,-0.018401,0.220000
1772480030,724342728,0.117531,-1.879684,2.476458,-1.444393,-0.486213,-1.300681,1,0.022587,0.042496,0.022000,0.002643,0.029333,-0.001917,0.029333,-0.001917,0,-0.065342,0.029333,0.014667,0.022643,-0.017357,0.220000
1772480030,774363866,0.117741,-1.879149,2.475875,-1.444880,-0.486518,-1.301263,1,0.022064,0.006093,0.029333,-0.001917,0.036667,0.001330,0.036667,0.001330,0,0.036269,0.036667,0.022000,0.018083,-0.021917,0.220000
1772480030,799359932,0.117414,-1.878845,2.475491,-1.444798,-0.486958,-1.301648,1,0.037467,0.036190,0.036667,0.001330,0.044000,0.002183,0.044000,0.002183,0,0.049615,0.044000,0.029333,0.021330,-0.018670,0.220000
1772480030,824412994,0.116839,-1.877052,2.476306,-1.445398,-0.488742,-1.300833,1,0.045243,0.040372,0.044000,0.002183,0.051333,0.010754,0.051333,0.010754,0,0.209487,0.051333,0.036667,0.022183,-0.017817,0.220000
1772480030,874422655,0.115151,-1.876942,2.476494,-1.444106,-0.489832,-1.300644,1,0.044129,0.000000,0.051333,0.010754,0.058667,0.002851,0.058667,0.002851,0,0.048602,0.058667,0.044000,0.030754,-0.009246,0.220000
1772480030,899454024,0.115063,-1.876334,2.476026,-1.444396,-0.490374,-1.301112,1,0.060480,0.045484,0.058667,0.002851,0.066000,0.008397,0.066000,0.008397,0,0.127227,0.066000,0.051333,0.022851,-0.017149,0.220000
1772480030,924490977,0.113976,-1.875386,2.476429,-1.444084,-0.491782,-1.300710,1,0.067466,0.018814,0.066000,0.008397,0.073333,0.009722,0.073333,0.009722,0,0.132579,0.073333,0.058667,0.028397,-0.011603,0.220000
1772480030,974524791,0.111399,-1.873471,2.477464,-1.443147,-0.494853,-1.299674,1,0.066256,-0.003506,0.073333,0.009722,0.080667,0.008115,0.080667,0.008115,0,0.100598,0.080667,0.066000,0.029722,-0.010278,0.220000
1772480030,999456815,0.109223,-1.871716,2.476547,-1.442437,-0.497557,-1.300592,1,0.081820,0.034776,0.080667,0.008115,0.088000,0.008936,0.088000,0.008936,0,0.101550,0.088000,0.073333,0.028115,-0.011885,0.220000
1772480031,24539902,0.108816,-1.870939,2.476378,-1.442571,-0.498424,-1.300760,1,0.088028,0.012470,0.088000,0.008936,0.095333,0.012672,0.095333,0.012672,0,0.132922,0.095333,0.080667,0.028936,-0.011064,0.220000
1772480031,74458774,0.105694,-1.868319,2.476974,-1.441614,-0.502385,-1.300165,1,0.087911,-0.005421,0.095333,0.012672,0.102667,0.014402,0.102667,0.014402,0,0.140280,0.102667,0.088000,0.032672,-0.007328,0.220000
1772480031,99553488,0.103004,-1.867601,2.476733,-1.439876,-0.504560,-1.300405,1,0.104907,0.028684,0.102667,0.014402,0.110000,0.001636,0.110000,0.001636,0,0.014876,0.110000,0.095333,0.034402,-0.005598,0.220000
1772480031,124551711,0.100717,-1.864353,2.478157,-1.439963,-0.508531,-1.298982,1,0.109805,0.010278,0.110000,0.001636,0.117333,0.009557,0.117333,0.009557,0,0.081448,0.117333,0.102667,0.021636,-0.018364,0.220000
1772480031,174525394,0.096723,-1.861097,2.477867,-1.438681,-0.513523,-1.299272,1,0.109960,-0.004830,0.117333,0.009557,0.124667,0.011508,0.124667,0.011508,0,0.092308,0.124667,0.110000,0.029557,-0.010443,0.220000
1772480031,199607841,0.093650,-1.861340,2.476990,-1.436064,-0.515151,-1.300149,1,0.126823,0.037495,0.124667,0.011508,0.132000,-0.004868,0.132000,-0.004868,0,-0.036878,0.132000,0.117333,0.031508,-0.008492,0.220000
1772480031,224626733,0.090923,-1.858807,2.477119,-1.435374,-0.518809,-1.300019,1,0.132100,-0.019091,0.132000,-0.004868,0.139333,-0.002643,0.139333,-0.002643,0,-0.018972,0.139333,0.124667,0.015132,-0.024868,0.220000
1772480031,274621499,0.086210,-1.853352,2.478213,-1.434820,-0.525996,-1.298926,1,0.131881,0.000000,0.139333,-0.002643,0.146667,0.006020,0.146667,0.006020,0,0.041045,0.146667,0.132000,0.017357,-0.022643,0.220000
1772480031,299690258,0.084158,-1.851829,2.477710,-1.434072,-0.528440,-1.299429,1,0.148819,0.025644,0.146667,0.006020,0.154000,0.005171,0.154000,0.005171,0,0.033580,0.154000,0.139333,0.026020,-0.013980,0.220000
1772480031,324626839,0.079632,-1.849952,2.477674,-1.431544,-0.532637,-1.299464,1,0.146300,-0.002999,0.154000,0.005171,0.161333,-0.003126,0.161333,-0.003126,0,-0.019375,0.161333,0.146667,0.025171,-0.014829,0.220000
1772480031,374664326,0.074137,-1.845373,2.477514,-1.429840,-0.539584,-1.299625,1,0.146895,-0.007012,0.161333,-0.003126,0.168667,-0.001462,0.168667,-0.001462,0,-0.008667,0.168667,0.154000,0.016874,-0.023126,0.220000
1772480031,399703925,0.070910,-1.842850,2.477482,-1.428741,-0.543530,-1.299657,1,0.166650,0.027456,0.168667,-0.001462,0.176000,-0.001123,0.176000,-0.001123,0,-0.006381,0.176000,0.161333,0.018538,-0.021462,0.220000
1772480031,424698114,0.068748,-1.840914,2.477108,-1.428150,-0.546371,-1.300031,1,0.168941,-0.019278,0.176000,-0.001123,0.183333,0.000504,0.183333,0.000504,0,0.002751,0.183333,0.168667,0.018877,-0.021123,0.220000
1772480031,474704140,0.061003,-1.835695,2.477468,-1.425015,-0.555169,-1.299671,1,0.181071,0.030230,0.183333,0.000504,0.190667,-0.003418,0.190667,-0.003418,0,-0.017927,0.190667,0.176000,0.020504,-0.019496,0.220000
1772480031,499706442,0.057325,-1.833534,2.477671,-1.423339,-0.559091,-1.299468,1,0.188562,0.037121,0.190667,-0.003418,0.198000,-0.006338,0.198000,-0.006338,0,-0.032011,0.198000,0.183333,0.016582,-0.023418,0.220000
1772480031,524786383,0.053383,-1.831159,2.477193,-1.421575,-0.563342,-1.299945,1,0.189953,-0.058820,0.198000,-0.006338,0.205333,-0.008618,0.205333,-0.008618,0,-0.041970,0.205333,0.190667,0.013662,-0.026338,0.220000
1772480031,574735547,0.045766,-1.823894,2.477395,-1.419758,-0.573711,-1.299744,1,0.200700,-0.040342,0.205333,-0.008618,0.212667,-0.003418,0.212667,-0.003418,0,-0.016070,0.212667,0.198000,0.011382,-0.028618,0.220000
1772480031,599788171,0.043391,-1.819615,2.477779,-1.420387,-0.578564,-1.299360,1,0.206383,-0.054904,0.212667,-0.003418,0.220000,0.004874,0.220000,0.004874,0,0.022155,0.220000,0.205333,0.016582,-0.023418,0.220000
1772480031,624801146,0.039286,-1.817653,2.476935,-1.418248,-0.582579,-1.300203,1,0.210733,-0.020014,0.220000,0.004874,0.220000,0.001512,0.220000,0.001512,0,0.006871,0.220000,0.212667,0.024874,-0.015126,0.220000
1772480031,674815192,0.031245,-1.810789,2.475922,-1.415852,-0.592877,-1.301217,1,0.218964,-0.012439,0.220000,0.001512,0.220000,0.004635,0.220000,0.004635,0,0.021070,0.220000,0.212667,0.021512,-0.018488,0.220000
1772480031,699912135,0.027955,-1.807541,2.475958,-1.415132,-0.597444,-1.301181,1,0.219557,0.004318,0.220000,0.004635,0.220000,0.006721,0.220000,0.006721,0,0.030551,0.220000,0.212667,0.024635,-0.015365,0.220000
1772480031,724847583,0.022423,-1.803871,2.476271,-1.412859,-0.603681,-1.300867,1,0.219909,-0.004777,0.220000,0.006721,0.220000,0.004190,0.220000,0.004190,0,0.019047,0.220000,0.212667,0.026721,-0.013279,0.220000
1772480031,774823326,0.013051,-1.797357,2.476526,-1.409184,-0.614487,-1.300612,1,0.220353,0.011776,0.220000,0.004190,0.220000,0.001242,0.220000,0.001242,0,0.005644,0.220000,0.212667,0.024190,-0.015810,0.220000
1772480031,799883301,0.008657,-1.795590,2.475753,-1.406697,-0.618517,-1.301386,1,0.219227,0.000000,0.220000,0.001242,0.220000,-0.003072,0.220000,-0.003072,0,-0.013962,0.220000,0.212667,0.021242,-0.018758,0.220000
1772480031,824899967,0.005662,-1.790039,2.476906,-1.407582,-0.624762,-1.300233,1,0.219780,0.001217,0.220000,-0.003072,0.220000,0.005635,0.220000,0.005635,0,0.025613,0.220000,0.212667,0.016928,-0.023072,0.220000
1772480031,874898387,-0.002723,-1.783392,2.477742,-1.404780,-0.635089,-1.299397,1,0.219884,-0.004223,0.220000,0.005635,0.220000,0.004793,0.220000,0.004793,0,0.021787,0.220000,0.212667,0.025635,-0.014365,0.220000
1772480031,899874977,-0.008529,-1.779437,2.477478,-1.402455,-0.641717,-1.299661,1,0.219832,0.001971,0.220000,0.004793,0.220000,0.003273,0.220000,0.003273,0,0.014879,0.220000,0.212667,0.024793,-0.015207,0.220000
1772480031,924948209,-0.012476,-1.777231,2.476728,-1.400589,-0.645836,-1.300411,1,0.219195,-0.024924,0.220000,0.003273,0.220000,0.001469,0.220000,0.001469,0,0.006675,0.220000,0.212667,0.023273,-0.016727,0.220000
1772480031,974906684,-0.021356,-1.768989,2.478034,-1.398335,-0.657740,-1.299104,1,0.220498,-0.012816,0.220000,0.001469,0.220000,0.003838,0.220000,0.003838,0,0.017445,0.220000,0.212667,0.021469,-0.018531,0.220000
1772480031,999944186,-0.025841,-1.767230,2.477058,-1.395769,-0.661818,-1.300081,1,0.220415,0.010341,0.220000,0.003838,0.220000,-0.000429,0.220000,-0.000429,0,-0.001952,0.220000,0.212667,0.023838,-0.016162,0.220000
1772480032,24958217,-0.030009,-1.762501,2.477474,-1.395222,-0.668098,-1.299665,1,0.219473,-0.009656,0.220000,-0.000429,0.220000,0.003704,0.220000,0.003704,0,0.016836,0.220000,0.212667,0.019571,-0.020429,0.220000
1772480032,74973704,-0.039460,-1.756708,2.478504,-1.391055,-0.678370,-1.298634,1,0.219927,-0.005353,0.220000,0.003704,0.220000,-0.002785,0.220000,-0.002785,0,-0.012661,0.220000,0.212667,0.023704,-0.016296,0.220000
1772480032,100002967,-0.043833,-1.755087,2.477923,-1.388499,-0.682270,-1.299216,1,0.219329,0.002098,0.220000,-0.002785,0.220000,-0.007782,0.220000,-0.007782,0,-0.035373,0.220000,0.212667,0.017215,-0.022785,0.220000
1772480032,125119326,-0.048722,-1.750062,2.478179,-1.387547,-0.689216,-1.298959,1,0.219874,-0.001512,0.220000,-0.007782,0.220000,-0.004265,0.220000,-0.004265,0,-0.019388,0.220000,0.212667,0.012218,-0.027782,0.220000
1772480032,175036813,-0.057227,-1.744365,2.477942,-1.384085,-0.698850,-1.299197,1,0.219302,-0.012987,0.220000,-0.004265,0.220000,-0.007032,0.220000,-0.007032,0,-0.031963,0.220000,0.212667,0.015735,-0.024265,0.220000
1772480032,200029904,-0.061100,-1.740138,2.477623,-1.383477,-0.704550,-1.299516,1,0.220485,-0.025903,0.220000,-0.007032,0.220000,-0.002757,0.220000,-0.002757,0,-0.012534,0.220000,0.212667,0.012968,-0.027032,0.220000
1772480032,225013302,-0.066029,-1.737595,2.477465,-1.381020,-0.709523,-1.299673,1,0.220039,-0.020961,0.220000,-0.002757,0.220000,-0.006728,0.220000,-0.006728,0,-0.030581,0.220000,0.212667,0.017243,-0.022757,0.220000
1772480032,275048628,-0.075127,-1.731281,2.477343,-1.377447,-0.720005,-1.299796,1,0.219326,0.001532,0.220000,-0.006728,0.220000,-0.009181,0.220000,-0.009181,0,-0.041731,0.220000,0.212667,0.013272,-0.026728,0.220000
1772480032,300097897,-0.079933,-1.727003,2.476991,-1.376119,-0.726301,-1.300148,1,0.220019,-0.007023,0.220000,-0.009181,0.220000,-0.007002,0.220000,-0.007002,0,-0.031829,0.220000,0.212667,0.010819,-0.029181,0.220000
1772480032,325060037,-0.084698,-1.723583,2.476834,-1.374314,-0.731881,-1.300305,1,0.220313,-0.038283,0.220000,-0.007002,0.220000,-0.007777,0.220000,-0.007777,0,-0.035352,0.220000,0.212667,0.012998,-0.027002,0.220000
1772480032,375130198,-0.093464,-1.716793,2.476922,-1.371291,-0.742549,-1.300217,1,0.219985,0.000000,0.220000,-0.007777,0.220000,-0.008113,0.220000,-0.008113,0,-0.036876,0.220000,0.212667,0.012223,-0.027777,0.220000
1772480032,400097113,-0.098218,-1.712956,2.476979,-1.369680,-0.748455,-1.300283,1,0.219736,-0.010915,0.220000,-0.008113,0.220000,-0.007917,0.220000,-0.007917,0,-0.035987,0.220000,0.212667,0.011887,-0.028113,0.220000
1772480032,425097872,-0.102075,-1.709494,2.477047,-1.364800,-0.753300,-1.307966,1,0.220216,-0.006510,0.220000,-0.007917,0.220000,-0.011405,0.220000,-0.011405,0,-0.051841,0.220000,0.212667,0.012083,-0.027917,0.220000
1772480032,475151153,-0.111152,-1.703295,2.476901,-1.361257,-0.763705,-1.308112,1,0.220002,-0.004266,0.220000,-0.011405,0.220000,-0.013734,0.220000,-0.013734,0,-0.062425,0.220000,0.212667,0.008595,-0.031405,0.220000
1772480032,500236068,-0.115729,-1.699565,2.476911,-1.359833,-0.769436,-1.308102,1,0.220064,-0.017504,0.220000,-0.013734,0.220000,-0.013084,0.220000,-0.013084,0,-0.059474,0.220000,0.212667,0.006266,-0.033734,0.220000
1772480032,525159648,-0.121051,-1.696409,2.477020,-1.357468,-0.775154,-1.307993,1,0.219796,-0.019875,0.220000,-0.013084,0.220000,-0.016285,0.220000,-0.016285,0,-0.074021,0.220000,0.212667,0.006916,-0.033084,0.220000
1772480032,575188592,-0.129347,-1.690989,2.476104,-1.354083,-0.784467,-1.308908,1,0.219940,-0.019749,0.220000,-0.016285,0.220000,-0.018130,0.220000,-0.018130,0,-0.082411,0.220000,0.212667,0.003715,-0.036285,0.220000
1772480032,600167786,-0.134343,-1.688286,2.475725,-1.351707,-0.789626,-1.309288,1,0.219967,-0.019343,0.220000,-0.018130,0.220000,-0.021280,0.220000,-0.021280,0,-0.096726,0.220000,0.212667,0.001870,-0.038130,0.220000
1772480032,625144716,-0.139470,-1.684569,2.475765,-1.349835,-0.795677,-1.309247,1,0.220116,-0.006540,0.220000,-0.021280,0.220000,-0.022061,0.220000,-0.022061,0,-0.100278,0.220000,0.212667,-0.001280,-0.041280,0.220000
1772480032,675200376,-0.147535,-1.678573,2.475221,-1.346980,-0.805312,-1.309792,1,0.220366,-0.017772,0.220000,-0.022061,0.220000,-0.022015,0.220000,-0.022015,0,-0.100068,0.220000,0.212667,-0.002061,-0.042061,0.220000
1772480032,700200170,-0.153089,-1.671908,2.476017,-1.346536,-0.813977,-1.308996,1,0.219848,-0.030889,0.220000,-0.022015,0.220000,-0.015452,0.220000,-0.015452,0,-0.070234,0.220000,0.212667,-0.002015,-0.042015,0.220000
1772480032,725279156,-0.157586,-1.672767,2.473821,-1.342322,-0.815774,-1.311329,1,0.219715,-0.017341,0.220000,-0.015452,0.220000,-0.026858,0.220000,-0.026858,0,-0.122081,0.220000,0.212667,0.004548,-0.035452,0.220000
1772480032,775254132,-0.167096,-1.664261,2.474408,-1.334285,-0.816222,-1.318613,1,0.219954,-0.025547,0.220000,-0.026858,0.215186,-0.046858,0.215186,-0.046858,0,-0.217755,0.220000,0.212667,-0.006858,-0.046858,0.220000
1772480032,800303430,-0.172144,-1.662195,2.473703,-1.331524,-0.820926,-1.319318,1,0.220309,-0.031104,0.215186,-0.046858,0.220000,-0.052599,0.220000,-0.052599,0,-0.239086,0.220000,0.207853,-0.026858,-0.066858,0.220000
1772480032,825277852,-0.176403,-1.658160,2.473517,-1.330583,-0.826717,-1.319504,1,0.215138,-0.051559,0.220000,-0.052599,0.220000,-0.052631,0.220000,-0.052631,0,-0.239232,0.220000,0.212667,-0.032599,-0.072599,0.220000
1772480032,875265016,-0.185463,-1.652905,2.471406,-1.326564,-0.836389,-1.321615,1,0.219550,-0.079544,0.220000,-0.052631,0.220000,-0.052377,0.220000,-0.052377,0,-0.238079,0.220000,0.212667,-0.032631,-0.072631,0.220000
1772480032,900320978,-0.189318,-1.647659,2.470203,-1.326679,-0.842898,-1.322818,1,0.220036,-0.046140,0.220000,-0.052377,0.220000,-0.042995,0.220000,-0.042995,0,-0.195430,0.220000,0.212667,-0.032377,-0.072377,0.220000
1772480032,925348681,-0.194828,-1.645581,2.468533,-1.323558,-0.847891,-1.324488,1,0.220175,-0.073499,0.220000,-0.042995,0.220000,-0.047519,0.220000,-0.047519,0,-0.215994,0.220000,0.212667,-0.022995,-0.062995,0.220000
1772480032,975346157,-0.203869,-1.639001,2.467316,-1.320358,-0.858605,-1.325705,1,0.219163,-0.042695,0.220000,-0.047519,0.220000,-0.047245,0.220000,-0.047245,0,-0.214751,0.220000,0.212667,-0.027519,-0.067519,0.220000
1772480033,333049,-0.207567,-1.636230,2.466499,-1.319097,-0.863051,-1.326522,1,0.220478,-0.050929,0.220000,-0.047245,0.220000,-0.045758,0.220000,-0.045758,0,-0.207991,0.220000,0.212667,-0.027245,-0.067245,0.220000
1772480033,25286522,-0.212013,-1.630788,2.465691,-1.318857,-0.870064,-1.327286,1,0.219486,-0.047150,0.220000,-0.045758,0.220000,-0.038341,0.220000,-0.038341,0,-0.174277,0.220000,0.212667,-0.025758,-0.065758,0.220000
1772480033,75284422,-0.221704,-1.625000,2.463380,-1.314264,-0.879688,-1.326225,1,0.220071,-0.043851,0.220000,-0.038341,0.220000,-0.046952,0.220000,-0.046952,0,-0.213416,0.220000,0.212667,-0.018341,-0.058341,0.220000
1772480033,100355170,-0.225830,-1.621484,2.462920,-1.313097,-0.884981,-1.326685,1,0.220153,-0.046859,0.220000,-0.046952,0.220000,-0.045151,0.220000,-0.045151,0,-0.205231,0.220000,0.212667,-0.026952,-0.066952,0.220000
1772480033,125357800,-0.230401,-1.618873,2.462746,-1.311029,-0.889822,-1.326859,1,0.219550,-0.046478,0.220000,-0.045151,0.220000,-0.048002,0.220000,-0.048002,0,-0.218192,0.220000,0.212667,-0.025151,-0.065151,0.220000
1772480033,175349236,-0.240064,-1.612617,2.461048,-1.307101,-0.900642,-1.328557,1,0.220052,-0.040835,0.220000,-0.048002,0.220000,-0.049046,0.220000,-0.049046,0,-0.222937,0.220000,0.212667,-0.028002,-0.068002,0.220000
1772480033,200370638,-0.243452,-1.607209,2.460245,-1.307664,-0.906999,-1.329360,1,0.219492,-0.042224,0.220000,-0.049046,0.220000,-0.039160,0.220000,-0.039160,0,-0.178001,0.220000,0.212667,-0.029046,-0.069046,0.220000
1772480033,225330100,-0.247811,-1.603094,2.459638,-1.306672,-0.912911,-1.329967,1,0.220872,-0.057135,0.220000,-0.039160,0.220000,-0.035533,0.220000,-0.035533,0,-0.161513,0.220000,0.212667,-0.019160,-0.059160,0.220000
1772480033,275345203,-0.257949,-1.597769,2.457174,-1.301803,-0.923276,-1.332431,1,0.220021,-0.034564,0.220000,-0.035533,0.220000,-0.039987,0.220000,-0.039987,0,-0.181759,0.220000,0.212667,-0.015533,-0.055533,0.220000
1772480033,300421779,-0.261866,-1.593442,2.456827,-1.301363,-0.929106,-1.332759,1,0.220262,-0.039222,0.220000,-0.039987,0.220000,-0.034946,0.220000,-0.034946,0,-0.158844,0.220000,0.212667,-0.019987,-0.059987,0.220000
1772480033,325399018,-0.267090,-1.590729,2.456104,-1.304234,-0.935607,-1.332032,1,0.219566,-0.046852,0.220000,-0.034946,0.220000,-0.017833,0.220000,-0.017833,0,-0.081059,0.220000,0.212667,-0.014946,-0.054946,0.220000
1772480033,375404745,-0.275431,-1.583723,2.454689,-1.301797,-0.946223,-1.333447,1,0.219806,-0.041805,0.220000,-0.017833,0.220000,-0.013842,0.220000,-0.013842,0,-0.062917,0.220000,0.212667,0.002167,-0.037833,0.220000
1772480033,400451580,-0.279686,-1.579683,2.454497,-1.300835,-0.952012,-1.333639,1,0.219752,-0.017729,0.220000,-0.013842,0.220000,-0.011074,0.220000,-0.011074,0,-0.050335,0.220000,0.212667,0.006158,-0.033842,0.220000
1772480033,425522934,-0.283799,-1.576903,2.454210,-1.299227,-0.956708,-1.333926,1,0.220088,-0.007383,0.220000,-0.011074,0.220000,-0.011790,0.220000,-0.011790,0,-0.053590,0.220000,0.212667,0.008926,-0.031074,0.220000
1772480033,475457657,-0.292198,-1.569328,2.454524,-1.297087,-0.967814,-1.333612,1,0.220161,-0.015728,0.220000,-0.011790,0.220000,-0.008509,0.220000,-0.008509,0,-0.038678,0.220000,0.212667,0.008210,-0.031790,0.220000
1772480033,500518085,-0.296823,-1.567827,2.453567,-1.294299,-0.971798,-1.334570,1,0.219741,-0.012331,0.220000,-0.008509,0.220000,-0.013863,0.220000,-0.013863,0,-0.063014,0.220000,0.212667,0.011491,-0.028509,0.220000
1772480033,525495031,-0.301117,-1.564882,2.453778,-1.292646,-0.976736,-1.334358,1,0.219893,-0.013700,0.220000,-0.013863,0.220000,-0.015183,0.220000,-0.015183,0,-0.069012,0.220000,0.212667,0.006137,-0.033863,0.220000
1772480033,575533857,-0.309954,-1.555971,2.454053,-1.290961,-0.989172,-1.334083,1,0.219735,-0.012705,0.220000,-0.015183,0.220000,-0.008674,0.220000,-0.008674,0,-0.039428,0.220000,0.212667,0.004817,-0.035183,0.220000
1772480033,600601748,-0.314420,-1.552704,2.453911,-1.289395,-0.994339,-1.334278,1,0.220135,-0.013679,0.220000,-0.008674,0.220000,-0.008838,0.220000,-0.008838,0,-0.040174,0.220000,0.212667,0.011326,-0.028674,0.220000
1772480033,625543201,-0.319438,-1.549282,2.454000,-1.289234,-0.992699,-1.337189,1,0.220033,-0.014325,0.220000,-0.008838,0.220000,-0.007363,0.220000,-0.007363,0,-0.033466,0.220000,0.212667,0.011162,-0.028838,0.220000
1772480033,675580267,-0.328504,-1.542448,2.454310,-1.286148,-1.003624,-1.336879,1,0.220222,-0.014193,0.220000,-0.007363,0.220000,-0.007957,0.220000,-0.007957,0,-0.036170,0.220000,0.212667,0.012637,-0.027363,0.220000
1772480033,700714722,-0.333718,-1.538484,2.454663,-1.284394,-1.009935,-1.336526,1,0.219815,-0.001121,0.220000,-0.007957,0.220000,-0.008479,0.220000,-0.008479,0,-0.038540,0.220000,0.212667,0.012043,-0.027957,0.220000
1772480033,725641159,-0.337261,-1.535302,2.454485,-1.283497,-1.014611,-1.336704,1,0.219953,-0.017442,0.220000,-0.008479,0.220000,-0.006624,0.220000,-0.006624,0,-0.030107,0.220000,0.212667,0.011521,-0.028479,0.220000
1772480033,775675114,-0.346571,-1.530008,2.454561,-1.279285,-1.024458,-1.336629,1,0.219938,-0.014275,0.220000,-0.006624,0.220000,-0.012469,0.220000,-0.012469,0,-0.056678,0.220000,0.212667,0.013376,-0.026624,0.220000
1772480033,800731006,-0.351460,-1.523589,2.454919,-1.279275,-1.032528,-1.336270,1,0.219770,-0.003237,0.220000,-0.012469,0.220000,-0.004283,0.220000,-0.004283,0,-0.019469,0.220000,0.212667,0.007531,-0.032469,0.220000
1772480033,825704929,-0.355380,-1.521768,2.454841,-1.277255,-1.036348,-1.336348,1,0.220115,-0.004772,0.220000,-0.004283,0.220000,-0.007848,0.220000,-0.007848,0,-0.035671,0.220000,0.212667,0.015717,-0.024283,0.220000
1772480033,875814686,-0.364285,-1.515257,2.454420,-1.274101,-1.046920,-1.336769,1,0.220196,0.003583,0.220000,-0.007848,0.220000,-0.008112,0.220000,-0.008112,0,-0.036872,0.220000,0.212667,0.012152,-0.027848,0.220000
1772480033,900792476,-0.367935,-1.510731,2.453963,-1.274070,-1.052704,-1.337262,1,0.220196,-0.007112,0.220000,-0.008112,0.220000,-0.001310,0.220000,-0.001310,0,-0.005954,0.220000,0.212667,0.011888,-0.028112,0.220000
1772480033,925796619,-0.372703,-1.506880,2.454044,-1.279772,-1.057178,-1.339029,1,0.219624,-0.004408,0.220000,-0.001310,0.220000,0.018690,0.220000,0.018690,0,0.127736,0.220000,0.212667,0.018690,-0.021310,0.220000
1772480033,975833984,-0.380952,-1.499909,2.454430,-1.277439,-1.067723,-1.338644,1,0.220317,-0.011079,0.220000,0.018690,0.220000,0.029922,0.220000,0.029922,0,0.136010,0.220000,0.212667,0.038690,-0.001310,0.220000
1772480034,894423,-0.384747,-1.496841,2.455151,-1.276281,-1.072465,-1.337923,1,0.219734,0.026259,0.220000,0.029922,0.220000,0.029597,0.220000,0.029597,0,0.134533,0.220000,0.212667,0.049922,0.009922,0.220000
1772480034,25867308,-0.389797,-1.493338,2.455156,-1.274390,-1.078312,-1.337918,1,0.220040,0.030213,0.220000,0.029597,0.220000,0.028553,0.220000,0.028553,0,0.129784,0.220000,0.212667,0.049597,0.009597,0.220000
1772480034,75914752,-0.398052,-1.486554,2.456594,-1.271939,-1.088712,-1.336480,1,0.220557,0.031846,0.220000,0.028553,0.220000,0.028357,0.220000,0.028357,0,0.128896,0.220000,0.212667,0.048553,0.008553,0.220000
1772480034,100948800,-0.400515,-1.483718,2.457751,-1.271700,-1.092461,-1.335323,1,0.219889,0.029294,0.220000,0.028357,0.220000,0.029948,0.220000,0.029948,0,0.136128,0.220000,0.212667,0.048357,0.008357,0.220000
1772480034,126055933,-0.407065,-1.479472,2.458983,-1.269067,-1.099809,-1.334091,1,0.219642,0.038649,0.220000,0.029948,0.220000,0.026018,0.220000,0.026018,0,0.118265,0.220000,0.212667,0.049948,0.009948,0.220000
1772480034,176097649,-0.415322,-1.471611,2.460297,-1.267268,-1.111067,-1.332777,1,0.219817,0.029787,0.220000,0.026018,0.220000,0.029454,0.220000,0.029454,0,0.133884,0.220000,0.212667,0.046018,0.006018,0.220000
1772480034,201054230,-0.420155,-1.468692,2.461085,-1.265265,-1.116155,-1.332098,1,0.220316,0.027638,0.220000,0.029454,0.220000,0.026253,0.220000,0.026253,0,0.119333,0.220000,0.212667,0.049454,0.009454,0.220000
1772480034,226017648,-0.424149,-1.464100,2.462207,-1.267453,-1.116438,-1.334853,1,0.219771,0.020126,0.220000,0.026253,0.220000,0.038776,0.220000,0.038776,0,0.176253,0.220000,0.212667,0.046253,0.006253,0.220000
1772480034,276206205,-0.432593,-1.457786,2.463907,-1.264607,-1.126591,-1.333153,1,0.220364,0.029647,0.220000,0.038776,0.220000,0.036396,0.220000,0.036396,0,0.165437,0.220000,0.212667,0.058776,0.018776,0.220000
1772480034,301155131,-0.436813,-1.453550,2.464670,-1.263844,-1.132521,-1.332390,1,0.219879,0.030883,0.220000,0.036396,0.212667,0.056396,0.212667,0.056396,0,0.789608,0.220000,0.212667,0.056396,0.016396,0.220000
1772480034,326211929,-0.442065,-1.450302,2.465761,-1.261660,-1.138297,-1.331299,1,0.211650,0.053510,0.212667,0.056396,0.220000,0.036396,0.220000,0.036396,0,0.164614,0.220000,0.205333,0.076396,0.036396,0.220000
1772480034,376167584,-0.450542,-1.443622,2.467339,-1.259011,-1.148760,-1.329721,1,0.213136,0.057752,0.220000,0.036396,0.212667,0.056396,0.212667,0.056396,0,1.608003,0.220000,0.212667,0.056396,0.016396,0.220000
1772480034,401216105,-0.454927,-1.440797,2.468307,-1.257257,-1.153672,-1.328752,1,0.210546,0.053239,0.212667,0.056396,0.205333,0.076396,0.205333,0.076396,0,1.737685,0.220000,0.205333,0.076396,0.036396,0.220000
1772480034,426336338,-0.458756,-1.436547,2.469625,-1.256812,-1.159375,-1.327435,1,0.204821,0.080413,0.205333,0.076396,0.198000,0.096396,0.198000,0.096396,0,1.533676,0.212667,0.198000,0.096396,0.056396,0.220000
1772480034,476312612,-0.467494,-1.430527,2.471755,-1.253554,-1.169474,-1.325305,1,0.206143,0.076285,0.198000,0.096396,0.190667,0.116396,0.190667,0.116396,0,2.406715,0.205333,0.190667,0.116396,0.076396,0.220000
1772480034,501313464,-0.472540,-1.428041,2.474072,-1.250981,-1.174349,-1.322956,1,0.189725,0.109925,0.190667,0.116396,0.198000,0.096396,0.198000,0.096396,0,0.337548,0.198000,0.183333,0.136396,0.096396,0.220000
1772480034,526330395,-0.475312,-1.424926,2.476264,-1.247999,-1.173292,-1.319786,1,0.197373,0.094551,0.198000,0.096396,0.190667,0.116396,0.190667,0.116396,0,1.983297,0.205333,0.190667,0.116396,0.076396,0.220000
1772480034,576397125,-0.483061,-1.419938,2.481381,-1.244888,-1.181966,-1.314669,1,0.198584,0.096534,0.190667,0.116396,0.183333,0.136396,0.183333,0.136396,0,2.645566,0.198000,0.183333,0.136396,0.096396,0.220000
1772480034,601455890,-0.487388,-1.416819,2.483812,-1.243353,-1.187075,-1.312238,1,0.182077,0.136209,0.183333,0.136396,0.176000,0.156396,0.176000,0.156396,0,1.160043,0.190667,0.176000,0.156396,0.116396,0.220000
1772480034,626419323,-0.491918,-1.413334,2.486115,-1.241881,-1.192597,-1.309935,1,0.175656,0.159409,0.176000,0.156396,0.168667,0.136396,0.168667,0.136396,0,-0.102387,0.183333,0.168667,0.176396,0.136396,0.220000
1772480034,676531214,-0.498420,-1.408053,2.493339,-1.239937,-1.200745,-1.302711,1,0.176479,0.159014,0.168667,0.136396,0.161333,0.156396,0.161333,0.156396,0,1.934519,0.176000,0.161333,0.156396,0.116396,0.220000
1772480034,701526159,-0.502306,-1.404254,2.497513,-1.239166,-1.206125,-1.298538,1,0.168873,0.136490,0.161333,0.156396,0.157715,0.176396,0.157715,0.176396,0,1.118446,0.168667,0.154000,0.176396,0.136396,0.220000
1772480034,726554283,-0.505738,-1.402935,2.500463,-1.237246,-1.209261,-1.295588,1,0.161166,0.164575,0.157715,0.176396,0.150382,0.156396,0.150382,0.156396,0,-0.248031,0.165049,0.150382,0.196396,0.156396,0.220000
1772480034,776623048,-0.513183,-1.396599,2.507675,-1.235494,-1.218726,-1.288335,1,0.156384,0.168660,0.150382,0.156396,0.143049,0.136396,0.143049,0.136396,0,-0.293397,0.157715,0.143049,0.176396,0.136396,0.220000
1772480034,801687178,-0.514875,-1.395367,2.510933,-1.242451,-1.218362,-1.284059,1,0.148049,0.180279,0.143049,0.136396,0.135715,0.116396,0.135715,0.116396,0,-0.092407,0.150382,0.135715,0.156396,0.116396,0.220000
1772480034,826659065,-0.518433,-1.393208,2.515923,-1.240939,-1.222239,-1.279069,1,0.143122,0.138632,0.135715,0.116396,0.128382,0.096396,0.128382,0.096396,0,-0.158549,0.143049,0.128382,0.136396,0.096396,0.220000
1772480034,876761070,-0.525135,-1.389027,2.523427,-1.238159,-1.229633,-1.271565,1,0.133953,0.114432,0.128382,0.096396,0.121049,0.076396,0.121049,0.076396,0,-0.276281,0.135715,0.121049,0.116396,0.076396,0.220000
1772480034,901765149,-0.528321,-1.388548,2.524633,-1.235920,-1.231950,-1.270359,1,0.126778,0.093969,0.121049,0.076396,0.113715,0.056396,0.113715,0.056396,0,-0.389393,0.128382,0.113715,0.096396,0.056396,0.220000
1772480034,926774643,-0.530573,-1.385181,2.527019,-1.236179,-1.235992,-1.267973,1,0.120938,0.077778,0.113715,0.056396,0.106382,0.036396,0.106382,0.036396,0,-0.357760,0.121049,0.106382,0.076396,0.036396,0.220000
1772480034,976808493,-0.536645,-1.382498,2.531378,-1.232988,-1.241814,-1.263614,1,0.111406,0.052501,0.106382,0.036396,0.099049,0.016396,0.099049,0.016396,0,-0.549826,0.113715,0.099049,0.056396,0.016396,0.220000
1772480035,1825910,-0.537612,-1.380075,2.532959,-1.233693,-1.244326,-1.262033,1,0.104452,0.041055,0.099049,0.016396,0.091715,-0.003604,0.091715,-0.003604,0,-0.505104,0.106382,0.091715,0.036396,-0.003604,0.220000
1772480035,26847764,-0.540138,-1.379340,2.533222,-1.232134,-1.246445,-1.261770,1,0.099389,0.020925,0.091715,-0.003604,0.084382,-0.023604,0.084382,-0.023604,0,-0.619751,0.099049,0.084382,0.016396,-0.023604,0.220000
1772480035,76882219,-0.544275,-1.376635,2.533550,-1.230494,-1.251107,-1.261442,1,0.090645,0.004353,0.084382,-0.023604,0.077049,-0.043604,0.077049,-0.043604,0,-0.732191,0.091715,0.077049,-0.003604,-0.043604,0.220000
1772480035,101932020,-0.546707,-1.374780,2.534356,-1.229603,-1.254168,-1.260616,1,0.084461,-0.026557,0.077049,-0.043604,0.077836,-0.063604,0.077836,-0.063604,0,-0.817156,0.084382,0.069715,-0.023604,-0.063604,0.220000
1772480035,126875968,-0.548801,-1.372634,2.534076,-1.227088,-1.259842,-1.260406,1,0.077087,-0.048473,0.077836,-0.063604,0.079240,-0.083604,0.079240,-0.083604,0,-1.055067,0.085169,0.070502,-0.043604,-0.083604,0.220000
1772480035,176924784,-0.552252,-1.371339,2.530997,-1.225133,-1.262967,-1.263484,1,0.077542,-0.070935,0.079240,-0.083604,0.086574,-0.099397,0.086574,-0.099397,0,-1.148125,0.086574,0.071907,-0.063604,-0.103604,0.220000
1772480035,201895111,-0.553202,-1.370252,2.529187,-1.225039,-1.264407,-1.265295,1,0.079428,-0.097111,0.086574,-0.099397,0.093907,-0.097353,0.093907,-0.097353,0,-1.036699,0.093907,0.079240,-0.079397,-0.119397,0.220000
1772480035,226984273,-0.554608,-1.368011,2.527691,-1.225284,-1.267041,-1.266790,1,0.086368,-0.111142,0.093907,-0.097353,0.101240,-0.079385,0.101240,-0.079385,0,-0.784126,0.101240,0.086574,-0.077353,-0.117353,0.220000
1772480035,277065031,-0.558030,-1.367139,2.524342,-1.223095,-1.269813,-1.270139,1,0.097311,-0.107094,0.101240,-0.079385,0.108574,-0.081456,0.108574,-0.081456,0,-0.750237,0.108574,0.093907,-0.059385,-0.099385,0.220000
1772480035,301994829,-0.559137,-1.365665,2.521521,-1.223111,-1.271656,-1.272960,1,0.101976,-0.079844,0.108574,-0.081456,0.115907,-0.071903,0.115907,-0.071903,0,-0.620353,0.115907,0.101240,-0.061456,-0.101456,0.220000
1772480035,326971710,-0.562074,-1.364411,2.519026,-1.221540,-1.274437,-1.275456,1,0.107967,-0.083714,0.115907,-0.071903,0.123240,-0.073867,0.123240,-0.073867,0,-0.599376,0.123240,0.108574,-0.051903,-0.091903,0.220000
1772480035,377011480,-0.568040,-1.360341,2.515823,-1.219274,-1.281294,-1.278658,1,0.118234,-0.066832,0.123240,-0.073867,0.115907,-0.053867,0.115907,-0.053867,0,2.261398,0.130574,0.115907,-0.053867,-0.093867,0.220000
1772480035,401990728,-0.570570,-1.359272,2.513913,-1.217946,-1.283622,-1.280508,1,0.123325,-0.084109,0.115907,-0.053867,0.108574,-0.033867,0.108574,-0.033867,0,4.022317,0.123240,0.108574,-0.033867,-0.073867,0.220000
1772480035,426985119,-0.572524,-1.357069,2.512710,-1.218771,-1.284724,-1.279813,1,0.115453,-0.039152,0.108574,-0.033867,0.101240,-0.013867,0.101240,-0.013867,0,2.135104,0.115907,0.101240,-0.013867,-0.053867,0.220000
1772480035,477039913,-0.577957,-1.353810,2.511208,-1.216424,-1.290609,-1.281315,1,0.106191,-0.031609,0.101240,-0.013867,0.093907,-0.033867,0.093907,-0.033867,0,-0.587885,0.108574,0.093907,0.006133,-0.033867,0.220000
1772480035,502101313,-0.580663,-1.352817,2.509980,-1.214874,-1.293038,-1.282543,1,0.100708,-0.009908,0.093907,-0.033867,0.086574,-0.053867,0.086574,-0.053867,0,-0.698111,0.101240,0.086574,-0.013867,-0.053867,0.220000
1772480035,527058338,-0.582784,-1.350438,2.510193,-1.214628,-1.296216,-1.282330,1,0.093872,-0.027053,0.086574,-0.053867,0.093907,-0.068270,0.093907,-0.068270,0,-0.726991,0.093907,0.079240,-0.033867,-0.073867,0.220000
1772480035,577092989,-0.586494,-1.348080,2.509660,-1.213105,-1.300339,-1.282863,1,0.084812,-0.054509,0.093907,-0.068270,0.098276,-0.088270,0.098276,-0.088270,0,-0.898185,0.101240,0.086574,-0.048270,-0.088270,0.220000
1772480035,602127848,-0.588491,-1.346548,2.508289,-1.212444,-1.302768,-1.284233,1,0.093818,-0.070575,0.098276,-0.088270,0.105609,-0.077701,0.105609,-0.077701,0,-0.735745,0.105609,0.090942,-0.068270,-0.108270,0.220000
1772480035,627104904,-0.589640,-1.344791,2.506953,-1.212595,-1.304862,-1.285570,1,0.097921,-0.076112,0.105609,-0.077701,0.112942,-0.067819,0.112942,-0.067819,0,-0.600475,0.112942,0.098276,-0.057701,-0.097701,0.220000
1772480035,677125879,-0.594082,-1.342360,2.501287,-1.210534,-1.309488,-1.291236,1,0.107308,-0.089344,0.112942,-0.067819,0.105609,-0.047819,0.105609,-0.047819,0,5.542259,0.120276,0.105609,-0.047819,-0.087819,0.220000
1772480035,702160486,-0.595387,-1.341379,2.499239,-1.210091,-1.311059,-1.293284,1,0.112655,-0.071590,0.105609,-0.047819,0.098276,-0.027819,0.098276,-0.027819,0,6.372304,0.112942,0.098276,-0.027819,-0.067819,0.220000
1772480035,727195616,-0.598415,-1.339661,2.497055,-1.208646,-1.314159,-1.295340,1,0.106403,-0.048925,0.098276,-0.027819,0.090942,-0.007819,0.090942,-0.007819,0,6.188046,0.105609,0.090942,-0.007819,-0.047819,0.220000
1772480035,777216343,-0.602455,-1.337207,2.496173,-1.203982,-1.314722,-1.291385,1,0.098145,-0.032371,0.090942,-0.007819,0.083609,0.012181,0.083609,0.012181,0,4.948079,0.098276,0.083609,0.012181,-0.027819,0.220000
1772480035,802234500,-0.605077,-1.335893,2.495481,-1.202679,-1.317348,-1.292078,1,0.090783,-0.011008,0.083609,0.012181,0.076276,0.032181,0.076276,0.032181,0,2.630713,0.090942,0.076276,0.032181,-0.007819,0.220000
1772480035,827291543,-0.606420,-1.332950,2.496221,-1.203378,-1.320507,-1.291338,1,0.083635,0.018980,0.076276,0.032181,0.068942,0.012181,0.068942,0.012181,0,-1.288668,0.083609,0.068942,0.052181,0.012181,0.220000
1772480035,877295046,-0.609455,-1.330922,2.497317,-1.202176,-1.323953,-1.290241,1,0.074696,0.035721,0.068942,0.012181,0.061609,-0.007819,0.061609,-0.007819,0,-1.655009,0.076276,0.061609,0.032181,-0.007819,0.220000
1772480035,902236408,-0.610966,-1.330487,2.497870,-1.201231,-1.325211,-1.289688,1,0.068904,0.012388,0.061609,-0.007819,0.054276,-0.027819,0.054276,-0.027819,0,-1.818677,0.068942,0.054276,0.012181,-0.027819,0.220000
1772480035,927347231,-0.612714,-1.329373,2.498895,-1.200506,-1.327152,-1.288663,1,0.061785,-0.008623,0.054276,-0.027819,0.046942,-0.047819,0.046942,-0.047819,0,-1.866656,0.061609,0.046942,-0.007819,-0.047819,0.220000
1772480035,977334347,-0.615134,-1.327976,2.498300,-1.199414,-1.329724,-1.289258,1,0.054397,-0.024654,0.046942,-0.047819,0.039609,-0.067819,0.039609,-0.067819,0,-1.915743,0.054276,0.039609,-0.027819,-0.067819,0.220000
1772480036,2384687,-0.616444,-1.327914,2.497176,-1.198406,-1.330562,-1.290382,1,0.047345,-0.051749,0.039609,-0.067819,0.043503,-0.087819,0.043503,-0.087819,0,-2.018690,0.046942,0.032276,-0.047819,-0.087819,0.220000
1772480036,27390130,-0.617719,-1.325344,2.496651,-1.198935,-1.333382,-1.290907,1,0.039951,-0.064250,0.043503,-0.087819,0.050836,-0.091518,0.050836,-0.091518,0,-1.800246,0.050836,0.036170,-0.067819,-0.107819,0.220000
1772480036,77420264,-0.617931,-1.323960,2.493381,-1.199598,-1.334615,-1.294177,1,0.043278,-0.092378,0.050836,-0.091518,0.058170,-0.091962,0.058170,-0.091962,0,-1.580931,0.058170,0.043503,-0.071518,-0.111518,0.220000
1772480036,102422107,-0.619411,-1.323541,2.491113,-1.198669,-1.335841,-1.296445,1,0.051400,-0.090932,0.058170,-0.091962,0.065503,-0.106994,0.065503,-0.106994,0,-1.633421,0.065503,0.050836,-0.071962,-0.111962,0.220000
1772480036,127518334,-0.621586,-1.324007,2.487983,-1.196652,-1.336778,-1.299575,1,0.057728,-0.093594,0.065503,-0.106994,0.068407,-0.126994,0.068407,-0.126994,0,-1.856448,0.072836,0.058170,-0.086994,-0.126994,0.220000
1772480036,177458709,-0.623176,-1.319999,2.483182,-1.197795,-1.340935,-1.304376,1,0.069613,-0.121307,0.068407,-0.126994,0.075740,-0.106994,0.075740,-0.106994,0,-1.403337,0.075740,0.061074,-0.106994,-0.146994,0.220000
1772480036,202493049,-0.624164,-1.319763,2.480816,-1.197148,-1.341718,-1.306742,1,0.068673,-0.122056,0.075740,-0.106994,0.068407,-0.086994,0.068407,-0.086994,0,2.778337,0.083074,0.068407,-0.086994,-0.126994,0.220000
1772480036,227477317,-0.625499,-1.318228,2.477982,-1.197006,-1.343748,-1.309577,1,0.075613,-0.103785,0.068407,-0.086994,0.061074,-0.066994,0.061074,-0.066994,0,6.088777,0.075740,0.061074,-0.066994,-0.106994,0.220000
1772480036,252472488,-0.627236,-1.316436,2.475214,-1.196698,-1.346224,-1.312344,1,0.068419,-0.073455,0.061074,-0.066994,0.053740,-0.046994,0.053740,-0.046994,0,5.965953,0.068407,0.053740,-0.046994,-0.086994,0.220000
1772480036,302504779,-0.629757,-1.317840,2.469947,-1.193809,-1.346419,-1.317582,1,0.061065,-0.077550,0.053740,-0.046994,0.046407,-0.026994,0.046407,-0.026994,0,6.510147,0.061074,0.046407,-0.026994,-0.066994,0.220000
1772480036,327614472,-0.630720,-1.316074,2.469399,-1.192648,-1.338748,-1.316735,1,0.053609,-0.051149,0.046407,-0.026994,0.039074,-0.046994,0.039074,-0.046994,0,-2.097225,0.053740,0.039074,-0.006994,-0.046994,0.220000
1772480036,377531151,-0.633175,-1.312713,2.467907,-1.192704,-1.342909,-1.318227,1,0.046576,-0.030708,0.039074,-0.046994,0.031740,-0.026994,0.031740,-0.026994,0,4.886398,0.046407,0.031740,-0.026994,-0.066994,0.220000
1772480036,402607647,-0.634102,-1.312975,2.466779,-1.191806,-1.343257,-1.319355,1,0.038397,-0.052350,0.031740,-0.026994,0.024407,-0.006994,0.024407,-0.006994,0,5.257138,0.039074,0.024407,-0.006994,-0.046994,0.220000
1772480036,427583866,-0.633733,-1.312778,2.465624,-1.192219,-1.343194,-1.320510,1,0.031588,-0.030877,0.024407,-0.006994,0.017074,0.013006,0.017074,0.013006,0,5.175381,0.031740,0.017074,0.013006,-0.026994,0.220000
1772480036,477603193,-0.635405,-1.311834,2.465616,-1.191450,-1.344952,-1.320518,1,0.024380,-0.004453,0.017074,0.013006,0.009740,0.033006,0.009740,0.033006,0,6.194769,0.024407,0.009740,0.033006,-0.006994,0.220000
1772480036,502630943,-0.636129,-1.311494,2.465514,-1.191076,-1.345659,-1.320619,1,0.017006,0.003010,0.009740,0.033006,0.008078,0.053006,0.008078,0.053006,0,6.561782,0.017074,0.002407,0.053006,0.013006,0.220000
1772480036,527710178,-0.636144,-1.312334,2.465518,-1.190559,-1.344996,-1.320615,1,0.008998,0.038182,0.008078,0.053006,0.011532,0.073006,0.011532,0.073006,0,6.330681,0.015411,0.000745,0.073006,0.033006,0.220000
1772480036,577728560,-0.637042,-1.311297,2.467609,-1.190464,-1.346366,-1.318524,1,0.008028,0.064174,0.011532,0.073006,0.013488,0.093006,0.013488,0.093006,0,6.895414,0.018865,0.004199,0.093006,0.053006,0.220000
1772480036,602774625,-0.635839,-1.311611,2.469686,-1.191237,-1.345392,-1.316448,1,0.011560,0.069288,0.013488,0.093006,0.017788,0.113006,0.017788,0.113006,0,6.352917,0.020821,0.006155,0.113006,0.073006,0.220000
1772480036,627793548,-0.635959,-1.312316,2.471002,-1.190718,-1.344900,-1.315132,1,0.013624,0.089581,0.017788,0.113006,0.021548,0.133006,0.021548,0.133006,0,6.172582,0.025121,0.010455,0.133006,0.093006,0.220000
1772480036,677861966,-0.636950,-1.311320,2.476319,-1.190524,-1.346291,-1.309815,1,0.017809,0.107089,0.021548,0.133006,0.022798,0.153006,0.022798,0.153006,0,6.711285,0.028881,0.014215,0.153006,0.113006,0.220000
1772480036,702923213,-0.637159,-1.310722,2.479403,-1.190716,-1.346895,-1.306731,1,0.021745,0.117683,0.022798,0.153006,0.025140,0.173006,0.025140,0.173006,0,6.881580,0.030132,0.015465,0.173006,0.133006,0.220000
1772480036,727937950,-0.636552,-1.310975,2.482819,-1.191049,-1.346328,-1.303315,1,0.025175,0.188158,0.025140,0.173006,0.029439,0.193006,0.029439,0.193006,0,6.556092,0.032474,0.017807,0.193006,0.153006,0.220000
1772480036,777989547,-0.638349,-1.310067,2.491224,-1.190158,-1.348134,-1.294910,1,0.025310,0.165953,0.029439,0.193006,0.029530,0.213006,0.029530,0.213006,0,7.213304,0.036773,0.022106,0.213006,0.173006,0.220000
1772480036,803023992,-0.638283,-1.310757,2.495347,-1.189797,-1.347542,-1.290787,1,0.029114,0.200506,0.029530,0.213006,0.033467,0.233006,0.033467,0.233006,0,6.962278,0.036863,0.022196,0.233006,0.193006,0.220000
1772480036,828088058,-0.639239,-1.309796,2.500390,-1.189610,-1.348885,-1.285743,1,0.034459,0.216191,0.033467,0.233006,0.034272,0.253006,0.034272,0.253006,0,7.382210,0.040800,0.026134,0.253006,0.213006,0.220000
1772480036,853128469,-0.640360,-1.309309,2.505031,-1.189006,-1.349948,-1.281102,1,0.033143,0.237169,0.034272,0.253006,0.035362,0.273006,0.035362,0.273006,0,7.720254,0.041606,0.026939,0.273006,0.233006,0.220000
1772480036,903217853,-0.640610,-1.307839,2.517585,-1.189704,-1.350960,-1.268501,1,0.034299,0.260706,0.035362,0.273006,0.037681,0.293006,0.037681,0.293006,0,7.775919,0.042696,0.028029,0.293006,0.253006,0.220000
1772480036,928265335,-0.641848,-1.308456,2.523733,-1.188694,-1.343524,-1.261195,1,0.038273,0.278365,0.037681,0.293006,0.045015,0.273006,0.045015,0.273006,0,4.845518,0.045015,0.030348,0.313006,0.273006,0.220000
1772480036,953308694,-0.642153,-1.306109,2.531399,-1.189858,-1.345585,-1.253529,1,0.037651,0.282816,0.045015,0.273006,0.052348,0.289317,0.052348,0.289317,0,5.526810,0.052348,0.037681,0.293006,0.253006,0.220000
1772480037,3405586,-0.643040,-1.306932,2.545031,-1.188655,-1.345459,-1.239897,1,0.045376,0.267185,0.052348,0.289317,0.057483,0.309317,0.057483,0.309317,0,5.381028,0.059681,0.045015,0.309317,0.269317,0.220000
1772480037,28461538,-0.644366,-1.305532,2.551419,-1.188433,-1.347374,-1.233508,1,0.058645,0.293633,0.057483,0.309317,0.054252,0.329317,0.054252,0.329317,0,6.070161,0.064816,0.050150,0.329317,0.289317,0.220000
1772480037,78531810,-0.647833,-1.303920,2.565709,-1.186626,-1.350744,-1.219219,1,0.056879,0.311837,0.054252,0.329317,0.048784,0.349317,0.048784,0.349317,0,7.160496,0.061585,0.046918,0.349317,0.309317,0.220000
1772480037,103592774,-0.648051,-1.303919,2.573734,-1.186452,-1.350875,-1.211194,1,0.054400,0.337974,0.048784,0.349317,0.052144,0.369317,0.052144,0.369317,0,7.082633,0.056117,0.041451,0.369317,0.329317,0.220000
1772480037,128601915,-0.648787,-1.302614,2.581477,-1.186646,-1.352361,-1.203450,1,0.052646,0.360383,0.052144,0.369317,0.052692,0.389317,0.052692,0.389317,0,7.388570,0.059477,0.044811,0.389317,0.349317,0.220000
1772480037,178706580,-0.650893,-1.302358,2.598673,-1.185115,-1.353828,-1.186255,1,0.051810,0.367528,0.052692,0.389317,0.053532,0.409317,0.053532,0.409317,0,7.646216,0.060025,0.045358,0.409317,0.369317,0.220000
1772480037,203794052,-0.652453,-1.300635,2.608252,-1.184901,-1.356143,-1.176675,1,0.051928,0.378291,0.053532,0.409317,0.052846,0.429317,0.052846,0.429317,0,8.123846,0.060865,0.046199,0.429317,0.389317,0.220000
1772480037,228840964,-0.653614,-1.300576,2.618153,-1.184007,-1.356887,-1.166775,1,0.052719,0.426752,0.052846,0.429317,0.054692,0.449317,0.054692,0.449317,0,8.215440,0.060180,0.045513,0.449317,0.409317,0.220000
1772480037,278941052,-0.655490,-1.298944,2.639928,-1.183485,-1.359318,-1.145000,1,0.052838,0.424584,0.054692,0.449317,0.055277,0.469317,0.055277,0.469317,0,8.490257,0.062025,0.047358,0.469317,0.429317,0.220000
1772480037,303985375,-0.656563,-1.297202,2.651684,-1.183671,-1.361355,-1.133244,1,0.054655,0.451660,0.055277,0.469317,0.055863,0.489317,0.055863,0.489317,0,8.759198,0.062610,0.047944,0.489317,0.449317,0.220000
1772480037,329039681,-0.657667,-1.297195,2.662972,-1.182792,-1.362023,-1.121956,1,0.055610,0.489620,0.055863,0.489317,0.057989,0.509317,0.057989,0.509317,0,8.782966,0.063197,0.048530,0.509317,0.469317,0.220000
1772480037,354172310,-0.659355,-1.296699,2.674282,-1.181739,-1.363433,-1.110646,1,0.055752,0.474075,0.057989,0.509317,0.058985,0.529317,0.058985,0.529317,0,8.973741,0.065322,0.050656,0.529317,0.489317,0.220000
1772480037,404217339,-0.661386,-1.295638,2.698753,-1.180750,-1.365500,-1.086175,1,0.059220,0.524360,0.058985,0.529317,0.060509,0.549317,0.060509,0.549317,0,9.078243,0.066318,0.051652,0.549317,0.509317,0.220000
1772480037,429305090,-0.662149,-1.295152,2.711726,-1.180432,-1.366346,-1.073202,1,0.061394,0.539434,0.060509,0.549317,0.062805,0.569317,0.062805,0.569317,0,9.064807,0.067842,0.053176,0.569317,0.529317,0.220000
1772480037,454320880,-0.663705,-1.294550,2.724937,-1.179548,-1.367762,-1.059991,1,0.060580,0.571454,0.062805,0.569317,0.064129,0.589317,0.064129,0.589317,0,9.189568,0.070139,0.055472,0.589317,0.549317,0.220000
1772480037,504585237,-0.666717,-1.293178,2.752669,-1.177961,-1.370666,-1.032258,1,0.064666,0.578377,0.064129,0.589317,0.063824,0.600000,0.063824,0.600000,0,9.400792,0.071462,0.056796,0.600000,0.569317,0.220000
1772480037,529521301,-0.668025,-1.293264,2.767151,-1.176863,-1.371382,-1.017777,1,0.063682,0.598704,0.063824,0.600000,0.064058,0.600000,0.064058,0.600000,0,9.366527,0.071158,0.056491,0.600000,0.580000,0.220000
1772480037,554581952,-0.669135,-1.292631,2.781993,-1.176354,-1.372554,-1.002935,1,0.063421,0.594736,0.064058,0.600000,0.063980,0.600000,0.063980,0.600000,0,9.377990,0.071391,0.056725,0.600000,0.580000,0.220000
1772480037,604724522,-0.672275,-1.290562,2.812369,-1.175083,-1.376093,-0.972559,1,0.063863,0.617081,0.063980,0.600000,0.062473,0.600000,0.062473,0.600000,0,9.604073,0.071313,0.056646,0.600000,0.580000,0.220000
1772480037,629881396,-0.674155,-1.290597,2.826793,-1.173558,-1.377193,-0.958134,1,0.062074,0.601005,0.062473,0.600000,0.062201,0.600000,0.062201,0.600000,0,9.646138,0.069807,0.055140,0.600000,0.580000,0.220000
1772480037,654841553,-0.675549,-1.288996,2.841333,-1.173403,-1.379310,-0.943595,1,0.062418,0.602800,0.062201,0.600000,0.061285,0.600000,0.061285,0.600000,0,9.790276,0.069534,0.054868,0.600000,0.580000,0.220000
1772480037,704932007,-0.677997,-1.288055,2.871936,-1.172008,-1.381531,-0.912991,1,0.061576,0.589220,0.061285,0.600000,0.061505,0.600000,0.061505,0.600000,0,9.755369,0.068619,0.053952,0.600000,0.580000,0.220000
1772480037,730017613,-0.680405,-1.288611,2.886647,-1.169748,-1.382531,-0.898280,1,0.061589,0.603467,0.061505,0.600000,0.061246,0.600000,0.061246,0.600000,0,9.796501,0.068838,0.054171,0.600000,0.580000,0.220000
1772480037,755023645,-0.681868,-1.288732,2.901237,-1.168505,-1.383312,-0.883690,1,0.061728,0.597814,0.061246,0.600000,0.061505,0.600000,0.061505,0.600000,0,9.755357,0.068580,0.053913,0.600000,0.580000,0.220000
1772480037,805283737,-0.684977,-1.286973,2.931816,-1.167073,-1.386584,-0.853112,1,0.061642,0.594884,0.061505,0.600000,0.060780,0.600000,0.060780,0.600000,0,9.871641,0.068838,0.054171,0.600000,0.580000,0.220000
1772480037,830212419,-0.686259,-1.287686,2.946384,-1.165619,-1.386783,-0.838544,1,0.060617,0.594634,0.060780,0.600000,0.061580,0.600000,0.061580,0.600000,0,9.743437,0.068114,0.053447,0.600000,0.580000,0.220000
1772480037,855395192,-0.687823,-1.287153,2.961026,-1.164688,-1.388148,-0.823902,1,0.060680,0.610249,0.061580,0.600000,0.061396,0.600000,0.061396,0.600000,0,9.772620,0.068913,0.054247,0.600000,0.580000,0.220000
1772480037,905394051,-0.690215,-1.286184,2.990902,-1.163355,-1.390358,-0.794025,1,0.061473,0.588950,0.061396,0.600000,0.061775,0.600000,0.061775,0.600000,0,9.712623,0.068729,0.054063,0.600000,0.580000,0.220000
1772480037,930460605,-0.692939,-1.284817,3.006456,-1.161996,-1.393085,-0.778472,1,0.061383,0.590151,0.061775,0.600000,0.060330,0.600000,0.060330,0.600000,0,9.945324,0.069109,0.054442,0.600000,0.580000,0.220000
1772480037,955484944,-0.693667,-1.286117,3.021199,-1.160634,-1.392482,-0.763729,1,0.059958,0.593587,0.060330,0.600000,0.061945,0.600000,0.061945,0.600000,0,9.685969,0.067663,0.052997,0.600000,0.580000,0.220000
1772480038,5608772,-0.697034,-1.285830,3.050865,-1.158128,-1.394816,-0.734006,1,0.062356,0.605670,0.061945,0.600000,0.061956,0.600000,0.061956,0.600000,0,9.684217,0.069279,0.054612,0.600000,0.580000,0.220000
1772480038,30665330,-0.698337,-1.286507,3.065548,-1.156853,-1.395938,-0.718726,1,0.061680,0.604003,0.061956,0.600000,0.062056,0.600000,0.062056,0.600000,0,9.668686,0.069290,0.054623,0.600000,0.580000,0.220000
1772480038,55735994,-0.699607,-1.285195,3.080803,-1.156623,-1.397750,-0.703471,1,0.062273,0.604129,0.062056,0.600000,0.061787,0.600000,0.061787,0.600000,0,9.710806,0.069389,0.054723,0.600000,0.580000,0.220000
1772480038,105809167,-0.703039,-1.285007,3.111059,-1.153988,-1.399957,-0.673214,1,0.062334,0.593590,0.061787,0.600000,0.062015,0.600000,0.062015,0.600000,0,9.675060,0.069120,0.054454,0.600000,0.580000,0.220000
1772480038,130900650,-0.705309,-1.286054,3.125360,-1.151544,-1.400479,-0.658913,1,0.061954,0.606976,0.062015,0.600000,0.062310,0.600000,0.062310,0.600000,0,9.629222,0.069348,0.054682,0.600000,0.580000,0.220000
1772480038,155936507,-0.706421,-1.285928,3.140201,-1.150728,-1.401247,-0.644073,1,0.061537,0.607990,0.062310,0.600000,0.062866,0.600000,0.062866,0.600000,0,9.544082,0.069644,0.054977,0.600000,0.580000,0.220000
1772480038,205984728,-0.708825,-1.286008,-3.112406,-1.148685,-1.406046,-0.612349,1,0.062507,0.596460,0.062866,0.600000,0.061082,0.600000,0.061082,0.600000,0,9.822830,0.070200,0.055533,0.600000,0.580000,0.220000
1772480038,231067100,-0.710357,-1.286327,-3.098017,-1.147268,-1.406708,-0.597960,1,0.062960,0.591728,0.061082,0.600000,0.061532,0.600000,0.061532,0.600000,0,9.751043,0.068416,0.053749,0.600000,0.580000,0.220000
1772480038,256116061,-0.712287,-1.286271,-3.083460,-1.145755,-1.407908,-0.583403,1,0.060844,0.585900,0.061532,0.600000,0.061505,0.600000,0.061505,0.600000,0,9.755349,0.068865,0.054199,0.600000,0.580000,0.220000
1772480038,306172745,-0.715493,-1.286391,-3.052608,-1.142800,-1.409927,-0.552657,1,0.062031,0.620200,0.061505,0.600000,0.061981,0.600000,0.061981,0.600000,0,9.680371,0.068838,0.054171,0.600000,0.580000,0.220000
1772480038,331242883,-0.718099,-1.286875,-3.037622,-1.137135,-1.413158,-0.538786,1,0.061388,0.594378,0.061981,0.600000,0.059231,0.600000,0.059231,0.600000,0,10.129801,0.069314,0.054648,0.600000,0.580000,0.220000
1772480038,356282345,-0.719339,-1.287125,-3.022755,-1.135993,-1.413702,-0.523919,1,0.061978,0.616183,0.059231,0.600000,0.059870,0.600000,0.059870,0.600000,0,10.021697,0.066565,0.051898,0.600000,0.580000,0.220000
1772480038,406337974,-0.721833,-1.287456,-2.993147,-1.133798,-1.414932,-0.494311,1,0.059311,0.593742,0.059870,0.600000,0.061091,0.600000,0.061091,0.600000,0,9.821386,0.067203,0.052537,0.600000,0.580000,0.220000
1772480038,431457480,-0.724047,-1.287887,-2.978130,-1.131773,-1.416072,-0.479523,1,0.059923,0.601330,0.061091,0.600000,0.061053,0.600000,0.061053,0.600000,0,9.827536,0.068425,0.053758,0.600000,0.580000,0.220000
1772480038,456510601,-0.725720,-1.287436,-2.963138,-1.130768,-1.419132,-0.466967,1,0.061475,0.598447,0.061053,0.600000,0.059479,0.600000,0.059479,0.600000,0,10.087550,0.068386,0.053720,0.600000,0.580000,0.220000
1772480038,506618244,-0.729510,-1.288744,-2.933142,-1.126953,-1.420367,-0.436971,1,0.060989,0.604540,0.059479,0.600000,0.060359,0.600000,0.060359,0.600000,0,9.940495,0.066813,0.052146,0.600000,0.580000,0.220000
1772480038,531627151,-0.730201,-1.288554,-2.917713,-1.126202,-1.421413,-0.421593,1,0.059514,0.602890,0.060359,0.600000,0.060759,0.600000,0.060759,0.600000,0,9.875030,0.067693,0.053026,0.600000,0.580000,0.220000
1772480038,556698293,-0.732118,-1.289860,-2.903431,-1.120460,-1.426739,-0.407857,1,0.060276,0.603469,0.060759,0.600000,0.056692,0.600000,0.056692,0.600000,0,10.583534,0.068093,0.053426,0.600000,0.580000,0.220000
1772480038,606708230,-0.735617,-1.291069,-2.873371,-1.116938,-1.427880,-0.377797,1,0.060960,0.598994,0.056692,0.600000,0.057618,0.600000,0.057618,0.600000,0,10.413390,0.064025,0.049359,0.600000,0.580000,0.220000
1772480038,631809605,-0.737217,-1.290471,-2.858160,-1.116089,-1.429516,-0.362878,1,0.056741,0.606018,0.057618,0.600000,0.057496,0.600000,0.057496,0.600000,0,10.435497,0.064951,0.050285,0.600000,0.580000,0.220000
1772480038,656792773,-0.738850,-1.291400,-2.843636,-1.115059,-1.432105,-0.351833,1,0.057549,0.603422,0.057496,0.600000,0.056364,0.600000,0.056364,0.600000,0,10.645061,0.064829,0.050163,0.600000,0.580000,0.220000
1772480038,706872589,-0.742291,-1.291243,-2.813164,-1.112413,-1.434312,-0.321361,1,0.057489,0.611778,0.056364,0.600000,0.056734,0.600000,0.056734,0.600000,0,10.575725,0.063698,0.049031,0.600000,0.580000,0.220000
1772480038,731942335,-0.742914,-1.292044,-2.798517,-1.111096,-1.433687,-0.306645,1,0.056473,0.592313,0.056734,0.600000,0.058122,0.600000,0.058122,0.600000,0,10.323054,0.064067,0.049400,0.600000,0.580000,0.220000
1772480038,757016868,-0.744464,-1.291809,-2.783420,-1.105965,-1.430437,-0.290728,1,0.056493,0.601813,0.058122,0.600000,0.060971,0.600000,0.060971,0.600000,0,9.840720,0.065456,0.050789,0.600000,0.580000,0.220000
1772480038,807104345,-0.746259,-1.293630,-2.753932,-1.103434,-1.430071,-0.261240,1,0.058161,0.602581,0.060971,0.600000,0.063614,0.600000,0.063614,0.600000,0,9.431819,0.068304,0.053638,0.600000,0.580000,0.220000
1772480038,832177450,-0.748039,-1.294283,-2.739098,-1.101895,-1.430354,-0.246592,1,0.060834,0.601477,0.063614,0.600000,0.064512,0.600000,0.064512,0.600000,0,9.300600,0.070948,0.056281,0.600000,0.580000,0.220000
1772480038,857177093,-0.749284,-1.294213,-2.723958,-1.104194,-1.427949,-0.233653,1,0.063481,0.613888,0.064512,0.600000,0.069167,0.600000,0.069167,0.600000,0,8.674601,0.071845,0.057179,0.600000,0.580000,0.220000
1772480038,907269672,-0.752001,-1.296240,-2.694271,-1.100804,-1.427983,-0.203966,1,0.064561,0.609894,0.069167,0.600000,0.071984,0.600000,0.071984,0.600000,0,8.335150,0.076501,0.061834,0.600000,0.580000,0.220000
1772480038,932304458,-0.752952,-1.297365,-2.679407,-1.099380,-1.427482,-0.189136,1,0.069231,0.605139,0.071984,0.600000,0.074260,0.600000,0.074260,0.600000,0,8.079681,0.079318,0.064651,0.600000,0.580000,0.220000
1772480038,957307036,-0.754904,-1.296934,-2.664009,-1.098268,-1.426714,-0.174173,1,0.071678,0.608376,0.074260,0.600000,0.077230,0.600000,0.077230,0.600000,0,7.769032,0.081594,0.066927,0.600000,0.580000,0.220000
1772480039,7398612,-0.758405,-1.300081,-2.634514,-1.093576,-1.426336,-0.144678,1,0.074312,0.599908,0.077230,0.600000,0.081996,0.600000,0.081996,0.600000,0,7.317413,0.084563,0.069896,0.600000,0.580000,0.220000
1772480039,32420390,-0.760369,-1.300964,-2.619450,-1.091360,-1.426672,-0.129736,1,0.077144,0.607047,0.081996,0.600000,0.086510,0.600000,0.086510,0.600000,0,6.935581,0.089330,0.074663,0.600000,0.580000,0.220000
1772480039,57427516,-0.760690,-1.301405,-2.604890,-1.089260,-1.424473,-0.116790,1,0.082295,0.601605,0.086510,0.600000,0.093844,0.580000,0.093844,0.580000,0,6.109070,0.093844,0.079177,0.600000,0.580000,0.220000
1772480039,107514590,-0.765145,-1.302068,-2.573832,-1.085319,-1.426655,-0.085731,1,0.086684,0.596065,0.093844,0.580000,0.101177,0.577151,0.101177,0.577151,0,5.704362,0.101177,0.086510,0.600000,0.560000,0.220000
1772480039,132573700,-0.766608,-1.302554,-2.559645,-1.084156,-1.426905,-0.071588,1,0.094107,0.588413,0.101177,0.577151,0.108510,0.557151,0.108510,0.557151,0,5.095682,0.108510,0.093844,0.597151,0.557151,0.220000
1772480039,157591074,-0.768266,-1.304005,-2.545032,-1.086073,-1.423221,-0.057575,1,0.101209,0.567842,0.108510,0.557151,0.115844,0.537151,0.115844,0.537151,0,4.211161,0.115844,0.101177,0.577151,0.537151,0.220000
1772480039,207624985,-0.773103,-1.306817,-2.516261,-1.080524,-1.423932,-0.028805,1,0.108189,0.551656,0.115844,0.537151,0.123177,0.517151,0.123177,0.517151,0,3.762049,0.123177,0.108510,0.557151,0.517151,0.220000
1772480039,232689380,-0.775495,-1.308706,-2.502384,-1.077328,-1.423550,-0.015189,1,0.116232,0.535103,0.123177,0.517151,0.130510,0.497151,0.130510,0.497151,0,3.375740,0.130510,0.115844,0.537151,0.497151,0.220000
1772480039,257746044,-0.778119,-1.310331,-2.488673,-1.072140,-1.418983,-0.005256,1,0.123306,0.526326,0.130510,0.497151,0.137844,0.477151,0.137844,0.477151,0,2.902967,0.137844,0.123177,0.517151,0.477151,0.220000
1772480039,307771256,-0.783748,-1.313346,-2.462497,-1.065842,-1.420041,0.020920,1,0.130624,0.482831,0.137844,0.477151,0.145177,0.457151,0.145177,0.457151,0,2.621236,0.145177,0.130510,0.497151,0.457151,0.220000
1772480039,332774545,-0.785061,-1.316526,-2.450903,-1.062852,-1.418444,0.032530,1,0.137971,0.467265,0.145177,0.457151,0.152510,0.437151,0.152510,0.437151,0,2.335015,0.152510,0.137844,0.477151,0.437151,0.220000
1772480039,357785254,-0.788297,-1.317986,-2.438452,-1.059308,-1.421038,0.045234,1,0.146031,0.454605,0.152510,0.437151,0.159844,0.417151,0.159844,0.417151,0,2.230563,0.159844,0.145177,0.457151,0.417151,0.220000
1772480039,407809111,-0.793726,-1.323875,-2.415892,-1.051411,-1.419698,0.067794,1,0.152650,0.417500,0.159844,0.417151,0.167177,0.397151,0.167177,0.397151,0,1.965287,0.167177,0.152510,0.437151,0.397151,0.220000
1772480039,432810956,-0.797450,-1.325498,-2.404786,-1.047427,-1.420986,0.078846,1,0.159986,0.417031,0.167177,0.397151,0.174510,0.377151,0.174510,0.377151,0,1.854852,0.174510,0.159844,0.417151,0.377151,0.220000
1772480039,457847237,-0.800746,-1.327112,-2.393378,-1.043042,-1.426898,0.089321,1,0.167608,0.398211,0.174510,0.377151,0.181844,0.357151,0.181844,0.357151,0,1.889926,0.181844,0.167177,0.397151,0.357151,0.220000
1772480039,507883018,-0.807243,-1.333279,-2.373213,-1.034129,-1.425998,0.109486,1,0.174780,0.350628,0.181844,0.357151,0.189177,0.337151,0.189177,0.337151,0,1.688184,0.189177,0.174510,0.377151,0.337151,0.220000
1772480039,532852327,-0.809606,-1.337184,-2.364578,-1.029867,-1.424129,0.118134,1,0.182254,0.354988,0.189177,0.337151,0.196510,0.317151,0.196510,0.317151,0,1.521938,0.196510,0.181844,0.357151,0.317151,0.220000
1772480039,557948269,-0.813184,-1.339779,-2.355912,-1.025396,-1.419808,0.127046,1,0.188530,0.319584,0.196510,0.317151,0.203844,0.297151,0.203844,0.297151,0,1.323703,0.203844,0.189177,0.337151,0.297151,0.220000
1772480039,607883072,-0.819524,-1.346256,-2.339674,-1.016418,-1.418566,0.143284,1,0.196485,0.324094,0.203844,0.297151,0.211177,0.277151,0.211177,0.277151,0,1.177253,0.211177,0.196510,0.317151,0.277151,0.220000
1772480039,632931581,-0.822081,-1.350399,-2.332543,-1.011948,-1.416646,0.150556,1,0.204411,0.297434,0.211177,0.277151,0.218510,0.257151,0.218510,0.257151,0,1.059612,0.218510,0.203844,0.297151,0.257151,0.220000
1772480039,657932453,-0.824282,-1.354198,-2.325065,-1.009756,-1.410544,0.161032,1,0.215661,0.286306,0.218510,0.257151,0.220000,0.237151,0.220000,0.237151,0,0.826690,0.220000,0.211177,0.277151,0.237151,0.220000
1772480039,707952588,-0.831759,-1.361050,-2.310859,-0.999652,-1.409669,0.175237,1,0.218183,0.244767,0.220000,0.237151,0.220000,0.217151,0.220000,0.217151,0,0.763931,0.220000,0.212667,0.257151,0.217151,0.220000
1772480039,733002777,-0.836043,-1.365011,-2.304377,-0.993908,-1.408797,0.181578,1,0.219940,0.242375,0.220000,0.217151,0.220000,0.197151,0.220000,0.197151,0,0.731027,0.220000,0.212667,0.237151,0.197151,0.220000
1772480039,757939629,-0.840001,-1.369488,-2.298247,-0.989573,-1.399907,0.184514,1,0.219609,0.210369,0.220000,0.197151,0.220000,0.177151,0.220000,0.177151,0,0.579020,0.220000,0.212667,0.217151,0.177151,0.220000
1772480039,807928705,-0.845858,-1.378327,-2.288645,-0.979531,-1.396504,0.194116,1,0.219813,0.189545,0.220000,0.177151,0.220000,0.157151,0.220000,0.157151,0,0.509678,0.220000,0.212667,0.197151,0.157151,0.220000
1772480039,833208620,-0.849721,-1.382700,-2.283678,-0.973666,-1.395355,0.199167,1,0.220814,0.182281,0.220000,0.157151,0.220000,0.137151,0.220000,0.137151,0,0.487204,0.220000,0.212667,0.177151,0.137151,0.220000
1772480039,858025271,-0.853177,-1.384958,-2.278691,-0.966468,-1.394363,0.206117,1,0.219388,0.150073,0.220000,0.137151,0.220000,0.117151,0.220000,0.117151,0,0.464524,0.220000,0.212667,0.157151,0.117151,0.220000
1772480039,908148917,-0.860778,-1.394101,-2.270643,-0.954865,-1.391763,0.214165,1,0.219616,0.111116,0.220000,0.117151,0.220000,0.097151,0.220000,0.097151,0,0.426359,0.220000,0.212667,0.137151,0.097151,0.220000
1772480039,933133937,-0.863410,-1.397771,-2.267644,-0.950597,-1.390592,0.217351,1,0.220044,0.085146,0.220000,0.097151,0.220000,0.089430,0.220000,0.089430,0,0.406502,0.220000,0.212667,0.117151,0.077151,0.220000
1772480039,958146374,-0.867976,-1.402349,-2.264453,-0.945861,-1.393467,0.225981,1,0.219849,0.085571,0.220000,0.089430,0.220000,0.094321,0.220000,0.094321,0,0.428731,0.220000,0.212667,0.109430,0.069430,0.220000
1772480040,8319867,-0.874734,-1.411160,-2.259666,-0.935145,-1.390554,0.230768,1,0.219662,0.060042,0.220000,0.094321,0.220000,0.088319,0.220000,0.088319,0,0.401448,0.220000,0.212667,0.114321,0.074321,0.220000
1772480040,33245472,-0.878885,-1.416413,-2.257574,-0.928674,-1.388788,0.232870,1,0.219482,0.089224,0.220000,0.088319,0.220000,0.085751,0.220000,0.085751,0,0.389778,0.220000,0.212667,0.108319,0.068319,0.220000
1772480040,58266035,-0.881006,-1.419388,-2.255163,-0.925593,-1.384665,0.235558,1,0.219974,0.080838,0.220000,0.085751,0.220000,0.069208,0.220000,0.069208,0,0.314582,0.220000,0.212667,0.105751,0.065751,0.220000
1772480040,108333188,-0.887472,-1.428091,-2.250871,-0.915176,-1.381659,0.239850,1,0.220201,0.075542,0.220000,0.069208,0.220000,0.063059,0.220000,0.063059,0,0.286632,0.220000,0.212667,0.089208,0.049208,0.220000
1772480040,133350872,-0.891464,-1.432695,-2.248618,-0.909199,-1.380569,0.242119,1,0.220230,0.066207,0.220000,0.063059,0.220000,0.062264,0.220000,0.062264,0,0.283020,0.220000,0.212667,0.083059,0.043059,0.220000
1772480040,158379079,-0.894963,-1.437324,-2.246492,-0.903271,-1.383814,0.244745,1,0.219397,0.049966,0.220000,0.062264,0.220000,0.078130,0.220000,0.078130,0,0.355136,0.220000,0.212667,0.082264,0.042264,0.220000
1772480040,208436360,-0.901444,-1.446246,-2.242867,-0.892711,-1.380637,0.248371,1,0.220138,0.062829,0.220000,0.078130,0.220000,0.072044,0.220000,0.072044,0,0.327471,0.220000,0.212667,0.098130,0.058130,0.220000
1772480040,233415486,-0.904808,-1.451124,-2.241472,-0.887179,-1.378834,0.249816,1,0.220483,0.063732,0.220000,0.072044,0.220000,0.069090,0.220000,0.069090,0,0.314047,0.220000,0.212667,0.092044,0.052044,0.220000
1772480040,258471489,-0.908725,-1.455593,-2.239103,-0.884713,-1.379061,0.253889,1,0.220109,0.038551,0.220000,0.069090,0.220000,0.067219,0.220000,0.067219,0,0.305542,0.220000,0.212667,0.089090,0.049090,0.220000
1772480040,308535679,-0.914964,-1.464006,-2.235553,-0.874659,-1.376126,0.257439,1,0.220505,0.042549,0.220000,0.067219,0.220000,0.061953,0.220000,0.061953,0,0.281605,0.220000,0.212667,0.087219,0.047219,0.220000
1772480040,333569058,-0.918419,-1.467757,-2.232939,-0.869630,-1.375397,0.260003,1,0.219604,0.058474,0.220000,0.061953,0.220000,0.061338,0.220000,0.061338,0,0.278809,0.220000,0.212667,0.081953,0.041953,0.220000
1772480040,358661429,-0.921385,-1.472118,-2.230904,-0.864317,-1.379009,0.260503,1,0.219400,0.055940,0.220000,0.061338,0.220000,0.080681,0.220000,0.080681,0,0.366732,0.220000,0.212667,0.081338,0.041338,0.220000
1772480040,408649475,-0.928570,-1.481465,-2.226110,-0.852941,-1.375919,0.265298,1,0.220089,0.054272,0.220000,0.080681,0.220000,0.074190,0.220000,0.074190,0,0.337227,0.220000,0.212667,0.100681,0.060681,0.220000
1772480040,433615635,-0.931463,-1.485631,-2.224436,-0.848116,-1.374353,0.266972,1,0.219813,0.065247,0.220000,0.074190,0.220000,0.071210,0.220000,0.071210,0,0.323680,0.220000,0.212667,0.094190,0.054190,0.220000
1772480040,458677249,-0.934787,-1.490770,-2.223505,-0.842350,-1.372211,0.268008,1,0.219674,0.057709,0.220000,0.071210,0.220000,0.067813,0.220000,0.067813,0,0.308240,0.220000,0.212667,0.091210,0.051210,0.220000
1772480040,508774380,-0.940330,-1.498534,-2.218522,-0.832968,-1.367499,0.276048,1,0.220819,0.081090,0.220000,0.067813,0.220000,0.048725,0.220000,0.048725,0,0.221475,0.220000,0.212667,0.087813,0.047813,0.220000
1772480040,533767008,-0.943986,-1.502735,-2.215566,-0.827518,-1.366351,0.279005,1,0.220110,0.049148,0.220000,0.048725,0.220000,0.046219,0.220000,0.046219,0,0.210087,0.220000,0.212667,0.068725,0.028725,0.220000
1772480040,558778090,-0.946663,-1.506816,-2.213327,-0.822923,-1.364708,0.281243,1,0.219707,0.048854,0.220000,0.046219,0.220000,0.041947,0.220000,0.041947,0,0.190669,0.220000,0.212667,0.066219,0.026219,0.220000
1772480040,608826113,-0.952628,-1.516899,-2.210307,-0.811966,-1.360067,0.284272,1,0.220340,0.036817,0.220000,0.041947,0.220000,0.031577,0.220000,0.031577,0,0.143532,0.220000,0.212667,0.061947,0.021947,0.220000
1772480040,633868675,-0.956166,-1.520770,-2.210137,-0.803768,-1.354212,0.284661,1,0.219621,0.032478,0.220000,0.031577,0.220000,0.017230,0.220000,0.017230,0,0.078319,0.220000,0.212667,0.051577,0.011577,0.220000
1772480040,658827296,-0.959081,-1.525177,-2.209094,-0.798786,-1.352452,0.285705,1,0.220196,0.031942,0.220000,0.017230,0.220000,0.014293,0.220000,0.014293,0,0.064968,0.220000,0.212667,0.037230,-0.002770,0.220000
1772480040,708955820,-0.965545,-1.533749,-2.205890,-0.788463,-1.349507,0.288909,1,0.220293,0.002237,0.220000,0.014293,0.220000,0.009735,0.220000,0.009735,0,0.044250,0.220000,0.212667,0.034293,-0.005707,0.220000
1772480040,733923411,-0.969061,-1.538458,-2.204630,-0.782818,-1.347868,0.290169,1,0.219666,0.011917,0.220000,0.009735,0.220000,0.007851,0.220000,0.007851,0,0.035686,0.220000,0.212667,0.029735,-0.010265,0.220000
1772480040,758939700,-0.973031,-1.543554,-2.203680,-0.776579,-1.346193,0.291119,1,0.220828,0.004295,0.220000,0.007851,0.220000,0.006757,0.220000,0.006757,0,0.030715,0.220000,0.212667,0.027851,-0.012149,0.220000
1772480040,809005842,-0.979273,-1.552035,-2.203406,-0.766487,-1.343187,0.291393,1,0.220300,0.002546,0.220000,0.006757,0.220000,0.005619,0.220000,0.005619,0,0.025539,0.220000,0.212667,0.026757,-0.013243,0.220000
1772480040,834001879,-0.982081,-1.556388,-2.203940,-0.761522,-1.341356,0.290767,1,0.219948,0.007005,0.220000,0.005619,0.220000,0.004711,0.220000,0.004711,0,0.021415,0.220000,0.212667,0.025619,-0.014381,0.220000
1772480040,859031186,-0.984768,-1.561297,-2.202591,-0.753363,-1.337601,0.289357,1,0.219441,-0.003435,0.220000,0.004711,0.220000,0.000866,0.220000,0.000866,0,0.003937,0.220000,0.212667,0.024711,-0.015289,0.220000
1772480040,909055846,-0.990435,-1.571069,-2.201335,-0.742938,-1.333247,0.290613,1,0.219730,-0.006743,0.220000,0.000866,0.220000,-0.006518,0.220000,-0.006518,0,-0.029628,0.220000,0.212667,0.020866,-0.019134,0.220000
1772480040,934141865,-0.993089,-1.574936,-2.201167,-0.738486,-1.331774,0.290781,1,0.219944,-0.015080,0.220000,-0.006518,0.220000,-0.007669,0.220000,-0.007669,0,-0.034861,0.220000,0.212667,0.013482,-0.026518,0.220000
1772480040,959145195,-0.996436,-1.580006,-2.200333,-0.732753,-1.329761,0.291615,1,0.220027,-0.011246,0.220000,-0.007669,0.220000,-0.010411,0.220000,-0.010411,0,-0.047324,0.220000,0.212667,0.012331,-0.027669,0.220000
1772480041,9180381,-1.004086,-1.589229,-2.200117,-0.721083,-1.327044,0.291830,1,0.220414,-0.004681,0.220000,-0.010411,0.219999,-0.008636,0.219999,-0.008636,0,-0.039255,0.219999,0.212667,0.009589,-0.030411,0.219999
1772480041,34207286,-1.007531,-1.593797,-2.200141,-0.715577,-1.325491,0.291806,1,0.219791,-0.017325,0.219999,-0.008636,0.217615,-0.008584,0.217615,-0.008584,0,-0.039448,0.217615,0.212666,0.011364,-0.028636,0.217615
1772480041,59204457,-1.009639,-1.598527,-2.200710,-0.711036,-1.323000,0.291238,1,0.219399,-0.005448,0.217615,-0.008584,0.215511,-0.012448,0.215511,-0.012448,0,-0.057761,0.215511,0.210282,0.011416,-0.028584,0.215511
1772480041,109267871,-1.016228,-1.608264,-2.200077,-0.699900,-1.319232,0.291870,1,0.214531,-0.010398,0.215511,-0.012448,0.210618,-0.015584,0.210618,-0.015584,0,-0.073994,0.210618,0.208177,0.007552,-0.032448,0.210618
1772480041,134269550,-1.019176,-1.612736,-2.199790,-0.694917,-1.317489,0.292083,1,0.210624,-0.014762,0.210618,-0.015584,0.208422,-0.017214,0.208422,-0.017214,0,-0.082593,0.208422,0.203285,0.004416,-0.035584,0.208422
1772480041,159305355,-1.021939,-1.616505,-2.199775,-0.692268,-1.317102,0.290136,1,0.210741,-0.013012,0.208422,-0.017214,0.207316,-0.013165,0.207316,-0.013165,0,-0.063503,0.207316,0.201089,0.002786,-0.037214,0.207316
1772480041,209345352,-1.029508,-1.624412,-2.200109,-0.681455,-1.315406,0.289802,1,0.207354,-0.020943,0.207316,-0.013165,0.202790,-0.007166,0.202790,-0.007166,0,-0.035337,0.202790,0.199983,0.006835,-0.033165,0.202790
1772480041,234398653,-1.031915,-1.628951,-2.200230,-0.676788,-1.313257,0.289681,1,0.202757,-0.005349,0.202790,-0.007166,0.200674,-0.010260,0.200674,-0.010260,0,-0.051127,0.200674,0.195457,0.012834,-0.027166,0.200674
1772480041,259420456,-1.034812,-1.632951,-2.200632,-0.672058,-1.311834,0.289280,1,0.202877,-0.013266,0.200674,-0.010260,0.198617,-0.010078,0.198617,-0.010078,0,-0.050739,0.198617,0.193341,0.009740,-0.030260,0.198617
1772480041,309443337,-1.040341,-1.640398,-2.199982,-0.663146,-1.309267,0.289930,1,0.198191,-0.021503,0.198617,-0.010078,0.194752,-0.011022,0.194752,-0.011022,0,-0.056595,0.194752,0.191283,0.009922,-0.030078,0.194752
1772480041,334425771,-1.043684,-1.645643,-2.200520,-0.657306,-1.307124,0.289392,1,0.194757,-0.003762,0.194752,-0.011022,0.192168,-0.012372,0.192168,-0.012372,0,-0.064380,0.192168,0.187419,0.008978,-0.031022,0.192168
1772480041,359475375,-1.045472,-1.649178,-2.201024,-0.653741,-1.305398,0.288888,1,0.191505,-0.017402,0.192168,-0.012372,0.190542,-0.014878,0.190542,-0.014878,0,-0.078084,0.190542,0.184834,0.007628,-0.032372,0.190542
1772480041,409542146,-1.052630,-1.656849,-2.201134,-0.643397,-1.303640,0.288778,1,0.189893,-0.013426,0.190542,-0.014878,0.186196,-0.009496,0.186196,-0.009496,0,-0.051001,0.186196,0.183209,0.005122,-0.034878,0.186196
1772480041,434528291,-1.054539,-1.662372,-2.200897,-0.638621,-1.300291,0.289143,1,0.191342,-0.016003,0.186196,-0.009496,0.183901,-0.018565,0.183901,-0.018565,0,-0.100953,0.183901,0.178862,0.010504,-0.029496,0.183901
1772480041,459555210,-1.057006,-1.667129,-2.201674,-0.636211,-1.294939,0.291763,1,0.184695,-0.013861,0.183901,-0.018565,0.176568,-0.038565,0.176568,-0.038565,0,-0.240132,0.182342,0.176568,0.001435,-0.038565,0.182342
1772480041,509707738,-1.063071,-1.673635,-2.200512,-0.627449,-1.293414,0.292924,1,0.183659,-0.013424,0.176568,-0.038565,0.178652,-0.040605,0.178652,-0.040605,0,-0.227288,0.178652,0.169235,-0.018565,-0.058565,0.178652
1772480041,534650678,-1.066236,-1.678261,-2.201158,-0.622132,-1.291636,0.292278,1,0.176744,-0.050074,0.178652,-0.040605,0.176320,-0.042734,0.176320,-0.042734,0,-0.242365,0.176320,0.171318,-0.020605,-0.060605,0.176320
1772480041,559677648,-1.069424,-1.680577,-2.201433,-0.618193,-1.291715,0.292004,1,0.178811,-0.040141,0.176320,-0.042734,0.174744,-0.035840,0.174744,-0.035840,0,-0.205102,0.174744,0.168986,-0.022734,-0.062734,0.174744
1772480041,609727558,-1.074602,-1.688538,-2.204070,-0.609259,-1.288494,0.289366,1,0.176036,-0.047247,0.174744,-0.035840,0.170800,-0.035781,0.170800,-0.035781,0,-0.209493,0.170800,0.167411,-0.015840,-0.055840,0.170800
1772480041,634687177,-1.076453,-1.692259,-2.204988,-0.605536,-1.286646,0.288448,1,0.174863,-0.033956,0.170800,-0.035781,0.169102,-0.038411,0.169102,-0.038411,0,-0.227149,0.169102,0.163467,-0.015781,-0.055781,0.169102
1772480041,659727738,-1.078415,-1.695179,-2.206377,-0.602210,-1.285502,0.287060,1,0.170239,-0.041870,0.169102,-0.038411,0.167640,-0.038825,0.167640,-0.038825,0,-0.231599,0.167640,0.161768,-0.018411,-0.058411,0.167640
1772480041,709744353,-1.083998,-1.702942,-2.207064,-0.593072,-1.282684,0.286372,1,0.169198,-0.038833,0.167640,-0.038825,0.163658,-0.038710,0.163658,-0.038710,0,-0.236529,0.163658,0.160306,-0.018825,-0.058825,0.163658
1772480041,734800305,-1.085734,-1.705742,-2.207704,-0.589978,-1.281599,0.285605,1,0.167126,-0.034039,0.163658,-0.038710,0.162296,-0.039229,0.162296,-0.039229,0,-0.241714,0.162296,0.156324,-0.018710,-0.058710,0.162296
1772480041,759902974,-1.087453,-1.709247,-2.209157,-0.585959,-1.282591,0.280651,1,0.161850,-0.033045,0.162296,-0.039229,0.160787,-0.023171,0.160787,-0.023171,0,-0.144108,0.160787,0.154962,-0.019229,-0.059229,0.160787
1772480041,809897091,-1.093067,-1.715903,-2.210259,-0.577458,-1.280705,0.279549,1,0.161653,-0.035803,0.160787,-0.023171,0.157163,-0.018795,0.157163,-0.018795,0,-0.119591,0.157163,0.153453,-0.003171,-0.043171,0.157163
1772480041,834923667,-1.095841,-1.719307,-2.210966,-0.573188,-1.279682,0.278842,1,0.160092,-0.023258,0.157163,-0.018795,0.155334,-0.017067,0.155334,-0.017067,0,-0.109871,0.155334,0.149829,0.001205,-0.038795,0.155334
1772480041,859939805,-1.097999,-1.722206,-2.211254,-0.569714,-1.278686,0.278554,1,0.157197,-0.006890,0.155334,-0.017067,0.153828,-0.017133,0.153828,-0.017133,0,-0.111377,0.153828,0.148001,0.002933,-0.037067,0.153828
1772480041,909929740,-1.101093,-1.727723,-2.212174,-0.563907,-1.276177,0.277634,1,0.155870,-0.015136,0.153828,-0.017133,0.151219,-0.020622,0.151219,-0.020622,0,-0.136370,0.151219,0.146495,0.002867,-0.037133,0.151219
1772480041,934990582,-1.104251,-1.731848,-2.212524,-0.558894,-1.274813,0.277283,1,0.154414,-0.018947,0.151219,-0.020622,0.149054,-0.020020,0.149054,-0.020020,0,-0.134315,0.149054,0.143886,-0.000622,-0.040622,0.149054
1772480041,959968917,-1.107186,-1.734425,-2.213055,-0.554998,-1.274545,0.276752,1,0.151002,-0.018672,0.149054,-0.020020,0.147459,-0.015328,0.147459,-0.015328,0,-0.103949,0.147459,0.141721,-0.000020,-0.040020,0.147459
1772480042,10078871,-1.112022,-1.740754,-2.213337,-0.547357,-1.272331,0.276517,1,0.148828,-0.019459,0.147459,-0.015328,0.144144,-0.015508,0.144144,-0.015508,0,-0.107584,0.144144,0.140125,0.004672,-0.035328,0.144144
1772480042,35060411,-1.113247,-1.743876,-2.213684,-0.545637,-1.267479,0.277422,1,0.147000,-0.010118,0.144144,-0.015508,0.136811,-0.035508,0.136811,-0.035508,0,-0.291189,0.142931,0.136811,0.004492,-0.035508,0.142931
1772480042,60138252,-1.116417,-1.747511,-2.214056,-0.540912,-1.266507,0.277050,1,0.144024,-0.017928,0.136811,-0.035508,0.140923,-0.040112,0.140923,-0.040112,0,-0.284640,0.140923,0.129478,-0.015508,-0.055508,0.140923
1772480042,110157726,-1.119467,-1.753461,-2.214191,-0.534882,-1.263619,0.276915,1,0.136783,-0.034598,0.140923,-0.040112,0.138189,-0.050675,0.138189,-0.050675,0,-0.366709,0.138189,0.133590,-0.020112,-0.060112,0.138189
1772480042,135185565,-1.122228,-1.757021,-2.214157,-0.530529,-1.262457,0.276948,1,0.141326,-0.044087,0.138189,-0.050675,0.136312,-0.046809,0.136312,-0.046809,0,-0.343394,0.136312,0.130856,-0.030675,-0.070675,0.136312
1772480042,160178383,-1.124278,-1.759877,-2.215302,-0.527168,-1.261426,0.275803,1,0.137969,-0.050367,0.136312,-0.046809,0.134849,-0.047502,0.134849,-0.047502,0,-0.352261,0.134849,0.128979,-0.026809,-0.066809,0.134849
1772480042,210198781,-1.128161,-1.765887,-2.218323,-0.520438,-1.258995,0.272783,1,0.136553,-0.050462,0.134849,-0.047502,0.131882,-0.046864,0.131882,-0.046864,0,-0.355347,0.131882,0.127516,-0.027502,-0.067502,0.131882
1772480042,235272886,-1.129829,-1.767577,-2.219217,-0.518088,-1.258659,0.271889,1,0.134720,-0.051359,0.131882,-0.046864,0.130898,-0.044638,0.130898,-0.044638,0,-0.341016,0.130898,0.124548,-0.026864,-0.066864,0.130898
1772480042,260347276,-1.132758,-1.771198,-2.220422,-0.513564,-1.257552,0.270684,1,0.130914,-0.042929,0.130898,-0.044638,0.128957,-0.043994,0.128957,-0.043994,0,-0.341152,0.128957,0.123565,-0.024638,-0.064638,0.128957
1772480042,310346249,-1.135790,-1.776837,-2.221895,-0.507608,-1.254760,0.269194,1,0.131149,-0.045495,0.128957,-0.043994,0.126266,-0.048146,0.126266,-0.048146,0,-0.381305,0.126266,0.121624,-0.023994,-0.063994,0.126266
1772480042,335321754,-1.138700,-1.778870,-2.222636,-0.500641,-1.251134,0.268003,1,0.128455,-0.049344,0.126266,-0.048146,0.123086,-0.058242,0.123086,-0.058242,0,-0.473180,0.123086,0.118933,-0.028146,-0.068146,0.123086
1772480042,360376359,-1.140336,-1.781780,-2.223770,-0.497576,-1.249811,0.266869,1,0.125943,-0.042118,0.123086,-0.058242,0.121714,-0.061634,0.121714,-0.061634,0,-0.506382,0.121714,0.115752,-0.038242,-0.078242,0.121714
1772480042,410390035,-1.143555,-1.786321,-2.225847,-0.492264,-1.248149,0.264792,1,0.123004,-0.056912,0.121714,-0.061634,0.119401,-0.062082,0.119401,-0.062082,0,-0.519950,0.119401,0.114381,-0.041634,-0.081634,0.119401
1772480042,435435672,-1.145754,-1.789832,-2.226850,-0.488388,-1.246688,0.263789,1,0.121673,-0.070359,0.119401,-0.062082,0.117688,-0.063942,0.117688,-0.063942,0,-0.543321,0.117688,0.112067,-0.042082,-0.082082,0.117688
1772480042,460434340,-1.147409,-1.791752,-2.227850,-0.485907,-1.246164,0.262789,1,0.119605,-0.062382,0.117688,-0.063942,0.116632,-0.063292,0.116632,-0.063292,0,-0.542667,0.116632,0.110355,-0.043942,-0.083942,0.116632
1772480042,510456548,-1.151225,-1.796462,-2.230704,-0.480018,-1.244729,0.259935,1,0.118564,-0.055536,0.116632,-0.063292,0.114106,-0.058037,0.114106,-0.058037,0,-0.508624,0.114106,0.109299,-0.043292,-0.083292,0.114106
1772480042,535502173,-1.153452,-1.798597,-2.232388,-0.476952,-1.244380,0.258251,1,0.117243,-0.064290,0.114106,-0.058037,0.112830,-0.053148,0.112830,-0.053148,0,-0.471046,0.112830,0.106773,-0.038037,-0.078037,0.112830
1772480042,560550503,-1.155109,-1.802848,-2.234797,-0.473059,-1.242003,0.255842,1,0.113767,-0.062283,0.112830,-0.053148,0.111023,-0.062449,0.111023,-0.062449,0,-0.562487,0.111023,0.105497,-0.033148,-0.073148,0.111023
1772480042,610630896,-1.158051,-1.806876,-2.237501,-0.468277,-1.240581,0.253138,1,0.112301,-0.055360,0.111023,-0.062449,0.108948,-0.060336,0.108948,-0.060336,0,-0.553803,0.108948,0.103690,-0.042449,-0.082449,0.108948
1772480042,635591715,-1.159995,-1.807893,-2.238031,-0.466115,-1.240950,0.252608,1,0.111070,-0.065996,0.108948,-0.060336,0.108106,-0.053487,0.108106,-0.053487,0,-0.494768,0.108106,0.101615,-0.040336,-0.080336,0.108106
1772480042,660633969,-1.161695,-1.809440,-2.239443,-0.464009,-1.240565,0.251186,1,0.109126,-0.058708,0.108106,-0.053487,0.107216,-0.051981,0.107216,-0.051981,0,-0.484827,0.107216,0.100773,-0.033487,-0.073487,0.107216
1772480042,710694705,-1.164882,-1.815561,-2.242781,-0.462693,-1.232718,0.247572,1,0.107837,-0.048762,0.107216,-0.051981,0.099882,-0.071981,0.099882,-0.071981,0,-1.006632,0.105970,0.099882,-0.031981,-0.071981,0.105970
1772480042,735648008,-1.166160,-1.817254,-2.243906,-0.460650,-1.232147,0.246448,1,0.108035,-0.059448,0.099882,-0.071981,0.093024,-0.091981,0.093024,-0.091981,0,-0.988789,0.105088,0.092549,-0.051981,-0.091981,0.105088
1772480042,760684597,-1.168038,-1.819760,-2.244875,-0.457637,-1.231292,0.245478,1,0.099355,-0.077145,0.093024,-0.091981,0.094342,-0.111981,0.094342,-0.111981,0,-1.186970,0.100357,0.085691,-0.071981,-0.111981,0.103787
1772480042,785695922,-1.169300,-1.821348,-2.246471,-0.455671,-1.230794,0.243883,1,0.092832,-0.088805,0.094342,-0.111981,0.097172,-0.131981,0.097172,-0.131981,0,-1.358216,0.101675,0.087009,-0.091981,-0.131981,0.102943
1772480042,835709936,-1.172816,-1.825706,-2.250429,-0.450233,-1.229459,0.239925,1,0.094403,-0.109056,0.097172,-0.131981,0.100611,-0.124161,0.100611,-0.124161,0,-1.234064,0.100611,0.089839,-0.111981,-0.151981,0.100611
1772480042,860776094,-1.174634,-1.827937,-2.253457,-0.447434,-1.228787,0.236896,1,0.096986,-0.134983,0.100611,-0.124161,0.099413,-0.109993,0.099413,-0.109993,0,-1.106428,0.099413,0.093278,-0.104161,-0.144161,0.099413
1772480042,910786201,-1.177320,-1.831165,-2.259942,-0.443342,-1.227848,0.230412,1,0.100550,-0.133933,0.099413,-0.109993,0.097664,-0.089993,0.097664,-0.089993,0,-0.910370,0.097664,0.092079,-0.089993,-0.129993,0.097664
1772480042,935786005,-1.178892,-1.834336,-2.263593,-0.440169,-1.226279,0.226760,1,0.099666,-0.112434,0.097664,-0.089993,0.096238,-0.090672,0.096238,-0.090672,0,-0.942160,0.096238,0.090330,-0.069993,-0.109993,0.096238
1772480042,960817090,-1.179541,-1.836721,-2.266829,-0.438208,-1.224776,0.223525,1,0.097826,-0.089768,0.096238,-0.090672,0.095316,-0.098323,0.095316,-0.098323,0,-1.031555,0.095316,0.088905,-0.070672,-0.110672,0.095316
1772480042,985811020,-1.182541,-1.837319,-2.268962,-0.435459,-1.226119,0.221392,1,0.095840,-0.089968,0.095316,-0.098323,0.094301,-0.081250,0.094301,-0.081250,0,-0.861601,0.094301,0.087982,-0.078323,-0.118323,0.094301
1772480043,35847280,-1.184040,-1.842027,-2.272519,-0.431413,-1.223282,0.217835,1,0.095076,-0.097522,0.094301,-0.081250,0.092418,-0.091887,0.092418,-0.091887,0,-0.994253,0.092418,0.086968,-0.061250,-0.101250,0.092418
1772480043,60887573,-1.185576,-1.843976,-2.274145,-0.428891,-1.222723,0.216096,1,0.094513,-0.083470,0.092418,-0.091887,0.091342,-0.088829,0.091342,-0.088829,0,-0.972491,0.091342,0.085084,-0.071887,-0.111887,0.091342
1772480043,85940814,-1.188440,-1.843976,-2.275918,-0.422793,-1.226415,0.210707,1,0.092536,-0.102886,0.091342,-0.088829,0.089162,-0.068829,0.089162,-0.068829,0,-0.412750,0.089162,0.084009,-0.068829,-0.108829,0.089162
1772480043,135956834,-1.191389,-1.849619,-2.281007,-0.417017,-1.223736,0.205618,1,0.091697,-0.087440,0.089162,-0.068829,0.086575,-0.048829,0.086575,-0.048829,0,-0.464065,0.086575,0.081828,-0.048829,-0.088829,0.086575
1772480043,160991325,-1.192418,-1.849812,-2.283482,-0.416083,-1.224210,0.203143,1,0.089604,-0.076649,0.086575,-0.048829,0.086235,-0.033936,0.086235,-0.033936,0,-0.393523,0.086235,0.079242,-0.028829,-0.068829,0.086235
1772480043,211008730,-1.195069,-1.854373,-2.287434,-0.411203,-1.222208,0.199191,1,0.085746,-0.043143,0.086235,-0.033936,0.084074,-0.041330,0.084074,-0.041330,0,-0.491599,0.084074,0.078902,-0.013936,-0.053936,0.084074
1772480043,236006434,-1.196626,-1.855133,-2.288188,-0.409505,-1.222553,0.198437,1,0.086098,-0.037106,0.084074,-0.041330,0.083411,-0.031402,0.083411,-0.031402,0,-0.376474,0.083411,0.076740,-0.021330,-0.061330,0.083411
1772480043,261017756,-1.196854,-1.855426,-2.288150,-0.409146,-1.222459,0.198475,1,0.083844,-0.042689,0.083411,-0.031402,0.083256,-0.035641,0.083256,-0.035641,0,-0.428084,0.083256,0.076078,-0.011402,-0.051402,0.083256
1772480043,311092694,-1.201110,-1.860001,-2.289244,-0.402984,-1.221424,0.197381,1,0.083782,-0.032935,0.083256,-0.035641,0.080655,-0.026535,0.080655,-0.026535,0,-0.328991,0.080655,0.075923,-0.015641,-0.055641,0.080655
1772480043,336124973,-1.201925,-1.861395,-2.291241,-0.401488,-1.220814,0.195384,1,0.080382,-0.031196,0.080655,-0.026535,0.079993,-0.032171,0.079993,-0.032171,0,-0.402167,0.079993,0.073322,-0.006535,-0.046535,0.079993
1772480043,361159699,-1.203140,-1.863216,-2.291854,-0.399416,-1.220110,0.194771,1,0.081022,-0.026065,0.079993,-0.032171,0.079088,-0.031044,0.079088,-0.031044,0,-0.392524,0.079088,0.072660,-0.012171,-0.052171,0.079088
1772480043,411165917,-1.205346,-1.865362,-2.292384,-0.396359,-1.219752,0.194241,1,0.079442,-0.029279,0.079088,-0.031044,0.077810,-0.027858,0.077810,-0.027858,0,-0.358022,0.077810,0.071754,-0.011044,-0.051044,0.077810
1772480043,436207463,-1.207693,-1.867618,-2.293216,-0.393123,-1.219393,0.193409,1,0.076882,-0.026999,0.077810,-0.027858,0.076460,-0.025516,0.076460,-0.025516,0,-0.333718,0.076460,0.070477,-0.007858,-0.047858,0.076460
1772480043,461277756,-1.208161,-1.868782,-2.294159,-0.392043,-1.218755,0.192466,1,0.075753,-0.028016,0.076460,-0.025516,0.075965,-0.030261,0.075965,-0.030261,0,-0.398360,0.075965,0.069127,-0.005516,-0.045516,0.075965
1772480043,486254814,-1.209714,-1.871071,-2.295405,-0.389418,-1.217885,0.191220,1,0.075843,-0.019168,0.075965,-0.030261,0.074820,-0.029527,0.074820,-0.029527,0,-0.394636,0.074820,0.068632,-0.010261,-0.050261,0.074820
1772480043,536346494,-1.211074,-1.873782,-2.295601,-0.386862,-1.216463,0.191090,1,0.074066,-0.029080,0.074820,-0.029527,0.073657,-0.041095,0.073657,-0.041095,0,-0.557926,0.073657,0.067487,-0.009527,-0.049527,0.073657
1772480043,561411032,-1.211965,-1.875309,-2.296692,-0.390227,-1.212894,0.191891,1,0.074297,-0.033720,0.073657,-0.041095,0.066324,-0.061095,0.066324,-0.061095,0,-1.268243,0.074754,0.066324,-0.021095,-0.061095,0.074754
1772480043,586313770,-1.213483,-1.875510,-2.298090,-0.388900,-1.213657,0.190493,1,0.073478,-0.037725,0.066324,-0.061095,0.073293,-0.081095,0.073293,-0.081095,0,-1.106447,0.073657,0.058990,-0.041095,-0.081095,0.074267
1772480043,636417398,-1.216299,-1.878600,-2.299432,-0.384786,-1.212914,0.189152,1,0.075757,-0.076910,0.073293,-0.081095,0.072525,-0.066272,0.072525,-0.066272,0,-0.913780,0.072525,0.065960,-0.061095,-0.101095,0.072525
1772480043,661437750,-1.218152,-1.880163,-2.300883,-0.382364,-1.212799,0.187701,1,0.073355,-0.082487,0.072525,-0.066272,0.071524,-0.064944,0.071524,-0.064944,0,-0.907996,0.071524,0.065192,-0.046272,-0.086272,0.071524
1772480043,711467325,-1.219671,-1.883118,-2.305251,-0.379363,-1.211375,0.183333,1,0.073057,-0.067235,0.071524,-0.064944,0.070186,-0.064871,0.070186,-0.064871,0,-0.924263,0.070186,0.064191,-0.044944,-0.084944,0.070186
1772480043,736476618,-1.220434,-1.885503,-2.306619,-0.377307,-1.209943,0.181965,1,0.069849,-0.061343,0.070186,-0.064871,0.069238,-0.071831,0.069238,-0.071831,0,-1.037455,0.069238,0.062853,-0.044871,-0.084871,0.069238
1772480043,761487775,-1.223313,-1.886581,-2.307410,-0.374366,-1.210837,0.181174,1,0.070266,-0.057792,0.069238,-0.071831,0.068098,-0.051831,0.068098,-0.051831,0,-0.748187,0.068098,0.061905,-0.051831,-0.091831,0.068098
1772480043,811551524,-1.225952,-1.889563,-2.310936,-0.370458,-1.210072,0.177647,1,0.069305,-0.062049,0.068098,-0.051831,0.066439,-0.042021,0.066439,-0.042021,0,-0.632477,0.066439,0.060765,-0.031831,-0.071831,0.066439
1772480043,836590370,-1.224586,-1.889626,-2.312931,-0.371505,-1.209191,0.175652,1,0.065301,-0.043683,0.066439,-0.042021,0.066803,-0.052396,0.066803,-0.052396,0,-0.784348,0.066803,0.059106,-0.022021,-0.062021,0.066803
1772480043,861613477,-1.226501,-1.890126,-2.313205,-0.369680,-1.209958,0.175379,1,0.066249,-0.037375,0.066803,-0.052396,0.066111,-0.038002,0.066111,-0.038002,0,-0.574814,0.066111,0.059469,-0.032396,-0.072396,0.066111
1772480043,886622029,-1.227064,-1.892116,-2.314826,-0.368024,-1.208719,0.173757,1,0.067365,-0.061891,0.066111,-0.038002,0.065340,-0.043789,0.065340,-0.043789,0,-0.670162,0.065340,0.058778,-0.018002,-0.058002,0.065340
1772480043,936640245,-1.228872,-1.895226,-2.317310,-0.364697,-1.207348,0.171273,1,0.065362,-0.042867,0.065340,-0.043789,0.063876,-0.044502,0.063876,-0.044502,0,-0.696694,0.063876,0.058007,-0.023789,-0.063789,0.063876
1772480043,961683948,-1.230442,-1.895887,-2.317227,-0.363049,-1.207776,0.171357,1,0.065171,-0.047597,0.063876,-0.044502,0.063231,-0.035143,0.063231,-0.035143,0,-0.555793,0.063231,0.056543,-0.024502,-0.064502,0.063231
1772480044,11717007,-1.232535,-1.899579,-2.319258,-0.359144,-1.206116,0.169326,1,0.062784,-0.038885,0.063231,-0.035143,0.061509,-0.037584,0.061509,-0.037584,0,-0.611035,0.061509,0.055897,-0.015143,-0.055143,0.061509
1772480044,36788639,-1.233854,-1.901415,-2.319672,-0.356980,-1.205459,0.168911,1,0.061609,-0.039100,0.061509,-0.037584,0.060574,-0.037094,0.060574,-0.037094,0,-0.612370,0.060574,0.054175,-0.017584,-0.057584,0.060574
1772480044,61812903,-1.235017,-1.902015,-2.320492,-0.355693,-1.205689,0.168092,1,0.061550,-0.031568,0.060574,-0.037094,0.060061,-0.030212,0.060061,-0.030212,0,-0.503014,0.060061,0.053240,-0.017094,-0.057094,0.060061
1772480044,111843056,-1.237009,-1.905133,-2.322363,-0.352216,-1.204423,0.166220,1,0.058966,-0.032705,0.060061,-0.030212,0.058544,-0.030265,0.058544,-0.030265,0,-0.516967,0.058544,0.052728,-0.010212,-0.050212,0.058544
1772480044,136847454,-1.238603,-1.906485,-2.322924,-0.350128,-1.204318,0.165660,1,0.058304,-0.031527,0.058544,-0.030265,0.057679,-0.024827,0.057679,-0.024827,0,-0.430429,0.057679,0.051211,-0.010265,-0.050265,0.057679
1772480044,161876930,-1.239982,-1.907998,-2.323723,-0.348080,-1.203810,0.164923,1,0.058433,-0.032021,0.057679,-0.024827,0.056802,-0.023125,0.056802,-0.023125,0,-0.407107,0.056802,0.050346,-0.004827,-0.044827,0.056802
1772480044,211902094,-1.241617,-1.910520,-2.324464,-0.344324,-1.198889,0.165885,1,0.056255,-0.022098,0.056802,-0.023125,0.049469,-0.043125,0.049469,-0.043125,0,-1.047895,0.054946,0.049469,-0.003125,-0.043125,0.054946
1772480044,236972578,-1.242856,-1.911572,-2.325543,-0.342701,-1.198803,0.164806,1,0.047338,-0.044627,0.049469,-0.043125,0.054271,-0.052610,0.054271,-0.052610,0,-0.969387,0.054271,0.042136,-0.023125,-0.063125,0.054271
1772480044,262043428,-1.243279,-1.912324,-2.326299,-0.341909,-1.198462,0.164049,1,0.054164,-0.054886,0.054271,-0.052610,0.053925,-0.052585,0.053925,-0.052585,0,-0.975151,0.053925,0.046938,-0.032610,-0.072610,0.053925
1772480044,312037737,-1.246027,-1.916006,-2.328271,-0.337491,-1.197199,0.162077,1,0.053759,-0.048745,0.053925,-0.052585,0.052031,-0.049158,0.052031,-0.049158,0,-0.944783,0.052031,0.046592,-0.032585,-0.072585,0.052031
1772480044,337038770,-1.246058,-1.916147,-2.329484,-0.337382,-1.197106,0.160864,1,0.052292,-0.050147,0.052031,-0.049158,0.051981,-0.048493,0.051981,-0.048493,0,-0.932906,0.051981,0.044697,-0.029158,-0.069158,0.051981
1772480044,362064279,-1.247388,-1.915980,-2.330490,-0.336425,-1.198045,0.159858,1,0.052187,-0.042060,0.051981,-0.048493,0.051637,-0.037202,0.051637,-0.037202,0,-0.720444,0.051637,0.044647,-0.028493,-0.068493,0.051637
1772480044,387161291,-1.248584,-1.917356,-2.331758,-0.334640,-1.197675,0.158590,1,0.051411,-0.030922,0.051637,-0.037202,0.050880,-0.034446,0.050880,-0.034446,0,-0.677013,0.050880,0.044304,-0.017202,-0.057202,0.050880
1772480044,437115194,-1.250253,-1.919647,-2.334389,-0.331923,-1.196865,0.155960,1,0.051209,-0.028677,0.050880,-0.034446,0.050000,-0.031904,0.050000,-0.031904,0,-0.638090,0.050000,0.043546,-0.014446,-0.054446,0.050000
1772480044,462111593,-1.249830,-1.920107,-2.334924,-0.331981,-1.196242,0.155424,1,0.050528,-0.026370,0.050000,-0.031904,0.050000,-0.036555,0.050000,-0.036555,0,-0.731099,0.050000,0.042667,-0.011904,-0.051904,0.050000
1772480044,512175103,-1.252378,-1.923078,-2.335894,-0.328153,-1.195424,0.154454,1,0.050267,-0.043808,0.050000,-0.036555,0.050000,-0.033689,0.050000,-0.033689,0,-0.673780,0.050000,0.042667,-0.016555,-0.056555,0.050000
1772480044,537257664,-1.253369,-1.924026,-2.336853,-0.326790,-1.195271,0.153496,1,0.050085,-0.029360,0.050000,-0.033689,0.050000,-0.031002,0.050000,-0.031002,0,-0.620036,0.050000,0.042667,-0.013689,-0.053689,0.050000
1772480044,562239842,-1.254836,-1.924662,-2.337412,-0.325238,-1.195654,0.152937,1,0.049676,-0.032956,0.050000,-0.031002,0.050000,-0.023932,0.050000,-0.023932,0,-0.478635,0.050000,0.042667,-0.011002,-0.051002,0.050000
1772480044,612279825,-1.255454,-1.926886,-2.339066,-0.323399,-1.194260,0.151282,1,0.050211,-0.022660,0.050000,-0.023932,0.050000,-0.029527,0.050000,-0.029527,0,-0.590548,0.050000,0.042667,-0.003932,-0.043932,0.050000
1772480044,637352566,-1.257121,-1.928026,-2.339751,-0.321382,-1.194364,0.150597,1,0.049738,-0.029716,0.050000,-0.029527,0.050000,-0.025705,0.050000,-0.025705,0,-0.514109,0.050000,0.042667,-0.009527,-0.049527,0.050000
1772480044,662365154,-1.257617,-1.928132,-2.339578,-0.320923,-1.194580,0.150771,1,0.049894,-0.024668,0.050000,-0.025705,0.050000,-0.023654,0.050000,-0.023654,0,-0.473075,0.050000,0.042667,-0.005705,-0.045705,0.050000
1772480044,712450977,-1.259169,-1.930032,-2.341201,-0.318537,-1.194010,0.149147,1,0.049961,-0.021975,0.050000,-0.023654,0.050000,-0.025063,0.050000,-0.025063,0,-0.501262,0.050000,0.042667,-0.003654,-0.043654,0.050000
1772480044,737417915,-1.260058,-1.929934,-2.341727,-0.317890,-1.194627,0.148621,1,0.049698,-0.030007,0.050000,-0.025063,0.050000,-0.018440,0.050000,-0.018440,0,-0.368796,0.050000,0.042667,-0.005063,-0.045063,0.050000
1772480044,762422609,-1.261972,-1.932868,-2.341800,-0.314589,-1.193454,0.148548,1,0.050220,-0.023383,0.050000,-0.018440,0.050000,-0.026124,0.050000,-0.026124,0,-0.522486,0.050000,0.042667,0.001560,-0.038440,0.050000
1772480044,812550995,-1.263177,-1.933416,-2.342798,-0.313298,-1.193749,0.147550,1,0.049954,-0.017463,0.050000,-0.026124,0.050000,-0.020996,0.050000,-0.020996,0,-0.419917,0.050000,0.042667,-0.006124,-0.046124,0.050000
1772480044,820508647,-0.7393611804420852,-2.52143050413463,-0.9959185826088621,-0.31329817353934875,-1.193748803596289,0.14755021357410858,1,0.04987223807321886,-0.020066255639097724,0.05,-0.02612430988953604,0.05,-0.02612430988953604,0.05,-0.02612430988953604,0,nan,nan,nan,nan,nan,nan
1772480044,840316038,-0.7388120548114581,-2.522269737460611,-0.9963744447907565,-0.3127966254268739,-1.1923469745433828,0.14733210368130803,1,0.050321309260049726,-0.02230820300751879,0.05,-0.02612430988953604,0.05,-0.02612430988953604,0.05,-0.02612430988953604,0,nan,nan,nan,nan,nan,nan
1772480044,860352360,-0.7383167014618577,-2.52303638249147,-0.9967421483482718,-0.3127966254268739,-1.1923469745433828,0.14733210368130803,1,0.04116854061640622,-0.009172443609022557,0.04266666666666667,-0.00612430988953604,0.04266666666666667,-0.00612430988953604,0.04266666666666667,-0.00612430988953604,0,nan,nan,nan,nan,nan,nan
1772480044,880495146,-0.7378513927392216,-2.5237569273736633,-0.9968982868767533,-0.31082221166113566,-1.1928608100916127,0.14690196118824606,1,0.04274113879740859,-0.011667616541353398,0.03533333333333334,0.01387569011046396,0.03533333333333334,0.01387569011046396,0.03533333333333334,0.01387569011046396,0,nan,nan,nan,nan,nan,nan
1772480044,900141848,-0.7374372142185998,-2.52439435744148,-0.9968193132715263,-0.3091613242833091,-1.1928304461055768,0.14657690162626633,1,0.033717012489788596,0.006961112781954881,0.03533333333333334,0.01387569011046396,0.03533333333333334,0.01387569011046396,0.03533333333333334,0.01387569011046396,0,nan,nan,nan,nan,nan,nan
1772480044,920376486,-0.7370583504432769,-2.5249902510192612,-0.9965724028878178,-0.30822201413977757,-1.1920766866616983,0.14598015179196755,1,0.03545164790517893,0.009197774436090198,0.028000000000000008,0.03387569011046396,0.028000000000000008,0.03387569011046396,0.028000000000000008,0.03387569011046396,0,nan,nan,nan,nan,nan,nan
1772480044,940389565,-0.7367619870472228,-2.5254434218404387,-0.9959052179813844,-0.30822201413977757,-1.1920766866616983,0.14598015179196755,1,0.027883150565175492,0.0404346917293233,0.028000000000000008,0.03387569011046396,0.028000000000000008,0.03387569011046396,0.028000000000000008,0.03387569011046396,0,nan,nan,nan,nan,nan,nan
1772480044,960353255,-0.7365050755410814,-2.5258441278700885,-0.9950755373253308,-0.3100314938580846,-1.1922080300863929,0.14615091760021673,1,0.019423987016315453,0.04634413533834588,0.020666666666666673,0.05387569011046396,0.020666666666666673,0.05387569011046396,0.020666666666666673,0.05387569011046396,0,nan,nan,nan,nan,nan,nan
1772480044,980527192,-0.7362800697656571,-2.526194618744071,-0.9939986610631415,-0.308474595816151,-1.1926389567981275,0.14789127656440992,1,0.020889551844760303,0.05137184962406016,0.01333333333333334,0.07387569011046397,0.01333333333333334,0.07387569011046397,0.01333333333333334,0.07387569011046397,0,nan,nan,nan,nan,nan,nan
1772480045,279502,-0.7361460980388445,-2.526396036888606,-0.9925323512410493,-0.3062064209707529,-1.1930280666884796,0.1489759648990802,1,0.012987046154247861,0.0751408120300752,0.01333333333333334,0.07387569011046397,0.01333333333333334,0.07387569011046397,0.01333333333333334,0.07387569011046397,0,nan,nan,nan,nan,nan,nan
1772480045,20268547,-0.7360036830536114,-2.5266106279513423,-0.9910439647010314,-0.30694969383130877,-1.1923528525925184,0.15019856477986349,1,0.01283842089910505,0.06894145112781955,0.006000000000000006,0.09387569011046397,0.006000000000000006,0.09387569011046397,0.006000000000000006,0.09387569011046397,0,nan,nan,nan,nan,nan,nan
1772480045,40595278,-0.7359429894091377,-2.526703467062131,-0.9891727789335469,-0.30694969383130877,-1.1923528525925184,0.15019856477986349,1,0.005991689106354558,0.0898390977443609,0.006000000000000006,0.09387569011046397,0.006000000000000006,0.09387569011046397,0.006000000000000006,0.09387569011046397,0,nan,nan,nan,nan,nan,nan
1772480045,60366136,-0.7359111789381935,-2.5267404457660803,-0.9871070694970534,-0.30665367693655066,-1.1915735555729867,0.15332731795250065,1,-0.0011478072146222419,0.11743824812030074,0.0,0.11387569011046397,0.0,0.11387569011046397,0.0,0.11387569011046397,0,nan,nan,nan,nan,nan,nan
1772480045,80332682,-0.7359100833691441,-2.5267308749777477,-0.9847544754533537,-0.3060368454494373,-1.1909725395026556,0.15437748766274206,1,-0.00046983724887022,0.11266809774436091,0.0,0.13387569011046396,0.0,0.13387569011046396,0.0,0.13387569011046396,0,nan,nan,nan,nan,nan,nan
1772480045,100307146,-0.7359089007274544,-2.5267164847819545,-0.9819872672307461,-0.3047771990290431,-1.188740844018897,0.15796665345869618,1,-0.0005820583267742334,0.1503735714285714,0.0,0.13387569011046396,0.0,0.13387569011046396,0.0,0.13387569011046396,0,nan,nan,nan,nan,nan,nan
1772480045,120543551,-0.7359079040829466,-2.526701225815126,-0.9791957295513036,-0.30492046496648717,-1.187093182220222,0.16192089112099028,1,-0.0005573283982838563,0.1318549172932331,0.0,0.15387569011046395,0.0,0.15387569011046395,0.0,0.15387569011046395,0,nan,nan,nan,nan,nan,nan
1772480045,140551009,-0.7359058568837143,-2.5266875435725082,-0.9760699906581145,-0.30492335116618996,-1.187713712748255,0.16455146984456925,1,-0.0004382255728006902,0.17134445864661652,0.0,0.15387569011046395,0.0,0.15387569011046395,0.0,0.15387569011046395,0,nan,nan,nan,nan,nan,nan
1772480045,160780125,-0.7359053778469649,-2.526677089712747,-0.9727331290172252,-0.30492335116618996,-1.187713712748255,0.16455146984456925,1,-0.0004216396323222262,0.18355855639097743,0.0,0.17387569011046394,0.0,0.17387569011046394,0.0,0.17387569011046394,0,nan,nan,nan,nan,nan,nan
1772480045,180658610,-0.7359050671504683,-2.526666546409544,-0.9692180126723393,-0.3045187572982928,-1.1882423158026998,0.16836637516935435,1,-0.0004318563277912307,0.18285333082706767,0.0,0.19387569011046393,0.0,0.19387569011046393,0.0,0.19387569011046393,0,nan,nan,nan,nan,nan,nan
1772480045,200503203,-0.73590398702518,-2.526655049367511,-0.9653261168639026,-0.30450933839156535,-1.1875289890835696,0.17251784710536489,1,-0.00042123603621261935,0.21034404511278196,0.0,0.19387569011046393,0.0,0.19387569011046393,0.0,0.19387569011046393,0,nan,nan,nan,nan,nan,nan
1772480045,220272462,-0.7359031116920243,-2.5266467410423146,-0.9613899098752904,-0.3048091866780589,-1.1879592542848185,0.17769890174214342,1,-0.0004222190392035577,0.20669778195488722,0.0,0.21387569011046392,0.0,0.21387569011046392,0.0,0.21387569011046392,0,nan,nan,nan,nan,nan,nan
1772480045,240271247,-0.7359021878958664,-2.5266365473344923,-0.9571391776278481,-0.3048091866780589,-1.1879592542848185,0.17769890174214342,1,-0.0004043167339845157,0.20970987969924812,0.0,0.21387569011046392,0.0,0.21387569011046392,0.0,0.21387569011046392,0,nan,nan,nan,nan,nan,nan
1772480045,260468524,-0.7359018979348995,-2.5266251513638833,-0.9525825960519647,-0.3049696540977336,-1.1877524967100195,0.18208299239096398,1,-0.000449527134587228,0.23277915037593985,0.0,0.2338756901104639,0.0,0.2338756901104639,0.0,0.2338756901104639,0,nan,nan,nan,nan,nan,nan
1772480045,280527146,-0.7359015685216828,-2.526613299511358,-0.947835261535058,-0.30420468332521855,-1.1880048039547115,0.1879464353618025,1,-0.0004279423212017927,0.22575027819548873,0.0,0.2538756901104639,0.0,0.2538756901104639,0.0,0.2538756901104639,0,nan,nan,nan,nan,nan,nan
1772480045,300531701,-0.7359017306074559,-2.5266057226601517,-0.9427165787849496,-0.30504667282680265,-1.1884214967637776,0.19365278886497037,1,-0.00025703154281164005,0.2529304210526316,0.0,0.2538756901104639,0.0,0.2538756901104639,0.0,0.2538756901104639,0,nan,nan,nan,nan,nan,nan
1772480045,320423233,-0.7359015863307043,-2.526597168882074,-0.9374443818207362,-0.30598806474500995,-1.1889486464247114,0.19968877687251815,1,-0.0004372625895306854,0.26817346616541354,0.0,0.2738756901104639,0.0,0.2738756901104639,0.0,0.2738756901104639,0,nan,nan,nan,nan,nan,nan
1772480045,340894639,-0.7359005315407792,-2.52658702984418,-0.9318009670293853,-0.30598806474500995,-1.1889486464247114,0.19968877687251815,1,-0.00038486577369342185,0.2776147969924812,0.0,0.29387569011046394,0.0,0.29387569011046394,0.0,0.29387569011046394,0,nan,nan,nan,nan,nan,nan
1772480045,360872570,-0.7359001528101076,-2.52657423063082,-0.9260641418338302,-0.3048422092813574,-1.1891069018874005,0.20642967523989475,1,-0.0005053226282485926,0.2990342781954887,0.0,0.29387569011046394,0.0,0.29387569011046394,0.0,0.29387569011046394,0,nan,nan,nan,nan,nan,nan
1772480045,380535322,-0.7358999346479509,-2.5265643462509573,-0.9201662133433465,-0.306978596495743,-1.1894169591301975,0.21280790180111755,1,-0.00039233319673544827,0.3069258721804511,0.0,0.31387569011046396,0.0,0.31387569011046396,0.0,0.31387569011046396,0,nan,nan,nan,nan,nan,nan
1772480045,400301965,-0.7358995962901225,-2.526552264859661,-0.9139305456208682,-0.3077173749011286,-1.1882676133250891,0.22014566675175645,1,-0.0005140239859799179,0.30812333834586464,0.0,0.31387569011046396,0.0,0.31387569011046396,0.0,0.31387569011046396,0,nan,nan,nan,nan,nan,nan
1772480045,420804036,-0.7358992034025815,-2.5265391823590475,-0.9072800701326109,-0.3070842140471668,-1.1887541805647759,0.22817044756043006,1,-0.0005553170852350956,0.32578373684210526,0.0,0.333875690110464,0.0,0.333875690110464,0.0,0.333875690110464,0,nan,nan,nan,nan,nan,nan
1772480045,440513393,-0.7358989265815916,-2.5265281800207293,-0.9006106645012544,-0.30683488050582897,-1.1879002811170505,0.23589096483663632,1,-0.00038890593540427107,0.3352737744360902,0.0,0.353875690110464,0.0,0.353875690110464,0.0,0.353875690110464,0,nan,nan,nan,nan,nan,nan
1772480045,460491127,-0.7358988238228131,-2.526516573068178,-0.8937302638065283,-0.30683488050582897,-1.1879002811170505,0.23589096483663632,1,-0.0005093027946339994,0.3610681127819549,0.0,0.353875690110464,0.0,0.353875690110464,0.0,0.353875690110464,0,nan,nan,nan,nan,nan,nan
1772480045,480510051,-0.7358986894272024,-2.526508122241087,-0.8865836635201667,-0.30687962219809783,-1.1888324661742233,0.244267768843262,1,-0.00011793839854619094,0.3490593007518797,0.0,0.373875690110464,0.0,0.373875690110464,0.0,0.373875690110464,0,nan,nan,nan,nan,nan,nan
1772480045,500347429,-0.7358974821440858,-2.5265087657792487,-0.8791333063667217,-0.30750505603988953,-1.1902067268009662,0.25281673133985505,1,3.516767674235307e-05,0.3817894135338346,0.0,0.373875690110464,0.0,0.373875690110464,0.0,0.373875690110464,0,nan,nan,nan,nan,nan,nan
1772480045,520269338,-0.7358972710734785,-2.526509489773647,-0.871521670562057,-0.30751610636554405,-1.188407079661797,0.26198957252785765,1,-7.183816486912198e-05,0.3820064060150376,0.0,0.393875690110464,0.0,0.393875690110464,0.0,0.393875690110464,0,nan,nan,nan,nan,nan,nan
1772480045,540257149,-0.7358969430486887,-2.5265091140305405,-0.8636012428601667,-0.30751610636554405,-1.188407079661797,0.26198957252785765,1,-3.1906297384764975e-05,0.39139034586466165,0.0,0.41387569011046405,0.0,0.41387569011046405,0.0,0.41387569011046405,0,nan,nan,nan,nan,nan,nan
1772480045,560401125,-0.7358957935383608,-2.526509057289982,-0.855518528223424,-0.30725577797219783,-1.1893623434774956,0.2720664334109355,1,3.367692916296719e-05,0.39554055639097746,0.0,0.41387569011046405,0.0,0.41387569011046405,0.0,0.41387569011046405,0,nan,nan,nan,nan,nan,nan
1772480045,580805359,-0.7358964026892332,-2.526508562615147,-0.847006313682595,-0.3074901174675255,-1.1894092091973814,0.2820082372997137,1,-2.6018866619465114e-05,0.427319,0.0,0.43387569011046406,0.0,0.43387569011046406,0.0,0.43387569011046406,0,nan,nan,nan,nan,nan,nan
1772480045,600687297,-0.7358970610955763,-2.5265072176978287,-0.8384478696966333,-0.3073348287040245,-1.1890523311034802,0.29203599708692296,1,-3.066418415968678e-05,0.43046936842105266,0.0,0.43387569011046406,0.0,0.43387569011046406,0.0,0.43387569011046406,0,nan,nan,nan,nan,nan,nan
1772480045,620504301,-0.7358975755267578,-2.526506746439861,-0.8296430887042695,-0.3073348287040245,-1.1890523311034802,0.29203599708692296,1,-4.351626743246165e-05,0.4531990451127819,0.0,0.4538756901104641,0.0,0.4538756901104641,0.0,0.4538756901104641,0,nan,nan,nan,nan,nan,nan
1772480045,640804312,-0.7358984688660128,-2.526506180869704,-0.8204305702328831,-0.3079556453671555,-1.189405773995802,0.30265426809082935,1,-5.177821914901437e-05,0.4594985037593985,0.0,0.4738756901104641,0.0,0.4738756901104641,0.0,0.4738756901104641,0,nan,nan,nan,nan,nan,nan
1772480045,660303256,-0.7358990528532652,-2.526505692405994,-0.8112062051817723,-0.3089050080726117,-1.1895822384558552,0.31317947232962745,1,-2.5919992212346963e-05,0.479742,0.0,0.4738756901104641,0.0,0.4738756901104641,0.0,0.4738756901104641,0,nan,nan,nan,nan,nan,nan
1772480045,680645218,-0.7358983888137898,-2.5265058738392776,-0.8015053273247297,-0.3076196336124499,-1.1887894400063792,0.32506827961020923,1,-4.287255629286887e-05,0.48271082706766916,0.0,0.4938756901104641,0.0,0.4938756901104641,0.0,0.4938756901104641,0,nan,nan,nan,nan,nan,nan
1772480045,700501880,-0.735897210352771,-2.526505673487328,-0.791725625728855,-0.30818380737012685,-1.1903943066910458,0.33730994455566,1,1.8673467580452952e-05,0.49817186466165414,0.0,0.4938756901104641,0.0,0.4938756901104641,0.0,0.4938756901104641,0,nan,nan,nan,nan,nan,nan
1772480045,720514744,-0.7358987149273013,-2.5265052886478503,-0.7816915538438245,-0.308738035060931,-1.1902937724157772,0.3499798846824366,1,-9.214952051098413e-05,0.5143085112781954,0.0,0.5138756901104641,0.0,0.5138756901104641,0.0,0.5138756901104641,0,nan,nan,nan,nan,nan,nan
1772480045,740985589,-0.7358981833054281,-2.526505873988393,-0.7711668249468566,-0.3083356592406692,-1.1901377269841327,0.3619691619844123,1,-1.949468418076805e-05,0.5318715413533834,0.0,0.5338756901104641,0.0,0.5338756901104641,0.0,0.5338756901104641,0,nan,nan,nan,nan,nan,nan
1772480045,760361704,-0.7358977258797573,-2.5265059304807655,-0.7608067839888513,-0.3083356592406692,-1.1901377269841327,0.3619691619844123,1,7.020065483344772e-05,0.5495002406015037,0.0,0.5338756901104641,0.0,0.5338756901104641,0.0,0.5338756901104641,0,nan,nan,nan,nan,nan,nan
1772480045,780833047,-0.7358981505604825,-2.526505481447362,-0.7499064664553536,-0.3097485474464139,-1.190246631199165,0.37484324500647975,1,-3.554950731112109e-05,0.5343815864661654,0.0,0.5538756901104641,0.0,0.5538756901104641,0.0,0.5538756901104641,0,nan,nan,nan,nan,nan,nan
1772480045,800364729,-0.7358989134190115,-2.5265049484803215,-0.7390701695215505,-0.3098813648122416,-1.1906056200468587,0.38845452414012993,1,-6.675129843528096e-05,0.5509211729323309,0.0,0.5538756901104641,0.0,0.5538756901104641,0.0,0.5538756901104641,0,nan,nan,nan,nan,nan,nan
1772480045,820512515,-0.7358997522362798,-2.5265043963364007,-0.7277223247118734,-0.3090963638361388,-1.1914901281886963,0.40283288746327184,1,-4.828444126385512e-05,0.5836112781954886,0.0,0.5738756901104641,0.0,0.5738756901104641,0.0,0.5738756901104641,0,nan,nan,nan,nan,nan,nan
1772480045,840490706,-0.7359002715803898,-2.526503923803779,-0.7162355728051572,-0.3090963638361388,-1.1914901281886963,0.40283288746327184,1,-3.097518637530933e-05,0.5711893609022556,0.0,0.5938756901104641,0.0,0.5938756901104641,0.0,0.5938756901104641,0,nan,nan,nan,nan,nan,nan
1772480045,860375792,-0.7359009347132942,-2.526503416002868,-0.7044566823108304,-0.3094740174046686,-1.1908434687213865,0.4166873646299717,1,-2.5428696252657248e-05,0.596148,0.0,0.5938756901104641,0.0,0.5938756901104641,0.0,0.5938756901104641,0,nan,nan,nan,nan,nan,nan
1772480045,880678837,-0.7359002085392048,-2.526503253688347,-0.6923554943789263,-0.30952554077219796,-1.1903806028507087,0.43118950831799113,1,7.091401179488036e-05,0.5994169473684211,0.0,0.6,0.0,0.6,0.0,0.6,0,nan,nan,nan,nan,nan,nan
1772480045,900429633,-0.7358997763155434,-2.526503018212267,-0.680434061676106,-0.3095873582909343,-1.1912207492486622,0.44655221432733844,1,4.7802622353731356e-05,0.5914212180451127,0.0,0.6,0.0,0.6,0.0,0.6,0,nan,nan,nan,nan,nan,nan
1772480045,920301763,-0.7359006889639392,-2.5265024479845923,-0.6684576592671014,-0.3098298609478509,-1.1904417136252103,0.46146405628879256,1,-6.779293437794785e-05,0.6093961729323308,0.0,0.6,0.0,0.6,0.0,0.6,0,nan,nan,nan,nan,nan,nan
1772480045,940541009,-0.7359018654149558,-2.526501810881487,-0.6562728255558845,-0.3098298609478509,-1.1904417136252103,0.46146405628879256,1,-3.780996102590056e-05,0.6026126992481203,0.0,0.6,0.0,0.6,0.0,0.6,0,nan,nan,nan,nan,nan,nan
1772480045,960943717,-0.7359014027508821,-2.5265015061142018,-0.644141796136477,-0.3089991088833828,-1.190250628751912,0.4764388808619046,1,-3.778736698014127e-05,0.6152106992481203,0.0,0.6,0.0,0.6,0.0,0.6,0,nan,nan,nan,nan,nan,nan
1772480045,980615260,-0.7359023201602908,-2.5265009347749228,-0.6322074225918293,-0.3098194957902547,-1.1905782946439571,0.4915813460727124,1,-3.63423437082609e-05,0.5884845714285714,0.0,0.6,0.0,0.6,0.0,0.6,0,nan,nan,nan,nan,nan,nan
1772480046,303145,-0.7359029538427441,-2.526500433974073,-0.6203233544477306,-0.3084475969409195,-1.189688441546806,0.5062547416531168,1,-5.5878562797120765e-05,0.5964156165413533,0.0,0.6,0.0,0.6,0.0,0.6,0,nan,nan,nan,nan,nan,nan
1772480046,20637484,-0.7359033389943118,-2.5264999948867706,-0.6081348015065196,-0.30963658659562787,-1.1901123179925497,0.5214348202826738,1,-2.4736720486376027e-05,0.590818,0.0,0.6,0.0,0.6,0.0,0.6,0,nan,nan,nan,nan,nan,nan
1772480046,40514172,-0.7359025901070646,-2.5264998365976603,-0.5961484691522791,-0.30963658659562787,-1.1901123179925497,0.5214348202826738,1,-2.4634466332302473e-05,0.599269,0.0,0.6,0.0,0.6,0.0,0.6,0,nan,nan,nan,nan,nan,nan
1772480046,60250026,-0.7359021045267744,-2.5264991054413892,-0.5842339704212911,-0.30831735464491095,-1.1903324757250782,0.5368675444503865,1,6.16654360811675e-05,0.6107107744360902,0.0,0.6,0.0,0.6,0.0,0.6,0,nan,nan,nan,nan,nan,nan
1772480046,80118517,-0.7359028630598621,-2.526498573490386,-0.5722776472889103,-0.30849484894728585,-1.1901774852973732,0.5518285903184293,1,-5.4565328046747126e-05,0.6025814887218045,0.0,0.6,0.0,0.6,0.0,0.6,0,nan,nan,nan,nan,nan,nan
1772480046,100162738,-0.7359031624890598,-2.526497958273481,-0.5601605164751895,-0.3078660511040119,-1.1905099562416177,0.5667136635789272,1,-2.430615041305976e-05,0.610338,0.0,0.6,0.0,0.6,0.0,0.6,0,nan,nan,nan,nan,nan,nan
1772480046,120134037,-0.7359038238815097,-2.5264968638796708,-0.5481374466216771,-0.30773934419571036,-1.1899609322743134,0.582194678158119,1,-8.349395194494745e-05,0.5962808571428571,0.0,0.6,0.0,0.6,0.0,0.6,0,nan,nan,nan,nan,nan,nan
1772480046,140240516,-0.7359043418616599,-2.5264971927437414,-0.5361010107430211,-0.30773934419571036,-1.1899609322743134,0.582194678158119,1,-2.1166626464820703e-05,0.6099383157894737,0.0,0.6,0.0,0.6,0.0,0.6,0,nan,nan,nan,nan,nan,nan
1772480046,160377048,-0.7359053909433805,-2.526496442705825,-0.5239986356840339,-0.3076228753905057,-1.1900279917123635,0.5968570352243953,1,-6.589919068521997e-05,0.598597067669173,0.0,0.6,0.0,0.6,0.0,0.6,0,nan,nan,nan,nan,nan,nan
1772480046,180275333,-0.7359058606068517,-2.526495982621753,-0.5119355875629984,-0.3094106888434762,-1.190093123208264,0.6119486137407943,1,-3.222620435836744e-05,0.6101724736842105,0.0,0.6,0.0,0.6,0.0,0.6,0,nan,nan,nan,nan,nan,nan
1772480046,200221694,-0.7359067859683318,-2.526495904532858,-0.4999729348327086,-0.30813454064049806,-1.1891720753487516,0.6268905562454476,1,-7.559101562880836e-05,0.6048098270676692,0.0,0.6,0.0,0.6,0.0,0.6,0,nan,nan,nan,nan,nan,nan
1772480046,220296460,-0.7359081524890394,-2.5264952212370186,-0.4878522421947018,-0.3073975310976591,-1.1897291876338356,0.6423643434974003,1,-7.53850318493931e-05,0.6018185263157895,0.0,0.6,0.0,0.6,0.0,0.6,0,nan,nan,nan,nan,nan,nan
1772480046,240515824,-0.7359083522315188,-2.526494495522474,-0.4757237858866397,-0.3073975310976591,-1.1897291876338356,0.6423643434974003,1,5.257085875575507e-05,0.6084443308270676,0.0,0.6,0.0,0.6,0.0,0.6,0,nan,nan,nan,nan,nan,nan
1772480046,260313562,-0.7359095842772525,-2.526493845773335,-0.4637912907178184,-0.3082437366849069,-1.1896219090503684,0.6577042290301444,1,-5.8861307465344415e-05,0.5908057218045113,0.0,0.6,0.0,0.6,0.0,0.6,0,nan,nan,nan,nan,nan,nan
1772480046,280507877,-0.7359107620732819,-2.526493209375019,-0.45164847084860676,-0.3077525537292849,-1.1894746962666263,0.672613280661721,1,-5.6803137365894665e-05,0.6103796015037594,0.0,0.6,0.0,0.6,0.0,0.6,0,nan,nan,nan,nan,nan,nan
1772480046,300462144,-0.7359107026276667,-2.5264928808634513,-0.4396452627372973,-0.3070481592566101,-1.1887508762488253,0.6878073158253991,1,-8.092463233418289e-05,0.5849357443609022,0.0,0.6,0.0,0.6,0.0,0.6,0,nan,nan,nan,nan,nan,nan
1772480046,320582503,-0.735910826126858,-2.5264925071303757,-0.42751814873430405,-0.30676455078078835,-1.1887798263441574,0.7030312156957077,1,4.2805867527096656e-05,0.5954977669172932,0.0,0.6,0.0,0.6,0.0,0.6,0,nan,nan,nan,nan,nan,nan
1772480046,340255338,-0.7359120925127985,-2.5264918487278116,-0.4157008581308154,-0.30676455078078835,-1.1887798263441574,0.7030312156957077,1,-7.985612880282683e-05,0.5927857593984963,0.0,0.6,0.0,0.6,0.0,0.6,0,nan,nan,nan,nan,nan,nan
1772480046,360375152,-0.735910543717926,-2.526491891315533,-0.4035527588907079,-0.306403023694763,-1.1895202655899497,0.7176559325062312,1,8.905245954675818e-05,0.6105737368421053,0.0,0.6,0.0,0.6,0.0,0.6,0,nan,nan,nan,nan,nan,nan
1772480046,380372625,-0.7359111080316908,-2.5264914076345226,-0.3915212758200362,-0.30683406800831126,-1.1897676408752758,0.7319451233284813,1,-4.47164128207242e-05,0.598101022556391,0.0,0.6,0.0,0.6,0.0,0.6,0,nan,nan,nan,nan,nan,nan
1772480046,400370616,-0.7359119137151575,-2.526491465319196,-0.3794954806199762,-0.30932011162863304,-1.1940308919500993,0.7429992954762618,1,-3.934830673512195e-05,0.6008066090225563,0.0,0.6,0.0,0.6,0.0,0.6,0,nan,nan,nan,nan,nan,nan
1772480046,420542011,-0.7359106724058956,-2.526490961150285,-0.36736767915889956,-0.30963384004402705,-1.1929091571217558,0.7584065782781737,1,3.375830670994279e-05,0.5980174436090225,0.0,0.6,0.0,0.6,0.0,0.6,0,nan,nan,nan,nan,nan,nan
1772480046,440652703,-0.7359102698030829,-2.5264906507458025,-0.35525705865283547,-0.30963384004402705,-1.1929091571217558,0.7584065782781737,1,5.725767840833652e-05,0.6082232030075189,0.0,0.6,0.0,0.6,0.0,0.6,0,nan,nan,nan,nan,nan,nan
1772480046,460632199,-0.7359089990545346,-2.526490623425885,-0.34323661602551775,-0.30841910575741993,-1.1930631198699508,0.7733669425727893,1,4.425677470437778e-05,0.5967829097744362,0.0,0.6,0.0,0.6,0.0,0.6,0,nan,nan,nan,nan,nan,nan
1772480046,480314730,-0.7359096534683651,-2.526489983856824,-0.3314259503884322,-0.3086175167891305,-1.1933551060142347,0.7883486885580506,1,-2.1504472916825434e-05,0.589834,0.0,0.6,0.0,0.6,0.0,0.6,0,nan,nan,nan,nan,nan,nan
1772480046,500537054,-0.7359093893506107,-2.526489706428492,-0.31913852085640926,-0.3080130006673718,-1.1940247769157484,0.8038889490035077,1,-4.9479133639971104e-05,0.5998273909774436,0.0,0.6,0.0,0.6,0.0,0.6,0,nan,nan,nan,nan,nan,nan
1772480046,520693916,-0.7359100509034984,-2.5264891516337946,-0.30711836504466916,-0.30835082425501925,-1.1928124151403834,0.818226916564652,1,-5.6002474227549364e-05,0.5953805939849623,0.0,0.6,0.0,0.6,0.0,0.6,0,nan,nan,nan,nan,nan,nan
1772480046,540951979,-0.7359093482039929,-2.5264893265528934,-0.2949881692848457,-0.30835082425501925,-1.1928124151403834,0.818226916564652,1,9.329397034924346e-05,0.6027676992481202,0.0,0.6,0.0,0.6,0.0,0.6,0,nan,nan,nan,nan,nan,nan
1772480046,560517018,-0.73590886146769,-2.526489790364634,-0.28311211272453457,-0.3121152218525478,-1.192355893131295,0.8294003419238899,1,-1.3106687585055891e-05,0.5925376090225564,0.0,0.6,0.0,0.6,0.0,0.6,0,nan,nan,nan,nan,nan,nan
1772480046,580508077,-0.7359092238505117,-2.5264892993273462,-0.2711631127245475,-0.31248479655956407,-1.192528846887615,0.844129660267359,1,-2.0572627113797278e-05,0.591802,0.0,0.6,0.0,0.6,0.0,0.6,0,nan,nan,nan,nan,nan,nan
1772480046,600803412,-0.7359092537416897,-2.526488239241206,-0.25886360883644594,-0.31237138304584633,-1.192258976462457,0.8592415010697323,1,3.8421739718196897e-05,0.6089243684210526,0.0,0.6,0.0,0.6,0.0,0.6,0,nan,nan,nan,nan,nan,nan
1772480046,620507945,-0.7359102893289691,-2.52648761261439,-0.24697180113694725,-0.3134570047309362,-1.1928776434711037,0.8738486895394089,1,-6.897085902326303e-05,0.6051752932330827,0.0,0.6,0.0,0.6,0.0,0.6,0,nan,nan,nan,nan,nan,nan
1772480046,640809007,-0.7359089325436735,-2.526487950693823,-0.23478470180596034,-0.3134570047309362,-1.1928776434711037,0.8738486895394089,1,6.824644526507974e-05,0.5940506992481204,0.0,0.6,0.0,0.6,0.0,0.6,0,nan,nan,nan,nan,nan,nan
1772480046,660313649,-0.7359082687346635,-2.5264884590813392,-0.2230015907236229,-0.3126779211866051,-1.1939134882764308,0.8890945226819331,1,0.00010296474698610864,0.5860951052631579,0.0,0.6,0.0,0.6,0.0,0.6,0,nan,nan,nan,nan,nan,nan
1772480046,680260585,-0.7359088524202866,-2.5264878163619002,-0.21100139058698272,-0.30798877893300247,-1.1933286594966979,0.9044642777007338,1,-1.9567925903124947e-05,0.600798,0.0,0.6,0.0,0.6,0.0,0.6,0,nan,nan,nan,nan,nan,nan
1772480046,700498836,-0.7359109743128202,-2.526486944725854,-0.19885420621927707,-0.3073822733791154,-1.1940294043157431,0.9197100658079422,1,-0.0001522614322002355,0.5867171729323308,0.0,0.6,0.0,0.6,0.0,0.6,0,nan,nan,nan,nan,nan,nan
1772480046,720438362,-0.7359118992667684,-2.526486371653783,-0.1868678784266926,-0.3073587223747105,-1.194536328712784,0.9346031648588441,1,-9.708708447418996e-05,0.6081886691729324,0.0,0.6,0.0,0.6,0.0,0.6,0,nan,nan,nan,nan,nan,nan
1772480046,740831000,-0.7359121772055066,-2.526485958986289,-0.1745936838276059,-0.3073587223747105,-1.194536328712784,0.9346031648588441,1,-8.70717100901184e-05,0.6011982105263157,0.0,0.6,0.0,0.6,0.0,0.6,0,nan,nan,nan,nan,nan,nan
1772480046,760592821,-0.7359112716291442,-2.526485841406567,-0.16262742513306347,-0.3075748305415673,-1.193768668449829,0.9498955350507067,1,3.76069244609965e-05,0.6030103684210526,0.0,0.6,0.0,0.6,0.0,0.6,0,nan,nan,nan,nan,nan,nan
1772480046,780260329,-0.7359129333080717,-2.5264849342349964,-0.15079168270942134,-0.3063398996551956,-1.1941738275707403,0.9648192925167317,1,-8.896054027595597e-05,0.5965865112781956,0.0,0.6,0.0,0.6,0.0,0.6,0,nan,nan,nan,nan,nan,nan
1772480046,800790704,-0.7359130732894422,-2.5264845557602547,-0.13847566356171725,-0.30276532889724583,-1.1956705140418236,0.9764748028345455,1,-4.889869901601063e-05,0.5938125037593985,0.0,0.6,0.0,0.6,0.0,0.6,0,nan,nan,nan,nan,nan,nan
1772480046,820496921,-0.7359121433301047,-2.5264844446400896,-0.12658226139286552,-0.3031702663518332,-1.1957339693763331,0.9915284472065269,1,6.152953380786504e-05,0.5945282105263159,0.0,0.6,0.0,0.6,0.0,0.6,0,nan,nan,nan,nan,nan,nan
1772480046,840551266,-0.7359125453810523,-2.526484001396493,-0.11448780953132241,-0.3031702663518332,-1.1957339693763331,0.9915284472065269,1,-7.69011434520456e-05,0.5934777368421053,0.0,0.6,0.0,0.6,0.0,0.6,0,nan,nan,nan,nan,nan,nan
1772480046,860525447,-0.7359139699230501,-2.5264831633655063,-0.10250270572815268,-0.3020118591278136,-1.1943037947566548,1.007214117656764,1,-8.114789883727139e-05,0.604383969924812,0.0,0.6,0.0,0.6,0.0,0.6,0,nan,nan,nan,nan,nan,nan
1772480046,880291188,-0.7359137318241662,-2.526482879604903,-0.09062443232859252,-0.3024554268592361,-1.1944786665108795,1.0220579913062273,1,3.1872905031864314e-05,0.6063855714285714,0.0,0.6,0.0,0.6,0.0,0.6,0,nan,nan,nan,nan,nan,nan
1772480046,900430428,-0.735913740683272,-2.5264825341700092,-0.07849663240541459,-0.3039421851226236,-1.1935826338238096,1.0404525485182925,1,-5.0543353161120804e-05,0.6117956090225564,0.0,0.6,0.0,0.6,0.0,0.6,0,nan,nan,nan,nan,nan,nan
1772480046,920313323,-0.7359146875044895,-2.526481955621886,-0.06649943496840292,-0.3044445890753229,-1.193529344017773,1.0552473426404523,1,-6.995764961556662e-05,0.5978465187969925,0.0,0.6,0.0,0.6,0.0,0.6,0,nan,nan,nan,nan,nan,nan
1772480046,940520294,-0.7359152064226018,-2.526481483106695,-0.05437367998565534,-0.3044445890753229,-1.193529344017773,1.0552473426404523,1,2.8766466053766853e-05,0.6122288195488722,0.0,0.6,0.0,0.6,0.0,0.6,0,nan,nan,nan,nan,nan,nan
1772480046,960181956,-0.7359152850607775,-2.526480606906444,-0.04248352528862753,-0.304844357166822,-1.1933998848378184,1.0702194303156078,1,-5.0107499067426857e-05,0.5933206015037594,0.0,0.6,0.0,0.6,0.0,0.6,0,nan,nan,nan,nan,nan,nan
1772480046,980548394,-0.7359164872888488,-2.5264799644841274,-0.03027885128362229,-0.30513754970370055,-1.1941495574816687,1.085255534353976,1,-7.335951904729421e-05,0.6148257518796992,0.0,0.6,0.0,0.6,0.0,0.6,0,nan,nan,nan,nan,nan,nan
1772480047,689920,-0.735917972955818,-2.526479251513685,-0.018169869797002747,-0.3088138673284413,-1.192804502981189,1.102409056403851,1,-8.547591696658421e-05,0.6121963157894736,0.0,0.6,0.0,0.6,0.0,0.6,0,nan,nan,nan,nan,nan,nan
1772480047,20551812,-0.7359189396603989,-2.5264774681247872,-0.006208314002133619,-0.30903980841379086,-1.1923075367369338,1.1175535367030205,1,-6.871898502419604e-05,0.6021293909774437,0.0,0.6,0.0,0.6,0.0,0.6,0,nan,nan,nan,nan,nan,nan
1772480047,40920732,-0.7359191176210994,-2.5264769759263026,0.00600304119534556,-0.30903980841379086,-1.1923075367369338,1.1175535367030205,1,5.379660118270756e-05,0.6038506842105263,0.0,0.6,0.0,0.6,0.0,0.6,0,nan,nan,nan,nan,nan,nan
1772480047,60360975,-0.7359192414834086,-2.5264766022716385,0.017796152206404514,-0.30834143910884215,-1.1922883959205075,1.1327491022601417,1,-8.557959893410655e-05,0.5897254436090226,0.0,0.6,0.0,0.6,0.0,0.6,0,nan,nan,nan,nan,nan,nan
1772480047,80263728,-0.735919703028567,-2.526476144329253,0.029775248153800504,-0.3087510913987086,-1.1925387071988856,1.1479987141410346,1,4.544248417470387e-05,0.6073920075187971,0.0,0.6,0.0,0.6,0.0,0.6,0,nan,nan,nan,nan,nan,nan
1772480047,100304198,-0.7359191453823972,-2.526475939881439,0.041875430796626034,-0.3098839234141768,-1.1908747505949535,1.162869387964881,1,2.0369020151787365e-05,0.5951242781954887,0.0,0.6,0.0,0.6,0.0,0.6,0,nan,nan,nan,nan,nan,nan
1772480047,120390140,-0.7359185186766519,-2.5264757527497523,0.05393402510081913,-0.30894190036225266,-1.190860705025888,1.177941701076709,1,2.7377102614754996e-05,0.5968199323308271,0.0,0.6,0.0,0.6,0.0,0.6,0,nan,nan,nan,nan,nan,nan
1772480047,140787433,-0.7359173926390875,-2.526475689690464,0.06621560202531285,-0.30894190036225266,-1.190860705025888,1.177941701076709,1,5.58589020691242e-05,0.6012125639097744,0.0,0.6,0.0,0.6,0.0,0.6,0,nan,nan,nan,nan,nan,nan
1772480047,160521516,-0.7359163232293291,-2.526474595630538,0.07812533041429859,-0.3080426051687306,-1.1899291199086415,1.193253510959364,1,6.288386539570714e-05,0.6030350751879698,0.0,0.6,0.0,0.6,0.0,0.6,0,nan,nan,nan,nan,nan,nan
1772480047,180302581,-0.7359177903624385,-2.526473882103482,0.09008845087187822,-0.31012451435288524,-1.1911238678385354,1.2080145227219623,1,-6.693541897285712e-05,0.5954966315789474,0.0,0.6,0.0,0.6,0.0,0.6,0,nan,nan,nan,nan,nan,nan
1772480047,200501348,-0.7359180984342043,-2.5264734624471052,0.10220446290573547,-0.3109075381726125,-1.1913387093415975,1.225767433705978,1,-6.111320414159643e-05,0.6027234135338346,0.0,0.6,0.0,0.6,0.0,0.6,0,nan,nan,nan,nan,nan,nan
1772480047,220286509,-0.7359183532790002,-2.5264730558729784,0.11410079362865488,-0.31014624083153786,-1.1905905858727437,1.2415782092241137,1,4.8555148461589775e-05,0.6090009022556392,0.0,0.6,0.0,0.6,0.0,0.6,0,nan,nan,nan,nan,nan,nan
1772480047,240602100,-0.7359180757070136,-2.526472781502415,0.12633530507718047,-0.31014624083153786,-1.1905905858727437,1.2415782092241137,1,4.9490283638673105e-05,0.5970897669172932,0.0,0.6,0.0,0.6,0.0,0.6,0,nan,nan,nan,nan,nan,nan
1772480047,260968643,-0.7359182323486394,-2.526472399849229,0.13847321962082404,-0.31040037289189915,-1.1895860679616068,1.2566585071852572,1,-3.533637958431062e-05,0.6363641428571429,0.0,0.6,0.0,0.6,0.0,0.6,0,nan,nan,nan,nan,nan,nan
1772480047,280447938,-0.7359179441229102,-2.5264719309260606,0.1502908592572005,-0.31124148361997506,-1.1908101671834808,1.2712748588928948,1,6.415691517860488e-05,0.596187097744361,0.0,0.6,0.0,0.6,0.0,0.6,0,nan,nan,nan,nan,nan,nan
1772480047,300280489,-0.7359166942099221,-2.52647189891067,0.1622901745315808,-0.3131123706279526,-1.188292682272397,1.288522209182727,1,6.545511914163215e-05,0.613788969924812,0.0,0.6,0.0,0.6,0.0,0.6,0,nan,nan,nan,nan,nan,nan
1772480047,320155521,-0.7359181704844037,-2.5264711883855977,0.17429521207411727,-0.31452030677999687,-1.1883702643770515,1.3024292648309241,1,-6.795873555681698e-05,0.5945658571428571,0.0,0.6,0.0,0.6,0.0,0.6,0,nan,nan,nan,nan,nan,nan
1772480047,340665616,-0.735916637806977,-2.5264710186407986,0.1866633391223793,-0.31452030677999687,-1.1883702643770515,1.3024292648309241,1,6.4047232047038e-05,0.6071672706766916,0.0,0.6,0.0,0.6,0.0,0.6,0,nan,nan,nan,nan,nan,nan
1772480047,360620483,-0.735915743047266,-2.5264708986580016,0.19861953147928446,-0.31407534732358355,-1.188241964927889,1.3180850766287433,1,4.185194936365908e-05,0.5905602481203007,0.0,0.6,0.0,0.6,0.0,0.6,0,nan,nan,nan,nan,nan,nan
1772480047,380595412,-0.735915424271574,-2.5264706347354173,0.21066628792884856,-0.3130444751363526,-1.187830398744305,1.3331173944170276,1,-1.1683086561969586e-05,0.597996135338346,0.0,0.6,0.0,0.6,0.0,0.6,0,nan,nan,nan,nan,nan,nan
1772480047,400423651,-0.7359158270746617,-2.5264701913101586,0.22257173554159593,-0.3132927764361706,-1.1876127774291854,1.3478308253848825,1,-6.83023958248772e-05,0.599793962406015,0.0,0.6,0.0,0.6,0.0,0.6,0,nan,nan,nan,nan,nan,nan
1772480047,420179622,-0.7359149562052361,-2.526470065167409,0.23452778637177474,-0.3132927764361706,-1.1876127774291854,1.3478308253848825,1,3.767324680561162e-05,0.5948584812030075,0.0,0.6,0.0,0.6,0.0,0.6,0,nan,nan,nan,nan,nan,nan
1772480047,440411139,-0.7359147597615209,-2.526469038851058,0.2466607639260765,-0.313592837713911,-1.1878689226399106,1.3628786017876118,1,9.09024749515948e-05,0.5927634511278195,0.0,0.6,0.0,0.6,0.0,0.6,0,nan,nan,nan,nan,nan,nan
1772480047,460421035,-0.7359148063997721,-2.5264685331974444,0.2586961526621856,-0.3121467851751709,-1.186914367031878,1.378127996432584,1,-6.768522039276614e-05,0.590099090225564,0.0,0.6,0.0,0.6,0.0,0.6,0,nan,nan,nan,nan,nan,nan
1772480047,480499979,-0.7359139512185757,-2.5264684029644373,0.27084011076202685,-0.3132738825329673,-1.1880355109606917,1.392738748821009,1,5.41563612887771e-05,0.6063515563909775,0.0,0.6,0.0,0.6,0.0,0.6,0,nan,nan,nan,nan,nan,nan
1772480047,500269821,-0.7359142231898324,-2.5264679922064484,0.2827783390601333,-0.3094049791343658,-1.1878640440906465,1.4070073754831105,1,4.1136502530866624e-05,0.5880122406015037,0.0,0.6,0.0,0.6,0.0,0.6,0,nan,nan,nan,nan,nan,nan
1772480047,520642919,-0.7359143904683322,-2.526467607392624,0.29500019306023617,-0.3094049791343658,-1.1878640440906465,1.4070073754831105,1,-4.354833831462165e-05,0.6119669624060151,0.0,0.6,0.0,0.6,0.0,0.6,0,nan,nan,nan,nan,nan,nan
1772480047,540627492,-0.7359133230955202,-2.5264671402565213,0.307052522019962,-0.3093614703120413,-1.1882258270520563,1.4213632240236744,1,6.998404783342864e-05,0.6051896090225564,0.0,0.6,0.0,0.6,0.0,0.6,0,nan,nan,nan,nan,nan,nan
1772480047,560593129,-0.7359134131239373,-2.5264667751240624,0.3190868348225031,-0.3099315787412835,-1.1886255061773885,1.436629637227834,1,-5.0694563543066934e-05,0.5991234210526316,0.0,0.6,0.0,0.6,0.0,0.6,0,nan,nan,nan,nan,nan,nan
1772480047,580285728,-0.7359130753142947,-2.526466516044882,0.33090270433224944,-0.30995281261274066,-1.1881650958019219,1.4510727725246622,1,6.112311423846454e-05,0.597933090225564,0.0,0.6,0.0,0.6,0.0,0.6,0,nan,nan,nan,nan,nan,nan
1772480047,600182454,-0.7359136139952789,-2.526466038889343,0.34287134042343226,-0.3082976411824725,-1.1914736975472944,1.4626413679612504,1,-7.769927295224425e-05,0.6039848796992482,0.0,0.6,0.0,0.6,0.0,0.6,0,nan,nan,nan,nan,nan,nan
1772480047,620291349,-0.7359126718167202,-2.5264659300099512,0.35499481946765243,-0.3082976411824725,-1.1914736975472944,1.4626413679612504,1,3.6019676884696116e-05,0.6040334586466165,0.0,0.6,0.0,0.6,0.0,0.6,0,nan,nan,nan,nan,nan,nan
1772480047,640402053,-0.735912336706256,-2.526465670544828,0.3671036713060012,-0.30692063155183824,-1.1910415885991779,1.4779418831390503,1,7.84591094654925e-05,0.5941130601503759,0.0,0.6,0.0,0.6,0.0,0.6,0,nan,nan,nan,nan,nan,nan
1772480047,660281263,-0.735912585691253,-2.5264652655091364,0.3790950369608375,-0.3071944460181677,-1.1903783719882297,1.4926564004555982,1,-6.462041288463474e-05,0.6064993157894737,0.0,0.6,0.0,0.6,0.0,0.6,0,nan,nan,nan,nan,nan,nan
1772480047,680933573,-0.7359138893441322,-2.5264638907279555,0.3915649242546415,-0.3067815242248817,-1.1896099610703068,1.5077915738428338,1,-2.244288003702486e-05,0.6408514285714285,0.0,0.6,0.0,0.6,0.0,0.6,0,nan,nan,nan,nan,nan,nan
1772480047,700522527,-0.7359139835429208,-2.5264634145728713,0.4033688060103949,-0.3058029971417491,-1.1928544589740924,1.524204492526325,1,-3.3887027136226496e-05,0.6192985939849623,0.0,0.6,0.0,0.6,0.0,0.6,0,nan,nan,nan,nan,nan,nan
1772480047,720269190,-0.7359140494652529,-2.526463055373772,0.4152132631405898,-0.3048320400183142,-1.192985054174874,1.5392215983226707,1,-4.673232860132557e-05,0.5871553984962405,0.0,0.6,0.0,0.6,0.0,0.6,0,nan,nan,nan,nan,nan,nan
1772480047,740530363,-0.7359130687768587,-2.526462956175296,0.4274419715225584,-0.3048320400183142,-1.192985054174874,1.5392215983226707,1,5.0886908382844016e-05,0.6080415413533834,0.0,0.6,0.0,0.6,0.0,0.6,0,nan,nan,nan,nan,nan,nan
1772480047,760326291,-0.7359131419882912,-2.5264625948833324,0.439392386653612,-0.30538908074590143,-1.1915428758065958,1.554338971933959,1,4.8661641320335434e-05,0.5886746541353384,0.0,0.6,0.0,0.6,0.0,0.6,0,nan,nan,nan,nan,nan,nan
1772480047,780712521,-0.7359127729135089,-2.526462343659438,0.4516694424371969,-0.30575818065161364,-1.191629557256888,1.5696974221420623,1,-2.5686187454096053e-05,0.6088922556390978,0.0,0.6,0.0,0.6,0.0,0.6,0,nan,nan,nan,nan,nan,nan
1772480047,800492879,-0.7359132066225936,-2.52646139976078,0.46356736648737146,-0.30561326117609466,-1.1971969964890583,1.5843914618252717,1,-6.852647110829875e-05,0.6094984586466166,0.0,0.6,0.0,0.6,0.0,0.6,0,nan,nan,nan,nan,nan,nan
1772480047,820497369,-0.7359123146048923,-2.5264616215249256,0.4756156933717826,-0.30561326117609466,-1.1971969964890583,1.5843914618252717,1,3.676744990196202e-05,0.6013853383458646,0.0,0.6,0.0,0.6,0.0,0.6,0,nan,nan,nan,nan,nan,nan
1772480047,840552391,-0.7359114437942316,-2.526461495154526,0.4876447447293976,-0.3049531974401427,-1.1970857750785489,1.599472068212656,1,3.5890343155715706e-05,0.5948764736842105,0.0,0.6,0.0,0.6,0.0,0.6,0,nan,nan,nan,nan,nan,nan
1772480047,860400642,-0.7359128965231789,-2.5264607903552183,0.4996069248154705,-0.3055454862618583,-1.1973263084683374,1.6144410822797473,1,-4.665073281582689e-05,0.6004057518796992,0.0,0.6,0.0,0.6,0.0,0.6,0,nan,nan,nan,nan,nan,nan
1772480047,880403910,-0.7359128334912878,-2.5264604630114005,0.5116521531872031,-0.3043578764964354,-1.196284378194214,1.629866047323403,1,-4.062523528296209e-05,0.6039354060150376,0.0,0.6,0.0,0.6,0.0,0.6,0,nan,nan,nan,nan,nan,nan
1772480047,900304817,-0.7359123823581741,-2.5264602324107974,0.5236056977825178,-0.3017493746546589,-1.1975349119969754,1.6451746388521695,1,5.880517826777605e-05,0.596068992481203,0.0,0.6,0.0,0.6,0.0,0.6,0,nan,nan,nan,nan,nan,nan
1772480047,920504097,-0.7359123238922827,-2.5264599038501734,0.5358068993360696,-0.3017493746546589,-1.1975349119969754,1.6451746388521695,1,4.6338321621220646e-05,0.6058037969924812,0.0,0.6,0.0,0.6,0.0,0.6,0,nan,nan,nan,nan,nan,nan
1772480047,940280264,-0.7359127266572268,-2.526460256002384,0.5477090522047839,-0.30253227754640877,-1.1961351290615312,1.65998179928439,1,2.5390849307025355e-05,0.6075853759398496,0.0,0.6,0.0,0.6,0.0,0.6,0,nan,nan,nan,nan,nan,nan
1772480047,960429925,-0.7359126279546293,-2.526460104067145,0.5598165944157252,-0.3024631306140311,-1.197603962089643,1.6745691374190028,1,6.512313654691313e-05,0.6037102932330828,0.0,0.6,0.0,0.6,0.0,0.6,0,nan,nan,nan,nan,nan,nan
1772480047,980789730,-0.7359126887971811,-2.526459745900974,0.5720910832057945,-0.30190110964350625,-1.1956207770952965,1.6904564020215926,1,-3.5809385243969547e-05,0.5934932781954888,0.0,0.6,0.0,0.6,0.0,0.6,0,nan,nan,nan,nan,nan,nan
1772480048,496231,-0.7359134474535058,-2.5264592140980713,0.5839734057151311,-0.30268585137250614,-1.1971032841202558,1.705189268856304,1,-1.838633352451116e-05,0.6049451353383459,0.0,0.6,0.0,0.6,0.0,0.6,0,nan,nan,nan,nan,nan,nan
1772480048,20320900,-0.7359131297173034,-2.52645894996319,0.5959471557244065,-0.30268585137250614,-1.1971032841202558,1.705189268856304,1,-3.78120358462346e-06,0.6049102406015038,0.0,0.6,0.0,0.6,0.0,0.6,0,nan,nan,nan,nan,nan,nan
1772480048,40395775,-0.7359131228492316,-2.526458608310679,0.6079600505780611,-0.3025374497140345,-1.197895814916779,1.7204597530574486,1,4.899597332222316e-05,0.5973084436090226,0.0,0.6,0.0,0.6,0.0,0.6,0,nan,nan,nan,nan,nan,nan
1772480048,60530594,-0.7359132334093126,-2.5264582379845955,0.6200982413838184,-0.3027488893188828,-1.1971350662246532,1.7350404837689197,1,5.028843324337731e-05,0.6091143308270677,0.0,0.6,0.0,0.6,0.0,0.6,0,nan,nan,nan,nan,nan,nan
1772480048,80409387,-0.7359140175871921,-2.5264584327872743,0.6320294541780989,-0.3031260311635262,-1.1967305782797317,1.7503971135641465,1,-4.561691811975315e-05,0.5900583157894737,0.0,0.6,0.0,0.6,0.0,0.6,0,nan,nan,nan,nan,nan,nan
1772480048,100376005,-0.7359124807130157,-2.5264584160404517,0.6441157851805492,-0.3046296303394813,-1.1933721591796935,1.76762290577856,1,6.974225550024836e-05,0.6175058345864661,0.0,0.6,0.0,0.6,0.0,0.6,0,nan,nan,nan,nan,nan,nan
1772480048,120299378,-0.7359124716483028,-2.5264580751569,0.6560556919883318,-0.3046296303394813,-1.1933721591796935,1.76762290577856,1,-1.4802549141847808e-05,0.5909891428571429,0.0,0.6,0.0,0.6,0.0,0.6,0,nan,nan,nan,nan,nan,nan
1772480048,140133327,-0.7359122074180201,-2.526457797842201,0.6680391218208009,-0.3046122454953588,-1.19423818914998,1.7822219691441394,1,-1.740361587369254e-05,0.6071803684210527,0.0,0.6,0.0,0.6,0.0,0.6,0,nan,nan,nan,nan,nan,nan
1772480048,160168175,-0.7359129268783077,-2.5264572755084527,0.6801416799892372,-0.30551080786303597,-1.1952724709897313,1.7968008789345689,1,-3.4906620732698014e-06,0.5884593383458647,0.0,0.6,0.0,0.6,0.0,0.6,0,nan,nan,nan,nan,nan,nan
1772480048,180085607,-0.7359133761911434,-2.526456820918769,0.6920268482084744,-0.3063435905347971,-1.1958214027846137,1.81142236952216,1,1.4647896906851612e-06,0.600944,0.0,0.6,0.0,0.6,0.0,0.6,0,nan,nan,nan,nan,nan,nan
1772480048,200386233,-0.7359144686998584,-2.526456206018481,0.7042951776906712,-0.30456326030737113,-1.1951908692163737,1.8278247541709052,1,-2.6368457606974417e-05,0.6066543007518796,0.0,0.6,0.0,0.6,0.0,0.6,0,nan,nan,nan,nan,nan,nan
1772480048,220484078,-0.735915426565283,-2.526455624526867,0.7164183115215117,-0.30427990700285834,-1.1950335042509321,1.8425572000531378,1,-2.852106640556388e-05,0.6004145263157895,0.0,0.6,0.0,0.6,0.0,0.6,0,nan,nan,nan,nan,nan,nan
1772480048,240516153,-0.7359147826805736,-2.526454632401645,0.7284813775210816,-0.30427990700285834,-1.1950335042509321,1.8425572000531378,1,0.00011191151874601265,0.5973877218045113,0.0,0.6,0.0,0.6,0.0,0.6,0,nan,nan,nan,nan,nan,nan
1772480048,261090337,-0.7359146530797924,-2.52645500814047,0.7407532966666857,-0.3040599412107725,-1.1948265599295413,1.8577818584240542,1,-4.847685080564395e-05,0.589050902255639,0.0,0.58,0.0,0.58,0.0,0.58,0,nan,nan,nan,nan,nan,nan
1772480048,280408776,-0.735914242292804,-2.5264545078195404,0.7519850024709918,-0.3040714740955801,-1.196206326864407,1.872753260813238,1,-1.0934107566351416e-05,0.5863752781954887,0.0,0.5599999999999999,0.0,0.5599999999999999,0.0,0.5599999999999999,0,nan,nan,nan,nan,nan,nan
1772480048,300606970,-0.735914801582423,-2.5264540258396013,0.7634295142299727,-0.3018614808152642,-1.2010174042254214,1.8915472314117732,1,2.855364983026937e-05,0.5664406842105263,0.0,0.5599999999999999,0.0,0.5599999999999999,0.0,0.5599999999999999,0,nan,nan,nan,nan,nan,nan
