sec,nsec,x,y,yaw,map_x,map_y,map_yaw,map_pose_valid,v_real,w_real,v_now,w_now,v_cmd,w_cmd,v_nav,w_nav,vx_real,vy_real,vx_now,vy_now,vx_cmd,vy_cmd,vx_nav,vy_nav,velocity_violation,curvature,dw_vx_max,dw_vx_min,dw_vy_max,dw_vy_min,dw_w_max,dw_w_min,v_reg,lookahead_dist,lookahead_yaw,is_accel
1772480256,647575151,0.113201,-1.950868,2.436629,-1.432795,-0.405930,-1.305663,1,0.000000,-0.001240,0.000000,0.000000,0.007334,0.000014,0.007334,0.000014,0.000000,0.000000,0.000000,0.000000,0.007333,0.000051,0.007333,0.000051,0,0.125731,0.007333,-0.007333,0.007333,-0.007333,0.020000,-0.020000,0.311127,0.110000,0.000204,1
1772480256,697550932,0.113498,-1.950475,2.436732,-1.433263,-0.406086,-1.305561,1,0.006830,-0.001469,0.007334,0.000014,0.014668,0.000014,0.014668,0.000014,0.006830,0.000000,0.007333,0.000051,0.014667,0.000166,0.014667,0.000166,0,0.205253,0.014667,0.000000,0.007384,-0.007283,0.020014,-0.019986,0.311127,0.110000,0.000102,1
1772480256,722588527,0.113462,-1.950828,2.436848,-1.433033,-0.405815,-1.305445,1,0.015665,0.014352,0.014668,0.000014,0.022001,-0.000003,0.022001,-0.000003,0.015665,0.000000,0.014667,0.000166,0.022000,0.000187,0.022000,0.000187,0,0.154735,0.022000,0.007333,0.007499,-0.007168,0.020014,-0.019986,0.311127,0.110000,-0.000014,1
1772480256,747661714,0.113055,-1.950895,2.435877,-1.432660,-0.405991,-1.306415,1,0.021784,-0.001263,0.022001,-0.000003,0.029334,0.000255,0.029334,0.000255,0.021784,0.000000,0.022000,0.000187,0.029333,0.000194,0.029333,0.000194,0,0.120468,0.029333,0.014667,0.007521,-0.007146,0.019997,-0.020003,0.311127,0.110000,0.000957,1
1772480256,797668829,0.112638,-1.951416,2.435325,-1.432021,-0.405796,-1.306968,1,0.022279,0.003412,0.029334,0.000255,0.036667,0.000503,0.036667,0.000503,0.022279,0.000000,0.029333,0.000194,0.036667,0.000041,0.036667,0.000041,0,0.020156,0.036667,0.022000,0.007528,-0.007139,0.020255,-0.019745,0.311127,0.110000,0.001509,1
1772480256,822742531,0.111216,-1.949650,2.435021,-1.431846,-0.408057,-1.307272,1,0.029546,0.018691,0.036667,0.000503,0.044001,0.000725,0.044001,0.000725,0.029546,0.000000,0.036667,0.000041,0.044000,0.000232,0.044000,0.000232,0,0.095876,0.044000,0.029333,0.007374,-0.007293,0.020503,-0.019497,0.311127,0.110000,0.001813,1
1772480256,847735919,0.111598,-1.949423,2.435308,-1.432290,-0.408028,-1.306985,1,0.036986,-0.006266,0.044001,0.000725,0.051335,0.000712,0.051335,0.000712,0.036986,0.000000,0.044000,0.000232,0.051333,0.000452,0.051333,0.000452,0,0.160215,0.051333,0.036667,0.007565,-0.007101,0.020725,-0.019275,0.311127,0.110000,0.001526,1
1772480256,897778469,0.109633,-1.949348,2.435303,-1.430711,-0.409201,-1.306990,1,0.044319,0.012605,0.051335,0.000712,0.058667,0.000816,0.058667,0.000816,0.044319,0.000000,0.051333,0.000452,0.058667,-0.000132,0.058667,-0.000132,0,-0.040784,0.058667,0.044000,0.007786,-0.006881,0.020712,-0.019288,0.311127,0.110000,0.001531,1
1772480256,922777429,0.109530,-1.948552,2.434791,-1.431076,-0.409916,-1.307502,1,0.052867,0.020587,0.058667,0.000816,0.066000,0.001226,0.066000,0.001226,0.052867,0.000000,0.058667,-0.000132,0.066000,0.000210,0.066000,0.000210,0,0.057802,0.066000,0.051333,0.007202,-0.007465,0.020816,-0.019184,0.311127,0.110000,0.002043,1
1772480256,947833581,0.106744,-1.946831,2.434225,-1.429750,-0.412909,-1.308068,1,0.059039,-0.015134,0.066000,0.001226,0.073333,0.001740,0.073333,0.001740,0.059039,0.000000,0.066000,0.000210,0.073333,-0.000055,0.073333,-0.000055,0,-0.013641,0.073333,0.058667,0.007543,-0.007124,0.021226,-0.018774,0.311127,0.110000,0.002609,1
1772480256,997890591,0.105876,-1.945124,2.433627,-1.429999,-0.414808,-1.308666,1,0.066495,-0.003385,0.073333,0.001740,0.080668,0.002352,0.080668,0.002352,0.066495,0.000000,0.073333,-0.000055,0.080667,0.000529,0.080667,0.000529,0,0.119191,0.080667,0.066000,0.007278,-0.007388,0.021740,-0.018260,0.311127,0.110000,0.003207,1
1772480257,22936696,0.104344,-1.944038,2.433561,-1.429350,-0.416570,-1.308731,1,0.074382,0.028299,0.080668,0.002352,0.088001,0.002380,0.088001,0.002380,0.074382,0.000000,0.080667,0.000529,0.088000,0.000436,0.088000,0.000436,0,0.081930,0.088000,0.073333,0.007862,-0.006805,0.022352,-0.017648,0.311127,0.121003,0.003272,1
1772480257,47921617,0.102558,-1.943547,2.433087,-1.428153,-0.417985,-1.309206,1,0.080771,0.003639,0.088001,0.002380,0.095333,0.002706,0.095333,0.002706,0.080771,0.000000,0.088000,0.000436,0.095333,-0.000061,0.095333,-0.000061,0,-0.009768,0.095333,0.080667,0.007770,-0.006897,0.022380,-0.017620,0.311127,0.132002,0.003747,1
1772480257,98028792,0.099794,-1.941214,2.432202,-1.427192,-0.421472,-1.310091,1,0.087521,0.003868,0.095333,0.002706,0.102667,0.003326,0.102667,0.003326,0.087521,0.000000,0.095333,-0.000061,0.102667,0.000050,0.102667,0.000050,0,0.006806,0.102667,0.088000,0.007272,-0.007395,0.022706,-0.017294,0.311127,0.143000,0.004632,1
1772480257,123017768,0.097383,-1.937748,2.432273,-1.427162,-0.425693,-1.310020,1,0.097042,0.051881,0.102667,0.003326,0.110003,0.003258,0.110003,0.003258,0.097042,0.000000,0.102667,0.000050,0.110000,0.000849,0.110000,0.000849,0,0.100177,0.110000,0.095333,0.007383,-0.007283,0.023326,-0.016674,0.311127,0.154000,0.004561,1
1772480257,148044864,0.097858,-1.937813,2.431905,-1.427517,-0.425371,-1.310387,1,0.102930,0.007420,0.110003,0.003258,0.117339,0.003505,0.117339,0.003505,0.102930,0.000000,0.110000,0.000849,0.117333,0.001107,0.117333,0.001107,0,0.114334,0.117333,0.102667,0.008182,-0.006485,0.023258,-0.016742,0.311127,0.165005,0.004928,1
1772480257,198108792,0.091670,-1.934246,2.431709,-1.424429,-0.431812,-1.310584,1,0.110167,0.008201,0.117339,0.003505,0.124667,0.003630,0.124667,0.003630,0.110161,0.001117,0.117333,0.001107,0.124667,0.000251,0.124667,0.000251,0,0.022841,0.124667,0.110000,0.008440,-0.006227,0.023505,-0.016495,0.311127,0.176008,0.005125,1
1772480257,223135769,0.091212,-1.931555,2.431690,-1.425571,-0.434290,-1.310602,1,0.119164,0.037218,0.124667,0.003630,0.132009,0.003631,0.132009,0.003631,0.119153,0.001632,0.124667,0.000251,0.132000,0.001529,0.132000,0.001529,0,0.123889,0.132000,0.117333,0.007584,-0.007083,0.023630,-0.016370,0.311127,0.187000,0.005143,1
1772480257,248181217,0.087585,-1.930803,2.431352,-1.423004,-0.436961,-1.310941,1,0.124197,0.002112,0.132009,0.003631,0.139334,0.003857,0.139334,0.003857,0.124197,0.000000,0.132000,0.001529,0.139333,0.000361,0.139333,0.000361,0,0.026165,0.139333,0.124667,0.008862,-0.005804,0.023631,-0.016369,0.311127,0.198013,0.005482,1
1772480257,298218355,0.084025,-1.927241,2.430256,-1.422082,-0.441912,-1.312037,1,0.131875,-0.001597,0.139334,0.003857,0.146669,0.004616,0.146669,0.004616,0.131847,0.002739,0.139333,0.000361,0.146667,0.000849,0.146667,0.000849,0,0.055424,0.146667,0.132000,0.007694,-0.006972,0.023857,-0.016143,0.311127,0.209001,0.006578,1
1772480257,323280512,0.080702,-1.925315,2.430245,-1.420429,-0.445379,-1.312048,1,0.142886,0.051205,0.146669,0.004616,0.154001,0.004612,0.154001,0.004612,0.142875,0.001789,0.146667,0.000849,0.154000,0.000419,0.154000,0.000419,0,0.024754,0.154000,0.139333,0.008183,-0.006484,0.024616,-0.015384,0.311127,0.220004,0.006589,1
1772480257,348261953,0.078131,-1.923580,2.429089,-1.419288,-0.448263,-1.313203,1,0.146426,0.002608,0.154001,0.004612,0.161334,0.005409,0.161334,0.005409,0.146415,0.001790,0.154000,0.000419,0.161333,0.000415,0.161333,0.000415,0,0.022287,0.161333,0.146667,0.007753,-0.006914,0.024612,-0.015388,0.311127,0.231001,0.007745,1
1772480257,398314206,0.072219,-1.919317,2.428360,-1.416821,-0.455121,-1.313932,1,0.154320,0.005747,0.161334,0.005409,0.168667,0.005906,0.168667,0.005906,0.154313,0.001537,0.161333,0.000415,0.168667,0.000191,0.168667,0.000191,0,0.009335,0.168667,0.154000,0.007749,-0.006918,0.025409,-0.014591,0.311127,0.242001,0.008474,1
1772480257,423385974,0.069040,-1.916604,2.428459,-1.415731,-0.459156,-1.313833,1,0.161461,0.009788,0.168667,0.005906,0.176000,0.005826,0.176000,0.005826,0.161450,0.001834,0.168667,0.000191,0.176000,0.000242,0.176000,0.000242,0,0.010884,0.176000,0.161333,0.007524,-0.007143,0.025906,-0.014094,0.311127,0.253000,0.008375,1
1772480257,448373769,0.065938,-1.914441,2.427806,-1.414395,-0.462694,-1.314486,1,0.168551,0.008001,0.176000,0.005826,0.183333,0.006269,0.183333,0.006269,0.168544,0.001564,0.176000,0.000242,0.183333,0.000174,0.183333,0.000174,0,0.007208,0.183333,0.168667,0.007576,-0.007091,0.025826,-0.014174,0.311127,0.264000,0.009028,1
1772480257,498444596,0.059717,-1.909054,2.427185,-1.412308,-0.470654,-1.315108,1,0.176178,0.011585,0.183333,0.006269,0.190667,0.006690,0.190667,0.006690,0.176166,0.002032,0.183333,0.000174,0.190667,0.000412,0.190667,0.000412,0,0.015731,0.190667,0.176000,0.007508,-0.007159,0.026269,-0.013731,0.311127,0.275000,0.009649,1
1772480257,523427755,0.057019,-1.906289,2.426620,-1.411646,-0.474460,-1.315672,1,0.183125,0.007694,0.190667,0.006690,0.198002,0.007071,0.198002,0.007071,0.183114,0.001952,0.190667,0.000412,0.198000,0.000846,0.198000,0.000846,0,0.029862,0.198000,0.183333,0.007746,-0.006921,0.026690,-0.013310,0.311127,0.286001,0.010213,1
1772480257,548517010,0.051943,-1.903543,2.426288,-1.409010,-0.479594,-1.316004,1,0.188520,-0.010824,0.198002,0.007071,0.205333,0.007291,0.205333,0.007291,0.188512,0.001752,0.198000,0.000846,0.205333,0.000163,0.205333,0.000163,0,0.005336,0.205333,0.190667,0.008179,-0.006488,0.027071,-0.012929,0.311127,0.297003,0.010546,1
1772480257,598539140,0.045447,-1.898462,2.424744,-1.406523,-0.487458,-1.317548,1,0.197512,0.005001,0.205333,0.007291,0.212667,0.008348,0.212667,0.008348,0.197491,0.002839,0.205333,0.000163,0.212667,0.000338,0.212667,0.000338,0,0.010311,0.212667,0.198000,0.007496,-0.007171,0.027291,-0.012709,0.311127,0.308000,0.012090,1
1772480257,623536985,0.041923,-1.894850,2.424990,-1.405658,-0.492429,-1.317302,1,0.210497,0.047175,0.212667,0.008348,0.220001,0.008168,0.220001,0.008168,0.210435,0.005128,0.212667,0.000338,0.220000,0.000698,0.220000,0.000698,0,0.019884,0.220000,0.205333,0.007671,-0.006996,0.028348,-0.011652,0.311127,0.319000,0.011843,1
1772480257,648609327,0.037832,-1.892034,2.425084,-1.403875,-0.497064,-1.317209,1,0.215117,0.021664,0.220001,0.008168,0.220000,0.007834,0.220000,0.007834,0.215070,0.004494,0.220000,0.000698,0.220000,0.000404,0.220000,0.000404,0,0.011132,0.220000,0.212667,0.008031,-0.006636,0.028168,-0.011832,0.311127,0.330000,0.011750,1
1772480257,698651622,0.030710,-1.886341,2.423826,-1.401217,-0.505786,-1.318467,1,0.212352,-0.004083,0.220000,0.007834,0.220001,0.008672,0.220001,0.008672,0.212331,0.003006,0.220000,0.000404,0.220000,0.000496,0.220000,0.000496,0,0.013665,0.220000,0.212667,0.007737,-0.006929,0.027834,-0.012166,0.311127,0.330000,0.013008,1
1772480257,723654174,0.026086,-1.881477,2.423545,-1.400151,-0.512412,-1.318748,1,0.209598,0.007227,0.220001,0.008672,0.220002,0.008859,0.220002,0.008859,0.209579,0.002848,0.220000,0.000496,0.220000,0.001030,0.220000,0.001030,0,0.028388,0.220000,0.212667,0.007829,-0.006837,0.028672,-0.011328,0.311127,0.330000,0.013289,1
1772480257,748710741,0.021977,-1.878947,2.423221,-1.398192,-0.516821,-1.319072,1,0.204902,0.014574,0.220002,0.008859,0.220001,0.009075,0.220001,0.009075,0.204873,0.003427,0.220000,0.001030,0.220000,0.000612,0.220000,0.000612,0,0.016866,0.220000,0.212667,0.008364,-0.006303,0.028859,-0.011141,0.311127,0.330000,0.013613,1
1772480257,798747487,0.013713,-1.871639,2.424072,-1.395506,-0.527522,-1.318221,1,0.201711,0.004441,0.220001,0.009075,0.220001,0.008508,0.220001,0.008508,0.201682,0.003417,0.220000,0.000612,0.220000,0.000567,0.220000,0.000567,0,0.015626,0.220000,0.212667,0.007946,-0.006721,0.029075,-0.010925,0.311127,0.330000,0.012762,1
1772480257,823765739,0.009959,-1.868651,2.423725,-1.394098,-0.532109,-1.318568,1,0.201603,0.019699,0.220001,0.008508,0.220001,0.008740,0.220001,0.008740,0.201576,0.003300,0.220000,0.000567,0.220000,0.000540,0.220000,0.000540,0,0.014871,0.220000,0.212667,0.007901,-0.006766,0.028508,-0.011492,0.311127,0.330000,0.013109,1
1772480257,848855998,0.005954,-1.867330,2.423233,-1.391541,-0.535462,-1.319059,1,0.199212,0.007530,0.220001,0.008740,0.220000,0.009067,0.220000,0.009067,0.199184,0.003302,0.220000,0.000540,0.220000,-0.000411,0.220000,-0.000411,0,-0.011320,0.220000,0.212667,0.007873,-0.006794,0.028740,-0.011260,0.311127,0.330000,0.013600,1
1772480257,898858878,-0.001719,-1.859909,2.422723,-1.389405,-0.545920,-1.319570,1,0.198746,0.009097,0.220000,0.009067,0.220000,0.009407,0.220000,0.009407,0.198735,0.002138,0.220000,-0.000411,0.220000,0.000156,0.220000,0.000156,0,0.004288,0.220000,0.212667,0.006922,-0.007744,0.029067,-0.010933,0.311127,0.330000,0.014111,1
1772480257,923914160,-0.005020,-1.856831,2.422392,-1.388421,-0.550326,-1.319901,1,0.199076,0.007918,0.220000,0.009407,0.220000,0.009628,0.220000,0.009628,0.199067,0.001917,0.220000,0.000156,0.220000,0.000366,0.220000,0.000366,0,0.010082,0.220000,0.212667,0.007489,-0.007178,0.029407,-0.010593,0.311127,0.330000,0.014442,1
1772480257,948915024,-0.009571,-1.853103,2.422111,-1.386775,-0.555973,-1.320182,1,0.200304,0.006841,0.220000,0.009628,0.220000,0.009815,0.220000,0.009815,0.200280,0.003094,0.220000,0.000366,0.220000,0.000356,0.220000,0.000356,0,0.009800,0.220000,0.212667,0.007699,-0.006967,0.029628,-0.010372,0.311127,0.330000,0.014723,1
1772480257,998989763,-0.016580,-1.847307,2.421815,-1.384268,-0.564716,-1.320477,1,0.203117,0.008376,0.220000,0.009815,0.220000,0.010012,0.220000,0.010012,0.203099,0.002721,0.220000,0.000356,0.220000,0.000337,0.220000,0.000337,0,0.009277,0.220000,0.212667,0.007689,-0.006978,0.029815,-0.010185,0.311127,0.330000,0.015019,1
1772480258,24030687,-0.021688,-1.844161,2.421424,-1.381833,-0.570199,-1.320868,1,0.204280,0.011726,0.220000,0.010012,0.220000,0.010273,0.220000,0.010273,0.204266,0.002368,0.220000,0.000337,0.220000,-0.000186,0.220000,-0.000186,0,-0.005110,0.220000,0.212667,0.007670,-0.006997,0.030012,-0.009988,0.311127,0.330000,0.015410,1
1772480258,49016458,-0.025402,-1.840581,2.421692,-1.380792,-0.575251,-1.320600,1,0.208942,0.018195,0.220000,0.010273,0.220000,0.010094,0.220000,0.010094,0.208931,0.002122,0.220000,-0.000186,0.220000,-0.000031,0.220000,-0.000031,0,-0.000846,0.220000,0.212667,0.007148,-0.007519,0.030273,-0.009727,0.311127,0.330000,0.015142,1
1772480258,99082478,-0.033133,-1.834006,2.421121,-1.378132,-0.585045,-1.321171,1,0.211281,-0.008241,0.220000,0.010094,0.220000,0.010475,0.220000,0.010475,0.211265,0.002580,0.220000,-0.000031,0.220000,0.000096,0.220000,0.000096,0,0.002631,0.220000,0.212667,0.007303,-0.007364,0.030094,-0.009906,0.311127,0.330000,0.015712,1
1772480258,124136482,-0.036485,-1.832649,2.420405,-1.376133,-0.588059,-1.321888,1,0.214025,-0.004216,0.220000,0.010475,0.220001,0.010953,0.220001,0.010953,0.213991,0.003802,0.220000,0.000096,0.220000,-0.000506,0.220000,-0.000506,0,-0.013935,0.220000,0.212667,0.007429,-0.007238,0.030475,-0.009525,0.311127,0.330000,0.016429,1
1772480258,149190470,-0.041155,-1.827482,2.420705,-1.375201,-0.594961,-1.321587,1,0.214735,-0.031112,0.220001,0.010953,0.220000,0.010752,0.220000,0.010752,0.214625,0.006859,0.220000,-0.000506,0.220000,0.000035,0.220000,0.000035,0,0.000960,0.220000,0.212667,0.006828,-0.007839,0.030953,-0.009047,0.311127,0.330000,0.016128,1
1772480258,199184910,-0.049970,-1.820007,2.419623,-1.372154,-0.606110,-1.322670,1,0.213692,-0.032621,0.220000,0.010752,0.220000,0.011474,0.220000,0.011474,0.213655,0.003979,0.220000,0.000035,0.220000,0.000262,0.220000,0.000262,0,0.007224,0.220000,0.212667,0.007368,-0.007298,0.030752,-0.009248,0.311127,0.330000,0.017211,1
1772480258,224182933,-0.054281,-1.816977,2.418342,-1.370311,-0.611046,-1.323951,1,0.212139,-0.027718,0.220000,0.011474,0.220000,0.012328,0.220000,0.012328,0.212093,0.004401,0.220000,0.000262,0.220000,0.000221,0.220000,0.000221,0,0.006088,0.220000,0.212667,0.007596,-0.007071,0.031474,-0.008526,0.311127,0.330000,0.018492,1
1772480258,249243960,-0.058493,-1.814220,2.416929,-1.368394,-0.615701,-1.325364,1,0.213162,-0.013020,0.220000,0.012328,0.220000,0.013270,0.220000,0.013270,0.213126,0.003896,0.220000,0.000221,0.220000,0.000112,0.220000,0.000112,0,0.003098,0.220000,0.212667,0.007554,-0.007112,0.032328,-0.007672,0.311127,0.330000,0.019905,1
1772480258,299289804,-0.066875,-1.807791,2.415265,-1.365113,-0.625742,-1.327027,1,0.211684,-0.022821,0.220000,0.013270,0.220000,0.014379,0.220000,0.014379,0.211668,0.002617,0.220000,0.000112,0.220000,0.000123,0.220000,0.000123,0,0.003394,0.220000,0.212667,0.007446,-0.007221,0.033270,-0.006730,0.311127,0.330000,0.021569,1
1772480258,324323311,-0.069437,-1.804239,2.414862,-1.365008,-0.630121,-1.327431,1,0.212266,-0.018958,0.220000,0.014379,0.220002,0.014648,0.220002,0.014648,0.212237,0.003533,0.220000,0.000123,0.220000,0.000910,0.220000,0.000910,0,0.025058,0.220000,0.212667,0.007457,-0.007210,0.034379,-0.005621,0.311127,0.330000,0.021972,1
1772480258,349361017,-0.075362,-1.799227,2.414825,-1.362953,-0.637604,-1.327467,1,0.211814,-0.024694,0.220002,0.014648,0.220002,0.014673,0.220002,0.014673,0.211792,0.003039,0.220000,0.000910,0.220000,0.000904,0.220000,0.000904,0,0.024896,0.220000,0.212667,0.008243,-0.006424,0.034648,-0.005352,0.311127,0.330000,0.022009,1
1772480258,399465606,-0.083064,-1.792802,2.414221,-1.362272,-0.647409,-1.328381,1,0.212821,-0.032021,0.220002,0.014673,0.220013,0.015283,0.220013,0.015283,0.212799,0.003068,0.220000,0.000904,0.220000,0.002381,0.220000,0.002381,0,0.065597,0.220000,0.212667,0.008237,-0.006430,0.034673,-0.005327,0.311127,0.330000,0.022923,1
1772480258,424451488,-0.086670,-1.792216,2.412205,-1.359629,-0.649931,-1.330397,1,0.214424,-0.011709,0.220013,0.015283,0.220006,0.016626,0.220006,0.016626,0.214407,0.002708,0.220000,0.002381,0.220000,0.001566,0.220000,0.001566,0,0.043127,0.220000,0.212667,0.009715,-0.004952,0.035283,-0.004717,0.311127,0.330000,0.024939,1
1772480258,449435640,-0.090423,-1.788019,2.412263,-1.358907,-0.655515,-1.330340,1,0.214841,-0.031126,0.220006,0.016626,0.220010,0.016588,0.220010,0.016588,0.214800,0.004216,0.220000,0.001566,0.220000,0.002064,0.220000,0.002064,0,0.056870,0.220000,0.212667,0.008899,-0.005768,0.036626,-0.003374,0.311127,0.330000,0.024881,1
1772480258,499553467,-0.098881,-1.779476,2.411219,-1.356762,-0.667344,-1.331384,1,0.218995,0.022526,0.220010,0.016588,0.220020,0.017285,0.220020,0.017285,0.218952,0.004301,0.220000,0.002064,0.220000,0.002982,0.220000,0.002982,0,0.082144,0.220000,0.212667,0.009398,-0.005269,0.036588,-0.003412,0.311127,0.330000,0.025925,1
1772480258,524563156,-0.103491,-1.776762,2.411058,-1.354495,-0.672190,-1.331545,1,0.221221,0.016544,0.220020,0.017285,0.220013,0.017392,0.220013,0.017392,0.221186,0.003951,0.220000,0.002982,0.220000,0.002406,0.220000,0.002406,0,0.066274,0.220000,0.212667,0.010315,-0.004351,0.037285,-0.002715,0.311127,0.330000,0.026086,1
1772480258,549579476,-0.106679,-1.772670,2.411667,-1.354179,-0.677368,-1.330936,1,0.220641,0.006810,0.220013,0.017392,0.220020,0.016986,0.220020,0.016986,0.220586,0.004951,0.220000,0.002406,0.220000,0.002974,0.220000,0.002974,0,0.081932,0.220000,0.212667,0.009739,-0.004927,0.037392,-0.002608,0.311127,0.330000,0.025477,1
1772480258,599693012,-0.117039,-1.766159,2.412553,-1.349316,-0.688595,-1.330049,1,0.220324,0.020900,0.220020,0.016986,0.220006,0.016394,0.220006,0.016394,0.220274,0.004683,0.220000,0.002974,0.220000,0.001613,0.220000,0.001613,0,0.044444,0.220000,0.212667,0.010308,-0.004359,0.036986,-0.003014,0.311127,0.330000,0.024591,1
1772480258,624701490,-0.120693,-1.761403,2.412978,-1.348992,-0.694584,-1.329624,1,0.220379,0.008005,0.220006,0.016394,0.220013,0.016111,0.220013,0.016111,0.220337,0.004308,0.220000,0.001613,0.220000,0.002358,0.220000,0.002358,0,0.064968,0.220000,0.212667,0.008947,-0.005720,0.036394,-0.003606,0.311127,0.330000,0.024165,1
1772480258,649712323,-0.124579,-1.759302,2.412342,-1.346975,-0.698515,-1.330260,1,0.220406,0.008376,0.220013,0.016111,0.220008,0.016535,0.220008,0.016535,0.220385,0.002982,0.220000,0.002358,0.220000,0.001888,0.220000,0.001888,0,0.052003,0.220000,0.212667,0.009692,-0.004975,0.036111,-0.003889,0.311127,0.330000,0.024802,1
1772480258,699786265,-0.133859,-1.753976,2.412053,-1.342333,-0.708155,-1.330549,1,0.220003,-0.004862,0.220008,0.016535,0.220001,0.016727,0.220001,0.016727,0.219990,0.002436,0.220000,0.001888,0.220000,0.000650,0.220000,0.000650,0,0.017910,0.220000,0.212667,0.009221,-0.005446,0.036535,-0.003465,0.311127,0.330000,0.025090,1
1772480258,724838075,-0.138430,-1.749283,2.412814,-1.341066,-0.714729,-1.329963,1,0.219728,0.015837,0.220001,0.016727,0.220002,0.016336,0.220002,0.016336,0.219703,0.003314,0.220000,0.000650,0.220000,0.000856,0.220000,0.000856,0,0.023571,0.220000,0.212667,0.007983,-0.006683,0.036727,-0.003273,0.311127,0.330000,0.024504,1
1772480258,749828893,-0.142405,-1.745487,2.414094,-1.336927,-0.722503,-1.332190,1,0.219766,0.011931,0.220002,0.016336,0.220000,0.017821,0.220000,0.017821,0.219760,0.001661,0.220000,0.000856,0.220000,0.000041,0.220000,0.000041,0,0.001136,0.220000,0.212667,0.008189,-0.006478,0.036336,-0.003664,0.311127,0.330000,0.026731,1
1772480258,799923704,-0.150389,-1.741529,2.412589,-1.332609,-0.730298,-1.333695,1,0.220188,0.018829,0.220000,0.017821,0.220002,0.018824,0.220002,0.018824,0.220186,0.001046,0.220000,0.000041,0.220000,-0.001043,0.220000,-0.001043,0,-0.028743,0.220000,0.212667,0.007375,-0.007292,0.037821,-0.002179,0.311127,0.330000,0.028236,1
1772480258,824965106,-0.155221,-1.735128,2.414537,-1.332273,-0.738311,-1.331747,1,0.219601,0.022583,0.220002,0.018824,0.220000,0.017525,0.220000,0.017525,0.219599,0.001026,0.220000,-0.001043,0.220000,-0.000287,0.220000,-0.000287,0,-0.007894,0.220000,0.212667,0.006290,-0.008377,0.038824,-0.001176,0.311127,0.330000,0.026288,1
1772480258,849982801,-0.159044,-1.733964,2.414785,-1.329789,-0.741442,-1.331498,1,0.219910,0.020758,0.220000,0.017525,0.220004,0.017360,0.220004,0.017360,0.219910,0.000000,0.220000,-0.000287,0.220000,-0.001393,0.220000,-0.001393,0,-0.038361,0.220000,0.212667,0.007047,-0.007620,0.037525,-0.002475,0.311127,0.330000,0.026040,1
1772480258,900065099,-0.166886,-1.727142,2.415310,-1.327217,-0.751513,-1.330974,1,0.220501,0.011576,0.220004,0.017360,0.220004,0.017010,0.220004,0.017010,0.220501,0.000000,0.220000,-0.001393,0.220000,-0.001402,0.220000,-0.001402,0,-0.038625,0.220000,0.212667,0.005941,-0.008726,0.037360,-0.002640,0.311127,0.330000,0.025515,1
1772480258,925165527,-0.172408,-1.721288,2.416941,-1.326002,-0.759467,-1.329343,1,0.219842,0.014386,0.220004,0.017010,0.220003,0.015923,0.220003,0.015923,0.219842,0.000000,0.220000,-0.001402,0.220000,-0.001152,0.220000,-0.001152,0,-0.031728,0.220000,0.212667,0.005931,-0.008735,0.037010,-0.002990,0.311127,0.330000,0.023884,1
1772480258,950115018,-0.176518,-1.717968,2.417647,-1.324508,-0.764535,-1.328636,1,0.220064,0.007406,0.220003,0.015923,0.220004,0.015452,0.220004,0.015452,0.220064,0.000000,0.220000,-0.001152,0.220000,-0.001382,0.220000,-0.001382,0,-0.038069,0.220000,0.212667,0.006182,-0.008485,0.035923,-0.004077,0.311127,0.330000,0.023178,1
1772480259,254088,-0.185357,-1.711090,2.418433,-1.321146,-0.775219,-1.327851,1,0.220485,0.025967,0.220004,0.015452,0.220008,0.014928,0.220008,0.014928,0.220485,0.000000,0.220000,-0.001382,0.220000,-0.001850,0.220000,-0.001850,0,-0.050971,0.220000,0.212667,0.005951,-0.008715,0.035452,-0.004548,0.311127,0.330000,0.022392,1
1772480259,25217136,-0.190448,-1.707295,2.419035,-1.319115,-0.781235,-1.327249,1,0.220376,0.025308,0.220008,0.014928,0.220011,0.014527,0.220011,0.014527,0.220376,0.000000,0.220000,-0.001850,0.220000,-0.002238,0.220000,-0.002238,0,-0.061636,0.220000,0.212667,0.005483,-0.009184,0.034928,-0.005072,0.311127,0.330000,0.021790,1
1772480259,50191050,-0.194731,-1.704167,2.419247,-1.317176,-0.786620,-1.327057,1,0.220710,0.008320,0.220011,0.014527,0.220015,0.014400,0.220015,0.014400,0.220704,-0.001626,0.220000,-0.002238,0.220000,-0.002586,0.220000,-0.002586,0,-0.071229,0.220000,0.212667,0.005096,-0.009571,0.034527,-0.005473,0.311127,0.330000,0.021598,1
1772480259,100333731,-0.202554,-1.695155,2.421321,-1.311937,-0.806132,-1.325402,1,0.219931,-0.008039,0.220015,0.014400,0.220019,0.013297,0.220019,0.013297,0.219915,-0.002726,0.220000,-0.002586,0.220000,-0.002910,0.220000,-0.002910,0,-0.080152,0.220000,0.212667,0.004748,-0.009919,0.034400,-0.005600,0.311127,0.330000,0.019943,1
1772480259,125346016,-0.206366,-1.693945,2.420826,-1.309490,-0.809295,-1.325897,1,0.220141,0.017876,0.220019,0.013297,0.220033,0.013627,0.220033,0.013627,0.220130,-0.002179,0.220000,-0.002910,0.220000,-0.003823,0.220000,-0.003823,0,-0.105291,0.220000,0.212667,0.004424,-0.010243,0.033297,-0.006703,0.311127,0.330000,0.020438,1
1772480259,150390446,-0.211776,-1.689103,2.421749,-1.307795,-0.816355,-1.324974,1,0.219616,0.012363,0.220033,0.013627,0.220034,0.013012,0.220034,0.013012,0.219592,-0.003224,0.220000,-0.003823,0.220000,-0.003882,0.220000,-0.003882,0,-0.106926,0.220000,0.212667,0.003511,-0.011156,0.033627,-0.006373,0.311127,0.330000,0.019516,1
1772480259,200441284,-0.217882,-1.680866,2.422678,-1.307459,-0.826603,-1.324045,1,0.219637,0.010053,0.220034,0.013012,0.220014,0.012391,0.220014,0.012391,0.219601,-0.003923,0.220000,-0.003882,0.220000,-0.002510,0.220000,-0.002510,0,-0.069132,0.220000,0.212667,0.003451,-0.011215,0.033012,-0.006988,0.311127,0.330000,0.018586,1
1772480259,225490221,-0.223527,-1.677059,2.423597,-1.304982,-0.832945,-1.323126,1,0.220125,-0.006989,0.220014,0.012391,0.220023,0.011779,0.220023,0.011779,0.220091,-0.003878,0.220000,-0.002510,0.220000,-0.003197,0.220000,-0.003197,0,-0.088068,0.220000,0.212667,0.004824,-0.009843,0.032391,-0.007609,0.311127,0.330000,0.017667,1
1772480259,250584824,-0.226953,-1.675329,2.423163,-1.303148,-0.836317,-1.323560,1,0.220318,0.026532,0.220023,0.011779,0.220031,0.012069,0.220031,0.012069,0.220303,-0.002570,0.220000,-0.003197,0.220000,-0.003692,0.220000,-0.003692,0,-0.101696,0.220000,0.212667,0.004136,-0.010531,0.031779,-0.008221,0.311127,0.330000,0.018101,1
1772480259,300644351,-0.235943,-1.667607,2.424218,-1.300148,-0.847782,-1.322505,1,0.220014,0.005114,0.220031,0.012069,0.220034,0.011366,0.220034,0.011366,0.219988,-0.003365,0.220000,-0.003692,0.220000,-0.003850,0.220000,-0.003850,0,-0.106042,0.220000,0.212667,0.003641,-0.011025,0.032069,-0.007931,0.311127,0.330000,0.017047,1
1772480259,325614006,-0.240401,-1.663451,2.424444,-1.298845,-0.853736,-1.322279,1,0.219836,0.010656,0.220034,0.011366,0.220031,0.011215,0.220031,0.011215,0.219814,-0.003072,0.220000,-0.003850,0.220000,-0.003697,0.220000,-0.003697,0,-0.101824,0.220000,0.212667,0.003483,-0.011183,0.031366,-0.008634,0.311127,0.330000,0.016821,1
1772480259,350623552,-0.244548,-1.661250,2.424961,-1.296687,-0.857905,-1.321762,1,0.220075,0.004923,0.220031,0.011215,0.220045,0.010871,0.220045,0.010871,0.220051,-0.003217,0.220000,-0.003697,0.220000,-0.004471,0.220000,-0.004471,0,-0.123142,0.220000,0.212667,0.003637,-0.011030,0.031215,-0.008785,0.311127,0.330000,0.016303,1
1772480259,400700615,-0.254780,-1.653564,2.426912,-1.288392,-0.865449,-1.317992,1,0.220165,0.012395,0.220045,0.010871,0.220198,0.008363,0.220198,0.008363,0.220116,-0.004611,0.220000,-0.004471,0.220000,-0.009328,0.220000,-0.009328,0,-0.256727,0.220000,0.212667,0.002862,-0.011804,0.030871,-0.009129,0.311127,0.330000,0.012533,1
1772480259,425736713,-0.258312,-1.649522,2.427480,-1.287777,-0.870782,-1.317424,1,0.219522,0.009909,0.220198,0.008363,0.220181,0.007983,0.220181,0.007983,0.219484,-0.004041,0.220000,-0.009328,0.220000,-0.008914,0.220000,-0.008914,0,-0.245372,0.220000,0.212667,-0.001994,-0.016661,0.028363,-0.011637,0.311127,0.330000,0.011965,1
1772480259,450812209,-0.263603,-1.645780,2.427654,-1.285542,-0.876865,-1.317250,1,0.219955,0.005234,0.220181,0.007983,0.220198,0.007868,0.220198,0.007868,0.219794,-0.008409,0.220000,-0.008914,0.220000,-0.009328,0.220000,-0.009328,0,-0.256738,0.220000,0.212667,-0.001581,-0.016248,0.027983,-0.012017,0.311127,0.330000,0.011791,1
1772480259,500810794,-0.270851,-1.639552,2.427888,-1.283108,-0.886106,-1.317016,1,0.220315,0.013323,0.220198,0.007868,0.220198,0.007712,0.220198,0.007712,0.220141,-0.008759,0.220000,-0.009328,0.220000,-0.009330,0.220000,-0.009330,0,-0.256785,0.220000,0.212667,-0.001995,-0.016661,0.027868,-0.012132,0.311127,0.330000,0.011557,1
1772480259,525921012,-0.275459,-1.635435,2.428753,-1.281649,-0.892111,-1.316151,1,0.220526,0.002992,0.220198,0.007712,0.220201,0.007135,0.220201,0.007135,0.220319,-0.009554,0.220000,-0.009330,0.220000,-0.009409,0.220000,-0.009409,0,-0.258955,0.220000,0.212667,-0.001996,-0.016663,0.027712,-0.012288,0.311127,0.330000,0.010693,1
1772480259,550855036,-0.280037,-1.629738,2.430175,-1.281112,-0.899399,-1.314728,1,0.220470,0.000000,0.220201,0.007135,0.220176,0.006185,0.220176,0.006185,0.220254,-0.009765,0.220000,-0.009409,0.220000,-0.008791,0.220000,-0.008791,0,-0.241975,0.220000,0.212667,-0.002075,-0.016742,0.027135,-0.012865,0.311127,0.330000,0.009270,1
1772480259,575882184,-0.285181,-1.629560,2.429722,-1.276976,-0.902464,-1.315182,1,0.220003,0.003302,0.220176,0.006185,0.220266,0.006490,0.220266,0.006490,0.219823,-0.008888,0.220000,-0.008791,0.220000,-0.010823,0.220000,-0.010823,0,-0.297790,0.220000,0.212667,-0.001457,-0.016124,0.026185,-0.013815,0.311127,0.330000,0.009724,1
1772480259,625931726,-0.291706,-1.619345,2.431554,-1.277399,-0.914578,-1.313350,1,0.219756,0.004523,0.220266,0.006490,0.220177,0.005265,0.220177,0.005265,0.219594,-0.008452,0.220000,-0.010823,0.220000,-0.008829,0.220000,-0.008829,0,-0.243025,0.220000,0.212667,-0.003490,-0.018156,0.026490,-0.013510,0.311127,0.330000,0.007891,1
1772480259,650997622,-0.296367,-1.616803,2.431999,-1.275003,-0.919316,-1.312905,1,0.220804,0.019485,0.220177,0.005265,0.220211,0.004969,0.220211,0.004969,0.220653,-0.008146,0.220000,-0.008829,0.220000,-0.009642,0.220000,-0.009642,0,-0.265378,0.220000,0.212667,-0.001496,-0.016162,0.025265,-0.014735,0.311127,0.330000,0.007446,1
1772480259,701006334,-0.304220,-1.610012,2.432465,-1.268336,-0.926477,-1.311874,1,0.220398,0.012152,0.220211,0.004969,0.220379,0.004284,0.220379,0.004284,0.220172,-0.009978,0.220000,-0.009642,0.220000,-0.012920,0.220000,-0.012920,0,-0.355318,0.220000,0.212667,-0.002309,-0.016976,0.024969,-0.015031,0.311127,0.330000,0.006415,1
1772480259,726017461,-0.308862,-1.604578,2.433392,-1.267592,-0.933586,-1.310947,1,0.219838,-0.008541,0.220379,0.004284,0.220347,0.003664,0.220347,0.003664,0.219411,-0.013699,0.220000,-0.012920,0.220000,-0.012356,0.220000,-0.012356,0,-0.339858,0.220000,0.212667,-0.005587,-0.020254,0.024284,-0.015716,0.311127,0.330000,0.005488,1
1772480259,751072127,-0.312626,-1.600462,2.434824,-1.266826,-0.939111,-1.309515,1,0.221240,0.006513,0.220347,0.003664,0.220338,0.002708,0.220338,0.002708,0.220899,-0.012279,0.220000,-0.012356,0.220000,-0.012197,0.220000,-0.012197,0,-0.335500,0.220000,0.212667,-0.005023,-0.019690,0.023664,-0.016336,0.311127,0.330000,0.004056,1
1772480259,776122296,-0.316227,-1.595542,2.435853,-1.266648,-0.945205,-1.308486,1,0.219915,-0.003290,0.220338,0.002708,0.220299,0.002021,0.220299,0.002021,0.219576,-0.012207,0.220000,-0.012197,0.220000,-0.011469,0.220000,-0.011469,0,-0.315522,0.220000,0.212667,-0.004864,-0.019531,0.022708,-0.017292,0.311127,0.330000,0.003027,1
1772480259,826155452,-0.324201,-1.589853,2.436446,-1.263304,-0.954412,-1.307894,1,0.220231,0.000000,0.220299,0.002021,0.220335,0.001626,0.220335,0.001626,0.219925,-0.011601,0.220000,-0.011469,0.220000,-0.012143,0.220000,-0.012143,0,-0.334021,0.220000,0.212667,-0.004136,-0.018802,0.022021,-0.017979,0.311127,0.330000,0.002435,1
1772480259,851170915,-0.329504,-1.586039,2.436424,-1.261098,-0.960560,-1.307915,1,0.220439,0.002324,0.220335,0.001626,0.220354,0.001640,0.220354,0.001640,0.220107,-0.012078,0.220000,-0.012143,0.220000,-0.012485,0.220000,-0.012485,0,-0.343389,0.220000,0.212667,-0.004810,-0.019477,0.021626,-0.018374,0.311127,0.330000,0.002457,1
1772480259,901376479,-0.337383,-1.577626,2.437098,-1.259377,-0.971957,-1.307241,1,0.219546,0.000000,0.220354,0.001640,0.220313,0.001190,0.220313,0.001190,0.219190,-0.012497,0.220000,-0.012485,0.220000,-0.011744,0.220000,-0.011744,0,-0.323079,0.220000,0.212667,-0.005152,-0.019818,0.021640,-0.018360,0.311127,0.330000,0.001782,1
1772480259,926279845,-0.341669,-1.574729,2.437390,-1.257488,-0.976774,-1.306949,1,0.220471,-0.001996,0.220313,0.001190,0.220337,0.000995,0.220337,0.000995,0.220158,-0.011756,0.220000,-0.011744,0.220000,-0.012183,0.220000,-0.012183,0,-0.335120,0.220000,0.212667,-0.004411,-0.019078,0.021190,-0.018810,0.311127,0.330000,0.001491,1
1772480259,951275562,-0.345742,-1.570409,2.438383,-1.256581,-0.982642,-1.305956,1,0.220362,0.000000,0.220337,0.000995,0.220325,0.000332,0.220325,0.000332,0.220028,-0.012126,0.220000,-0.012183,0.220000,-0.011958,0.220000,-0.011958,0,-0.328937,0.220000,0.212667,-0.004850,-0.019517,0.020995,-0.019005,0.311127,0.330000,0.000498,1
1772480260,1326013,-0.353803,-1.561041,2.439113,-1.256058,-0.994724,-1.306439,1,0.220450,-0.002824,0.220325,0.000332,0.220230,0.000654,0.220230,0.000654,0.220109,-0.012264,0.220000,-0.011958,0.220000,-0.010069,0.220000,-0.010069,0,-0.277095,0.220000,0.212667,-0.004625,-0.019291,0.020332,-0.019668,0.311127,0.330000,0.000980,1
1772480260,26332356,-0.358584,-1.559250,2.438117,-1.253140,-0.998912,-1.307435,1,0.220055,0.000000,0.220230,0.000654,0.220275,0.001319,0.220275,0.001319,0.219749,-0.011594,0.220000,-0.010069,0.220000,-0.010999,0.220000,-0.010999,0,-0.302621,0.220000,0.212667,-0.002736,-0.017402,0.020654,-0.019346,0.311127,0.330000,0.001976,1
1772480260,51354645,-0.361498,-1.556026,2.438193,-1.252572,-1.003221,-1.307360,1,0.220260,-0.005077,0.220275,0.001319,0.220256,0.001269,0.220256,0.001269,0.219981,-0.011087,0.220000,-0.010999,0.220000,-0.010626,0.220000,-0.010626,0,-0.292383,0.220000,0.212667,-0.003666,-0.018332,0.021319,-0.018681,0.311127,0.330000,0.001901,1
1772480260,101513800,-0.370511,-1.548221,2.439626,-1.249587,-1.014764,-1.305926,1,0.220468,-0.003331,0.220256,0.001269,0.220267,0.000312,0.220267,0.000312,0.220206,-0.010746,0.220000,-0.010626,0.220000,-0.010844,0.220000,-0.010844,0,-0.298377,0.220000,0.212667,-0.003293,-0.017959,0.021269,-0.018731,0.311127,0.330000,0.000467,1
1772480260,126461773,-0.374490,-1.544138,2.439798,-1.248630,-1.020384,-1.305755,1,0.220790,0.000000,0.220267,0.000312,0.220251,0.000198,0.220251,0.000198,0.220541,-0.010491,0.220000,-0.010844,0.220000,-0.010514,0.220000,-0.010514,0,-0.289302,0.220000,0.212667,-0.003511,-0.018178,0.020312,-0.019688,0.311127,0.330000,0.000296,1
1772480260,151522521,-0.378758,-1.538915,2.440234,-1.248084,-1.027107,-1.305319,1,0.220081,-0.001858,0.220251,0.000198,0.220217,-0.000093,0.220217,-0.000093,0.219797,-0.011170,0.220000,-0.010514,0.220000,-0.009783,0.220000,-0.009783,0,-0.269251,0.220000,0.212667,-0.003180,-0.017847,0.020198,-0.019802,0.311127,0.330000,-0.000140,1
1772480260,201538957,-0.387619,-1.531802,2.440371,-1.244830,-1.037994,-1.305181,1,0.220281,0.009598,0.220217,-0.000093,0.220227,-0.000185,0.220227,-0.000185,0.220052,-0.010052,0.220000,-0.009783,0.220000,-0.010004,0.220000,-0.010004,0,-0.275321,0.220000,0.212667,-0.002450,-0.017117,0.019907,-0.020093,0.311127,0.330000,-0.000277,1
1772480260,226515739,-0.389848,-1.528895,2.440406,-1.244646,-1.041652,-1.305146,1,0.220574,0.006041,0.220227,-0.000185,0.212683,0.019815,0.212683,0.019815,0.220382,-0.009194,0.220000,-0.010004,0.212667,-0.002671,0.212667,-0.002671,0,-0.261167,0.220000,0.212667,-0.002671,-0.017338,0.019815,-0.020185,0.311127,0.330000,1.570484,1
1772480260,251596487,-0.394695,-1.525252,2.439643,-1.242725,-1.047404,-1.305910,1,0.219724,-0.005425,0.212683,0.019815,0.220222,0.000311,0.220222,0.000311,0.219502,-0.009874,0.212667,-0.002671,0.220000,-0.009885,0.220000,-0.009885,0,-0.281388,0.220000,0.205333,0.004662,-0.010004,0.039815,-0.000185,0.311127,0.319025,0.000451,1
1772480260,301623309,-0.402538,-1.517995,2.440553,-1.238980,-1.054548,-1.307375,1,0.213028,0.023999,0.220222,0.000311,0.212682,0.020311,0.212682,0.020311,0.213017,-0.002156,0.220000,-0.009885,0.212667,-0.002551,0.212667,-0.002551,0,1.264389,0.220000,0.212667,-0.002551,-0.017218,0.020311,-0.019689,0.311127,0.330000,1.572712,1
1772480260,326668174,-0.406556,-1.512537,2.441216,-1.238789,-1.061323,-1.306712,1,0.224030,-0.041887,0.212682,0.020311,0.205344,0.040311,0.205344,0.040311,0.223637,-0.013260,0.212667,-0.002551,0.205333,0.002102,0.205333,0.002102,0,0.827847,0.220000,0.205333,0.004782,-0.009885,0.040311,0.000311,0.311127,0.319023,1.572049,1
1772480260,351644037,-0.411103,-1.509703,2.441105,-1.236667,-1.066243,-1.306823,1,0.212804,0.016219,0.205344,0.040311,0.198002,0.060311,0.198002,0.060311,0.212793,-0.002134,0.205333,0.002102,0.198000,-0.000907,0.198000,-0.000907,0,-0.315135,0.212667,0.198000,0.009435,-0.005231,0.060311,0.020311,0.311127,0.308016,1.572160,1
1772480260,401772190,-0.418335,-1.501453,2.441246,-1.235427,-1.077143,-1.306682,1,0.205446,0.037287,0.198002,0.060311,0.190669,0.080311,0.190669,0.080311,0.205434,0.002225,0.198000,-0.000907,0.190667,-0.000953,0.190667,-0.000953,0,-0.302561,0.205333,0.190667,0.006426,-0.008240,0.080311,0.040311,0.311127,0.297003,1.572020,1
1772480260,426772738,-0.422554,-1.498076,2.441524,-1.233883,-1.082322,-1.306404,1,0.195986,0.038811,0.190669,0.080311,0.183337,0.100311,0.183337,0.100311,0.195981,-0.001470,0.190667,-0.000953,0.183333,-0.001117,0.183333,-0.001117,0,-0.331759,0.198000,0.183333,0.006380,-0.008287,0.100311,0.060311,0.311127,0.286004,1.571741,1
1772480260,451755775,-0.426165,-1.496010,2.441375,-1.232093,-1.086078,-1.306553,1,0.190862,0.081078,0.183337,0.100311,0.190854,0.080311,0.190854,0.080311,0.190856,-0.001487,0.183333,-0.001117,0.190667,-0.008450,0.190667,-0.008450,0,-0.377653,0.190667,0.176000,0.006217,-0.008450,0.120311,0.080311,0.311127,0.275005,0.001094,1
1772480260,476789887,-0.430220,-1.492419,2.442657,-1.230808,-1.091339,-1.305271,1,0.182878,0.110087,0.190854,0.080311,0.183337,0.100311,0.183337,0.100311,0.182878,0.000000,0.190667,-0.008450,0.183333,-0.001117,0.183333,-0.001117,0,0.598722,0.198000,0.183333,-0.001117,-0.015783,0.100311,0.060311,0.311127,0.286281,1.570609,1
1772480260,526896504,-0.437093,-1.485613,2.447804,-1.229038,-1.100848,-1.300124,1,0.193758,0.038311,0.183337,0.100311,0.176006,0.120311,0.176006,0.120311,0.193415,-0.011533,0.183333,-0.001117,0.176000,-0.001417,0.176000,-0.001417,0,-0.399885,0.190667,0.176000,0.006217,-0.008450,0.120311,0.080311,0.311127,0.275005,1.565461,1
1772480260,551890441,-0.439753,-1.482986,2.451280,-1.228350,-1.104523,-1.296647,1,0.183878,0.097096,0.176006,0.120311,0.168675,0.140311,0.168675,0.140311,0.183872,-0.001468,0.176000,-0.001417,0.168667,-0.001647,0.168667,-0.001647,0,-0.449910,0.183333,0.168667,0.005917,-0.008750,0.140311,0.100311,0.311127,0.264009,1.561985,1
1772480260,576998706,-0.443183,-1.480795,2.453285,-1.226872,-1.108171,-1.294491,1,0.176073,0.121387,0.168675,0.140311,0.161583,0.120311,0.161583,0.120311,0.176067,-0.001503,0.168667,-0.001647,0.161333,-0.008981,0.161333,-0.008981,0,-0.518499,0.176000,0.161333,0.005686,-0.008981,0.160311,0.120311,0.311127,0.253012,-0.010968,1
1772480260,627012976,-0.450473,-1.475352,2.457303,-1.225938,-1.114491,-1.287233,1,0.167074,0.132731,0.161583,0.120311,0.154359,0.100311,0.154359,0.100311,0.167066,-0.001608,0.161333,-0.008981,0.154000,-0.010528,0.154000,-0.010528,0,-0.595076,0.168667,0.154000,-0.001647,-0.016314,0.140311,0.100311,0.311127,0.242375,-0.018226,1
1772480260,652036487,-0.454345,-1.471990,2.460535,-1.224655,-1.119456,-1.284001,1,0.161385,0.118676,0.154359,0.100311,0.147059,0.080311,0.147059,0.080311,0.161122,-0.009198,0.154000,-0.010528,0.146667,-0.010739,0.146667,-0.010739,0,-0.670142,0.161333,0.146667,-0.003195,-0.017861,0.120311,0.080311,0.311127,0.231539,-0.021458,1
1772480260,677125105,-0.457274,-1.469386,2.464180,-1.223719,-1.123262,-1.280356,1,0.154901,0.097886,0.147059,0.080311,0.139764,0.060311,0.139764,0.060311,0.154518,-0.010897,0.146667,-0.010739,0.139333,-0.010964,0.139333,-0.010964,0,-0.757704,0.154000,0.139333,-0.003406,-0.018073,0.100311,0.060311,0.311127,0.220589,-0.025103,1
1772480260,727152521,-0.463445,-1.464740,2.472000,-1.221271,-1.130589,-1.272536,1,0.145354,0.068049,0.139764,0.060311,0.132534,0.040311,0.132534,0.040311,0.144902,-0.011454,0.139333,-0.010964,0.132000,-0.011886,0.132000,-0.011886,0,-0.920660,0.146667,0.132000,-0.003631,-0.018298,0.080311,0.040311,0.311127,0.209646,-0.032923,1
1772480260,752200273,-0.467358,-1.462457,2.475319,-1.219343,-1.134687,-1.269217,1,0.140105,0.062019,0.132534,0.040311,0.125304,0.020311,0.125304,0.020311,0.139701,-0.010632,0.132000,-0.011886,0.124667,-0.012618,0.124667,-0.012618,0,-1.078596,0.139333,0.124667,-0.004553,-0.019219,0.060311,0.020311,0.311127,0.198801,-0.036242,1
1772480260,777246058,-0.468673,-1.460562,2.477233,-1.219334,-1.136994,-1.267304,1,0.132592,0.048184,0.125304,0.020311,0.117993,0.000311,0.117993,0.000311,0.132037,-0.012117,0.124667,-0.012618,0.117333,-0.012464,0.117333,-0.012464,0,-1.170937,0.132000,0.117333,-0.005284,-0.019951,0.040311,0.000311,0.311127,0.187955,-0.038155,1
1772480260,827279945,-0.474665,-1.456324,2.478516,-1.216802,-1.143883,-1.266020,1,0.124883,0.013399,0.117993,0.000311,0.110777,-0.019689,0.110777,-0.019689,0.124244,-0.012624,0.117333,-0.012464,0.110000,-0.013095,0.110000,-0.013095,0,-1.348665,0.124667,0.110000,-0.005130,-0.019797,0.020311,-0.019689,0.311127,0.176990,-0.039439,1
1772480260,852331671,-0.477021,-1.455349,2.479604,-1.215414,-1.146022,-1.264932,1,0.117996,-0.004167,0.110777,-0.019689,0.118342,-0.028863,0.118342,-0.028863,0.117343,-0.012398,0.110000,-0.013095,0.117333,-0.015419,0.117333,-0.015419,0,-1.568226,0.117333,0.102667,-0.005761,-0.020428,0.000311,-0.039689,0.311127,0.166165,-0.040526,1
1772480260,877413511,-0.480077,-1.452843,2.481244,-1.214318,-1.149819,-1.263292,1,0.110421,-0.019521,0.118342,-0.028863,0.125677,-0.029853,0.125677,-0.029853,0.109641,-0.013101,0.117333,-0.015419,0.124667,-0.015903,0.124667,-0.015903,0,-1.425688,0.124667,0.110000,-0.008086,-0.022752,-0.008863,-0.048863,0.311127,0.177513,-0.042167,1
1772480260,927384674,-0.484837,-1.448657,2.480919,-1.214571,-1.154951,-1.260570,1,0.118734,-0.029358,0.125677,-0.029853,0.132896,-0.031645,0.132896,-0.031645,0.117685,-0.015750,0.124667,-0.015903,0.132000,-0.015406,0.132000,-0.015406,0,-1.229860,0.132000,0.117333,-0.008570,-0.023236,-0.009853,-0.049853,0.311127,0.188515,-0.044889,1
1772480260,952390897,-0.486515,-1.446041,2.479792,-1.214663,-1.158058,-1.261697,1,0.125373,-0.034747,0.132896,-0.031645,0.140129,-0.030763,0.140129,-0.030763,0.124311,-0.016285,0.132000,-0.015406,0.139333,-0.014915,0.139333,-0.014915,0,-1.067883,0.139333,0.124667,-0.008072,-0.022739,-0.011645,-0.051645,0.311127,0.199344,-0.043762,1
1772480260,977389559,-0.489077,-1.444173,2.478609,-1.213603,-1.161046,-1.262879,1,0.132805,-0.030686,0.140129,-0.030763,0.132218,-0.010763,0.132218,-0.010763,0.131902,-0.015462,0.139333,-0.014915,0.132000,-0.007582,0.132000,-0.007582,0,-0.981610,0.146667,0.132000,-0.007582,-0.022248,-0.010763,-0.050763,0.311127,0.210194,1.528217,1
1772480261,27453261,-0.493263,-1.438638,2.477650,-1.213273,-1.167978,-1.263839,1,0.140280,-0.027565,0.132218,-0.010763,0.124667,0.009237,0.124667,0.009237,0.139563,-0.014164,0.132000,-0.007582,0.124667,-0.000318,0.124667,-0.000318,0,-0.991267,0.139333,0.124667,-0.000248,-0.014915,0.009237,-0.030763,0.311127,0.198326,1.529177,1
1772480261,52450730,-0.496727,-1.436901,2.476863,-1.211394,-1.171367,-1.264626,1,0.132289,-0.016273,0.124667,0.009237,0.117583,-0.010763,0.117583,-0.010763,0.132060,-0.007789,0.124667,-0.000318,0.117333,-0.007651,0.117333,-0.007651,0,-1.132277,0.132000,0.117333,0.007016,-0.007651,0.029237,-0.010763,0.311127,0.187001,-0.040833,1
1772480261,77476714,-0.499016,-1.433819,2.475312,-1.211245,-1.175203,-1.266177,1,0.124722,0.009747,0.117583,-0.010763,0.125338,-0.027915,0.125338,-0.027915,0.124722,0.000000,0.117333,-0.007651,0.124667,-0.012956,0.124667,-0.012956,0,-1.172185,0.124667,0.110000,-0.000318,-0.014984,0.009237,-0.030763,0.311127,0.176374,-0.039282,1
1772480261,127533505,-0.504551,-1.429712,2.473337,-1.208995,-1.181718,-1.268152,1,0.117749,-0.006572,0.125338,-0.027915,0.117468,-0.007915,0.117468,-0.007915,0.117450,-0.008395,0.124667,-0.012956,0.117333,-0.005623,0.117333,-0.005623,0,-1.062705,0.132000,0.117333,-0.005623,-0.020290,-0.007915,-0.047915,0.311127,0.188007,1.533490,1
1772480261,152508057,-0.506538,-1.428192,2.473431,-1.208213,-1.184095,-1.268058,1,0.125313,-0.035146,0.117468,-0.007915,0.123485,-0.026211,0.123485,-0.026211,0.124590,-0.013449,0.117333,-0.005623,0.122803,-0.012956,0.122803,-0.012956,0,-1.190940,0.124667,0.110000,0.001710,-0.012956,0.012085,-0.027915,0.311127,0.176202,-0.037401,1
1772480261,177559720,-0.509033,-1.426120,2.473012,-1.207323,-1.187213,-1.268477,1,0.115779,0.019328,0.123485,-0.026211,0.115606,-0.006211,0.115606,-0.006211,0.115706,-0.004119,0.122803,-0.012956,0.115470,-0.005623,0.115470,-0.005623,0,-1.095304,0.130136,0.115470,-0.005623,-0.020290,-0.006211,-0.046211,0.311127,0.185227,1.533814,1
1772480261,227614394,-0.512424,-1.423582,2.472397,-1.206159,-1.191054,-1.269036,1,0.123028,-0.028252,0.115606,-0.006211,0.108137,0.013789,0.108137,0.013789,0.122328,-0.013107,0.115470,-0.005623,0.108136,-0.000307,0.108136,-0.000307,0,-1.221821,0.122803,0.108136,0.001710,-0.012956,0.013789,-0.026211,0.311127,0.173410,1.534374,1
1772480261,252687470,-0.515232,-1.421024,2.472440,-1.209686,-1.191071,-1.267792,1,0.115649,-0.013445,0.108137,0.013789,0.101092,-0.006211,0.101092,-0.006211,0.115509,-0.005696,0.108136,-0.000307,0.100803,-0.007640,0.100803,-0.007640,0,-1.122340,0.115470,0.100803,0.007027,-0.007640,0.033789,-0.006211,0.311127,0.162205,-0.037667,1
1772480261,277627668,-0.517917,-1.418248,2.471425,-1.209033,-1.194877,-1.268807,1,0.106765,0.029002,0.101092,-0.006211,0.108441,-0.026211,0.108441,-0.026211,0.106760,0.001096,0.100803,-0.007640,0.107988,-0.009902,0.107988,-0.009902,0,-1.204335,0.108136,0.093470,-0.000307,-0.014973,0.013789,-0.026211,0.311127,0.151638,-0.036652,1
1772480261,327775010,-0.522097,-1.415091,2.470053,-1.207359,-1.199841,-1.270179,1,0.100422,0.001278,0.108441,-0.026211,0.115772,-0.025110,0.115772,-0.025110,0.100160,-0.007250,0.107988,-0.009902,0.115321,-0.010208,0.115321,-0.010208,0,-1.084092,0.115321,0.100655,-0.002569,-0.017235,-0.006211,-0.046211,0.311127,0.162661,-0.035280,1
1772480261,352695480,-0.524080,-1.413563,2.469100,-1.206581,-1.202220,-1.271132,1,0.108432,-0.032731,0.115772,-0.025110,0.108026,-0.005110,0.108026,-0.005110,0.107942,-0.010298,0.115321,-0.010208,0.107988,-0.002874,0.107988,-0.002874,0,1.256363,0.122655,0.107988,-0.002874,-0.017541,-0.005110,-0.045110,0.311127,0.173658,1.536469,1
1772480261,402800413,-0.526971,-1.410476,2.469685,-1.205932,-1.206400,-1.270547,1,0.116409,-0.020135,0.108026,-0.005110,0.100655,0.014890,0.100655,0.014890,0.115998,-0.009781,0.107988,-0.002874,0.100655,-0.000228,0.100655,-0.000228,0,-1.060117,0.115321,0.100655,0.004459,-0.010208,0.014890,-0.025110,0.311127,0.162039,1.535885,1
1772480261,427799960,-0.529178,-1.406832,2.470496,-1.206163,-1.210653,-1.269736,1,0.108607,-0.004162,0.100655,0.014890,0.093608,-0.005110,0.093608,-0.005110,0.108564,-0.003050,0.100655,-0.000228,0.093321,-0.007326,0.093321,-0.007326,0,-1.080738,0.107988,0.093321,0.007105,-0.007562,0.034890,-0.005110,0.311127,0.150982,-0.035723,1
1772480261,452827287,-0.531193,-1.405142,2.470076,-1.205451,-1.213185,-1.270156,1,0.100434,0.014624,0.093608,-0.005110,0.099874,-0.025110,0.099874,-0.025110,0.100434,0.000000,0.093321,-0.007326,0.099514,-0.008468,0.099514,-0.008468,0,-1.207651,0.100655,0.085988,0.000008,-0.014659,0.014890,-0.025110,0.311127,0.140412,-0.035303,1
1772480261,477829549,-0.533795,-1.404206,2.468785,-1.203829,-1.215424,-1.271447,1,0.094015,-0.003428,0.099874,-0.025110,0.092188,-0.005110,0.092188,-0.005110,0.093739,-0.007192,0.099514,-0.008468,0.092181,-0.001134,0.092181,-0.001134,0,-1.160275,0.106847,0.092181,-0.001134,-0.015801,-0.005110,-0.045110,0.311127,0.149811,1.536785,1
1772480261,527866744,-0.537181,-1.401183,2.467680,-1.202734,-1.219830,-1.272552,1,0.100394,-0.024714,0.092188,-0.005110,0.094613,-0.022515,0.094613,-0.022515,0.100003,-0.008854,0.092181,-0.001134,0.094233,-0.008468,0.094233,-0.008468,0,-1.294445,0.099514,0.084847,0.006199,-0.008468,0.014890,-0.025110,0.311127,0.138282,-0.032906,1
1772480261,552916366,-0.539499,-1.398500,2.467570,-1.202332,-1.223353,-1.272662,1,0.091616,0.002589,0.094613,-0.022515,0.086907,-0.002515,0.086907,-0.002515,0.091616,0.000000,0.094233,-0.008468,0.086900,-0.001134,0.086900,-0.001134,0,-1.186273,0.101566,0.086900,-0.001134,-0.015801,-0.002515,-0.042515,0.311127,0.141919,1.538000,1
1772480261,577910504,-0.542003,-1.398333,2.467424,-1.200222,-1.224949,-1.272747,1,0.094352,-0.023053,0.086907,-0.002515,0.083822,-0.021034,0.083822,-0.021034,0.093994,-0.008209,0.086900,-0.001134,0.083393,-0.008468,0.083393,-0.008468,0,-1.549866,0.094233,0.079566,0.006199,-0.008468,0.017485,-0.022515,0.311127,0.130361,-0.032712,1
1772480261,627932986,-0.544555,-1.394250,2.467685,-1.196827,-1.231004,-1.270858,1,0.087134,-0.001440,0.083822,-0.021034,0.091373,-0.025146,0.091373,-0.025146,0.087125,-0.001237,0.083393,-0.008468,0.090726,-0.010855,0.090726,-0.010855,0,-1.889640,0.090726,0.076060,-0.001134,-0.015801,-0.001034,-0.041034,0.311127,0.125733,-0.034601,1
1772480261,653015892,-0.546870,-1.395300,2.466738,-1.194322,-1.231436,-1.271806,1,0.083936,-0.017343,0.091373,-0.025146,0.083467,-0.005146,0.083467,-0.005146,0.083504,-0.008505,0.090726,-0.010855,0.083393,-0.003521,0.083393,-0.003521,0,-1.862711,0.098060,0.083393,-0.003521,-0.018188,-0.005146,-0.045146,0.311127,0.137060,1.537143,1
1772480261,678026958,-0.548662,-1.392415,2.466180,-1.194462,-1.234829,-1.272363,1,0.082809,0.020565,0.083467,-0.005146,0.084909,-0.022445,0.084909,-0.022445,0.082766,-0.002663,0.083393,-0.003521,0.084212,-0.010855,0.084212,-0.010855,0,-2.042144,0.090726,0.076060,0.003812,-0.010855,0.014854,-0.025146,0.311127,0.125201,-0.033096,1
1772480261,728079148,-0.551593,-1.390061,2.465726,-1.193361,-1.238424,-1.272817,1,0.083759,-0.006480,0.084909,-0.022445,0.076959,-0.002445,0.076959,-0.002445,0.083673,-0.003801,0.084212,-0.010855,0.076879,-0.003521,0.076879,-0.003521,0,-1.989858,0.091545,0.076879,-0.003521,-0.018188,-0.002445,-0.042445,0.311127,0.127363,1.538154,1
1772480261,753071647,-0.554999,-1.388841,2.465405,-1.191230,-1.241347,-1.273138,1,0.083980,-0.018168,0.076959,-0.002445,0.073727,-0.020642,0.073727,-0.020642,0.083367,-0.010124,0.076879,-0.003521,0.072924,-0.010855,0.072924,-0.010855,0,-2.550736,0.084212,0.069545,0.003812,-0.010855,0.017555,-0.022445,0.311127,0.115439,-0.032321,1
1772480261,778096873,-0.555599,-1.387032,2.465597,-1.191751,-1.243180,-1.272946,1,0.072659,-0.057117,0.073727,-0.020642,0.081098,-0.023842,0.081098,-0.023842,0.071556,-0.012612,0.072924,-0.010855,0.080257,-0.011645,0.080257,-0.011645,0,-2.596872,0.080257,0.065591,-0.003521,-0.018188,-0.000642,-0.040642,0.311127,0.110591,-0.032513,1
1772480261,828149909,-0.558312,-1.385199,2.465467,-1.190537,-1.246222,-1.273076,1,0.073750,-0.020386,0.081098,-0.023842,0.073051,-0.003842,0.073051,-0.003842,0.072994,-0.010539,0.080257,-0.011645,0.072924,-0.004312,0.072924,-0.004312,0,-2.243282,0.087591,0.072924,-0.004312,-0.018979,-0.003842,-0.043842,0.311127,0.121646,1.538414,1
1772480261,853229648,-0.559418,-1.384112,2.465818,-1.190234,-1.247742,-1.272725,1,0.080293,-0.020443,0.073051,-0.003842,0.079310,-0.023601,0.079310,-0.023601,0.079513,-0.011166,0.072924,-0.004312,0.078450,-0.011645,0.078450,-0.011645,0,-2.669680,0.080257,0.065591,0.003021,-0.011645,0.016158,-0.023842,0.311127,0.110000,-0.032734,1
1772480261,878180033,-0.560851,-1.381481,2.466071,-1.190527,-1.250724,-1.272472,1,0.079886,-0.044645,0.079310,-0.023601,0.071247,-0.003601,0.071247,-0.003601,0.078856,-0.012784,0.078450,-0.011645,0.071117,-0.004312,0.071117,-0.004312,0,-2.178510,0.085783,0.071117,-0.004312,-0.018979,-0.003601,-0.043601,0.311127,0.118965,1.537810,1
1772480261,928201741,-0.563914,-1.378450,2.465105,-1.189698,-1.254953,-1.273438,1,0.079203,-0.019599,0.071247,-0.003601,0.063784,0.016399,0.063784,0.016399,0.078396,-0.011281,0.071117,-0.004312,0.063783,-0.000199,0.063783,-0.000199,0,-2.430667,0.078450,0.063783,0.003021,-0.011645,0.016399,-0.023601,0.311127,0.110000,1.538776,1
1772480261,953303460,-0.565132,-1.377533,2.464322,-1.189206,-1.256396,-1.274221,1,0.071320,-0.003603,0.063784,0.016399,0.056451,0.036399,0.056451,0.036399,0.071164,-0.004710,0.063783,-0.000199,0.056450,-0.000384,0.056450,-0.000384,0,-2.432426,0.071117,0.056450,0.007134,-0.007532,0.036399,-0.003601,0.311127,0.110000,1.539559,1
1772480261,978291471,-0.566807,-1.377000,2.463926,-1.188120,-1.257779,-1.274617,1,0.054995,0.024479,0.056451,0.036399,0.049120,0.056399,0.049120,0.056399,0.054995,0.000000,0.056450,-0.000384,0.049117,-0.000594,0.049117,-0.000594,0,-2.538130,0.063783,0.049117,0.006949,-0.007718,0.056399,0.016399,0.311127,0.110000,1.539954,1
1772480262,28346165,-0.569082,-1.374573,2.463957,-1.187603,-1.261064,-1.274587,1,0.055852,0.046019,0.049120,0.056399,0.041791,0.076399,0.041791,0.076399,0.055852,0.000000,0.049117,-0.000594,0.041783,-0.000769,0.041783,-0.000769,0,-2.478972,0.056450,0.041783,0.006739,-0.007927,0.076399,0.036399,0.311127,0.110000,1.539924,1
1772480262,53379385,-0.570330,-1.374358,2.464119,-1.186589,-1.261935,-1.274364,1,0.048290,0.061954,0.041791,0.076399,0.034458,0.096399,0.034458,0.096399,0.048290,0.000000,0.041783,-0.000769,0.034450,0.000728,0.034450,0.000728,0,1.882829,0.049117,0.034450,0.006564,-0.008102,0.096399,0.056399,0.311127,0.110000,1.539701,1
1772480262,78401170,-0.571323,-1.373233,2.464905,-1.183729,-1.263197,-1.271999,1,0.033127,0.096327,0.034458,0.096399,0.027168,0.116399,0.027168,0.116399,0.033102,0.001296,0.034450,0.000728,0.027117,0.001668,0.027117,0.001668,0,3.599562,0.041783,0.027117,0.008061,-0.006606,0.116399,0.076399,0.311127,0.110000,1.537336,1
1772480262,128444019,-0.572224,-1.371810,2.468569,-1.183781,-1.264880,-1.268334,1,0.034145,0.099763,0.027168,0.116399,0.019935,0.136399,0.019935,0.136399,0.034145,0.000000,0.027117,0.001668,0.019783,0.002455,0.019783,0.002455,0,4.539785,0.034450,0.019783,0.009001,-0.005666,0.136399,0.096399,0.311127,0.110000,1.533672,1
1772480262,153524663,-0.571965,-1.371355,2.471691,-1.184250,-1.265112,-1.265212,1,0.026485,0.111959,0.019935,0.136399,0.012763,0.156399,0.012763,0.156399,0.026431,0.001697,0.019783,0.002455,0.012450,0.002809,0.012450,0.002809,0,4.540913,0.027117,0.012450,0.009789,-0.004878,0.156399,0.116399,0.311127,0.110000,1.530550,1
1772480262,178503573,-0.572717,-1.370948,2.474452,-1.183856,-1.265871,-1.262451,1,0.011097,0.147274,0.012763,0.156399,0.012701,0.176399,0.012701,0.176399,0.010764,0.002694,0.012450,0.002809,0.012224,0.003448,0.012224,0.003448,0,4.936109,0.019783,0.005117,0.010143,-0.004524,0.176399,0.136399,0.311127,0.110000,1.527789,1
1772480262,228686803,-0.573337,-1.370839,2.480592,-1.183404,-1.266309,-1.256312,1,0.012526,0.159206,0.012701,0.176399,0.014198,0.196399,0.014198,0.196399,0.012216,0.002768,0.012224,0.003448,0.013628,0.003981,0.013628,0.003981,0,5.097565,0.019557,0.004890,0.010781,-0.003885,0.196399,0.156399,0.311127,0.110000,1.521649,1
1772480262,253644192,-0.573874,-1.370451,2.485025,-1.183177,-1.266931,-1.251878,1,0.013113,0.171463,0.014198,0.196399,0.015689,0.216399,0.015689,0.216399,0.012628,0.003532,0.013628,0.003981,0.014999,0.004601,0.014999,0.004601,0,5.331672,0.020962,0.006295,0.011314,-0.003353,0.216399,0.176399,0.311127,0.110000,1.517216,1
1772480262,278765764,-0.573849,-1.370856,2.489553,-1.182970,-1.266581,-1.247351,1,0.016210,0.213070,0.015689,0.216399,0.017191,0.236399,0.017191,0.236399,0.015461,0.004871,0.014999,0.004601,0.016495,0.004842,0.016495,0.004842,0,5.121105,0.022333,0.007666,0.011934,-0.002733,0.236399,0.196399,0.311127,0.110000,1.512688,1
1772480262,328842558,-0.574278,-1.371103,2.499455,-1.182476,-1.266618,-1.237449,1,0.015464,0.213899,0.017191,0.236399,0.018768,0.256399,0.018768,0.256399,0.014828,0.004389,0.016495,0.004842,0.018037,0.005187,0.018037,0.005187,0,5.025348,0.023828,0.009161,0.012175,-0.002491,0.256399,0.216399,0.311127,0.110000,1.502786,1
1772480262,353846629,-0.574126,-1.371151,2.505495,-1.182575,-1.266493,-1.231408,1,0.018646,0.249463,0.018768,0.256399,0.020313,0.276399,0.020313,0.276399,0.017830,0.005455,0.018037,0.005187,0.019577,0.005420,0.019577,0.005420,0,4.850948,0.025370,0.010703,0.012521,-0.002146,0.276399,0.236399,0.311127,0.110000,1.496746,1
1772480262,378873275,-0.574967,-1.370428,2.511306,-1.182285,-1.267562,-1.225598,1,0.021009,0.266392,0.020313,0.276399,0.021868,0.296399,0.021868,0.296399,0.020273,0.005514,0.019577,0.005420,0.020936,0.006316,0.020936,0.006316,0,5.251125,0.026910,0.012244,0.012753,-0.001914,0.296399,0.256399,0.311127,0.110000,1.490935,1
1772480262,428972406,-0.575913,-1.369183,2.524335,-1.182199,-1.269124,-1.212569,1,0.019972,0.276581,0.021868,0.296399,0.023549,0.316399,0.023549,0.316399,0.019178,0.005575,0.020936,0.006316,0.022380,0.007328,0.022380,0.007328,0,5.657834,0.028270,0.013603,0.013649,-0.001018,0.316399,0.276399,0.311127,0.110000,1.477906,1
1772480262,454029772,-0.577246,-1.369892,2.530774,-1.180698,-1.269284,-1.206130,1,0.023798,0.311407,0.023549,0.316399,0.025148,0.336399,0.025148,0.336399,0.022583,0.007507,0.022380,0.007328,0.023852,0.007967,0.023852,0.007967,0,5.759843,0.029714,0.015047,0.014661,-0.000005,0.336399,0.296399,0.311127,0.110000,1.471467,1
1772480262,479073601,-0.577113,-1.369435,2.538866,-1.181065,-1.269588,-1.198037,1,0.025304,0.322506,0.025148,0.336399,0.026790,0.356399,0.026790,0.356399,0.023988,0.008054,0.023852,0.007967,0.025442,0.008392,0.025442,0.008392,0,5.695166,0.031186,0.016519,0.015300,0.000633,0.356399,0.316399,0.311127,0.110000,1.463375,1
1772480262,529157877,-0.578308,-1.369156,2.555613,-1.180231,-1.270489,-1.181291,1,0.025112,0.341387,0.026790,0.356399,0.028621,0.376399,0.028621,0.376399,0.023822,0.007945,0.025442,0.008392,0.027121,0.009144,0.027121,0.009144,0,5.809107,0.032775,0.018109,0.015725,0.001058,0.376399,0.336399,0.311127,0.110000,1.446628,1
1772480262,554203304,-0.578333,-1.369284,2.563574,-1.180139,-1.270397,-1.173329,1,0.028649,0.377738,0.028621,0.376399,0.030309,0.396399,0.030309,0.396399,0.027264,0.008800,0.027121,0.009144,0.028809,0.009415,0.028809,0.009415,0,5.648246,0.034454,0.019787,0.016478,0.001811,0.396399,0.356399,0.311127,0.110000,1.438667,1
1772480262,579414936,-0.579793,-1.369698,2.572392,-1.178698,-1.270873,-1.164511,1,0.030585,0.390450,0.030309,0.396399,0.032034,0.416399,0.032034,0.416399,0.029095,0.009427,0.028809,0.009415,0.030364,0.010208,0.030364,0.010208,0,5.793785,0.036142,0.021476,0.016749,0.002082,0.416399,0.376399,0.311127,0.110000,1.429849,1
1772480262,629402813,-0.580401,-1.369270,2.591402,-1.178435,-1.271568,-1.145502,1,0.030275,0.390630,0.032034,0.416399,0.034025,0.436399,0.034025,0.436399,0.028756,0.009469,0.030364,0.010208,0.032297,0.010706,0.032297,0.010706,0,5.720986,0.037697,0.023031,0.017541,0.002875,0.436399,0.396399,0.311127,0.110000,1.410839,1
1772480262,654551517,-0.581842,-1.368603,2.602423,-1.177616,-1.272929,-1.134480,1,0.034590,0.425524,0.034025,0.436399,0.035865,0.456399,0.035865,0.456399,0.032850,0.010833,0.032297,0.010706,0.033831,0.011904,0.033831,0.011904,0,6.034796,0.039630,0.024963,0.018039,0.003373,0.456399,0.416399,0.311127,0.110000,1.399818,1
1772480262,679528009,-0.581878,-1.368971,2.612750,-1.177488,-1.272575,-1.124083,1,0.035145,0.463474,0.035865,0.456399,0.037716,0.476399,0.037716,0.476399,0.032954,0.012216,0.033831,0.011904,0.035776,0.011941,0.035776,0.011941,0,5.756571,0.041165,0.026498,0.019237,0.004571,0.476399,0.436399,0.311127,0.110000,1.389420,1
1772480262,729641015,-0.583840,-1.369394,2.634978,-1.177333,-1.272243,-1.100751,1,0.036090,0.452622,0.037716,0.476399,0.039971,0.496399,0.039971,0.496399,0.034150,0.011676,0.035776,0.011941,0.038261,0.011564,0.038261,0.011564,0,5.260405,0.043109,0.028443,0.019275,0.004608,0.496399,0.456399,0.311127,0.110000,1.366089,1
1772480262,754712531,-0.585453,-1.367982,2.647117,-1.176787,-1.274315,-1.088612,1,0.040245,0.496403,0.039971,0.496399,0.041954,0.516399,0.041954,0.516399,0.038648,0.011222,0.038261,0.011564,0.039815,0.013227,0.039815,0.013227,0,5.732115,0.045595,0.030928,0.018898,0.004231,0.516399,0.476399,0.311127,0.110000,1.353950,1
1772480262,779691762,-0.585321,-1.367125,2.659077,-1.177376,-1.274952,-1.076653,1,0.042005,0.520894,0.041954,0.516399,0.043967,0.536399,0.043967,0.536399,0.039896,0.013144,0.039815,0.013227,0.041778,0.013701,0.041778,0.013701,0,5.665821,0.047148,0.032481,0.020560,0.005893,0.536399,0.496399,0.311127,0.110000,1.341991,1
1772480262,829879239,-0.586874,-1.367861,2.684213,-1.175677,-1.275212,-1.051516,1,0.042120,0.518446,0.043967,0.536399,0.046477,0.556399,0.046477,0.556399,0.040072,0.012973,0.041778,0.013701,0.044349,0.013905,0.044349,0.013905,0,5.439536,0.049112,0.034445,0.021034,0.006368,0.556399,0.516399,0.311127,0.110000,1.316854,1
1772480262,854930258,-0.588584,-1.367892,2.697874,-1.174243,-1.276143,-1.037855,1,0.047224,0.552532,0.046477,0.556399,0.048653,0.576399,0.048653,0.576399,0.045048,0.014170,0.044349,0.013905,0.046309,0.014920,0.046309,0.014920,0,5.575685,0.051682,0.037015,0.021238,0.006572,0.576399,0.536399,0.311127,0.110000,1.303193,1
1772480262,880081188,-0.589436,-1.367798,2.711320,-1.173590,-1.276698,-1.024409,1,0.048813,0.565725,0.048653,0.576399,0.050866,0.596399,0.050866,0.596399,0.046510,0.014817,0.046309,0.014920,0.048443,0.015511,0.048443,0.015511,0,5.544503,0.053642,0.038975,0.022253,0.007587,0.596399,0.556399,0.311127,0.110000,1.289747,1
1772480262,930215990,-0.591393,-1.367955,2.739176,-1.171880,-1.277663,-0.996553,1,0.048815,0.579069,0.050866,0.596399,0.052302,0.600000,0.052302,0.600000,0.046442,0.015035,0.048443,0.015511,0.049901,0.015665,0.049901,0.015665,0,5.445696,0.055776,0.041110,0.022845,0.008178,0.600000,0.576399,0.311127,0.110000,1.261891,1
1772480262,955171896,-0.592593,-1.367508,2.753764,-1.171137,-1.278705,-0.981966,1,0.052527,0.594547,0.052302,0.600000,0.052914,0.600000,0.052914,0.600000,0.050268,0.015238,0.049901,0.015665,0.050419,0.016057,0.050419,0.016057,0,5.517281,0.057235,0.042568,0.022999,0.008332,0.600000,0.580000,0.311127,0.110000,1.247303,1
1772480262,980245253,-0.593948,-1.367335,2.769248,-1.170110,-1.279607,-0.966481,1,0.053011,0.613575,0.052914,0.600000,0.053579,0.600000,0.053579,0.600000,0.050430,0.016340,0.050419,0.016057,0.051023,0.016353,0.051023,0.016353,0,5.549184,0.057752,0.043086,0.023390,0.008723,0.600000,0.580000,0.311127,0.110000,1.231819,1
1772480263,30474911,-0.597017,-1.365927,2.800033,-1.168355,-1.282492,-0.935697,1,0.053626,0.614145,0.053579,0.600000,0.054953,0.600000,0.054953,0.600000,0.051039,0.016455,0.051023,0.016353,0.052046,0.017635,0.052046,0.017635,0,5.834927,0.058356,0.043690,0.023686,0.009019,0.600000,0.580000,0.311127,0.110000,1.201034,1
1772480263,55393269,-0.598669,-1.367362,2.814480,-1.166183,-1.282228,-0.921249,1,0.055254,0.606048,0.054953,0.600000,0.055622,0.600000,0.055622,0.600000,0.052367,0.017628,0.052046,0.017635,0.052855,0.017323,0.052855,0.017323,0,5.662566,0.059379,0.044713,0.024969,0.010302,0.600000,0.580000,0.311127,0.110000,1.186587,1
1772480263,80498317,-0.599601,-1.367342,2.829323,-1.165422,-1.282766,-0.906407,1,0.055204,0.596130,0.055622,0.600000,0.056326,0.600000,0.056326,0.600000,0.052427,0.017288,0.052855,0.017323,0.053608,0.017286,0.053608,0.017286,0,5.579929,0.060189,0.045522,0.024656,0.009990,0.600000,0.580000,0.311127,0.110000,1.171744,1
1772480263,130575418,-0.601460,-1.367015,2.859691,-1.164065,-1.284078,-0.876039,1,0.056382,0.610364,0.056326,0.600000,0.057825,0.600000,0.057825,0.600000,0.053782,0.016926,0.053608,0.017286,0.055176,0.017302,0.055176,0.017302,0,5.440312,0.060941,0.046275,0.024620,0.009953,0.600000,0.580000,0.311127,0.110000,1.141376,1
1772480263,155636796,-0.604017,-1.366011,2.874501,-1.162508,-1.286341,-0.861229,1,0.058177,0.595973,0.057825,0.600000,0.058585,0.600000,0.058585,0.600000,0.055602,0.017119,0.055176,0.017302,0.055544,0.018630,0.055544,0.018630,0,5.781852,0.062509,0.047842,0.024636,0.009969,0.600000,0.580000,0.311127,0.110000,1.126567,1
1772480263,180741766,-0.605329,-1.367634,2.889617,-1.160512,-1.285731,-0.846113,1,0.058491,0.593155,0.058585,0.600000,0.059382,0.600000,0.059382,0.600000,0.055460,0.018585,0.055544,0.018630,0.056594,0.017982,0.056594,0.017982,0,5.505678,0.062877,0.048211,0.025964,0.011297,0.600000,0.580000,0.311127,0.110000,1.111450,1
1772480263,230809712,-0.607824,-1.367202,2.919811,-1.158687,-1.287485,-0.815918,1,0.059692,0.599309,0.059382,0.600000,0.061040,0.600000,0.061040,0.600000,0.057051,0.017558,0.056594,0.017982,0.058214,0.018359,0.058214,0.018359,0,5.468394,0.063927,0.049261,0.025315,0.010648,0.600000,0.580000,0.311127,0.110000,1.081256,1
1772480263,255862448,-0.609476,-1.367657,2.934925,-1.157063,-1.288033,-0.800804,1,0.061213,0.612760,0.061040,0.600000,0.061905,0.600000,0.061905,0.600000,0.058419,0.018282,0.058214,0.018359,0.059095,0.018440,0.059095,0.018440,0,5.415892,0.065547,0.050881,0.025692,0.011025,0.600000,0.580000,0.311127,0.110000,1.066142,1
1772480263,280927302,-0.611094,-1.368669,2.949533,-1.155156,-1.288100,-0.786197,1,0.061732,0.599143,0.061905,0.600000,0.062765,0.600000,0.062765,0.600000,0.058968,0.018266,0.059095,0.018440,0.060055,0.018245,0.060055,0.018245,0,5.285118,0.066429,0.051762,0.025773,0.011107,0.600000,0.580000,0.311127,0.110000,1.051534,1
1772480263,331009977,-0.614325,-1.367857,2.979624,-1.152933,-1.290582,-0.756106,1,0.063131,0.608080,0.062765,0.600000,0.064614,0.600000,0.064614,0.600000,0.060499,0.018039,0.060055,0.018245,0.061701,0.019184,0.061701,0.019184,0,5.398276,0.067389,0.052722,0.025578,0.010911,0.600000,0.580000,0.311127,0.110000,1.021443,1
1772480263,356058610,-0.614332,-1.367833,2.994748,-1.152941,-1.290605,-0.740981,1,0.064571,0.605043,0.064614,0.600000,0.065586,0.600000,0.065586,0.600000,0.061690,0.019071,0.061701,0.019184,0.062911,0.018539,0.062911,0.018539,0,5.139486,0.069034,0.054367,0.026518,0.011851,0.600000,0.580000,0.311127,0.110000,1.006319,1
1772480263,381165408,-0.616815,-1.369220,3.009592,-1.149978,-1.290808,-0.726160,1,0.065573,0.611158,0.065586,0.600000,0.066566,0.600000,0.066566,0.600000,0.062954,0.018348,0.062911,0.018539,0.063910,0.018616,0.063910,0.018616,0,5.084906,0.070244,0.055577,0.025873,0.011206,0.600000,0.580000,0.311127,0.110000,0.991497,1
1772480263,431259559,-0.620490,-1.369282,3.039342,-1.145631,-1.292437,-0.696625,1,0.066700,0.602932,0.066566,0.600000,0.068610,0.600000,0.068610,0.600000,0.064093,0.018466,0.063910,0.018616,0.065824,0.019352,0.065824,0.019352,0,5.128338,0.071243,0.056576,0.025950,0.011283,0.600000,0.580000,0.311127,0.110000,0.961963,1
1772480263,456296457,-0.621762,-1.370424,3.054217,-1.143937,-1.292203,-0.681751,1,0.066620,0.598964,0.068610,0.600000,0.069687,0.600000,0.069687,0.600000,0.064011,0.018459,0.065824,0.019352,0.067095,0.018830,0.067095,0.018830,0,4.912868,0.073157,0.058491,0.026685,0.012019,0.600000,0.580000,0.311127,0.110000,0.947088,1
1772480263,481358365,-0.623923,-1.370550,3.069246,-1.142076,-1.293308,-0.666721,1,0.068475,0.587943,0.069687,0.600000,0.070811,0.600000,0.070811,0.600000,0.065757,0.019100,0.067095,0.018830,0.068121,0.019333,0.068121,0.019333,0,4.964032,0.074428,0.059762,0.026163,0.011497,0.600000,0.580000,0.311127,0.110000,0.932058,1
1772480263,531469418,-0.626907,-1.371433,3.098906,-1.139109,-1.294248,-0.637061,1,0.070081,0.593048,0.070811,0.600000,0.073138,0.600000,0.073138,0.600000,0.067522,0.018765,0.068121,0.019333,0.070565,0.019230,0.070565,0.019230,0,4.780442,0.075454,0.060787,0.026666,0.012000,0.600000,0.580000,0.311127,0.110000,0.902398,1
1772480263,556483521,-0.628981,-1.372019,3.113789,-1.137055,-1.295268,-0.622063,1,0.071124,0.601874,0.073138,0.600000,0.074375,0.600000,0.074375,0.600000,0.068425,0.019406,0.070565,0.019230,0.071716,0.019706,0.071716,0.019706,0,4.817490,0.077898,0.063232,0.026563,0.011897,0.600000,0.580000,0.311127,0.110000,0.887401,1
1772480263,581538252,-0.632189,-1.372909,3.128864,-1.133822,-1.299784,-0.605827,1,0.073379,0.586662,0.074375,0.600000,0.076836,0.600000,0.076836,0.600000,0.070846,0.019112,0.071716,0.019706,0.072991,0.024004,0.072991,0.024004,0,5.600472,0.079050,0.064383,0.027040,0.012373,0.600000,0.580000,0.311127,0.111562,0.871165,1
1772480263,631626833,-0.635122,-1.373286,-3.124320,-1.131179,-1.301111,-0.575825,1,0.074369,0.598346,0.076836,0.600000,0.082211,0.600000,0.082211,0.600000,0.071782,0.019443,0.072991,0.024004,0.077850,0.026420,0.077850,0.026420,0,5.576633,0.080324,0.065657,0.031337,0.016670,0.600000,0.580000,0.311127,0.115254,0.841163,1
1772480263,656660951,-0.636531,-1.373040,-3.109370,-1.130148,-1.302103,-0.560875,1,0.077170,0.605682,0.082211,0.600000,0.089553,0.600000,0.089553,0.600000,0.073286,0.024172,0.077850,0.026420,0.083814,0.031541,0.083814,0.031541,0,5.712317,0.085183,0.070517,0.033753,0.019086,0.600000,0.580000,0.311127,0.123316,0.826213,1
1772480263,681726056,-0.638410,-1.374577,-3.094347,-1.128084,-1.301386,-0.546219,1,0.082048,0.595520,0.089553,0.600000,0.098343,0.594143,0.098343,0.594143,0.077702,0.026346,0.083814,0.031541,0.091148,0.036925,0.091148,0.036925,0,5.590250,0.091148,0.076481,0.038875,0.024208,0.600000,0.580000,0.311127,0.134329,0.811556,1
1772480263,731828980,-0.642620,-1.375637,-3.064935,-1.127675,-1.297767,-0.520612,1,0.090958,0.639337,0.098343,0.594143,0.106076,0.574143,0.106076,0.574143,0.085054,0.032238,0.091148,0.036925,0.098481,0.039415,0.098481,0.039415,0,4.961669,0.098481,0.083814,0.044258,0.029591,0.600000,0.574143,0.311127,0.147514,0.785950,1
1772480263,756851446,-0.644550,-1.376561,-3.050187,-1.125559,-1.298088,-0.505864,1,0.098202,0.588924,0.106076,0.574143,0.114755,0.556200,0.114755,0.556200,0.091006,0.036899,0.098481,0.039415,0.105814,0.044407,0.105814,0.044407,0,4.864071,0.105814,0.091148,0.046748,0.032082,0.594143,0.554143,0.311127,0.159114,0.771202,1
1772480263,781886836,-0.646646,-1.378569,-3.035286,-1.122698,-1.297607,-0.490963,1,0.106260,0.572709,0.114755,0.556200,0.123573,0.542946,0.123573,0.542946,0.098439,0.040011,0.105814,0.044407,0.113148,0.049678,0.113148,0.049678,0,4.670960,0.113148,0.098481,0.051740,0.037073,0.576200,0.536200,0.311127,0.172132,0.756301,1
1772480263,832014402,-0.652567,-1.381572,-3.005526,-1.116510,-1.294650,-0.460091,1,0.117298,0.620972,0.123573,0.542946,0.131273,0.522946,0.131273,0.522946,0.108443,0.044709,0.113148,0.049678,0.120481,0.052124,0.120481,0.052124,0,4.213517,0.120481,0.105814,0.057011,0.042344,0.562946,0.522946,0.311127,0.185359,0.725429,1
1772480263,857050535,-0.654895,-1.382190,-2.991436,-1.114237,-1.295446,-0.446001,1,0.123636,0.543212,0.131273,0.522946,0.139608,0.504338,0.139608,0.504338,0.112949,0.050283,0.120481,0.052124,0.127814,0.056161,0.127814,0.056161,0,4.085855,0.127814,0.113148,0.059457,0.044791,0.542946,0.502946,0.311127,0.196909,0.711339,1
1772480263,882093800,-0.657163,-1.384430,-2.978329,-1.111102,-1.294866,-0.432895,1,0.131701,0.537256,0.139608,0.504338,0.148041,0.493604,0.148041,0.493604,0.120663,0.052779,0.127814,0.056161,0.135148,0.060425,0.135148,0.060425,0,3.898174,0.135148,0.120481,0.063494,0.048827,0.524338,0.484338,0.311127,0.209413,0.698232,1
1772480263,932143017,-0.663030,-1.389266,-2.952007,-1.107413,-1.296470,-0.409437,1,0.142771,0.561508,0.148041,0.493604,0.156387,0.475211,0.156387,0.475211,0.130531,0.057837,0.135148,0.060425,0.142481,0.064467,0.142481,0.064467,0,3.712746,0.142481,0.127814,0.067758,0.053092,0.513604,0.473604,0.311127,0.222061,0.674774,1
1772480263,957177773,-0.665491,-1.391614,-2.939661,-1.104056,-1.295919,-0.397091,1,0.147965,0.490907,0.156387,0.475211,0.164644,0.464935,0.164644,0.464935,0.134718,0.061196,0.142481,0.064467,0.149814,0.068287,0.149814,0.068287,0,3.536168,0.149814,0.135148,0.071800,0.057134,0.495211,0.455211,0.311127,0.234580,0.662428,1
1772480263,982200863,-0.668235,-1.392839,-2.926861,-1.101100,-1.296455,-0.384290,1,0.156816,0.477118,0.164644,0.464935,0.173062,0.455231,0.173062,0.455231,0.142465,0.065536,0.149814,0.068287,0.157148,0.072493,0.157148,0.072493,0,3.392237,0.157148,0.142481,0.075620,0.060954,0.484935,0.444935,0.311127,0.246965,0.649628,1
1772480264,32274342,-0.675611,-1.400055,-2.902774,-1.091379,-1.286786,-0.360828,1,0.164557,0.477049,0.173062,0.455231,0.178343,0.435231,0.178343,0.435231,0.149372,0.069043,0.157148,0.072493,0.164481,0.068936,0.164481,0.068936,0,2.948465,0.164481,0.149814,0.079826,0.065159,0.475231,0.435231,0.311127,0.259594,0.626166,1
1772480264,57296294,-0.679333,-1.403112,-2.891608,-1.086582,-1.286363,-0.349663,1,0.172984,0.441150,0.178343,0.435231,0.185905,0.427385,0.185905,0.427385,0.156737,0.073192,0.164481,0.068936,0.171814,0.070996,0.171814,0.070996,0,2.855141,0.171814,0.157148,0.076269,0.061602,0.455231,0.415231,0.311127,0.267514,0.615000,1
1772480264,82319094,-0.682321,-1.405895,-2.879881,-1.082544,-1.285753,-0.337936,1,0.178496,0.443904,0.185905,0.427385,0.193777,0.419213,0.193777,0.419213,0.164301,0.069757,0.171814,0.070996,0.179148,0.073863,0.179148,0.073863,0,2.733819,0.179148,0.164481,0.078330,0.063663,0.447385,0.407385,0.311127,0.278857,0.603274,1
1772480264,132381577,-0.690717,-1.411291,-2.857140,-1.080242,-1.288758,-0.317022,1,0.185960,0.417551,0.193777,0.419213,0.201719,0.404153,0.201719,0.404153,0.171529,0.071826,0.179148,0.073863,0.186481,0.076913,0.186481,0.076913,0,2.623533,0.186481,0.171814,0.081196,0.066529,0.439213,0.399213,0.311127,0.290666,0.582360,1
1772480264,157351981,-0.693466,-1.414285,-2.847003,-1.076281,-1.287845,-0.306886,1,0.190529,0.389231,0.201719,0.404153,0.209480,0.396159,0.209480,0.396159,0.175780,0.073502,0.186481,0.076913,0.193814,0.079486,0.193814,0.079486,0,2.508063,0.193814,0.179148,0.084246,0.069579,0.424153,0.384153,0.311127,0.302579,0.572224,1
1772480264,182370788,-0.696937,-1.418125,-2.837478,-1.071246,-1.286643,-0.297360,1,0.201755,0.390627,0.209480,0.396159,0.217215,0.388983,0.217215,0.388983,0.186151,0.077802,0.193814,0.079486,0.201148,0.081988,0.201148,0.081988,0,2.402461,0.201148,0.186481,0.086819,0.072153,0.416159,0.376159,0.311127,0.314221,0.562698,1
1772480264,232456179,-0.704190,-1.423099,-2.818157,-1.064325,-1.277592,-0.278670,1,0.210362,0.391412,0.217215,0.388983,0.222188,0.370973,0.222188,0.370973,0.194017,0.081297,0.201148,0.081988,0.208481,0.076831,0.208481,0.076831,0,2.122575,0.208481,0.193814,0.089322,0.074655,0.408983,0.368983,0.311127,0.325823,0.544007,1
1772480264,257532704,-0.708594,-1.427002,-2.809301,-1.058485,-1.276870,-0.269814,1,0.216118,0.373488,0.222188,0.370973,0.229680,0.372465,0.229680,0.372465,0.199833,0.082304,0.208481,0.076831,0.215814,0.078594,0.215814,0.078594,0,2.073870,0.215814,0.201148,0.084164,0.069497,0.390973,0.350973,0.311127,0.330000,0.535151,1
1772480264,282461987,-0.710872,-1.429734,-2.799379,-1.055061,-1.275909,-0.259891,1,0.224073,0.388810,0.229680,0.372465,0.233295,0.371314,0.233295,0.371314,0.209794,0.078708,0.215814,0.078594,0.220000,0.077632,0.220000,0.077632,0,2.016750,0.220000,0.208481,0.085927,0.071260,0.392465,0.352465,0.311127,0.330000,0.525229,1
1772480264,332494907,-0.718001,-1.436558,-2.778825,-1.051444,-1.276486,-0.237516,1,0.228763,0.355743,0.233295,0.371314,0.231881,0.353339,0.231881,0.353339,0.214469,0.079596,0.220000,0.077632,0.220000,0.073272,0.220000,0.073272,0,1.915078,0.220000,0.212667,0.084966,0.070299,0.391314,0.351314,0.311127,0.330000,0.502853,1
1772480264,357522395,-0.723689,-1.441521,-2.769516,-1.043947,-1.275604,-0.228207,1,0.235131,0.381714,0.231881,0.353339,0.231432,0.346127,0.231432,0.346127,0.221288,0.079486,0.220000,0.073272,0.220000,0.071838,0.220000,0.071838,0,1.881259,0.220000,0.212667,0.080605,0.065938,0.373339,0.333339,0.311127,0.330000,0.493544,1
1772480264,382619778,-0.727543,-1.443813,-2.761103,-1.039472,-1.275890,-0.219794,1,0.231516,0.334100,0.231432,0.346127,0.231135,0.339791,0.231135,0.339791,0.219353,0.074052,0.220000,0.071838,0.220000,0.070877,0.220000,0.070877,0,1.858473,0.220000,0.212667,0.079172,0.064505,0.366127,0.326127,0.311127,0.330000,0.485131,1
1772480264,432607923,-0.736245,-1.450652,-2.744089,-1.028388,-1.276531,-0.206184,1,0.231073,0.337152,0.231135,0.339791,0.230930,0.329965,0.230930,0.329965,0.219475,0.072287,0.220000,0.070877,0.220000,0.070204,0.220000,0.070204,0,1.842465,0.220000,0.212667,0.078211,0.063544,0.359791,0.319791,0.311127,0.330000,0.471521,1
1772480264,457590173,-0.739089,-1.454120,-2.736373,-1.024079,-1.275291,-0.198468,1,0.230517,0.333845,0.230930,0.329965,0.230355,0.323757,0.230355,0.323757,0.218923,0.072185,0.220000,0.070204,0.220000,0.068289,0.220000,0.068289,0,1.796667,0.220000,0.212667,0.077538,0.062871,0.349965,0.309965,0.311127,0.330000,0.463805,1
1772480264,482620247,-0.744010,-1.459238,-2.727746,-1.017122,-1.273871,-0.189841,1,0.230805,0.321801,0.230355,0.323757,0.229845,0.317032,0.229845,0.317032,0.219784,0.070470,0.220000,0.068289,0.220000,0.066548,0.220000,0.066548,0,1.754758,0.220000,0.212667,0.075622,0.060955,0.343757,0.303757,0.311127,0.330000,0.455179,1
1772480264,532668604,-0.752025,-1.465961,-2.710660,-1.006978,-1.272756,-0.175015,1,0.230186,0.323442,0.229845,0.317032,0.229166,0.305799,0.229166,0.305799,0.219508,0.069295,0.220000,0.066548,0.220000,0.064163,0.220000,0.064163,0,1.696881,0.220000,0.212667,0.073881,0.059215,0.337032,0.297032,0.311127,0.330000,0.440353,1
1772480264,557643801,-0.756479,-1.471428,-2.703068,-1.000204,-1.270799,-0.167424,1,0.229723,0.326859,0.229166,0.305799,0.228644,0.299843,0.228644,0.299843,0.219565,0.067558,0.220000,0.064163,0.220000,0.062273,0.220000,0.062273,0,1.650654,0.220000,0.212667,0.071496,0.056830,0.325799,0.285799,0.311127,0.330000,0.432761,1
1772480264,582702730,-0.760592,-1.472870,-2.694190,-0.996001,-1.271957,-0.158545,1,0.228791,0.285193,0.228644,0.299843,0.228510,0.293520,0.228510,0.293520,0.219572,0.064290,0.220000,0.062273,0.220000,0.061780,0.220000,0.061780,0,1.638558,0.220000,0.212667,0.069606,0.054940,0.319843,0.279843,0.311127,0.330000,0.423883,1
1772480264,632665478,-0.767714,-1.481393,-2.679566,-0.986080,-1.269732,-0.144894,1,0.228883,0.284983,0.228510,0.293520,0.227743,0.283114,0.227743,0.283114,0.220015,0.063095,0.220000,0.061780,0.220000,0.058881,0.220000,0.058881,0,1.566906,0.220000,0.212667,0.069114,0.054447,0.313520,0.273520,0.311127,0.330000,0.410232,1
1772480264,657703284,-0.772137,-1.487044,-2.671908,-0.979224,-1.267613,-0.137237,1,0.228271,0.298208,0.227743,0.283114,0.227239,0.277215,0.227239,0.277215,0.219670,0.062069,0.220000,0.058881,0.220000,0.056901,0.220000,0.056901,0,1.517595,0.220000,0.212667,0.066214,0.051547,0.303114,0.263114,0.311127,0.330000,0.402575,1
1772480264,682661838,-0.776599,-1.488797,-2.663590,-0.974559,-1.268717,-0.128918,1,0.227322,0.262675,0.227239,0.277215,0.227163,0.271395,0.227163,0.271395,0.219422,0.059407,0.220000,0.056901,0.220000,0.056595,0.220000,0.056595,0,1.509924,0.220000,0.212667,0.064235,0.049568,0.297215,0.257215,0.311127,0.330000,0.394256,1
1772480264,732702366,-0.784032,-1.496025,-2.649905,-0.957289,-1.267886,-0.115490,1,0.227022,0.270515,0.227163,0.271395,0.227045,0.262015,0.227045,0.262015,0.219696,0.057206,0.220000,0.056595,0.220000,0.056119,0.220000,0.056119,0,1.498009,0.220000,0.212667,0.063928,0.049261,0.291395,0.251395,0.311127,0.330000,0.380828,1
1772480264,757698704,-0.788310,-1.500675,-2.643137,-0.951123,-1.266508,-0.108722,1,0.227819,0.280932,0.227045,0.262015,0.226708,0.256977,0.226708,0.256977,0.220566,0.057026,0.220000,0.056119,0.220000,0.054741,0.220000,0.054741,0,1.463394,0.220000,0.212667,0.063452,0.048786,0.282015,0.242015,0.311127,0.330000,0.374060,1
1772480264,782740915,-0.793334,-1.505054,-2.635304,-0.944499,-1.265778,-0.100890,1,0.227308,0.248579,0.226708,0.256977,0.226447,0.251306,0.226447,0.251306,0.220263,0.056151,0.220000,0.054741,0.220000,0.053650,0.220000,0.053650,0,1.435876,0.220000,0.212667,0.062074,0.047408,0.276977,0.236977,0.311127,0.330000,0.366227,1
1772480264,832784624,-0.800884,-1.513598,-2.621509,-0.937211,-1.257573,-0.090855,1,0.226762,0.255959,0.226447,0.251306,0.224980,0.242836,0.224980,0.242836,0.220141,0.054398,0.220000,0.053650,0.220000,0.047072,0.220000,0.047072,0,1.268049,0.220000,0.212667,0.060983,0.046316,0.271306,0.231306,0.311127,0.330000,0.356192,1
1772480264,857753522,-0.805121,-1.517174,-2.615558,-0.931690,-1.257074,-0.084904,1,0.226556,0.253127,0.224980,0.242836,0.224837,0.238628,0.224837,0.238628,0.220150,0.053494,0.220000,0.047072,0.220000,0.046384,0.220000,0.046384,0,1.250318,0.220000,0.212667,0.054405,0.039739,0.262836,0.222836,0.311127,0.330000,0.350242,1
1772480264,882734698,-0.810983,-1.522119,-2.608457,-0.924052,-1.256387,-0.077802,1,0.224869,0.249677,0.224837,0.238628,0.224695,0.233642,0.224695,0.233642,0.219821,0.047378,0.220000,0.046384,0.220000,0.045695,0.220000,0.045695,0,1.232508,0.220000,0.212667,0.053718,0.039051,0.258628,0.218628,0.311127,0.330000,0.343140,1
1772480264,932792268,-0.817232,-1.528809,-2.595604,-0.917856,-1.259765,-0.059224,1,0.224329,0.233306,0.224695,0.233642,0.224527,0.220827,0.224527,0.220827,0.219468,0.046443,0.220000,0.045695,0.220000,0.044858,0.220000,0.044858,0,1.210855,0.220000,0.212667,0.053028,0.038362,0.253642,0.213642,0.311127,0.330000,0.324562,1
1772480264,957778766,-0.821184,-1.531565,-2.589304,-0.913038,-1.259747,-0.052924,1,0.224919,0.229789,0.224527,0.220827,0.224413,0.216431,0.224413,0.216431,0.220183,0.045916,0.220000,0.044858,0.220000,0.044287,0.220000,0.044287,0,1.196028,0.220000,0.212667,0.052192,0.037525,0.240827,0.200827,0.311127,0.330000,0.318262,1
1772480264,982807498,-0.825580,-1.536665,-2.583186,-0.906521,-1.258054,-0.046806,1,0.223852,0.209746,0.224413,0.216431,0.224151,0.212023,0.224151,0.212023,0.219467,0.044088,0.220000,0.044287,0.220000,0.042940,0.220000,0.042940,0,1.161020,0.220000,0.212667,0.051620,0.036953,0.236431,0.196431,0.311127,0.330000,0.312144,1
1772480265,32778918,-0.833833,-1.543850,-2.572099,-0.895646,-1.256855,-0.035724,1,0.224034,0.216526,0.224151,0.212023,0.223897,0.204263,0.223897,0.204263,0.219647,0.044119,0.220000,0.042940,0.220000,0.041592,0.220000,0.041592,0,1.125833,0.220000,0.212667,0.050274,0.035607,0.232023,0.192023,0.311127,0.330000,0.301062,1
1772480265,57784856,-0.837607,-1.547478,-2.567268,-0.890471,-1.256702,-0.031141,1,0.224119,0.213855,0.223897,0.204263,0.223859,0.201120,0.223859,0.201120,0.219921,0.043172,0.220000,0.041592,0.220000,0.041388,0.220000,0.041388,0,1.120509,0.220000,0.212667,0.048925,0.034258,0.224263,0.184263,0.311127,0.330000,0.296479,1
1772480265,82799961,-0.841395,-1.551921,-2.561743,-0.884827,-1.255205,-0.025616,1,0.223815,0.193702,0.223859,0.201120,0.223635,0.197173,0.223635,0.197173,0.220000,0.041147,0.220000,0.041388,0.220000,0.040155,0.220000,0.040155,0,1.088223,0.220000,0.212667,0.048721,0.034055,0.221120,0.181120,0.311127,0.330000,0.290953,1
1772480265,107825579,-0.845902,-1.556070,-2.556152,-0.878760,-1.254358,-0.020025,1,0.223632,0.194477,0.223635,0.197173,0.223504,0.193272,0.223504,0.193272,0.219798,0.041233,0.220000,0.040155,0.220000,0.039421,0.220000,0.039421,0,1.068953,0.220000,0.212667,0.047488,0.032822,0.217173,0.177173,0.311127,0.330000,0.285363,1
1772480265,157830450,-0.853407,-1.564117,-2.545547,-0.867860,-1.251978,-0.009441,1,0.224046,0.202723,0.223504,0.193272,0.223158,0.185815,0.223158,0.185815,0.220373,0.040404,0.220000,0.039421,0.220000,0.037410,0.220000,0.037410,0,1.015983,0.220000,0.212667,0.046754,0.032088,0.213272,0.173272,0.311127,0.330000,0.274779,1
1772480265,182808557,-0.857774,-1.568126,-2.540259,-0.854300,-1.249361,-0.005278,1,0.222842,0.187070,0.223158,0.185815,0.223119,0.182968,0.223119,0.182968,0.219742,0.037036,0.220000,0.037410,0.220000,0.037178,0.220000,0.037178,0,1.009872,0.220000,0.212667,0.044743,0.030076,0.205815,0.165815,0.311127,0.330000,0.270616,1
1772480265,232791367,-0.866705,-1.576323,-2.530616,-0.842289,-1.247718,0.004365,1,0.223210,0.172477,0.223119,0.182968,0.222938,0.176305,0.222938,0.176305,0.220148,0.036846,0.220000,0.037178,0.220000,0.036075,0.220000,0.036075,0,0.980699,0.220000,0.212667,0.044511,0.029845,0.202968,0.162968,0.311127,0.330000,0.260973,1
1772480265,257853974,-0.868903,-1.578714,-2.525938,-0.839120,-1.247007,0.009043,1,0.222514,0.175464,0.222938,0.176305,0.222785,0.173026,0.222785,0.173026,0.219448,0.036812,0.220000,0.036075,0.220000,0.035118,0.220000,0.035118,0,0.955347,0.220000,0.212667,0.043408,0.028741,0.196305,0.156305,0.311127,0.330000,0.256295,1
1772480265,282805120,-0.873107,-1.583761,-2.520721,-0.832789,-1.245257,0.014260,1,0.222307,0.173628,0.222785,0.173026,0.222600,0.169363,0.222600,0.169363,0.219537,0.034988,0.220000,0.035118,0.220000,0.033923,0.220000,0.033923,0,0.923595,0.220000,0.212667,0.042451,0.027785,0.193026,0.153026,0.311127,0.330000,0.251077,1
1772480265,332865651,-0.881563,-1.590741,-2.511432,-0.826566,-1.243516,0.026338,1,0.223126,0.172312,0.222600,0.169363,0.222198,0.160924,0.222198,0.160924,0.220416,0.034670,0.220000,0.033923,0.220000,0.031174,0.220000,0.031174,0,0.850299,0.220000,0.212667,0.041256,0.026589,0.189363,0.149363,0.311127,0.330000,0.238999,1
1772480265,357818447,-0.885569,-1.596036,-2.507775,-0.820261,-1.241432,0.029996,1,0.222704,0.169264,0.222198,0.160924,0.222051,0.158357,0.222051,0.158357,0.220121,0.033816,0.220000,0.031174,0.220000,0.030110,0.220000,0.030110,0,0.821810,0.220000,0.212667,0.038508,0.023841,0.180924,0.140924,0.311127,0.330000,0.235342,1
1772480265,382925780,-0.888449,-1.599238,-2.503517,-0.816073,-1.240431,0.034254,1,0.221682,0.157320,0.222051,0.158357,0.221935,0.155411,0.221935,0.155411,0.219654,0.029913,0.220000,0.030110,0.220000,0.029246,0.220000,0.029246,0,0.798662,0.220000,0.212667,0.037443,0.022776,0.178357,0.138357,0.311127,0.330000,0.231084,1
1772480265,432929515,-0.897379,-1.607475,-2.493884,-0.804044,-1.238721,0.043886,1,0.221830,0.159908,0.221935,0.155411,0.221789,0.148835,0.221789,0.148835,0.219774,0.030133,0.220000,0.029246,0.220000,0.028116,0.220000,0.028116,0,0.768291,0.220000,0.212667,0.036580,0.021913,0.175411,0.135411,0.311127,0.330000,0.221451,1
1772480265,457978003,-0.900852,-1.611545,-2.489467,-0.798962,-1.237353,0.048291,1,0.221390,0.157574,0.221789,0.148835,0.221668,0.145794,0.221668,0.145794,0.219449,0.029251,0.220000,0.028116,0.220000,0.027140,0.220000,0.027140,0,0.742026,0.220000,0.212667,0.035449,0.020782,0.168835,0.128835,0.311127,0.330000,0.217046,1
1772480265,482998521,-0.905709,-1.616127,-2.485073,-0.797876,-1.236946,0.051881,1,0.221074,0.143607,0.221668,0.145794,0.221562,0.143315,0.221562,0.143315,0.219445,0.026787,0.220000,0.027140,0.220000,0.026265,0.220000,0.026265,0,0.718445,0.220000,0.212667,0.034473,0.019806,0.165794,0.125794,0.311127,0.330000,0.213456,1
1772480265,533097122,-0.913618,-1.624619,-2.477968,-0.786542,-1.234454,0.058987,1,0.221977,0.140071,0.221562,0.143315,0.221423,0.138457,0.221423,0.138457,0.220389,0.026506,0.220000,0.026265,0.220000,0.025066,0.220000,0.025066,0,0.686082,0.220000,0.212667,0.033598,0.018931,0.163315,0.123315,0.311127,0.330000,0.206351,1
1772480265,558159040,-0.916424,-1.628597,-2.474447,-0.781972,-1.232777,0.062507,1,0.222226,0.139001,0.221423,0.138457,0.221305,0.136022,0.221305,0.136022,0.220726,0.025773,0.220000,0.025066,0.220000,0.023997,0.220000,0.023997,0,0.657181,0.220000,0.212667,0.032399,0.017733,0.158457,0.118457,0.311127,0.330000,0.202830,1
1772480265,583193589,-0.921175,-1.633226,-2.468975,-0.775432,-1.231670,0.067980,1,0.221454,0.136827,0.221305,0.136022,0.221222,0.132302,0.221222,0.132302,0.220166,0.023853,0.220000,0.023997,0.220000,0.023217,0.220000,0.023217,0,0.636055,0.220000,0.212667,0.031331,0.016664,0.156022,0.116022,0.311127,0.330000,0.197358,1
1772480265,608224273,-0.925070,-1.637649,-2.465298,-0.769714,-1.230244,0.071657,1,0.221656,0.140374,0.221222,0.132302,0.221146,0.129793,0.221146,0.129793,0.220314,0.024356,0.220000,0.023217,0.220000,0.022483,0.220000,0.022483,0,0.616163,0.220000,0.212667,0.030550,0.015884,0.152302,0.112302,0.311127,0.330000,0.193680,1
1772480265,658268270,-0.931575,-1.644307,-2.457859,-0.756489,-1.225431,0.079700,1,0.221251,0.119409,0.221146,0.129793,0.220898,0.124264,0.220898,0.124264,0.220154,0.022005,0.220000,0.022483,0.220000,0.019902,0.220000,0.019902,0,0.546029,0.220000,0.212667,0.029817,0.015150,0.149793,0.109793,0.311127,0.330000,0.185637,1
1772480265,683314766,-0.936745,-1.651278,-2.454919,-0.748275,-1.222630,0.082641,1,0.220945,0.117336,0.220898,0.124264,0.220809,0.122246,0.220809,0.122246,0.220148,0.018744,0.220000,0.019902,0.220000,0.018880,0.220000,0.018880,0,0.518193,0.220000,0.212667,0.027235,0.012568,0.144264,0.104264,0.311127,0.330000,0.182697,1
1772480265,733349836,-0.944479,-1.657223,-2.446651,-0.738533,-1.222130,0.090909,1,0.220756,0.121545,0.220809,0.122246,0.220772,0.116694,0.220772,0.116694,0.219855,0.019928,0.220000,0.018880,0.220000,0.018445,0.220000,0.018445,0,0.506337,0.220000,0.212667,0.026213,0.011546,0.142246,0.102246,0.311127,0.330000,0.174428,1
1772480265,758419779,-0.948167,-1.662504,-2.443153,-0.732498,-1.219877,0.094406,1,0.221148,0.118450,0.220772,0.116694,0.220677,0.114305,0.220677,0.114305,0.220354,0.018722,0.220000,0.018445,0.220000,0.017272,0.220000,0.017272,0,0.474349,0.220000,0.212667,0.025778,0.011111,0.136694,0.096694,0.311127,0.330000,0.170931,1
1772480265,783483121,-0.951824,-1.665985,-2.439408,-0.727511,-1.219090,0.098152,1,0.220690,0.107600,0.220677,0.114305,0.220641,0.111782,0.220641,0.111782,0.220069,0.016544,0.220000,0.017272,0.220000,0.016812,0.220000,0.016812,0,0.461791,0.220000,0.212667,0.024605,0.009939,0.134305,0.094305,0.311127,0.330000,0.167186,1
1772480265,833508534,-0.960395,-1.673701,-2.433361,-0.719804,-1.220935,0.104325,1,0.220676,0.109021,0.220641,0.111782,0.220736,0.107700,0.220736,0.107700,0.220021,0.016988,0.220000,0.016812,0.220000,0.018005,0.220000,0.018005,0,0.494341,0.220000,0.212667,0.024145,0.009479,0.131782,0.091782,0.311127,0.330000,0.161012,1
1772480265,858578534,-0.964665,-1.678746,-2.429997,-0.713424,-1.219207,0.107690,1,0.221482,0.108674,0.220736,0.107700,0.220676,0.105421,0.220676,0.105421,0.220733,0.018191,0.220000,0.018005,0.220000,0.017264,0.220000,0.017264,0,0.474123,0.220000,0.212667,0.025338,0.010671,0.127700,0.087700,0.311127,0.330000,0.157647,1
1772480265,883579672,-0.968079,-1.683112,-2.427153,-0.708135,-1.217552,0.110534,1,0.220390,0.103289,0.220676,0.105421,0.220617,0.103492,0.220617,0.103492,0.219737,0.016953,0.220000,0.017264,0.220000,0.016493,0.220000,0.016493,0,0.453074,0.220000,0.212667,0.024597,0.009930,0.125421,0.085421,0.311127,0.330000,0.154804,1
1772480265,933757133,-0.975293,-1.690318,-2.420185,-0.698105,-1.215718,0.117502,1,0.220553,0.107802,0.220617,0.103492,0.220547,0.098802,0.220547,0.098802,0.219901,0.016952,0.220000,0.016493,0.220000,0.015530,0.220000,0.015530,0,0.426763,0.220000,0.212667,0.023826,0.009159,0.123492,0.083492,0.311127,0.330000,0.147836,1
1772480265,958667019,-0.979549,-1.694235,-2.417742,-0.692377,-1.214910,0.119944,1,0.221177,0.100799,0.220547,0.098802,0.220544,0.097168,0.220544,0.097168,0.220666,0.015028,0.220000,0.015530,0.220000,0.015476,0.220000,0.015476,0,0.425275,0.220000,0.212667,0.022863,0.008197,0.118802,0.078802,0.311127,0.330000,0.145393,1
1772480265,983698681,-0.983394,-1.698869,-2.415134,-0.686581,-1.213279,0.122552,1,0.220250,0.099182,0.220544,0.097168,0.220501,0.095407,0.220501,0.095407,0.219709,0.015438,0.220000,0.015476,0.220000,0.014863,0.220000,0.014863,0,0.408505,0.220000,0.212667,0.022809,0.008142,0.117168,0.077168,0.311127,0.330000,0.142785,1
1772480266,33750057,-0.989943,-1.706700,-2.409567,-0.676748,-1.210617,0.128177,1,0.220811,0.089904,0.220501,0.095407,0.220422,0.091615,0.220422,0.091615,0.220317,0.014765,0.220000,0.014863,0.220000,0.013627,0.220000,0.013627,0,0.374668,0.220000,0.212667,0.022196,0.007529,0.115407,0.075407,0.311127,0.330000,0.137160,1
1772480266,58790132,-0.995015,-1.710489,-2.406645,-0.670546,-1.211982,0.132526,1,0.220538,0.092190,0.220422,0.091615,0.220487,0.088737,0.220487,0.088737,0.220135,0.013329,0.220000,0.013627,0.220000,0.014641,0.220000,0.014641,0,0.402456,0.220000,0.212667,0.020960,0.006293,0.111615,0.071615,0.311127,0.330000,0.132812,1
1772480266,83834830,-0.998236,-1.714159,-2.404303,-0.665812,-1.210783,0.134868,1,0.220096,0.087230,0.220487,0.088737,0.220457,0.087160,0.220457,0.087160,0.219602,0.014733,0.220000,0.014641,0.220000,0.014180,0.220000,0.014180,0,0.389837,0.220000,0.212667,0.021975,0.007308,0.108737,0.068737,0.311127,0.330000,0.130470,1
1772480266,108801113,-1.002079,-1.718340,-2.401736,-0.660276,-1.209516,0.137435,1,0.220435,0.092304,0.220457,0.087160,0.220430,0.085435,0.220430,0.085435,0.219979,0.014182,0.220000,0.014180,0.220000,0.013767,0.220000,0.013767,0,0.378515,0.220000,0.212667,0.021514,0.006847,0.107160,0.067160,0.311127,0.330000,0.127902,1
1772480266,158896015,-1.008974,-1.726520,-2.397508,-0.649960,-1.206683,0.141662,1,0.219998,0.083043,0.220430,0.085435,0.220373,0.082590,0.220373,0.082590,0.219559,0.013888,0.220000,0.013767,0.220000,0.012814,0.220000,0.012814,0,0.352418,0.220000,0.212667,0.021100,0.006434,0.105435,0.065435,0.311127,0.330000,0.123675,1
1772480266,183923276,-1.012580,-1.730093,-2.394554,-0.644964,-1.205782,0.144616,1,0.220132,0.086411,0.220373,0.082590,0.220352,0.080610,0.220352,0.080610,0.219763,0.012727,0.220000,0.012814,0.220000,0.012458,0.220000,0.012458,0,0.342642,0.220000,0.212667,0.020148,0.005481,0.102590,0.062590,0.311127,0.330000,0.120721,1
1772480266,208938694,-1.016809,-1.734767,-2.392631,-0.638831,-1.204327,0.146540,1,0.220102,0.084012,0.220352,0.080610,0.220336,0.079319,0.220336,0.079319,0.219744,0.012550,0.220000,0.012458,0.220000,0.012170,0.220000,0.012170,0,0.334758,0.220000,0.212667,0.019791,0.005124,0.100610,0.060610,0.311127,0.330000,0.118797,1
1772480266,258961221,-1.024342,-1.741842,-2.388661,-0.628615,-1.202765,0.150510,1,0.220162,0.080536,0.220336,0.079319,0.220331,0.076667,0.220331,0.076667,0.219824,0.012208,0.220000,0.012170,0.220000,0.012079,0.220000,0.012079,0,0.332264,0.220000,0.212667,0.019504,0.004837,0.099319,0.059319,0.311127,0.330000,0.114828,1
1772480266,283995406,-1.027645,-1.745713,-2.386042,-0.623751,-1.201572,0.153148,1,0.220404,0.065090,0.220331,0.076667,0.220305,0.074896,0.220305,0.074896,0.220083,0.011880,0.220000,0.012079,0.220000,0.011581,0.220000,0.011581,0,0.318585,0.220000,0.212667,0.019413,0.004746,0.096667,0.056667,0.311127,0.330000,0.112189,1
1772480266,309042808,-1.031233,-1.749243,-2.383590,-0.619820,-1.203192,0.155997,1,0.220047,0.071606,0.220305,0.074896,0.220366,0.073015,0.220366,0.073015,0.219752,0.011376,0.220000,0.011581,0.220000,0.012689,0.220000,0.012689,0,0.348976,0.220000,0.212667,0.018914,0.004247,0.094896,0.054896,0.311127,0.330000,0.109341,1
1772480266,359079609,-1.039038,-1.757798,-2.379245,-0.608543,-1.200560,0.160342,1,0.220247,0.081757,0.220366,0.073015,0.220328,0.070101,0.220328,0.070101,0.219867,0.012936,0.220000,0.012689,0.220000,0.012010,0.220000,0.012010,0,0.330362,0.220000,0.212667,0.020022,0.005356,0.093015,0.053015,0.311127,0.330000,0.104995,1
1772480266,384208541,-1.042027,-1.761186,-2.377738,-0.604160,-1.199461,0.161849,1,0.220719,0.068659,0.220328,0.070101,0.220313,0.069091,0.220313,0.069091,0.220399,0.011877,0.220000,0.012010,0.220000,0.011737,0.220000,0.011737,0,0.322861,0.220000,0.212667,0.019343,0.004677,0.090101,0.050101,0.311127,0.330000,0.103489,1
1772480266,409118893,-1.046236,-1.766806,-2.376466,-0.597509,-1.197212,0.163121,1,0.219836,0.074510,0.220313,0.069091,0.220283,0.068232,0.220283,0.068232,0.219531,0.011571,0.220000,0.011737,0.220000,0.011171,0.220000,0.011171,0,0.307340,0.220000,0.212667,0.019070,0.004403,0.089091,0.049091,0.311127,0.330000,0.102216,1
1772480266,459152482,-1.053138,-1.775150,-2.372944,-0.587095,-1.194244,0.166643,1,0.220807,0.068270,0.220283,0.068232,0.220241,0.065868,0.220241,0.065868,0.220540,0.010863,0.220000,0.011171,0.220000,0.010305,0.220000,0.010305,0,0.283565,0.220000,0.212667,0.018504,0.003837,0.088232,0.048232,0.311127,0.330000,0.098694,1
1772480266,484249048,-1.057567,-1.779298,-2.370982,-0.581095,-1.193333,0.168604,1,0.219993,0.066731,0.220241,0.065868,0.220243,0.064560,0.220243,0.064560,0.219756,0.010210,0.220000,0.010305,0.220000,0.010337,0.220000,0.010337,0,0.284451,0.220000,0.212667,0.017638,0.002971,0.085868,0.045868,0.311127,0.330000,0.096733,1
1772480266,509210968,-1.060731,-1.783596,-2.369072,-0.576054,-1.191583,0.170515,1,0.220248,0.064059,0.220243,0.064560,0.220212,0.063276,0.220212,0.063276,0.220019,0.010036,0.220000,0.010337,0.220000,0.009670,0.220000,0.009670,0,0.266140,0.220000,0.212667,0.017670,0.003004,0.084560,0.044560,0.311127,0.330000,0.094822,1
1772480266,559277609,-1.068862,-1.791985,-2.365289,-0.564602,-1.189272,0.174298,1,0.220420,0.058518,0.220212,0.063276,0.220199,0.060748,0.220199,0.060748,0.220210,0.009620,0.220000,0.009670,0.220000,0.009354,0.220000,0.009354,0,0.257448,0.220000,0.212667,0.017004,0.002337,0.083276,0.043276,0.311127,0.330000,0.091040,1
1772480266,584271975,-1.072296,-1.795051,-2.363619,-0.560005,-1.188888,0.175976,1,0.219823,0.064733,0.220199,0.060748,0.220207,0.059631,0.220207,0.059631,0.219628,0.009253,0.220000,0.009354,0.220000,0.009542,0.220000,0.009542,0,0.262618,0.220000,0.212667,0.016687,0.002020,0.080748,0.040748,0.311127,0.330000,0.089362,1
1772480266,609303495,-1.075292,-1.799832,-2.361763,-0.554151,-1.191024,0.178008,1,0.220132,0.056265,0.220207,0.059631,0.220300,0.058299,0.220300,0.058299,0.219944,0.009101,0.220000,0.009542,0.220000,0.011499,0.220000,0.011499,0,0.316339,0.220000,0.212667,0.016875,0.002209,0.079631,0.039631,0.311127,0.330000,0.087330,1
1772480266,659328307,-1.083946,-1.808108,-2.357853,-0.542332,-1.189101,0.181918,1,0.220366,0.056617,0.220300,0.058299,0.220299,0.055688,0.220299,0.055688,0.220046,0.011877,0.220000,0.011499,0.220000,0.011468,0.220000,0.011468,0,0.315490,0.220000,0.212667,0.018832,0.004165,0.078299,0.038299,0.311127,0.330000,0.083419,1
1772480266,684375081,-1.086976,-1.811371,-2.356986,-0.537988,-1.188126,0.182785,1,0.219854,0.055375,0.220299,0.055688,0.220296,0.055109,0.220296,0.055109,0.219555,0.011466,0.220000,0.011468,0.220000,0.011410,0.220000,0.011410,0,0.313897,0.220000,0.212667,0.018801,0.004135,0.075688,0.035688,0.311127,0.330000,0.082553,1
1772480266,734403697,-1.094541,-1.819310,-2.353808,-0.527257,-1.185865,0.185963,1,0.220007,0.054035,0.220296,0.055109,0.212706,0.075109,0.212706,0.075109,0.219716,0.011305,0.220000,0.011410,0.212667,0.004076,0.212667,0.004076,0,0.306259,0.220000,0.212667,0.018743,0.004076,0.075109,0.035109,0.311127,0.330000,1.650171,1
1772480266,759398795,-1.097574,-1.823715,-2.352815,-0.522263,-1.183952,0.186957,1,0.212589,0.071137,0.212706,0.075109,0.205337,0.095109,0.205337,0.095109,0.212545,0.004354,0.212667,0.004076,0.205333,0.001178,0.205333,0.001178,0,0.293808,0.220000,0.205333,0.011410,-0.003257,0.095109,0.055109,0.311127,0.319059,1.649177,1
1772480266,784430591,-1.100811,-1.827053,-2.351721,-0.517705,-1.183033,0.188051,1,0.212707,0.076635,0.205337,0.095109,0.212837,0.075109,0.212837,0.075109,0.212670,0.003975,0.205333,0.001178,0.212667,0.008512,0.212667,0.008512,0,0.296420,0.212667,0.198000,0.008512,-0.006155,0.115109,0.075109,0.311127,0.308005,0.077287,1
1772480266,809456084,-1.104831,-1.831307,-2.349199,-0.511983,-1.181802,0.190572,1,0.202939,0.068222,0.212837,0.075109,0.205337,0.095109,0.205337,0.095109,0.202939,0.000000,0.212667,0.008512,0.205333,0.001178,0.205333,0.001178,0,0.284374,0.220000,0.205333,0.015845,0.001178,0.095109,0.055109,0.311127,0.319255,1.645562,1
1772480266,859597954,-1.112316,-1.839044,-2.343441,-0.501432,-1.179661,0.196330,1,0.212900,0.073035,0.205337,0.095109,0.198003,0.115109,0.198003,0.115109,0.212706,0.009070,0.205333,0.001178,0.198000,0.001103,0.198000,0.001103,0,0.264853,0.212667,0.198000,0.008512,-0.006155,0.115109,0.075109,0.311127,0.308005,1.639804,1
1772480266,884514955,-1.115821,-1.843648,-2.340605,-0.495925,-1.177955,0.199061,1,0.205683,0.088506,0.198003,0.115109,0.190670,0.135109,0.190670,0.135109,0.205683,0.000000,0.198000,0.001103,0.190667,0.001079,0.190667,0.001079,0,0.243827,0.205333,0.190667,0.008436,-0.006230,0.135109,0.095109,0.311127,0.297005,1.637073,1
1772480266,909489620,-1.119400,-1.848194,-2.339399,-0.490117,-1.178924,0.197564,1,0.196901,0.111356,0.190670,0.135109,0.183339,0.155109,0.183339,0.155109,0.196901,0.000000,0.190667,0.001079,0.183333,0.001431,0.183333,0.001431,0,0.315668,0.198000,0.183333,0.008413,-0.006254,0.155109,0.115109,0.311127,0.286005,1.638570,1
1772480266,959599525,-1.126354,-1.854563,-2.335199,-0.480775,-1.177637,0.201764,1,0.190533,0.137473,0.183339,0.155109,0.176006,0.175109,0.176006,0.175109,0.190533,0.000000,0.183333,0.001431,0.176000,0.001488,0.176000,0.001488,0,0.323127,0.190667,0.176000,0.008764,-0.005903,0.175109,0.135109,0.311127,0.275008,1.634370,1
1772480266,984626356,-1.128741,-1.857005,-2.330447,-0.477423,-1.176985,0.206516,1,0.183318,0.155425,0.176006,0.175109,0.183520,0.155109,0.183520,0.155109,0.183309,0.001724,0.176000,0.001488,0.183333,0.008276,0.183333,0.008276,0,0.301750,0.183333,0.168667,0.008822,-0.005845,0.195109,0.155109,0.311127,0.264009,0.058821,1
1772480267,9626831,-1.132302,-1.861606,-2.326930,-0.471878,-1.175224,0.210033,1,0.174341,0.178958,0.183520,0.155109,0.176004,0.175109,0.176004,0.175109,0.174335,0.001377,0.183333,0.008276,0.176000,0.001220,0.176000,0.001220,0,0.263041,0.190667,0.176000,0.015609,0.000942,0.175109,0.135109,0.311127,0.275280,1.626101,1
1772480267,59679877,-1.138931,-1.868810,-2.317943,-0.462329,-1.173066,0.219020,1,0.182952,0.159604,0.176004,0.175109,0.168670,0.195109,0.168670,0.195109,0.182786,0.007779,0.176000,0.001220,0.168667,0.000991,0.168667,0.000991,0,0.212128,0.183333,0.168667,0.008554,-0.006113,0.195109,0.155109,0.311127,0.264006,1.617114,1
1772480267,84708626,-1.141137,-1.873054,-2.314982,-0.458101,-1.170829,0.221981,1,0.175859,0.192135,0.168670,0.195109,0.161335,0.215109,0.161335,0.215109,0.175859,0.000000,0.168667,0.000991,0.161333,0.000739,0.161333,0.000739,0,0.158847,0.176000,0.161333,0.008325,-0.006342,0.215109,0.175109,0.311127,0.253004,1.614152,1
1772480267,109683760,-1.146242,-1.876033,-2.311589,-0.452208,-1.171279,0.225374,1,0.167088,0.183221,0.161335,0.215109,0.168731,0.195109,0.168731,0.195109,0.167088,0.000000,0.161333,0.000739,0.168667,0.004661,0.168667,0.004661,0,0.196912,0.168667,0.154000,0.008072,-0.006594,0.235109,0.195109,0.311127,0.242003,0.039964,1
1772480267,159775382,-1.150439,-1.881588,-2.302673,-0.445597,-1.169095,0.234290,1,0.161036,0.225886,0.168731,0.195109,0.161334,0.215109,0.161334,0.215109,0.161036,0.000000,0.168667,0.004661,0.161333,0.000502,0.161333,0.000502,0,0.111279,0.176000,0.161333,0.011994,-0.002672,0.215109,0.175109,0.311127,0.253097,1.601844,1
1772480267,184826317,-1.151991,-1.883177,-2.297071,-0.443417,-1.168669,0.239892,1,0.169243,0.200151,0.161334,0.215109,0.154000,0.235109,0.154000,0.235109,0.169187,0.004363,0.161333,0.000502,0.154000,0.000323,0.154000,0.000323,0,0.069667,0.168667,0.154000,0.007835,-0.006831,0.235109,0.195109,0.311127,0.242001,1.596242,1
1772480267,209833607,-1.155669,-1.888133,-2.292668,-0.437643,-1.166807,0.244179,1,0.160837,0.177083,0.154000,0.235109,0.146667,0.255109,0.146667,0.255109,0.160837,0.000000,0.154000,0.000323,0.146667,0.000083,0.146667,0.000083,0,0.018245,0.161333,0.146667,0.007656,-0.007010,0.255109,0.215109,0.311127,0.231001,1.591955,1
1772480267,259801051,-1.160890,-1.893282,-2.284349,-0.432272,-1.168896,0.249361,1,0.153585,0.250472,0.146667,0.255109,0.154013,0.235109,0.154013,0.235109,0.153585,0.000000,0.146667,0.000083,0.154000,0.001964,0.154000,0.001964,0,0.104905,0.154000,0.139333,0.007416,-0.007251,0.275109,0.235109,0.311127,0.220000,0.015976,1
1772480267,284895366,-1.163264,-1.897278,-2.278924,-0.428040,-1.166972,0.254786,1,0.146319,0.261308,0.154013,0.235109,0.146667,0.255109,0.146667,0.255109,0.146319,0.000000,0.154000,0.001964,0.146667,0.000122,0.146667,0.000122,0,0.026700,0.161333,0.146667,0.009297,-0.005369,0.255109,0.215109,0.311127,0.231019,1.581348,1
1772480267,309994378,-1.166040,-1.898848,-2.272515,-0.424866,-1.167269,0.261196,1,0.154296,0.230622,0.146667,0.255109,0.139333,0.275109,0.139333,0.275109,0.154287,0.001738,0.146667,0.000122,0.139333,0.000056,0.139333,0.000056,0,0.012671,0.154000,0.139333,0.007455,-0.007212,0.275109,0.235109,0.311127,0.220000,1.574938,1
1772480267,359985425,-1.170901,-1.905320,-2.259121,-0.417179,-1.164732,0.274590,1,0.146084,0.272309,0.139333,0.275109,0.132011,0.255109,0.132011,0.255109,0.146084,0.000000,0.139333,0.000056,0.132000,-0.001712,0.132000,-0.001712,0,-0.136014,0.146667,0.132000,0.007390,-0.007277,0.295109,0.255109,0.311127,0.209000,-0.009252,1
1772480267,385004871,-1.172931,-1.908113,-2.253366,-0.413917,-1.163598,0.280345,1,0.139289,0.271522,0.132011,0.255109,0.124687,0.235109,0.124687,0.235109,0.139289,0.000000,0.132000,-0.001712,0.124667,-0.002279,0.124667,-0.002279,0,-0.216606,0.139333,0.124667,0.005621,-0.009046,0.275109,0.235109,0.311127,0.198017,-0.015007,1
1772480267,435070656,-1.177386,-1.912483,-2.241340,-0.407765,-1.162556,0.292371,1,0.131936,0.250205,0.124687,0.235109,0.117362,0.215109,0.117362,0.215109,0.131920,-0.002088,0.124667,-0.002279,0.117333,-0.002585,0.117333,-0.002585,0,-0.327188,0.132000,0.117333,0.005055,-0.009612,0.255109,0.215109,0.311127,0.187031,-0.027033,1
1772480267,460133219,-1.179345,-1.914975,-2.234564,-0.404733,-1.161630,0.299146,1,0.125339,0.226703,0.117362,0.215109,0.110032,0.195109,0.110032,0.195109,0.125317,-0.002324,0.117333,-0.002585,0.110000,-0.002670,0.110000,-0.002670,0,-0.433468,0.124667,0.110000,0.004748,-0.009919,0.235109,0.195109,0.311127,0.176043,-0.033809,1
1772480267,485134390,-1.181635,-1.917382,-2.227770,-0.401478,-1.160961,0.305940,1,0.116961,0.211696,0.110032,0.195109,0.102696,0.175109,0.102696,0.175109,0.116918,-0.003179,0.110000,-0.002670,0.102667,-0.002471,0.102667,-0.002471,0,-0.532826,0.117333,0.102667,0.004664,-0.010003,0.215109,0.175109,0.311127,0.165049,-0.040603,1
1772480267,510187509,-1.182684,-1.919544,-2.222638,-0.399383,-1.159786,0.311072,1,0.109847,0.207353,0.102696,0.175109,0.095364,0.155109,0.095364,0.155109,0.109810,-0.002858,0.102667,-0.002471,0.095333,-0.002406,0.095333,-0.002406,0,-0.689805,0.110000,0.095333,0.004862,-0.009804,0.195109,0.155109,0.311127,0.154045,-0.045735,1
1772480267,560185373,-1.185770,-1.923332,-2.214322,-0.393767,-1.160721,0.318779,1,0.102888,0.158662,0.095364,0.155109,0.088012,0.135109,0.088012,0.135109,0.102858,-0.002465,0.095333,-0.002406,0.088000,-0.001475,0.088000,-0.001475,0,-0.626591,0.102667,0.088000,0.004927,-0.009739,0.175109,0.135109,0.311127,0.143046,-0.053442,1
1772480267,585267205,-1.187922,-1.926025,-2.209697,-0.390463,-1.159741,0.323404,1,0.095420,0.152081,0.088012,0.135109,0.080676,0.115109,0.080676,0.115109,0.095393,-0.002235,0.088000,-0.001475,0.080667,-0.001240,0.080667,-0.001240,0,-0.747043,0.095333,0.080667,0.005859,-0.008808,0.155109,0.115109,0.311127,0.132019,-0.058067,1
1772480267,610202438,-1.190150,-1.928311,-2.205263,-0.387328,-1.159139,0.327838,1,0.087631,0.141282,0.080676,0.115109,0.073340,0.095109,0.073340,0.095109,0.087617,-0.001612,0.080667,-0.001240,0.073333,-0.000972,0.073333,-0.000972,0,-0.842181,0.088000,0.073333,0.006094,-0.008573,0.135109,0.095109,0.311127,0.121014,-0.062501,1
1772480267,660245844,-1.192210,-1.933263,-2.198688,-0.382807,-1.156254,0.334414,1,0.080574,0.113098,0.073340,0.095109,0.066007,0.075109,0.066007,0.075109,0.080565,-0.001249,0.073333,-0.000972,0.066000,-0.000953,0.066000,-0.000953,0,-1.288584,0.080667,0.066000,0.006361,-0.008305,0.115109,0.075109,0.311127,0.110010,-0.069076,1
1772480267,685270424,-1.193438,-1.934447,-2.196922,-0.381122,-1.155984,0.336179,1,0.072788,0.095474,0.066007,0.075109,0.058678,0.055109,0.058678,0.055109,0.072788,0.000000,0.066000,-0.000953,0.058667,-0.001160,0.058667,-0.001160,0,-1.290710,0.073333,0.058667,0.006381,-0.008286,0.095109,0.055109,0.311127,0.110000,-0.070841,1
1772480267,710273590,-1.194784,-1.935546,-2.194764,-0.379389,-1.155852,0.338337,1,0.066236,0.073039,0.058678,0.055109,0.051351,0.035109,0.051351,0.035109,0.066227,-0.001096,0.058667,-0.001160,0.051333,-0.001364,0.051333,-0.001364,0,-1.276065,0.066000,0.051333,0.006174,-0.008493,0.075109,0.035109,0.311127,0.110000,-0.073000,1
1772480267,760294788,-1.197340,-1.939667,-2.190094,-0.374937,-1.153931,0.343007,1,0.058607,0.056874,0.051351,0.035109,0.044037,0.015109,0.044037,0.015109,0.058607,0.000000,0.051333,-0.001364,0.044000,-0.001803,0.044000,-0.001803,0,-1.473735,0.058667,0.044000,0.005969,-0.008698,0.055109,0.015109,0.311127,0.110000,-0.077670,1
1772480267,785277057,-1.197303,-1.940440,-2.188883,-0.374526,-1.153276,0.344219,1,0.051354,0.027258,0.044037,0.015109,0.036739,-0.004891,0.036739,-0.004891,0.051330,-0.001587,0.044000,-0.001803,0.036667,-0.002312,0.036667,-0.002312,0,-1.582056,0.051333,0.036667,0.005530,-0.009136,0.035109,-0.004891,0.311127,0.110000,-0.078881,1
1772480267,810264255,-1.197816,-1.941374,-2.189273,-0.373571,-1.152802,0.343828,1,0.043884,0.018897,0.036739,-0.004891,0.034883,-0.024891,0.034883,-0.024891,0.043858,-0.001526,0.036667,-0.002312,0.034746,-0.003087,0.034746,-0.003087,0,-1.608983,0.044000,0.029333,0.005021,-0.009645,0.015109,-0.024891,0.311127,0.110000,-0.078491,1
1772480267,860295357,-1.199173,-1.943285,-2.187724,-0.371350,-1.152014,0.345434,1,0.036729,-0.006958,0.034883,-0.024891,0.042258,-0.030770,0.042258,-0.030770,0.036661,-0.002230,0.034746,-0.003087,0.042080,-0.003875,0.042080,-0.003875,0,-1.667440,0.042080,0.027413,0.004246,-0.010420,-0.004891,-0.044891,0.311127,0.110000,-0.080097,1
1772480267,885288150,-1.200683,-1.943500,-2.187722,-0.369487,-1.152827,0.347421,1,0.035021,-0.024291,0.042258,-0.030770,0.049581,-0.036998,0.049581,-0.036998,0.034854,-0.003414,0.042080,-0.003875,0.049413,-0.004074,0.049413,-0.004074,0,-1.493836,0.049413,0.034746,0.003458,-0.011209,-0.010770,-0.050770,0.311127,0.110000,-0.082084,1
1772480267,910284555,-1.200359,-1.945254,-2.187718,-0.368753,-1.151202,0.347425,1,0.041764,-0.024414,0.049581,-0.036998,0.057002,-0.042538,0.057002,-0.042538,0.041581,-0.003912,0.049413,-0.004074,0.056746,-0.005394,0.056746,-0.005394,0,-1.720430,0.056746,0.042080,0.003260,-0.011407,-0.016998,-0.056998,0.311127,0.110000,-0.082087,1
1772480267,960401486,-1.202341,-1.947543,-2.189250,-0.365820,-1.150450,0.345893,1,0.049970,-0.027127,0.057002,-0.042538,0.064357,-0.047130,0.064357,-0.047130,0.049823,-0.003828,0.056746,-0.005394,0.064080,-0.005966,0.064080,-0.005966,0,-1.685471,0.064080,0.049413,0.001940,-0.012727,-0.022538,-0.062538,0.311127,0.110000,-0.080556,1
1772480267,985412382,-1.205224,-1.949574,-2.188603,-0.362293,-1.150424,0.346540,1,0.057763,-0.041212,0.064357,-0.047130,0.071674,-0.052910,0.071674,-0.052910,0.057491,-0.005606,0.064080,-0.005966,0.071413,-0.006106,0.071413,-0.006106,0,-1.549014,0.071413,0.056746,0.001367,-0.013299,-0.027130,-0.067130,0.311127,0.110000,-0.081202,1
1772480268,10399384,-1.204830,-1.949806,-2.190687,-0.362485,-1.150009,0.344456,1,0.064279,-0.042244,0.071674,-0.052910,0.079048,-0.056856,0.079048,-0.056856,0.064025,-0.005704,0.071413,-0.006106,0.078746,-0.006893,0.078746,-0.006893,0,-1.585488,0.078746,0.064080,0.001227,-0.013440,-0.032910,-0.072910,0.311127,0.110000,-0.079118,1
1772480268,60494335,-1.205373,-1.951816,-2.193418,-0.360893,-1.148667,0.341724,1,0.071520,-0.052595,0.079048,-0.056856,0.086441,-0.055687,0.086441,-0.055687,0.071276,-0.005902,0.078746,-0.006893,0.086080,-0.007889,0.086080,-0.007889,0,-1.539412,0.086080,0.071413,0.000440,-0.014226,-0.036856,-0.076856,0.311127,0.118571,-0.076387,1
1772480268,85510204,-1.208763,-1.955412,-2.192927,-0.356059,-1.147644,0.342216,1,0.078478,-0.049796,0.086441,-0.055687,0.093780,-0.055604,0.093780,-0.055604,0.078211,-0.006467,0.086080,-0.007889,0.093413,-0.008283,0.093413,-0.008283,0,-1.362309,0.093413,0.078746,-0.000556,-0.015222,-0.035687,-0.075687,0.311127,0.129661,-0.076878,1
1772480268,110533661,-1.208688,-1.955398,-2.194528,-0.356128,-1.147613,0.340615,1,0.085480,-0.055873,0.093780,-0.055604,0.101123,-0.054114,0.101123,-0.054114,0.085151,-0.007494,0.093413,-0.008283,0.100746,-0.008713,0.100746,-0.008713,0,-1.225047,0.100746,0.086080,-0.000949,-0.015616,-0.035604,-0.075604,0.311127,0.140669,-0.075277,1
1772480268,160643966,-1.213422,-1.959657,-2.197267,-0.349811,-1.146812,0.337876,1,0.094182,-0.058953,0.101123,-0.054114,0.093423,-0.034114,0.093423,-0.034114,0.093828,-0.008165,0.100746,-0.008713,0.093413,-0.001380,0.093413,-0.001380,0,-1.025558,0.108080,0.093413,-0.001380,-0.016046,-0.034114,-0.074114,0.311127,0.151684,1.498258,1
1772480268,185663597,-1.214634,-1.961338,-2.198454,-0.347857,-1.146121,0.336689,1,0.101777,-0.057098,0.093423,-0.034114,0.086080,-0.014114,0.086080,-0.014114,0.101373,-0.009057,0.093413,-0.001380,0.086080,-0.000000,0.086080,-0.000000,0,-1.100480,0.100746,0.086080,0.005954,-0.008713,-0.014114,-0.054114,0.311127,0.140135,1.499444,1
1772480268,210685851,-1.216704,-1.963993,-2.200063,-0.344813,-1.145270,0.335118,1,0.093498,-0.039413,0.086080,-0.014114,0.078956,-0.034114,0.078956,-0.034114,0.093489,-0.001276,0.086080,-0.000000,0.078746,-0.005745,0.078746,-0.005745,0,-1.180564,0.093413,0.078746,0.007333,-0.007333,0.005886,-0.034114,0.311127,0.129120,-0.069780,1
1772480268,260798780,-1.218689,-1.966583,-2.202098,-0.346529,-1.148525,0.334157,1,0.085943,-0.012822,0.078956,-0.034114,0.086202,-0.050090,0.086202,-0.050090,0.085943,0.000000,0.078746,-0.005745,0.086080,-0.004583,0.086080,-0.004583,0,-0.897905,0.086080,0.071413,0.001588,-0.013078,-0.014114,-0.054114,0.311127,0.118434,-0.068819,1
1772480268,285781405,-1.219139,-1.968799,-2.202385,-0.344898,-1.146959,0.333869,1,0.088077,-0.040877,0.086202,-0.050090,0.093596,-0.049607,0.093596,-0.049607,0.087960,-0.004547,0.086080,-0.004583,0.093413,-0.005855,0.093413,-0.005855,0,-0.967640,0.093413,0.078746,0.002750,-0.011917,-0.030090,-0.070090,0.311127,0.129303,-0.068532,1
1772480268,310922079,-1.220230,-1.970138,-2.203303,-0.343239,-1.146478,0.332951,1,0.085855,-0.050140,0.093596,-0.049607,0.086080,-0.029607,0.086080,-0.029607,0.085760,-0.004038,0.093413,-0.005855,0.086080,-0.000000,0.086080,-0.000000,0,-0.887740,0.100746,0.086080,0.001478,-0.013189,-0.029607,-0.069607,0.311127,0.140395,1.503183,1
1772480268,360872605,-1.224864,-1.974520,-2.204250,-0.336935,-1.145512,0.332005,1,0.093271,-0.042352,0.086080,-0.029607,0.078746,-0.009607,0.078746,-0.009607,0.093110,-0.005480,0.086080,-0.000000,0.078746,-0.000000,0.078746,-0.000000,0,-0.857191,0.093413,0.078746,0.007333,-0.007333,-0.009607,-0.049607,0.311127,0.129120,1.504129,1
1772480268,385916229,-1.227434,-1.980066,-2.206005,-0.331666,-1.142414,0.330250,1,0.076663,-0.011772,0.078746,-0.009607,0.071552,-0.029607,0.071552,-0.029607,0.076663,0.000000,0.078746,-0.000000,0.071413,-0.004461,0.071413,-0.004461,0,-1.119699,0.086080,0.071413,0.007333,-0.007333,0.010393,-0.029607,0.311127,0.118120,-0.064912,1
1772480268,410888600,-1.228204,-1.980667,-2.207658,-0.330691,-1.142358,0.328597,1,0.078368,-0.007944,0.071552,-0.029607,0.078902,-0.045375,0.078902,-0.045375,0.078368,0.000000,0.071413,-0.004461,0.078746,-0.004950,0.078746,-0.004950,0,-1.140713,0.078746,0.064080,0.002873,-0.011794,-0.009607,-0.049607,0.311127,0.110000,-0.063259,1
1772480268,460997521,-1.231156,-1.982454,-2.208439,-0.330297,-1.139905,0.328561,1,0.072254,-0.032150,0.078902,-0.045375,0.086369,-0.046138,0.086369,-0.046138,0.072092,-0.004846,0.078746,-0.004950,0.086080,-0.007066,0.086080,-0.007066,0,-1.382546,0.086080,0.071413,0.002383,-0.012284,-0.025375,-0.065375,0.311127,0.118353,-0.063223,1
1772480268,486036668,-1.231667,-1.984085,-2.208776,-0.328950,-1.138854,0.328224,1,0.088884,-0.047286,0.086369,-0.046138,0.078746,-0.026138,0.078746,-0.026138,0.088554,-0.007659,0.086080,-0.007066,0.078746,-0.000000,0.078746,-0.000000,0,-1.334853,0.093413,0.078746,0.000267,-0.014400,-0.026138,-0.066138,0.311127,0.129554,1.507910,1
1772480268,511051915,-1.233490,-1.986869,-2.208896,-0.325868,-1.137600,0.328104,1,0.086420,-0.052023,0.078746,-0.026138,0.071413,-0.006138,0.071413,-0.006138,0.086107,-0.007350,0.078746,-0.000000,0.071413,-0.000000,0.071413,-0.000000,0,-1.530070,0.086080,0.071413,0.007333,-0.007333,-0.006138,-0.046138,0.311127,0.118120,1.508030,1
1772480268,561115984,-1.237362,-1.990919,-2.211378,-0.320380,-1.136469,0.325622,1,0.078747,-0.026276,0.071413,-0.006138,0.064080,0.013862,0.064080,0.013862,0.078747,0.000000,0.071413,-0.000000,0.064080,-0.000116,0.064080,-0.000116,0,-1.577878,0.078746,0.064080,0.007333,-0.007333,0.013862,-0.026138,0.311127,0.110000,1.510512,1
1772480268,586169881,-1.236836,-1.991759,-2.212368,-0.320335,-1.135479,0.324632,1,0.062745,0.007663,0.064080,0.013862,0.056747,0.033862,0.056747,0.033862,0.062745,0.000000,0.064080,-0.000116,0.056746,-0.000259,0.056746,-0.000259,0,-1.715297,0.071413,0.056746,0.007217,-0.007450,0.033862,-0.006138,0.311127,0.110000,1.511502,1
1772480268,611171892,-1.238349,-1.991798,-2.212359,-0.319068,-1.136307,0.324641,1,0.064024,0.023051,0.056747,0.033862,0.049414,0.053862,0.049414,0.053862,0.064024,0.000000,0.056746,-0.000259,0.049413,-0.000350,0.049413,-0.000350,0,-1.529166,0.064080,0.049413,0.007074,-0.007593,0.053862,0.013862,0.311127,0.110000,1.511493,1
1772480268,661248407,-1.239650,-1.994557,-2.211777,-0.316430,-1.134776,0.325223,1,0.057114,0.030635,0.049414,0.053862,0.042083,0.073862,0.042083,0.073862,0.057114,0.000000,0.049413,-0.000350,0.042080,-0.000511,0.042080,-0.000511,0,-1.669029,0.056746,0.042080,0.006984,-0.007683,0.073862,0.033862,0.311127,0.110000,1.510911,1
1772480268,686311042,-1.240532,-1.995276,-2.211034,-0.315295,-1.134687,0.325966,1,0.040214,0.055597,0.042083,0.073862,0.034752,0.093862,0.034752,0.093862,0.040214,0.000000,0.042080,-0.000511,0.034746,-0.000633,0.034746,-0.000633,0,-1.647716,0.049413,0.034746,0.006822,-0.007845,0.093862,0.053862,0.311127,0.110000,1.510168,1
1772480268,711311817,-1.241161,-1.996467,-2.209812,-0.314101,-1.134064,0.327188,1,0.041738,0.073839,0.034752,0.093862,0.027425,0.113862,0.027425,0.113862,0.041738,0.000000,0.034746,-0.000633,0.027413,-0.000793,0.027413,-0.000793,0,-1.717262,0.042080,0.027413,0.006700,-0.007966,0.113862,0.073862,0.311127,0.110000,1.508946,1
1772480268,761387955,-1.242699,-1.997346,-2.205585,-0.312335,-1.134215,0.331414,1,0.034547,0.079305,0.027425,0.113862,0.020101,0.133862,0.020101,0.133862,0.034517,-0.001434,0.027413,-0.000793,0.020080,-0.000917,0.020080,-0.000917,0,-1.693608,0.034746,0.020080,0.006540,-0.008127,0.133862,0.093862,0.311127,0.110000,1.504719,1
1772480268,786428682,-1.242718,-1.997304,-2.203641,-0.312344,-1.134261,0.333359,1,0.018549,0.133173,0.020101,0.133862,0.012791,0.153862,0.012791,0.153862,0.018549,0.000000,0.020080,-0.000917,0.012746,-0.001067,0.012746,-0.001067,0,-1.721874,0.027413,0.012746,0.006417,-0.008250,0.153862,0.113862,0.311127,0.110000,1.502775,1
1772480268,811536577,-1.242559,-2.000093,-2.200126,-0.310889,-1.131875,0.336874,1,0.020010,0.143439,0.012791,0.153862,0.012591,0.173862,0.012591,0.173862,0.019980,-0.001092,0.012746,-0.001067,0.012505,-0.001462,0.012505,-0.001462,0,-2.139614,0.020080,0.005413,0.006266,-0.008401,0.173862,0.133862,0.311127,0.110000,1.499260,1
1772480268,861547016,-1.243366,-1.998039,-2.192445,-0.311393,-1.134024,0.344555,1,0.012670,0.159062,0.012591,0.173862,0.014239,0.193862,0.014239,0.193862,0.012617,-0.001159,0.012505,-0.001462,0.014159,-0.001506,0.014159,-0.001506,0,-1.930812,0.019839,0.005172,0.005871,-0.008796,0.193862,0.153862,0.311127,0.110000,1.491579,1
1772480268,886612620,-1.245198,-1.999348,-2.188994,-0.309141,-1.133989,0.348006,1,0.014381,0.181474,0.014239,0.193862,0.015428,0.213862,0.015428,0.213862,0.014264,-0.001825,0.014159,-0.001506,0.015344,-0.001614,0.015344,-0.001614,0,-1.948297,0.021492,0.006825,0.005827,-0.008839,0.213862,0.173862,0.311127,0.110000,1.488128,1
1772480268,911652414,-1.244314,-2.000431,-2.184832,-0.309253,-1.132595,0.352168,1,0.014557,0.197230,0.015428,0.213862,0.016884,0.233862,0.016884,0.233862,0.014494,-0.001357,0.015344,-0.001614,0.016759,-0.002052,0.016759,-0.002052,0,-2.268379,0.022677,0.008011,0.005720,-0.008947,0.233862,0.193862,0.311127,0.110000,1.483966,1
1772480268,961783816,-1.244319,-2.000407,-2.174041,-0.309263,-1.132617,0.362959,1,0.017059,0.226385,0.016884,0.233862,0.018465,0.253862,0.018465,0.253862,0.016915,-0.002210,0.016759,-0.002052,0.018303,-0.002438,0.018303,-0.002438,0,-2.464379,0.024092,0.009426,0.005282,-0.009385,0.253862,0.213862,0.311127,0.110000,1.473175,1
1772480268,986770095,-1.244680,-1.999524,-2.168159,-0.309468,-1.133549,0.368841,1,0.019133,0.254011,0.018465,0.253862,0.020077,0.273862,0.020077,0.273862,0.018948,-0.002655,0.018303,-0.002438,0.019907,-0.002609,0.019907,-0.002609,0,-2.415828,0.025637,0.010970,0.004895,-0.009771,0.273862,0.233862,0.311127,0.110000,1.467293,1
1772480269,11841488,-1.244857,-2.000072,-2.162004,-0.309011,-1.133199,0.374996,1,0.018592,0.254122,0.020077,0.273862,0.021528,0.293862,0.021528,0.293862,0.018440,-0.002369,0.019907,-0.002609,0.021322,-0.002975,0.021322,-0.002975,0,-2.581938,0.027240,0.012574,0.004725,-0.009942,0.293862,0.253862,0.311127,0.110000,1.461138,1
1772480269,61971206,-1.245895,-2.000873,-2.148855,-0.307701,-1.133130,0.388144,1,0.021515,0.289518,0.021528,0.293862,0.022923,0.313862,0.022923,0.313862,0.021361,-0.002564,0.021322,-0.002975,0.022667,-0.003414,0.022667,-0.003414,0,-2.817063,0.028655,0.013988,0.004358,-0.010308,0.313862,0.273862,0.311127,0.110000,1.447989,1
1772480269,86996723,-1.245419,-2.002154,-2.141544,-0.307365,-1.131806,0.395455,1,0.022970,0.309485,0.022923,0.313862,0.024361,0.333862,0.024361,0.333862,0.022744,-0.003216,0.022667,-0.003414,0.024016,-0.004081,0.024016,-0.004081,0,-3.187056,0.030000,0.015334,0.003919,-0.010748,0.333862,0.293862,0.311127,0.110000,1.440678,1
1772480269,112071555,-1.246300,-2.002638,-2.133345,-0.306365,-1.131908,0.403655,1,0.022997,0.318948,0.024361,0.333862,0.025733,0.353862,0.025733,0.353862,0.022690,-0.003746,0.024016,-0.004081,0.025347,-0.004439,0.025347,-0.004439,0,-3.312340,0.031350,0.016683,0.003253,-0.011414,0.353862,0.313862,0.311127,0.110000,1.432479,1
1772480269,162173929,-1.247296,-2.002788,-2.118094,-0.305461,-1.132351,0.418906,1,0.026285,0.354711,0.025733,0.353862,0.027275,0.373862,0.027275,0.373862,0.025911,-0.004416,0.025347,-0.004439,0.026822,-0.004949,0.026822,-0.004949,0,-3.510235,0.032680,0.018014,0.002894,-0.011773,0.373862,0.333862,0.311127,0.110000,1.417227,1
1772480269,187244894,-1.247234,-2.003859,-2.109680,-0.304902,-1.131434,0.427320,1,0.027331,0.373731,0.027275,0.373862,0.028694,0.393862,0.028694,0.393862,0.026920,-0.004725,0.026822,-0.004949,0.028132,-0.005653,0.028132,-0.005653,0,-3.838686,0.034155,0.019488,0.002384,-0.012283,0.393862,0.353862,0.311127,0.110000,1.408814,1
1772480269,212335737,-1.247744,-2.004289,-2.100174,-0.304317,-1.130686,0.436981,1,0.027246,0.363698,0.028694,0.393862,0.030141,0.413862,0.030141,0.413862,0.026736,-0.005246,0.028132,-0.005653,0.029455,-0.006395,0.029455,-0.006395,0,-4.164387,0.035465,0.020799,0.001681,-0.012986,0.413862,0.373862,0.311127,0.110000,1.399152,1
1772480269,262381446,-1.249606,-2.005770,-2.080917,-0.303068,-1.120833,0.458444,1,0.030287,0.409692,0.030141,0.413862,0.031159,0.433862,0.031159,0.433862,0.029571,-0.006548,0.029455,-0.006395,0.029480,-0.010089,0.029480,-0.010089,0,-6.544857,0.036788,0.022122,0.000938,-0.013729,0.433862,0.393862,0.311127,0.110000,1.377690,1
1772480269,287474801,-1.248726,-2.005711,-2.069907,-0.303827,-1.120384,0.469454,1,0.030705,0.443318,0.031159,0.433862,0.033089,0.453862,0.033089,0.453862,0.029100,-0.009799,0.029480,-0.010089,0.031126,-0.011228,0.031126,-0.011228,0,-6.810918,0.036814,0.022147,-0.002755,-0.017422,0.453862,0.413862,0.311127,0.110000,1.366679,1
1772480269,312536403,-1.251277,-2.007057,-2.059770,-0.300963,-1.120720,0.479591,1,0.031101,0.424911,0.033089,0.453862,0.033828,0.473862,0.033828,0.473862,0.029363,-0.010251,0.031126,-0.011228,0.031785,-0.011575,0.031785,-0.011575,0,-7.067104,0.038459,0.023793,-0.003894,-0.018561,0.473862,0.433862,0.311127,0.110000,1.356542,1
1772480269,363283546,-1.252353,-2.009413,-2.036826,-0.298741,-1.119388,0.502535,1,0.033812,0.458027,0.033828,0.473862,0.034984,0.493862,0.034984,0.493862,0.031677,-0.011825,0.031785,-0.011575,0.032448,-0.013077,0.032448,-0.013077,0,-7.913756,0.039119,0.024452,-0.004242,-0.018909,0.493862,0.453862,0.311127,0.110000,1.333599,1
1772480269,387736500,-1.252075,-2.009274,-2.023832,-0.299049,-1.119345,0.515529,1,0.035465,0.502007,0.034984,0.493862,0.036876,0.513862,0.036876,0.513862,0.032846,-0.013375,0.032448,-0.013077,0.034009,-0.014256,0.034009,-0.014256,0,-8.158586,0.039781,0.025115,-0.005744,-0.020410,0.513862,0.473862,0.311127,0.110000,1.320605,1
1772480269,412805605,-1.253179,-2.010209,-2.011867,-0.297610,-1.119200,0.527495,1,0.035479,0.496524,0.036876,0.513862,0.038072,0.533862,0.038072,0.533862,0.032795,-0.013538,0.034009,-0.014256,0.034937,-0.015128,0.034937,-0.015128,0,-8.515449,0.041342,0.026676,-0.006923,-0.021589,0.533862,0.493862,0.311127,0.110000,1.308639,1
1772480269,462971788,-1.255315,-2.010510,-1.986035,-0.295678,-1.120162,0.553326,1,0.038720,0.516028,0.038072,0.533862,0.039518,0.553862,0.039518,0.553862,0.035371,-0.015753,0.034937,-0.015128,0.036059,-0.016168,0.036059,-0.016168,0,-8.940328,0.042270,0.027604,-0.007794,-0.022461,0.553862,0.513862,0.311127,0.110000,1.282808,1
1772480269,487985684,-1.255976,-2.011460,-1.972927,-0.294596,-1.119754,0.566434,1,0.039545,0.557146,0.039518,0.553862,0.040858,0.573862,0.040858,0.573862,0.036112,-0.016116,0.036059,-0.016168,0.037010,-0.017312,0.037010,-0.017312,0,-9.373816,0.043392,0.028725,-0.008835,-0.023502,0.573862,0.533862,0.311127,0.110000,1.269700,1
1772480269,513160154,-1.256005,-2.012151,-1.958987,-0.294181,-1.119201,0.580374,1,0.039650,0.567072,0.040858,0.573862,0.042524,0.593862,0.042524,0.593862,0.036190,-0.016199,0.037010,-0.017312,0.038161,-0.018763,0.038161,-0.018763,0,-9.813949,0.044343,0.029676,-0.009978,-0.024645,0.593862,0.553862,0.311127,0.110000,1.255759,1
1772480269,563231863,-1.257565,-2.013413,-1.930410,-0.292180,-1.119044,0.608952,1,0.042733,0.579988,0.042524,0.593862,0.042984,0.600000,0.042984,0.600000,0.038080,-0.019391,0.038161,-0.018763,0.038037,-0.020021,0.038037,-0.020021,0,-10.596078,0.045494,0.030827,-0.011430,-0.026096,0.600000,0.573862,0.311127,0.110000,1.227182,1
1772480269,588324956,-1.258148,-2.015479,-1.915265,-0.290529,-1.117672,0.624096,1,0.043343,0.589794,0.042984,0.600000,0.042629,0.600000,0.042629,0.600000,0.038177,-0.020520,0.038037,-0.020021,0.037140,-0.020926,0.037140,-0.020926,0,-11.400608,0.045370,0.030703,-0.012688,-0.027354,0.600000,0.580000,0.311127,0.110000,1.212038,1
1772480269,613356755,-1.259861,-2.016401,-1.899937,-0.288595,-1.117882,0.639425,1,0.042610,0.596408,0.042629,0.600000,0.042224,0.600000,0.042224,0.600000,0.036882,-0.021338,0.037140,-0.020926,0.036571,-0.021105,0.036571,-0.021105,0,-11.870022,0.044473,0.029807,-0.013592,-0.028259,0.600000,0.580000,0.311127,0.110000,1.196709,1
1772480269,663594490,-1.261427,-2.018857,-1.869470,-0.285913,-1.116746,0.669891,1,0.042240,0.596667,0.042224,0.600000,0.041891,0.600000,0.041891,0.600000,0.036475,-0.021302,0.036571,-0.021105,0.035405,-0.022391,0.035405,-0.022391,0,-13.128572,0.043905,0.029238,-0.013771,-0.028438,0.600000,0.580000,0.311127,0.110000,1.166242,1
1772480269,688705850,-1.262410,-2.019769,-1.854363,-0.284587,-1.116551,0.684998,1,0.042315,0.596938,0.041891,0.600000,0.041743,0.600000,0.041743,0.600000,0.035370,-0.023226,0.035405,-0.022391,0.034923,-0.022865,0.034923,-0.022865,0,-13.679385,0.042738,0.028072,-0.015057,-0.029724,0.600000,0.580000,0.311127,0.110000,1.151136,1
1772480269,713621197,-1.263067,-2.020143,-1.839038,-0.283834,-1.116615,0.700323,1,0.041881,0.607509,0.041743,0.600000,0.041914,0.600000,0.041914,0.600000,0.034840,-0.023243,0.034923,-0.022865,0.034753,-0.023431,0.034753,-0.023431,0,-14.091390,0.042257,0.027590,-0.015532,-0.030198,0.600000,0.580000,0.311127,0.110000,1.135811,1
1772480269,763789237,-1.264883,-2.022133,-1.808779,-0.281210,-1.116004,0.730582,1,0.042036,0.584855,0.041914,0.600000,0.041610,0.600000,0.041610,0.600000,0.034681,-0.023754,0.034753,-0.023431,0.033677,-0.024438,0.033677,-0.024438,0,-15.320584,0.042086,0.027419,-0.016098,-0.030764,0.600000,0.580000,0.311127,0.110000,1.105552,1
1772480269,788955960,-1.267061,-2.022372,-1.793261,-0.279279,-1.117040,0.746100,1,0.041891,0.595810,0.041610,0.600000,0.041209,0.600000,0.041209,0.600000,0.033532,-0.025110,0.033677,-0.024438,0.033375,-0.024173,0.033375,-0.024173,0,-15.670227,0.041011,0.026344,-0.017105,-0.031772,0.600000,0.580000,0.311127,0.110000,1.090034,1
1772480269,813980746,-1.266858,-2.023729,-1.778458,-0.278679,-1.115808,0.760904,1,0.041123,0.597695,0.041209,0.600000,0.041367,0.600000,0.041367,0.600000,0.033122,-0.024372,0.033375,-0.024173,0.032751,-0.025271,0.032751,-0.025271,0,-16.481204,0.040708,0.026042,-0.016839,-0.031506,0.600000,0.580000,0.311127,0.110000,1.075230,1
1772480269,864066569,-1.269389,-2.025206,-1.747979,-0.275756,-1.116024,0.791383,1,0.041611,0.593141,0.041367,0.600000,0.040919,0.600000,0.040919,0.600000,0.032749,-0.025670,0.032751,-0.025271,0.031807,-0.025742,0.031807,-0.025742,0,-17.659176,0.040084,0.025418,-0.017938,-0.032604,0.600000,0.580000,0.311127,0.110000,1.044751,1
1772480269,889118414,-1.269399,-2.026016,-1.733314,-0.275289,-1.115362,0.806048,1,0.040554,0.597221,0.040919,0.600000,0.041190,0.600000,0.041190,0.600000,0.031255,-0.025840,0.031807,-0.025742,0.031407,-0.026649,0.031407,-0.026649,0,-18.298579,0.039140,0.024474,-0.018409,-0.033075,0.600000,0.580000,0.311127,0.110000,1.030086,1
1772480269,914119211,-1.271302,-2.027314,-1.717833,-0.272986,-1.115370,0.821528,1,0.040269,0.590087,0.041190,0.600000,0.040464,0.600000,0.040464,0.600000,0.030518,-0.026272,0.031407,-0.026649,0.030539,-0.026546,0.030539,-0.026546,0,-19.175456,0.038740,0.024074,-0.019316,-0.033983,0.600000,0.580000,0.311127,0.110000,1.014606,1
1772480269,964293027,-1.272637,-2.029083,-1.687235,-0.270883,-1.114669,0.852127,1,0.040452,0.593081,0.040464,0.600000,0.040403,0.600000,0.040403,0.600000,0.030292,-0.026810,0.030539,-0.026546,0.029471,-0.027638,0.029471,-0.027638,0,-20.647533,0.037872,0.023206,-0.019212,-0.033879,0.600000,0.580000,0.311127,0.110000,0.984007,1
1772480269,989310852,-1.274150,-2.030758,-1.671844,-0.268687,-1.114146,0.867517,1,0.040862,0.599338,0.040403,0.600000,0.039660,0.600000,0.039660,0.600000,0.029741,-0.028021,0.029471,-0.027638,0.028377,-0.027707,0.028377,-0.027707,0,-21.823052,0.036804,0.022137,-0.020305,-0.034972,0.600000,0.580000,0.311127,0.110000,0.968616,1
1772480270,14334981,-1.275165,-2.030888,-1.656621,-0.267777,-1.114614,0.882741,1,0.039457,0.594113,0.039660,0.600000,0.039752,0.600000,0.039752,0.600000,0.028032,-0.027768,0.028377,-0.027707,0.028261,-0.027956,0.028261,-0.027956,0,-22.266863,0.035710,0.021043,-0.020373,-0.035040,0.600000,0.580000,0.311127,0.110000,0.953393,1
1772480270,64539193,-1.277002,-2.032170,-1.627071,-0.266520,-1.115428,0.911956,1,0.039445,0.607690,0.039752,0.600000,0.040398,0.600000,0.040398,0.600000,0.028034,-0.027748,0.028261,-0.027956,0.028318,-0.028812,0.028318,-0.028812,0,-23.003911,0.035595,0.020928,-0.020622,-0.035289,0.600000,0.580000,0.311127,0.110000,0.924177,1
1772480270,89552442,-1.277892,-2.033751,-1.611132,-0.264890,-1.114629,0.927895,1,0.039454,0.604847,0.040398,0.600000,0.041107,0.600000,0.041107,0.600000,0.028049,-0.027747,0.028318,-0.028812,0.028046,-0.030054,0.028046,-0.030054,0,-24.250351,0.035651,0.020985,-0.021478,-0.036145,0.600000,0.580000,0.311127,0.110000,0.908239,1
1772480270,114727837,-1.278121,-2.033981,-1.596134,-0.264571,-1.114570,0.942893,1,0.040996,0.584560,0.041107,0.600000,0.041798,0.600000,0.041798,0.600000,0.028261,-0.029698,0.028046,-0.030054,0.028043,-0.030994,0.028043,-0.030994,0,-24.728817,0.035379,0.020713,-0.022721,-0.037387,0.600000,0.580000,0.311127,0.110000,0.893240,1
1772480270,164729293,-1.279756,-2.034753,-1.566333,-0.262786,-1.114860,0.972694,1,0.041130,0.608224,0.041798,0.600000,0.043240,0.600000,0.043240,0.600000,0.027718,-0.030387,0.028043,-0.030994,0.028313,-0.032682,0.028313,-0.032682,0,-25.959158,0.035376,0.020709,-0.023661,-0.038327,0.600000,0.580000,0.311127,0.110000,0.863440,1
1772480270,189810915,-1.279402,-2.035606,-1.551557,-0.262595,-1.113958,0.987470,1,0.041729,0.599658,0.043240,0.600000,0.043993,0.600000,0.043993,0.600000,0.028126,-0.030826,0.028313,-0.032682,0.027800,-0.034096,0.027800,-0.034096,0,-26.751432,0.035646,0.020980,-0.025348,-0.040015,0.600000,0.580000,0.311127,0.110000,0.848664,1
1772480270,214853817,-1.280615,-2.036553,-1.535809,-0.260535,-1.113670,1.003674,1,0.043056,0.588630,0.043993,0.600000,0.044849,0.600000,0.044849,0.600000,0.027719,-0.032947,0.027800,-0.034096,0.027724,-0.035254,0.027724,-0.035254,0,-28.140889,0.035133,0.020467,-0.026763,-0.041429,0.600000,0.580000,0.311127,0.110000,0.832460,1
1772480270,264953633,-1.281770,-2.038536,-1.506664,-0.253802,-1.110966,1.036889,1,0.043985,0.605286,0.044849,0.600000,0.046713,0.600000,0.046713,0.600000,0.027230,-0.034542,0.027724,-0.035254,0.026061,-0.038768,0.026061,-0.038768,0,-33.916203,0.035058,0.020391,-0.027920,-0.042587,0.600000,0.580000,0.311127,0.110000,0.799245,1
1772480270,289978031,-1.282680,-2.039687,-1.491216,-0.252401,-1.110527,1.052337,1,0.045101,0.592164,0.046713,0.600000,0.047634,0.600000,0.047634,0.600000,0.027592,-0.035675,0.026061,-0.038768,0.025660,-0.040132,0.025660,-0.040132,0,-35.461233,0.033394,0.018727,-0.031435,-0.046101,0.600000,0.580000,0.311127,0.110000,0.783797,1
1772480270,314994119,-1.283706,-2.039951,-1.475961,-0.251404,-1.110887,1.067592,1,0.046641,0.580403,0.047634,0.600000,0.048579,0.600000,0.048579,0.600000,0.025080,-0.039325,0.025660,-0.040132,0.025904,-0.041096,0.025904,-0.041096,0,-36.353462,0.032993,0.018326,-0.032798,-0.047465,0.600000,0.580000,0.311127,0.110000,0.768542,1
1772480270,365127333,-1.286243,-2.042437,-1.445188,-0.248125,-1.111049,1.101052,1,0.048160,0.596256,0.048579,0.600000,0.050791,0.600000,0.050791,0.600000,0.025530,-0.040837,0.025904,-0.041096,0.025991,-0.043637,0.025991,-0.043637,0,-39.703642,0.033238,0.018571,-0.033763,-0.048430,0.600000,0.580000,0.311127,0.110000,0.735082,1
1772480270,390260109,-1.286496,-2.042855,-1.429678,-0.247680,-1.110845,1.116562,1,0.048522,0.611684,0.050791,0.600000,0.051885,0.600000,0.051885,0.600000,0.025770,-0.041113,0.025991,-0.043637,0.025673,-0.045089,0.025673,-0.045089,0,-40.587327,0.033324,0.018657,-0.036303,-0.050970,0.600000,0.580000,0.311127,0.110000,0.719572,1
1772480270,415276973,-1.288532,-2.043742,-1.413838,-0.245498,-1.111252,1.132402,1,0.051447,0.606935,0.051885,0.600000,0.053053,0.600000,0.053053,0.600000,0.026184,-0.044286,0.025673,-0.045089,0.026139,-0.046167,0.026139,-0.046167,0,-42.790658,0.033007,0.018340,-0.037755,-0.052422,0.600000,0.580000,0.311127,0.110000,0.703732,1
1772480270,465308775,-1.289645,-2.046778,-1.383633,-0.241450,-1.107223,1.165194,1,0.052092,0.595013,0.053053,0.600000,0.055646,0.600000,0.055646,0.600000,0.025151,-0.045618,0.026139,-0.046167,0.020676,-0.051662,0.020676,-0.051662,0,-50.849225,0.033472,0.018805,-0.038834,-0.053501,0.600000,0.580000,0.311127,0.110000,0.670940,1
1772480270,490401051,-1.291281,-2.047804,-1.368164,-0.239520,-1.107287,1.180663,1,0.053188,0.610121,0.055646,0.600000,0.056959,0.600000,0.056959,0.600000,0.025696,-0.046570,0.020676,-0.051662,0.020367,-0.053193,0.020367,-0.053193,0,-54.004979,0.028010,0.013343,-0.044329,-0.058996,0.600000,0.580000,0.311127,0.110000,0.655471,1
1772480270,515381458,-1.291746,-2.047515,-1.353319,-0.239296,-1.107786,1.195507,1,0.056181,0.554431,0.056959,0.600000,0.058279,0.600000,0.058279,0.600000,0.019691,-0.052618,0.020367,-0.053193,0.020814,-0.054436,0.020814,-0.054436,0,-54.380341,0.027701,0.013034,-0.045860,-0.060527,0.600000,0.580000,0.311127,0.110000,0.640626,1
1772480270,565486885,-1.293117,-2.048601,-1.323085,-0.237295,-1.109973,1.225971,1,0.057101,0.603044,0.058279,0.600000,0.061189,0.600000,0.061189,0.600000,0.020129,-0.053435,0.020814,-0.054436,0.023922,-0.056319,0.023922,-0.056319,0,-56.811236,0.028147,0.013481,-0.047102,-0.061769,0.600000,0.580000,0.311127,0.110000,0.610163,1
1772480270,590602879,-1.295028,-2.048598,-1.307722,-0.235712,-1.111043,1.241334,1,0.058105,0.598002,0.061189,0.600000,0.062769,0.600000,0.062769,0.600000,0.020857,-0.054233,0.023922,-0.056319,0.025812,-0.057217,0.025812,-0.057217,0,-58.991497,0.031255,0.016589,-0.048986,-0.063652,0.600000,0.580000,0.311127,0.110000,0.594800,1
1772480270,615577079,-1.296688,-2.050508,-1.292579,-0.233268,-1.110385,1.256476,1,0.061536,0.593488,0.062769,0.600000,0.064409,0.600000,0.064409,0.600000,0.023760,-0.056764,0.025812,-0.057217,0.024707,-0.059482,0.024707,-0.059482,0,-65.006126,0.033145,0.018478,-0.049883,-0.064550,0.600000,0.580000,0.311127,0.110000,0.579657,1
1772480270,665665772,-1.300253,-2.053935,-1.262463,-0.217925,-1.104170,1.290644,1,0.063060,0.594070,0.064409,0.600000,0.068393,0.580000,0.068393,0.580000,0.025743,-0.057566,0.024707,-0.059482,0.017374,-0.066150,0.017374,-0.066150,0,-147.346213,0.032041,0.017374,-0.052149,-0.066815,0.600000,0.580000,0.311127,0.110000,0.545490,1
1772480270,690720621,-1.300847,-2.053441,-1.247575,-0.217705,-1.104910,1.305532,1,0.064558,0.604149,0.068393,0.580000,0.071068,0.600000,0.071068,0.600000,0.023954,-0.059950,0.017374,-0.066150,0.010041,-0.070355,0.010041,-0.070355,0,-151.944621,0.024707,0.010041,-0.058816,-0.073483,0.600000,0.560000,0.311127,0.110000,0.530602,1
1772480270,715747778,-1.301795,-2.054649,-1.233051,-0.216246,-1.104433,1.320056,1,0.068628,0.582450,0.071068,0.600000,0.069828,0.580000,0.069828,0.580000,0.017068,-0.066472,0.010041,-0.070355,0.002707,-0.069775,0.002707,-0.069775,0,-167.828584,0.017374,0.002707,-0.063021,-0.077688,0.600000,0.580000,0.311127,0.110000,0.516078,1
1772480270,765928922,-1.303688,-2.057910,-1.203178,-0.214892,-1.101721,1.349758,1,0.071157,0.583109,0.069828,0.580000,0.067317,0.560000,0.067317,0.560000,0.009516,-0.070518,0.002707,-0.069775,-0.004626,-0.067158,-0.004626,-0.067158,0,-158.666377,0.010041,-0.004626,-0.062442,-0.077108,0.600000,0.560000,0.311127,0.110000,0.486376,1
1772480270,790886957,-1.306368,-2.058772,-1.187433,-0.212184,-1.102492,1.365503,1,0.070167,0.569825,0.067317,0.560000,0.065057,0.540000,0.065057,0.540000,0.001926,-0.070141,-0.004626,-0.067158,-0.011959,-0.063948,-0.011959,-0.063948,0,-195.599646,0.002707,-0.011959,-0.059824,-0.074491,0.580000,0.540000,0.311127,0.110000,0.470631,1
1772480270,815959826,-1.307492,-2.058626,-1.172142,-0.211331,-1.103238,1.380793,1,0.066994,0.578329,0.065057,0.540000,0.066324,0.520000,0.066324,0.520000,-0.004666,-0.066832,-0.011959,-0.063948,-0.019293,-0.063456,-0.019293,-0.063456,0,-222.281461,-0.004626,-0.019293,-0.056615,-0.071282,0.560000,0.520000,0.311127,0.110000,0.455341,0
1772480270,865982933,-1.310508,-2.061677,-1.142880,-0.200780,-1.105936,1.408179,1,0.065190,0.556467,0.066324,0.520000,0.062119,0.500000,0.062119,0.500000,-0.012800,-0.063921,-0.019293,-0.063456,-0.026626,-0.056123,-0.026626,-0.056123,0,338.626788,-0.011959,-0.026626,-0.056123,-0.070790,0.540000,0.500000,0.311127,0.110000,0.427955,0
1772480270,891030153,-1.311849,-2.062513,-1.129170,-0.199201,-1.105988,1.421889,1,0.066846,0.515985,0.062119,0.500000,0.059420,0.480000,0.059420,0.480000,-0.020303,-0.063688,-0.026626,-0.056123,-0.033916,-0.048790,-0.033916,-0.048790,0,285.267495,-0.019293,-0.033959,-0.048790,-0.063456,0.520000,0.480000,0.311127,0.110000,0.414244,0
1772480270,916054227,-1.312986,-2.061430,-1.116770,-0.198859,-1.107520,1.434289,1,0.061803,0.513921,0.059420,0.480000,0.049247,0.460000,0.049247,0.460000,-0.026419,-0.055872,-0.033916,-0.048790,-0.026583,-0.041456,-0.026583,-0.041456,0,317.837619,-0.026583,-0.041249,-0.041456,-0.056123,0.500000,0.460000,0.311127,0.110000,0.401845,0
1772480270,966112989,-1.316192,-2.061706,-1.090555,-0.190595,-1.102364,1.462384,1,0.059291,0.473953,0.049247,0.460000,0.047751,0.440000,0.047751,0.440000,-0.034440,-0.048263,-0.026583,-0.041456,-0.033404,-0.034123,-0.033404,-0.034123,0,114.060988,-0.019249,-0.033916,-0.034123,-0.048790,0.480000,0.440000,0.311127,0.110000,0.373750,1
1772480270,991173609,-1.317302,-2.062777,-1.077493,-0.189077,-1.102090,1.475446,1,0.049056,0.466740,0.047751,0.440000,0.041016,0.420000,0.041016,0.420000,-0.026663,-0.041177,-0.033404,-0.034123,-0.031058,-0.026790,-0.031058,-0.026790,0,105.586502,-0.026071,-0.040737,-0.026790,-0.041456,0.460000,0.420000,0.311127,0.110000,0.360688,1
1772480271,16135570,-1.318720,-2.062796,-1.066230,-0.187888,-1.102861,1.486709,1,0.047820,0.440899,0.041016,0.420000,0.032281,0.400000,0.032281,0.400000,-0.033629,-0.033997,-0.031058,-0.026790,-0.025759,-0.019456,-0.025759,-0.019456,0,103.874079,-0.023725,-0.038392,-0.019456,-0.034123,0.440000,0.400000,0.311127,0.110000,0.349425,1
1772480271,66258845,-1.321410,-2.061654,-1.043937,-0.186203,-1.096776,1.508203,1,0.040603,0.419837,0.032281,0.400000,0.035243,0.380000,0.035243,0.380000,-0.031004,-0.026218,-0.025759,-0.019456,-0.033092,-0.012123,-0.033092,-0.012123,0,74.940378,-0.018425,-0.033092,-0.012123,-0.026790,0.420000,0.380000,0.311127,0.110000,0.327931,1
1772480271,91224737,-1.323569,-2.061197,-1.034001,-0.184663,-1.098356,1.518138,1,0.032361,0.402453,0.035243,0.380000,0.033189,0.360000,0.033189,0.360000,-0.025847,-0.019471,-0.033092,-0.012123,-0.032842,-0.004790,-0.032842,-0.004790,0,77.875758,-0.025759,-0.040425,-0.004790,-0.019456,0.400000,0.360000,0.311127,0.110000,0.317995,1
1772480271,116178584,-1.323703,-2.061925,-1.023913,-0.184146,-1.097826,1.528227,1,0.034858,0.390330,0.033189,0.360000,0.032238,0.340000,0.032238,0.340000,-0.032907,-0.011499,-0.032842,-0.004790,-0.032138,0.002544,-0.032138,0.002544,0,75.504067,-0.025509,-0.040175,0.002544,-0.012123,0.380000,0.340000,0.311127,0.110000,0.307907,1
1772480271,166237251,-1.322899,-2.061054,-1.003478,-0.179933,-1.097061,1.545410,1,0.033166,0.355617,0.032238,0.340000,0.030085,0.320000,0.030085,0.320000,-0.032923,-0.004003,-0.032138,0.002544,-0.028417,0.009877,-0.028417,0.009877,0,66.088078,-0.024805,-0.039471,0.009877,-0.004790,0.360000,0.320000,0.311127,0.110000,0.290724,1
