sec,nsec,x,y,yaw,map_x,map_y,map_yaw,map_pose_valid,v_real,w_real,v_now,w_now,v_cmd,w_cmd,v_nav,w_nav,vx_real,vy_real,vx_now,vy_now,vx_cmd,vy_cmd,vx_nav,vy_nav,velocity_violation,curvature,dw_vx_max,dw_vx_min,dw_vy_max,dw_vy_min,dw_w_max,dw_w_min,v_reg,lookahead_dist,lookahead_yaw,is_accel
1772480724,142123620,-0.019249,-2.284278,2.257321,-1.414028,-0.409896,-1.342369,1,0.000000,0.000000,0.030085,0.320000,0.027216,0.300000,0.027216,0.300000,0.000000,0.000000,-0.028417,0.009877,-0.021084,0.017210,-0.021084,0.017210,0,13.382432,-0.021084,-0.035750,0.017210,0.002544,0.340000,0.300000,0.311127,0.110000,1.134036,1
1772480724,167141265,-0.019416,-2.284626,2.257512,-1.413725,-0.409658,-1.342178,1,0.000000,0.000000,0.027216,0.300000,0.024096,0.280000,0.024096,0.280000,0.000000,0.000000,-0.021084,0.017210,-0.013750,0.019788,-0.013750,0.019788,0,13.345151,-0.013750,-0.028417,0.024544,0.009877,0.320000,0.280000,0.311127,0.110000,1.133845,1
1772480724,217158626,-0.019217,-2.284377,2.257548,-1.414013,-0.409792,-1.342142,1,0.012006,0.044132,0.024096,0.280000,0.019521,0.260000,0.019521,0.260000,-0.008401,0.008578,-0.013750,0.019788,-0.006417,0.018436,-0.006417,0.018436,0,13.367476,-0.006417,-0.021084,0.027121,0.012454,0.300000,0.260000,0.311127,0.110000,1.133809,1
1772480724,242141918,-0.018788,-2.283523,2.257405,-1.414776,-0.410369,-1.342284,1,0.019766,0.022725,0.019521,0.260000,0.017184,0.240000,0.017184,0.240000,-0.013566,0.014376,-0.006417,0.018436,0.000916,0.017159,0.000916,0.017159,0,13.454223,0.000916,-0.013750,0.025769,0.011102,0.280000,0.240000,0.311127,0.110000,1.133951,1
1772480724,267111036,-0.018722,-2.285491,2.256715,-1.413964,-0.408575,-1.342975,1,0.019751,0.060786,0.017184,0.240000,0.017556,0.220000,0.017556,0.220000,-0.006779,0.018551,0.000916,0.017159,0.008250,0.015497,0.008250,0.015497,0,13.236229,0.008250,-0.006417,0.024492,0.009826,0.260000,0.220000,0.311127,0.110000,1.134642,1
1772480724,317150977,-0.019186,-2.285159,2.259121,-1.413695,-0.409078,-1.340569,1,0.017265,0.079439,0.017556,0.220000,0.022771,0.234382,0.022771,0.234382,0.001750,0.017176,0.008250,0.015497,0.015583,0.016604,0.015583,0.016604,0,13.257616,0.015583,0.000916,0.022830,0.008164,0.240000,0.200000,0.311127,0.110000,1.132236,1
1772480724,342194315,-0.019892,-2.286504,2.261879,-1.412467,-0.408184,-1.337810,1,0.017627,0.095449,0.022771,0.234382,0.024774,0.254382,0.024774,0.254382,0.008128,0.015641,0.015583,0.016604,0.017199,0.017832,0.017199,0.017832,0,13.086728,0.022916,0.008250,0.023937,0.009270,0.254382,0.214382,0.311127,0.110000,1.129477,1
1772480724,367330778,-0.020276,-2.286024,2.265477,-1.412335,-0.408784,-1.334213,1,0.023231,0.124329,0.024774,0.254382,0.026807,0.274382,0.026807,0.274382,0.015917,0.016922,0.017199,0.017832,0.018577,0.019327,0.018577,0.019327,0,13.108558,0.024532,0.009865,0.025165,0.010498,0.274382,0.234382,0.311127,0.110000,1.125880,1
1772480724,392269234,-0.020537,-2.286874,2.268834,-1.411725,-0.408137,-1.330855,1,0.025053,0.141140,0.026807,0.274382,0.028377,0.294382,0.028377,0.294382,0.017463,0.017964,0.018577,0.019327,0.019881,0.020249,0.019881,0.020249,0,12.973767,0.025910,0.011243,0.026661,0.011994,0.294382,0.254382,0.311127,0.110000,1.141133,1
1772480724,442283899,-0.021953,-2.285143,2.274767,-1.411220,-0.410316,-1.324923,1,0.026555,0.150156,0.028377,0.294382,0.030463,0.314382,0.030463,0.314382,0.018674,0.018881,0.019881,0.020249,0.021044,0.022026,0.021044,0.022026,0,13.146237,0.027214,0.012548,0.027582,0.012915,0.314382,0.274382,0.311127,0.110000,1.135201,1
1772480724,467352463,-0.021575,-2.285707,2.277285,-1.411310,-0.409642,-1.322405,1,0.028184,0.185130,0.030463,0.314382,0.032473,0.334382,0.032473,0.334382,0.019706,0.020149,0.021044,0.022026,0.022636,0.023284,0.022636,0.023284,0,13.036773,0.028377,0.013711,0.029360,0.014693,0.334382,0.294382,0.311127,0.110000,1.132682,1
1772480724,492323175,-0.023026,-2.286031,2.281054,-1.409866,-0.409994,-1.318636,1,0.030269,0.208843,0.032473,0.334382,0.034531,0.354382,0.034531,0.354382,0.020542,0.022232,0.022636,0.023284,0.024148,0.024682,0.024148,0.024682,0,12.996315,0.029969,0.015302,0.030617,0.015951,0.354382,0.314382,0.311127,0.110000,1.128914,1
1772480724,542426611,-0.024129,-2.288074,2.291801,-1.407973,-0.408649,-1.307889,1,0.032446,0.221942,0.034531,0.354382,0.036830,0.374382,0.036830,0.374382,0.022464,0.023413,0.024148,0.024682,0.026458,0.025621,0.026458,0.025621,0,12.648313,0.031482,0.016815,0.032016,0.017349,0.374382,0.334382,0.311127,0.110000,1.118167,1
1772480724,567390919,-0.025702,-2.287678,2.297449,-1.406738,-0.409700,-1.302241,1,0.034808,0.236219,0.036830,0.374382,0.038994,0.394382,0.038994,0.394382,0.024471,0.024754,0.026458,0.025621,0.027960,0.027181,0.027960,0.027181,0,12.673652,0.033791,0.019124,0.032954,0.018288,0.394382,0.354382,0.311127,0.110000,1.112519,1
1772480724,592453516,-0.025933,-2.287398,2.303580,-1.406654,-0.410053,-1.296110,1,0.036932,0.262264,0.038994,0.394382,0.041199,0.414382,0.041199,0.414382,0.026689,0.025528,0.027960,0.027181,0.029626,0.028630,0.029626,0.028630,0,12.634941,0.035293,0.020627,0.034514,0.019848,0.414382,0.374382,0.311127,0.110000,1.106387,1
1772480724,642562563,-0.028726,-2.286379,2.316522,-1.404600,-0.412202,-1.283168,1,0.039100,0.282011,0.041199,0.414382,0.043699,0.434382,0.043699,0.434382,0.028081,0.027208,0.029626,0.028630,0.031320,0.030473,0.031320,0.030473,0,12.679182,0.036959,0.022292,0.035963,0.021297,0.434382,0.394382,0.311127,0.110000,1.093446,1
1772480724,667593321,-0.028362,-2.285996,2.323250,-1.405096,-0.412385,-1.276440,1,0.041156,0.299217,0.043699,0.434382,0.045994,0.454382,0.045994,0.454382,0.029614,0.028580,0.031320,0.030473,0.033096,0.031939,0.033096,0.031939,0,12.625798,0.038653,0.023987,0.037807,0.023140,0.454382,0.414382,0.311127,0.110000,1.086718,1
1772480724,692613440,-0.029788,-2.286061,2.330239,-1.403787,-0.412958,-1.269451,1,0.043747,0.317621,0.045994,0.454382,0.047659,0.474382,0.047659,0.474382,0.031793,0.030051,0.033096,0.031939,0.034428,0.032957,0.034428,0.032957,0,12.572787,0.040429,0.025762,0.039272,0.024605,0.474382,0.434382,0.311127,0.110000,1.094894,1
1772480724,742763491,-0.030902,-2.286675,2.346117,-1.402517,-0.412900,-1.253573,1,0.045959,0.340541,0.047659,0.474382,0.050400,0.494382,0.050400,0.494382,0.032917,0.032074,0.034428,0.032957,0.037050,0.034167,0.037050,0.034167,0,12.325902,0.041761,0.027095,0.040290,0.025623,0.494382,0.454382,0.311127,0.110000,1.079016,1
1772480724,767684590,-0.031737,-2.287113,2.354908,-1.401574,-0.412876,-1.244782,1,0.048039,0.366121,0.050400,0.494382,0.052869,0.514382,0.052869,0.514382,0.034827,0.033089,0.037050,0.034167,0.039245,0.035425,0.039245,0.035425,0,12.182845,0.044384,0.029717,0.041500,0.026834,0.514382,0.474382,0.311127,0.110000,1.070224,1
1772480724,817831181,-0.034748,-2.285347,2.373038,-1.399655,-0.415791,-1.226652,1,0.050594,0.377687,0.052869,0.514382,0.055871,0.534382,0.055871,0.534382,0.037449,0.034020,0.039245,0.035425,0.041249,0.037684,0.041249,0.037684,0,12.263325,0.046579,0.031912,0.042759,0.028092,0.534382,0.494382,0.311127,0.110000,1.052095,1
1772480724,842865606,-0.036117,-2.285935,2.383295,-1.398166,-0.415869,-1.216395,1,0.053231,0.398721,0.055871,0.534382,0.058533,0.554382,0.058533,0.554382,0.039526,0.035654,0.041249,0.037684,0.043689,0.038954,0.043689,0.038954,0,12.100146,0.048583,0.033916,0.045018,0.030351,0.554382,0.514382,0.311127,0.110000,1.041838,1
1772480724,867878158,-0.037175,-2.286061,2.393660,-1.397163,-0.416224,-1.206030,1,0.055703,0.416556,0.058533,0.554382,0.061254,0.574382,0.061254,0.574382,0.041123,0.037574,0.043689,0.038954,0.046075,0.040363,0.046075,0.040363,0,11.980721,0.051022,0.036355,0.046288,0.031621,0.574382,0.534382,0.311127,0.110000,1.031472,1
1772480724,892932914,-0.038186,-2.285687,2.403909,-1.396421,-0.417006,-1.195780,1,0.058666,0.434755,0.061254,0.574382,0.064023,0.594382,0.064023,0.594382,0.044020,0.038780,0.046075,0.040363,0.048335,0.041985,0.048335,0.041985,0,11.923159,0.053408,0.038742,0.047696,0.033029,0.594382,0.554382,0.311127,0.110000,1.021223,1
1772480724,942995107,-0.040783,-2.284604,2.425747,-1.394570,-0.419126,-1.173943,1,0.061540,0.459114,0.064023,0.594382,0.065109,0.600000,0.065109,0.600000,0.046264,0.040581,0.048335,0.041985,0.049365,0.042453,0.049365,0.042453,0,11.855170,0.055668,0.041001,0.049318,0.034651,0.600000,0.574382,0.311127,0.110000,1.013691,1
1772480724,968174911,-0.042406,-2.285355,2.436843,-1.392783,-0.419170,-1.162846,1,0.064408,0.482949,0.065109,0.600000,0.065829,0.600000,0.065829,0.600000,0.049018,0.041781,0.049365,0.042453,0.050487,0.042245,0.050487,0.042245,0,11.667797,0.056698,0.042031,0.049786,0.035120,0.600000,0.580000,0.311127,0.110000,1.002594,1
1772480724,993140868,-0.043293,-2.283950,2.449290,-1.392609,-0.420823,-1.150400,1,0.065236,0.502779,0.065829,0.600000,0.066657,0.600000,0.066657,0.600000,0.049261,0.042767,0.050487,0.042245,0.051003,0.042916,0.051003,0.042916,0,11.706048,0.057820,0.043153,0.049578,0.034911,0.600000,0.580000,0.311127,0.110000,0.990148,1
1772480725,43240117,-0.046931,-2.285053,2.474455,-1.388858,-0.421443,-1.125235,1,0.065647,0.515397,0.066657,0.600000,0.068395,0.600000,0.068395,0.600000,0.050322,0.042158,0.051003,0.042916,0.053431,0.042697,0.053431,0.042697,0,11.350445,0.058337,0.043670,0.050249,0.035582,0.600000,0.580000,0.311127,0.110000,0.964983,1
1772480725,68322890,-0.049126,-2.284885,2.487175,-1.386963,-0.422564,-1.112515,1,0.066513,0.537766,0.068395,0.600000,0.068360,0.600000,0.068360,0.600000,0.051076,0.042606,0.053431,0.042697,0.053621,0.042403,0.053621,0.042403,0,11.277823,0.060764,0.046097,0.050031,0.035364,0.600000,0.580000,0.311127,0.110000,0.965470,1
1772480725,93320949,-0.051347,-2.285816,2.500291,-1.384560,-0.422712,-1.099399,1,0.068258,0.558845,0.068360,0.600000,0.069302,0.600000,0.069302,0.600000,0.053225,0.042734,0.053621,0.042403,0.055007,0.042155,0.055007,0.042155,0,11.059576,0.060954,0.046287,0.049736,0.035069,0.600000,0.580000,0.311127,0.110000,0.952354,1
1772480725,143529722,-0.053649,-2.284699,2.528887,-1.382989,-0.424731,-1.070802,1,0.067943,0.580206,0.069302,0.600000,0.071447,0.600000,0.071447,0.600000,0.053129,0.042351,0.055007,0.042155,0.057225,0.042778,0.057225,0.042778,0,10.886148,0.062340,0.047673,0.049488,0.034821,0.600000,0.580000,0.311127,0.110000,0.923758,1
1772480725,168591308,-0.055310,-2.285957,2.542662,-1.380944,-0.424338,-1.057028,1,0.069602,0.597400,0.071447,0.600000,0.072529,0.600000,0.072529,0.600000,0.055468,0.042045,0.057225,0.042778,0.058965,0.042231,0.058965,0.042231,0,10.586762,0.064559,0.049892,0.050112,0.035445,0.600000,0.580000,0.311127,0.110000,0.909983,1
1772480725,193553875,-0.058364,-2.286037,2.557859,-1.378169,-0.425616,-1.041831,1,0.071580,0.600376,0.072529,0.600000,0.072833,0.600000,0.072833,0.600000,0.057042,0.043243,0.058965,0.042231,0.059514,0.041985,0.059514,0.041985,0,10.481065,0.066299,0.051632,0.049565,0.034898,0.600000,0.580000,0.311127,0.110000,0.906177,1
1772480725,243655186,-0.060744,-2.285789,2.588865,-1.376143,-0.426891,-1.010824,1,0.072499,0.603137,0.072833,0.600000,0.075414,0.600000,0.075414,0.600000,0.058883,0.042296,0.059514,0.041985,0.062554,0.042122,0.062554,0.042122,0,10.155427,0.066847,0.052181,0.049319,0.034652,0.600000,0.580000,0.311127,0.110000,0.875170,1
1772480725,268709807,-0.063072,-2.285762,2.604006,-1.374068,-0.427945,-0.995683,1,0.073173,0.609846,0.075414,0.600000,0.078919,0.600000,0.078919,0.600000,0.059844,0.042106,0.062554,0.042122,0.065479,0.044053,0.065479,0.044053,0,9.869214,0.069887,0.055220,0.049456,0.034789,0.600000,0.580000,0.311127,0.113121,0.860029,1
1772480725,293813427,-0.065108,-2.284780,2.619435,-1.372676,-0.429727,-0.980254,1,0.075271,0.602703,0.078919,0.600000,0.083100,0.600000,0.083100,0.600000,0.062609,0.041783,0.065479,0.044053,0.068444,0.047128,0.068444,0.047128,0,9.581444,0.072812,0.058146,0.051386,0.036720,0.600000,0.580000,0.311127,0.118378,0.854715,1
1772480725,343900734,-0.069251,-2.284424,2.649455,-1.369117,-0.431878,-0.950235,1,0.078698,0.593636,0.083100,0.600000,0.089679,0.600000,0.089679,0.600000,0.065272,0.043964,0.068444,0.047128,0.074013,0.050638,0.074013,0.050638,0,9.059996,0.075778,0.061111,0.054461,0.039794,0.600000,0.580000,0.311127,0.124650,0.833982,1
1772480725,368944060,-0.071126,-2.287082,2.663438,-1.366260,-0.430324,-0.936252,1,0.090819,0.623902,0.089679,0.600000,0.096496,0.600000,0.096496,0.600000,0.074898,0.051365,0.074013,0.050638,0.080206,0.053650,0.080206,0.053650,0,8.266381,0.081347,0.066680,0.057972,0.043305,0.600000,0.580000,0.311127,0.134518,0.836417,1
1772480725,393975500,-0.073239,-2.286715,2.678819,-1.364527,-0.431586,-0.920870,1,0.089599,0.607332,0.096496,0.600000,0.104848,0.600000,0.104848,0.600000,0.073894,0.050671,0.080206,0.053650,0.086565,0.059157,0.086565,0.059157,0,7.796056,0.087540,0.072873,0.060984,0.046317,0.600000,0.580000,0.311127,0.144743,0.828307,1
1772480725,444070017,-0.078954,-2.286443,2.708043,-1.359522,-0.434358,-0.891647,1,0.096861,0.608231,0.104848,0.600000,0.114080,0.589034,0.114080,0.589034,0.080360,0.054077,0.086565,0.059157,0.093899,0.064787,0.093899,0.064787,0,7.222011,0.093899,0.079232,0.066490,0.051823,0.600000,0.580000,0.311127,0.157272,0.812044,1
1772480725,469146236,-0.080996,-2.287370,2.722583,-1.357280,-0.434430,-0.877106,1,0.118141,0.655115,0.114080,0.589034,0.123154,0.578123,0.123154,0.578123,0.097044,0.067378,0.093899,0.064787,0.101232,0.070136,0.101232,0.070136,0,6.656126,0.101232,0.086565,0.072120,0.057454,0.600000,0.569034,0.311127,0.171120,0.803290,1
1772480725,494212466,-0.083452,-2.287420,2.738336,-1.355056,-0.435471,-0.861354,1,0.114430,0.573284,0.123154,0.578123,0.132463,0.572163,0.132463,0.572163,0.094185,0.064988,0.101232,0.070136,0.108565,0.075896,0.108565,0.075896,0,6.203113,0.108565,0.093899,0.077470,0.062803,0.598123,0.558123,0.311127,0.184732,0.797930,1
1772480725,544293764,-0.089312,-2.289966,2.767642,-1.348674,-0.435779,-0.832048,1,0.123885,0.577885,0.132463,0.572163,0.140223,0.552163,0.140223,0.552163,0.101712,0.070725,0.108565,0.075896,0.115899,0.078930,0.115899,0.078930,0,5.633607,0.115899,0.101232,0.083229,0.068562,0.592163,0.552163,0.311127,0.198695,0.777667,1
1772480725,569318618,-0.092950,-2.290791,2.781623,-1.345046,-0.436648,-0.818067,1,0.144049,0.606421,0.140223,0.552163,0.148676,0.545411,0.148676,0.545411,0.119427,0.080544,0.115899,0.078930,0.123232,0.083177,0.123232,0.083177,0,5.319626,0.123232,0.108565,0.086263,0.071597,0.572163,0.532163,0.311127,0.210334,0.771604,1
1772480725,594349179,-0.096405,-2.291809,2.795640,-1.341497,-0.437263,-0.804050,1,0.140100,0.560410,0.148676,0.545411,0.157343,0.539804,0.157343,0.539804,0.115555,0.079216,0.123232,0.083177,0.130565,0.087804,0.130565,0.087804,0,5.004559,0.130565,0.115899,0.090510,0.075843,0.565411,0.525411,0.311127,0.223013,0.765102,1
1772480725,644458958,-0.103070,-2.294473,2.822965,-1.334341,-0.437821,-0.776725,1,0.148601,0.567449,0.157343,0.539804,0.164522,0.519804,0.164522,0.519804,0.122876,0.083569,0.130565,0.087804,0.137899,0.089731,0.137899,0.089731,0,4.612581,0.137899,0.123232,0.095137,0.080471,0.559804,0.519804,0.311127,0.236014,0.744053,1
1772480725,669488430,-0.106935,-2.295779,2.836328,-1.330482,-0.437865,-0.763465,1,0.169946,0.564923,0.164522,0.519804,0.172438,0.512605,0.172438,0.512605,0.142457,0.092670,0.137899,0.089731,0.145232,0.092965,0.145232,0.092965,0,4.369193,0.145232,0.130565,0.097064,0.082397,0.539804,0.499804,0.311127,0.246783,0.733611,1
1772480725,694546292,-0.111156,-2.296530,2.849716,-1.328621,-0.433032,-0.751343,1,0.164741,0.516834,0.172438,0.512605,0.178496,0.501637,0.178496,0.501637,0.137878,0.090162,0.145232,0.092965,0.152565,0.092653,0.152565,0.092653,0,4.013638,0.152565,0.137899,0.100298,0.085632,0.532605,0.492605,0.311127,0.258657,0.726918,1
1772480725,744540471,-0.118621,-2.298484,2.875557,-1.321063,-0.434591,-0.725503,1,0.172627,0.511078,0.178496,0.501637,0.185470,0.487543,0.185470,0.487543,0.144930,0.093783,0.152565,0.092653,0.159899,0.093977,0.159899,0.093977,0,3.784927,0.159899,0.145232,0.099986,0.085320,0.521637,0.481637,0.311127,0.267744,0.703815,1
1772480725,769612336,-0.122977,-2.300016,2.888052,-1.316479,-0.435150,-0.713008,1,0.190730,0.531611,0.185470,0.487543,0.193502,0.483933,0.193502,0.483933,0.164061,0.097271,0.159899,0.093977,0.167232,0.097347,0.167232,0.097347,0,3.616626,0.167232,0.152565,0.101310,0.086644,0.507543,0.467543,0.311127,0.278205,0.695769,1
1772480725,794651845,-0.126311,-2.302114,2.900930,-1.312561,-0.434748,-0.700129,1,0.185599,0.492273,0.193502,0.483933,0.201122,0.476132,0.201122,0.476132,0.159693,0.094578,0.167232,0.097347,0.174565,0.099886,0.174565,0.099886,0,3.422137,0.174565,0.159899,0.104681,0.090014,0.503933,0.463933,0.311127,0.290253,0.687137,1
1772480725,844764758,-0.135174,-2.303497,2.926155,-1.308866,-0.439288,-0.677899,1,0.193354,0.481919,0.201122,0.476132,0.209479,0.463185,0.209479,0.463185,0.166799,0.097794,0.174565,0.099886,0.181899,0.103896,0.181899,0.103896,0,3.288031,0.181899,0.167232,0.107219,0.092553,0.496132,0.456132,0.311127,0.301684,0.667062,1
1772480725,869725918,-0.140399,-2.306305,2.937059,-1.302938,-0.439107,-0.666995,1,0.208365,0.480346,0.209479,0.463185,0.217224,0.455891,0.217224,0.455891,0.180466,0.104154,0.181899,0.103896,0.189232,0.106665,0.189232,0.106665,0,3.125451,0.189232,0.174565,0.111229,0.096562,0.483185,0.443185,0.311127,0.314218,0.659456,1
1772480725,894779187,-0.145293,-2.308950,2.948703,-1.297377,-0.438923,-0.655351,1,0.206977,0.457976,0.217224,0.455891,0.224755,0.449320,0.224755,0.449320,0.179589,0.102896,0.189232,0.106665,0.196565,0.108980,0.196565,0.108980,0,2.976266,0.196565,0.181899,0.113998,0.099332,0.475891,0.435891,0.311127,0.325835,0.651396,1
1772480725,944861346,-0.155618,-2.312988,2.971160,-1.286229,-0.440140,-0.632799,1,0.216927,0.450643,0.224755,0.449320,0.230983,0.442058,0.230983,0.442058,0.188495,0.107365,0.196565,0.108980,0.203899,0.108529,0.203899,0.108529,0,2.847614,0.203899,0.189232,0.116314,0.101647,0.469320,0.429320,0.311127,0.330000,0.631558,1
1772480725,969875510,-0.161347,-2.314519,2.982342,-1.279094,-0.444116,-0.620441,1,0.228056,0.400248,0.230983,0.442058,0.239260,0.448939,0.239260,0.448939,0.201760,0.106313,0.203899,0.108529,0.211232,0.112367,0.211232,0.112367,0,2.846332,0.211232,0.196565,0.115862,0.101195,0.462058,0.422058,0.311127,0.330000,0.619200,1
1772480725,994881892,-0.165818,-2.316987,2.993111,-1.273991,-0.443895,-0.609673,1,0.228966,0.421933,0.239260,0.448939,0.246083,0.454852,0.246083,0.454852,0.201922,0.107948,0.211232,0.112367,0.218565,0.113074,0.218565,0.113074,0,2.784838,0.218565,0.203899,0.119700,0.105034,0.468939,0.428939,0.311127,0.330000,0.609963,1
1772480726,44904597,-0.177001,-2.318703,3.013980,-1.263254,-0.447458,-0.588659,1,0.237216,0.403031,0.246083,0.454852,0.246420,0.440889,0.246420,0.440889,0.211256,0.107901,0.218565,0.113074,0.220000,0.111008,0.220000,0.111008,0,2.730198,0.220000,0.211232,0.120408,0.105741,0.474852,0.434852,0.311127,0.330000,0.590429,1
1772480726,69980244,-0.182227,-2.322221,3.024567,-1.257597,-0.448359,-0.576028,1,0.240655,0.404559,0.246420,0.440889,0.245212,0.430165,0.245212,0.430165,0.214842,0.108434,0.220000,0.111008,0.220000,0.108301,0.220000,0.108301,0,2.676735,0.220000,0.212667,0.118341,0.103675,0.460889,0.420889,0.311127,0.330000,0.578904,1
1772480726,94939525,-0.186994,-2.323730,3.035238,-1.252655,-0.449119,-0.565356,1,0.241549,0.406939,0.245212,0.430165,0.244221,0.420528,0.244221,0.420528,0.215796,0.108527,0.220000,0.108301,0.220000,0.106036,0.220000,0.106036,0,2.631411,0.220000,0.212667,0.115634,0.100967,0.450165,0.410165,0.311127,0.330000,0.568233,1
1772480726,145022356,-0.199923,-2.328424,3.055268,-1.238962,-0.451080,-0.545106,1,0.244480,0.403577,0.244221,0.420528,0.242592,0.404608,0.242592,0.404608,0.219962,0.106712,0.220000,0.106036,0.220000,0.102230,0.220000,0.102230,0,2.553972,0.220000,0.212667,0.113370,0.098703,0.440528,0.400528,0.311127,0.330000,0.550392,1
1772480726,170043605,-0.205749,-2.331975,3.065222,-1.231805,-0.457421,-0.531669,1,0.247140,0.414643,0.242592,0.404608,0.243273,0.395839,0.243273,0.395839,0.223783,0.104877,0.220000,0.102230,0.220000,0.103835,0.220000,0.103835,0,2.586826,0.220000,0.212667,0.109563,0.094896,0.424608,0.384608,0.311127,0.330000,0.536955,1
1772480726,195092823,-0.210476,-2.334112,3.075522,-1.226621,-0.457580,-0.521368,1,0.241244,0.394111,0.243273,0.395839,0.242173,0.387316,0.242173,0.387316,0.218873,0.101455,0.220000,0.103835,0.220000,0.101230,0.220000,0.101230,0,2.533383,0.220000,0.212667,0.111169,0.096502,0.415839,0.375839,0.311127,0.330000,0.527782,1
1772480726,245103205,-0.221622,-2.337562,3.097083,-1.215021,-0.459506,-0.500038,1,0.242171,0.377273,0.242173,0.387316,0.240514,0.369749,0.240514,0.369749,0.220047,0.101123,0.220000,0.101230,0.220000,0.097195,0.220000,0.097195,0,2.449173,0.220000,0.212667,0.108563,0.093897,0.407316,0.367316,0.311127,0.330000,0.507319,1
1772480726,270100208,-0.228290,-2.339961,3.106188,-1.206821,-0.462328,-0.494691,1,0.239084,0.361905,0.240514,0.369749,0.240879,0.367181,0.240879,0.367181,0.218982,0.095959,0.220000,0.097195,0.220000,0.098096,0.220000,0.098096,0,2.468122,0.220000,0.212667,0.104528,0.089861,0.389749,0.349749,0.311127,0.330000,0.503031,1
1772480726,295113034,-0.233534,-2.340697,3.116806,-1.201793,-0.463993,-0.484073,1,0.240211,0.363318,0.240879,0.367181,0.240300,0.359329,0.240300,0.359329,0.219467,0.097652,0.220000,0.098096,0.220000,0.096665,0.220000,0.096665,0,2.437985,0.220000,0.212667,0.105429,0.090762,0.387181,0.347181,0.311127,0.330000,0.493460,1
1772480726,345182604,-0.244712,-2.348052,3.135222,-1.188487,-0.462132,-0.465424,1,0.240600,0.351787,0.240300,0.359329,0.237867,0.342801,0.237867,0.342801,0.220371,0.096566,0.220000,0.096665,0.220000,0.090446,0.220000,0.090446,0,2.304479,0.220000,0.212667,0.103998,0.089332,0.379329,0.339329,0.311127,0.330000,0.475579,1
1772480726,370208222,-0.250445,-2.350912,-3.139263,-1.181617,-0.457950,-0.452397,1,0.237815,0.328284,0.237867,0.342801,0.235471,0.330633,0.235471,0.330633,0.220033,0.090230,0.220000,0.090446,0.220000,0.083943,0.220000,0.083943,0,2.160544,0.220000,0.212667,0.097779,0.083113,0.362801,0.322801,0.311127,0.330000,0.463365,1
1772480726,395176947,-0.255709,-2.352376,-3.130012,-1.176245,-0.458946,-0.443145,1,0.237923,0.340001,0.235471,0.330633,0.234933,0.323291,0.234933,0.323291,0.220213,0.090076,0.220000,0.083943,0.220000,0.082423,0.220000,0.082423,0,2.126273,0.220000,0.212667,0.091276,0.076610,0.350633,0.310633,0.311127,0.330000,0.454113,1
1772480726,445220501,-0.266896,-2.357348,-3.112825,-1.163909,-0.459354,-0.426092,1,0.234518,0.313898,0.234933,0.323291,0.233613,0.310034,0.233613,0.310034,0.219695,0.082052,0.220000,0.082423,0.220000,0.078582,0.220000,0.078582,0,2.038648,0.220000,0.212667,0.089756,0.075089,0.343291,0.303291,0.311127,0.330000,0.437951,1
1772480726,470265169,-0.272813,-2.359146,-3.104460,-1.155700,-0.459527,-0.420487,1,0.233133,0.310450,0.233613,0.310034,0.233218,0.306060,0.233218,0.306060,0.219542,0.078436,0.220000,0.078582,0.220000,0.077400,0.220000,0.077400,0,2.011393,0.220000,0.212667,0.085915,0.071249,0.330034,0.290034,0.311127,0.330000,0.433070,1
1772480726,495257815,-0.278727,-2.362359,-3.096162,-1.148975,-0.459258,-0.412190,1,0.234363,0.305249,0.233218,0.306060,0.232503,0.299714,0.232503,0.299714,0.220731,0.078765,0.220000,0.077400,0.220000,0.075217,0.220000,0.075217,0,1.960673,0.220000,0.212667,0.084734,0.070067,0.326060,0.286060,0.311127,0.330000,0.425395,1
1772480726,545286186,-0.288635,-2.365943,-3.079961,-1.138415,-0.460531,-0.396215,1,0.232421,0.283298,0.232503,0.299714,0.231594,0.287855,0.231594,0.287855,0.219863,0.075365,0.220000,0.075217,0.220000,0.072359,0.220000,0.072359,0,1.893565,0.220000,0.212667,0.082551,0.067884,0.319714,0.279714,0.311127,0.330000,0.410167,1
1772480726,570293869,-0.294894,-2.366707,-3.071719,-1.130378,-0.465323,-0.393437,1,0.231851,0.278741,0.231594,0.287855,0.232539,0.287531,0.232539,0.287531,0.220433,0.071864,0.220000,0.072359,0.220000,0.075329,0.220000,0.075329,0,1.963282,0.220000,0.212667,0.079692,0.065026,0.307855,0.267855,0.311127,0.330000,0.408040,1
1772480726,595303819,-0.300041,-2.371494,-3.064840,-1.123634,-0.463340,-0.386558,1,0.231349,0.289480,0.232539,0.287531,0.231558,0.281823,0.231558,0.281823,0.219674,0.072563,0.220000,0.075329,0.220000,0.072243,0.220000,0.072243,0,1.890823,0.220000,0.212667,0.082662,0.067996,0.307531,0.267531,0.311127,0.330000,0.401634,1
1772480726,645280703,-0.311717,-2.375281,-3.049147,-1.111448,-0.465307,-0.370983,1,0.231221,0.266216,0.231558,0.281823,0.230882,0.270532,0.230882,0.270532,0.219895,0.071479,0.220000,0.072243,0.220000,0.070046,0.220000,0.070046,0,1.838693,0.220000,0.212667,0.079576,0.064909,0.301823,0.261823,0.311127,0.330000,0.386672,1
1772480726,670344929,-0.316477,-2.377759,-3.042614,-1.104677,-0.469283,-0.367928,1,0.230842,0.275873,0.230882,0.270532,0.231581,0.269601,0.231581,0.269601,0.219869,0.070326,0.220000,0.070046,0.220000,0.072316,0.220000,0.072316,0,1.892542,0.220000,0.212667,0.077379,0.062713,0.290532,0.250532,0.311127,0.330000,0.384179,1
1772480726,695313104,-0.322476,-2.379723,-3.035575,-1.098436,-0.470229,-0.360889,1,0.231811,0.270119,0.231581,0.269601,0.231289,0.264328,0.231289,0.264328,0.220102,0.072741,0.220000,0.072316,0.220000,0.071375,0.220000,0.071375,0,1.870291,0.220000,0.212667,0.079649,0.064982,0.289601,0.249601,0.311127,0.330000,0.377140,1
1772480726,745334764,-0.332538,-2.385431,-3.021544,-1.086915,-0.469692,-0.346939,1,0.231400,0.261977,0.231289,0.264328,0.230194,0.253601,0.230194,0.253601,0.220105,0.071410,0.220000,0.071375,0.220000,0.067743,0.220000,0.067743,0,1.783565,0.220000,0.212667,0.078709,0.064042,0.284328,0.244328,0.311127,0.330000,0.363556,1
1772480726,770329435,-0.337849,-2.388137,-3.014638,-1.081971,-0.470618,-0.342519,1,0.230112,0.254755,0.230194,0.253601,0.230098,0.250744,0.230098,0.250744,0.220028,0.067371,0.220000,0.067743,0.220000,0.067417,0.220000,0.067417,0,1.775702,0.220000,0.212667,0.075077,0.060410,0.273601,0.233601,0.311127,0.330000,0.359610,1
1772480726,795392474,-0.343268,-2.390491,-3.007828,-1.076073,-0.470970,-0.335708,1,0.231050,0.242482,0.230098,0.250744,0.229718,0.245900,0.229718,0.245900,0.220956,0.067547,0.220000,0.067417,0.220000,0.066109,0.220000,0.066109,0,1.744147,0.220000,0.212667,0.074750,0.060083,0.270744,0.230744,0.311127,0.330000,0.353245,1
1772480726,845338528,-0.353047,-2.394625,-2.995104,-1.065482,-0.471707,-0.322985,1,0.229846,0.255658,0.229718,0.245900,0.229046,0.236550,0.229046,0.236550,0.219781,0.067272,0.220000,0.066109,0.220000,0.063735,0.220000,0.063735,0,1.686452,0.220000,0.212667,0.073443,0.058776,0.265900,0.225900,0.311127,0.330000,0.340811,1
1772480726,870386943,-0.359055,-2.398273,-2.988759,-1.058367,-0.471122,-0.316644,1,0.228985,0.250916,0.229046,0.236550,0.228541,0.231636,0.228541,0.231636,0.219241,0.066089,0.220000,0.063735,0.220000,0.061895,0.220000,0.061895,0,1.641364,0.220000,0.212667,0.071069,0.056402,0.256550,0.216550,0.311127,0.330000,0.334470,1
1772480726,895362871,-0.363570,-2.400674,-2.981983,-1.049335,-0.469115,-0.310027,1,0.229509,0.235227,0.228541,0.231636,0.227775,0.226533,0.227775,0.226533,0.220520,0.063604,0.220000,0.061895,0.220000,0.059004,0.220000,0.059004,0,1.569971,0.220000,0.212667,0.069228,0.054561,0.251636,0.211636,0.311127,0.330000,0.328201,1
1772480726,945401301,-0.374340,-2.406083,-2.971041,-1.037283,-0.469167,-0.299085,1,0.228783,0.231483,0.227775,0.226533,0.227170,0.218772,0.227170,0.218772,0.220245,0.061917,0.220000,0.059004,0.220000,0.056625,0.220000,0.056625,0,1.510676,0.220000,0.212667,0.066337,0.051671,0.246533,0.206533,0.311127,0.330000,0.317800,1
1772480726,970394849,-0.379077,-2.408381,-2.964452,-1.032019,-0.469261,-0.292496,1,0.227376,0.226393,0.227170,0.218772,0.226824,0.213909,0.226824,0.213909,0.219709,0.058547,0.220000,0.056625,0.220000,0.055218,0.220000,0.055218,0,1.475399,0.220000,0.212667,0.063958,0.049291,0.238772,0.198772,0.311127,0.330000,0.311211,1
1772480726,995425590,-0.383748,-2.410001,-2.958109,-1.027171,-0.469876,-0.286120,1,0.226887,0.209266,0.226824,0.213909,0.226585,0.209466,0.226585,0.209466,0.219950,0.055674,0.220000,0.055218,0.220000,0.054229,0.220000,0.054229,0,1.450493,0.220000,0.212667,0.062552,0.047885,0.233909,0.193909,0.311127,0.330000,0.305068,1
1772480727,45428615,-0.393417,-2.415041,-2.946208,-1.018584,-0.467305,-0.272701,1,0.227147,0.213286,0.226585,0.209466,0.225481,0.199277,0.225481,0.199277,0.220424,0.054855,0.220000,0.054229,0.220000,0.049414,0.220000,0.049414,0,1.328178,0.220000,0.212667,0.061562,0.046896,0.229466,0.189466,0.311127,0.330000,0.291649,1
1772480727,70436362,-0.398587,-2.418270,-2.940435,-1.012513,-0.466756,-0.266928,1,0.226412,0.217243,0.225481,0.199277,0.225128,0.195173,0.225128,0.195173,0.219727,0.054611,0.220000,0.049414,0.220000,0.047778,0.220000,0.047778,0,1.286222,0.220000,0.212667,0.056747,0.042081,0.219277,0.179277,0.311127,0.330000,0.286091,1
1772480727,95431691,-0.402044,-2.419790,-2.934832,-1.008742,-0.466959,-0.261325,1,0.226169,0.174522,0.225128,0.195173,0.224898,0.191155,0.224898,0.191155,0.220983,0.048154,0.220000,0.047778,0.220000,0.046681,0.220000,0.046681,0,1.257978,0.220000,0.212667,0.055112,0.040445,0.215173,0.175173,0.311127,0.330000,0.280488,1
1772480727,145461513,-0.412776,-2.426477,-2.924166,-0.994857,-0.466773,-0.251699,1,0.225408,0.199168,0.224898,0.191155,0.224461,0.184415,0.224461,0.184415,0.220381,0.047340,0.220000,0.046681,0.220000,0.044530,0.220000,0.044530,0,1.202329,0.220000,0.212667,0.054015,0.039348,0.211155,0.171155,0.311127,0.330000,0.271124,1
1772480727,170457491,-0.418130,-2.426676,-2.917763,-0.989991,-0.469017,-0.245297,1,0.224614,0.194339,0.224461,0.184415,0.224493,0.180085,0.224493,0.180085,0.219717,0.046646,0.220000,0.044530,0.220000,0.044689,0.220000,0.044689,0,1.206464,0.220000,0.212667,0.051863,0.037196,0.204415,0.164415,0.311127,0.330000,0.264721,1
1772480727,195443099,-0.423308,-2.429279,-2.912814,-0.984196,-0.469036,-0.240347,1,0.223976,0.173089,0.224493,0.180085,0.224288,0.176627,0.224288,0.176627,0.219708,0.043516,0.220000,0.044689,0.220000,0.043648,0.220000,0.043648,0,1.179435,0.220000,0.212667,0.052022,0.037356,0.200085,0.160085,0.311127,0.330000,0.259875,1
1772480727,245475497,-0.434108,-2.435997,-2.902958,-0.971519,-0.467966,-0.230531,1,0.224257,0.182049,0.224288,0.176627,0.223758,0.169588,0.223758,0.169588,0.219836,0.044310,0.220000,0.043648,0.220000,0.040839,0.220000,0.040839,0,1.106146,0.220000,0.212667,0.050981,0.036315,0.196627,0.156627,0.311127,0.330000,0.250109,1
1772480727,270435349,-0.438802,-2.436825,-2.897303,-0.966504,-0.471969,-0.227429,1,0.224350,0.182228,0.223758,0.169588,0.224157,0.167803,0.224157,0.167803,0.220076,0.043586,0.220000,0.040839,0.220000,0.042970,0.220000,0.042970,0,1.161792,0.220000,0.212667,0.048172,0.033506,0.189588,0.149588,0.311127,0.330000,0.247036,1
1772480727,295446951,-0.443755,-2.439666,-2.892661,-0.960801,-0.471689,-0.222787,1,0.224258,0.153710,0.224157,0.167803,0.223935,0.164486,0.223935,0.164486,0.220649,0.040074,0.220000,0.042970,0.220000,0.041794,0.220000,0.041794,0,1.131125,0.220000,0.212667,0.050303,0.035637,0.187803,0.147803,0.311127,0.330000,0.242394,1
1772480727,345510736,-0.454222,-2.445374,-2.884566,-0.948884,-0.471361,-0.214692,1,0.224554,0.165268,0.223935,0.164486,0.223587,0.158718,0.223587,0.158718,0.220400,0.042990,0.220000,0.041794,0.220000,0.039887,0.220000,0.039887,0,1.081193,0.220000,0.212667,0.049128,0.034461,0.184486,0.144486,0.311127,0.330000,0.234258,1
1772480727,370542626,-0.459086,-2.445771,-2.879996,-0.944371,-0.473218,-0.210122,1,0.223347,0.168922,0.223587,0.158718,0.223641,0.155659,0.223641,0.155659,0.219425,0.041672,0.220000,0.039887,0.220000,0.040190,0.220000,0.040190,0,1.089128,0.220000,0.212667,0.047220,0.032554,0.178718,0.138718,0.311127,0.330000,0.229688,1
1772480727,395585523,-0.464590,-2.448840,-2.876479,-0.938112,-0.472986,-0.206582,1,0.223727,0.138375,0.223641,0.155659,0.223484,0.153107,0.223484,0.153107,0.220276,0.039146,0.220000,0.040190,0.220000,0.039310,0.220000,0.039310,0,1.066038,0.220000,0.212667,0.047523,0.032856,0.175659,0.135659,0.311127,0.330000,0.226080,1
1772480727,445631087,-0.474175,-2.453574,-2.866732,-0.929851,-0.473170,-0.195494,1,0.222924,0.151918,0.223484,0.153107,0.223095,0.145266,0.223095,0.145266,0.219327,0.039883,0.220000,0.039310,0.220000,0.037035,0.220000,0.037035,0,1.006089,0.220000,0.212667,0.046643,0.031977,0.173107,0.133107,0.311127,0.330000,0.214876,1
1772480727,470655743,-0.478372,-2.456796,-2.863386,-0.924650,-0.472200,-0.192149,1,0.223584,0.149776,0.223095,0.145266,0.222875,0.142863,0.222875,0.142863,0.220177,0.038884,0.220000,0.037035,0.220000,0.035683,0.220000,0.035683,0,0.970320,0.220000,0.212667,0.044368,0.029702,0.165266,0.125266,0.311127,0.330000,0.211530,1
1772480727,495701808,-0.485104,-2.459641,-2.859191,-0.917359,-0.472716,-0.187953,1,0.223357,0.138538,0.222875,0.142863,0.222796,0.139897,0.222796,0.139897,0.220272,0.037000,0.220000,0.035683,0.220000,0.035186,0.220000,0.035186,0,0.957145,0.220000,0.212667,0.043016,0.028350,0.162863,0.122863,0.311127,0.330000,0.207211,1
1772480727,545786446,-0.494702,-2.465557,-2.852044,-0.906121,-0.471791,-0.180806,1,0.223126,0.150366,0.222796,0.139897,0.222475,0.134767,0.222475,0.134767,0.220192,0.036067,0.220000,0.035186,0.220000,0.033092,0.220000,0.033092,0,0.901479,0.220000,0.212667,0.042519,0.027853,0.159897,0.119897,0.311127,0.330000,0.199902,1
1772480727,570869012,-0.499970,-2.467420,-2.847628,-0.900699,-0.472654,-0.176351,1,0.222348,0.144735,0.222475,0.134767,0.222424,0.131581,0.222424,0.131581,0.219619,0.034728,0.220000,0.033092,0.220000,0.032750,0.220000,0.032750,0,0.892359,0.220000,0.212667,0.040425,0.025758,0.154767,0.114767,0.311127,0.330000,0.195220,1
1772480727,595832425,-0.504406,-2.468839,-2.843620,-0.901058,-0.479185,-0.170674,1,0.221924,0.131933,0.222424,0.131581,0.222914,0.128035,0.222914,0.128035,0.219485,0.032811,0.220000,0.032750,0.220000,0.035928,0.220000,0.035928,0,0.976807,0.220000,0.212667,0.040083,0.025416,0.151581,0.111581,0.311127,0.330000,0.189542,1
1772480727,645996756,-0.514065,-2.474326,-2.836063,-0.889962,-0.478653,-0.163116,1,0.222613,0.142443,0.222914,0.128035,0.222612,0.122617,0.222612,0.122617,0.220136,0.033117,0.220000,0.035928,0.220000,0.034003,0.220000,0.034003,0,0.925736,0.220000,0.212667,0.043261,0.028594,0.148035,0.108035,0.311127,0.330000,0.181767,1
1772480727,670960221,-0.519007,-2.475992,-2.832057,-0.884800,-0.479399,-0.159110,1,0.223148,0.119139,0.222612,0.122617,0.222562,0.119888,0.222562,0.119888,0.220324,0.035389,0.220000,0.034003,0.220000,0.033676,0.220000,0.033676,0,0.917028,0.220000,0.212667,0.041337,0.026670,0.142617,0.102617,0.311127,0.330000,0.177761,1
1772480727,695977981,-0.525253,-2.479506,-2.828912,-0.877641,-0.479084,-0.155965,1,0.222170,0.129299,0.222562,0.119888,0.222438,0.117530,0.222438,0.117530,0.219620,0.033564,0.220000,0.033676,0.220000,0.032845,0.220000,0.032845,0,0.894892,0.220000,0.212667,0.041009,0.026343,0.139888,0.099888,0.311127,0.330000,0.174362,1
1772480727,746070485,-0.535785,-2.485364,-2.823214,-0.865679,-0.478641,-0.150271,1,0.222446,0.121676,0.222438,0.117530,0.222231,0.113356,0.222231,0.113356,0.219939,0.033302,0.220000,0.032845,0.220000,0.031413,0.220000,0.031413,0,0.856674,0.220000,0.212667,0.040178,0.025511,0.137530,0.097530,0.311127,0.330000,0.168326,1
1772480727,771038384,-0.540868,-2.488819,-2.820841,-0.862259,-0.478673,-0.148016,1,0.222849,0.123693,0.222231,0.113356,0.222169,0.111590,0.222169,0.111590,0.220386,0.033039,0.220000,0.031413,0.220000,0.030971,0.220000,0.030971,0,0.844861,0.220000,0.212667,0.038746,0.024079,0.133356,0.093356,0.311127,0.330000,0.165751,1
1772480727,796066052,-0.544990,-2.491595,-2.818593,-0.857327,-0.478059,-0.145769,1,0.222192,0.119032,0.222169,0.111590,0.222051,0.110018,0.222051,0.110018,0.219914,0.031737,0.220000,0.030971,0.220000,0.030109,0.220000,0.030109,0,0.821794,0.220000,0.212667,0.038304,0.023638,0.131590,0.091590,0.311127,0.330000,0.163503,1
1772480727,846177533,-0.554681,-2.494940,-2.811002,-0.847170,-0.479453,-0.138178,1,0.222260,0.106524,0.222051,0.110018,0.221966,0.104641,0.221966,0.104641,0.220213,0.030094,0.220000,0.030109,0.220000,0.029477,0.220000,0.029477,0,0.804856,0.220000,0.212667,0.037443,0.022776,0.130018,0.090018,0.311127,0.330000,0.155571,1
1772480727,871235285,-0.559657,-2.498490,-2.808562,-0.841127,-0.478534,-0.135738,1,0.221868,0.111159,0.221966,0.104641,0.221823,0.102624,0.221823,0.102624,0.219810,0.030147,0.220000,0.029477,0.220000,0.028379,0.220000,0.028379,0,0.775371,0.220000,0.212667,0.036811,0.022144,0.124641,0.084641,0.311127,0.330000,0.152671,1
1772480727,896249095,-0.563956,-2.500636,-2.805464,-0.836322,-0.478561,-0.132640,1,0.222912,0.101601,0.221823,0.102624,0.221745,0.100506,0.221745,0.100506,0.220956,0.029465,0.220000,0.028379,0.220000,0.027761,0.220000,0.027761,0,0.758749,0.220000,0.212667,0.035713,0.021046,0.122624,0.082624,0.311127,0.330000,0.149573,1
1772480727,946276894,-0.575486,-2.505233,-2.799700,-0.823943,-0.479573,-0.126736,1,0.221519,0.105285,0.221745,0.100506,0.221683,0.095935,0.221683,0.095935,0.219712,0.028236,0.220000,0.027761,0.220000,0.027268,0.220000,0.027268,0,0.745471,0.220000,0.212667,0.035094,0.020428,0.120506,0.080506,0.311127,0.330000,0.142810,1
1772480727,971358811,-0.579434,-2.509104,-2.797903,-0.818246,-0.475248,-0.121093,1,0.221465,0.098903,0.221683,0.095935,0.221215,0.091950,0.221215,0.091950,0.219724,0.027712,0.220000,0.027268,0.220000,0.023150,0.220000,0.023150,0,0.634248,0.220000,0.212667,0.034601,0.019934,0.115935,0.075935,0.311127,0.330000,0.137167,1
1772480727,996360848,-0.583401,-2.512622,-2.794996,-0.813123,-0.473881,-0.118186,1,0.221718,0.101065,0.221215,0.091950,0.221062,0.089547,0.221062,0.089547,0.220000,0.027554,0.220000,0.023150,0.220000,0.021639,0.220000,0.021639,0,0.593253,0.220000,0.212667,0.030484,0.015817,0.111950,0.071950,0.311127,0.330000,0.133675,1
1772480728,46380834,-0.593616,-2.516476,-2.789391,-0.802264,-0.475015,-0.112581,1,0.220860,0.091790,0.221062,0.089547,0.221026,0.085393,0.221026,0.085393,0.219700,0.022608,0.220000,0.021639,0.220000,0.021272,0.220000,0.021272,0,0.583278,0.220000,0.212667,0.028972,0.014306,0.109547,0.069547,0.311127,0.330000,0.127495,1
1772480728,71434618,-0.598530,-2.518494,-2.787218,-0.796967,-0.475414,-0.110408,1,0.221585,0.094643,0.221026,0.085393,0.221011,0.083932,0.221011,0.083932,0.220505,0.021846,0.220000,0.021272,0.220000,0.021112,0.220000,0.021112,0,0.578935,0.220000,0.212667,0.028605,0.013938,0.105393,0.065393,0.311127,0.330000,0.125322,1
1772480728,96475364,-0.603633,-2.519609,-2.783400,-0.791906,-0.476705,-0.106590,1,0.221096,0.088054,0.221011,0.083932,0.221018,0.081049,0.221018,0.081049,0.220090,0.021064,0.220000,0.021112,0.220000,0.021184,0.220000,0.021184,0,0.580881,0.220000,0.212667,0.028445,0.013779,0.103932,0.063932,0.311127,0.330000,0.121014,1
1772480728,146540595,-0.613059,-2.525701,-2.778463,-0.780749,-0.475484,-0.101653,1,0.220894,0.086928,0.221018,0.081049,0.220852,0.077205,0.220852,0.077205,0.219882,0.021123,0.220000,0.021184,0.220000,0.019375,0.220000,0.019375,0,0.531699,0.220000,0.212667,0.028517,0.013850,0.101049,0.061049,0.311127,0.330000,0.115362,1
1772480728,171504813,-0.618325,-2.527171,-2.775366,-0.775435,-0.476684,-0.098476,1,0.221037,0.075261,0.220852,0.077205,0.220865,0.074587,0.220865,0.074587,0.220042,0.020949,0.220000,0.019375,0.220000,0.019528,0.220000,0.019528,0,0.535855,0.220000,0.212667,0.026709,0.012042,0.097205,0.057205,0.311127,0.330000,0.111443,1
1772480728,196584727,-0.624344,-2.530782,-2.773581,-0.769644,-0.479689,-0.094871,1,0.220307,0.075482,0.220865,0.074587,0.220981,0.072212,0.220981,0.072212,0.219332,0.020701,0.220000,0.019528,0.220000,0.020799,0.220000,0.020799,0,0.570445,0.220000,0.212667,0.026861,0.012195,0.094587,0.054587,0.311127,0.330000,0.107837,1
1772480728,246590524,-0.633432,-2.534094,-2.770730,-0.760033,-0.480782,-0.092020,1,0.221984,0.082220,0.220981,0.072212,0.220999,0.069921,0.220999,0.069921,0.220980,0.021089,0.220000,0.020799,0.220000,0.020986,0.220000,0.020986,0,0.575504,0.220000,0.212667,0.028133,0.013466,0.092212,0.052212,0.311127,0.330000,0.104407,1
1772480728,271630202,-0.638385,-2.537063,-2.768534,-0.754276,-0.480338,-0.089824,1,0.221000,0.066321,0.220999,0.069921,0.220930,0.067881,0.220930,0.067881,0.220097,0.019958,0.220000,0.020986,0.220000,0.020248,0.220000,0.020248,0,0.555445,0.220000,0.212667,0.028319,0.013652,0.089921,0.049921,0.311127,0.330000,0.101392,1
1772480728,296688088,-0.643546,-2.540584,-2.766615,-0.748086,-0.479492,-0.087905,1,0.221194,0.063344,0.220930,0.067881,0.220845,0.066570,0.220845,0.066570,0.220223,0.020704,0.220000,0.020248,0.220000,0.019303,0.220000,0.019303,0,0.529740,0.220000,0.212667,0.027581,0.012915,0.087881,0.047881,0.311127,0.330000,0.099473,1
1772480728,346727753,-0.653334,-2.545865,-2.762498,-0.736970,-0.479137,-0.083788,1,0.220797,0.075934,0.220845,0.066570,0.220755,0.062685,0.220755,0.062685,0.219842,0.020512,0.220000,0.019303,0.220000,0.018236,0.220000,0.018236,0,0.500658,0.220000,0.212667,0.026637,0.011970,0.086570,0.046570,0.311127,0.330000,0.093705,1
1772480728,371725404,-0.657230,-2.547262,-2.760922,-0.732860,-0.479626,-0.082212,1,0.220343,0.070300,0.220755,0.062685,0.220755,0.061630,0.220755,0.061630,0.219491,0.019358,0.220000,0.018236,0.220000,0.018244,0.220000,0.018244,0,0.500862,0.220000,0.212667,0.025570,0.010903,0.082685,0.042685,0.311127,0.330000,0.092129,1
1772480728,396736464,-0.661729,-2.549588,-2.759331,-0.727796,-0.479554,-0.080621,1,0.220630,0.070422,0.220755,0.061630,0.220725,0.060558,0.220725,0.060558,0.219857,0.018450,0.220000,0.018244,0.220000,0.017878,0.220000,0.017878,0,0.490884,0.220000,0.212667,0.025577,0.010910,0.081630,0.041630,0.311127,0.330000,0.090538,1
1772480728,446833499,-0.672527,-2.555267,-2.756112,-0.718740,-0.477216,-0.073493,1,0.220572,0.060915,0.220725,0.060558,0.220497,0.055149,0.220497,0.055149,0.219830,0.018072,0.220000,0.017878,0.220000,0.014792,0.220000,0.014792,0,0.406572,0.220000,0.212667,0.025211,0.010545,0.080558,0.040558,0.311127,0.330000,0.082537,1
1772480728,471833893,-0.677156,-2.557760,-2.753838,-0.713486,-0.477032,-0.071218,1,0.220888,0.063548,0.220497,0.055149,0.220458,0.052907,0.220458,0.052907,0.220162,0.017901,0.220000,0.014792,0.220000,0.014196,0.220000,0.014196,0,0.390275,0.220000,0.212667,0.022125,0.007459,0.075149,0.035149,0.311127,0.330000,0.079196,1
1772480728,496861274,-0.682176,-2.559952,-2.752474,-0.708014,-0.477291,-0.069854,1,0.220851,0.055142,0.220458,0.052907,0.220451,0.051338,0.220451,0.051338,0.220383,0.014371,0.220000,0.014196,0.220000,0.014100,0.220000,0.014100,0,0.387623,0.220000,0.212667,0.021530,0.006863,0.072907,0.032907,0.311127,0.330000,0.076850,1
1772480728,546885252,-0.691838,-2.565855,-2.750181,-0.696738,-0.476280,-0.067561,1,0.220172,0.047130,0.220451,0.051338,0.220382,0.049197,0.220382,0.049197,0.219710,0.014252,0.220000,0.014100,0.220000,0.012972,0.220000,0.012972,0,0.356723,0.220000,0.212667,0.021433,0.006766,0.071338,0.031338,0.311127,0.330000,0.073667,1
1772480728,571945891,-0.696994,-2.567576,-2.748667,-0.691352,-0.477021,-0.066048,1,0.220004,0.050614,0.220382,0.049197,0.220393,0.048188,0.220393,0.048188,0.219573,0.013773,0.220000,0.012972,0.220000,0.013157,0.220000,0.013157,0,0.361800,0.220000,0.212667,0.020305,0.005638,0.069197,0.029197,0.311127,0.330000,0.072153,1
1772480728,596901758,-0.702156,-2.570723,-2.747213,-0.685331,-0.476486,-0.064593,1,0.220351,0.054621,0.220393,0.048188,0.220355,0.046381,0.220355,0.046381,0.219967,0.013003,0.220000,0.013157,0.220000,0.012502,0.220000,0.012502,0,0.343857,0.220000,0.212667,0.020490,0.005823,0.068188,0.028188,0.311127,0.330000,0.069459,1
1772480728,647002760,-0.711758,-2.576306,-2.743847,-0.674248,-0.475735,-0.061227,1,0.220798,0.048850,0.220355,0.046381,0.220290,0.043256,0.220290,0.043256,0.220443,0.012522,0.220000,0.012502,0.220000,0.011294,0.220000,0.011294,0,0.310723,0.220000,0.212667,0.019835,0.005169,0.066381,0.026381,0.311127,0.330000,0.064799,1
1772480728,671997394,-0.716714,-2.578429,-2.742960,-0.668833,-0.476031,-0.060500,1,0.220099,0.039554,0.220290,0.043256,0.220292,0.042070,0.220292,0.042070,0.219804,0.011391,0.220000,0.011294,0.220000,0.011345,0.220000,0.011345,0,0.312131,0.220000,0.212667,0.018627,0.003961,0.063256,0.023256,0.311127,0.330000,0.063022,1
1772480728,697012362,-0.722477,-2.580503,-2.741429,-0.662010,-0.476828,-0.062656,1,0.220102,0.035062,0.220292,0.042070,0.220347,0.043521,0.220347,0.043521,0.219812,0.011288,0.220000,0.011345,0.220000,0.012368,0.220000,0.012368,0,0.340174,0.220000,0.212667,0.018679,0.004012,0.062070,0.022070,0.311127,0.330000,0.065178,1
1772480728,747136374,-0.731829,-2.584778,-2.738579,-0.651733,-0.477178,-0.059806,1,0.220356,0.039919,0.220347,0.043521,0.220326,0.040788,0.220326,0.040788,0.220070,0.011224,0.220000,0.012368,0.220000,0.011988,0.220000,0.011988,0,0.329765,0.220000,0.212667,0.019701,0.005034,0.063521,0.023521,0.311127,0.330000,0.061091,1
1772480728,772121901,-0.736596,-2.589058,-2.737329,-0.645557,-0.475476,-0.058556,1,0.220101,0.035554,0.220326,0.040788,0.220254,0.038935,0.220254,0.038935,0.219798,0.011549,0.220000,0.011988,0.220000,0.010579,0.220000,0.010579,0,0.291103,0.220000,0.212667,0.019322,0.004655,0.060788,0.020788,0.311127,0.330000,0.058335,1
1772480728,797148459,-0.741704,-2.589373,-2.735689,-0.640845,-0.477475,-0.056916,1,0.220577,0.034318,0.220254,0.038935,0.220303,0.037849,0.220303,0.037849,0.220279,0.011459,0.220000,0.010579,0.220000,0.011555,0.220000,0.011555,0,0.317886,0.220000,0.212667,0.017913,0.003246,0.058935,0.018935,0.311127,0.330000,0.056695,1
1772480728,847192629,-0.751267,-2.595634,-2.734413,-0.629493,-0.476142,-0.055640,1,0.219941,0.040163,0.220303,0.037849,0.220244,0.035155,0.220244,0.035155,0.219689,0.010519,0.220000,0.011555,0.220000,0.010374,0.220000,0.010374,0,0.285476,0.220000,0.212667,0.018888,0.004222,0.057849,0.017849,0.311127,0.330000,0.052674,1
1772480728,872240653,-0.756808,-2.597549,-2.733583,-0.623680,-0.476903,-0.054811,1,0.220239,0.028376,0.220244,0.035155,0.220260,0.034604,0.220260,0.034604,0.220006,0.010138,0.220000,0.010374,0.220000,0.010691,0.220000,0.010691,0,0.294169,0.220000,0.212667,0.017708,0.003041,0.055155,0.015155,0.311127,0.330000,0.051844,1
1772480728,897223778,-0.760614,-2.600608,-2.731627,-0.618909,-0.475864,-0.052854,1,0.220168,0.041088,0.220260,0.034604,0.220207,0.032239,0.220207,0.032239,0.219906,0.010734,0.220000,0.010691,0.220000,0.009557,0.220000,0.009557,0,0.263018,0.220000,0.212667,0.018024,0.003358,0.054604,0.014604,0.311127,0.330000,0.048313,1
1772480728,947299501,-0.771293,-2.605746,-2.729414,-0.608795,-0.468837,-0.049388,1,0.220706,0.033064,0.220207,0.032239,0.220038,0.028690,0.220038,0.028690,0.220464,0.010340,0.220000,0.009557,0.220000,0.004075,0.220000,0.004075,0,0.112252,0.220000,0.212667,0.016890,0.002223,0.052239,0.012239,0.311127,0.330000,0.043028,1
1772480728,972283103,-0.777131,-2.608659,-2.728201,-0.602271,-0.468829,-0.048175,1,0.219419,-0.007002,0.220038,0.028690,0.220032,0.027881,0.220032,0.027881,0.219401,0.002826,0.220000,0.004075,0.220000,0.003779,0.220000,0.003779,0,0.104100,0.220000,0.212667,0.011409,-0.003258,0.048690,0.008690,0.311127,0.330000,0.041815,1
1772480728,997345236,-0.781661,-2.609865,-2.726403,-0.597677,-0.469766,-0.046377,1,0.219869,0.017353,0.220032,0.027881,0.220036,0.025547,0.220036,0.025547,0.219833,0.003970,0.220000,0.003779,0.220000,0.003988,0.220000,0.003988,0,0.109834,0.220000,0.212667,0.011113,-0.003554,0.047881,0.007881,0.311127,0.330000,0.038314,1
1772480729,47392568,-0.792195,-2.614396,-2.724330,-0.586228,-0.470401,-0.044304,1,0.219852,0.029060,0.220036,0.025547,0.220034,0.023081,0.220034,0.023081,0.219823,0.003540,0.220000,0.003988,0.220000,0.003894,0.220000,0.003894,0,0.107244,0.220000,0.212667,0.011321,-0.003346,0.045547,0.005547,0.311127,0.330000,0.034617,1
1772480729,72542847,-0.796951,-2.617220,-2.723092,-0.580713,-0.469990,-0.043066,1,0.219872,0.029248,0.220034,0.023081,0.220025,0.021017,0.220025,0.021017,0.219836,0.004011,0.220000,0.003894,0.220000,0.003313,0.220000,0.003313,0,0.091245,0.220000,0.212667,0.011227,-0.003440,0.043081,0.003081,0.311127,0.330000,0.031523,1
1772480729,97407560,-0.802703,-2.620146,-2.721575,-0.574259,-0.469932,-0.041548,1,0.219861,0.026823,0.220025,0.021017,0.220019,0.020005,0.220019,0.020005,0.219834,0.003485,0.220000,0.003313,0.220000,0.002895,0.220000,0.002895,0,0.079739,0.220000,0.212667,0.010646,-0.004021,0.041017,0.001017,0.311127,0.330000,0.030005,1
1772480729,147444069,-0.811788,-2.625373,-2.720004,-0.563797,-0.469298,-0.039978,1,0.220017,0.025900,0.220019,0.020005,0.220009,0.017496,0.220009,0.017496,0.219994,0.003158,0.220000,0.002895,0.220000,0.002041,0.220000,0.002041,0,0.056226,0.220000,0.212667,0.010228,-0.004439,0.040005,0.000005,0.311127,0.330000,0.026242,1
1772480729,172498014,-0.816582,-2.626533,-2.719035,-0.558988,-0.470394,-0.039009,1,0.219971,0.020302,0.220009,0.017496,0.220014,0.015410,0.220014,0.015410,0.219960,0.002170,0.220000,0.002041,0.220000,0.002513,0.220000,0.002513,0,0.069212,0.220000,0.212667,0.009374,-0.005292,0.037496,-0.002504,0.311127,0.330000,0.023114,1
1772480729,197557248,-0.822194,-2.630315,-2.718325,-0.552343,-0.469181,-0.038127,1,0.219928,0.012212,0.220014,0.015410,0.220005,0.013466,0.220005,0.013466,0.219920,0.001808,0.220000,0.002513,0.220000,0.001443,0.220000,0.001443,0,0.039741,0.220000,0.212667,0.009846,-0.004821,0.035410,-0.004590,0.311127,0.330000,0.020199,1
1772480729,247522479,-0.833334,-2.636146,-2.716391,-0.541379,-0.460806,-0.031949,1,0.220448,0.018829,0.220005,0.013466,0.220072,0.007920,0.220072,0.007920,0.220434,0.002464,0.220000,0.001443,0.220000,-0.005628,0.220000,-0.005628,0,-0.155003,0.220000,0.212667,0.008776,-0.005891,0.033466,-0.006534,0.311127,0.330000,0.011876,1
1772480729,272524126,-0.838309,-2.639930,-2.715982,-0.535245,-0.459606,-0.031539,1,0.220653,-0.029853,0.220072,0.007920,0.220099,0.007648,0.220099,0.007648,0.220540,-0.007047,0.220000,-0.005628,0.220000,-0.006597,0.220000,-0.006597,0,-0.181665,0.220000,0.212667,0.001705,-0.012962,0.027920,-0.012080,0.311127,0.330000,0.011466,1
1772480729,297603628,-0.843908,-2.639608,-2.714893,-0.530364,-0.462366,-0.030450,1,0.219920,0.010577,0.220099,0.007648,0.220058,0.005245,0.220058,0.005245,0.219842,-0.005854,0.220000,-0.006597,0.220000,-0.005061,0.220000,-0.005061,0,-0.139378,0.220000,0.212667,0.000736,-0.013931,0.027648,-0.012352,0.311127,0.330000,0.007865,1
1772480729,347641988,-0.852911,-2.645352,-2.714068,-0.519750,-0.461186,-0.029625,1,0.220394,0.002355,0.220058,0.005245,0.220087,0.002837,0.220087,0.002837,0.220331,-0.005290,0.220000,-0.005061,0.220000,-0.006187,0.220000,-0.006187,0,-0.170379,0.220000,0.212667,0.002273,-0.012394,0.025245,-0.014755,0.311127,0.330000,0.004253,1
1772480729,372603917,-0.859399,-2.648112,-2.713001,-0.512709,-0.461573,-0.028558,1,0.220097,0.012475,0.220087,0.002837,0.220090,0.000330,0.220090,0.000330,0.220011,-0.006159,0.220000,-0.006187,0.220000,-0.006279,0.220000,-0.006279,0,-0.172895,0.220000,0.212667,0.001146,-0.013521,0.022837,-0.017163,0.311127,0.330000,0.000494,1
1772480729,397680306,-0.865724,-2.653211,-2.712803,-0.504783,-0.459789,-0.028360,1,0.219891,0.002621,0.220090,0.000330,0.220133,0.000198,0.220133,0.000198,0.219797,-0.006455,0.220000,-0.006279,0.220000,-0.007654,0.220000,-0.007654,0,-0.210739,0.220000,0.212667,0.001055,-0.013612,0.020330,-0.019670,0.311127,0.330000,0.000296,1
1772480729,422732013,-0.871559,-2.654758,-2.711808,-0.498864,-0.460977,-0.027365,1,0.220168,-0.005561,0.220133,0.000198,0.220118,-0.002275,0.220118,-0.002275,0.220019,-0.008122,0.220000,-0.007654,0.220000,-0.007196,0.220000,-0.007196,0,-0.198136,0.220000,0.212667,-0.000321,-0.014988,0.020198,-0.019802,0.311127,0.330000,-0.003410,1
1772480729,472705529,-0.881364,-2.658407,-2.711094,-0.488601,-0.461837,-0.026664,1,0.220835,0.003182,0.220118,-0.002275,0.220111,-0.004659,0.220111,-0.004659,0.220704,-0.007610,0.220000,-0.007196,0.220000,-0.006989,0.220000,-0.006989,0,-0.192435,0.220000,0.212667,0.000137,-0.014530,0.017725,-0.022275,0.311127,0.330000,-0.006985,1
1772480729,497789836,-0.882691,-2.656211,-2.710482,-0.492418,-0.459020,-0.026394,1,0.219838,-0.003208,0.220111,-0.004659,0.220178,-0.004840,0.220178,-0.004840,0.219714,-0.007399,0.220000,-0.006989,0.220000,-0.008846,0.220000,-0.008846,0,-0.243500,0.220000,0.212667,0.000344,-0.014322,0.015341,-0.024659,0.311127,0.330000,-0.007255,1
1772480729,547761166,-0.894193,-2.662401,-2.710909,-0.479365,-0.458547,-0.026820,1,0.219620,-0.009184,0.220178,-0.004840,0.220199,-0.006592,0.220199,-0.006592,0.219421,-0.009344,0.220000,-0.008846,0.220000,-0.009359,0.220000,-0.009359,0,-0.257591,0.220000,0.212667,-0.001513,-0.016180,0.015160,-0.024840,0.311127,0.330000,-0.009879,1
1772480729,572729227,-0.899452,-2.665350,-2.711305,-0.473345,-0.458225,-0.027216,1,0.220487,-0.014612,0.220199,-0.006592,0.220211,-0.008636,0.220211,-0.008636,0.220281,-0.009513,0.220000,-0.009359,0.220000,-0.009631,0.220000,-0.009631,0,-0.265073,0.220000,0.212667,-0.002026,-0.016692,0.013408,-0.026592,0.311127,0.330000,-0.012942,1
1772480729,597792160,-0.905154,-2.667824,-2.711592,-0.467136,-0.458524,-0.027503,1,0.220733,-0.011532,0.220211,-0.008636,0.220206,-0.008445,0.220206,-0.008445,0.220519,-0.009722,0.220000,-0.009631,0.220000,-0.009528,0.220000,-0.009528,0,-0.262222,0.220000,0.212667,-0.002298,-0.016965,0.011364,-0.028636,0.311127,0.330000,-0.012656,1
1772480729,622808013,-0.910417,-2.670693,-2.710995,-0.461147,-0.458274,-0.026906,1,0.219922,-0.017246,0.220206,-0.008445,0.220227,-0.011363,0.220227,-0.011363,0.219705,-0.009766,0.220000,-0.009528,0.220000,-0.009989,0.220000,-0.009989,0,-0.274894,0.220000,0.212667,-0.002194,-0.016861,0.011555,-0.028445,0.311127,0.330000,-0.017027,1
1772480729,672847337,-0.920627,-2.674636,-2.710726,-0.450246,-0.459247,-0.026637,1,0.220167,-0.016660,0.220227,-0.011363,0.220215,-0.014064,0.220215,-0.014064,0.219928,-0.010265,0.220000,-0.009989,0.220000,-0.009718,0.220000,-0.009718,0,-0.267458,0.220000,0.212667,-0.002656,-0.017322,0.008637,-0.031363,0.311127,0.330000,-0.021076,1
1772480729,697821464,-0.925520,-2.678477,-2.711446,-0.444159,-0.457962,-0.027357,1,0.220028,-0.001742,0.220215,-0.014064,0.220256,-0.016199,0.220256,-0.016199,0.219790,-0.010249,0.220000,-0.009718,0.220000,-0.010608,0.220000,-0.010608,0,-0.291885,0.220000,0.212667,-0.002385,-0.017052,0.005936,-0.034064,0.311127,0.330000,-0.024270,1
1772480729,747882966,-0.935775,-2.682736,-2.711657,-0.433019,-0.458774,-0.027572,1,0.220340,-0.031968,0.220256,-0.016199,0.220245,-0.018843,0.220245,-0.018843,0.220043,-0.011437,0.220000,-0.010608,0.220000,-0.010396,0.220000,-0.010396,0,-0.286069,0.220000,0.212667,-0.003274,-0.017941,0.003801,-0.036199,0.311127,0.330000,-0.028233,1
1772480729,772934048,-0.941197,-2.684799,-2.712205,-0.425338,-0.462661,-0.028238,1,0.219904,-0.015942,0.220245,-0.018843,0.220143,-0.021370,0.220143,-0.021370,0.219656,-0.010432,0.220000,-0.010396,0.220000,-0.007935,0.220000,-0.007935,0,-0.218449,0.220000,0.212667,-0.003063,-0.017729,0.001157,-0.038843,0.311127,0.330000,-0.032034,1
1772480729,797895976,-0.946201,-2.686446,-2.711920,-0.420121,-0.463394,-0.027953,1,0.220089,-0.019595,0.220143,-0.021370,0.220135,-0.021559,0.220135,-0.021559,0.219842,-0.010417,0.220000,-0.007935,0.220000,-0.007711,0.220000,-0.007711,0,-0.212303,0.220000,0.212667,-0.000602,-0.015268,-0.001370,-0.041370,0.311127,0.330000,-0.032319,1
1772480729,822922608,-0.952042,-2.689791,-2.713318,-0.413403,-0.462974,-0.029351,1,0.220170,-0.027303,0.220135,-0.021559,0.220144,-0.023818,0.220144,-0.023818,0.220015,-0.008251,0.220000,-0.007711,0.220000,-0.007954,0.220000,-0.007954,0,-0.218969,0.220000,0.212667,-0.000378,-0.015045,-0.001559,-0.041559,0.311127,0.330000,-0.035704,1
1772480729,872956874,-0.963738,-2.695086,-2.714337,-0.400572,-0.463392,-0.030370,1,0.219850,-0.017587,0.220144,-0.023818,0.220146,-0.026562,0.220146,-0.026562,0.219726,-0.007393,0.220000,-0.007954,0.220000,-0.008008,0.220000,-0.008008,0,-0.220472,0.220000,0.212667,-0.000620,-0.015287,-0.003818,-0.043818,0.311127,0.330000,-0.039816,1
1772480729,897976150,-0.968116,-2.695003,-2.714821,-0.396680,-0.465400,-0.030854,1,0.219585,-0.018809,0.220146,-0.026562,0.220103,-0.029910,0.220103,-0.029910,0.219452,-0.007651,0.220000,-0.008008,0.220000,-0.006743,0.220000,-0.006743,0,-0.185679,0.220000,0.212667,-0.000675,-0.015342,-0.006562,-0.046562,0.311127,0.330000,-0.044844,1
1772480729,948005210,-0.977779,-2.701576,-2.716194,-0.385108,-0.463773,-0.032227,1,0.220098,-0.022983,0.220103,-0.029910,0.220149,-0.032957,0.220149,-0.032957,0.220004,-0.006449,0.220000,-0.006743,0.220000,-0.008096,0.220000,-0.008096,0,-0.222880,0.220000,0.212667,0.000590,-0.014077,-0.009910,-0.049910,0.311127,0.330000,-0.049402,1
1772480729,972979711,-0.984324,-2.703100,-2.716590,-0.378563,-0.465297,-0.032623,1,0.220308,-0.025840,0.220149,-0.032957,0.220122,-0.032689,0.220122,-0.032689,0.220169,-0.007827,0.220000,-0.008096,0.220000,-0.007337,0.220000,-0.007337,0,-0.202020,0.220000,0.212667,-0.000763,-0.015429,-0.012957,-0.052957,0.311127,0.330000,-0.049006,1
1772480729,998047331,-0.989365,-2.706329,-2.717490,-0.372614,-0.464628,-0.033523,1,0.219999,-0.035363,0.220122,-0.032689,0.220142,-0.036355,0.220142,-0.036355,0.219881,-0.007199,0.220000,-0.007337,0.220000,-0.007919,0.220000,-0.007919,0,-0.218005,0.220000,0.212667,-0.000004,-0.014671,-0.012689,-0.052689,0.311127,0.330000,-0.054498,1
1772480730,48067133,-1.000410,-2.710177,-2.720544,-0.362310,-0.467001,-0.036735,1,0.220113,-0.034587,0.220142,-0.036355,0.220089,-0.038808,0.220089,-0.038808,0.219980,-0.007650,0.220000,-0.007919,0.220000,-0.006243,0.220000,-0.006243,0,-0.171904,0.220000,0.212667,-0.000585,-0.015252,-0.016355,-0.056355,0.311127,0.330000,-0.058189,1
1772480730,73041547,-1.005322,-2.711919,-2.721534,-0.357134,-0.467610,-0.037725,1,0.219898,-0.046947,0.220089,-0.038808,0.220080,-0.043125,0.220080,-0.043125,0.219799,-0.006584,0.220000,-0.006243,0.220000,-0.005944,0.220000,-0.005944,0,-0.163684,0.220000,0.212667,0.001091,-0.013576,-0.018808,-0.058808,0.311127,0.330000,-0.064664,1
1772480730,98098913,-1.010349,-2.714354,-2.722777,-0.351548,-0.467647,-0.038968,1,0.220645,-0.034155,0.220080,-0.043125,0.220082,-0.042297,0.220082,-0.042297,0.220560,-0.006149,0.220000,-0.005944,0.220000,-0.006012,0.220000,-0.006012,0,-0.165570,0.220000,0.212667,0.001389,-0.013277,-0.023125,-0.063125,0.311127,0.330000,-0.063422,1
1772480730,148147103,-1.020743,-2.721181,-2.725146,-0.339207,-0.466117,-0.041337,1,0.219695,-0.041127,0.220082,-0.042297,0.220123,-0.051979,0.220123,-0.051979,0.219615,-0.005922,0.220000,-0.006012,0.220000,-0.007370,0.220000,-0.007370,0,-0.202911,0.220000,0.212667,0.001321,-0.013346,-0.022297,-0.062297,0.311127,0.330000,-0.077925,1
1772480730,173104510,-1.026913,-2.722158,-2.725643,-0.333240,-0.467967,-0.041834,1,0.220451,-0.037406,0.220123,-0.051979,0.220096,-0.051641,0.220096,-0.051641,0.220358,-0.006382,0.220000,-0.007370,0.220000,-0.006489,0.220000,-0.006489,0,-0.178671,0.220000,0.212667,-0.000036,-0.014703,-0.031979,-0.071979,0.311127,0.330000,-0.077428,1
1772480730,198179290,-1.031747,-2.724581,-2.727775,-0.327833,-0.467930,-0.043966,1,0.219688,-0.051705,0.220096,-0.051641,0.220095,-0.056590,0.220095,-0.056590,0.219540,-0.008070,0.220000,-0.006489,0.220000,-0.006469,0.220000,-0.006469,0,-0.178137,0.220000,0.212667,0.000845,-0.013822,-0.031641,-0.071641,0.311127,0.330000,-0.084849,1
1772480730,248189172,-1.040932,-2.728273,-2.729965,-0.317963,-0.468678,-0.046156,1,0.219906,-0.047772,0.220095,-0.056590,0.220091,-0.062072,0.220091,-0.062072,0.219815,-0.006328,0.220000,-0.006469,0.220000,-0.006320,0.220000,-0.006320,0,-0.174034,0.220000,0.212667,0.000864,-0.013803,-0.036590,-0.076590,0.311127,0.330000,-0.093070,1
1772480730,273209044,-1.046483,-2.728644,-2.730394,-0.312619,-0.470664,-0.046621,1,0.220320,-0.051371,0.220091,-0.062072,0.220066,-0.061755,0.220066,-0.061755,0.220230,-0.006312,0.220000,-0.006320,0.220000,-0.005378,0.220000,-0.005378,0,-0.148119,0.220000,0.212667,0.001013,-0.013653,-0.042072,-0.082072,0.311127,0.330000,-0.092605,1
1772480730,298225277,-1.051049,-2.730263,-2.732090,-0.300661,-0.466478,-0.049632,1,0.219709,-0.052043,0.220066,-0.061755,0.220169,-0.067829,0.220169,-0.067829,0.219618,-0.006308,0.220000,-0.005378,0.220000,-0.008624,0.220000,-0.008624,0,-0.237382,0.220000,0.212667,0.001955,-0.012712,-0.041755,-0.081755,0.311127,0.330000,-0.101665,1
1772480730,323276741,-1.055676,-2.732701,-2.733820,-0.295433,-0.466343,-0.051363,1,0.220399,-0.059168,0.220169,-0.067829,0.220179,-0.075798,0.220179,-0.075798,0.220337,-0.005230,0.220000,-0.008624,0.220000,-0.008881,0.220000,-0.008881,0,-0.244455,0.220000,0.212667,-0.001290,-0.015957,-0.047829,-0.087829,0.311127,0.330000,-0.113605,1
1772480730,373227993,-1.066487,-2.738463,-2.738127,-0.283188,-0.465969,-0.055670,1,0.219834,-0.073937,0.220179,-0.075798,0.220207,-0.082597,0.220207,-0.082597,0.219656,-0.008834,0.220000,-0.008881,0.220000,-0.009539,0.220000,-0.009539,0,-0.262544,0.220000,0.212667,-0.001548,-0.016214,-0.055798,-0.095798,0.311127,0.330000,-0.123779,1
1772480730,398254950,-1.070819,-2.739208,-2.739507,-0.278975,-0.467221,-0.057049,1,0.220592,-0.067772,0.220207,-0.082597,0.220181,-0.092393,0.220181,-0.092393,0.220432,-0.008396,0.220000,-0.009539,0.220000,-0.008915,0.220000,-0.008915,0,-0.245385,0.220000,0.212667,-0.002206,-0.016873,-0.062597,-0.102597,0.311127,0.330000,-0.138475,1
1772480730,423258665,-1.075502,-2.741191,-2.741144,-0.273898,-0.467518,-0.058686,1,0.220016,-0.083661,0.220181,-0.092393,0.220184,-0.091301,0.220184,-0.091301,0.219803,-0.009694,0.220000,-0.008915,0.220000,-0.008990,0.220000,-0.008990,0,-0.247459,0.220000,0.212667,-0.001581,-0.016248,-0.072393,-0.112393,0.311127,0.330000,-0.136838,1
1772480730,473263068,-1.084755,-2.744007,-2.743682,-0.264355,-0.469095,-0.061225,1,0.220048,-0.097060,0.220184,-0.091301,0.220171,-0.102672,0.220171,-0.102672,0.219853,-0.009272,0.220000,-0.008990,0.220000,-0.008666,0.220000,-0.008666,0,-0.238551,0.220000,0.212667,-0.001657,-0.016324,-0.071301,-0.111301,0.311127,0.330000,-0.153888,1
1772480730,498307050,-1.090713,-2.744551,-2.746490,-0.258773,-0.471248,-0.064032,1,0.220095,-0.092319,0.220171,-0.102672,0.220126,-0.115171,0.220126,-0.115171,0.219918,-0.008828,0.220000,-0.008666,0.220000,-0.007443,0.220000,-0.007443,0,-0.204927,0.220000,0.212667,-0.001333,-0.015999,-0.082672,-0.122672,0.311127,0.330000,-0.172658,1
1772480730,548342286,-1.101285,-2.749774,-2.751429,-0.248575,-0.470124,-0.070252,1,0.219838,-0.098240,0.220126,-0.115171,0.220160,-0.128237,0.220160,-0.128237,0.219675,-0.008481,0.220000,-0.007443,0.220000,-0.008403,0.220000,-0.008403,0,-0.231311,0.220000,0.212667,-0.000110,-0.014776,-0.095171,-0.135171,0.311127,0.330000,-0.192215,1
1772480730,573320931,-1.106005,-2.750416,-2.753794,-0.244061,-0.471647,-0.072617,1,0.220309,-0.129187,0.220160,-0.128237,0.220132,-0.126643,0.220132,-0.126643,0.220164,-0.007998,0.220000,-0.008403,0.220000,-0.007632,0.220000,-0.007632,0,-0.210109,0.220000,0.212667,-0.001069,-0.015736,-0.108237,-0.148237,0.311127,0.330000,-0.189850,1
1772480730,598303458,-1.111647,-2.753761,-2.756416,-0.237520,-0.471157,-0.075239,1,0.220170,-0.134209,0.220132,-0.126643,0.220167,-0.145363,0.220167,-0.145363,0.220013,-0.008301,0.220000,-0.007632,0.220000,-0.008564,0.220000,-0.008564,0,-0.235732,0.220000,0.212667,-0.000298,-0.014965,-0.106643,-0.146643,0.311127,0.330000,-0.217880,1
1772480730,648373052,-1.121241,-2.758976,-2.761757,-0.226609,-0.470747,-0.080580,1,0.219552,-0.132367,0.220167,-0.145363,0.220181,-0.165363,0.220181,-0.165363,0.219432,-0.007262,0.220000,-0.008564,0.219962,-0.009814,0.219962,-0.009814,0,-0.270130,0.220000,0.212667,-0.001230,-0.015897,-0.125363,-0.165363,0.311127,0.330000,-0.247842,1
1772480730,673306437,-1.126254,-2.760266,-2.764743,-0.221545,-0.471819,-0.083566,1,0.220336,-0.145142,0.220181,-0.165363,0.212828,-0.185363,0.212828,-0.185363,0.220159,-0.008817,0.219962,-0.009814,0.212628,-0.009209,0.212628,-0.009209,0,-0.263356,0.220000,0.212628,-0.002480,-0.017147,-0.145363,-0.185363,0.311127,0.330000,-0.290227,1
1772480730,698425364,-1.132423,-2.763694,-2.768359,-0.214494,-0.471489,-0.087182,1,0.220721,-0.165316,0.212828,-0.185363,0.220149,-0.166358,0.220149,-0.166358,0.220480,-0.010324,0.212628,-0.009209,0.219962,-0.009068,0.219962,-0.009068,0,-0.258043,0.219962,0.205295,-0.001876,-0.016542,-0.165363,-0.205363,0.311127,0.319242,-0.241239,1
1772480730,723412624,-1.136952,-2.764943,-2.771509,-0.209882,-0.472382,-0.090332,1,0.212716,-0.195233,0.220149,-0.166358,0.212838,-0.186358,0.212838,-0.186358,0.212527,-0.008950,0.219962,-0.009068,0.212628,-0.009445,0.212628,-0.009445,0,-0.291544,0.220000,0.212628,-0.001734,-0.016401,-0.146358,-0.186358,0.311127,0.330000,-0.340116,1
1772480730,773414578,-1.148136,-2.770417,-2.780842,-0.197482,-0.472463,-0.099623,1,0.219772,-0.163783,0.212838,-0.186358,0.205499,-0.206358,0.205499,-0.206358,0.219592,-0.008905,0.212628,-0.009445,0.205295,-0.009143,0.205295,-0.009143,0,-0.283262,0.219962,0.205295,-0.002112,-0.016778,-0.166358,-0.206358,0.311127,0.319257,-0.330825,1
1772480730,798391402,-1.153149,-2.773709,-2.784321,-0.194172,-0.472536,-0.100945,1,0.211718,-0.185976,0.205499,-0.206358,0.212790,-0.188353,0.212790,-0.188353,0.211500,-0.009607,0.205295,-0.009143,0.212628,-0.008301,0.212628,-0.008301,0,-0.253098,0.212628,0.197962,-0.001810,-0.016476,-0.186358,-0.226358,0.311127,0.308248,-0.272848,1
1772480730,848419239,-1.164181,-2.776271,-2.793049,-0.183145,-0.475119,-0.109673,1,0.205117,-0.208676,0.212790,-0.188353,0.205432,-0.208353,0.205432,-0.208353,0.204915,-0.009107,0.212628,-0.008301,0.205295,-0.007499,0.205295,-0.007499,0,-0.301309,0.219962,0.205295,-0.000967,-0.015634,-0.168353,-0.208353,0.311127,0.319185,-0.492142,1
1772480730,873425050,-1.167900,-2.775536,-2.795794,-0.180135,-0.477423,-0.112418,1,0.212835,-0.200188,0.205432,-0.208353,0.198047,-0.228353,0.198047,-0.228353,0.212663,-0.008535,0.205295,-0.007499,0.197962,-0.005807,0.197962,-0.005807,0,-0.201695,0.212628,0.197962,-0.000165,-0.014832,-0.188353,-0.228353,0.311127,0.308148,-0.391117,1
1772480730,898403494,-1.173553,-2.778820,-2.800534,-0.173612,-0.476979,-0.117158,1,0.204388,-0.203557,0.198047,-0.228353,0.205365,-0.216577,0.205365,-0.216577,0.204244,-0.007660,0.197962,-0.005807,0.205295,-0.005355,0.205295,-0.005355,0,-0.175562,0.205295,0.190628,0.001527,-0.013140,-0.208353,-0.248353,0.311127,0.297070,-0.313290,1
1772480730,948437245,-1.184106,-2.782451,-2.812008,-0.162541,-0.478390,-0.128632,1,0.198087,-0.229385,0.205365,-0.216577,0.198049,-0.236577,0.198049,-0.236577,0.198007,-0.005616,0.205295,-0.005355,0.197962,-0.005868,0.197962,-0.005868,0,-0.280151,0.212628,0.197962,0.001978,-0.012689,-0.196577,-0.236577,0.311127,0.308047,-0.607213,1
1772480730,973485936,-1.188530,-2.783661,-2.817411,-0.158039,-0.479262,-0.134034,1,0.205313,-0.221304,0.198049,-0.236577,0.190688,-0.256577,0.190688,-0.256577,0.205253,-0.004937,0.197962,-0.005868,0.190628,-0.004756,0.190628,-0.004756,0,-0.187325,0.205295,0.190628,0.001466,-0.013201,-0.216577,-0.256577,0.311127,0.297073,-0.467780,1
1772480730,998504948,-1.192898,-2.784294,-2.822309,-0.153841,-0.480626,-0.138933,1,0.198420,-0.249586,0.190688,-0.256577,0.197975,-0.252358,0.197975,-0.252358,0.198332,-0.005915,0.190628,-0.004756,0.197962,-0.002305,0.197962,-0.002305,0,-0.081418,0.197962,0.183295,0.002578,-0.012089,-0.236577,-0.276577,0.311127,0.286032,-0.364602,1
1772480731,48652044,-1.200940,-2.787508,-2.832738,-0.145187,-0.485337,-0.144481,1,0.190446,-0.265114,0.197975,-0.252358,0.190656,-0.272358,0.190656,-0.272358,0.190403,-0.004054,0.197962,-0.002305,0.190628,-0.003224,0.190628,-0.003224,0,-0.188308,0.205295,0.190628,0.005028,-0.009639,-0.232358,-0.272358,0.311127,0.296963,-0.775831,1
1772480731,73618132,-1.207159,-2.788261,-2.838456,-0.139267,-0.487383,-0.150199,1,0.197609,-0.255981,0.190656,-0.272358,0.183300,-0.292358,0.183300,-0.292358,0.197598,-0.002071,0.190628,-0.003224,0.183295,-0.001345,0.183295,-0.001345,0,-0.062462,0.197962,0.183295,0.004110,-0.010557,-0.252358,-0.292358,0.311127,0.285983,-0.585646,1
1772480731,98670647,-1.212552,-2.790836,-2.845340,-0.133290,-0.487430,-0.157084,1,0.191058,-0.295868,0.183300,-0.292358,0.190631,-0.308345,0.190631,-0.308345,0.191024,-0.003589,0.183295,-0.001345,0.190628,0.000904,0.190628,0.000904,0,0.034481,0.190628,0.175962,0.005989,-0.008678,-0.272358,-0.312358,0.311127,0.274950,-0.444731,1
1772480731,123996165,-1.218068,-2.792824,-2.853212,-0.127461,-0.488059,-0.164955,1,0.183620,-0.295057,0.190631,-0.308345,0.183315,-0.328345,0.183315,-0.328345,0.183616,-0.001210,0.190628,0.000904,0.183295,-0.002737,0.183295,-0.002737,0,-0.189404,0.197962,0.183295,0.008237,-0.006430,-0.288345,-0.328345,0.311127,0.285946,-0.995560,1
1772480731,173812641,-1.225891,-2.797928,-2.866721,-0.118193,-0.486897,-0.178464,1,0.190930,-0.310072,0.183315,-0.328345,0.175979,-0.348345,0.175979,-0.348345,0.190926,0.001181,0.183295,-0.002737,0.175962,-0.002459,0.175962,-0.002459,0,-0.132694,0.190628,0.175962,0.004596,-0.010071,-0.308345,-0.348345,0.311127,0.274973,-0.741848,1
1772480731,198850602,-1.231290,-2.798291,-2.874854,-0.113180,-0.488935,-0.186598,1,0.183266,-0.305902,0.175979,-0.348345,0.168633,-0.368345,0.168633,-0.368345,0.183253,-0.002207,0.175962,-0.002459,0.168628,0.001254,0.168628,0.001254,0,0.069502,0.183295,0.168628,0.004874,-0.009792,-0.328345,-0.368345,0.311127,0.263968,-0.733715,1
1772480731,248928492,-1.238916,-2.800944,-2.888641,-0.105162,-0.489890,-0.200384,1,0.175822,-0.345515,0.168633,-0.368345,0.176028,-0.372629,0.176028,-0.372629,0.175808,-0.002175,0.168628,0.001254,0.175962,0.004839,0.175962,0.004839,0,0.217338,0.175962,0.161295,0.008587,-0.006080,-0.348345,-0.388345,0.311127,0.252950,-0.535461,1
1772480731,273956030,-1.244125,-2.801792,-2.897458,-0.100139,-0.491354,-0.209100,1,0.169345,-0.364169,0.176028,-0.372629,0.168635,-0.392629,0.168635,-0.392629,0.169336,0.001756,0.175962,0.004839,0.168628,-0.001488,0.168628,-0.001488,0,-0.099529,0.183295,0.168628,0.012172,-0.002495,-0.352629,-0.392629,0.311127,0.264042,-0.951416,1
1772480731,298966685,-1.247326,-2.802549,-2.906443,-0.097920,-0.490283,-0.214797,1,0.176525,-0.387942,0.168635,-0.392629,0.161322,-0.412629,0.161322,-0.412629,0.176456,0.004907,0.168628,-0.001488,0.161295,0.002943,0.161295,0.002943,0,0.155707,0.175962,0.161295,0.005845,-0.008821,-0.372629,-0.412629,0.311127,0.252952,-0.705515,1
1772480731,349005871,-1.255820,-2.804757,-2.924239,-0.089311,-0.491989,-0.232593,1,0.168566,-0.398692,0.161322,-0.412629,0.154107,-0.432629,0.154107,-0.432629,0.168558,-0.001640,0.161295,0.002943,0.153962,0.006701,0.153962,0.006701,0,0.363335,0.168628,0.153962,0.010277,-0.004390,-0.392629,-0.432629,0.311127,0.241983,-0.687719,1
1772480731,374044008,-1.259367,-2.806686,-2.934389,-0.085278,-0.491794,-0.242743,1,0.160663,-0.418202,0.154107,-0.432629,0.161790,-0.412629,0.161790,-0.412629,0.160628,0.003354,0.153962,0.006701,0.161295,0.012651,0.161295,0.012651,0,0.583064,0.161295,0.146628,0.014034,-0.000632,-0.412629,-0.452629,0.311127,0.231161,-0.493102,1
1772480731,399025402,-1.263853,-2.808855,-2.944964,-0.080295,-0.491793,-0.253318,1,0.153846,-0.437696,0.161790,-0.412629,0.154054,-0.432629,0.154054,-0.432629,0.153680,0.007130,0.161295,0.012651,0.153962,0.005318,0.153962,0.005318,0,0.189596,0.168628,0.153962,0.019985,0.005318,-0.392629,-0.432629,0.311127,0.242686,-0.907197,1
1772480731,449066469,-1.270290,-2.810487,-2.964516,-0.073789,-0.493122,-0.272870,1,0.161299,-0.415179,0.154054,-0.432629,0.161549,-0.452629,0.161549,-0.452629,0.160765,0.013108,0.153962,0.005318,0.161234,0.010077,0.161234,0.010077,0,0.539886,0.161295,0.146628,0.012651,-0.002015,-0.412629,-0.452629,0.311127,0.231080,-0.647442,1
1772480731,474137955,-1.274527,-2.810420,-2.975618,-0.070002,-0.495025,-0.283972,1,0.154331,-0.449950,0.161549,-0.452629,0.153925,-0.472629,0.153925,-0.472629,0.154228,0.005620,0.161234,0.010077,0.153901,0.002744,0.153901,0.002744,0,-0.231745,0.168568,0.153901,0.017411,0.002744,-0.432629,-0.472629,0.311127,0.242323,-1.405587,1
1772480731,499175222,-1.277516,-2.812722,-2.986924,-0.066310,-0.494253,-0.295279,1,0.161909,-0.474384,0.153925,-0.472629,0.146724,-0.492629,0.146724,-0.492629,0.161577,0.010375,0.153901,0.002744,0.146568,0.006762,0.146568,0.006762,0,0.442158,0.161234,0.146568,0.010077,-0.004589,-0.452629,-0.492629,0.311127,0.230888,-0.865237,1
1772480731,524184662,-1.281289,-2.813760,-2.998298,-0.062329,-0.494930,-0.306485,1,0.153950,-0.469614,0.146724,-0.492629,0.154545,-0.472629,0.154545,-0.472629,0.153912,0.003422,0.146568,0.006762,0.153901,0.014095,0.153901,0.014095,0,0.828943,0.153901,0.139234,0.014095,-0.000571,-0.472629,-0.512629,0.311127,0.220085,-0.613828,1
1772480731,574293584,-1.289002,-2.815216,-3.018857,-0.051098,-0.496157,-0.322410,1,0.145920,-0.484398,0.154545,-0.472629,0.146724,-0.492629,0.146724,-0.492629,0.145745,0.007144,0.153901,0.014095,0.146568,0.006762,0.146568,0.006762,0,-7.775930,0.161234,0.146568,0.021429,0.006762,-0.452629,-0.492629,0.311127,0.231818,-2.299902,1
1772480731,599249587,-1.293383,-2.815531,-3.029976,-0.047007,-0.497759,-0.333529,1,0.154273,-0.494074,0.146724,-0.492629,0.139236,-0.512629,0.139236,-0.512629,0.153564,0.014775,0.146568,0.006762,0.139234,-0.000571,0.139234,-0.000571,0,-0.158783,0.153901,0.139234,0.014095,-0.000571,-0.472629,-0.512629,0.311127,0.220085,-1.560737,1
1772480731,649302277,-1.298732,-2.818649,-3.055233,-0.040838,-0.497248,-0.358787,1,0.146954,-0.491740,0.139236,-0.512629,0.132074,-0.532629,0.132074,-0.532629,0.146772,0.007293,0.139234,-0.000571,0.131901,0.006762,0.131901,0.006762,0,0.701548,0.146568,0.131901,0.006762,-0.007905,-0.492629,-0.532629,0.311127,0.208853,-1.073997,1
1772480731,674329993,-1.303047,-2.818320,-3.067261,-0.037084,-0.499403,-0.370815,1,0.139171,-0.509133,0.132074,-0.532629,0.128236,-0.512629,0.128236,-0.512629,0.139171,0.000000,0.131901,0.006762,0.127459,0.014095,0.127459,0.014095,0,1.329856,0.139234,0.124568,0.014095,-0.000571,-0.512629,-0.552629,0.311127,0.198111,-0.789701,1
1772480731,699318612,-1.306049,-2.818145,-3.078236,-0.034450,-0.500853,-0.381790,1,0.132193,-0.543710,0.128236,-0.512629,0.131565,-0.532629,0.131565,-0.532629,0.132006,0.007015,0.127459,0.014095,0.129836,0.021259,0.129836,0.021259,0,1.680102,0.134792,0.120125,0.021429,0.006762,-0.492629,-0.532629,0.311127,0.192353,-0.778726,1
1772480731,724403088,-1.309481,-2.818339,-3.091155,-0.031270,-0.502156,-0.394709,1,0.128271,-0.508569,0.131565,-0.532629,0.123292,-0.552629,0.123292,-0.552629,0.127418,0.014761,0.129836,0.021259,0.122503,0.013926,0.122503,0.013926,0,1.286661,0.137169,0.122503,0.028592,0.013926,-0.512629,-0.552629,0.311127,0.197347,-1.038075,1
1772480731,774411970,-1.314556,-2.820129,-3.117584,-0.025961,-0.502586,-0.421130,1,0.131314,-0.530373,0.123292,-0.552629,0.131565,-0.532629,0.131565,-0.532629,0.129621,0.021019,0.122503,0.013926,0.129836,0.021259,0.129836,0.021259,0,2.082465,0.129836,0.115169,0.021259,0.006592,-0.532629,-0.572629,0.311127,0.184937,-0.739386,1
1772480731,799365189,-1.319395,-2.820726,-3.131607,-0.022364,-0.500776,-0.434974,1,0.123449,-0.539069,0.131565,-0.532629,0.123292,-0.552629,0.123292,-0.552629,0.122659,0.013944,0.129836,0.021259,0.122503,0.013926,0.122503,0.013926,0,-7.304143,0.137169,0.122503,0.028592,0.013926,-0.512629,-0.552629,0.311127,0.197347,-2.135841,1
1772480731,849368302,-1.323992,-2.822532,3.123098,-0.017437,-0.501124,-0.463455,1,0.131208,-0.518493,0.123292,-0.552629,0.116578,-0.572629,0.116578,-0.572629,0.129360,0.021941,0.122503,0.013926,0.115169,0.018071,0.115169,0.018071,0,1.784580,0.129836,0.115169,0.021259,0.006592,-0.532629,-0.572629,0.311127,0.184937,-0.969329,1
1772480731,874421644,-1.327069,-2.822119,3.110626,-0.014837,-0.502821,-0.475927,1,0.123317,-0.551350,0.116578,-0.572629,0.125109,-0.552629,0.125109,-0.552629,0.122467,0.014455,0.115169,0.018071,0.122503,0.025404,0.122503,0.025404,0,2.617143,0.122503,0.107836,0.025404,0.010738,-0.552629,-0.592629,0.311127,0.174867,-0.684589,1
1772480731,899479827,-1.328884,-2.823179,3.097854,-0.012743,-0.502646,-0.488699,1,0.116518,-0.569227,0.125109,-0.552629,0.116578,-0.572629,0.116578,-0.572629,0.115034,0.018540,0.122503,0.025404,0.115169,0.018071,0.115169,0.018071,0,-6.787262,0.129836,0.115169,0.032738,0.018071,-0.532629,-0.572629,0.311127,0.187663,-2.063257,1
1772480731,924472407,-1.332365,-2.822906,3.084390,-0.009718,-0.504390,-0.502162,1,0.125141,-0.555148,0.116578,-0.572629,0.111357,-0.592629,0.111357,-0.592629,0.122469,0.025720,0.115169,0.018071,0.108550,0.024847,0.108550,0.024847,0,2.551946,0.122503,0.107836,0.025404,0.010738,-0.552629,-0.592629,0.311127,0.174867,-0.930621,1
1772480731,974477181,-1.338946,-2.824043,3.055173,-0.003289,-0.506197,-0.531379,1,0.110826,-0.500474,0.111357,-0.592629,0.120268,-0.572629,0.120268,-0.572629,0.107599,0.026546,0.108550,0.024847,0.115883,0.032180,0.115883,0.032180,0,3.129887,0.115883,0.101217,0.032180,0.017513,-0.572629,-0.600000,0.311127,0.167036,-0.629136,1
1772480731,999517065,-1.341344,-2.824717,3.040599,-0.000834,-0.506620,-0.545954,1,0.111491,-0.591631,0.120268,-0.572629,0.111357,-0.592629,0.111357,-0.592629,0.108706,0.024764,0.115883,0.032180,0.108550,0.024847,0.108550,0.024847,0,-7.146951,0.123217,0.108550,0.039513,0.024847,-0.552629,-0.592629,0.311127,0.180403,-2.006002,1
1772480732,24545413,-1.343557,-2.825517,3.026523,0.001507,-0.506851,-0.560030,1,0.120771,-0.588087,0.111357,-0.592629,0.114834,-0.600000,0.114834,-0.600000,0.116261,0.032696,0.108550,0.024847,0.111415,0.027812,0.111415,0.027812,0,2.899858,0.115883,0.101217,0.032180,0.017513,-0.572629,-0.600000,0.311127,0.167036,-0.872754,1
1772480732,74564322,-1.349348,-2.826074,2.996532,0.011051,-0.501246,-0.584770,1,0.114599,-0.601523,0.114834,-0.600000,0.106077,-0.600000,0.106077,-0.600000,0.110978,0.028581,0.111415,0.027812,0.104082,0.020478,0.104082,0.020478,0,-5.780226,0.118748,0.104082,0.035145,0.020478,-0.580000,-0.600000,0.311127,0.172251,-1.914870,1
1772480732,99593311,-1.351540,-2.827817,2.981943,0.013777,-0.500601,-0.599358,1,0.114890,-0.602203,0.106077,-0.600000,0.098371,-0.600000,0.098371,-0.600000,0.111447,0.027919,0.104082,0.020478,0.096748,0.017793,0.096748,0.017793,0,2.547327,0.111415,0.096748,0.027812,0.013145,-0.580000,-0.600000,0.311127,0.159116,-1.090200,1
1772480732,149710647,-1.357416,-2.828056,2.951001,0.019196,-0.502886,-0.630300,1,0.106715,-0.599442,0.098371,-0.600000,0.105134,-0.580000,0.105134,-0.580000,0.104687,0.020704,0.096748,0.017793,0.102088,0.025126,0.102088,0.025126,0,3.899016,0.104082,0.089415,0.025126,0.010459,-0.580000,-0.600000,0.311127,0.147556,-0.802483,1
1772480732,174624274,-1.359871,-2.828445,2.936610,0.021583,-0.503580,-0.644691,1,0.106118,-0.571419,0.105134,-0.580000,0.096410,-0.600000,0.096410,-0.600000,0.102779,0.026411,0.102088,0.025126,0.094754,0.017793,0.094754,0.017793,0,0.427936,0.109421,0.094754,0.032459,0.017793,-0.560000,-0.600000,0.311127,0.157701,-1.506312,1
1772480732,199647366,-1.362764,-2.828634,2.923097,0.024281,-0.504641,-0.658204,1,0.104597,-0.579826,0.096410,-0.600000,0.105134,-0.580000,0.105134,-0.580000,0.101515,0.025205,0.094754,0.017793,0.102088,0.025126,0.102088,0.025126,0,4.033933,0.102088,0.087421,0.025126,0.010459,-0.580000,-0.600000,0.311127,0.144616,-0.774580,1
1772480732,224652460,-1.363955,-2.828946,2.909340,0.025486,-0.505013,-0.672070,1,0.096377,-0.604785,0.105134,-0.580000,0.096410,-0.600000,0.096410,-0.600000,0.094745,0.017664,0.102088,0.025126,0.094754,0.017793,0.094754,0.017793,0,-4.234061,0.109421,0.094754,0.032459,0.017793,-0.560000,-0.600000,0.311127,0.157701,-1.789913,1
1772480732,274640816,-1.368224,-2.830518,2.879254,0.029831,-0.510010,-0.705545,1,0.094861,-0.624642,0.096410,-0.600000,0.089240,-0.600000,0.089240,-0.600000,0.093414,0.016501,0.094754,0.017793,0.087421,0.017924,0.087421,0.017924,0,3.385041,0.102088,0.087421,0.025126,0.010459,-0.580000,-0.600000,0.311127,0.144616,-1.188721,1
1772480732,299641762,-1.371700,-2.830618,2.863253,0.033014,-0.511411,-0.721546,1,0.095956,-0.597128,0.089240,-0.600000,0.098063,-0.580000,0.098063,-0.580000,0.094224,0.018151,0.087421,0.017924,0.094754,0.025257,0.094754,0.025257,0,5.623880,0.094754,0.080088,0.025257,0.010591,-0.580000,-0.600000,0.311127,0.133860,-0.711238,1
1772480732,324725025,-1.373185,-2.830190,2.848532,0.034172,-0.512434,-0.736267,1,0.089049,-0.616604,0.098063,-0.580000,0.089240,-0.600000,0.089240,-0.600000,0.087215,0.017979,0.094754,0.025257,0.087421,0.017924,0.087421,0.017924,0,-4.148131,0.102088,0.087421,0.032591,0.017924,-0.560000,-0.600000,0.311127,0.147094,-1.725716,1
1772480732,374782875,-1.378404,-2.830683,2.820114,0.039029,-0.514104,-0.764594,1,0.088832,-0.607888,0.089240,-0.600000,0.083303,-0.600000,0.083303,-0.600000,0.087139,0.017260,0.087421,0.017924,0.080088,0.022920,0.080088,0.022920,0,4.805400,0.094754,0.080088,0.025257,0.010591,-0.580000,-0.600000,0.311127,0.133860,-1.129672,1
1772480732,399773010,-1.381470,-2.830679,2.805302,0.039538,-0.511373,-0.776445,1,0.089045,-0.617907,0.083303,-0.600000,0.092508,-0.580000,0.092508,-0.580000,0.087272,0.017680,0.080088,0.022920,0.087421,0.030254,0.087421,0.030254,0,7.032201,0.087421,0.072754,0.030254,0.015587,-0.580000,-0.600000,0.311127,0.124955,-0.656339,1
1772480732,424772733,-1.383129,-2.829966,2.790384,0.040735,-0.512725,-0.791363,1,0.083080,-0.596289,0.092508,-0.580000,0.083303,-0.600000,0.083303,-0.600000,0.079860,0.022905,0.087421,0.030254,0.080088,0.022920,0.080088,0.022920,0,-0.734001,0.094754,0.080088,0.037587,0.022920,-0.560000,-0.600000,0.311127,0.138762,-1.549736,1
1772480732,474792425,-1.387146,-2.830179,2.759551,0.044459,-0.514244,-0.822196,1,0.082320,-0.615092,0.083303,-0.600000,0.081222,-0.580000,0.081222,-0.580000,0.079431,0.021616,0.080088,0.022920,0.075378,0.030254,0.075378,0.030254,0,6.887960,0.087421,0.072754,0.030254,0.015587,-0.580000,-0.600000,0.311127,0.124955,-0.867363,1
1772480732,499833219,-1.388726,-2.831352,2.744806,0.046342,-0.513635,-0.836836,1,0.083367,-0.609992,0.081222,-0.580000,0.090851,-0.560000,0.090851,-0.560000,0.080046,0.023296,0.075378,0.030254,0.082711,0.037587,0.082711,0.037587,0,7.406586,0.082711,0.068044,0.037587,0.022920,-0.560000,-0.600000,0.311127,0.121834,-0.595948,1
1772480732,524858332,-1.391587,-2.831273,2.730836,0.047143,-0.506725,-0.846932,1,0.081275,-0.578301,0.090851,-0.560000,0.081222,-0.580000,0.081222,-0.580000,0.075330,0.030512,0.082711,0.037587,0.075378,0.030254,0.075378,0.030254,0,1.522148,0.090044,0.075378,0.044920,0.030254,-0.540000,-0.580000,0.311127,0.136276,-1.384499,1
1772480732,574911316,-1.395627,-2.831366,2.700684,0.050844,-0.508347,-0.877084,1,0.080155,-0.590712,0.081222,-0.580000,0.089972,-0.600000,0.089972,-0.600000,0.074636,0.029228,0.075378,0.030254,0.081838,0.037384,0.081838,0.037384,0,6.820843,0.082711,0.068044,0.037587,0.022920,-0.560000,-0.600000,0.311127,0.121834,-0.812474,1
1772480732,599913563,-1.398002,-2.830843,2.686124,0.052776,-0.509824,-0.891645,1,0.080755,-0.582411,0.089972,-0.600000,0.080337,-0.600000,0.080337,-0.600000,0.074740,0.030583,0.081838,0.037384,0.074505,0.030050,0.074505,0.030050,0,-1.452666,0.089171,0.074505,0.044717,0.030050,-0.580000,-0.600000,0.311127,0.134958,-1.488034,1
1772480732,624980478,-1.400670,-2.831322,2.671015,0.055544,-0.510599,-0.906666,1,0.079354,-0.619147,0.080337,-0.600000,0.073211,-0.600000,0.073211,-0.600000,0.073722,0.029362,0.074505,0.030050,0.067601,0.028106,0.067601,0.028106,0,6.371560,0.081838,0.067171,0.037384,0.022717,-0.580000,-0.600000,0.311127,0.120505,-0.987600,1
1772480732,674978021,-1.404887,-2.830772,2.640917,0.064094,-0.515624,-0.933814,1,0.071741,-0.585364,0.073211,-0.600000,0.082892,-0.580000,0.082892,-0.580000,0.065921,0.028306,0.067601,0.028106,0.074934,0.035439,0.074934,0.035439,0,7.639407,0.074934,0.060268,0.035439,0.020772,-0.580000,-0.600000,0.311127,0.110000,-0.755745,1
1772480732,700015503,-1.406751,-2.832442,2.625976,0.066487,-0.514890,-0.948755,1,0.073120,-0.599055,0.082892,-0.580000,0.073211,-0.600000,0.073211,-0.600000,0.067352,0.028465,0.074934,0.035439,0.067601,0.028106,0.067601,0.028106,0,-2.161372,0.082268,0.067601,0.042772,0.028106,-0.560000,-0.600000,0.311127,0.124338,-1.430924,1
1772480732,725059354,-1.410511,-2.832011,2.610514,0.069719,-0.516859,-0.964217,1,0.071913,-0.607480,0.073211,-0.600000,0.063747,-0.600000,0.063747,-0.600000,0.066778,0.026686,0.067601,0.028106,0.060268,0.020772,0.060268,0.020772,0,5.089044,0.074934,0.060268,0.035439,0.020772,-0.580000,-0.600000,0.311127,0.110000,-1.078985,1
1772480732,775038110,-1.415599,-2.829449,2.581328,0.074558,-0.518155,-0.992527,1,0.061854,-0.599255,0.063747,-0.600000,0.054630,-0.600000,0.054630,-0.600000,0.058645,0.019665,0.060268,0.020772,0.052951,0.013439,0.052951,0.013439,0,2.016715,0.067601,0.052934,0.028106,0.013439,-0.580000,-0.600000,0.311127,0.110000,-1.238905,1
1772480732,800073808,-1.416913,-2.829115,2.567011,0.075611,-0.519009,-1.006844,1,0.063027,-0.594132,0.054630,-0.600000,0.051544,-0.600000,0.051544,-0.600000,0.059354,0.021201,0.052951,0.013439,0.051181,0.006106,0.051181,0.006106,0,1.281633,0.060284,0.045617,0.020772,0.006106,-0.580000,-0.600000,0.311127,0.110000,-1.286353,1
1772480732,825101915,-1.418508,-2.829698,2.552320,0.077304,-0.519147,-1.021535,1,0.050846,-0.609227,0.051544,-0.600000,0.051901,-0.600000,0.051901,-0.600000,0.050593,0.005060,0.051181,0.006106,0.051865,0.001922,0.051865,0.001922,0,0.673372,0.058515,0.043848,0.013439,-0.001228,-0.580000,-0.600000,0.311127,0.110000,-1.271662,1
1772480732,875144210,-1.422552,-2.828474,2.523236,0.081138,-0.519359,-1.052129,1,0.052047,-0.621445,0.051901,-0.600000,0.051204,-0.600000,0.051204,-0.600000,0.052008,0.002024,0.051865,0.001922,0.051185,-0.001395,0.051185,-0.001395,0,-0.495260,0.059198,0.044532,0.009255,-0.005411,-0.580000,-0.600000,0.311127,0.110000,-1.288971,1
1772480732,900198101,-1.423883,-2.827597,2.508358,0.081977,-0.520714,-1.067006,1,0.052173,-0.601714,0.051204,-0.600000,0.050279,-0.600000,0.050279,-0.600000,0.052146,0.001682,0.051185,-0.001395,0.050203,-0.002770,0.050203,-0.002770,0,-1.001635,0.058518,0.043851,0.005939,-0.008728,-0.580000,-0.600000,0.311127,0.110000,-1.312673,1
1772480732,925212976,-1.422803,-2.827903,2.494420,0.081125,-0.519982,-1.080944,1,0.050749,-0.601231,0.050279,-0.600000,0.052375,-0.600000,0.052375,-0.600000,0.050651,-0.003155,0.050203,-0.002770,0.052372,-0.000518,0.052372,-0.000518,0,-0.179878,0.057536,0.042869,0.004563,-0.010103,-0.580000,-0.600000,0.311127,0.110000,-1.260155,1
1772480732,975255734,-1.423941,-2.826710,2.463070,0.084849,-0.519532,-1.111249,1,0.053017,-0.608531,0.052375,-0.600000,0.052033,-0.600000,0.052033,-0.600000,0.053017,0.000000,0.052372,-0.000518,0.051986,-0.002205,0.051986,-0.002205,0,-0.770531,0.059705,0.045039,0.006815,-0.007851,-0.580000,-0.600000,0.311127,0.110000,-1.268430,1
1772480733,228323,-1.426451,-2.825279,2.447510,0.086528,-0.521884,-1.126809,1,0.053058,-0.608299,0.052033,-0.600000,0.052679,-0.600000,0.052679,-0.600000,0.053058,0.000000,0.051986,-0.002205,0.052446,-0.004949,0.052446,-0.004949,0,-1.708079,0.059319,0.044653,0.005128,-0.009538,-0.580000,-0.600000,0.311127,0.110000,-1.252870,1
1772480733,25299543,-1.428044,-2.825231,2.431834,0.087954,-0.522595,-1.142485,1,0.053375,-0.606228,0.052679,-0.600000,0.051976,-0.600000,0.051976,-0.600000,0.053119,-0.005215,0.052446,-0.004949,0.051649,-0.005820,0.051649,-0.005820,0,-2.035838,0.059779,0.045113,0.002384,-0.012282,-0.580000,-0.600000,0.311127,0.110000,-1.269818,1
1772480733,75319723,-1.430680,-2.823347,2.402132,0.089239,-0.526085,-1.169577,1,0.052277,-0.601213,0.051976,-0.600000,0.051980,-0.600000,0.051980,-0.600000,0.051931,-0.006008,0.051649,-0.005820,0.051350,-0.008070,0.051350,-0.008070,0,-2.822629,0.058982,0.044316,0.001514,-0.013153,-0.580000,-0.600000,0.311127,0.110000,-1.269719,1
1772480733,100368577,-1.431178,-2.822765,2.387473,0.089449,-0.526821,-1.184236,1,0.052373,-0.596610,0.051980,-0.600000,0.052587,-0.600000,0.052587,-0.600000,0.052069,-0.005633,0.051350,-0.008070,0.051957,-0.008118,0.051957,-0.008118,0,-2.806761,0.058683,0.044016,-0.000736,-0.015403,-0.580000,-0.600000,0.311127,0.110000,-1.255060,1
1772480733,150373708,-1.431728,-2.820884,2.358602,0.089211,-0.528619,-1.212951,1,0.052797,-0.603269,0.052587,-0.600000,0.053818,-0.600000,0.053818,-0.600000,0.052152,-0.008227,0.051957,-0.008118,0.053219,-0.008007,0.053219,-0.008007,0,-2.705087,0.059290,0.044623,-0.000785,-0.015451,-0.580000,-0.600000,0.311127,0.110000,-1.226345,1
1772480733,175392048,-1.433620,-2.820193,2.343110,0.092328,-0.524927,-1.222761,1,0.054199,-0.590076,0.053818,-0.600000,0.054252,-0.600000,0.054252,-0.600000,0.053619,-0.007902,0.053219,-0.008007,0.053827,-0.006780,0.053827,-0.006780,0,-2.272365,0.060553,0.045886,-0.000674,-0.015340,-0.580000,-0.600000,0.311127,0.110000,-1.216535,1
1772480733,200428770,-1.433336,-2.818263,2.328100,0.091275,-0.526568,-1.237771,1,0.054072,-0.594979,0.054252,-0.600000,0.054930,-0.600000,0.054930,-0.600000,0.053495,-0.007879,0.053827,-0.006780,0.054530,-0.006619,0.054530,-0.006619,0,-2.190831,0.061160,0.046494,0.000553,-0.014114,-0.580000,-0.600000,0.311127,0.110000,-1.201525,1
1772480733,225430809,-1.434948,-2.816592,2.311784,0.092056,-0.528755,-1.254087,1,0.054212,-0.594139,0.054930,-0.600000,0.055686,-0.600000,0.055686,-0.600000,0.053809,-0.006595,0.054530,-0.006619,0.055110,-0.007988,0.055110,-0.007988,0,-2.608239,0.061863,0.047197,0.000714,-0.013952,-0.580000,-0.600000,0.311127,0.110000,-1.185209,1
1772480733,275408831,-1.437281,-2.814750,2.281009,0.086863,-0.525550,-1.285193,1,0.055589,-0.605885,0.055686,-0.600000,0.056609,-0.580000,0.056609,-0.580000,0.055021,-0.007921,0.055110,-0.007988,0.056605,-0.000655,0.056605,-0.000655,0,0.002245,0.062444,0.047777,-0.000655,-0.015322,-0.580000,-0.600000,0.311127,0.110000,-1.127110,1
1772480733,300477095,-1.437387,-2.814872,2.267113,0.087009,-0.525482,-1.299089,1,0.056825,-0.558312,0.056609,-0.580000,0.059288,-0.600000,0.059288,-0.600000,0.056825,0.000000,0.056605,-0.000655,0.059283,0.000771,0.059283,0.000771,0,0.236455,0.063938,0.049272,0.006678,-0.007988,-0.560000,-0.600000,0.311127,0.110000,-1.113214,1
1772480733,325531237,-1.437913,-2.814116,2.252856,0.087177,-0.526388,-1.313346,1,0.060005,-0.614441,0.059288,-0.600000,0.058617,-0.600000,0.058617,-0.600000,0.059993,0.001212,0.059283,0.000771,0.058614,0.000644,0.058614,0.000644,0,0.199727,0.066616,0.051949,0.008104,-0.006562,-0.580000,-0.600000,0.311127,0.110000,-1.125950,1
1772480733,375533525,-1.439934,-2.811223,2.222730,0.085532,-0.536283,-1.344543,1,0.059108,-0.601127,0.058617,-0.600000,0.058007,-0.600000,0.058007,-0.600000,0.059108,0.000000,0.058614,0.000644,0.057808,-0.004798,0.057808,-0.004798,0,-1.503960,0.065947,0.051280,0.007977,-0.006689,-0.580000,-0.600000,0.311127,0.110000,-1.137792,1
1772480733,400628946,-1.440879,-2.809322,2.207640,0.085607,-0.538404,-1.359633,1,0.058310,-0.611412,0.058007,-0.600000,0.058787,-0.600000,0.058787,-0.600000,0.058064,-0.005341,0.057808,-0.004798,0.058505,-0.005749,0.058505,-0.005749,0,-1.778109,0.065142,0.050475,0.002535,-0.012132,-0.580000,-0.600000,0.311127,0.110000,-1.122702,1
1772480733,425584050,-1.442497,-2.807773,2.191759,0.086441,-0.540483,-1.375514,1,0.058402,-0.589192,0.058787,-0.600000,0.059630,-0.600000,0.059630,-0.600000,0.058115,-0.005785,0.058505,-0.005749,0.059215,-0.007023,0.059215,-0.007023,0,-2.141376,0.065838,0.051172,0.001584,-0.013082,-0.580000,-0.600000,0.311127,0.110000,-1.106821,1
1772480733,475646098,-1.444679,-2.806153,2.161630,0.089331,-0.543261,-1.406898,1,0.059630,-0.590577,0.059630,-0.600000,0.060399,-0.600000,0.060399,-0.600000,0.059196,-0.007179,0.059215,-0.007023,0.059721,-0.009023,0.059721,-0.009023,0,-2.716325,0.066549,0.051882,0.000310,-0.014356,-0.580000,-0.600000,0.311127,0.110000,-1.092742,1
1772480733,500663308,-1.445910,-2.804351,2.146833,0.089705,-0.545411,-1.421695,1,0.060354,-0.607080,0.060399,-0.600000,0.061228,-0.600000,0.061228,-0.600000,0.059609,-0.009448,0.059721,-0.009023,0.060403,-0.010012,0.060403,-0.010012,0,-2.973162,0.067054,0.052387,-0.001690,-0.016357,-0.580000,-0.600000,0.311127,0.110000,-1.077945,1
1772480733,525670117,-1.447121,-2.802913,2.131652,0.090212,-0.547222,-1.436875,1,0.060472,-0.593197,0.061228,-0.600000,0.061256,-0.600000,0.061256,-0.600000,0.059763,-0.009231,0.060403,-0.010012,0.060323,-0.010651,0.060323,-0.010651,0,-3.161416,0.067737,0.053070,-0.002679,-0.017346,-0.580000,-0.600000,0.311127,0.110000,-1.077445,1
1772480733,575744294,-1.447699,-2.800553,2.101050,0.091417,-0.548198,-1.465239,1,0.060975,-0.600445,0.061256,-0.600000,0.062912,-0.600000,0.062912,-0.600000,0.060190,-0.009757,0.060323,-0.010651,0.062027,-0.010516,0.062027,-0.010516,0,-3.039044,0.067656,0.052990,-0.003318,-0.017984,-0.580000,-0.600000,0.311127,0.110000,-1.049082,1
1772480733,600732419,-1.447667,-2.798954,2.086530,0.090728,-0.549641,-1.479759,1,0.061464,-0.597332,0.062912,-0.600000,0.063795,-0.600000,0.063795,-0.600000,0.060505,-0.010812,0.062027,-0.010516,0.062939,-0.010418,0.062939,-0.010418,0,-2.969100,0.069360,0.054694,-0.003182,-0.017849,-0.580000,-0.600000,0.311127,0.110000,-1.034562,1
1772480733,625784841,-1.448231,-2.798464,2.070868,0.091041,-0.550319,-1.495421,1,0.063962,-0.608008,0.063795,-0.600000,0.064776,-0.600000,0.064776,-0.600000,0.063171,-0.010029,0.062939,-0.010418,0.063963,-0.010228,0.063963,-0.010228,0,-2.870748,0.070272,0.055605,-0.003084,-0.017751,-0.580000,-0.600000,0.311127,0.110000,-1.018900,1
1772480733,675849733,-1.450702,-2.794352,2.041092,0.092266,-0.558174,-1.523566,1,0.063544,-0.600626,0.064776,-0.600000,0.065680,-0.600000,0.065680,-0.600000,0.062720,-0.010201,0.063963,-0.010228,0.064032,-0.014621,0.064032,-0.014621,0,-4.047386,0.071297,0.056630,-0.002894,-0.017561,-0.580000,-0.600000,0.311127,0.110000,-1.004878,1
1772480733,700888140,-1.451196,-2.792774,2.025878,0.092069,-0.559816,-1.538780,1,0.064985,-0.609779,0.065680,-0.600000,0.065840,-0.600000,0.065840,-0.600000,0.064205,-0.010041,0.064032,-0.014621,0.064185,-0.014671,0.064185,-0.014671,0,-4.051481,0.071365,0.056698,-0.007287,-0.021954,-0.580000,-0.600000,0.311127,0.110000,-1.002428,1
1772480733,725844380,-1.450779,-2.790878,2.011589,0.090910,-0.561373,-1.553068,1,0.065953,-0.596698,0.065840,-0.600000,0.066792,-0.600000,0.066792,-0.600000,0.064350,-0.014453,0.064185,-0.014671,0.065208,-0.014463,0.065208,-0.014463,0,-3.937004,0.071518,0.056851,-0.007338,-0.022005,-0.580000,-0.600000,0.311127,0.110000,-0.988139,1
1772480733,775882507,-1.453069,-2.788141,1.981034,0.089187,-0.561195,-1.579108,1,0.066077,-0.604405,0.066792,-0.600000,0.068600,-0.600000,0.068600,-0.600000,0.064396,-0.014809,0.065208,-0.014463,0.067517,-0.012142,0.067517,-0.012142,0,-3.218031,0.072541,0.057874,-0.007130,-0.021796,-0.580000,-0.600000,0.311127,0.110000,-0.962099,1
1772480733,800934130,-1.453216,-2.785072,1.965502,0.088074,-0.564059,-1.594640,1,0.067440,-0.604284,0.068600,-0.600000,0.069726,-0.600000,0.069726,-0.600000,0.065906,-0.014303,0.067517,-0.012142,0.068547,-0.012766,0.068547,-0.012766,0,-3.328818,0.074850,0.060184,-0.004808,-0.019475,-0.580000,-0.600000,0.311127,0.110000,-0.946567,1
1772480733,825928170,-1.452946,-2.783698,1.950220,0.087269,-0.565205,-1.609922,1,0.068100,-0.593341,0.069726,-0.600000,0.070870,-0.600000,0.070870,-0.600000,0.067016,-0.012101,0.068547,-0.012766,0.069789,-0.012330,0.069789,-0.012330,0,-3.163273,0.075880,0.061214,-0.005432,-0.020099,-0.580000,-0.600000,0.311127,0.110000,-0.931285,1
1772480733,875944470,-1.454513,-2.779183,1.920542,0.083709,-0.564072,-1.635597,1,0.070449,-0.609557,0.070870,-0.600000,0.072879,-0.600000,0.072879,-0.600000,0.069282,-0.012769,0.069789,-0.012330,0.072425,-0.008127,0.072425,-0.008127,0,-2.027472,0.077122,0.062456,-0.004997,-0.019663,-0.580000,-0.600000,0.311127,0.110000,-0.905610,1
1772480733,900988460,-1.454816,-2.777541,1.904882,0.083325,-0.565696,-1.651257,1,0.070549,-0.607800,0.072879,-0.600000,0.073276,-0.600000,0.073276,-0.600000,0.069449,-0.012414,0.072425,-0.008127,0.072829,-0.008082,0.072829,-0.008082,0,-2.005315,0.079758,0.065091,-0.000793,-0.015460,-0.580000,-0.600000,0.311127,0.110000,-0.900700,1
1772480733,925978974,-1.453751,-2.777027,1.890034,0.082144,-0.565739,-1.666106,1,0.072992,-0.591128,0.073276,-0.600000,0.074505,-0.600000,0.074505,-0.600000,0.072579,-0.007755,0.072829,-0.008082,0.074219,-0.006517,0.074219,-0.006517,0,-1.590321,0.080163,0.065496,-0.000748,-0.015415,-0.580000,-0.600000,0.311127,0.110000,-0.885851,1
1772480733,976018532,-1.457169,-2.772589,1.860939,0.083727,-0.567685,-1.696813,1,0.073619,-0.599957,0.074505,-0.600000,0.078413,-0.600000,0.078413,-0.600000,0.073204,-0.007806,0.074219,-0.006517,0.077992,-0.008111,0.077992,-0.008111,0,-1.851138,0.081552,0.066886,0.000817,-0.013850,-0.580000,-0.600000,0.311127,0.111757,-0.855143,1
1772480734,1054095,-1.457800,-2.769093,1.845438,0.082891,-0.571138,-1.712314,1,0.074323,-0.589545,0.078413,-0.600000,0.083077,-0.600000,0.083077,-0.600000,0.074064,-0.006195,0.077992,-0.008111,0.082008,-0.013284,0.082008,-0.013284,0,-2.718979,0.085326,0.070659,-0.000778,-0.015444,-0.580000,-0.600000,0.311127,0.117619,-0.849471,1
1772480734,26066368,-1.457160,-2.768884,1.830454,0.082221,-0.571071,-1.727298,1,0.078054,-0.599183,0.083077,-0.600000,0.088640,-0.600000,0.088640,-0.600000,0.077625,-0.008170,0.082008,-0.013284,0.087093,-0.016488,0.087093,-0.016488,0,-2.985309,0.089341,0.074675,-0.005951,-0.020618,-0.580000,-0.600000,0.311127,0.124616,-0.843517,1
1772480734,76139263,-1.458358,-2.764146,1.799488,0.078093,-0.568311,-1.757476,1,0.083105,-0.603542,0.088640,-0.600000,0.095684,-0.591295,0.095684,-0.591295,0.081941,-0.013858,0.087093,-0.016488,0.094426,-0.015460,0.094426,-0.015460,0,-2.430417,0.094426,0.079760,-0.009154,-0.023821,-0.580000,-0.600000,0.311127,0.132960,-0.821652,1
1772480734,101145522,-1.459633,-2.762416,1.783857,0.078561,-0.570409,-1.773107,1,0.089718,-0.630563,0.095684,-0.591295,0.104276,-0.596318,0.104276,-0.596318,0.087992,-0.017511,0.094426,-0.015460,0.101760,-0.022770,0.101760,-0.022770,0,-3.042835,0.101760,0.087093,-0.008127,-0.022793,-0.571295,-0.600000,0.311127,0.143525,-0.820771,1
1772480734,126175855,-1.458904,-2.761479,1.769385,0.077516,-0.570972,-1.787579,1,0.095522,-0.587808,0.104276,-0.596318,0.112909,-0.591159,0.112909,-0.591159,0.094300,-0.015226,0.101760,-0.022770,0.109093,-0.029107,0.109093,-0.029107,0,-3.296306,0.109093,0.094426,-0.015437,-0.030103,-0.576318,-0.600000,0.311127,0.156414,-0.818936,1
1772480734,176189262,-1.461399,-2.753767,1.740016,0.074245,-0.577440,-1.814448,1,0.104228,-0.596264,0.112909,-0.591159,0.120467,-0.571159,0.120467,-0.571159,0.101682,-0.022894,0.109093,-0.029107,0.114824,-0.036441,0.114824,-0.036441,0,-3.572950,0.116426,0.101760,-0.021774,-0.036441,-0.571159,-0.600000,0.311127,0.169364,-0.802968,1
1772480734,201273505,-1.460877,-2.752143,1.724721,0.073115,-0.578718,-1.829743,1,0.114808,-0.655030,0.120467,-0.571159,0.129085,-0.566175,0.129085,-0.566175,0.110760,-0.030219,0.114824,-0.036441,0.122157,-0.041720,0.122157,-0.041720,0,-3.577157,0.122157,0.107490,-0.029107,-0.043774,-0.551159,-0.591159,0.311127,0.180701,-0.792568,1
1772480734,251274565,-1.459608,-2.747669,1.694740,0.070033,-0.582082,-1.859504,1,0.120987,-0.577090,0.129085,-0.566175,0.137393,-0.547543,0.137393,-0.547543,0.115305,-0.036639,0.122157,-0.041720,0.129490,-0.045925,0.129490,-0.045925,0,-3.452616,0.129490,0.114824,-0.034387,-0.049053,-0.546175,-0.586175,0.311127,0.193627,-0.771649,1
1772480734,276268872,-1.460074,-2.744627,1.679918,0.065531,-0.578433,-1.867806,1,0.128801,-0.550527,0.137393,-0.547543,0.144715,-0.541461,0.144715,-0.541461,0.121709,-0.042152,0.129490,-0.045925,0.136824,-0.047136,0.136824,-0.047136,0,-3.160909,0.136824,0.122157,-0.038592,-0.053258,-0.527543,-0.567543,0.311127,0.206090,-0.771097,1
1772480734,301353573,-1.460089,-2.741679,1.666232,0.064380,-0.581147,-1.881492,1,0.137915,-0.556511,0.144715,-0.541461,0.153513,-0.538356,0.153513,-0.538356,0.129783,-0.046656,0.136824,-0.047136,0.144157,-0.052772,0.144157,-0.052772,0,-3.167267,0.144157,0.129490,-0.039803,-0.054469,-0.521461,-0.561461,0.311127,0.217073,-0.761257,1
1772480734,326320030,-1.457803,-2.738370,1.653061,0.060973,-0.583284,-1.894663,1,0.145074,-0.530489,0.153513,-0.538356,0.162111,-0.531408,0.162111,-0.531408,0.136824,-0.048226,0.144157,-0.052772,0.151490,-0.057711,0.151490,-0.057711,0,-3.092019,0.151490,0.136824,-0.045439,-0.060105,-0.518356,-0.558356,0.311127,0.230269,-0.754834,1
1772480734,376400835,-1.457491,-2.731279,1.625072,0.055856,-0.590561,-1.922540,1,0.154400,-0.532624,0.162111,-0.531408,0.170734,-0.516253,0.170734,-0.516253,0.144828,-0.053520,0.151490,-0.057711,0.158824,-0.062651,0.158824,-0.062651,0,-3.018124,0.158824,0.144157,-0.050378,-0.065044,-0.511408,-0.551408,0.311127,0.243166,-0.735268,1
1772480734,401439003,-1.456818,-2.727780,1.611677,0.053856,-0.593510,-1.935934,1,0.162478,-0.541063,0.170734,-0.516253,0.179516,-0.509872,0.179516,-0.509872,0.151564,-0.058543,0.158824,-0.062651,0.166157,-0.067955,0.166157,-0.067955,0,-2.956212,0.166157,0.151490,-0.055318,-0.069985,-0.496253,-0.536253,0.311127,0.256101,-0.727394,1
1772480734,426458207,-1.455844,-2.724825,1.598130,0.051794,-0.595841,-1.949482,1,0.170376,-0.522753,0.179516,-0.509872,0.188063,-0.500080,0.188063,-0.500080,0.158054,-0.063615,0.166157,-0.067955,0.173490,-0.072587,0.173490,-0.072587,0,-2.866740,0.173490,0.158824,-0.060622,-0.075288,-0.489872,-0.529872,0.311127,0.269274,-0.716029,1
1772480734,476622723,-1.452324,-2.716538,1.571738,0.048641,-0.608668,-1.976777,1,0.180085,-0.493044,0.188063,-0.500080,0.195567,-0.481893,0.195567,-0.481893,0.166259,-0.069199,0.173490,-0.072587,0.178492,-0.079920,0.178492,-0.079920,0,-2.897309,0.180824,0.166157,-0.065253,-0.079920,-0.480080,-0.520080,0.311127,0.282095,-0.695104,1
1772480734,501568116,-1.450674,-2.712487,1.559445,0.045521,-0.611736,-1.989070,1,0.185075,-0.478506,0.195567,-0.481893,0.203892,-0.477133,0.203892,-0.477133,0.169782,-0.073668,0.178492,-0.079920,0.185825,-0.083912,0.185825,-0.083912,0,-2.805868,0.185825,0.171158,-0.072587,-0.087253,-0.461893,-0.501893,0.311127,0.293350,-0.686475,1
1772480734,526568807,-1.449188,-2.707283,1.546702,0.042098,-0.615926,-2.001813,1,0.194283,-0.480882,0.203892,-0.477133,0.212484,-0.469198,0.212484,-0.469198,0.176258,-0.081725,0.185825,-0.083912,0.193158,-0.088539,0.193158,-0.088539,0,-2.724881,0.193158,0.178492,-0.076579,-0.091246,-0.457133,-0.497133,0.311127,0.305839,-0.675341,1
1772480734,576600934,-1.445309,-2.699187,1.522031,0.035568,-0.621414,-2.030523,1,0.200602,-0.450657,0.212484,-0.469198,0.219408,-0.449198,0.219408,-0.449198,0.181554,-0.085320,0.193158,-0.088539,0.200492,-0.089124,0.200492,-0.089124,0,-2.545758,0.200492,0.185825,-0.081206,-0.095872,-0.449198,-0.489198,0.311127,0.318725,-0.651527,1
1772480734,601669997,-1.443216,-2.693388,1.509643,0.031333,-0.625894,-2.042911,1,0.212423,-0.458322,0.219408,-0.449198,0.227558,-0.442854,0.227558,-0.442854,0.192256,-0.090338,0.200492,-0.089124,0.207825,-0.092691,0.207825,-0.092691,0,-2.475313,0.207825,0.193158,-0.081791,-0.096458,-0.429198,-0.469198,0.311127,0.329112,-0.640490,1
1772480734,626666115,-1.439898,-2.689790,1.499273,0.026854,-0.627867,-2.053281,1,0.214398,-0.423944,0.227558,-0.442854,0.234512,-0.448878,0.234512,-0.448878,0.194820,-0.089508,0.207825,-0.092691,0.215158,-0.093288,0.215158,-0.093288,0,-2.410892,0.215158,0.200492,-0.085358,-0.100024,-0.422854,-0.462854,0.311127,0.330000,-0.631652,1
1772480734,676705070,-1.435537,-2.680101,1.477170,0.014968,-0.629901,-2.068704,1,0.214807,-0.400067,0.234512,-0.448878,0.237192,-0.443908,0.237192,-0.443908,0.195292,-0.089461,0.215158,-0.093288,0.220000,-0.088656,0.220000,-0.088656,0,-2.265292,0.220000,0.207825,-0.085955,-0.100621,-0.428878,-0.468878,0.311127,0.330000,-0.617600,1
1772480734,701791698,-1.433024,-2.675780,1.467095,0.010958,-0.632886,-2.078779,1,0.215147,-0.387646,0.237192,-0.443908,0.236510,-0.436173,0.236510,-0.436173,0.196715,-0.087128,0.220000,-0.088656,0.220000,-0.086815,0.220000,-0.086815,0,-2.224652,0.220000,0.212667,-0.081323,-0.095989,-0.423908,-0.463908,0.311127,0.330000,-0.608588,1
1772480734,726830145,-1.430795,-2.671354,1.457402,0.007167,-0.636078,-2.088472,1,0.215152,-0.383189,0.236510,-0.436173,0.235960,-0.428229,0.235960,-0.428229,0.198791,-0.082295,0.220000,-0.086815,0.220000,-0.085306,0.220000,-0.085306,0,-2.191077,0.220000,0.212667,-0.079482,-0.094148,-0.416173,-0.456173,0.311127,0.330000,-0.598896,1
1772480734,776833937,-1.424326,-2.661553,1.437667,0.000383,-0.643835,-2.110758,1,0.215420,-0.377543,0.235960,-0.428229,0.235072,-0.411605,0.235072,-0.411605,0.199634,-0.080945,0.220000,-0.085306,0.220000,-0.082818,0.220000,-0.082818,0,-2.135207,0.220000,0.212667,-0.077973,-0.092639,-0.408229,-0.448229,0.311127,0.330000,-0.577821,1
1772480734,801994388,-1.421063,-2.658221,1.428021,-0.003932,-0.645605,-2.120404,1,0.215231,-0.373275,0.235072,-0.411605,0.234154,-0.404048,0.234154,-0.404048,0.200093,-0.079294,0.220000,-0.082818,0.220000,-0.080174,0.220000,-0.080174,0,-2.075149,0.220000,0.212667,-0.075485,-0.090151,-0.391605,-0.431605,0.311127,0.330000,-0.569437,1
1772480734,826936417,-1.419799,-2.652999,1.418403,-0.007159,-0.649901,-2.130022,1,0.215451,-0.338107,0.234154,-0.404048,0.233983,-0.396933,0.233983,-0.396933,0.201095,-0.077329,0.220000,-0.080174,0.220000,-0.079674,0.220000,-0.079674,0,-2.063715,0.220000,0.212667,-0.072841,-0.087507,-0.384048,-0.424048,0.311127,0.330000,-0.559819,1
1772480734,877029861,-1.414036,-2.644673,1.402029,-0.014460,-0.661777,-2.149850,1,0.221619,-0.372222,0.233983,-0.396933,0.234271,-0.384702,0.234271,-0.384702,0.207865,-0.076857,0.220000,-0.079674,0.220000,-0.080517,0.220000,-0.080517,0,-2.082982,0.220000,0.212667,-0.072341,-0.087008,-0.376933,-0.416933,0.311127,0.330000,-0.541900,1
1772480734,902066464,-1.412151,-2.640216,1.393296,-0.017965,-0.665112,-2.158583,1,0.223345,-0.364827,0.234271,-0.384702,0.233916,-0.377927,0.233916,-0.377927,0.209505,-0.077400,0.220000,-0.080517,0.220000,-0.079477,0.220000,-0.079477,0,-2.059186,0.220000,0.212667,-0.073184,-0.087850,-0.364702,-0.404702,0.311127,0.330000,-0.533167,1
1772480734,927070745,-1.408480,-2.634321,1.384169,-0.023684,-0.669054,-2.167710,1,0.226953,-0.373637,0.233916,-0.377927,0.233427,-0.371450,0.233427,-0.371450,0.212628,-0.079354,0.220000,-0.079477,0.220000,-0.078025,0.220000,-0.078025,0,-2.025822,0.220000,0.212667,-0.072143,-0.086810,-0.357927,-0.397927,0.311127,0.330000,-0.525127,1
1772480734,977127353,-1.404555,-2.624398,1.365317,-0.035383,-0.678486,-2.185005,1,0.229319,-0.365357,0.233427,-0.371450,0.232875,-0.359562,0.232875,-0.359562,0.215418,-0.078629,0.220000,-0.078025,0.220000,-0.076358,0.220000,-0.076358,0,-1.987239,0.220000,0.212667,-0.070692,-0.085359,-0.351450,-0.391450,0.311127,0.330000,-0.509526,1
1772480735,2210092,-1.403196,-2.620886,1.355950,-0.038026,-0.681168,-2.194372,1,0.230897,-0.350455,0.232875,-0.359562,0.232439,-0.352292,0.232439,-0.352292,0.217223,-0.078279,0.220000,-0.076358,0.220000,-0.075019,0.220000,-0.075019,0,-1.956036,0.220000,0.212667,-0.069025,-0.083692,-0.339562,-0.379562,0.311127,0.330000,-0.500159,1
1772480735,27228200,-1.399531,-2.615785,1.348309,-0.043416,-0.684391,-2.202013,1,0.234394,-0.369215,0.232439,-0.352292,0.231978,-0.346842,0.231978,-0.346842,0.220863,-0.078486,0.220000,-0.075019,0.220000,-0.073579,0.220000,-0.073579,0,-1.922302,0.220000,0.212667,-0.067685,-0.082352,-0.332292,-0.372292,0.311127,0.330000,-0.493400,1
1772480735,77267489,-1.393865,-2.605992,1.328893,-0.048793,-0.685024,-2.223800,1,0.233062,-0.342616,0.231978,-0.346842,0.229973,-0.328661,0.229973,-0.328661,0.220263,-0.076171,0.220000,-0.073579,0.220000,-0.066989,0.220000,-0.066989,0,-1.765407,0.220000,0.212667,-0.066245,-0.080912,-0.326842,-0.366842,0.311127,0.330000,-0.471613,1
1772480735,102320797,-1.392020,-2.601362,1.319776,-0.052334,-0.688531,-2.232917,1,0.232539,-0.337404,0.229973,-0.328661,0.229689,-0.322518,0.229689,-0.322518,0.220119,-0.074979,0.220000,-0.066989,0.220000,-0.066007,0.220000,-0.066007,0,-1.741673,0.220000,0.212667,-0.059656,-0.074323,-0.308661,-0.348661,0.311127,0.330000,-0.463370,1
1772480735,127380304,-1.388164,-2.597870,1.311474,-0.057264,-0.690192,-2.241219,1,0.229657,-0.312330,0.229689,-0.322518,0.228998,-0.315787,0.228998,-0.315787,0.219576,-0.067293,0.220000,-0.066007,0.220000,-0.063561,0.220000,-0.063561,0,-1.682202,0.220000,0.212667,-0.058674,-0.073340,-0.302518,-0.342518,0.311127,0.330000,-0.455068,1
1772480735,177419792,-1.383756,-2.587101,1.295110,-0.062405,-0.697103,-2.258100,1,0.229879,-0.301096,0.228998,-0.315787,0.228702,-0.304116,0.228702,-0.304116,0.219913,-0.066954,0.220000,-0.063561,0.220000,-0.062487,0.220000,-0.062487,0,-1.655898,0.220000,0.212667,-0.056228,-0.070895,-0.295787,-0.335787,0.311127,0.330000,-0.438817,1
1772480735,202471982,-1.378990,-2.582549,1.287810,-0.068594,-0.699368,-2.265399,1,0.229158,-0.310932,0.228702,-0.304116,0.228115,-0.298763,0.228115,-0.298763,0.219938,-0.064349,0.220000,-0.062487,0.220000,-0.060305,0.220000,-0.060305,0,-1.602182,0.220000,0.212667,-0.055153,-0.069820,-0.284116,-0.324116,0.311127,0.330000,-0.432201,1
1772480735,227516795,-1.377089,-2.578140,1.279235,-0.072100,-0.702648,-2.273975,1,0.228444,-0.304245,0.228115,-0.298763,0.227861,-0.292508,0.227861,-0.292508,0.219611,-0.062909,0.220000,-0.060305,0.220000,-0.059334,0.220000,-0.059334,0,-1.578152,0.220000,0.212667,-0.052971,-0.067638,-0.278763,-0.318763,0.311127,0.330000,-0.423626,1
1772480735,277610029,-1.371101,-2.568310,1.264660,-0.085488,-0.707915,-2.290096,1,0.227903,-0.292203,0.227861,-0.292508,0.226730,-0.280874,0.226730,-0.280874,0.219947,-0.059693,0.220000,-0.059334,0.220000,-0.054833,0.220000,-0.054833,0,-1.465714,0.220000,0.212667,-0.052000,-0.066667,-0.272508,-0.312508,0.311127,0.330000,-0.408805,1
1772480735,302783467,-1.368809,-2.563193,1.257506,-0.089642,-0.711681,-2.297250,1,0.227460,-0.290483,0.226730,-0.280874,0.226608,-0.275811,0.226608,-0.275811,0.219464,-0.059781,0.220000,-0.054833,0.220000,-0.054326,0.220000,-0.054326,0,-1.452942,0.220000,0.212667,-0.047500,-0.062166,-0.260874,-0.300874,0.311127,0.330000,-0.401651,1
1772480735,327747852,-1.365466,-2.558695,1.250311,-0.094510,-0.714458,-2.304445,1,0.226721,-0.262119,0.226608,-0.275811,0.226283,-0.270841,0.226283,-0.270841,0.219813,-0.055542,0.220000,-0.054326,0.220000,-0.052952,0.220000,-0.052952,0,-1.418227,0.220000,0.212667,-0.046993,-0.061659,-0.255811,-0.295811,0.311127,0.330000,-0.394982,1
1772480735,377731840,-1.359124,-2.549604,1.235878,-0.104254,-0.724006,-2.317977,1,0.226482,-0.266359,0.226283,-0.270841,0.226290,-0.261981,0.226290,-0.261981,0.220208,-0.052937,0.220000,-0.052952,0.220000,-0.052985,0.220000,-0.052985,0,-1.419055,0.220000,0.212667,-0.045619,-0.060285,-0.250841,-0.290841,0.311127,0.330000,-0.382048,1
1772480735,402800141,-1.355164,-2.544155,1.228683,-0.110065,-0.727412,-2.325172,1,0.226044,-0.260126,0.226290,-0.261981,0.226001,-0.257055,0.226001,-0.257055,0.219748,-0.052978,0.220000,-0.052985,0.220000,-0.051736,0.220000,-0.051736,0,-1.387391,0.220000,0.212667,-0.045651,-0.060318,-0.241981,-0.281981,0.311127,0.330000,-0.375343,1
1772480735,427835389,-1.353360,-2.540437,1.222441,-0.113208,-0.730095,-2.331414,1,0.226103,-0.268558,0.226001,-0.257055,0.225847,-0.252607,0.225847,-0.252607,0.219793,-0.053043,0.220000,-0.051736,0.220000,-0.051058,0.220000,-0.051058,0,-1.370144,0.220000,0.212667,-0.044403,-0.059069,-0.237055,-0.277055,0.311127,0.330000,-0.369101,1
1772480735,477909465,-1.347386,-2.529994,1.209341,-0.120272,-0.738363,-2.343803,1,0.225705,-0.231350,0.225847,-0.252607,0.225913,-0.244472,0.225913,-0.244472,0.219853,-0.051064,0.220000,-0.051058,0.220000,-0.051349,0.220000,-0.051349,0,-1.377545,0.220000,0.212667,-0.043725,-0.058391,-0.232607,-0.272607,0.311127,0.330000,-0.357110,1
1772480735,502953630,-1.344075,-2.525356,1.202844,-0.125162,-0.741289,-2.350300,1,0.225999,-0.249297,0.225913,-0.244472,0.225664,-0.240083,0.225664,-0.240083,0.220038,-0.051563,0.220000,-0.051349,0.220000,-0.050241,0.220000,-0.050241,0,-1.349315,0.220000,0.212667,-0.044016,-0.058682,-0.224472,-0.264472,0.311127,0.330000,-0.351086,1
1772480735,527999443,-1.340302,-2.520603,1.195825,-0.130521,-0.744136,-2.357318,1,0.226300,-0.243998,0.225664,-0.240083,0.225352,-0.235231,0.225352,-0.235231,0.220218,-0.052114,0.220000,-0.050241,0.220000,-0.048823,0.220000,-0.048823,0,-1.313051,0.220000,0.212667,-0.042908,-0.057574,-0.220083,-0.260083,0.311127,0.330000,-0.344466,1
1772480735,578090316,-1.332530,-2.510705,1.183213,-0.141511,-0.750387,-2.369725,1,0.225220,-0.227769,0.225352,-0.235231,0.224892,-0.226493,0.224892,-0.226493,0.219895,-0.048688,0.220000,-0.048823,0.220000,-0.046653,0.220000,-0.046653,0,-1.257244,0.220000,0.212667,-0.041490,-0.056157,-0.215231,-0.255231,0.311127,0.330000,-0.332349,1
1772480735,603123681,-1.330339,-2.507053,1.177289,-0.143510,-0.757455,-2.372393,1,0.225709,-0.239321,0.224892,-0.226493,0.225597,-0.225379,0.225597,-0.225379,0.220323,-0.049016,0.220000,-0.046653,0.220000,-0.049938,0.220000,-0.049938,0,-1.341579,0.220000,0.212667,-0.039319,-0.053986,-0.206493,-0.246493,0.311127,0.330000,-0.329682,1
1772480735,628171052,-1.327243,-2.501917,1.171083,-0.148390,-0.760941,-2.378599,1,0.225034,-0.207990,0.225597,-0.225379,0.225448,-0.221233,0.225448,-0.221233,0.220080,-0.046958,0.220000,-0.049938,0.220000,-0.049263,0.220000,-0.049263,0,-1.324319,0.220000,0.212667,-0.042605,-0.057272,-0.205379,-0.245379,0.311127,0.330000,-0.323830,1
1772480735,678256966,-1.320010,-2.493453,1.160345,-0.158388,-0.765839,-2.389337,1,0.225554,-0.214854,0.225448,-0.221233,0.224947,-0.213626,0.224947,-0.213626,0.220010,-0.049698,0.220000,-0.049263,0.220000,-0.046917,0.220000,-0.046917,0,-1.264047,0.220000,0.212667,-0.041930,-0.056597,-0.201233,-0.241233,0.311127,0.330000,-0.313391,1
1772480735,703295762,-1.318233,-2.489364,1.154822,-0.161535,-0.768867,-2.394690,1,0.225183,-0.218160,0.224947,-0.213626,0.224895,-0.210063,0.224895,-0.210063,0.219634,-0.049684,0.220000,-0.046917,0.220000,-0.046669,0.220000,-0.046669,0,-1.257654,0.220000,0.212667,-0.039583,-0.054250,-0.193626,-0.233626,0.311127,0.330000,-0.308236,1
1772480735,728369303,-1.314626,-2.484490,1.149462,-0.165119,-0.771613,-2.397385,1,0.224926,-0.217598,0.224895,-0.210063,0.224907,-0.208237,0.224907,-0.208237,0.219936,-0.047115,0.220000,-0.046669,0.220000,-0.046723,0.220000,-0.046723,0,-1.259063,0.220000,0.212667,-0.039335,-0.054002,-0.190063,-0.230063,0.311127,0.330000,-0.305540,1
1772480735,778431763,-1.308040,-2.474791,1.138220,-0.174996,-0.777930,-2.408628,1,0.224671,-0.204757,0.224907,-0.208237,0.224597,-0.200461,0.224597,-0.200461,0.219640,-0.047283,0.220000,-0.046723,0.220000,-0.045207,0.220000,-0.045207,0,-1.219888,0.220000,0.212667,-0.039390,-0.054057,-0.188237,-0.228237,0.311127,0.330000,-0.294538,1
1772480735,803460852,-1.303321,-2.470665,1.133265,-0.180959,-0.779862,-2.413583,1,0.224774,-0.210059,0.224597,-0.200461,0.224265,-0.196931,0.224265,-0.196931,0.219747,-0.047271,0.220000,-0.045207,0.220000,-0.043528,0.220000,-0.043528,0,-1.176312,0.220000,0.212667,-0.037874,-0.052540,-0.180461,-0.220461,0.311127,0.330000,-0.289779,1
1772480735,828538234,-1.300445,-2.466857,1.127591,-0.185104,-0.782227,-2.419257,1,0.224608,-0.191897,0.224265,-0.196931,0.224067,-0.192905,0.224067,-0.192905,0.220089,-0.044830,0.220000,-0.043528,0.220000,-0.042498,0.220000,-0.042498,0,-1.149504,0.220000,0.212667,-0.036195,-0.050861,-0.176931,-0.216931,0.311127,0.330000,-0.284105,1
1772480735,878605893,-1.292351,-2.456885,1.117791,-0.196769,-0.783398,-2.424920,1,0.224304,-0.199149,0.224067,-0.192905,0.223346,-0.188616,0.223346,-0.188616,0.220215,-0.042632,0.220000,-0.042498,0.220000,-0.038516,0.220000,-0.038516,0,-1.045162,0.220000,0.212667,-0.035165,-0.049832,-0.172905,-0.212905,0.311127,0.330000,-0.278685,1
1772480735,903657903,-1.289992,-2.452263,1.113243,-0.200744,-0.786732,-2.429468,1,0.225125,-0.193245,0.223346,-0.188616,0.223327,-0.185522,0.223327,-0.185522,0.220989,-0.042959,0.220000,-0.038516,0.220000,-0.038406,0.220000,-0.038406,0,-1.042249,0.220000,0.212667,-0.031183,-0.045850,-0.168616,-0.208616,0.311127,0.330000,-0.274137,1
1772480735,928630326,-1.286064,-2.447304,1.107667,-0.206297,-0.789764,-2.435043,1,0.223010,-0.188065,0.223327,-0.185522,0.223158,-0.181672,0.223158,-0.181672,0.219674,-0.038431,0.220000,-0.038406,0.220000,-0.037412,0.220000,-0.037412,0,-1.016057,0.220000,0.212667,-0.031072,-0.045739,-0.165522,-0.205522,0.311127,0.330000,-0.268652,1
1772480735,978736708,-1.280387,-2.439067,1.098176,-0.214740,-0.795131,-2.444534,1,0.222325,-0.170931,0.223158,-0.181672,0.222950,-0.175116,0.222950,-0.175116,0.219185,-0.037233,0.220000,-0.037412,0.220000,-0.036147,0.220000,-0.036147,0,-0.982620,0.220000,0.212667,-0.030079,-0.044746,-0.161672,-0.201672,0.311127,0.330000,-0.259198,1
1772480736,3886397,-1.277252,-2.434448,1.094017,-0.219753,-0.798189,-2.448556,1,0.222878,-0.174820,0.222950,-0.175116,0.222875,-0.172340,0.222875,-0.172340,0.219761,-0.037147,0.220000,-0.036147,0.220000,-0.035682,0.220000,-0.035682,0,-0.970285,0.220000,0.212667,-0.028814,-0.043481,-0.155116,-0.195116,0.311127,0.330000,-0.255176,1
1772480736,28863322,-1.273621,-2.429994,1.089503,-0.229345,-0.801291,-2.451154,1,0.222681,-0.171094,0.222875,-0.172340,0.222647,-0.170424,0.222647,-0.170424,0.219845,-0.035426,0.220000,-0.035682,0.220000,-0.034232,0.220000,-0.034232,0,-0.931825,0.220000,0.212667,-0.028348,-0.043015,-0.152340,-0.192340,0.311127,0.330000,-0.252597,1
1772480736,78925818,-1.266732,-2.421496,1.080513,-0.238995,-0.806445,-2.460144,1,0.222291,-0.161295,0.222647,-0.170424,0.222403,-0.164141,0.222403,-0.164141,0.219641,-0.034226,0.220000,-0.034232,0.220000,-0.032604,0.220000,-0.032604,0,-0.888480,0.220000,0.212667,-0.026899,-0.041566,-0.150424,-0.190424,0.311127,0.330000,-0.243551,1
1772480736,103955529,-1.263308,-2.417536,1.075896,-0.243689,-0.808764,-2.464761,1,0.222679,-0.170712,0.222403,-0.164141,0.222264,-0.160928,0.222264,-0.160928,0.220051,-0.034108,0.220000,-0.032604,0.220000,-0.031642,0.220000,-0.031642,0,-0.862791,0.220000,0.212667,-0.025271,-0.039937,-0.144141,-0.184141,0.311127,0.330000,-0.238934,1
1772480736,128991799,-1.259709,-2.413279,1.071403,-0.248658,-0.811288,-2.469254,1,0.222566,-0.156329,0.222264,-0.160928,0.222139,-0.157753,0.222139,-0.157753,0.220347,-0.031350,0.220000,-0.031642,0.220000,-0.030755,0.220000,-0.030755,0,-0.839098,0.220000,0.212667,-0.024308,-0.038975,-0.140928,-0.180928,0.311127,0.330000,-0.234351,1
1772480736,179090867,-1.253176,-2.404086,1.063293,-0.262919,-0.815281,-2.483679,1,0.222324,-0.149356,0.222139,-0.157753,0.221516,-0.147542,0.221516,-0.147542,0.220318,-0.029796,0.220000,-0.030755,0.220000,-0.025873,0.220000,-0.025873,0,-0.707875,0.220000,0.212667,-0.023422,-0.038089,-0.137753,-0.177753,0.311127,0.330000,-0.219798,1
1772480736,204134775,-1.249958,-2.399366,1.059379,-0.267737,-0.818350,-2.487593,1,0.221574,-0.160759,0.221516,-0.147542,0.221473,-0.144809,0.221473,-0.144809,0.219407,-0.030916,0.220000,-0.025873,0.220000,-0.025499,0.220000,-0.025499,0,-0.697776,0.220000,0.212667,-0.018540,-0.033206,-0.127542,-0.167542,0.311127,0.330000,-0.215768,1
1772480736,229176312,-1.245149,-2.393705,1.054816,-0.274388,-0.821656,-2.492156,1,0.221508,-0.157431,0.221473,-0.144809,0.221371,-0.141550,0.221371,-0.141550,0.220009,-0.025726,0.220000,-0.025499,0.220000,-0.024599,0.220000,-0.024599,0,-0.673452,0.220000,0.212667,-0.018165,-0.032832,-0.124809,-0.164809,0.311127,0.330000,-0.211010,1
1772480736,279232681,-1.239381,-2.386557,1.045222,-0.282508,-0.825949,-2.501750,1,0.221183,-0.144100,0.221371,-0.141550,0.221174,-0.134994,0.221174,-0.134994,0.219813,-0.024584,0.220000,-0.024599,0.220000,-0.022763,0.220000,-0.022763,0,-0.623750,0.220000,0.212667,-0.017265,-0.031932,-0.121550,-0.161550,0.311127,0.330000,-0.201416,1
1772480736,304305088,-1.236929,-2.381688,1.041418,-0.286681,-0.829456,-2.505554,1,0.221434,-0.141197,0.221174,-0.134994,0.221185,-0.132290,0.221185,-0.132290,0.220056,-0.024664,0.220000,-0.022763,0.220000,-0.022867,0.220000,-0.022867,0,-0.626572,0.220000,0.212667,-0.015430,-0.030096,-0.114994,-0.154994,0.311127,0.330000,-0.197372,1
1772480736,329346402,-1.233873,-2.377304,1.038189,-0.291099,-0.832633,-2.508904,1,0.221068,-0.132336,0.221185,-0.132290,0.221178,-0.129908,0.221178,-0.129908,0.219872,-0.022963,0.220000,-0.022867,0.220000,-0.022798,0.220000,-0.022798,0,-0.624710,0.220000,0.212667,-0.015534,-0.030200,-0.112290,-0.152290,0.311127,0.330000,-0.193824,1
1772480736,379342728,-1.226515,-2.368251,1.031343,-0.299692,-0.843195,-2.517528,1,0.220594,-0.126251,0.221178,-0.129908,0.221402,-0.124053,0.221402,-0.124053,0.219414,-0.022785,0.220000,-0.022798,0.220000,-0.024879,0.220000,-0.024879,0,-0.681033,0.220000,0.212667,-0.015465,-0.030132,-0.109908,-0.149908,0.311127,0.330000,-0.184901,1
1772480736,404430599,-1.223635,-2.364321,1.027479,-0.303893,-0.845663,-2.521393,1,0.220750,-0.126161,0.221402,-0.124053,0.221340,-0.121426,0.221340,-0.121426,0.219563,-0.022862,0.220000,-0.024879,0.220000,-0.024322,0.220000,-0.024322,0,-0.665966,0.220000,0.212667,-0.017546,-0.032212,-0.104053,-0.144053,0.311127,0.330000,-0.181036,1
1772480736,429469761,-1.220614,-2.360576,1.023888,-0.308150,-0.847905,-2.524984,1,0.221400,-0.123016,0.221340,-0.121426,0.221270,-0.118742,0.221270,-0.118742,0.220067,-0.024259,0.220000,-0.024322,0.220000,-0.023670,0.220000,-0.023670,0,-0.648333,0.220000,0.212667,-0.016989,-0.031655,-0.101426,-0.141426,0.311127,0.330000,-0.177091,1
1772480736,479546535,-1.212967,-2.351760,1.017060,-0.318664,-0.852971,-2.531811,1,0.221164,-0.123663,0.221270,-0.118742,0.221120,-0.113892,0.221120,-0.113892,0.219838,-0.024181,0.220000,-0.023670,0.220000,-0.022226,0.220000,-0.022226,0,-0.609199,0.220000,0.212667,-0.016337,-0.031004,-0.098742,-0.138742,0.311127,0.330000,-0.169973,1
1772480736,504583309,-1.210473,-2.347592,1.013967,-0.322605,-0.855810,-2.534905,1,0.221766,-0.118171,0.221120,-0.113892,0.221111,-0.111548,0.221111,-0.111548,0.220651,-0.022207,0.220000,-0.022226,0.220000,-0.022141,0.220000,-0.022141,0,-0.606868,0.220000,0.212667,-0.014893,-0.029560,-0.093892,-0.133892,0.311127,0.330000,-0.166481,1
1772480736,529654234,-1.206756,-2.342648,1.010582,-0.327921,-0.858713,-2.538331,1,0.221400,-0.116134,0.221111,-0.111548,0.221060,-0.109227,0.221060,-0.109227,0.220272,-0.022317,0.220000,-0.022141,0.220000,-0.021624,0.220000,-0.021624,0,-0.592840,0.220000,0.212667,-0.014807,-0.029474,-0.091548,-0.131548,0.311127,0.330000,-0.163055,1
1772480736,579753786,-1.200260,-2.334885,1.003587,-0.336188,-0.860925,-2.545917,1,0.221020,-0.104831,0.221060,-0.109227,0.220812,-0.103711,0.220812,-0.103711,0.219967,-0.021549,0.220000,-0.021624,0.220000,-0.018915,0.220000,-0.018915,0,-0.519147,0.220000,0.212667,-0.014290,-0.028957,-0.089227,-0.129227,0.311127,0.330000,-0.154995,1
1772480736,604762839,-1.196564,-2.330028,1.000279,-0.341508,-0.863917,-2.549225,1,0.220934,-0.093818,0.220812,-0.103711,0.220774,-0.101215,0.220774,-0.101215,0.220194,-0.018070,0.220000,-0.018915,0.220000,-0.018476,0.220000,-0.018476,0,-0.507203,0.220000,0.212667,-0.011581,-0.026248,-0.083711,-0.123711,0.311127,0.330000,-0.151290,1
1772480736,629765625,-1.192603,-2.325673,0.997378,-0.346871,-0.866344,-2.552126,1,0.221151,-0.106138,0.220774,-0.101215,0.220717,-0.099248,0.220717,-0.099248,0.220364,-0.018639,0.220000,-0.018476,0.220000,-0.017770,0.220000,-0.017770,0,-0.487948,0.220000,0.212667,-0.011143,-0.025810,-0.081215,-0.121215,0.311127,0.330000,-0.148389,1
1772480736,679824545,-1.187047,-2.317413,0.990759,-0.355248,-0.871721,-2.558745,1,0.220384,-0.111278,0.220717,-0.099248,0.220669,-0.094474,0.220669,-0.094474,0.219670,-0.017728,0.220000,-0.017770,0.220000,-0.017169,0.220000,-0.017169,0,-0.471553,0.220000,0.212667,-0.010437,-0.025104,-0.079248,-0.119248,0.311127,0.330000,-0.141281,1
1772480736,704940884,-1.183241,-2.313524,0.987925,-0.360284,-0.873782,-2.561579,1,0.220954,-0.105542,0.220669,-0.094474,0.220607,-0.092152,0.220607,-0.092152,0.220239,-0.017751,0.220000,-0.017169,0.220000,-0.016347,0.220000,-0.016347,0,-0.449097,0.220000,0.212667,-0.009836,-0.024503,-0.074474,-0.114474,0.311127,0.330000,-0.137848,1
1772480736,729969629,-1.179554,-2.308615,0.984615,-0.365616,-0.876826,-2.564889,1,0.220860,-0.096854,0.220607,-0.092152,0.220576,-0.089575,0.220576,-0.089575,0.220178,-0.017342,0.220000,-0.016347,0.220000,-0.015932,0.220000,-0.015932,0,-0.437739,0.220000,0.212667,-0.009014,-0.023681,-0.072152,-0.112152,0.311127,0.330000,-0.134012,1
1772480736,780052226,-1.173164,-2.299948,0.978668,-0.377467,-0.877147,-2.572726,1,0.220228,-0.086937,0.220576,-0.089575,0.220274,-0.083842,0.220274,-0.083842,0.219629,-0.016238,0.220000,-0.015932,0.220000,-0.010991,0.220000,-0.010991,0,-0.302413,0.220000,0.212667,-0.008598,-0.023265,-0.069575,-0.109575,0.311127,0.330000,-0.125606,1
1772480736,805049378,-1.168567,-2.294901,0.976800,-0.383693,-0.879944,-2.574595,1,0.220355,-0.091886,0.220274,-0.083842,0.220250,-0.082585,0.220250,-0.082585,0.219817,-0.015392,0.220000,-0.010991,0.220000,-0.010485,0.220000,-0.010485,0,-0.288508,0.220000,0.212667,-0.003658,-0.018325,-0.063842,-0.103842,0.311127,0.330000,-0.123737,1
1772480736,830106294,-1.166008,-2.291195,0.973360,-0.387518,-0.882323,-2.578035,1,0.220306,-0.074516,0.220250,-0.082585,0.220230,-0.079794,0.220230,-0.079794,0.220049,-0.010637,0.220000,-0.010485,0.220000,-0.010067,0.220000,-0.010067,0,-0.277043,0.220000,0.212667,-0.003151,-0.017818,-0.062585,-0.102585,0.311127,0.330000,-0.119566,1
1772480736,880179353,-1.159677,-2.282892,0.967904,-0.396632,-0.887417,-2.583491,1,0.220338,-0.068776,0.220230,-0.079794,0.220197,-0.075685,0.220197,-0.075685,0.220122,-0.009748,0.220000,-0.010067,0.220000,-0.009324,0.220000,-0.009324,0,-0.256617,0.220000,0.212667,-0.002734,-0.017401,-0.059794,-0.099794,0.311127,0.330000,-0.113426,1
1772480736,905221836,-1.155221,-2.277935,0.965409,-0.402694,-0.890188,-2.585986,1,0.220107,-0.086918,0.220197,-0.075685,0.220172,-0.073591,0.220172,-0.073591,0.219869,-0.010228,0.220000,-0.009324,0.220000,-0.008704,0.220000,-0.008704,0,-0.239592,0.220000,0.212667,-0.001990,-0.016657,-0.055685,-0.095685,0.311127,0.330000,-0.110301,1
1772480736,930242435,-1.153037,-2.274424,0.963014,-0.406096,-0.892538,-2.588380,1,0.220495,-0.066648,0.220172,-0.073591,0.220169,-0.071993,0.220169,-0.071993,0.220322,-0.008755,0.220000,-0.008704,0.220000,-0.008616,0.220000,-0.008616,0,-0.237170,0.220000,0.212667,-0.001371,-0.016037,-0.053591,-0.093591,0.311127,0.330000,-0.107906,1
1772480736,980336762,-1.147360,-2.265814,0.958775,-0.414734,-0.898173,-2.592620,1,0.219978,-0.071149,0.220169,-0.071993,0.220168,-0.068581,0.220168,-0.068581,0.219808,-0.008647,0.220000,-0.008616,0.220000,-0.008595,0.220000,-0.008595,0,-0.236596,0.220000,0.212667,-0.001283,-0.015949,-0.051993,-0.091993,0.311127,0.330000,-0.102793,1
1772480737,5338024,-1.143563,-2.261837,0.957417,-0.419801,-0.900307,-2.593978,1,0.220504,-0.081650,0.220168,-0.068581,0.220150,-0.067081,0.220150,-0.067081,0.220332,-0.008726,0.220000,-0.008595,0.220000,-0.008122,0.220000,-0.008122,0,-0.223598,0.220000,0.212667,-0.001262,-0.015928,-0.048581,-0.088581,0.311127,0.330000,-0.100553,1
1772480737,30381617,-1.140534,-2.256482,0.954751,-0.424895,-0.903714,-2.596696,1,0.219693,-0.065053,0.220150,-0.067081,0.220149,-0.065268,0.220149,-0.065268,0.219519,-0.008743,0.220000,-0.008122,0.220000,-0.008106,0.220000,-0.008106,0,-0.223168,0.220000,0.212667,-0.000789,-0.015455,-0.047081,-0.087081,0.311127,0.330000,-0.097836,1
1772480737,80475355,-1.134229,-2.247881,0.950261,-0.436929,-0.904454,-2.601994,1,0.220597,-0.068990,0.220149,-0.065268,0.220035,-0.061226,0.220035,-0.061226,0.220448,-0.008102,0.220000,-0.008106,0.220000,-0.003906,0.220000,-0.003906,0,-0.107584,0.220000,0.212667,-0.000773,-0.015440,-0.045268,-0.085268,0.311127,0.330000,-0.091825,1
1772480737,105509758,-1.130278,-2.244159,0.949140,-0.442036,-0.906290,-2.603115,1,0.219530,-0.065827,0.220035,-0.061226,0.220025,-0.059821,0.220025,-0.059821,0.219385,-0.007986,0.220000,-0.003906,0.220000,-0.003286,0.220000,-0.003286,0,-0.090516,0.220000,0.212667,0.003427,-0.011239,-0.041226,-0.081226,0.311127,0.330000,-0.089722,1
1772480737,130573379,-1.126856,-2.239405,0.947177,-0.447072,-0.909282,-2.605079,1,0.220817,-0.070729,0.220025,-0.059821,0.220023,-0.057787,0.220023,-0.057787,0.220781,-0.004019,0.220000,-0.003286,0.220000,-0.003198,0.220000,-0.003198,0,-0.088088,0.220000,0.212667,0.004047,-0.010619,-0.039821,-0.079821,0.311127,0.330000,-0.086671,1
1772480737,180642803,-1.120743,-2.230486,0.943081,-0.456238,-0.915020,-2.609174,1,0.219606,-0.058335,0.220023,-0.057787,0.220022,-0.054455,0.220022,-0.054455,0.219584,-0.003111,0.220000,-0.003198,0.220000,-0.003089,0.220000,-0.003089,0,-0.085092,0.220000,0.212667,0.004135,-0.010531,-0.037787,-0.077787,0.311127,0.330000,-0.081674,1
1772480737,205654932,-1.117162,-2.226827,0.941568,-0.460982,-0.916945,-2.610687,1,0.220371,-0.056170,0.220022,-0.054455,0.220015,-0.053444,0.220015,-0.053444,0.220346,-0.003302,0.220000,-0.003089,0.220000,-0.002535,0.220000,-0.002535,0,-0.069816,0.220000,0.212667,0.004244,-0.010422,-0.034455,-0.074455,0.311127,0.330000,-0.080161,1
1772480737,230792432,-1.114194,-2.222518,0.939504,-0.465423,-0.919710,-2.612752,1,0.219634,-0.052606,0.220015,-0.053444,0.220014,-0.051396,0.220014,-0.051396,0.219612,-0.003088,0.220000,-0.002535,0.220000,-0.002451,0.220000,-0.002451,0,-0.067528,0.220000,0.212667,0.004799,-0.009868,-0.033444,-0.073444,0.311127,0.330000,-0.077090,1
1772480737,280763010,-1.107238,-2.213007,0.936324,-0.475598,-0.925654,-2.615932,1,0.220316,-0.056989,0.220014,-0.051396,0.220013,-0.048435,0.220013,-0.048435,0.220303,-0.002400,0.220000,-0.002451,0.220000,-0.002358,0.220000,-0.002358,0,-0.064954,0.220000,0.212667,0.004882,-0.009785,-0.031396,-0.071396,0.311127,0.330000,-0.072648,1
1772480737,305835940,-1.104318,-2.208888,0.935239,-0.479919,-0.928264,-2.617016,1,0.219819,-0.045776,0.220013,-0.048435,0.220013,-0.047712,0.220013,-0.047712,0.219809,-0.002117,0.220000,-0.002358,0.220000,-0.002426,0.220000,-0.002426,0,-0.066833,0.220000,0.212667,0.004975,-0.009691,-0.028435,-0.068435,0.311127,0.330000,-0.071563,1
1772480737,330983043,-1.101128,-2.203853,0.933819,-0.484744,-0.931485,-2.618431,1,0.220168,-0.056229,0.220013,-0.047712,0.220016,-0.045961,0.220016,-0.045961,0.220152,-0.002673,0.220000,-0.002426,0.220000,-0.002636,0.220000,-0.002636,0,-0.072617,0.220000,0.212667,0.004907,-0.009760,-0.027712,-0.067712,0.311127,0.330000,-0.068937,1
1772480737,380905363,-1.095579,-2.194298,0.930334,-0.492073,-0.936281,-2.621839,1,0.219680,-0.049870,0.220016,-0.045961,0.220016,-0.042980,0.220016,-0.042980,0.219667,-0.002304,0.220000,-0.002636,0.220000,-0.002617,0.220000,-0.002617,0,-0.072087,0.220000,0.212667,0.004697,-0.009970,-0.025961,-0.065961,0.311127,0.330000,-0.064465,1
1772480737,405948584,-1.092441,-2.191161,0.929507,-0.496202,-0.937905,-2.622666,1,0.220094,-0.039776,0.220016,-0.042980,0.220011,-0.042428,0.220011,-0.042428,0.220074,-0.002903,0.220000,-0.002617,0.220000,-0.002198,0.220000,-0.002198,0,-0.060558,0.220000,0.212667,0.004716,-0.009950,-0.022980,-0.062980,0.311127,0.330000,-0.063639,1
1772480737,431059407,-1.088639,-2.186522,0.928632,-0.501540,-0.940641,-2.623541,1,0.220152,-0.033540,0.220011,-0.042428,0.220010,-0.040930,0.220010,-0.040930,0.220143,-0.001977,0.220000,-0.002198,0.220000,-0.002078,0.220000,-0.002078,0,-0.057229,0.220000,0.212667,0.005135,-0.009532,-0.022428,-0.062428,0.311127,0.330000,-0.061392,1
1772480737,481112672,-1.082575,-2.177492,0.926290,-0.510705,-0.946500,-2.625883,1,0.220648,-0.050843,0.220010,-0.040930,0.220013,-0.038347,0.220013,-0.038347,0.220633,-0.002513,0.220000,-0.002078,0.220000,-0.002374,0.220000,-0.002374,0,-0.065397,0.220000,0.212667,0.005256,-0.009411,-0.020930,-0.060930,0.311127,0.330000,-0.057517,1
1772480737,506126601,-1.078494,-2.172691,0.925785,-0.516363,-0.949273,-2.626389,1,0.220475,-0.040557,0.220013,-0.038347,0.220012,-0.037110,0.220012,-0.037110,0.220469,-0.001701,0.220000,-0.002374,0.220000,-0.002253,0.220000,-0.002253,0,-0.062055,0.220000,0.212667,0.004959,-0.009707,-0.018347,-0.058347,0.311127,0.330000,-0.055662,1
1772480737,531198406,-1.076580,-2.169108,0.924484,-0.519547,-0.951794,-2.627689,1,0.219666,-0.035497,0.220012,-0.037110,0.220015,-0.036243,0.220015,-0.036243,0.219653,-0.002331,0.220000,-0.002253,0.220000,-0.002533,0.220000,-0.002533,0,-0.069788,0.220000,0.212667,0.005081,-0.009586,-0.017110,-0.057110,0.311127,0.330000,-0.054361,1
1772480737,581262932,-1.070366,-2.159706,0.922398,-0.528998,-0.957935,-2.629775,1,0.219770,-0.038532,0.220015,-0.036243,0.220020,-0.033972,0.220020,-0.033972,0.219760,-0.002049,0.220000,-0.002533,0.220000,-0.002948,0.220000,-0.002948,0,-0.081196,0.220000,0.212667,0.004800,-0.009867,-0.016243,-0.056243,0.311127,0.330000,-0.050953,1
1772480737,606314014,-1.067705,-2.155861,0.921441,-0.532972,-0.960398,-2.630732,1,0.219473,-0.031300,0.220020,-0.033972,0.220021,-0.032185,0.220021,-0.032185,0.219458,-0.002558,0.220000,-0.002948,0.220000,-0.003029,0.220000,-0.003029,0,-0.083433,0.220000,0.212667,0.004386,-0.010281,-0.013972,-0.053972,0.311127,0.330000,-0.048273,1
1772480737,631339230,-1.063565,-2.150743,0.920679,-0.539017,-0.963414,-2.631532,1,0.220378,-0.034421,0.220021,-0.032185,0.220019,-0.030417,0.220019,-0.030417,0.220356,-0.003095,0.220000,-0.003029,0.220000,-0.002857,0.220000,-0.002857,0,-0.078710,0.220000,0.212667,0.004304,-0.010362,-0.012185,-0.052185,0.311127,0.330000,-0.045622,1
1772480737,681402333,-1.057883,-2.141894,0.918790,-0.550842,-0.968882,-2.633979,1,0.220139,-0.033208,0.220019,-0.030417,0.220010,-0.027712,0.220010,-0.027712,0.220116,-0.003182,0.220000,-0.002857,0.220000,-0.002050,0.220000,-0.002050,0,-0.056482,0.220000,0.212667,0.004476,-0.010191,-0.010417,-0.050417,0.311127,0.330000,-0.041567,1
1772480737,706409047,-1.053916,-2.136773,0.918173,-0.556525,-0.971991,-2.634596,1,0.220320,-0.027700,0.220010,-0.027712,0.220010,-0.026201,0.220010,-0.026201,0.220303,-0.002732,0.220000,-0.002050,0.220000,-0.002067,0.220000,-0.002067,0,-0.056928,0.220000,0.212667,0.005283,-0.009384,-0.007712,-0.047712,0.311127,0.330000,-0.039299,1
1772480737,731499884,-1.050051,-2.132428,0.917619,-0.561805,-0.974429,-2.635149,1,0.220014,-0.025564,0.220010,-0.026201,0.220007,-0.025831,0.220007,-0.025831,0.220007,-0.001808,0.220000,-0.002067,0.220000,-0.001812,0.220000,-0.001812,0,-0.049908,0.220000,0.212667,0.005267,-0.009400,-0.006201,-0.046201,0.311127,0.330000,-0.038745,1
1772480737,781549873,-1.043734,-2.124614,0.916931,-0.570719,-0.979067,-2.635837,1,0.219602,-0.028138,0.220007,-0.025831,0.220007,-0.024029,0.220007,-0.024029,0.219588,-0.002468,0.220000,-0.001812,0.220000,-0.001739,0.220000,-0.001739,0,-0.047908,0.220000,0.212667,0.005522,-0.009145,-0.005831,-0.045831,0.311127,0.330000,-0.036043,1
1772480737,806634780,-1.041318,-2.121025,0.915867,-0.574367,-0.981392,-2.636901,1,0.220116,-0.024532,0.220007,-0.024029,0.220007,-0.021833,0.220007,-0.021833,0.220108,-0.001886,0.220000,-0.001739,0.220000,-0.001787,0.220000,-0.001787,0,-0.049237,0.220000,0.212667,0.005594,-0.009072,-0.004029,-0.044029,0.311127,0.330000,-0.032749,1
1772480737,831703533,-1.036811,-2.116530,0.916035,-0.580295,-0.983710,-2.636733,1,0.219553,-0.020903,0.220007,-0.021833,0.220005,-0.021945,0.220005,-0.021945,0.219546,-0.001682,0.220000,-0.001787,0.220000,-0.001409,0.220000,-0.001409,0,-0.038804,0.220000,0.212667,0.005546,-0.009121,-0.001833,-0.041833,0.311127,0.330000,-0.032917,1
1772480737,881689638,-1.031120,-2.108204,0.914445,-0.588840,-0.989068,-2.638323,1,0.220150,-0.025167,0.220005,-0.021945,0.220006,-0.019506,0.220006,-0.019506,0.220144,-0.001592,0.220000,-0.001409,0.220000,-0.001647,0.220000,-0.001647,0,-0.045362,0.220000,0.212667,0.005925,-0.008742,-0.001945,-0.041945,0.311127,0.330000,-0.029258,1
1772480737,906715709,-1.027193,-2.103934,0.914114,-0.594147,-0.991413,-2.638654,1,0.219772,-0.023438,0.220006,-0.019506,0.220004,-0.017905,0.220004,-0.017905,0.219768,-0.001210,0.220000,-0.001647,0.220000,-0.001348,0.220000,-0.001348,0,-0.037133,0.220000,0.212667,0.005687,-0.008980,0.000494,-0.039506,0.311127,0.330000,-0.026857,1
1772480737,931802432,-1.023636,-2.099469,0.913426,-0.599346,-0.994111,-2.639225,1,0.220517,-0.024320,0.220004,-0.017905,0.220003,-0.016069,0.220003,-0.016069,0.220508,-0.001919,0.220000,-0.001348,0.220000,-0.001236,0.220000,-0.001236,0,-0.034044,0.220000,0.212667,0.005985,-0.008681,0.002095,-0.037905,0.311127,0.330000,-0.024103,1
1772480737,981883941,-1.017670,-2.090232,0.912598,-0.610817,-1.000614,-2.638292,1,0.219489,-0.020149,0.220003,-0.016069,0.220007,-0.014902,0.220007,-0.014902,0.219485,-0.001289,0.220000,-0.001236,0.220000,-0.001775,0.220000,-0.001775,0,-0.048903,0.220000,0.212667,0.006098,-0.008569,0.003931,-0.036069,0.311127,0.330000,-0.022353,1
1772480738,6907221,-1.014451,-2.085714,0.911903,-0.615567,-1.003478,-2.638986,1,0.219978,-0.014954,0.220007,-0.014902,0.220008,-0.014439,0.220008,-0.014439,0.219974,-0.001327,0.220000,-0.001775,0.220000,-0.001855,0.220000,-0.001855,0,-0.051109,0.220000,0.212667,0.005558,-0.009109,0.005098,-0.034902,0.311127,0.330000,-0.021658,1
1772480738,31986438,-1.010908,-2.081647,0.911812,-0.620436,-1.005798,-2.639078,1,0.219691,-0.009045,0.220008,-0.014439,0.220007,-0.012487,0.220007,-0.012487,0.219680,-0.002168,0.220000,-0.001855,0.220000,-0.001700,0.220000,-0.001700,0,-0.046832,0.220000,0.212667,0.005478,-0.009189,0.005561,-0.034439,0.311127,0.330000,-0.018730,1
1772480738,82007007,-1.005151,-2.072696,0.911259,-0.629280,-1.011719,-2.639630,1,0.220583,-0.004767,0.220007,-0.012487,0.220012,-0.010375,0.220012,-0.010375,0.220578,-0.001387,0.220000,-0.001700,0.220000,-0.002329,0.220000,-0.002329,0,-0.064167,0.220000,0.212667,0.005633,-0.009033,0.007513,-0.032487,0.311127,0.330000,-0.015561,1
1772480738,107031723,-1.002177,-2.069460,0.911110,-0.633296,-1.013505,-2.639780,1,0.220303,-0.017991,0.220012,-0.010375,0.220010,-0.008432,0.220010,-0.008432,0.220290,-0.002358,0.220000,-0.002329,0.220000,-0.002100,0.220000,-0.002100,0,-0.057847,0.220000,0.212667,0.005004,-0.009663,0.009625,-0.030375,0.311127,0.330000,-0.012648,1
1772480738,132121195,-0.997447,-2.064917,0.911060,-0.639443,-1.015790,-2.639829,1,0.220244,-0.007766,0.220010,-0.008432,0.220005,-0.008399,0.220005,-0.008399,0.220235,-0.001963,0.220000,-0.002100,0.220000,-0.001515,0.220000,-0.001515,0,-0.041723,0.220000,0.212667,0.005233,-0.009433,0.011568,-0.028432,0.311127,0.330000,-0.012598,1
1772480738,182198120,-0.990329,-2.056204,0.910200,-0.649441,-1.020951,-2.640690,1,0.220638,-0.017996,0.220005,-0.008399,0.220003,-0.005871,0.220003,-0.005871,0.220619,-0.002912,0.220000,-0.001515,0.220000,-0.001224,0.220000,-0.001224,0,-0.033722,0.220000,0.212667,0.005819,-0.008848,0.011601,-0.028399,0.311127,0.330000,-0.008807,1
1772480738,207201550,-0.989196,-2.050702,0.910002,-0.652670,-1.025547,-2.640887,1,0.220063,-0.003796,0.220003,-0.005871,0.220019,-0.003664,0.220019,-0.003664,0.220060,-0.001114,0.220000,-0.001224,0.220000,-0.002861,0.220000,-0.002861,0,-0.078816,0.220000,0.212667,0.006109,-0.008557,0.014129,-0.025871,0.311127,0.330000,-0.005496,1
1772480738,232299346,-0.984408,-2.046660,0.910030,-0.658574,-1.027452,-2.640951,1,0.219849,-0.012968,0.220019,-0.003664,0.220010,-0.001198,0.220010,-0.001198,0.219842,-0.001679,0.220000,-0.002861,0.220000,-0.002100,0.220000,-0.002100,0,-0.057843,0.220000,0.212667,0.004472,-0.010195,0.016336,-0.023664,0.311127,0.330000,-0.001797,1
1772480738,282282756,-0.977957,-2.037898,0.909982,-0.666474,-1.034487,-2.642424,1,0.219748,-0.003511,0.220010,-0.001198,0.220026,0.002348,0.220026,0.002348,0.219730,-0.002778,0.220000,-0.002100,0.220000,-0.003386,0.220000,-0.003386,0,-0.093264,0.220000,0.212667,0.005234,-0.009433,0.018802,-0.021198,0.311127,0.330000,0.003521,1
1772480738,307319453,-0.974159,-2.033215,0.910140,-0.671826,-1.037263,-2.642265,1,0.219614,-0.004234,0.220026,0.002348,0.220025,0.002242,0.220025,0.002242,0.219604,-0.002154,0.220000,-0.003386,0.220000,-0.003331,0.220000,-0.003331,0,-0.091746,0.220000,0.212667,0.003947,-0.010719,0.022348,-0.017652,0.311127,0.330000,0.003363,1
1772480738,332380547,-0.972275,-2.029171,0.909836,-0.675168,-1.040218,-2.642569,1,0.220118,0.000000,0.220025,0.002242,0.220035,0.004945,0.220035,0.004945,0.220087,-0.003684,0.220000,-0.003331,0.220000,-0.003918,0.220000,-0.003918,0,-0.107925,0.220000,0.212667,0.004003,-0.010664,0.022242,-0.017758,0.311127,0.330000,0.007417,1
1772480738,382513276,-0.965104,-2.021660,0.910824,-0.684742,-1.044240,-2.641581,1,0.219936,0.009117,0.220035,0.004945,0.220026,0.006953,0.220026,0.006953,0.219914,-0.003130,0.220000,-0.003918,0.220000,-0.003392,0.220000,-0.003392,0,-0.093421,0.220000,0.212667,0.003415,-0.011252,0.024945,-0.015055,0.311127,0.330000,0.010428,1
1772480738,407542139,-0.962613,-2.016505,0.910550,-0.689084,-1.047971,-2.641855,1,0.220216,0.005534,0.220026,0.006953,0.220038,0.007136,0.220038,0.007136,0.220179,-0.004038,0.220000,-0.003392,0.220000,-0.004096,0.220000,-0.004096,0,-0.112805,0.220000,0.212667,0.003942,-0.010725,0.026953,-0.013047,0.311127,0.330000,0.010702,1
1772480738,432510341,-0.959105,-2.011264,0.910767,-0.694393,-1.051376,-2.641638,1,0.220022,0.010783,0.220038,0.007136,0.220044,0.009840,0.220044,0.009840,0.220001,-0.003045,0.220000,-0.004096,0.220000,-0.004391,0.220000,-0.004391,0,-0.120940,0.220000,0.212667,0.003238,-0.011429,0.027136,-0.012864,0.311127,0.330000,0.014757,1
1772480738,457549726,-0.955161,-2.008220,0.911887,-0.699225,-1.052591,-2.640518,1,0.220103,0.007600,0.220044,0.009840,0.220032,0.009093,0.220032,0.009093,0.220057,-0.004483,0.220000,-0.004391,0.220000,-0.003763,0.220000,-0.003763,0,-0.103652,0.220000,0.212667,0.002942,-0.011724,0.029840,-0.010160,0.311127,0.330000,0.013637,1
1772480738,507620856,-0.948222,-1.998873,0.912143,-0.709320,-1.058389,-2.640262,1,0.220756,0.005790,0.220032,0.009093,0.220034,0.015233,0.220034,0.015233,0.220696,-0.005145,0.220000,-0.003763,0.220000,-0.003850,0.220000,-0.003850,0,-0.106038,0.220000,0.212667,0.003570,-0.011096,0.029093,-0.010907,0.311127,0.330000,0.022846,1
1772480738,532680435,-0.944666,-1.995768,0.912436,-0.713994,-1.060019,-2.639997,1,0.219614,0.004394,0.220034,0.015233,0.220025,0.015056,0.220025,0.015056,0.219579,-0.003918,0.220000,-0.003850,0.220000,-0.003297,0.220000,-0.003297,0,-0.090808,0.220000,0.212667,0.003484,-0.011183,0.035233,-0.004767,0.311127,0.330000,0.022581,1
1772480738,582682632,-0.938810,-1.987243,0.913245,-0.725549,-1.068720,-2.639630,1,0.220536,0.017920,0.220025,0.015056,0.220047,0.022081,0.220047,0.022081,0.220514,-0.003132,0.220000,-0.003297,0.220000,-0.004526,0.220000,-0.004526,0,-0.124670,0.220000,0.212667,0.004037,-0.010630,0.035056,-0.004944,0.311127,0.330000,0.033114,1
1772480738,607742451,-0.933980,-1.982502,0.913868,-0.731871,-1.071134,-2.639007,1,0.219735,0.012786,0.220047,0.022081,0.220035,0.021665,0.220035,0.021665,0.219711,-0.003251,0.220000,-0.004526,0.220000,-0.003910,0.220000,-0.003910,0,-0.107704,0.220000,0.212667,0.002807,-0.011860,0.042081,0.002081,0.311127,0.330000,0.032492,1
1772480738,632819663,-0.931174,-1.977645,0.913945,-0.736385,-1.074465,-2.638930,1,0.220807,0.031042,0.220035,0.021665,0.220042,0.025668,0.220042,0.025668,0.220766,-0.004254,0.220000,-0.003910,0.220000,-0.004299,0.220000,-0.004299,0,-0.118403,0.220000,0.212667,0.003423,-0.011244,0.041665,0.001665,0.311127,0.330000,0.038495,1
1772480738,682863976,-0.923619,-1.968665,0.914753,-0.746900,-1.079675,-2.638122,1,0.220023,0.026856,0.220042,0.025668,0.220034,0.029500,0.220034,0.029500,0.219971,-0.004770,0.220000,-0.004299,0.220000,-0.003841,0.220000,-0.003841,0,-0.105794,0.220000,0.212667,0.003034,-0.011632,0.045668,0.005668,0.311127,0.330000,0.044243,1
1772480738,707886366,-0.920219,-1.965360,0.916355,-0.751338,-1.081346,-2.636520,1,0.219947,0.031545,0.220034,0.029500,0.220030,0.033154,0.220030,0.033154,0.219908,-0.004158,0.220000,-0.003841,0.220000,-0.003608,0.220000,-0.003608,0,-0.099388,0.220000,0.212667,0.003492,-0.011174,0.049500,0.009500,0.311127,0.330000,0.049725,1
1772480738,732934966,-0.917532,-1.960040,0.915798,-0.755928,-1.085148,-2.637077,1,0.219493,0.030805,0.220030,0.033154,0.220037,0.033527,0.220037,0.033527,0.219457,-0.003966,0.220000,-0.003608,0.220000,-0.004044,0.220000,-0.004044,0,-0.111387,0.220000,0.212667,0.003725,-0.010942,0.053154,0.013154,0.311127,0.330000,0.050282,1
1772480738,783014690,-0.910327,-1.952766,0.917907,-0.765440,-1.088934,-2.634968,1,0.220442,0.035044,0.220037,0.033527,0.220025,0.037231,0.220025,0.037231,0.220408,-0.003874,0.220000,-0.004044,0.220000,-0.003299,0.220000,-0.003299,0,-0.090869,0.220000,0.212667,0.003289,-0.011377,0.053527,0.013527,0.311127,0.330000,0.055840,1
1772480738,807957256,-0.906776,-1.947002,0.918420,-0.770999,-1.092799,-2.634455,1,0.220257,0.037063,0.220025,0.037231,0.220030,0.042432,0.220030,0.042432,0.220209,-0.004593,0.220000,-0.003299,0.220000,-0.003609,0.220000,-0.003609,0,-0.099410,0.220000,0.212667,0.004034,-0.010632,0.057231,0.017231,0.311127,0.330000,0.063640,1
1772480738,833074709,-0.903710,-1.942887,0.919041,-0.775570,-1.095253,-2.633818,1,0.220177,0.035492,0.220030,0.042432,0.220028,0.048028,0.220028,0.048028,0.220153,-0.003286,0.220000,-0.003609,0.220000,-0.003494,0.220000,-0.003494,0,-0.096240,0.220000,0.212667,0.003724,-0.010942,0.062432,0.022432,0.311127,0.330000,0.072033,1
1772480738,883094623,-0.896607,-1.934562,0.920716,-0.787396,-1.098474,-2.631853,1,0.219831,0.040982,0.220028,0.048028,0.220005,0.053265,0.220005,0.053265,0.219800,-0.003723,0.220000,-0.003494,0.220000,-0.001418,0.220000,-0.001418,0,-0.039052,0.220000,0.212667,0.003839,-0.010827,0.068028,0.028028,0.311127,0.330000,0.079896,1
1772480738,908132716,-0.894433,-1.930427,0.920756,-0.791041,-1.101396,-2.631813,1,0.219588,0.048506,0.220005,0.053265,0.220007,0.053239,0.220007,0.053239,0.219561,-0.003492,0.220000,-0.001418,0.220000,-0.001711,0.220000,-0.001711,0,-0.047129,0.220000,0.212667,0.005916,-0.008751,0.073265,0.033265,0.311127,0.330000,0.079857,1
1772480738,933194837,-0.890430,-1.925496,0.922248,-0.796680,-1.104317,-2.630321,1,0.219891,0.052764,0.220007,0.053239,0.220006,0.059411,0.220006,0.059411,0.219886,-0.001569,0.220000,-0.001711,0.220000,-0.001563,0.220000,-0.001563,0,-0.043059,0.220000,0.212667,0.005622,-0.009044,0.073239,0.033239,0.311127,0.330000,0.089114,1
1772480738,983202452,-0.883015,-1.917185,0.925748,-0.806798,-1.108973,-2.626821,1,0.220089,0.043156,0.220006,0.059411,0.220003,0.065585,0.220003,0.065585,0.220081,-0.001858,0.220000,-0.001563,0.220000,-0.001082,0.220000,-0.001082,0,-0.029802,0.220000,0.212667,0.005770,-0.008896,0.079411,0.039411,0.311127,0.330000,0.098377,1
1772480739,8220322,-0.881053,-1.912710,0.925447,-0.810385,-1.112292,-2.627122,1,0.220315,0.057420,0.220003,0.065585,0.220005,0.075202,0.220005,0.075202,0.220310,-0.001541,0.220000,-0.001082,0.220000,-0.001473,0.220000,-0.001473,0,-0.040590,0.220000,0.212667,0.006252,-0.008415,0.085585,0.045585,0.311127,0.330000,0.112801,1
1772480739,33327596,-0.877002,-1.908523,0.926727,-0.815771,-1.114512,-2.625842,1,0.220280,0.055333,0.220005,0.075202,0.220002,0.074348,0.220002,0.074348,0.220273,-0.001800,0.220000,-0.001473,0.220000,-0.000867,0.220000,-0.000867,0,-0.023877,0.220000,0.212667,0.005860,-0.008807,0.095202,0.055202,0.311127,0.330000,0.111521,1
1772480739,83385751,-0.870512,-1.898880,0.927886,-0.825573,-1.120759,-2.624682,1,0.219744,0.077857,0.220002,0.074348,0.220001,0.083362,0.220001,0.083362,0.219744,0.000000,0.220000,-0.000867,0.220000,-0.000635,0.220000,-0.000635,0,-0.017505,0.220000,0.212667,0.006467,-0.008200,0.094348,0.054348,0.311127,0.330000,0.125042,1
1772480739,108429901,-0.867029,-1.894996,0.930077,-0.830318,-1.122929,-2.622491,1,0.221017,0.076292,0.220001,0.083362,0.220000,0.093438,0.220000,0.093438,0.221017,0.000000,0.220000,-0.000635,0.220000,-0.000367,0.220000,-0.000367,0,-0.010115,0.220000,0.212667,0.006698,-0.007969,0.103362,0.063362,0.311127,0.330000,0.140157,1
1772480739,133424555,-0.864194,-1.890761,0.931660,-0.834875,-1.125710,-2.621178,1,0.219533,0.084229,0.220000,0.093438,0.220000,0.092562,0.220000,0.092562,0.219533,0.000000,0.220000,-0.000367,0.220000,-0.000291,0.220000,-0.000291,0,-0.008023,0.220000,0.212667,0.006966,-0.007700,0.113438,0.073438,0.311127,0.330000,0.138844,1
1772480739,183471120,-0.858443,-1.881887,0.934797,-0.848586,-1.132088,-2.622937,1,0.219751,0.099489,0.220000,0.092562,0.212680,0.112562,0.212680,0.112562,0.219751,0.000000,0.220000,-0.000291,0.212667,0.002397,0.212667,0.002397,0,0.069118,0.220000,0.212667,0.007042,-0.007625,0.112562,0.072562,0.311127,0.330000,0.183640,1
1772480739,208523063,-0.855109,-1.878188,0.936677,-0.853130,-1.134124,-2.621057,1,0.220535,0.084664,0.212680,0.112562,0.220008,0.109703,0.220008,0.109703,0.220535,0.000000,0.212667,0.002397,0.220000,0.001818,0.220000,0.001818,0,0.051800,0.220000,0.205333,0.009731,-0.004936,0.132562,0.092562,0.311127,0.319020,0.159074,1
1772480739,233612411,-0.852468,-1.872966,0.938476,-0.857656,-1.137832,-2.619257,1,0.222029,0.106296,0.220008,0.109703,0.212682,0.129703,0.212682,0.129703,0.222023,0.001610,0.220000,0.001818,0.212667,0.002594,0.212667,0.002594,0,0.074505,0.220000,0.212667,0.009151,-0.005516,0.129703,0.089703,0.311127,0.330000,0.206955,1
1772480739,258555584,-0.847230,-1.869544,0.942073,-0.863831,-1.138845,-2.615661,1,0.211936,0.125224,0.212682,0.129703,0.220018,0.140248,0.220018,0.140248,0.211921,0.002524,0.212667,0.002594,0.220000,0.002837,0.220000,0.002837,0,0.080844,0.220000,0.205333,0.009928,-0.004739,0.149703,0.109703,0.311127,0.319024,0.203358,1
1772480739,308677729,-0.842978,-1.859687,0.946134,-0.871705,-1.146142,-2.611600,1,0.213427,0.130775,0.220018,0.140248,0.212690,0.160248,0.212690,0.160248,0.213411,0.002624,0.220000,0.002837,0.212667,0.003121,0.212667,0.003121,0,0.091934,0.220000,0.212667,0.010171,-0.004496,0.160248,0.120248,0.311127,0.330000,0.270500,1
1772480739,333733019,-0.839278,-1.855221,0.949106,-0.876895,-1.148731,-2.608628,1,0.210293,0.157627,0.212690,0.160248,0.220011,0.157887,0.220011,0.157887,0.210265,0.003393,0.212667,0.003121,0.220000,0.002212,0.220000,0.002212,0,0.063031,0.220000,0.205333,0.010455,-0.004212,0.180248,0.140248,0.311127,0.319034,0.228949,1
1772480739,383776632,-0.833729,-1.846546,0.956594,-0.885476,-1.154423,-2.601140,1,0.221799,0.143889,0.220011,0.157887,0.212692,0.177887,0.212692,0.177887,0.221791,0.001797,0.220000,0.002212,0.212667,0.003268,0.212667,0.003268,0,0.108410,0.220000,0.212667,0.009545,-0.005121,0.177887,0.137887,0.311127,0.330000,0.369708,1
1772480739,408848859,-0.830904,-1.842049,0.960818,-0.889879,-1.157394,-2.596916,1,0.219812,0.160779,0.212692,0.177887,0.207868,0.197887,0.207868,0.197887,0.219799,0.002366,0.212667,0.003268,0.207861,0.001710,0.207861,0.001710,0,0.051566,0.220000,0.205333,0.010601,-0.004066,0.197887,0.157887,0.311127,0.319038,0.303719,1
1772480739,433923423,-0.828514,-1.837439,0.964177,-0.893764,-1.161007,-2.593442,1,0.206784,0.187157,0.207868,0.197887,0.215194,0.207218,0.215194,0.207218,0.206779,0.001437,0.207861,0.001710,0.215194,-0.000078,0.215194,-0.000078,0,-0.002334,0.215194,0.200527,0.009043,-0.005623,0.217887,0.177887,0.311127,0.311802,0.300244,1
1772480739,458926955,-0.825413,-1.834284,0.968896,-0.895129,-1.168711,-2.586808,1,0.216838,0.204754,0.215194,0.207218,0.207870,0.227218,0.207870,0.227218,0.216838,0.000000,0.215194,-0.000078,0.207861,-0.001964,0.207861,-0.001964,0,-0.058770,0.220000,0.207861,0.007255,-0.007412,0.227218,0.187218,0.311127,0.322791,0.355376,1
1772480739,509050996,-0.819509,-1.824565,0.978527,-0.904444,-1.175233,-2.577177,1,0.215356,0.217563,0.207870,0.227218,0.200566,0.247218,0.200566,0.247218,0.215356,0.000000,0.207861,-0.001964,0.200527,-0.003959,0.200527,-0.003959,0,-0.135271,0.215194,0.200527,0.005369,-0.009297,0.247218,0.207218,0.311127,0.311805,0.426174,1
1772480739,534104351,-0.817775,-1.820861,0.983418,-0.907522,-1.177926,-2.572286,1,0.198516,0.234242,0.200566,0.247218,0.207998,0.235656,0.207998,0.235656,0.198472,-0.004180,0.200527,-0.003959,0.207861,-0.007555,0.207861,-0.007555,0,-0.241475,0.207861,0.193194,0.003374,-0.011293,0.267218,0.227218,0.311127,0.300850,0.340854,1
1772480739,559119981,-0.813944,-1.816609,0.989676,-0.912741,-1.180277,-2.566028,1,0.206705,0.246489,0.207998,0.235656,0.200551,0.255656,0.200551,0.255656,0.206559,-0.007772,0.207861,-0.007555,0.200527,-0.003059,0.200527,-0.003059,0,-0.118738,0.215194,0.200527,-0.000222,-0.014889,0.255656,0.215656,0.311127,0.311997,0.522825,1
1772480739,609203751,-0.808890,-1.807836,1.002844,-0.920897,-1.186275,-2.552860,1,0.208205,0.248437,0.200551,0.255656,0.206353,0.275656,0.206353,0.275656,0.208069,-0.007529,0.200527,-0.003059,0.206218,-0.007453,0.206218,-0.007453,0,-0.240119,0.207861,0.193194,0.004274,-0.010393,0.275656,0.235656,0.311127,0.300826,0.401857,1
1772480739,634280814,-0.806107,-1.803317,1.009343,-0.925263,-1.189292,-2.546361,1,0.207338,0.247804,0.206353,0.275656,0.198902,0.295656,0.198902,0.295656,0.207139,-0.009077,0.206218,-0.007453,0.198885,-0.002575,0.198885,-0.002575,0,-0.110097,0.213552,0.198885,-0.000120,-0.014786,0.295656,0.255656,0.311127,0.309529,0.652095,1
1772480739,659310356,-0.803457,-1.798396,1.015176,-0.929669,-1.192731,-2.540527,1,0.199101,0.294155,0.198902,0.295656,0.191679,0.315656,0.191679,0.315656,0.199076,-0.003162,0.198885,-0.002575,0.191552,-0.006980,0.191552,-0.006980,0,-0.246278,0.206218,0.191552,0.004759,-0.009908,0.315656,0.275656,0.311127,0.298352,0.497325,1
1772480739,709385368,-0.797480,-1.792655,1.029249,-0.937451,-1.195582,-2.526455,1,0.198268,0.294814,0.191679,0.315656,0.199130,0.334691,0.199130,0.334691,0.198246,-0.002956,0.191552,-0.006980,0.198885,-0.009868,0.198885,-0.009868,0,-0.344701,0.198885,0.184218,0.000354,-0.014313,0.335656,0.295656,0.311127,0.287518,0.483252,1
1772480739,734468234,-0.795599,-1.788367,1.036467,-0.940802,-1.199028,-2.519258,1,0.201747,0.342175,0.199130,0.334691,0.191575,0.354691,0.191575,0.354691,0.201403,-0.011784,0.198885,-0.009868,0.191552,-0.002992,0.191552,-0.002992,0,-0.148354,0.206218,0.191552,-0.002534,-0.017201,0.354691,0.314691,0.311127,0.298694,0.829699,1
1772480739,759558125,-0.792386,-1.784383,1.042867,-0.943873,-1.205637,-2.513181,1,0.191267,0.336794,0.191575,0.354691,0.184491,0.374691,0.184491,0.374691,0.191247,-0.002766,0.191552,-0.002992,0.184218,-0.010033,0.184218,-0.010033,0,-0.397110,0.198885,0.184218,0.004342,-0.010325,0.374691,0.334691,0.311127,0.287362,0.618915,1
1772480739,809625507,-0.789114,-1.776509,1.060489,-0.950038,-1.211527,-2.495558,1,0.183169,0.311304,0.184491,0.374691,0.181652,0.394691,0.181652,0.394691,0.182782,-0.011912,0.184218,-0.010033,0.180979,-0.015613,0.180979,-0.015613,0,-0.621171,0.191552,0.176885,-0.002699,-0.017366,0.394691,0.354691,0.311127,0.276737,0.601292,1
1772480739,834701535,-0.785600,-1.772498,1.068864,-0.954870,-1.213784,-2.487184,1,0.180815,0.398919,0.181652,0.394691,0.189068,0.411418,0.189068,0.411418,0.179960,-0.017559,0.180979,-0.015613,0.188313,-0.016888,0.188313,-0.016888,0,-0.655615,0.188313,0.173646,-0.008280,-0.022946,0.414691,0.374691,0.311127,0.272477,0.592918,1
1772480739,859695927,-0.783088,-1.768700,1.077628,-0.958699,-1.216249,-2.478420,1,0.189232,0.408022,0.189068,0.411418,0.181231,0.431418,0.181231,0.431418,0.188426,-0.017441,0.188313,-0.016888,0.180979,-0.009554,0.180979,-0.009554,0,-0.192534,0.195646,0.180979,-0.009554,-0.024221,0.431418,0.391418,0.311127,0.283603,1.317904,1
1772480739,909925470,-0.778908,-1.761396,1.098727,-0.965466,-1.221250,-2.457320,1,0.180549,0.461542,0.181231,0.431418,0.173877,0.451418,0.173877,0.451418,0.180331,-0.008872,0.180979,-0.009554,0.173646,-0.008969,0.173646,-0.008969,0,-0.534999,0.188313,0.173646,-0.002221,-0.016888,0.451418,0.411418,0.311127,0.271847,1.024536,1
1772480739,934905616,-0.776735,-1.757522,1.109117,-0.969015,-1.223922,-2.446930,1,0.172614,0.451114,0.173877,0.451418,0.167110,0.471418,0.167110,0.471418,0.172363,-0.009305,0.173646,-0.008969,0.166313,-0.016302,0.166313,-0.016302,0,-0.873702,0.180979,0.166313,-0.001635,-0.016302,0.471418,0.431418,0.311127,0.260816,0.757372,1
1772480739,959966766,-0.774719,-1.752643,1.119598,-0.972825,-1.227576,-2.436449,1,0.167096,0.453253,0.167110,0.471418,0.175247,0.451418,0.175247,0.451418,0.166230,-0.016991,0.166313,-0.016302,0.173646,-0.023635,0.173646,-0.023635,0,-1.163299,0.173646,0.158979,-0.008969,-0.023635,0.491418,0.451418,0.311127,0.250665,0.542183,1
1772480740,10043140,-0.769415,-1.746588,1.139870,-0.980119,-1.230982,-2.416178,1,0.177729,0.422877,0.175247,0.451418,0.167110,0.431418,0.167110,0.431418,0.175790,-0.026181,0.173646,-0.023635,0.166313,-0.016302,0.166313,-0.016302,0,7.440781,0.180979,0.166313,-0.016302,-0.030969,0.471418,0.431418,0.311127,0.262871,2.390806,1
1772480740,35269530,-0.767632,-1.742660,1.151258,-0.983461,-1.234449,-2.405001,1,0.175464,0.455444,0.167110,0.431418,0.159623,0.451418,0.159623,0.451418,0.173789,-0.024183,0.166313,-0.016302,0.158979,-0.014326,0.158979,-0.014326,0,-0.959904,0.173646,0.158979,-0.008969,-0.023635,0.451418,0.411418,0.311127,0.250665,0.972217,1
1772480740,60228732,-0.765684,-1.738110,1.163426,-0.988621,-1.244823,-2.395340,1,0.167601,0.447580,0.159623,0.451418,0.152831,0.471418,0.152831,0.471418,0.166749,-0.016876,0.158979,-0.014326,0.151646,-0.018992,0.151646,-0.018992,0,-1.329406,0.166313,0.151646,-0.006993,-0.021659,0.471418,0.431418,0.311127,0.239435,0.962556,1
1772480740,110282404,-0.761875,-1.731816,1.187144,-0.994653,-1.249034,-2.371621,1,0.156853,0.463330,0.152831,0.471418,0.146379,0.491418,0.146379,0.491418,0.156231,-0.013956,0.151646,-0.018992,0.144313,-0.024509,0.144313,-0.024509,0,-1.760264,0.158979,0.144313,-0.011659,-0.026325,0.491418,0.451418,0.311127,0.229246,0.938837,1
1772480740,135330353,-0.759252,-1.726987,1.197327,-0.999008,-1.252387,-2.361439,1,0.151157,0.447563,0.146379,0.491418,0.153029,0.471418,0.153029,0.471418,0.149643,-0.021346,0.144313,-0.024509,0.149680,-0.031843,0.149680,-0.031843,0,-2.131385,0.151646,0.136979,-0.017176,-0.031843,0.511418,0.471418,0.311127,0.219569,0.671880,1
1772480740,160452864,-0.757490,-1.724215,1.206324,-1.001742,-1.254207,-2.352441,1,0.146139,0.489338,0.153029,0.471418,0.144441,0.451418,0.144441,0.451418,0.144111,-0.024262,0.149680,-0.031843,0.142346,-0.024509,0.142346,-0.024509,0,8.291054,0.157013,0.142346,-0.024509,-0.039176,0.491418,0.451418,0.311127,0.229544,2.312283,1
1772480740,210496024,-0.754825,-1.719237,1.227839,-1.006195,-1.257678,-2.330927,1,0.154613,0.450955,0.144441,0.451418,0.137665,0.471418,0.137665,0.471418,0.150864,-0.033842,0.142346,-0.024509,0.135013,-0.026893,0.135013,-0.026893,0,-2.158086,0.149680,0.135013,-0.017176,-0.031843,0.471418,0.431418,0.311127,0.216661,0.898143,1
1772480740,235557468,-0.753711,-1.715745,1.243062,-1.008628,-1.260419,-2.315704,1,0.144082,0.448137,0.137665,0.471418,0.146257,0.451418,0.146257,0.451418,0.142012,-0.024333,0.135013,-0.026893,0.142196,-0.034226,0.142196,-0.034226,0,-2.811285,0.142346,0.127680,-0.019560,-0.034226,0.491418,0.451418,0.311127,0.206498,0.626145,1
1772480740,260636216,-0.750678,-1.713027,1.256184,-1.012503,-1.261675,-2.302581,1,0.137400,0.460332,0.146257,0.451418,0.137518,0.431418,0.137518,0.431418,0.134654,-0.027333,0.142196,-0.034226,0.134862,-0.026893,0.134862,-0.026893,0,8.498770,0.149529,0.134862,-0.026893,-0.041560,0.471418,0.431418,0.311127,0.219385,2.254869,1
1772480740,310723387,-0.747566,-1.705995,1.277828,-1.018197,-1.266843,-2.280938,1,0.147784,0.458375,0.137518,0.431418,0.129152,0.451418,0.129152,0.451418,0.143161,-0.036673,0.134862,-0.026893,0.127529,-0.020412,0.127529,-0.020412,0,-2.339310,0.142196,0.127529,-0.019560,-0.034226,0.451418,0.411418,0.311127,0.206276,1.120422,1
1772480740,335756669,-0.746153,-1.703228,1.288755,-1.020551,-1.268889,-2.269916,1,0.137988,0.446266,0.129152,0.451418,0.137687,0.431418,0.137687,0.431418,0.135396,-0.026621,0.127529,-0.020412,0.134862,-0.027746,0.134862,-0.027746,0,-3.415312,0.134862,0.120196,-0.013079,-0.027746,0.471418,0.431418,0.311127,0.193728,0.580358,1
1772480740,360818820,-0.743221,-1.699929,1.300007,-1.023903,-1.271723,-2.257592,1,0.129148,0.446007,0.137687,0.431418,0.129152,0.411418,0.129152,0.411418,0.127552,-0.020242,0.134862,-0.027746,0.127529,-0.020412,0.127529,-0.020412,0,8.841195,0.142196,0.127529,-0.020412,-0.035079,0.451418,0.411418,0.311127,0.206530,2.201788,1
1772480740,410913140,-0.741630,-1.693240,1.320946,-1.028061,-1.277198,-2.236653,1,0.140033,0.408331,0.129152,0.411418,0.121425,0.431418,0.121425,0.431418,0.136634,-0.030664,0.127529,-0.020412,0.120196,-0.017232,0.120196,-0.017232,0,-2.749614,0.134862,0.120196,-0.013079,-0.027746,0.431418,0.391418,0.311127,0.193728,1.316341,1
1772480740,435961562,-0.740176,-1.688144,1.331781,-1.031451,-1.281273,-2.225818,1,0.129089,0.401257,0.121425,0.431418,0.115505,0.451418,0.115505,0.451418,0.127476,-0.020347,0.120196,-0.017232,0.112862,-0.024565,0.112862,-0.024565,0,-4.071366,0.127529,0.112862,-0.009899,-0.024565,0.451418,0.411418,0.311127,0.182137,0.793034,1
1772480740,461004437,-0.737733,-1.685989,1.341001,-1.034556,-1.282256,-2.216598,1,0.120930,0.433527,0.115505,0.451418,0.124356,0.431418,0.124356,0.431418,0.119697,-0.017227,0.112862,-0.024565,0.120196,-0.031899,0.120196,-0.031899,0,-4.769307,0.120196,0.105529,-0.017232,-0.031899,0.471418,0.431418,0.311127,0.173257,0.527039,1
1772480740,511085447,-0.736666,-1.680601,1.362528,-1.037709,-1.286754,-2.195071,1,0.114396,0.368166,0.124356,0.431418,0.115505,0.411418,0.115505,0.411418,0.111188,-0.026901,0.120196,-0.031899,0.112862,-0.024565,0.112862,-0.024565,0,9.418571,0.127529,0.112862,-0.024565,-0.039232,0.451418,0.411418,0.311127,0.186535,2.130016,1
1772480740,536153010,-0.735813,-1.678284,1.374065,-1.039426,-1.288528,-2.183534,1,0.123898,0.434494,0.115505,0.411418,0.110245,0.431418,0.110245,0.431418,0.119709,-0.031943,0.112862,-0.024565,0.105529,-0.031899,0.105529,-0.031899,0,-4.689154,0.120196,0.105529,-0.017232,-0.031899,0.431418,0.391418,0.311127,0.173257,0.750751,1
1772480740,561182974,-0.734348,-1.676293,1.384358,-1.041570,-1.289758,-2.173241,1,0.115719,0.417666,0.110245,0.431418,0.119487,0.411418,0.119487,0.411418,0.112920,-0.025298,0.105529,-0.031899,0.112862,-0.039232,0.112862,-0.039232,0,-5.546442,0.112862,0.098196,-0.024565,-0.039232,0.451418,0.411418,0.311127,0.165367,0.483683,1
1772480740,611297983,-0.731719,-1.670191,1.405862,-1.043958,-1.298064,-2.153311,1,0.109632,0.356246,0.119487,0.411418,0.110245,0.391418,0.110245,0.391418,0.104295,-0.033789,0.112862,-0.039232,0.105529,-0.031899,0.105529,-0.031899,0,9.885855,0.120196,0.105529,-0.031899,-0.046565,0.431418,0.391418,0.311127,0.179230,2.088255,1
1772480740,636324054,-0.731019,-1.668291,1.416326,-1.045368,-1.299517,-2.142847,1,0.119347,0.416191,0.110245,0.391418,0.102870,0.411418,0.102870,0.411418,0.112678,-0.039334,0.105529,-0.031899,0.098196,-0.030658,0.098196,-0.030658,0,-5.285376,0.112862,0.098196,-0.024565,-0.039232,0.411418,0.371418,0.311127,0.165367,0.982332,1
1772480740,661398001,-0.728641,-1.665519,1.426872,-1.048666,-1.301085,-2.132301,1,0.109759,0.388543,0.102870,0.411418,0.112159,0.391418,0.112159,0.391418,0.105023,-0.031892,0.098196,-0.030658,0.105529,-0.037991,0.105529,-0.037991,0,-6.855289,0.105529,0.090862,-0.023325,-0.037991,0.431418,0.391418,0.311127,0.154305,0.442743,1
1772480740,711462393,-0.726873,-1.660298,1.446799,-1.052399,-1.305141,-2.112374,1,0.100677,0.409745,0.112159,0.391418,0.102870,0.371418,0.102870,0.371418,0.096091,-0.030039,0.105529,-0.037991,0.098196,-0.030658,0.098196,-0.030658,0,10.196838,0.112862,0.098196,-0.030658,-0.045325,0.411418,0.371418,0.311127,0.168239,2.036677,1
1772480740,736455121,-0.725389,-1.657386,1.457662,-1.054936,-1.307201,-2.101511,1,0.111455,0.402908,0.102870,0.371418,0.095660,0.391418,0.095660,0.391418,0.104774,-0.038011,0.098196,-0.030658,0.090862,-0.029913,0.090862,-0.029913,0,-5.966920,0.105529,0.090862,-0.023325,-0.037991,0.391418,0.351418,0.311127,0.154305,0.940995,1
1772480740,761527335,-0.724520,-1.654392,1.467813,-1.056945,-1.309585,-2.091360,1,0.103039,0.368157,0.095660,0.391418,0.105022,0.371418,0.105022,0.371418,0.098200,-0.031206,0.090862,-0.029913,0.098196,-0.037246,0.098196,-0.037246,0,-8.141946,0.098196,0.083529,-0.022580,-0.037246,0.411418,0.371418,0.311127,0.143489,0.401801,1
1772480740,811600756,-0.722110,-1.649449,1.486366,-1.059297,-1.313696,-2.071664,1,0.094512,0.369354,0.105022,0.371418,0.095660,0.351418,0.095660,0.351418,0.089599,-0.030077,0.098196,-0.037246,0.090862,-0.029913,0.090862,-0.029913,0,10.622114,0.105529,0.090862,-0.029913,-0.044580,0.391418,0.351418,0.311127,0.157533,1.990036,1
1772480740,836625504,-0.721747,-1.646613,1.496256,-1.060777,-1.316143,-2.061775,1,0.104131,0.379161,0.095660,0.351418,0.089788,0.371418,0.089788,0.371418,0.097447,-0.036705,0.090862,-0.029913,0.083529,-0.032937,0.083529,-0.032937,0,-7.671322,0.098196,0.083529,-0.022580,-0.037246,0.371418,0.331418,0.311127,0.143489,0.901260,1
1772480740,861749538,-0.720565,-1.643531,1.506376,-1.063104,-1.318483,-2.051655,1,0.095337,0.361642,0.089788,0.371418,0.099386,0.351418,0.099386,0.351418,0.090647,-0.029532,0.083529,-0.032937,0.090862,-0.040270,0.090862,-0.040270,0,-9.579120,0.090862,0.076196,-0.025603,-0.040270,0.391418,0.351418,0.311127,0.134682,0.362096,1
1772480740,911710297,-0.719501,-1.639811,1.523773,-1.065582,-1.321454,-2.034257,1,0.089317,0.390804,0.099386,0.351418,0.089788,0.331418,0.089788,0.331418,0.083096,-0.032749,0.090862,-0.040270,0.083529,-0.032937,0.083529,-0.032937,0,11.054569,0.098196,0.083529,-0.032937,-0.047603,0.371418,0.331418,0.311127,0.149079,1.946236,1
1772480740,936763168,-0.718349,-1.637072,1.533368,-1.067960,-1.323319,-2.024700,1,0.099128,0.336631,0.089788,0.331418,0.082549,0.351418,0.082549,0.351418,0.090683,-0.040037,0.083529,-0.032937,0.076196,-0.031757,0.076196,-0.031757,0,-8.515269,0.090862,0.076196,-0.025603,-0.040270,0.351418,0.311418,0.311127,0.134682,0.864185,1
1772480740,961781019,-0.717071,-1.634731,1.542738,-1.072788,-1.322751,-2.015803,1,0.090086,0.330180,0.082549,0.351418,0.092223,0.331418,0.092223,0.331418,0.083642,-0.033458,0.076196,-0.031757,0.083529,-0.039091,0.083529,-0.039091,0,-10.919300,0.083529,0.068862,-0.024424,-0.039091,0.371418,0.331418,0.311127,0.123823,0.326245,1
1772480741,11921592,-0.715967,-1.630297,1.558478,-1.075594,-1.326359,-2.000063,1,0.082487,0.368297,0.092223,0.331418,0.082549,0.313538,0.082549,0.313538,0.076091,-0.031847,0.083529,-0.039091,0.076196,-0.031757,0.076196,-0.031757,0,11.283230,0.090862,0.076196,-0.031757,-0.046424,0.351418,0.311418,0.311127,0.138335,1.897674,1
1772480741,36893272,-0.714362,-1.629559,1.568005,-1.077360,-1.326384,-1.990536,1,0.091695,0.341890,0.082549,0.313538,0.075624,0.333538,0.075624,0.333538,0.083024,-0.038921,0.076196,-0.031757,0.068862,-0.031257,0.068862,-0.031257,0,-10.042818,0.083529,0.068862,-0.024424,-0.039091,0.333538,0.293538,0.311127,0.123823,0.830020,1
1772480741,61926528,-0.714598,-1.627763,1.576648,-1.078026,-1.328006,-1.982245,1,0.082069,0.309539,0.075624,0.333538,0.085411,0.313538,0.085411,0.313538,0.075911,-0.031190,0.068862,-0.031257,0.076196,-0.038590,0.076196,-0.038590,0,-13.239302,0.076196,0.061529,-0.023924,-0.038590,0.353538,0.313538,0.311127,0.113436,0.292686,1
1772480741,111971099,-0.712872,-1.622842,1.592175,-1.083756,-1.330217,-1.971552,1,0.075964,0.335305,0.085411,0.313538,0.075624,0.333538,0.075624,0.333538,0.068966,-0.031848,0.076196,-0.038590,0.068862,-0.031257,0.068862,-0.031257,0,11.318112,0.083529,0.068862,-0.031257,-0.045924,0.333538,0.293538,0.311127,0.128116,1.852290,1
1772480741,137036044,-0.712005,-1.621409,1.601124,-1.085133,-1.331168,-1.962602,1,0.085126,0.297068,0.075624,0.333538,0.072629,0.333446,0.072629,0.333446,0.075740,-0.038856,0.068862,-0.031257,0.061529,-0.038590,0.061529,-0.038590,0,-11.953500,0.076196,0.061529,-0.023924,-0.038590,0.353538,0.313538,0.311127,0.113436,0.529818,1
1772480741,162032551,-0.712778,-1.618956,1.608898,-1.085433,-1.333723,-1.954829,1,0.075538,0.339420,0.072629,0.333446,0.071036,0.334889,0.071036,0.334889,0.068750,-0.031296,0.061529,-0.038590,0.054196,-0.045924,0.054196,-0.045924,0,-13.272477,0.068862,0.054196,-0.031257,-0.045924,0.353446,0.313446,0.311127,0.110000,0.522045,1
1772480741,212083501,-0.710147,-1.613997,1.626045,-1.087910,-1.333909,-1.939225,1,0.072069,0.315564,0.071036,0.334889,0.076048,0.350126,0.076048,0.350126,0.060910,-0.038521,0.054196,-0.045924,0.054286,-0.053257,0.054286,-0.053257,0,-12.732908,0.061529,0.046862,-0.038590,-0.053257,0.354889,0.314889,0.311127,0.110000,0.506441,1
1772480741,237154273,-0.708906,-1.612567,1.635825,-1.089629,-1.334703,-1.929444,1,0.070877,0.337292,0.076048,0.350126,0.065678,0.330126,0.065678,0.330126,0.053805,-0.046137,0.054286,-0.053257,0.046953,-0.045924,0.046953,-0.045924,0,10.505869,0.061619,0.046953,-0.045924,-0.060590,0.370126,0.330126,0.311127,0.114072,1.778147,1
1772480741,262184095,-0.709378,-1.609572,1.644273,-1.090430,-1.337628,-1.920996,1,0.076210,0.340068,0.065678,0.330126,0.055307,0.310126,0.055307,0.310126,0.053990,-0.053787,0.046953,-0.045924,0.039619,-0.038590,0.039619,-0.038590,0,10.559407,0.054286,0.039619,-0.038590,-0.053257,0.350126,0.310126,0.311127,0.110000,1.769699,1
1772480741,312225638,-0.706143,-1.607465,1.660685,-1.094111,-1.338217,-1.904664,1,0.065297,0.321084,0.055307,0.310126,0.044938,0.290126,0.044938,0.290126,0.046351,-0.045992,0.039619,-0.038590,0.032286,-0.031257,0.032286,-0.031257,0,10.684255,0.046953,0.032286,-0.031257,-0.045924,0.330126,0.290126,0.311127,0.110000,1.753367,1
1772480741,337272840,-0.705090,-1.606377,1.669838,-1.093425,-1.338767,-1.896766,1,0.055328,0.330402,0.044938,0.290126,0.034569,0.270126,0.034569,0.270126,0.039584,-0.038656,0.032286,-0.031257,0.024953,-0.023924,0.024953,-0.023924,0,10.699921,0.039619,0.024953,-0.023924,-0.038590,0.310126,0.270126,0.311127,0.110000,1.745469,1
1772480741,362365396,-0.703908,-1.604181,1.678580,-1.095408,-1.340280,-1.888023,1,0.045176,0.294419,0.034569,0.270126,0.024201,0.250126,0.024201,0.250126,0.031868,-0.032021,0.024953,-0.023924,0.017619,-0.016590,0.017619,-0.016590,0,11.091346,0.032286,0.017619,-0.016590,-0.031257,0.290126,0.250126,0.311127,0.110000,1.736726,1
1772480741,412380166,-0.702518,-1.601667,1.692503,-1.097711,-1.341998,-1.874100,1,0.034634,0.271925,0.024201,0.250126,0.014675,0.230126,0.014675,0.230126,0.024744,-0.024234,0.017619,-0.016590,0.011387,-0.009257,0.011387,-0.009257,0,11.434190,0.024953,0.010286,-0.009257,-0.023924,0.270126,0.230126,0.311127,0.110000,1.722803,1
1772480741,437316781,-0.701930,-1.601233,1.699246,-1.098598,-1.341896,-1.867427,1,0.023468,0.243475,0.014675,0.230126,0.010676,0.210126,0.010676,0.210126,0.017336,-0.015818,0.011387,-0.009257,0.010502,-0.001924,0.010502,-0.001924,0,11.349505,0.018721,0.004054,-0.001924,-0.016590,0.250126,0.210126,0.311127,0.110000,1.716130,1
1772480741,462382961,-0.702143,-1.599857,1.705810,-1.101979,-1.338796,-1.862084,1,0.014546,0.222428,0.010676,0.210126,0.011379,0.190126,0.011379,0.190126,0.011244,-0.009229,0.010502,-0.001924,0.010011,0.005410,0.010011,0.005410,0,10.596049,0.017835,0.003168,0.005410,-0.009257,0.230126,0.190126,0.311127,0.110000,1.697116,1
1772480741,512419754,-0.702345,-1.598695,1.717975,-1.102276,-1.339938,-1.849918,1,0.010563,0.204764,0.011379,0.190126,0.013607,0.210126,0.013607,0.210126,0.010364,-0.002039,0.010011,0.005410,0.010979,0.008038,0.010979,0.008038,0,10.740455,0.017344,0.002677,0.012743,-0.001924,0.210126,0.170126,0.311127,0.110000,1.698621,1
1772480741,537436717,-0.702473,-1.598330,1.722709,-1.102311,-1.340323,-1.845185,1,0.010930,0.180662,0.013607,0.210126,0.014944,0.230126,0.014944,0.230126,0.009552,0.005313,0.010979,0.008038,0.012037,0.008857,0.012037,0.008857,0,10.775617,0.018313,0.003646,0.015372,0.000705,0.230126,0.190126,0.311127,0.110000,1.693888,1
1772480741,562478550,-0.702070,-1.598181,1.726020,-1.102900,-1.340421,-1.841845,1,0.012725,0.203869,0.014944,0.230126,0.016275,0.250126,0.016275,0.250126,0.010268,0.007517,0.012037,0.008857,0.013108,0.009647,0.013108,0.009647,0,10.777437,0.019370,0.004704,0.016190,0.001523,0.250126,0.210126,0.311127,0.110000,1.690548,1
1772480741,612496361,-0.702565,-1.598602,1.731673,-1.105228,-1.342587,-1.835671,1,0.014969,0.227973,0.016275,0.250126,0.017641,0.270126,0.017641,0.270126,0.012053,0.008876,0.013108,0.009647,0.013801,0.010987,0.013801,0.010987,0,11.324310,0.020441,0.005774,0.016981,0.002314,0.270126,0.230126,0.311127,0.110000,1.684374,1
1772480741,637483485,-0.702470,-1.599109,1.737622,-1.105105,-1.342087,-1.829721,1,0.016462,0.242118,0.017641,0.270126,0.019014,0.290126,0.019014,0.290126,0.013418,0.009537,0.013801,0.010987,0.015048,0.011622,0.015048,0.011622,0,11.113711,0.021135,0.006468,0.018321,0.003654,0.290126,0.250126,0.311127,0.110000,1.678424,1
1772480741,662539290,-0.702858,-1.598556,1.744810,-1.104980,-1.342750,-1.822534,1,0.017962,0.282990,0.019014,0.290126,0.020412,0.310126,0.020412,0.310126,0.014160,0.011052,0.015048,0.011622,0.016109,0.012536,0.016109,0.012536,0,11.166088,0.022382,0.007715,0.018956,0.004289,0.310126,0.270126,0.311127,0.110000,1.671237,1
1772480741,712703158,-0.703322,-1.599098,1.759110,-1.103190,-1.333708,-1.811124,1,0.019383,0.292293,0.020412,0.310126,0.022256,0.330126,0.022256,0.330126,0.015249,0.011966,0.016109,0.012536,0.019818,0.010128,0.019818,0.010128,0,8.273744,0.023443,0.008776,0.019869,0.005203,0.330126,0.290126,0.311127,0.110000,1.631675,1
1772480741,737700428,-0.705276,-1.597814,1.766344,-1.101946,-1.335688,-1.803890,1,0.020315,0.305240,0.022256,0.330126,0.023499,0.350126,0.023499,0.350126,0.015991,0.012530,0.019818,0.010128,0.020593,0.011320,0.020593,0.011320,0,8.758799,0.027151,0.012484,0.017461,0.002794,0.350126,0.310126,0.311127,0.110000,1.638922,1
1772480741,762649587,-0.703766,-1.597719,1.773489,-1.103359,-1.335147,-1.796745,1,0.022731,0.333025,0.023499,0.350126,0.025174,0.370126,0.025174,0.370126,0.020369,0.010091,0.020593,0.011320,0.022221,0.011831,0.022221,0.011831,0,8.545077,0.027926,0.013260,0.018654,0.003987,0.370126,0.330126,0.311127,0.110000,1.617296,1
1772480741,812753554,-0.704639,-1.598053,1.789937,-1.102426,-1.335206,-1.780297,1,0.023532,0.350316,0.025174,0.370126,0.026567,0.390126,0.026567,0.390126,0.020660,0.011266,0.022221,0.011831,0.023679,0.012046,0.023679,0.012046,0,8.244101,0.029554,0.014887,0.019165,0.004498,0.390126,0.350126,0.311127,0.110000,1.615329,1
1772480741,837732240,-0.705264,-1.597293,1.799640,-1.102306,-1.335983,-1.770594,1,0.024948,0.355934,0.026567,0.390126,0.028097,0.410126,0.028097,0.410126,0.021816,0.012103,0.023679,0.012046,0.024964,0.012894,0.024964,0.012894,0,8.343797,0.031012,0.016345,0.019379,0.004713,0.410126,0.370126,0.311127,0.110000,1.605626,1
1772480741,862915633,-0.705726,-1.595602,1.808794,-1.105466,-1.333938,-1.761426,1,0.028081,0.405782,0.028097,0.410126,0.029908,0.430126,0.029908,0.430126,0.024626,0.013494,0.024964,0.012894,0.027097,0.012658,0.027097,0.012658,0,7.695216,0.032297,0.017631,0.020227,0.005561,0.430126,0.390126,0.311127,0.110000,1.581977,1
1772480741,912888021,-0.706590,-1.596043,1.828134,-1.104498,-1.333896,-1.742087,1,0.028200,0.388839,0.029908,0.430126,0.031686,0.450126,0.031686,0.450126,0.025438,0.012173,0.027097,0.012658,0.029024,0.012713,0.029024,0.012713,0,7.295039,0.034431,0.019764,0.019992,0.005325,0.450126,0.410126,0.311127,0.110000,1.562638,1
1772480741,937944850,-0.707850,-1.595111,1.839153,-1.103738,-1.335267,-1.731067,1,0.030086,0.432050,0.031686,0.450126,0.033329,0.470126,0.033329,0.470126,0.027370,0.012491,0.029024,0.012713,0.030329,0.013819,0.030329,0.013819,0,7.538392,0.036357,0.021690,0.020047,0.005380,0.470126,0.430126,0.311127,0.110000,1.551618,1
1772480741,962964635,-0.706845,-1.593913,1.850455,-1.105151,-1.335940,-1.719765,1,0.033284,0.465437,0.033329,0.470126,0.034676,0.490126,0.034676,0.490126,0.030439,0.013465,0.030329,0.013819,0.031444,0.014618,0.031444,0.014618,0,7.664580,0.037663,0.022996,0.021152,0.006485,0.490126,0.450126,0.311127,0.110000,1.554798,1
1772480742,13066735,-0.708855,-1.593244,1.873165,-1.104340,-1.334604,-1.697783,1,0.033163,0.471554,0.034676,0.490126,0.036957,0.510126,0.036957,0.510126,0.030027,0.014078,0.031444,0.014618,0.034281,0.013808,0.034281,0.013808,0,6.793080,0.038777,0.024111,0.021951,0.007284,0.510126,0.470126,0.311127,0.110000,1.518334,1
1772480742,38107675,-0.709146,-1.592126,1.884499,-1.104541,-1.335741,-1.686449,1,0.034688,0.497859,0.036957,0.510126,0.038327,0.530126,0.038327,0.530126,0.031632,0.014236,0.034281,0.013808,0.035366,0.014771,0.035366,0.014771,0,7.007211,0.041614,0.026948,0.021141,0.006475,0.530126,0.490126,0.311127,0.110000,1.521481,1
1772480742,63202478,-0.709859,-1.591326,1.896844,-1.104225,-1.336766,-1.674103,1,0.038704,0.530555,0.038327,0.530126,0.040098,0.550126,0.040098,0.550126,0.035818,0.014666,0.035366,0.014771,0.036889,0.015718,0.036889,0.015718,0,7.126970,0.042700,0.028033,0.022104,0.007438,0.550126,0.510126,0.311127,0.110000,1.509136,1
1772480742,113368341,-0.711741,-1.590204,1.923133,-1.102981,-1.338569,-1.647814,1,0.038361,0.527745,0.040098,0.550126,0.042293,0.570126,0.042293,0.570126,0.035348,0.014902,0.036889,0.015718,0.038840,0.016738,0.038840,0.016738,0,7.195771,0.044223,0.029556,0.023051,0.008385,0.570126,0.530126,0.311127,0.110000,1.482847,1
1772480742,138312495,-0.712774,-1.589225,1.936505,-1.102343,-1.340074,-1.634398,1,0.040104,0.532014,0.042293,0.570126,0.043769,0.590126,0.043769,0.590126,0.037033,0.015391,0.038840,0.016738,0.039980,0.017813,0.039980,0.017813,0,7.399550,0.046173,0.031506,0.024071,0.009405,0.590126,0.550126,0.311127,0.110000,1.483101,1
1772480742,163486555,-0.712859,-1.588544,1.950597,-1.100576,-1.344178,-1.619473,1,0.044240,0.591528,0.043769,0.590126,0.044954,0.600000,0.044954,0.600000,0.040520,0.017758,0.039980,0.017813,0.040074,0.020369,0.040074,0.020369,0,8.238322,0.047314,0.032647,0.025146,0.010480,0.600000,0.570126,0.311127,0.110000,1.468176,1
1772480742,213578227,-0.714794,-1.587332,1.978124,-1.099319,-1.346084,-1.591946,1,0.044189,0.597801,0.044954,0.600000,0.045432,0.600000,0.045432,0.600000,0.040348,0.018019,0.040074,0.020369,0.040485,0.020615,0.040485,0.020615,0,8.250259,0.047408,0.032741,0.027702,0.013036,0.600000,0.580000,0.311127,0.110000,1.452720,1
1772480742,238579006,-0.716555,-1.587495,1.993111,-1.097650,-1.346667,-1.576959,1,0.044951,0.608840,0.045432,0.600000,0.045906,0.600000,0.045906,0.600000,0.040131,0.020250,0.040485,0.020615,0.041104,0.020439,0.041104,0.020439,0,8.095291,0.047819,0.033152,0.027949,0.013282,0.600000,0.580000,0.311127,0.110000,1.437733,1
1772480742,263595209,-0.716560,-1.586251,2.009244,-1.098162,-1.347801,-1.560827,1,0.045950,0.603799,0.045906,0.600000,0.046427,0.600000,0.046427,0.600000,0.041035,0.020677,0.041104,0.020439,0.041511,0.020790,0.041511,0.020790,0,8.141896,0.048438,0.033771,0.027772,0.013106,0.600000,0.580000,0.311127,0.110000,1.421600,1
1772480742,313784275,-0.719346,-1.585510,2.038946,-1.093084,-1.353553,-1.529363,1,0.045871,0.594108,0.046427,0.600000,0.046805,0.600000,0.046805,0.600000,0.041123,0.020323,0.041511,0.020790,0.040883,0.022789,0.040883,0.022789,0,8.852476,0.048845,0.034178,0.028123,0.013457,0.600000,0.580000,0.311127,0.110000,1.410101,1
1772480742,338789267,-0.721187,-1.584011,2.053626,-1.092030,-1.355679,-1.514683,1,0.046347,0.616826,0.046805,0.600000,0.047298,0.600000,0.047298,0.600000,0.041306,0.021021,0.040883,0.022789,0.040994,0.023591,0.040994,0.023591,0,9.068622,0.048216,0.033549,0.030122,0.015455,0.600000,0.580000,0.311127,0.110000,1.395421,1
1772480742,363853676,-0.723178,-1.584216,2.068281,-1.090132,-1.356317,-1.500028,1,0.047444,0.614531,0.047298,0.600000,0.047800,0.600000,0.047800,0.600000,0.041074,0.023746,0.040994,0.023591,0.041644,0.023464,0.041644,0.023464,0,8.925276,0.048328,0.033661,0.030924,0.016257,0.600000,0.580000,0.311127,0.110000,1.380766,1
1772480742,413940587,-0.724414,-1.581789,2.098511,-1.090011,-1.359038,-1.469798,1,0.047296,0.602786,0.047800,0.600000,0.048554,0.600000,0.048554,0.600000,0.040768,0.023976,0.041644,0.023464,0.042142,0.024115,0.042142,0.024115,0,9.030158,0.048977,0.034311,0.030798,0.016131,0.600000,0.580000,0.311127,0.110000,1.359319,1
1772480742,438994834,-0.724661,-1.582118,2.113520,-1.089650,-1.358840,-1.454789,1,0.047904,0.596202,0.048554,0.600000,0.049096,0.600000,0.049096,0.600000,0.041890,0.023238,0.042142,0.024115,0.043050,0.023603,0.043050,0.023603,0,8.740882,0.049475,0.034809,0.031448,0.016781,0.600000,0.580000,0.311127,0.110000,1.344310,1
1772480742,464064376,-0.726941,-1.581040,2.127963,-1.088170,-1.360249,-1.440299,1,0.049187,0.621387,0.049096,0.600000,0.049631,0.600000,0.049631,0.600000,0.043199,0.023520,0.043050,0.023603,0.043469,0.023951,0.043469,0.023951,0,8.774174,0.050383,0.035717,0.030936,0.016269,0.600000,0.580000,0.311127,0.110000,1.329820,1
1772480742,514169929,-0.729978,-1.581893,2.156902,-1.087128,-1.353561,-1.410702,1,0.049275,0.604863,0.049631,0.600000,0.051106,0.600000,0.051106,0.600000,0.043379,0.023374,0.043469,0.023951,0.047476,0.018917,0.047476,0.018917,0,6.730113,0.050803,0.036136,0.031284,0.016617,0.600000,0.580000,0.311127,0.110000,1.291440,1
1772480742,539211189,-0.730130,-1.581358,2.172271,-1.087211,-1.354111,-1.395333,1,0.051519,0.597940,0.051106,0.600000,0.051721,0.600000,0.051721,0.600000,0.048281,0.017977,0.047476,0.018917,0.048184,0.018798,0.048184,0.018798,0,6.608288,0.054809,0.040142,0.026250,0.011584,0.600000,0.580000,0.311127,0.110000,1.276071,1
1772480742,564450813,-0.732274,-1.580578,2.187331,-1.085580,-1.355706,-1.380273,1,0.052032,0.617540,0.051721,0.600000,0.051977,0.600000,0.051977,0.600000,0.048445,0.018985,0.048184,0.018798,0.048329,0.019130,0.048329,0.019130,0,6.691687,0.055517,0.040851,0.026132,0.011465,0.600000,0.580000,0.311127,0.110000,1.269794,1
1772480742,614487330,-0.734210,-1.579135,2.217440,-1.084413,-1.357821,-1.350164,1,0.051988,0.612792,0.051977,0.600000,0.053239,0.600000,0.053239,0.600000,0.048303,0.019225,0.048329,0.019130,0.049546,0.019485,0.049546,0.019485,0,6.654314,0.055662,0.040995,0.026463,0.011796,0.600000,0.580000,0.311127,0.110000,1.239684,1
1772480742,639437429,-0.736075,-1.578312,2.232069,-1.083055,-1.359341,-1.335534,1,0.053545,0.612403,0.053239,0.600000,0.053875,0.600000,0.053875,0.600000,0.049731,0.019845,0.049546,0.019485,0.050057,0.019921,0.050057,0.019921,0,6.722870,0.056879,0.042212,0.026818,0.012152,0.600000,0.580000,0.311127,0.110000,1.225055,1
1772480742,664555497,-0.736367,-1.577755,2.246808,-1.083020,-1.359968,-1.320795,1,0.054132,0.606137,0.053875,0.600000,0.054531,0.600000,0.054531,0.600000,0.050220,0.020203,0.050057,0.019921,0.050793,0.019842,0.050793,0.019842,0,6.615868,0.057390,0.042724,0.027254,0.012587,0.600000,0.580000,0.311127,0.110000,1.210316,1
1772480742,714602089,-0.739048,-1.575333,2.276590,-1.081845,-1.362911,-1.291044,1,0.054111,0.616006,0.054531,0.600000,0.055525,0.600000,0.055525,0.600000,0.050217,0.020155,0.050793,0.019842,0.051565,0.020593,0.051565,0.020593,0,6.743138,0.058126,0.043460,0.027176,0.012509,0.600000,0.580000,0.311127,0.110000,1.188654,1
1772480742,739660862,-0.740557,-1.575359,2.291606,-1.083703,-1.359004,-1.276399,1,0.056121,0.604643,0.055525,0.600000,0.056608,0.600000,0.056608,0.600000,0.051985,0.021146,0.051565,0.020593,0.053804,0.017594,0.053804,0.017594,0,5.651071,0.058898,0.044232,0.027926,0.013259,0.600000,0.580000,0.311127,0.110000,1.165920,1
1772480742,764752739,-0.741255,-1.574523,2.306949,-1.083414,-1.360054,-1.261056,1,0.056683,0.605826,0.056608,0.600000,0.057363,0.600000,0.057363,0.600000,0.053977,0.017304,0.053804,0.017594,0.054550,0.017741,0.054550,0.017741,0,5.623340,0.061137,0.046471,0.024927,0.010261,0.600000,0.580000,0.311127,0.110000,1.150577,1
1772480742,789748940,-0.742666,-1.575157,2.321723,-1.081867,-1.360060,-1.246282,1,0.056574,0.604170,0.057363,0.600000,0.058109,0.600000,0.058109,0.600000,0.053956,0.017012,0.054550,0.017741,0.055559,0.017025,0.055559,0.017025,0,5.327114,0.061883,0.047217,0.025075,0.010408,0.600000,0.580000,0.311127,0.110000,1.135803,1
1772480742,839884187,-0.745295,-1.574117,2.350954,-1.079904,-1.362094,-1.217051,1,0.058383,0.605358,0.058109,0.600000,0.059211,0.600000,0.059211,0.600000,0.056040,0.016371,0.055559,0.017025,0.056696,0.017073,0.056696,0.017073,0,5.242637,0.062892,0.048225,0.024359,0.009692,0.600000,0.580000,0.311127,0.110000,1.114661,1
1772480742,865018343,-0.746952,-1.572193,2.366286,-1.078781,-1.364758,-1.201439,1,0.058606,0.582622,0.059211,0.600000,0.060052,0.600000,0.060052,0.600000,0.056227,0.016526,0.056696,0.017073,0.057190,0.018317,0.057190,0.018317,0,5.545816,0.064029,0.049363,0.024406,0.009740,0.600000,0.580000,0.311127,0.110000,1.099049,1
1772480742,889964381,-0.748762,-1.571772,2.381174,-1.072862,-1.368354,-1.183506,1,0.059240,0.604930,0.060052,0.600000,0.060629,0.600000,0.060629,0.600000,0.056702,0.017154,0.057190,0.018317,0.057360,0.019641,0.057360,0.019641,0,5.890093,0.064524,0.049857,0.025650,0.010984,0.600000,0.580000,0.311127,0.110000,1.088582,1
1772480742,940069351,-0.750385,-1.570763,2.410928,-1.071797,-1.369941,-1.153752,1,0.060702,0.604097,0.060629,0.600000,0.062333,0.600000,0.062333,0.600000,0.057231,0.020232,0.057360,0.019641,0.059200,0.019514,0.059200,0.019514,0,5.691887,0.064693,0.050026,0.026975,0.012308,0.600000,0.580000,0.311127,0.110000,1.058828,1
1772480742,965323714,-0.751928,-1.570750,2.425800,-1.070395,-1.370586,-1.138880,1,0.062447,0.606387,0.062333,0.600000,0.062806,0.600000,0.062806,0.600000,0.059378,0.019335,0.059200,0.019514,0.059815,0.019151,0.059815,0.019151,0,5.544106,0.066533,0.051867,0.026847,0.012180,0.600000,0.580000,0.311127,0.110000,1.050859,1
1772480743,15218616,-0.754901,-1.569522,2.456080,-1.067886,-1.376640,-1.106317,1,0.062568,0.595799,0.062806,0.600000,0.064410,0.600000,0.064410,0.600000,0.059462,0.019467,0.059815,0.019151,0.060583,0.021869,0.060583,0.021869,0,6.173360,0.067148,0.052481,0.026484,0.011818,0.600000,0.580000,0.311127,0.110000,1.024689,1
1772480743,40269848,-0.756764,-1.568917,2.471299,-1.066432,-1.377952,-1.091099,1,0.064432,0.612835,0.064410,0.600000,0.065381,0.600000,0.065381,0.600000,0.060396,0.022444,0.060583,0.021869,0.061530,0.022107,0.061530,0.022107,0,6.147852,0.067917,0.053250,0.029203,0.014536,0.600000,0.580000,0.311127,0.110000,1.009470,1
1772480743,65321738,-0.758611,-1.568043,2.485976,-1.065103,-1.379505,-1.076421,1,0.065165,0.592727,0.065381,0.600000,0.066346,0.600000,0.066346,0.600000,0.061327,0.022035,0.061530,0.022107,0.062398,0.022543,0.062398,0.022543,0,6.177737,0.068863,0.054196,0.029441,0.014774,0.600000,0.580000,0.311127,0.110000,0.994792,1
1772480743,115399241,-0.761595,-1.568466,2.514939,-1.062246,-1.380348,-1.047170,1,0.066735,0.601862,0.066346,0.600000,0.068355,0.600000,0.068355,0.600000,0.062725,0.022786,0.062398,0.022543,0.064794,0.021776,0.064794,0.021776,0,5.792078,0.069732,0.055065,0.029876,0.015209,0.600000,0.580000,0.311127,0.110000,0.965541,1
1772480743,140456245,-0.762960,-1.568423,2.529377,-1.061461,-1.381062,-1.029471,1,0.068567,0.598188,0.068355,0.600000,0.069199,0.600000,0.069199,0.600000,0.065083,0.021580,0.064794,0.021776,0.065820,0.021360,0.065820,0.021360,0,5.612319,0.072128,0.057461,0.029109,0.014442,0.600000,0.580000,0.311127,0.110000,0.953773,1
1772480743,165469980,-0.764916,-1.568347,2.544042,-1.059703,-1.381924,-1.014805,1,0.069491,0.603613,0.069199,0.600000,0.070279,0.600000,0.070279,0.600000,0.066116,0.021395,0.065820,0.021360,0.066988,0.021256,0.066988,0.021256,0,5.499160,0.073153,0.058486,0.028693,0.014027,0.600000,0.580000,0.311127,0.110000,0.939108,1
1772480743,215627949,-0.768065,-1.567228,2.574801,-1.057051,-1.383984,-0.983918,1,0.071209,0.602018,0.070279,0.600000,0.072670,0.600000,0.072670,0.600000,0.067982,0.021191,0.066988,0.021256,0.069489,0.021265,0.069489,0.021265,0,5.320575,0.074321,0.059655,0.028590,0.013923,0.600000,0.580000,0.311127,0.110000,0.908220,1
1772480743,240725702,-0.769979,-1.567214,2.590187,-1.052761,-1.382091,-0.967087,1,0.073153,0.609434,0.072670,0.600000,0.074042,0.600000,0.074042,0.600000,0.070044,0.021102,0.069489,0.021265,0.071642,0.018697,0.071642,0.018697,0,4.591354,0.076822,0.062155,0.028599,0.013932,0.600000,0.580000,0.311127,0.110000,0.891389,1
1772480743,265724043,-0.772389,-1.566683,2.604972,-1.050770,-1.383549,-0.952302,1,0.073902,0.604667,0.074042,0.600000,0.075543,0.600000,0.075543,0.600000,0.071445,0.018899,0.071642,0.018697,0.072963,0.019574,0.072963,0.019574,0,4.665931,0.078975,0.064309,0.026031,0.011364,0.600000,0.580000,0.311127,0.111063,0.882116,1
1772480743,315743957,-0.775404,-1.565511,2.635093,-1.048693,-1.386121,-0.922174,1,0.075820,0.600057,0.075543,0.600000,0.079322,0.600000,0.079322,0.600000,0.073340,0.019235,0.072963,0.019574,0.076413,0.021287,0.076413,0.021287,0,4.736531,0.080296,0.065630,0.026907,0.012240,0.600000,0.580000,0.311127,0.113314,0.857118,1
1772480743,340868421,-0.777633,-1.565779,2.649585,-1.048978,-1.390091,-0.907587,1,0.079765,0.611932,0.079322,0.600000,0.084254,0.600000,0.084254,0.600000,0.076698,0.021906,0.076413,0.021287,0.079789,0.027066,0.079789,0.027066,0,5.399687,0.083746,0.069079,0.028620,0.013953,0.600000,0.580000,0.311127,0.118983,0.847315,1
1772480743,365919196,-0.778336,-1.564456,2.664558,-1.048869,-1.391585,-0.892614,1,0.084283,0.600723,0.084254,0.600000,0.091103,0.600000,0.091103,0.600000,0.079839,0.027009,0.079789,0.027066,0.085316,0.031952,0.085316,0.031952,0,5.550216,0.087122,0.072455,0.034399,0.019732,0.600000,0.580000,0.311127,0.126382,0.832342,1
1772480743,390947985,-0.781208,-1.564772,2.679120,-1.046113,-1.392455,-0.878053,1,0.084399,0.610906,0.091103,0.600000,0.099214,0.600000,0.099214,0.600000,0.079584,0.028100,0.085316,0.031952,0.091836,0.037543,0.091836,0.037543,0,5.538059,0.092649,0.077983,0.039285,0.024619,0.600000,0.580000,0.311127,0.136655,0.826426,1
1772480743,441033857,-0.785556,-1.565546,2.708828,-1.039508,-1.396297,-0.846935,1,0.092150,0.657063,0.099214,0.600000,0.108641,0.586204,0.108641,0.586204,0.085769,0.033693,0.091836,0.037543,0.099170,0.044366,0.099170,0.044366,0,5.488074,0.099170,0.084503,0.044876,0.030209,0.600000,0.580000,0.311127,0.148820,0.803002,1
1772480743,466100851,-0.788081,-1.565795,2.723468,-1.037096,-1.397084,-0.832294,1,0.099501,0.611244,0.108641,0.586204,0.118017,0.576171,0.118017,0.576171,0.091777,0.038436,0.099170,0.044366,0.106503,0.050845,0.106503,0.050845,0,5.287414,0.106503,0.091836,0.051699,0.037032,0.600000,0.566204,0.311127,0.162962,0.795595,1
1772480743,491136058,-0.789774,-1.564736,2.738915,-1.035973,-1.398736,-0.816847,1,0.110647,0.694105,0.118017,0.576171,0.127584,0.566531,0.127584,0.566531,0.100487,0.046316,0.106503,0.050845,0.113836,0.057612,0.113836,0.057612,0,5.101582,0.113836,0.099170,0.058178,0.043511,0.596171,0.556171,0.311127,0.177026,0.786073,1
1772480743,541211884,-0.794723,-1.564975,2.769384,-1.035499,-1.394678,-0.785448,1,0.117843,0.592441,0.127584,0.566531,0.134619,0.546531,0.134619,0.546531,0.106026,0.051434,0.113836,0.057612,0.121170,0.058653,0.121170,0.058653,0,4.445304,0.121170,0.106503,0.064945,0.050278,0.586531,0.546531,0.311127,0.191377,0.757384,1
1772480743,566306829,-0.797858,-1.565032,2.784078,-1.032605,-1.395885,-0.770754,1,0.127889,0.576361,0.134619,0.546531,0.142555,0.528183,0.142555,0.528183,0.113957,0.058047,0.121170,0.058653,0.128503,0.061716,0.128503,0.061716,0,4.287945,0.128503,0.113836,0.065986,0.051320,0.566531,0.526531,0.311127,0.201928,0.748169,1
1772480743,616423213,-0.805093,-1.566783,2.811390,-1.025560,-1.397298,-0.743346,1,0.136433,0.600851,0.142555,0.528183,0.150399,0.510221,0.150399,0.510221,0.122874,0.059297,0.128503,0.061716,0.135836,0.064562,0.135836,0.064562,0,4.015033,0.135836,0.121170,0.069049,0.054383,0.548183,0.508183,0.311127,0.213832,0.725418,1
1772480743,641393263,-0.809161,-1.567214,2.825514,-1.025046,-1.399844,-0.728087,1,0.143025,0.532427,0.150399,0.510221,0.159395,0.503195,0.159395,0.503195,0.128552,0.062694,0.135836,0.064562,0.143170,0.070066,0.143170,0.070066,0,3.896960,0.143170,0.128503,0.071895,0.057229,0.530221,0.490221,0.311127,0.225598,0.712192,1
1772480743,666475636,-0.812788,-1.567581,2.838863,-1.021576,-1.400961,-0.714738,1,0.150378,0.524181,0.159395,0.503195,0.168066,0.494299,0.168066,0.494299,0.135132,0.065977,0.143170,0.070066,0.150503,0.074799,0.150503,0.074799,0,3.722916,0.150503,0.135836,0.077399,0.062732,0.523195,0.483195,0.311127,0.239092,0.703195,1
1772480743,716540381,-0.821766,-1.568704,2.865527,-1.013024,-1.403372,-0.687790,1,0.165564,0.591595,0.168066,0.494299,0.175855,0.474299,0.175855,0.474299,0.149132,0.071908,0.150503,0.074799,0.157836,0.077542,0.157836,0.077542,0,3.497225,0.157836,0.143170,0.082133,0.067466,0.514299,0.474299,0.311127,0.252099,0.679727,1
1772480743,741593957,-0.824642,-1.571088,2.877211,-1.010943,-1.400488,-0.672725,1,0.167970,0.491626,0.175855,0.474299,0.182581,0.462494,0.182581,0.462494,0.150166,0.075259,0.157836,0.077542,0.165170,0.077813,0.165170,0.077813,0,3.231317,0.165170,0.150503,0.084875,0.070209,0.494299,0.454299,0.311127,0.263783,0.668184,1
1772480743,766683455,-0.829006,-1.572819,2.889192,-1.006251,-1.400632,-0.660744,1,0.175937,0.476042,0.182581,0.462494,0.190420,0.457345,0.190420,0.457345,0.157396,0.078615,0.165170,0.077813,0.172503,0.080638,0.172503,0.080638,0,3.092503,0.172503,0.157836,0.085146,0.070480,0.482494,0.442494,0.311127,0.273872,0.657777,1
1772480743,816746852,-0.836995,-1.574697,2.912593,-0.998394,-1.402434,-0.637476,1,0.184067,0.480909,0.190420,0.457345,0.197817,0.441339,0.197817,0.441339,0.166092,0.079335,0.172503,0.080638,0.179836,0.082403,0.179836,0.082403,0,2.916803,0.179836,0.165170,0.087971,0.073305,0.477345,0.437345,0.311127,0.285630,0.637255,1
1772480743,841740411,-0.842420,-1.576117,2.924535,-0.995638,-1.407735,-0.627210,1,0.187684,0.434791,0.197817,0.441339,0.207415,0.440191,0.207415,0.440191,0.168906,0.081829,0.179836,0.082403,0.187170,0.089378,0.187170,0.089378,0,2.904468,0.187170,0.172503,0.089736,0.075070,0.461339,0.421339,0.311127,0.296725,0.629732,1
1772480743,866817846,-0.847509,-1.577064,2.936134,-0.990593,-1.408896,-0.615611,1,0.196221,0.426874,0.207415,0.440191,0.215631,0.430037,0.215631,0.430037,0.177740,0.083133,0.187170,0.089378,0.194503,0.093088,0.194503,0.093088,0,2.775124,0.194503,0.179836,0.096711,0.082045,0.460191,0.420191,0.311127,0.311122,0.620477,1
1772480743,916878723,-0.856745,-1.580557,2.958061,-0.980849,-1.410127,-0.593657,1,0.199882,0.430948,0.215631,0.430037,0.222582,0.413342,0.222582,0.413342,0.178161,0.090617,0.194503,0.093088,0.201836,0.093834,0.201836,0.093834,0,2.606733,0.201836,0.187170,0.100422,0.085755,0.450037,0.410037,0.311127,0.323447,0.600652,1
1772480743,941906473,-0.862247,-1.581098,2.967973,-0.977033,-1.421002,-0.583425,1,0.209573,0.380353,0.222582,0.413342,0.227121,0.407029,0.227121,0.407029,0.187441,0.093737,0.201836,0.093834,0.203345,0.101167,0.203345,0.101167,0,2.699596,0.209170,0.194503,0.101167,0.086500,0.433342,0.393342,0.311127,0.330000,0.591402,1
1772480743,966954460,-0.867728,-1.583338,2.977183,-0.971113,-1.421132,-0.574215,1,0.211933,0.366697,0.227121,0.407029,0.234311,0.414133,0.234311,0.414133,0.190973,0.091896,0.203345,0.101167,0.210678,0.102549,0.210678,0.102549,0,2.652497,0.210678,0.196011,0.108500,0.093834,0.427029,0.387029,0.311127,0.330000,0.583259,1
1772480743,991940656,-0.873550,-1.584557,2.986759,-0.965287,-1.422333,-0.564639,1,0.211636,0.377847,0.234311,0.414133,0.241794,0.420983,0.241794,0.420983,0.187516,0.098121,0.210678,0.102549,0.218011,0.104573,0.218011,0.104573,0,2.621131,0.218011,0.203345,0.109882,0.095215,0.434133,0.394133,0.311127,0.330000,0.574557,1
1772480744,42103660,-0.883335,-1.587948,3.004914,-0.957073,-1.428365,-0.544763,1,0.213153,0.351418,0.241794,0.420983,0.243856,0.410434,0.243856,0.410434,0.190399,0.095824,0.218011,0.104573,0.220000,0.105195,0.220000,0.105195,0,2.614424,0.220000,0.210678,0.111906,0.097239,0.440983,0.400983,0.311127,0.330000,0.555423,1
1772480744,67047530,-0.889601,-1.590122,3.013700,-0.950459,-1.428856,-0.535978,1,0.214130,0.352671,0.243856,0.410434,0.243039,0.402589,0.243039,0.402589,0.192321,0.094150,0.220000,0.105195,0.220000,0.103287,0.220000,0.103287,0,2.575635,0.220000,0.212667,0.112528,0.097861,0.430434,0.390434,0.311127,0.330000,0.546637,1
1772480744,117070634,-0.899068,-1.592928,3.031064,-0.940650,-1.430043,-0.518676,1,0.214887,0.336436,0.243039,0.402589,0.241546,0.388116,0.241546,0.388116,0.192893,0.094704,0.220000,0.103287,0.220000,0.099722,0.220000,0.099722,0,2.502119,0.220000,0.212667,0.110620,0.095954,0.422589,0.382589,0.311127,0.330000,0.530244,1
1772480744,142157174,-0.903604,-1.594732,3.039845,-0.935678,-1.430262,-0.510761,1,0.215089,0.331590,0.241546,0.388116,0.240780,0.381709,0.240780,0.381709,0.194172,0.092523,0.220000,0.099722,0.220000,0.097853,0.220000,0.097853,0,2.463024,0.220000,0.212667,0.107056,0.092389,0.408116,0.368116,0.311127,0.330000,0.523149,1
1772480744,167167004,-0.908274,-1.598372,3.047538,-0.929946,-1.428780,-0.503068,1,0.213968,0.312361,0.240780,0.381709,0.239520,0.374126,0.239520,0.374126,0.194193,0.089841,0.220000,0.097853,0.220000,0.094708,0.220000,0.094708,0,2.396416,0.220000,0.212667,0.105186,0.090520,0.401709,0.361709,0.311127,0.330000,0.515456,1
1772480744,217217982,-0.919881,-1.598709,3.064679,-0.919086,-1.433139,-0.486016,1,0.216203,0.305994,0.239520,0.374126,0.239175,0.362187,0.239175,0.362187,0.197110,0.088833,0.220000,0.094708,0.220000,0.093834,0.220000,0.093834,0,2.377724,0.220000,0.212667,0.102041,0.087375,0.394126,0.354126,0.311127,0.330000,0.499724,1
1772480744,242275737,-0.924957,-1.601072,3.071891,-0.912367,-1.433779,-0.480106,1,0.219836,0.318004,0.239175,0.362187,0.238801,0.357344,0.238801,0.357344,0.201576,0.087720,0.220000,0.093834,0.220000,0.092876,0.220000,0.092876,0,2.357137,0.220000,0.212667,0.101168,0.086501,0.382187,0.342187,0.311127,0.330000,0.493815,1
1772480744,267315578,-0.930481,-1.602351,3.080388,-0.906791,-1.434810,-0.471610,1,0.222993,0.319468,0.238801,0.357344,0.238289,0.350958,0.238289,0.350958,0.204725,0.088395,0.220000,0.092876,0.220000,0.091551,0.220000,0.091551,0,2.328487,0.220000,0.212667,0.100210,0.085543,0.377344,0.337344,0.311127,0.330000,0.486033,1
1772480744,292317054,-0.935381,-1.603837,3.088117,-0.901705,-1.435403,-0.463881,1,0.226332,0.326964,0.238289,0.350958,0.237728,0.344565,0.237728,0.344565,0.208034,0.089151,0.220000,0.091551,0.220000,0.090081,0.220000,0.090081,0,2.296520,0.220000,0.212667,0.098884,0.084217,0.370958,0.330958,0.311127,0.330000,0.478305,1
1772480744,342404274,-0.946188,-1.608589,3.103273,-0.892658,-1.432831,-0.448842,1,0.226851,0.291835,0.237728,0.344565,0.235621,0.331123,0.235621,0.331123,0.209371,0.087322,0.220000,0.090081,0.220000,0.084363,0.220000,0.084363,0,2.169969,0.220000,0.212667,0.097415,0.082748,0.364565,0.324565,0.311127,0.330000,0.463757,1
1772480744,367455792,-0.951489,-1.609570,3.111492,-0.887405,-1.434047,-0.440624,1,0.229033,0.310813,0.235621,0.331123,0.235237,0.325136,0.235237,0.325136,0.211904,0.086908,0.220000,0.084363,0.220000,0.083285,0.220000,0.083285,0,2.145739,0.220000,0.212667,0.091696,0.077029,0.351123,0.311123,0.311127,0.330000,0.456114,1
1772480744,417472309,-0.961444,-1.614143,3.127251,-0.876352,-1.433507,-0.424760,1,0.233682,0.323552,0.235237,0.325136,0.233767,0.312280,0.233767,0.312280,0.217828,0.084606,0.220000,0.083285,0.220000,0.079039,0.220000,0.079039,0,2.049144,0.220000,0.212667,0.090618,0.075952,0.345136,0.305136,0.311127,0.330000,0.440834,1
1772480744,442534849,-0.967913,-1.616024,3.134849,-0.868079,-1.429300,-0.415507,1,0.236978,0.323727,0.233767,0.312280,0.232016,0.303732,0.232016,0.303732,0.221136,0.085189,0.220000,0.079039,0.220000,0.073699,0.220000,0.073699,0,1.925120,0.220000,0.212667,0.086372,0.071705,0.332280,0.292280,0.311127,0.330000,0.432002,1
1772480744,467577488,-0.971915,-1.618253,-3.140613,-0.863521,-1.428845,-0.407783,1,0.233709,0.312943,0.232016,0.303732,0.231337,0.297428,0.231337,0.297428,0.219523,0.080183,0.220000,0.073699,0.220000,0.071531,0.220000,0.071531,0,1.873989,0.220000,0.212667,0.081032,0.066365,0.323732,0.283732,0.311127,0.330000,0.424279,1
1772480744,517581080,-0.982964,-1.621456,-3.123612,-0.852135,-1.430236,-0.390942,1,0.232093,0.309033,0.231337,0.297428,0.230452,0.284836,0.230452,0.284836,0.219827,0.074455,0.220000,0.071531,0.220000,0.068617,0.220000,0.068617,0,1.804547,0.220000,0.212667,0.078865,0.064198,0.317428,0.277428,0.311127,0.330000,0.407876,1
1772480744,542646945,-0.987358,-1.623236,-3.115550,-0.847853,-1.429325,-0.385601,1,0.231322,0.289520,0.230452,0.284836,0.229894,0.280745,0.229894,0.280745,0.219893,0.071810,0.220000,0.068617,0.220000,0.066716,0.220000,0.066716,0,1.758817,0.220000,0.212667,0.075951,0.061284,0.304836,0.264836,0.311127,0.330000,0.402994,1
1772480744,567689256,-0.992808,-1.624124,-3.108515,-0.842503,-1.430691,-0.378567,1,0.230246,0.285881,0.229894,0.280745,0.229714,0.275629,0.229714,0.275629,0.219585,0.069251,0.220000,0.066716,0.220000,0.066094,0.220000,0.066094,0,1.743786,0.220000,0.212667,0.074050,0.059383,0.300745,0.260745,0.311127,0.330000,0.395960,1
1772480744,592770474,-0.997217,-1.625985,-3.101945,-0.837718,-1.430749,-0.371996,1,0.230096,0.287338,0.229714,0.275629,0.229295,0.270799,0.229295,0.270799,0.220095,0.067098,0.220000,0.066094,0.220000,0.064625,0.220000,0.064625,0,1.708134,0.220000,0.212667,0.073428,0.058761,0.295629,0.255629,0.311127,0.330000,0.389731,1
1772480744,642780927,-1.006877,-1.629203,-3.086923,-0.828217,-1.439162,-0.357369,1,0.229958,0.277022,0.229295,0.270799,0.230086,0.261758,0.230086,0.261758,0.220152,0.066438,0.220000,0.064625,0.220000,0.067378,0.220000,0.067378,0,1.774773,0.220000,0.212667,0.071958,0.057292,0.290799,0.250799,0.311127,0.330000,0.375424,1
1772480744,667816151,-1.011775,-1.632228,-3.080351,-0.822518,-1.438352,-0.350796,1,0.228932,0.270446,0.230086,0.261758,0.229482,0.256737,0.229482,0.256737,0.219555,0.064851,0.220000,0.067378,0.220000,0.065284,0.220000,0.065284,0,1.724154,0.220000,0.212667,0.074711,0.060045,0.281758,0.241758,0.311127,0.330000,0.369193,1
1772480744,717921405,-1.023197,-1.635879,-3.066244,-0.810517,-1.439873,-0.336820,1,0.230642,0.268871,0.229482,0.256737,0.228901,0.246568,0.228901,0.246568,0.220405,0.067949,0.220000,0.065284,0.220000,0.063211,0.220000,0.063211,0,1.673627,0.220000,0.212667,0.072618,0.057951,0.276737,0.236737,0.311127,0.330000,0.355471,1
1772480744,742971049,-1.028926,-1.638225,-3.059897,-0.803090,-1.445046,-0.332702,1,0.229655,0.252297,0.228901,0.246568,0.229710,0.244725,0.229710,0.244725,0.220151,0.065385,0.220000,0.063211,0.220000,0.066081,0.220000,0.066081,0,1.743471,0.220000,0.212667,0.070544,0.055877,0.266568,0.226568,0.311127,0.330000,0.351571,1
1772480744,767947484,-1.033830,-1.640869,-3.053697,-0.797537,-1.444601,-0.326503,1,0.229171,0.257843,0.229710,0.244725,0.229218,0.239895,0.229218,0.239895,0.220285,0.063195,0.220000,0.066081,0.220000,0.064350,0.220000,0.064350,0,1.701425,0.220000,0.212667,0.073415,0.058748,0.264725,0.224725,0.311127,0.330000,0.345371,1
1772480744,792985890,-1.039513,-1.643361,-3.047354,-0.791332,-1.444609,-0.320160,1,0.230139,0.241980,0.229218,0.239895,0.228823,0.235241,0.228823,0.235241,0.220360,0.066374,0.220000,0.064350,0.220000,0.062928,0.220000,0.062928,0,1.666704,0.220000,0.212667,0.071683,0.057016,0.259895,0.219895,0.311127,0.330000,0.339256,1
1772480744,843051504,-1.049783,-1.647933,-3.033883,-0.780127,-1.444441,-0.306899,1,0.229796,0.232073,0.228823,0.235241,0.227987,0.225332,0.227987,0.225332,0.220539,0.064566,0.220000,0.062928,0.220000,0.059817,0.220000,0.059817,0,1.590122,0.220000,0.212667,0.070261,0.055594,0.255241,0.215241,0.311127,0.330000,0.326158,1
1772480744,868075601,-1.056356,-1.649578,-3.027613,-0.774132,-1.443504,-0.304453,1,0.229174,0.230415,0.227987,0.225332,0.227684,0.223430,0.227684,0.223430,0.220385,0.062860,0.220000,0.059817,0.220000,0.058651,0.220000,0.058651,0,1.561203,0.220000,0.212667,0.067150,0.052484,0.245332,0.205332,0.311127,0.330000,0.323835,1
1772480744,918167746,-1.064817,-1.654802,-3.016483,-0.764278,-1.442170,-0.293323,1,0.228382,0.228603,0.227684,0.223430,0.226825,0.215016,0.226825,0.215016,0.220439,0.059707,0.220000,0.058651,0.220000,0.055223,0.220000,0.055223,0,1.475516,0.220000,0.212667,0.065984,0.051318,0.243430,0.203430,0.311127,0.330000,0.312820,1
1772480744,943232556,-1.070499,-1.656259,-3.010210,-0.758494,-1.443146,-0.287050,1,0.227808,0.229520,0.226825,0.215016,0.226657,0.210549,0.226657,0.210549,0.219994,0.059155,0.220000,0.055223,0.220000,0.054530,0.220000,0.054530,0,1.458077,0.220000,0.212667,0.062556,0.047889,0.235016,0.195016,0.311127,0.330000,0.306548,1
1772480744,968310060,-1.077022,-1.659569,-3.004846,-0.751344,-1.442817,-0.281895,1,0.226646,0.202458,0.226657,0.210549,0.226339,0.206765,0.226339,0.206765,0.219870,0.055006,0.220000,0.054530,0.220000,0.053194,0.220000,0.053194,0,1.424345,0.220000,0.212667,0.061863,0.047196,0.230549,0.190549,0.311127,0.330000,0.301461,1
1772480744,993243521,-1.082473,-1.660202,-2.998249,-0.748818,-1.445257,-0.278943,1,0.227123,0.218232,0.226339,0.206765,0.226594,0.204970,0.226594,0.204970,0.220326,0.055147,0.220000,0.053194,0.220000,0.054267,0.220000,0.054267,0,1.451453,0.220000,0.212667,0.060527,0.045860,0.226765,0.186765,0.311127,0.330000,0.298508,1
1772480745,43347748,-1.091676,-1.665383,-2.987973,-0.738300,-1.444303,-0.268667,1,0.226419,0.208520,0.226594,0.204970,0.225913,0.197343,0.225913,0.197343,0.220026,0.053425,0.220000,0.054267,0.220000,0.051347,0.220000,0.051347,0,1.377506,0.220000,0.212667,0.061600,0.046934,0.224970,0.184970,0.311127,0.330000,0.288268,1
1772480745,68383039,-1.096973,-1.668839,-2.982068,-0.732053,-1.443322,-0.262762,1,0.226299,0.202648,0.225913,0.197343,0.225473,0.192929,0.225473,0.192929,0.219638,0.054503,0.220000,0.051347,0.220000,0.049377,0.220000,0.049377,0,1.327229,0.220000,0.212667,0.058681,0.044014,0.217343,0.177343,0.311127,0.330000,0.282369,1
1772480745,93427239,-1.102593,-1.671377,-2.976412,-0.725886,-1.443311,-0.257106,1,0.225955,0.204581,0.225473,0.192929,0.225207,0.188822,0.225207,0.188822,0.219944,0.051775,0.220000,0.049377,0.220000,0.048148,0.220000,0.048148,0,1.295728,0.220000,0.212667,0.056710,0.042044,0.212929,0.172929,0.311127,0.330000,0.276684,1
1772480745,143456632,-1.112888,-1.674197,-2.966011,-0.721394,-1.434233,-0.241105,1,0.225328,0.194919,0.225207,0.188822,0.223754,0.176743,0.223754,0.176743,0.219815,0.049539,0.220000,0.048148,0.220000,0.040815,0.220000,0.040815,0,1.038152,0.220000,0.212667,0.055482,0.040815,0.208822,0.168822,0.311127,0.330000,0.260683,1
1772480745,168479804,-1.118292,-1.677504,-2.961274,-0.715114,-1.433397,-0.236367,1,0.223173,0.136768,0.223754,0.176743,0.223038,0.172952,0.223038,0.172952,0.219763,0.038861,0.220000,0.040815,0.220000,0.036686,0.220000,0.036686,0,0.996881,0.220000,0.212667,0.048148,0.033482,0.196743,0.156743,0.311127,0.330000,0.255895,1
1772480745,193528103,-1.122775,-1.678479,-2.955820,-0.710620,-1.434319,-0.230913,1,0.223328,0.184199,0.223038,0.172952,0.222950,0.169200,0.222950,0.169200,0.219566,0.040820,0.220000,0.036686,0.220000,0.036148,0.220000,0.036148,0,0.982648,0.220000,0.212667,0.044020,0.029353,0.192952,0.152952,0.311127,0.330000,0.250442,1
1772480745,243640404,-1.133862,-1.682991,-2.945114,-0.698656,-1.434681,-0.220208,1,0.222874,0.173849,0.222950,0.169200,0.222633,0.161667,0.222633,0.161667,0.219904,0.036265,0.220000,0.036148,0.220000,0.034142,0.220000,0.034142,0,0.929415,0.220000,0.212667,0.043482,0.028815,0.189200,0.149200,0.311127,0.330000,0.239632,1
1772480745,268652609,-1.139431,-1.685472,-2.940241,-0.692558,-1.434666,-0.215335,1,0.222465,0.148368,0.222633,0.161667,0.222478,0.158183,0.222478,0.158183,0.219946,0.033382,0.220000,0.034142,0.220000,0.033116,0.220000,0.033116,0,0.902111,0.220000,0.212667,0.041475,0.026808,0.181667,0.141667,0.311127,0.330000,0.234631,1
1772480745,293648127,-1.144466,-1.687646,-2.936326,-0.686874,-1.434660,-0.211723,1,0.222418,0.157756,0.222478,0.158183,0.222369,0.155582,0.222369,0.155582,0.219784,0.034124,0.220000,0.033116,0.220000,0.032374,0.220000,0.032374,0,0.882349,0.220000,0.212667,0.040449,0.025782,0.178183,0.138183,0.311127,0.330000,0.230886,1
1772480745,343725047,-1.154905,-1.692033,-2.927589,-0.672015,-1.433960,-0.208389,1,0.222875,0.156138,0.222369,0.155582,0.222221,0.153089,0.222221,0.153089,0.220419,0.032997,0.220000,0.032374,0.220000,0.031342,0.220000,0.031342,0,0.854782,0.220000,0.212667,0.039708,0.025041,0.175582,0.135582,0.311127,0.330000,0.227337,1
1772480745,368786850,-1.160518,-1.694155,-2.923253,-0.666025,-1.434326,-0.204053,1,0.222280,0.147792,0.222221,0.153089,0.222131,0.149950,0.222131,0.149950,0.220122,0.030897,0.220000,0.031342,0.220000,0.030696,0.220000,0.030696,0,0.837517,0.220000,0.212667,0.038675,0.024009,0.173089,0.133089,0.311127,0.330000,0.222767,1
1772480745,393839918,-1.164504,-1.695944,-2.919484,-0.661657,-1.434329,-0.200284,1,0.221915,0.156426,0.222131,0.149950,0.222024,0.147342,0.222024,0.147342,0.219676,0.031448,0.220000,0.030696,0.220000,0.029909,0.220000,0.029909,0,0.816435,0.220000,0.212667,0.038030,0.023363,0.169950,0.129950,0.311127,0.330000,0.218999,1
1772480745,443887291,-1.176206,-1.700453,-2.911071,-0.649134,-1.435013,-0.191871,1,0.221683,0.147384,0.222024,0.147342,0.221858,0.141433,0.221858,0.141433,0.219578,0.030479,0.220000,0.029909,0.220000,0.028650,0.220000,0.028650,0,0.782651,0.220000,0.212667,0.037243,0.022576,0.167342,0.127342,0.311127,0.330000,0.210373,1
1772480745,468895642,-1.181256,-1.702414,-2.906843,-0.643972,-1.435631,-0.187629,1,0.221639,0.138619,0.221858,0.141433,0.221798,0.138323,0.221798,0.138323,0.219815,0.028383,0.220000,0.028650,0.220000,0.028186,0.220000,0.028186,0,0.770186,0.220000,0.212667,0.035983,0.021317,0.161433,0.121433,0.311127,0.330000,0.205802,1
1772480745,493945183,-1.187191,-1.704912,-2.902789,-0.641980,-1.441832,-0.183318,1,0.222045,0.146871,0.221798,0.138323,0.222239,0.135695,0.222239,0.135695,0.220182,0.028702,0.220000,0.028186,0.220000,0.031465,0.220000,0.031465,0,0.858075,0.220000,0.212667,0.035520,0.020853,0.158323,0.118323,0.311127,0.330000,0.201492,1
1772480745,544048337,-1.195169,-1.710245,-2.895629,-0.632518,-1.440236,-0.176158,1,0.222365,0.135939,0.222239,0.135695,0.221889,0.130433,0.221889,0.130433,0.220545,0.028396,0.220000,0.031465,0.220000,0.028890,0.220000,0.028890,0,0.789104,0.220000,0.212667,0.038798,0.024132,0.155695,0.115695,0.311127,0.330000,0.193984,1
1772480745,569118006,-1.201918,-1.711518,-2.891046,-0.625840,-1.441839,-0.171575,1,0.221407,0.126485,0.221889,0.130433,0.221908,0.127168,0.221908,0.127168,0.219638,0.027927,0.220000,0.028890,0.220000,0.029035,0.220000,0.029035,0,0.792980,0.220000,0.212667,0.036224,0.021557,0.150433,0.110433,0.311127,0.330000,0.189112,1
1772480745,594071332,-1.207145,-1.713473,-2.887752,-0.620271,-1.442198,-0.168281,1,0.221502,0.132282,0.221908,0.127168,0.221852,0.124922,0.221852,0.124922,0.219658,0.028522,0.220000,0.029035,0.220000,0.028608,0.220000,0.028608,0,0.781521,0.220000,0.212667,0.036368,0.021701,0.147168,0.107168,0.311127,0.330000,0.185819,1
1772480745,644136493,-1.218144,-1.718954,-2.881863,-0.607845,-1.441753,-0.162471,1,0.221599,0.123234,0.221852,0.124922,0.221669,0.120297,0.221669,0.120297,0.219677,0.029124,0.220000,0.028608,0.220000,0.027153,0.220000,0.027153,0,0.742381,0.220000,0.212667,0.035941,0.021275,0.144922,0.104922,0.311127,0.330000,0.179087,1
1772480745,669148714,-1.222497,-1.720681,-2.878272,-0.600617,-1.442824,-0.160255,1,0.221490,0.119385,0.221669,0.120297,0.221708,0.118584,0.221708,0.118584,0.219820,0.027144,0.220000,0.027153,0.220000,0.027466,0.220000,0.027466,0,0.750810,0.220000,0.212667,0.034486,0.019820,0.140297,0.100297,0.311127,0.330000,0.176506,1
1772480745,694191161,-1.227884,-1.722216,-2.874656,-0.595075,-1.443639,-0.156639,1,0.222189,0.126037,0.221708,0.118584,0.221684,0.116142,0.221684,0.116142,0.220497,0.027374,0.220000,0.027466,0.220000,0.027272,0.220000,0.027272,0,0.745594,0.220000,0.212667,0.034799,0.020133,0.138584,0.098584,0.311127,0.330000,0.172889,1
1772480745,744234382,-1.237696,-1.726059,-2.868070,-0.584550,-1.444168,-0.150054,1,0.221795,0.113927,0.221684,0.116142,0.221564,0.111281,0.221564,0.111281,0.220140,0.027043,0.220000,0.027272,0.220000,0.026276,0.220000,0.026276,0,0.718739,0.220000,0.212667,0.034606,0.019939,0.136142,0.096142,0.311127,0.330000,0.165743,1
1772480745,769286998,-1.243448,-1.728670,-2.865227,-0.578233,-1.444152,-0.147210,1,0.220975,0.115605,0.221564,0.111281,0.221496,0.108926,0.221496,0.108926,0.219483,0.025628,0.220000,0.026276,0.220000,0.025698,0.220000,0.025698,0,0.703152,0.220000,0.212667,0.033609,0.018942,0.131281,0.091281,0.311127,0.330000,0.162286,1
1772480745,794282126,-1.248073,-1.731452,-2.862251,-0.572873,-1.443517,-0.144234,1,0.221893,0.105315,0.221496,0.108926,0.221378,0.106872,0.221378,0.106872,0.220368,0.025973,0.220000,0.025698,0.220000,0.024661,0.220000,0.024661,0,0.675137,0.220000,0.212667,0.033031,0.018365,0.128926,0.088926,0.311127,0.330000,0.159310,1
1772480745,844398354,-1.258248,-1.735433,-2.856121,-0.561943,-1.443813,-0.137937,1,0.221235,0.104270,0.221378,0.106872,0.221259,0.101839,0.221259,0.101839,0.219858,0.024645,0.220000,0.024661,0.220000,0.023568,0.220000,0.023568,0,0.645567,0.220000,0.212667,0.031994,0.017328,0.126872,0.086872,0.311127,0.330000,0.151889,1
1772480745,869393802,-1.262301,-1.738163,-2.853977,-0.556809,-1.438452,-0.132851,1,0.221265,0.098660,0.221259,0.101839,0.220808,0.098228,0.220808,0.098228,0.220063,0.023038,0.220000,0.023568,0.220000,0.018877,0.220000,0.018877,0,0.518113,0.220000,0.212667,0.030901,0.016235,0.121839,0.081839,0.311127,0.330000,0.146803,1
1772480745,894466092,-1.268241,-1.739927,-2.850436,-0.550666,-1.439267,-0.129310,1,0.221324,0.101786,0.220808,0.098228,0.220793,0.095352,0.220793,0.095352,0.220123,0.023019,0.220000,0.018877,0.220000,0.018698,0.220000,0.018698,0,0.513259,0.220000,0.212667,0.026210,0.011543,0.118228,0.078228,0.311127,0.330000,0.142514,1
1772480745,944512879,-1.278268,-1.744472,-2.844308,-0.539657,-1.439211,-0.123182,1,0.220984,0.099640,0.220793,0.095352,0.220687,0.090792,0.220687,0.090792,0.220190,0.018720,0.220000,0.018698,0.220000,0.017402,0.220000,0.017402,0,0.477909,0.220000,0.212667,0.026032,0.011365,0.115352,0.075352,0.311127,0.330000,0.135764,1
1772480745,969510742,-1.283775,-1.748530,-2.841362,-0.532973,-1.437754,-0.120236,1,0.220397,0.098180,0.220687,0.090792,0.220569,0.088775,0.220569,0.088775,0.219766,0.016670,0.220000,0.017402,0.220000,0.015830,0.220000,0.015830,0,0.434967,0.220000,0.212667,0.024736,0.010069,0.110792,0.070792,0.311127,0.330000,0.132818,1
1772480745,994599643,-1.288115,-1.748406,-2.838112,-0.529062,-1.439639,-0.116986,1,0.220307,0.090218,0.220569,0.088775,0.220611,0.086136,0.220611,0.086136,0.219633,0.017216,0.220000,0.015830,0.220000,0.016409,0.220000,0.016409,0,0.450777,0.220000,0.212667,0.023163,0.008497,0.108775,0.068775,0.311127,0.330000,0.128846,1
1772480746,44619135,-1.300752,-1.753552,-2.832660,-0.515425,-1.440099,-0.111534,1,0.221513,0.089376,0.220611,0.086136,0.220554,0.081874,0.220554,0.081874,0.220900,0.016465,0.220000,0.016409,0.220000,0.015620,0.220000,0.015620,0,0.429214,0.220000,0.212667,0.023742,0.009075,0.106136,0.066136,0.311127,0.330000,0.122502,1
1772480746,69633563,-1.306077,-1.756902,-2.830804,-0.509352,-1.439309,-0.109692,1,0.219972,0.087014,0.220554,0.081874,0.220492,0.080076,0.220492,0.080076,0.219450,0.015149,0.220000,0.015620,0.220000,0.014726,0.220000,0.014726,0,0.404771,0.220000,0.212667,0.022953,0.008286,0.101874,0.061874,0.311127,0.330000,0.119846,1
1772480746,94720836,-1.311264,-1.760167,-2.828323,-0.506227,-1.440234,-0.107462,1,0.221451,0.080542,0.220492,0.080076,0.220502,0.078590,0.220502,0.078590,0.220938,0.015072,0.220000,0.014726,0.220000,0.014876,0.220000,0.014876,0,0.408864,0.220000,0.212667,0.022059,0.007393,0.100076,0.060076,0.311127,0.330000,0.117617,1
1772480746,144820432,-1.321723,-1.762511,-2.823423,-0.495724,-1.442365,-0.102562,1,0.220023,0.083123,0.220502,0.078590,0.220531,0.074813,0.220531,0.074813,0.219520,0.014860,0.220000,0.014876,0.220000,0.015292,0.220000,0.015292,0,0.420243,0.220000,0.212667,0.022209,0.007542,0.098590,0.058590,0.311127,0.330000,0.111949,1
1772480746,169732120,-1.326241,-1.766058,-2.821712,-0.490151,-1.440973,-0.100850,1,0.220763,0.073789,0.220531,0.074813,0.220446,0.072941,0.220446,0.072941,0.220232,0.015312,0.220000,0.015292,0.220000,0.014015,0.220000,0.014015,0,0.385311,0.220000,0.212667,0.022625,0.007958,0.094813,0.054813,0.311127,0.330000,0.109190,1
1772480746,194790860,-1.332012,-1.768731,-2.820143,-0.483791,-1.440890,-0.099281,1,0.220662,0.071525,0.220446,0.072941,0.220423,0.071178,0.220423,0.071178,0.220113,0.015553,0.220000,0.014015,0.220000,0.013650,0.220000,0.013650,0,0.375320,0.220000,0.212667,0.021348,0.006682,0.092941,0.052941,0.311127,0.330000,0.106562,1
1772480746,244898978,-1.342641,-1.771839,-2.815846,-0.472820,-1.442394,-0.094985,1,0.220136,0.067864,0.220423,0.071178,0.220430,0.067731,0.220430,0.067731,0.219736,0.013269,0.220000,0.013650,0.220000,0.013764,0.220000,0.013764,0,0.378436,0.220000,0.212667,0.020984,0.006317,0.091178,0.051178,0.311127,0.330000,0.101399,1
1772480746,269931506,-1.347296,-1.773795,-2.813563,-0.467772,-1.442510,-0.092701,1,0.220874,0.069800,0.220430,0.067731,0.220405,0.066199,0.220405,0.066199,0.220407,0.014341,0.220000,0.013764,0.220000,0.013361,0.220000,0.013361,0,0.367393,0.220000,0.212667,0.021097,0.006431,0.087731,0.047731,0.311127,0.330000,0.099115,1
1772480746,294927338,-1.351326,-1.775771,-2.811703,-0.463286,-1.442352,-0.090842,1,0.220106,0.073110,0.220405,0.066199,0.220376,0.064195,0.220376,0.064195,0.219691,0.013515,0.220000,0.013361,0.220000,0.012864,0.220000,0.012864,0,0.353782,0.220000,0.212667,0.020694,0.006028,0.086199,0.046199,0.311127,0.330000,0.096128,1
1772480746,345043651,-1.361809,-1.780445,-2.808086,-0.456785,-1.437395,-0.088631,1,0.220432,0.067276,0.220376,0.064195,0.220188,0.062665,0.220188,0.062665,0.220063,0.012754,0.220000,0.012864,0.220000,0.009086,0.220000,0.009086,0,0.250085,0.220000,0.212667,0.020198,0.005531,0.084195,0.044195,0.311127,0.330000,0.093918,1
1772480746,370061378,-1.368134,-1.784064,-2.806672,-0.449533,-1.436684,-0.087217,1,0.219862,0.066113,0.220188,0.062665,0.220157,0.060857,0.220157,0.060857,0.219683,0.008890,0.220000,0.009086,0.220000,0.008323,0.220000,0.008323,0,0.229112,0.220000,0.212667,0.016419,0.001752,0.082665,0.042665,0.311127,0.330000,0.091220,1
1772480746,395123101,-1.372294,-1.784201,-2.803823,-0.445681,-1.438264,-0.084368,1,0.219871,0.061925,0.220157,0.060857,0.220174,0.058209,0.220174,0.058209,0.219728,0.007917,0.220000,0.008323,0.220000,0.008763,0.220000,0.008763,0,0.241210,0.220000,0.212667,0.015656,0.000989,0.080857,0.040857,0.311127,0.330000,0.087244,1
1772480746,445215102,-1.383194,-1.789467,-2.800314,-0.433581,-1.437927,-0.080859,1,0.220111,0.060881,0.220174,0.058209,0.220138,0.055121,0.220138,0.055121,0.219944,0.008566,0.220000,0.008763,0.220000,0.007790,0.220000,0.007790,0,0.214478,0.220000,0.212667,0.016096,0.001430,0.078209,0.038209,0.311127,0.330000,0.082630,1
1772480746,470184649,-1.388035,-1.792130,-2.798987,-0.428074,-1.437480,-0.079532,1,0.219882,0.062524,0.220138,0.055121,0.220118,0.054231,0.220118,0.054231,0.219738,0.007962,0.220000,0.007790,0.220000,0.007208,0.220000,0.007208,0,0.198465,0.220000,0.212667,0.015124,0.000457,0.075121,0.035121,0.311127,0.330000,0.081303,1
1772480746,495215639,-1.394243,-1.794635,-2.797516,-0.421385,-1.437739,-0.078062,1,0.220686,0.052459,0.220118,0.054231,0.220113,0.052261,0.220113,0.052261,0.220580,0.006846,0.220000,0.007208,0.220000,0.007064,0.220000,0.007064,0,0.194506,0.220000,0.212667,0.014541,-0.000125,0.074231,0.034231,0.311127,0.330000,0.078352,1
1772480746,545344456,-1.404508,-1.798046,-2.793661,-0.410624,-1.438833,-0.074206,1,0.219615,0.055797,0.220113,0.052261,0.220110,0.048668,0.220110,0.048668,0.219499,0.007149,0.220000,0.007064,0.220000,0.006947,0.220000,0.006947,0,0.191290,0.220000,0.212667,0.014398,-0.000269,0.072261,0.032261,0.311127,0.330000,0.072965,1
1772480746,570353147,-1.408821,-1.800697,-2.792565,-0.405534,-1.438283,-0.072982,1,0.220349,0.045156,0.220110,0.048668,0.220090,0.046990,0.220090,0.046990,0.220263,0.006145,0.220000,0.006947,0.220000,0.006307,0.220000,0.006307,0,0.173669,0.220000,0.212667,0.014281,-0.000386,0.068668,0.028668,0.311127,0.330000,0.070456,1
1772480746,595343165,-1.414341,-1.802206,-2.791145,-0.398574,-1.441090,-0.069095,1,0.219787,0.040053,0.220090,0.046990,0.220122,0.044404,0.220122,0.044404,0.219703,0.006075,0.220000,0.006307,0.220000,0.007316,0.220000,0.007316,0,0.201445,0.220000,0.212667,0.013640,-0.001027,0.066990,0.026990,0.311127,0.330000,0.066569,1
1772480746,645455614,-1.424774,-1.806840,-2.788126,-0.387158,-1.441107,-0.066076,1,0.220121,0.050707,0.220122,0.044404,0.220100,0.040240,0.220100,0.040240,0.219997,0.007394,0.220000,0.007316,0.220000,0.006640,0.220000,0.006640,0,0.182825,0.220000,0.212667,0.014650,-0.000017,0.064404,0.024404,0.311127,0.330000,0.060333,1
1772480746,670486484,-1.429713,-1.808003,-2.786066,-0.382174,-1.442057,-0.064016,1,0.219672,0.038690,0.220100,0.040240,0.220105,0.038867,0.220105,0.038867,0.219572,0.006646,0.220000,0.006640,0.220000,0.006804,0.220000,0.006804,0,0.187357,0.220000,0.212667,0.013973,-0.000694,0.060240,0.020240,0.311127,0.330000,0.058273,1
1772480746,695516964,-1.435417,-1.808892,-2.783984,-0.376602,-1.443568,-0.061934,1,0.220724,0.037634,0.220105,0.038867,0.220122,0.036283,0.220122,0.036283,0.220612,0.007005,0.220000,0.006804,0.220000,0.007335,0.220000,0.007335,0,0.201960,0.220000,0.212667,0.014138,-0.000529,0.058867,0.018867,0.311127,0.330000,0.054395,1
1772480746,745553111,-1.445042,-1.813868,-2.781785,-0.365785,-1.442944,-0.059735,1,0.219888,0.043857,0.220122,0.036283,0.220093,0.033745,0.220093,0.033745,0.219788,0.006610,0.220000,0.007335,0.220000,0.006383,0.220000,0.006383,0,0.175770,0.220000,0.212667,0.014669,0.000002,0.056283,0.016283,0.311127,0.330000,0.050597,1
1772480746,770619974,-1.449212,-1.816267,-2.781682,-0.360999,-1.442452,-0.059632,1,0.220809,0.037363,0.220093,0.033745,0.220082,0.033676,0.220082,0.033676,0.220687,0.007347,0.220000,0.006383,0.220000,0.006005,0.220000,0.006005,0,0.165377,0.220000,0.212667,0.013716,-0.000950,0.053745,0.013745,0.311127,0.330000,0.050495,1
1772480746,795667779,-1.455840,-1.819501,-2.779989,-0.353629,-1.442199,-0.057939,1,0.220068,0.027039,0.220082,0.033676,0.220067,0.031411,0.220067,0.031411,0.219989,0.005908,0.220000,0.006005,0.220000,0.005417,0.220000,0.005417,0,0.149190,0.220000,0.212667,0.013339,-0.001328,0.053676,0.013676,0.311127,0.330000,0.047102,1
1772480746,845706162,-1.464852,-1.824568,-2.778526,-0.339893,-1.445153,-0.057755,1,0.220847,0.033598,0.220067,0.031411,0.220119,0.029859,0.220119,0.029859,0.220765,0.006016,0.220000,0.005417,0.220000,0.007246,0.220000,0.007246,0,0.199509,0.220000,0.212667,0.012751,-0.001916,0.051411,0.011411,0.311127,0.330000,0.044764,1
1772480746,870840245,-1.469838,-1.824868,-2.777255,-0.335220,-1.446916,-0.056484,1,0.219829,0.028196,0.220119,0.029859,0.220149,0.027515,0.220149,0.027515,0.219772,0.005005,0.220000,0.007246,0.220000,0.008100,0.220000,0.008100,0,0.222985,0.220000,0.212667,0.014579,-0.000087,0.049859,0.009859,0.311127,0.330000,0.041245,1
1772480746,895786071,-1.475019,-1.827698,-2.776572,-0.329335,-1.446450,-0.055801,1,0.220031,0.032862,0.220149,0.027515,0.220131,0.025724,0.220131,0.025724,0.219904,0.007466,0.220000,0.008100,0.220000,0.007582,0.220000,0.007582,0,0.208736,0.220000,0.212667,0.015433,0.000767,0.047515,0.007515,0.311127,0.330000,0.038563,1
1772480746,945857248,-1.485335,-1.833047,-2.775434,-0.317733,-1.445782,-0.054664,1,0.219996,0.030337,0.220131,0.025724,0.220104,0.023557,0.220104,0.023557,0.219841,0.008265,0.220000,0.007582,0.220000,0.006757,0.220000,0.006757,0,0.186046,0.220000,0.212667,0.014915,0.000248,0.045724,0.005724,0.311127,0.330000,0.035318,1
1772480746,970915867,-1.489740,-1.835632,-2.775129,-0.312657,-1.445221,-0.054358,1,0.220404,0.015619,0.220104,0.023557,0.220089,0.023352,0.220089,0.023352,0.220286,0.007211,0.220000,0.006757,0.220000,0.006253,0.220000,0.006253,0,0.172203,0.220000,0.212667,0.014090,-0.000577,0.043557,0.003557,0.311127,0.330000,0.035013,1
1772480746,995961134,-1.495310,-1.835957,-2.774197,-0.307440,-1.447200,-0.053427,1,0.220324,0.030850,0.220089,0.023352,0.220121,0.021171,0.220121,0.021171,0.220212,0.007048,0.220000,0.006253,0.220000,0.007301,0.220000,0.007301,0,0.201022,0.220000,0.212667,0.013587,-0.001080,0.043352,0.003352,0.311127,0.330000,0.031738,1
1772480747,45993199,-1.505568,-1.842260,-2.773855,-0.295502,-1.445638,-0.053085,1,0.220223,0.017560,0.220121,0.021171,0.220082,0.019113,0.220082,0.019113,0.220150,0.005666,0.220000,0.007301,0.220000,0.006013,0.220000,0.006013,0,0.165574,0.220000,0.212667,0.014634,-0.000032,0.041171,0.001171,0.311127,0.330000,0.028659,1
1772480747,71167225,-1.510119,-1.842963,-2.772619,-0.291000,-1.447146,-0.051905,1,0.220287,0.025432,0.220082,0.019113,0.220102,0.018328,0.220102,0.018328,0.220142,0.008003,0.220000,0.006013,0.220000,0.006690,0.220000,0.006690,0,0.184213,0.220000,0.212667,0.013346,-0.001321,0.039113,-0.000887,0.311127,0.330000,0.027479,1
1772480747,96094350,-1.515029,-1.845125,-2.771667,-0.284700,-1.451660,-0.051826,1,0.220618,0.015524,0.220102,0.018328,0.220208,0.016437,0.220208,0.016437,0.220552,0.005404,0.220000,0.006690,0.220000,0.009576,0.220000,0.009576,0,0.263559,0.220000,0.212667,0.014023,-0.000643,0.038328,-0.001672,0.311127,0.330000,0.024632,1
1772480747,146187435,-1.524481,-1.849509,-2.771157,-0.274282,-1.451530,-0.051316,1,0.220073,0.011485,0.220208,0.016437,0.220192,0.014321,0.220192,0.014321,0.219970,0.006730,0.220000,0.009576,0.220000,0.009185,0.220000,0.009185,0,0.252803,0.220000,0.212667,0.016910,0.002243,0.036437,-0.003563,0.311127,0.330000,0.021462,1
1772480747,171229076,-1.530391,-1.851791,-2.771088,-0.267956,-1.451867,-0.051248,1,0.220238,0.016884,0.220192,0.014321,0.220195,0.012395,0.220195,0.012395,0.220028,0.009615,0.220000,0.009185,0.220000,0.009268,0.220000,0.009268,0,0.255085,0.220000,0.212667,0.016518,0.001851,0.034321,-0.005679,0.311127,0.330000,0.018576,1
1772480747,196295239,-1.535439,-1.855385,-2.771061,-0.261879,-1.450654,-0.051221,1,0.219585,0.009619,0.220195,0.012395,0.220157,0.012375,0.220157,0.012375,0.219407,0.008824,0.220000,0.009268,0.220000,0.008326,0.220000,0.008326,0,0.229189,0.220000,0.212667,0.016601,0.001934,0.032395,-0.007605,0.311127,0.330000,0.018549,1
1772480747,246311649,-1.545688,-1.859668,-2.770434,-0.250775,-1.450942,-0.050594,1,0.220360,0.014287,0.220157,0.012375,0.220150,0.007770,0.220150,0.007770,0.220168,0.009185,0.220000,0.008326,0.220000,0.008124,0.220000,0.008124,0,0.223645,0.220000,0.212667,0.015659,0.000992,0.032375,-0.007625,0.311127,0.330000,0.011647,1
1772480747,271410234,-1.550186,-1.861635,-2.770747,-0.245866,-1.450988,-0.050906,1,0.220178,0.006015,0.220150,0.007770,0.220149,0.007978,0.220149,0.007978,0.220042,0.007735,0.220000,0.008124,0.220000,0.008102,0.220000,0.008102,0,0.223038,0.220000,0.212667,0.015457,0.000791,0.027770,-0.012230,0.311127,0.330000,0.011959,1
1772480747,296430122,-1.554268,-1.865730,-2.772146,-0.240464,-1.448924,-0.052306,1,0.219949,0.010142,0.220149,0.007978,0.220108,0.006440,0.220108,0.006440,0.219799,0.008127,0.220000,0.008102,0.220000,0.006894,0.220000,0.006894,0,0.189822,0.220000,0.212667,0.015435,0.000768,0.027978,-0.012022,0.311127,0.330000,0.009655,1
1772480747,346496207,-1.563491,-1.868010,-2.770130,-0.231289,-1.453253,-0.052355,1,0.221092,0.001855,0.220108,0.006440,0.220207,0.003932,0.220207,0.003932,0.220939,0.008243,0.220000,0.006894,0.220000,0.009540,0.220000,0.009540,0,0.262571,0.220000,0.212667,0.014227,-0.000439,0.026440,-0.013560,0.311127,0.330000,0.005893,1
1772480747,371541576,-1.570187,-1.871704,-2.770179,-0.223666,-1.452640,-0.052405,1,0.219812,0.000000,0.220207,0.003932,0.220181,0.003964,0.220181,0.003964,0.219709,0.006714,0.220000,0.009540,0.220000,0.008915,0.220000,0.008915,0,0.245392,0.220000,0.212667,0.016874,0.002207,0.023932,-0.016068,0.311127,0.330000,0.005942,1
1772480747,396591137,-1.573549,-1.873296,-2.770178,-0.219947,-1.452571,-0.052403,1,0.220383,0.019104,0.220181,0.003964,0.220174,0.001408,0.220174,0.001408,0.220156,0.009990,0.220000,0.008915,0.220000,0.008750,0.220000,0.008750,0,0.240858,0.220000,0.212667,0.016248,0.001582,0.023964,-0.016036,0.311127,0.330000,0.002110,1
1772480747,446689069,-1.582708,-1.878488,-2.770800,-0.209464,-1.451605,-0.053026,1,0.219873,0.005624,0.220174,0.001408,0.220142,-0.000904,0.220142,-0.000904,0.219696,0.008801,0.220000,0.008750,0.220000,0.007894,0.220000,0.007894,0,0.217323,0.220000,0.212667,0.016083,0.001417,0.021408,-0.018592,0.311127,0.330000,-0.001355,1
1772480747,471706724,-1.587004,-1.881317,-2.770868,-0.204384,-1.450792,-0.053094,1,0.220055,0.008620,0.220142,-0.000904,0.220117,-0.000859,0.220117,-0.000859,0.219875,0.008888,0.220000,0.007894,0.220000,0.007190,0.220000,0.007190,0,0.197965,0.220000,0.212667,0.015227,0.000561,0.019096,-0.020904,0.311127,0.330000,-0.001287,1
1772480747,496711931,-1.593960,-1.883507,-2.770324,-0.197142,-1.451657,-0.052550,1,0.220581,0.000000,0.220117,-0.000859,0.220124,-0.004135,0.220124,-0.004135,0.220418,0.008476,0.220000,0.007190,0.220000,0.007376,0.220000,0.007376,0,0.203074,0.220000,0.212667,0.014523,-0.000143,0.019141,-0.020859,0.311127,0.330000,-0.006199,1
1772480747,546778448,-1.603801,-1.888470,-2.771264,-0.186132,-1.451180,-0.053490,1,0.220078,-0.006726,0.220124,-0.004135,0.220106,-0.006626,0.220106,-0.006626,0.219973,0.006791,0.220000,0.007376,0.220000,0.006826,0.220000,0.006826,0,0.187945,0.220000,0.212667,0.014709,0.000042,0.015865,-0.024135,0.311127,0.330000,-0.009934,1
1772480747,571832566,-1.609947,-1.891265,-2.771121,-0.179442,-1.451565,-0.053500,1,0.220282,0.000000,0.220106,-0.006626,0.220105,-0.009961,0.220105,-0.009961,0.220142,0.007832,0.220000,0.006826,0.220000,0.006796,0.220000,0.006796,0,0.187130,0.220000,0.212667,0.014159,-0.000508,0.013374,-0.026626,0.311127,0.330000,-0.014935,1
1772480747,596876179,-1.614055,-1.892055,-2.770515,-0.176373,-1.458975,-0.055345,1,0.220232,-0.011127,0.220105,-0.009961,0.220328,-0.008740,0.220328,-0.008740,0.220140,0.006360,0.220000,0.006796,0.220000,0.012014,0.220000,0.012014,0,0.330464,0.220000,0.212667,0.014129,-0.000537,0.010039,-0.029961,0.311127,0.330000,-0.013091,1
1772480747,646992476,-1.623779,-1.898158,-2.771525,-0.164995,-1.457441,-0.056354,1,0.219974,-0.004680,0.220328,-0.008740,0.220259,-0.015517,0.220259,-0.015517,0.219855,0.007218,0.220000,0.012014,0.220000,0.010676,0.220000,0.010676,0,0.293758,0.220000,0.212667,0.019347,0.004680,0.011260,-0.028740,0.311127,0.330000,-0.023248,1
1772480747,672018856,-1.630548,-1.901257,-2.771404,-0.157551,-1.457420,-0.056234,1,0.220002,-0.018316,0.220259,-0.015517,0.220239,-0.015596,0.220239,-0.015596,0.219677,0.011955,0.220000,0.010676,0.220000,0.010254,0.220000,0.010254,0,0.282160,0.220000,0.212667,0.018009,0.003343,0.004483,-0.035517,0.311127,0.330000,-0.023369,1
1772480747,697055518,-1.635234,-1.903107,-2.771629,-0.152519,-1.457673,-0.056459,1,0.220049,-0.021310,0.220239,-0.015596,0.220236,-0.019606,0.220236,-0.019606,0.219793,0.010602,0.220000,0.010254,0.220000,0.010203,0.220000,0.010203,0,0.280769,0.220000,0.212667,0.017587,0.002920,0.004404,-0.035596,0.311127,0.330000,-0.029377,1
1772480747,747089004,-1.645548,-1.908863,-2.773019,-0.140748,-1.456699,-0.057849,1,0.220659,-0.009882,0.220236,-0.019606,0.220192,-0.023163,0.220192,-0.023163,0.220416,0.010349,0.220000,0.010203,0.220000,0.009187,0.220000,0.009187,0,0.252877,0.220000,0.212667,0.017536,0.002870,0.000394,-0.039606,0.311127,0.330000,-0.034714,1
1772480747,772144933,-1.651743,-1.912323,-2.774208,-0.133677,-1.456111,-0.059038,1,0.220419,-0.013802,0.220192,-0.023163,0.220169,-0.027219,0.220169,-0.027219,0.220194,0.009967,0.220000,0.009187,0.220000,0.008625,0.220000,0.008625,0,0.237433,0.220000,0.212667,0.016521,0.001854,-0.003163,-0.043163,0.311127,0.330000,-0.040796,1
1772480747,797190565,-1.657035,-1.914092,-2.772320,-0.128127,-1.456689,-0.057150,1,0.220317,-0.025376,0.220169,-0.027219,0.220154,-0.028477,0.220154,-0.028477,0.220114,0.009467,0.220000,0.008625,0.220000,0.008238,0.220000,0.008238,0,0.226778,0.220000,0.212667,0.015959,0.001292,-0.007219,-0.047219,0.311127,0.330000,-0.042685,1
1772480747,847249540,-1.668440,-1.920015,-2.775532,-0.119985,-1.455036,-0.054315,1,0.219722,-0.027940,0.220154,-0.028477,0.220081,-0.035609,0.220081,-0.035609,0.219567,0.008236,0.220000,0.008238,0.220000,0.005958,0.220000,0.005958,0,0.164083,0.220000,0.212667,0.015571,0.000904,-0.008477,-0.048477,0.311127,0.330000,-0.053394,1
1772480747,872342927,-1.673344,-1.923413,-2.776310,-0.114121,-1.453935,-0.055093,1,0.220356,-0.026501,0.220081,-0.035609,0.220056,-0.040784,0.220056,-0.040784,0.220185,0.008692,0.220000,0.005958,0.220000,0.004978,0.220000,0.004978,0,0.137093,0.220000,0.212667,0.013292,-0.001375,-0.015609,-0.055609,0.311127,0.330000,-0.061160,1
1772480747,897383888,-1.678885,-1.926273,-2.777617,-0.107896,-1.453585,-0.056401,1,0.220132,-0.037824,0.220056,-0.040784,0.220047,-0.039910,0.220047,-0.039910,0.220055,0.005814,0.220000,0.004978,0.220000,0.004568,0.220000,0.004568,0,0.125812,0.220000,0.212667,0.012311,-0.002356,-0.020784,-0.060784,0.311127,0.330000,-0.059852,1
1772480747,947419125,-1.691680,-1.931543,-2.777890,-0.094064,-1.453996,-0.056673,1,0.221025,-0.043781,0.220047,-0.039910,0.220032,-0.052662,0.220032,-0.052662,0.220975,0.004683,0.220000,0.004568,0.220000,0.003771,0.220000,0.003771,0,0.103875,0.220000,0.212667,0.011901,-0.002765,-0.019910,-0.059910,0.311127,0.330000,-0.078982,1
1772480747,972461421,-1.696366,-1.934312,-2.778834,-0.088655,-1.453380,-0.057617,1,0.219532,-0.045376,0.220032,-0.052662,0.220022,-0.052030,0.220022,-0.052030,0.219483,0.004639,0.220000,0.003771,0.220000,0.003099,0.220000,0.003099,0,0.085373,0.220000,0.212667,0.011105,-0.003562,-0.032662,-0.072662,0.311127,0.330000,-0.078037,1
1772480747,997514868,-1.703670,-1.938091,-2.779747,-0.080445,-1.452911,-0.058531,1,0.220279,-0.047272,0.220022,-0.052030,0.220011,-0.059012,0.220011,-0.059012,0.220237,0.004297,0.220000,0.003099,0.220000,0.002224,0.220000,0.002224,0,0.061267,0.220000,0.212667,0.010433,-0.004234,-0.032030,-0.072030,0.311127,0.330000,-0.088514,1
1772480748,47587242,-1.711899,-1.942975,-2.782146,-0.070940,-1.451810,-0.060929,1,0.219995,-0.049914,0.220011,-0.059012,0.220003,-0.066216,0.220003,-0.066216,0.219977,0.002816,0.220000,0.002224,0.220000,0.001072,0.220000,0.001072,0,0.029527,0.220000,0.212667,0.009557,-0.005109,-0.039012,-0.079012,0.311127,0.330000,-0.099323,1
1772480748,72626227,-1.717741,-1.944964,-2.782321,-0.065083,-1.452203,-0.060958,1,0.219732,-0.064239,0.220003,-0.066216,0.220001,-0.075733,0.220001,-0.075733,0.219722,0.002054,0.220000,0.001072,0.220000,0.000710,0.220000,0.000710,0,0.019554,0.220000,0.212667,0.008405,-0.006262,-0.046216,-0.086216,0.311127,0.330000,-0.113599,1
1772480748,97665641,-1.723552,-1.948311,-2.783435,-0.063061,-1.448673,-0.059724,1,0.220112,-0.065943,0.220001,-0.075733,0.220010,-0.076559,0.220010,-0.076559,0.220109,0.001112,0.220000,0.000710,0.220000,-0.002121,0.220000,-0.002121,0,-0.058427,0.220000,0.212667,0.008043,-0.006624,-0.055733,-0.095733,0.311127,0.330000,-0.114834,1
1772480748,147768041,-1.734933,-1.954473,-2.787252,-0.050158,-1.447660,-0.063541,1,0.220252,-0.081977,0.220010,-0.076559,0.220027,-0.084131,0.220027,-0.084131,0.220252,0.000000,0.220000,-0.002121,0.220000,-0.003468,0.220000,-0.003468,0,-0.095512,0.220000,0.212667,0.005212,-0.009454,-0.056559,-0.096559,0.311127,0.330000,-0.126182,1
1772480748,172798397,-1.739296,-1.956251,-2.788281,-0.045450,-1.447806,-0.064570,1,0.219751,-0.079603,0.220027,-0.084131,0.220032,-0.095856,0.220032,-0.095856,0.219740,-0.002186,0.220000,-0.003468,0.220000,-0.003749,0.220000,-0.003749,0,-0.103274,0.220000,0.212667,0.003866,-0.010801,-0.064131,-0.104131,0.311127,0.330000,-0.143763,1
1772480748,197779419,-1.744337,-1.957733,-2.789825,-0.040241,-1.448497,-0.066113,1,0.219919,-0.075994,0.220032,-0.095856,0.220030,-0.094826,0.220030,-0.094826,0.219893,-0.003367,0.220000,-0.003749,0.220000,-0.003641,0.220000,-0.003641,0,-0.100302,0.220000,0.212667,0.003584,-0.011083,-0.075856,-0.115856,0.311127,0.330000,-0.142220,1
1772480748,222864296,-1.750242,-1.960502,-2.791792,-0.033720,-1.448362,-0.068081,1,0.220218,-0.094675,0.220030,-0.094826,0.220041,-0.107620,0.220041,-0.107620,0.220194,-0.003304,0.220000,-0.003641,0.220000,-0.004232,0.220000,-0.004232,0,-0.116566,0.220000,0.212667,0.003692,-0.010975,-0.074826,-0.114826,0.311127,0.330000,-0.161401,1
1772480748,272957212,-1.756740,-1.959757,-2.794927,-0.028084,-1.451681,-0.071216,1,0.220574,-0.097140,0.220041,-0.107620,0.220011,-0.121512,0.220011,-0.121512,0.220545,-0.003577,0.220000,-0.004232,0.220000,-0.002209,0.220000,-0.002209,0,-0.060845,0.220000,0.212667,0.003101,-0.011565,-0.087620,-0.127620,0.311127,0.330000,-0.182259,1
1772480748,298006037,-1.763103,-1.963140,-2.798244,-0.020895,-1.451171,-0.074533,1,0.220255,-0.116504,0.220011,-0.121512,0.220020,-0.119305,0.220020,-0.119305,0.220201,-0.004911,0.220000,-0.002209,0.220000,-0.002966,0.220000,-0.002966,0,-0.081701,0.220000,0.212667,0.005125,-0.009542,-0.101512,-0.141512,0.311127,0.330000,-0.178942,1
1772480748,347995051,-1.772836,-1.967172,-2.803562,-0.010213,-1.451160,-0.079950,1,0.219787,-0.131803,0.220020,-0.119305,0.212695,-0.139305,0.212695,-0.139305,0.219774,-0.002411,0.220000,-0.002966,0.212667,-0.003451,0.212667,-0.003451,0,-0.101257,0.220000,0.212667,0.004367,-0.010299,-0.099305,-0.139305,0.311127,0.330000,-0.236228,1
1772480748,372998912,-1.779208,-1.968806,-2.806412,-0.001361,-1.447925,-0.084362,1,0.220081,-0.120290,0.212695,-0.139305,0.220062,-0.136052,0.220062,-0.136052,0.220060,-0.003026,0.212667,-0.003451,0.220000,-0.005217,0.220000,-0.005217,0,-0.148626,0.220000,0.205333,0.003882,-0.010785,-0.119305,-0.159305,0.311127,0.319042,-0.197246,1
1772480748,398083699,-1.783054,-1.970301,-2.809611,0.002760,-1.448126,-0.087561,1,0.212528,-0.137439,0.220062,-0.136052,0.212755,-0.156052,0.212755,-0.156052,0.212504,-0.003209,0.220000,-0.005217,0.212667,-0.006134,0.212667,-0.006134,0,-0.182640,0.220000,0.212667,0.002116,-0.012551,-0.116052,-0.156052,0.311127,0.330000,-0.271129,1
1772480748,448170761,-1.793770,-1.974733,-2.815681,0.014352,-1.448444,-0.093631,1,0.220254,-0.132748,0.212755,-0.156052,0.211968,-0.176052,0.211968,-0.176052,0.220192,-0.005222,0.212667,-0.006134,0.211886,-0.005896,0.211886,-0.005896,0,-0.174322,0.220000,0.205333,0.001199,-0.013468,-0.136052,-0.176052,0.311127,0.319133,-0.265059,1
1772480748,473230336,-1.798557,-1.977046,-2.818802,0.019666,-1.448281,-0.096752,1,0.212236,-0.178661,0.211968,-0.176052,0.219318,-0.180681,0.219318,-0.180681,0.212163,-0.005574,0.211886,-0.005896,0.219219,-0.006584,0.219219,-0.006584,0,-0.188826,0.219219,0.204552,0.001437,-0.013229,-0.156052,-0.196052,0.311127,0.317952,-0.261939,1
1772480748,498227136,-1.805068,-1.978644,-2.822231,0.026263,-1.449474,-0.100181,1,0.211654,-0.177130,0.219318,-0.180681,0.212028,-0.200681,0.212028,-0.200681,0.211571,-0.005929,0.219219,-0.006584,0.211886,-0.007763,0.211886,-0.007763,0,-0.246797,0.220000,0.211886,0.000750,-0.013917,-0.160681,-0.200681,0.311127,0.328977,-0.376466,1
1772480748,548312632,-1.814919,-1.981947,-2.830167,0.036605,-1.450470,-0.108118,1,0.219100,-0.174577,0.212028,-0.200681,0.204659,-0.220681,0.204659,-0.220681,0.219006,-0.006437,0.211886,-0.007763,0.204552,-0.006601,0.204552,-0.006601,0,-0.211219,0.219219,0.204552,-0.000430,-0.015097,-0.180681,-0.220681,0.311127,0.318042,-0.368530,1
1772480748,573349600,-1.820008,-1.984643,-2.835504,0.042351,-1.450082,-0.113454,1,0.204043,-0.202158,0.204659,-0.220681,0.203435,-0.240681,0.203435,-0.240681,0.203956,-0.005978,0.204552,-0.006601,0.203362,-0.005440,0.203362,-0.005440,0,-0.174208,0.211886,0.197219,0.000733,-0.013934,-0.200681,-0.240681,0.311127,0.306988,-0.363193,1
1772480748,598389878,-1.825458,-1.985524,-2.840644,0.047687,-1.451497,-0.118594,1,0.204876,-0.217852,0.203435,-0.240681,0.210752,-0.247288,0.210752,-0.247288,0.204768,-0.006637,0.203362,-0.005440,0.210696,-0.004876,0.210696,-0.004876,0,-0.151628,0.210696,0.196029,0.001894,-0.012773,-0.220681,-0.260681,0.311127,0.305153,-0.358053,1
1772480748,648445731,-1.834241,-1.988594,-2.849664,0.055026,-1.452643,-0.126913,1,0.203539,-0.241216,0.210752,-0.247288,0.203456,-0.267288,0.203456,-0.267288,0.203470,-0.005317,0.210696,-0.004876,0.203362,-0.006170,0.203362,-0.006170,0,-0.238059,0.218029,0.203362,0.002458,-0.012209,-0.227288,-0.267288,0.311127,0.316128,-0.558376,1
1772480748,673449944,-1.839821,-1.990941,-2.856895,0.061078,-1.452769,-0.134145,1,0.203195,-0.267245,0.203456,-0.267288,0.203671,-0.287288,0.203671,-0.287288,0.203072,-0.007064,0.203362,-0.006170,0.203605,-0.005198,0.203605,-0.005198,0,-0.167267,0.210696,0.196029,0.001163,-0.013504,-0.247288,-0.287288,0.311127,0.305184,-0.430476,1
1772480748,698506280,-1.845190,-1.991917,-2.864673,0.066380,-1.454061,-0.141923,1,0.203148,-0.274392,0.203671,-0.287288,0.196324,-0.307288,0.196324,-0.307288,0.203051,-0.006300,0.203605,-0.005198,0.196271,-0.004535,0.196271,-0.004535,0,-0.166401,0.210938,0.196271,0.002135,-0.012532,-0.267288,-0.307288,0.311127,0.305506,-0.543367,1
1772480748,748561470,-1.854397,-1.993382,-2.877102,0.075387,-1.456467,-0.154352,1,0.203489,-0.289041,0.196324,-0.307288,0.188943,-0.327288,0.188943,-0.327288,0.203433,-0.004770,0.196271,-0.004535,0.188938,-0.001317,0.188938,-0.001317,0,-0.048804,0.203605,0.188938,0.002798,-0.011869,-0.287288,-0.327288,0.311127,0.294486,-0.530938,1
1772480748,773552143,-1.859308,-1.994615,-2.883085,0.080374,-1.457338,-0.160335,1,0.187058,-0.314263,0.188943,-0.327288,0.196279,-0.307288,0.196279,-0.307288,0.187058,0.000000,0.188938,-0.001317,0.196271,0.001750,0.196271,0.001750,0,0.059042,0.196271,0.181605,0.006016,-0.008650,-0.307288,-0.347288,0.311127,0.283414,-0.404287,1
1772480748,798674336,-1.864342,-1.996307,-2.890880,0.085662,-1.457839,-0.168130,1,0.188999,-0.328481,0.196279,-0.307288,0.188951,-0.327288,0.188951,-0.327288,0.188995,-0.001263,0.196271,0.001750,0.188938,-0.002177,0.188938,-0.002177,0,-0.099646,0.203605,0.188938,0.009083,-0.005584,-0.287288,-0.327288,0.311127,0.294419,-0.684076,1
1772480748,848672083,-1.874468,-1.997898,-2.907318,0.095560,-1.460504,-0.184568,1,0.195944,-0.317994,0.188951,-0.327288,0.181607,-0.347288,0.181607,-0.347288,0.195933,0.002041,0.188938,-0.002177,0.181605,0.000983,0.181605,0.000983,0,0.045421,0.196271,0.181605,0.005157,-0.009510,-0.307288,-0.347288,0.311127,0.283426,-0.667638,1
1772480748,873698027,-1.878583,-1.999539,-2.916204,0.099850,-1.460674,-0.193449,1,0.179988,-0.312673,0.181607,-0.347288,0.189011,-0.341262,0.189011,-0.341262,0.179975,0.002115,0.181605,0.000983,0.188938,0.005253,0.188938,0.005253,0,0.204061,0.188938,0.174271,0.008316,-0.006351,-0.327288,-0.367288,0.311127,0.272411,-0.491841,1
1772480748,898694812,-1.883074,-2.000718,-2.923952,0.102049,-1.461334,-0.201103,1,0.181692,-0.339077,0.189011,-0.341262,0.181605,-0.361262,0.181605,-0.361262,0.181685,0.001568,0.188938,0.005253,0.181605,0.000419,0.181605,0.000419,0,0.023958,0.196271,0.181605,0.012587,-0.002080,-0.321262,-0.361262,0.311127,0.283517,-0.873022,1
1772480748,948792693,-1.890897,-2.003913,-2.940553,0.110496,-1.461596,-0.217704,1,0.189628,-0.334529,0.181605,-0.361262,0.174298,-0.381262,0.174298,-0.381262,0.189565,0.004909,0.181605,0.000419,0.174271,0.003074,0.174271,0.003074,0,0.178934,0.188938,0.174271,0.007753,-0.006914,-0.341262,-0.381262,0.311127,0.272408,-0.856420,1
1772480748,973822753,-1.895347,-2.004843,-2.949074,0.114939,-1.462556,-0.226224,1,0.172895,-0.366184,0.174298,-0.381262,0.167591,-0.401262,0.167591,-0.401262,0.172855,0.003742,0.174271,0.003074,0.167390,0.008212,0.167390,0.008212,0,0.374824,0.181605,0.166938,0.010408,-0.004259,-0.361262,-0.401262,0.311127,0.261448,-0.625981,1
1772480748,998847210,-1.900513,-2.004919,-2.958809,0.119690,-1.464587,-0.235960,1,0.174111,-0.376121,0.167591,-0.401262,0.175378,-0.381262,0.175378,-0.381262,0.174075,0.003544,0.167390,0.008212,0.174723,0.015144,0.174723,0.015144,0,0.589849,0.174723,0.160057,0.015545,0.000878,-0.381262,-0.421262,0.311127,0.251387,-0.449330,1
1772480749,48867010,-1.909326,-2.007633,-2.976597,0.128845,-1.465691,-0.253748,1,0.178596,-0.342907,0.175378,-0.381262,0.167572,-0.401262,0.167572,-0.401262,0.177724,0.017628,0.174723,0.015144,0.167390,0.007811,0.167390,0.007811,0,0.176222,0.182057,0.167390,0.022477,0.007811,-0.361262,-0.401262,0.311127,0.263067,-0.945619,1
1772480749,73868850,-1.915051,-2.008529,-2.987089,0.134440,-1.467200,-0.264240,1,0.166713,-0.415989,0.167572,-0.401262,0.160265,-0.421262,0.160265,-0.421262,0.166561,0.007120,0.167390,0.007811,0.160057,0.008171,0.160057,0.008171,0,0.487582,0.174723,0.160057,0.015144,0.000477,-0.381262,-0.421262,0.311127,0.251358,-0.809884,1
1772480749,98963941,-1.919366,-2.010520,-2.997382,0.139191,-1.467136,-0.274533,1,0.167075,-0.418016,0.160265,-0.421262,0.168047,-0.403816,0.168047,-0.403816,0.166875,0.008179,0.160057,0.008171,0.167390,0.014847,0.167390,0.014847,0,0.735027,0.167390,0.152723,0.015504,0.000837,-0.401262,-0.441262,0.311127,0.240397,-0.577673,1
1772480749,148994590,-1.926275,-2.011163,-3.016830,0.144456,-1.470061,-0.294544,1,0.170361,-0.397724,0.168047,-0.403816,0.160233,-0.423816,0.160233,-0.423816,0.169540,0.016705,0.167390,0.014847,0.160057,0.007514,0.160057,0.007514,0,0.399169,0.174723,0.160057,0.022180,0.007514,-0.383816,-0.423816,0.311127,0.252070,-0.904823,1
1772480749,173939127,-1.929723,-2.012707,-3.028525,0.148234,-1.470055,-0.306238,1,0.158364,-0.453484,0.160233,-0.423816,0.153261,-0.443816,0.153261,-0.443816,0.158252,0.005962,0.160057,0.007514,0.152723,0.012825,0.152723,0.012825,0,0.761249,0.167390,0.152723,0.014847,0.000180,-0.403816,-0.443816,0.311127,0.240349,-0.767886,1
1772480749,199063091,-1.934254,-2.012266,-3.036373,0.152193,-1.472303,-0.314087,1,0.160532,-0.419324,0.153261,-0.443816,0.146527,-0.463816,0.146527,-0.463816,0.160333,0.007974,0.152723,0.012825,0.145390,0.018221,0.145390,0.018221,0,1.125733,0.160057,0.145390,0.020159,0.005492,-0.423816,-0.463816,0.311127,0.229891,-0.760038,1
1772480749,224074984,-1.937773,-2.012460,-3.047536,0.155486,-1.473558,-0.325249,1,0.144796,-0.413666,0.146527,-0.463816,0.154846,-0.443816,0.154846,-0.443816,0.143451,0.019686,0.145390,0.018221,0.152723,0.025554,0.152723,0.025554,0,1.488379,0.152723,0.138057,0.025554,0.010888,-0.443816,-0.483816,0.311127,0.219791,-0.526956,1
1772480749,274124450,-1.945843,-2.013417,-3.067304,0.163246,-1.475970,-0.345018,1,0.156142,-0.437352,0.154846,-0.443816,0.146527,-0.463816,0.146527,-0.463816,0.153745,0.027256,0.152723,0.025554,0.145390,0.018221,0.145390,0.018221,0,0.915001,0.160057,0.145390,0.032888,0.018221,-0.423816,-0.463816,0.311127,0.232270,-0.854348,1
1772480749,299202997,-1.950108,-2.015040,-3.078942,0.167803,-1.476223,-0.356656,1,0.154810,-0.454240,0.146527,-0.463816,0.148213,-0.483816,0.148213,-0.483816,0.152656,0.025735,0.145390,0.018221,0.146526,0.022300,0.146526,0.022300,0,1.369102,0.152723,0.138057,0.025554,0.010888,-0.443816,-0.483816,0.311127,0.219791,-0.717469,1
1772480749,324229772,-1.952561,-2.015089,-3.090869,0.170064,-1.477177,-0.368582,1,0.148265,-0.451156,0.148213,-0.483816,0.140339,-0.503816,0.140339,-0.503816,0.146460,0.023065,0.146526,0.022300,0.139192,0.017905,0.139192,0.017905,0,1.191477,0.153859,0.139192,0.029633,0.014966,-0.463816,-0.503816,0.311127,0.222319,-0.830784,1
1772480749,374232152,-1.959438,-2.016893,-3.114806,0.177079,-1.478329,-0.392519,1,0.139165,-0.518392,0.140339,-0.503816,0.148683,-0.483816,0.148683,-0.483816,0.138024,0.017782,0.139192,0.017905,0.146526,0.025239,0.146526,0.025239,0,1.763435,0.146526,0.131859,0.025239,0.010572,-0.483816,-0.523816,0.311127,0.210509,-0.681605,1
1772480749,399254029,-1.963003,-2.017843,-3.126666,0.180920,-1.478896,-0.404389,1,0.140348,-0.506765,0.148683,-0.483816,0.140812,-0.503816,0.140812,-0.503816,0.139129,0.018459,0.146526,0.025239,0.139192,0.021298,0.139192,0.021298,0,1.487042,0.153859,0.139192,0.032572,0.017905,-0.463816,-0.503816,0.311127,0.223025,-0.794977,1
1772480749,449335563,-1.970380,-2.019745,3.132006,0.192464,-1.479816,-0.429097,1,0.139359,-0.517834,0.140812,-0.503816,0.136591,-0.523816,0.136591,-0.523816,0.137782,0.020907,0.139192,0.021298,0.134537,0.023600,0.134537,0.023600,0,1.720403,0.146526,0.131859,0.028631,0.013964,-0.483816,-0.523816,0.311127,0.211219,-0.770270,1
1772480749,474373003,-1.975301,-2.020761,3.120042,0.197372,-1.480893,-0.441060,1,0.135996,-0.521674,0.136591,-0.523816,0.140444,-0.543816,0.140444,-0.543816,0.133831,0.024170,0.134537,0.023600,0.138058,0.025779,0.138058,0.025779,0,1.874533,0.141871,0.127204,0.030933,0.016267,-0.503816,-0.543816,0.311127,0.204887,-0.758306,1
1772480749,499377333,-1.979261,-2.020438,3.107479,0.200857,-1.482801,-0.453623,1,0.135843,-0.533437,0.140444,-0.543816,0.145149,-0.563816,0.145149,-0.563816,0.133696,0.024057,0.138058,0.025779,0.142192,0.029145,0.142192,0.029145,0,2.091804,0.145391,0.130724,0.033112,0.018445,-0.523816,-0.563816,0.311127,0.210666,-0.745743,1
1772480749,549472682,-1.984980,-2.022905,3.081532,0.207086,-1.482877,-0.479570,1,0.146308,-0.540654,0.145149,-0.563816,0.150812,-0.583816,0.150812,-0.583816,0.143193,0.030031,0.142192,0.029145,0.147171,0.032938,0.147171,0.032938,0,2.349224,0.149526,0.134859,0.036479,0.021812,-0.543816,-0.583816,0.311127,0.217723,-0.719796,1
1772480749,574411619,-1.988945,-2.022707,3.067834,0.210626,-1.484673,-0.493269,1,0.150555,-0.584921,0.150812,-0.583816,0.154702,-0.600000,0.154702,-0.600000,0.146808,0.033380,0.147171,0.032938,0.150326,0.036536,0.150326,0.036536,0,2.594462,0.154505,0.139838,0.040272,0.025605,-0.563816,-0.600000,0.311127,0.226218,-0.706098,1
1772480749,599502855,-1.992554,-2.024109,3.053822,0.214493,-1.484862,-0.507281,1,0.150993,-0.573954,0.154702,-0.600000,0.154550,-0.600000,0.154550,-0.600000,0.147194,0.033661,0.150326,0.036536,0.149822,0.037936,0.149822,0.037936,0,2.753828,0.157659,0.142993,0.043870,0.029203,-0.580000,-0.600000,0.311127,0.232053,-0.692086,1
1772480749,624447653,-1.995622,-2.024962,3.037390,0.217643,-1.485333,-0.523712,1,0.154814,-0.596102,0.154550,-0.600000,0.155498,-0.600000,0.155498,-0.600000,0.149855,0.038871,0.149822,0.037936,0.150175,0.040338,0.150175,0.040338,0,2.962927,0.157155,0.142488,0.045269,0.030603,-0.580000,-0.600000,0.311127,0.231825,-0.675654,1
1772480749,674603962,-2.003247,-2.026178,3.007110,0.224252,-1.485582,-0.553602,1,0.156314,-0.615826,0.155498,-0.600000,0.156709,-0.600000,0.156709,-0.600000,0.150901,0.040778,0.150175,0.040338,0.150449,0.043850,0.150449,0.043850,0,3.318121,0.157509,0.142842,0.047672,0.033005,-0.580000,-0.600000,0.311127,0.233248,-0.645765,1
1772480749,699567755,-2.007703,-2.027137,2.992710,0.228713,-1.486519,-0.568001,1,0.157487,-0.596502,0.156709,-0.600000,0.155960,-0.600000,0.155960,-0.600000,0.150863,0.045193,0.150449,0.043850,0.149166,0.045532,0.149166,0.045532,0,3.557866,0.157782,0.143116,0.051184,0.036517,-0.580000,-0.600000,0.311127,0.235064,-0.631365,1
1772480749,724536535,-2.011562,-2.027656,2.978999,0.232449,-1.487616,-0.581713,1,0.156178,-0.578299,0.155960,-0.600000,0.155640,-0.600000,0.155640,-0.600000,0.149133,0.046378,0.149166,0.045532,0.148207,0.047524,0.148207,0.047524,0,3.811612,0.156499,0.141832,0.052865,0.038199,-0.580000,-0.600000,0.311127,0.233940,-0.617653,1
1772480749,774621854,-2.018005,-2.029215,2.949428,0.238969,-1.488814,-0.611284,1,0.155265,-0.599812,0.155640,-0.600000,0.156732,-0.600000,0.156732,-0.600000,0.147704,0.047864,0.148207,0.047524,0.147967,0.051679,0.147967,0.051679,0,4.292790,0.155541,0.140874,0.054858,0.040191,-0.580000,-0.600000,0.311127,0.233461,-0.588083,1
1772480749,799636152,-2.021948,-2.030751,2.934724,0.243196,-1.489015,-0.625988,1,0.157031,-0.574027,0.156732,-0.600000,0.156440,-0.600000,0.156440,-0.600000,0.147475,0.053942,0.147967,0.051679,0.147258,0.052809,0.147258,0.052809,0,4.515927,0.155300,0.140633,0.059012,0.044345,-0.580000,-0.600000,0.311127,0.235097,-0.573378,1
1772480749,849647166,-2.029971,-2.030242,2.904430,0.252624,-1.495433,-0.654569,1,0.156689,-0.605721,0.156440,-0.600000,0.152758,-0.600000,0.152758,-0.600000,0.147307,0.053405,0.147258,0.052809,0.140791,0.059271,0.140791,0.059271,0,5.594731,0.154591,0.139924,0.060142,0.045475,-0.580000,-0.600000,0.311127,0.234660,-0.544797,1
1772480749,874712628,-2.032201,-2.032072,2.889480,0.255405,-1.494664,-0.669519,1,0.153801,-0.613735,0.152758,-0.600000,0.154252,-0.600000,0.154252,-0.600000,0.141645,0.059929,0.140791,0.059271,0.141907,0.060464,0.141907,0.060464,0,5.755253,0.148124,0.133457,0.066604,0.051938,-0.580000,-0.600000,0.311127,0.229137,-0.529847,1
1772480749,899715436,-2.036276,-2.032473,2.874280,0.259293,-1.495950,-0.684720,1,0.154882,-0.613537,0.154252,-0.600000,0.154040,-0.600000,0.154040,-0.600000,0.142424,0.060859,0.141907,0.060464,0.140676,0.062757,0.140676,0.062757,0,6.166925,0.149241,0.134574,0.067797,0.053130,-0.580000,-0.600000,0.311127,0.231378,-0.514647,1
1772480749,924765295,-2.041190,-2.033293,2.859775,0.264117,-1.497192,-0.699224,1,0.154471,-0.601152,0.154040,-0.600000,0.152532,-0.600000,0.152532,-0.600000,0.140638,0.063894,0.140676,0.062757,0.138416,0.064085,0.138416,0.064085,0,6.608845,0.148010,0.133343,0.070091,0.055424,-0.580000,-0.600000,0.311127,0.231060,-0.500143,1
1772480749,974750614,-2.049876,-2.034189,2.829178,0.272199,-1.500043,-0.729921,1,0.152390,-0.600275,0.152532,-0.600000,0.151585,-0.600000,0.151585,-0.600000,0.137950,0.064750,0.138416,0.064085,0.135175,0.068597,0.135175,0.068597,0,7.631204,0.145749,0.131083,0.071419,0.056752,-0.580000,-0.600000,0.311127,0.228798,-0.469446,1
1772480749,999805679,-2.053185,-2.033816,2.814466,0.269294,-1.505591,-0.747216,1,0.150961,-0.586111,0.151585,-0.600000,0.152507,-0.580000,0.152507,-0.580000,0.133803,0.069899,0.135175,0.068597,0.132261,0.075931,0.132261,0.075931,0,8.527451,0.142508,0.127842,0.075931,0.061264,-0.580000,-0.600000,0.311127,0.227377,-0.452151,1
1772480750,49849872,-2.061509,-2.036428,2.783394,0.277960,-1.506600,-0.778288,1,0.152670,-0.599551,0.152507,-0.580000,0.156367,-0.590773,0.156367,-0.590773,0.132050,0.076623,0.132261,0.075931,0.132355,0.083264,0.132355,0.083264,0,9.555464,0.139595,0.124928,0.083264,0.068597,-0.560000,-0.600000,0.311127,0.228761,-0.421079,1
1772480750,74879874,-2.064533,-2.036904,2.768633,0.280915,-1.507399,-0.793048,1,0.152869,-0.590059,0.156367,-0.590773,0.160063,-0.600000,0.160063,-0.600000,0.132462,0.076308,0.132355,0.083264,0.134094,0.087401,0.134094,0.087401,0,10.075084,0.139688,0.125022,0.090597,0.075931,-0.570773,-0.600000,0.311127,0.234551,-0.406318,1
1772480750,99887695,-2.068521,-2.037997,2.753868,0.285002,-1.508028,-0.807814,1,0.157316,-0.558475,0.160063,-0.600000,0.159776,-0.600000,0.159776,-0.600000,0.132504,0.084801,0.134094,0.087401,0.132772,0.088881,0.132772,0.088881,0,10.670373,0.141428,0.126761,0.094734,0.080068,-0.580000,-0.600000,0.311127,0.240095,-0.391552,1
1772480750,150006001,-2.076401,-2.038849,2.723967,0.287943,-1.510266,-0.836349,1,0.160460,-0.613505,0.159776,-0.600000,0.162468,-0.584386,0.162468,-0.584386,0.134136,0.088062,0.132772,0.088881,0.130914,0.096215,0.130914,0.096215,0,11.735709,0.140105,0.125439,0.096215,0.081548,-0.580000,-0.600000,0.311127,0.239664,-0.363018,1
1772480750,175040717,-2.080330,-2.038855,2.709277,0.291535,-1.511858,-0.851039,1,0.160165,-0.589150,0.162468,-0.584386,0.167237,-0.600000,0.167237,-0.600000,0.132665,0.089737,0.130914,0.096215,0.132412,0.102153,0.132412,0.102153,0,12.582881,0.138247,0.123581,0.103548,0.088881,-0.564386,-0.600000,0.311127,0.243702,-0.348328,1
1772480750,200023188,-2.084003,-2.040104,2.694468,0.295400,-1.512210,-0.865848,1,0.163988,-0.566527,0.167237,-0.600000,0.167721,-0.600000,0.167721,-0.600000,0.131032,0.098604,0.132412,0.102153,0.131710,0.103841,0.131710,0.103841,0,13.281748,0.139745,0.125079,0.109486,0.094820,-0.580000,-0.600000,0.311127,0.250856,-0.333518,1
1772480750,250078095,-2.091777,-2.042679,2.663937,0.303593,-1.513048,-0.896179,1,0.168053,-0.609588,0.167721,-0.600000,0.168283,-0.600000,0.168283,-0.600000,0.132628,0.103207,0.131710,0.103841,0.129932,0.106944,0.129932,0.106944,0,14.946632,0.139043,0.124376,0.111174,0.096508,-0.580000,-0.600000,0.311127,0.251582,-0.303188,1
1772480750,275074142,-2.096077,-2.043952,2.648705,0.309095,-1.514363,-0.906495,1,0.167717,-0.609142,0.168283,-0.600000,0.162626,-0.600000,0.162626,-0.600000,0.131374,0.104259,0.129932,0.106944,0.124290,0.104878,0.124290,0.104878,0,16.248298,0.137265,0.122599,0.114277,0.099611,-0.580000,-0.600000,0.311127,0.252425,-0.292871,1
1772480750,300145679,-2.101825,-2.044108,2.633093,0.314421,-1.516531,-0.922107,1,0.168139,-0.593170,0.162626,-0.600000,0.159558,-0.600000,0.159558,-0.600000,0.128933,0.107921,0.124290,0.104878,0.118841,0.106468,0.118841,0.106468,0,18.100014,0.131623,0.116956,0.112212,0.097545,-0.580000,-0.600000,0.311127,0.243940,-0.277260,1
