sec,nsec,x,y,yaw,map_x,map_y,map_yaw,map_pose_valid,v_real,w_real,v_now,w_now,v_cmd,w_cmd,v_nav,w_nav,vx_real,vy_real,vx_now,vy_now,vx_cmd,vy_cmd,vx_nav,vy_nav,velocity_violation,curvature,dw_vx_max,dw_vx_min,dw_vy_max,dw_vy_min,dw_w_max,dw_w_min,v_reg,lookahead_dist,lookahead_yaw,is_accel
1772480645,826430949,0.022439,-2.233026,2.315867,-1.411910,-0.402029,-1.306253,1,0.000000,0.000000,0.311127,0.435082,0.311127,1.237115,0.303044,0.455082,0.000000,0.000000,-0.036897,0.308931,0.139072,0.278315,-0.029563,0.301598,1,5.421439,-0.029563,-0.044230,0.220000,0.220000,0.455082,0.415082,0.311127,0.330000,1.312158,1
1772480645,851471692,0.020656,-2.233267,2.315572,-1.410218,-0.402639,-1.306548,1,0.009809,0.019722,0.311127,1.237115,0.311127,1.237392,0.259943,0.600000,0.006963,0.006908,0.139072,0.278315,0.138457,0.278621,0.138457,0.220000,1,5.427404,0.146405,0.131738,0.220000,0.220000,0.600000,0.600000,0.311127,0.330000,1.312452,1
1772480645,876445797,0.021182,-2.233902,2.315410,-1.410391,-0.401833,-1.306710,1,0.010297,0.015685,0.311127,1.237392,0.311127,1.237545,0.260290,0.600000,0.007452,0.007105,0.138457,0.278621,0.139107,0.278297,0.139107,0.220000,1,5.421096,0.145790,0.131124,0.220000,0.220000,0.600000,0.600000,0.311127,0.330000,1.312615,1
1772480645,926549407,0.020218,-2.230590,2.317199,-1.411066,-0.405216,-1.304921,1,0.033390,0.067291,0.311127,1.237545,0.311127,1.235858,0.259007,0.600000,0.023827,0.023391,0.139107,0.278297,0.136693,0.279491,0.136693,0.220000,1,5.444349,0.146440,0.131774,0.220000,0.220000,0.600000,0.600000,0.311127,0.330000,1.310825,1
1772480645,951598603,0.019304,-2.232845,2.317657,-1.409214,-0.403638,-1.304463,1,0.041270,0.073107,0.311127,1.235858,0.311127,1.235427,0.259792,0.600000,0.029114,0.029250,0.136693,0.279491,0.138174,0.278762,0.138174,0.220000,1,5.430145,0.144026,0.129359,0.220000,0.220000,0.600000,0.600000,0.311127,0.330000,1.310368,1
1772480645,976643509,0.018547,-2.232897,2.319138,-1.408519,-0.403942,-1.302982,1,0.041516,0.087757,0.311127,1.235427,0.311127,1.234030,0.259871,0.600000,0.029186,0.029526,0.138174,0.278762,0.138322,0.278688,0.138322,0.220000,1,5.428713,0.145507,0.130840,0.220000,0.220000,0.600000,0.600000,0.311127,0.330000,1.308887,1
1772480646,26677439,0.015924,-2.233350,2.323258,-1.405983,-0.404754,-1.298862,1,0.064427,0.124722,0.311127,1.234030,0.311127,1.230146,0.260105,0.600000,0.045971,0.045138,0.138322,0.278688,0.138761,0.278470,0.138761,0.220000,1,5.424456,0.145655,0.130988,0.220000,0.220000,0.600000,0.600000,0.311127,0.330000,1.304767,1
1772480646,51804763,0.014934,-2.232232,2.325766,-1.405623,-0.406202,-1.296354,1,0.072784,0.140854,0.311127,1.230146,0.311127,1.227782,0.259813,0.600000,0.051438,0.051495,0.138761,0.278470,0.138213,0.278742,0.138213,0.220000,1,5.429766,0.146095,0.131428,0.220000,0.220000,0.600000,0.600000,0.311127,0.330000,1.302259,1
1772480646,76751517,0.013054,-2.232961,2.328465,-1.403618,-0.406425,-1.293655,1,0.072627,0.144462,0.311127,1.227782,0.311127,1.227744,0.260106,0.600000,0.051089,0.051620,0.138213,0.278742,0.138762,0.278469,0.138762,0.220000,1,5.424445,0.145546,0.130880,0.220000,0.220000,0.600000,0.600000,0.311127,0.330000,1.302219,1
1772480646,126851059,0.008333,-2.231504,2.336007,-1.400106,-0.409899,-1.286113,1,0.094758,0.199632,0.311127,1.227744,0.311127,1.220634,0.259624,0.600000,0.066863,0.067145,0.138762,0.278469,0.137857,0.278919,0.137857,0.220000,1,5.433200,0.146096,0.131429,0.220000,0.220000,0.600000,0.600000,0.311127,0.330000,1.294678,1
1772480646,151998180,0.007339,-2.231309,2.339456,-1.399315,-0.410532,-1.282664,1,0.104089,0.191882,0.311127,1.220634,0.311127,1.217382,0.259843,0.600000,0.073321,0.073882,0.137857,0.278919,0.138270,0.278714,0.138270,0.220000,1,5.429215,0.145190,0.130523,0.220000,0.220000,0.600000,0.600000,0.311127,0.330000,1.291229,1
1772480646,176935342,0.005120,-2.231906,2.344678,-1.397071,-0.411028,-1.277442,1,0.118159,0.233668,0.311127,1.217382,0.311127,1.212459,0.260385,0.600000,0.083539,0.083563,0.138270,0.278714,0.139285,0.278208,0.139285,0.220000,1,5.419362,0.145603,0.130937,0.220000,0.220000,0.600000,0.600000,0.311127,0.330000,1.286007,1
1772480646,227055739,-0.000312,-2.231326,2.354591,-1.392521,-0.414053,-1.267529,1,0.127941,0.260242,0.311127,1.212459,0.311127,1.205722,0.260455,0.600000,0.090348,0.090587,0.139285,0.278208,0.139417,0.278142,0.139417,0.220000,1,5.418074,0.146618,0.131951,0.220000,0.220000,0.600000,0.600000,0.311127,0.330000,1.278861,1
1772480646,252028451,-0.003516,-2.231570,2.359872,-1.389568,-0.415317,-1.262248,1,0.135158,0.263401,0.311127,1.205722,0.311127,1.200743,0.260650,0.600000,0.095267,0.095874,0.139417,0.278142,0.139779,0.277960,0.139779,0.220000,1,5.414528,0.146750,0.132083,0.220000,0.220000,0.600000,0.600000,0.311127,0.330000,1.273581,1
1772480646,277144448,-0.006927,-2.230943,2.364815,-1.386833,-0.417450,-1.257305,1,0.149858,0.302968,0.311127,1.200743,0.311127,1.198665,0.260397,0.600000,0.105626,0.106305,0.139779,0.277960,0.139308,0.278197,0.139308,0.220000,1,5.419136,0.147113,0.132446,0.220000,0.220000,0.600000,0.600000,0.311127,0.330000,1.271376,1
1772480646,327258723,-0.014273,-2.231984,2.377241,-1.379838,-0.419923,-1.244879,1,0.161598,0.335008,0.311127,1.198665,0.311127,1.186949,0.261078,0.600000,0.113579,0.114951,0.139308,0.278197,0.140576,0.277558,0.140576,0.220000,1,5.406696,0.146641,0.131975,0.220000,0.220000,0.600000,0.600000,0.311127,0.330000,1.258950,1
1772480646,352350216,-0.017367,-2.232460,2.385105,-1.376874,-0.420931,-1.237015,1,0.165800,0.316779,0.311127,1.186949,0.311127,1.181744,0.261774,0.600000,0.116876,0.117599,0.140576,0.277558,0.141864,0.276902,0.141864,0.220000,1,5.393913,0.147909,0.133243,0.220000,0.220000,0.600000,0.600000,0.311127,0.330000,1.253428,1
1772480646,377360229,-0.021924,-2.232602,2.392463,-1.372768,-0.422911,-1.229657,1,0.183095,0.385640,0.311127,1.181744,0.311127,1.174807,0.261938,0.600000,0.127957,0.130961,0.141864,0.276902,0.142167,0.276746,0.142167,0.220000,1,5.390886,0.149198,0.134531,0.220000,0.220000,0.600000,0.600000,0.311127,0.330000,1.246071,1
1772480646,427479976,-0.029737,-2.232319,2.407710,-1.365970,-0.426774,-1.214410,1,0.193863,0.375722,0.311127,1.174807,0.311127,1.162418,0.262402,0.600000,0.135770,0.138381,0.142167,0.276746,0.143020,0.276307,0.143020,0.220000,1,5.382322,0.149501,0.134834,0.220000,0.220000,0.600000,0.600000,0.311127,0.330000,1.232930,1
1772480646,452601887,-0.035002,-2.232681,2.416173,-1.361134,-0.428887,-1.205947,1,0.197053,0.378600,0.311127,1.162418,0.311127,1.154438,0.262664,0.600000,0.139202,0.139473,0.143020,0.276307,0.143501,0.276057,0.143501,0.220000,1,5.377459,0.150353,0.135686,0.220000,0.220000,0.600000,0.600000,0.311127,0.330000,1.224467,1
1772480646,477602533,-0.039502,-2.232603,2.425171,-1.357180,-0.431036,-1.196948,1,0.208859,0.421294,0.311127,1.154438,0.311127,1.147839,0.262997,0.600000,0.144961,0.150361,0.143501,0.276057,0.144109,0.275740,0.144109,0.220000,1,5.371285,0.150834,0.136168,0.220000,0.220000,0.600000,0.600000,0.311127,0.330000,1.217467,1
1772480646,527714850,-0.049296,-2.233111,2.444344,-1.348260,-0.435113,-1.177776,1,0.209627,0.394691,0.311127,1.147839,0.311127,1.131882,0.263934,0.600000,0.142995,0.153284,0.144109,0.275740,0.145811,0.274844,0.145811,0.220000,1,5.353826,0.151442,0.136776,0.220000,0.220000,0.600000,0.600000,0.311127,0.330000,1.200542,1
1772480646,552790219,-0.055161,-2.232781,2.453979,-1.343211,-0.438117,-1.168141,1,0.213770,0.403171,0.311127,1.131882,0.311127,1.122799,0.263956,0.600000,0.142893,0.158995,0.145811,0.274844,0.145852,0.274822,0.145852,0.220000,1,5.353406,0.153145,0.138478,0.220000,0.220000,0.600000,0.600000,0.311127,0.330000,1.190908,1
1772480646,577837600,-0.059424,-2.234586,2.463780,-1.338597,-0.438486,-1.158339,1,0.220713,0.453685,0.311127,1.122799,0.311127,1.115589,0.265228,0.600000,0.144884,0.166502,0.145852,0.274822,0.148142,0.273594,0.148142,0.220000,1,5.329490,0.153185,0.138518,0.220000,0.220000,0.600000,0.600000,0.311127,0.330000,1.183261,1
1772480646,602964711,-0.065050,-2.234642,2.474017,-1.333583,-0.441038,-1.148103,1,0.230217,0.474959,0.311127,1.115589,0.311127,1.105938,0.265549,0.600000,0.146090,0.177926,0.148142,0.273594,0.148716,0.273283,0.148716,0.220000,1,5.323425,0.155475,0.140809,0.220000,0.220000,0.600000,0.600000,0.311127,0.330000,1.173024,1
1772480646,653052712,-0.076322,-2.236645,2.497020,-1.322661,-0.444472,-1.125100,1,0.234933,0.468723,0.311127,1.105938,0.311127,1.085853,0.267347,1.085938,0.147720,0.182681,0.148716,0.273283,0.151903,0.271524,0.151903,0.220000,1,5.289160,0.156049,0.141382,0.220000,0.220000,0.600000,0.600000,0.311127,0.330000,1.151721,1
1772480646,678085453,-0.081615,-2.237914,2.508594,-1.317381,-0.445793,-1.113526,1,0.235053,0.494633,0.311127,1.085853,0.311127,1.076448,0.268448,0.600000,0.145892,0.184298,0.151903,0.271524,0.153832,0.270436,0.153832,0.220000,1,5.267968,0.159237,0.144570,0.220000,0.220000,0.600000,0.600000,0.311127,0.330000,1.141746,1
1772480646,728195454,-0.093678,-2.243859,2.531199,-1.303936,-0.446097,-1.090921,1,0.239024,0.491947,0.311127,1.076448,0.311127,1.056829,0.271646,0.600000,0.147092,0.188405,0.153832,0.270436,0.159348,0.267223,0.159348,0.220000,1,5.205383,0.161165,0.146499,0.220000,0.220000,0.600000,0.600000,0.311127,0.330000,1.120936,1
1772480646,753380691,-0.099697,-2.244669,2.543499,-1.298225,-0.448162,-1.078621,1,0.239928,0.493043,0.311127,1.056829,0.311127,1.046918,0.272508,0.600000,0.145389,0.190860,0.159348,0.267223,0.160812,0.266344,0.160812,0.220000,1,5.188264,0.166681,0.152014,0.220000,0.220000,0.600000,0.600000,0.311127,0.330000,1.110425,1
1772480646,778414850,-0.104715,-2.247486,2.555407,-1.292472,-0.447983,-1.066713,1,0.239731,0.495986,0.311127,1.046918,0.311127,1.037039,0.274384,0.600000,0.144895,0.190988,0.160812,0.266344,0.163971,0.264412,0.163971,0.220000,1,5.150613,0.168146,0.153479,0.220000,0.220000,0.600000,0.600000,0.311127,0.330000,1.099946,1
1772480646,828555926,-0.117151,-2.251523,2.579578,-1.279578,-0.450152,-1.042542,1,0.241235,0.507334,0.311127,1.037039,0.311127,1.015462,0.276966,1.017039,0.142858,0.194386,0.163971,0.264412,0.168256,0.261706,0.168256,0.220000,1,5.097909,0.171304,0.156638,0.220000,0.220000,0.600000,0.600000,0.311127,0.330000,1.077060,1
1772480646,853502832,-0.121431,-2.254103,2.591746,-1.274591,-0.449842,-1.030373,1,0.243981,0.514043,0.311127,1.015462,0.311127,1.003989,0.278972,0.600000,0.146865,0.194827,0.168256,0.261706,0.171539,0.259566,0.171539,0.220000,1,5.056224,0.175589,0.160922,0.220000,0.220000,0.600000,0.600000,0.311127,0.330000,1.064891,1
1772480646,878717792,-0.127173,-2.254903,2.604504,-1.269129,-0.451787,-1.017616,1,0.247690,0.488649,0.311127,1.003989,0.311127,0.993405,0.279973,0.600000,0.153360,0.194502,0.171539,0.259566,0.173162,0.258486,0.173162,0.220000,1,5.035181,0.178872,0.164205,0.220000,0.220000,0.600000,0.600000,0.311127,0.330000,1.053665,1
1772480646,928762191,-0.138254,-2.259698,2.631247,-1.257087,-0.452658,-0.990873,1,0.250768,0.522800,0.311127,0.993405,0.311127,0.969586,0.283623,0.973405,0.155085,0.197062,0.173162,0.258486,0.179003,0.254476,0.179003,0.220000,1,4.957069,0.180495,0.165829,0.220000,0.220000,0.600000,0.600000,0.311127,0.330000,1.028402,1
1772480646,953786177,-0.143319,-2.261682,2.645729,-1.251678,-0.453240,-0.976391,1,0.254086,0.520672,0.311127,0.969586,0.311127,0.956975,0.285568,0.600000,0.158277,0.198766,0.179003,0.254476,0.182068,0.252292,0.182068,0.220000,1,4.914525,0.186336,0.171670,0.220000,0.220000,0.600000,0.600000,0.311127,0.330000,1.015025,1
1772480646,978937247,-0.149435,-2.265627,2.658033,-1.244432,-0.452568,-0.964086,1,0.258912,0.506338,0.311127,0.956975,0.311127,0.946436,0.287740,0.600000,0.165504,0.199107,0.182068,0.252292,0.185458,0.249811,0.185458,0.220000,1,4.866199,0.189402,0.174735,0.220000,0.220000,0.600000,0.600000,0.311127,0.330000,1.003847,1
1772480647,3959039,-0.155613,-2.267653,2.671847,-1.238017,-0.453627,-0.950273,1,0.262267,0.527871,0.311127,0.946436,0.311127,0.933412,0.289324,0.600000,0.167929,0.201454,0.185458,0.249811,0.187906,0.247974,0.187906,0.220000,1,4.830425,0.192791,0.178124,0.220000,0.220000,0.600000,0.600000,0.311127,0.330000,0.990033,1
1772480647,54013034,-0.167326,-2.274997,2.697456,-1.224235,-0.452529,-0.924664,1,0.264100,0.543654,0.311127,0.933412,0.311127,0.911542,0.293711,0.913412,0.170485,0.201702,0.187906,0.247974,0.194593,0.242762,0.194593,0.220000,1,4.728896,0.195239,0.180573,0.220000,0.220000,0.600000,0.600000,0.311127,0.330000,0.966837,1
1772480647,79081903,-0.173410,-2.275330,2.711565,-1.218686,-0.455047,-0.910555,1,0.265968,0.543401,0.311127,0.911542,0.311127,0.898240,0.294639,0.600000,0.173214,0.201831,0.194593,0.242762,0.195990,0.241636,0.195990,0.220000,1,4.706959,0.201926,0.187260,0.220000,0.220000,0.600000,0.600000,0.311127,0.330000,0.952728,1
1772480647,129233405,-0.185413,-2.281559,2.739871,-1.205163,-0.455072,-0.882249,1,0.270399,0.553194,0.311127,0.898240,0.311127,0.873368,0.298886,0.878240,0.179416,0.202301,0.195990,0.241636,0.202319,0.236362,0.202319,0.220000,1,4.604216,0.203323,0.188656,0.220000,0.220000,0.600000,0.600000,0.311127,0.330000,0.926347,1
1772480647,154373605,-0.191873,-2.283611,2.754248,-1.198486,-0.456238,-0.867872,1,0.271416,0.552395,0.311127,0.873368,0.311127,0.859814,0.300478,0.600000,0.180655,0.202560,0.202319,0.236362,0.204664,0.234335,0.204664,0.220000,1,4.564731,0.209653,0.194986,0.220000,0.220000,0.600000,0.600000,0.311127,0.330000,0.911970,1
1772480647,179321699,-0.197981,-2.288181,2.767753,-1.190958,-0.455009,-0.854367,1,0.275929,0.553745,0.311127,0.859814,0.311127,0.848068,0.303060,0.600000,0.186886,0.203003,0.204664,0.234335,0.208436,0.230986,0.208436,0.220000,1,4.499493,0.211997,0.197330,0.220000,0.220000,0.600000,0.600000,0.311127,0.330000,0.899512,1
1772480647,204441476,-0.204188,-2.290852,2.781719,-1.184219,-0.455510,-0.840401,1,0.275595,0.553178,0.311127,0.848068,0.311127,0.835626,0.304888,0.600000,0.188062,0.201458,0.208436,0.230986,0.211084,0.228568,0.211084,0.220000,1,4.452403,0.215769,0.201103,0.220000,0.220000,0.600000,0.600000,0.311127,0.330000,0.886315,1
1772480647,254511139,-0.216496,-2.297808,2.809761,-1.170258,-0.454863,-0.812371,1,0.277929,0.541547,0.311127,0.835626,0.311127,0.809966,0.309301,0.815626,0.191739,0.201199,0.211084,0.228568,0.217410,0.222560,0.217410,0.220000,1,4.335359,0.218417,0.203751,0.220000,0.220000,0.600000,0.600000,0.311127,0.330000,0.859098,1
1772480647,279566101,-0.222409,-2.300666,2.824121,-1.165231,-0.453538,-0.798122,1,0.278797,0.544731,0.311127,0.809966,0.311127,0.797372,0.310215,0.600000,0.192980,0.201212,0.217410,0.222560,0.221283,0.218709,0.220000,0.218709,1,4.260347,0.220000,0.210077,0.220000,0.215226,0.600000,0.600000,0.311127,0.330000,0.845741,1
1772480647,304890650,-0.227706,-2.303644,2.837503,-1.159157,-0.453347,-0.784740,1,0.281367,0.543419,0.311127,0.797372,0.311127,0.784755,0.308167,0.600000,0.197862,0.200045,0.221283,0.218709,0.224128,0.215794,0.220000,0.215794,1,4.203556,0.220000,0.213950,0.220000,0.211376,0.600000,0.600000,0.311127,0.330000,0.832358,1
1772480647,354839281,-0.239834,-2.310239,2.865830,-1.145354,-0.453107,-0.756413,1,0.284074,0.550323,0.311127,0.784755,0.311127,0.759316,0.303900,0.764755,0.201814,0.199923,0.224128,0.215794,0.229880,0.209655,0.220000,0.209655,1,4.083984,0.220000,0.216794,0.220000,0.208460,0.600000,0.600000,0.311127,0.330000,0.805377,1
1772480647,379777721,-0.247002,-2.314404,2.879850,-1.137072,-0.452727,-0.742393,1,0.285092,0.558845,0.311127,0.759316,0.311127,0.746802,0.301684,0.600000,0.203333,0.199832,0.229880,0.209655,0.232781,0.206429,0.220000,0.206429,1,4.021145,0.220000,0.220000,0.216989,0.202322,0.600000,0.600000,0.311127,0.330000,0.792104,1
1772480647,405005005,-0.253741,-2.317749,2.893847,-1.129550,-0.452877,-0.728396,1,0.287672,0.587034,0.311127,0.746802,0.311127,0.733606,0.299703,0.600000,0.208467,0.198233,0.232781,0.206429,0.235326,0.203523,0.220000,0.203523,1,3.964538,0.220000,0.220000,0.213763,0.199096,0.600000,0.600000,0.311127,0.330000,0.778107,1
1772480647,454920012,-0.265747,-2.325626,2.921856,-1.116503,-0.454129,-0.702150,1,0.285085,0.555646,0.311127,0.733606,0.311127,0.709920,0.296426,0.713606,0.209248,0.193619,0.235326,0.203523,0.239441,0.198666,0.220000,0.198666,1,3.869921,0.220000,0.220000,0.210857,0.196190,0.600000,0.600000,0.311127,0.330000,0.752984,1
1772480647,480035388,-0.271735,-2.328703,2.936760,-1.109770,-0.454181,-0.687246,1,0.288064,0.585858,0.311127,0.709920,0.311127,0.696447,0.294223,0.600000,0.211416,0.195663,0.239441,0.198666,0.242142,0.195364,0.220000,0.195364,1,3.805604,0.220000,0.220000,0.205999,0.191333,0.600000,0.600000,0.311127,0.330000,0.738694,1
1772480647,530096408,-0.284764,-2.338287,2.965807,-1.093782,-0.451736,-0.658199,1,0.289167,0.582521,0.311127,0.696447,0.311127,0.669590,0.289406,0.676447,0.214793,0.193601,0.242142,0.195364,0.248638,0.187028,0.220000,0.188031,1,3.643211,0.220000,0.220000,0.202698,0.188031,0.600000,0.600000,0.311127,0.330000,0.710208,1
1772480647,555152500,-0.291171,-2.341736,2.980810,-1.086506,-0.451652,-0.643196,1,0.289371,0.599621,0.311127,0.669590,0.311127,0.655791,0.286483,0.600000,0.217130,0.191286,0.248638,0.187028,0.251251,0.183501,0.220000,0.183501,1,3.574520,0.220000,0.220000,0.194361,0.179694,0.600000,0.600000,0.311127,0.330000,0.695571,1
1772480647,580209047,-0.296323,-2.344727,2.995128,-1.080557,-0.451318,-0.628842,1,0.288380,0.607865,0.311127,0.655791,0.311127,0.642706,0.284164,0.600000,0.220412,0.185961,0.251251,0.183501,0.253872,0.179859,0.220000,0.179859,1,3.503562,0.220000,0.220000,0.190835,0.176168,0.600000,0.600000,0.311127,0.330000,0.681692,1
1772480647,605290071,-0.303519,-2.349281,3.009960,-1.072097,-0.449898,-0.613666,1,0.286523,0.600845,0.311127,0.642706,0.311127,0.628398,0.281255,0.600000,0.220791,0.182610,0.253872,0.179859,0.257091,0.175226,0.220000,0.175226,1,3.413319,0.220000,0.220000,0.187192,0.172525,0.600000,0.600000,0.311127,0.330000,0.666516,1
1772480647,655487290,-0.314097,-2.355455,3.041426,-1.059862,-0.449331,-0.582200,1,0.284156,0.612856,0.311127,0.628398,0.311127,0.599423,0.276745,0.608398,0.220427,0.179323,0.257091,0.175226,0.262434,0.167118,0.220000,0.167893,1,3.255377,0.220000,0.220000,0.182559,0.167893,0.600000,0.600000,0.311127,0.330000,0.635784,1
1772480647,680422164,-0.320803,-2.359158,3.056516,-1.052203,-0.449159,-0.567111,1,0.280585,0.612535,0.311127,0.599423,0.311127,0.585197,0.274001,0.585197,0.219884,0.174296,0.262434,0.167118,0.264808,0.163329,0.220000,0.163329,1,3.181579,0.220000,0.220000,0.174451,0.159785,0.600000,0.579423,0.311127,0.330000,0.620695,1
1772480647,730513308,-0.331963,-2.369699,3.086393,-1.038852,-0.451010,-0.540996,1,0.276871,0.609655,0.311127,0.585197,0.311127,0.561213,0.271121,0.565197,0.220428,0.167537,0.264808,0.163329,0.267756,0.158451,0.220000,0.158451,1,3.086546,0.220000,0.220000,0.170663,0.155996,0.600000,0.565197,0.311127,0.330000,0.595257,1
1772480647,755598364,-0.337364,-2.372698,3.101918,-1.032676,-0.450879,-0.525471,1,0.273980,0.587170,0.311127,0.561213,0.311127,0.546576,0.268798,0.546576,0.220215,0.163004,0.267756,0.158451,0.270088,0.154442,0.220000,0.154442,1,3.008463,0.220000,0.220000,0.165784,0.151117,0.581213,0.541213,0.311127,0.330000,0.579731,1
1772480647,780669393,-0.343848,-2.375835,3.116963,-1.025478,-0.451133,-0.510426,1,0.270887,0.571581,0.311127,0.546576,0.311127,0.532592,0.266775,0.532592,0.220239,0.157717,0.270088,0.154442,0.272086,0.150894,0.220000,0.150894,1,2.939343,0.220000,0.220000,0.161776,0.147109,0.566576,0.526576,0.311127,0.330000,0.564899,1
1772480647,805705055,-0.349004,-2.379891,3.131415,-1.019024,-0.449954,-0.495974,1,0.269329,0.551801,0.311127,0.532592,0.311127,0.519187,0.264181,0.519187,0.221035,0.153888,0.272086,0.150894,0.274606,0.146258,0.220000,0.146258,1,2.849044,0.220000,0.220000,0.158227,0.143561,0.552592,0.512592,0.311127,0.330000,0.550681,1
1772480647,855782685,-0.360698,-2.387023,-3.123427,-1.005406,-0.452775,-0.468821,1,0.266481,0.540981,0.311127,0.519187,0.311127,0.493789,0.261713,0.499187,0.220092,0.150239,0.274606,0.146258,0.276959,0.141752,0.220000,0.141752,1,2.761255,0.220000,0.220000,0.153592,0.138925,0.539187,0.499187,0.311127,0.330000,0.523743,1
1772480647,880839512,-0.365278,-2.391932,-3.110697,-0.999060,-0.450581,-0.456091,1,0.264306,0.523869,0.311127,0.493789,0.311127,0.481913,0.258987,0.481913,0.220204,0.146178,0.276959,0.141752,0.279510,0.136653,0.220000,0.136653,1,2.661945,0.220000,0.220000,0.149085,0.134418,0.513789,0.473789,0.311127,0.330000,0.511146,1
1772480647,930869159,-0.377456,-2.400995,-3.084197,-0.984140,-0.448226,-0.429525,1,0.261752,0.507855,0.311127,0.481913,0.311127,0.457085,0.255193,0.461913,0.220470,0.141094,0.279510,0.136653,0.283638,0.127864,0.220000,0.129320,1,2.490740,0.220000,0.220000,0.143987,0.129320,0.501913,0.461913,0.311127,0.330000,0.484812,1
1772480647,955906090,-0.383430,-2.404477,-3.071649,-0.978133,-0.447451,-0.416257,1,0.258961,0.480935,0.311127,0.457085,0.311127,0.444575,0.252396,0.444575,0.220320,0.136088,0.283638,0.127864,0.285476,0.123708,0.220000,0.123708,1,2.409766,0.220000,0.220000,0.135198,0.120531,0.477085,0.437085,0.311127,0.330000,0.471543,1
1772480647,980977741,-0.387437,-2.408864,-3.059017,-0.972541,-0.445446,-0.403625,1,0.255236,0.489498,0.311127,0.444575,0.311127,0.432713,0.249939,0.432713,0.220031,0.129351,0.285476,0.123708,0.287630,0.118614,0.220000,0.118614,1,2.310543,0.220000,0.220000,0.131041,0.116374,0.464575,0.424575,0.311127,0.330000,0.458962,1
1772480648,5984272,-0.393042,-2.412983,-3.046584,-0.965661,-0.444423,-0.391192,1,0.252067,0.458842,0.311127,0.432713,0.311127,0.420991,0.247997,0.420991,0.220008,0.123021,0.287630,0.118614,0.289305,0.114466,0.220000,0.114466,1,2.229745,0.220000,0.220000,0.125947,0.111281,0.452713,0.412713,0.311127,0.330000,0.446529,1
1772480648,56077247,-0.404192,-2.419051,-3.023261,-0.952233,-0.443998,-0.369087,1,0.250263,0.422605,0.311127,0.420991,0.311127,0.400172,0.245223,0.400991,0.220396,0.118564,0.289305,0.114466,0.291660,0.108325,0.220000,0.108325,1,2.110128,0.220000,0.220000,0.121799,0.107133,0.440991,0.400991,0.311127,0.330000,0.424446,1
1772480648,81158712,-0.409320,-2.423344,-3.012146,-0.945692,-0.442607,-0.357972,1,0.247999,0.426142,0.311127,0.400172,0.311127,0.389692,0.243413,0.389692,0.220567,0.113374,0.291660,0.108325,0.293172,0.104163,0.220000,0.104163,1,2.029048,0.220000,0.220000,0.115659,0.100992,0.420172,0.380172,0.311127,0.330000,0.413331,1
1772480648,106126462,-0.414001,-2.426138,-3.000360,-0.940247,-0.442331,-0.346186,1,0.245553,0.394290,0.311127,0.389692,0.311127,0.378547,0.241961,0.378547,0.220622,0.107805,0.293172,0.104163,0.294372,0.100723,0.220000,0.100723,1,1.962045,0.220000,0.220000,0.111496,0.096830,0.409692,0.369692,0.311127,0.330000,0.401510,1
1772480648,156206139,-0.424799,-2.433892,-2.979418,-0.927650,-0.434682,-0.328451,1,0.241480,0.362397,0.311127,0.378547,0.311127,0.361763,0.239001,0.361763,0.219971,0.099627,0.294372,0.100723,0.298061,0.089218,0.220000,0.093390,1,1.737915,0.220000,0.220000,0.108057,0.093390,0.398547,0.358547,0.311127,0.330000,0.383707,1
1772480648,181202153,-0.430405,-2.436955,-2.969070,-0.921263,-0.434622,-0.318104,1,0.241926,0.382819,0.311127,0.361763,0.311127,0.351898,0.236356,0.351898,0.220068,0.100491,0.298061,0.089218,0.298891,0.086395,0.220000,0.086395,1,1.682927,0.220000,0.220000,0.096551,0.081884,0.381763,0.341763,0.311127,0.330000,0.373244,1
1772480648,206327974,-0.434924,-2.440491,-2.959201,-0.915611,-0.433632,-0.308234,1,0.239185,0.380548,0.311127,0.351898,0.311127,0.342476,0.235074,0.342476,0.220444,0.092811,0.298891,0.086395,0.299900,0.082824,0.220000,0.082824,1,1.613364,0.220000,0.220000,0.093728,0.079061,0.371898,0.331898,0.311127,0.330000,0.363251,1
1772480648,256353030,-0.444258,-2.446995,-2.939603,-0.905462,-0.425516,-0.287487,1,0.235519,0.326229,0.311127,0.342476,0.311127,0.322762,0.232591,0.322762,0.220885,0.081724,0.299900,0.082824,0.303235,0.069631,0.220000,0.075490,1,1.356378,0.220000,0.220000,0.090157,0.075490,0.362476,0.322476,0.311127,0.330000,0.342341,1
1772480648,281315463,-0.448641,-2.451126,-2.930484,-0.899652,-0.423931,-0.278368,1,0.235413,0.350085,0.311127,0.322762,0.311127,0.314165,0.229598,0.314165,0.220698,0.081923,0.303235,0.069631,0.304113,0.065691,0.220000,0.065691,1,1.279623,0.220000,0.220000,0.076964,0.062298,0.342762,0.302762,0.311127,0.330000,0.333222,1
1772480648,306375547,-0.453441,-2.454584,-2.922070,-0.893790,-0.423136,-0.269953,1,0.232209,0.317093,0.311127,0.314165,0.311127,0.306017,0.228758,0.306017,0.220041,0.074180,0.304113,0.065691,0.304746,0.062690,0.220000,0.062690,1,1.221170,0.220000,0.220000,0.073024,0.058357,0.334165,0.294165,0.311127,0.330000,0.324580,1
1772480648,356382390,-0.463604,-2.460910,-2.904268,-0.881878,-0.415308,-0.249860,1,0.228975,0.300977,0.311127,0.306017,0.311127,0.286868,0.226858,0.286868,0.220508,0.061690,0.304746,0.062690,0.307109,0.049839,0.220000,0.055357,1,0.970838,0.220000,0.220000,0.070023,0.055357,0.326017,0.286017,0.311127,0.330000,0.304269,1
1772480648,381465377,-0.468166,-2.464675,-2.896032,-0.876085,-0.414116,-0.241624,1,0.228570,0.301018,0.311127,0.286868,0.311127,0.278863,0.224857,0.278863,0.220100,0.061644,0.307109,0.049839,0.307635,0.046485,0.220000,0.046485,1,0.905496,0.220000,0.220000,0.057172,0.042506,0.306868,0.266868,0.311127,0.330000,0.295779,1
1772480648,406435777,-0.473517,-2.466946,-2.887970,-0.870294,-0.414615,-0.233562,1,0.227153,0.297288,0.311127,0.278863,0.311127,0.271262,0.224509,0.271262,0.220472,0.054690,0.307635,0.046485,0.307889,0.044769,0.220000,0.044769,1,0.872071,0.220000,0.220000,0.053818,0.039151,0.298863,0.258863,0.311127,0.330000,0.287717,1
1772480648,456450933,-0.482457,-2.473614,-2.872848,-0.861530,-0.407547,-0.219930,1,0.224559,0.256747,0.311127,0.271262,0.311127,0.258088,0.223162,0.258088,0.220357,0.043239,0.307889,0.044769,0.309227,0.034332,0.220000,0.037435,1,0.668777,0.220000,0.220000,0.052102,0.037435,0.291262,0.251262,0.311127,0.330000,0.273744,1
1772480648,481450475,-0.487925,-2.475286,-2.865488,-0.855916,-0.408637,-0.212570,1,0.224724,0.272307,0.311127,0.258088,0.311127,0.250846,0.222518,0.250846,0.220408,0.043831,0.309227,0.034332,0.309331,0.033377,0.220000,0.033377,1,0.650177,0.220000,0.220000,0.041666,0.026999,0.278088,0.238088,0.311127,0.330000,0.266063,1
1772480648,506491892,-0.492394,-2.478769,-2.859093,-0.850335,-0.407660,-0.206174,1,0.223709,0.270493,0.311127,0.250846,0.311127,0.244817,0.222139,0.244817,0.220633,0.036970,0.309331,0.033377,0.309603,0.030755,0.220000,0.030755,1,0.599098,0.220000,0.220000,0.040711,0.026044,0.270846,0.230846,0.311127,0.330000,0.259667,1
1772480648,556507079,-0.503260,-2.483680,-2.845557,-0.843580,-0.408359,-0.194449,1,0.222049,0.239073,0.311127,0.244817,0.311127,0.233440,0.221791,0.233440,0.220092,0.029414,0.309603,0.030755,0.309853,0.028131,0.220000,0.028131,1,0.547974,0.220000,0.220000,0.038089,0.023422,0.264817,0.224817,0.311127,0.330000,0.247601,1
1772480648,581531938,-0.508551,-2.486616,-2.838835,-0.837530,-0.408262,-0.187727,1,0.221963,0.248713,0.311127,0.233440,0.311127,0.227102,0.221562,0.227102,0.219923,0.030018,0.309853,0.028131,0.310017,0.026262,0.220000,0.026262,1,0.511572,0.220000,0.220000,0.035464,0.020797,0.253440,0.213440,0.311127,0.330000,0.240878,1
1772480648,606573743,-0.512918,-2.489926,-2.832312,-0.832118,-0.407399,-0.181204,1,0.221964,0.235923,0.311127,0.227102,0.311127,0.220519,0.221272,0.220519,0.220215,0.027814,0.310017,0.026262,0.310224,0.023692,0.220000,0.023692,1,0.461505,0.220000,0.220000,0.033595,0.018929,0.247102,0.207102,0.311127,0.330000,0.233896,1
1772480648,656576882,-0.523946,-2.494527,-2.820338,-0.820766,-0.401246,-0.167329,1,0.221013,0.221729,0.311127,0.220519,0.311127,0.207025,0.220607,0.207025,0.219831,0.022829,0.310224,0.023692,0.310808,0.014091,0.220000,0.016358,1,0.274479,0.220000,0.220000,0.031025,0.016358,0.240519,0.200519,0.311127,0.330000,0.219583,1
1772480648,681590268,-0.528140,-2.496833,-2.814620,-0.815981,-0.401179,-0.161611,1,0.220861,0.231449,0.311127,0.207025,0.311127,0.201236,0.220354,0.201236,0.219688,0.022734,0.310808,0.014091,0.310876,0.012488,0.220000,0.012488,1,0.243260,0.220000,0.220000,0.021424,0.006757,0.227025,0.187025,0.311127,0.330000,0.213443,1
1772480648,706563295,-0.533551,-2.500506,-2.809300,-0.809478,-0.400476,-0.156291,1,0.220784,0.217776,0.311127,0.201236,0.311127,0.196221,0.220250,0.196221,0.220211,0.015894,0.310876,0.012488,0.310950,0.010486,0.220000,0.010486,1,0.204266,0.220000,0.220000,0.019821,0.005155,0.221236,0.181236,0.311127,0.330000,0.208124,1
1772480648,756611364,-0.542645,-2.503735,-2.797983,-0.801755,-0.403136,-0.143697,1,0.219665,0.195929,0.311127,0.196221,0.311127,0.183797,0.220205,0.183797,0.219458,0.009523,0.310950,0.010486,0.310982,0.009492,0.220000,0.009492,1,0.184892,0.220000,0.220000,0.017820,0.003153,0.216221,0.176221,0.311127,0.330000,0.194946,1
1772480648,781630614,-0.548529,-2.506108,-2.792666,-0.795444,-0.403795,-0.138381,1,0.220371,0.211174,0.311127,0.183797,0.311127,0.178242,0.220175,0.178242,0.220138,0.010118,0.310982,0.009492,0.311003,0.008776,0.220000,0.008776,1,0.170946,0.220000,0.220000,0.016825,0.002158,0.203797,0.163797,0.311127,0.330000,0.189054,1
1772480648,806639770,-0.553284,-2.507722,-2.787170,-0.790487,-0.404595,-0.132884,1,0.220376,0.184365,0.311127,0.178242,0.311127,0.173059,0.220148,0.173059,0.220233,0.007943,0.311003,0.008776,0.311022,0.008070,0.220000,0.008070,1,0.157194,0.220000,0.220000,0.016109,0.001442,0.198242,0.158242,0.311127,0.330000,0.183557,1
1772480648,856714521,-0.562688,-2.512656,-2.779147,-0.781500,-0.410990,-0.120422,1,0.219730,0.189189,0.311127,0.173059,0.311127,0.160847,0.220261,0.160847,0.219617,0.007055,0.311022,0.008070,0.310943,0.010710,0.220000,0.010710,1,0.208634,0.220000,0.220000,0.015403,0.000736,0.193059,0.153059,0.311127,0.330000,0.170604,1
1772480648,881648287,-0.568604,-2.514596,-2.774210,-0.775361,-0.412018,-0.115484,1,0.220312,0.179112,0.311127,0.160847,0.311127,0.155518,0.220248,0.155518,0.220176,0.007725,0.310943,0.010710,0.310952,0.010444,0.220000,0.010444,1,0.203449,0.220000,0.220000,0.018044,0.003377,0.180847,0.140847,0.311127,0.330000,0.164951,1
1772480648,906648134,-0.573532,-2.515696,-2.770497,-0.770485,-0.413333,-0.111771,1,0.220173,0.168073,0.311127,0.155518,0.311127,0.152017,0.220263,0.152017,0.219935,0.010225,0.310952,0.010444,0.310941,0.010768,0.220000,0.010768,1,0.209757,0.220000,0.220000,0.017778,0.003111,0.175518,0.135518,0.311127,0.330000,0.161238,1
1772480648,956843756,-0.582773,-2.520555,-2.764422,-0.755893,-0.410927,-0.102399,1,0.220089,0.160722,0.311127,0.152017,0.311127,0.141935,0.220089,0.141935,0.219843,0.010417,0.310941,0.010768,0.311064,0.006247,0.220000,0.006247,1,0.121686,0.220000,0.220000,0.018101,0.003435,0.172017,0.132017,0.311127,0.330000,0.150545,1
1772480648,981653940,-0.588520,-2.522337,-2.761184,-0.749973,-0.411998,-0.099162,1,0.220463,0.163967,0.311127,0.141935,0.311127,0.138111,0.220097,0.138111,0.220228,0.010186,0.311064,0.006247,0.311058,0.006529,0.220000,0.006529,1,0.127172,0.220000,0.220000,0.013580,-0.001086,0.161935,0.121935,0.311127,0.330000,0.146489,1
1772480649,6655923,-0.593930,-2.525094,-2.757987,-0.743901,-0.412048,-0.095965,1,0.220620,0.142921,0.311127,0.138111,0.311127,0.135097,0.220078,0.135097,0.220532,0.006233,0.311058,0.006529,0.311072,0.005858,0.220000,0.005858,1,0.114105,0.220000,0.220000,0.013862,-0.000805,0.158111,0.118111,0.311127,0.330000,0.143292,1
1772480649,56699283,-0.603462,-2.529007,-2.751754,-0.733564,-0.413023,-0.089744,1,0.220082,0.135884,0.311127,0.135097,0.311127,0.128375,0.220064,0.128375,0.220004,0.005847,0.311072,0.005858,0.311082,0.005310,0.220000,0.005310,1,0.103429,0.220000,0.220000,0.013191,-0.001476,0.155097,0.115097,0.311127,0.330000,0.136162,1
1772480649,81663476,-0.608503,-2.531927,-2.749035,-0.724825,-0.414665,-0.087547,1,0.219480,0.135613,0.311127,0.128375,0.311127,0.125604,0.220098,0.125604,0.219411,0.005532,0.311082,0.005310,0.311058,0.006565,0.220000,0.006565,1,0.127892,0.220000,0.220000,0.012643,-0.002024,0.148375,0.108375,0.311127,0.330000,0.133223,1
1772480649,106745689,-0.613230,-2.533432,-2.745833,-0.719937,-0.415513,-0.084345,1,0.220273,0.151526,0.311127,0.125604,0.311127,0.121762,0.220099,0.121762,0.220182,0.006305,0.311058,0.006565,0.311057,0.006585,0.220000,0.006585,1,0.128265,0.220000,0.220000,0.013899,-0.000768,0.145604,0.105604,0.311127,0.330000,0.129148,1
1772480649,156670750,-0.623817,-2.538774,-2.738909,-0.708080,-0.415664,-0.077421,1,0.220233,0.119590,0.311127,0.121762,0.311127,0.114228,0.220059,0.114228,0.220123,0.006976,0.311057,0.006585,0.311086,0.005079,0.220000,0.005079,1,0.098941,0.220000,0.220000,0.013918,-0.000749,0.141762,0.101762,0.311127,0.330000,0.121157,1
1772480649,181724520,-0.628646,-2.540361,-2.735084,-0.703027,-0.416378,-0.073630,1,0.219774,0.113846,0.311127,0.114228,0.311127,0.110654,0.220052,0.110654,0.219684,0.006310,0.311086,0.005079,0.311090,0.004788,0.220000,0.004788,1,0.093268,0.220000,0.220000,0.012413,-0.002254,0.134228,0.094228,0.311127,0.330000,0.117366,1
1772480649,206727286,-0.633666,-2.543599,-2.732869,-0.695361,-0.410718,-0.072997,1,0.220958,0.104987,0.311127,0.110654,0.311127,0.109131,0.220000,0.109131,0.220918,0.004206,0.311090,0.004788,0.311127,-0.000458,0.220000,-0.000458,1,-0.008928,0.220000,0.220000,0.012121,-0.002545,0.130654,0.090654,0.311127,0.330000,0.115751,1
1772480649,256738156,-0.643879,-2.547610,-2.727412,-0.684453,-0.411896,-0.067540,1,0.219645,0.113163,0.311127,0.109131,0.311127,0.103148,0.220001,0.103148,0.219645,0.000000,0.311127,-0.000458,0.311126,-0.000600,0.220000,-0.000600,1,-0.011679,0.220000,0.220000,0.006875,-0.007792,0.129131,0.089131,0.311127,0.330000,0.109405,1
1772480649,281717304,-0.648749,-2.549754,-2.725472,-0.679144,-0.412252,-0.065601,1,0.220457,0.128767,0.311127,0.103148,0.311127,0.100150,0.220001,0.100150,0.220457,0.000000,0.311126,-0.000600,0.311126,-0.000656,0.220000,-0.000656,1,-0.012785,0.220000,0.220000,0.006734,-0.007933,0.123148,0.083148,0.311127,0.330000,0.106225,1
1772480649,306743001,-0.653479,-2.551454,-2.721526,-0.674164,-0.412936,-0.061655,1,0.220679,0.100829,0.311127,0.100150,0.311127,0.096430,0.220002,0.096430,0.220676,-0.001194,0.311126,-0.000656,0.311125,-0.001040,0.220000,-0.001040,1,-0.020256,0.220000,0.220000,0.006677,-0.007990,0.120150,0.080150,0.311127,0.330000,0.102279,1
1772480649,356758530,-0.663657,-2.555762,-2.716498,-0.660683,-0.413036,-0.059970,1,0.219379,0.099232,0.311127,0.096430,0.311127,0.092632,0.220002,0.092632,0.219375,-0.001371,0.311125,-0.001040,0.311125,-0.000963,0.220000,-0.000963,1,-0.018766,0.220000,0.220000,0.006293,-0.008373,0.116430,0.076430,0.311127,0.330000,0.098251,1
1772480649,381754957,-0.668098,-2.559373,-2.715369,-0.655071,-0.411912,-0.058842,1,0.219967,0.093017,0.311127,0.092632,0.311127,0.091568,0.220011,0.091568,0.219967,0.000000,0.311125,-0.000963,0.311119,-0.002173,0.220000,-0.002173,1,-0.042321,0.220000,0.220000,0.006370,-0.008297,0.112632,0.072632,0.311127,0.330000,0.097123,1
1772480649,406744190,-0.672719,-2.561216,-2.712819,-0.650123,-0.412436,-0.056292,1,0.220009,0.081601,0.311127,0.091568,0.311127,0.087998,0.220012,0.087998,0.219986,-0.003165,0.311119,-0.002173,0.311119,-0.002292,0.220000,-0.002292,1,-0.044648,0.220000,0.220000,0.005161,-0.009506,0.111568,0.071568,0.311127,0.330000,0.093336,1
1772480649,456780332,-0.682994,-2.565462,-2.708438,-0.639054,-0.413470,-0.051911,1,0.219769,0.092363,0.311127,0.087998,0.311127,0.082447,0.220012,0.082447,0.219759,-0.002149,0.311119,-0.002292,0.311119,-0.002288,0.220000,-0.002288,1,-0.044562,0.220000,0.220000,0.005041,-0.009625,0.107998,0.067998,0.311127,0.330000,0.087448,1
1772480649,481756439,-0.688544,-2.568479,-2.705627,-0.632737,-0.413389,-0.049100,1,0.219921,0.080785,0.311127,0.082447,0.311127,0.078437,0.220021,0.078437,0.219907,-0.002487,0.311119,-0.002288,0.311112,-0.003025,0.220000,-0.003025,1,-0.058920,0.220000,0.220000,0.005046,-0.009621,0.102447,0.062447,0.311127,0.330000,0.083195,1
1772480649,506827963,-0.692347,-2.570730,-2.703640,-0.628301,-0.413166,-0.047203,1,0.219775,0.073359,0.311127,0.078437,0.311127,0.076649,0.220031,0.076649,0.219751,-0.003228,0.311112,-0.003025,0.311105,-0.003680,0.220000,-0.003680,1,-0.071684,0.220000,0.220000,0.004309,-0.010358,0.098437,0.058437,0.311127,0.330000,0.081299,1
1772480649,556793072,-0.702488,-2.575032,-2.700244,-0.615712,-0.413870,-0.050445,1,0.220288,0.071144,0.311127,0.076649,0.311127,0.076993,0.220006,0.076993,0.220267,-0.003016,0.311105,-0.003680,0.311123,-0.001603,0.220000,-0.001603,1,-0.031233,0.220000,0.220000,0.003653,-0.011013,0.096649,0.056649,0.311127,0.330000,0.081663,1
1772480649,581844628,-0.707878,-2.578108,-2.698379,-0.609508,-0.413703,-0.048580,1,0.220414,0.073721,0.311127,0.076993,0.311127,0.075235,0.220011,0.075235,0.220373,-0.004228,0.311123,-0.001603,0.311120,-0.002153,0.220000,-0.002153,1,-0.041943,0.220000,0.220000,0.005730,-0.008937,0.096993,0.056993,0.311127,0.330000,0.079798,1
1772480649,606799373,-0.714092,-2.581727,-2.696447,-0.602322,-0.413448,-0.046648,1,0.219899,0.090677,0.311127,0.075235,0.311127,0.071698,0.220018,0.071698,0.219896,-0.001019,0.311120,-0.002153,0.311115,-0.002783,0.220000,-0.002783,1,-0.054221,0.220000,0.220000,0.005180,-0.009486,0.095235,0.055235,0.311127,0.330000,0.076047,1
1772480649,656855497,-0.724526,-2.585876,-2.693890,-0.591165,-0.414718,-0.044091,1,0.219952,0.080639,0.311127,0.071698,0.311127,0.067680,0.220010,0.067680,0.219940,-0.002237,0.311115,-0.002783,0.311120,-0.002067,0.220000,-0.002067,1,-0.040273,0.220000,0.220000,0.004550,-0.010117,0.091698,0.051698,0.311127,0.330000,0.071786,1
1772480649,681840134,-0.728960,-2.588800,-2.691989,-0.585876,-0.414233,-0.042190,1,0.219576,0.071312,0.311127,0.067680,0.311127,0.064357,0.220020,0.064357,0.219554,-0.003125,0.311120,-0.002067,0.311113,-0.002976,0.220000,-0.002976,1,-0.057969,0.220000,0.220000,0.005266,-0.009401,0.087680,0.047680,0.311127,0.330000,0.068261,1
1772480649,731875823,-0.738836,-2.592153,-2.687873,-0.575600,-0.415933,-0.038081,1,0.219989,0.064822,0.311127,0.064357,0.311127,0.058734,0.220013,0.058734,0.219979,-0.002103,0.311113,-0.002976,0.311118,-0.002389,0.220000,-0.002389,1,-0.046540,0.220000,0.220000,0.004357,-0.010309,0.084357,0.044357,0.311127,0.330000,0.062297,1
1772480649,756860526,-0.744769,-2.597127,-2.686370,-0.569127,-0.413566,-0.037214,1,0.219857,0.065161,0.311127,0.058734,0.311127,0.057917,0.220051,0.057917,0.219832,-0.003283,0.311118,-0.002389,0.311091,-0.004741,0.220000,-0.004741,1,-0.092362,0.220000,0.220000,0.004944,-0.009723,0.078734,0.038734,0.311127,0.330000,0.061430,1
1772480649,781855304,-0.749644,-2.597519,-2.684356,-0.564646,-0.415525,-0.035201,1,0.220326,0.063589,0.311127,0.057917,0.311127,0.053951,0.220027,0.053951,0.220313,-0.002412,0.311091,-0.004741,0.311108,-0.003415,0.220000,-0.003415,1,-0.066520,0.220000,0.220000,0.002592,-0.012075,0.077917,0.037917,0.311127,0.330000,0.057224,1
1772480649,806866333,-0.753241,-2.600013,-2.683567,-0.560297,-0.415027,-0.034411,1,0.219682,0.043542,0.311127,0.053951,0.311127,0.053207,0.220037,0.053207,0.219609,-0.005634,0.311108,-0.003415,0.311101,-0.004035,0.220000,-0.004035,1,-0.078601,0.220000,0.220000,0.003918,-0.010748,0.073951,0.033951,0.311127,0.330000,0.056435,1
1772480649,856914017,-0.763884,-2.605939,-2.681441,-0.548117,-0.414838,-0.032285,1,0.220129,0.059939,0.311127,0.053207,0.311127,0.049167,0.220049,0.049167,0.220108,-0.003036,0.311101,-0.004035,0.311093,-0.004630,0.220000,-0.004630,1,-0.090186,0.220000,0.220000,0.003298,-0.011368,0.073207,0.033207,0.311127,0.330000,0.052149,1
1772480649,881899340,-0.770183,-2.608506,-2.679612,-0.541353,-0.415554,-0.030456,1,0.219621,0.050979,0.311127,0.049167,0.311127,0.045525,0.220044,0.045525,0.219585,-0.004018,0.311093,-0.004630,0.311096,-0.004402,0.220000,-0.004402,1,-0.085748,0.220000,0.220000,0.002704,-0.011963,0.069167,0.029167,0.311127,0.330000,0.048286,1
1772480649,906873525,-0.775440,-2.611850,-2.678324,-0.535140,-0.415092,-0.029169,1,0.219980,0.042747,0.311127,0.045525,0.311127,0.042289,0.220060,0.042289,0.219928,-0.004764,0.311096,-0.004402,0.311085,-0.005135,0.220000,-0.005135,1,-0.100021,0.220000,0.220000,0.002931,-0.011735,0.065525,0.025525,0.311127,0.330000,0.044854,1
1772480649,956909808,-0.785448,-2.616945,-2.676649,-0.523912,-0.415334,-0.027493,1,0.219936,0.042867,0.311127,0.042289,0.311127,0.038342,0.220063,0.038342,0.219887,-0.004621,0.311085,-0.005135,0.311083,-0.005259,0.220000,-0.005259,1,-0.102445,0.220000,0.220000,0.002199,-0.012468,0.062289,0.022289,0.311127,0.330000,0.040668,1
1772480649,981938680,-0.790433,-2.618264,-2.675565,-0.518889,-0.416582,-0.026425,1,0.219847,0.034197,0.311127,0.038342,0.311127,0.034707,0.220043,0.034707,0.219778,-0.005509,0.311083,-0.005259,0.311097,-0.004345,0.220000,-0.004345,1,-0.084641,0.220000,0.220000,0.002074,-0.012592,0.058342,0.018342,0.311127,0.330000,0.036812,1
1772480650,6960931,-0.793743,-2.621911,-2.674401,-0.513642,-0.419484,-0.026607,1,0.220491,0.041803,0.311127,0.034707,0.311127,0.034878,0.220005,0.034878,0.220430,-0.005173,0.311097,-0.004345,0.311123,-0.001491,0.220000,-0.001491,1,-0.029039,0.220000,0.220000,0.002988,-0.011678,0.054707,0.014707,0.311127,0.330000,0.036994,1
1772480650,57024201,-0.804705,-2.626079,-2.672211,-0.502014,-0.421010,-0.024417,1,0.219354,0.040305,0.311127,0.034878,0.311127,0.030275,0.220001,0.030275,0.219306,-0.004564,0.311123,-0.001491,0.311126,-0.000624,0.220000,-0.000624,1,-0.012149,0.220000,0.220000,0.005843,-0.008824,0.054878,0.014878,0.311127,0.330000,0.032111,1
1772480650,81982898,-0.808020,-2.627872,-2.671929,-0.498245,-0.421002,-0.024134,1,0.219920,0.044692,0.311127,0.030275,0.311127,0.027453,0.220001,0.027453,0.219916,-0.001338,0.311126,-0.000624,0.311126,-0.000691,0.220000,-0.000691,1,-0.013451,0.220000,0.220000,0.006710,-0.007957,0.050275,0.010275,0.311127,0.330000,0.029118,1
1772480650,106960331,-0.815422,-2.630472,-2.671314,-0.490495,-0.422220,-0.023520,1,0.219724,0.028070,0.311127,0.027453,0.311127,0.026873,0.220000,0.026873,0.219724,0.000000,0.311126,-0.000691,0.311127,0.000314,0.220000,0.000314,1,0.006117,0.220000,0.220000,0.006643,-0.008024,0.047453,0.007453,0.311127,0.330000,0.028503,1
1772480650,156988861,-0.825382,-2.634695,-2.670650,-0.479723,-0.423223,-0.022856,1,0.219730,0.018405,0.311127,0.026873,0.311127,0.020662,0.220003,0.020662,0.219730,0.000000,0.311127,0.000314,0.311125,0.001088,0.220000,0.001088,1,0.021196,0.220000,0.220000,0.007647,-0.007019,0.046873,0.006873,0.311127,0.330000,0.021915,1
1772480650,181984655,-0.829943,-2.638001,-2.670883,-0.474141,-0.422474,-0.023089,1,0.219472,0.032099,0.311127,0.020662,0.311127,0.020882,0.220000,0.020882,0.219472,0.000000,0.311125,0.001088,0.311127,0.000457,0.220000,0.000457,1,0.008910,0.220000,0.220000,0.008421,-0.006245,0.040662,0.000662,0.311127,0.330000,0.022148,1
1772480650,207026391,-0.836053,-2.640831,-2.669745,-0.467419,-0.422878,-0.021950,1,0.219946,0.023755,0.311127,0.020882,0.311127,0.016546,0.220001,0.016546,0.219940,0.001577,0.311127,0.000457,0.311127,0.000478,0.220000,0.000478,1,0.009310,0.220000,0.220000,0.007791,-0.006876,0.040882,0.000882,0.311127,0.330000,0.017550,1
1772480650,257081531,-0.845598,-2.646016,-2.668925,-0.456559,-0.422826,-0.021148,1,0.219816,0.024115,0.311127,0.016546,0.311127,0.012231,0.220000,0.012231,0.219816,0.000000,0.311127,0.000478,0.311127,0.000137,0.220000,0.000137,1,0.002678,0.220000,0.220000,0.007811,-0.006855,0.036546,-0.003454,0.311127,0.330000,0.012973,1
1772480650,282054918,-0.849126,-2.647638,-2.668633,-0.452866,-0.422338,-0.022085,1,0.219642,0.018434,0.311127,0.012231,0.311127,0.013115,0.220000,0.013115,0.219642,0.000000,0.311127,0.000137,0.311127,-0.000053,0.220000,-0.000053,1,-0.001037,0.220000,0.220000,0.007471,-0.007196,0.032231,-0.007769,0.311127,0.330000,0.013911,1
1772480650,307035075,-0.853655,-2.650275,-2.669082,-0.447628,-0.422168,-0.022534,1,0.220166,0.013031,0.311127,0.013115,0.311127,0.009975,0.220000,0.009975,0.220166,0.000000,0.311127,-0.000053,0.311127,-0.000118,0.220000,-0.000118,1,-0.002299,0.220000,0.220000,0.007280,-0.007387,0.033115,-0.006885,0.311127,0.330000,0.010580,1
1772480650,357067380,-0.864820,-2.657212,-2.669106,-0.434508,-0.421368,-0.022558,1,0.219774,0.008712,0.311127,0.009975,0.311127,0.006307,0.220002,0.006307,0.219774,0.000000,0.311127,-0.000118,0.311125,-0.001015,0.220000,-0.001015,1,-0.019777,0.220000,0.220000,0.007215,-0.007451,0.029975,-0.010025,0.311127,0.330000,0.006690,1
1772480650,382053104,-0.869324,-2.660003,-2.668377,-0.429219,-0.421052,-0.021829,1,0.219603,0.017034,0.311127,0.006307,0.311127,0.001681,0.220006,0.001681,0.219603,0.000000,0.311125,-0.001015,0.311123,-0.001620,0.220000,-0.001620,1,-0.031552,0.220000,0.220000,0.006318,-0.008349,0.026307,-0.013693,0.311127,0.330000,0.001783,1
1772480650,407094943,-0.874274,-2.662839,-2.668440,-0.423516,-0.420908,-0.021892,1,0.220116,0.004989,0.311127,0.001681,0.311127,0.001740,0.220008,0.001740,0.220113,-0.001125,0.311123,-0.001620,0.311122,-0.001832,0.220000,-0.001832,1,-0.035684,0.220000,0.220000,0.005714,-0.008953,0.021681,-0.018319,0.311127,0.330000,0.001846,1
1772480650,457041225,-0.885070,-2.668319,-2.667850,-0.411412,-0.421215,-0.021302,1,0.220101,-0.001787,0.311127,0.001740,0.311127,-0.007538,0.220009,-0.007538,0.220095,-0.001612,0.311122,-0.001832,0.311121,-0.001980,0.220000,-0.001980,1,-0.038575,0.220000,0.220000,0.005501,-0.009165,0.021740,-0.018260,0.311127,0.330000,-0.007995,1
1772480650,482148547,-0.889666,-2.670617,-2.667245,-0.406277,-0.421376,-0.020697,1,0.220626,0.007544,0.311127,-0.007538,0.311127,-0.008108,0.220010,-0.008108,0.220617,-0.002019,0.311121,-0.001980,0.311120,-0.002146,0.220000,-0.002146,1,-0.041811,0.220000,0.220000,0.005353,-0.009314,0.012462,-0.027538,0.311127,0.330000,-0.008600,1
1772480650,507084153,-0.895179,-2.672362,-2.667746,-0.400596,-0.422460,-0.021198,1,0.219521,-0.010664,0.311127,-0.008108,0.311127,-0.012473,0.220003,-0.012473,0.219512,-0.002059,0.311120,-0.002146,0.311125,-0.001123,0.220000,-0.001123,1,-0.021883,0.220000,0.220000,0.005187,-0.009480,0.011892,-0.028108,0.311127,0.330000,-0.013230,1
1772480650,557136021,-0.905003,-2.678631,-2.667257,-0.384743,-0.417362,-0.020802,1,0.219938,0.003349,0.311127,-0.012473,0.311127,-0.018043,0.220098,-0.018043,0.219931,-0.001681,0.311125,-0.001123,0.311058,-0.006567,0.220000,-0.006567,1,-0.127926,0.220000,0.220000,0.006210,-0.008457,0.007527,-0.032473,0.311127,0.330000,-0.019137,1
1772480650,582124819,-0.909978,-2.682536,-2.667463,-0.378510,-0.416290,-0.021008,1,0.219802,-0.017868,0.311127,-0.018043,0.311127,-0.023440,0.220137,-0.023440,0.219802,0.000000,0.311058,-0.006567,0.311030,-0.007757,0.220000,-0.007757,1,-0.151095,0.220000,0.220000,0.000766,-0.013901,0.001957,-0.038043,0.311127,0.330000,-0.024862,1
1772480650,607172344,-0.914736,-2.683462,-2.666648,-0.373883,-0.417736,-0.020193,1,0.220071,-0.012834,0.311127,-0.023440,0.311127,-0.024208,0.220106,-0.024208,0.219959,-0.007028,0.311030,-0.007757,0.311052,-0.006835,0.220000,-0.006835,1,-0.133137,0.220000,0.220000,-0.000423,-0.015090,-0.003440,-0.043440,0.311127,0.330000,-0.025677,1
1772480650,657306843,-0.925351,-2.689891,-2.668163,-0.361488,-0.417123,-0.021708,1,0.219948,-0.027415,0.311127,-0.024208,0.311127,-0.035315,0.220129,-0.035315,0.219798,-0.008116,0.311052,-0.006835,0.311036,-0.007527,0.220000,-0.007527,1,-0.146626,0.220000,0.220000,0.000499,-0.014168,-0.004208,-0.044208,0.311127,0.330000,-0.037457,1
1772480650,682183248,-0.930542,-2.692884,-2.668460,-0.355498,-0.416956,-0.022005,1,0.220352,-0.022536,0.311127,-0.035315,0.311127,-0.035035,0.220142,-0.035035,0.220235,-0.007166,0.311036,-0.007527,0.311027,-0.007906,0.220000,-0.007906,1,-0.154001,0.220000,0.220000,-0.000194,-0.014861,-0.015315,-0.055315,0.311127,0.330000,-0.037160,1
1772480650,707176669,-0.934488,-2.693719,-2.668085,-0.351629,-0.418097,-0.021630,1,0.219722,-0.032333,0.311127,-0.035035,0.311127,-0.042427,0.220117,-0.042427,0.219593,-0.007521,0.311027,-0.007906,0.311044,-0.007169,0.220000,-0.007169,1,-0.139655,0.220000,0.220000,-0.000572,-0.015239,-0.015035,-0.055035,0.311127,0.330000,-0.045001,1
1772480650,757225737,-0.945833,-2.699436,-2.669788,-0.338930,-0.418456,-0.023333,1,0.220659,-0.035370,0.311127,-0.042427,0.311127,-0.048449,0.220114,-0.048449,0.220524,-0.007711,0.311044,-0.007169,0.311046,-0.007094,0.220000,-0.007094,1,-0.138183,0.220000,0.220000,0.000164,-0.014503,-0.022427,-0.062427,0.311127,0.330000,-0.051388,1
1772480650,782221781,-0.949676,-2.702241,-2.671027,-0.334205,-0.417849,-0.024606,1,0.220099,-0.049838,0.311127,-0.048449,0.311127,-0.055529,0.220131,-0.055529,0.219965,-0.007685,0.311046,-0.007094,0.311034,-0.007588,0.220000,-0.007588,1,-0.147815,0.220000,0.220000,0.000240,-0.014427,-0.028449,-0.068449,0.311127,0.330000,-0.058898,1
1772480650,807263161,-0.956081,-2.703485,-2.671745,-0.327204,-0.422179,-0.027568,1,0.220112,-0.045761,0.311127,-0.055529,0.311127,-0.052736,0.220022,-0.052736,0.220005,-0.006858,0.311034,-0.007588,0.311111,-0.003116,0.220000,-0.003116,1,-0.060703,0.220000,0.220000,-0.000255,-0.014922,-0.035529,-0.075529,0.311127,0.330000,-0.055935,1
1772480650,857246814,-0.964881,-2.708167,-2.673226,-0.317237,-0.422263,-0.029049,1,0.220727,-0.064013,0.311127,-0.052736,0.311127,-0.060346,0.220026,-0.060346,0.220586,-0.007889,0.311111,-0.003116,0.311109,-0.003388,0.220000,-0.003388,1,-0.066001,0.220000,0.220000,0.004217,-0.010450,-0.032736,-0.072736,0.311127,0.330000,-0.064007,1
1772480650,882298791,-0.970675,-2.710516,-2.674945,-0.311024,-0.422963,-0.030769,1,0.220134,-0.057486,0.311127,-0.060346,0.311127,-0.068541,0.220017,-0.068541,0.220119,-0.002547,0.311109,-0.003388,0.311115,-0.002755,0.220000,-0.002755,1,-0.053671,0.220000,0.220000,0.003945,-0.010722,-0.040346,-0.080346,0.311127,0.330000,-0.072699,1
1772480650,907243280,-0.975819,-2.713666,-2.676416,-0.305000,-0.422650,-0.032240,1,0.219943,-0.052754,0.311127,-0.068541,0.311127,-0.078535,0.220023,-0.078535,0.219916,-0.003456,0.311115,-0.002755,0.311111,-0.003160,0.220000,-0.003160,1,-0.061546,0.220000,0.220000,0.004578,-0.010089,-0.048541,-0.088541,0.311127,0.330000,-0.083299,1
1772480650,957332738,-0.985331,-2.718595,-2.680117,-0.294289,-0.422857,-0.035941,1,0.219699,-0.066090,0.311127,-0.078535,0.311127,-0.087934,0.220020,-0.087934,0.219687,-0.002346,0.311111,-0.003160,0.311113,-0.002940,0.220000,-0.002940,1,-0.057263,0.220000,0.220000,0.004174,-0.010493,-0.058535,-0.098535,0.311127,0.330000,-0.093268,1
1772480650,982304899,-0.990141,-2.718701,-2.680965,-0.290011,-0.425059,-0.036789,1,0.219522,-0.077758,0.311127,-0.087934,0.311127,-0.087135,0.220003,-0.087135,0.219498,-0.003267,0.311113,-0.002940,0.311125,-0.001102,0.220000,-0.001102,1,-0.021462,0.220000,0.220000,0.004394,-0.010273,-0.067934,-0.107934,0.311127,0.330000,-0.092420,1
1772480651,7237172,-0.993580,-2.722475,-2.682927,-0.285188,-0.423383,-0.038750,1,0.220195,-0.093860,0.311127,-0.087135,0.311127,-0.098938,0.220016,-0.098938,0.220174,-0.002990,0.311125,-0.001102,0.311116,-0.002641,0.220000,-0.002641,1,-0.051437,0.220000,0.220000,0.006232,-0.008435,-0.067135,-0.107135,0.311127,0.330000,-0.104940,1
1772480651,57291859,-1.005598,-2.726716,-2.687791,-0.274979,-0.429775,-0.039912,1,0.220207,-0.096534,0.311127,-0.098938,0.311127,-0.112999,0.220013,-0.112999,0.220204,-0.001134,0.311116,-0.002641,0.311118,0.002373,0.220000,0.002373,1,0.046229,0.220000,0.220000,0.004693,-0.009974,-0.078938,-0.118938,0.311127,0.330000,-0.119853,1
1772480651,82414447,-1.009162,-2.727817,-2.689633,-0.271319,-0.430495,-0.041755,1,0.220832,-0.100086,0.311127,-0.112999,0.311127,-0.111261,0.220022,-0.111261,0.220820,-0.002335,0.311118,0.002373,0.311112,0.003098,0.220000,0.003098,1,0.060356,0.220000,0.220000,0.009707,-0.004960,-0.092999,-0.132999,0.311127,0.330000,-0.118010,1
1772480651,107319511,-1.014558,-2.732325,-2.692945,-0.264431,-0.429082,-0.045066,1,0.219736,-0.115449,0.311127,-0.111261,0.311127,-0.126608,0.220007,-0.126608,0.219719,0.002727,0.311112,0.003098,0.311122,0.001766,0.220000,0.001766,1,0.034395,0.220000,0.220000,0.010432,-0.004235,-0.091261,-0.131261,0.311127,0.330000,-0.134288,1
1772480651,157325862,-1.024358,-2.736333,-2.697545,-0.253902,-0.430197,-0.049666,1,0.220166,-0.102110,0.311127,-0.126608,0.311127,-0.142614,0.220014,-0.142614,0.220144,0.003089,0.311122,0.001766,0.311117,0.002476,0.220000,0.002476,1,0.048236,0.220000,0.220000,0.009099,-0.005568,-0.106608,-0.146608,0.311127,0.330000,-0.151265,1
1772480651,182348363,-1.028759,-2.737602,-2.700776,-0.249425,-0.431165,-0.052898,1,0.219511,-0.121041,0.311127,-0.142614,0.311127,-0.139568,0.220029,-0.139568,0.219504,0.001775,0.311117,0.002476,0.311106,0.003581,0.220000,0.003581,1,0.069758,0.220000,0.220000,0.009810,-0.004857,-0.122614,-0.162614,0.311127,0.330000,-0.148034,1
1772480651,207343221,-1.034258,-2.739074,-2.703755,-0.243884,-0.432475,-0.055876,1,0.220824,-0.152517,0.311127,-0.139568,0.311127,-0.161062,0.220049,-0.159568,0.220804,0.003005,0.311106,0.003581,0.311092,0.004638,0.220000,0.004638,1,0.090347,0.220000,0.220000,0.010914,-0.003752,-0.119568,-0.159568,0.311127,0.330000,-0.170832,1
1772480651,257320278,-1.044179,-2.745043,-2.710971,-0.232321,-0.431921,-0.063092,1,0.219587,-0.137270,0.311127,-0.161062,0.311127,-0.183157,0.220034,-0.181062,0.219550,0.004017,0.311092,0.004638,0.311103,0.003847,0.220000,0.003847,1,0.074945,0.220000,0.220000,0.011971,-0.002695,-0.141062,-0.181062,0.311127,0.330000,-0.194268,1
1772480651,282377139,-1.049758,-2.747257,-2.714449,-0.226359,-0.432615,-0.066570,1,0.220469,-0.160359,0.311127,-0.183157,0.311127,-0.213162,0.220038,-0.203157,0.220417,0.004820,0.311103,0.003847,0.311100,0.004110,0.220000,0.004110,1,0.080063,0.220000,0.220000,0.011181,-0.003486,-0.163157,-0.203157,0.311127,0.330000,-0.226093,1
1772480651,307370187,-1.055060,-2.750220,-2.718269,-0.220290,-0.432580,-0.070373,1,0.219715,-0.172125,0.311127,-0.213162,0.311127,-0.209576,0.220031,-0.209576,0.219677,0.004072,0.311100,0.004110,0.311105,0.003682,0.220000,0.003682,1,0.071728,0.220000,0.220000,0.011443,-0.003223,-0.193162,-0.233162,0.311127,0.330000,-0.222289,1
1772480651,357445678,-1.066551,-2.755903,-2.728130,-0.207829,-0.437530,-0.078976,1,0.220643,-0.193902,0.311127,-0.209576,0.311127,-0.297657,0.220113,-0.229576,0.220603,0.004193,0.311105,0.003682,0.311047,0.007065,0.220000,0.007065,1,0.137618,0.220000,0.220000,0.011016,-0.003651,-0.189576,-0.229576,0.311127,0.330000,-0.315713,1
1772480651,382401192,-1.071362,-2.759145,-2.732590,-0.202057,-0.436947,-0.083436,1,0.220080,-0.210783,0.311127,-0.297657,0.311127,-0.293452,0.220079,-0.293452,0.220050,0.003655,0.311047,0.007065,0.311071,0.005887,0.220000,0.005887,1,0.114674,0.220000,0.220000,0.014398,-0.000269,-0.277657,-0.317657,0.311127,0.330000,-0.311253,1
1772480651,407355167,-1.075900,-2.761046,-2.737092,-0.197159,-0.437417,-0.087937,1,0.220153,-0.232028,0.311127,-0.293452,0.311127,-0.358116,0.220074,-0.313452,0.220018,0.007717,0.311071,0.005887,0.311075,0.005711,0.220000,0.005711,1,0.111243,0.220000,0.220000,0.013220,-0.001446,-0.273452,-0.313452,0.311127,0.330000,-0.379839,1
1772480651,457403854,-1.086149,-2.766055,-2.748224,-0.185760,-0.437848,-0.099069,1,0.220915,-0.267352,0.311127,-0.358116,0.311127,-0.440279,0.220040,-0.378116,0.220834,0.005973,0.311075,0.005711,0.311098,0.004218,0.220000,0.004218,1,0.082167,0.220000,0.220000,0.013044,-0.001623,-0.338116,-0.378116,0.311127,0.330000,-0.466987,1
1772480651,482418908,-1.090640,-2.768483,-2.754913,-0.180655,-0.437833,-0.105759,1,0.219620,-0.279817,0.311127,-0.440279,0.311127,-0.560337,0.220025,-0.460279,0.219550,0.005538,0.311098,0.004218,0.311109,0.003303,0.220000,0.003303,1,0.064349,0.220000,0.220000,0.011551,-0.003115,-0.420279,-0.460279,0.311127,0.330000,-0.594327,1
1772480651,507465587,-1.095556,-2.772312,-2.760983,-0.174513,-0.436782,-0.111829,1,0.219880,-0.277744,0.311127,-0.560337,0.311127,-0.728532,0.220000,-0.580337,0.219831,0.004657,0.311109,0.003303,0.311127,0.000234,0.220000,0.000234,1,0.004551,0.220000,0.220000,0.010637,-0.004030,-0.540337,-0.580337,0.311127,0.330000,-0.772725,1
1772480651,557462370,-1.106475,-2.776964,-2.774844,-0.162628,-0.437811,-0.125726,1,0.220016,-0.351089,0.311127,-0.728532,0.311127,-0.941895,0.220091,-0.600000,0.220016,0.000000,0.311127,0.000234,0.311063,-0.006333,0.220000,-0.006333,1,-0.123371,0.220000,0.220000,0.007567,-0.007100,-0.600000,-0.600000,0.311127,0.330000,-0.999031,1
1772480651,582526517,-1.111294,-2.778742,-2.781581,-0.152707,-0.435899,-0.135198,1,0.219903,-0.340272,0.311127,-0.941895,0.311127,-2.364610,0.304037,-0.600000,0.219903,0.000000,0.311063,-0.006333,0.021892,-0.310356,0.303729,-0.013667,1,-6.045584,0.220000,0.220000,0.001000,-0.013667,-0.600000,-0.600000,0.311127,0.330000,-2.508048,1
1772480651,607596929,-1.115632,-2.781602,-2.788719,-0.147532,-0.435444,-0.142337,1,0.220361,-0.349605,0.311127,-2.364610,0.311127,-2.356135,0.220951,-0.600000,0.220285,-0.005790,0.021892,-0.310356,0.020482,-0.310452,0.020482,-0.220000,1,-6.047459,0.029226,0.014559,-0.220000,-0.220000,-0.600000,-0.600000,0.311127,0.330000,-2.499058,1
1772480651,657595186,-1.126077,-2.784428,-2.805973,-0.136998,-0.437921,-0.159591,1,0.205374,-0.415165,0.311127,-2.356135,0.311127,-2.341613,0.220428,-0.600000,0.204226,-0.021692,0.020482,-0.310452,0.013726,-0.310824,0.013726,-0.220000,1,-6.054705,0.027816,0.013149,-0.220000,-0.220000,-0.600000,-0.600000,0.311127,0.330000,-2.483656,1
1772480651,682651631,-1.130466,-2.786123,-2.814392,-0.132330,-0.438516,-0.168009,1,0.206161,-0.389435,0.311127,-2.341613,0.311127,-2.333676,0.220321,-0.600000,0.205108,-0.020815,0.013726,-0.310824,0.011885,-0.310900,0.011885,-0.220000,1,-6.056183,0.021060,0.006393,-0.220000,-0.220000,-0.600000,-0.600000,0.311127,0.330000,-2.475237,1
1772480651,707680654,-1.134982,-2.789027,-2.823346,-0.126977,-0.438106,-0.176964,1,0.199667,-0.409307,0.311127,-2.333676,0.311127,-2.323488,0.220283,-0.600000,0.197612,-0.028576,0.011885,-0.310900,0.011168,-0.310926,0.011168,-0.220000,1,-6.056701,0.019218,0.004552,-0.220000,-0.220000,-0.600000,-0.600000,0.311127,0.330000,-2.464431,1
1772480651,757700590,-1.146321,-2.791025,-2.843816,-0.116051,-0.441737,-0.197434,1,0.187855,-0.479883,0.311127,-2.323488,0.311127,-2.305934,0.220048,-0.600000,0.182556,-0.044304,0.011168,-0.310926,0.004610,-0.311093,0.004610,-0.220000,1,-6.059941,0.018501,0.003834,-0.220000,-0.220000,-0.600000,-0.600000,0.311127,0.330000,-2.445812,1
1772480651,782792802,-1.150886,-2.793002,-2.854340,-0.111095,-0.442167,-0.207958,1,0.188572,-0.451704,0.311127,-2.305934,0.311127,-2.296012,0.220033,-0.600000,0.183507,-0.043411,0.004610,-0.311093,0.003803,-0.311104,0.003803,-0.220000,1,-6.060153,0.011944,-0.002723,-0.220000,-0.220000,-0.600000,-0.600000,0.311127,0.330000,-2.435288,1
1772480651,807763353,-1.154869,-2.793559,-2.865531,-0.107241,-0.443451,-0.219129,1,0.182978,-0.477300,0.311127,-2.296012,0.311127,-2.285479,0.220020,-0.600000,0.175781,-0.050813,0.003803,-0.311104,0.002940,-0.311113,0.002940,-0.220000,1,-6.060336,0.011136,-0.003530,-0.220000,-0.220000,-0.600000,-0.600000,0.311127,0.330000,-2.424117,1
1772480651,857778928,-1.163509,-2.792494,-2.887341,-0.096005,-0.442665,-0.240027,1,0.173084,-0.546153,0.311127,-2.285479,0.311127,-2.264032,0.220017,-0.600000,0.159831,-0.066425,0.002940,-0.311113,0.002728,-0.311115,0.002728,-0.220000,1,-6.060373,0.010273,-0.004394,-0.220000,-0.220000,-0.600000,-0.600000,0.311127,0.330000,-2.401368,1
1772480651,882837397,-1.166620,-2.792351,-2.898980,-0.093334,-0.444268,-0.251665,1,0.173773,-0.501327,0.311127,-2.264032,0.311127,-2.253059,0.220015,-0.600000,0.160973,-0.065459,0.002728,-0.311115,0.002583,-0.311116,0.002583,-0.220000,1,-6.060397,0.010061,-0.004605,-0.220000,-0.220000,-0.600000,-0.600000,0.311127,0.330000,-2.389730,1
1772480651,907810929,-1.172488,-2.791762,-2.912201,-0.088448,-0.447570,-0.264886,1,0.169608,-0.522432,0.311127,-2.253059,0.311127,-2.242339,0.220001,-0.600000,0.153383,-0.072392,0.002583,-0.311116,-0.000515,-0.311127,-0.000515,-0.220000,1,-6.060598,0.009916,-0.004751,-0.220000,-0.220000,-0.600000,-0.600000,0.311127,0.330000,-2.378360,1
1772480651,957853362,-1.179865,-2.790927,-2.938951,-0.082350,-0.451804,-0.291636,1,0.163511,-0.609968,0.311127,-2.242339,0.311127,-2.217119,0.220003,-0.600000,0.137392,-0.088652,-0.000515,-0.311127,-0.001089,-0.311125,-0.001089,-0.220000,1,-6.060569,0.006819,-0.007848,-0.220000,-0.220000,-0.600000,-0.600000,0.311127,0.330000,-2.351610,1
1772480651,982892943,-1.183136,-2.788635,-2.952081,-0.080558,-0.455374,-0.304766,1,0.164349,-0.576676,0.311127,-2.217119,0.311127,-2.204740,0.220011,-0.600000,0.138992,-0.087703,-0.001089,-0.311125,-0.002235,-0.311119,-0.002235,-0.220000,1,-6.060450,0.006244,-0.008422,-0.220000,-0.220000,-0.600000,-0.600000,0.311127,0.330000,-2.338480,1
1772480652,7914850,-1.187348,-2.786973,-2.966019,-0.077638,-0.458836,-0.318705,1,0.162571,-0.576778,0.311127,-2.204740,0.311127,-2.193223,0.220030,-0.600000,0.132060,-0.094812,-0.002235,-0.311119,-0.003626,-0.311106,-0.003626,-0.220000,1,-6.060195,0.005098,-0.009568,-0.220000,-0.220000,-0.600000,-0.600000,0.311127,0.330000,-2.326264,1
1772480652,57935265,-1.193742,-2.785236,-2.995695,-0.072834,-0.463397,-0.348381,1,0.160324,-0.647578,0.311127,-2.193223,0.311127,-2.165245,0.220013,-0.600000,0.116394,-0.110255,-0.003626,-0.311106,-0.002368,-0.311118,-0.002368,-0.220000,1,-6.060431,0.003708,-0.010959,-0.220000,-0.220000,-0.600000,-0.600000,0.311127,0.330000,-2.296589,1
1772480652,82936063,-1.197773,-2.782319,-3.010532,-0.070581,-0.467789,-0.363211,1,0.160263,-0.600122,0.311127,-2.165245,0.311127,-2.152509,0.220034,-0.600000,0.116689,-0.109853,-0.002368,-0.311118,-0.003878,-0.311103,-0.003878,-0.220000,1,-6.060135,0.004966,-0.009701,-0.220000,-0.220000,-0.600000,-0.600000,0.311127,0.330000,-2.283081,1
1772480652,107945501,-1.200066,-2.780432,-3.025167,-0.065342,-0.466370,-0.377547,1,0.160915,-0.634273,0.311127,-2.152509,0.311127,-2.137746,0.220002,-0.600000,0.100844,-0.125395,-0.003878,-0.311103,-0.000954,-0.311126,-0.000954,-0.220000,1,-6.060578,0.003455,-0.011211,-0.220000,-0.220000,-0.600000,-0.600000,0.311127,0.330000,-2.267422,1
1772480652,157988135,-1.206368,-2.774438,-3.055458,-0.062635,-0.474636,-0.407838,1,0.162304,-0.638725,0.311127,-2.137746,0.311127,-2.110435,0.220008,-0.600000,0.093341,-0.132778,-0.000954,-0.311126,-0.001882,-0.311121,-0.001882,-0.220000,1,-6.060495,0.006380,-0.008287,-0.220000,-0.220000,-0.600000,-0.600000,0.311127,0.330000,-2.238454,1
1772480652,182971227,-1.208612,-2.771834,-3.070231,-0.061894,-0.477992,-0.422611,1,0.161881,-0.581962,0.311127,-2.110435,0.311127,-2.096506,0.220003,-0.600000,0.094496,-0.131437,-0.001882,-0.311121,-0.001213,-0.311125,-0.001213,-0.220000,1,-6.060560,0.005452,-0.009215,-0.220000,-0.220000,-0.600000,-0.600000,0.311127,0.330000,-2.223681,1
1772480652,207973044,-1.211775,-2.768133,-3.085278,-0.060864,-0.482750,-0.437658,1,0.167536,-0.640476,0.311127,-2.096506,0.311127,-2.083593,0.220009,-0.600000,0.079048,-0.147715,-0.001213,-0.311125,-0.002031,-0.311120,-0.002031,-0.220000,1,-6.060477,0.006120,-0.008547,-0.220000,-0.220000,-0.600000,-0.600000,0.311127,0.330000,-2.209984,1
1772480652,257994359,-1.216241,-2.761066,-3.115978,-0.060282,-0.491090,-0.468358,1,0.170451,-0.621456,0.311127,-2.083593,0.311127,-2.056094,0.220004,-0.600000,0.070195,-0.155326,-0.002031,-0.311120,-0.001295,-0.311124,-0.001295,-0.220000,1,-6.060554,0.005302,-0.009365,-0.220000,-0.220000,-0.600000,-0.600000,0.311127,0.330000,-2.180817,1
1772480652,283013961,-1.216753,-2.758225,-3.130390,-0.061178,-0.493835,-0.482770,1,0.170108,-0.597107,0.311127,-2.056094,0.311127,-2.042506,0.220002,-0.600000,0.072580,-0.153847,-0.001295,-0.311124,0.000911,-0.311126,0.000911,-0.220000,1,-6.060580,0.006039,-0.008628,-0.220000,-0.220000,-0.600000,-0.600000,0.311127,0.330000,-2.166404,1
1772480652,308030922,-1.218813,-2.753450,3.138038,-0.061628,-0.499015,-0.497527,1,0.178125,-0.644779,0.311127,-2.042506,0.311127,-2.029886,0.220001,-0.600000,0.055863,-0.169139,0.000911,-0.311126,0.000562,-0.311126,0.000562,-0.220000,1,-6.060596,0.008244,-0.006422,-0.220000,-0.220000,-0.600000,-0.600000,0.311127,0.330000,-2.153019,1
1772480652,358049218,-1.219401,-2.741907,3.107984,-0.065121,-0.507155,-0.525417,1,0.184113,-0.665401,0.311127,-2.029886,0.311127,-2.004593,0.220021,-0.600000,0.048828,-0.177520,0.000562,-0.311126,0.003031,-0.311112,0.003031,-0.220000,1,-6.060318,0.007896,-0.006771,-0.220000,-0.220000,-0.600000,-0.600000,0.311127,0.330000,-2.126192,1
1772480652,383082276,-1.220981,-2.736818,3.092501,-0.066132,-0.512386,-0.540900,1,0.182247,-0.605544,0.311127,-2.004593,0.311127,-1.989995,0.220024,-0.600000,0.050257,-0.175181,0.003031,-0.311112,0.003251,-0.311110,0.003251,-0.220000,1,-6.060275,0.010364,-0.004302,-0.220000,-0.220000,-0.600000,-0.600000,0.311127,0.330000,-2.110709,1
1772480652,408137808,-1.220669,-2.731571,3.078240,-0.068884,-0.516864,-0.555161,1,0.196596,-0.665728,0.311127,-1.989995,0.311127,-1.977693,0.220051,-0.600000,0.034970,-0.193461,0.003251,-0.311110,0.004755,-0.311091,0.004755,-0.220000,1,-6.059898,0.010584,-0.004083,-0.220000,-0.220000,-0.600000,-0.600000,0.311127,0.330000,-2.097660,1
1772480652,458139317,-1.219881,-2.723167,3.049640,-0.073548,-0.523901,-0.583761,1,0.199651,-0.596575,0.311127,-1.977693,0.311127,-1.951918,0.220194,-0.600000,0.028318,-0.197633,0.004755,-0.311091,0.009241,-0.310990,0.009241,-0.220000,1,-6.057932,0.012088,-0.002578,-0.220000,-0.220000,-0.600000,-0.600000,0.311127,0.330000,-2.070321,1
1772480652,483166143,-1.218267,-2.716088,3.034639,-0.078313,-0.529379,-0.598762,1,0.199134,-0.602470,0.311127,-1.951918,0.311127,-1.938724,0.220278,-0.600000,0.027445,-0.197233,0.009241,-0.310990,0.011066,-0.310930,0.011066,-0.220000,1,-6.056772,0.016575,0.001908,-0.220000,-0.220000,-0.600000,-0.600000,0.311127,0.330000,-2.056327,1
1772480652,508185240,-1.220428,-2.713501,3.019501,-0.077630,-0.532679,-0.613900,1,0.212951,-0.650926,0.311127,-1.938724,0.311127,-1.924452,0.220342,-0.600000,0.011269,-0.212652,0.011066,-0.310930,0.012269,-0.310885,0.012269,-0.220000,1,-6.055892,0.018399,0.003732,-0.220000,-0.220000,-0.600000,-0.600000,0.311127,0.330000,-2.041190,1
1772480652,558189196,-1.225674,-2.707906,2.988078,-0.075640,-0.540036,-0.645304,1,0.218369,-0.573213,0.311127,-1.924452,0.311127,-1.895695,0.220449,-0.600000,0.009653,-0.218155,0.012269,-0.310885,0.014064,-0.310809,0.014064,-0.220000,1,-6.054411,0.019602,0.004935,-0.220000,-0.220000,-0.600000,-0.600000,0.311127,0.330000,-2.010688,1
1772480652,583253681,-1.224740,-2.700413,2.974020,-0.079736,-0.544445,-0.658700,1,0.217049,-0.575775,0.311127,-1.895695,0.311127,-1.884089,0.220590,-0.600000,0.008436,-0.216885,0.014064,-0.310809,0.016117,-0.310709,0.016117,-0.220000,1,-6.052469,0.021397,0.006730,-0.220000,-0.220000,-0.600000,-0.600000,0.311127,0.330000,-1.998378,1
1772480652,608300270,-1.224243,-2.696755,2.959323,-0.081899,-0.547436,-0.673398,1,0.215574,-0.563038,0.311127,-1.884089,0.311127,-1.870232,0.220815,-0.600000,0.012121,-0.215233,0.016117,-0.310709,0.018948,-0.310549,0.018948,-0.220000,1,-6.049356,0.023451,0.008784,-0.220000,-0.220000,-0.600000,-0.600000,0.311127,0.330000,-1.983680,1
1772480652,658327021,-1.224523,-2.689891,2.930957,-0.084890,-0.553622,-0.701764,1,0.215412,-0.572456,0.311127,-1.870232,0.311127,-1.844414,0.221247,-0.600000,0.015648,-0.214843,0.018948,-0.310549,0.023457,-0.310241,0.023457,-0.220000,1,-6.043357,0.026282,0.011615,-0.220000,-0.220000,-0.600000,-0.600000,0.311127,0.330000,-1.956297,1
1772480652,683336652,-1.224491,-2.685137,2.916443,-0.087160,-0.557799,-0.716277,1,0.216319,-0.578486,0.311127,-1.844414,0.311127,-1.830731,0.221438,-0.600000,0.016622,-0.215679,0.023457,-0.310241,0.025193,-0.310105,0.025193,-0.220000,1,-6.040705,0.030790,0.016124,-0.220000,-0.220000,-0.600000,-0.600000,0.311127,0.330000,-1.941783,1
1772480652,708381159,-1.223151,-2.681070,2.902427,-0.090184,-0.560752,-0.730313,1,0.216136,-0.568203,0.311127,-1.830731,0.311127,-1.818170,0.221810,-0.600000,0.023526,-0.214852,0.025193,-0.310105,0.028282,-0.309839,0.028282,-0.220000,1,-6.035514,0.032526,0.017860,-0.220000,-0.220000,-0.600000,-0.600000,0.311127,0.330000,-1.928460,1
1772480652,758393469,-1.220380,-2.669746,2.872966,-0.095339,-0.569407,-0.760414,1,0.215011,-0.573638,0.311127,-1.818170,0.311127,-1.790621,0.222335,-0.600000,0.025733,-0.213465,0.028282,-0.309839,0.032136,-0.309463,0.032136,-0.220000,1,-6.028190,0.035616,0.020949,-0.220000,-0.220000,-0.600000,-0.600000,0.311127,0.330000,-1.899240,1
1772480652,783384050,-1.219087,-2.664927,2.858421,-0.098755,-0.573045,-0.774960,1,0.214925,-0.548981,0.311127,-1.790621,0.311127,-1.776907,0.222758,-0.600000,0.030127,-0.212803,0.032136,-0.309463,0.034948,-0.309158,0.034948,-0.220000,1,-6.022251,0.039470,0.024803,-0.220000,-0.220000,-0.600000,-0.600000,0.311127,0.330000,-1.884695,1
1772480652,808449089,-1.218397,-2.658395,2.843837,-0.102448,-0.578477,-0.789543,1,0.215621,-0.559756,0.311127,-1.776907,0.311127,-1.763982,0.222969,-0.600000,0.032660,-0.213133,0.034948,-0.309158,0.036268,-0.309006,0.036268,-0.220000,1,-6.019288,0.042281,0.027614,-0.220000,-0.220000,-0.600000,-0.600000,0.311127,0.330000,-1.870985,1
1772480652,858463693,-1.215365,-2.649403,2.815990,-0.113210,-0.585287,-0.812053,1,0.216234,-0.554231,0.311127,-1.763982,0.311127,-1.743998,0.223998,-0.600000,0.034087,-0.213530,0.036268,-0.309006,0.042132,-0.308261,0.042132,-0.220000,1,-6.004781,0.043601,0.028935,-0.220000,-0.220000,-0.600000,-0.600000,0.311127,0.330000,-1.849789,1
1772480652,883502423,-1.216639,-2.644318,2.801579,-0.114462,-0.590377,-0.826463,1,0.218884,-0.549057,0.311127,-1.743998,0.311127,-1.730412,0.224080,-0.600000,0.040524,-0.215100,0.042132,-0.308261,0.042567,-0.308201,0.042567,-0.220000,1,-6.003614,0.049465,0.034798,-0.220000,-0.220000,-0.600000,-0.600000,0.311127,0.330000,-1.835379,1
1772480652,908591804,-1.214721,-2.638771,2.787365,-0.118750,-0.594384,-0.840678,1,0.220426,-0.571073,0.311127,-1.730412,0.311127,-1.717700,0.224626,-0.600000,0.040435,-0.216685,0.042567,-0.308201,0.045351,-0.307804,0.045351,-0.220000,1,-5.995877,0.049901,0.035234,-0.220000,-0.220000,-0.600000,-0.600000,0.311127,0.330000,-1.821896,1
1772480652,958571020,-1.212529,-2.627465,2.759863,-0.126414,-0.602000,-0.869074,1,0.222052,-0.581912,0.311127,-1.717700,0.311127,-1.691464,0.225795,-0.600000,0.041000,-0.218234,0.045351,-0.307804,0.050827,-0.306947,0.050827,-0.220000,1,-5.979187,0.052684,0.038017,-0.220000,-0.220000,-0.600000,-0.600000,0.311127,0.330000,-1.794069,1
1772480652,983571622,-1.211128,-2.621918,2.745736,-0.130248,-0.606246,-0.883201,1,0.222905,-0.580707,0.311127,-1.691464,0.311127,-1.678641,0.226330,-0.600000,0.044847,-0.218347,0.050827,-0.306947,0.053153,-0.306553,0.053153,-0.220000,1,-5.971508,0.058160,0.043494,-0.220000,-0.220000,-0.600000,-0.600000,0.311127,0.330000,-1.780467,1
1772480653,8632559,-1.209872,-2.617629,2.730711,-0.133367,-0.609447,-0.898226,1,0.224562,-0.553135,0.311127,-1.678641,0.311127,-1.664475,0.227102,-0.600000,0.050744,-0.218753,0.053153,-0.306553,0.056349,-0.305982,0.056349,-0.220000,1,-5.960376,0.060486,0.045820,-0.220000,-0.220000,-0.600000,-0.600000,0.311127,0.330000,-1.765443,1
1772480653,58653618,-1.208698,-2.606961,2.699753,-0.140013,-0.619870,-0.928699,1,0.228191,-0.605186,0.311127,-1.664475,0.311127,-1.636310,0.227907,-0.600000,0.052724,-0.222016,0.056349,-0.305982,0.059512,-0.305382,0.059512,-0.220000,1,-5.948700,0.063683,0.049016,-0.220000,-0.220000,-0.600000,-0.600000,0.311127,0.330000,-1.735568,1
1772480653,83766487,-1.207667,-2.600628,2.684835,-0.143887,-0.624985,-0.943616,1,0.230497,-0.612113,0.311127,-1.636310,0.311127,-1.622706,0.228391,-0.600000,0.056458,-0.223476,0.059512,-0.305382,0.061340,-0.305020,0.061340,-0.220000,1,-5.941652,0.066846,0.052179,-0.220000,-0.220000,-0.600000,-0.600000,0.311127,0.330000,-1.721140,1
1772480653,108704973,-1.205151,-2.596176,2.669593,-0.148194,-0.627743,-0.958859,1,0.227391,-0.602769,0.311127,-1.622706,0.311127,-1.608711,0.229549,-0.600000,0.058299,-0.219791,0.061340,-0.305020,0.065518,-0.304150,0.065518,-0.220000,1,-5.924705,0.068673,0.054006,-0.220000,-0.220000,-0.600000,-0.600000,0.311127,0.330000,-1.706295,1
1772480653,158761701,-1.203028,-2.585381,2.639776,-0.150325,-0.635484,-0.980835,1,0.228388,-0.590855,0.311127,-1.608711,0.311127,-1.587991,0.229813,-0.600000,0.061341,-0.219997,0.065518,-0.304150,0.066437,-0.303951,0.066437,-0.220000,1,-5.920818,0.072851,0.058184,-0.220000,-0.220000,-0.600000,-0.600000,0.311127,0.330000,-1.684318,1
1772480653,183728331,-1.202419,-2.579878,2.625210,-0.153401,-0.640086,-0.995402,1,0.229876,-0.573150,0.311127,-1.587991,0.311127,-1.574704,0.230346,-0.600000,0.065968,-0.220207,0.066437,-0.303951,0.068259,-0.303547,0.068259,-0.220000,1,-5.912951,0.073770,0.059104,-0.220000,-0.220000,-0.600000,-0.600000,0.311127,0.330000,-1.670226,1
1772480653,208816569,-1.200047,-2.572662,2.611936,-0.158832,-0.645397,-1.008676,1,0.229585,-0.590722,0.311127,-1.574704,0.311127,-1.562564,0.230906,-0.600000,0.066031,-0.219884,0.068259,-0.303547,0.070126,-0.303121,0.070126,-0.220000,1,-5.904653,0.075592,0.060925,-0.220000,-0.220000,-0.600000,-0.600000,0.311127,0.330000,-1.657350,1
1772480653,258816015,-1.197955,-2.561575,2.581179,-0.164944,-0.653288,-1.043001,1,0.230069,-0.606236,0.311127,-1.562564,0.311127,-1.530476,0.232905,-0.600000,0.067713,-0.219878,0.070126,-0.303121,0.076452,-0.301588,0.076452,-0.220000,1,-5.874786,0.077459,0.062793,-0.220000,-0.220000,-0.600000,-0.600000,0.311127,0.330000,-1.623315,1
1772480653,283888875,-1.196356,-2.553755,2.565814,-0.169990,-0.659472,-1.058366,1,0.230860,-0.586308,0.311127,-1.530476,0.311127,-1.516324,0.233431,-0.600000,0.070132,-0.219949,0.076452,-0.301588,0.078037,-0.301181,0.078037,-0.220000,1,-5.866869,0.083785,0.069118,-0.220000,-0.220000,-0.600000,-0.600000,0.311127,0.330000,-1.608305,1
1772480653,308938970,-1.193791,-2.549186,2.551149,-0.174383,-0.662329,-1.073030,1,0.233181,-0.607129,0.311127,-1.516324,0.311127,-1.502499,0.234764,-0.600000,0.076841,-0.220157,0.078037,-0.301181,0.081941,-0.300143,0.081941,-0.220000,1,-5.846638,0.085371,0.070704,-0.220000,-0.220000,-0.600000,-0.600000,0.311127,0.330000,-1.593640,1
1772480653,358911855,-1.191611,-2.537889,2.522987,-0.179400,-0.667067,-1.099640,1,0.234093,-0.618726,0.311127,-1.502499,0.311127,-1.477693,0.236980,-0.600000,0.078157,-0.220660,0.081941,-0.300143,0.088089,-0.298396,0.088089,-0.220000,1,-5.812615,0.089274,0.074608,-0.220000,-0.220000,-0.600000,-0.600000,0.311127,0.330000,-1.567330,1
1772480653,383985633,-1.190892,-2.533794,2.507734,-0.181932,-0.670364,-1.114893,1,0.235266,-0.590853,0.311127,-1.477693,0.311127,-1.463499,0.238065,-0.600000,0.082402,-0.220363,0.088089,-0.298396,0.090966,-0.297532,0.090966,-0.220000,1,-5.795780,0.095423,0.080756,-0.220000,-0.220000,-0.600000,-0.600000,0.311127,0.330000,-1.552275,1
1772480653,409107449,-1.189088,-2.528458,2.492239,-0.186000,-0.674260,-1.130388,1,0.236734,-0.608562,0.311127,-1.463499,0.311127,-1.448889,0.239266,-0.600000,0.087980,-0.219778,0.090966,-0.297532,0.094066,-0.296566,0.094066,-0.220000,1,-5.776971,0.098299,0.083632,-0.220000,-0.220000,-0.600000,-0.600000,0.311127,0.330000,-1.536779,1
1772480653,459050054,-1.187247,-2.518022,2.461063,-0.192939,-0.679749,-1.160067,1,0.237879,-0.605588,0.311127,-1.448889,0.311127,-1.421134,0.242177,-0.600000,0.090875,-0.219837,0.094066,-0.296566,0.101242,-0.294194,0.101242,-0.220000,1,-5.730760,0.101399,0.086733,-0.220000,-0.220000,-0.600000,-0.600000,0.311127,0.330000,-1.507340,1
1772480653,484044151,-1.185689,-2.512574,2.445753,-0.196835,-0.683863,-1.175377,1,0.239860,-0.590870,0.311127,-1.421134,0.311127,-1.406884,0.243345,-0.600000,0.095593,-0.219989,0.101242,-0.294194,0.104003,-0.293229,0.104003,-0.220000,1,-5.711963,0.108575,0.093908,-0.220000,-0.220000,-0.600000,-0.600000,0.311127,0.330000,-1.492226,1
1772480653,509131368,-1.183130,-2.506948,2.431563,-0.201701,-0.687675,-1.189567,1,0.242183,-0.606631,0.311127,-1.406884,0.311127,-1.393506,0.244677,-0.600000,0.101860,-0.219721,0.104003,-0.293229,0.107083,-0.292119,0.107083,-0.220000,1,-5.690332,0.111337,0.096670,-0.220000,-0.220000,-0.600000,-0.600000,0.311127,0.330000,-1.478036,1
1772480653,559168675,-1.180759,-2.495778,2.401408,-0.208503,-0.692727,-1.218555,1,0.243851,-0.597988,0.311127,-1.393506,0.311127,-1.366283,0.247895,-0.600000,0.104817,-0.220174,0.107083,-0.292119,0.114245,-0.289393,0.114245,-0.220000,1,-5.637229,0.114416,0.099749,-0.220000,-0.220000,-0.600000,-0.600000,0.311127,0.330000,-1.449162,1
1772480653,584221810,-1.180180,-2.490431,2.386310,-0.211479,-0.697207,-1.233653,1,0.245408,-0.601881,0.311127,-1.366283,0.311127,-1.352170,0.248817,-0.600000,0.108073,-0.220330,0.114245,-0.289393,0.116232,-0.288600,0.116232,-0.220000,1,-5.621793,0.121579,0.106912,-0.220000,-0.220000,-0.600000,-0.600000,0.311127,0.330000,-1.434193,1
1772480653,609226985,-1.177612,-2.484512,2.372000,-0.216484,-0.701280,-1.247963,1,0.247362,-0.592337,0.311127,-1.352170,0.311127,-1.338763,0.250192,-0.600000,0.113923,-0.219567,0.116232,-0.288600,0.119148,-0.287409,0.119148,-0.220000,1,-5.598587,0.123566,0.108899,-0.220000,-0.220000,-0.600000,-0.600000,0.311127,0.330000,-1.419973,1
1772480653,659304925,-1.174337,-2.473648,2.340567,-0.224045,-0.710126,-1.277788,1,0.249285,-0.605727,0.311127,-1.338763,0.311127,-1.310679,0.252413,-0.600000,0.116744,-0.220259,0.119148,-0.287409,0.123743,-0.285461,0.123743,-0.220000,1,-5.560636,0.126481,0.111814,-0.220000,-0.220000,-0.600000,-0.600000,0.311127,0.330000,-1.390185,1
1772480653,684291791,-1.172905,-2.466357,2.325382,-0.228663,-0.715947,-1.292974,1,0.250606,-0.573534,0.311127,-1.310679,0.311127,-1.296380,0.253204,-0.600000,0.119625,-0.220211,0.123743,-0.285461,0.125349,-0.284759,0.125349,-0.220000,1,-5.546969,0.131076,0.116409,-0.220000,-0.220000,-0.600000,-0.600000,0.311127,0.330000,-1.375018,1
1772480653,709357523,-1.170872,-2.461258,2.310255,-0.232810,-0.719544,-1.308100,1,0.252287,-0.600644,0.311127,-1.296380,0.311127,-1.282118,0.254774,-0.600000,0.123922,-0.219754,0.125349,-0.284759,0.128491,-0.283355,0.128491,-0.220000,1,-5.519621,0.132682,0.118016,-0.220000,-0.220000,-0.600000,-0.600000,0.311127,0.330000,-1.359892,1
1772480653,759427006,-1.167440,-2.447973,2.279308,-0.245498,-0.730082,-1.336376,1,0.253352,-0.603841,0.311127,-1.282118,0.311127,-1.255407,0.257250,-0.600000,0.125649,-0.219999,0.128491,-0.283355,0.133332,-0.281110,0.133332,-0.220000,1,-5.475880,0.135824,0.121158,-0.220000,-0.220000,-0.600000,-0.600000,0.311127,0.330000,-1.331560,1
1772480653,784413699,-1.165582,-2.442837,2.264190,-0.249497,-0.733803,-1.351494,1,0.255101,-0.586661,0.311127,-1.255407,0.311127,-1.241153,0.258790,-0.600000,0.129392,-0.219851,0.133332,-0.281110,0.136281,-0.279692,0.136281,-0.220000,1,-5.448264,0.140665,0.125999,-0.220000,-0.220000,-0.600000,-0.600000,0.311127,0.330000,-1.316442,1
1772480653,809575469,-1.163979,-2.438348,2.249193,-0.252971,-0.737065,-1.366491,1,0.257102,-0.617032,0.311127,-1.241153,0.311127,-1.226929,0.260408,-0.600000,0.133408,-0.219781,0.136281,-0.279692,0.139328,-0.278186,0.139328,-0.220000,1,-5.418938,0.143614,0.128948,-0.220000,-0.220000,-0.600000,-0.600000,0.311127,0.330000,-1.301355,1
1772480653,859653944,-1.160182,-2.423422,2.218240,-0.260010,-0.749225,-1.402333,1,0.258682,-0.621449,0.311127,-1.226929,0.311127,-1.193016,0.262263,-0.600000,0.136534,-0.219715,0.139328,-0.278186,0.142765,-0.276438,0.142765,-0.220000,1,-5.384888,0.146662,0.131995,-0.220000,-0.220000,-0.600000,-0.600000,0.311127,0.330000,-1.265385,1
1772480653,884577964,-1.157357,-2.416908,2.203388,-0.265519,-0.753703,-1.417185,1,0.260915,-0.602361,0.311127,-1.193016,0.311127,-1.178906,0.263824,-0.600000,0.140238,-0.220023,0.142765,-0.276438,0.145613,-0.274949,0.145613,-0.220000,1,-5.355874,0.150098,0.135432,-0.220000,-0.220000,-0.600000,-0.600000,0.311127,0.330000,-1.250418,1
1772480653,909646215,-1.155148,-2.411694,2.187866,-0.269883,-0.757313,-1.432707,1,0.262584,-0.604923,0.311127,-1.178906,0.311127,-1.164087,0.265619,-0.600000,0.143772,-0.219727,0.145613,-0.274949,0.148840,-0.273215,0.148840,-0.220000,1,-5.322107,0.152946,0.138280,-0.220000,-0.220000,-0.600000,-0.600000,0.311127,0.330000,-1.234700,1
1772480653,959653504,-1.151507,-2.398887,2.157253,-0.280549,-0.768505,-1.457498,1,0.264012,-0.606992,0.311127,-1.164087,0.311127,-1.140487,0.267030,-0.600000,0.146219,-0.219824,0.148840,-0.273215,0.151344,-0.271836,0.151344,-0.220000,1,-5.295240,0.156173,0.141507,-0.220000,-0.220000,-0.600000,-0.600000,0.311127,0.330000,-1.209669,1
1772480653,984660084,-1.149068,-2.391931,2.142335,-0.285890,-0.773585,-1.472416,1,0.265858,-0.614009,0.311127,-1.140487,0.311127,-1.126236,0.268351,-0.600000,0.149236,-0.220021,0.151344,-0.271836,0.153663,-0.270532,0.153663,-0.220000,1,-5.269838,0.158678,0.144011,-0.220000,-0.220000,-0.600000,-0.600000,0.311127,0.330000,-1.194554,1
1772480654,9739973,-1.145542,-2.386294,2.127223,-0.291597,-0.776996,-1.487528,1,0.267661,-0.597376,0.311127,-1.126236,0.311127,-1.111706,0.270499,-0.600000,0.152483,-0.219980,0.153663,-0.270532,0.157384,-0.268385,0.157384,-0.220000,1,-5.228004,0.160996,0.146330,-0.220000,-0.220000,-0.600000,-0.600000,0.311127,0.330000,-1.179142,1
1772480654,59767473,-1.140113,-2.373703,2.097144,-0.299971,-0.783275,-1.519508,1,0.267918,-0.597184,0.311127,-1.111706,0.311127,-1.081221,0.274681,-0.600000,0.153947,-0.219272,0.157384,-0.268385,0.164469,-0.264102,0.164469,-0.220000,1,-5.144589,0.164717,0.150051,-0.220000,-0.220000,-0.600000,-0.600000,0.311127,0.330000,-1.146808,1
1772480654,84836615,-1.136855,-2.367721,2.082129,-0.305605,-0.787105,-1.534523,1,0.270710,-0.604222,0.311127,-1.081221,0.311127,-1.067064,0.276660,-0.600000,0.158393,-0.219535,0.164469,-0.264102,0.167753,-0.262029,0.167753,-0.220000,1,-5.104194,0.171802,0.157135,-0.220000,-0.220000,-0.600000,-0.600000,0.311127,0.330000,-1.131792,1
1772480654,109861076,-1.134569,-2.361781,2.066671,-0.310355,-0.791341,-1.549981,1,0.274479,-0.602844,0.311127,-1.067064,0.311127,-1.052217,0.278346,-0.600000,0.164629,-0.219627,0.167753,-0.262029,0.170519,-0.260237,0.170519,-0.220000,1,-5.069297,0.175086,0.160419,-0.220000,-0.220000,-0.600000,-0.600000,0.311127,0.330000,-1.116044,1
1772480654,159898225,-1.129058,-2.348267,2.034489,-0.322098,-0.798146,-1.584789,1,0.277069,-0.600378,0.311127,-1.052217,0.311127,-1.019024,0.282898,-0.600000,0.168769,-0.219737,0.170519,-0.260237,0.178950,-0.254513,0.177852,-0.220000,1,-4.957799,0.177852,0.163185,-0.220000,-0.220000,-0.600000,-0.600000,0.311127,0.330000,-1.080839,1
1772480654,184888546,-1.126464,-2.343149,2.018806,-0.326755,-0.801498,-1.600472,1,0.278375,-0.610355,0.311127,-1.019024,0.311127,-1.003792,0.285696,-0.600000,0.170919,-0.219725,0.178950,-0.254513,0.182269,-0.252147,0.182269,-0.220000,1,-4.911697,0.186283,0.171616,-0.220000,-0.220000,-0.600000,-0.600000,0.311127,0.330000,-1.064682,1
1772480654,209963506,-1.123229,-2.337247,2.004500,-0.332341,-0.805253,-1.614778,1,0.282922,-0.589701,0.311127,-1.003792,0.311127,-0.989929,0.287618,-0.600000,0.178175,-0.219769,0.182269,-0.252147,0.185267,-0.249952,0.185267,-0.220000,1,-4.868947,0.189603,0.174936,-0.220000,-0.220000,-0.600000,-0.600000,0.311127,0.330000,-1.049979,1
1772480654,260024658,-1.116631,-2.325032,1.974313,-0.339280,-0.812055,-1.644754,1,0.285466,-0.614230,0.311127,-0.989929,0.311127,-0.961206,0.291041,-0.600000,0.182362,-0.219624,0.185267,-0.249952,0.190538,-0.245958,0.190538,-0.220000,1,-4.791138,0.192601,0.177934,-0.220000,-0.220000,-0.600000,-0.600000,0.311127,0.330000,-1.019513,1
1772480654,285039246,-1.114127,-2.318924,1.958504,-0.344310,-0.816329,-1.660562,1,0.287377,-0.603841,0.311127,-0.961206,0.311127,-0.946302,0.292856,-0.600000,0.185264,-0.219687,0.190538,-0.245958,0.193299,-0.243794,0.193299,-0.220000,1,-4.748987,0.197872,0.183205,-0.220000,-0.220000,-0.600000,-0.600000,0.311127,0.330000,-1.003705,1
1772480654,310086908,-1.109572,-2.310682,1.942533,-0.352144,-0.821556,-1.676534,1,0.290623,-0.598433,0.311127,-0.946302,0.311127,-0.930679,0.294914,-0.600000,0.190510,-0.219471,0.193299,-0.243794,0.196404,-0.241300,0.196404,-0.220000,1,-4.700404,0.200633,0.185966,-0.220000,-0.220000,-0.600000,-0.600000,0.311127,0.330000,-0.987134,1
1772480654,360156626,-1.103429,-2.298095,1.910104,-0.365882,-0.831404,-1.707997,1,0.293087,-0.611253,0.311127,-0.930679,0.311127,-0.899983,0.298780,-0.600000,0.193559,-0.220079,0.196404,-0.241300,0.202162,-0.236496,0.202162,-0.220000,1,-4.606831,0.203737,0.189070,-0.220000,-0.220000,-0.600000,-0.600000,0.311127,0.330000,-0.954576,1
1772480654,385263846,-1.100550,-2.290812,1.894338,-0.371780,-0.836556,-1.723763,1,0.295073,-0.618319,0.311127,-0.899983,0.311127,-0.884430,0.300399,-0.600000,0.196677,-0.219969,0.202162,-0.236496,0.204547,-0.234436,0.204547,-0.220000,1,-4.566711,0.209496,0.194829,-0.220000,-0.220000,-0.600000,-0.600000,0.311127,0.330000,-0.938080,1
1772480654,410221350,-1.097168,-2.284914,1.879325,-0.377491,-0.840245,-1.738776,1,0.297559,-0.591543,0.311127,-0.884430,0.311127,-0.869630,0.302482,-0.600000,0.202629,-0.217906,0.204547,-0.234436,0.207594,-0.231743,0.207594,-0.220000,1,-4.514235,0.211881,0.197214,-0.220000,-0.220000,-0.600000,-0.600000,0.311127,0.330000,-0.922382,1
1772480654,460372523,-1.091516,-2.271692,1.848683,-0.391692,-0.851754,-1.767672,1,0.297848,-0.598974,0.311127,-0.869630,0.311127,-0.840969,0.305309,-0.600000,0.202860,-0.218086,0.207594,-0.231743,0.211693,-0.228005,0.211693,-0.220000,1,-4.441425,0.214928,0.200261,-0.220000,-0.220000,-0.600000,-0.600000,0.311127,0.330000,-0.891982,1
1772480654,485338606,-1.087770,-2.264818,1.833075,-0.398167,-0.856155,-1.783280,1,0.297876,-0.591720,0.311127,-0.840969,0.311127,-0.826254,0.307338,-0.600000,0.204710,-0.216388,0.211693,-0.228005,0.214608,-0.225263,0.214608,-0.220000,1,-4.388010,0.219026,0.204359,-0.220000,-0.220000,-0.600000,-0.600000,0.311127,0.330000,-0.876374,1
1772480654,510413406,-1.084447,-2.258446,1.817608,-0.404035,-0.860303,-1.798747,1,0.296974,-0.584017,0.311127,-0.826254,0.311127,-0.810840,0.309310,-0.600000,0.206256,-0.213663,0.214608,-0.225263,0.217423,-0.222547,0.217423,-0.220000,1,-4.335106,0.220000,0.207275,-0.217929,-0.220000,-0.600000,-0.600000,0.311127,0.330000,-0.860026,1
1772480654,560595122,-1.075672,-2.245615,1.787306,-0.417535,-0.870122,-1.825646,1,0.296265,-0.594612,0.311127,-0.810840,0.311127,-0.783882,0.309896,-0.600000,0.207334,-0.211626,0.217423,-0.222547,0.221731,-0.218255,0.220000,-0.218255,1,-4.251509,0.220000,0.210090,-0.215213,-0.220000,-0.600000,-0.600000,0.311127,0.330000,-0.831433,1
1772480654,585473962,-1.072043,-2.238329,1.771773,-0.424077,-0.874966,-1.841179,1,0.297217,-0.576231,0.311127,-0.783882,0.311127,-0.768213,0.308054,-0.600000,0.209257,-0.211068,0.221731,-0.218255,0.224283,-0.215632,0.220000,-0.215632,1,-4.200402,0.220000,0.214398,-0.210922,-0.220000,-0.600000,-0.600000,0.311127,0.330000,-0.814813,1
1772480654,610558681,-1.068516,-2.232362,1.757127,-0.429929,-0.878680,-1.855825,1,0.296915,-0.591107,0.311127,-0.768213,0.311127,-0.754404,0.306014,-0.600000,0.211427,-0.208463,0.224283,-0.215632,0.227058,-0.212708,0.220000,-0.212708,1,-4.143445,0.220000,0.216950,-0.208298,-0.220000,-0.600000,-0.600000,0.311127,0.330000,-0.800166,1
1772480654,660625027,-1.060244,-2.220390,1.729293,-0.445832,-0.885530,-1.885908,1,0.296398,-0.582181,0.311127,-0.754404,0.311127,-0.724242,0.300963,-0.600000,0.212193,-0.206944,0.227058,-0.212708,0.234211,-0.204805,0.220000,-0.205374,1,-3.989505,0.220000,0.219725,-0.205374,-0.220000,-0.600000,-0.600000,0.311127,0.330000,-0.768174,1
1772480654,685701228,-1.055835,-2.212634,1.713576,-0.453294,-0.890421,-1.901625,1,0.297149,-0.600347,0.311127,-0.724242,0.311127,-0.708234,0.298462,-0.600000,0.213893,-0.206270,0.234211,-0.204805,0.236897,-0.201692,0.220000,-0.201692,1,-3.928864,0.220000,0.220000,-0.197472,-0.212138,-0.600000,-0.600000,0.311127,0.330000,-0.751196,1
1772480654,710742689,-1.051504,-2.207560,1.699479,-0.459462,-0.892961,-1.915722,1,0.297535,-0.591953,0.311127,-0.708234,0.311127,-0.693801,0.295884,-0.600000,0.218253,-0.202220,0.236897,-0.201692,0.240109,-0.197858,0.220000,-0.197858,1,-3.854171,0.220000,0.220000,-0.194359,-0.209025,-0.600000,-0.600000,0.311127,0.330000,-0.735887,1
1772480654,760812620,-1.043967,-2.194806,1.668955,-0.474379,-0.897828,-1.943451,1,0.294065,-0.580585,0.311127,-0.693801,0.311127,-0.666655,0.291032,-0.600000,0.219985,-0.195143,0.240109,-0.197858,0.247075,-0.189087,0.220000,-0.190524,1,-3.683322,0.220000,0.220000,-0.190524,-0.205191,-0.600000,-0.600000,0.311127,0.330000,-0.707095,1
1772480654,785851268,-1.038667,-2.188998,1.653353,-0.481737,-0.900600,-1.959053,1,0.295983,-0.609536,0.311127,-0.666655,0.311127,-0.650653,0.287078,-0.600000,0.220428,-0.197529,0.247075,-0.189087,0.250572,-0.184428,0.220000,-0.184428,1,-3.592578,0.220000,0.220000,-0.181754,-0.196420,-0.600000,-0.600000,0.311127,0.330000,-0.690122,1
1772480654,810913911,-1.034353,-2.182447,1.637607,-0.488553,-0.904481,-1.974799,1,0.291565,-0.594302,0.311127,-0.650653,0.311127,-0.634363,0.284641,-0.600000,0.220667,-0.190567,0.250572,-0.184428,0.253337,-0.180611,0.220000,-0.180611,1,-3.518224,0.220000,0.220000,-0.177095,-0.191762,-0.600000,-0.600000,0.311127,0.330000,-0.672843,1
1772480654,860942590,-1.026564,-2.171012,1.606413,-0.496861,-0.911338,-2.006683,1,0.283645,-0.590863,0.311127,-0.634363,0.311127,-0.603029,0.280548,-0.600000,0.220453,-0.178480,0.253337,-0.180611,0.257862,-0.174089,0.220000,-0.174089,1,-3.391173,0.220000,0.220000,-0.173278,-0.187945,-0.600000,-0.600000,0.311127,0.330000,-0.639609,1
1772480654,886015734,-1.022257,-2.164632,1.590461,-0.503596,-0.915065,-2.022635,1,0.284403,-0.607147,0.311127,-0.603029,0.311127,-0.586743,0.278039,-0.586743,0.220294,-0.179877,0.257862,-0.174089,0.260566,-0.170016,0.220000,-0.170016,1,-3.311833,0.220000,0.220000,-0.166756,-0.181422,-0.583029,-0.600000,0.311127,0.330000,-0.622334,1
1772480654,911053660,-1.017330,-2.159538,1.575155,-0.510299,-0.917365,-2.037941,1,0.280317,-0.606483,0.311127,-0.586743,0.311127,-0.570688,0.275045,-0.570688,0.220269,-0.173376,0.260566,-0.170016,0.263724,-0.165075,0.220000,-0.165075,1,-3.215583,0.220000,0.220000,-0.162683,-0.177349,-0.566743,-0.600000,0.311127,0.330000,-0.605306,1
1772480654,961136124,-1.008085,-2.147289,1.543981,-0.522844,-0.922467,-2.068220,1,0.274612,-0.549168,0.311127,-0.570688,0.311127,-0.540395,0.270707,-0.550688,0.220521,-0.163653,0.263724,-0.165075,0.269317,-0.155783,0.220000,-0.157742,1,-3.034573,0.220000,0.220000,-0.157742,-0.172408,-0.550688,-0.590688,0.311127,0.330000,-0.573175,1
1772480654,986165386,-1.004232,-2.142619,1.528568,-0.528396,-0.924882,-2.083632,1,0.275079,-0.569782,0.311127,-0.540395,0.311127,-0.524348,0.266931,-0.524348,0.220228,-0.164828,0.269317,-0.155783,0.271934,-0.151169,0.220000,-0.151169,1,-2.944697,0.220000,0.220000,-0.148449,-0.163116,-0.520395,-0.560395,0.311127,0.330000,-0.556155,1
1772480655,11241591,-1.000134,-2.138112,1.514142,-0.534093,-0.927041,-2.098059,1,0.270974,-0.551921,0.311127,-0.524348,0.311127,-0.510746,0.264331,-0.510746,0.220478,-0.157533,0.271934,-0.151169,0.274462,-0.146529,0.220000,-0.146529,1,-2.854317,0.220000,0.220000,-0.143836,-0.158502,-0.504348,-0.544348,0.311127,0.330000,-0.541728,1
1772480655,61315975,-0.991876,-2.127312,1.486685,-0.543390,-0.931022,-2.127333,1,0.263568,-0.493743,0.311127,-0.510746,0.311127,-0.481590,0.260337,-0.490746,0.220240,-0.144785,0.274462,-0.146529,0.279046,-0.137599,0.220000,-0.139196,1,-2.680364,0.220000,0.220000,-0.139196,-0.153862,-0.490746,-0.530746,0.311127,0.330000,-0.510803,1
1772480655,86480967,-0.986897,-2.121877,1.473178,-0.550297,-0.933596,-2.140839,1,0.264546,-0.510369,0.311127,-0.481590,0.311127,-0.466957,0.257025,-0.466957,0.220378,-0.146349,0.279046,-0.137599,0.281315,-0.132898,0.220000,-0.132898,1,-2.588782,0.220000,0.220000,-0.130266,-0.144932,-0.461590,-0.501590,0.311127,0.330000,-0.495282,1
1772480655,111566481,-0.983305,-2.117287,1.459593,-0.555584,-0.936049,-2.154424,1,0.260425,-0.491657,0.311127,-0.466957,0.311127,-0.452046,0.254886,-0.452046,0.220402,-0.138724,0.281315,-0.132898,0.283255,-0.128712,0.220000,-0.128712,1,-2.507251,0.220000,0.220000,-0.125564,-0.140231,-0.446957,-0.486957,0.311127,0.330000,-0.479467,1
1772480655,161682507,-0.975223,-2.106589,1.433112,-0.567834,-0.934554,-2.181584,1,0.254286,-0.434093,0.311127,-0.452046,0.311127,-0.424489,0.251262,-0.432046,0.220211,-0.127156,0.283255,-0.128712,0.289240,-0.114631,0.220000,-0.121379,1,-2.232966,0.220000,0.220000,-0.121379,-0.136045,-0.432046,-0.472046,0.311127,0.330000,-0.450238,1
1772480655,186590759,-0.969950,-2.101630,1.421343,-0.574787,-0.936566,-2.193353,1,0.255191,-0.444345,0.311127,-0.424489,0.311127,-0.413393,0.245869,-0.413393,0.220874,-0.127817,0.289240,-0.114631,0.291116,-0.109779,0.220000,-0.109779,1,-2.138434,0.220000,0.220000,-0.107298,-0.121965,-0.404489,-0.444489,0.311127,0.330000,-0.438470,1
1772480655,211809919,-0.966304,-2.096459,1.409937,-0.580389,-0.939508,-2.204759,1,0.251886,-0.427206,0.311127,-0.413393,0.311127,-0.400688,0.244336,-0.400688,0.220792,-0.121233,0.291116,-0.109779,0.292403,-0.106302,0.220000,-0.106302,1,-2.070722,0.220000,0.220000,-0.102445,-0.117112,-0.393393,-0.433393,0.311127,0.330000,-0.424994,1
1772480655,261823962,-0.959252,-2.087357,1.388242,-0.590743,-0.944639,-2.225005,1,0.243474,-0.362010,0.311127,-0.400688,0.311127,-0.379541,0.241589,-0.380688,0.220070,-0.104158,0.292403,-0.106302,0.294678,-0.099826,0.220000,-0.099826,1,-1.944554,0.220000,0.220000,-0.098969,-0.113636,-0.380688,-0.420688,0.311127,0.330000,-0.402564,1
1772480655,286835934,-0.956114,-2.082997,1.377654,-0.595520,-0.947097,-2.235593,1,0.244466,-0.405226,0.311127,-0.379541,0.311127,-0.367029,0.240240,-0.367029,0.220391,-0.105790,0.294678,-0.099826,0.295778,-0.096516,0.220000,-0.096516,1,-1.880076,0.220000,0.220000,-0.092492,-0.107159,-0.359541,-0.399541,0.311127,0.330000,-0.389293,1
1772480655,311937443,-0.952565,-2.078751,1.367839,-0.600610,-0.949266,-2.245407,1,0.239773,-0.364723,0.311127,-0.367029,0.311127,-0.357776,0.238868,-0.357776,0.220327,-0.094589,0.295778,-0.096516,0.296887,-0.093049,0.220000,-0.093049,1,-1.812544,0.220000,0.220000,-0.089182,-0.103849,-0.347029,-0.387029,0.311127,0.330000,-0.379479,1
1772480655,362127413,-0.944984,-2.068675,1.348275,-0.615253,-0.951191,-2.260800,1,0.238865,-0.342498,0.311127,-0.357776,0.311127,-0.338122,0.236108,-0.338122,0.220655,-0.091475,0.296887,-0.093049,0.299741,-0.083399,0.220000,-0.085715,1,-1.624580,0.220000,0.220000,-0.085715,-0.100382,-0.337776,-0.377776,0.311127,0.330000,-0.358632,1
1772480655,387121190,-0.941065,-2.064042,1.338980,-0.620840,-0.953561,-2.270095,1,0.239540,-0.367431,0.311127,-0.338122,0.311127,-0.329359,0.234076,-0.329359,0.220999,-0.092407,0.299741,-0.083399,0.300680,-0.079947,0.220000,-0.079947,1,-1.557339,0.220000,0.220000,-0.076066,-0.090733,-0.318122,-0.358122,0.311127,0.330000,-0.349338,1
1772480655,412299227,-0.937792,-2.058580,1.329842,-0.626222,-0.956962,-2.279233,1,0.236612,-0.334919,0.311127,-0.329359,0.311127,-0.318138,0.233231,-0.318138,0.220763,-0.085141,0.300680,-0.079947,0.301336,-0.077438,0.220000,-0.077438,1,-1.508447,0.220000,0.220000,-0.072614,-0.087281,-0.309359,-0.349359,0.311127,0.330000,-0.337437,1
1772480655,462331642,-0.931247,-2.048746,1.311431,-0.636566,-0.965873,-2.291433,1,0.233143,-0.311704,0.311127,-0.318138,0.311127,-0.303872,0.232782,-0.303872,0.220439,-0.075909,0.301336,-0.077438,0.301683,-0.076075,0.220000,-0.076075,1,-1.481906,0.220000,0.220000,-0.070104,-0.084771,-0.298138,-0.338138,0.311127,0.330000,-0.322305,1
1772480655,487405340,-0.927803,-2.044068,1.303018,-0.641732,-0.968529,-2.299846,1,0.233872,-0.312467,0.311127,-0.303872,0.311127,-0.293005,0.231874,-0.293005,0.221004,-0.076507,0.301683,-0.076075,0.302381,-0.073250,0.220000,-0.073250,1,-1.426883,0.220000,0.220000,-0.068742,-0.083408,-0.283872,-0.323872,0.311127,0.330000,-0.310778,1
1772480655,512589605,-0.924980,-2.039803,1.295141,-0.646158,-0.971092,-2.307723,1,0.231614,-0.297275,0.311127,-0.293005,0.311127,-0.285578,0.231126,-0.285578,0.220221,-0.071748,0.302381,-0.073250,0.302954,-0.070845,0.220000,-0.070845,1,-1.380032,0.220000,0.220000,-0.065917,-0.080584,-0.273005,-0.313005,0.311127,0.330000,-0.302902,1
1772480655,562626607,-0.919150,-2.030025,1.279813,-0.658563,-0.982862,-2.320759,1,0.230737,-0.283110,0.311127,-0.285578,0.311127,-0.266234,0.230993,-0.266234,0.219983,-0.069620,0.302954,-0.070845,0.303055,-0.070411,0.220000,-0.070411,1,-1.371579,0.220000,0.220000,-0.063512,-0.078179,-0.265578,-0.305578,0.311127,0.330000,-0.282384,1
1772480655,587778678,-0.914923,-2.025245,1.272446,-0.664470,-0.985275,-2.328126,1,0.230944,-0.296539,0.311127,-0.266234,0.311127,-0.255753,0.230062,-0.255753,0.219818,-0.070819,0.303055,-0.070411,0.303762,-0.067296,0.220000,-0.067296,1,-1.310892,0.220000,0.220000,-0.063078,-0.077745,-0.246234,-0.286234,0.311127,0.330000,-0.271268,1
1772480655,612787234,-0.910926,-2.020269,1.265054,-0.670257,-0.987965,-2.335519,1,0.229374,-0.244551,0.311127,-0.255753,0.311127,-0.248783,0.229240,-0.248783,0.219702,-0.065906,0.303762,-0.067296,0.304383,-0.064430,0.220000,-0.064430,1,-1.255060,0.220000,0.220000,-0.059963,-0.074629,-0.235753,-0.275753,0.311127,0.330000,-0.263875,1
1772480655,637886741,-0.908777,-2.016098,1.258833,-0.674398,-0.990348,-2.341613,1,0.229211,-0.235917,0.311127,-0.248783,0.311127,-0.239267,0.228700,-0.239267,0.220299,-0.063295,0.304383,-0.064430,0.304789,-0.062480,0.220000,-0.062480,1,-1.217080,0.220000,0.220000,-0.057096,-0.071763,-0.228783,-0.268783,0.311127,0.330000,-0.253781,1
1772480655,688001675,-0.901291,-2.007860,1.246881,-0.688358,-0.990445,-2.352320,1,0.229739,-0.269125,0.311127,-0.239267,0.311127,-0.225145,0.226806,-0.225145,0.220551,-0.064324,0.304789,-0.062480,0.306657,-0.052552,0.220000,-0.055147,1,-1.023681,0.220000,0.220000,-0.055147,-0.069813,-0.219267,-0.259267,0.311127,0.330000,-0.238803,1
1772480655,713203973,-0.897866,-2.000840,1.240509,-0.694531,-0.995229,-2.358693,1,0.225911,-0.202003,0.311127,-0.225145,0.311127,-0.214829,0.225922,-0.214829,0.219728,-0.052490,0.306657,-0.052552,0.306854,-0.051387,0.220000,-0.051387,1,-1.000996,0.220000,0.220000,-0.045218,-0.059885,-0.205145,-0.245145,0.311127,0.330000,-0.227860,1
1772480655,738168701,-0.895420,-1.997062,1.234188,-0.698091,-0.997233,-2.364772,1,0.225666,-0.214705,0.311127,-0.214829,0.311127,-0.209097,0.225471,-0.209097,0.219825,-0.051009,0.306854,-0.051387,0.307185,-0.049368,0.220000,-0.049368,1,-0.961675,0.220000,0.220000,-0.044054,-0.058720,-0.194829,-0.234829,0.311127,0.330000,-0.221781,1
1772480655,788390686,-0.889135,-1.987594,1.221719,-0.705025,-1.000097,-2.374963,1,0.225641,-0.215158,0.311127,-0.209097,0.311127,-0.194873,0.224572,-0.194873,0.219863,-0.050732,0.307185,-0.049368,0.307843,-0.045086,0.220000,-0.045086,1,-0.878261,0.220000,0.220000,-0.042035,-0.056702,-0.189097,-0.229097,0.311127,0.330000,-0.206695,1
1772480655,813375695,-0.885416,-1.984372,1.216151,-0.709781,-1.001357,-2.380531,1,0.223755,-0.200637,0.311127,-0.194873,0.311127,-0.184671,0.223976,-0.184671,0.219549,-0.043183,0.307843,-0.045086,0.308277,-0.042015,0.220000,-0.042015,1,-0.818434,0.220000,0.220000,-0.037753,-0.052420,-0.174873,-0.214873,0.311127,0.330000,-0.195873,1
1772480655,863511751,-0.879493,-1.975039,1.204622,-0.721736,-1.009726,-2.386156,1,0.223936,-0.195647,0.311127,-0.184671,0.311127,-0.174044,0.223772,-0.174044,0.220094,-0.041308,0.308277,-0.042015,0.308425,-0.040913,0.220000,-0.040913,1,-0.796964,0.220000,0.220000,-0.034682,-0.049348,-0.164671,-0.204671,0.311127,0.330000,-0.184601,1
1772480655,888651719,-0.876278,-1.970584,1.199819,-0.726567,-1.012344,-2.390959,1,0.223716,-0.174962,0.311127,-0.174044,0.311127,-0.163783,0.223440,-0.163783,0.219919,-0.041041,0.308425,-0.040913,0.308666,-0.039057,0.220000,-0.039057,1,-0.760819,0.220000,0.220000,-0.033580,-0.048246,-0.154044,-0.194044,0.311127,0.330000,-0.173718,1
1772480655,913807839,-0.873367,-1.964907,1.195273,-0.731654,-1.016194,-2.395504,1,0.223120,-0.151134,0.311127,-0.163783,0.311127,-0.159498,0.223274,-0.159498,0.219897,-0.037790,0.308666,-0.039057,0.308786,-0.038097,0.220000,-0.038097,1,-0.742107,0.220000,0.220000,-0.031724,-0.046391,-0.143783,-0.183783,0.311127,0.330000,-0.169173,1
1772480655,963940575,-0.867680,-1.954679,1.186775,-0.746679,-1.025096,-2.409290,1,0.223653,-0.162078,0.311127,-0.159498,0.311127,-0.133640,0.222472,-0.139498,0.220523,-0.037289,0.308786,-0.038097,0.309364,-0.033072,0.220000,-0.033072,1,-0.644229,0.220000,0.220000,-0.030763,-0.045430,-0.139498,-0.179498,0.311127,0.330000,-0.141746,1
1772480655,988937305,-0.864477,-1.950595,1.181972,-0.751350,-1.027360,-2.414093,1,0.223246,-0.160413,0.311127,-0.133640,0.311127,-0.121883,0.222162,-0.121883,0.220091,-0.037395,0.309364,-0.033072,0.309587,-0.030920,0.220000,-0.030920,1,-0.602314,0.220000,0.220000,-0.025739,-0.040405,-0.113640,-0.153640,0.311127,0.330000,-0.129276,1
1772480656,13986636,-0.862166,-1.945612,1.177047,-0.755614,-1.030822,-2.419018,1,0.221361,-0.119896,0.311127,-0.121883,0.311127,-0.117240,0.222015,-0.117240,0.219350,-0.029769,0.309587,-0.030920,0.309692,-0.029847,0.220000,-0.029847,1,-0.581414,0.220000,0.220000,-0.023587,-0.038254,-0.101883,-0.141883,0.311127,0.330000,-0.124351,1
1772480656,64118754,-0.855838,-1.936423,1.170194,-0.771649,-1.037061,-2.429090,1,0.221565,-0.120845,0.311127,-0.117240,0.311127,-0.091393,0.221200,-0.097240,0.219625,-0.029254,0.309692,-0.029847,0.310275,-0.023014,0.220000,-0.023014,1,-0.448300,0.220000,0.220000,-0.022514,-0.037181,-0.097240,-0.137240,0.311127,0.330000,-0.096937,1
1772480656,89303585,-0.853291,-1.932085,1.166561,-0.775851,-1.039828,-2.432722,1,0.221416,-0.078188,0.311127,-0.091393,0.311127,-0.087968,0.221073,-0.087968,0.220348,-0.021727,0.310275,-0.023014,0.310366,-0.021751,0.220000,-0.021751,1,-0.423705,0.220000,0.220000,-0.015681,-0.030347,-0.071393,-0.111393,0.311127,0.330000,-0.093304,1
1772480656,114289832,-0.851268,-1.927279,1.163679,-0.779789,-1.043245,-2.435604,1,0.221171,-0.089269,0.311127,-0.087968,0.311127,-0.075984,0.221031,-0.075984,0.220110,-0.021647,0.310366,-0.021751,0.310395,-0.021328,0.220000,-0.021328,1,-0.415450,0.220000,0.220000,-0.014418,-0.029085,-0.067968,-0.107968,0.311127,0.330000,-0.080593,1
1772480656,139443395,-0.848428,-1.921732,1.160965,-0.784877,-1.047031,-2.438154,1,0.221067,-0.090220,0.311127,-0.075984,0.311127,-0.063446,0.220966,-0.063446,0.220003,-0.021660,0.310395,-0.021328,0.310441,-0.020643,0.220000,-0.020643,1,-0.402108,0.220000,0.220000,-0.013994,-0.028661,-0.055984,-0.095984,0.311127,0.330000,-0.067294,1
1772480656,189612524,-0.843302,-1.912691,1.155631,-0.794135,-1.053379,-2.442246,1,0.220689,-0.074463,0.311127,-0.063446,0.311127,-0.047555,0.220822,-0.047555,0.219690,-0.020973,0.310441,-0.020643,0.310544,-0.019034,0.220000,-0.019034,1,-0.370780,0.220000,0.220000,-0.013309,-0.027976,-0.043446,-0.083446,0.311127,0.330000,-0.050439,1
1772480656,214672148,-0.839930,-1.908142,1.153470,-0.799167,-1.055977,-2.444407,1,0.220705,-0.051128,0.311127,-0.047555,0.311127,-0.045518,0.220694,-0.045518,0.219799,-0.019980,0.310544,-0.019034,0.310635,-0.017488,0.220000,-0.017488,1,-0.340655,0.220000,0.220000,-0.011701,-0.026368,-0.027555,-0.067555,0.311127,0.330000,-0.048279,1
1772480656,239730131,-0.837815,-1.903448,1.151469,-0.803134,-1.059259,-2.446408,1,0.220688,-0.048763,0.311127,-0.045518,0.311127,-0.030315,0.220660,-0.030315,0.219932,-0.018247,0.310635,-0.017488,0.310659,-0.017058,0.220000,-0.017058,1,-0.332288,0.220000,0.220000,-0.010155,-0.024821,-0.025518,-0.065518,0.311127,0.330000,-0.032154,1
1772480656,289955397,-0.832536,-1.894814,1.148002,-0.815988,-1.067859,-2.449119,1,0.221358,-0.051729,0.311127,-0.030315,0.311127,-0.013918,0.220520,-0.013918,0.220706,-0.016966,0.310659,-0.017058,0.310759,-0.015128,0.220000,-0.015128,1,-0.294685,0.220000,0.220000,-0.009725,-0.024392,-0.010315,-0.050315,0.311127,0.330000,-0.014762,1
1772480656,314989844,-0.830055,-1.889318,1.146475,-0.820633,-1.071702,-2.450647,1,0.221219,-0.032319,0.311127,-0.013918,0.311127,0.003838,0.220490,0.003838,0.220575,-0.016866,0.310759,-0.015128,0.310780,-0.014692,0.220000,-0.014692,1,-0.286201,0.220000,0.220000,-0.007795,-0.022461,0.006082,-0.033918,0.311127,0.330000,0.004071,1
1772480656,340092867,-0.826958,-1.884793,1.145005,-0.825405,-1.074404,-2.452116,1,0.220726,-0.030135,0.311127,0.003838,0.311127,0.024410,0.220404,0.023838,0.220187,-0.015425,0.310780,-0.014692,0.310841,-0.013336,0.220000,-0.013336,1,-0.259773,0.220000,0.220000,-0.007359,-0.022026,0.023838,-0.016162,0.311127,0.330000,0.025891,1
1772480656,390186032,-0.821635,-1.875007,1.143740,-0.834491,-1.080850,-2.453381,1,0.220041,-0.005487,0.311127,0.024410,0.311127,0.046992,0.220325,0.044410,0.219532,-0.014965,0.310841,-0.013336,0.310897,-0.011966,0.220000,-0.011966,1,-0.233101,0.220000,0.220000,-0.006002,-0.020669,0.044410,0.004410,0.311127,0.330000,0.049843,1
1772480656,415379744,-0.818595,-1.869671,1.143364,-0.839550,-1.084895,-2.453505,1,0.219545,0.027829,0.311127,0.046992,0.311127,0.047109,0.220306,0.047109,0.219151,-0.013149,0.310897,-0.011966,0.310910,-0.011612,0.220000,-0.011612,1,-0.226190,0.220000,0.220000,-0.004633,-0.019300,0.066992,0.026992,0.311127,0.330000,0.049967,1
1772480656,465506880,-0.814349,-1.860153,1.143889,-0.847409,-1.095811,-2.451178,1,0.220105,0.050291,0.311127,0.047109,0.311127,0.101124,0.220494,0.067109,0.219798,-0.011612,0.310910,-0.011612,0.310777,-0.014753,0.220000,-0.014753,1,-0.287387,0.220000,0.220000,-0.004278,-0.018945,0.067109,0.027109,0.311127,0.330000,0.107258,1
1772480656,490579699,-0.812694,-1.855142,1.144011,-0.851092,-1.099590,-2.451056,1,0.220642,0.042132,0.311127,0.101124,0.311127,0.101009,0.220503,0.101009,0.220322,-0.011884,0.310777,-0.014753,0.310771,-0.014883,0.220000,-0.014883,1,-0.289905,0.220000,0.220000,-0.007420,-0.022087,0.121124,0.081124,0.311127,0.330000,0.107136,1
1772480656,515677933,-0.809720,-1.850621,1.145175,-0.855746,-1.102352,-2.449892,1,0.221022,0.065185,0.311127,0.101009,0.311127,0.136284,0.220437,0.121009,0.220539,-0.014606,0.310771,-0.014883,0.310818,-0.013870,0.220000,-0.013870,1,-0.270187,0.220000,0.220000,-0.007549,-0.022216,0.121009,0.081009,0.311127,0.330000,0.144551,1
1772480656,540696792,-0.806829,-1.845989,1.146813,-0.860374,-1.105249,-2.448254,1,0.220374,0.091785,0.311127,0.136284,0.311127,0.134740,0.220387,0.134740,0.219886,-0.014646,0.310818,-0.013870,0.310853,-0.013059,0.220000,-0.013059,1,-0.254390,0.220000,0.220000,-0.006537,-0.021204,0.156284,0.116284,0.311127,0.330000,0.142913,1
1772480656,590966570,-0.802452,-1.836214,1.151422,-0.869310,-1.112325,-2.444154,1,0.220387,0.105102,0.311127,0.134740,0.311127,0.234270,0.220339,0.154740,0.219951,-0.013855,0.310853,-0.013059,0.310887,-0.012218,0.220000,-0.012218,1,-0.238003,0.220000,0.220000,-0.005726,-0.020393,0.154740,0.114740,0.311127,0.330000,0.248481,1
1772480656,616038586,-0.799257,-1.831593,1.153963,-0.879150,-1.116488,-2.445101,1,0.220227,0.127187,0.311127,0.234270,0.311127,0.310992,0.220101,0.254270,0.219820,-0.013384,0.310887,-0.012218,0.311055,-0.006673,0.220000,-0.006673,1,-0.129980,0.220000,0.220000,-0.004885,-0.019551,0.254270,0.214270,0.311127,0.330000,0.329857,1
1772480656,641136516,-0.796804,-1.826436,1.157266,-0.883629,-1.120031,-2.441798,1,0.220404,0.151126,0.311127,0.310992,0.311127,0.307878,0.220081,0.307878,0.220062,-0.012284,0.311055,-0.006673,0.311070,-0.005971,0.220000,-0.005971,1,-0.116315,0.220000,0.220000,0.000661,-0.014006,0.330992,0.290992,0.311127,0.330000,0.326554,1
1772480656,691314141,-0.792225,-1.816303,1.164102,-0.892213,-1.127100,-2.434962,1,0.220080,0.183497,0.311127,0.307878,0.311127,0.543487,0.220033,0.327878,0.220007,-0.005671,0.311070,-0.005971,0.311104,-0.003812,0.220000,-0.003812,1,-0.074254,0.220000,0.220000,0.001362,-0.013304,0.327878,0.287878,0.311127,0.330000,0.576455,1
1772480656,716417025,-0.789236,-1.811870,1.168018,-0.896852,-1.129757,-2.431046,1,0.220249,0.186419,0.311127,0.543487,0.311127,0.539795,0.220005,0.539795,0.220166,-0.006064,0.311104,-0.003812,0.311124,-0.001443,0.220000,-0.001443,1,-0.028108,0.220000,0.220000,0.003521,-0.011145,0.563487,0.523487,0.311127,0.330000,0.572539,1
1772480656,741502285,-0.787665,-1.806338,1.171218,-0.900706,-1.134026,-2.427846,1,0.220440,0.207097,0.311127,0.539795,0.311127,0.729778,0.220001,0.559795,0.220399,-0.004257,0.311124,-0.001443,0.311127,0.000547,0.220000,0.000547,1,0.010646,0.220000,0.220000,0.005890,-0.008776,0.559795,0.519795,0.311127,0.330000,0.774046,1
1772480656,791690923,-0.783031,-1.795994,1.179833,-0.909432,-1.141259,-2.419231,1,0.219739,0.239941,0.311127,0.729778,0.311127,1.220442,0.220141,0.600000,0.219739,0.000000,0.311127,0.000547,0.310962,0.010125,0.220000,0.007880,1,0.197227,0.220000,0.220000,0.007880,-0.006787,0.600000,0.600000,0.311127,0.330000,1.294474,1
1772480656,816803055,-0.781357,-1.792225,1.185855,-0.912649,-1.144364,-2.413293,1,0.220366,0.243087,0.311127,1.220442,0.311127,1.441309,0.220692,0.600000,0.220366,0.000000,0.310962,0.010125,0.310473,0.020155,0.220000,0.017458,1,0.392613,0.220000,0.220000,0.017458,0.002792,0.600000,0.600000,0.311127,0.330000,1.528739,1
1772480656,841893377,-0.779844,-1.786897,1.191669,-0.916682,-1.151391,-2.408013,1,0.219752,0.264235,0.311127,1.441309,0.311127,2.294876,0.304384,0.600000,0.219607,0.007998,0.310473,0.020155,0.054071,0.306393,0.303140,0.027489,1,5.968381,0.220000,0.220000,0.027489,0.012822,0.600000,0.600000,0.311127,0.330000,2.434083,1
1772480656,891974000,-0.776265,-1.775936,1.203179,-0.924740,-1.159640,-2.396503,1,0.222592,0.327300,0.311127,2.294876,0.311127,2.284024,0.224910,0.600000,0.221795,0.018823,0.054071,0.306393,0.043435,0.308080,0.046737,0.220000,1,6.001257,0.061404,0.046737,0.220000,0.220000,0.600000,0.600000,0.311127,0.330000,2.422573,1
1772480656,917175391,-0.775916,-1.770555,1.209106,-0.927433,-1.164311,-2.390575,1,0.213706,0.312477,0.311127,2.284024,0.311127,2.279967,0.223182,0.600000,0.212496,0.022715,0.043435,0.308080,0.037551,0.308853,0.037551,0.220000,1,6.016301,0.050768,0.036101,0.220000,0.220000,0.600000,0.600000,0.311127,0.330000,2.418270,1
1772480656,942195276,-0.773722,-1.765749,1.215830,-0.931526,-1.167652,-2.383851,1,0.207614,0.325424,0.311127,2.279967,0.311127,2.273627,0.222668,0.600000,0.205367,0.030461,0.037551,0.308853,0.034363,0.309223,0.034363,0.220000,1,6.023527,0.044885,0.030218,0.220000,0.220000,0.600000,0.600000,0.311127,0.330000,2.411546,1
1772480656,992222218,-0.772160,-1.756523,1.231388,-0.937007,-1.175236,-2.368294,1,0.200422,0.379814,0.311127,2.273627,0.311127,2.258960,0.221710,0.600000,0.196530,0.039307,0.034363,0.309223,0.027486,0.309910,0.027486,0.220000,1,6.036909,0.041697,0.027030,0.220000,0.220000,0.600000,0.600000,0.311127,0.330000,2.395989,1
1772480657,17266736,-0.770491,-1.751523,1.239302,-0.940715,-1.178982,-2.360379,1,0.195781,0.363991,0.311127,2.258960,0.311127,2.251498,0.221349,0.600000,0.190599,0.044746,0.027486,0.309910,0.024403,0.310169,0.024403,0.220000,1,6.041936,0.034820,0.020153,0.220000,0.220000,0.600000,0.600000,0.311127,0.330000,2.388074,1
1772480657,42453558,-0.769461,-1.745474,1.248304,-0.944314,-1.183952,-2.351377,1,0.190883,0.370213,0.311127,2.251498,0.311127,2.244616,0.220905,0.600000,0.183524,0.052490,0.024403,0.310169,0.019977,0.310485,0.019977,0.220000,1,6.048100,0.031736,0.017069,0.220000,0.220000,0.600000,0.600000,0.311127,0.330000,2.380775,1
1772480657,92479226,-0.770305,-1.737315,1.266315,-0.946703,-1.192497,-2.333654,1,0.185781,0.396539,0.311127,2.244616,0.311127,2.227907,0.220404,0.600000,0.175990,0.059515,0.019977,0.310485,0.013343,0.310841,0.013343,0.220000,1,6.055030,0.027311,0.012644,0.220000,0.220000,0.600000,0.600000,0.311127,0.330000,2.363052,1
1772480657,117645915,-0.769449,-1.732897,1.276758,-0.946259,-1.201944,-2.325185,1,0.181342,0.418811,0.311127,2.227907,0.311127,2.221638,0.220082,0.600000,0.168648,0.066652,0.013343,0.310841,0.002986,0.311113,0.006010,0.220000,1,6.060327,0.020677,0.006010,0.220000,0.220000,0.600000,0.600000,0.311127,0.330000,2.356403,1
1772480657,142658372,-0.771099,-1.728323,1.286221,-0.946813,-1.206775,-2.315723,1,0.177613,0.441530,0.311127,2.221638,0.311127,2.214201,0.220001,0.600000,0.161184,0.074606,0.002986,0.311113,-0.000482,0.311127,-0.000482,0.220000,1,6.060599,0.010320,-0.004347,0.220000,0.220000,0.600000,0.600000,0.311127,0.330000,2.348515,1
1772480657,192743370,-0.772514,-1.720579,1.308255,-0.948985,-1.214341,-2.293689,1,0.174658,0.466414,0.311127,2.214201,0.311127,2.193427,0.220026,2.194201,0.154464,0.081525,-0.000482,0.311127,-0.003370,0.311109,-0.003370,0.220000,1,6.060250,0.006852,-0.007815,0.220000,0.220000,0.600000,0.600000,0.311127,0.330000,2.326481,1
1772480657,217920705,-0.773192,-1.716007,1.319666,-0.950410,-1.218739,-2.282277,1,0.171321,0.481308,0.311127,2.193427,0.311127,2.182669,0.220065,0.600000,0.146475,0.088861,-0.003370,0.311109,-0.005350,0.311081,-0.005350,0.220000,1,6.059710,0.003963,-0.010704,0.220000,0.220000,0.600000,0.600000,0.311127,0.330000,2.315070,1
1772480657,242939241,-0.775163,-1.712735,1.331055,-0.950097,-1.222545,-2.270889,1,0.169620,0.504381,0.311127,2.182669,0.311127,2.173160,0.220099,0.600000,0.139328,0.096740,-0.005350,0.311081,-0.006589,0.311057,-0.006589,0.220000,1,6.059247,0.001984,-0.012683,0.220000,0.220000,0.600000,0.600000,0.311127,0.330000,2.304984,1
1772480657,293095465,-0.777424,-1.704408,1.355644,-0.951770,-1.231010,-2.246300,1,0.167815,0.511557,0.311127,2.173160,0.311127,2.149977,0.220195,2.153160,0.131666,0.104048,-0.006589,0.311057,-0.009262,0.310989,-0.009262,0.220000,1,6.057920,0.000744,-0.013922,0.220000,0.220000,0.600000,0.600000,0.311127,0.330000,2.280395,1
1772480657,318106270,-0.780095,-1.701574,1.367522,-0.950637,-1.234735,-2.234422,1,0.166322,0.544291,0.311127,2.149977,0.311127,2.140139,0.220232,0.600000,0.124041,0.110802,-0.009262,0.310989,-0.010100,0.310963,-0.010100,0.220000,1,6.057412,-0.001929,-0.016595,0.220000,0.220000,0.600000,0.600000,0.311127,0.330000,2.269960,1
1772480657,343156422,-0.781852,-1.698428,1.380739,-0.950460,-1.238335,-2.221205,1,0.166657,0.570602,0.311127,2.140139,0.311127,2.127677,0.220240,0.600000,0.117151,0.118534,-0.010100,0.310963,-0.010285,0.310957,-0.010285,0.220000,1,6.057294,-0.002767,-0.017433,0.220000,0.220000,0.600000,0.600000,0.311127,0.330000,2.256743,1
1772480657,393322514,-0.785777,-1.691736,1.409668,-0.955958,-1.249960,-2.198467,1,0.167050,0.577531,0.311127,2.127677,0.311127,2.106240,0.220621,2.107677,0.109654,0.126023,-0.010285,0.310957,-0.016545,0.310687,-0.016545,0.220000,1,6.052031,-0.002951,-0.017618,0.220000,0.220000,0.600000,0.600000,0.311127,0.330000,2.234005,1
1772480657,418359800,-0.789622,-1.688113,1.424949,-0.954154,-1.254924,-2.183187,1,0.167661,0.610481,0.311127,2.106240,0.311127,2.093253,0.220698,0.600000,0.101960,0.133095,-0.016545,0.310687,-0.017534,0.310633,-0.017534,0.220000,1,6.050974,-0.009212,-0.023878,0.220000,0.220000,0.600000,0.600000,0.311127,0.330000,2.220231,1
1772480657,443536309,-0.792187,-1.685148,1.439377,-0.953197,-1.258726,-2.168758,1,0.169765,0.597596,0.311127,2.093253,0.311127,2.079650,0.220686,0.600000,0.094425,0.141082,-0.017534,0.310633,-0.017382,0.310641,-0.017382,0.220000,1,6.051140,-0.010201,-0.024867,0.220000,0.220000,0.600000,0.600000,0.311127,0.330000,2.205802,1
1772480657,493571825,-0.798753,-1.680375,1.468005,-0.949480,-1.265943,-2.140131,1,0.171292,0.596210,0.311127,2.079650,0.311127,2.053826,0.220632,2.059650,0.087162,0.147457,-0.017382,0.310641,-0.016687,0.310679,-0.016687,0.220000,1,6.051883,-0.010049,-0.024715,0.220000,0.220000,0.600000,0.600000,0.311127,0.330000,2.178412,1
1772480657,518773171,-0.802077,-1.677654,1.483009,-0.947735,-1.269868,-2.125127,1,0.174662,0.623364,0.311127,2.053826,0.311127,2.039680,0.220612,0.600000,0.079465,0.155538,-0.016687,0.310679,-0.016419,0.310693,-0.016419,0.220000,1,6.052160,-0.009353,-0.024020,0.220000,0.220000,0.600000,0.600000,0.311127,0.330000,2.163408,1
1772480657,543722610,-0.805469,-1.676297,1.497977,-0.945315,-1.272605,-2.110159,1,0.178173,0.603253,0.311127,2.039680,0.311127,2.026557,0.220502,0.600000,0.072302,0.162843,-0.016419,0.310693,-0.014865,0.310772,-0.014865,0.220000,1,6.053685,-0.009086,-0.023753,0.220000,0.220000,0.600000,0.600000,0.311127,0.330000,2.149488,1
1772480657,593956456,-0.812832,-1.672125,1.527928,-0.940616,-1.279644,-2.080208,1,0.181524,0.600070,0.311127,2.026557,0.311127,1.999540,0.220406,2.006557,0.063615,0.170012,-0.014865,0.310772,-0.013379,0.310839,-0.013379,0.220000,1,6.055000,-0.007531,-0.022198,0.220000,0.220000,0.600000,0.600000,0.311127,0.330000,2.120832,1
1772480657,619041924,-0.818377,-1.670218,1.543192,-0.936521,-1.283841,-2.064943,1,0.186299,0.595580,0.311127,1.999540,0.311127,1.985149,0.220402,0.600000,0.057151,0.177316,-0.013379,0.310839,-0.013308,0.310842,-0.013308,0.220000,1,6.055059,-0.006046,-0.020713,0.220000,0.220000,0.600000,0.600000,0.311127,0.330000,2.105568,1
1772480657,644020834,-0.821892,-1.670300,1.557568,-0.933920,-1.285587,-2.050637,1,0.190851,0.603699,0.311127,1.985149,0.311127,1.972829,0.220267,0.600000,0.050124,0.184152,-0.013308,0.310842,-0.010835,0.310938,-0.010835,0.220000,1,6.056930,-0.005975,-0.020641,0.220000,0.220000,0.600000,0.600000,0.311127,0.330000,2.092501,1
1772480657,694096241,-0.831449,-1.666167,1.586764,-0.931673,-1.295417,-2.021971,1,0.196397,0.594999,0.311127,1.972829,0.311127,1.945802,0.220349,1.952829,0.042672,0.191705,-0.010835,0.310938,-0.012397,0.310880,-0.012397,0.220000,1,6.055793,-0.003502,-0.018168,0.220000,0.220000,0.600000,0.600000,0.311127,0.330000,2.063835,1
1772480657,719304318,-0.836060,-1.666174,1.602082,-0.927553,-1.297487,-2.006653,1,0.202327,0.608537,0.311127,1.945802,0.311127,1.932199,0.220226,0.600000,0.034672,0.199335,-0.012397,0.310880,-0.009980,0.310967,-0.009980,0.220000,1,6.057487,-0.005064,-0.019730,0.220000,0.220000,0.600000,0.600000,0.311127,0.330000,2.049407,1
1772480657,744271492,-0.840565,-1.666670,1.617040,-0.923308,-1.299073,-1.991695,1,0.207694,0.610211,0.311127,1.932199,0.311127,1.918097,0.220117,0.600000,0.027828,0.205822,-0.009980,0.310967,-0.007169,0.311044,-0.007169,0.220000,1,6.058997,-0.002647,-0.017313,0.220000,0.220000,0.600000,0.600000,0.311127,0.330000,2.034449,1
1772480657,794354359,-0.851676,-1.664026,1.646635,-0.914578,-1.306437,-1.962100,1,0.214844,0.605039,0.311127,1.918097,0.311127,1.892126,0.220081,1.898097,0.020060,0.213905,-0.007169,0.311044,-0.005978,0.311070,-0.005978,0.220000,1,6.059487,0.000164,-0.014502,0.220000,0.220000,0.600000,0.600000,0.311127,0.330000,2.006903,1
1772480657,819515760,-0.856480,-1.664641,1.660981,-0.910012,-1.308052,-1.947753,1,0.219139,0.587610,0.311127,1.892126,0.311127,1.878600,0.220026,0.600000,0.012074,0.218806,-0.005978,0.311070,-0.003384,0.311109,-0.003384,0.220000,1,6.060248,0.001355,-0.013312,0.220000,0.220000,0.600000,0.600000,0.311127,0.330000,1.992556,1
1772480657,844474950,-0.862470,-1.665382,1.675279,-0.904329,-1.310088,-1.933455,1,0.219199,0.569751,0.311127,1.878600,0.311127,1.865943,0.220004,0.600000,0.004568,0.219151,-0.003384,0.311109,-0.001286,0.311124,-0.001286,0.220000,1,6.060554,0.003950,-0.010717,0.220000,0.220000,0.600000,0.600000,0.311127,0.330000,1.979132,1
1772480657,894614833,-0.872360,-1.665989,1.703248,-0.895148,-1.314287,-1.905512,1,0.220855,0.607403,0.311127,1.865943,0.311127,1.840297,0.220016,1.845943,-0.001299,0.220851,-0.001286,0.311124,0.002692,0.311115,0.002692,0.220000,1,6.060379,0.006047,-0.008620,0.220000,0.220000,0.600000,0.600000,0.311127,0.330000,1.951930,1
1772480657,919649479,-0.878107,-1.667240,1.717418,-0.888798,-1.318210,-1.891556,1,0.217255,0.588253,0.311127,1.840297,0.311127,1.827996,0.220017,0.600000,-0.004595,0.217206,0.002692,0.311115,0.002752,0.311115,0.002752,0.220000,1,6.060369,0.010026,-0.004641,0.220000,0.220000,0.600000,0.600000,0.311127,0.330000,1.938883,1
1772480657,944700404,-0.883128,-1.668117,1.732264,-0.883920,-1.319689,-1.876710,1,0.216297,0.572425,0.311127,1.827996,0.311127,1.814000,0.220072,0.600000,0.000000,0.216297,0.002752,0.311115,0.005643,0.311076,0.005643,0.220000,1,6.059609,0.010085,-0.004581,0.220000,0.220000,0.600000,0.600000,0.311127,0.330000,1.924037,1
1772480657,994800038,-0.894578,-1.670648,1.761855,-0.872558,-1.322589,-1.847119,1,0.216200,0.572745,0.311127,1.814000,0.311127,1.787420,0.220294,1.794000,0.000000,0.216200,0.005643,0.311076,0.011374,0.310919,0.011374,0.220000,1,6.056555,0.012976,-0.001690,0.220000,0.220000,0.600000,0.600000,0.311127,0.330000,1.895845,1
1772480658,19926868,-0.899953,-1.670645,1.775693,-0.867760,-1.325013,-1.833281,1,0.212595,0.567115,0.311127,1.787420,0.311127,1.774373,0.220384,0.600000,0.002853,0.212576,0.011374,0.310919,0.013007,0.310855,0.013007,0.220000,1,6.055307,0.018707,0.004040,0.220000,0.220000,0.600000,0.600000,0.311127,0.330000,1.882006,1
1772480658,44969558,-0.904624,-1.672424,1.789152,-0.862789,-1.325529,-1.819822,1,0.211599,0.555995,0.311127,1.774373,0.311127,1.762383,0.220613,0.600000,0.008948,0.211409,0.013007,0.310855,0.016430,0.310693,0.016430,0.220000,1,6.052150,0.020341,0.005674,0.220000,0.220000,0.600000,0.600000,0.311127,0.330000,1.869289,1
1772480658,95052252,-0.915366,-1.673330,1.816036,-0.857181,-1.334479,-1.792811,1,0.212157,0.556540,0.311127,1.762383,0.311127,1.737590,0.220555,1.742383,0.010577,0.211893,0.016430,0.310693,0.015631,0.310734,0.015631,0.220000,1,6.052953,0.023763,0.009096,0.220000,0.220000,0.600000,0.600000,0.311127,0.330000,1.842993,1
1772480658,120074512,-0.921247,-1.674582,1.829535,-0.851366,-1.336010,-1.779311,1,0.213728,0.551666,0.311127,1.737590,0.311127,1.724863,0.220737,0.600000,0.014339,0.213247,0.015631,0.310734,0.018021,0.310605,0.018021,0.220000,1,6.050431,0.022964,0.008298,0.220000,0.220000,0.600000,0.600000,0.311127,0.330000,1.829493,1
1772480658,145178191,-0.925613,-1.675528,1.842643,-0.847042,-1.337133,-1.766203,1,0.214945,0.553617,0.311127,1.724863,0.311127,1.712967,0.220978,0.600000,0.017038,0.214268,0.018021,0.310605,0.020767,0.310433,0.020767,0.220000,1,6.047090,0.025354,0.010688,0.220000,0.220000,0.600000,0.600000,0.311127,0.330000,1.816876,1
1772480658,170185194,-0.931048,-1.677185,1.855902,-0.841443,-1.338101,-1.752944,1,0.213150,0.557246,0.311127,1.712967,0.311127,1.700467,0.221267,0.600000,0.016138,0.212538,0.020767,0.310433,0.023647,0.310227,0.023647,0.220000,1,6.043075,0.028100,0.013434,0.220000,0.220000,0.600000,0.600000,0.311127,0.330000,1.803617,1
1772480658,220283640,-0.940290,-1.678837,1.882654,-0.831417,-1.335829,-1.723596,1,0.214295,0.553567,0.311127,1.700467,0.311127,1.673339,0.222171,1.680467,0.019231,0.213430,0.023647,0.310227,0.034473,0.309211,0.030981,0.220000,1,6.023289,0.030981,0.016314,0.220000,0.220000,0.600000,0.600000,0.311127,0.330000,1.774844,1
1772480658,245363663,-0.946467,-1.679796,1.896515,-0.825466,-1.337740,-1.709735,1,0.219854,0.538651,0.311127,1.673339,0.311127,1.660821,0.223020,0.600000,0.032459,0.217445,0.034473,0.309211,0.036578,0.308969,0.036578,0.220000,1,6.018576,0.041806,0.027140,0.220000,0.220000,0.600000,0.600000,0.311127,0.330000,1.761567,1
1772480658,295447965,-0.956079,-1.683003,1.925151,-0.815435,-1.339181,-1.681098,1,0.218946,0.583768,0.311127,1.660821,0.311127,1.634220,0.224258,1.640821,0.029021,0.217014,0.036578,0.308969,0.043492,0.308072,0.043492,0.220000,1,6.001098,0.043912,0.029245,0.220000,0.220000,0.600000,0.600000,0.311127,0.330000,1.733352,1
1772480658,320522250,-0.962275,-1.684022,1.940034,-0.809558,-1.341047,-1.666401,1,0.222958,0.603735,0.311127,1.634220,0.311127,1.620776,0.224737,0.600000,0.035132,0.220173,0.043492,0.308072,0.045898,0.307723,0.045898,0.220000,1,5.994296,0.050826,0.036159,0.220000,0.220000,0.600000,0.600000,0.311127,0.330000,1.719093,1
1772480658,345563295,-0.967134,-1.684909,1.955290,-0.805923,-1.342451,-1.652885,1,0.226886,0.593518,0.311127,1.620776,0.311127,1.608034,0.225284,0.600000,0.045825,0.222210,0.045898,0.307723,0.048504,0.307323,0.048504,0.220000,1,5.986503,0.053231,0.038565,0.220000,0.220000,0.600000,0.600000,0.311127,0.330000,1.705577,1
1772480658,395652348,-0.978123,-1.687262,1.985934,-0.795051,-1.345293,-1.622242,1,0.225833,0.601520,0.311127,1.608034,0.311127,1.579576,0.226674,1.588034,0.045635,0.221174,0.048504,0.307323,0.054599,0.306299,0.054599,0.220000,1,5.966555,0.055838,0.041171,0.220000,0.220000,0.600000,0.600000,0.311127,0.330000,1.675394,1
1772480658,420827509,-0.984156,-1.688311,2.000463,-0.789619,-1.347709,-1.608203,1,0.225229,0.591736,0.311127,1.579576,0.311127,1.566663,0.227087,0.600000,0.048210,0.220009,0.054599,0.306299,0.056290,0.305992,0.056290,0.220000,1,5.960588,0.061932,0.047266,0.220000,0.220000,0.600000,0.600000,0.311127,0.330000,1.661697,1
1772480658,445747876,-0.989008,-1.688472,2.016544,-0.789192,-1.355667,-1.596641,1,0.227478,0.580817,0.311127,1.566663,0.311127,1.555762,0.226102,0.600000,0.056352,0.220388,0.056290,0.305992,0.052176,0.306721,0.052176,0.220000,1,5.974777,0.063624,0.048957,0.220000,0.220000,0.600000,0.600000,0.311127,0.330000,1.650135,1
1772480658,495899972,-1.000407,-1.690789,2.045306,-0.777984,-1.358783,-1.567879,1,0.227775,0.598752,0.311127,1.555762,0.311127,1.529268,0.227374,1.535762,0.056707,0.220603,0.052176,0.306721,0.057437,0.305779,0.057437,0.220000,1,5.956437,0.059509,0.044843,0.220000,0.220000,0.600000,0.600000,0.311127,0.330000,1.622034,1
1772480658,520958132,-1.007162,-1.692689,2.059358,-0.771360,-1.360325,-1.554146,1,0.225069,0.610683,0.311127,1.529268,0.311127,1.516321,0.227989,0.600000,0.051047,0.219204,0.057437,0.305779,0.059826,0.305321,0.059826,0.220000,1,5.947505,0.064770,0.050103,0.220000,0.220000,0.600000,0.600000,0.311127,0.330000,1.608301,1
1772480658,545985007,-1.012029,-1.693952,2.074969,-0.769132,-1.363177,-1.541854,1,0.227995,0.588165,0.311127,1.516321,0.311127,1.504971,0.228237,0.600000,0.060146,0.219918,0.059826,0.305321,0.060762,0.305136,0.060762,0.220000,1,5.943906,0.067160,0.052493,0.220000,0.220000,0.600000,0.600000,0.311127,0.330000,1.596263,1
1772480658,571085216,-1.016273,-1.694639,2.090408,-0.765044,-1.364508,-1.526415,1,0.228094,0.595924,0.311127,1.504971,0.311127,1.490415,0.229120,0.600000,0.059892,0.220090,0.060762,0.305136,0.063999,0.304473,0.063999,0.220000,1,5.930999,0.068095,0.053428,0.220000,0.220000,0.600000,0.600000,0.311127,0.330000,1.580824,1
1772480658,621180318,-1.028618,-1.698582,2.119968,-0.752478,-1.366967,-1.496924,1,0.228536,0.604303,0.311127,1.490415,0.311127,1.462816,0.230869,1.470415,0.060822,0.220294,0.063999,0.304473,0.070003,0.303150,0.070003,0.220000,1,5.905209,0.071333,0.056666,0.220000,0.220000,0.600000,0.600000,0.311127,0.330000,1.551551,1
1772480658,646218704,-1.032850,-1.698716,2.135276,-0.750953,-1.372174,-1.482355,1,0.231410,0.579216,0.311127,1.462816,0.311127,1.449295,0.230707,0.600000,0.071695,0.220024,0.070003,0.303150,0.069469,0.303272,0.069469,0.220000,1,5.907601,0.077336,0.062669,0.220000,0.220000,0.600000,0.600000,0.311127,0.330000,1.537210,1
1772480658,696291093,-1.043596,-1.701722,2.165669,-0.740024,-1.374426,-1.451962,1,0.230279,0.596042,0.311127,1.449295,0.311127,1.420793,0.232759,1.429295,0.070062,0.219362,0.069469,0.303272,0.076005,0.301700,0.076005,0.220000,1,5.876982,0.076802,0.062135,0.220000,0.220000,0.600000,0.600000,0.311127,0.330000,1.506979,1
1772480658,721338632,-1.048823,-1.703697,2.180620,-0.734698,-1.375480,-1.437143,1,0.233600,0.586886,0.311127,1.420793,0.311127,1.406822,0.233829,0.600000,0.077533,0.220358,0.076005,0.301700,0.079223,0.300872,0.079223,0.220000,1,5.860838,0.083339,0.068672,0.220000,0.220000,0.600000,0.600000,0.311127,0.330000,1.492160,1
1772480658,746363144,-1.055229,-1.706049,2.195509,-0.730466,-1.380996,-1.423734,1,0.233531,0.591608,0.311127,1.406822,0.311127,1.394296,0.233400,0.600000,0.079570,0.219557,0.079223,0.300872,0.077945,0.301205,0.077945,0.220000,1,5.867333,0.086556,0.071889,0.220000,0.220000,0.600000,0.600000,0.311127,0.330000,1.478874,1
1772480658,771485254,-1.059898,-1.707208,2.210917,-0.725787,-1.382113,-1.408327,1,0.234069,0.596074,0.311127,1.394296,0.311127,1.379770,0.234546,0.600000,0.079606,0.220117,0.077945,0.301205,0.081312,0.300314,0.081312,0.220000,1,5.849969,0.085279,0.070612,0.220000,0.220000,0.600000,0.600000,0.311127,0.330000,1.463467,1
1772480658,821626323,-1.071311,-1.711406,2.240952,-0.713303,-1.382825,-1.378200,1,0.234997,0.584620,0.311127,1.379770,0.311127,1.351539,0.237188,1.359770,0.082203,0.220151,0.081312,0.300314,0.089043,0.298113,0.088645,0.220000,1,5.807101,0.088645,0.073979,0.220000,0.220000,0.600000,0.600000,0.311127,0.330000,1.433524,1
1772480658,846661624,-1.075498,-1.713649,2.257090,-0.704021,-1.374017,-1.361073,1,0.237238,0.578327,0.311127,1.351539,0.311127,1.335425,0.240184,0.600000,0.089544,0.219690,0.089043,0.298113,0.101649,0.294054,0.096376,0.220000,1,5.728025,0.096376,0.081709,0.220000,0.220000,0.600000,0.600000,0.311127,0.330000,1.416432,1
1772480658,896651571,-1.087642,-1.716883,2.287708,-0.691747,-1.376715,-1.330455,1,0.237249,0.591003,0.311127,1.335425,0.311127,1.306564,0.244895,1.315425,0.088509,0.220121,0.101649,0.294054,0.107580,0.291936,0.107580,0.220000,1,5.686769,0.108982,0.094315,0.220000,0.220000,0.600000,0.600000,0.311127,0.330000,1.385820,1
1772480658,921701225,-1.093146,-1.718253,2.302980,-0.686107,-1.378016,-1.315410,1,0.243654,0.565070,0.311127,1.306564,0.311127,1.292379,0.246201,0.600000,0.104888,0.219923,0.107580,0.291936,0.110522,0.290835,0.110522,0.220000,1,5.665325,0.114914,0.100247,0.220000,0.220000,0.600000,0.600000,0.311127,0.330000,1.370775,1
1772480658,946763204,-1.097086,-1.720372,2.319650,-0.680290,-1.377883,-1.301286,1,0.247325,0.557886,0.311127,1.292379,0.311127,1.279037,0.247990,0.600000,0.113030,0.219986,0.110522,0.290835,0.114450,0.289312,0.114450,0.220000,1,5.635651,0.117855,0.103188,0.220000,0.220000,0.600000,0.600000,0.311127,0.330000,1.356623,1
1772480658,971809317,-1.104314,-1.722486,2.334296,-0.672902,-1.379341,-1.286640,1,0.246339,0.606180,0.311127,1.279037,0.311127,1.265181,0.249189,0.600000,0.110948,0.219939,0.114450,0.289312,0.117027,0.288279,0.117027,0.220000,1,5.615535,0.121783,0.107117,0.220000,0.220000,0.600000,0.600000,0.311127,0.330000,1.341927,1
1772480659,21914497,-1.114159,-1.725147,2.365571,-0.663041,-1.381614,-1.255113,1,0.249077,0.593439,0.311127,1.265181,0.311127,1.235359,0.252342,1.245181,0.117855,0.219430,0.117027,0.288279,0.123597,0.285524,0.123597,0.220000,1,5.561866,0.124360,0.109694,0.220000,0.220000,0.600000,0.600000,0.311127,0.330000,1.310296,1
1772480659,46950826,-1.122200,-1.728288,2.380632,-0.655635,-1.383596,-1.237122,1,0.252906,0.601545,0.311127,1.235359,0.311127,1.218276,0.253845,0.600000,0.124470,0.220156,0.123597,0.285524,0.126639,0.284187,0.126639,0.220000,1,5.535836,0.130930,0.116264,0.220000,0.220000,0.600000,0.600000,0.311127,0.330000,1.292177,1
1772480659,97058349,-1.132993,-1.732767,2.411953,-0.643991,-1.384562,-1.205802,1,0.251939,0.602657,0.311127,1.218276,0.311127,1.188621,0.257582,1.198276,0.123711,0.219475,0.126639,0.284187,0.134099,0.280745,0.133973,0.220000,1,5.468773,0.133973,0.119306,0.220000,0.220000,0.600000,0.600000,0.311127,0.330000,1.260723,1
1772480659,122071818,-1.139419,-1.735620,2.427163,-0.636909,-1.384641,-1.190680,1,0.260121,0.560702,0.311127,1.188621,0.311127,1.174163,0.259662,0.600000,0.137984,0.220507,0.134099,0.280745,0.137929,0.278883,0.137929,0.220000,1,5.432501,0.141432,0.126765,0.220000,0.220000,0.600000,0.600000,0.311127,0.330000,1.245387,1
1772480659,147160942,-1.145470,-1.737128,2.442585,-0.630125,-1.382254,-1.176284,1,0.260132,0.604444,0.311127,1.174163,0.311127,1.160589,0.262735,0.600000,0.138871,0.219962,0.137929,0.278883,0.143631,0.275990,0.143631,0.220000,1,5.376145,0.145263,0.130596,0.220000,0.220000,0.600000,0.600000,0.311127,0.330000,1.230991,1
1772480659,172300821,-1.150951,-1.738587,2.458757,-0.624587,-1.383477,-1.160112,1,0.259512,0.599618,0.311127,1.160589,0.311127,1.145122,0.264480,0.600000,0.138094,0.219719,0.143631,0.275990,0.146798,0.274318,0.146798,0.220000,1,5.343581,0.150964,0.136297,0.220000,0.220000,0.600000,0.600000,0.311127,0.330000,1.214585,1
1772480659,222277604,-1.164027,-1.743676,2.488898,-0.610460,-1.385137,-1.130027,1,0.265086,0.587266,0.311127,1.145122,0.311127,1.116557,0.267960,1.125122,0.147927,0.219973,0.146798,0.274318,0.152978,0.270920,0.152978,0.220000,1,5.277392,0.154132,0.139465,0.220000,0.220000,0.600000,0.600000,0.311127,0.330000,1.184288,1
1772480659,247344930,-1.170912,-1.747136,2.504091,-0.600740,-1.387244,-1.115488,1,0.268047,0.600215,0.311127,1.116557,0.311127,1.102540,0.268968,0.600000,0.153823,0.219517,0.152978,0.270920,0.154738,0.269919,0.154738,0.220000,1,5.257893,0.160312,0.145645,0.220000,0.220000,0.600000,0.600000,0.311127,0.330000,1.169420,1
1772480659,272404080,-1.176808,-1.748198,2.520171,-0.595017,-1.389013,-1.099408,1,0.267479,0.610927,0.311127,1.102540,0.311127,1.087051,0.270487,0.600000,0.153089,0.219337,0.154738,0.269919,0.157363,0.268397,0.157363,0.220000,1,5.228242,0.162071,0.147404,0.220000,0.220000,0.600000,0.600000,0.311127,0.330000,1.152992,1
1772480659,322466132,-1.189054,-1.754198,2.551058,-0.581140,-1.389076,-1.068426,1,0.270924,0.589948,0.311127,1.087051,0.311127,1.057569,0.274818,1.067051,0.158495,0.219726,0.157363,0.268397,0.164954,0.263800,0.164696,0.220000,1,5.138693,0.164696,0.150030,0.220000,0.220000,0.600000,0.600000,0.311127,0.330000,1.121722,1
1772480659,347537609,-1.195742,-1.757472,2.565906,-0.570814,-1.386360,-1.052450,1,0.274831,0.602028,0.311127,1.057569,0.311127,1.042086,0.278559,0.600000,0.165655,0.219296,0.164954,0.263800,0.170866,0.260009,0.170866,0.220000,1,5.064856,0.172287,0.157620,0.220000,0.220000,0.600000,0.600000,0.311127,0.330000,1.105299,1
1772480659,372571780,-1.201489,-1.758318,2.581388,-0.565320,-1.388246,-1.036968,1,0.275147,0.592704,0.311127,1.042086,0.311127,1.027042,0.279974,0.600000,0.165835,0.219556,0.170866,0.260009,0.173163,0.258485,0.173163,0.220000,1,5.035174,0.178199,0.163533,0.220000,0.220000,0.600000,0.600000,0.311127,0.330000,1.089343,1
1772480659,422652136,-1.214090,-1.765716,2.612053,-0.550898,-1.387629,-1.006413,1,0.280968,0.605571,0.311127,1.027042,0.311127,0.997361,0.284568,1.007042,0.174652,0.220090,0.173163,0.258485,0.180872,0.253151,0.180496,0.220000,1,4.931254,0.180496,0.165829,0.220000,0.220000,0.600000,0.600000,0.311127,0.330000,1.057861,1
1772480659,447699233,-1.222280,-1.767099,2.627097,-0.545135,-1.392362,-0.992768,1,0.284970,0.603347,0.311127,0.997361,0.311127,0.984496,0.284540,0.600000,0.181461,0.219727,0.180872,0.253151,0.180452,0.253451,0.180452,0.220000,1,4.937097,0.188206,0.173539,0.220000,0.220000,0.600000,0.600000,0.311127,0.330000,1.044216,1
1772480659,472751557,-1.229507,-1.771582,2.642226,-0.536655,-1.391709,-0.977638,1,0.285386,0.602624,0.311127,0.984496,0.311127,0.969653,0.287080,0.600000,0.181748,0.220029,0.180452,0.253451,0.184431,0.250570,0.184431,0.220000,1,4.880979,0.187785,0.173118,0.220000,0.220000,0.600000,0.600000,0.311127,0.330000,1.028473,1
1772480659,522862268,-1.242719,-1.778038,2.672718,-0.521896,-1.392080,-0.947144,1,0.288243,0.593118,0.311127,0.969653,0.311127,0.939844,0.291442,0.949653,0.186562,0.219724,0.184431,0.250570,0.191151,0.245482,0.191151,0.220000,1,4.781874,0.191764,0.177098,0.220000,0.220000,0.600000,0.600000,0.311127,0.330000,0.996855,1
1772480659,547880381,-1.249603,-1.781375,2.687210,-0.513540,-1.392541,-0.932627,1,0.291986,0.617365,0.311127,0.939844,0.311127,0.926157,0.293348,0.600000,0.192063,0.219926,0.191151,0.245482,0.194045,0.243201,0.194045,0.220000,1,4.737439,0.198484,0.183817,0.220000,0.220000,0.600000,0.600000,0.311127,0.330000,0.982338,1
1772480659,572928781,-1.256861,-1.785657,2.702415,-0.505126,-1.392080,-0.917422,1,0.294063,0.608810,0.311127,0.926157,0.311127,0.911116,0.295814,0.600000,0.194938,0.220164,0.194045,0.243201,0.197752,0.240196,0.197752,0.220000,1,4.678897,0.201378,0.186711,0.220000,0.220000,0.600000,0.600000,0.311127,0.330000,0.966385,1
1772480659,622997775,-1.269384,-1.789552,2.733475,-0.492063,-1.394594,-0.886268,1,0.293587,0.607646,0.311127,0.911116,0.311127,0.880476,0.299274,0.891116,0.194213,0.220169,0.197752,0.240196,0.202892,0.235870,0.202892,0.220000,1,4.594643,0.205086,0.190419,0.220000,0.220000,0.600000,0.600000,0.311127,0.330000,0.933886,1
1772480659,648132825,-1.274645,-1.791435,2.748464,-0.484582,-1.397994,-0.870076,1,0.296486,0.625679,0.311127,0.880476,0.311127,0.865210,0.300039,0.600000,0.198211,0.220491,0.202892,0.235870,0.204018,0.234897,0.204018,0.220000,1,4.575682,0.210225,0.195559,0.220000,0.220000,0.600000,0.600000,0.311127,0.330000,0.917694,1
1772480659,673054696,-1.281386,-1.794116,2.763968,-0.477362,-1.398707,-0.854572,1,0.300107,0.576212,0.311127,0.865210,0.311127,0.849753,0.302002,0.600000,0.204889,0.219281,0.204018,0.234897,0.206894,0.232368,0.206894,0.220000,1,4.526425,0.211351,0.196685,0.220000,0.220000,0.600000,0.600000,0.311127,0.330000,0.901299,1
1772480659,723161165,-1.296050,-1.802233,2.793662,-0.460466,-1.398101,-0.824825,1,0.298126,0.597870,0.311127,0.849753,0.311127,0.820216,0.306630,0.829753,0.203778,0.217609,0.206894,0.232368,0.213592,0.226226,0.213592,0.220000,1,4.406781,0.214227,0.199560,0.220000,0.220000,0.600000,0.600000,0.311127,0.330000,0.869971,1
1772480659,748202829,-1.302423,-1.805655,2.807809,-0.451411,-1.396375,-0.810014,1,0.295533,0.590311,0.311127,0.820216,0.311127,0.805265,0.309581,0.600000,0.203913,0.213914,0.213592,0.226226,0.217808,0.222171,0.217808,0.220000,1,4.327780,0.220000,0.206259,0.220000,0.218893,0.600000,0.600000,0.311127,0.330000,0.854113,1
1772480659,773249146,-1.308102,-1.809500,2.822637,-0.444601,-1.395562,-0.795186,1,0.300259,0.553274,0.311127,0.805265,0.311127,0.790287,0.310121,0.600000,0.212245,0.212386,0.217808,0.222171,0.221416,0.218575,0.220000,0.218575,1,4.257736,0.220000,0.210474,0.220000,0.214837,0.600000,0.600000,0.311127,0.330000,0.838226,1
1772480659,823377254,-1.321135,-1.815762,2.850842,-0.430054,-1.396092,-0.766895,1,0.300291,0.577115,0.311127,0.790287,0.311127,0.762796,0.306233,0.770287,0.212467,0.212208,0.221416,0.218575,0.226763,0.213022,0.220000,0.213022,1,4.149568,0.220000,0.214083,0.220000,0.211242,0.600000,0.600000,0.311127,0.330000,0.809067,1
1772480659,848337477,-1.326331,-1.819348,2.865472,-0.422553,-1.396894,-0.751102,1,0.298963,0.587345,0.311127,0.762796,0.311127,0.746843,0.304272,0.600000,0.212886,0.209902,0.226763,0.213022,0.229388,0.210193,0.220000,0.210193,1,4.094464,0.220000,0.219430,0.220000,0.205689,0.600000,0.600000,0.311127,0.330000,0.792147,1
1772480659,873380659,-1.332654,-1.823061,2.880175,-0.415232,-1.396482,-0.736399,1,0.301092,0.554914,0.311127,0.746843,0.311127,0.731770,0.301884,0.600000,0.218528,0.207127,0.229388,0.210193,0.232521,0.206722,0.220000,0.206722,1,4.026856,0.220000,0.220000,0.217527,0.202860,0.600000,0.600000,0.311127,0.330000,0.776160,1
1772480659,923471260,-1.343812,-1.828965,2.909876,-0.402455,-1.396395,-0.706421,1,0.298584,0.575345,0.311127,0.731770,0.311127,0.702445,0.297299,0.711770,0.217704,0.204347,0.232521,0.206722,0.238355,0.199967,0.220000,0.199967,1,3.895258,0.220000,0.220000,0.214056,0.199389,0.600000,0.600000,0.311127,0.330000,0.745056,1
1772480659,948532930,-1.350033,-1.830497,2.924857,-0.394199,-1.398661,-0.687791,1,0.296517,0.584302,0.311127,0.702445,0.311127,0.683838,0.295567,0.600000,0.217955,0.201042,0.238355,0.199967,0.240499,0.197383,0.220000,0.197383,1,3.844928,0.220000,0.220000,0.207300,0.192633,0.600000,0.600000,0.311127,0.330000,0.725320,1
1772480659,998650891,-1.361827,-1.837344,2.954877,-0.380582,-1.397912,-0.657772,1,0.299007,0.589238,0.311127,0.683838,0.311127,0.654140,0.290721,0.663838,0.221267,0.201112,0.240499,0.197383,0.246452,0.189899,0.220000,0.190050,1,3.699136,0.220000,0.220000,0.204716,0.190050,0.600000,0.600000,0.311127,0.330000,0.693820,1
1772480660,23605087,-1.368636,-1.841866,2.970203,-0.372568,-1.397101,-0.642591,1,0.297026,0.608148,0.311127,0.654140,0.311127,0.638384,0.287922,0.600000,0.220931,0.198529,0.246452,0.189899,0.249602,0.185739,0.220000,0.185739,1,3.618112,0.220000,0.220000,0.197232,0.182565,0.600000,0.600000,0.311127,0.330000,0.677109,1
1772480660,48618445,-1.373727,-1.844766,2.985708,-0.368172,-1.398608,-0.629105,1,0.294433,0.629498,0.311127,0.638384,0.311127,0.625669,0.286562,0.600000,0.222071,0.193326,0.249602,0.185739,0.251162,0.183624,0.220000,0.183624,1,3.576902,0.220000,0.220000,0.193073,0.178406,0.600000,0.600000,0.311127,0.330000,0.663623,1
1772480660,98781034,-1.385357,-1.851679,3.015285,-0.354670,-1.397755,-0.599528,1,0.285610,0.559219,0.311127,0.625669,0.311127,0.595226,0.281919,0.605669,0.220028,0.182101,0.251162,0.183624,0.256695,0.175806,0.220000,0.176290,1,3.424610,0.220000,0.220000,0.190957,0.176290,0.600000,0.600000,0.311127,0.330000,0.631332,1
1772480660,123781065,-1.390907,-1.855336,3.030798,-0.348014,-1.397150,-0.583989,1,0.286728,0.599146,0.311127,0.595226,0.311127,0.578889,0.278942,0.578889,0.220510,0.183270,0.256695,0.175806,0.259598,0.171490,0.220000,0.171490,1,3.340537,0.220000,0.220000,0.183139,0.168472,0.600000,0.575226,0.311127,0.330000,0.614004,1
1772480660,148847327,-1.397164,-1.859539,3.046013,-0.339853,-1.397893,-0.568415,1,0.281509,0.602887,0.311127,0.578889,0.311127,0.564206,0.276942,0.564206,0.220233,0.175343,0.259598,0.171490,0.261731,0.168217,0.220000,0.168217,1,3.276788,0.220000,0.220000,0.178823,0.164156,0.598889,0.558889,0.311127,0.330000,0.598430,1
1772480660,173879344,-1.401744,-1.863563,3.061667,-0.333942,-1.396396,-0.552761,1,0.277683,0.568150,0.311127,0.564206,0.311127,0.547754,0.273828,0.547754,0.220079,0.169332,0.261731,0.168217,0.264988,0.163039,0.220000,0.163039,1,3.175915,0.220000,0.220000,0.175550,0.160884,0.584206,0.544206,0.311127,0.330000,0.580981,1
1772480660,223917240,-1.414127,-1.871128,3.091194,-0.319403,-1.395208,-0.523223,1,0.277345,0.571481,0.311127,0.547754,0.311127,0.518397,0.269526,0.527754,0.220664,0.168010,0.264988,0.163039,0.270054,0.154502,0.220000,0.155705,1,3.009621,0.220000,0.220000,0.170372,0.155705,0.567754,0.527754,0.311127,0.330000,0.549843,1
1772480660,248978847,-1.419757,-1.875626,3.105824,-0.311346,-1.392434,-0.508437,1,0.273564,0.553167,0.311127,0.518397,0.311127,0.502855,0.265356,0.502855,0.220272,0.162226,0.270054,0.154502,0.273471,0.148370,0.220000,0.148370,1,2.890172,0.220000,0.220000,0.161835,0.147168,0.538397,0.498397,0.311127,0.330000,0.533358,1
1772480660,274024894,-1.426357,-1.880408,3.118882,-0.303293,-1.391180,-0.495378,1,0.267623,0.515803,0.311127,0.502855,0.311127,0.488512,0.262884,0.488512,0.219352,0.153320,0.273471,0.148370,0.275848,0.143903,0.220000,0.143903,1,2.803166,0.220000,0.220000,0.155703,0.141036,0.522855,0.482855,0.311127,0.330000,0.518145,1
1772480660,324047253,-1.438083,-1.888497,-3.136747,-0.289048,-1.389270,-0.467966,1,0.264911,0.529113,0.311127,0.488512,0.311127,0.458663,0.258943,0.468512,0.219933,0.147673,0.275848,0.143903,0.280345,0.134932,0.220000,0.136570,1,2.628405,0.220000,0.220000,0.151237,0.136570,0.508512,0.468512,0.311127,0.330000,0.486486,1
1772480660,349108556,-1.441713,-1.891855,-3.123779,-0.282487,-1.387246,-0.457139,1,0.262938,0.492417,0.311127,0.458663,0.311127,0.448455,0.255674,0.448455,0.220416,0.143364,0.280345,0.134932,0.282543,0.130266,0.220000,0.130266,1,2.537529,0.220000,0.220000,0.142265,0.127598,0.478663,0.438663,0.311127,0.330000,0.475659,1
1772480660,374149394,-1.449068,-1.895549,-3.110136,-0.274257,-1.387324,-0.443496,1,0.259044,0.485661,0.311127,0.448455,0.311127,0.433607,0.253823,0.433607,0.220354,0.136191,0.282543,0.130266,0.284207,0.126595,0.220000,0.126595,1,2.466006,0.220000,0.220000,0.137600,0.122933,0.468455,0.428455,0.311127,0.330000,0.459909,1
1772480660,424154505,-1.460031,-1.903838,-3.086160,-0.260691,-1.384641,-0.419511,1,0.255520,0.445818,0.311127,0.433607,0.311127,0.406204,0.250246,0.413607,0.220252,0.129537,0.284207,0.126595,0.288050,0.117590,0.220000,0.119261,1,2.290592,0.220000,0.220000,0.133928,0.119261,0.453607,0.413607,0.311127,0.330000,0.430844,1
1772480660,449224572,-1.466112,-1.908610,-3.075512,-0.252685,-1.378101,-0.408737,1,0.253866,0.439875,0.311127,0.406204,0.311127,0.396045,0.246082,0.396045,0.220455,0.125889,0.288050,0.117590,0.291481,0.108806,0.220000,0.110256,1,2.119485,0.220000,0.220000,0.124923,0.110256,0.426204,0.386204,0.311127,0.330000,0.420070,1
1772480660,474279024,-1.471119,-1.910884,-3.064286,-0.247193,-1.378367,-0.397511,1,0.250120,0.409969,0.311127,0.396045,0.311127,0.382851,0.244125,0.382851,0.220333,0.118377,0.291481,0.108806,0.292580,0.105816,0.220000,0.105816,1,2.061239,0.220000,0.220000,0.116139,0.101472,0.416045,0.376045,0.311127,0.330000,0.406075,1
1772480660,524301765,-1.482947,-1.918682,-3.042974,-0.233059,-1.377257,-0.376219,1,0.247567,0.405850,0.311127,0.382851,0.311127,0.360270,0.241115,0.362851,0.221058,0.111458,0.292580,0.105816,0.295065,0.098674,0.220000,0.098674,1,1.922121,0.220000,0.220000,0.113149,0.098482,0.402851,0.362851,0.311127,0.330000,0.382124,1
1772480660,549252143,-1.488345,-1.922938,-3.032468,-0.225515,-1.382777,-0.366049,1,0.245302,0.382438,0.311127,0.360270,0.311127,0.348024,0.241929,0.348024,0.221535,0.105333,0.295065,0.098674,0.294398,0.100647,0.220000,0.100647,1,1.960558,0.220000,0.220000,0.106007,0.091341,0.380270,0.340270,0.311127,0.330000,0.369136,1
1772480660,574298606,-1.492843,-1.926548,-3.022726,-0.219864,-1.381624,-0.356307,1,0.241579,0.367919,0.311127,0.348024,0.311127,0.336021,0.240338,0.336021,0.220650,0.098356,0.294398,0.100647,0.295699,0.096758,0.220000,0.096758,1,1.884803,0.220000,0.220000,0.107980,0.093314,0.368024,0.328024,0.311127,0.330000,0.356404,1
1772480660,624299496,-1.504070,-1.934167,-3.003721,-0.206711,-1.380252,-0.337441,1,0.242553,0.328101,0.311127,0.336021,0.311127,0.315136,0.237670,0.316021,0.220873,0.100235,0.295699,0.096758,0.297847,0.089927,0.220000,0.089927,1,1.751740,0.220000,0.220000,0.104091,0.089425,0.356021,0.316021,0.311127,0.330000,0.334252,1
1772480660,649293785,-1.510579,-1.938149,-2.995322,-0.204887,-1.384589,-0.331591,1,0.240792,0.343022,0.311127,0.315136,0.311127,0.309621,0.238499,0.309621,0.220501,0.096750,0.297847,0.089927,0.297184,0.092097,0.220000,0.092097,1,1.794013,0.220000,0.220000,0.097261,0.082594,0.335136,0.295136,0.311127,0.330000,0.328402,1
1772480660,674362432,-1.519474,-1.944956,-2.987143,-0.193858,-1.382636,-0.323412,1,0.237815,0.326553,0.311127,0.309621,0.311127,0.298418,0.236893,0.298418,0.220500,0.089082,0.297184,0.092097,0.298465,0.087855,0.220000,0.087855,1,1.711365,0.220000,0.220000,0.099431,0.084764,0.329621,0.289621,0.311127,0.330000,0.316520,1
1772480660,724335616,-1.533037,-1.956511,-2.971737,-0.176657,-1.378303,-0.308023,1,0.238310,0.322305,0.311127,0.298418,0.311127,0.276703,0.234273,0.278418,0.220238,0.091033,0.298465,0.087855,0.300891,0.079148,0.220000,0.080521,1,1.541764,0.220000,0.220000,0.095188,0.080521,0.318418,0.278418,0.311127,0.330000,0.293488,1
1772480660,749394344,-1.539686,-1.959522,-2.964500,-0.172556,-1.372425,-0.301132,1,0.236279,0.300682,0.311127,0.276703,0.311127,0.266353,0.231425,0.266353,0.219605,0.087187,0.300891,0.079148,0.302768,0.071636,0.220000,0.071815,1,1.395431,0.220000,0.220000,0.086481,0.071815,0.296703,0.256703,0.311127,0.330000,0.282510,1
1772480660,774397506,-1.544924,-1.962188,-2.956642,-0.166679,-1.372468,-0.293274,1,0.234012,0.282482,0.311127,0.266353,0.311127,0.258944,0.230628,0.258944,0.219938,0.079933,0.302768,0.071636,0.303333,0.069205,0.220000,0.069205,1,1.348077,0.220000,0.220000,0.078969,0.064302,0.286353,0.246353,0.311127,0.330000,0.274651,1
1772480660,824439323,-1.554017,-1.967944,-2.941724,-0.155924,-1.371540,-0.278176,1,0.232199,0.258159,0.311127,0.258944,0.311127,0.240591,0.228999,0.240591,0.220399,0.073079,0.303333,0.069205,0.304564,0.063567,0.220000,0.063567,1,1.238250,0.220000,0.220000,0.076538,0.061871,0.278944,0.238944,0.311127,0.330000,0.255185,1
1772480660,849400965,-1.558930,-1.971893,-2.934764,-0.149021,-1.370220,-0.267165,1,0.230669,0.262240,0.311127,0.240591,0.311127,0.225803,0.227731,0.225803,0.220279,0.068451,0.304564,0.063567,0.305513,0.058835,0.220000,0.058835,1,1.146078,0.220000,0.220000,0.070900,0.056233,0.260591,0.220591,0.311127,0.330000,0.239500,1
1772480660,874478049,-1.564281,-1.976224,-2.926945,-0.142283,-1.368810,-0.259346,1,0.228766,0.238703,0.311127,0.225803,0.311127,0.213706,0.226763,0.213706,0.219815,0.063367,0.305513,0.058835,0.306233,0.054970,0.220000,0.054970,1,1.070781,0.220000,0.220000,0.066168,0.051502,0.245803,0.205803,0.311127,0.330000,0.226669,1
1772480660,924442187,-1.575624,-1.983110,-2.913737,-0.128985,-1.367675,-0.245981,1,0.227635,0.233781,0.311127,0.213706,0.311127,0.196032,0.225482,0.196032,0.220091,0.058115,0.306233,0.054970,0.307177,0.049419,0.220000,0.049419,1,0.962652,0.220000,0.220000,0.062303,0.047636,0.233706,0.193706,0.311127,0.330000,0.207924,1
1772480660,949437310,-1.580446,-1.985843,-2.909312,-0.121929,-1.362841,-0.237673,1,0.226397,0.210685,0.311127,0.196032,0.311127,0.182744,0.223993,0.182744,0.219821,0.054170,0.307177,0.049419,0.308265,0.042107,0.220000,0.042107,1,0.820215,0.220000,0.220000,0.056752,0.042085,0.216032,0.176032,0.311127,0.330000,0.193829,1
1772480660,974469036,-1.585685,-1.988792,-2.902982,-0.115923,-1.362584,-0.231344,1,0.225584,0.214346,0.311127,0.182744,0.311127,0.176776,0.223551,0.176776,0.220169,0.049128,0.308265,0.042107,0.308586,0.039684,0.220000,0.039684,1,0.773030,0.220000,0.220000,0.049440,0.034773,0.202744,0.162744,0.311127,0.330000,0.187499,1
1772480661,24480807,-1.595321,-1.995370,-2.892634,-0.104363,-1.360863,-0.220949,1,0.224064,0.182883,0.311127,0.176776,0.311127,0.161099,0.222668,0.161099,0.220155,0.041670,0.308586,0.039684,0.309223,0.034364,0.220000,0.034364,1,0.669392,0.220000,0.220000,0.047018,0.032351,0.196776,0.156776,0.311127,0.330000,0.170871,1
1772480661,49563493,-1.601430,-1.997929,-2.887572,-0.098036,-1.355290,-0.214598,1,0.223501,0.183566,0.311127,0.161099,0.311127,0.148769,0.221654,0.148769,0.220050,0.039127,0.309223,0.034364,0.309966,0.026849,0.220000,0.027031,1,0.523015,0.220000,0.220000,0.041697,0.027031,0.181099,0.141099,0.311127,0.330000,0.157793,1
1772480661,74474332,-1.605106,-2.000819,-2.882443,-0.093451,-1.354372,-0.209469,1,0.222804,0.171151,0.311127,0.148769,0.311127,0.137078,0.221323,0.137078,0.220247,0.033657,0.309966,0.026849,0.310187,0.024164,0.220000,0.024164,1,0.470698,0.220000,0.220000,0.034183,0.019516,0.168769,0.128769,0.311127,0.330000,0.145393,1
1772480661,124465215,-1.616427,-2.005665,-2.874176,-0.081194,-1.355227,-0.201255,1,0.222171,0.143950,0.311127,0.137078,0.311127,0.121909,0.221068,0.121909,0.220650,0.025952,0.310187,0.024164,0.310369,0.021704,0.220000,0.021704,1,0.422787,0.220000,0.220000,0.031497,0.016830,0.157078,0.117078,0.311127,0.330000,0.129304,1
1772480661,149458684,-1.620341,-2.007555,-2.869452,-0.077986,-1.357679,-0.198390,1,0.221046,0.151969,0.311127,0.121909,0.311127,0.119208,0.221190,0.119208,0.219799,0.023454,0.310369,0.021704,0.310282,0.022915,0.220000,0.022915,1,0.446374,0.220000,0.220000,0.029037,0.014371,0.141909,0.101909,0.311127,0.330000,0.126440,1
1772480661,174484153,-1.626045,-2.009786,-2.865644,-0.071890,-1.358277,-0.194582,1,0.220706,0.114573,0.311127,0.119208,0.311127,0.107563,0.221086,0.107563,0.219710,0.020942,0.310282,0.022915,0.310356,0.021885,0.220000,0.021885,1,0.426308,0.220000,0.220000,0.030248,0.015582,0.139208,0.099208,0.311127,0.330000,0.114088,1
1772480661,224464376,-1.636361,-2.014581,-2.858808,-0.060513,-1.358640,-0.187711,1,0.220816,0.121854,0.311127,0.107563,0.311127,0.092329,0.220840,0.092329,0.219687,0.022301,0.310356,0.021885,0.310531,0.019242,0.220000,0.019242,1,0.374832,0.220000,0.220000,0.029218,0.014552,0.127563,0.087563,0.311127,0.330000,0.097929,1
1772480661,249532489,-1.641825,-2.017235,-2.855605,-0.054082,-1.356965,-0.182912,1,0.220986,0.115346,0.311127,0.092329,0.311127,0.078268,0.220556,0.078268,0.219904,0.021843,0.310531,0.019242,0.310733,0.015658,0.220000,0.015658,1,0.305002,0.220000,0.220000,0.026576,0.011909,0.112329,0.072329,0.311127,0.330000,0.083016,1
1772480661,274510289,-1.647032,-2.018827,-2.853470,-0.048718,-1.357897,-0.180777,1,0.220883,0.085242,0.311127,0.078268,0.311127,0.076255,0.220538,0.076255,0.220106,0.018507,0.310733,0.015658,0.310746,0.015391,0.220000,0.015391,1,0.299812,0.220000,0.220000,0.022991,0.008324,0.098268,0.058268,0.311127,0.330000,0.080881,1
1772480661,324596892,-1.657549,-2.023781,-2.849001,-0.037125,-1.358204,-0.176263,1,0.220619,0.088490,0.311127,0.076255,0.311127,0.061261,0.220393,0.061261,0.220090,0.015256,0.310746,0.015391,0.310848,0.013163,0.220000,0.013163,1,0.256414,0.220000,0.220000,0.022724,0.008058,0.096255,0.056255,0.311127,0.330000,0.064977,1
1772480661,349612599,-1.663337,-2.025609,-2.846934,-0.032401,-1.357974,-0.172180,1,0.220277,0.067275,0.311127,0.061261,0.311127,0.044959,0.220284,0.044959,0.219940,0.012173,0.310848,0.013163,0.310926,0.011175,0.220000,0.011175,1,0.217693,0.220000,0.220000,0.020497,0.005830,0.081261,0.041261,0.311127,0.330000,0.047686,1
1772480661,374627854,-1.667401,-2.029098,-2.845401,-0.027202,-1.356687,-0.170647,1,0.220648,0.059561,0.311127,0.044959,0.311127,0.043514,0.220181,0.043514,0.220296,0.012458,0.310926,0.011175,0.310999,0.008921,0.220000,0.008921,1,0.173771,0.220000,0.220000,0.018509,0.003842,0.064959,0.024959,0.311127,0.330000,0.046153,1
1772480661,424735062,-1.678424,-2.032436,-2.842758,-0.015856,-1.358668,-0.168003,1,0.220959,0.055334,0.311127,0.043514,0.311127,0.013237,0.220167,0.023514,0.220688,0.010926,0.310999,0.008921,0.311009,0.008566,0.220000,0.008566,1,0.166857,0.220000,0.220000,0.016254,0.001587,0.063514,0.023514,0.311127,0.330000,0.014040,1
1772480661,449775863,-1.683688,-2.033728,-2.841333,-0.010548,-1.359929,-0.166525,1,0.220475,0.021690,0.311127,0.013237,0.311127,0.011843,0.220166,0.011843,0.220337,0.007801,0.311009,0.008566,0.311009,0.008555,0.220000,0.008555,1,0.166639,0.220000,0.220000,0.015899,0.001232,0.033237,-0.006763,0.311127,0.330000,0.012561,1
1772480661,474775706,-1.689223,-2.036587,-2.840017,-0.003208,-1.361897,-0.162820,1,0.220639,0.038307,0.311127,0.011843,0.311127,-0.009197,0.220152,-0.008157,0.220484,0.008272,0.311009,0.008555,0.311019,0.008179,0.220000,0.008179,1,0.159328,0.220000,0.220000,0.015888,0.001221,0.031843,-0.008157,0.311127,0.330000,-0.009755,1
1772480661,524796237,-1.699336,-2.040312,-2.838153,0.007502,-1.363096,-0.160955,1,0.220180,0.013992,0.311127,-0.009197,0.311127,-0.030894,0.220111,-0.029197,0.220019,0.008410,0.311019,0.008179,0.311048,0.006996,0.220000,0.006996,1,0.136281,0.220000,0.220000,0.015513,0.000846,0.010803,-0.029197,0.311127,0.330000,-0.032768,1
1772480661,549907157,-1.703918,-2.041642,-2.839199,0.012195,-1.363959,-0.162001,1,0.220222,-0.018111,0.311127,-0.030894,0.311127,-0.029908,0.220122,-0.029908,0.220130,0.006349,0.311048,0.006996,0.311041,0.007315,0.220000,0.007315,1,0.142498,0.220000,0.220000,0.014329,-0.000337,-0.010894,-0.050894,0.311127,0.330000,-0.031722,1
1772480661,574919334,-1.709298,-2.043014,-2.838613,0.017554,-1.365202,-0.161433,1,0.220478,-0.018672,0.311127,-0.029908,0.311127,-0.053064,0.220120,-0.049908,0.220378,0.006658,0.311041,0.007315,0.311042,0.007270,0.220000,0.007270,1,0.141619,0.220000,0.220000,0.014649,-0.000018,-0.009908,-0.049908,0.311127,0.330000,-0.056283,1
1772480661,624938587,-1.719981,-2.047747,-2.840737,0.026637,-1.368149,-0.164228,1,0.220448,-0.025400,0.311127,-0.053064,0.311127,-0.076954,0.220184,-0.073064,0.220330,0.007224,0.311042,0.007270,0.310997,0.009002,0.220000,0.009002,1,0.175352,0.220000,0.220000,0.014604,-0.000063,-0.033064,-0.073064,0.311127,0.330000,-0.081622,1
1772480661,649999548,-1.724283,-2.049473,-2.842255,0.031257,-1.368536,-0.165745,1,0.220840,-0.060058,0.311127,-0.076954,0.311127,-0.075523,0.220177,-0.075523,0.220648,0.009207,0.310997,0.009002,0.311002,0.008828,0.220000,0.008828,1,0.171964,0.220000,0.220000,0.016335,0.001669,-0.056954,-0.096954,0.311127,0.330000,-0.080104,1
1772480661,675024784,-1.729962,-2.051747,-2.843522,0.037352,-1.369050,-0.167013,1,0.220360,-0.073678,0.311127,-0.075523,0.311127,-0.106921,0.220153,-0.095523,0.220193,0.008574,0.311002,0.008828,0.311019,0.008210,0.220000,0.008210,1,0.159921,0.220000,0.220000,0.016161,0.001495,-0.055523,-0.095523,0.311127,0.330000,-0.113407,1
1772480661,725021745,-1.740531,-2.056146,-2.848712,0.048772,-1.369859,-0.172202,1,0.220042,-0.086118,0.311127,-0.106921,0.311127,-0.142109,0.220127,-0.126921,0.219879,0.008466,0.311019,0.008210,0.311037,0.007480,0.220000,0.007480,1,0.145701,0.220000,0.220000,0.015543,0.000876,-0.086921,-0.126921,0.311127,0.330000,-0.150729,1
1772480661,750058695,-1.745929,-2.057178,-2.851044,0.053999,-1.371266,-0.174391,1,0.219784,-0.123141,0.311127,-0.142109,0.311127,-0.188607,0.220139,-0.162109,0.219667,0.007181,0.311037,0.007480,0.311029,0.007815,0.220000,0.007815,1,0.152236,0.220000,0.220000,0.014813,0.000146,-0.122109,-0.162109,0.311127,0.330000,-0.200048,1
1772480661,775083871,-1.752064,-2.058546,-2.853678,0.057846,-1.369408,-0.171755,1,0.220328,-0.108670,0.311127,-0.188607,0.311127,-0.191093,0.220038,-0.191093,0.220175,0.008189,0.311029,0.007815,0.311100,0.004065,0.220000,0.004065,1,0.079184,0.220000,0.220000,0.015148,0.000482,-0.168607,-0.208607,0.311127,0.330000,-0.202685,1
1772480661,825114942,-1.761473,-2.062129,-2.860282,0.067868,-1.370372,-0.178359,1,0.220248,-0.132638,0.311127,-0.191093,0.311127,-0.247516,0.220025,-0.211093,0.220090,0.008326,0.311100,0.004065,0.311109,0.003305,0.220000,0.003305,1,0.064380,0.220000,0.220000,0.011398,-0.003268,-0.171093,-0.211093,0.311127,0.330000,-0.262530,1
1772480661,850156962,-1.767537,-2.064738,-2.863526,0.074460,-1.370724,-0.181603,1,0.220091,-0.162707,0.311127,-0.247516,0.311127,-0.327400,0.220007,-0.267516,0.220062,0.003584,0.311109,0.003305,0.311122,0.001766,0.220000,0.001766,1,0.034399,0.220000,0.220000,0.010638,-0.004028,-0.227516,-0.267516,0.311127,0.330000,-0.347260,1
1772480661,875180323,-1.773053,-2.065886,-2.867378,0.079913,-1.372142,-0.185455,1,0.220008,-0.175644,0.311127,-0.327400,0.311127,-0.437535,0.220006,-0.347400,0.219980,0.003470,0.311122,0.001766,0.311123,0.001617,0.220000,0.001617,1,0.031496,0.220000,0.220000,0.009099,-0.005567,-0.307400,-0.347400,0.311127,0.330000,-0.464076,1
1772480661,925212020,-1.782323,-2.069414,-2.876808,0.089786,-1.373092,-0.194886,1,0.220072,-0.190480,0.311127,-0.437535,0.311127,-0.586014,0.220001,-0.457535,0.220062,0.002154,0.311123,0.001617,0.311127,-0.000476,0.220000,-0.000476,1,-0.009274,0.220000,0.220000,0.008950,-0.005716,-0.417535,-0.457535,0.311127,0.330000,-0.621561,1
1772480661,950220311,-1.787513,-2.071059,-2.881525,0.095134,-1.373855,-0.199573,1,0.219705,-0.242671,0.311127,-0.586014,0.311127,-0.581594,0.220011,-0.581594,0.219703,-0.001058,0.311127,-0.000476,0.311119,-0.002221,0.220000,-0.002221,1,-0.043258,0.220000,0.220000,0.006857,-0.007809,-0.566014,-0.600000,0.311127,0.330000,-0.616874,1
1772480661,975227555,-1.793685,-2.073761,-2.886399,0.100852,-1.372137,-0.203553,1,0.219866,-0.234168,0.311127,-0.581594,0.311127,-0.787069,0.220130,-0.600000,0.219866,0.000000,0.311119,-0.002221,0.311035,-0.007550,0.220000,-0.007550,1,-0.147070,0.220000,0.220000,0.005113,-0.009554,-0.561594,-0.600000,0.311127,0.330000,-0.834813,1
1772480662,25277049,-1.804897,-2.076086,-2.897435,0.111935,-1.375018,-0.214589,1,0.220718,-0.291921,0.311127,-0.787069,0.311127,-0.900953,0.220430,-0.600000,0.220531,-0.009079,0.311035,-0.007550,0.310823,-0.013761,0.220000,-0.013761,1,-0.269912,0.220000,0.220000,-0.000217,-0.014883,-0.600000,-0.600000,0.311127,0.330000,-0.949019,1
1772480662,50287327,-1.808861,-2.077439,-2.904202,0.116088,-1.375560,-0.221356,1,0.222249,-0.320860,0.311127,-0.900953,0.311127,-0.906009,0.220337,-0.600000,0.221669,-0.016038,0.310823,-0.013761,0.310889,-0.012175,0.220000,-0.012175,1,-0.241868,0.220000,0.220000,-0.006427,-0.021094,-0.600000,-0.600000,0.311127,0.330000,-0.942252,1
1772480662,75306265,-1.814065,-2.078629,-2.909071,0.121280,-1.376797,-0.226225,1,0.220442,-0.304273,0.311127,-0.906009,0.311127,-0.916441,0.220265,-0.600000,0.219972,-0.014386,0.310889,-0.012175,0.310939,-0.010800,0.220000,-0.010800,1,-0.218155,0.220000,0.220000,-0.004841,-0.019508,-0.600000,-0.600000,0.311127,0.330000,-0.937383,1
1772480662,125327882,-1.825347,-2.080395,-2.923332,0.132178,-1.380209,-0.240486,1,0.219923,-0.315221,0.311127,-0.916441,0.311127,-0.936056,0.220078,-0.600000,0.219674,-0.010455,0.310939,-0.010800,0.311072,-0.005873,0.220000,-0.005873,1,-0.123035,0.220000,0.220000,-0.003467,-0.018133,-0.600000,-0.600000,0.311127,0.330000,-0.923122,1
1772480662,150343890,-1.830516,-2.082060,-2.932162,0.137550,-1.381006,-0.249316,1,0.220475,-0.309783,0.311127,-0.936056,0.311127,-0.943698,0.220032,-0.600000,0.220431,-0.004398,0.311072,-0.005873,0.311104,-0.003753,0.220000,-0.003753,1,-0.080030,0.220000,0.220000,0.001461,-0.013206,-0.600000,-0.600000,0.311127,0.330000,-0.914292,1
1772480662,175333426,-1.835487,-2.083818,-2.940284,0.142786,-1.381631,-0.257437,1,0.220116,-0.359017,0.311127,-0.943698,0.311127,-0.951794,0.220009,-0.600000,0.220038,-0.005871,0.311104,-0.003753,0.311120,-0.002013,0.220000,-0.002013,1,-0.043694,0.220000,0.220000,0.003581,-0.011086,-0.600000,-0.600000,0.311127,0.330000,-0.906170,1
1772480662,225346214,-1.847461,-2.085788,-2.958311,0.153693,-1.381764,-0.277055,1,0.219873,-0.392656,0.311127,-0.951794,0.311127,-0.965582,0.220003,-0.600000,0.219869,-0.001190,0.311120,-0.002013,0.311125,0.001132,0.220000,0.001132,1,0.025469,0.220000,0.220000,0.005320,-0.009347,-0.600000,-0.600000,0.311127,0.330000,-0.886553,1
1772480662,250352106,-1.851571,-2.086876,-2.968356,0.157858,-1.382616,-0.287099,1,0.219905,-0.383439,0.311127,-0.965582,0.311127,-0.969027,0.220035,-0.600000,0.219895,0.002063,0.311125,0.001132,0.311102,0.003920,0.220000,0.003920,1,0.089531,0.220000,0.220000,0.008465,-0.006202,-0.600000,-0.600000,0.311127,0.330000,-0.876508,1
1772480662,275314316,-1.857657,-2.088130,-2.977315,0.163868,-1.384196,-0.296059,1,0.219844,-0.410674,0.311127,-0.969027,0.311127,-0.980775,0.220099,-0.600000,0.219837,0.001827,0.311102,0.003920,0.311057,0.006585,0.220000,0.006585,1,0.153806,0.220000,0.220000,0.011253,-0.003414,-0.600000,-0.600000,0.311127,0.330000,-0.867549,1
1772480662,325334090,-1.867553,-2.090666,-2.998968,0.173861,-1.386320,-0.317712,1,0.219382,-0.441138,0.311127,-0.980775,0.311127,-0.993080,0.220357,-0.600000,0.219264,0.007204,0.311057,0.006585,0.310874,0.012534,0.220000,0.012534,1,0.304017,0.220000,0.220000,0.013918,-0.000749,-0.600000,-0.600000,0.311127,0.330000,-0.845896,1
1772480662,350468837,-1.874330,-2.091524,-3.010210,0.180313,-1.388562,-0.328954,1,0.220100,-0.465709,0.311127,-0.993080,0.311127,-1.005760,0.220618,-0.600000,0.219703,0.013209,0.310874,0.012534,0.310689,0.016496,0.220000,0.016496,1,0.410706,0.220000,0.220000,0.019867,0.005200,-0.600000,-0.600000,0.311127,0.330000,-0.834654,1
1772480662,375363069,-1.880605,-2.092064,-3.021829,0.186175,-1.390866,-0.340573,1,0.220142,-0.476492,0.311127,-1.005760,0.311127,-1.016433,0.220988,-0.600000,0.219740,0.013290,0.310689,0.016496,0.310426,0.020869,0.220000,0.020869,1,0.532500,0.220000,0.220000,0.023830,0.009163,-0.600000,-0.600000,0.311127,0.330000,-0.823035,1
1772480662,425453235,-1.891000,-2.094016,-3.047738,0.196355,-1.393735,-0.366481,1,0.220720,-0.497184,0.311127,-1.016433,0.311127,-1.027576,0.221800,-0.600000,0.219612,0.022088,0.310426,0.020869,0.309780,0.028921,0.220000,0.028202,1,0.770284,0.220000,0.220000,0.028202,0.013536,-0.600000,-0.600000,0.311127,0.330000,-0.797127,1
1772480662,450513309,-1.895689,-2.095738,-3.061151,0.201470,-1.394441,-0.379848,1,0.221787,-0.533462,0.311127,-1.027576,0.311127,-1.032220,0.222335,-0.600000,0.219872,0.029076,0.309780,0.028921,0.309462,0.032141,0.220000,0.032141,1,0.874578,0.220000,0.220000,0.036254,0.021587,-0.600000,-0.600000,0.311127,0.330000,-0.783760,1
1772480662,475549204,-1.902338,-2.096996,-3.073561,0.212917,-1.401721,-0.390700,1,0.221890,-0.542007,0.311127,-1.032220,0.311127,-1.077037,0.223513,-0.600000,0.219964,0.029172,0.309462,0.032141,0.308432,0.040864,0.220000,0.039474,1,1.176514,0.220000,0.220000,0.039474,0.024807,-0.600000,-0.600000,0.311127,0.330000,-0.772907,1
1772480662,525551345,-1.912978,-2.099951,-3.101531,0.223765,-1.403784,-0.418671,1,0.224367,-0.539223,0.311127,-1.077037,0.311127,-1.091920,0.225218,-0.600000,0.220451,0.041737,0.308432,0.040864,0.307349,0.048338,0.220000,0.048197,1,1.463913,0.220000,0.220000,0.048197,0.033531,-0.600000,-0.600000,0.311127,0.330000,-0.744937,1
1772480662,550602333,-1.918761,-2.100834,-3.115946,0.229342,-1.405552,-0.433086,1,0.225127,-0.613040,0.311127,-1.091920,0.311127,-1.101110,0.226329,-0.600000,0.219928,0.048100,0.307349,0.048338,0.306554,0.053150,0.220000,0.053150,1,1.655207,0.220000,0.220000,0.055671,0.041005,-0.600000,-0.600000,0.311127,0.330000,-0.730522,1
1772480662,575647916,-1.923604,-2.102186,-3.130307,0.234283,-1.406485,-0.447446,1,0.224540,-0.614270,0.311127,-1.101110,0.311127,-1.106335,0.227258,-0.600000,0.219355,0.047974,0.306554,0.053150,0.305866,0.056974,0.220000,0.056974,1,1.818488,0.220000,0.220000,0.060483,0.045816,-0.600000,-0.600000,0.311127,0.330000,-0.716162,1
1772480662,625798291,-1.935209,-2.105675,3.122041,0.246233,-1.408495,-0.478284,1,0.227662,-0.596254,0.311127,-1.106335,0.311127,-1.126121,0.229206,-0.600000,0.220038,0.058421,0.305866,0.056974,0.304368,0.064500,0.220000,0.064308,1,2.189807,0.220000,0.220000,0.064308,0.049641,-0.600000,-0.600000,0.311127,0.330000,-0.685324,0
1772480662,650758234,-1.940591,-2.106153,3.106425,0.251270,-1.410450,-0.493900,1,0.229521,-0.614400,0.311127,-1.126121,0.311127,-1.132609,0.230911,-0.600000,0.220049,0.065257,0.304368,0.064500,0.303117,0.070142,0.220000,0.070142,1,2.450898,0.220000,0.220000,0.071834,0.057167,-0.600000,-0.600000,0.311127,0.330000,-0.669708,0
1772480662,675772234,-1.946194,-2.107558,3.091010,0.256915,-1.411671,-0.509315,1,0.230742,-0.570089,0.311127,-1.132609,0.311127,-1.142354,0.232202,-0.600000,0.219087,0.072407,0.303117,0.070142,0.302129,0.074282,0.220000,0.074282,1,2.679581,0.220000,0.220000,0.077475,0.062808,-0.600000,-0.600000,0.311127,0.330000,-0.654293,0
1772480662,725833242,-1.957520,-2.110161,3.061384,0.271629,-1.410359,-0.534607,1,0.232581,-0.599505,0.311127,-1.142354,0.311127,-1.190078,0.231616,-0.600000,0.219785,0.076082,0.302129,0.074282,0.302579,0.072430,0.220000,0.072430,1,2.831391,0.220000,0.220000,0.081615,0.066949,-0.600000,-0.600000,0.311127,0.330000,-0.629001,0
1772480662,750893973,-1.962509,-2.111899,3.044964,0.276875,-1.410988,-0.551027,1,0.232281,-0.610869,0.311127,-1.190078,0.311127,-1.196821,0.232625,-0.600000,0.220300,0.073636,0.302579,0.072430,0.301804,0.075594,0.220000,0.075594,1,3.051470,0.220000,0.220000,0.079764,0.065097,-0.600000,-0.600000,0.311127,0.330000,-0.612581,0
1772480662,775915082,-1.967679,-2.112898,3.029802,0.281958,-1.412358,-0.566188,1,0.233048,-0.592094,0.311127,-1.196821,0.311127,-1.207070,0.234001,-0.600000,0.219932,0.077080,0.301804,0.075594,0.300738,0.079727,0.220000,0.079727,1,3.328241,0.220000,0.220000,0.082928,0.068261,-0.600000,-0.600000,0.311127,0.330000,-0.597419,0
1772480662,825944370,-1.979043,-2.116027,3.000415,0.293543,-1.414535,-0.595575,1,0.234596,-0.589753,0.311127,-1.207070,0.311127,-1.242008,0.236043,-0.600000,0.220168,0.081003,0.300738,0.079727,0.299139,0.085534,0.220000,0.085534,1,3.864077,0.220000,0.220000,0.087061,0.072394,-0.600000,-0.600000,0.311127,0.330000,-0.568032,0
1772480662,851013993,-1.985597,-2.117861,2.986125,0.300237,-1.415764,-0.609866,1,0.236517,-0.593851,0.311127,-1.242008,0.311127,-1.270969,0.236865,-0.600000,0.220099,0.086582,0.299139,0.085534,0.298488,0.087778,0.220000,0.087778,1,4.162651,0.220000,0.220000,0.092867,0.078201,-0.600000,-0.600000,0.311127,0.330000,-0.553742,0
1772480662,876022652,-1.990938,-2.120088,2.971121,0.306013,-1.416107,-0.624870,1,0.237640,-0.633761,0.311127,-1.270969,0.311127,-1.289583,0.237239,-0.600000,0.220186,0.089393,0.298488,0.087778,0.298191,0.088782,0.220000,0.088782,1,4.390858,0.220000,0.220000,0.095112,0.080445,-0.600000,-0.600000,0.311127,0.330000,-0.538738,0
1772480662,926062417,-2.002840,-2.122588,2.941213,0.317805,-1.419085,-0.654778,1,0.237526,-0.609287,0.311127,-1.289583,0.311127,-1.343134,0.239624,-0.600000,0.219950,0.089670,0.298191,0.088782,0.296277,0.094973,0.220000,0.094973,1,5.179643,0.220000,0.220000,0.096115,0.081448,-0.600000,-0.600000,0.311127,0.330000,-0.508830,0
1772480662,951129152,-2.007369,-2.122574,2.926715,0.321896,-1.421246,-0.669485,1,0.237246,-0.620269,0.311127,-1.343134,0.311127,-1.357026,0.242083,-0.600000,0.219759,0.089396,0.296277,0.094973,0.294272,0.101015,0.220000,0.101015,1,5.731809,0.220000,0.220000,0.102306,0.087639,-0.600000,-0.600000,0.311127,0.330000,-0.494123,0
1772480662,976149700,-2.015314,-2.124454,2.912221,0.330546,-1.427363,-0.689515,1,0.240130,-0.575703,0.311127,-1.357026,0.311127,-1.430156,0.245233,-0.600000,0.219659,0.097017,0.294272,0.101015,0.289075,0.115047,0.220000,0.108348,1,7.170529,0.220000,0.220000,0.108348,0.093681,-0.600000,-0.600000,0.311127,0.330000,-0.474092,0
1772480663,26250499,-2.024900,-2.127871,2.883257,0.340652,-1.428559,-0.718479,1,0.243358,-0.560436,0.311127,-1.430156,0.311127,-1.486441,0.249346,-0.600000,0.220004,0.104026,0.289075,0.115047,0.288143,0.117361,0.220000,0.117361,1,8.097275,0.220000,0.220000,0.122381,0.107714,-0.600000,-0.600000,0.311127,0.330000,-0.445128,0
1772480663,51244610,-2.030827,-2.128792,2.868769,0.346371,-1.430366,-0.732967,1,0.245125,-0.616527,0.311127,-1.486441,0.311127,-1.536962,0.251088,-0.600000,0.219587,0.108939,0.288143,0.117361,0.286627,0.121016,0.220000,0.121016,1,8.923737,0.220000,0.220000,0.124694,0.110027,-0.600000,-0.600000,0.311127,0.330000,-0.430641,0
1772480663,76251975,-2.037269,-2.129280,2.854348,0.352360,-1.432790,-0.747388,1,0.249929,-0.583128,0.311127,-1.536962,0.311127,-1.604227,0.253676,-0.600000,0.219891,0.118795,0.286627,0.121016,0.284339,0.126299,0.220000,0.126299,1,10.057680,0.220000,0.220000,0.128350,0.113683,-0.600000,-0.600000,0.311127,0.330000,-0.416220,0
1772480663,126351542,-2.048913,-2.131632,2.824267,0.363838,-1.435853,-0.777469,1,0.250662,-0.613401,0.311127,-1.604227,0.311127,-1.744274,0.256290,-0.600000,0.219128,0.121715,0.284339,0.126299,0.281985,0.131470,0.220000,0.131470,1,12.270273,0.220000,0.220000,0.133632,0.118966,-0.600000,-0.600000,0.311127,0.330000,-0.386139,0
1772480663,151376187,-2.054738,-2.133428,2.809052,0.369778,-1.436790,-0.792721,1,0.253547,-0.606887,0.311127,-1.744274,0.311127,-1.832368,0.255959,-0.600000,0.219423,0.127043,0.281985,0.131470,0.282285,0.130825,0.220000,0.130825,1,13.354138,0.220000,0.220000,0.138804,0.124137,-0.600000,-0.600000,0.311127,0.330000,-0.370887,0
1772480663,176391956,-2.061708,-2.134458,2.793468,0.374704,-1.438034,-0.809147,1,0.257140,-0.597509,0.311127,-1.832368,0.311127,-1.772304,0.256927,-0.600000,0.219664,0.133675,0.282285,0.130825,0.281405,0.132708,0.220000,0.132708,1,14.726427,0.220000,0.220000,0.138158,0.123491,-0.600000,-0.600000,0.311127,0.330000,-0.354461,0
1772480663,226482281,-2.074367,-2.137207,2.763767,0.387264,-1.441204,-0.838848,1,0.256089,-0.621016,0.311127,-1.772304,0.311127,-1.623800,0.256193,-0.600000,0.219556,0.131821,0.281405,0.132708,0.282073,0.131281,0.220000,0.131281,1,18.713377,0.220000,0.220000,0.140041,0.125375,-0.600000,-0.600000,0.311127,0.330000,-0.324760,0
1772480663,251524770,-2.081364,-2.137486,2.748194,0.393655,-1.444066,-0.854421,1,0.256614,-0.607541,0.311127,-1.623800,0.311127,-1.545936,0.258948,-0.600000,0.219259,0.133328,0.282073,0.131281,0.279546,0.136579,0.220000,0.136579,1,23.046361,0.220000,0.220000,0.138615,0.123948,-0.600000,-0.600000,0.311127,0.330000,-0.309187,0
1772480663,276598568,-2.086636,-2.139111,2.734143,0.399099,-1.444956,-0.868472,1,0.256035,-0.609166,0.311127,-1.545936,0.311127,-1.475678,0.255214,-0.600000,0.219850,0.131225,0.279546,0.136579,0.282959,0.129360,0.220000,0.129360,1,25.383094,0.220000,0.220000,0.143913,0.129246,-0.600000,-0.600000,0.311127,0.330000,-0.295136,0
1772480663,326600292,-2.100180,-2.142124,2.705975,0.417742,-1.450406,-0.896960,1,0.258888,-0.615772,0.311127,-1.475678,0.311127,-1.333239,0.251576,-0.600000,0.219608,0.137096,0.282959,0.129360,0.302247,0.073804,0.220000,0.122027,1,34.134546,0.220000,0.220000,0.136694,0.122027,-0.600000,-0.600000,0.311127,0.330000,-0.266648,0
