sec,nsec,x,y,yaw,map_x,map_y,map_yaw,map_pose_valid,v_real,w_real,v_now,w_now,v_cmd,w_cmd,v_nav,w_nav,vx_real,vy_real,vx_now,vy_now,vx_cmd,vy_cmd,vx_nav,vy_nav,velocity_violation,curvature,dw_vx_max,dw_vx_min,dw_vy_max,dw_vy_min,dw_w_max,dw_w_min,v_reg,lookahead_dist,lookahead_yaw,is_accel
1772480126,403886454,0.097963,-1.913137,2.470271,-1.393547,-0.406325,-1.322082,1,0.000000,-0.007435,0.000000,0.000000,0.311127,-0.000562,0.007509,-0.000562,0.000000,0.000000,0.000000,0.000000,0.311123,0.001616,0.007333,0.001616,1,0.094418,0.007333,-0.007333,0.007333,-0.007333,0.020000,-0.020000,0.311127,0.110000,-0.000199,1
1772480126,428883936,0.098197,-1.914268,2.469893,-1.393047,-0.405284,-1.322461,1,0.008264,-0.043540,0.311127,-0.000562,0.311127,0.000509,0.220000,0.000509,0.008133,0.001466,0.311123,0.001616,0.311127,-0.000360,0.220000,-0.000360,1,-0.021029,0.220000,0.220000,0.008949,-0.005718,0.019438,-0.020562,0.311127,0.110000,0.000180,1
1772480126,453889106,0.098524,-1.912619,2.470468,-1.394307,-0.406398,-1.321886,1,0.007176,0.001565,0.311127,0.000509,0.311127,-0.001116,0.220031,-0.001116,0.007057,0.001303,0.311127,-0.000360,0.311105,0.003689,0.220000,0.003689,1,0.215552,0.220000,0.220000,0.006973,-0.007693,0.020509,-0.019491,0.311127,0.110000,-0.000395,1
1772480126,503902173,0.097521,-1.912996,2.472201,-1.393280,-0.406705,-1.320153,1,0.023025,-0.039537,0.311127,-0.001116,0.311127,-0.006018,0.220001,-0.006018,0.022654,0.004119,0.311105,0.003689,0.311126,0.000549,0.220000,0.000549,1,0.032095,0.220000,0.220000,0.011022,-0.003645,0.018884,-0.021116,0.311127,0.110000,-0.002128,1
1772480126,528896970,0.097209,-1.912007,2.472748,-1.393631,-0.407681,-1.319605,1,0.030468,-0.058415,0.311127,-0.006018,0.311127,-0.007568,0.220009,-0.007568,0.030468,0.000000,0.311126,0.000549,0.311120,0.002018,0.220000,0.002018,1,0.117952,0.220000,0.220000,0.007883,-0.006784,0.013982,-0.026018,0.311127,0.110000,-0.002676,1
1772480126,554003925,0.097385,-1.913072,2.472834,-1.393125,-0.406727,-1.319519,1,0.029485,-0.009542,0.311127,-0.007568,0.311127,-0.007810,0.220000,-0.007810,0.029485,0.000000,0.311120,0.002018,0.311127,-0.000056,0.220000,-0.000056,1,-0.003299,0.220000,0.220000,0.009352,-0.005315,0.012432,-0.027568,0.311127,0.110000,-0.002761,1
1772480126,603968587,0.095548,-1.910185,2.472207,-1.393413,-0.410137,-1.320147,1,0.045036,-0.066070,0.311127,-0.007810,0.311127,-0.006036,0.220025,-0.006036,0.045036,0.000000,0.311127,-0.000056,0.311109,0.003299,0.220000,0.003299,1,0.192766,0.220000,0.220000,0.007277,-0.007390,0.012190,-0.027810,0.311127,0.110000,-0.002134,1
1772480126,628946322,0.094568,-1.911700,2.470755,-1.391715,-0.409525,-1.321599,1,0.052390,-0.046879,0.311127,-0.006036,0.311127,-0.001929,0.220004,-0.001929,0.052272,0.003527,0.311109,0.003299,0.311124,-0.001330,0.220000,-0.001330,1,-0.077736,0.220000,0.220000,0.010632,-0.004035,0.013964,-0.026036,0.311127,0.110000,-0.000682,1
1772480126,653981419,0.094761,-1.908573,2.470136,-1.393764,-0.411896,-1.322218,1,0.051402,-0.006239,0.311127,-0.001929,0.311127,-0.000179,0.220082,-0.000179,0.051328,0.002755,0.311124,-0.001330,0.311067,0.006128,0.220000,0.006003,1,0.358131,0.220000,0.220000,0.006003,-0.008664,0.018071,-0.021929,0.311127,0.110000,-0.000063,1
1772480126,703974181,0.091317,-1.909707,2.470468,-1.390336,-0.413080,-1.321886,1,0.067851,-0.038016,0.311127,-0.000179,0.311127,-0.001116,0.220003,-0.001116,0.067506,0.006829,0.311067,0.006128,0.311117,-0.002548,0.220000,-0.001205,1,-0.148877,0.220000,0.220000,0.013462,-0.001205,0.019821,-0.020179,0.311127,0.110000,-0.000395,1
1772480126,728956530,0.090494,-1.907106,2.471339,-1.391257,-0.415648,-1.321015,1,0.073387,-0.001824,0.311127,-0.001116,0.311127,-0.003581,0.220005,-0.003581,0.073365,-0.001796,0.311117,-0.002548,0.311123,0.001493,0.220000,0.001493,1,0.087264,0.220000,0.220000,0.004786,-0.009881,0.018884,-0.021116,0.311127,0.110000,-0.001266,1
1772480126,754024460,0.087952,-1.905774,2.471347,-1.390041,-0.418248,-1.321007,1,0.073686,-0.011984,0.311127,-0.003581,0.311127,-0.003603,0.220000,-0.003603,0.073670,-0.001533,0.311123,0.001493,0.311127,-0.000034,0.220000,-0.000034,1,-0.001990,0.220000,0.220000,0.008827,-0.005840,0.016419,-0.023581,0.311127,0.110000,-0.001274,1
1772480126,804028237,0.084296,-1.905468,2.471436,-1.387318,-0.420706,-1.320918,1,0.089593,-0.057796,0.311127,-0.003603,0.311127,-0.003856,0.220077,-0.003856,0.089586,-0.001154,0.311127,-0.000034,0.311073,-0.005818,0.220000,-0.005818,1,-0.340002,0.220000,0.220000,0.007299,-0.007367,0.016397,-0.023603,0.311127,0.110000,-0.001363,1
1772480126,829023663,0.085204,-1.903844,2.471689,-1.389024,-0.421448,-1.320664,1,0.095924,-0.004384,0.311127,-0.003856,0.311127,-0.004572,0.220001,-0.004572,0.095695,-0.006620,0.311073,-0.005818,0.311126,-0.000703,0.220000,-0.000703,1,-0.041095,0.220000,0.220000,0.001515,-0.013151,0.016144,-0.023856,0.311127,0.110000,-0.001616,1
1772480126,854052044,0.082571,-1.902556,2.471435,-1.387710,-0.424068,-1.320919,1,0.095751,-0.009674,0.311127,-0.004572,0.311127,-0.003853,0.220013,-0.003853,0.095532,-0.006460,0.311126,-0.000703,0.311118,-0.002405,0.220000,-0.002405,1,-0.140541,0.220000,0.220000,0.006630,-0.008037,0.015428,-0.024572,0.311127,0.110000,-0.001362,1
1772480126,904043414,0.078032,-1.898640,2.470312,-1.386471,-0.429934,-1.322042,1,0.111124,-0.038667,0.311127,-0.003853,0.311127,-0.000677,0.220004,-0.000677,0.111049,-0.004103,0.311118,-0.002405,0.311124,-0.001371,0.220000,-0.001371,1,-0.080145,0.220000,0.220000,0.004928,-0.009738,0.016147,-0.023853,0.311127,0.110000,-0.000239,1
1772480126,929044744,0.075904,-1.898726,2.470743,-1.384726,-0.431154,-1.321611,1,0.116962,0.017227,0.311127,-0.000677,0.311127,-0.001896,0.220067,-0.001896,0.116926,-0.002883,0.311124,-0.001371,0.311079,-0.005441,0.220000,-0.005441,1,-0.317950,0.220000,0.220000,0.005962,-0.008705,0.019323,-0.020677,0.311127,0.110000,-0.000670,1
1772480126,954114956,0.073320,-1.899541,2.469422,-1.382176,-0.432071,-1.322932,1,0.117423,0.001242,0.311127,-0.001896,0.311127,0.001841,0.220294,0.001841,0.117403,-0.002164,0.311079,-0.005441,0.310919,-0.011382,0.220000,-0.011382,1,-0.665148,0.220000,0.220000,0.001893,-0.012774,0.018104,-0.021896,0.311127,0.110000,0.000651,1
1772480127,4082161,0.071082,-1.891782,2.470866,-1.385096,-0.439600,-1.321488,1,0.134178,-0.048556,0.311127,0.001841,0.311127,-0.002243,0.220037,-0.002243,0.133440,-0.014047,0.310919,-0.011382,0.311124,0.001412,0.220000,-0.004049,1,0.082506,0.220000,0.220000,-0.004049,-0.018715,0.021841,-0.018159,0.311127,0.110000,-0.000793,1
1772480127,29119697,0.066439,-1.890079,2.470216,-1.382433,-0.443768,-1.322138,1,0.139270,0.001019,0.311127,-0.002243,0.311127,-0.000405,0.220018,-0.000405,0.139158,-0.005569,0.311124,0.001412,0.311115,-0.002786,0.220000,-0.002786,1,-0.162819,0.220000,0.220000,0.008745,-0.005921,0.017757,-0.022243,0.311127,0.110000,-0.000143,1
1772480127,54223849,0.064576,-1.889131,2.469875,-1.381525,-0.445651,-1.322479,1,0.151372,-0.044046,0.311127,-0.000405,0.311127,0.000560,0.220034,0.000560,0.151348,-0.002699,0.311115,-0.002786,0.311103,-0.003860,0.220000,-0.003860,1,-0.225552,0.220000,0.220000,0.004547,-0.010119,0.019595,-0.020405,0.311127,0.110000,0.000198,1
1772480127,104133572,0.060002,-1.883161,2.472597,-1.381503,-0.453172,-1.319757,1,0.159331,-0.039796,0.311127,0.000560,0.311127,-0.007139,0.220000,-0.007139,0.159278,-0.004135,0.311103,-0.003860,0.311127,0.000464,0.220000,0.000464,1,0.027119,0.220000,0.220000,0.003474,-0.011193,0.020560,-0.019440,0.311127,0.110000,-0.002524,1
1772480127,129231231,0.056911,-1.880927,2.472494,-1.380396,-0.456822,-1.319860,1,0.161119,0.003432,0.311127,-0.007139,0.311127,-0.006848,0.220000,-0.006848,0.161115,-0.001154,0.311127,0.000464,0.311127,0.000003,0.220000,0.000003,1,0.000172,0.220000,0.220000,0.007797,-0.006869,0.012861,-0.027139,0.311127,0.110000,-0.002421,1
1772480127,154189057,0.054287,-1.879354,2.472051,-1.379262,-0.459662,-1.320303,1,0.174555,-0.051418,0.311127,-0.006848,0.311127,-0.005594,0.220002,-0.005594,0.174551,-0.001211,0.311127,0.000003,0.311125,-0.000994,0.220000,-0.000994,1,-0.058066,0.220000,0.220000,0.007336,-0.007330,0.013152,-0.026848,0.311127,0.110000,-0.001978,1
1772480127,204215844,0.047188,-1.875369,2.471925,-1.376028,-0.467133,-1.320429,1,0.179597,-0.052683,0.311127,-0.005594,0.311127,-0.005239,0.220049,-0.005239,0.179585,-0.002092,0.311125,-0.000994,0.311093,-0.004624,0.220000,-0.004624,1,-0.270194,0.220000,0.220000,0.006340,-0.008327,0.014406,-0.025594,0.311127,0.110000,-0.001852,1
1772480127,229188459,0.043814,-1.870584,2.472964,-1.376242,-0.472985,-1.319389,1,0.181904,0.009345,0.311127,-0.005239,0.311127,-0.008179,0.220000,-0.008179,0.181780,-0.006719,0.311093,-0.004624,0.311127,-0.000287,0.220000,-0.000287,1,-0.016800,0.220000,0.220000,0.002710,-0.011957,0.014761,-0.025239,0.311127,0.110000,-0.002892,1
1772480127,254170217,0.039977,-1.867313,2.473140,-1.375171,-0.477911,-1.319213,1,0.190991,-0.008471,0.311127,-0.008179,0.311127,-0.008676,0.220000,-0.008676,0.190986,-0.001349,0.311127,-0.000287,0.311127,0.000148,0.220000,0.000148,1,0.008630,0.220000,0.220000,0.007046,-0.007621,0.011821,-0.028179,0.311127,0.110000,-0.003068,1
1772480127,304231563,0.032610,-1.861383,2.472712,-1.372902,-0.487092,-1.319642,1,0.196667,-0.004829,0.311127,-0.008676,0.311127,-0.007465,0.220000,-0.007465,0.196661,-0.001585,0.311127,0.000148,0.311127,0.000449,0.220000,0.000449,1,0.026211,0.220000,0.220000,0.007481,-0.007186,0.011324,-0.028676,0.311127,0.110000,-0.002639,1
1772480127,329206281,0.029088,-1.859714,2.472424,-1.371111,-0.490554,-1.319930,1,0.208667,-0.024331,0.311127,-0.007465,0.311127,-0.006649,0.220009,-0.006649,0.208660,-0.001790,0.311127,0.000449,0.311121,-0.001963,0.220000,-0.001963,1,-0.114741,0.220000,0.220000,0.007782,-0.006885,0.012535,-0.027465,0.311127,0.110000,-0.002351,1
1772480127,354240153,0.025082,-1.856033,2.471835,-1.370153,-0.495909,-1.320519,1,0.207804,0.031443,0.311127,-0.006649,0.311127,-0.004983,0.220001,-0.004983,0.207762,-0.004189,0.311121,-0.001963,0.311126,-0.000681,0.220000,-0.000681,1,-0.039811,0.220000,0.220000,0.005370,-0.009297,0.013351,-0.026649,0.311127,0.110000,-0.001762,1
1772480127,404195727,0.016489,-1.850012,2.472232,-1.366964,-0.505905,-1.320122,1,0.214610,0.034671,0.311127,-0.004983,0.311127,-0.006106,0.220015,-0.006106,0.214599,-0.002123,0.311126,-0.000681,0.311116,-0.002594,0.220000,-0.002594,1,-0.151566,0.220000,0.220000,0.006652,-0.008015,0.015017,-0.024983,0.311127,0.110000,-0.002159,1
1772480127,429262826,0.011762,-1.846979,2.473132,-1.365041,-0.511183,-1.319222,1,0.218114,0.020162,0.311127,-0.006106,0.311127,-0.008651,0.220046,-0.008651,0.218100,-0.002495,0.311116,-0.002594,0.311095,-0.004475,0.220000,-0.004475,1,-0.261542,0.220000,0.220000,0.004740,-0.009927,0.013894,-0.026106,0.311127,0.110000,-0.003059,1
1772480127,454319899,0.007885,-1.843402,2.474813,-1.364123,-0.516377,-1.317541,1,0.220404,-0.012129,0.311127,-0.008651,0.311127,-0.013407,0.220035,-0.013407,0.220347,-0.005037,0.311095,-0.004475,0.311103,-0.003901,0.220000,-0.003901,1,-0.227964,0.220000,0.220000,0.002858,-0.011809,0.011349,-0.028651,0.311127,0.110000,-0.004740,1
1772480127,504262559,-0.000402,-1.837019,2.474672,-1.361396,-0.526476,-1.317682,1,0.222696,-0.010101,0.311127,-0.013407,0.311127,-0.013008,0.220042,-0.013008,0.222579,-0.007236,0.311103,-0.003901,0.311097,-0.004306,0.220000,-0.004306,1,-0.251633,0.220000,0.220000,0.003432,-0.011234,0.006593,-0.033407,0.311127,0.110000,-0.004599,1
1772480127,529256463,-0.005144,-1.832918,2.473770,-1.360108,-0.532611,-1.318584,1,0.219931,0.001695,0.311127,-0.013008,0.311127,-0.010457,0.220025,-0.010457,0.219845,-0.006168,0.311097,-0.004306,0.311110,-0.003290,0.220000,-0.003290,1,-0.192286,0.220000,0.220000,0.003027,-0.011639,0.006992,-0.033008,0.311127,0.110000,-0.003697,1
1772480127,554319027,-0.009885,-1.829963,2.472840,-1.358126,-0.537833,-1.319513,1,0.219627,-0.008934,0.311127,-0.010457,0.311127,-0.007828,0.220052,-0.007828,0.219549,-0.005869,0.311110,-0.003290,0.311090,-0.004801,0.220000,-0.004801,1,-0.280550,0.220000,0.220000,0.004043,-0.010624,0.009543,-0.030457,0.311127,0.110000,-0.002768,1
1772480127,604357781,-0.017702,-1.822861,2.473865,-1.356209,-0.548220,-1.318488,1,0.219943,-0.003969,0.311127,-0.007828,0.311127,-0.010727,0.220023,-0.010727,0.219886,-0.005039,0.311090,-0.004801,0.311111,-0.003151,0.220000,-0.003151,1,-0.184125,0.220000,0.220000,0.002533,-0.012134,0.012172,-0.027828,0.311127,0.110000,-0.003793,1
1772480127,629365007,-0.022034,-1.820696,2.473077,-1.354074,-0.552566,-1.319277,1,0.220429,0.003698,0.311127,-0.010727,0.311127,-0.008496,0.220075,-0.008496,0.220344,-0.006102,0.311111,-0.003151,0.311074,-0.005734,0.220000,-0.005734,1,-0.335064,0.220000,0.220000,0.004183,-0.010484,0.009273,-0.030727,0.311127,0.110000,-0.003004,1
1772480127,654315202,-0.026519,-1.815608,2.473382,-1.353588,-0.559332,-1.318972,1,0.219801,0.012130,0.311127,-0.008496,0.311127,-0.009358,0.220014,-0.009358,0.219768,-0.003798,0.311074,-0.005734,0.311117,-0.002454,0.220000,-0.002454,1,-0.143401,0.220000,0.220000,0.001600,-0.013067,0.011504,-0.028496,0.311127,0.110000,-0.003309,1
1772480127,704392146,-0.035667,-1.809709,2.471999,-1.349883,-0.569567,-1.320355,1,0.219931,0.006195,0.311127,-0.009358,0.311127,-0.005448,0.220058,-0.005448,0.219824,-0.006852,0.311117,-0.002454,0.311086,-0.005060,0.220000,-0.005060,1,-0.295698,0.220000,0.220000,0.004879,-0.009787,0.010642,-0.029358,0.311127,0.110000,-0.001926,1
1772480127,729396043,-0.039166,-1.806870,2.472371,-1.348819,-0.573945,-1.319983,1,0.219726,-0.007439,0.311127,-0.005448,0.311127,-0.006500,0.220058,-0.006500,0.219696,-0.003635,0.311086,-0.005060,0.311086,-0.005048,0.220000,-0.005048,1,-0.295016,0.220000,0.220000,0.002273,-0.012393,0.014552,-0.025448,0.311127,0.110000,-0.002298,1
1772480127,754331051,-0.044118,-1.801428,2.473305,-1.348175,-0.581275,-1.319049,1,0.219755,-0.017540,0.311127,-0.006500,0.311127,-0.009141,0.220009,-0.009141,0.219648,-0.006843,0.311086,-0.005048,0.311121,-0.002003,0.220000,-0.002003,1,-0.117048,0.220000,0.220000,0.002285,-0.012382,0.013500,-0.026500,0.311127,0.110000,-0.003232,1
1772480127,804370159,-0.052813,-1.795054,2.471992,-1.345119,-0.591613,-1.320362,1,0.219902,-0.006764,0.311127,-0.009141,0.311127,-0.005427,0.220018,-0.005427,0.219820,-0.005999,0.311121,-0.002003,0.311115,-0.002782,0.220000,-0.002782,1,-0.162577,0.220000,0.220000,0.005330,-0.009336,0.010859,-0.029141,0.311127,0.110000,-0.001919,1
1772480127,829378990,-0.056744,-1.791915,2.471013,-1.343893,-0.596493,-1.321341,1,0.219759,0.004904,0.311127,-0.005427,0.311127,-0.002658,0.220014,-0.002658,0.219744,-0.002522,0.311115,-0.002782,0.311117,-0.002443,0.220000,-0.002443,1,-0.142780,0.220000,0.220000,0.004551,-0.010115,0.014573,-0.025427,0.311127,0.110000,-0.000940,1
1772480127,854444775,-0.061895,-1.789050,2.470536,-1.341530,-0.601892,-1.321818,1,0.220287,-0.003643,0.311127,-0.002658,0.311127,-0.001310,0.220057,-0.001310,0.220259,-0.003510,0.311117,-0.002443,0.311087,-0.005016,0.220000,-0.005016,1,-0.293127,0.220000,0.220000,0.004890,-0.009777,0.017342,-0.022658,0.311127,0.110000,-0.000463,1
1772480127,904388075,-0.070301,-1.781451,2.469933,-1.339445,-0.613031,-1.322421,1,0.220183,0.000000,0.311127,-0.001310,0.311127,0.000396,0.220018,0.000396,0.220160,-0.003157,0.311087,-0.005016,0.311114,-0.002795,0.220000,-0.002795,1,-0.163361,0.220000,0.220000,0.002317,-0.012349,0.018690,-0.021310,0.311127,0.110000,0.000140,1
1772480127,929402963,-0.074929,-1.779628,2.469098,-1.336868,-0.617284,-1.323256,1,0.220035,0.000000,0.311127,0.000396,0.311127,0.002758,0.220100,0.002758,0.219952,-0.006056,0.311114,-0.002795,0.311056,-0.006642,0.220000,-0.006642,1,-0.388159,0.220000,0.220000,0.004538,-0.010129,0.020396,-0.019604,0.311127,0.110000,0.000975,1
1772480127,954411624,-0.079245,-1.776392,2.469181,-1.335394,-0.622474,-1.323173,1,0.220420,0.010445,0.311127,0.002758,0.311127,0.002523,0.220114,0.002523,0.220403,-0.002720,0.311056,-0.006642,0.311046,-0.007098,0.220000,-0.007098,1,-0.414796,0.220000,0.220000,0.000691,-0.013976,0.022758,-0.017242,0.311127,0.110000,0.000892,1
1772480128,4394297,-0.089176,-1.768720,2.469441,-1.332140,-0.634594,-1.322913,1,0.220913,0.024905,0.311127,0.002523,0.311127,0.001787,0.220134,0.001787,0.220796,-0.007194,0.311046,-0.007098,0.311032,-0.007668,0.220000,-0.007668,1,-0.448119,0.220000,0.220000,0.000235,-0.014431,0.022523,-0.017477,0.311127,0.110000,0.000632,1
1772480128,29386023,-0.093797,-1.764351,2.469828,-1.331111,-0.640870,-1.322526,1,0.220051,0.015800,0.311127,0.001787,0.311127,0.000692,0.220089,0.000692,0.219919,-0.007634,0.311032,-0.007668,0.311064,-0.006244,0.220000,-0.006244,1,-0.364862,0.220000,0.220000,-0.000335,-0.015002,0.021787,-0.018213,0.311127,0.110000,0.000245,1
1772480128,54427601,-0.097489,-1.761614,2.468728,-1.329832,-0.645284,-1.323626,1,0.220348,0.017656,0.311127,0.000692,0.311127,0.003805,0.220091,0.003805,0.220190,-0.008343,0.311064,-0.006244,0.311062,-0.006338,0.220000,-0.006338,1,-0.370382,0.220000,0.220000,0.001090,-0.013577,0.020692,-0.019308,0.311127,0.110000,0.001345,1
1772480128,104390650,-0.104976,-1.754660,2.467905,-1.328087,-0.655353,-1.324449,1,0.219873,0.005929,0.311127,0.003805,0.311127,0.006132,0.220034,0.006132,0.219777,-0.006497,0.311062,-0.006338,0.311103,-0.003860,0.220000,-0.003860,1,-0.225590,0.220000,0.220000,0.000995,-0.013671,0.023805,-0.016195,0.311127,0.110000,0.002168,1
1772480128,129452325,-0.109448,-1.751183,2.468153,-1.326636,-0.660828,-1.324201,1,0.220177,0.010135,0.311127,0.006132,0.311127,0.005431,0.220038,0.005431,0.220052,-0.007431,0.311103,-0.003860,0.311100,-0.004107,0.220000,-0.004107,1,-0.240031,0.220000,0.220000,0.003473,-0.011194,0.026132,-0.013868,0.311127,0.110000,0.001920,1
1772480128,154429406,-0.114234,-1.747459,2.468198,-1.325084,-0.666690,-1.324156,1,0.219905,0.003382,0.311127,0.005431,0.311127,0.005303,0.220042,0.005303,0.219854,-0.004731,0.311100,-0.004107,0.311097,-0.004299,0.220000,-0.004299,1,-0.251200,0.220000,0.220000,0.003226,-0.011441,0.025431,-0.014569,0.311127,0.110000,0.001875,1
1772480128,204448043,-0.122726,-1.740813,2.467505,-1.322817,-0.678492,-1.325765,1,0.220053,0.000000,0.311127,0.005303,0.311127,0.009854,0.220007,0.009854,0.220011,-0.004329,0.311097,-0.004299,0.311122,-0.001800,0.220000,-0.001800,1,-0.105193,0.220000,0.220000,0.003035,-0.011632,0.025303,-0.014697,0.311127,0.110000,0.003484,1
1772480128,229474043,-0.127641,-1.737037,2.467878,-1.321200,-0.684476,-1.325392,1,0.219782,-0.001224,0.311127,0.009854,0.311127,0.008800,0.220011,0.008800,0.219735,-0.004571,0.311122,-0.001800,0.311119,-0.002187,0.220000,-0.002187,1,-0.127810,0.220000,0.220000,0.005533,-0.009133,0.029854,-0.010146,0.311127,0.110000,0.003111,1
1772480128,254449663,-0.131903,-1.733312,2.468052,-1.320071,-0.690022,-1.325218,1,0.220376,0.012727,0.311127,0.008800,0.311127,0.008307,0.220005,0.008307,0.220366,-0.002119,0.311119,-0.002187,0.311123,-0.001477,0.220000,-0.001477,1,-0.086339,0.220000,0.220000,0.005146,-0.009520,0.028800,-0.011200,0.311127,0.110000,0.002937,1
1772480128,304481058,-0.140335,-1.726158,2.468228,-1.317706,-0.700824,-1.325042,1,0.219720,0.028906,0.311127,0.008307,0.311127,0.007809,0.220001,0.007809,0.219706,-0.002464,0.311123,-0.001477,0.311127,-0.000501,0.220000,-0.000501,1,-0.029296,0.220000,0.220000,0.005856,-0.008811,0.028307,-0.011693,0.311127,0.110000,0.002761,1
1772480128,329471210,-0.145617,-1.723714,2.468047,-1.314989,-0.705970,-1.325223,1,0.220232,0.004965,0.311127,0.007809,0.311127,0.008321,0.220042,0.008321,0.220225,-0.001748,0.311127,-0.000501,0.311097,-0.004314,0.220000,-0.004314,1,-0.252112,0.220000,0.220000,0.006832,-0.007835,0.027809,-0.012191,0.311127,0.110000,0.002942,1
1772480128,354447083,-0.150235,-1.719196,2.467952,-1.314057,-0.712364,-1.325318,1,0.220036,-0.001855,0.311127,0.008321,0.311127,0.008590,0.220013,0.008590,0.220036,0.000000,0.311097,-0.004314,0.311118,-0.002391,0.220000,-0.002391,1,-0.139740,0.220000,0.220000,0.003019,-0.011647,0.028321,-0.011679,0.311127,0.110000,0.003037,1
1772480128,404571415,-0.157674,-1.714453,2.466992,-1.311019,-0.720647,-1.326278,1,0.220110,0.016435,0.311127,0.008590,0.311127,0.011307,0.220049,0.011307,0.220059,-0.004727,0.311118,-0.002391,0.311092,-0.004658,0.220000,-0.004658,1,-0.272210,0.220000,0.220000,0.004942,-0.009725,0.028590,-0.011410,0.311127,0.110000,0.003998,1
1772480128,429484746,-0.162081,-1.710502,2.467117,-1.309912,-0.726461,-1.326153,1,0.219837,0.006229,0.311127,0.011307,0.311127,0.010953,0.220031,0.010953,0.219820,-0.002755,0.311092,-0.004658,0.311105,-0.003688,0.220000,-0.003688,1,-0.215531,0.220000,0.220000,0.002675,-0.011991,0.031307,-0.008693,0.311127,0.110000,0.003872,1
1772480128,454496389,-0.166723,-1.707618,2.467665,-1.307970,-0.731569,-1.325605,1,0.220059,0.011460,0.311127,0.010953,0.311127,0.009401,0.220072,0.009401,0.220004,-0.004925,0.311105,-0.003688,0.311076,-0.005628,0.220000,-0.005628,1,-0.328885,0.220000,0.220000,0.003645,-0.011022,0.030953,-0.009047,0.311127,0.110000,0.003324,1
1772480128,504485106,-0.175542,-1.701056,2.466822,-1.304982,-0.742092,-1.326444,1,0.219898,0.024289,0.311127,0.009401,0.311127,0.011776,0.220088,0.011776,0.219868,-0.003644,0.311076,-0.005628,0.311064,-0.006238,0.220000,-0.006238,1,-0.364550,0.220000,0.220000,0.001705,-0.012961,0.029401,-0.010599,0.311127,0.110000,0.004163,1
1772480128,529484337,-0.179731,-1.696859,2.466016,-1.309016,-0.743021,-1.326861,1,0.219858,-0.005175,0.311127,0.011776,0.311127,0.012956,0.220003,0.012956,0.219781,-0.005817,0.311064,-0.006238,0.311077,0.005596,0.220000,0.001095,1,0.327021,0.220000,0.220000,0.001095,-0.013572,0.031776,-0.008224,0.311127,0.110000,0.004581,1
1772480128,554462119,-0.183785,-1.693724,2.466258,-1.307692,-0.747972,-1.326620,1,0.220265,0.012955,0.311127,0.012956,0.311127,0.012271,0.220065,0.012271,0.220185,-0.005935,0.311077,0.005596,0.311081,0.005336,0.220000,0.005336,1,0.311847,0.220000,0.220000,0.012929,-0.001737,0.032956,-0.007044,0.311127,0.110000,0.004339,1
1772480128,604589437,-0.193378,-1.685131,2.466752,-1.305271,-0.760622,-1.326126,1,0.219973,0.016153,0.311127,0.012271,0.311127,0.010875,0.220123,0.010875,0.219971,0.001037,0.311081,0.005336,0.311040,0.007346,0.220000,0.007346,1,0.429310,0.220000,0.220000,0.012670,-0.001997,0.032271,-0.007729,0.311127,0.110000,0.003845,1
1772480128,629667573,-0.196882,-1.683783,2.466655,-1.303302,-0.763818,-1.326222,1,0.220040,0.004009,0.311127,0.010875,0.311127,0.011148,0.220040,0.011148,0.219983,0.005024,0.311040,0.007346,0.311099,0.004201,0.220000,0.004201,1,0.245505,0.220000,0.220000,0.014680,0.000013,0.030875,-0.009125,0.311127,0.110000,0.003941,1
1772480128,654677809,-0.201443,-1.679522,2.466314,-1.302258,-0.769972,-1.326563,1,0.219875,0.012766,0.311127,0.011148,0.311127,0.012111,0.220075,0.012111,0.219749,0.007433,0.311099,0.004201,0.311074,0.005726,0.220000,0.005726,1,0.334646,0.220000,0.220000,0.011534,-0.003132,0.031148,-0.008852,0.311127,0.110000,0.004282,1
1772480128,704721913,-0.211340,-1.673649,2.465847,-1.297947,-0.780642,-1.327030,1,0.220147,0.005077,0.311127,0.012111,0.311127,0.013432,0.220005,0.013432,0.220119,0.003513,0.311074,0.005726,0.311123,0.001475,0.220000,0.001475,1,0.086204,0.220000,0.220000,0.013060,-0.001607,0.032111,-0.007889,0.311127,0.110000,0.004749,1
1772480128,729778357,-0.215463,-1.669468,2.466345,-1.297203,-0.786467,-1.326533,1,0.220066,0.008533,0.311127,0.013432,0.311127,0.012025,0.220025,0.012025,0.219984,0.006005,0.311123,0.001475,0.311109,0.003332,0.220000,0.003332,1,0.194742,0.220000,0.220000,0.008808,-0.005858,0.033432,-0.006568,0.311127,0.110000,0.004252,1
1772480128,754801664,-0.219335,-1.665473,2.466952,-1.296545,-0.791991,-1.325925,1,0.220144,0.033024,0.311127,0.012025,0.311127,0.010307,0.220061,0.010307,0.220137,0.001688,0.311109,0.003332,0.311084,0.005183,0.220000,0.005183,1,0.302906,0.220000,0.220000,0.010666,-0.004001,0.032025,-0.007975,0.311127,0.110000,0.003644,1
1772480128,804897682,-0.228838,-1.659563,2.466894,-1.292522,-0.802529,-1.326065,1,0.220323,0.018893,0.311127,0.010307,0.311127,0.010704,0.220005,0.010704,0.220295,0.003540,0.311084,0.005183,0.311123,0.001530,0.220000,0.001530,1,0.089431,0.220000,0.220000,0.012517,-0.002150,0.030307,-0.009693,0.311127,0.110000,0.003785,1
1772480128,829953585,-0.232632,-1.656853,2.466877,-1.288980,-0.810529,-1.329883,1,0.219932,0.006131,0.311127,0.010704,0.311127,0.021502,0.220005,0.021502,0.219867,0.005327,0.311123,0.001530,0.311124,-0.001429,0.220000,-0.001429,1,-0.083484,0.220000,0.220000,0.008864,-0.005803,0.030704,-0.009296,0.311127,0.110000,0.007602,1
1772480128,854981799,-0.238078,-1.653695,2.466437,-1.286585,-0.816351,-1.330323,1,0.221173,0.018620,0.311127,0.021502,0.311127,0.022747,0.220033,0.022747,0.221166,0.001833,0.311124,-0.001429,0.311104,-0.003807,0.220000,-0.003807,1,-0.222453,0.220000,0.220000,0.005905,-0.008762,0.041502,0.001502,0.311127,0.110000,0.008042,1
1772480128,905000205,-0.246845,-1.647198,2.466370,-1.283592,-0.826844,-1.330390,1,0.219774,0.024688,0.311127,0.022747,0.311127,0.022935,0.220050,0.022935,0.219768,-0.001529,0.311104,-0.003807,0.311092,-0.004692,0.220000,-0.004692,1,-0.274211,0.220000,0.220000,0.003527,-0.011140,0.042747,0.002747,0.311127,0.110000,0.008109,1
1772480128,930121225,-0.251379,-1.643783,2.467081,-1.282077,-0.832315,-1.329679,1,0.219721,0.025437,0.311127,0.022935,0.311127,0.020924,0.220063,0.020924,0.219688,-0.003820,0.311092,-0.004692,0.311083,-0.005259,0.220000,-0.005259,1,-0.307346,0.220000,0.220000,0.002641,-0.012026,0.042935,0.002935,0.311127,0.110000,0.007398,1
1772480128,955126717,-0.255739,-1.639831,2.468584,-1.281028,-0.838105,-1.328176,1,0.220620,0.034343,0.311127,0.020924,0.311127,0.016675,0.220048,0.016675,0.220573,-0.004553,0.311083,-0.005259,0.311093,-0.004575,0.220000,-0.004575,1,-0.267381,0.220000,0.220000,0.002074,-0.012593,0.040924,0.000924,0.311127,0.110000,0.005895,1
1772480129,5263316,-0.265578,-1.633794,2.470704,-1.276904,-0.848887,-1.326056,1,0.220902,0.019644,0.311127,0.016675,0.311127,0.010676,0.220186,0.010676,0.220835,-0.005410,0.311093,-0.004575,0.310996,-0.009040,0.220000,-0.009040,1,-0.528299,0.220000,0.220000,0.002758,-0.011909,0.036675,-0.003325,0.311127,0.110000,0.003775,1
1772480129,30245537,-0.270439,-1.630515,2.471006,-1.275048,-0.854449,-1.325754,1,0.220094,-0.013089,0.311127,0.010676,0.311127,0.009823,0.220243,0.009823,0.219878,-0.009755,0.310996,-0.009040,0.310955,-0.010354,0.220000,-0.010354,1,-0.605049,0.220000,0.220000,-0.001707,-0.016374,0.030676,-0.009324,0.311127,0.110000,0.003473,1
1772480129,55231234,-0.274971,-1.625567,2.470911,-1.274469,-0.861134,-1.325849,1,0.220093,0.001461,0.311127,0.009823,0.311127,0.010093,0.220120,0.010093,0.219898,-0.009262,0.310955,-0.010354,0.311042,-0.007260,0.220000,-0.007260,1,-0.424237,0.220000,0.220000,-0.003020,-0.017687,0.029823,-0.010177,0.311127,0.110000,0.003569,1
1772480129,105336491,-0.284398,-1.619021,2.471940,-1.271175,-0.872026,-1.324866,1,0.220305,0.010976,0.311127,0.010093,0.311127,0.007312,0.220185,0.007312,0.220058,-0.010423,0.311042,-0.007260,0.310996,-0.009018,0.220000,-0.009018,1,-0.526981,0.220000,0.220000,0.000074,-0.014593,0.030093,-0.009907,0.311127,0.110000,0.002585,1
1772480129,130471346,-0.288204,-1.616697,2.472789,-1.274492,-0.875130,-1.325190,1,0.221370,0.002769,0.311127,0.007312,0.311127,0.008228,0.220006,0.008228,0.221179,-0.009185,0.310996,-0.009018,0.311118,0.002336,0.220000,-0.001684,1,0.136487,0.220000,0.220000,-0.001684,-0.016351,0.027312,-0.012688,0.311127,0.110000,0.002909,1
1772480129,155387348,-0.291838,-1.611720,2.473854,-1.274650,-0.881291,-1.324125,1,0.220036,0.003412,0.311127,0.008228,0.311127,0.005216,0.220103,0.005216,0.219828,-0.009556,0.311118,0.002336,0.311054,0.006724,0.220000,0.006724,1,0.392919,0.220000,0.220000,0.009669,-0.004998,0.028228,-0.011772,0.311127,0.110000,0.001844,1
1772480129,205490788,-0.300997,-1.604954,2.474109,-1.271524,-0.892240,-1.323869,1,0.220419,0.013246,0.311127,0.005216,0.311127,0.004493,0.220074,0.004493,0.220417,-0.001048,0.311054,0.006724,0.311075,0.005690,0.220000,0.005690,1,0.332528,0.220000,0.220000,0.014057,-0.000610,0.025216,-0.014784,0.311127,0.110000,0.001588,1
1772480129,230503835,-0.305480,-1.601047,2.473904,-1.270357,-0.898071,-1.324075,1,0.219428,0.001251,0.311127,0.004493,0.311127,0.005074,0.220099,0.005074,0.219356,0.005628,0.311075,0.005690,0.311057,0.006612,0.220000,0.006612,1,0.386377,0.220000,0.220000,0.013024,-0.001643,0.024493,-0.015507,0.311127,0.110000,0.001794,1
1772480129,255548102,-0.309231,-1.597289,2.472754,-1.269678,-0.903338,-1.325225,1,0.220353,0.006603,0.311127,0.005074,0.311127,0.008327,0.220175,0.008327,0.220276,0.005835,0.311057,0.006612,0.311003,0.008773,0.220000,0.008773,1,0.512685,0.220000,0.220000,0.013945,-0.000722,0.025074,-0.014926,0.311127,0.110000,0.002944,1
1772480129,305615331,-0.318681,-1.591139,2.471437,-1.265945,-0.913976,-1.326542,1,0.220384,0.008650,0.311127,0.008327,0.311127,0.012053,0.220092,0.012053,0.220256,0.007514,0.311003,0.008773,0.311062,0.006349,0.220000,0.006349,1,0.371020,0.220000,0.220000,0.016106,0.001440,0.028327,-0.011673,0.311127,0.110000,0.004261,1
1772480129,330629849,-0.323325,-1.587330,2.471579,-1.264590,-0.919828,-1.326400,1,0.219785,-0.005273,0.311127,0.012053,0.311127,0.011651,0.220101,0.011651,0.219706,0.005909,0.311062,0.006349,0.311056,0.006662,0.220000,0.006662,1,0.389310,0.220000,0.220000,0.013682,-0.000984,0.032053,-0.007947,0.311127,0.110000,0.004119,1
1772480129,355645255,-0.328357,-1.584607,2.471788,-1.262265,-0.925056,-1.326191,1,0.219668,0.008415,0.311127,0.011651,0.311127,0.011058,0.220034,0.011058,0.219568,0.006604,0.311056,0.006662,0.311103,0.003860,0.220000,0.003860,1,0.225587,0.220000,0.220000,0.013995,-0.000671,0.031651,-0.008349,0.311127,0.110000,0.003910,1
1772480129,405737956,-0.336351,-1.577125,2.473024,-1.260865,-0.935850,-1.325167,1,0.220343,0.020538,0.311127,0.011058,0.311127,0.008164,0.220118,0.008164,0.220226,0.007199,0.311103,0.003860,0.311043,0.007213,0.220000,0.007213,1,0.421515,0.220000,0.220000,0.011194,-0.003473,0.031058,-0.008942,0.311127,0.110000,0.002887,1
1772480129,430716158,-0.340993,-1.575334,2.472331,-1.265768,-0.939900,-1.330193,1,0.220232,0.020039,0.311127,0.008164,0.311127,0.022380,0.220480,0.022380,0.220094,0.007793,0.311043,0.007213,0.310119,0.025029,0.220000,0.014546,1,1.462632,0.220000,0.220000,0.014546,-0.000120,0.028164,-0.011836,0.311127,0.110000,0.007913,1
1772480129,455789907,-0.345644,-1.572002,2.472680,-1.264141,-0.945385,-1.329845,1,0.220249,0.008862,0.311127,0.022380,0.311127,0.021394,0.221335,0.021394,0.220113,0.007740,0.310119,0.025029,0.310178,0.024276,0.220000,0.024276,1,1.418664,0.220000,0.220000,0.032362,0.017695,0.042380,0.002380,0.311127,0.110000,0.007564,1
1772480129,505887095,-0.354741,-1.564362,2.473754,-1.261650,-0.957000,-1.328771,1,0.220874,0.042822,0.311127,0.021394,0.311127,0.018356,0.221438,0.018356,0.220341,0.015330,0.310178,0.024276,0.310105,0.025194,0.220000,0.025194,1,1.472307,0.220000,0.220000,0.031609,0.016943,0.041394,0.001394,0.311127,0.110000,0.006490,1
1772480129,530840483,-0.359716,-1.561526,2.473139,-1.259464,-0.962293,-1.329386,1,0.221525,0.036224,0.311127,0.018356,0.311127,0.020096,0.221207,0.020096,0.219950,0.026370,0.310105,0.025194,0.310270,0.023075,0.220000,0.023075,1,1.348464,0.220000,0.220000,0.032527,0.017861,0.038356,-0.001644,0.311127,0.110000,0.007105,1
1772480129,555919360,-0.364482,-1.558111,2.473259,-1.257797,-0.967914,-1.329266,1,0.222098,0.015133,0.311127,0.020096,0.311127,0.019756,0.221135,0.019756,0.220657,0.025261,0.310270,0.023075,0.310321,0.022379,0.220000,0.022379,1,1.307814,0.220000,0.220000,0.030408,0.015742,0.040096,0.000096,0.311127,0.110000,0.006985,1
1772480129,605924123,-0.374303,-1.551721,2.473290,-1.253967,-0.978988,-1.329234,1,0.221432,0.017095,0.311127,0.019756,0.311127,0.019668,0.220869,0.019668,0.220179,0.023528,0.310321,0.022379,0.310511,0.019573,0.220000,0.019573,1,1.143843,0.220000,0.220000,0.029713,0.015046,0.039756,-0.000244,0.311127,0.110000,0.006954,1
1772480129,630991592,-0.378420,-1.548477,2.474094,-1.252709,-0.984076,-1.328431,1,0.221355,0.027043,0.311127,0.019668,0.311127,0.017394,0.220855,0.017394,0.220489,0.019555,0.310511,0.019573,0.310521,0.019414,0.220000,0.019414,1,1.134520,0.220000,0.220000,0.026907,0.012240,0.039668,-0.000332,0.311127,0.110000,0.006150,1
1772480129,656017940,-0.383732,-1.545709,2.474617,-1.250214,-0.989522,-1.327908,1,0.221003,0.028979,0.311127,0.017394,0.311127,0.015916,0.220596,0.015916,0.220063,0.020362,0.310521,0.019414,0.310705,0.016202,0.220000,0.016202,1,0.946839,0.220000,0.220000,0.026747,0.012081,0.037394,-0.002606,0.311127,0.110000,0.005627,1
1772480129,706051127,-0.392944,-1.540517,2.475954,-1.246411,-0.999478,-1.326741,1,0.220095,0.022637,0.311127,0.015916,0.311127,0.012616,0.220346,0.012616,0.219219,0.019619,0.310705,0.016202,0.310882,0.012341,0.220000,0.012341,1,0.721164,0.220000,0.220000,0.023536,0.008869,0.035916,-0.004084,0.311127,0.110000,0.004460,1
1772480129,731078843,-0.397855,-1.537694,2.476442,-1.249322,-1.008347,-1.329296,1,0.220069,0.000000,0.311127,0.012616,0.311127,0.019842,0.220878,0.019842,0.219729,0.012237,0.310882,0.012341,0.309929,0.027279,0.220000,0.019674,1,1.594164,0.220000,0.220000,0.019674,0.005007,0.032616,-0.007384,0.311127,0.110000,0.007015,1
1772480129,756192883,-0.402872,-1.535333,2.476776,-1.246826,-1.013298,-1.328963,1,0.220400,0.011880,0.311127,0.019842,0.311127,0.018899,0.221282,0.018899,0.220013,0.013048,0.309929,0.027279,0.310217,0.023780,0.220000,0.023780,1,1.389694,0.220000,0.220000,0.034613,0.019946,0.039842,-0.000158,0.311127,0.110000,0.006682,1
1772480129,806172007,-0.411419,-1.526984,2.478628,-1.245242,-1.025141,-1.327110,1,0.221887,0.047885,0.311127,0.018899,0.311127,0.013659,0.221663,0.013659,0.220437,0.025325,0.310217,0.023780,0.309944,0.027101,0.220000,0.027101,1,1.583717,0.220000,0.220000,0.031114,0.016447,0.038899,-0.001101,0.311127,0.110000,0.004829,1
1772480129,831228955,-0.415084,-1.524292,2.479351,-1.244016,-1.029520,-1.326387,1,0.221360,0.026453,0.311127,0.013659,0.311127,0.011615,0.221598,0.011615,0.219574,0.028067,0.309944,0.027101,0.309991,0.026561,0.220000,0.026561,1,1.552196,0.220000,0.220000,0.034434,0.019767,0.033659,-0.006341,0.311127,0.110000,0.004106,1
1772480129,856243086,-0.418710,-1.520200,2.480105,-1.243683,-1.034978,-1.325634,1,0.221849,0.026316,0.311127,0.011615,0.311127,0.009484,0.221931,0.009484,0.220199,0.027010,0.309991,0.026561,0.309753,0.029210,0.220000,0.029210,1,1.706984,0.220000,0.220000,0.033894,0.019228,0.031615,-0.008385,0.311127,0.110000,0.003353,1
1772480129,906299246,-0.429774,-1.515028,2.479659,-1.238159,-1.045870,-1.326079,1,0.222018,0.020627,0.311127,0.009484,0.311127,0.010744,0.221085,0.010744,0.219989,0.029941,0.309753,0.029210,0.310363,0.021783,0.220000,0.021877,1,1.272977,0.220000,0.220000,0.036543,0.021877,0.029484,-0.010516,0.311127,0.110000,0.003798,1
1772480129,931307478,-0.434115,-1.512812,2.479462,-1.236106,-1.050290,-1.326276,1,0.221717,-0.042604,0.311127,0.010744,0.311127,0.011300,0.220844,0.011300,0.220758,0.020592,0.310363,0.021783,0.310528,0.019294,0.220000,0.019294,1,1.127504,0.220000,0.220000,0.029116,0.014450,0.030744,-0.009256,0.311127,0.110000,0.003995,1
1772480129,956364072,-0.438762,-1.508223,2.480211,-1.235275,-1.056768,-1.325527,1,0.220494,0.006749,0.311127,0.011300,0.311127,0.009182,0.221028,0.009182,0.219403,0.021901,0.310528,0.019294,0.310398,0.021289,0.220000,0.021289,1,1.244084,0.220000,0.220000,0.026627,0.011960,0.031300,-0.008700,0.311127,0.110000,0.003246,1
1772480130,6362059,-0.448075,-1.502102,2.481156,-1.232461,-1.067657,-1.325668,1,0.221813,0.036813,0.311127,0.009182,0.311127,0.009580,0.221018,0.009580,0.220696,0.022230,0.310398,0.021289,0.310404,0.021192,0.220000,0.021192,1,1.238430,0.220000,0.220000,0.028622,0.013955,0.029182,-0.010818,0.311127,0.110000,0.003387,1
1772480130,31421444,-0.453280,-1.499530,2.481792,-1.229953,-1.072894,-1.325032,1,0.221935,-0.001429,0.311127,0.009580,0.311127,0.007782,0.220716,0.007782,0.220923,0.021164,0.310404,0.021192,0.310619,0.017764,0.220000,0.017764,1,1.038083,0.220000,0.220000,0.028525,0.013859,0.029580,-0.010420,0.311127,0.110000,0.002751,1
1772480130,56407249,-0.458264,-1.497302,2.482583,-1.227407,-1.077722,-1.324241,1,0.220534,0.012522,0.311127,0.007782,0.311127,0.005545,0.220439,0.005545,0.219506,0.021276,0.310619,0.017764,0.310816,0.013898,0.220000,0.013898,1,0.812167,0.220000,0.220000,0.025097,0.010430,0.027782,-0.012218,0.311127,0.110000,0.001960,1
1772480130,106480454,-0.467313,-1.491566,2.483579,-1.223829,-1.087821,-1.323245,1,0.220964,-0.011400,0.311127,0.005545,0.311127,0.002726,0.220265,0.002726,0.220554,0.013450,0.310816,0.013898,0.310939,0.010803,0.220000,0.010803,1,0.631322,0.220000,0.220000,0.021231,0.006564,0.025545,-0.014455,0.311127,0.110000,0.000964,1
1772480130,131506229,-0.472674,-1.487338,2.484529,-1.222220,-1.094456,-1.322295,1,0.219754,0.012943,0.311127,0.002726,0.311127,0.000041,0.220261,0.000041,0.219503,0.010504,0.310939,0.010803,0.310942,0.010713,0.220000,0.010713,1,0.626080,0.220000,0.220000,0.018137,0.003470,0.022726,-0.017274,0.311127,0.110000,0.000015,1
1772480130,156521966,-0.477080,-1.484476,2.485025,-1.220520,-1.099428,-1.321799,1,0.220351,-0.001547,0.311127,0.000041,0.311127,-0.001362,0.220199,-0.001362,0.220075,0.011011,0.310942,0.010713,0.310986,0.009358,0.220000,0.009358,1,0.546855,0.220000,0.220000,0.018047,0.003380,0.020041,-0.019959,0.311127,0.110000,-0.000482,1
1772480130,206584046,-0.485839,-1.480075,2.485034,-1.216345,-1.108296,-1.321790,1,0.220083,-0.009893,0.311127,-0.001362,0.311127,-0.001390,0.220038,-0.001390,0.219918,0.008524,0.310986,0.009358,0.311100,0.004079,0.220000,0.004079,1,0.238348,0.220000,0.220000,0.016691,0.002024,0.018638,-0.021362,0.311127,0.110000,-0.000491,1
1772480130,231547522,-0.491335,-1.476917,2.485238,-1.213970,-1.114174,-1.321586,1,0.219357,0.003899,0.311127,-0.001390,0.311127,-0.001964,0.220006,-0.001964,0.219324,0.003833,0.311100,0.004079,0.311123,0.001592,0.220000,0.001592,1,0.093060,0.220000,0.220000,0.011412,-0.003255,0.018610,-0.021390,0.311127,0.110000,-0.000694,1
1772480130,256587212,-0.495268,-1.473231,2.484998,-1.213151,-1.119501,-1.321826,1,0.219965,0.001838,0.311127,-0.001964,0.311127,-0.001286,0.220022,-0.001286,0.219925,0.004195,0.311123,0.001592,0.311111,0.003127,0.220000,0.003127,1,0.182756,0.220000,0.220000,0.008926,-0.005741,0.018036,-0.021964,0.311127,0.110000,-0.000455,1
1772480130,306616872,-0.504970,-1.469212,2.485503,-1.206058,-1.130588,-1.319938,1,0.220343,0.002836,0.311127,-0.001286,0.311127,-0.006625,0.220040,-0.006625,0.220321,0.003108,0.311111,0.003127,0.310991,-0.009193,0.220000,-0.004206,1,-0.537205,0.220000,0.220000,0.010461,-0.004206,0.018714,-0.021286,0.311127,0.110000,-0.002342,1
1772480130,331688162,-0.510402,-1.465318,2.485797,-1.204178,-1.137002,-1.319645,1,0.220066,0.009730,0.311127,-0.006625,0.311127,-0.007456,0.220226,-0.007456,0.220020,-0.004533,0.310991,-0.009193,0.310967,-0.009973,0.220000,-0.009973,1,-0.582821,0.220000,0.220000,-0.001859,-0.016526,0.013375,-0.026625,0.311127,0.110000,-0.002636,1
1772480130,356660168,-0.514824,-1.462836,2.485884,-1.202225,-1.141682,-1.319558,1,0.220186,-0.018938,0.311127,-0.007456,0.311127,-0.007701,0.220333,-0.007701,0.220140,-0.004513,0.310967,-0.009973,0.310892,-0.012100,0.220000,-0.012100,1,-0.707119,0.220000,0.220000,-0.002640,-0.017307,0.012544,-0.027456,0.311127,0.110000,-0.002723,1
1772480130,406662770,-0.524358,-1.456483,2.485691,-1.198630,-1.152559,-1.319751,1,0.220381,-0.017756,0.311127,-0.007701,0.311127,-0.007157,0.220466,-0.007157,0.219966,-0.013522,0.310892,-0.012100,0.310797,-0.014328,0.220000,-0.014328,1,-0.837317,0.220000,0.220000,-0.004767,-0.019434,0.012299,-0.027701,0.311127,0.110000,-0.002530,1
1772480130,431725127,-0.528202,-1.452369,2.486152,-1.198137,-1.158169,-1.319290,1,0.220659,-0.010409,0.311127,-0.007157,0.311127,-0.008460,0.220323,-0.008460,0.220151,-0.014969,0.310797,-0.014328,0.310899,-0.011920,0.220000,-0.011920,1,-0.696567,0.220000,0.220000,-0.006995,-0.021661,0.012843,-0.027157,0.311127,0.110000,-0.002991,1
1772480130,456818337,-0.532753,-1.449602,2.486871,-1.196258,-1.163152,-1.318571,1,0.220306,0.005352,0.311127,-0.008460,0.311127,-0.010494,0.220434,-0.010494,0.219987,-0.011857,0.310899,-0.011920,0.310820,-0.013829,0.220000,-0.013829,1,-0.808134,0.220000,0.220000,-0.004586,-0.019253,0.011540,-0.028460,0.311127,0.110000,-0.003710,1
1772480130,506836563,-0.542165,-1.441380,2.487728,-1.193911,-1.175427,-1.317714,1,0.220693,-0.018815,0.311127,-0.010494,0.311127,-0.012916,0.220327,-0.012916,0.220204,-0.014685,0.310820,-0.013829,0.310896,-0.011991,0.220000,-0.011991,1,-0.700742,0.220000,0.220000,-0.006495,-0.021162,0.009506,-0.030494,0.311127,0.110000,-0.004567,1
1772480130,531797931,-0.545528,-1.437328,2.487392,-1.193758,-1.180690,-1.318050,1,0.220326,-0.007888,0.311127,-0.012916,0.311127,-0.011966,0.220170,-0.011966,0.219963,-0.012639,0.310896,-0.011991,0.311007,-0.008643,0.220000,-0.008643,1,-0.505096,0.220000,0.220000,-0.004658,-0.019324,0.007084,-0.032916,0.311127,0.110000,-0.004231,1
1772480130,556834918,-0.549960,-1.435126,2.486904,-1.191548,-1.185115,-1.318411,1,0.220504,0.006912,0.311127,-0.011966,0.311127,-0.010947,0.220301,-0.010947,0.220353,-0.008160,0.311007,-0.008643,0.310914,-0.011513,0.220000,-0.011513,1,-0.672797,0.220000,0.220000,-0.001310,-0.015977,0.008034,-0.031966,0.311127,0.110000,-0.003870,1
1772480130,606911016,-0.559069,-1.428361,2.485809,-1.186491,-1.194993,-1.316155,1,0.220586,-0.023808,0.311127,-0.010947,0.311127,-0.017327,0.220806,-0.017327,0.220260,-0.011991,0.310914,-0.011513,0.310534,-0.019204,0.220000,-0.018846,1,-1.122258,0.220000,0.220000,-0.004180,-0.018846,0.009053,-0.030947,0.311127,0.110000,-0.006126,1
1772480130,631870555,-0.563592,-1.424288,2.484667,-1.185416,-1.200984,-1.317296,1,0.221212,-0.011827,0.311127,-0.017327,0.311127,-0.014100,0.220705,-0.014100,0.220443,-0.018436,0.310534,-0.019204,0.310627,-0.017628,0.220000,-0.017628,1,-1.030128,0.220000,0.220000,-0.011871,-0.026537,0.002673,-0.037327,0.311127,0.110000,-0.004985,1
1772480130,656920137,-0.567311,-1.420194,2.484420,-1.184991,-1.206499,-1.317543,1,0.220485,-0.009822,0.311127,-0.014100,0.311127,-0.013401,0.220503,-0.013401,0.219635,-0.019336,0.310627,-0.017628,0.310771,-0.014881,0.220000,-0.014881,1,-0.869597,0.220000,0.220000,-0.010294,-0.024961,0.005900,-0.034100,0.311127,0.110000,-0.004738,1
1772480130,706985012,-0.575599,-1.414070,2.485215,-1.182202,-1.216419,-1.316749,1,0.220441,0.010083,0.311127,-0.013401,0.311127,-0.015647,0.220572,-0.015647,0.219995,-0.014016,0.310771,-0.014881,0.310722,-0.015872,0.220000,-0.015872,1,-0.927558,0.220000,0.220000,-0.007547,-0.022214,0.006599,-0.033401,0.311127,0.110000,-0.005532,1
1772480130,731937525,-0.580941,-1.411861,2.485455,-1.179338,-1.221440,-1.316508,1,0.220201,-0.015509,0.311127,-0.015647,0.311127,-0.016328,0.220935,-0.016328,0.219595,-0.016321,0.310722,-0.015872,0.310464,-0.020305,0.220000,-0.020305,1,-1.186592,0.220000,0.220000,-0.008539,-0.023206,0.004353,-0.035647,0.311127,0.110000,-0.005773,1
1772480130,756985095,-0.583812,-1.407977,2.484132,-1.179453,-1.226269,-1.317831,1,0.220168,-0.018964,0.311127,-0.016328,0.311127,-0.012585,0.220597,-0.012585,0.219574,-0.016166,0.310464,-0.020305,0.310704,-0.016220,0.220000,-0.016220,1,-0.947875,0.220000,0.220000,-0.012972,-0.027638,0.003672,-0.036328,0.311127,0.110000,-0.004450,1
1772480130,807011921,-0.594187,-1.400354,2.481706,-1.175935,-1.238653,-1.320257,1,0.221226,0.007527,0.311127,-0.012585,0.311127,-0.005724,0.220618,-0.005724,0.220270,-0.020541,0.310704,-0.016220,0.310689,-0.016495,0.220000,-0.016495,1,-0.963959,0.220000,0.220000,-0.008887,-0.023553,0.007415,-0.032585,0.311127,0.110000,-0.002024,1
1772480130,831999793,-0.596910,-1.398180,2.481621,-1.175118,-1.242041,-1.320342,1,0.220816,-0.016063,0.311127,-0.005724,0.311127,-0.005484,0.220607,-0.005484,0.220190,-0.016615,0.310689,-0.016495,0.310697,-0.016352,0.220000,-0.016352,1,-0.955562,0.220000,0.220000,-0.009162,-0.023829,0.014276,-0.025724,0.311127,0.110000,-0.001939,1
1772480130,857038036,-0.602183,-1.393657,2.482850,-1.173760,-1.248820,-1.319006,1,0.220933,-0.002888,0.311127,-0.005484,0.311127,-0.009262,0.220565,-0.009262,0.220257,-0.017261,0.310697,-0.016352,0.310727,-0.015773,0.220000,-0.015773,1,-0.921774,0.220000,0.220000,-0.009018,-0.023685,0.014516,-0.025484,0.311127,0.110000,-0.003274,1
1772480130,907048235,-0.611403,-1.384959,2.481475,-1.172749,-1.260519,-1.317128,1,0.221053,0.008013,0.311127,-0.009262,0.311127,4.428307,0.220274,0.010738,0.220432,-0.016564,0.310727,-0.015773,0.310933,-0.010991,0.220000,-0.010991,1,-0.642276,0.220000,0.220000,-0.008440,-0.023107,0.010738,-0.029262,0.311127,0.110000,1.565643,1
1772480130,932236968,-0.614437,-1.381305,2.480720,-1.172578,-1.265265,-1.317883,1,0.220184,-0.010012,0.311127,4.428307,0.311127,4.430445,0.220143,0.600000,0.219605,-0.015968,0.310933,-0.010991,0.311026,-0.007923,0.220000,-0.007923,1,-0.462990,0.220000,0.220000,-0.003657,-0.018324,0.600000,0.600000,0.311127,0.110000,1.566399,1
1772480130,957122997,-0.618910,-1.377694,2.479272,-1.171242,-1.270856,-1.319331,1,0.220694,0.034313,0.311127,4.430445,0.311127,4.434539,0.303693,0.600000,0.220498,-0.009293,0.311026,-0.007923,0.302107,0.074371,0.303693,-0.000589,1,4.346146,0.220000,0.220000,-0.000589,-0.015256,0.600000,0.600000,0.311127,0.110000,1.567846,1
1772480131,7151252,-0.626708,-1.370896,2.479483,-1.169219,-1.281001,-1.319120,1,0.219887,0.033900,0.311127,4.434539,0.311127,4.433941,0.305888,0.600000,0.219739,-0.008055,0.302107,0.074371,0.273139,0.148981,0.294774,0.081705,1,8.706221,0.220000,0.220000,0.081705,0.067038,0.600000,0.600000,0.311127,0.110000,1.567635,1
1772480131,32201422,-0.630274,-1.367302,2.479826,-1.168590,-1.286025,-1.318777,1,0.220602,0.037864,0.311127,4.433941,0.311127,4.432973,0.308361,0.600000,0.220602,0.000000,0.273139,0.148981,0.259059,0.172303,0.265805,0.156314,1,10.069137,0.220000,0.220000,0.156314,0.141647,0.600000,0.600000,0.311127,0.110000,1.567292,1
1772480131,57238159,-0.635375,-1.362960,2.479643,-1.167204,-1.292579,-1.318961,1,0.220828,0.095461,0.311127,4.432973,0.311127,4.433491,0.309249,0.600000,0.220671,0.008341,0.259059,0.172303,0.240182,0.197769,0.251726,0.179636,1,11.557359,0.220000,0.220000,0.179636,0.164970,0.600000,0.600000,0.311127,0.110000,1.567476,1
1772480131,107275649,-0.643290,-1.356998,2.481584,-1.164578,-1.302134,-1.317019,1,0.220006,0.084611,0.311127,4.433491,0.311127,4.428001,0.310299,0.600000,0.219530,0.014462,0.240182,0.197769,0.212699,0.227066,0.232848,0.205103,1,13.269437,0.220000,0.220000,0.205103,0.190436,0.600000,0.600000,0.311127,0.110000,1.565535,1
1772480131,132270850,-0.647230,-1.355012,2.483709,-1.162644,-1.306055,-1.314916,1,0.221459,0.124054,0.311127,4.428001,0.311127,4.422051,0.300957,0.600000,0.220308,0.022551,0.212699,0.227066,0.201159,0.237350,0.205366,0.220000,1,13.870425,0.220000,0.205366,0.220000,0.219733,0.600000,0.600000,0.311127,0.110000,1.563431,1
1772480131,157294047,-0.651946,-1.350666,2.486633,-1.160734,-1.310578,-1.312694,1,0.213507,0.165189,0.311127,4.422051,0.311127,4.415767,0.293203,0.600000,0.211291,0.030685,0.201159,0.237350,0.188060,0.247858,0.193825,0.220000,1,14.484445,0.208492,0.193825,0.220000,0.220000,0.600000,0.600000,0.311127,0.110000,1.561209,1
1772480131,207389004,-0.661010,-1.347199,2.491333,-1.155680,-1.318863,-1.307995,1,0.208587,0.145381,0.311127,4.415767,0.311127,4.402475,0.284714,0.600000,0.205352,0.036598,0.188060,0.247858,0.163247,0.264859,0.180727,0.220000,1,15.477979,0.195393,0.180727,0.220000,0.220000,0.600000,0.600000,0.311127,0.110000,1.556510,1
1772480131,232390933,-0.665724,-1.344617,2.494760,-1.153529,-1.323788,-1.304567,1,0.202449,0.173313,0.311127,4.402475,0.311127,4.392780,0.269646,0.600000,0.197620,0.043952,0.163247,0.264859,0.149305,0.272961,0.155914,0.220000,1,15.951474,0.170581,0.155914,0.220000,0.220000,0.600000,0.600000,0.311127,0.110000,1.553082,1
1772480131,257413057,-0.670376,-1.341988,2.498254,-1.151453,-1.328712,-1.301073,1,0.195791,0.211325,0.311127,4.392780,0.311127,4.382899,0.261832,0.600000,0.188727,0.052118,0.149305,0.272961,0.135474,0.280084,0.141972,0.220000,1,16.367690,0.156639,0.141972,0.220000,0.220000,0.600000,0.600000,0.311127,0.110000,1.549589,1
1772480131,307535694,-0.679292,-1.338398,2.505876,-1.146593,-1.337004,-1.293451,1,0.192750,0.203875,0.311127,4.382899,0.311127,4.361341,0.254598,4.362899,0.183583,0.058733,0.135474,0.280084,0.111807,0.290343,0.128140,0.220000,1,16.967243,0.142807,0.128140,0.220000,0.220000,0.600000,0.600000,0.311127,0.110000,1.541967,1
1772480131,332532897,-0.684803,-1.337174,2.510820,-1.142980,-1.341342,-1.288507,1,0.188015,0.237929,0.311127,4.361341,0.311127,4.347356,0.243546,0.600000,0.175938,0.066300,0.111807,0.290343,0.099000,0.294956,0.104474,0.220000,1,17.236798,0.119140,0.104474,0.220000,0.220000,0.600000,0.600000,0.311127,0.110000,1.537023,1
1772480131,357595549,-0.688935,-1.334969,2.515999,-1.141057,-1.345613,-1.283328,1,0.184020,0.235918,0.311127,4.347356,0.311127,4.332709,0.238333,0.600000,0.168674,0.073568,0.099000,0.294956,0.087631,0.298531,0.091667,0.220000,1,17.445734,0.106334,0.091667,0.220000,0.220000,0.600000,0.600000,0.311127,0.110000,1.531844,1
1772480131,407649121,-0.697972,-1.332636,2.528142,-1.135414,-1.353012,-1.271067,1,0.180255,0.254418,0.311127,4.332709,0.311127,4.298027,0.234196,4.312709,0.161140,0.080784,0.087631,0.298531,0.067365,0.303747,0.080298,0.220000,1,17.750518,0.094964,0.080298,0.220000,0.220000,0.600000,0.600000,0.311127,0.110000,1.519582,1
1772480131,432678961,-0.702879,-1.331932,2.534594,-1.133938,-1.357251,-1.261731,1,0.176955,0.294620,0.311127,4.298027,0.311127,4.271623,0.228043,4.278027,0.153482,0.088070,0.067365,0.303747,0.057687,0.305732,0.060031,0.220000,1,17.866558,0.074698,0.060031,0.220000,0.220000,0.600000,0.600000,0.311127,0.110000,1.510247,1
1772480131,457726500,-0.705848,-1.331897,2.541085,-1.131604,-1.359085,-1.255240,1,0.175075,0.293501,0.311127,4.271623,0.311127,4.253263,0.226314,0.600000,0.146917,0.095219,0.057687,0.305732,0.053083,0.306565,0.053083,0.220000,1,17.915228,0.065020,0.050354,0.220000,0.220000,0.600000,0.600000,0.311127,0.110000,1.503756,1
1772480131,482802279,-0.710638,-1.331569,2.548796,-1.128005,-1.362263,-1.247529,1,0.172845,0.325361,0.311127,4.253263,0.311127,4.231453,0.224707,4.233263,0.138619,0.103248,0.053083,0.306565,0.044334,0.307952,0.045750,0.220000,1,17.996283,0.060417,0.045750,0.220000,0.220000,0.600000,0.600000,0.311127,0.110000,1.496045,1
1772480131,532846156,-0.719465,-1.332301,2.564019,-1.120557,-1.367057,-1.232306,1,0.171165,0.337035,0.311127,4.231453,0.311127,4.188397,0.223090,4.211453,0.131520,0.109545,0.044334,0.307952,0.030830,0.309596,0.037001,0.220000,1,18.092336,0.051667,0.037001,0.220000,0.220000,0.600000,0.600000,0.311127,0.110000,1.480822,1
1772480131,558053907,-0.723353,-1.332850,2.572714,-1.117139,-1.368989,-1.223611,1,0.171402,0.368022,0.311127,4.188397,0.311127,4.163802,0.221517,4.168397,0.124147,0.118179,0.030830,0.309596,0.025880,0.310049,0.025880,0.220000,1,18.118806,0.038163,0.023496,0.220000,0.220000,0.600000,0.600000,0.311127,0.110000,1.472126,1
1772480131,607996600,-0.731498,-1.333685,2.591517,-1.110170,-1.373287,-1.204808,1,0.171470,0.387774,0.311127,4.163802,0.311127,4.110620,0.220780,4.143802,0.117037,0.125316,0.025880,0.310049,0.015108,0.310760,0.018547,0.220000,1,18.160371,0.033214,0.018547,0.220000,0.220000,0.600000,0.600000,0.311127,0.110000,1.453324,1
1772480131,633064279,-0.735616,-1.336463,2.600110,-1.105211,-1.373591,-1.196215,1,0.171289,0.409988,0.311127,4.110620,0.311127,4.086315,0.220413,4.090620,0.108974,0.132154,0.015108,0.310760,0.013486,0.310835,0.013486,0.220000,1,18.164730,0.022441,0.007774,0.220000,0.220000,0.600000,0.600000,0.311127,0.110000,1.444731,1
1772480131,658156345,-0.739682,-1.337025,2.610329,-1.101644,-1.375621,-1.185996,1,0.173080,0.424230,0.311127,4.086315,0.311127,4.057411,0.220167,4.066315,0.102271,0.139632,0.013486,0.310835,0.008584,0.311009,0.008584,0.220000,1,18.174897,0.020819,0.006153,0.220000,0.220000,0.600000,0.600000,0.311127,0.110000,1.434512,1
1772480131,708259904,-0.747392,-1.338785,2.632484,-1.094560,-1.379109,-1.163830,1,0.174226,0.437523,0.311127,4.057411,0.311127,3.994717,0.220004,4.037411,0.094036,0.146670,0.008584,0.311009,0.000863,0.311126,0.001250,0.220000,1,18.181748,0.015917,0.001250,0.220000,0.220000,0.600000,0.600000,0.311127,0.110000,1.412346,1
1772480131,733296566,-0.751587,-1.341940,2.642250,-1.091231,-1.382656,-1.153860,1,0.176662,0.471161,0.311127,3.994717,0.311127,3.966517,0.220095,3.974717,0.086507,0.154032,0.000863,0.311126,-0.008264,0.311017,-0.006470,0.220000,1,18.175404,0.008196,-0.006470,0.220000,0.220000,0.600000,0.600000,0.311127,0.110000,1.402375,1
1772480131,758348607,-0.754481,-1.345166,2.654166,-1.086971,-1.381858,-1.141944,1,0.180466,0.486871,0.311127,3.966517,0.311127,3.932813,0.220065,3.946517,0.080004,0.161763,-0.008264,0.311017,-0.005349,0.311081,-0.005349,0.220000,1,18.179131,-0.000930,-0.015597,0.220000,0.220000,0.600000,0.600000,0.311127,0.110000,1.390459,1
1772480131,783423651,-0.758004,-1.347117,2.665842,-1.082988,-1.382455,-1.130268,1,0.184092,0.511965,0.311127,3.932813,0.311127,3.899788,0.220088,3.912813,0.072845,0.169066,-0.005349,0.311081,-0.006217,0.311065,-0.006217,0.220000,1,18.178188,0.001985,-0.012682,0.220000,0.220000,0.600000,0.600000,0.311127,0.110000,1.378783,1
1772480131,833539581,-0.765502,-1.354312,2.691205,-1.072659,-1.381311,-1.104905,1,0.188219,0.532282,0.311127,3.899788,0.311127,3.828051,0.220014,3.879788,0.064838,0.176699,-0.006217,0.311065,-0.002475,0.311117,-0.002475,0.220000,1,18.181243,0.001117,-0.013550,0.220000,0.220000,0.600000,0.600000,0.311127,0.110000,1.353420,1
1772480131,858574947,-0.768158,-1.357299,2.704023,-1.068734,-1.380559,-1.092086,1,0.192355,0.538672,0.311127,3.828051,0.311127,3.791794,0.220002,3.808051,0.057721,0.183491,-0.002475,0.311117,0.000829,0.311126,0.000829,0.220000,1,18.181754,0.004859,-0.009808,0.220000,0.220000,0.600000,0.600000,0.311127,0.110000,1.340601,1
1772480131,883645970,-0.772510,-1.360053,2.716858,-1.063604,-1.381024,-1.079252,1,0.197181,0.565816,0.311127,3.791794,0.311127,3.755492,0.220000,3.771794,0.050079,0.190716,0.000829,0.311126,-0.000159,0.311127,-0.000159,0.220000,1,18.181816,0.008162,-0.006504,0.220000,0.220000,0.600000,0.600000,0.311127,0.110000,1.327767,1
1772480131,933755883,-0.777926,-1.368537,2.743419,-1.054143,-1.377590,-1.052690,1,0.202292,0.594962,0.311127,3.755492,0.311127,3.680365,0.220117,3.735492,0.042217,0.197838,-0.000159,0.311127,0.011016,0.310932,0.007174,0.220000,1,18.170419,0.007174,-0.007492,0.220000,0.220000,0.600000,0.600000,0.311127,0.110000,1.301206,1
1772480131,958858850,-0.779968,-1.373117,2.757809,-1.049735,-1.375200,-1.038301,1,0.208609,0.609290,0.311127,3.680365,0.311127,3.639666,0.220764,3.660365,0.034839,0.205680,0.011016,0.310932,0.019063,0.310542,0.018349,0.220000,1,18.147657,0.018349,0.003682,0.220000,0.220000,0.600000,0.600000,0.311127,0.110000,1.286816,1
1772480131,983904469,-0.782770,-1.377298,2.772556,-1.044966,-1.373589,-1.023553,1,0.213986,0.588055,0.311127,3.639666,0.311127,3.597954,0.221389,3.619666,0.028313,0.212104,0.019063,0.310542,0.024764,0.310140,0.024764,0.220000,1,18.124132,0.026397,0.011730,0.220000,0.220000,0.600000,0.600000,0.311127,0.110000,1.272069,1
1772480132,34019957,-0.786995,-1.385658,2.801632,-1.036459,-1.369413,-0.994313,1,0.214766,0.567775,0.311127,3.597954,0.311127,3.515251,0.222329,3.577954,0.018453,0.213972,0.024764,0.310140,0.039435,0.308618,0.032098,0.220000,1,18.035179,0.032098,0.017431,0.220000,0.220000,0.600000,0.600000,0.311127,0.110000,1.242829,1
1772480132,59080567,-0.788051,-1.391155,2.815521,-1.031432,-1.364216,-0.978325,1,0.212363,0.558865,0.311127,3.515251,0.311127,3.470030,0.224916,3.495251,0.021028,0.211319,0.039435,0.308618,0.055157,0.306199,0.046768,0.220000,1,17.893823,0.046768,0.032102,0.220000,0.220000,0.600000,0.600000,0.311127,0.110000,1.226841,1
1772480132,84189948,-0.789882,-1.395662,2.829124,-1.027241,-1.361745,-0.964722,1,0.213967,0.565106,0.311127,3.470030,0.311127,3.431555,0.228703,3.450030,0.028746,0.212028,0.055157,0.306199,0.063147,0.304651,0.062490,0.220000,1,17.803387,0.062490,0.047824,0.220000,0.220000,0.600000,0.600000,0.311127,0.110000,1.213238,1
1772480132,134243461,-0.794453,-1.406937,2.858479,-1.016765,-1.355560,-0.935367,1,0.217066,0.570441,0.311127,3.431555,0.311127,3.348525,0.231014,3.411555,0.037135,0.213866,0.063147,0.304651,0.081522,0.300257,0.070481,0.220000,1,17.546588,0.070481,0.055814,0.220000,0.220000,0.600000,0.600000,0.311127,0.110000,1.183882,1
1772480132,159409881,-0.796707,-1.410917,2.873156,-1.012558,-1.353765,-0.920690,1,0.219452,0.609233,0.311127,3.348525,0.311127,3.307013,0.236891,3.328525,0.044498,0.214893,0.081522,0.300257,0.087849,0.298467,0.087849,0.220000,1,17.441988,0.088855,0.074188,0.220000,0.220000,0.600000,0.600000,0.311127,0.110000,1.169206,1
1772480132,184394165,-0.798583,-1.414948,2.888092,-1.008620,-1.351700,-0.905755,1,0.216645,0.555598,0.311127,3.307013,0.311127,3.264769,0.239674,3.287013,0.050952,0.210569,0.087849,0.298467,0.095099,0.296237,0.095099,0.220000,1,17.311659,0.095182,0.080516,0.220000,0.220000,0.600000,0.600000,0.311127,0.110000,1.154270,1
1772480132,234445016,-0.803625,-1.425039,2.915270,-0.998489,-1.346741,-0.878576,1,0.218212,0.559961,0.311127,3.264769,0.311127,3.187897,0.242677,3.244769,0.058075,0.210342,0.095099,0.296237,0.109296,0.291298,0.102432,0.220000,1,17.023026,0.102432,0.087765,0.220000,0.220000,0.600000,0.600000,0.311127,0.110000,1.127092,1
1772480132,259556397,-0.805683,-1.429019,2.928619,-0.994437,-1.344827,-0.865227,1,0.220445,0.548224,0.311127,3.187897,0.311127,3.150139,0.248448,3.167897,0.065375,0.210528,0.109296,0.291298,0.115440,0.288918,0.115440,0.220000,1,16.883947,0.116629,0.101963,0.220000,0.220000,0.600000,0.600000,0.311127,0.110000,1.113742,1
1772480132,284613112,-0.807716,-1.432964,2.942285,-0.990427,-1.342926,-0.851561,1,0.225602,0.551264,0.311127,3.150139,0.311127,3.111487,0.251377,3.130139,0.074098,0.213087,0.115440,0.288918,0.121616,0.286373,0.121616,0.220000,1,16.735230,0.122774,0.108107,0.220000,0.220000,0.600000,0.600000,0.311127,0.110000,1.100077,1
1772480132,334659252,-0.813749,-1.444050,2.969494,-0.978772,-1.337718,-0.824411,1,0.234818,0.558430,0.311127,3.111487,0.311127,3.034695,0.255006,3.091487,0.090783,0.216559,0.121616,0.286373,0.134941,0.280341,0.128950,0.220000,1,16.382722,0.128950,0.114283,0.220000,0.220000,0.600000,0.600000,0.311127,0.110000,1.072927,1
1772480132,359720319,-0.816031,-1.449150,2.983993,-0.972444,-1.334415,-0.810549,1,0.234062,0.576152,0.311127,3.034695,0.311127,2.995487,0.261996,3.014695,0.089416,0.216309,0.134941,0.280341,0.142966,0.276335,0.142274,0.220000,1,16.148598,0.142274,0.127607,0.220000,0.220000,0.600000,0.600000,0.311127,0.110000,1.059065,1
1772480132,384789103,-0.818380,-1.453759,2.997362,-0.967778,-1.332181,-0.797180,1,0.239350,0.583107,0.311127,2.995487,0.311127,2.957673,0.265811,2.975487,0.097990,0.218372,0.142966,0.276335,0.149182,0.273029,0.149182,0.220000,1,15.955405,0.150299,0.135632,0.220000,0.220000,0.600000,0.600000,0.311127,0.110000,1.045695,1
1772480132,434869617,-0.825058,-1.464032,3.026897,-0.956232,-1.328078,-0.767645,1,0.249358,0.581970,0.311127,2.957673,0.311127,2.874136,0.269995,2.937673,0.114341,0.221598,0.149182,0.273029,0.159946,0.266866,0.156516,0.220000,1,15.595256,0.156516,0.141849,0.220000,0.220000,0.600000,0.600000,0.311127,0.110000,1.016160,1
1772480132,459923347,-0.827975,-1.468683,3.042078,-0.951090,-1.326156,-0.752464,1,0.248062,0.593827,0.311127,2.874136,0.311127,2.831197,0.275249,2.854136,0.112813,0.220925,0.159946,0.266866,0.165415,0.263511,0.165415,0.220000,1,15.399194,0.167279,0.152612,0.220000,0.220000,0.600000,0.600000,0.311127,0.110000,1.000979,1
1772480132,485014706,-0.831192,-1.473674,3.056633,-0.945503,-1.324146,-0.737908,1,0.249145,0.575420,0.311127,2.831197,0.311127,2.790027,0.278392,2.811197,0.120135,0.218268,0.165415,0.263511,0.170593,0.260189,0.170593,0.220000,1,15.205048,0.172748,0.158082,0.220000,0.220000,0.600000,0.600000,0.311127,0.110000,0.986424,1
1772480132,535061684,-0.837784,-1.483778,3.087256,-0.934007,-1.319363,-0.706500,1,0.259442,0.579103,0.311127,2.790027,0.311127,2.701193,0.309182,2.770027,0.137549,0.219979,0.170593,0.260189,0.182843,0.251731,0.177926,0.252855,1,14.710776,0.177926,0.163260,0.220000,0.220000,0.600000,0.600000,0.311127,0.110000,0.955016,1
1772480132,560211939,-0.841599,-1.489044,3.102547,-0.926599,-1.309548,-0.683059,1,0.258287,0.591929,0.311127,2.701193,0.311127,2.634892,0.309673,2.681193,0.135567,0.219849,0.182843,0.251731,0.205536,0.233570,0.190177,0.244397,1,13.649490,0.190177,0.175510,0.220000,0.220000,0.600000,0.600000,0.311127,0.110000,0.931575,1
1772480132,585252331,-0.845454,-1.493649,3.117644,-0.920751,-1.308179,-0.667963,1,0.262469,0.609817,0.311127,2.634892,0.311127,2.592191,0.303314,2.614892,0.142072,0.220694,0.205536,0.233570,0.208804,0.230653,0.208804,0.220000,1,13.479038,0.212870,0.198203,0.220000,0.220000,0.600000,0.600000,0.311127,0.110000,0.916478,1
1772480132,635298006,-0.852079,-1.504754,-3.134674,-0.908786,-1.303277,-0.637096,1,0.271722,0.565142,0.311127,2.592191,0.311127,2.504887,0.310785,2.572191,0.159327,0.220108,0.208804,0.230653,0.219494,0.220505,0.216137,0.223320,1,12.886012,0.216137,0.201471,0.220000,0.220000,0.600000,0.600000,0.311127,0.110000,0.885611,1
1772480132,660332239,-0.856471,-1.510336,-3.120008,-0.901922,-1.301450,-0.622430,1,0.270478,0.600463,0.311127,2.504887,0.311127,2.463405,0.309080,2.484887,0.157236,0.220080,0.219494,0.220505,0.222867,0.217095,0.220000,0.217095,1,12.686724,0.220000,0.212160,0.220000,0.213172,0.600000,0.600000,0.311127,0.110000,0.870945,1
1772480132,685360523,-0.859716,-1.516289,-3.105011,-0.895812,-1.298861,-0.607195,1,0.274658,0.599541,0.311127,2.463405,0.311127,2.420316,0.305235,2.443405,0.164483,0.219961,0.222867,0.217095,0.228104,0.211586,0.220000,0.211586,1,12.364778,0.220000,0.215534,0.220000,0.209762,0.600000,0.600000,0.311127,0.110000,0.855711,1
1772480132,735483370,-0.866741,-1.529064,-3.074733,-0.883188,-1.295221,-0.574392,1,0.278626,0.521361,0.311127,2.420316,0.311127,2.327533,0.300198,2.400316,0.183186,0.209941,0.228104,0.211586,0.235710,0.203079,0.220000,0.204253,1,11.867634,0.220000,0.220000,0.218919,0.204253,0.600000,0.600000,0.311127,0.110000,0.822907,1
1772480132,760512757,-0.870103,-1.533703,-3.059107,-0.877720,-1.293515,-0.558765,1,0.277738,0.605871,0.311127,2.327533,0.311127,2.283335,0.296446,2.307533,0.180230,0.211318,0.235710,0.203079,0.239416,0.198696,0.220000,0.198696,1,11.611513,0.220000,0.220000,0.210412,0.195745,0.600000,0.600000,0.311127,0.110000,0.807281,1
1772480132,785586659,-0.873184,-1.540377,-3.043440,-0.871259,-1.290009,-0.543099,1,0.277128,0.603133,0.311127,2.283335,0.311127,2.239023,0.291581,2.263335,0.187231,0.204314,0.239416,0.198696,0.245695,0.190877,0.220000,0.191363,1,11.154558,0.220000,0.220000,0.206029,0.191363,0.600000,0.600000,0.311127,0.110000,0.791614,1
1772480132,835650524,-0.882353,-1.551845,-3.012090,-0.852100,-1.284393,-0.508530,1,0.281537,0.497088,0.311127,2.239023,0.311127,2.141247,0.286510,2.219023,0.207936,0.189805,0.245695,0.190877,0.253362,0.180577,0.220000,0.183543,1,10.552636,0.220000,0.220000,0.198210,0.183543,0.600000,0.600000,0.311127,0.110000,0.757045,1
1772480132,860687715,-0.885687,-1.557335,-2.996634,-0.846152,-1.281969,-0.493073,1,0.277686,0.613330,0.311127,2.141247,0.311127,2.097530,0.280833,2.121247,0.201467,0.191103,0.253362,0.180577,0.257552,0.174548,0.220000,0.174548,1,10.200346,0.220000,0.220000,0.187910,0.173243,0.600000,0.600000,0.311127,0.110000,0.741589,1
1772480132,885767062,-0.890359,-1.563295,-2.981483,-0.838849,-1.279965,-0.477922,1,0.278104,0.610057,0.311127,2.097530,0.311127,2.054676,0.278197,2.077530,0.208822,0.183671,0.257552,0.174548,0.260397,0.170274,0.220000,0.170274,1,9.950588,0.220000,0.220000,0.181881,0.167215,0.600000,0.600000,0.311127,0.110000,0.726438,1
1772480132,935870336,-0.897306,-1.575203,-2.951051,-0.826248,-1.276772,-0.451567,1,0.280810,0.542727,0.311127,2.054676,0.311127,1.980132,0.274023,2.034676,0.224742,0.168362,0.260397,0.170274,0.264786,0.163366,0.220000,0.163366,1,9.546894,0.220000,0.220000,0.177608,0.162941,0.600000,0.600000,0.311127,0.110000,0.700082,1
1772480132,960840560,-0.902698,-1.579755,-2.936140,-0.819203,-1.276356,-0.436656,1,0.279090,0.618861,0.311127,1.980132,0.311127,1.937957,0.273596,1.960132,0.221672,0.169567,0.264786,0.163366,0.265227,0.162650,0.220000,0.162650,1,9.505008,0.220000,0.220000,0.170700,0.156033,0.600000,0.600000,0.311127,0.110000,0.685171,1
1772480132,985875289,-0.906643,-1.585568,-2.921173,-0.812563,-1.274064,-0.421689,1,0.274442,0.622539,0.311127,1.937957,0.311127,1.895624,0.270400,1.917957,0.221054,0.162646,0.265227,0.162650,0.268485,0.157213,0.220000,0.157213,1,9.187323,0.220000,0.220000,0.169983,0.155316,0.600000,0.600000,0.311127,0.110000,0.670204,1
1772480133,35967332,-0.914366,-1.596441,-2.889090,-0.799781,-1.269046,-0.388166,1,0.269770,0.588412,0.311127,1.895624,0.311127,1.800806,0.266203,1.875624,0.220734,0.155088,0.268485,0.157213,0.275910,0.143784,0.220000,0.149880,1,8.402531,0.220000,0.220000,0.164547,0.149880,0.600000,0.600000,0.311127,0.110000,0.636681,1
1772480133,60992674,-0.919030,-1.600981,-2.873433,-0.793328,-1.268195,-0.372509,1,0.270132,0.609983,0.311127,1.800806,0.311127,1.756523,0.261518,1.780806,0.220506,0.156040,0.275910,0.143784,0.277143,0.141392,0.220000,0.141392,1,8.262742,0.220000,0.220000,0.151117,0.136451,0.600000,0.600000,0.311127,0.110000,0.621025,1
1772480133,86083408,-0.923998,-1.606572,-2.858298,-0.786003,-1.266682,-0.357374,1,0.260736,0.563857,0.311127,1.756523,0.311127,1.713715,0.259722,1.736523,0.220315,0.139444,0.277143,0.141392,0.278827,0.138042,0.220000,0.138042,1,8.066966,0.220000,0.220000,0.148725,0.134059,0.600000,0.600000,0.311127,0.110000,0.605890,1
1772480133,136175639,-0.932094,-1.617894,-2.827478,-0.773015,-1.265069,-0.326910,1,0.259120,0.608899,0.311127,1.713715,0.311127,1.627550,0.257443,1.693715,0.220544,0.136028,0.278827,0.138042,0.280932,0.133705,0.220000,0.133705,1,7.813539,0.220000,0.220000,0.145375,0.130708,0.600000,0.600000,0.311127,0.110000,0.575426,1
1772480133,161195946,-0.935905,-1.623457,-2.812293,-0.766634,-1.262889,-0.311726,1,0.260118,0.621090,0.311127,1.627550,0.311127,1.584602,0.254534,1.607550,0.220590,0.137845,0.280932,0.133705,0.283571,0.128014,0.220000,0.128014,1,7.480938,0.220000,0.220000,0.141038,0.126372,0.600000,0.600000,0.311127,0.110000,0.560241,1
1772480133,186191879,-0.939730,-1.627166,-2.796370,-0.761350,-1.262204,-0.295803,1,0.253981,0.573200,0.311127,1.584602,0.311127,1.539564,0.253103,1.564602,0.220290,0.126407,0.283571,0.128014,0.284849,0.125144,0.220000,0.125144,1,7.313228,0.220000,0.220000,0.135347,0.120680,0.600000,0.600000,0.311127,0.110000,0.544318,1
1772480133,236244107,-0.948447,-1.638269,-2.765747,-0.746175,-1.255839,-0.263944,1,0.252486,0.592240,0.311127,1.539564,0.311127,1.449455,0.249558,1.519564,0.220206,0.123526,0.284849,0.125144,0.291214,0.109520,0.220000,0.117811,1,6.400175,0.220000,0.220000,0.132477,0.117811,0.600000,0.600000,0.311127,0.110000,0.512460,1
1772480133,261293878,-0.951449,-1.644285,-2.752310,-0.740175,-1.252805,-0.250507,1,0.253184,0.609395,0.311127,1.449455,0.311127,1.411449,0.242574,1.429455,0.220488,0.124446,0.291214,0.109520,0.294057,0.101639,0.220000,0.102186,1,5.939629,0.220000,0.220000,0.116853,0.102186,0.600000,0.600000,0.311127,0.110000,0.499022,1
1772480133,286356366,-0.955272,-1.646953,-2.736221,-0.735515,-1.252948,-0.234418,1,0.245037,0.584073,0.311127,1.411449,0.311127,1.365943,0.241820,1.391449,0.219901,0.108105,0.294057,0.101639,0.294488,0.100385,0.220000,0.100385,1,5.866346,0.220000,0.220000,0.108972,0.094305,0.600000,0.600000,0.311127,0.110000,0.482934,1
1772480133,336366610,-0.962786,-1.658127,-2.705556,-0.725050,-1.246085,-0.201855,1,0.242446,0.577997,0.311127,1.365943,0.311127,1.273840,0.238869,1.345943,0.220212,0.101422,0.294488,0.100385,0.300803,0.079482,0.220000,0.093051,1,4.644801,0.220000,0.220000,0.107718,0.093051,0.600000,0.600000,0.311127,0.110000,0.450371,1
1772480133,362013054,-0.967428,-1.662896,-2.689776,-0.718481,-1.245019,-0.186075,1,0.242778,0.622307,0.311127,1.273840,0.311127,1.229206,0.232872,1.253840,0.220182,0.102279,0.300803,0.079482,0.301613,0.076351,0.220000,0.076351,1,4.461829,0.220000,0.220000,0.086815,0.072148,0.600000,0.600000,0.311127,0.110000,0.434590,1
1772480133,386467908,-0.971286,-1.667737,-2.674054,-0.712498,-1.243427,-0.170353,1,0.236151,0.577930,0.311127,1.229206,0.311127,1.184739,0.231296,1.209206,0.219947,0.085969,0.301613,0.076351,0.302823,0.071401,0.220000,0.071401,1,4.172547,0.220000,0.220000,0.083684,0.069017,0.600000,0.600000,0.311127,0.110000,0.418868,1
1772480133,436524081,-0.978124,-1.675424,-2.642395,-0.703664,-1.240517,-0.138543,1,0.234491,0.603149,0.311127,1.184739,0.311127,1.094766,0.229139,1.164739,0.220397,0.080068,0.302823,0.071401,0.305306,0.059904,0.220000,0.064067,1,3.500692,0.220000,0.220000,0.078734,0.064067,0.600000,0.600000,0.311127,0.110000,0.387058,1
1772480133,461566346,-0.982233,-1.679690,-2.626544,-0.697824,-1.239536,-0.122692,1,0.233938,0.607860,0.311127,1.094766,0.311127,1.049933,0.227122,1.074766,0.219863,0.079922,0.305306,0.059904,0.305966,0.056432,0.220000,0.056432,1,3.297834,0.220000,0.220000,0.067237,0.052570,0.600000,0.600000,0.311127,0.110000,0.371207,1
1772480133,486621365,-0.987489,-1.683864,-2.610647,-0.691116,-1.239312,-0.106795,1,0.229725,0.573248,0.311127,1.049933,0.311127,1.004970,0.226923,1.029933,0.220562,0.064234,0.305966,0.056432,0.306115,0.055623,0.220000,0.055623,1,3.250514,0.220000,0.220000,0.063766,0.049099,0.600000,0.600000,0.311127,0.110000,0.355311,1
1772480133,536645914,-0.993610,-1.692642,-2.579540,-0.681472,-1.237240,-0.074309,1,0.228102,0.611389,0.311127,1.004970,0.311127,0.913084,0.225237,0.984970,0.220605,0.058001,0.306115,0.055623,0.307605,0.046683,0.220000,0.048289,1,2.728063,0.220000,0.220000,0.062956,0.048289,0.600000,0.600000,0.311127,0.110000,0.322824,1
1772480133,561669652,-0.997307,-1.696699,-2.564056,-0.676088,-1.236174,-0.058824,1,0.228148,0.603620,0.311127,0.913084,0.311127,0.869288,0.224114,0.893084,0.220702,0.057811,0.307605,0.046683,0.308177,0.042743,0.220000,0.042743,1,2.497829,0.220000,0.220000,0.054016,0.039349,0.600000,0.600000,0.311127,0.110000,0.307340,1
1772480133,586725371,-1.001157,-1.701617,-2.549151,-0.670069,-1.234507,-0.043919,1,0.224248,0.573119,0.311127,0.869288,0.311127,0.827130,0.223217,0.849288,0.220287,0.041964,0.308177,0.042743,0.308827,0.037758,0.220000,0.037758,1,2.206518,0.220000,0.220000,0.050076,0.035409,0.600000,0.600000,0.311127,0.110000,0.292435,1
1772480133,636759606,-1.009716,-1.709647,-2.518008,-0.663339,-1.236627,-0.014046,1,0.223157,0.609197,0.311127,0.827130,0.311127,0.742635,0.223443,0.807130,0.220185,0.036298,0.308827,0.037758,0.308664,0.039072,0.220000,0.039072,1,2.283330,0.220000,0.220000,0.045091,0.030425,0.600000,0.600000,0.311127,0.110000,0.262561,1
1772480133,661791349,-1.013550,-1.713568,-2.501691,-0.657925,-1.235759,0.002271,1,0.223420,0.603822,0.311127,0.742635,0.311127,0.696484,0.222833,0.722635,0.220106,0.038341,0.308664,0.039072,0.309104,0.035422,0.220000,0.035422,1,2.070031,0.220000,0.220000,0.046406,0.031739,0.600000,0.600000,0.311127,0.110000,0.246244,1
1772480133,686845198,-1.017794,-1.717317,-2.485999,-0.652283,-1.235273,0.017964,1,0.222476,0.591109,0.311127,0.696484,0.311127,0.652098,0.222486,0.676484,0.219911,0.033687,0.309104,0.035422,0.309354,0.033167,0.220000,0.033167,1,1.938256,0.220000,0.220000,0.042756,0.028089,0.600000,0.600000,0.311127,0.110000,0.230552,1
1772480133,736850634,-1.025899,-1.726677,-2.456971,-0.637498,-1.233118,0.043193,1,0.222294,0.606822,0.311127,0.652098,0.311127,0.580739,0.222002,0.632098,0.220026,0.031675,0.309354,0.033167,0.309702,0.029745,0.220000,0.029745,1,1.738231,0.220000,0.220000,0.040501,0.025834,0.600000,0.600000,0.311127,0.110000,0.205322,1
1772480133,761913836,-1.029985,-1.730215,-2.442116,-0.632107,-1.232728,0.058048,1,0.222790,0.568167,0.311127,0.580739,0.311127,0.538722,0.221753,0.560739,0.221040,0.027868,0.309702,0.029745,0.309880,0.027828,0.220000,0.027828,1,1.626218,0.220000,0.220000,0.037078,0.022411,0.600000,0.560739,0.311127,0.110000,0.190467,1
1772480133,786906340,-1.033555,-1.734114,-2.427558,-0.626913,-1.231740,0.072606,1,0.221093,0.550246,0.311127,0.538722,0.311127,0.497547,0.221329,0.518722,0.219513,0.026390,0.309880,0.027828,0.310183,0.024220,0.220000,0.024220,1,1.415364,0.220000,0.220000,0.035161,0.020494,0.558722,0.518722,0.311127,0.110000,0.175910,1
1772480133,837053156,-1.040038,-1.742937,-2.399708,-0.611360,-1.232762,0.098820,1,0.222030,0.545508,0.311127,0.497547,0.311127,0.423403,0.221996,0.477547,0.220789,0.023438,0.310183,0.024220,0.309706,0.029705,0.220000,0.029705,1,1.735893,0.220000,0.220000,0.031553,0.016886,0.517547,0.477547,0.311127,0.110000,0.149696,1
1772480133,861994398,-1.044148,-1.747052,-2.385474,-0.605604,-1.231933,0.113053,1,0.222250,0.594777,0.311127,0.423403,0.311127,0.383145,0.221653,0.403403,0.220103,0.030820,0.309706,0.029705,0.309951,0.027023,0.220000,0.027023,1,1.579181,0.220000,0.220000,0.037038,0.022371,0.443403,0.403403,0.311127,0.110000,0.135462,1
1772480133,886999129,-1.047986,-1.751015,-2.372365,-0.600156,-1.231063,0.126163,1,0.221601,0.479645,0.311127,0.383145,0.311127,0.346066,0.221344,0.363145,0.220144,0.025372,0.309951,0.027023,0.310172,0.024359,0.220000,0.024359,1,1.423517,0.220000,0.220000,0.034356,0.019690,0.403145,0.363145,0.311127,0.110000,0.122353,1
1772480133,937021471,-1.054975,-1.758931,-2.347516,-0.591023,-1.230201,0.150092,1,0.221537,0.477712,0.311127,0.346066,0.311127,0.278385,0.220992,0.326066,0.220315,0.023236,0.310172,0.024359,0.310423,0.020916,0.220000,0.020916,1,1.222274,0.220000,0.220000,0.031693,0.017026,0.366066,0.326066,0.311127,0.110000,0.098424,1
1772480133,962058806,-1.059419,-1.763434,-2.336185,-0.584766,-1.229268,0.161423,1,0.221067,0.468135,0.311127,0.278385,0.311127,0.246336,0.220835,0.258385,0.220168,0.019906,0.310423,0.020916,0.310535,0.019190,0.220000,0.019190,1,1.121440,0.220000,0.220000,0.028249,0.013582,0.298385,0.258385,0.311127,0.110000,0.087093,1
1772480133,987056796,-1.062375,-1.767715,-2.325550,-0.579832,-1.227619,0.172057,1,0.221708,0.449843,0.311127,0.246336,0.311127,0.216258,0.220497,0.226336,0.220884,0.019094,0.310535,0.019190,0.310775,0.014800,0.220000,0.014800,1,0.864919,0.220000,0.220000,0.026523,0.011857,0.266336,0.226336,0.311127,0.110000,0.076459,1
1772480134,37060194,-1.069796,-1.777493,-2.304318,-0.572760,-1.221196,0.194906,1,0.220330,0.431094,0.311127,0.216258,0.311127,0.151629,0.220127,0.196258,0.219903,0.013710,0.310775,0.014800,0.311087,-0.005009,0.220000,0.007467,1,-0.292729,0.220000,0.220000,0.022134,0.007467,0.236258,0.196258,0.311127,0.110000,0.053609,1
1772480134,62065070,-1.073229,-1.781668,-2.294304,-0.567509,-1.219910,0.204921,1,0.220294,0.381205,0.311127,0.151629,0.311127,0.123304,0.220145,0.131629,0.220222,0.005622,0.311087,-0.005009,0.311024,-0.007997,0.220000,-0.007997,1,-0.467344,0.220000,0.220000,0.002324,-0.012343,0.171629,0.131629,0.311127,0.110000,0.043594,1
1772480134,87166584,-1.076389,-1.786318,-2.283612,-0.562194,-1.218080,0.215612,1,0.220828,0.407723,0.311127,0.123304,0.311127,0.093064,0.220363,0.103304,0.220828,0.000000,0.311024,-0.007997,0.310870,-0.012641,0.220000,-0.012641,1,-0.738745,0.220000,0.220000,-0.000664,-0.015331,0.143304,0.103304,0.311127,0.110000,0.032903,1
1772480134,137102274,-1.082490,-1.794606,-2.262776,-0.556511,-1.213907,0.237165,1,0.219985,0.368355,0.311127,0.093064,0.311127,0.032104,0.220905,0.073064,0.219846,-0.007799,0.310870,-0.012641,0.309968,-0.026832,0.220000,-0.019975,1,-1.567999,0.220000,0.220000,-0.005308,-0.019975,0.113064,0.073064,0.311127,0.110000,0.011350,1
1772480134,162110514,-1.086593,-1.800375,-2.252863,-0.549771,-1.211742,0.247078,1,0.220346,0.325968,0.311127,0.032104,0.311127,0.004065,0.222194,0.012104,0.219920,-0.013705,0.309968,-0.026832,0.309564,-0.031151,0.220000,-0.031151,1,-1.820421,0.220000,0.220000,-0.019498,-0.034165,0.052104,0.012104,0.311127,0.110000,0.001437,1
1772480134,187148345,-1.089931,-1.804077,-2.243737,-0.544882,-1.210774,0.256204,1,0.221470,0.332608,0.311127,0.004065,0.311127,-0.021746,0.222495,-0.015935,0.220529,-0.020388,0.309564,-0.031151,0.309348,-0.033228,0.220000,-0.033228,1,-1.941770,0.220000,0.220000,-0.023818,-0.038484,0.024065,-0.015935,0.311127,0.110000,-0.007688,1
1772480134,237149904,-1.098197,-1.811925,-2.226153,-0.531692,-1.210819,0.271589,1,0.221954,0.320261,0.311127,-0.021746,0.311127,-0.065261,0.221865,-0.041746,0.220209,-0.027779,0.309348,-0.033228,0.309800,-0.028704,0.220000,-0.028704,1,-1.677413,0.220000,0.220000,-0.025894,-0.040561,-0.001746,-0.041746,0.311127,0.110000,-0.023073,1
1772480134,262224340,-1.101519,-1.815979,-2.217546,-0.526601,-1.209571,0.280196,1,0.222786,0.249196,0.311127,-0.065261,0.311127,-0.089606,0.222208,-0.085261,0.220000,-0.035124,0.309800,-0.028704,0.309554,-0.031250,0.220000,-0.031250,1,-1.826200,0.220000,0.220000,-0.021371,-0.036037,-0.045261,-0.085261,0.311127,0.110000,-0.031681,1
1772480134,287150060,-1.105311,-1.819623,-2.209339,-0.521381,-1.208933,0.288403,1,0.221295,0.243476,0.311127,-0.089606,0.311127,-0.112820,0.222303,-0.109606,0.219325,-0.029459,0.309554,-0.031250,0.309486,-0.031913,0.220000,-0.031913,1,-1.864967,0.220000,0.220000,-0.023917,-0.038583,-0.069606,-0.109606,0.311127,0.110000,-0.039888,1
1772480134,337210664,-1.113221,-1.829997,-2.196213,-0.506530,-1.203499,0.303473,1,0.221825,0.243164,0.311127,-0.112820,0.311127,-0.155444,0.223473,-0.132820,0.219535,-0.031787,0.309486,-0.031913,0.308399,-0.041113,0.220000,-0.039247,1,-2.402571,0.220000,0.220000,-0.024580,-0.039247,-0.092820,-0.132820,0.311127,0.110000,-0.054958,1
1772480134,362278022,-1.115704,-1.832794,-2.190415,-0.502868,-1.202746,0.309271,1,0.222017,0.231850,0.311127,-0.155444,0.311127,-0.171842,0.224053,-0.171842,0.219604,-0.032644,0.308399,-0.041113,0.308221,-0.042421,0.220000,-0.042421,1,-2.479027,0.220000,0.220000,-0.033779,-0.048446,-0.135444,-0.175444,0.311127,0.110000,-0.060755,1
1772480134,387287431,-1.119569,-1.836586,-2.185292,-0.497501,-1.202023,0.314394,1,0.222964,0.206521,0.311127,-0.171842,0.311127,-0.186332,0.224022,-0.186332,0.219384,-0.039796,0.308221,-0.042421,0.308244,-0.042260,0.220000,-0.042260,1,-2.469633,0.220000,0.220000,-0.035088,-0.049754,-0.151842,-0.191842,0.311127,0.110000,-0.065878,1
1772480134,437378397,-1.128218,-1.845348,-2.173820,-0.478141,-1.200771,0.326684,1,0.223894,0.174294,0.311127,-0.186332,0.311127,-0.221095,0.222939,-0.206332,0.219708,-0.043089,0.308244,-0.042260,0.309028,-0.036083,0.220000,-0.036083,1,-2.108628,0.220000,0.220000,-0.034927,-0.049594,-0.166332,-0.206332,0.311127,0.110000,-0.078169,1
1772480134,462409565,-1.131759,-1.848748,-2.168514,-0.473270,-1.200164,0.331990,1,0.224502,0.145286,0.311127,-0.221095,0.311127,-0.236102,0.222927,-0.236102,0.220444,-0.042494,0.309028,-0.036083,0.309036,-0.036008,0.220000,-0.036008,1,-2.104275,0.220000,0.220000,-0.028749,-0.043416,-0.201095,-0.241095,0.311127,0.110000,-0.083475,1
1772480134,487407317,-1.136021,-1.853534,-2.163396,-0.466992,-1.198877,0.337109,1,0.223420,0.140794,0.311127,-0.236102,0.311127,-0.250579,0.223049,-0.250579,0.220389,-0.036671,0.309036,-0.036008,0.308948,-0.036756,0.220000,-0.036756,1,-2.147940,0.220000,0.220000,-0.028675,-0.043342,-0.216102,-0.256102,0.311127,0.110000,-0.088593,1
1772480134,537479525,-1.142797,-1.860666,-2.157537,-0.454560,-1.194239,0.343688,1,0.222358,0.117942,0.311127,-0.250579,0.311127,-0.269188,0.224129,-0.269188,0.219366,-0.036352,0.308948,-0.036756,0.308166,-0.042821,0.220000,-0.042821,1,-2.502397,0.220000,0.220000,-0.029422,-0.044089,-0.230579,-0.270579,0.311127,0.110000,-0.095172,1
1772480134,562469862,-1.147541,-1.865677,-2.155837,-0.447762,-1.193055,0.345388,1,0.222937,0.112244,0.311127,-0.269188,0.311127,-0.273997,0.223950,-0.273997,0.219836,-0.037055,0.308166,-0.042821,0.308296,-0.041876,0.220000,-0.041876,1,-2.447158,0.220000,0.220000,-0.035488,-0.050154,-0.249188,-0.289188,0.311127,0.110000,-0.096873,1
1772480134,587469311,-1.150520,-1.869719,-2.154025,-0.442958,-1.191593,0.347200,1,0.224726,0.082099,0.311127,-0.273997,0.311127,-0.279122,0.224181,-0.279122,0.220510,-0.043329,0.308296,-0.041876,0.308128,-0.043092,0.220000,-0.043092,1,-2.518248,0.220000,0.220000,-0.034542,-0.049209,-0.253997,-0.293997,0.311127,0.110000,-0.098685,1
1772480134,637535398,-1.159218,-1.877037,-2.149376,-0.439358,-1.189645,0.353038,1,0.224285,0.074743,0.311127,-0.279122,0.311127,-0.295635,0.225112,-0.295635,0.220407,-0.041532,0.308128,-0.043092,0.307449,-0.047699,0.220000,-0.047699,1,-2.787462,0.220000,0.220000,-0.035759,-0.050426,-0.259122,-0.299122,0.311127,0.110000,-0.104523,1
1772480134,662541926,-1.162545,-1.880593,-2.147896,-0.434567,-1.188776,0.354518,1,0.224448,0.039899,0.311127,-0.295635,0.311127,-0.299820,0.225009,-0.299820,0.220324,-0.042830,0.307449,-0.047699,0.307524,-0.047214,0.220000,-0.047214,1,-2.759109,0.220000,0.220000,-0.040366,-0.055032,-0.275635,-0.315635,0.311127,0.110000,-0.106003,1
1772480134,687524912,-1.165794,-1.885231,-2.146978,-0.429192,-1.186992,0.355436,1,0.224821,0.032894,0.311127,-0.299820,0.311127,-0.302417,0.225312,-0.302417,0.219742,-0.047515,0.307524,-0.047214,0.307302,-0.048634,0.220000,-0.048634,1,-2.842116,0.220000,0.220000,-0.039880,-0.054547,-0.279820,-0.319820,0.311127,0.110000,-0.106921,1
1772480134,737562477,-1.174018,-1.893245,-2.146914,-0.413704,-1.182604,0.348920,1,0.225127,0.009259,0.311127,-0.302417,0.311127,-0.283987,0.225148,-0.283987,0.220087,-0.047373,0.307302,-0.048634,0.307422,-0.047872,0.220000,-0.047872,1,-2.797586,0.220000,0.220000,-0.041301,-0.055968,-0.282417,-0.322417,0.311127,0.110000,-0.100405,1
1772480134,762595023,-1.177208,-1.896962,-2.147076,-0.408919,-1.181555,0.348758,1,0.226225,-0.026039,0.311127,-0.283987,0.311127,-0.283529,0.225043,-0.283529,0.220993,-0.048374,0.307422,-0.047872,0.307499,-0.047373,0.220000,-0.047373,1,-2.768435,0.220000,0.220000,-0.040539,-0.055206,-0.263987,-0.303987,0.311127,0.110000,-0.100243,1
1772480134,787583560,-1.180595,-1.900232,-2.147429,-0.404246,-1.180982,0.348406,1,0.225564,-0.042605,0.311127,-0.283529,0.311127,-0.282532,0.224676,-0.282532,0.220319,-0.048361,0.307499,-0.047373,0.307767,-0.045602,0.220000,-0.045602,1,-2.664897,0.220000,0.220000,-0.040040,-0.054707,-0.263529,-0.303529,0.311127,0.110000,-0.099890,1
1772480134,837643300,-1.190031,-1.909622,-2.149139,-0.396555,-1.176281,0.346360,1,0.224863,-0.065498,0.311127,-0.282532,0.311127,-0.276746,0.226161,-0.276746,0.219722,-0.047808,0.307767,-0.045602,0.306678,-0.052430,0.220000,-0.052430,1,-3.063925,0.220000,0.220000,-0.038268,-0.052935,-0.262532,-0.302532,0.311127,0.110000,-0.097844,1
1772480134,862621142,-1.192844,-1.913037,-2.151837,-0.392253,-1.175248,0.343662,1,0.224427,-0.085137,0.311127,-0.276746,0.311127,-0.269115,0.225934,-0.269115,0.219783,-0.045420,0.306678,-0.052430,0.306845,-0.051443,0.220000,-0.051443,1,-3.006228,0.220000,0.220000,-0.045097,-0.059763,-0.256746,-0.296746,0.311127,0.110000,-0.095147,1
1772480134,887697728,-1.196285,-1.917559,-2.154032,-0.386783,-1.173709,0.341467,1,0.225733,-0.096048,0.311127,-0.269115,0.311127,-0.262907,0.225874,-0.262907,0.219592,-0.052297,0.306845,-0.051443,0.306889,-0.051179,0.220000,-0.051179,1,-2.990799,0.220000,0.220000,-0.044109,-0.058776,-0.249115,-0.289115,0.311127,0.110000,-0.092952,0
1772480134,937646261,-1.205762,-1.927366,-2.158140,-0.371994,-1.170366,0.337073,1,0.225766,-0.114430,0.311127,-0.262907,0.311127,-0.250479,0.225330,-0.250479,0.219887,-0.051186,0.306889,-0.051179,0.307289,-0.048719,0.220000,-0.048719,1,-2.847076,0.220000,0.220000,-0.043845,-0.058512,-0.242907,-0.282907,0.311127,0.110000,-0.088558,0
1772480134,962686167,-1.209684,-1.931779,-2.159971,-0.366205,-1.169205,0.335243,1,0.225913,-0.134763,0.311127,-0.250479,0.311127,-0.245301,0.225031,-0.245301,0.220119,-0.050835,0.307289,-0.048719,0.307508,-0.047319,0.220000,-0.047319,1,-2.765253,0.220000,0.220000,-0.041386,-0.056052,-0.230479,-0.270479,0.311127,0.110000,-0.086727,0
1772480134,987705573,-1.215181,-1.937194,-2.163293,-0.358556,-1.168194,0.331921,1,0.225283,-0.156805,0.311127,-0.245301,0.311127,-0.235906,0.224312,-0.235906,0.219987,-0.048561,0.307508,-0.047319,0.308033,-0.043771,0.220000,-0.043771,1,-2.557897,0.220000,0.220000,-0.039986,-0.054652,-0.225301,-0.265301,0.311127,0.110000,-0.083405,0
1772480135,37624918,-1.222799,-1.945439,-2.170912,-0.347590,-1.166234,0.324239,1,0.226310,-0.171467,0.311127,-0.235906,0.311127,-0.214178,0.223458,-0.215906,0.221345,-0.047146,0.308033,-0.043771,0.308652,-0.039162,0.220000,-0.039162,1,-2.288597,0.220000,0.220000,-0.036437,-0.051104,-0.215906,-0.255906,0.311127,0.110000,-0.075723,0
1772480135,62675196,-1.227884,-1.950157,-2.175396,-0.344197,-1.167015,0.317035,1,0.224171,-0.208195,0.311127,-0.214178,0.311127,-0.193801,0.222382,-0.194178,0.219868,-0.043708,0.308652,-0.039162,0.309429,-0.032460,0.220000,-0.032460,1,-1.896903,0.220000,0.220000,-0.031829,-0.046496,-0.194178,-0.234178,0.311127,0.110000,-0.068519,0
1772480135,87676410,-1.232561,-1.954267,-2.181139,-0.337987,-1.166569,0.311291,1,0.223732,-0.211177,0.311127,-0.193801,0.311127,-0.177557,0.221724,-0.177557,0.220454,-0.038157,0.309429,-0.032460,0.309901,-0.027598,0.220000,-0.027598,1,-1.612781,0.220000,0.220000,-0.025126,-0.039793,-0.173801,-0.213801,0.311127,0.110000,-0.062776,0
1772480135,137750792,-1.240332,-1.963787,-2.192578,-0.326042,-1.163683,0.299853,1,0.222198,-0.194862,0.311127,-0.177557,0.311127,-0.145204,0.221268,-0.157557,0.219807,-0.032510,0.309901,-0.027598,0.310227,-0.023653,0.220000,-0.023653,1,-1.382238,0.220000,0.220000,-0.020265,-0.034931,-0.157557,-0.197557,0.311127,0.110000,-0.051337,0
1772480135,162802992,-1.243528,-1.966400,-2.197185,-0.321883,-1.163501,0.295337,1,0.221624,-0.179447,0.311127,-0.145204,0.311127,-0.132430,0.220895,-0.132430,0.220001,-0.026770,0.310227,-0.023653,0.310492,-0.019864,0.220000,-0.019864,1,-1.160813,0.220000,0.220000,-0.016319,-0.030986,-0.125204,-0.165204,0.311127,0.110000,-0.046821,0
1772480135,187842278,-1.247835,-1.972315,-2.202399,-0.313690,-1.160205,0.293339,1,0.222347,-0.157344,0.311127,-0.132430,0.311127,-0.126780,0.221155,-0.126780,0.221181,-0.022735,0.310492,-0.019864,0.310307,-0.022571,0.220000,-0.022571,1,-1.319021,0.220000,0.220000,-0.012530,-0.027197,-0.112430,-0.152430,0.311127,0.110000,-0.044823,0
1772480135,237947289,-1.255388,-1.979832,-2.211812,-0.303133,-1.158749,0.283926,1,0.221539,-0.157030,0.311127,-0.126780,0.311127,-0.100156,0.220603,-0.106780,0.220623,-0.020125,0.310307,-0.022571,0.310700,-0.016304,0.220000,-0.016304,1,-0.952772,0.220000,0.220000,-0.015238,-0.029904,-0.106780,-0.146780,0.311127,0.110000,-0.035410,0
1772480135,262987617,-1.258758,-1.982437,-2.216171,-0.298874,-1.158697,0.279567,1,0.220824,-0.115831,0.311127,-0.100156,0.311127,-0.087827,0.220334,-0.087827,0.219716,-0.022098,0.310700,-0.016304,0.310890,-0.012131,0.220000,-0.012131,1,-0.708912,0.220000,0.220000,-0.008970,-0.023637,-0.080156,-0.120156,0.311127,0.110000,-0.031051,0
1772480135,288000286,-1.262887,-1.986837,-2.220062,-0.292929,-1.157667,0.275676,1,0.220655,-0.101192,0.311127,-0.087827,0.311127,4.366062,0.220210,-0.067827,0.220070,-0.016058,0.310890,-0.012131,0.310979,-0.009608,0.220000,-0.009608,1,-0.561499,0.220000,0.220000,-0.004798,-0.019464,-0.067827,-0.107827,0.311127,0.110000,1.543636,0
1772480135,338096668,-1.268758,-1.994342,-2.225549,-0.283675,-1.155135,0.270179,1,0.220562,-0.087700,0.311127,4.366062,0.311127,4.421767,0.220161,0.600000,0.220244,-0.011849,0.310979,-0.009608,0.311013,-0.008417,0.220000,-0.008417,1,-0.496401,0.220000,0.220000,-0.002275,-0.016942,0.600000,0.600000,0.311127,0.110000,1.549133,0
1772480135,363258756,-1.273217,-1.998641,-2.226907,-0.276213,-1.152413,0.268558,1,0.220812,-0.064593,0.311127,4.421767,0.311127,4.772004,0.220251,0.600000,0.220647,-0.008536,0.311013,-0.008417,0.310949,-0.010516,0.220000,-0.010516,1,-0.668608,0.220000,0.220000,-0.001084,-0.015751,0.600000,0.600000,0.311127,0.110000,1.550753,0
1772480135,388198938,-1.275751,-2.002207,-2.229592,-0.272042,-1.151091,0.265873,1,0.220578,-0.043244,0.311127,4.772004,0.311127,4.995878,0.220260,0.600000,0.220441,-0.007755,0.310949,-0.010516,0.310943,-0.010695,0.220000,-0.010695,1,-0.710644,0.220000,0.220000,-0.003183,-0.017850,0.600000,0.600000,0.311127,0.110000,1.553439,0
1772480135,438452938,-1.283209,-2.011159,-2.232536,-0.260697,-1.148434,0.262929,1,0.219708,-0.028692,0.311127,4.995878,0.311127,5.690728,0.220214,0.600000,0.219465,-0.010323,0.310943,-0.010695,0.310975,-0.009717,0.220000,-0.009717,1,-0.734041,0.220000,0.220000,-0.003362,-0.018028,0.600000,0.600000,0.311127,0.110000,1.556383,0
1772480135,463380106,-1.286675,-2.015425,-2.233934,-0.255361,-1.147115,0.261531,1,0.219853,-0.003721,0.311127,5.690728,0.311127,6.089156,0.220206,0.600000,0.219587,-0.010815,0.310975,-0.009717,0.310982,-0.009513,0.220000,-0.009513,1,-0.768280,0.220000,0.220000,-0.002383,-0.017050,0.600000,0.600000,0.311127,0.110000,1.557781,0
1772480135,488444895,-1.290544,-2.019078,-2.232982,-0.250073,-1.146527,0.262483,1,0.220639,0.000000,0.311127,6.089156,0.311127,6.517787,0.220116,0.600000,0.220432,-0.009555,0.310982,-0.009513,0.311045,-0.007135,0.220000,-0.007135,1,-0.617147,0.220000,0.220000,-0.002180,-0.016846,0.600000,0.600000,0.311127,0.110000,1.556829,0
1772480135,538575925,-1.298223,-2.027361,-2.232020,-0.238954,-1.144538,0.263445,1,0.219919,0.038099,0.311127,6.517787,0.311127,7.678031,0.220036,0.600000,0.219730,-0.009101,0.311045,-0.007135,0.311102,-0.003955,0.220000,-0.003955,1,-0.403280,0.220000,0.220000,0.000199,-0.014468,0.600000,0.600000,0.311127,0.110000,1.555866,0
1772480135,563670515,-1.301728,-2.030740,-2.231026,-0.234122,-1.143950,0.264439,1,0.220456,0.050841,0.311127,7.678031,0.311127,7.774363,0.220002,0.600000,0.220342,-0.007072,0.311102,-0.003955,0.311126,-0.000898,0.220000,-0.000898,1,-0.099162,0.220000,0.220000,0.003378,-0.011289,0.600000,0.600000,0.311127,0.110000,1.554873,0
1772480135,588695170,-1.304636,-2.034989,-2.231079,-0.229242,-1.142309,0.264386,1,0.219998,0.071855,0.311127,7.774363,0.311127,7.774630,0.220018,0.600000,0.219959,-0.004145,0.311126,-0.000898,0.311115,-0.002779,0.220000,-0.002779,1,-0.336546,0.220000,0.220000,0.006435,-0.008231,0.600000,0.600000,0.311127,0.110000,1.554926,0
1772480135,638891771,-1.311239,-2.043982,-2.228658,-0.218555,-1.139105,0.266807,1,0.219723,0.095492,0.311127,7.774630,0.311127,7.762523,0.220096,0.600000,0.219690,-0.003807,0.311115,-0.002779,0.311059,-0.006498,0.220000,-0.006498,1,-0.995992,0.220000,0.220000,0.004554,-0.010113,0.600000,0.600000,0.311127,0.110000,1.552505,0
1772480135,663895328,-1.314584,-2.048847,-2.227254,-0.213092,-1.137329,0.268324,1,0.219489,0.119800,0.311127,7.762523,0.311127,7.754941,0.220243,0.600000,0.219471,-0.002774,0.311059,-0.006498,0.310955,-0.010341,0.220000,-0.010341,1,-1.835856,0.220000,0.220000,0.000836,-0.013831,0.600000,0.600000,0.311127,0.110000,1.550988,0
1772480135,688918256,-1.317328,-2.051933,-2.224129,-0.211431,-1.138158,0.273418,1,0.220072,0.138628,0.311127,7.754941,0.311127,7.729471,0.220021,7.734941,0.219984,-0.006228,0.310955,-0.010341,0.311124,-0.001258,0.220000,-0.003007,1,-0.232385,0.220000,0.220000,-0.003007,-0.017674,0.600000,0.600000,0.311127,0.110000,1.545894,0
1772480135,739121823,-1.325338,-2.061053,-2.216473,-0.199550,-1.135675,0.281074,1,0.220785,0.215341,0.311127,7.729471,0.311127,7.691188,0.220084,7.709471,0.220785,0.000000,0.311124,-0.001258,0.311051,0.006886,0.220000,0.006075,1,1.949383,0.220000,0.220000,0.006075,-0.008592,0.600000,0.600000,0.311127,0.110000,1.538238,0
1772480135,764175344,-1.329374,-2.065184,-2.210854,-0.193843,-1.134795,0.286693,1,0.220279,0.171616,0.311127,7.691188,0.311127,7.663095,0.220459,7.671188,0.220252,-0.003484,0.311051,0.006886,0.310422,0.020927,0.220000,0.014219,1,7.904643,0.220000,0.220000,0.014219,-0.000448,0.600000,0.600000,0.311127,0.110000,1.532619,0
1772480135,789211572,-1.332734,-2.070579,-2.207314,-0.187916,-1.132498,0.290233,1,0.220203,0.192735,0.311127,7.663095,0.311127,7.645395,0.220649,0.600000,0.220162,0.004270,0.310422,0.020927,0.310667,0.016914,0.220000,0.016914,1,10.196102,0.220000,0.220000,0.028260,0.013594,0.600000,0.600000,0.311127,0.110000,1.529079,0
1772480135,839316266,-1.341012,-2.080846,-2.200239,-0.175132,-1.129258,0.297307,1,0.221166,0.251190,0.311127,7.645395,0.311127,7.610022,0.304301,7.625395,0.220409,0.018281,0.310667,0.016914,-0.282997,0.129277,0.303334,0.024247,1,299.837105,0.220000,0.220000,0.024247,0.009580,0.600000,0.600000,0.311127,0.110000,1.522004,0
1772480135,864500188,-1.343592,-2.085255,-2.196337,-0.170421,-1.127281,0.301210,1,0.220380,0.242771,0.311127,7.610022,0.311127,7.590508,0.251536,0.600000,0.219682,0.017524,-0.282997,0.129277,-0.309922,0.027361,-0.220000,0.121943,1,23.047704,-0.220000,-0.220000,0.136610,0.121943,0.600000,0.600000,0.311127,0.110000,1.518102,0
1772480135,889479650,-1.346996,-2.090178,-2.190189,-0.164743,-1.125388,0.307358,1,0.213732,0.245790,0.311127,7.590508,0.311127,7.559770,0.220910,7.570508,0.212318,0.024538,-0.309922,0.027361,-0.310791,0.014464,-0.220000,0.020028,1,6.838695,-0.220000,-0.220000,0.034695,0.020028,0.600000,0.600000,0.311127,0.110000,1.511954,0
1772480135,939692882,-1.353314,-2.098893,-2.177351,-0.154458,-1.122213,0.320196,1,0.196911,0.226893,0.311127,7.559770,0.311127,7.495577,0.220392,7.539770,0.196009,0.018825,-0.310791,0.014464,-0.310849,0.013147,-0.220000,0.013147,1,3.469745,-0.220000,-0.220000,0.021798,0.007131,0.600000,0.600000,0.311127,0.110000,1.499115,0
1772480135,964707543,-1.354880,-2.104033,-2.171261,-0.150003,-1.118769,0.326547,1,0.199489,0.306418,0.311127,7.495577,0.311127,7.463826,0.220077,7.475577,0.198417,0.020648,-0.310849,0.013147,-0.311053,-0.006804,-0.220000,0.005813,1,-1.474681,-0.220000,-0.220000,0.020480,0.005813,0.600000,0.600000,0.311127,0.110000,1.492765,0
1772480135,989746183,-1.356146,-2.106862,-2.164404,-0.145980,-1.114147,0.336365,1,0.190990,0.312620,0.311127,7.463826,0.311127,7.414734,0.220454,7.443826,0.190566,0.012733,-0.311053,-0.006804,-0.309674,-0.030035,-0.220000,-0.014137,1,-5.493683,-0.220000,-0.220000,0.000529,-0.014137,0.600000,0.600000,0.311127,0.110000,1.482947,0
1772480136,40056381,-1.360476,-2.115383,-2.148455,-0.137414,-1.109905,0.352314,1,0.173801,0.270251,0.311127,7.414734,0.311127,7.334989,0.221635,7.394734,0.173762,-0.003696,-0.309674,-0.030035,-0.309965,-0.026868,-0.220000,-0.026868,1,-3.863917,-0.220000,-0.220000,-0.022701,-0.037368,0.600000,0.600000,0.311127,0.110000,1.466998,0
1772480136,65071792,-1.363247,-2.118452,-2.138196,-0.133358,-1.109101,0.362573,1,0.176409,0.343186,0.311127,7.334989,0.311127,7.283695,0.220866,7.314989,0.176396,-0.002074,-0.309965,-0.026868,-0.310643,-0.017346,-0.220000,-0.019535,1,-2.288568,-0.220000,-0.220000,-0.019535,-0.034202,0.600000,0.600000,0.311127,0.110000,1.456739,0
1772480136,90061068,-1.365609,-2.122354,-2.127920,-0.129132,-1.107386,0.372849,1,0.169522,0.374215,0.311127,7.283695,0.311127,7.232312,0.220400,7.263695,0.169250,-0.009609,-0.310643,-0.017346,-0.310843,-0.013279,-0.220000,-0.013279,1,-1.602014,-0.220000,-0.220000,-0.010013,-0.024680,0.600000,0.600000,0.311127,0.110000,1.446462,0
1772480136,140226673,-1.371067,-2.130218,-2.109415,-0.120055,-1.104345,0.391355,1,0.152952,0.424816,0.311127,7.232312,0.311127,7.072208,0.220080,7.212312,0.152372,-0.013309,-0.310843,-0.013279,-0.311111,-0.003155,-0.220000,-0.005945,1,-0.322839,-0.220000,-0.220000,-0.005945,-0.020612,0.600000,0.600000,0.311127,0.110000,1.427957,0
1772480136,165512576,-1.372576,-2.131976,-2.100030,-0.117795,-1.103838,0.400739,1,0.154930,0.413429,0.311127,7.072208,0.311127,6.779647,0.220007,7.052208,0.154344,-0.013461,-0.311111,-0.003155,-0.311122,0.001753,-0.220000,0.001753,1,0.173103,-0.220000,-0.220000,0.004178,-0.010488,0.600000,0.600000,0.311127,0.110000,1.418573,0
1772480136,190413797,-1.372800,-2.134040,-2.088473,-0.116381,-1.102318,0.412296,1,0.147414,0.444175,0.311127,6.779647,0.311127,6.534191,0.220004,6.759647,0.147267,-0.006596,-0.311122,0.001753,-0.311124,0.001362,-0.220000,0.001362,1,0.130642,-0.220000,-0.220000,0.009086,-0.005580,0.600000,0.600000,0.311127,0.110000,1.407015,0
1772480136,240555891,-1.376297,-2.139851,-2.067762,-0.109735,-1.099545,0.433047,1,0.130952,0.464735,0.311127,6.534191,0.311127,5.813015,0.220153,6.514191,0.130942,0.001586,-0.311124,0.001362,-0.311019,0.008201,-0.220000,0.008201,1,0.710497,-0.220000,-0.220000,0.008695,-0.005972,0.600000,0.600000,0.311127,0.110000,1.386265,0
1772480136,266160400,-1.379622,-2.144070,-2.057428,-0.101376,-1.096392,0.443722,1,0.132349,0.467252,0.311127,5.813015,0.311127,5.148893,0.220387,5.793015,0.132349,0.000000,-0.311019,0.008201,-0.310853,0.013056,-0.220000,0.013056,1,1.009689,-0.220000,-0.220000,0.015534,0.000867,0.600000,0.600000,0.311127,0.110000,1.375590,0
1772480136,290723475,-1.379745,-2.145215,-2.047715,-0.100593,-1.095547,0.453435,1,0.116569,0.529289,0.311127,5.148893,0.311127,5.048623,0.220466,5.128893,0.115686,0.014318,-0.310853,0.013056,-0.310797,0.014332,-0.220000,0.014332,1,1.094519,-0.220000,-0.220000,0.020389,0.005723,0.600000,0.600000,0.311127,0.110000,1.365877,0
1772480136,340891692,-1.381313,-2.149562,-2.022995,-0.096739,-1.092999,0.478154,1,0.109328,0.521274,0.311127,5.048623,0.311127,4.702881,0.220833,5.028623,0.108330,0.014736,-0.310797,0.014332,-0.310536,0.019166,-0.220000,0.019166,1,1.388580,-0.220000,-0.220000,0.021665,0.006999,0.600000,0.600000,0.311127,0.110000,1.341157,0
1772480136,366043658,-1.381954,-2.151635,-2.009706,-0.094986,-1.091720,0.491444,1,0.110896,0.518787,0.311127,4.702881,0.311127,4.547541,0.221070,4.682881,0.110037,0.013775,-0.310536,0.019166,-0.310368,0.021720,-0.220000,0.021720,1,1.536859,-0.220000,-0.220000,0.026499,0.011833,0.600000,0.600000,0.311127,0.110000,1.327868,0
1772480136,391099555,-1.383074,-2.153122,-1.995543,-0.093199,-1.091197,0.505607,1,0.096326,0.567270,0.311127,4.547541,0.311127,4.409518,0.221646,4.527541,0.093635,0.022610,-0.310368,0.021720,-0.309957,0.026960,-0.220000,0.026960,1,1.869704,-0.220000,-0.220000,0.029053,0.014387,0.600000,0.600000,0.311127,0.110000,1.313705,0
1772480136,441300741,-1.384452,-2.159515,-1.968656,-0.088274,-1.086894,0.532493,1,0.091435,0.597844,0.311127,4.409518,0.311127,4.045704,0.221937,4.389518,0.086983,0.028185,-0.309957,0.026960,-0.309748,0.029256,-0.220000,0.029256,1,1.900419,-0.220000,-0.220000,0.034294,0.019627,0.600000,0.600000,0.311127,0.110000,1.286818,0
1772480136,466395818,-1.383757,-2.159483,-1.954503,-0.088851,-1.086504,0.546647,1,0.092335,0.604489,0.311127,4.045704,0.311127,4.015600,0.222281,4.025704,0.088304,0.026984,-0.309748,0.029256,-0.309502,0.031761,-0.220000,0.031761,1,2.070532,-0.220000,-0.220000,0.036590,0.021923,0.600000,0.600000,0.311127,0.110000,1.272665,0
1772480136,491464540,-1.384661,-2.162966,-1.938684,-0.086044,-1.084252,0.562466,1,0.079000,0.624653,0.311127,4.015600,0.311127,3.829540,0.222635,3.995600,0.072017,0.032475,-0.309502,0.031761,-0.309247,0.034150,-0.220000,0.034150,1,2.149835,-0.220000,-0.220000,0.039094,0.024427,0.600000,0.600000,0.311127,0.110000,1.256846,0
1772480136,541663698,-1.384396,-2.166368,-1.909562,-0.084223,-1.081365,0.591588,1,0.073711,0.604561,0.311127,3.829540,0.311127,3.636976,0.223233,3.809540,0.065280,0.034232,-0.309247,0.034150,-0.308816,0.037853,-0.220000,0.037853,1,2.316816,-0.220000,-0.220000,0.041483,0.026816,0.600000,0.600000,0.311127,0.110000,1.227724,0
1772480136,566773327,-1.385192,-2.170241,-1.894355,-0.081112,-1.078754,0.607201,1,0.073882,0.604143,0.311127,3.636976,0.311127,3.460256,0.223618,3.616976,0.065595,0.033996,-0.308816,0.037853,-0.308537,0.040065,-0.220000,0.040065,1,2.363114,-0.220000,-0.220000,0.045186,0.030519,0.600000,0.600000,0.311127,0.110000,1.212111,0
1772480136,591823396,-1.384755,-2.172538,-1.880295,-0.078980,-1.076785,0.624136,1,0.064544,0.606416,0.311127,3.460256,0.311127,3.326404,0.224195,3.440256,0.050488,0.040212,-0.308537,0.040065,-0.308118,0.043169,-0.220000,0.043169,1,2.482369,-0.220000,-0.220000,0.047398,0.032732,0.600000,0.600000,0.311127,0.110000,1.195176,0
1772480136,616956041,-1.384248,-2.174923,-1.863824,-0.077969,-1.074566,0.640607,1,0.061298,0.606250,0.311127,3.326404,0.311127,3.224638,0.224396,3.306404,0.043123,0.043564,-0.308118,0.043169,-0.307971,0.044202,-0.220000,0.044202,1,2.498443,-0.220000,-0.220000,0.050502,0.035835,0.600000,0.600000,0.311127,0.110000,1.178705,0
1772480136,667124467,-1.381155,-2.175317,-1.834472,-0.080221,-1.072409,0.669959,1,0.061771,0.604363,0.311127,3.224638,0.311127,3.169672,0.224582,3.204638,0.044069,0.043284,-0.307971,0.044202,-0.307836,0.045132,-0.220000,0.045132,1,2.571561,-0.220000,-0.220000,0.051535,0.036868,0.600000,0.600000,0.311127,0.110000,1.149353,0
1772480136,692109542,-1.380493,-2.176357,-1.820127,-0.080134,-1.071179,0.684304,1,0.053041,0.589457,0.311127,3.169672,0.311127,3.110934,0.224918,3.149672,0.028079,0.044999,-0.307836,0.045132,-0.307590,0.046778,-0.220000,0.046778,1,2.649030,-0.220000,-0.220000,0.052465,0.037798,0.600000,0.600000,0.311127,0.110000,1.135008,0
1772480136,742355713,-1.379305,-2.178502,-1.789643,-0.079813,-1.068749,0.714788,1,0.051773,0.591348,0.311127,3.110934,0.311127,2.987152,0.225832,3.090934,0.022572,0.046594,-0.307590,0.046778,-0.306920,0.050990,-0.220000,0.050990,1,2.849170,-0.220000,-0.220000,0.054111,0.039445,0.600000,0.600000,0.311127,0.110000,1.104524,0
1772480136,767489052,-1.377335,-2.179541,-1.774126,-0.080779,-1.066741,0.730305,1,0.051970,0.602194,0.311127,2.987152,0.311127,2.938867,0.225578,2.967152,0.022037,0.047067,-0.306920,0.050990,-0.307107,0.049852,-0.220000,0.049852,1,2.779623,-0.220000,-0.220000,0.058323,0.043656,0.600000,0.600000,0.311127,0.110000,1.089007,0
1772480136,792549122,-1.376989,-2.181450,-1.758930,-0.079921,-1.065001,0.745500,1,0.049758,0.600113,0.311127,2.938867,0.311127,2.856596,0.226035,2.918867,0.005991,0.049396,-0.307107,0.049852,-0.306770,0.051884,-0.220000,0.051884,1,2.851726,-0.220000,-0.220000,0.057185,0.042519,0.600000,0.600000,0.311127,0.110000,1.073811,0
1772480136,817661039,-1.375490,-2.181089,-1.744090,-0.081341,-1.064400,0.760341,1,0.052100,0.589833,0.311127,2.856596,0.311127,2.837844,0.226307,0.600000,0.000000,0.052100,-0.306770,0.051884,-0.306570,0.053054,-0.220000,0.053054,1,2.937502,-0.220000,-0.220000,0.059217,0.044551,0.600000,0.600000,0.311127,0.110000,1.058971,0
1772480136,867816449,-1.374028,-2.182599,-1.714562,-0.082644,-1.063878,0.792582,1,0.052508,0.614682,0.311127,2.837844,0.311127,2.770241,0.227995,2.817844,0.000000,0.052508,-0.306570,0.053054,-0.305317,0.059847,-0.220000,0.059847,1,3.336232,-0.220000,-0.220000,0.060387,0.045721,0.600000,0.600000,0.311127,0.110000,1.026729,0
1772480136,892805754,-1.373473,-2.183254,-1.700029,-0.082703,-1.063021,0.807116,1,0.063187,0.634867,0.311127,2.770241,0.311127,2.720724,0.228659,2.750241,-0.015889,0.061156,-0.305317,0.059847,-0.304820,0.062328,-0.220000,0.062328,1,3.461470,-0.220000,-0.220000,0.067180,0.052513,0.600000,0.600000,0.311127,0.110000,1.012196,0
1772480136,942959540,-1.370543,-2.183474,-1.669100,-0.084932,-1.061107,0.838044,1,0.066064,0.602060,0.311127,2.720724,0.311127,2.653827,0.229182,2.700724,-0.022057,0.062273,-0.304820,0.062328,-0.304426,0.064223,-0.220000,0.064223,1,3.588643,-0.220000,-0.220000,0.069662,0.054995,0.600000,0.600000,0.311127,0.110000,0.981268,0
1772480136,968193946,-1.369518,-2.182320,-1.654178,-0.086442,-1.061429,0.852967,1,0.066367,0.607804,0.311127,2.653827,0.311127,2.645844,0.229998,0.600000,-0.022252,0.062525,-0.304426,0.064223,-0.303811,0.067076,-0.220000,0.067076,1,3.794480,-0.220000,-0.220000,0.071556,0.056890,0.600000,0.600000,0.311127,0.110000,0.966345,0
1772480136,993150741,-1.368168,-2.183362,-1.640069,-0.086912,-1.059790,0.867075,1,0.077526,0.609278,0.311127,2.645844,0.311127,2.593382,0.230009,2.625844,-0.038056,0.067543,-0.303811,0.067076,-0.303802,0.067113,-0.220000,0.067113,1,3.776449,-0.220000,-0.220000,0.074409,0.059742,0.600000,0.600000,0.311127,0.110000,0.952237,0
1772480137,18178026,-1.367529,-2.182569,-1.624881,-0.087896,-1.060050,0.882263,1,0.080341,0.606250,0.311127,2.593382,0.311127,2.573189,0.231075,2.573382,-0.044061,0.067181,-0.303802,0.067113,-0.302992,0.070680,-0.220000,0.070680,1,4.010155,-0.220000,-0.220000,0.074446,0.059780,0.600000,0.600000,0.311127,0.110000,0.937049,0
1772480137,68363349,-1.363541,-2.180503,-1.593730,-0.090468,-1.067140,0.911674,1,0.089105,0.616093,0.311127,2.573189,0.311127,2.638541,0.233423,0.600000,-0.053090,0.071562,-0.302992,0.070680,-0.297542,0.090934,-0.220000,0.078013,1,5.461747,-0.220000,-0.220000,0.078013,0.063347,0.600000,0.600000,0.311127,0.110000,0.907638,0
1772480137,93501930,-1.362161,-2.178814,-1.578884,-0.092582,-1.067678,0.926520,1,0.101077,0.627262,0.311127,2.638541,0.311127,2.645669,0.238904,0.600000,-0.060916,0.080658,-0.297542,0.090934,-0.296859,0.093140,-0.220000,0.093140,1,5.702616,-0.220000,-0.220000,0.098267,0.083601,0.600000,0.600000,0.311127,0.110000,0.892792,0
1772480137,118505447,-1.360052,-2.177546,-1.563873,-0.095032,-1.067446,0.941531,1,0.107466,0.594540,0.311127,2.645669,0.311127,2.647632,0.238826,0.600000,-0.065727,0.085023,-0.296859,0.093140,-0.296921,0.092941,-0.220000,0.092941,1,5.792036,-0.220000,-0.220000,0.100473,0.085806,0.600000,0.600000,0.311127,0.110000,0.877781,0
1772480137,168693065,-1.355205,-2.174363,-1.534189,-0.100822,-1.067126,0.971215,1,0.121731,0.631867,0.311127,2.647632,0.311127,2.671809,0.237927,0.600000,-0.075585,0.095421,-0.296921,0.092941,-0.297642,0.090606,-0.220000,0.090606,1,5.897554,-0.220000,-0.220000,0.100274,0.085607,0.600000,0.600000,0.311127,0.110000,0.848097,0
1772480137,193844934,-1.352903,-2.172323,-1.520095,-0.104737,-1.068037,0.985367,1,0.122251,0.589748,0.311127,2.671809,0.311127,2.726869,0.237464,0.600000,-0.081738,0.090908,-0.297642,0.090606,-0.298012,0.089381,-0.220000,0.089381,1,6.038504,-0.220000,-0.220000,0.097939,0.083273,0.600000,0.600000,0.311127,0.110000,0.833944,0
1772480137,218802412,-1.350423,-2.170779,-1.504869,-0.113032,-1.071843,1.000964,1,0.125116,0.599382,0.311127,2.726869,0.311127,2.947844,0.236143,0.600000,-0.087886,0.089051,-0.298012,0.089381,-0.299059,0.085812,-0.220000,0.085812,1,6.386575,-0.220000,-0.220000,0.096715,0.082048,0.600000,0.600000,0.311127,0.110000,0.818348,0
1772480137,269135803,-1.347135,-2.167157,-1.473861,-0.117828,-1.072805,1.031972,1,0.128837,0.566902,0.311127,2.947844,0.311127,2.981087,0.236279,0.600000,-0.096502,0.085360,-0.299059,0.085812,-0.298952,0.086183,-0.220000,0.086183,1,6.742038,-0.220000,-0.220000,0.093145,0.078478,0.600000,0.600000,0.311127,0.110000,0.787339,0
1772480137,294077275,-1.344728,-2.164733,-1.458546,-0.121204,-1.073326,1.047287,1,0.135352,0.584516,0.311127,2.981087,0.311127,3.026215,0.235317,0.600000,-0.103882,0.086768,-0.298952,0.086183,-0.299710,0.083512,-0.220000,0.083512,1,6.763486,-0.220000,-0.220000,0.093517,0.078850,0.600000,0.600000,0.311127,0.110000,0.772025,0
1772480137,319191500,-1.344925,-2.161448,-1.443257,-0.123379,-1.076161,1.062716,1,0.138104,0.604896,0.311127,3.026215,0.311127,3.104010,0.237734,0.600000,-0.110103,0.083367,-0.299710,0.083512,-0.297796,0.090097,-0.220000,0.090097,1,7.637006,-0.220000,-0.220000,0.090845,0.076178,0.600000,0.600000,0.311127,0.110000,0.756596,0
1772480137,369300883,-1.341559,-2.156483,-1.413514,-0.131530,-1.078651,1.093373,1,0.152103,0.631520,0.311127,3.104010,0.311127,3.304092,0.235053,0.600000,-0.120120,0.093309,-0.297796,0.090097,-0.300048,0.082288,-0.220000,0.082763,1,7.738249,-0.220000,-0.220000,0.097430,0.082763,0.600000,0.600000,0.311127,0.110000,0.725939,0
1772480137,394459103,-1.339949,-2.152798,-1.399134,-0.135012,-1.080664,1.107753,1,0.150136,0.593821,0.311127,3.304092,0.311127,3.430844,0.234455,0.600000,-0.124839,0.083403,-0.300048,0.082288,-0.300385,0.081050,-0.220000,0.081050,1,8.074170,-0.220000,-0.220000,0.089621,0.074955,0.600000,0.600000,0.311127,0.110000,0.711559,0
1772480137,419471835,-1.338189,-2.148635,-1.383710,-0.138714,-1.082926,1.123131,1,0.155766,0.613807,0.311127,3.430844,0.311127,3.480906,0.233882,0.600000,-0.132047,0.082623,-0.300385,0.081050,-0.300831,0.079379,-0.220000,0.079379,1,8.449450,-0.220000,-0.220000,0.088383,0.073717,0.600000,0.600000,0.311127,0.110000,0.696181,0
1772480137,469682178,-1.335073,-2.142525,-1.354345,-0.143621,-1.085692,1.152191,1,0.161830,0.580777,0.311127,3.480906,0.311127,3.335605,0.233259,3.460906,-0.140011,0.081155,-0.300831,0.079379,-0.301314,0.077523,-0.220000,0.077523,1,9.038130,-0.220000,-0.220000,0.086712,0.072046,0.600000,0.600000,0.311127,0.110000,0.667121,0
1772480137,494669501,-1.333863,-2.138452,-1.338927,-0.147012,-1.088253,1.167608,1,0.167057,0.598618,0.311127,3.335605,0.311127,3.258516,0.232717,3.315605,-0.146591,0.080121,-0.301314,0.077523,-0.301733,0.075875,-0.220000,0.075875,1,9.557074,-0.220000,-0.220000,0.084857,0.070190,0.600000,0.600000,0.311127,0.110000,0.651703,0
1772480137,519725048,-1.332015,-2.135317,-1.322254,-0.151020,-1.089218,1.184813,1,0.173051,0.596248,0.311127,3.258516,0.311127,3.172492,0.230430,3.238516,-0.154433,0.078085,-0.301733,0.075875,-0.304349,0.064587,-0.220000,0.068542,1,8.665146,-0.220000,-0.220000,0.083209,0.068542,0.600000,0.600000,0.311127,0.110000,0.634498,0
1772480137,569902868,-1.330072,-2.125961,-1.292900,-0.162796,-1.092357,1.217930,1,0.179051,0.558084,0.311127,3.172492,0.311127,3.006906,0.227328,3.152492,-0.162260,0.075704,-0.304349,0.064587,-0.310895,0.012023,-0.220000,0.057253,1,1.955172,-0.220000,-0.220000,0.071920,0.057253,0.600000,0.600000,0.311127,0.110000,0.601381,0
1772480137,594891811,-1.328502,-2.120560,-1.278525,-0.167248,-1.095793,1.232306,1,0.182509,0.606866,0.311127,3.006906,0.311127,2.935031,0.220050,2.986906,-0.168847,0.069282,-0.310895,0.012023,-0.311007,-0.008626,-0.220000,0.004689,1,-1.594914,-0.220000,-0.220000,0.019356,0.004689,0.600000,0.600000,0.311127,0.110000,0.587006,0
1772480137,619974401,-1.329135,-2.116471,-1.262536,-0.168532,-1.100035,1.247988,1,0.185792,0.595330,0.311127,2.935031,0.311127,2.856617,0.220020,2.915031,-0.175152,0.061973,-0.311007,-0.008626,-0.311113,-0.002985,-0.220000,-0.002985,1,-0.632484,-0.220000,-0.220000,-0.001293,-0.015959,0.600000,0.600000,0.311127,0.110000,0.571323,0
1772480137,670190457,-1.329259,-2.109061,-1.232254,-0.168321,-1.110216,1.276039,1,0.198603,0.486903,0.311127,2.856617,0.311127,2.716363,0.220043,2.836617,-0.191700,0.051904,-0.311113,-0.002985,-0.306199,0.055153,-0.220000,0.004349,1,16.896619,-0.220000,-0.220000,0.004349,-0.010318,0.600000,0.600000,0.311127,0.110000,0.543273,0
1772480137,695195622,-1.328993,-2.104011,-1.216249,-0.171524,-1.114129,1.292044,1,0.195621,0.570890,0.311127,2.716363,0.311127,2.636339,0.225137,2.696363,-0.189815,0.047304,-0.306199,0.055153,-0.308594,0.039618,-0.220000,0.047820,1,15.842646,-0.220000,-0.220000,0.062487,0.047820,0.600000,0.600000,0.311127,0.110000,0.527268,0
1772480137,720365039,-1.329638,-2.099884,-1.201137,-0.173431,-1.117231,1.308039,1,0.205318,0.591325,0.311127,2.636339,0.311127,2.556364,0.222356,2.616339,-0.197534,0.055998,-0.308594,0.039618,-0.309522,0.031561,-0.220000,0.032285,1,16.252295,-0.220000,-0.220000,0.046952,0.032285,0.600000,0.600000,0.311127,0.110000,0.511273,0
1772480137,770387460,-1.332576,-2.090310,-1.170694,-0.176603,-1.122380,1.344818,1,0.211932,0.511283,0.311127,2.556364,0.311127,2.372469,0.221330,2.536364,-0.206716,0.046730,-0.309522,0.031561,-0.310963,-0.010096,-0.220000,0.024227,1,-9.775212,-0.220000,-0.220000,0.038894,0.024227,0.600000,0.600000,0.311127,0.110000,0.474494,0
1772480137,795520837,-1.331765,-2.086867,-1.155054,-0.179278,-1.124695,1.360457,1,0.223921,0.506766,0.311127,2.372469,0.311127,2.294272,0.220689,2.352469,-0.220256,0.040352,-0.310963,-0.010096,-0.268179,-0.157735,-0.220000,-0.017429,1,-229.046705,-0.220000,-0.220000,-0.002763,-0.017429,0.600000,0.600000,0.311127,0.110000,0.458854,0
1772480137,820522052,-1.334274,-2.081682,-1.139930,-0.180606,-1.130552,1.375479,1,0.225453,0.574907,0.311127,2.294272,0.311127,2.219164,0.308687,2.274272,-0.222983,0.033284,-0.268179,-0.157735,0.210084,-0.229488,-0.260845,-0.165068,1,-462.327461,-0.220000,-0.220000,-0.150401,-0.165068,0.600000,0.600000,0.311127,0.110000,0.443833,0
1772480137,870687425,-1.337373,-2.071498,-1.111826,-0.186574,-1.142048,1.402792,1,0.219940,0.590671,0.311127,2.219164,0.311127,2.082600,0.310842,2.199164,-0.218331,0.026548,0.210084,-0.229488,0.284583,-0.125747,0.217417,-0.222155,1,-51.267511,0.217417,0.202750,-0.220000,-0.220000,0.600000,0.600000,0.311127,0.110000,0.416520,0
1772480137,895911376,-1.339791,-2.066955,-1.096204,-0.187281,-1.147146,1.418414,1,0.213323,0.590805,0.311127,2.082600,0.311127,2.004489,0.249844,2.062600,-0.212447,0.019315,0.284583,-0.125747,0.295008,-0.098845,0.220000,-0.118414,1,-30.949869,0.220000,0.220000,-0.118414,-0.133081,0.600000,0.600000,0.311127,0.110000,0.400898,0
1772480137,920826234,-1.341993,-2.062354,-1.081302,-0.187830,-1.151978,1.432961,1,0.201954,0.596681,0.311127,2.004489,0.311127,1.931755,0.238274,1.984489,-0.201595,0.012046,0.295008,-0.098845,0.299925,-0.082736,0.220000,-0.091511,1,-21.158460,0.220000,0.220000,-0.091511,-0.106178,0.600000,0.600000,0.311127,0.110000,0.386351,0
1772480137,970870150,-1.346970,-2.052014,-1.053422,-0.187065,-1.161830,1.458085,1,0.188672,0.583082,0.311127,1.931755,0.311127,1.806136,0.232563,1.911755,-0.188619,0.004443,0.299925,-0.082736,0.307189,-0.049347,0.220000,-0.075403,1,-9.277636,0.220000,0.220000,-0.075403,-0.090070,0.600000,0.600000,0.311127,0.110000,0.361227,0
1772480137,995928262,-1.348836,-2.048539,-1.039950,-0.187605,-1.165738,1.471556,1,0.175378,0.554317,0.311127,1.806136,0.311127,1.738780,0.225437,1.786136,-0.175372,-0.001473,0.307189,-0.049347,0.307210,-0.049214,0.220000,-0.049214,1,-8.302409,0.220000,0.220000,-0.042014,-0.056681,0.600000,0.600000,0.311127,0.110000,0.347756,0
1772480138,20962615,-1.352224,-2.044759,-1.026464,-0.186226,-1.170730,1.485202,1,0.163717,0.512720,0.311127,1.738780,0.311127,1.670548,0.223951,1.718780,-0.163437,-0.009568,0.307210,-0.049214,0.309201,-0.034569,0.220000,-0.041881,1,-5.209170,0.220000,0.220000,-0.041881,-0.056547,0.600000,0.600000,0.311127,0.110000,0.334110,0
1772480138,71048357,-1.357010,-2.037140,-0.999900,-0.179855,-1.179244,1.513052,1,0.157078,0.538990,0.311127,1.670548,0.311127,1.531301,0.221679,1.650548,-0.156336,-0.015250,0.309201,-0.034569,0.311074,0.005766,0.220000,-0.027236,1,0.735651,0.220000,0.220000,-0.027236,-0.041903,0.600000,0.600000,0.311127,0.110000,0.306260,0
1772480138,96093411,-1.358779,-2.034717,-0.985755,-0.179848,-1.182245,1.527197,1,0.149126,0.535655,0.311127,1.531301,0.311127,1.460575,0.220010,1.511301,-0.147557,-0.021576,0.311074,0.005766,0.311120,0.002089,0.220000,0.002089,1,0.251510,0.220000,0.220000,0.013100,-0.001567,0.600000,0.600000,0.311127,0.110000,0.292115,0
1772480138,121325383,-1.361784,-2.032199,-0.972111,-0.179487,-1.186583,1.540756,1,0.146790,0.528953,0.311127,1.460575,0.311127,1.392779,0.220001,1.440575,-0.145985,-0.015347,0.311120,0.002089,0.311126,0.000678,0.220000,0.000678,1,0.075548,0.220000,0.220000,0.009422,-0.005245,0.600000,0.600000,0.311127,0.110000,0.278556,0
1772480138,171305180,-1.365965,-2.026600,-0.944659,-0.184063,-1.197809,1.567539,1,0.143767,0.575105,0.311127,1.392779,0.311127,1.132137,0.220101,1.372779,-0.143448,-0.009575,0.311126,0.000678,0.309971,-0.026794,0.220000,-0.006655,1,-2.489371,0.220000,0.220000,0.008012,-0.006655,0.600000,0.600000,0.311127,0.110000,0.251773,0
