sec,nsec,x,y,yaw,v_real,w_real,v_now,w_now,v_cmd,w_cmd,v_nav,w_nav,velocity_violation,curvature,dw_v_max,dw_v_min,dw_w_max,dw_w_min,v_reg
97,980000000,0.000000,0.000000,0.000000,0.000000,0.000000,0.000000,0.339682,0.007333,0.319682,0.007333,0.319682,0,12.150624,0.007333,0.000000,0.359682,0.319682,0.220000
98,0,0.000000,0.000000,0.000000,0.000000,0.000000,0.007333,0.319682,0.014667,0.299682,0.014667,0.299682,0,12.150624,0.014667,0.000000,0.339682,0.299682,0.220000
98,40000000,0.000198,-0.000002,0.000548,0.006595,0.018267,0.014667,0.299682,0.022000,0.279682,0.022000,0.279682,0,12.165410,0.022000,0.007333,0.319682,0.279682,0.220000
98,60000000,0.000428,-0.000008,0.000956,0.011531,0.020394,0.022000,0.279682,0.024592,0.299682,0.024592,0.299682,0,12.186029,0.029333,0.014667,0.299682,0.259682,0.220000
98,100000000,0.001220,-0.000014,0.002148,0.019787,0.029806,0.024592,0.299682,0.026079,0.319682,0.026079,0.319682,0,12.258291,0.031926,0.017259,0.319682,0.279682,0.220000
98,120000000,0.001662,-0.000017,0.003197,0.022119,0.052432,0.026079,0.319682,0.027631,0.339682,0.027631,0.339682,0,12.293315,0.033412,0.018746,0.339682,0.299682,0.220000
98,160000000,0.002571,-0.000022,0.005720,0.023326,0.073717,0.027631,0.339682,0.029097,0.359682,0.029097,0.359682,0,12.361410,0.034965,0.020298,0.359682,0.319682,0.220000
98,200000000,0.003537,-0.000026,0.008986,0.024820,0.087209,0.029097,0.359682,0.030555,0.379682,0.030555,0.379682,0,12.426309,0.036431,0.021764,0.379682,0.339682,0.220000
98,220000000,0.004060,-0.000026,0.010952,0.026179,0.098333,0.030555,0.379682,0.032081,0.399682,0.032081,0.399682,0,12.458593,0.037888,0.023221,0.399682,0.359682,0.220000
98,260000000,0.005144,-0.000025,0.015549,0.027494,0.122013,0.032081,0.399682,0.033527,0.419682,0.033527,0.419682,0,12.517850,0.039414,0.024747,0.419682,0.379682,0.220000
98,280000000,0.005694,-0.000022,0.017989,0.027496,0.122021,0.033527,0.419682,0.035045,0.439682,0.035045,0.439682,0,12.546152,0.040860,0.026193,0.439682,0.399682,0.220000
98,320000000,0.006901,-0.000012,0.023762,0.030174,0.144317,0.035045,0.439682,0.036477,0.459682,0.036477,0.459682,0,12.602054,0.042379,0.027712,0.459682,0.419682,0.220000
98,340000000,0.007521,-0.000005,0.026931,0.030996,0.158492,0.036477,0.459682,0.037986,0.479682,0.037986,0.479682,0,12.627699,0.043810,0.029143,0.479682,0.439682,0.220000
98,380000000,0.008794,0.000017,0.033739,0.032076,0.172417,0.037986,0.479682,0.039421,0.499682,0.039421,0.499682,0,12.675608,0.045320,0.030653,0.499682,0.459682,0.220000
98,420000000,0.010164,0.000049,0.041397,0.034328,0.192655,0.039421,0.499682,0.040850,0.519682,0.040850,0.519682,0,12.721782,0.046754,0.032087,0.519682,0.479682,0.220000
98,440000000,0.010873,0.000070,0.045677,0.035492,0.213985,0.040850,0.519682,0.042357,0.539682,0.042357,0.539682,0,12.741167,0.048183,0.033516,0.539682,0.499682,0.220000
98,480000000,0.012330,0.000121,0.054550,0.037348,0.229628,0.042357,0.539682,0.043798,0.559682,0.043798,0.559682,0,12.778816,0.049691,0.035024,0.559682,0.519682,0.220000
98,500000000,0.013092,0.000153,0.059276,0.038143,0.236335,0.043798,0.559682,0.045298,0.579682,0.045298,0.579682,0,12.796965,0.051131,0.036464,0.579682,0.539682,0.220000
98,540000000,0.014658,0.000230,0.069488,0.039445,0.260043,0.045298,0.579682,0.046753,0.599682,0.046753,0.599682,0,12.826685,0.052632,0.037965,0.599682,0.559682,0.220000
98,560000000,0.015456,0.000275,0.074778,0.039980,0.264514,0.046753,0.599682,0.046728,0.600000,0.046728,0.600000,0,12.840232,0.054086,0.039419,0.600000,0.579682,0.220000
98,600000000,0.017137,0.000383,0.086074,0.042114,0.282381,0.046728,0.600000,0.046636,0.600000,0.046636,0.600000,0,12.865587,0.054061,0.039395,0.600000,0.580000,0.220000
98,620000000,0.017977,0.000444,0.092122,0.042099,0.302411,0.046636,0.600000,0.046611,0.600000,0.046611,0.600000,0,12.872455,0.053969,0.039303,0.600000,0.580000,0.220000
98,660000000,0.019655,0.000581,0.104620,0.042056,0.317476,0.046611,0.600000,0.046585,0.600000,0.046585,0.600000,0,12.879640,0.053944,0.039278,0.600000,0.580000,0.220000
98,700000000,0.021327,0.000739,0.118072,0.041988,0.340059,0.046585,0.600000,0.046598,0.600000,0.046598,0.600000,0,12.876106,0.053918,0.039252,0.600000,0.580000,0.220000
98,720000000,0.022162,0.000827,0.125223,0.041973,0.357579,0.046598,0.600000,0.046627,0.600000,0.046627,0.600000,0,12.868193,0.053931,0.039265,0.600000,0.580000,0.220000
98,760000000,0.023831,0.001020,0.139976,0.042007,0.380049,0.046627,0.600000,0.046710,0.600000,0.046710,0.600000,0,12.845154,0.053960,0.039293,0.600000,0.580000,0.220000
98,780000000,0.024665,0.001126,0.147627,0.042011,0.382545,0.046710,0.600000,0.046768,0.600000,0.046768,0.600000,0,12.829349,0.054044,0.039377,0.600000,0.580000,0.220000
98,820000000,0.026332,0.001358,0.163826,0.042085,0.407463,0.046768,0.600000,0.046931,0.600000,0.046931,0.600000,0,12.784737,0.054101,0.039434,0.600000,0.580000,0.220000
98,840000000,0.027166,0.001484,0.172173,0.042163,0.417379,0.046931,0.600000,0.047028,0.600000,0.047028,0.600000,0,12.758487,0.054264,0.039598,0.600000,0.580000,0.220000
98,880000000,0.028835,0.001760,0.189463,0.042280,0.432245,0.047028,0.600000,0.047256,0.600000,0.047256,0.600000,0,12.696776,0.054361,0.039694,0.600000,0.580000,0.220000
98,900000000,0.029669,0.001909,0.198606,0.042365,0.457149,0.047256,0.600000,0.047399,0.600000,0.047399,0.600000,0,12.658562,0.054589,0.039923,0.600000,0.580000,0.220000
98,940000000,0.031336,0.002231,0.216888,0.042546,0.456942,0.047399,0.600000,0.047694,0.600000,0.047694,0.600000,0,12.580274,0.054732,0.040065,0.600000,0.580000,0.220000
98,960000000,0.032170,0.002404,0.226026,0.042565,0.456912,0.047694,0.600000,0.047846,0.600000,0.047846,0.600000,0,12.540228,0.055027,0.040360,0.600000,0.580000,0.220000
99,0,0.033843,0.002777,0.244290,0.042955,0.456495,0.047846,0.600000,0.048158,0.600000,0.048158,0.600000,0,12.459070,0.055179,0.040513,0.600000,0.580000,0.220000
99,20000000,0.034681,0.002975,0.253419,0.043008,0.456430,0.048158,0.600000,0.048318,0.600000,0.048318,0.600000,0,12.417634,0.055491,0.040824,0.600000,0.580000,0.220000
99,60000000,0.036355,0.003397,0.271670,0.043214,0.456201,0.048318,0.600000,0.048650,0.600000,0.048650,0.600000,0,12.332976,0.055652,0.040985,0.600000,0.580000,0.220000
99,80000000,0.037195,0.003621,0.280787,0.043510,0.455891,0.048650,0.600000,0.048819,0.600000,0.048819,0.600000,0,12.290184,0.055983,0.041317,0.600000,0.580000,0.220000
99,120000000,0.038878,0.004095,0.299015,0.043805,0.455573,0.048819,0.600000,0.049158,0.600000,0.049158,0.600000,0,12.205501,0.056153,0.041486,0.600000,0.580000,0.220000
99,140000000,0.039718,0.004344,0.308127,0.043804,0.455566,0.049158,0.600000,0.049332,0.600000,0.049332,0.600000,0,12.162496,0.056491,0.041825,0.600000,0.580000,0.220000
99,180000000,0.041406,0.004870,0.326332,0.044258,0.455088,0.049332,0.600000,0.049687,0.600000,0.049687,0.600000,0,12.075681,0.056665,0.041999,0.600000,0.580000,0.220000
99,220000000,0.043092,0.005430,0.344530,0.044412,0.454916,0.049687,0.600000,0.050058,0.600000,0.050058,0.600000,0,11.986176,0.057020,0.042353,0.600000,0.580000,0.220000
99,240000000,0.043934,0.005723,0.353624,0.044610,0.454724,0.050058,0.600000,0.050249,0.600000,0.050249,0.600000,0,11.940562,0.057391,0.042724,0.600000,0.580000,0.220000
99,280000000,0.045634,0.006343,0.371820,0.045322,0.455221,0.050249,0.600000,0.050639,0.600000,0.050639,0.600000,0,11.848475,0.057582,0.042916,0.600000,0.580000,0.220000
99,300000000,0.046485,0.006669,0.380929,0.045544,0.455453,0.050639,0.600000,0.050842,0.600000,0.050842,0.600000,0,11.801319,0.057973,0.043306,0.600000,0.580000,0.220000
99,340000000,0.048186,0.007348,0.399145,0.045850,0.454490,0.050842,0.600000,0.051260,0.600000,0.051260,0.600000,0,11.705041,0.058175,0.043508,0.600000,0.580000,0.220000
99,360000000,0.049034,0.007697,0.408224,0.045863,0.453938,0.051260,0.600000,0.051475,0.600000,0.051475,0.600000,0,11.656254,0.058593,0.043927,0.600000,0.580000,0.220000
99,400000000,0.050728,0.008420,0.426355,0.046137,0.453106,0.051475,0.600000,0.051917,0.600000,0.051917,0.600000,0,11.556931,0.058808,0.044141,0.600000,0.580000,0.220000
99,420000000,0.051572,0.008794,0.435417,0.046136,0.453102,0.051917,0.600000,0.052146,0.600000,0.052146,0.600000,0,11.506048,0.059250,0.044584,0.600000,0.580000,0.220000
99,460000000,0.053270,0.009575,0.453517,0.046726,0.452493,0.052146,0.600000,0.052615,0.600000,0.052615,0.600000,0,11.403618,0.059480,0.044813,0.600000,0.580000,0.220000
99,500000000,0.054961,0.010390,0.471608,0.046931,0.452276,0.052615,0.600000,0.053092,0.600000,0.053092,0.600000,0,11.301082,0.059948,0.045282,0.600000,0.580000,0.220000
99,520000000,0.055808,0.010813,0.480645,0.047356,0.451840,0.053092,0.600000,0.053335,0.600000,0.053335,0.600000,0,11.249567,0.060426,0.045759,0.600000,0.580000,0.220000
99,560000000,0.057508,0.011690,0.498699,0.047868,0.451314,0.053335,0.600000,0.053835,0.600000,0.053835,0.600000,0,11.145266,0.060669,0.046002,0.600000,0.580000,0.220000
99,580000000,0.058356,0.012142,0.507723,0.047999,0.451178,0.053835,0.600000,0.054094,0.600000,0.054094,0.600000,0,11.091887,0.061168,0.046501,0.600000,0.580000,0.220000
99,620000000,0.060053,0.013077,0.525752,0.048681,0.450481,0.054094,0.600000,0.054627,0.600000,0.054627,0.600000,0,10.983606,0.061427,0.046760,0.600000,0.580000,0.220000
99,640000000,0.060899,0.013559,0.534761,0.048680,0.450479,0.054627,0.600000,0.054903,0.600000,0.054903,0.600000,0,10.928296,0.061960,0.047294,0.600000,0.580000,0.220000
99,680000000,0.062594,0.014554,0.552762,0.049160,0.449989,0.054903,0.600000,0.055473,0.600000,0.055473,0.600000,0,10.816056,0.062237,0.047570,0.600000,0.580000,0.220000
99,700000000,0.063439,0.015065,0.561758,0.049359,0.449786,0.055473,0.600000,0.055769,0.600000,0.055769,0.600000,0,10.758667,0.062806,0.048140,0.600000,0.580000,0.220000
99,740000000,0.065121,0.016114,0.579741,0.049720,0.449417,0.055769,0.600000,0.056385,0.600000,0.056385,0.600000,0,10.641214,0.063102,0.048436,0.600000,0.580000,0.220000
99,760000000,0.065966,0.016657,0.588720,0.050187,0.448942,0.056385,0.600000,0.056701,0.600000,0.056701,0.600000,0,10.581859,0.063718,0.049051,0.600000,0.580000,0.220000
99,800000000,0.067649,0.017771,0.606666,0.050741,0.448379,0.056701,0.600000,0.057358,0.600000,0.057358,0.600000,0,10.460578,0.064034,0.049367,0.600000,0.580000,0.220000
99,820000000,0.068488,0.018343,0.615634,0.050742,0.448381,0.057358,0.600000,0.057692,0.600000,0.057692,0.600000,0,10.400140,0.064692,0.050025,0.600000,0.580000,0.220000
99,860000000,0.070172,0.019524,0.633540,0.051619,0.447492,0.057692,0.600000,0.058374,0.600000,0.058374,0.600000,0,10.278622,0.065025,0.050358,0.600000,0.580000,0.220000
99,900000000,0.071849,0.020745,0.651431,0.051920,0.447192,0.058374,0.600000,0.059093,0.600000,0.059093,0.600000,0,10.153567,0.065707,0.051040,0.600000,0.580000,0.220000
99,920000000,0.072682,0.021369,0.660372,0.052046,0.447066,0.059093,0.600000,0.059468,0.600000,0.059468,0.600000,0,10.089502,0.066426,0.051759,0.600000,0.580000,0.220000
99,960000000,0.074368,0.022667,0.678209,0.053183,0.445920,0.059468,0.600000,0.060233,0.600000,0.060233,0.600000,0,9.961308,0.066801,0.052134,0.600000,0.580000,0.220000
99,980000000,0.075208,0.023331,0.687121,0.053521,0.445581,0.060233,0.600000,0.060632,0.600000,0.060632,0.600000,0,9.895815,0.067566,0.052900,0.600000,0.580000,0.220000
100,20000000,0.076879,0.024690,0.704931,0.054152,0.444951,0.060632,0.600000,0.061464,0.600000,0.061464,0.600000,0,9.761852,0.067965,0.053298,0.600000,0.580000,0.220000
100,40000000,0.077717,0.025389,0.713822,0.054572,0.444531,0.061464,0.600000,0.061894,0.600000,0.061894,0.600000,0,9.694017,0.068797,0.054130,0.600000,0.580000,0.220000
100,80000000,0.079387,0.026822,0.731585,0.055324,0.443783,0.061894,0.600000,0.062790,0.600000,0.062790,0.600000,0,9.555613,0.069227,0.054561,0.600000,0.580000,0.220000
100,100000000,0.080220,0.027555,0.740459,0.055445,0.443670,0.062790,0.600000,0.063255,0.600000,0.063255,0.600000,0,9.485412,0.070124,0.055457,0.600000,0.580000,0.220000
100,140000000,0.081897,0.029072,0.758162,0.056524,0.442596,0.063255,0.600000,0.064191,0.600000,0.064191,0.600000,0,9.347061,0.070588,0.055922,0.600000,0.580000,0.220000
100,160000000,0.082731,0.029847,0.767006,0.056944,0.442181,0.064191,0.600000,0.064680,0.600000,0.064680,0.600000,0,9.276374,0.071525,0.056858,0.600000,0.580000,0.220000
100,200000000,0.084397,0.031435,0.784670,0.058104,0.441029,0.064680,0.600000,0.065701,0.600000,0.065701,0.600000,0,9.132317,0.072014,0.057347,0.600000,0.580000,0.220000
100,220000000,0.085230,0.032249,0.793489,0.058235,0.440912,0.065701,0.600000,0.066232,0.600000,0.066232,0.600000,0,9.059102,0.073034,0.058367,0.600000,0.580000,0.220000
100,260000000,0.086894,0.033919,0.811098,0.059160,0.440008,0.066232,0.600000,0.067339,0.600000,0.067339,0.600000,0,8.910086,0.073565,0.058898,0.600000,0.580000,0.220000
100,280000000,0.087720,0.034770,0.819896,0.059311,0.439873,0.067339,0.600000,0.067921,0.600000,0.067921,0.600000,0,8.833806,0.074673,0.060006,0.600000,0.580000,0.220000
100,320000000,0.089387,0.036533,0.837438,0.060646,0.438561,0.067921,0.600000,0.069123,0.600000,0.069123,0.600000,0,8.680175,0.075254,0.060588,0.600000,0.580000,0.220000
100,360000000,0.091039,0.038339,0.854960,0.061178,0.438070,0.069123,0.600000,0.070400,0.600000,0.070400,0.600000,0,8.522766,0.076456,0.061790,0.600000,0.580000,0.220000
100,380000000,0.091871,0.039273,0.863695,0.062522,0.436734,0.070400,0.600000,0.071047,0.600000,0.071047,0.600000,0,8.445056,0.077733,0.063066,0.600000,0.580000,0.220000
100,420000000,0.093539,0.041193,0.881124,0.063719,0.435586,0.071047,0.600000,0.072399,0.600000,0.072399,0.600000,0,8.287427,0.078381,0.063714,0.600000,0.580000,0.220000
100,440000000,0.094366,0.042170,0.889830,0.064016,0.435318,0.072399,0.600000,0.073111,0.600000,0.073111,0.600000,0,8.206644,0.079732,0.065065,0.600000,0.580000,0.220000
100,480000000,0.096018,0.044172,0.907210,0.065247,0.434148,0.073111,0.600000,0.074608,0.600000,0.074608,0.600000,0,8.042071,0.080445,0.065778,0.600000,0.580000,0.220000
100,500000000,0.096836,0.045189,0.915894,0.065254,0.434180,0.074608,0.600000,0.075399,0.600000,0.075399,0.600000,0,7.957615,0.081941,0.067274,0.600000,0.580000,0.220000
100,540000000,0.098489,0.047297,0.933195,0.067260,0.432245,0.075399,0.600000,0.077048,0.600000,0.077048,0.600000,0,7.787397,0.082733,0.068066,0.600000,0.580000,0.220000
100,560000000,0.099311,0.048373,0.941832,0.067697,0.431852,0.077048,0.600000,0.077918,0.600000,0.077918,0.600000,0,7.700401,0.084381,0.069714,0.600000,0.580000,0.220000
100,600000000,0.100949,0.050574,0.959074,0.069137,0.430509,0.077918,0.600000,0.079720,0.600000,0.079720,0.600000,0,7.526318,0.085251,0.070585,0.600000,0.580000,0.220000
100,620000000,0.101774,0.051712,0.967662,0.070284,0.429417,0.079720,0.600000,0.080656,0.600000,0.080656,0.600000,0,7.438980,0.087054,0.072387,0.600000,0.580000,0.220000
100,660000000,0.103419,0.054038,0.984806,0.071933,0.427894,0.080656,0.600000,0.082638,0.600000,0.082638,0.600000,0,7.260555,0.087990,0.073323,0.600000,0.580000,0.220000
100,680000000,0.104235,0.055223,0.993365,0.071946,0.427953,0.082638,0.600000,0.083691,0.600000,0.083691,0.600000,0,7.169211,0.089972,0.075305,0.600000,0.580000,0.220000
100,720000000,0.105889,0.057688,1.010398,0.074609,0.425453,0.083691,0.600000,0.088137,0.600000,0.088137,0.600000,0,6.807558,0.091025,0.076358,0.600000,0.580000,0.220000
100,740000000,0.106712,0.058948,1.018897,0.075195,0.424956,0.088137,0.600000,0.090398,0.600000,0.090398,0.600000,0,6.637306,0.095471,0.080804,0.600000,0.580000,0.220000
100,780000000,0.108369,0.061548,1.035825,0.078532,0.421723,0.090398,0.600000,0.097731,0.590792,0.097731,0.590792,0,6.045054,0.097731,0.083065,0.600000,0.580000,0.220000
100,800000000,0.109230,0.062937,1.044201,0.081692,0.418811,0.097731,0.590792,0.105065,0.589856,0.105065,0.589856,0,5.614214,0.105065,0.090398,0.600000,0.570792,0.220000
100,840000000,0.111016,0.065892,1.060777,0.088377,0.412494,0.105065,0.589856,0.112398,0.569856,0.112398,0.569856,0,4.840378,0.112398,0.097731,0.600000,0.569856,0.220000
100,880000000,0.112930,0.069156,1.077010,0.100685,0.399027,0.112398,0.569856,0.119731,0.549856,0.119731,0.549856,0,3.869122,0.119731,0.105065,0.589856,0.549856,0.220000
100,900000000,0.113937,0.070926,1.085010,0.101778,0.400007,0.119731,0.549856,0.127065,0.529856,0.127065,0.529856,0,3.741975,0.127065,0.112398,0.569856,0.529856,0.220000
100,940000000,0.116019,0.074673,1.100820,0.108549,0.394100,0.127065,0.529856,0.134398,0.509856,0.134398,0.509856,0,3.285838,0.134398,0.119731,0.549856,0.509856,0.220000
100,960000000,0.117076,0.076613,1.108637,0.110414,0.390881,0.134398,0.509856,0.141731,0.489856,0.141731,0.489856,0,3.144012,0.141731,0.127065,0.529856,0.489856,0.220000
101,0,0.119365,0.080940,1.123893,0.122634,0.380813,0.141731,0.489856,0.149065,0.469856,0.149065,0.469856,0,2.601884,0.149065,0.134398,0.509856,0.469856,0.220000
101,20000000,0.120549,0.083233,1.131222,0.128913,0.366485,0.149065,0.469856,0.156398,0.449856,0.156398,0.449856,0,2.376976,0.156398,0.141731,0.489856,0.449856,0.220000
101,60000000,0.122958,0.088006,1.145373,0.138141,0.340404,0.156398,0.449856,0.163731,0.429856,0.163731,0.429856,0,2.070530,0.163731,0.149065,0.469856,0.429856,0.220000
101,80000000,0.124223,0.090567,1.151994,0.142736,0.331047,0.163731,0.429856,0.171065,0.409856,0.171065,0.409856,0,1.940132,0.171065,0.156398,0.449856,0.409856,0.220000
101,120000000,0.126814,0.095912,1.164296,0.149852,0.301862,0.171065,0.409856,0.178398,0.389856,0.178398,0.389856,0,1.746897,0.178398,0.163731,0.429856,0.389856,0.220000
101,140000000,0.128159,0.098741,1.169958,0.156482,0.283117,0.178398,0.389856,0.185731,0.369856,0.185731,0.369856,0,1.618013,0.185731,0.171065,0.409856,0.369856,0.220000
101,160000000,0.129554,0.101708,1.175302,0.166779,0.256341,0.185731,0.369856,0.193065,0.349856,0.193065,0.349856,0,1.460757,0.193065,0.178398,0.389856,0.349856,0.220000
101,200000000,0.132400,0.107846,1.185217,0.171202,0.239444,0.193065,0.349856,0.200398,0.329856,0.200398,0.329856,0,1.367874,0.200398,0.185731,0.369856,0.329856,0.220000
101,240000000,0.135302,0.114229,1.194290,0.178656,0.212384,0.200398,0.329856,0.207731,0.309856,0.207731,0.309856,0,1.256773,0.207731,0.193065,0.349856,0.309856,0.220000
101,260000000,0.136769,0.117501,1.198579,0.179096,0.214477,0.207731,0.309856,0.215065,0.289856,0.215065,0.289856,0,1.236537,0.215065,0.200398,0.329856,0.289856,0.220000
101,300000000,0.139894,0.124542,1.205927,0.193626,0.183104,0.215065,0.289856,0.220000,0.269856,0.220000,0.269856,0,1.093905,0.220000,0.207731,0.309856,0.269856,0.220000
101,320000000,0.141480,0.128164,1.209338,0.197478,0.170555,0.220000,0.269856,0.220000,0.249856,0.220000,0.249856,0,1.057015,0.220000,0.212667,0.289856,0.249856,0.220000
101,360000000,0.144704,0.135613,1.215503,0.203851,0.149994,0.220000,0.249856,0.220000,0.229856,0.220000,0.229856,0,1.000709,0.220000,0.212667,0.269856,0.229856,0.220000
101,380000000,0.146337,0.139427,1.218227,0.207167,0.136191,0.220000,0.229856,0.220000,0.214582,0.220000,0.214582,0,0.975373,0.220000,0.212667,0.249856,0.209856,0.220000
101,420000000,0.149584,0.147097,1.223383,0.208224,0.118324,0.220000,0.214582,0.220000,0.211573,0.220000,0.211573,0,0.961697,0.220000,0.212667,0.234582,0.194582,0.220000
101,440000000,0.151200,0.150952,1.225812,0.208747,0.121414,0.220000,0.211573,0.220000,0.210266,0.220000,0.210266,0,0.955754,0.220000,0.212667,0.231573,0.191573,0.220000
101,480000000,0.154414,0.158703,1.229928,0.209751,0.103470,0.220000,0.210266,0.220000,0.208612,0.220000,0.208612,0,0.948236,0.220000,0.212667,0.230266,0.190266,0.220000
101,500000000,0.156014,0.162597,1.231660,0.210243,0.086611,0.220000,0.208612,0.220000,0.208222,0.220000,0.208222,0,0.946464,0.220000,0.212667,0.228612,0.188612,0.220000
101,540000000,0.159199,0.170422,1.235070,0.211192,0.085595,0.220000,0.208222,0.220000,0.207469,0.220000,0.207469,0,0.943039,0.220000,0.212667,0.228222,0.188222,0.220000
101,560000000,0.160786,0.174352,1.236757,0.211665,0.084388,0.220000,0.207469,0.220000,0.207086,0.220000,0.207086,0,0.941299,0.220000,0.212667,0.227469,0.187469,0.220000
101,600000000,0.163940,0.182247,1.240308,0.212498,0.090194,0.220000,0.207086,0.220000,0.206150,0.220000,0.206150,0,0.937045,0.220000,0.212667,0.227086,0.187086,0.220000
101,640000000,0.167062,0.190186,1.244092,0.213232,0.095552,0.220000,0.206150,0.220000,0.204886,0.220000,0.204886,0,0.931299,0.220000,0.212667,0.226150,0.186150,0.220000
101,660000000,0.168611,0.194172,1.246066,0.213576,0.098724,0.220000,0.204886,0.220000,0.204130,0.220000,0.204130,0,0.927863,0.220000,0.212667,0.224886,0.184886,0.220000
101,700000000,0.171682,0.202175,1.250131,0.214255,0.102879,0.220000,0.204130,0.220000,0.202336,0.220000,0.202336,0,0.919709,0.220000,0.212667,0.224130,0.184130,0.220000
101,720000000,0.173204,0.206191,1.252228,0.214554,0.104840,0.220000,0.202336,0.220000,0.201354,0.220000,0.201354,0,0.915246,0.220000,0.212667,0.222336,0.182336,0.220000
101,760000000,0.176218,0.214253,1.256504,0.215140,0.108062,0.220000,0.201354,0.220000,0.199161,0.220000,0.199161,0,0.905279,0.220000,0.212667,0.221354,0.181354,0.220000
101,780000000,0.177710,0.218298,1.258706,0.215398,0.110082,0.220000,0.199161,0.220000,0.197967,0.220000,0.197967,0,0.899850,0.220000,0.212667,0.219161,0.179161,0.220000
101,820000000,0.180662,0.226416,1.263167,0.215900,0.111329,0.220000,0.197967,0.220000,0.195396,0.220000,0.195396,0,0.888162,0.220000,0.212667,0.217967,0.177967,0.220000
101,840000000,0.182123,0.230488,1.265439,0.216135,0.113638,0.220000,0.195396,0.220000,0.194018,0.220000,0.194018,0,0.881902,0.220000,0.212667,0.215396,0.175396,0.220000
101,880000000,0.185009,0.238657,1.270026,0.216546,0.115523,0.220000,0.194018,0.220000,0.191154,0.220000,0.191154,0,0.868880,0.220000,0.212667,0.214018,0.174018,0.220000
101,900000000,0.186436,0.242753,1.272347,0.216734,0.116055,0.220000,0.191154,0.220000,0.189639,0.220000,0.189639,0,0.861993,0.220000,0.212667,0.211154,0.171154,0.220000
101,940000000,0.189252,0.250968,1.277013,0.217075,0.117657,0.220000,0.189639,0.220000,0.186489,0.220000,0.186489,0,0.847676,0.220000,0.212667,0.209639,0.169639,0.220000
101,960000000,0.190642,0.255087,1.279376,0.217233,0.118179,0.220000,0.186489,0.220000,0.184816,0.220000,0.184816,0,0.840074,0.220000,0.212667,0.206489,0.166489,0.220000
102,0,0.193386,0.263346,1.284130,0.217519,0.117609,0.220000,0.184816,0.220000,0.181342,0.220000,0.181342,0,0.824282,0.220000,0.212667,0.204816,0.164816,0.220000
102,20000000,0.194741,0.267485,1.286510,0.217775,0.118994,0.220000,0.181342,0.220000,0.179379,0.220000,0.179379,0,0.815358,0.220000,0.212667,0.201342,0.161342,0.220000
102,60000000,0.197412,0.275783,1.291269,0.217892,0.118952,0.220000,0.179379,0.220000,0.175859,0.220000,0.175859,0,0.799358,0.220000,0.212667,0.199379,0.159379,0.220000
102,100000000,0.200035,0.284105,1.296071,0.218107,0.120262,0.220000,0.175859,0.220000,0.171967,0.220000,0.171967,0,0.781668,0.220000,0.212667,0.195859,0.155859,0.220000
102,120000000,0.201327,0.288275,1.298507,0.218204,0.121794,0.220000,0.171967,0.220000,0.169918,0.220000,0.169918,0,0.772355,0.220000,0.212667,0.191967,0.151967,0.220000
102,160000000,0.203877,0.296631,1.303173,0.218385,0.117367,0.220000,0.169918,0.220000,0.165975,0.220000,0.165975,0,0.754430,0.220000,0.212667,0.189918,0.149918,0.220000
102,180000000,0.205134,0.300817,1.305523,0.218467,0.117538,0.220000,0.165975,0.220000,0.163920,0.220000,0.163920,0,0.745092,0.220000,0.212667,0.185975,0.145975,0.220000
102,220000000,0.207612,0.309205,1.310214,0.218619,0.116426,0.220000,0.163920,0.220000,0.159712,0.220000,0.159712,0,0.725963,0.220000,0.212667,0.183920,0.143920,0.220000
102,240000000,0.208833,0.313406,1.312508,0.218688,0.114706,0.220000,0.159712,0.220000,0.157617,0.220000,0.157617,0,0.716439,0.220000,0.212667,0.179712,0.139712,0.220000
102,280000000,0.211240,0.321822,1.317082,0.218836,0.113130,0.220000,0.157617,0.220000,0.153312,0.220000,0.153312,0,0.696871,0.220000,0.212667,0.177617,0.137617,0.220000
102,300000000,0.212426,0.326038,1.319369,0.218894,0.114338,0.220000,0.153312,0.220000,0.151114,0.220000,0.151114,0,0.686880,0.220000,0.212667,0.173312,0.133312,0.220000
102,340000000,0.214763,0.334481,1.323760,0.219001,0.110292,0.220000,0.151114,0.220000,0.146843,0.220000,0.146843,0,0.667467,0.220000,0.212667,0.171114,0.131114,0.220000
102,360000000,0.215915,0.338709,1.325949,0.219053,0.109447,0.220000,0.146843,0.220000,0.144653,0.220000,0.144653,0,0.657512,0.220000,0.212667,0.166843,0.126843,0.220000
102,400000000,0.218185,0.347177,1.330318,0.219140,0.108064,0.220000,0.144653,0.220000,0.140181,0.220000,0.140181,0,0.637187,0.220000,0.212667,0.164653,0.124653,0.220000
102,440000000,0.220412,0.355659,1.334560,0.219221,0.106370,0.220000,0.140181,0.220000,0.135722,0.220000,0.135722,0,0.616917,0.220000,0.212667,0.160181,0.120181,0.220000
102,460000000,0.221510,0.359905,1.336623,0.219260,0.103156,0.220000,0.135722,0.220000,0.133524,0.220000,0.133524,0,0.606929,0.220000,0.212667,0.155722,0.115722,0.220000
102,500000000,0.223674,0.368407,1.340711,0.219327,0.100346,0.220000,0.133524,0.220000,0.129066,0.220000,0.129066,0,0.586665,0.220000,0.212667,0.153524,0.113524,0.220000
102,520000000,0.224742,0.372663,1.342692,0.219357,0.099084,0.220000,0.129066,0.220000,0.126873,0.220000,0.126873,0,0.576695,0.220000,0.212667,0.149066,0.109066,0.220000
102,560000000,0.226847,0.381184,1.346563,0.219419,0.096328,0.220000,0.126873,0.220000,0.122487,0.220000,0.122487,0,0.556759,0.220000,0.212667,0.146873,0.106873,0.220000
102,600000000,0.228914,0.389717,1.350298,0.219473,0.091083,0.220000,0.122487,0.220000,0.118151,0.220000,0.118151,0,0.537048,0.220000,0.212667,0.142487,0.102487,0.220000
102,620000000,0.229934,0.393987,1.352135,0.219503,0.091820,0.220000,0.118151,0.220000,0.115974,0.220000,0.115974,0,0.527156,0.220000,0.212667,0.138151,0.098151,0.220000
102,660000000,0.231947,0.402535,1.355690,0.219535,0.088790,0.220000,0.115974,0.220000,0.111706,0.220000,0.111706,0,0.507754,0.220000,0.212667,0.135974,0.095974,0.220000
102,680000000,0.232941,0.406813,1.357389,0.219554,0.084956,0.220000,0.111706,0.220000,0.109629,0.220000,0.109629,0,0.498316,0.220000,0.212667,0.131706,0.091706,0.220000
102,720000000,0.234902,0.415375,1.360737,0.219594,0.083712,0.220000,0.109629,0.220000,0.105444,0.220000,0.105444,0,0.479292,0.220000,0.212667,0.129629,0.089629,0.220000
102,740000000,0.235871,0.419660,1.362395,0.219613,0.082904,0.220000,0.105444,0.220000,0.103330,0.220000,0.103330,0,0.469682,0.220000,0.212667,0.125444,0.085444,0.220000
102,780000000,0.237783,0.428236,1.365647,0.219647,0.079914,0.220000,0.103330,0.220000,0.099091,0.220000,0.099091,0,0.450415,0.220000,0.212667,0.123330,0.083330,0.220000
102,800000000,0.238727,0.432527,1.367257,0.219663,0.080507,0.220000,0.099091,0.220000,0.096954,0.220000,0.096954,0,0.440699,0.220000,0.212667,0.119091,0.079091,0.220000
102,840000000,0.240591,0.441115,1.370282,0.219692,0.075266,0.220000,0.096954,0.220000,0.092847,0.220000,0.092847,0,0.422031,0.220000,0.212667,0.116954,0.076954,0.220000
102,860000000,0.241512,0.445411,1.371769,0.219706,0.074322,0.220000,0.092847,0.220000,0.090796,0.220000,0.090796,0,0.412708,0.220000,0.212667,0.112847,0.072847,0.220000
102,900000000,0.243332,0.454010,1.374710,0.219732,0.072857,0.220000,0.090796,0.220000,0.086648,0.220000,0.086648,0,0.393853,0.220000,0.212667,0.110796,0.070796,0.220000
102,920000000,0.244232,0.458313,1.376091,0.219744,0.069059,0.220000,0.086648,0.220000,0.084657,0.220000,0.084657,0,0.384805,0.220000,0.212667,0.106648,0.066648,0.220000
102,960000000,0.246009,0.466922,1.378808,0.219766,0.066286,0.220000,0.084657,0.220000,0.080652,0.220000,0.080652,0,0.366601,0.220000,0.212667,0.104657,0.064657,0.220000
103,0,0.247760,0.475537,1.381375,0.219787,0.062008,0.220000,0.080652,0.220000,0.076755,0.220000,0.076755,0,0.348885,0.220000,0.212667,0.100652,0.060652,0.220000
103,20000000,0.248626,0.479847,1.382600,0.219798,0.061274,0.220000,0.076755,0.220000,0.074844,0.220000,0.074844,0,0.340199,0.220000,0.212667,0.096755,0.056755,0.220000
103,40000000,0.249486,0.484159,1.383804,0.219813,0.060202,0.220000,0.074844,0.220000,0.072946,0.220000,0.072946,0,0.331571,0.220000,0.212667,0.094844,0.054844,0.220000
103,80000000,0.251188,0.492786,1.386122,0.219832,0.057594,0.220000,0.072946,0.220000,0.069203,0.220000,0.069203,0,0.314561,0.220000,0.212667,0.092946,0.052946,0.220000
103,120000000,0.252866,0.501419,1.388331,0.219848,0.055028,0.220000,0.069203,0.220000,0.065526,0.220000,0.065526,0,0.297848,0.220000,0.212667,0.089203,0.049203,0.220000
103,140000000,0.253697,0.505737,1.389379,0.219856,0.052417,0.220000,0.065526,0.220000,0.063730,0.220000,0.063730,0,0.289681,0.220000,0.212667,0.085526,0.045526,0.220000
103,160000000,0.254523,0.510056,1.390436,0.219866,0.052833,0.220000,0.063730,0.220000,0.061904,0.220000,0.061904,0,0.281380,0.220000,0.212667,0.083730,0.043730,0.220000
103,200000000,0.256159,0.518698,1.392374,0.219876,0.048080,0.220000,0.061904,0.220000,0.058433,0.220000,0.058433,0,0.265603,0.220000,0.212667,0.081904,0.041904,0.220000
103,240000000,0.257776,0.527343,1.394257,0.219887,0.046965,0.220000,0.058433,0.220000,0.054970,0.220000,0.054970,0,0.249864,0.220000,0.212667,0.078433,0.038433,0.220000
103,260000000,0.258577,0.531668,1.395120,0.219890,0.043146,0.220000,0.054970,0.220000,0.053319,0.220000,0.053319,0,0.242358,0.220000,0.212667,0.074970,0.034970,0.220000
103,300000000,0.260167,0.540319,1.396748,0.219896,0.040690,0.220000,0.053319,0.220000,0.050101,0.220000,0.050101,0,0.227732,0.220000,0.212667,0.073319,0.033319,0.220000
103,320000000,0.260956,0.544646,1.397542,0.219899,0.039686,0.220000,0.050101,0.220000,0.048496,0.220000,0.048496,0,0.220436,0.220000,0.212667,0.070101,0.030101,0.220000
103,360000000,0.262521,0.553302,1.399072,0.219909,0.036470,0.220000,0.048496,0.220000,0.045316,0.220000,0.045316,0,0.205980,0.220000,0.212667,0.068496,0.028496,0.220000
103,380000000,0.263298,0.557631,1.399788,0.219913,0.035819,0.220000,0.045316,0.220000,0.043770,0.220000,0.043770,0,0.198956,0.220000,0.212667,0.065316,0.025316,0.220000
103,420000000,0.264841,0.566291,1.401131,0.219921,0.033254,0.220000,0.043770,0.220000,0.040762,0.220000,0.040762,0,0.185282,0.220000,0.212667,0.063770,0.023770,0.220000
103,440000000,0.265607,0.570623,1.401775,0.219925,0.032179,0.220000,0.040762,0.220000,0.039276,0.220000,0.039276,0,0.178528,0.220000,0.212667,0.060762,0.020762,0.220000
103,480000000,0.267130,0.579287,1.402946,0.219932,0.029281,0.220000,0.039276,0.220000,0.036423,0.220000,0.036423,0,0.165558,0.220000,0.212667,0.059276,0.019276,0.220000
103,500000000,0.267887,0.583620,1.403514,0.219936,0.028370,0.220000,0.036423,0.220000,0.035004,0.220000,0.035004,0,0.159108,0.220000,0.212667,0.056423,0.016423,0.220000
103,540000000,0.269392,0.592289,1.404619,0.219942,0.026628,0.220000,0.035004,0.220000,0.032170,0.220000,0.032170,0,0.146229,0.220000,0.212667,0.055004,0.015004,0.220000
103,580000000,0.270885,0.600959,1.405643,0.219947,0.024874,0.220000,0.032170,0.220000,0.029408,0.220000,0.029408,0,0.133673,0.220000,0.212667,0.052170,0.012170,0.220000
103,600000000,0.271627,0.605295,1.406095,0.219950,0.022575,0.220000,0.029408,0.220000,0.028092,0.220000,0.028092,0,0.127689,0.220000,0.212667,0.049408,0.009408,0.220000
103,640000000,0.273105,0.613968,1.406941,0.219955,0.020312,0.220000,0.028092,0.220000,0.025510,0.220000,0.025510,0,0.115955,0.220000,0.212667,0.048092,0.008092,0.220000
103,660000000,0.273841,0.618305,1.407336,0.219957,0.019771,0.220000,0.025510,0.220000,0.024242,0.220000,0.024242,0,0.110193,0.220000,0.212667,0.045510,0.005510,0.220000
103,680000000,0.274574,0.622643,1.407674,0.219960,0.016891,0.220000,0.024242,0.220000,0.023045,0.220000,0.023045,0,0.104749,0.220000,0.212667,0.044242,0.004242,0.220000
103,720000000,0.276035,0.631319,1.408344,0.219964,0.016347,0.220000,0.023045,0.220000,0.020634,0.220000,0.020634,0,0.093792,0.220000,0.212667,0.043045,0.003045,0.220000
103,760000000,0.277489,0.639997,1.408950,0.219968,0.014012,0.220000,0.020634,0.220000,0.018282,0.220000,0.018282,0,0.083101,0.220000,0.212667,0.040634,0.000634,0.220000
103,780000000,0.278213,0.644337,1.409213,0.219970,0.013147,0.220000,0.018282,0.220000,0.017150,0.220000,0.017150,0,0.077953,0.220000,0.212667,0.038282,-0.001718,0.220000
103,820000000,0.279656,0.653016,1.409690,0.219973,0.011221,0.220000,0.017150,0.220000,0.014933,0.220000,0.014933,0,0.067875,0.220000,0.212667,0.037150,-0.002850,0.220000
103,840000000,0.280376,0.657357,1.409919,0.219975,0.011425,0.220000,0.014933,0.220000,0.013829,0.220000,0.013829,0,0.062859,0.220000,0.212667,0.034933,-0.005067,0.220000
103,880000000,0.281812,0.666038,1.410261,0.219979,0.008488,0.220000,0.013829,0.220000,0.011761,0.220000,0.011761,0,0.053457,0.220000,0.212667,0.033829,-0.006171,0.220000
103,900000000,0.282528,0.670379,1.410424,0.219982,0.008142,0.220000,0.011761,0.220000,0.010730,0.220000,0.010730,0,0.048771,0.220000,0.212667,0.031761,-0.008239,0.220000
103,940000000,0.283957,0.679062,1.410715,0.219988,0.006758,0.220000,0.010730,0.220000,0.008701,0.220000,0.008701,0,0.039550,0.220000,0.212667,0.030730,-0.009270,0.220000
103,980000000,0.285382,0.687745,1.410921,0.219989,0.005253,0.220000,0.008701,0.220000,0.006771,0.220000,0.006771,0,0.030778,0.220000,0.212667,0.028701,-0.011299,0.220000
104,0,0.286093,0.692087,1.410990,0.219992,0.003420,0.220000,0.006771,0.220000,0.005847,0.220000,0.005847,0,0.026577,0.220000,0.212667,0.026771,-0.013229,0.220000
104,40000000,0.287514,0.700771,1.411101,0.219991,0.002023,0.220000,0.005847,0.220000,0.004026,0.220000,0.004026,0,0.018298,0.220000,0.212667,0.025847,-0.014153,0.220000
104,60000000,0.288224,0.705113,1.411122,0.219990,0.001046,0.220000,0.004026,0.220000,0.003158,0.220000,0.003158,0,0.014356,0.220000,0.212667,0.024026,-0.015974,0.220000
104,100000000,0.289642,0.713798,1.411119,0.219989,0.000000,0.220000,0.003158,0.220000,0.001477,0.220000,0.001477,0,0.006714,0.220000,0.212667,0.023158,-0.016842,0.220000
104,120000000,0.290350,0.718140,1.411092,0.219990,-0.001317,0.220000,0.001477,0.220000,0.000667,0.220000,0.000667,0,0.003031,0.220000,0.212667,0.021477,-0.018523,0.220000
104,160000000,0.291767,0.726825,1.410988,0.219991,-0.002530,0.220000,0.000667,0.220000,-0.000891,0.220000,-0.000891,0,-0.004048,0.220000,0.212667,0.020667,-0.019333,0.220000
104,180000000,0.292476,0.731168,1.410924,0.219992,-0.003184,0.220000,-0.000891,0.220000,-0.001655,0.220000,-0.001655,0,-0.007522,0.220000,0.212667,0.019109,-0.020891,0.220000
104,220000000,0.293892,0.739853,1.410764,0.219993,-0.004981,0.220000,-0.001655,0.220000,-0.003143,0.220000,-0.003143,0,-0.014286,0.220000,0.212667,0.018345,-0.021655,0.220000
104,240000000,0.294601,0.744195,1.410663,0.219994,-0.005064,0.220000,-0.003143,0.220000,-0.003859,0.220000,-0.003859,0,-0.017539,0.220000,0.212667,0.016857,-0.023143,0.220000
104,280000000,0.296018,0.752880,1.410424,0.219995,-0.006273,0.220000,-0.003859,0.220000,-0.005245,0.220000,-0.005245,0,-0.023843,0.220000,0.212667,0.016141,-0.023859,0.220000
104,300000000,0.296727,0.757222,1.410296,0.219995,-0.006420,0.220000,-0.005245,0.220000,-0.005926,0.220000,-0.005926,0,-0.026936,0.220000,0.212667,0.014755,-0.025245,0.220000
104,340000000,0.298146,0.765907,1.410029,0.219996,-0.006591,0.220000,-0.005926,0.220000,-0.007278,0.220000,-0.007278,0,-0.033082,0.220000,0.212667,0.014074,-0.025926,0.220000
104,380000000,0.299567,0.774591,1.409691,0.219997,-0.008405,0.220000,-0.007278,0.220000,-0.008531,0.220000,-0.008531,0,-0.038777,0.220000,0.212667,0.012722,-0.027278,0.220000
104,400000000,0.300278,0.778934,1.409509,0.219997,-0.009095,0.220000,-0.008531,0.220000,-0.009140,0.220000,-0.009140,0,-0.041545,0.220000,0.212667,0.011469,-0.028531,0.220000
104,440000000,0.301701,0.787618,1.409112,0.219998,-0.010326,0.220000,-0.009140,0.220000,-0.010311,0.220000,-0.010311,0,-0.046868,0.220000,0.212667,0.010860,-0.029140,0.220000
104,460000000,0.302414,0.791959,1.408889,0.219998,-0.011140,0.220000,-0.010311,0.220000,-0.010864,0.220000,-0.010864,0,-0.049380,0.220000,0.212667,0.009689,-0.030311,0.220000
104,500000000,0.303842,0.800643,1.408425,0.219998,-0.012081,0.220000,-0.010864,0.220000,-0.011940,0.220000,-0.011940,0,-0.054271,0.220000,0.212667,0.009136,-0.030864,0.220000
104,520000000,0.304557,0.804984,1.408185,0.219998,-0.011971,0.220000,-0.011940,0.220000,-0.012467,0.220000,-0.012467,0,-0.056668,0.220000,0.212667,0.008060,-0.031940,0.220000
104,560000000,0.305990,0.813667,1.407658,0.219999,-0.013383,0.220000,-0.012467,0.220000,-0.013450,0.220000,-0.013450,0,-0.061137,0.220000,0.212667,0.007533,-0.032467,0.220000
104,580000000,0.306708,0.818008,1.407386,0.219999,-0.013595,0.220000,-0.013450,0.220000,-0.013928,0.220000,-0.013928,0,-0.063309,0.220000,0.212667,0.006550,-0.033450,0.220000
104,620000000,0.308146,0.826689,1.406825,0.219999,-0.014334,0.220000,-0.013928,0.220000,-0.014856,0.220000,-0.014856,0,-0.067527,0.220000,0.212667,0.006072,-0.033928,0.220000
104,640000000,0.308867,0.831030,1.406526,0.219999,-0.014966,0.220000,-0.014856,0.220000,-0.015292,0.220000,-0.015292,0,-0.069509,0.220000,0.212667,0.005144,-0.034856,0.220000
104,680000000,0.310312,0.839710,1.405913,0.220000,-0.015701,0.220000,-0.015292,0.220000,-0.016140,0.220000,-0.016140,0,-0.073364,0.220000,0.212667,0.004708,-0.035292,0.220000
104,720000000,0.311762,0.848390,1.405264,0.220000,-0.016800,0.220000,-0.016140,0.220000,-0.016932,0.220000,-0.016932,0,-0.076964,0.220000,0.212667,0.003860,-0.036140,0.220000
104,740000000,0.312489,0.852730,1.404930,0.220000,-0.016710,0.220000,-0.016932,0.220000,-0.017313,0.220000,-0.017313,0,-0.078696,0.220000,0.212667,0.003068,-0.036932,0.220000
104,780000000,0.313946,0.861408,1.404242,0.220000,-0.017326,0.220000,-0.017313,0.220000,-0.018034,0.220000,-0.018034,0,-0.081972,0.220000,0.212667,0.002687,-0.037313,0.220000
104,800000000,0.314677,0.865747,1.403892,0.220000,-0.017464,0.220000,-0.018034,0.220000,-0.018387,0.220000,-0.018387,0,-0.083578,0.220000,0.212667,0.001966,-0.038034,0.220000
104,840000000,0.316142,0.874424,1.403163,0.220002,-0.018204,0.220000,-0.018387,0.220000,-0.019039,0.220000,-0.019039,0,-0.086539,0.220000,0.212667,0.001613,-0.038387,0.220000
104,860000000,0.316877,0.878763,1.402794,0.220002,-0.018442,0.220000,-0.019039,0.220000,-0.019361,0.220000,-0.019361,0,-0.088005,0.220000,0.212667,0.000961,-0.039039,0.220000
104,880000000,0.317613,0.883100,1.402427,0.220000,-0.018384,0.220000,-0.019361,0.220000,-0.019679,0.220000,-0.019679,0,-0.089450,0.220000,0.212667,0.000639,-0.039361,0.220000
104,920000000,0.319090,0.891776,1.401657,0.220000,-0.019212,0.220000,-0.019679,0.220000,-0.020261,0.220000,-0.020261,0,-0.092094,0.220000,0.212667,0.000321,-0.039679,0.220000
104,940000000,0.319831,0.896113,1.401268,0.220000,-0.019427,0.220000,-0.020261,0.220000,-0.020541,0.220000,-0.020541,0,-0.093366,0.220000,0.212667,-0.000261,-0.040261,0.220000
104,980000000,0.321317,0.904786,1.400480,0.220000,-0.020010,0.220000,-0.020541,0.220000,-0.021079,0.220000,-0.021079,0,-0.095813,0.220000,0.212667,-0.000541,-0.040541,0.220000
105,20000000,0.322810,0.913459,1.399673,0.220000,-0.020264,0.220000,-0.021079,0.220000,-0.021578,0.220000,-0.021578,0,-0.098080,0.220000,0.212667,-0.001079,-0.041079,0.220000
105,40000000,0.323559,0.917795,1.399262,0.220000,-0.020524,0.220000,-0.021578,0.220000,-0.021821,0.220000,-0.021821,0,-0.099187,0.220000,0.212667,-0.001578,-0.041578,0.220000
105,80000000,0.325061,0.926466,1.398435,0.220000,-0.020899,0.220000,-0.021821,0.220000,-0.022284,0.220000,-0.022284,0,-0.101290,0.220000,0.212667,-0.001821,-0.041821,0.220000
105,100000000,0.325815,0.930800,1.398018,0.220000,-0.020840,0.220000,-0.022284,0.220000,-0.022508,0.220000,-0.022508,0,-0.102311,0.220000,0.212667,-0.002284,-0.042284,0.220000
105,140000000,0.327327,0.939469,1.397165,0.220000,-0.021432,0.220000,-0.022508,0.220000,-0.022917,0.220000,-0.022917,0,-0.104167,0.220000,0.212667,-0.002508,-0.042508,0.220000
105,180000000,0.328847,0.948137,1.396306,0.219999,-0.021549,0.220000,-0.022917,0.220000,-0.023303,0.220000,-0.023303,0,-0.105921,0.220000,0.212667,-0.002917,-0.042917,0.220000
105,200000000,0.329609,0.952471,1.395874,0.219999,-0.021576,0.220000,-0.023303,0.220000,-0.023494,0.220000,-0.023494,0,-0.106790,0.220000,0.212667,-0.003303,-0.043303,0.220000
105,240000000,0.331139,0.961137,1.394986,0.219999,-0.022190,0.220000,-0.023494,0.220000,-0.023834,0.220000,-0.023834,0,-0.108338,0.220000,0.212667,-0.003494,-0.043494,0.220000
105,260000000,0.331907,0.965469,1.394540,0.219999,-0.022274,0.220000,-0.023834,0.220000,-0.024001,0.220000,-0.024001,0,-0.109096,0.220000,0.212667,-0.003834,-0.043834,0.220000
105,280000000,0.332677,0.969801,1.394095,0.219999,-0.022285,0.220000,-0.024001,0.220000,-0.024164,0.220000,-0.024164,0,-0.109838,0.220000,0.212667,-0.004001,-0.044001,0.220000
105,320000000,0.334222,0.978464,1.393188,0.219988,-0.022777,0.220000,-0.024164,0.220000,-0.024456,0.220000,-0.024456,0,-0.111163,0.220000,0.212667,-0.004164,-0.044164,0.220000
105,360000000,0.335777,0.987123,1.392258,0.219907,-0.023441,0.220000,-0.024456,0.220000,-0.024688,0.220000,-0.024688,0,-0.112218,0.220000,0.212667,-0.004456,-0.044456,0.220000
105,380000000,0.336559,0.991450,1.391779,0.219860,-0.023946,0.220000,-0.024688,0.220000,-0.024780,0.220000,-0.024780,0,-0.112638,0.220000,0.212667,-0.004688,-0.044688,0.220000
105,420000000,0.338130,1.000101,1.390797,0.219803,-0.024591,0.220000,-0.024780,0.220000,-0.024910,0.220000,-0.024910,0,-0.113229,0.220000,0.212667,-0.004780,-0.044780,0.220000
105,440000000,0.338919,1.004426,1.390305,0.219806,-0.024623,0.220000,-0.024910,0.220000,-0.024976,0.220000,-0.024976,0,-0.113526,0.220000,0.212667,-0.004910,-0.044910,0.220000
105,480000000,0.340501,1.013077,1.389334,0.219886,-0.024147,0.220000,-0.024976,0.220000,-0.025120,0.220000,-0.025120,0,-0.114183,0.220000,0.212667,-0.004976,-0.044976,0.220000
105,500000000,0.341293,1.017404,1.388863,0.219966,-0.023551,0.220000,-0.025120,0.220000,-0.025223,0.220000,-0.025223,0,-0.114652,0.220000,0.212667,-0.005120,-0.045120,0.220000
105,540000000,0.342882,1.026059,1.387928,0.219998,-0.023392,0.220000,-0.025223,0.220000,-0.025423,0.220000,-0.025423,0,-0.115558,0.220000,0.212667,-0.005223,-0.045223,0.220000
105,560000000,0.343679,1.030387,1.387461,0.219998,-0.023389,0.220000,-0.025423,0.220000,-0.025526,0.220000,-0.025526,0,-0.116025,0.220000,0.212667,-0.005423,-0.045423,0.220000
105,600000000,0.345279,1.039040,1.386516,0.219998,-0.023599,0.220000,-0.025526,0.220000,-0.025697,0.220000,-0.025697,0,-0.116804,0.220000,0.212667,-0.005526,-0.045526,0.220000
105,620000000,0.346082,1.043366,1.386043,0.219998,-0.023671,0.220000,-0.025697,0.220000,-0.025796,0.220000,-0.025796,0,-0.117254,0.220000,0.212667,-0.005697,-0.045697,0.220000
105,660000000,0.347694,1.052017,1.385093,0.219998,-0.023858,0.220000,-0.025796,0.220000,-0.025967,0.220000,-0.025967,0,-0.118033,0.220000,0.212667,-0.005796,-0.045796,0.220000
105,680000000,0.348504,1.056342,1.384615,0.219998,-0.023857,0.220000,-0.025967,0.220000,-0.026055,0.220000,-0.026055,0,-0.118433,0.220000,0.212667,-0.005967,-0.045967,0.220000
105,720000000,0.350128,1.064990,1.383658,0.219998,-0.023976,0.220000,-0.026055,0.220000,-0.026205,0.220000,-0.026205,0,-0.119111,0.220000,0.212667,-0.006055,-0.046055,0.220000
105,740000000,0.350943,1.069314,1.383177,0.219998,-0.024045,0.220000,-0.026205,0.220000,-0.026282,0.220000,-0.026282,0,-0.119461,0.220000,0.212667,-0.006205,-0.046205,0.220000
105,780000000,0.352579,1.077961,1.382211,0.219998,-0.024139,0.220000,-0.026282,0.220000,-0.026410,0.220000,-0.026410,0,-0.120047,0.220000,0.212667,-0.006282,-0.046282,0.220000
105,820000000,0.354224,1.086606,1.381243,0.219998,-0.024170,0.220000,-0.026410,0.220000,-0.026548,0.220000,-0.026548,0,-0.120675,0.220000,0.212667,-0.006410,-0.046410,0.220000
105,840000000,0.355049,1.090927,1.380757,0.219998,-0.024308,0.220000,-0.026548,0.220000,-0.026610,0.220000,-0.026610,0,-0.120953,0.220000,0.212667,-0.006548,-0.046548,0.220000
105,880000000,0.356706,1.099570,1.379781,0.219997,-0.024403,0.220000,-0.026610,0.220000,-0.026743,0.220000,-0.026743,0,-0.121557,0.220000,0.212667,-0.006610,-0.046610,0.220000
105,900000000,0.357537,1.103891,1.379293,0.219997,-0.024413,0.220000,-0.026743,0.220000,-0.026804,0.220000,-0.026804,0,-0.121835,0.220000,0.212667,-0.006743,-0.046743,0.220000
105,940000000,0.359207,1.112531,1.378315,0.219997,-0.024507,0.220000,-0.026804,0.220000,-0.026928,0.220000,-0.026928,0,-0.122400,0.220000,0.212667,-0.006804,-0.046804,0.220000
105,960000000,0.360044,1.116850,1.377825,0.219997,-0.024489,0.220000,-0.026928,0.220000,-0.026986,0.220000,-0.026986,0,-0.122664,0.220000,0.212667,-0.006928,-0.046928,0.220000
106,0,0.361726,1.125488,1.376840,0.219997,-0.024638,0.220000,-0.026986,0.220000,-0.027097,0.220000,-0.027097,0,-0.123170,0.220000,0.212667,-0.006986,-0.046986,0.220000
106,40000000,0.363416,1.134124,1.375854,0.219997,-0.024662,0.220000,-0.027097,0.220000,-0.027220,0.220000,-0.027220,0,-0.123729,0.220000,0.212667,-0.007097,-0.047097,0.220000
106,60000000,0.364264,1.138441,1.375361,0.219997,-0.024646,0.220000,-0.027220,0.220000,-0.027277,0.220000,-0.027277,0,-0.123988,0.220000,0.212667,-0.007220,-0.047220,0.220000
106,100000000,0.365967,1.147075,1.374368,0.219997,-0.024849,0.220000,-0.027277,0.220000,-0.027405,0.220000,-0.027405,0,-0.124567,0.220000,0.212667,-0.007277,-0.047277,0.220000
106,120000000,0.366822,1.151391,1.373870,0.219997,-0.024880,0.220000,-0.027405,0.220000,-0.027462,0.220000,-0.027462,0,-0.124827,0.220000,0.212667,-0.007405,-0.047405,0.220000
106,160000000,0.368537,1.160022,1.372874,0.219997,-0.024936,0.220000,-0.027462,0.220000,-0.027594,0.220000,-0.027594,0,-0.125427,0.220000,0.212667,-0.007462,-0.047462,0.220000
106,180000000,0.369398,1.164337,1.372373,0.219997,-0.025033,0.220000,-0.027594,0.220000,-0.027649,0.220000,-0.027649,0,-0.125677,0.220000,0.212667,-0.007594,-0.047594,0.220000
106,220000000,0.371126,1.172966,1.371369,0.219997,-0.025138,0.220000,-0.027649,0.220000,-0.027778,0.220000,-0.027778,0,-0.126266,0.220000,0.212667,-0.007649,-0.047649,0.220000
106,260000000,0.372863,1.181592,1.370361,0.219996,-0.025279,0.220000,-0.027778,0.220000,-0.027903,0.220000,-0.027903,0,-0.126833,0.220000,0.212667,-0.007778,-0.047778,0.220000
106,280000000,0.373734,1.185905,1.369855,0.219996,-0.025284,0.220000,-0.027903,0.220000,-0.027974,0.220000,-0.027974,0,-0.127153,0.220000,0.212667,-0.007903,-0.047903,0.220000
106,320000000,0.375484,1.194529,1.368841,0.219996,-0.025390,0.220000,-0.027974,0.220000,-0.028116,0.220000,-0.028116,0,-0.127798,0.220000,0.212667,-0.007974,-0.047974,0.220000
106,340000000,0.376362,1.198840,1.368329,0.219980,-0.025580,0.220000,-0.028116,0.220000,-0.028191,0.220000,-0.028191,0,-0.128142,0.220000,0.212667,-0.008116,-0.048116,0.220000
106,380000000,0.378129,1.207458,1.367281,0.219885,-0.026381,0.220000,-0.028191,0.220000,-0.028297,0.220000,-0.028297,0,-0.128623,0.220000,0.212667,-0.008191,-0.048191,0.220000
106,400000000,0.379016,1.211764,1.366746,0.219841,-0.026775,0.220000,-0.028297,0.220000,-0.028335,0.220000,-0.028335,0,-0.128794,0.220000,0.212667,-0.008297,-0.048297,0.220000
106,440000000,0.380802,1.220372,1.365656,0.219765,-0.027441,0.220000,-0.028335,0.220000,-0.028375,0.220000,-0.028375,0,-0.128978,0.220000,0.212667,-0.008335,-0.048335,0.220000
106,460000000,0.381699,1.224674,1.365102,0.219706,-0.027891,0.220000,-0.028375,0.220000,-0.028386,0.220000,-0.028386,0,-0.129028,0.220000,0.212667,-0.008375,-0.048375,0.220000
106,500000000,0.383501,1.233275,1.363985,0.219696,-0.027978,0.220000,-0.028386,0.220000,-0.028392,0.220000,-0.028392,0,-0.129055,0.220000,0.212667,-0.008386,-0.048386,0.220000
106,540000000,0.385310,1.241878,1.362887,0.219799,-0.027211,0.220000,-0.028392,0.220000,-0.028442,0.220000,-0.028442,0,-0.129284,0.220000,0.212667,-0.008392,-0.048392,0.220000
106,560000000,0.386216,1.246181,1.362356,0.219890,-0.026531,0.220000,-0.028442,0.220000,-0.028539,0.220000,-0.028539,0,-0.129723,0.220000,0.212667,-0.008442,-0.048442,0.220000
106,600000000,0.388030,1.254792,1.361323,0.219996,-0.025776,0.220000,-0.028539,0.220000,-0.028770,0.220000,-0.028770,0,-0.130773,0.220000,0.212667,-0.008539,-0.048539,0.220000
106,620000000,0.388940,1.259097,1.360804,0.219996,-0.025963,0.220000,-0.028770,0.220000,-0.028915,0.220000,-0.028915,0,-0.131432,0.220000,0.212667,-0.008770,-0.048770,0.220000
106,660000000,0.390767,1.267705,1.359760,0.219996,-0.026105,0.220000,-0.028915,0.220000,-0.029177,0.220000,-0.029177,0,-0.132625,0.220000,0.212667,-0.008915,-0.048915,0.220000
106,680000000,0.391684,1.272008,1.359236,0.219996,-0.026211,0.220000,-0.029177,0.220000,-0.029335,0.220000,-0.029335,0,-0.133341,0.220000,0.212667,-0.009177,-0.049177,0.220000
106,720000000,0.393524,1.280613,1.358182,0.219996,-0.026456,0.220000,-0.029335,0.220000,-0.029626,0.220000,-0.029626,0,-0.134663,0.220000,0.212667,-0.009335,-0.049335,0.220000
106,740000000,0.394448,1.284915,1.357653,0.219996,-0.026447,0.220000,-0.029626,0.220000,-0.029799,0.220000,-0.029799,0,-0.135450,0.220000,0.212667,-0.009626,-0.049626,0.220000
106,780000000,0.396302,1.293518,1.356578,0.219996,-0.026875,0.220000,-0.029799,0.220000,-0.030108,0.220000,-0.030108,0,-0.136855,0.220000,0.212667,-0.009799,-0.049799,0.220000
106,800000000,0.397233,1.297818,1.356038,0.219996,-0.027021,0.220000,-0.030108,0.220000,-0.030290,0.220000,-0.030290,0,-0.137683,0.220000,0.212667,-0.010108,-0.050108,0.220000
106,840000000,0.399100,1.306417,1.354952,0.219996,-0.027264,0.220000,-0.030290,0.220000,-0.030638,0.220000,-0.030638,0,-0.139262,0.220000,0.212667,-0.010290,-0.050290,0.220000
106,880000000,0.400977,1.315015,1.353851,0.219996,-0.027522,0.220000,-0.030638,0.220000,-0.031020,0.220000,-0.031020,0,-0.141001,0.220000,0.212667,-0.010638,-0.050638,0.220000
106,900000000,0.401919,1.319313,1.353295,0.219996,-0.027824,0.220000,-0.031020,0.220000,-0.031215,0.220000,-0.031215,0,-0.141887,0.220000,0.212667,-0.011020,-0.051020,0.220000
106,940000000,0.403811,1.327907,1.352175,0.219996,-0.028205,0.220000,-0.031215,0.220000,-0.031647,0.220000,-0.031647,0,-0.143850,0.220000,0.212667,-0.011215,-0.051215,0.220000
106,960000000,0.404760,1.332203,1.351607,0.219996,-0.028366,0.220000,-0.031647,0.220000,-0.031869,0.220000,-0.031869,0,-0.144860,0.220000,0.212667,-0.011647,-0.051647,0.220000
107,0,0.406666,1.340794,1.350462,0.219996,-0.028773,0.220000,-0.031869,0.220000,-0.032342,0.220000,-0.032342,0,-0.147010,0.220000,0.212667,-0.011869,-0.051869,0.220000
107,20000000,0.407622,1.345089,1.349884,0.219995,-0.028899,0.220000,-0.032342,0.220000,-0.032592,0.220000,-0.032592,0,-0.148143,0.220000,0.212667,-0.012342,-0.052342,0.220000
107,60000000,0.409543,1.353676,1.348707,0.219995,-0.029426,0.220000,-0.032592,0.220000,-0.033095,0.220000,-0.033095,0,-0.150432,0.220000,0.212667,-0.012592,-0.052592,0.220000
107,80000000,0.410507,1.357970,1.348115,0.219995,-0.029611,0.220000,-0.033095,0.220000,-0.033369,0.220000,-0.033369,0,-0.151676,0.220000,0.212667,-0.013095,-0.053095,0.220000
107,120000000,0.412442,1.366554,1.346918,0.219995,-0.030176,0.220000,-0.033369,0.220000,-0.033928,0.220000,-0.033928,0,-0.154219,0.220000,0.212667,-0.013369,-0.053369,0.220000
107,160000000,0.414388,1.375136,1.345699,0.219995,-0.030545,0.220000,-0.033928,0.220000,-0.034542,0.220000,-0.034542,0,-0.157009,0.220000,0.212667,-0.013928,-0.053928,0.220000
107,180000000,0.415365,1.379426,1.345081,0.219995,-0.030920,0.220000,-0.034542,0.220000,-0.034834,0.220000,-0.034834,0,-0.158337,0.220000,0.212667,-0.014542,-0.054542,0.220000
107,220000000,0.417326,1.388004,1.343829,0.219995,-0.031702,0.220000,-0.034834,0.220000,-0.035506,0.220000,-0.035506,0,-0.161391,0.220000,0.212667,-0.014834,-0.054834,0.220000
107,240000000,0.418311,1.392293,1.343193,0.219995,-0.031773,0.220000,-0.035506,0.220000,-0.035825,0.220000,-0.035825,0,-0.162840,0.220000,0.212667,-0.015506,-0.055506,0.220000
107,280000000,0.420288,1.400867,1.341903,0.219995,-0.032407,0.220000,-0.035825,0.220000,-0.036559,0.220000,-0.036559,0,-0.166179,0.220000,0.212667,-0.015825,-0.055825,0.220000
107,300000000,0.421281,1.405154,1.341247,0.219995,-0.032809,0.220000,-0.036559,0.220000,-0.036904,0.220000,-0.036904,0,-0.167748,0.220000,0.212667,-0.016559,-0.056559,0.220000
107,340000000,0.423275,1.413725,1.339911,0.219994,-0.033398,0.220000,-0.036904,0.220000,-0.037702,0.220000,-0.037702,0,-0.171371,0.220000,0.212667,-0.016904,-0.056904,0.220000
107,360000000,0.424277,1.418009,1.339237,0.219994,-0.033721,0.220000,-0.037702,0.220000,-0.038082,0.220000,-0.038082,0,-0.173100,0.220000,0.212667,-0.017702,-0.057702,0.220000
107,400000000,0.426288,1.426576,1.337868,0.219994,-0.034738,0.220000,-0.038082,0.220000,-0.038974,0.220000,-0.038974,0,-0.177153,0.220000,0.212667,-0.018082,-0.058082,0.220000
107,420000000,0.427298,1.430858,1.337171,0.219994,-0.034831,0.220000,-0.038974,0.220000,-0.039390,0.220000,-0.039390,0,-0.179046,0.220000,0.212667,-0.018974,-0.058974,0.220000
107,460000000,0.429327,1.439421,1.335747,0.219991,-0.035691,0.220000,-0.039390,0.220000,-0.040359,0.220000,-0.040359,0,-0.183449,0.220000,0.212667,-0.019390,-0.059390,0.220000
107,480000000,0.430346,1.443701,1.335029,0.219985,-0.035876,0.220000,-0.040359,0.220000,-0.040821,0.220000,-0.040821,0,-0.185550,0.220000,0.212667,-0.020359,-0.060359,0.220000
107,520000000,0.432394,1.452258,1.333570,0.219954,-0.036741,0.220000,-0.040821,0.220000,-0.041898,0.220000,-0.041898,0,-0.190448,0.220000,0.212667,-0.020821,-0.060821,0.220000
107,540000000,0.433423,1.456535,1.332813,0.219936,-0.037854,0.220000,-0.041898,0.220000,-0.042387,0.220000,-0.042387,0,-0.192669,0.220000,0.212667,-0.021898,-0.061898,0.220000
107,580000000,0.435493,1.465084,1.331271,0.219890,-0.039120,0.220000,-0.042387,0.220000,-0.043514,0.220000,-0.043514,0,-0.197789,0.220000,0.212667,-0.022387,-0.062387,0.220000
107,600000000,0.436534,1.469356,1.330483,0.219865,-0.039385,0.220000,-0.043514,0.220000,-0.044046,0.220000,-0.044046,0,-0.200211,0.220000,0.212667,-0.023514,-0.063514,0.220000
107,640000000,0.438626,1.477897,1.328845,0.219843,-0.041108,0.220000,-0.044046,0.220000,-0.045229,0.220000,-0.045229,0,-0.205585,0.220000,0.212667,-0.024046,-0.064046,0.220000
107,660000000,0.439675,1.482168,1.328027,0.219917,-0.040873,0.220000,-0.045229,0.220000,-0.045851,0.220000,-0.045851,0,-0.208415,0.220000,0.212667,-0.025229,-0.065229,0.220000
107,700000000,0.441782,1.490712,1.326389,0.219993,-0.041469,0.220000,-0.045851,0.220000,-0.047298,0.220000,-0.047298,0,-0.214991,0.220000,0.212667,-0.025851,-0.065851,0.220000
107,720000000,0.442840,1.494983,1.325546,0.219992,-0.042152,0.220000,-0.047298,0.220000,-0.048008,0.220000,-0.048008,0,-0.218216,0.220000,0.212667,-0.027298,-0.067298,0.220000
107,760000000,0.444967,1.503522,1.323827,0.219992,-0.043523,0.220000,-0.048008,0.220000,-0.049571,0.220000,-0.049571,0,-0.225324,0.220000,0.212667,-0.028008,-0.068008,0.220000
107,780000000,0.446036,1.507790,1.322953,0.219992,-0.043709,0.220000,-0.049571,0.220000,-0.050373,0.220000,-0.050373,0,-0.228970,0.220000,0.212667,-0.029571,-0.069571,0.220000
107,820000000,0.448186,1.516323,1.321125,0.219992,-0.045667,0.220000,-0.050373,0.220000,-0.052054,0.220000,-0.052054,0,-0.236610,0.220000,0.212667,-0.030373,-0.070373,0.220000
107,860000000,0.450350,1.524852,1.319279,0.219991,-0.046380,0.220000,-0.052054,0.220000,-0.053922,0.220000,-0.053922,0,-0.245098,0.220000,0.212667,-0.032054,-0.072054,0.220000
107,880000000,0.451438,1.529115,1.318331,0.219991,-0.047401,0.220000,-0.053922,0.220000,-0.054854,0.220000,-0.054854,0,-0.249335,0.220000,0.212667,-0.033922,-0.073922,0.220000
107,920000000,0.453627,1.537638,1.316339,0.219991,-0.049779,0.220000,-0.054854,0.220000,-0.056892,0.220000,-0.056892,0,-0.258601,0.220000,0.212667,-0.034854,-0.074854,0.220000
107,940000000,0.454727,1.541898,1.315327,0.219990,-0.050604,0.220000,-0.056892,0.220000,-0.057925,0.220000,-0.057925,0,-0.263296,0.220000,0.212667,-0.036892,-0.076892,0.220000
107,980000000,0.456941,1.550415,1.313274,0.219990,-0.052088,0.220000,-0.057925,0.220000,-0.060289,0.220000,-0.060289,0,-0.274041,0.220000,0.212667,-0.037925,-0.077925,0.220000
108,20000000,0.459172,1.558927,1.311127,0.219989,-0.053740,0.220000,-0.060289,0.220000,-0.062735,0.220000,-0.062735,0,-0.285161,0.220000,0.212667,-0.040289,-0.080289,0.220000
108,40000000,0.460294,1.563182,1.310011,0.219989,-0.055807,0.220000,-0.062735,0.220000,-0.064054,0.220000,-0.064054,0,-0.291156,0.220000,0.212667,-0.042735,-0.082735,0.220000
108,80000000,0.462552,1.571686,1.307708,0.219988,-0.059441,0.220000,-0.064054,0.220000,-0.066758,0.220000,-0.066758,0,-0.303445,0.220000,0.212667,-0.044054,-0.084054,0.220000
108,100000000,0.463688,1.575937,1.306520,0.219988,-0.059368,0.220000,-0.066758,0.220000,-0.068231,0.220000,-0.068231,0,-0.310139,0.220000,0.212667,-0.046758,-0.086758,0.220000
108,140000000,0.465976,1.584434,1.304064,0.219987,-0.061921,0.220000,-0.068231,0.220000,-0.071314,0.220000,-0.071314,0,-0.324154,0.220000,0.212667,-0.048231,-0.088231,0.220000
108,180000000,0.468284,1.592925,1.301482,0.219986,-0.066319,0.220000,-0.071314,0.220000,-0.074619,0.220000,-0.074619,0,-0.339177,0.220000,0.212667,-0.051314,-0.091314,0.220000
108,200000000,0.469446,1.597169,1.300157,0.219986,-0.066230,0.220000,-0.074619,0.220000,-0.076526,0.220000,-0.076526,0,-0.347844,0.220000,0.212667,-0.054619,-0.094619,0.220000
108,220000000,0.470614,1.601411,1.298782,0.219985,-0.068787,0.220000,-0.076526,0.220000,-0.078389,0.220000,-0.078389,0,-0.356312,0.220000,0.212667,-0.056526,-0.096526,0.220000
108,260000000,0.472967,1.609890,1.295983,0.219984,-0.070597,0.220000,-0.078389,0.220000,-0.082504,0.220000,-0.082504,0,-0.375020,0.220000,0.212667,-0.058389,-0.098389,0.220000
108,280000000,0.474152,1.614127,1.294561,0.219984,-0.071076,0.220000,-0.082504,0.220000,-0.084780,0.220000,-0.084780,0,-0.385362,0.220000,0.212667,-0.062504,-0.102504,0.220000
108,320000000,0.476539,1.622596,1.291533,0.219983,-0.076853,0.220000,-0.084780,0.220000,-0.089600,0.220000,-0.089600,0,-0.407275,0.220000,0.212667,-0.064780,-0.104780,0.220000
108,360000000,0.478952,1.631058,1.288410,0.219981,-0.078916,0.220000,-0.089600,0.220000,-0.094833,0.220000,-0.094833,0,-0.431061,0.220000,0.212667,-0.069600,-0.109600,0.220000
108,380000000,0.480168,1.635286,1.286814,0.219981,-0.079812,0.220000,-0.094833,0.220000,-0.098027,0.220000,-0.098027,0,-0.445579,0.220000,0.212667,-0.074833,-0.114833,0.220000
108,420000000,0.482621,1.643737,1.283267,0.219979,-0.088603,0.220000,-0.098027,0.220000,-0.104119,0.220000,-0.104119,0,-0.473267,0.220000,0.212667,-0.078027,-0.118027,0.220000
108,440000000,0.483859,1.647959,1.281453,0.219978,-0.090701,0.220000,-0.104119,0.220000,-0.107874,0.220000,-0.107874,0,-0.490337,0.220000,0.212667,-0.084119,-0.124119,0.220000
108,480000000,0.486356,1.656396,1.277677,0.219976,-0.097292,0.220000,-0.107874,0.220000,-0.115590,0.220000,-0.115590,0,-0.525411,0.220000,0.212667,-0.087874,-0.127874,0.220000
108,500000000,0.487616,1.660611,1.275656,0.219975,-0.101065,0.220000,-0.115590,0.220000,-0.120135,0.220000,-0.120135,0,-0.546070,0.220000,0.212667,-0.095590,-0.135590,0.220000
108,540000000,0.490162,1.669034,1.271438,0.219972,-0.108449,0.220000,-0.120135,0.220000,-0.129883,0.220000,-0.129883,0,-0.590378,0.220000,0.212667,-0.100135,-0.140135,0.220000
108,580000000,0.492742,1.677446,1.266882,0.219969,-0.119517,0.220000,-0.129883,0.220000,-0.141247,0.220000,-0.141247,0,-0.642033,0.220000,0.212667,-0.109883,-0.149883,0.220000
108,600000000,0.494047,1.681647,1.264439,0.219967,-0.122158,0.220000,-0.141247,0.220000,-0.148671,0.220000,-0.148671,0,-0.675775,0.220000,0.212667,-0.121247,-0.161247,0.220000
108,640000000,0.496686,1.690041,1.259248,0.219963,-0.133066,0.220000,-0.148671,0.220000,-0.164293,0.220000,-0.164293,0,-0.746786,0.220000,0.212667,-0.128671,-0.168671,0.220000
108,660000000,0.498021,1.694233,1.256453,0.219961,-0.139740,0.220000,-0.164293,0.220000,-0.174921,0.220000,-0.174921,0,-0.795094,0.220000,0.212667,-0.144293,-0.184293,0.220000
108,700000000,0.500728,1.702604,1.250236,0.219955,-0.155265,0.220000,-0.174921,0.214744,-0.194921,0.214744,-0.194921,0,-0.907686,0.220000,0.212667,-0.154921,-0.194921,0.220000
108,720000000,0.502100,1.706784,1.246946,0.219952,-0.164521,0.214744,-0.194921,0.219690,-0.214921,0.219690,-0.214921,0,-0.978291,0.220000,0.207411,-0.174921,-0.214921,0.220000
108,760000000,0.504883,1.715127,1.240092,0.219790,-0.177435,0.219690,-0.214921,0.212357,-0.234921,0.212357,-0.234921,0,-1.198469,0.220000,0.212357,-0.194921,-0.234921,0.220000
108,800000000,0.507718,1.723430,1.232446,0.219056,-0.192761,0.212357,-0.234921,0.205023,-0.254921,0.205023,-0.254921,0,-5.871429,0.219690,0.205023,-0.214921,-0.254921,0.220000
108,820000000,0.509122,1.727448,1.228098,0.212791,-0.217374,0.205023,-0.254921,0.204227,-0.274921,0.204227,-0.274921,0,-1.346151,0.212357,0.197690,-0.234921,-0.274921,0.220000
108,860000000,0.511933,1.735353,1.219122,0.207225,-0.235130,0.204227,-0.274921,0.211560,-0.286268,0.211560,-0.286268,0,-1.353127,0.211560,0.196894,-0.254921,-0.294921,0.220000
108,880000000,0.513322,1.739193,1.214359,0.204145,-0.238149,0.211560,-0.286268,0.218894,-0.289663,0.218894,-0.289663,0,-1.323306,0.218894,0.204227,-0.266268,-0.306268,0.220000
108,920000000,0.516240,1.747060,1.204017,0.211460,-0.261637,0.218894,-0.289663,0.211560,-0.309663,0.211560,-0.309663,0,-6.095445,0.220000,0.211560,-0.269663,-0.309663,0.220000
108,940000000,0.517737,1.751016,1.198545,0.211451,-0.273585,0.211560,-0.309663,0.204227,-0.329663,0.204227,-0.329663,0,-6.118834,0.218894,0.204227,-0.289663,-0.329663,0.220000
108,980000000,0.520792,1.758892,1.187058,0.210929,-0.288905,0.204227,-0.329663,0.196894,-0.349663,0.196894,-0.349663,0,-6.166007,0.211560,0.196894,-0.309663,-0.349663,0.220000
109,0,0.522305,1.762690,1.180819,0.204430,-0.311950,0.196894,-0.349663,0.189560,-0.369663,0.189560,-0.369663,0,-6.274645,0.204227,0.189560,-0.329663,-0.369663,0.220000
109,40000000,0.525340,1.770121,1.167894,0.197252,-0.337079,0.189560,-0.369663,0.182227,-0.389663,0.182227,-0.389663,0,-6.393998,0.196894,0.182227,-0.349663,-0.389663,0.220000
109,60000000,0.526859,1.773751,1.161232,0.196726,-0.333113,0.182227,-0.389663,0.174894,-0.409663,0.174894,-0.409663,0,-6.431818,0.189560,0.174894,-0.369663,-0.409663,0.220000
109,100000000,0.529792,1.780562,1.147013,0.182043,-0.358011,0.174894,-0.409663,0.167560,-0.429663,0.167560,-0.429663,0,-6.396375,0.182227,0.167560,-0.389663,-0.429663,0.220000
109,140000000,0.532678,1.787016,1.131905,0.174685,-0.382298,0.167560,-0.429663,0.160227,-0.449663,0.160227,-0.449663,0,-6.197727,0.174894,0.160227,-0.409663,-0.449663,0.220000
109,160000000,0.534128,1.790169,1.124197,0.173508,-0.385402,0.160227,-0.449663,0.152894,-0.469663,0.152894,-0.469663,0,-6.273237,0.167560,0.152894,-0.429663,-0.469663,0.220000
109,200000000,0.536869,1.795960,1.107867,0.159983,-0.406660,0.152894,-0.469663,0.160227,-0.449663,0.160227,-0.449663,0,-0.797911,0.160227,0.145560,-0.449663,-0.489663,0.220000
109,220000000,0.538235,1.798751,1.099325,0.155336,-0.427116,0.160227,-0.449663,0.167560,-0.429663,0.167560,-0.429663,0,-0.563753,0.167560,0.152894,-0.429663,-0.469663,0.220000
109,260000000,0.541063,1.804340,1.082233,0.160558,-0.423562,0.167560,-0.429663,0.174894,-0.409663,0.174894,-0.409663,0,-1.476040,0.174894,0.160227,-0.409663,-0.449663,0.220000
109,280000000,0.542600,1.807310,1.074078,0.167216,-0.407762,0.174894,-0.409663,0.167560,-0.429663,0.167560,-0.429663,0,-6.649295,0.182227,0.167560,-0.389663,-0.429663,0.220000
109,320000000,0.545831,1.813351,1.058208,0.174286,-0.387133,0.167560,-0.429663,0.160227,-0.449663,0.160227,-0.449663,0,-6.961793,0.174894,0.160227,-0.409663,-0.449663,0.220000
109,340000000,0.547496,1.816394,1.050422,0.173421,-0.389304,0.160227,-0.449663,0.152894,-0.469663,0.152894,-0.469663,0,-7.012713,0.167560,0.152894,-0.429663,-0.469663,0.220000
109,380000000,0.550633,1.821973,1.033923,0.159804,-0.410934,0.152894,-0.469663,0.145560,-0.489663,0.145560,-0.489663,0,-6.909337,0.160227,0.145560,-0.449663,-0.489663,0.220000
109,400000000,0.552191,1.824659,1.025281,0.155240,-0.432121,0.145560,-0.489663,0.138227,-0.509663,0.138227,-0.509663,0,-6.756934,0.152894,0.138227,-0.469663,-0.509663,0.220000
109,440000000,0.555227,1.829761,1.007461,0.144318,-0.455148,0.138227,-0.509663,0.130894,-0.529663,0.130894,-0.529663,0,-4.987487,0.145560,0.130894,-0.489663,-0.529663,0.220000
109,460000000,0.556665,1.832111,0.998223,0.137776,-0.461890,0.130894,-0.529663,0.138227,-0.509663,0.138227,-0.509663,0,-0.679645,0.138227,0.123560,-0.509663,-0.549663,0.220000
109,500000000,0.559521,1.836633,0.979312,0.130496,-0.477686,0.138227,-0.509663,0.145560,-0.489663,0.145560,-0.489663,0,0.046242,0.145560,0.130894,-0.489663,-0.529663,0.220000
109,540000000,0.562566,1.841229,0.960376,0.144205,-0.469347,0.145560,-0.489663,0.138227,-0.509663,0.138227,-0.509663,0,-6.891607,0.152894,0.138227,-0.469663,-0.509663,0.220000
109,560000000,0.564189,1.843633,0.951129,0.144944,-0.462348,0.138227,-0.509663,0.130894,-0.529663,0.130894,-0.529663,0,-7.120878,0.145560,0.130894,-0.489663,-0.529663,0.220000
109,600000000,0.567368,1.848197,0.932191,0.137589,-0.472920,0.130894,-0.529663,0.123560,-0.549663,0.123560,-0.549663,0,-6.754946,0.138227,0.123560,-0.509663,-0.549663,0.220000
109,620000000,0.568882,1.850302,0.922611,0.129642,-0.479029,0.123560,-0.549663,0.117824,-0.569663,0.117824,-0.569663,0,-4.834878,0.130894,0.116227,-0.529663,-0.569663,0.220000
109,660000000,0.571791,1.854249,0.903581,0.122170,-0.476768,0.117824,-0.569663,0.125157,-0.549663,0.125157,-0.549663,0,-0.526168,0.125157,0.110490,-0.549663,-0.589663,0.220000
109,680000000,0.573206,1.856119,0.894084,0.117178,-0.474844,0.125157,-0.549663,0.117824,-0.529663,0.117824,-0.529663,0,0.574299,0.132490,0.117824,-0.529663,-0.569663,0.220000
109,720000000,0.576086,1.859817,0.875122,0.117124,-0.473795,0.117824,-0.529663,0.125157,-0.509663,0.125157,-0.509663,0,-0.109813,0.125157,0.110490,-0.509663,-0.549663,0.220000
109,760000000,0.579069,1.863493,0.856148,0.119605,-0.475399,0.125157,-0.509663,0.117824,-0.529663,0.117824,-0.529663,0,-4.837251,0.132490,0.117824,-0.489663,-0.529663,0.220000
109,780000000,0.580659,1.865407,0.846736,0.124329,-0.470619,0.117824,-0.529663,0.110490,-0.549663,0.110490,-0.549663,0,-6.811592,0.125157,0.110490,-0.509663,-0.549663,0.220000
109,820000000,0.583780,1.869052,0.827807,0.116993,-0.471447,0.110490,-0.549663,0.103157,-0.569663,0.103157,-0.569663,0,-5.694588,0.117824,0.103157,-0.529663,-0.569663,0.220000
109,840000000,0.585324,1.870810,0.818387,0.116967,-0.470998,0.103157,-0.569663,0.095824,-0.589663,0.095824,-0.589663,0,-6.172463,0.110490,0.095824,-0.549663,-0.589663,0.220000
109,880000000,0.588105,1.873882,0.799331,0.102356,-0.473753,0.095824,-0.589663,0.088490,-0.569663,0.088490,-0.569663,0,1.846544,0.103157,0.088490,-0.569663,-0.600000,0.220000
109,900000000,0.589432,1.875304,0.789748,0.097251,-0.479123,0.088490,-0.569663,0.081157,-0.549663,0.081157,-0.549663,0,3.113482,0.095824,0.081157,-0.549663,-0.589663,0.220000
109,940000000,0.591989,1.877980,0.770648,0.089932,-0.480233,0.081157,-0.549663,0.073824,-0.529663,0.073824,-0.529663,0,4.702451,0.088490,0.073824,-0.529663,-0.569663,0.220000
109,960000000,0.593115,1.879129,0.761090,0.080434,-0.477892,0.073824,-0.529663,0.066490,-0.509663,0.066490,-0.509663,0,6.812068,0.081157,0.066490,-0.509663,-0.549663,0.220000
110,0,0.595275,1.881270,0.741873,0.073117,-0.479146,0.066490,-0.509663,0.059157,-0.489663,0.059157,-0.489663,0,8.728791,0.073824,0.059157,-0.489663,-0.529663,0.220000
110,20000000,0.596327,1.882286,0.732297,0.073091,-0.478771,0.059157,-0.489663,0.051824,-0.469663,0.051824,-0.469663,0,8.860108,0.066490,0.051824,-0.469663,-0.509663,0.220000
110,60000000,0.598064,1.883916,0.713338,0.058525,-0.472014,0.051824,-0.469663,0.044490,-0.449663,0.044490,-0.449663,0,9.131631,0.059157,0.044490,-0.449663,-0.489663,0.220000
110,100000000,0.599643,1.885347,0.694963,0.051230,-0.453642,0.044490,-0.449663,0.037157,-0.429663,0.037157,-0.429663,0,9.369403,0.051824,0.037157,-0.429663,-0.469663,0.220000
110,120000000,0.600329,1.885952,0.686029,0.045675,-0.446701,0.037157,-0.429663,0.029824,-0.409663,0.029824,-0.409663,0,9.475506,0.044490,0.029824,-0.409663,-0.449663,0.220000
110,160000000,0.601440,1.886912,0.668723,0.036684,-0.432560,0.029824,-0.409663,0.022490,-0.389663,0.022490,-0.389663,0,9.693442,0.037157,0.022490,-0.389663,-0.429663,0.220000
110,180000000,0.601895,1.887293,0.660505,0.029627,-0.410882,0.022490,-0.389663,0.015157,-0.369663,0.015157,-0.369663,0,9.801285,0.029824,0.015157,-0.369663,-0.409663,0.220000
110,220000000,0.602671,1.887932,0.644353,0.020822,-0.397996,0.015157,-0.369663,0.007824,-0.349663,0.007824,-0.349663,0,10.018365,0.022490,0.007824,-0.349663,-0.389663,0.220000
110,240000000,0.602904,1.888119,0.636565,0.014937,-0.389386,0.007824,-0.349663,0.000490,-0.329663,0.000490,-0.329663,0,10.128262,0.015157,0.000490,-0.329663,-0.369663,0.220000
110,280000000,0.603203,1.888355,0.621660,0.007702,-0.366850,0.000490,-0.329663,0.000000,-0.309663,0.000000,-0.309663,0,10.342815,0.007824,0.000000,-0.309663,-0.349663,0.220000
110,320000000,0.603313,1.888440,0.607475,0.000000,-0.344663,0.000000,-0.309663,0.000000,-0.289663,0.000000,-0.289663,0,10.550762,0.007333,0.000000,-0.289663,-0.329663,0.220000
110,340000000,0.603313,1.888440,0.600582,0.000000,-0.344663,0.000000,-0.289663,0.000000,-0.269663,0.000000,-0.269663,0,10.652582,0.007333,0.000000,-0.269663,-0.309663,0.220000
110,380000000,0.603313,1.888440,0.587646,0.000000,-0.319663,0.000000,-0.269663,0.000000,-0.249663,0.000000,-0.249663,0,10.842296,0.007333,0.000000,-0.249663,-0.289663,0.220000
110,400000000,0.603313,1.888440,0.581402,0.000000,-0.312163,0.000000,-0.249663,0.000000,-0.229663,0.000000,-0.229663,0,10.933207,0.007333,0.000000,-0.229663,-0.269663,0.220000
110,440000000,0.603313,1.888440,0.569716,0.000000,-0.289663,0.000000,-0.229663,0.000000,-0.209663,0.000000,-0.209663,0,11.102231,0.007333,0.000000,-0.209663,-0.249663,0.220000
110,460000000,0.603313,1.888440,0.564322,0.000000,-0.269663,0.000000,-0.209663,0.000000,-0.189663,0.000000,-0.189663,0,11.179724,0.007333,0.000000,-0.189663,-0.229663,0.220000
110,500000000,0.603313,1.888440,0.553936,0.000000,-0.249663,0.000000,-0.189663,0.000000,-0.169663,0.000000,-0.169663,0,11.328046,0.007333,0.000000,-0.169663,-0.209663,0.220000
110,540000000,0.603313,1.888440,0.544349,0.000000,-0.234663,0.000000,-0.169663,0.000000,-0.149663,0.000000,-0.149663,0,11.463859,0.007333,0.000000,-0.149663,-0.189663,0.220000
110,560000000,0.603313,1.888440,0.539956,0.000000,-0.219663,0.000000,-0.149663,0.000000,-0.129663,0.000000,-0.129663,0,11.525747,0.007333,0.000000,-0.129663,-0.169663,0.220000
110,600000000,0.603313,1.888440,0.531670,0.000000,-0.194663,0.000000,-0.129663,0.000000,-0.109663,0.000000,-0.109663,0,11.641874,0.007333,0.000000,-0.109663,-0.149663,0.220000
110,620000000,0.603313,1.888440,0.527776,0.000000,-0.194663,0.000000,-0.109663,0.000000,-0.089663,0.000000,-0.089663,0,11.696159,0.007333,0.000000,-0.089663,-0.129663,0.220000
110,660000000,0.603313,1.888440,0.520940,0.000000,-0.169663,0.000000,-0.089663,0.000000,-0.069663,0.000000,-0.069663,0,11.791052,0.007333,0.000000,-0.069663,-0.109663,0.220000
110,680000000,0.603313,1.888440,0.517947,0.000000,-0.149663,0.000000,-0.069663,0.000000,-0.049663,0.000000,-0.049663,0,11.832427,0.007333,0.000000,-0.049663,-0.089663,0.220000
110,720000000,0.603313,1.888440,0.512360,0.000000,-0.134663,0.000000,-0.049663,0.000000,-0.029663,0.000000,-0.029663,0,11.909363,0.007333,0.000000,-0.029663,-0.069663,0.220000
110,740000000,0.603313,1.888440,0.509967,0.000000,-0.119663,0.000000,-0.029663,0.000000,-0.009663,0.000000,-0.009663,0,11.942208,0.007333,0.000000,-0.009663,-0.049663,0.220000
110,780000000,0.603313,1.888440,0.505830,0.000000,-0.094663,0.000000,-0.009663,0.000861,0.010337,0.000861,0.010337,0,11.998818,0.007333,0.000000,0.010337,-0.029663,0.220000
110,800000000,0.603316,1.888442,0.504038,0.000000,-0.089585,0.000861,0.010337,0.002523,0.030337,0.002523,0.030337,0,12.023262,0.008195,0.000000,0.030337,-0.009663,0.220000
110,840000000,0.603345,1.888459,0.501268,0.000000,-0.069269,0.002523,0.030337,0.004174,0.050337,0.004174,0.050337,0,12.060902,0.009856,0.000000,0.050337,0.010337,0.220000
110,860000000,0.603381,1.888482,0.500295,0.002135,-0.048653,0.004174,0.050337,0.005825,0.070337,0.005825,0.070337,0,12.074015,0.011507,0.000000,0.070337,0.030337,0.220000
110,900000000,0.603488,1.888545,0.498764,0.003734,-0.033043,0.005825,0.070337,0.007469,0.090337,0.007469,0.090337,0,12.094574,0.013159,0.000000,0.090337,0.050337,0.220000
110,920000000,0.603585,1.888604,0.498425,0.005676,-0.016965,0.007469,0.090337,0.009120,0.110337,0.009120,0.110337,0,12.098898,0.014803,0.000136,0.110337,0.070337,0.220000
110,960000000,0.603815,1.888743,0.498416,0.007278,0.008793,0.009120,0.110337,0.010773,0.130337,0.010773,0.130337,0,12.098370,0.016453,0.001786,0.130337,0.090337,0.220000
111,0,0.604114,1.888923,0.499242,0.010166,0.032507,0.010773,0.130337,0.012439,0.150337,0.012439,0.150337,0,12.086378,0.018106,0.003440,0.150337,0.110337,0.220000
111,20000000,0.604294,1.889032,0.499947,0.010501,0.035294,0.012439,0.150337,0.014105,0.170337,0.014105,0.170337,0,12.076246,0.019772,0.005105,0.170337,0.130337,0.220000
111,60000000,0.604695,1.889276,0.502131,0.012128,0.061024,0.014105,0.170337,0.015802,0.190337,0.015802,0.190337,0,12.045240,0.021438,0.006772,0.190337,0.150337,0.220000
111,80000000,0.604925,1.889415,0.503560,0.013432,0.071466,0.015802,0.190337,0.017492,0.210337,0.017492,0.210337,0,12.025025,0.023135,0.008468,0.210337,0.170337,0.220000
111,120000000,0.605460,1.889743,0.507214,0.015913,0.095189,0.017492,0.210337,0.019238,0.230337,0.019238,0.230337,0,11.972992,0.024825,0.010158,0.230337,0.190337,0.220000
111,140000000,0.605751,1.889922,0.509478,0.017073,0.113173,0.019238,0.230337,0.020965,0.250337,0.020965,0.250337,0,11.940680,0.026571,0.011905,0.250337,0.210337,0.220000
111,180000000,0.606384,1.890314,0.514476,0.020124,0.136784,0.020965,0.250337,0.022777,0.270337,0.022777,0.270337,0,11.868836,0.028298,0.013632,0.270337,0.230337,0.220000
111,200000000,0.606732,1.890531,0.517266,0.020484,0.139528,0.022777,0.270337,0.024546,0.290337,0.024546,0.290337,0,11.828320,0.030110,0.015444,0.290337,0.250337,0.220000
111,240000000,0.607471,1.890998,0.523616,0.022273,0.165151,0.024546,0.290337,0.026444,0.310337,0.026444,0.310337,0,11.735472,0.031879,0.017213,0.310337,0.270337,0.220000
111,280000000,0.608289,1.891520,0.530796,0.025882,0.191506,0.026444,0.310337,0.028406,0.330337,0.028406,0.330337,0,11.629079,0.033778,0.019111,0.330337,0.290337,0.220000
111,300000000,0.608725,1.891801,0.534624,0.025895,0.191381,0.028406,0.330337,0.030303,0.350337,0.030303,0.350337,0,11.561087,0.035739,0.021073,0.350337,0.310337,0.220000
111,340000000,0.609657,1.892411,0.543303,0.027844,0.216909,0.030303,0.350337,0.032548,0.370337,0.032548,0.370337,0,11.378068,0.037636,0.022970,0.370337,0.330337,0.220000
111,360000000,0.610141,1.892732,0.547947,0.028974,0.232203,0.032548,0.370337,0.034605,0.390337,0.034605,0.390337,0,11.279698,0.039882,0.025215,0.390337,0.350337,0.220000
111,400000000,0.611143,1.893404,0.557735,0.030559,0.247063,0.034605,0.390337,0.037066,0.410337,0.037066,0.410337,0,11.070437,0.041939,0.027272,0.410337,0.370337,0.220000
111,420000000,0.611705,1.893787,0.563108,0.033996,0.268639,0.037066,0.410337,0.039291,0.430337,0.039291,0.430337,0,10.952639,0.044399,0.029733,0.430337,0.390337,0.220000
111,460000000,0.612869,1.894593,0.574408,0.036458,0.294094,0.039291,0.430337,0.042080,0.450337,0.042080,0.450337,0,10.701851,0.046624,0.031957,0.450337,0.410337,0.220000
111,480000000,0.613466,1.895013,0.580284,0.036481,0.293837,0.042080,0.450337,0.044499,0.470337,0.044499,0.470337,0,10.569605,0.049414,0.034747,0.470337,0.430337,0.220000
111,520000000,0.614814,1.895976,0.593075,0.041470,0.320031,0.044499,0.470337,0.047731,0.490337,0.047731,0.490337,0,10.272839,0.051832,0.037166,0.490337,0.450337,0.220000
111,540000000,0.615520,1.896491,0.599931,0.043627,0.342774,0.047731,0.490337,0.050470,0.510337,0.050470,0.510337,0,10.111768,0.055065,0.040398,0.510337,0.470337,0.220000
111,580000000,0.616977,1.897570,0.613966,0.046726,0.356636,0.050470,0.510337,0.054567,0.530337,0.054567,0.530337,0,9.718953,0.057803,0.043136,0.530337,0.490337,0.220000
111,600000000,0.617772,1.898173,0.621392,0.049870,0.371300,0.054567,0.530337,0.058418,0.550337,0.058418,0.550337,0,9.420586,0.061901,0.047234,0.550337,0.510337,0.220000
111,640000000,0.619441,1.899464,0.636934,0.053991,0.396600,0.058418,0.550337,0.064882,0.570337,0.064882,0.570337,0,8.790379,0.065752,0.051085,0.570337,0.530337,0.220000
111,660000000,0.620335,1.900160,0.644957,0.056687,0.401107,0.064882,0.570337,0.069799,0.590337,0.069799,0.590337,0,8.457635,0.072215,0.057549,0.590337,0.550337,0.220000
111,700000000,0.622335,1.901776,0.661856,0.064327,0.422753,0.069799,0.590337,0.077133,0.579211,0.077133,0.579211,0,7.509290,0.077133,0.062466,0.600000,0.570337,0.220000
111,720000000,0.623394,1.902646,0.670731,0.068536,0.443716,0.077133,0.579211,0.084466,0.569753,0.084466,0.569753,0,6.745364,0.084466,0.069799,0.599211,0.559211,0.220000
111,760000000,0.625686,1.904558,0.688887,0.079912,0.460228,0.084466,0.569753,0.077133,0.549753,0.077133,0.549753,0,-6.204245,0.091799,0.077133,0.589753,0.549753,0.220000
111,780000000,0.626953,1.905657,0.698355,0.083850,0.473412,0.077133,0.549753,0.069799,0.529753,0.069799,0.529753,0,-8.720798,0.084466,0.069799,0.569753,0.529753,0.220000
111,820000000,0.629317,1.907762,0.717882,0.076760,0.495927,0.069799,0.529753,0.062466,0.509753,0.062466,0.509753,0,-7.026508,0.077133,0.062466,0.549753,0.509753,0.220000
111,840000000,0.630398,1.908744,0.727814,0.073002,0.496628,0.062466,0.509753,0.055133,0.489753,0.055133,0.489753,0,-5.068141,0.069799,0.055133,0.529753,0.489753,0.220000
111,880000000,0.632280,1.910451,0.747859,0.063011,0.502250,0.055133,0.489753,0.047799,0.469753,0.047799,0.469753,0,-7.268020,0.062466,0.047799,0.509753,0.469753,0.220000
111,900000000,0.633111,1.911228,0.757688,0.056842,0.491418,0.047799,0.469753,0.040466,0.449753,0.040466,0.449753,0,-8.049807,0.055133,0.040466,0.489753,0.449753,0.220000
111,940000000,0.634542,1.912600,0.776967,0.044017,0.470696,0.040466,0.449753,0.033133,0.429753,0.033133,0.429753,0,-9.363017,0.047799,0.033133,0.469753,0.429753,0.220000
111,980000000,0.635653,1.913715,0.795413,0.037712,0.457050,0.033133,0.429753,0.025799,0.409753,0.025799,0.409753,0,-10.290757,0.040466,0.025799,0.449753,0.409753,0.220000
112,0,0.636114,1.914195,0.804254,0.033269,0.442071,0.025799,0.409753,0.018466,0.389753,0.018466,0.389753,0,-10.665637,0.033133,0.018466,0.429753,0.389753,0.220000
112,40000000,0.636838,1.914971,0.821389,0.019988,0.413674,0.018466,0.389753,0.011133,0.369753,0.011133,0.369753,0,-11.286480,0.025799,0.011133,0.409753,0.369753,0.220000
112,60000000,0.637088,1.915245,0.829707,0.018519,0.415877,0.011133,0.369753,0.003799,0.349753,0.003799,0.349753,0,-11.530063,0.018466,0.003799,0.389753,0.349753,0.220000
112,100000000,0.637395,1.915589,0.845371,0.011126,0.390523,0.003799,0.349753,0.000000,0.329753,0.000000,0.329753,0,-11.897414,0.011133,0.000000,0.369753,0.329753,0.220000
112,120000000,0.637494,1.915702,0.852923,0.007480,0.377609,0.000000,0.329753,0.000000,0.309753,0.000000,0.309753,0,-12.047487,0.007333,0.000000,0.349753,0.309753,0.220000
112,160000000,0.637587,1.915811,0.867470,0.003418,0.362418,0.000000,0.309753,0.000000,0.289753,0.000000,0.289753,0,-12.287981,0.007333,0.000000,0.329753,0.289753,0.220000
112,180000000,0.637587,1.915811,0.874266,0.000000,0.339753,0.000000,0.289753,0.000000,0.269753,0.000000,0.269753,0,-12.378757,0.007333,0.000000,0.309753,0.269753,0.220000
112,220000000,0.637587,1.915811,0.887356,0.000000,0.314753,0.000000,0.269753,0.000000,0.249753,0.000000,0.249753,0,-12.552014,0.007333,0.000000,0.289753,0.249753,0.220000
112,240000000,0.637587,1.915811,0.893651,0.000000,0.314753,0.000000,0.249753,0.000000,0.229753,0.000000,0.229753,0,-12.634569,0.007333,0.000000,0.269753,0.229753,0.220000
112,280000000,0.637587,1.915811,0.905441,0.000000,0.289753,0.000000,0.229753,0.000000,0.209753,0.000000,0.209753,0,-12.787839,0.007333,0.000000,0.249753,0.209753,0.220000
112,320000000,0.637587,1.915811,0.916431,0.000000,0.264753,0.000000,0.209753,0.000000,0.189753,0.000000,0.189753,0,-12.929109,0.007333,0.000000,0.229753,0.189753,0.220000
112,340000000,0.637587,1.915811,0.921676,0.000000,0.262253,0.000000,0.189753,0.000000,0.169753,0.000000,0.169753,0,-12.995981,0.007333,0.000000,0.209753,0.169753,0.220000
112,380000000,0.637587,1.915811,0.931266,0.000000,0.239753,0.000000,0.169753,0.000000,0.149753,0.000000,0.149753,0,-13.117325,0.007333,0.000000,0.189753,0.149753,0.220000
112,400000000,0.637587,1.915811,0.935561,0.000000,0.214753,0.000000,0.149753,0.000000,0.129753,0.000000,0.129753,0,-13.171279,0.007333,0.000000,0.169753,0.129753,0.220000
112,440000000,0.637587,1.915811,0.943851,0.000000,0.199753,0.000000,0.129753,0.000000,0.109753,0.000000,0.109753,0,-13.274732,0.007333,0.000000,0.149753,0.109753,0.220000
112,460000000,0.637587,1.915811,0.947646,0.000000,0.189753,0.000000,0.109753,0.000000,0.089753,0.000000,0.089753,0,-13.321787,0.007333,0.000000,0.129753,0.089753,0.220000
112,500000000,0.637587,1.915811,0.954637,0.000000,0.164753,0.000000,0.089753,0.000000,0.069753,0.000000,0.069753,0,-13.407955,0.007333,0.000000,0.109753,0.069753,0.220000
112,520000000,0.637587,1.915811,0.957882,0.000000,0.162253,0.000000,0.069753,0.000000,0.049753,0.000000,0.049753,0,-13.447735,0.007333,0.000000,0.089753,0.049753,0.220000
112,560000000,0.637587,1.915811,0.963472,0.000000,0.139753,0.000000,0.049753,0.000000,0.029753,0.000000,0.029753,0,-13.515929,0.007333,0.000000,0.069753,0.029753,0.220000
112,600000000,0.637587,1.915811,0.968212,0.000000,0.114753,0.000000,0.029753,0.000000,0.009753,0.000000,0.009753,0,-13.573423,0.007333,0.000000,0.049753,0.009753,0.220000
112,620000000,0.637587,1.915811,0.970357,0.000000,0.107253,0.000000,0.009753,0.000753,-0.010247,0.000753,-0.010247,0,-13.599341,0.007333,0.000000,0.029753,-0.010247,0.220000
112,660000000,0.637587,1.915811,0.973947,0.000000,0.089753,0.000753,-0.010247,0.002217,-0.030247,0.002217,-0.030247,0,-13.642579,0.008087,0.000000,0.009753,-0.030247,0.220000
112,680000000,0.637595,1.915823,0.975292,0.000000,0.067222,0.002217,-0.030247,0.003678,-0.050247,0.003678,-0.050247,0,-13.662216,0.009550,0.000000,-0.010247,-0.050247,0.220000
112,720000000,0.637638,1.915886,0.977478,0.003089,0.044601,0.003678,-0.050247,0.005124,-0.070247,0.005124,-0.070247,0,-13.708073,0.011011,0.000000,-0.030247,-0.070247,0.220000
112,760000000,0.637728,1.916017,0.978860,0.004251,0.029538,0.005124,-0.070247,0.006556,-0.090247,0.006556,-0.090247,0,-13.764682,0.012458,0.000000,-0.050247,-0.090247,0.220000
112,780000000,0.637785,1.916102,0.979149,0.005122,0.014457,0.006556,-0.090247,0.007992,-0.110247,0.007992,-0.110247,0,-13.793776,0.013890,0.000000,-0.070247,-0.110247,0.220000
112,820000000,0.637933,1.916318,0.979225,0.007983,-0.010666,0.007992,-0.110247,0.009398,-0.130247,0.009398,-0.130247,0,-13.859408,0.015326,0.000659,-0.090247,-0.130247,0.220000
112,840000000,0.638023,1.916450,0.979010,0.007989,-0.010710,0.009398,-0.130247,0.010812,-0.150247,0.010812,-0.150247,0,-13.895765,0.016731,0.002064,-0.110247,-0.150247,0.220000
112,880000000,0.638233,1.916759,0.977630,0.009394,-0.035782,0.010812,-0.150247,0.012188,-0.170247,0.012188,-0.170247,0,-13.968715,0.018146,0.003479,-0.130247,-0.170247,0.220000
112,900000000,0.638346,1.916925,0.976665,0.010093,-0.048254,0.012188,-0.170247,0.013584,-0.190247,0.013584,-0.190247,0,-14.004841,0.019521,0.004854,-0.150247,-0.190247,0.220000
112,940000000,0.638603,1.917300,0.974032,0.011907,-0.070815,0.013584,-0.190247,0.014933,-0.210247,0.014933,-0.210247,0,-14.078908,0.020918,0.006251,-0.170247,-0.210247,0.220000
112,960000000,0.638757,1.917524,0.972313,0.013580,-0.085958,0.014933,-0.210247,0.016306,-0.230247,0.016306,-0.230247,0,-14.120347,0.022267,0.007600,-0.190247,-0.230247,0.220000
113,0,0.639082,1.917992,0.968376,0.014919,-0.110901,0.016306,-0.230247,0.017622,-0.250247,0.017622,-0.250247,0,-14.200889,0.023639,0.008973,-0.210247,-0.250247,0.220000
113,20000000,0.639252,1.918237,0.966157,0.014930,-0.110943,0.017622,-0.250247,0.018978,-0.270247,0.018978,-0.270247,0,-14.239989,0.024955,0.010289,-0.230247,-0.270247,0.220000
113,60000000,0.639654,1.918810,0.960769,0.017618,-0.135982,0.018978,-0.270247,0.020260,-0.290247,0.020260,-0.290247,0,-14.326083,0.026311,0.011645,-0.250247,-0.290247,0.220000
113,80000000,0.639869,1.919115,0.957651,0.018693,-0.155902,0.020260,-0.290247,0.021593,-0.310247,0.021593,-0.310247,0,-14.367728,0.027593,0.012927,-0.270247,-0.310247,0.220000
113,120000000,0.640322,1.919750,0.951016,0.020011,-0.170833,0.021593,-0.310247,0.022855,-0.330247,0.022855,-0.330247,0,-14.449621,0.028927,0.014260,-0.290247,-0.330247,0.220000
113,140000000,0.640574,1.920100,0.947298,0.021591,-0.185884,0.022855,-0.330247,0.024167,-0.350247,0.024167,-0.350247,0,-14.492602,0.030188,0.015522,-0.310247,-0.350247,0.220000
113,180000000,0.641102,1.920825,0.939218,0.022854,-0.210753,0.024167,-0.350247,0.025405,-0.370247,0.025405,-0.370247,0,-14.573881,0.031501,0.016834,-0.330247,-0.370247,0.220000
113,220000000,0.641673,1.921597,0.930343,0.025143,-0.233063,0.025405,-0.370247,0.026625,-0.390247,0.026625,-0.390247,0,-14.657074,0.032738,0.018071,-0.350247,-0.390247,0.220000
113,240000000,0.641978,1.922003,0.925633,0.025405,-0.235494,0.026625,-0.390247,0.027907,-0.410247,0.027907,-0.410247,0,-14.700464,0.033958,0.019292,-0.370247,-0.410247,0.220000
113,280000000,0.642615,1.922842,0.915470,0.026625,-0.260267,0.027907,-0.410247,0.029107,-0.430247,0.029107,-0.430247,0,-14.781340,0.035240,0.020574,-0.390247,-0.430247,0.220000
113,300000000,0.642943,1.923267,0.910217,0.026870,-0.262658,0.029107,-0.430247,0.030382,-0.450247,0.030382,-0.450247,0,-14.819705,0.036441,0.021774,-0.410247,-0.450247,0.220000
113,340000000,0.643660,1.924184,0.898820,0.029107,-0.284837,0.030382,-0.450247,0.031565,-0.470247,0.031565,-0.470247,0,-14.897938,0.037715,0.023048,-0.430247,-0.470247,0.220000
113,360000000,0.644034,1.924653,0.892776,0.029990,-0.302222,0.031565,-0.470247,0.032827,-0.490247,0.032827,-0.490247,0,-14.934141,0.038898,0.024231,-0.450247,-0.490247,0.220000
113,400000000,0.644817,1.925620,0.880097,0.031821,-0.324445,0.032827,-0.490247,0.034009,-0.510247,0.034009,-0.510247,0,-15.003287,0.040161,0.025494,-0.470247,-0.510247,0.220000
113,440000000,0.645658,1.926634,0.866638,0.033044,-0.338932,0.034009,-0.510247,0.035185,-0.530247,0.035185,-0.530247,0,-15.070195,0.041342,0.026676,-0.490247,-0.530247,0.220000
113,460000000,0.646096,1.927154,0.859466,0.033999,-0.358598,0.035185,-0.530247,0.036440,-0.550247,0.036440,-0.550247,0,-15.100278,0.042518,0.027852,-0.510247,-0.550247,0.220000
113,500000000,0.647019,1.928223,0.844581,0.036401,-0.383170,0.036440,-0.550247,0.037618,-0.570247,0.037618,-0.570247,0,-15.158691,0.043773,0.029106,-0.530247,-0.570247,0.220000
113,520000000,0.647500,1.928770,0.836925,0.036419,-0.382772,0.037618,-0.570247,0.038865,-0.590247,0.038865,-0.590247,0,-15.186941,0.044952,0.030285,-0.550247,-0.590247,0.220000
113,560000000,0.648501,1.929882,0.820781,0.037588,-0.407176,0.038865,-0.590247,0.039378,-0.600000,0.039378,-0.600000,0,-15.236838,0.046199,0.031532,-0.570247,-0.600000,0.220000
113,580000000,0.649023,1.930450,0.812339,0.038599,-0.422101,0.039378,-0.600000,0.039320,-0.600000,0.039320,-0.600000,0,-15.259550,0.046712,0.032045,-0.580000,-0.600000,0.220000
113,620000000,0.650101,1.931596,0.794836,0.039298,-0.443686,0.039320,-0.600000,0.039211,-0.600000,0.039211,-0.600000,0,-15.302017,0.046653,0.031986,-0.580000,-0.600000,0.220000
113,640000000,0.650646,1.932161,0.785718,0.039261,-0.455895,0.039211,-0.600000,0.039168,-0.600000,0.039168,-0.600000,0,-15.318481,0.046544,0.031877,-0.580000,-0.600000,0.220000
113,660000000,0.651195,1.932721,0.776406,0.039209,-0.465594,0.039168,-0.600000,0.039134,-0.600000,0.039134,-0.600000,0,-15.331782,0.046502,0.031835,-0.580000,-0.600000,0.220000
113,700000000,0.652305,1.933825,0.757201,0.039125,-0.479988,0.039134,-0.600000,0.039090,-0.600000,0.039090,-0.600000,0,-15.349179,0.046468,0.031801,-0.580000,-0.600000,0.220000
113,720000000,0.652867,1.934368,0.747312,0.039039,-0.494433,0.039090,-0.600000,0.039079,-0.600000,0.039079,-0.600000,0,-15.353423,0.046423,0.031757,-0.580000,-0.600000,0.220000
113,760000000,0.654002,1.935438,0.727553,0.038976,-0.493816,0.039079,-0.600000,0.039064,-0.600000,0.039064,-0.600000,0,-15.359258,0.046413,0.031746,-0.580000,-0.600000,0.220000
113,780000000,0.654577,1.935965,0.717683,0.038960,-0.493500,0.039064,-0.600000,0.039060,-0.600000,0.039060,-0.600000,0,-15.360913,0.046398,0.031731,-0.580000,-0.600000,0.220000
113,820000000,0.655739,1.937001,0.697961,0.038909,-0.492898,0.039060,-0.600000,0.039058,-0.600000,0.039058,-0.600000,0,-15.361833,0.046394,0.031727,-0.580000,-0.600000,0.220000
113,860000000,0.656918,1.938016,0.678264,0.038877,-0.492294,0.039058,-0.600000,0.039063,-0.600000,0.039063,-0.600000,0,-15.359876,0.046391,0.031725,-0.580000,-0.600000,0.220000
113,880000000,0.657514,1.938515,0.668424,0.038864,-0.491999,0.039063,-0.600000,0.039068,-0.600000,0.039068,-0.600000,0,-15.357879,0.046396,0.031729,-0.580000,-0.600000,0.220000
113,920000000,0.658720,1.939496,0.648762,0.038835,-0.491410,0.039068,-0.600000,0.039083,-0.600000,0.039083,-0.600000,0,-15.351963,0.046401,0.031735,-0.580000,-0.600000,0.220000
113,940000000,0.659329,1.939978,0.638939,0.038825,-0.491122,0.039083,-0.600000,0.039093,-0.600000,0.039093,-0.600000,0,-15.348081,0.046416,0.031750,-0.580000,-0.600000,0.220000
113,980000000,0.660559,1.940925,0.619312,0.038805,-0.490545,0.039093,-0.600000,0.039117,-0.600000,0.039117,-0.600000,0,-15.338566,0.046426,0.031760,-0.580000,-0.600000,0.220000
114,0,0.661181,1.941390,0.609506,0.038801,-0.490264,0.039117,-0.600000,0.039131,-0.600000,0.039131,-0.600000,0,-15.332982,0.046450,0.031784,-0.580000,-0.600000,0.220000
114,40000000,0.662437,1.942303,0.589913,0.038791,-0.489699,0.039131,-0.600000,0.039163,-0.600000,0.039163,-0.600000,0,-15.320609,0.046465,0.031798,-0.580000,-0.600000,0.220000
114,60000000,0.663070,1.942750,0.580124,0.038774,-0.489427,0.039163,-0.600000,0.039178,-0.600000,0.039178,-0.600000,0,-15.314733,0.046496,0.031830,-0.580000,-0.600000,0.220000
114,100000000,0.664350,1.943628,0.560564,0.038783,-0.488871,0.039178,-0.600000,0.039212,-0.600000,0.039212,-0.600000,0,-15.301539,0.046511,0.031845,-0.580000,-0.600000,0.220000
114,140000000,0.665646,1.944483,0.541025,0.038761,-0.488332,0.039212,-0.600000,0.039251,-0.600000,0.039251,-0.600000,0,-15.286251,0.046545,0.031878,-0.580000,-0.600000,0.220000
114,160000000,0.666299,1.944901,0.531264,0.038778,-0.488062,0.039251,-0.600000,0.039272,-0.600000,0.039272,-0.600000,0,-15.277916,0.046584,0.031918,-0.580000,-0.600000,0.220000
114,200000000,0.667618,1.945720,0.511758,0.038784,-0.487528,0.039272,-0.600000,0.039319,-0.600000,0.039319,-0.600000,0,-15.259907,0.046606,0.031939,-0.580000,-0.600000,0.220000
114,220000000,0.668283,1.946120,0.502012,0.038777,-0.487272,0.039319,-0.600000,0.039344,-0.600000,0.039344,-0.600000,0,-15.250192,0.046652,0.031985,-0.580000,-0.600000,0.220000
114,260000000,0.669624,1.946902,0.482537,0.038808,-0.486742,0.039344,-0.600000,0.039397,-0.600000,0.039397,-0.600000,0,-15.229458,0.046677,0.032010,-0.580000,-0.600000,0.220000
114,280000000,0.670300,1.947284,0.472807,0.038788,-0.486497,0.039397,-0.600000,0.039426,-0.600000,0.039426,-0.600000,0,-15.218450,0.046731,0.032064,-0.580000,-0.600000,0.220000
114,300000000,0.670979,1.947660,0.463082,0.038800,-0.485986,0.039426,-0.600000,0.039455,-0.600000,0.039455,-0.600000,0,-15.207074,0.046759,0.032092,-0.580000,-0.600000,0.220000
114,340000000,0.672349,1.948394,0.443648,0.038825,-0.485730,0.039455,-0.600000,0.039518,-0.600000,0.039518,-0.600000,0,-15.183042,0.046789,0.032122,-0.580000,-0.600000,0.220000
114,380000000,0.673732,1.949102,0.424234,0.038819,-0.485238,0.039518,-0.600000,0.039585,-0.600000,0.039585,-0.600000,0,-15.157368,0.046851,0.032184,-0.580000,-0.600000,0.220000
114,400000000,0.674429,1.949446,0.414534,0.038835,-0.484992,0.039585,-0.600000,0.039620,-0.600000,0.039620,-0.600000,0,-15.143955,0.046918,0.032251,-0.580000,-0.600000,0.220000
114,440000000,0.675832,1.950116,0.395148,0.038857,-0.484500,0.039620,-0.600000,0.039693,-0.600000,0.039693,-0.600000,0,-15.115916,0.046953,0.032286,-0.580000,-0.600000,0.220000
114,460000000,0.676538,1.950441,0.385463,0.038836,-0.484274,0.039693,-0.600000,0.039732,-0.600000,0.039732,-0.600000,0,-15.101295,0.047027,0.032360,-0.580000,-0.600000,0.220000
114,500000000,0.677961,1.951073,0.366107,0.038899,-0.483778,0.039732,-0.600000,0.039811,-0.600000,0.039811,-0.600000,0,-15.071088,0.047065,0.032398,-0.580000,-0.600000,0.220000
114,520000000,0.678677,1.951379,0.356436,0.038907,-0.483546,0.039811,-0.600000,0.039853,-0.600000,0.039853,-0.600000,0,-15.055430,0.047145,0.032478,-0.580000,-0.600000,0.220000
114,540000000,0.679396,1.951679,0.346770,0.038893,-0.483325,0.039853,-0.600000,0.039895,-0.600000,0.039895,-0.600000,0,-15.039344,0.047186,0.032519,-0.580000,-0.600000,0.220000
114,580000000,0.680845,1.952259,0.327452,0.038967,-0.482837,0.039895,-0.600000,0.039981,-0.600000,0.039981,-0.600000,0,-15.007297,0.047229,0.032562,-0.580000,-0.600000,0.220000
114,600000000,0.681573,1.952539,0.317800,0.038983,-0.482609,0.039981,-0.600000,0.040024,-0.600000,0.040024,-0.600000,0,-14.991176,0.047314,0.032647,-0.580000,-0.600000,0.220000
114,640000000,0.683038,1.953078,0.298509,0.039005,-0.482155,0.040024,-0.600000,0.040113,-0.600000,0.040113,-0.600000,0,-14.957743,0.047357,0.032690,-0.580000,-0.600000,0.220000
114,660000000,0.683775,1.953339,0.288870,0.039045,-0.481920,0.040113,-0.600000,0.040159,-0.600000,0.040159,-0.600000,0,-14.940562,0.047446,0.032780,-0.580000,-0.600000,0.220000
114,700000000,0.685257,1.953838,0.269607,0.039088,-0.481467,0.040159,-0.600000,0.040255,-0.600000,0.040255,-0.600000,0,-14.905066,0.047492,0.032826,-0.580000,-0.600000,0.220000
114,740000000,0.686751,1.954311,0.250361,0.039181,-0.480997,0.040255,-0.600000,0.040354,-0.600000,0.040354,-0.600000,0,-14.868251,0.047588,0.032921,-0.580000,-0.600000,0.220000
114,760000000,0.687502,1.954538,0.240745,0.039158,-0.480800,0.040354,-0.600000,0.040406,-0.600000,0.040406,-0.600000,0,-14.849320,0.047688,0.033021,-0.580000,-0.600000,0.220000
114,800000000,0.689011,1.954970,0.221527,0.039210,-0.480360,0.040406,-0.600000,0.040512,-0.600000,0.040512,-0.600000,0,-14.810442,0.047739,0.033073,-0.580000,-0.600000,0.220000
114,820000000,0.689769,1.955175,0.211924,0.039218,-0.480153,0.040512,-0.600000,0.040567,-0.600000,0.040567,-0.600000,0,-14.790432,0.047845,0.033179,-0.580000,-0.600000,0.220000
114,860000000,0.691294,1.955566,0.192731,0.039301,-0.479707,0.040567,-0.600000,0.040679,-0.600000,0.040679,-0.600000,0,-14.749590,0.047900,0.033233,-0.580000,-0.600000,0.220000
114,880000000,0.692059,1.955751,0.183142,0.039326,-0.479497,0.040679,-0.600000,0.040737,-0.600000,0.040737,-0.600000,0,-14.728593,0.048012,0.033346,-0.580000,-0.600000,0.220000
114,920000000,0.693596,1.956099,0.163974,0.039397,-0.479065,0.040737,-0.600000,0.040857,-0.600000,0.040857,-0.600000,0,-14.685464,0.048070,0.033404,-0.580000,-0.600000,0.220000
114,940000000,0.694368,1.956263,0.154397,0.039424,-0.478859,0.040857,-0.600000,0.040918,-0.600000,0.040918,-0.600000,0,-14.663437,0.048190,0.033523,-0.580000,-0.600000,0.220000
114,980000000,0.695920,1.956570,0.135256,0.039495,-0.478436,0.040918,-0.600000,0.041044,-0.600000,0.041044,-0.600000,0,-14.618454,0.048251,0.033585,-0.580000,-0.600000,0.220000
115,0,0.696700,1.956712,0.125691,0.039563,-0.478211,0.041044,-0.600000,0.041109,-0.600000,0.041109,-0.600000,0,-14.595463,0.048377,0.033711,-0.580000,-0.600000,0.220000
115,20000000,0.697482,1.956848,0.116132,0.039634,-0.477798,0.041109,-0.600000,0.041174,-0.600000,0.041174,-0.600000,0,-14.572193,0.048442,0.033775,-0.580000,-0.600000,0.220000
115,60000000,0.699050,1.957097,0.097024,0.039649,-0.477607,0.041174,-0.600000,0.041310,-0.600000,0.041310,-0.600000,0,-14.524401,0.048508,0.033841,-0.580000,-0.600000,0.220000
115,100000000,0.700626,1.957317,0.077932,0.039799,-0.477157,0.041310,-0.600000,0.041450,-0.600000,0.041450,-0.600000,0,-14.475294,0.048643,0.033976,-0.580000,-0.600000,0.220000
115,120000000,0.701417,1.957416,0.068392,0.039777,-0.476992,0.041450,-0.600000,0.041521,-0.600000,0.041521,-0.600000,0,-14.450375,0.048783,0.034117,-0.580000,-0.600000,0.220000
115,160000000,0.703004,1.957593,0.049326,0.039867,-0.476584,0.041521,-0.600000,0.041665,-0.600000,0.041665,-0.600000,0,-14.400690,0.048855,0.034188,-0.580000,-0.600000,0.220000
115,180000000,0.703799,1.957670,0.039798,0.039880,-0.476403,0.041665,-0.600000,0.041739,-0.600000,0.041739,-0.600000,0,-14.375187,0.048998,0.034331,-0.580000,-0.600000,0.220000
115,220000000,0.705393,1.957802,0.020753,0.039954,-0.476013,0.041739,-0.600000,0.041891,-0.600000,0.041891,-0.600000,0,-14.322994,0.049072,0.034405,-0.580000,-0.600000,0.220000
115,240000000,0.706193,1.957857,0.011237,0.040058,-0.475782,0.041891,-0.600000,0.041968,-0.600000,0.041968,-0.600000,0,-14.296490,0.049224,0.034557,-0.580000,-0.600000,0.220000
115,280000000,0.707797,1.957945,-0.007783,0.040160,-0.475383,0.041968,-0.600000,0.042128,-0.600000,0.042128,-0.600000,0,-14.242243,0.049302,0.034635,-0.580000,-0.600000,0.220000
115,300000000,0.708600,1.957977,-0.017288,0.040139,-0.475232,0.042128,-0.600000,0.042210,-0.600000,0.042210,-0.600000,0,-14.214491,0.049462,0.034795,-0.580000,-0.600000,0.220000
115,340000000,0.710215,1.958020,-0.036283,0.040324,-0.474789,0.042210,-0.600000,0.042378,-0.600000,0.042378,-0.600000,0,-14.158319,0.049544,0.034877,-0.580000,-0.600000,0.220000
115,380000000,0.711831,1.958032,-0.055264,0.040360,-0.474449,0.042378,-0.600000,0.042552,-0.600000,0.042552,-0.600000,0,-14.100298,0.049711,0.035045,-0.580000,-0.600000,0.220000
115,400000000,0.712640,1.958027,-0.064750,0.040372,-0.474281,0.042552,-0.600000,0.042642,-0.600000,0.042642,-0.600000,0,-14.070577,0.049886,0.035219,-0.580000,-0.600000,0.220000
115,440000000,0.714267,1.957993,-0.083705,0.040624,-0.473811,0.042642,-0.600000,0.042824,-0.600000,0.042824,-0.600000,0,-14.010721,0.049976,0.035309,-0.580000,-0.600000,0.220000
115,460000000,0.715082,1.957965,-0.093177,0.040689,-0.473612,0.042824,-0.600000,0.042918,-0.600000,0.042918,-0.600000,0,-13.980129,0.050158,0.035491,-0.580000,-0.600000,0.220000
115,500000000,0.716712,1.957885,-0.112111,0.040806,-0.473235,0.042918,-0.600000,0.043111,-0.600000,0.043111,-0.600000,0,-13.917573,0.050251,0.035585,-0.580000,-0.600000,0.220000
115,520000000,0.717529,1.957834,-0.121572,0.040891,-0.473027,0.043111,-0.600000,0.043210,-0.600000,0.043210,-0.600000,0,-13.885812,0.050444,0.035778,-0.580000,-0.600000,0.220000
115,560000000,0.719166,1.957708,-0.140481,0.041034,-0.472640,0.043210,-0.600000,0.043412,-0.600000,0.043412,-0.600000,0,-13.821109,0.050543,0.035876,-0.580000,-0.600000,0.220000
115,580000000,0.719985,1.957633,-0.149931,0.041043,-0.472486,0.043412,-0.600000,0.043516,-0.600000,0.043516,-0.600000,0,-13.788018,0.050745,0.036079,-0.580000,-0.600000,0.220000
115,600000000,0.720808,1.957550,-0.159375,0.041291,-0.472036,0.043516,-0.600000,0.043621,-0.600000,0.043621,-0.600000,0,-13.754860,0.050849,0.036183,-0.580000,-0.600000,0.220000
115,640000000,0.722452,1.957360,-0.178252,0.041340,-0.471858,0.043621,-0.600000,0.043837,-0.600000,0.043837,-0.600000,0,-13.686977,0.050954,0.036288,-0.580000,-0.600000,0.220000
115,660000000,0.723274,1.957254,-0.187686,0.041382,-0.471691,0.043837,-0.600000,0.043946,-0.600000,0.043946,-0.600000,0,-13.653067,0.051171,0.036504,-0.580000,-0.600000,0.220000
115,700000000,0.724923,1.957017,-0.206540,0.041587,-0.471274,0.043946,-0.600000,0.044168,-0.600000,0.044168,-0.600000,0,-13.584446,0.051280,0.036613,-0.580000,-0.600000,0.220000
115,720000000,0.725747,1.956886,-0.215962,0.041650,-0.471096,0.044168,-0.600000,0.044283,-0.600000,0.044283,-0.600000,0,-13.549354,0.051501,0.036835,-0.580000,-0.600000,0.220000
115,760000000,0.727396,1.956602,-0.234795,0.041856,-0.470683,0.044283,-0.600000,0.044518,-0.600000,0.044518,-0.600000,0,-13.477779,0.051616,0.036949,-0.580000,-0.600000,0.220000
115,780000000,0.728221,1.956447,-0.244205,0.041933,-0.470499,0.044518,-0.600000,0.044638,-0.600000,0.044638,-0.600000,0,-13.441434,0.051851,0.037184,-0.580000,-0.600000,0.220000
115,820000000,0.729873,1.956113,-0.263012,0.042118,-0.470107,0.044638,-0.600000,0.044885,-0.600000,0.044885,-0.600000,0,-13.367470,0.051971,0.037305,-0.580000,-0.600000,0.220000
115,860000000,0.731528,1.955746,-0.281804,0.042429,-0.469633,0.044885,-0.600000,0.045141,-0.600000,0.045141,-0.600000,0,-13.291819,0.052218,0.037552,-0.580000,-0.600000,0.220000
115,880000000,0.732354,1.955551,-0.291194,0.042411,-0.469519,0.045141,-0.600000,0.045272,-0.600000,0.045272,-0.600000,0,-13.253233,0.052474,0.037807,-0.580000,-0.600000,0.220000
115,920000000,0.734010,1.955135,-0.309962,0.042616,-0.469127,0.045272,-0.600000,0.045541,-0.600000,0.045541,-0.600000,0,-13.174826,0.052605,0.037939,-0.580000,-0.600000,0.220000
115,940000000,0.734836,1.954914,-0.319341,0.042685,-0.468953,0.045541,-0.600000,0.045680,-0.600000,0.045680,-0.600000,0,-13.134767,0.052875,0.038208,-0.580000,-0.600000,0.220000
115,980000000,0.736484,1.954450,-0.338090,0.042803,-0.468630,0.045680,-0.600000,0.045967,-0.600000,0.045967,-0.600000,0,-13.052842,0.053014,0.038347,-0.580000,-0.600000,0.220000
116,0,0.737311,1.954204,-0.347457,0.043055,-0.468325,0.045967,-0.600000,0.046113,-0.600000,0.046113,-0.600000,0,-13.011412,0.053300,0.038634,-0.580000,-0.600000,0.220000
116,40000000,0.738962,1.953688,-0.366179,0.043291,-0.467922,0.046113,-0.600000,0.046415,-0.600000,0.046415,-0.600000,0,-12.926929,0.053447,0.038780,-0.580000,-0.600000,0.220000
116,60000000,0.739786,1.953418,-0.375535,0.043274,-0.467819,0.046415,-0.600000,0.046570,-0.600000,0.046570,-0.600000,0,-12.883743,0.053748,0.039081,-0.580000,-0.600000,0.220000
116,100000000,0.741439,1.952850,-0.394231,0.043662,-0.467308,0.046570,-0.600000,0.046888,-0.600000,0.046888,-0.600000,0,-12.796506,0.053904,0.039237,-0.580000,-0.600000,0.220000
116,120000000,0.742262,1.952554,-0.403574,0.043776,-0.467004,0.046888,-0.600000,0.047050,-0.600000,0.047050,-0.600000,0,-12.752340,0.054221,0.039554,-0.580000,-0.600000,0.220000
116,160000000,0.743906,1.951937,-0.422250,0.043895,-0.466807,0.047050,-0.600000,0.047381,-0.600000,0.047381,-0.600000,0,-12.663275,0.054384,0.039717,-0.580000,-0.600000,0.220000
116,200000000,0.745552,1.951284,-0.440907,0.044179,-0.466381,0.047381,-0.600000,0.047724,-0.600000,0.047724,-0.600000,0,-12.572414,0.054714,0.040048,-0.580000,-0.600000,0.220000
116,220000000,0.746374,1.950944,-0.450229,0.044443,-0.466077,0.047724,-0.600000,0.047899,-0.600000,0.047899,-0.600000,0,-12.526269,0.055057,0.040390,-0.580000,-0.600000,0.220000
116,260000000,0.748017,1.950237,-0.468860,0.044832,-0.465574,0.047899,-0.600000,0.048262,-0.600000,0.048262,-0.600000,0,-12.432267,0.055233,0.040566,-0.580000,-0.600000,0.220000
116,280000000,0.748838,1.949870,-0.478168,0.044914,-0.465413,0.048262,-0.600000,0.048448,-0.600000,0.048448,-0.600000,0,-12.384522,0.055595,0.040928,-0.580000,-0.600000,0.220000
116,320000000,0.750478,1.949110,-0.496772,0.045224,-0.464978,0.048448,-0.600000,0.048831,-0.600000,0.048831,-0.600000,0,-12.287258,0.055781,0.041114,-0.580000,-0.600000,0.220000
116,360000000,0.752116,1.948313,-0.515358,0.045728,-0.464395,0.048831,-0.600000,0.049230,-0.600000,0.049230,-0.600000,0,-12.187748,0.056164,0.041498,-0.580000,-0.600000,0.220000
116,380000000,0.752934,1.947900,-0.524644,0.045714,-0.464314,0.049230,-0.600000,0.049435,-0.600000,0.049435,-0.600000,0,-12.137101,0.056563,0.041896,-0.580000,-0.600000,0.220000
116,400000000,0.753751,1.947479,-0.533925,0.045924,-0.464059,0.049435,-0.600000,0.049645,-0.600000,0.049645,-0.600000,0,-12.085926,0.056769,0.042102,-0.580000,-0.600000,0.220000
116,440000000,0.755382,1.946608,-0.552475,0.046240,-0.463631,0.049645,-0.600000,0.050077,-0.600000,0.050077,-0.600000,0,-11.981595,0.056978,0.042311,-0.580000,-0.600000,0.220000
116,460000000,0.756196,1.946159,-0.561743,0.046420,-0.463403,0.050077,-0.600000,0.050300,-0.600000,0.050300,-0.600000,0,-11.928500,0.057410,0.042743,-0.580000,-0.600000,0.220000
116,500000000,0.757820,1.945232,-0.580266,0.046798,-0.462932,0.050300,-0.600000,0.050760,-0.600000,0.050760,-0.600000,0,-11.820329,0.057633,0.042966,-0.580000,-0.600000,0.220000
116,540000000,0.759444,1.944265,-0.598765,0.047410,-0.462279,0.050760,-0.600000,0.051233,-0.600000,0.051233,-0.600000,0,-11.711112,0.058093,0.043427,-0.580000,-0.600000,0.220000
116,560000000,0.760253,1.943768,-0.608010,0.047398,-0.462209,0.051233,-0.600000,0.051477,-0.600000,0.051477,-0.600000,0,-11.655783,0.058567,0.043900,-0.580000,-0.600000,0.220000
116,600000000,0.761870,1.942743,-0.626480,0.047815,-0.461718,0.051477,-0.600000,0.051978,-0.600000,0.051978,-0.600000,0,-11.543451,0.058810,0.044143,-0.580000,-0.600000,0.220000
116,620000000,0.762677,1.942215,-0.635708,0.048151,-0.461373,0.051978,-0.600000,0.052236,-0.600000,0.052236,-0.600000,0,-11.486320,0.059311,0.044644,-0.580000,-0.600000,0.220000
116,660000000,0.764288,1.941130,-0.654147,0.048499,-0.460946,0.052236,-0.600000,0.052770,-0.600000,0.052770,-0.600000,0,-11.370018,0.059569,0.044903,-0.580000,-0.600000,0.220000
116,680000000,0.765089,1.940573,-0.663361,0.048704,-0.460708,0.052770,-0.600000,0.053048,-0.600000,0.053048,-0.600000,0,-11.310586,0.060104,0.045437,-0.580000,-0.600000,0.220000
116,720000000,0.766683,1.939433,-0.681778,0.049180,-0.460181,0.053048,-0.600000,0.053623,-0.600000,0.053623,-0.600000,0,-11.189143,0.060381,0.045714,-0.580000,-0.600000,0.220000
116,760000000,0.768271,1.938252,-0.700174,0.049636,-0.459677,0.053623,-0.600000,0.054227,-0.600000,0.054227,-0.600000,0,-11.064663,0.060957,0.046290,-0.580000,-0.600000,0.220000
116,780000000,0.769065,1.937644,-0.709361,0.049943,-0.459361,0.054227,-0.600000,0.054538,-0.600000,0.054538,-0.600000,0,-11.001547,0.061560,0.046893,-0.580000,-0.600000,0.220000
116,820000000,0.770647,1.936399,-0.727721,0.050485,-0.458795,0.054538,-0.600000,0.055184,-0.600000,0.055184,-0.600000,0,-10.872752,0.061871,0.047204,-0.580000,-0.600000,0.220000
116,840000000,0.771432,1.935762,-0.736896,0.050476,-0.458741,0.055184,-0.600000,0.055520,-0.600000,0.055520,-0.600000,0,-10.806852,0.062517,0.047850,-0.580000,-0.600000,0.220000
116,880000000,0.773010,1.934448,-0.755217,0.051348,-0.457913,0.055520,-0.600000,0.056208,-0.600000,0.056208,-0.600000,0,-10.674648,0.062854,0.048187,-0.580000,-0.600000,0.220000
116,900000000,0.773794,1.933776,-0.764370,0.051559,-0.457684,0.056208,-0.600000,0.056562,-0.600000,0.056562,-0.600000,0,-10.607789,0.063541,0.048875,-0.580000,-0.600000,0.220000
116,940000000,0.775354,1.932400,-0.782662,0.052217,-0.457037,0.056562,-0.600000,0.057299,-0.600000,0.057299,-0.600000,0,-10.471336,0.063896,0.049229,-0.580000,-0.600000,0.220000
116,960000000,0.776134,1.931693,-0.791796,0.052597,-0.456674,0.057299,-0.600000,0.057680,-0.600000,0.057680,-0.600000,0,-10.402145,0.064633,0.049966,-0.580000,-0.600000,0.220000
117,0,0.777687,1.930246,-0.810047,0.053267,-0.456028,0.057680,-0.600000,0.058474,-0.600000,0.058474,-0.600000,0,-10.260900,0.065014,0.050347,-0.580000,-0.600000,0.220000
117,40000000,0.779233,1.928751,-0.828271,0.054127,-0.455229,0.058474,-0.600000,0.059311,-0.600000,0.059311,-0.600000,0,-10.116151,0.065808,0.051141,-0.580000,-0.600000,0.220000
117,60000000,0.780005,1.927984,-0.837371,0.054340,-0.455015,0.059311,-0.600000,0.059746,-0.600000,0.059746,-0.600000,0,-10.042582,0.066644,0.051978,-0.580000,-0.600000,0.220000
117,100000000,0.781546,1.926410,-0.855548,0.055106,-0.454308,0.059746,-0.600000,0.060649,-0.600000,0.060649,-0.600000,0,-9.892911,0.067079,0.052412,-0.580000,-0.600000,0.220000
117,120000000,0.782312,1.925606,-0.864627,0.055473,-0.453969,0.060649,-0.600000,0.061121,-0.600000,0.061121,-0.600000,0,-9.816514,0.067983,0.053316,-0.580000,-0.600000,0.220000
117,160000000,0.783846,1.923951,-0.882756,0.056334,-0.453197,0.061121,-0.600000,0.062102,-0.600000,0.062102,-0.600000,0,-9.661523,0.068455,0.053788,-0.580000,-0.600000,0.220000
117,180000000,0.784607,1.923108,-0.891813,0.056725,-0.452847,0.062102,-0.600000,0.062608,-0.600000,0.062608,-0.600000,0,-9.583500,0.069435,0.054769,-0.580000,-0.600000,0.220000
117,200000000,0.785363,1.922254,-0.900866,0.056903,-0.452674,0.062608,-0.600000,0.063130,-0.600000,0.063130,-0.600000,0,-9.504145,0.069941,0.055274,-0.580000,-0.600000,0.220000
117,240000000,0.786883,1.920490,-0.918931,0.058139,-0.451609,0.063130,-0.600000,0.064213,-0.600000,0.064213,-0.600000,0,-9.343883,0.070464,0.055797,-0.580000,-0.600000,0.220000
117,280000000,0.788383,1.918684,-0.936978,0.058620,-0.451180,0.064213,-0.600000,0.065372,-0.600000,0.065372,-0.600000,0,-9.178278,0.071546,0.056880,-0.580000,-0.600000,0.220000
117,300000000,0.789136,1.917752,-0.945981,0.059867,-0.450128,0.065372,-0.600000,0.065974,-0.600000,0.065974,-0.600000,0,-9.094486,0.072705,0.058038,-0.580000,-0.600000,0.220000
117,340000000,0.790639,1.915838,-0.963956,0.060811,-0.449339,0.065974,-0.600000,0.067235,-0.600000,0.067235,-0.600000,0,-8.923868,0.073307,0.058641,-0.580000,-0.600000,0.220000
117,360000000,0.791384,1.914864,-0.972936,0.061258,-0.448967,0.067235,-0.600000,0.067900,-0.600000,0.067900,-0.600000,0,-8.836503,0.074569,0.059902,-0.580000,-0.600000,0.220000
117,400000000,0.792871,1.912863,-0.990862,0.063048,-0.447486,0.067900,-0.600000,0.069295,-0.600000,0.069295,-0.600000,0,-8.658583,0.075233,0.060567,-0.580000,-0.600000,0.220000
117,420000000,0.793610,1.911839,-0.999812,0.063051,-0.447499,0.069295,-0.600000,0.070024,-0.600000,0.070024,-0.600000,0,-8.568468,0.076629,0.061962,-0.580000,-0.600000,0.220000
117,460000000,0.795087,1.909736,-1.017676,0.064352,-0.446453,0.070024,-0.600000,0.071543,-0.600000,0.071543,-0.600000,0,-8.386537,0.077358,0.062691,-0.580000,-0.600000,0.220000
117,500000000,0.796540,1.907586,-1.035521,0.065037,-0.445932,0.071543,-0.600000,0.073186,-0.600000,0.073186,-0.600000,0,-8.198274,0.078877,0.064210,-0.580000,-0.600000,0.220000
117,520000000,0.797255,1.906498,-1.044440,0.065041,-0.445955,0.073186,-0.600000,0.074061,-0.600000,0.074061,-0.600000,0,-8.101449,0.080519,0.065853,-0.580000,-0.600000,0.220000
117,560000000,0.798716,1.904207,-1.062187,0.067992,-0.443586,0.074061,-0.600000,0.075880,-0.600000,0.075880,-0.600000,0,-7.907271,0.081394,0.066727,-0.580000,-0.600000,0.220000
117,580000000,0.799438,1.903042,-1.071053,0.068406,-0.443291,0.075880,-0.600000,0.076848,-0.600000,0.076848,-0.600000,0,-7.807603,0.083213,0.068546,-0.580000,-0.600000,0.220000
117,620000000,0.800868,1.900662,-1.088757,0.069865,-0.442190,0.076848,-0.600000,0.078910,-0.600000,0.078910,-0.600000,0,-7.603597,0.084182,0.069515,-0.580000,-0.600000,0.220000
117,640000000,0.801589,1.899426,-1.097576,0.071431,-0.440964,0.078910,-0.600000,0.079985,-0.600000,0.079985,-0.600000,0,-7.501442,0.086243,0.071577,-0.580000,-0.600000,0.220000
117,680000000,0.803017,1.896902,-1.115187,0.073372,-0.439517,0.079985,-0.600000,0.082345,-0.600000,0.082345,-0.600000,0,-7.286395,0.087318,0.072651,-0.580000,-0.600000,0.220000
117,700000000,0.803724,1.895614,-1.123979,0.073387,-0.439594,0.082345,-0.600000,0.083598,-0.600000,0.083598,-0.600000,0,-7.177222,0.089679,0.075012,-0.580000,-0.600000,0.220000
117,740000000,0.805162,1.892910,-1.141468,0.076616,-0.437154,0.083598,-0.600000,0.090931,-0.587701,0.090931,-0.587701,0,-6.463147,0.090931,0.076264,-0.580000,-0.600000,0.220000
117,760000000,0.805873,1.891529,-1.150198,0.077568,-0.436494,0.090931,-0.587701,0.096415,-0.600000,0.096415,-0.600000,0,-6.223103,0.098264,0.083598,-0.567701,-0.600000,0.220000
117,800000000,0.807338,1.888598,-1.167515,0.085806,-0.429433,0.096415,-0.600000,0.103748,-0.580000,0.103748,-0.580000,0,-5.041808,0.103748,0.089082,-0.580000,-0.600000,0.220000
117,820000000,0.808120,1.886978,-1.176055,0.089818,-0.427019,0.103748,-0.580000,0.111082,-0.560000,0.111082,-0.560000,0,-4.567427,0.111082,0.096415,-0.560000,-0.600000,0.220000
117,860000000,0.809719,1.883557,-1.193007,0.096743,-0.421989,0.111082,-0.560000,0.118415,-0.540000,0.118415,-0.540000,0,-3.845507,0.118415,0.103748,-0.540000,-0.580000,0.220000
117,900000000,0.811402,1.879805,-1.209704,0.108506,-0.412589,0.118415,-0.540000,0.125748,-0.520000,0.125748,-0.520000,0,-2.999967,0.125748,0.111082,-0.520000,-0.560000,0.220000
117,920000000,0.812282,1.877772,-1.217947,0.110633,-0.412151,0.125748,-0.520000,0.133082,-0.500000,0.133082,-0.500000,0,-2.823019,0.133082,0.118415,-0.500000,-0.540000,0.220000
117,960000000,0.814090,1.873453,-1.234269,0.117677,-0.407798,0.133082,-0.500000,0.140415,-0.480000,0.140415,-0.480000,0,-2.388511,0.140415,0.125748,-0.480000,-0.520000,0.220000
117,980000000,0.815015,1.871183,-1.242196,0.122353,-0.396316,0.140415,-0.480000,0.147748,-0.460000,0.147748,-0.460000,0,-2.160191,0.147748,0.133082,-0.460000,-0.500000,0.220000
118,20000000,0.816952,1.866234,-1.257200,0.133752,-0.371732,0.147748,-0.460000,0.155082,-0.440000,0.155082,-0.440000,0,-1.724965,0.155082,0.140415,-0.440000,-0.480000,0.220000
118,40000000,0.817938,1.863633,-1.264300,0.138846,-0.355024,0.155082,-0.440000,0.162415,-0.420000,0.162415,-0.420000,0,-1.557854,0.162415,0.147748,-0.420000,-0.460000,0.220000
118,80000000,0.819940,1.858189,-1.277937,0.150628,-0.325794,0.162415,-0.420000,0.169748,-0.400000,0.169748,-0.400000,0,-1.247206,0.169748,0.155082,-0.400000,-0.440000,0.220000
118,100000000,0.820970,1.855298,-1.284400,0.153230,-0.323195,0.169748,-0.400000,0.177082,-0.380000,0.177082,-0.380000,0,-1.161937,0.177082,0.162415,-0.380000,-0.420000,0.220000
118,140000000,0.823045,1.849289,-1.296512,0.160620,-0.296023,0.177082,-0.380000,0.184415,-0.360000,0.184415,-0.360000,0,-0.981413,0.184415,0.169748,-0.360000,-0.400000,0.220000
118,180000000,0.825172,1.842899,-1.307696,0.174783,-0.264635,0.184415,-0.360000,0.191748,-0.340000,0.191748,-0.340000,0,-0.765750,0.191748,0.177082,-0.340000,-0.380000,0.220000
118,200000000,0.826251,1.839558,-1.313026,0.175341,-0.266540,0.191748,-0.340000,0.199082,-0.320000,0.199082,-0.320000,0,-0.726374,0.199082,0.184415,-0.320000,-0.360000,0.220000
118,240000000,0.828446,1.832576,-1.322626,0.182948,-0.241041,0.199082,-0.320000,0.206415,-0.300000,0.206415,-0.300000,0,-0.609093,0.206415,0.191748,-0.300000,-0.340000,0.220000
118,260000000,0.829544,1.828989,-1.327137,0.187326,-0.225523,0.206415,-0.300000,0.213748,-0.280000,0.213748,-0.280000,0,-0.553108,0.213748,0.199082,-0.280000,-0.320000,0.220000
118,300000000,0.831766,1.821553,-1.335504,0.196936,-0.202315,0.213748,-0.280000,0.220000,-0.260000,0.220000,-0.260000,0,-0.450420,0.220000,0.206415,-0.260000,-0.300000,0.220000
118,320000000,0.832914,1.817603,-1.339255,0.205386,-0.187523,0.220000,-0.260000,0.220000,-0.240000,0.220000,-0.240000,0,-0.390884,0.220000,0.212667,-0.240000,-0.280000,0.220000
118,360000000,0.835204,1.809543,-1.346302,0.212160,-0.164689,0.220000,-0.240000,0.220000,-0.220000,0.220000,-0.220000,0,-0.326106,0.220000,0.212667,-0.220000,-0.260000,0.220000
118,380000000,0.836342,1.805442,-1.349654,0.212535,-0.167589,0.220000,-0.220000,0.220000,-0.200000,0.220000,-0.200000,0,-0.306387,0.220000,0.212667,-0.200000,-0.240000,0.220000
118,420000000,0.838576,1.797207,-1.355682,0.213253,-0.148385,0.220000,-0.200000,0.220000,-0.180000,0.220000,-0.180000,0,-0.270806,0.220000,0.212667,-0.180000,-0.220000,0.220000
118,440000000,0.839673,1.793074,-1.358406,0.213590,-0.136194,0.220000,-0.180000,0.220000,-0.160000,0.220000,-0.160000,0,-0.254567,0.220000,0.212667,-0.160000,-0.200000,0.220000
118,480000000,0.841830,1.784778,-1.363525,0.214237,-0.126839,0.220000,-0.160000,0.220000,-0.140000,0.220000,-0.140000,0,-0.223718,0.220000,0.212667,-0.140000,-0.180000,0.220000
118,520000000,0.843939,1.776445,-1.367913,0.214836,-0.109853,0.220000,-0.140000,0.220000,-0.120000,0.220000,-0.120000,0,-0.196886,0.220000,0.212667,-0.120000,-0.160000,0.220000
118,540000000,0.844977,1.772266,-1.369714,0.215116,-0.090021,0.220000,-0.120000,0.220000,-0.100000,0.220000,-0.100000,0,-0.185671,0.220000,0.212667,-0.100000,-0.140000,0.220000
118,580000000,0.847022,1.763885,-1.373123,0.215646,-0.077828,0.220000,-0.100000,0.220000,-0.080000,0.220000,-0.080000,0,-0.164290,0.220000,0.212667,-0.080000,-0.120000,0.220000
118,600000000,0.848031,1.759683,-1.374582,0.215894,-0.072905,0.220000,-0.080000,0.220000,-0.060000,0.220000,-0.060000,0,-0.154930,0.220000,0.212667,-0.060000,-0.100000,0.220000
118,640000000,0.850023,1.751260,-1.377000,0.216358,-0.052987,0.220000,-0.060000,0.220000,-0.040000,0.220000,-0.040000,0,-0.139024,0.220000,0.212667,-0.040000,-0.080000,0.220000
118,660000000,0.851008,1.747039,-1.378108,0.216574,-0.055437,0.220000,-0.040000,0.220000,-0.028943,0.220000,-0.028943,0,-0.131561,0.220000,0.212667,-0.020000,-0.060000,0.220000
118,700000000,0.852957,1.738580,-1.379521,0.216979,-0.035299,0.220000,-0.028943,0.220000,-0.026696,0.220000,-0.026696,0,-0.121344,0.220000,0.212667,-0.008943,-0.048943,0.220000
118,740000000,0.854883,1.730101,-1.380173,0.217347,-0.014962,0.220000,-0.026696,0.220000,-0.025439,0.220000,-0.025439,0,-0.115631,0.220000,0.212667,-0.006696,-0.046696,0.220000
118,760000000,0.855840,1.725855,-1.380319,0.217519,-0.007290,0.220000,-0.025439,0.220000,-0.025034,0.220000,-0.025034,0,-0.113791,0.220000,0.212667,-0.005439,-0.045439,0.220000
118,800000000,0.857743,1.717351,-1.380144,0.217836,0.003259,0.220000,-0.025034,0.220000,-0.024873,0.220000,-0.024873,0,-0.113058,0.220000,0.212667,-0.005034,-0.045034,0.220000
118,820000000,0.858692,1.713094,-1.379625,0.217979,0.025967,0.220000,-0.024873,0.220000,-0.025367,0.220000,-0.025367,0,-0.115306,0.220000,0.212667,-0.004873,-0.044873,0.220000
118,860000000,0.860584,1.704571,-1.378539,0.218249,0.030417,0.220000,-0.025367,0.220000,-0.026434,0.220000,-0.026434,0,-0.120154,0.220000,0.212667,-0.005367,-0.045367,0.220000
118,880000000,0.861529,1.700306,-1.377952,0.218381,0.029340,0.220000,-0.026434,0.220000,-0.027027,0.220000,-0.027027,0,-0.122849,0.220000,0.212667,-0.006434,-0.046434,0.220000
118,920000000,0.863416,1.691767,-1.376933,0.218602,0.024418,0.220000,-0.027027,0.220000,-0.028028,0.220000,-0.028028,0,-0.127401,0.220000,0.212667,-0.007027,-0.047027,0.220000
118,940000000,0.864359,1.687495,-1.376495,0.218703,0.021902,0.220000,-0.028028,0.220000,-0.028442,0.220000,-0.028442,0,-0.129280,0.220000,0.212667,-0.008028,-0.048028,0.220000
118,980000000,0.866239,1.678944,-1.375764,0.218879,0.017381,0.220000,-0.028442,0.220000,-0.029088,0.220000,-0.029088,0,-0.132219,0.220000,0.212667,-0.008442,-0.048442,0.220000
119,0,0.867178,1.674665,-1.375455,0.218959,0.015417,0.220000,-0.029088,0.220000,-0.029341,0.220000,-0.029341,0,-0.133369,0.220000,0.212667,-0.009088,-0.049088,0.220000
119,40000000,0.869049,1.666103,-1.374943,0.219101,0.011764,0.220000,-0.029341,0.220000,-0.029707,0.220000,-0.029707,0,-0.135031,0.220000,0.212667,-0.009341,-0.049341,0.220000
119,60000000,0.869983,1.661820,-1.374739,0.219165,0.010207,0.220000,-0.029707,0.220000,-0.029824,0.220000,-0.029824,0,-0.135563,0.220000,0.212667,-0.009707,-0.049707,0.220000
119,100000000,0.871845,1.653248,-1.374432,0.219277,0.006854,0.220000,-0.029824,0.220000,-0.029911,0.220000,-0.029911,0,-0.135958,0.220000,0.212667,-0.009824,-0.049824,0.220000
119,140000000,0.873700,1.644671,-1.374239,0.219375,0.004169,0.220000,-0.029911,0.220000,-0.029850,0.220000,-0.029850,0,-0.135684,0.220000,0.212667,-0.009911,-0.049911,0.220000
119,160000000,0.874624,1.640381,-1.374179,0.219418,0.002976,0.220000,-0.029850,0.220000,-0.029760,0.220000,-0.029760,0,-0.135274,0.220000,0.212667,-0.009850,-0.049850,0.220000
119,200000000,0.876467,1.631796,-1.374131,0.219496,0.000000,0.220000,-0.029760,0.220000,-0.029509,0.220000,-0.029509,0,-0.134133,0.220000,0.212667,-0.009760,-0.049760,0.220000
119,220000000,0.877385,1.627502,-1.374137,0.219531,0.000000,0.220000,-0.029509,0.220000,-0.029331,0.220000,-0.029331,0,-0.133324,0.220000,0.212667,-0.009509,-0.049509,0.220000
119,260000000,0.879217,1.618911,-1.374207,0.219593,-0.002129,0.220000,-0.029331,0.220000,-0.028904,0.220000,-0.028904,0,-0.131381,0.220000,0.212667,-0.009331,-0.049331,0.220000
119,280000000,0.880129,1.614614,-1.374264,0.219621,-0.002861,0.220000,-0.028904,0.220000,-0.028648,0.220000,-0.028648,0,-0.130220,0.220000,0.212667,-0.008904,-0.048904,0.220000
119,320000000,0.881948,1.606018,-1.374422,0.219671,-0.004246,0.220000,-0.028648,0.220000,-0.028081,0.220000,-0.028081,0,-0.127642,0.220000,0.212667,-0.008648,-0.048648,0.220000
119,340000000,0.882854,1.601718,-1.374523,0.219693,-0.005089,0.220000,-0.028081,0.220000,-0.027757,0.220000,-0.027757,0,-0.126169,0.220000,0.212667,-0.008081,-0.048081,0.220000
119,380000000,0.884661,1.593116,-1.374743,0.219733,-0.005884,0.220000,-0.027757,0.220000,-0.027097,0.220000,-0.027097,0,-0.123167,0.220000,0.212667,-0.007757,-0.047757,0.220000
119,400000000,0.885561,1.588814,-1.374870,0.219751,-0.006344,0.220000,-0.027097,0.220000,-0.026734,0.220000,-0.026734,0,-0.121518,0.220000,0.212667,-0.007097,-0.047097,0.220000
119,440000000,0.887356,1.580208,-1.375156,0.219783,-0.007241,0.220000,-0.026734,0.220000,-0.025962,0.220000,-0.025962,0,-0.118007,0.220000,0.212667,-0.006734,-0.046734,0.220000
119,460000000,0.888250,1.575904,-1.375304,0.219798,-0.007401,0.220000,-0.025962,0.220000,-0.025559,0.220000,-0.025559,0,-0.116179,0.220000,0.212667,-0.005962,-0.045962,0.220000
119,500000000,0.890033,1.567293,-1.375617,0.219824,-0.007917,0.220000,-0.025559,0.220000,-0.024724,0.220000,-0.024724,0,-0.112381,0.220000,0.212667,-0.005559,-0.045559,0.220000
119,540000000,0.891808,1.558680,-1.375945,0.219846,-0.007875,0.220000,-0.024724,0.220000,-0.023858,0.220000,-0.023858,0,-0.108444,0.220000,0.212667,-0.004724,-0.044724,0.220000
119,560000000,0.892693,1.554373,-1.376114,0.219856,-0.008433,0.220000,-0.023858,0.220000,-0.023411,0.220000,-0.023411,0,-0.106415,0.220000,0.212667,-0.003858,-0.043858,0.220000
119,600000000,0.894458,1.545757,-1.376451,0.219875,-0.008640,0.220000,-0.023411,0.220000,-0.022515,0.220000,-0.022515,0,-0.102343,0.220000,0.212667,-0.003411,-0.043411,0.220000
119,620000000,0.895337,1.541448,-1.376620,0.219883,-0.008468,0.220000,-0.022515,0.220000,-0.022059,0.220000,-0.022059,0,-0.100266,0.220000,0.212667,-0.002515,-0.042515,0.220000
119,660000000,0.897075,1.532841,-1.377069,0.219293,-0.012890,0.220000,-0.022059,0.220000,-0.021124,0.220000,-0.021124,0,-0.096020,0.220000,0.212667,-0.002059,-0.042059,0.220000
119,680000000,0.897925,1.528550,-1.377407,0.218762,-0.016883,0.220000,-0.021124,0.220000,-0.020515,0.220000,-0.020515,0,-0.093251,0.220000,0.212667,-0.001124,-0.041124,0.220000
119,720000000,0.899594,1.519983,-1.378245,0.218173,-0.020604,0.220000,-0.020515,0.220000,-0.018820,0.220000,-0.018820,0,-0.085546,0.220000,0.212667,-0.000515,-0.040515,0.220000
119,740000000,0.900426,1.515698,-1.378657,0.218233,-0.020612,0.220000,-0.018820,0.220000,-0.017862,0.220000,-0.017862,0,-0.081193,0.220000,0.212667,0.001180,-0.038820,0.220000
119,780000000,0.902084,1.507124,-1.379419,0.218359,-0.019008,0.220000,-0.017862,0.220000,-0.016023,0.220000,-0.016023,0,-0.072831,0.220000,0.212667,0.002138,-0.037862,0.220000
119,800000000,0.902912,1.502835,-1.379790,0.218411,-0.018516,0.220000,-0.016023,0.220000,-0.015117,0.220000,-0.015117,0,-0.068715,0.220000,0.212667,0.003977,-0.036023,0.220000
119,840000000,0.904563,1.494253,-1.380490,0.218520,-0.016976,0.220000,-0.015117,0.220000,-0.013351,0.220000,-0.013351,0,-0.060686,0.220000,0.212667,0.004883,-0.035117,0.220000
119,860000000,0.905387,1.489960,-1.380794,0.218557,-0.015232,0.220000,-0.013351,0.220000,-0.012529,0.220000,-0.012529,0,-0.056950,0.220000,0.212667,0.006649,-0.033351,0.220000
119,900000000,0.907032,1.481371,-1.381367,0.218646,-0.013407,0.220000,-0.012529,0.220000,-0.010928,0.220000,-0.010928,0,-0.049673,0.220000,0.212667,0.007471,-0.032529,0.220000
119,920000000,0.907854,1.477074,-1.381625,0.218750,-0.012888,0.220000,-0.010928,0.220000,-0.010154,0.220000,-0.010154,0,-0.046153,0.220000,0.212667,0.009072,-0.030928,0.220000
119,960000000,0.909531,1.468449,-1.381815,0.219963,-0.002627,0.220000,-0.010154,0.220000,-0.008938,0.220000,-0.008938,0,-0.040628,0.220000,0.212667,0.009846,-0.030154,0.220000
120,0,0.911216,1.459814,-1.381913,0.219967,-0.002405,0.220000,-0.008938,0.220000,-0.008152,0.220000,-0.008152,0,-0.037056,0.220000,0.212667,0.011062,-0.028938,0.220000
120,20000000,0.912058,1.455495,-1.381951,0.219970,-0.001875,0.220000,-0.008152,0.220000,-0.007773,0.220000,-0.007773,0,-0.035334,0.220000,0.212667,0.011848,-0.028152,0.220000
120,60000000,0.913739,1.446859,-1.381993,0.219974,-0.001181,0.220000,-0.007773,0.220000,-0.007056,0.220000,-0.007056,0,-0.032073,0.220000,0.212667,0.012227,-0.027773,0.220000
120,80000000,0.914579,1.442540,-1.382014,0.219975,-0.001050,0.220000,-0.007056,0.220000,-0.006697,0.220000,-0.006697,0,-0.030441,0.220000,0.212667,0.012944,-0.027056,0.220000
120,120000000,0.916256,1.433902,-1.382057,0.219979,0.000000,0.220000,-0.006697,0.220000,-0.005977,0.220000,-0.005977,0,-0.027170,0.220000,0.212667,0.013303,-0.026697,0.220000
120,140000000,0.917094,1.429583,-1.382070,0.219980,0.000000,0.220000,-0.005977,0.220000,-0.005629,0.220000,-0.005629,0,-0.025588,0.220000,0.212667,0.014023,-0.025977,0.220000
120,180000000,0.918769,1.420945,-1.382087,0.219983,0.000000,0.220000,-0.005629,0.220000,-0.004943,0.220000,-0.004943,0,-0.022466,0.220000,0.212667,0.014371,-0.025629,0.220000
120,200000000,0.919605,1.416625,-1.382089,0.219984,0.000000,0.220000,-0.004943,0.220000,-0.004606,0.220000,-0.004606,0,-0.020937,0.220000,0.212667,0.015057,-0.024943,0.220000
120,240000000,0.921278,1.407986,-1.382081,0.219986,0.000000,0.220000,-0.004606,0.220000,-0.003950,0.220000,-0.003950,0,-0.017954,0.220000,0.212667,0.015394,-0.024606,0.220000
120,260000000,0.922113,1.403666,-1.382076,0.219987,0.000000,0.220000,-0.003950,0.220000,-0.003623,0.220000,-0.003623,0,-0.016468,0.220000,0.212667,0.016050,-0.023950,0.220000
120,300000000,0.923783,1.395027,-1.382064,0.219989,0.000000,0.220000,-0.003623,0.220000,-0.002973,0.220000,-0.002973,0,-0.013512,0.220000,0.212667,0.016377,-0.023623,0.220000
120,320000000,0.924618,1.390707,-1.382049,0.219989,0.000000,0.220000,-0.002973,0.220000,-0.002659,0.220000,-0.002659,0,-0.012088,0.220000,0.212667,0.017027,-0.022973,0.220000
120,360000000,0.926286,1.382067,-1.382009,0.219991,0.001081,0.220000,-0.002659,0.220000,-0.002046,0.220000,-0.002046,0,-0.009299,0.220000,0.212667,0.017341,-0.022659,0.220000
120,380000000,0.927120,1.377747,-1.381989,0.219991,0.001023,0.220000,-0.002046,0.220000,-0.001739,0.220000,-0.001739,0,-0.007905,0.220000,0.212667,0.017954,-0.022046,0.220000
120,420000000,0.928787,1.369106,-1.381923,0.219993,0.001577,0.220000,-0.001739,0.220000,-0.001160,0.220000,-0.001160,0,-0.005271,0.220000,0.212667,0.018261,-0.021739,0.220000
120,460000000,0.930454,1.360466,-1.381858,0.219994,0.001617,0.220000,-0.001160,0.220000,-0.000580,0.220000,-0.000580,0,-0.002636,0.220000,0.212667,0.018840,-0.021160,0.220000
120,480000000,0.931287,1.356146,-1.381814,0.219994,0.002188,0.220000,-0.000580,0.220000,-0.000306,0.220000,-0.000306,0,-0.001390,0.220000,0.212667,0.019420,-0.020580,0.220000
120,520000000,0.932953,1.347505,-1.381714,0.219995,0.002460,0.220000,-0.000306,0.220000,0.000226,0.220000,0.000226,0,0.001026,0.220000,0.212667,0.019694,-0.020306,0.220000
120,540000000,0.933786,1.343185,-1.381663,0.219995,0.002565,0.220000,0.000226,0.220000,0.000490,0.220000,0.000490,0,0.002225,0.220000,0.212667,0.020226,-0.019774,0.220000
120,580000000,0.935452,1.334544,-1.381555,0.219996,0.002873,0.220000,0.000490,0.220000,0.001010,0.220000,0.001010,0,0.004590,0.220000,0.212667,0.020490,-0.019510,0.220000
120,600000000,0.936285,1.330224,-1.381501,0.219988,0.002715,0.220000,0.001010,0.220000,0.001268,0.220000,0.001268,0,0.005766,0.220000,0.212667,0.021010,-0.018990,0.220000
120,640000000,0.937941,1.321592,-1.381442,0.219654,0.001010,0.220000,0.001268,0.220000,0.001850,0.220000,0.001850,0,0.008410,0.220000,0.212667,0.021268,-0.018732,0.220000
120,680000000,0.939595,1.312962,-1.381396,0.219685,0.001242,0.220000,0.001850,0.220000,0.002497,0.220000,0.002497,0,0.011349,0.220000,0.212667,0.021850,-0.018150,0.220000
120,700000000,0.940422,1.308646,-1.381367,0.219704,0.001434,0.220000,0.002497,0.220000,0.002813,0.220000,0.002813,0,0.012787,0.220000,0.212667,0.022497,-0.017503,0.220000
120,740000000,0.942074,1.300010,-1.381303,0.219880,0.001161,0.220000,0.002813,0.220000,0.003462,0.220000,0.003462,0,0.015736,0.220000,0.212667,0.022813,-0.017187,0.220000
120,760000000,0.942899,1.295691,-1.381269,0.219861,0.001681,0.220000,0.003462,0.220000,0.003776,0.220000,0.003776,0,0.017163,0.220000,0.212667,0.023462,-0.016538,0.220000
120,800000000,0.944563,1.287051,-1.381093,0.219998,0.004834,0.220000,0.003776,0.220000,0.004225,0.220000,0.004225,0,0.019203,0.220000,0.212667,0.023776,-0.016224,0.220000
120,820000000,0.945396,1.282731,-1.380986,0.219998,0.005334,0.220000,0.004225,0.220000,0.004417,0.220000,0.004417,0,0.020076,0.220000,0.212667,0.024225,-0.015775,0.220000
120,860000000,0.947064,1.274090,-1.380765,0.219999,0.005630,0.220000,0.004417,0.220000,0.004789,0.220000,0.004789,0,0.021768,0.220000,0.212667,0.024417,-0.015583,0.220000
120,880000000,0.947898,1.269770,-1.380653,0.219993,0.005634,0.220000,0.004789,0.220000,0.004971,0.220000,0.004971,0,0.022597,0.220000,0.212667,0.024789,-0.015211,0.220000
120,920000000,0.949560,1.261136,-1.380460,0.219823,0.004789,0.220000,0.004971,0.220000,0.005387,0.220000,0.005387,0,0.024486,0.220000,0.212667,0.024971,-0.015029,0.220000
120,940000000,0.950392,1.256819,-1.380362,0.219833,0.004935,0.220000,0.005387,0.220000,0.005597,0.220000,0.005597,0,0.025443,0.220000,0.212667,0.025387,-0.014613,0.220000
120,980000000,0.952057,1.248184,-1.380154,0.219852,0.005409,0.220000,0.005597,0.220000,0.006000,0.220000,0.006000,0,0.027273,0.220000,0.212667,0.025597,-0.014403,0.220000
121,0,0.952890,1.243866,-1.380042,0.219861,0.005597,0.220000,0.006000,0.220000,0.006192,0.220000,0.006192,0,0.028145,0.220000,0.212667,0.026000,-0.014000,0.220000
121,40000000,0.954558,1.235231,-1.379805,0.219878,0.006000,0.220000,0.006192,0.220000,0.006553,0.220000,0.006553,0,0.029787,0.220000,0.212667,0.026192,-0.013808,0.220000
121,60000000,0.955393,1.230913,-1.379683,0.219887,0.006111,0.220000,0.006553,0.220000,0.006729,0.220000,0.006729,0,0.030586,0.220000,0.212667,0.026553,-0.013447,0.220000
121,100000000,0.957067,1.222276,-1.379405,0.220000,0.007226,0.220000,0.006729,0.220000,0.007027,0.220000,0.007027,0,0.031941,0.220000,0.212667,0.026729,-0.013271,0.220000
121,120000000,0.957906,1.217957,-1.379258,0.220000,0.007332,0.220000,0.007027,0.220000,0.007160,0.220000,0.007160,0,0.032547,0.220000,0.212667,0.027027,-0.012973,0.220000
121,160000000,0.959584,1.209318,-1.378962,0.220000,0.007534,0.220000,0.007160,0.220000,0.007417,0.220000,0.007417,0,0.033716,0.220000,0.212667,0.027160,-0.012840,0.220000
121,200000000,0.961265,1.200680,-1.378657,0.220000,0.007646,0.220000,0.007417,0.220000,0.007667,0.220000,0.007667,0,0.034851,0.220000,0.212667,0.027417,-0.012583,0.220000
121,220000000,0.962106,1.196361,-1.378501,0.220000,0.007780,0.220000,0.007667,0.220000,0.007786,0.220000,0.007786,0,0.035389,0.220000,0.212667,0.027667,-0.012333,0.220000
121,260000000,0.963790,1.187724,-1.378186,0.220000,0.008025,0.220000,0.007786,0.220000,0.008019,0.220000,0.008019,0,0.036448,0.220000,0.212667,0.027786,-0.012214,0.220000
121,280000000,0.964633,1.183405,-1.378026,0.220000,0.008018,0.220000,0.008019,0.220000,0.008129,0.220000,0.008129,0,0.036949,0.220000,0.212667,0.028019,-0.011981,0.220000
121,320000000,0.966321,1.174769,-1.377699,0.220000,0.008171,0.220000,0.008129,0.220000,0.008342,0.220000,0.008342,0,0.037916,0.220000,0.212667,0.028129,-0.011871,0.220000
121,340000000,0.967166,1.170451,-1.377536,0.220000,0.008176,0.220000,0.008342,0.220000,0.008446,0.220000,0.008446,0,0.038393,0.220000,0.212667,0.028342,-0.011658,0.220000
121,380000000,0.968857,1.161815,-1.377206,0.220000,0.008265,0.220000,0.008446,0.220000,0.008658,0.220000,0.008658,0,0.039356,0.220000,0.212667,0.028446,-0.011554,0.220000
121,420000000,0.970552,1.153179,-1.376868,0.219999,0.008466,0.220000,0.008658,0.220000,0.008857,0.220000,0.008857,0,0.040261,0.220000,0.212667,0.028658,-0.011342,0.220000
121,440000000,0.971400,1.148862,-1.376694,0.220000,0.008701,0.220000,0.008857,0.220000,0.008948,0.220000,0.008948,0,0.040673,0.220000,0.212667,0.028857,-0.011143,0.220000
121,460000000,0.972249,1.144545,-1.376519,0.220000,0.008764,0.220000,0.008948,0.220000,0.009036,0.220000,0.009036,0,0.041074,0.220000,0.212667,0.028948,-0.011052,0.220000
121,500000000,0.973950,1.135911,-1.376156,0.219995,0.009091,0.220000,0.009036,0.220000,0.009194,0.220000,0.009194,0,0.041790,0.220000,0.212667,0.029036,-0.010964,0.220000
121,540000000,0.975654,1.127278,-1.375796,0.219975,0.009012,0.220000,0.009194,0.220000,0.009359,0.220000,0.009359,0,0.042540,0.220000,0.212667,0.029194,-0.010806,0.220000
121,560000000,0.976506,1.122962,-1.375618,0.220000,0.008900,0.220000,0.009359,0.220000,0.009446,0.220000,0.009446,0,0.042934,0.220000,0.212667,0.029359,-0.010641,0.220000
121,600000000,0.978213,1.114329,-1.375255,0.220000,0.009069,0.220000,0.009446,0.220000,0.009615,0.220000,0.009615,0,0.043706,0.220000,0.212667,0.029446,-0.010554,0.220000
121,620000000,0.979067,1.110013,-1.375072,0.220000,0.009121,0.220000,0.009615,0.220000,0.009697,0.220000,0.009697,0,0.044078,0.220000,0.212667,0.029615,-0.010385,0.220000
121,660000000,0.980779,1.101381,-1.374705,0.220000,0.009281,0.220000,0.009697,0.220000,0.009861,0.220000,0.009861,0,0.044823,0.220000,0.212667,0.029697,-0.010303,0.220000
121,680000000,0.981635,1.097065,-1.374518,0.220000,0.009308,0.220000,0.009861,0.220000,0.009937,0.220000,0.009937,0,0.045168,0.220000,0.212667,0.029861,-0.010139,0.220000
121,720000000,0.983351,1.088434,-1.374143,0.220000,0.009426,0.220000,0.009937,0.220000,0.010095,0.220000,0.010095,0,0.045887,0.220000,0.212667,0.029937,-0.010063,0.220000
121,740000000,0.984210,1.084118,-1.373953,0.220000,0.009476,0.220000,0.010095,0.220000,0.010169,0.220000,0.010169,0,0.046223,0.220000,0.212667,0.030095,-0.009905,0.220000
121,780000000,0.985931,1.075488,-1.373569,0.220000,0.009596,0.220000,0.010169,0.220000,0.010325,0.220000,0.010325,0,0.046931,0.220000,0.212667,0.030169,-0.009831,0.220000
121,800000000,0.986792,1.071173,-1.373376,0.220000,0.009642,0.220000,0.010325,0.220000,0.010399,0.220000,0.010399,0,0.047267,0.220000,0.212667,0.030325,-0.009675,0.220000
121,840000000,0.988517,1.062544,-1.372988,0.220000,0.009792,0.220000,0.010399,0.220000,0.010551,0.220000,0.010551,0,0.047961,0.220000,0.212667,0.030399,-0.009601,0.220000
121,860000000,0.989381,1.058230,-1.372792,0.220000,0.009818,0.220000,0.010551,0.220000,0.010621,0.220000,0.010621,0,0.048278,0.220000,0.212667,0.030551,-0.009449,0.220000
121,900000000,0.991111,1.049601,-1.372396,0.220000,0.009934,0.220000,0.010621,0.220000,0.010769,0.220000,0.010769,0,0.048948,0.220000,0.212667,0.030621,-0.009379,0.220000
121,940000000,0.992844,1.040974,-1.371994,0.220000,0.010116,0.220000,0.010769,0.220000,0.010914,0.220000,0.010914,0,0.049608,0.220000,0.212667,0.030769,-0.009231,0.220000
121,960000000,0.993712,1.036660,-1.371792,0.220000,0.010099,0.220000,0.010914,0.220000,0.010990,0.220000,0.010990,0,0.049955,0.220000,0.212667,0.030914,-0.009086,0.220000
122,0,0.995450,1.028034,-1.371383,0.220000,0.010211,0.220000,0.010990,0.220000,0.011138,0.220000,0.011138,0,0.050629,0.220000,0.212667,0.030990,-0.009010,0.220000
122,20000000,0.996321,1.023721,-1.371177,0.220000,0.010307,0.220000,0.011138,0.220000,0.011211,0.220000,0.011211,0,0.050959,0.220000,0.212667,0.031138,-0.008862,0.220000
122,60000000,0.998064,1.015095,-1.370761,0.219999,0.010397,0.220000,0.011211,0.220000,0.011354,0.220000,0.011354,0,0.051610,0.220000,0.212667,0.031211,-0.008789,0.220000
122,80000000,0.998937,1.010783,-1.370552,0.219999,0.010448,0.220000,0.011354,0.220000,0.011425,0.220000,0.011425,0,0.051933,0.220000,0.212667,0.031354,-0.008646,0.220000
122,120000000,1.000686,1.002158,-1.370132,0.219999,0.010563,0.220000,0.011425,0.220000,0.011579,0.220000,0.011579,0,0.052630,0.220000,0.212667,0.031425,-0.008575,0.220000
122,140000000,1.001562,0.997846,-1.369921,0.220000,0.010548,0.220000,0.011579,0.220000,0.011658,0.220000,0.011658,0,0.052992,0.220000,0.212667,0.031579,-0.008421,0.220000
122,180000000,1.003316,0.989223,-1.369492,0.220000,0.010743,0.220000,0.011658,0.220000,0.011816,0.220000,0.011816,0,0.053708,0.220000,0.212667,0.031658,-0.008342,0.220000
122,200000000,1.004194,0.984911,-1.369276,0.220000,0.010794,0.220000,0.011816,0.220000,0.011894,0.220000,0.011894,0,0.054065,0.220000,0.212667,0.031816,-0.008184,0.220000
122,240000000,1.005953,0.976289,-1.368842,0.220000,0.010879,0.220000,0.011894,0.220000,0.012057,0.220000,0.012057,0,0.054806,0.220000,0.212667,0.031894,-0.008106,0.220000
122,260000000,1.006834,0.971978,-1.368622,0.220000,0.011008,0.220000,0.012057,0.220000,0.012134,0.220000,0.012134,0,0.055156,0.220000,0.212667,0.032057,-0.007943,0.220000
122,300000000,1.008599,0.963357,-1.368179,0.219999,0.011147,0.220000,0.012134,0.220000,0.012300,0.220000,0.012300,0,0.055911,0.220000,0.212667,0.032134,-0.007866,0.220000
122,340000000,1.010368,0.954736,-1.367731,0.219999,0.011270,0.220000,0.012300,0.220000,0.012467,0.220000,0.012467,0,0.056668,0.220000,0.212667,0.032300,-0.007700,0.220000
122,360000000,1.011256,0.950429,-1.367490,0.219923,0.012052,0.220000,0.012467,0.220000,0.012531,0.220000,0.012531,0,0.056961,0.220000,0.212667,0.032467,-0.007533,0.220000
122,400000000,1.013040,0.941811,-1.366946,0.220000,0.013681,0.220000,0.012531,0.220000,0.012556,0.220000,0.012556,0,0.057072,0.220000,0.212667,0.032531,-0.007469,0.220000
122,420000000,1.013933,0.937503,-1.366672,0.220000,0.013704,0.220000,0.012556,0.220000,0.012572,0.220000,0.012572,0,0.057144,0.220000,0.212667,0.032556,-0.007444,0.220000
122,460000000,1.015722,0.928891,-1.366154,0.219863,0.012556,0.220000,0.012572,0.220000,0.012643,0.220000,0.012643,0,0.057469,0.220000,0.212667,0.032572,-0.007428,0.220000
122,480000000,1.016617,0.924585,-1.365903,0.219862,0.012567,0.220000,0.012643,0.220000,0.012701,0.220000,0.012701,0,0.057730,0.220000,0.212667,0.032643,-0.007357,0.220000
122,520000000,1.018410,0.915974,-1.365407,0.219921,0.012191,0.220000,0.012701,0.220000,0.012835,0.220000,0.012835,0,0.058340,0.220000,0.212667,0.032701,-0.007299,0.220000
122,560000000,1.020202,0.907359,-1.364941,0.219999,0.011675,0.220000,0.012835,0.220000,0.013057,0.220000,0.013057,0,0.059348,0.220000,0.212667,0.032835,-0.007165,0.220000
122,580000000,1.021099,0.903051,-1.364705,0.219999,0.011773,0.220000,0.013057,0.220000,0.013173,0.220000,0.013173,0,0.059876,0.220000,0.212667,0.033057,-0.006943,0.220000
122,620000000,1.022897,0.894437,-1.364227,0.219999,0.012093,0.220000,0.013173,0.220000,0.013403,0.220000,0.013403,0,0.060923,0.220000,0.212667,0.033173,-0.006827,0.220000
122,640000000,1.023798,0.890130,-1.363986,0.219999,0.012083,0.220000,0.013403,0.220000,0.013524,0.220000,0.013524,0,0.061472,0.220000,0.212667,0.033403,-0.006597,0.220000
122,680000000,1.025605,0.881520,-1.363471,0.219886,0.013499,0.220000,0.013524,0.220000,0.013708,0.220000,0.013708,0,0.062310,0.220000,0.212667,0.033524,-0.006476,0.220000
122,700000000,1.026512,0.877217,-1.363197,0.219862,0.013714,0.220000,0.013708,0.220000,0.013780,0.220000,0.013780,0,0.062634,0.220000,0.212667,0.033708,-0.006292,0.220000
122,740000000,1.028330,0.868613,-1.362648,0.219845,0.013723,0.220000,0.013780,0.220000,0.013924,0.220000,0.013924,0,0.063292,0.220000,0.212667,0.033780,-0.006220,0.220000
122,760000000,1.029240,0.864312,-1.362373,0.219844,0.013780,0.220000,0.013924,0.220000,0.014016,0.220000,0.014016,0,0.063707,0.220000,0.212667,0.033924,-0.006076,0.220000
122,800000000,1.031060,0.855704,-1.361850,0.219999,0.012846,0.220000,0.014016,0.220000,0.014268,0.220000,0.014268,0,0.064854,0.220000,0.212667,0.034016,-0.005984,0.220000
122,820000000,1.031970,0.851399,-1.361593,0.219999,0.012835,0.220000,0.014268,0.220000,0.014420,0.220000,0.014420,0,0.065546,0.220000,0.212667,0.034268,-0.005732,0.220000
122,860000000,1.033795,0.842790,-1.361071,0.219999,0.013002,0.220000,0.014420,0.220000,0.014709,0.220000,0.014709,0,0.066858,0.220000,0.212667,0.034420,-0.005580,0.220000
122,880000000,1.034709,0.838486,-1.360808,0.219999,0.013150,0.220000,0.014709,0.220000,0.014870,0.220000,0.014870,0,0.067589,0.220000,0.212667,0.034709,-0.005291,0.220000
122,920000000,1.036540,0.829879,-1.360279,0.219999,0.013281,0.220000,0.014870,0.220000,0.015177,0.220000,0.015177,0,0.068986,0.220000,0.212667,0.034870,-0.005130,0.220000
122,940000000,1.037457,0.825576,-1.360006,0.219999,0.013631,0.220000,0.015177,0.220000,0.015343,0.220000,0.015343,0,0.069740,0.220000,0.212667,0.035177,-0.004823,0.220000
122,980000000,1.039295,0.816970,-1.359455,0.219999,0.013917,0.220000,0.015343,0.220000,0.015655,0.220000,0.015655,0,0.071159,0.220000,0.212667,0.035343,-0.004657,0.220000
123,0,1.040216,0.812667,-1.359177,0.219999,0.013907,0.220000,0.015655,0.220000,0.015841,0.220000,0.015841,0,0.072005,0.220000,0.212667,0.035655,-0.004345,0.220000
123,40000000,1.042061,0.804063,-1.358602,0.219999,0.014362,0.220000,0.015841,0.220000,0.016178,0.220000,0.016178,0,0.073536,0.220000,0.212667,0.035841,-0.004159,0.220000
123,60000000,1.042986,0.799761,-1.358313,0.219999,0.014462,0.220000,0.016178,0.220000,0.016372,0.220000,0.016372,0,0.074419,0.220000,0.212667,0.036178,-0.003822,0.220000
123,100000000,1.044838,0.791158,-1.357727,0.219999,0.014778,0.220000,0.016372,0.220000,0.016741,0.220000,0.016741,0,0.076097,0.220000,0.212667,0.036372,-0.003628,0.220000
123,140000000,1.046696,0.782557,-1.357125,0.219999,0.015056,0.220000,0.016741,0.220000,0.017134,0.220000,0.017134,0,0.077883,0.220000,0.212667,0.036741,-0.003259,0.220000
123,160000000,1.047626,0.778256,-1.356817,0.219999,0.015375,0.220000,0.017134,0.220000,0.017323,0.220000,0.017323,0,0.078741,0.220000,0.212667,0.037134,-0.002866,0.220000
123,200000000,1.049491,0.769656,-1.356195,0.219999,0.015756,0.220000,0.017323,0.220000,0.017732,0.220000,0.017732,0,0.080600,0.220000,0.212667,0.037323,-0.002677,0.220000
123,220000000,1.050426,0.765357,-1.355877,0.219999,0.015917,0.220000,0.017732,0.220000,0.017931,0.220000,0.017931,0,0.081504,0.220000,0.212667,0.037732,-0.002268,0.220000
123,260000000,1.052299,0.756758,-1.355228,0.219999,0.016298,0.220000,0.017931,0.220000,0.018351,0.220000,0.018351,0,0.083414,0.220000,0.212667,0.037931,-0.002069,0.220000
123,280000000,1.053238,0.752460,-1.354900,0.219999,0.016407,0.220000,0.018351,0.220000,0.018568,0.220000,0.018568,0,0.084399,0.220000,0.212667,0.038351,-0.001649,0.220000
123,320000000,1.055119,0.743863,-1.354224,0.219998,0.016896,0.220000,0.018568,0.220000,0.019029,0.220000,0.019029,0,0.086496,0.220000,0.212667,0.038568,-0.001432,0.220000
123,340000000,1.056063,0.739566,-1.353880,0.219979,0.017221,0.220000,0.019029,0.220000,0.019258,0.220000,0.019258,0,0.087536,0.220000,0.212667,0.039029,-0.000971,0.220000
123,380000000,1.057959,0.730979,-1.353138,0.219827,0.019018,0.220000,0.019258,0.220000,0.019644,0.220000,0.019644,0,0.089292,0.220000,0.212667,0.039258,-0.000742,0.220000
123,400000000,1.058907,0.726683,-1.352781,0.219981,0.017850,0.220000,0.019644,0.220000,0.019896,0.220000,0.019896,0,0.090438,0.220000,0.212667,0.039644,-0.000356,0.220000
123,440000000,1.060807,0.718090,-1.352061,0.219999,0.018071,0.220000,0.019896,0.220000,0.020411,0.220000,0.020411,0,0.092779,0.220000,0.212667,0.039896,-0.000104,0.220000
123,460000000,1.061759,0.713795,-1.351692,0.219999,0.018438,0.220000,0.020411,0.220000,0.020675,0.220000,0.020675,0,0.093977,0.220000,0.212667,0.040411,0.000411,0.220000
123,500000000,1.063668,0.705204,-1.350940,0.219998,0.018785,0.220000,0.020675,0.220000,0.021209,0.220000,0.021209,0,0.096406,0.220000,0.212667,0.040675,0.000675,0.220000
123,520000000,1.064624,0.700910,-1.350561,0.219998,0.018979,0.220000,0.021209,0.220000,0.021495,0.220000,0.021495,0,0.097702,0.220000,0.212667,0.041209,0.001209,0.220000
123,560000000,1.066543,0.692321,-1.349784,0.219998,0.019816,0.220000,0.021495,0.220000,0.022063,0.220000,0.022063,0,0.100288,0.220000,0.212667,0.041495,0.001495,0.220000
123,580000000,1.067504,0.688028,-1.349388,0.219998,0.019796,0.220000,0.022063,0.220000,0.022366,0.220000,0.022366,0,0.101664,0.220000,0.212667,0.042063,0.002063,0.220000
123,620000000,1.069436,0.679445,-1.348553,0.219861,0.021440,0.220000,0.022366,0.220000,0.022905,0.220000,0.022905,0,0.104114,0.220000,0.212667,0.042366,0.002366,0.220000
123,640000000,1.070410,0.675155,-1.348072,0.219955,0.024077,0.220000,0.022905,0.220000,0.023116,0.220000,0.023116,0,0.105072,0.220000,0.212667,0.042905,0.002905,0.220000
123,680000000,1.072368,0.666576,-1.347082,0.220001,0.024914,0.220000,0.023116,0.220000,0.023501,0.220000,0.023501,0,0.106823,0.220000,0.212667,0.043116,0.003116,0.220000
123,700000000,1.073346,0.662290,-1.346615,0.219778,0.023319,0.220000,0.023501,0.220000,0.023756,0.220000,0.023756,0,0.107981,0.220000,0.212667,0.043501,0.003501,0.220000
123,740000000,1.075309,0.653722,-1.345681,0.219751,0.023501,0.220000,0.023756,0.220000,0.024308,0.220000,0.024308,0,0.110492,0.220000,0.212667,0.043756,0.003756,0.220000
123,760000000,1.076293,0.649439,-1.345208,0.219752,0.023639,0.220000,0.024308,0.220000,0.024620,0.220000,0.024620,0,0.111907,0.220000,0.212667,0.044308,0.004308,0.220000
123,800000000,1.078259,0.640864,-1.344295,0.219998,0.022385,0.220000,0.024620,0.220000,0.025357,0.220000,0.025357,0,0.115259,0.220000,0.212667,0.044620,0.004620,0.220000
123,820000000,1.079244,0.636575,-1.343843,0.219998,0.022613,0.220000,0.025357,0.220000,0.025781,0.220000,0.025781,0,0.117185,0.220000,0.212667,0.045357,0.005357,0.220000
123,860000000,1.081219,0.628000,-1.342935,0.219998,0.022749,0.220000,0.025781,0.220000,0.026611,0.220000,0.026611,0,0.120958,0.220000,0.212667,0.045781,0.005781,0.220000
123,900000000,1.083202,0.619426,-1.341985,0.219998,0.023749,0.220000,0.026611,0.220000,0.027508,0.220000,0.027508,0,0.125036,0.220000,0.212667,0.046611,0.006611,0.220000
123,920000000,1.084196,0.615140,-1.341493,0.219997,0.024555,0.220000,0.027508,0.220000,0.027928,0.220000,0.027928,0,0.126945,0.220000,0.212667,0.047508,0.007508,0.220000
123,960000000,1.086202,0.606582,-1.340413,0.219719,0.027797,0.220000,0.027928,0.220000,0.028681,0.220000,0.028681,0,0.130366,0.220000,0.212667,0.047928,0.007928,0.220000
123,980000000,1.087209,0.602305,-1.339855,0.219715,0.027929,0.220000,0.028681,0.220000,0.029034,0.220000,0.029034,0,0.131972,0.220000,0.212667,0.048681,0.008681,0.220000
124,20000000,1.089231,0.593752,-1.338717,0.219720,0.028588,0.220000,0.029034,0.220000,0.029862,0.220000,0.029862,0,0.135738,0.220000,0.212667,0.049034,0.009034,0.220000
124,40000000,1.090241,0.589471,-1.338173,0.219917,0.027188,0.220000,0.029862,0.220000,0.030356,0.220000,0.030356,0,0.137981,0.220000,0.212667,0.049862,0.009862,0.220000
124,80000000,1.092264,0.580907,-1.337069,0.219997,0.027583,0.220000,0.030356,0.220000,0.031436,0.220000,0.031436,0,0.142892,0.220000,0.212667,0.050356,0.010356,0.220000
124,100000000,1.093279,0.576626,-1.336508,0.219997,0.028045,0.220000,0.031436,0.220000,0.031969,0.220000,0.031969,0,0.145312,0.220000,0.212667,0.051436,0.011436,0.220000
124,140000000,1.095316,0.568065,-1.335369,0.219997,0.028954,0.220000,0.031969,0.220000,0.033140,0.220000,0.033140,0,0.150635,0.220000,0.212667,0.051969,0.011969,0.220000
124,160000000,1.096339,0.563785,-1.334778,0.219997,0.029565,0.220000,0.033140,0.220000,0.033715,0.220000,0.033715,0,0.153252,0.220000,0.212667,0.053140,0.013140,0.220000
124,200000000,1.098391,0.555228,-1.333562,0.219997,0.030668,0.220000,0.033715,0.220000,0.034948,0.220000,0.034948,0,0.158854,0.220000,0.212667,0.053715,0.013715,0.220000
124,220000000,1.099420,0.550950,-1.332935,0.219997,0.031356,0.220000,0.034948,0.220000,0.035567,0.220000,0.035567,0,0.161669,0.220000,0.212667,0.054948,0.014948,0.220000
124,260000000,1.101488,0.542397,-1.331639,0.219996,0.032364,0.220000,0.035567,0.220000,0.036871,0.220000,0.036871,0,0.167594,0.220000,0.212667,0.055567,0.015567,0.220000
124,300000000,1.103566,0.533846,-1.330322,0.219996,0.032906,0.220000,0.036871,0.220000,0.038288,0.220000,0.038288,0,0.174038,0.220000,0.212667,0.056871,0.016871,0.220000
124,320000000,1.104610,0.529572,-1.329632,0.219996,0.034501,0.220000,0.038288,0.220000,0.038975,0.220000,0.038975,0,0.177158,0.220000,0.212667,0.058288,0.018288,0.220000
124,360000000,1.106705,0.521025,-1.328209,0.219996,0.035636,0.220000,0.038975,0.220000,0.040466,0.220000,0.040466,0,0.183939,0.220000,0.212667,0.058975,0.018975,0.220000
124,380000000,1.107757,0.516753,-1.327486,0.219996,0.036141,0.220000,0.040466,0.220000,0.041214,0.220000,0.041214,0,0.187338,0.220000,0.212667,0.060466,0.020466,0.220000
124,420000000,1.109871,0.508210,-1.326010,0.219995,0.037543,0.220000,0.041214,0.220000,0.042874,0.220000,0.042874,0,0.194882,0.220000,0.212667,0.061214,0.021214,0.220000
124,440000000,1.110932,0.503940,-1.325260,0.219995,0.037498,0.220000,0.042874,0.220000,0.043702,0.220000,0.043702,0,0.198644,0.220000,0.212667,0.062874,0.022874,0.220000
124,480000000,1.113064,0.495403,-1.323667,0.219995,0.039805,0.220000,0.043702,0.220000,0.045467,0.220000,0.045467,0,0.206667,0.220000,0.212667,0.063702,0.023702,0.220000
124,500000000,1.114135,0.491135,-1.322862,0.219995,0.040251,0.220000,0.045467,0.220000,0.046348,0.220000,0.046348,0,0.210671,0.220000,0.212667,0.065467,0.025467,0.220000
124,540000000,1.116288,0.482603,-1.321231,0.219994,0.041010,0.220000,0.046348,0.220000,0.048351,0.220000,0.048351,0,0.219780,0.220000,0.212667,0.066348,0.026348,0.220000
124,560000000,1.117369,0.478338,-1.320370,0.219994,0.043074,0.220000,0.048351,0.220000,0.049297,0.220000,0.049297,0,0.224079,0.220000,0.212667,0.068351,0.028351,0.220000
124,600000000,1.119542,0.469811,-1.318606,0.219994,0.044966,0.220000,0.049297,0.220000,0.051446,0.220000,0.051446,0,0.233844,0.220000,0.212667,0.069297,0.029297,0.220000
124,640000000,1.121730,0.461287,-1.316768,0.219993,0.047012,0.220000,0.051446,0.220000,0.053693,0.220000,0.053693,0,0.244061,0.220000,0.212667,0.071446,0.031446,0.220000
124,660000000,1.122830,0.457027,-1.315810,0.219993,0.047874,0.220000,0.053693,0.220000,0.054889,0.220000,0.054889,0,0.249495,0.220000,0.212667,0.073693,0.033693,0.220000
124,700000000,1.125042,0.448510,-1.313841,0.219993,0.049988,0.220000,0.054889,0.220000,0.057386,0.220000,0.057386,0,0.260847,0.220000,0.212667,0.074889,0.034889,0.220000
124,720000000,1.126153,0.444253,-1.312827,0.219992,0.050659,0.220000,0.057386,0.220000,0.058706,0.220000,0.058706,0,0.266847,0.220000,0.212667,0.077386,0.037386,0.220000
124,760000000,1.128390,0.435742,-1.310687,0.219992,0.053461,0.220000,0.058706,0.220000,0.061414,0.220000,0.061414,0,0.279152,0.220000,0.212667,0.078706,0.038706,0.220000
124,780000000,1.129515,0.431488,-1.309599,0.219991,0.054443,0.220000,0.061414,0.220000,0.062853,0.220000,0.062853,0,0.285693,0.220000,0.212667,0.081414,0.041414,0.220000
124,820000000,1.131779,0.422985,-1.307357,0.219990,0.057456,0.220000,0.062853,0.220000,0.065957,0.220000,0.065957,0,0.299805,0.220000,0.212667,0.082853,0.042853,0.220000
124,840000000,1.132917,0.418735,-1.306185,0.219990,0.058615,0.220000,0.065957,0.220000,0.067571,0.220000,0.067571,0,0.307140,0.220000,0.212667,0.085957,0.045957,0.220000
124,880000000,1.135211,0.410241,-1.303755,0.219931,0.062008,0.220000,0.067571,0.220000,0.071029,0.220000,0.071029,0,0.322860,0.220000,0.212667,0.087571,0.047571,0.220000
124,900000000,1.136378,0.406010,-1.302413,0.219449,0.067129,0.220000,0.071029,0.220000,0.072415,0.220000,0.072415,0,0.329161,0.220000,0.212667,0.091029,0.051029,0.220000
124,940000000,1.138730,0.397554,-1.299562,0.219395,0.071030,0.220000,0.072415,0.220000,0.075829,0.220000,0.075829,0,0.344675,0.220000,0.212667,0.092415,0.052415,0.220000
124,960000000,1.139915,0.393329,-1.298119,0.219384,0.072139,0.220000,0.075829,0.220000,0.077688,0.220000,0.077688,0,0.353126,0.220000,0.212667,0.095829,0.055829,0.220000
125,0,1.142303,0.384886,-1.295149,0.219360,0.076103,0.220000,0.077688,0.220000,0.081818,0.220000,0.081818,0,0.371899,0.220000,0.212667,0.097688,0.057688,0.220000
125,20000000,1.143506,0.380666,-1.293603,0.219395,0.077298,0.220000,0.081818,0.220000,0.084040,0.220000,0.084040,0,0.382000,0.220000,0.212667,0.101818,0.061818,0.220000
125,60000000,1.145909,0.372206,-1.290535,0.219984,0.076479,0.220000,0.084040,0.220000,0.089793,0.220000,0.089793,0,0.408150,0.220000,0.212667,0.104040,0.064040,0.220000
125,100000000,1.148332,0.363747,-1.287292,0.219983,0.084211,0.220000,0.089793,0.220000,0.095608,0.220000,0.095608,0,0.434581,0.220000,0.212667,0.109793,0.069793,0.220000
125,120000000,1.149554,0.359520,-1.285610,0.219982,0.084070,0.220000,0.095608,0.220000,0.098958,0.220000,0.098958,0,0.449811,0.220000,0.212667,0.115608,0.075608,0.220000
125,160000000,1.152018,0.351073,-1.282047,0.219980,0.089600,0.220000,0.098958,0.220000,0.105961,0.220000,0.105961,0,0.481641,0.220000,0.212667,0.118958,0.078958,0.220000
125,180000000,1.153261,0.346852,-1.280231,0.219979,0.090792,0.220000,0.105961,0.220000,0.110037,0.220000,0.110037,0,0.500168,0.220000,0.212667,0.125961,0.085961,0.220000
125,220000000,1.155786,0.338439,-1.276343,0.219272,0.101604,0.220000,0.110037,0.220000,0.117628,0.220000,0.117628,0,0.534674,0.220000,0.212667,0.130037,0.090037,0.220000
125,240000000,1.157072,0.334248,-1.274142,0.219169,0.110038,0.220000,0.117628,0.220000,0.122172,0.220000,0.122172,0,0.555325,0.220000,0.212667,0.137628,0.097628,0.220000
125,280000000,1.159671,0.325876,-1.269611,0.219172,0.116504,0.220000,0.122172,0.220000,0.132636,0.220000,0.132636,0,0.602889,0.220000,0.212667,0.142172,0.102172,0.220000
125,300000000,1.160978,0.321687,-1.267312,0.219426,0.114974,0.220000,0.132636,0.220000,0.139412,0.220000,0.139412,0,0.633691,0.220000,0.212667,0.152636,0.112636,0.220000
125,340000000,1.163597,0.313288,-1.262352,0.219968,0.125029,0.220000,0.139412,0.220000,0.155881,0.220000,0.155881,0,0.708551,0.220000,0.212667,0.159412,0.119412,0.220000
125,380000000,1.166254,0.304900,-1.257135,0.219964,0.131324,0.220000,0.155881,0.220000,0.175559,0.220000,0.175559,0,0.797993,0.220000,0.212667,0.175881,0.135881,0.220000
125,400000000,1.167599,0.300712,-1.254364,0.219962,0.138588,0.220000,0.175559,0.220000,0.187725,0.220000,0.187725,0,0.853297,0.220000,0.212667,0.195559,0.155559,0.220000
125,440000000,1.170323,0.292346,-1.248138,0.219956,0.155475,0.220000,0.187725,0.212667,0.207725,0.212667,0.207725,0,1.004506,0.220000,0.212667,0.207725,0.167725,0.220000
125,460000000,1.171705,0.288169,-1.244616,0.219953,0.176130,0.212667,0.207725,0.205333,0.227725,0.205333,0.227725,0,1.115868,0.220000,0.205333,0.227725,0.187725,0.220000
125,500000000,1.174439,0.280047,-1.237062,0.208560,0.199609,0.205333,0.227725,0.212667,0.207725,0.212667,0.207725,0,0.933126,0.212667,0.198000,0.247725,0.207725,0.220000
125,520000000,1.175769,0.276163,-1.233004,0.205277,0.202913,0.212667,0.207725,0.220000,0.201024,0.220000,0.201024,0,0.913746,0.220000,0.205333,0.227725,0.187725,0.220000
125,560000000,1.178547,0.268228,-1.224999,0.212553,0.197048,0.220000,0.201024,0.212667,0.221024,0.212667,0.221024,0,5.994485,0.220000,0.212667,0.221024,0.181024,0.220000
125,580000000,1.179971,0.264221,-1.221073,0.212593,0.196326,0.212667,0.221024,0.205333,0.241024,0.205333,0.241024,0,6.028153,0.220000,0.205333,0.241024,0.201024,0.220000
125,620000000,1.182866,0.256225,-1.212712,0.212582,0.208832,0.205333,0.241024,0.198000,0.261024,0.198000,0.261024,0,6.083905,0.212667,0.198000,0.261024,0.221024,0.220000
125,660000000,1.185749,0.248469,-1.203689,0.205240,0.228426,0.198000,0.261024,0.190667,0.281024,0.190667,0.281024,0,6.209536,0.205333,0.190667,0.281024,0.241024,0.220000
125,680000000,1.187152,0.244762,-1.198856,0.198189,0.241645,0.190667,0.281024,0.183333,0.301024,0.183333,0.301024,0,6.253166,0.198000,0.183333,0.301024,0.261024,0.220000
125,720000000,1.189901,0.237663,-1.188652,0.190026,0.256774,0.183333,0.301024,0.190667,0.314083,0.190667,0.314083,0,1.647287,0.190667,0.176000,0.321024,0.281024,0.220000
125,740000000,1.191249,0.234255,-1.183085,0.183282,0.278340,0.190667,0.314083,0.198000,0.294083,0.198000,0.294083,0,1.210369,0.198000,0.183333,0.334083,0.294083,0.220000
125,780000000,1.194080,0.227284,-1.171899,0.192962,0.281888,0.198000,0.294083,0.190667,0.314083,0.190667,0.314083,0,6.474379,0.205333,0.190667,0.314083,0.274083,0.220000
125,800000000,1.195593,0.223627,-1.166333,0.197848,0.278301,0.190667,0.314083,0.183333,0.334083,0.183333,0.334083,0,6.477469,0.198000,0.183333,0.334083,0.294083,0.220000
125,840000000,1.198594,0.216551,-1.154527,0.190500,0.297855,0.183333,0.334083,0.176000,0.354083,0.176000,0.354083,0,6.610667,0.190667,0.176000,0.354083,0.314083,0.220000
125,860000000,1.200094,0.213102,-1.148420,0.188053,0.305346,0.176000,0.354083,0.168667,0.374083,0.168667,0.374083,0,6.662985,0.183333,0.168667,0.374083,0.334083,0.220000
125,900000000,1.202956,0.206679,-1.135372,0.175336,0.326682,0.168667,0.374083,0.161333,0.394083,0.161333,0.394083,0,6.636693,0.176000,0.161333,0.394083,0.354083,0.220000
125,940000000,1.205777,0.200551,-1.121433,0.168458,0.346999,0.161333,0.394083,0.154000,0.414083,0.154000,0.414083,0,6.499139,0.168667,0.154000,0.414083,0.374083,0.220000
125,960000000,1.207138,0.197682,-1.114063,0.158757,0.368508,0.154000,0.414083,0.161333,0.394083,0.161333,0.394083,0,1.179355,0.161333,0.146667,0.434083,0.394083,0.220000
126,0,1.209844,0.192121,-1.099073,0.155393,0.377175,0.161333,0.394083,0.168667,0.374083,0.168667,0.374083,0,1.214579,0.168667,0.154000,0.414083,0.374083,0.220000
126,20000000,1.211280,0.189240,-1.091556,0.160975,0.375890,0.168667,0.374083,0.161333,0.394083,0.161333,0.394083,0,6.490317,0.176000,0.161333,0.394083,0.354083,0.220000
126,60000000,1.214299,0.183367,-1.076972,0.168067,0.355332,0.161333,0.394083,0.154000,0.414083,0.154000,0.414083,0,7.082676,0.168667,0.154000,0.414083,0.374083,0.220000
126,80000000,1.215862,0.180385,-1.069919,0.168339,0.352632,0.154000,0.414083,0.146667,0.434083,0.146667,0.434083,0,7.151676,0.161333,0.146667,0.434083,0.394083,0.220000
126,120000000,1.218808,0.174909,-1.054821,0.153668,0.378478,0.146667,0.434083,0.139333,0.454083,0.139333,0.454083,0,6.784468,0.154000,0.139333,0.454083,0.414083,0.220000
126,160000000,1.221708,0.169710,-1.038916,0.146314,0.403363,0.139333,0.454083,0.132000,0.474083,0.132000,0.474083,0,6.139330,0.146667,0.132000,0.474083,0.434083,0.220000
126,180000000,1.223124,0.167238,-1.030641,0.142458,0.413773,0.132000,0.474083,0.124667,0.494083,0.124667,0.494083,0,5.107568,0.139333,0.124667,0.494083,0.454083,0.220000
126,200000000,1.224449,0.164962,-1.022054,0.131644,0.429325,0.124667,0.494083,0.132000,0.474083,0.132000,0.474083,0,0.379246,0.132000,0.117333,0.514083,0.474083,0.220000
126,240000000,1.227075,0.160588,-1.004218,0.124361,0.454708,0.132000,0.474083,0.124667,0.454083,0.124667,0.454083,0,-0.199910,0.139333,0.124667,0.494083,0.454083,0.220000
126,280000000,1.229701,0.156368,-0.986405,0.124239,0.437030,0.124667,0.454083,0.132000,0.434083,0.132000,0.434083,0,-0.059860,0.132000,0.117333,0.474083,0.434083,0.220000
126,300000000,1.231039,0.154274,-0.977755,0.124216,0.432481,0.132000,0.434083,0.139333,0.414083,0.139333,0.414083,0,0.084788,0.139333,0.124667,0.454083,0.414083,0.220000
126,320000000,1.232454,0.152117,-0.969361,0.128975,0.419711,0.139333,0.414083,0.146667,0.394083,0.146667,0.394083,0,1.577603,0.146667,0.132000,0.434083,0.394083,0.220000
126,360000000,1.235482,0.147630,-0.953120,0.139134,0.401910,0.146667,0.394083,0.139333,0.414083,0.139333,0.414083,0,7.377043,0.154000,0.139333,0.414083,0.374083,0.220000
126,400000000,1.238796,0.142840,-0.937767,0.145164,0.386047,0.139333,0.414083,0.132000,0.434083,0.132000,0.434083,0,7.850366,0.146667,0.132000,0.434083,0.394083,0.220000
126,420000000,1.240400,0.140573,-0.930010,0.138809,0.387837,0.132000,0.434083,0.124667,0.454083,0.124667,0.454083,0,7.792339,0.139333,0.124667,0.454083,0.414083,0.220000
126,460000000,1.243533,0.136258,-0.913991,0.127879,0.414046,0.124667,0.454083,0.117333,0.474083,0.117333,0.474083,0,7.281844,0.132000,0.117333,0.474083,0.434083,0.220000
126,480000000,1.245012,0.134265,-0.905712,0.124060,0.413987,0.117333,0.474083,0.110000,0.494083,0.110000,0.494083,0,6.926637,0.124667,0.110000,0.494083,0.454083,0.220000
126,520000000,1.247906,0.130472,-0.888362,0.116720,0.439604,0.110000,0.494083,0.102667,0.514083,0.102667,0.514083,0,5.560583,0.117333,0.102667,0.514083,0.474083,0.220000
126,540000000,1.249303,0.128693,-0.879325,0.113041,0.451831,0.102667,0.514083,0.110000,0.494083,0.110000,0.494083,0,4.009211,0.110000,0.095333,0.534083,0.494083,0.220000
126,580000000,1.251859,0.125508,-0.860663,0.102059,0.466301,0.110000,0.494083,0.102667,0.474083,0.102667,0.474083,0,-1.192678,0.117333,0.102667,0.514083,0.474083,0.220000
126,620000000,1.254648,0.122164,-0.841877,0.109295,0.468674,0.102667,0.474083,0.097568,0.494083,0.097568,0.494083,0,5.064006,0.110000,0.095333,0.494083,0.454083,0.220000
126,640000000,1.256020,0.120581,-0.832297,0.104692,0.478994,0.097568,0.494083,0.104901,0.474083,0.104901,0.474083,0,2.233594,0.104901,0.090234,0.514083,0.474083,0.220000
126,680000000,1.258631,0.117627,-0.813540,0.099569,0.463321,0.104901,0.474083,0.112234,0.454083,0.112234,0.454083,0,-0.035548,0.112234,0.097568,0.494083,0.454083,0.220000
126,700000000,1.260027,0.116080,-0.804580,0.104123,0.448002,0.112234,0.454083,0.104901,0.474083,0.104901,0.474083,0,4.955737,0.119568,0.104901,0.474083,0.434083,0.220000
126,740000000,1.262958,0.112924,-0.787087,0.111159,0.427008,0.104901,0.474083,0.097568,0.494083,0.097568,0.494083,0,7.840799,0.112234,0.097568,0.494083,0.454083,0.220000
126,760000000,1.264492,0.111309,-0.778587,0.111332,0.425020,0.097568,0.494083,0.090234,0.514083,0.090234,0.514083,0,8.074578,0.104901,0.090234,0.514083,0.474083,0.220000
126,800000000,1.267231,0.108507,-0.760411,0.096739,0.453112,0.090234,0.514083,0.097568,0.494083,0.097568,0.494083,0,4.402590,0.097568,0.082901,0.534083,0.494083,0.220000
126,820000000,1.268560,0.107185,-0.751054,0.093719,0.467861,0.097568,0.494083,0.104901,0.474083,0.104901,0.474083,0,2.832130,0.104901,0.090234,0.514083,0.474083,0.220000
126,860000000,1.271209,0.104630,-0.732168,0.094511,0.469059,0.104901,0.474083,0.097568,0.494083,0.097568,0.494083,0,5.181715,0.112234,0.097568,0.494083,0.454083,0.220000
126,880000000,1.272718,0.103201,-0.723261,0.103897,0.445367,0.097568,0.494083,0.090234,0.514083,0.090234,0.514083,0,8.231525,0.104901,0.090234,0.514083,0.474083,0.220000
126,920000000,1.275679,0.100474,-0.704964,0.097277,0.469803,0.090234,0.514083,0.082901,0.534083,0.082901,0.534083,0,7.598375,0.097568,0.082901,0.534083,0.494083,0.220000
126,960000000,1.278385,0.098070,-0.686068,0.084332,0.479252,0.082901,0.534083,0.090234,0.514083,0.090234,0.514083,0,1.613002,0.090234,0.075568,0.554083,0.514083,0.220000
126,980000000,1.279625,0.096996,-0.676568,0.081999,0.475032,0.090234,0.514083,0.082901,0.494083,0.082901,0.494083,0,-0.139964,0.097568,0.082901,0.534083,0.494083,0.220000
127,20000000,1.282300,0.094746,-0.657634,0.089198,0.472074,0.082901,0.494083,0.075568,0.514083,0.075568,0.514083,0,6.949514,0.090234,0.075568,0.514083,0.474083,0.220000
127,40000000,1.283666,0.093630,-0.648143,0.088144,0.474565,0.075568,0.514083,0.076519,0.534083,0.076519,0.534083,0,6.979760,0.082901,0.068234,0.534083,0.494083,0.220000
127,80000000,1.286009,0.091765,-0.629066,0.074628,0.475665,0.076519,0.534083,0.069185,0.514083,0.069185,0.514083,0,-3.555469,0.083852,0.069185,0.554083,0.514083,0.220000
127,100000000,1.287200,0.090842,-0.619564,0.075259,0.475104,0.069185,0.514083,0.061852,0.494083,0.061852,0.494083,0,-1.446384,0.076519,0.061852,0.534083,0.494083,0.220000
127,140000000,1.289506,0.089116,-0.600411,0.068450,0.482987,0.061852,0.494083,0.054519,0.474083,0.054519,0.474083,0,-1.870292,0.069185,0.054519,0.514083,0.474083,0.220000
127,160000000,1.290495,0.088394,-0.590926,0.061205,0.474228,0.054519,0.474083,0.047185,0.454083,0.047185,0.454083,0,-0.631924,0.061852,0.047185,0.494083,0.454083,0.220000
127,180000000,1.291419,0.087740,-0.581594,0.056583,0.466595,0.047185,0.454083,0.054519,0.434083,0.054519,0.434083,0,0.245696,0.054519,0.039852,0.474083,0.434083,0.220000
127,220000000,1.293182,0.086508,-0.563746,0.053703,0.437393,0.054519,0.434083,0.061852,0.414083,0.061852,0.414083,0,1.909500,0.061852,0.047185,0.454083,0.414083,0.220000
127,240000000,1.294070,0.085904,-0.555156,0.053677,0.429507,0.061852,0.414083,0.069185,0.394083,0.069185,0.394083,0,2.609870,0.069185,0.054519,0.434083,0.394083,0.220000
127,280000000,1.296015,0.084619,-0.538688,0.060854,0.401374,0.069185,0.394083,0.076519,0.374083,0.076519,0.374083,0,3.798524,0.076519,0.061852,0.414083,0.374083,0.220000
127,300000000,1.297081,0.083940,-0.530719,0.063166,0.398468,0.076519,0.374083,0.083852,0.370558,0.083852,0.370558,0,4.419185,0.083852,0.069185,0.394083,0.354083,0.220000
127,340000000,1.299642,0.082333,-0.515924,0.075788,0.368551,0.083852,0.370558,0.076519,0.390558,0.076519,0.390558,0,6.817585,0.091185,0.076519,0.390558,0.350558,0.220000
127,380000000,1.302458,0.080615,-0.502219,0.082422,0.342418,0.076519,0.390558,0.069185,0.410558,0.069185,0.410558,0,9.154810,0.083852,0.069185,0.410558,0.370558,0.220000
127,400000000,1.303720,0.079868,-0.494840,0.073271,0.368975,0.069185,0.410558,0.061852,0.430558,0.061852,0.430558,0,7.199774,0.076519,0.061852,0.430558,0.390558,0.220000
127,440000000,1.306047,0.078517,-0.479697,0.066435,0.384384,0.061852,0.430558,0.057214,0.450558,0.057214,0.450558,0,7.875019,0.069185,0.054519,0.450558,0.410558,0.220000
127,460000000,1.307105,0.077918,-0.471694,0.060747,0.400190,0.057214,0.450558,0.057877,0.470558,0.057877,0.470558,0,8.130376,0.064547,0.049880,0.470558,0.430558,0.220000
127,500000000,1.309140,0.076795,-0.455037,0.056156,0.426607,0.057877,0.470558,0.057382,0.490558,0.057382,0.490558,0,8.548964,0.065210,0.050543,0.490558,0.450558,0.220000
127,520000000,1.310131,0.076265,-0.446509,0.056136,0.426386,0.057382,0.490558,0.058517,0.510558,0.058517,0.510558,0,8.724881,0.064715,0.050049,0.510558,0.470558,0.220000
127,560000000,1.312129,0.075227,-0.428569,0.056258,0.450872,0.058517,0.510558,0.058560,0.530558,0.058560,0.530558,0,9.060029,0.065851,0.051184,0.530558,0.490558,0.220000
127,580000000,1.313149,0.074714,-0.419213,0.057013,0.467808,0.058560,0.530558,0.059771,0.550558,0.059771,0.550558,0,9.211199,0.065894,0.051227,0.550558,0.510558,0.220000
127,620000000,1.315226,0.073705,-0.400217,0.058034,0.474909,0.059771,0.550558,0.060127,0.570558,0.060127,0.570558,0,9.489164,0.067104,0.052437,0.570558,0.530558,0.220000
127,640000000,1.316286,0.073207,-0.390720,0.058500,0.474813,0.060127,0.570558,0.061388,0.590558,0.061388,0.590558,0,9.620134,0.067461,0.052794,0.590558,0.550558,0.220000
127,680000000,1.318427,0.072239,-0.371746,0.058799,0.474179,0.061388,0.590558,0.060823,0.600000,0.060823,0.600000,0,9.864722,0.068721,0.054054,0.600000,0.570558,0.220000
127,700000000,1.319506,0.071769,-0.362268,0.058843,0.473904,0.060823,0.600000,0.060094,0.600000,0.060094,0.600000,0,9.984403,0.068156,0.053489,0.600000,0.580000,0.220000
127,740000000,1.321700,0.070848,-0.343337,0.059405,0.473167,0.060094,0.600000,0.058763,0.600000,0.058763,0.600000,0,10.210565,0.067427,0.052760,0.600000,0.580000,0.220000
127,760000000,1.322794,0.070407,-0.333874,0.058883,0.473159,0.058763,0.600000,0.058179,0.600000,0.058179,0.600000,0,10.312996,0.066096,0.051429,0.600000,0.580000,0.220000
127,800000000,1.324965,0.069567,-0.314931,0.057643,0.474110,0.058179,0.600000,0.057159,0.600000,0.057159,0.600000,0,10.497036,0.065512,0.050846,0.600000,0.580000,0.220000
127,840000000,1.327094,0.068786,-0.295992,0.056532,0.473466,0.057159,0.600000,0.056325,0.600000,0.056325,0.600000,0,10.652553,0.064492,0.049826,0.600000,0.580000,0.220000
127,860000000,1.328146,0.068417,-0.286523,0.055686,0.473484,0.056325,0.600000,0.055963,0.600000,0.055963,0.600000,0,10.721415,0.063658,0.048991,0.600000,0.580000,0.220000
127,900000000,1.330242,0.067714,-0.267583,0.054745,0.473713,0.055963,0.600000,0.055272,0.600000,0.055272,0.600000,0,10.855374,0.063296,0.048629,0.600000,0.580000,0.220000
127,920000000,1.331280,0.067382,-0.258115,0.054450,0.473406,0.055272,0.600000,0.054971,0.600000,0.054971,0.600000,0,10.914912,0.062605,0.047939,0.600000,0.580000,0.220000
127,960000000,1.333346,0.066752,-0.239182,0.053731,0.473320,0.054971,0.600000,0.054436,0.600000,0.054436,0.600000,0,11.022035,0.062304,0.047637,0.600000,0.580000,0.220000
127,980000000,1.334375,0.066454,-0.229716,0.053473,0.473290,0.054436,0.600000,0.054200,0.600000,0.054200,0.600000,0,11.070096,0.061770,0.047103,0.600000,0.580000,0.220000
128,20000000,1.336416,0.065893,-0.210788,0.052848,0.473120,0.054200,0.600000,0.053787,0.600000,0.053787,0.600000,0,11.155074,0.061533,0.046867,0.600000,0.580000,0.220000
128,40000000,1.337435,0.065628,-0.201327,0.052618,0.473030,0.053787,0.600000,0.053602,0.600000,0.053602,0.600000,0,11.193556,0.061121,0.046454,0.600000,0.580000,0.220000
128,80000000,1.339471,0.065128,-0.182412,0.052085,0.472891,0.053602,0.600000,0.053273,0.600000,0.053273,0.600000,0,11.262686,0.060936,0.046269,0.600000,0.580000,0.220000
128,100000000,1.340484,0.064894,-0.172957,0.051946,0.472762,0.053273,0.600000,0.053127,0.600000,0.053127,0.600000,0,11.293599,0.060607,0.045940,0.600000,0.580000,0.220000
128,140000000,1.342508,0.064457,-0.154053,0.051581,0.472551,0.053127,0.600000,0.052849,0.600000,0.052849,0.600000,0,11.353174,0.060461,0.045794,0.600000,0.580000,0.220000
128,160000000,1.343517,0.064254,-0.144605,0.051435,0.472434,0.052849,0.600000,0.052726,0.600000,0.052726,0.600000,0,11.379596,0.060182,0.045515,0.600000,0.580000,0.220000
128,200000000,1.345529,0.063877,-0.125712,0.051102,0.472221,0.052726,0.600000,0.052514,0.600000,0.052514,0.600000,0,11.425618,0.060059,0.045393,0.600000,0.580000,0.220000
128,220000000,1.346535,0.063703,-0.116270,0.050972,0.472101,0.052514,0.600000,0.052420,0.600000,0.052420,0.600000,0,11.445932,0.059847,0.045180,0.600000,0.580000,0.220000
128,260000000,1.348545,0.063384,-0.097394,0.050679,0.471882,0.052420,0.600000,0.052259,0.600000,0.052259,0.600000,0,11.481268,0.059754,0.045087,0.600000,0.580000,0.220000
128,280000000,1.349548,0.063240,-0.087959,0.050598,0.471742,0.052259,0.600000,0.052191,0.600000,0.052191,0.600000,0,11.496245,0.059592,0.044926,0.600000,0.580000,0.220000
128,320000000,1.351551,0.062979,-0.069097,0.050398,0.471485,0.052191,0.600000,0.052077,0.600000,0.052077,0.600000,0,11.521301,0.059524,0.044858,0.600000,0.580000,0.220000
128,340000000,1.352552,0.062863,-0.059670,0.050336,0.471340,0.052077,0.600000,0.052031,0.600000,0.052031,0.600000,0,11.531671,0.059411,0.044744,0.600000,0.580000,0.220000
128,380000000,1.354554,0.062658,-0.040825,0.050189,0.471065,0.052031,0.600000,0.051956,0.600000,0.051956,0.600000,0,11.548231,0.059364,0.044697,0.600000,0.580000,0.220000
128,420000000,1.356553,0.062492,-0.021991,0.050068,0.470783,0.051956,0.600000,0.051891,0.600000,0.051891,0.600000,0,11.562744,0.059289,0.044623,0.600000,0.580000,0.220000
128,440000000,1.357552,0.062423,-0.012577,0.049989,0.470658,0.051891,0.600000,0.051867,0.600000,0.051867,0.600000,0,11.568102,0.059224,0.044557,0.600000,0.580000,0.220000
128,480000000,1.359548,0.062312,0.006240,0.049872,0.470384,0.051867,0.600000,0.051836,0.600000,0.051836,0.600000,0,11.575059,0.059200,0.044533,0.600000,0.580000,0.220000
128,500000000,1.360545,0.062271,0.015645,0.049825,0.470246,0.051836,0.600000,0.051828,0.600000,0.051828,0.600000,0,11.576669,0.059169,0.044502,0.600000,0.580000,0.220000
128,540000000,1.362538,0.062217,0.034447,0.049753,0.469956,0.051828,0.600000,0.051829,0.600000,0.051829,0.600000,0,11.576431,0.059162,0.044495,0.600000,0.580000,0.220000
128,560000000,1.363534,0.062203,0.043843,0.049731,0.469808,0.051829,0.600000,0.051837,0.600000,0.051837,0.600000,0,11.574663,0.059163,0.044496,0.600000,0.580000,0.220000
128,600000000,1.365524,0.062204,0.062626,0.049685,0.469513,0.051837,0.600000,0.051868,0.600000,0.051868,0.600000,0,11.567918,0.059171,0.044504,0.600000,0.580000,0.220000
128,620000000,1.366519,0.062219,0.072014,0.049670,0.469365,0.051868,0.600000,0.051890,0.600000,0.051890,0.600000,0,11.562996,0.059201,0.044534,0.600000,0.580000,0.220000
128,660000000,1.368507,0.062275,0.090779,0.049666,0.469054,0.051890,0.600000,0.051947,0.600000,0.051947,0.600000,0,11.550178,0.059223,0.044556,0.600000,0.580000,0.220000
128,680000000,1.369501,0.062317,0.100157,0.049661,0.468905,0.051947,0.600000,0.051983,0.600000,0.051983,0.600000,0,11.542338,0.059281,0.044614,0.600000,0.580000,0.220000
128,720000000,1.371488,0.062429,0.118904,0.049676,0.468591,0.051983,0.600000,0.052058,0.600000,0.052058,0.600000,0,11.525499,0.059316,0.044649,0.600000,0.580000,0.220000
128,740000000,1.372480,0.062499,0.128273,0.049657,0.468455,0.052058,0.600000,0.052100,0.600000,0.052100,0.600000,0,11.516335,0.059392,0.044725,0.600000,0.580000,0.220000
128,780000000,1.374465,0.062667,0.147001,0.049724,0.468117,0.052100,0.600000,0.052194,0.600000,0.052194,0.600000,0,11.495569,0.059433,0.044767,0.600000,0.580000,0.220000
128,800000000,1.375456,0.062764,0.156360,0.049736,0.467966,0.052194,0.600000,0.052247,0.600000,0.052247,0.600000,0,11.483809,0.059527,0.044861,0.600000,0.580000,0.220000
128,840000000,1.377437,0.062987,0.175069,0.049804,0.467635,0.052247,0.600000,0.052367,0.600000,0.052367,0.600000,0,11.457663,0.059581,0.044914,0.600000,0.580000,0.220000
128,880000000,1.379416,0.063247,0.193766,0.049843,0.467333,0.052367,0.600000,0.052502,0.600000,0.052502,0.600000,0,11.428207,0.059700,0.045033,0.600000,0.580000,0.220000
128,900000000,1.380405,0.063391,0.203109,0.049903,0.467153,0.052502,0.600000,0.052575,0.600000,0.052575,0.600000,0,11.412276,0.059835,0.045168,0.600000,0.580000,0.220000
128,940000000,1.382383,0.063708,0.221784,0.050065,0.466778,0.052575,0.600000,0.052733,0.600000,0.052733,0.600000,0,11.378141,0.059908,0.045242,0.600000,0.580000,0.220000
128,960000000,1.383370,0.063880,0.231118,0.050046,0.466655,0.052733,0.600000,0.052818,0.600000,0.052818,0.600000,0,11.359831,0.060066,0.045399,0.600000,0.580000,0.220000
129,0,1.385345,0.064252,0.249773,0.050161,0.466319,0.052818,0.600000,0.052999,0.600000,0.052999,0.600000,0,11.321014,0.060151,0.045484,0.600000,0.580000,0.220000
129,20000000,1.386331,0.064453,0.259096,0.050244,0.466132,0.052999,0.600000,0.053095,0.600000,0.053095,0.600000,0,11.300450,0.060332,0.045665,0.600000,0.580000,0.220000
129,60000000,1.388303,0.064882,0.277730,0.050361,0.465802,0.053095,0.600000,0.053289,0.600000,0.053289,0.600000,0,11.259347,0.060429,0.045762,0.600000,0.580000,0.220000
129,100000000,1.390268,0.065348,0.296353,0.050418,0.465515,0.053289,0.600000,0.053498,0.600000,0.053498,0.600000,0,11.215444,0.060622,0.045956,0.600000,0.580000,0.220000
129,120000000,1.391250,0.065596,0.305659,0.050566,0.465292,0.053498,0.600000,0.053608,0.600000,0.053608,0.600000,0,11.192444,0.060831,0.046164,0.600000,0.580000,0.220000
129,160000000,1.393210,0.066119,0.324261,0.050702,0.464957,0.053608,0.600000,0.053841,0.600000,0.053841,0.600000,0,11.143972,0.060941,0.046274,0.600000,0.580000,0.220000
129,180000000,1.394190,0.066395,0.333556,0.050836,0.464748,0.053841,0.600000,0.053963,0.600000,0.053963,0.600000,0,11.118812,0.061174,0.046507,0.600000,0.580000,0.220000
129,220000000,1.396146,0.066976,0.352136,0.051024,0.464384,0.053963,0.600000,0.054220,0.600000,0.054220,0.600000,0,11.066112,0.061296,0.046629,0.600000,0.580000,0.220000
129,240000000,1.397121,0.067280,0.361422,0.051008,0.464283,0.054220,0.600000,0.054355,0.600000,0.054355,0.600000,0,11.038521,0.061553,0.046886,0.600000,0.580000,0.220000
129,280000000,1.399074,0.067920,0.379979,0.051335,0.463830,0.054355,0.600000,0.054636,0.600000,0.054636,0.600000,0,10.981747,0.061688,0.047022,0.600000,0.580000,0.220000
129,300000000,1.400047,0.068254,0.389252,0.051397,0.463678,0.054636,0.600000,0.054784,0.600000,0.054784,0.600000,0,10.952162,0.061969,0.047303,0.600000,0.580000,0.220000
129,340000000,1.401990,0.068951,0.407789,0.051620,0.463304,0.054784,0.600000,0.055093,0.600000,0.055093,0.600000,0,10.890647,0.062117,0.047450,0.600000,0.580000,0.220000
129,360000000,1.402962,0.069315,0.417051,0.051807,0.463067,0.055093,0.600000,0.055252,0.600000,0.055252,0.600000,0,10.859276,0.062426,0.047760,0.600000,0.580000,0.220000
129,400000000,1.404902,0.070072,0.435562,0.052070,0.462672,0.055252,0.600000,0.055575,0.600000,0.055575,0.600000,0,10.796244,0.062586,0.047919,0.600000,0.580000,0.220000
129,440000000,1.406838,0.070870,0.454057,0.052496,0.462165,0.055575,0.600000,0.055916,0.600000,0.055916,0.600000,0,10.730454,0.062908,0.048242,0.600000,0.580000,0.220000
129,460000000,1.407805,0.071284,0.463298,0.052482,0.462078,0.055916,0.600000,0.056093,0.600000,0.056093,0.600000,0,10.696483,0.063249,0.048582,0.600000,0.580000,0.220000
129,480000000,1.408770,0.071708,0.472535,0.052661,0.461853,0.056093,0.600000,0.056275,0.600000,0.056275,0.600000,0,10.661871,0.063427,0.048760,0.600000,0.580000,0.220000
129,520000000,1.410697,0.072586,0.490998,0.052932,0.461468,0.056275,0.600000,0.056655,0.600000,0.056655,0.600000,0,10.590348,0.063609,0.048942,0.600000,0.580000,0.220000
129,560000000,1.412616,0.073504,0.509446,0.053111,0.461154,0.056655,0.600000,0.057058,0.600000,0.057058,0.600000,0,10.515651,0.063989,0.049322,0.600000,0.580000,0.220000
129,580000000,1.413574,0.073979,0.518663,0.053420,0.460839,0.057058,0.600000,0.057266,0.600000,0.057266,0.600000,0,10.477366,0.064391,0.049724,0.600000,0.580000,0.220000
129,620000000,1.415485,0.074959,0.537086,0.053798,0.460386,0.057266,0.600000,0.057702,0.600000,0.057702,0.600000,0,10.398287,0.064600,0.049933,0.600000,0.580000,0.220000
129,640000000,1.416440,0.075466,0.546290,0.053958,0.460185,0.057702,0.600000,0.057927,0.600000,0.057927,0.600000,0,10.357823,0.065035,0.050368,0.600000,0.580000,0.220000
129,680000000,1.418346,0.076511,0.564683,0.054344,0.459735,0.057927,0.600000,0.058391,0.600000,0.058391,0.600000,0,10.275561,0.065261,0.050594,0.600000,0.580000,0.220000
129,700000000,1.419295,0.077049,0.573875,0.054462,0.459569,0.058391,0.600000,0.058629,0.600000,0.058629,0.600000,0,10.233911,0.065724,0.051058,0.600000,0.580000,0.220000
129,740000000,1.421196,0.078161,0.592238,0.054981,0.459029,0.058629,0.600000,0.059118,0.600000,0.059118,0.600000,0,10.149211,0.065962,0.051295,0.600000,0.580000,0.220000
129,760000000,1.422142,0.078732,0.601414,0.055171,0.458814,0.059118,0.600000,0.059374,0.600000,0.059374,0.600000,0,10.105500,0.066451,0.051785,0.600000,0.580000,0.220000
129,800000000,1.424023,0.079903,0.619758,0.055471,0.458442,0.059374,0.600000,0.059910,0.600000,0.059910,0.600000,0,10.015095,0.066707,0.052040,0.600000,0.580000,0.220000
129,820000000,1.424960,0.080505,0.628923,0.055599,0.458277,0.059910,0.600000,0.060189,0.600000,0.060189,0.600000,0,9.968640,0.067243,0.052576,0.600000,0.580000,0.220000
129,860000000,1.426837,0.081747,0.647233,0.056323,0.457597,0.060189,0.600000,0.060764,0.600000,0.060764,0.600000,0,9.874254,0.067522,0.052855,0.600000,0.580000,0.220000
129,880000000,1.427771,0.082383,0.656381,0.056445,0.457441,0.060764,0.600000,0.061064,0.600000,0.061064,0.600000,0,9.825698,0.068097,0.053431,0.600000,0.580000,0.220000
129,920000000,1.429627,0.083686,0.674671,0.056639,0.457168,0.061064,0.600000,0.061694,0.600000,0.061694,0.600000,0,9.725388,0.068398,0.053731,0.600000,0.580000,0.220000
129,960000000,1.431483,0.085040,0.692932,0.057362,0.456504,0.061694,0.600000,0.062350,0.600000,0.062350,0.600000,0,9.623057,0.069028,0.054361,0.600000,0.580000,0.220000
129,980000000,1.432408,0.085735,0.702055,0.057768,0.456139,0.062350,0.600000,0.062685,0.600000,0.062685,0.600000,0,9.571671,0.069684,0.055017,0.600000,0.580000,0.220000
130,20000000,1.434253,0.087161,0.720283,0.058487,0.455486,0.062685,0.600000,0.063381,0.600000,0.063381,0.600000,0,9.466485,0.070018,0.055352,0.600000,0.580000,0.220000
130,40000000,1.435176,0.087894,0.729387,0.058852,0.455159,0.063381,0.600000,0.063742,0.600000,0.063742,0.600000,0,9.412980,0.070715,0.056048,0.600000,0.580000,0.220000
130,80000000,1.437013,0.089396,0.747579,0.059492,0.454580,0.063742,0.600000,0.064494,0.600000,0.064494,0.600000,0,9.303135,0.071075,0.056408,0.600000,0.580000,0.220000
130,100000000,1.437926,0.090162,0.756669,0.059486,0.454541,0.064494,0.600000,0.064889,0.600000,0.064889,0.600000,0,9.246536,0.071828,0.057161,0.600000,0.580000,0.220000
130,140000000,1.439757,0.091744,0.774820,0.060518,0.453674,0.064889,0.600000,0.065702,0.600000,0.065702,0.600000,0,9.132136,0.072222,0.057556,0.600000,0.580000,0.220000
130,160000000,1.440667,0.092553,0.783889,0.060772,0.453443,0.065702,0.600000,0.066128,0.600000,0.066128,0.600000,0,9.073326,0.073035,0.058369,0.600000,0.580000,0.220000
130,200000000,1.442478,0.094206,0.802011,0.061570,0.452765,0.066128,0.600000,0.067019,0.600000,0.067019,0.600000,0,8.952688,0.073461,0.058795,0.600000,0.580000,0.220000
130,220000000,1.443385,0.095056,0.811059,0.062031,0.452384,0.067019,0.600000,0.067478,0.600000,0.067478,0.600000,0,8.891775,0.074352,0.059686,0.600000,0.580000,0.220000
130,260000000,1.445192,0.096798,0.829133,0.062860,0.451701,0.067478,0.600000,0.068423,0.600000,0.068423,0.600000,0,8.769024,0.074811,0.060145,0.600000,0.580000,0.220000
130,300000000,1.446993,0.098598,0.847178,0.064171,0.450656,0.068423,0.600000,0.069422,0.600000,0.069422,0.600000,0,8.642801,0.075756,0.061089,0.600000,0.580000,0.220000
130,320000000,1.447890,0.099519,0.856191,0.064169,0.450646,0.069422,0.600000,0.069945,0.600000,0.069945,0.600000,0,8.578162,0.076755,0.062089,0.600000,0.580000,0.220000
130,360000000,1.449680,0.101407,0.874192,0.065104,0.449910,0.069945,0.600000,0.071037,0.600000,0.071037,0.600000,0,8.446266,0.077278,0.062612,0.600000,0.580000,0.220000
130,380000000,1.450576,0.102379,0.883176,0.066012,0.449207,0.071037,0.600000,0.071605,0.600000,0.071605,0.600000,0,8.379297,0.078371,0.063704,0.600000,0.580000,0.220000
130,420000000,1.452360,0.104366,0.901124,0.066726,0.448667,0.071605,0.600000,0.072797,0.600000,0.072797,0.600000,0,8.242049,0.078938,0.064272,0.600000,0.580000,0.220000
130,440000000,1.453246,0.105379,0.910091,0.067153,0.448346,0.072797,0.600000,0.073426,0.600000,0.073426,0.600000,0,8.171452,0.080131,0.065464,0.600000,0.580000,0.220000
130,480000000,1.455006,0.107449,0.928005,0.068523,0.447313,0.073426,0.600000,0.074728,0.600000,0.074728,0.600000,0,8.029159,0.080760,0.066093,0.600000,0.580000,0.220000
130,520000000,1.456761,0.109590,0.945880,0.069359,0.446713,0.074728,0.600000,0.076111,0.600000,0.076111,0.600000,0,7.883272,0.082061,0.067394,0.600000,0.580000,0.220000
130,540000000,1.457637,0.110687,0.954804,0.070096,0.446174,0.076111,0.600000,0.076837,0.600000,0.076837,0.600000,0,7.808787,0.083444,0.068777,0.600000,0.580000,0.220000
130,580000000,1.459379,0.112932,0.972626,0.071403,0.445238,0.076837,0.600000,0.078368,0.600000,0.078368,0.600000,0,7.656181,0.084170,0.069503,0.600000,0.580000,0.220000
130,600000000,1.460241,0.114074,0.981532,0.071409,0.445273,0.078368,0.600000,0.079182,0.600000,0.079182,0.600000,0,7.577517,0.085701,0.071035,0.600000,0.580000,0.220000
130,640000000,1.461982,0.116445,0.999284,0.073543,0.443740,0.079182,0.600000,0.081197,0.600000,0.081197,0.600000,0,7.389442,0.086515,0.071848,0.600000,0.580000,0.220000
130,660000000,1.462843,0.117650,1.008154,0.073933,0.443498,0.081197,0.600000,0.082701,0.600000,0.082701,0.600000,0,7.255040,0.088530,0.073864,0.600000,0.580000,0.220000
130,700000000,1.464556,0.120117,1.025865,0.075656,0.442308,0.082701,0.600000,0.087433,0.600000,0.087433,0.600000,0,6.862421,0.090034,0.075368,0.600000,0.580000,0.220000
130,720000000,1.465426,0.121407,1.034682,0.077651,0.440870,0.087433,0.600000,0.091850,0.600000,0.091850,0.600000,0,6.532375,0.094766,0.080099,0.600000,0.580000,0.220000
130,760000000,1.467195,0.124105,1.052235,0.082126,0.437678,0.091850,0.600000,0.099184,0.582922,0.099184,0.582922,0,5.877204,0.099184,0.084517,0.600000,0.580000,0.220000
130,780000000,1.468079,0.125493,1.060991,0.082146,0.437795,0.099184,0.582922,0.103554,0.600000,0.103554,0.600000,0,5.794059,0.106517,0.091850,0.600000,0.562922,0.220000
130,820000000,1.470032,0.128643,1.078196,0.093252,0.429818,0.103554,0.600000,0.110888,0.580000,0.110888,0.580000,0,4.699876,0.110888,0.096221,0.600000,0.580000,0.220000
130,840000000,1.471029,0.130301,1.086747,0.096580,0.427583,0.110888,0.580000,0.118221,0.560000,0.118221,0.560000,0,4.402843,0.118221,0.103554,0.600000,0.560000,0.220000
130,880000000,1.473052,0.133757,1.103754,0.102473,0.423118,0.118221,0.560000,0.125554,0.540000,0.125554,0.540000,0,3.915825,0.125554,0.110888,0.580000,0.540000,0.220000
130,900000000,1.474153,0.135697,1.112107,0.111370,0.417646,0.125554,0.540000,0.132888,0.520000,0.132888,0.520000,0,3.421763,0.132888,0.118221,0.560000,0.520000,0.220000
130,940000000,1.476393,0.139766,1.128709,0.118444,0.413535,0.132888,0.520000,0.140221,0.500000,0.140221,0.500000,0,3.023338,0.140221,0.125554,0.540000,0.500000,0.220000
130,980000000,1.478729,0.144170,1.145115,0.130357,0.406231,0.140221,0.500000,0.147554,0.480000,0.147554,0.480000,0,2.537478,0.147554,0.132888,0.520000,0.480000,0.220000
131,0,1.479943,0.146532,1.153224,0.132609,0.405452,0.147554,0.480000,0.154888,0.460000,0.154888,0.460000,0,2.424730,0.154888,0.140221,0.500000,0.460000,0.220000
131,40000000,1.482409,0.151478,1.168743,0.139816,0.382194,0.154888,0.460000,0.162221,0.440000,0.162221,0.440000,0,2.155031,0.162221,0.147554,0.480000,0.440000,0.220000
131,60000000,1.483676,0.154085,1.176148,0.144691,0.370227,0.162221,0.440000,0.169554,0.420000,0.169554,0.420000,0,2.009294,0.169554,0.154888,0.460000,0.420000,0.220000
131,100000000,1.486307,0.159671,1.190159,0.154249,0.350897,0.169554,0.420000,0.176888,0.400000,0.176888,0.400000,0,1.758626,0.176888,0.162221,0.440000,0.400000,0.220000
131,120000000,1.487653,0.162608,1.196613,0.161341,0.322706,0.176888,0.400000,0.184221,0.380000,0.184221,0.380000,0,1.617074,0.184221,0.169554,0.420000,0.380000,0.220000
131,160000000,1.490355,0.168661,1.209217,0.169339,0.306223,0.184221,0.380000,0.191554,0.360000,0.191554,0.360000,0,1.446843,0.191554,0.176888,0.400000,0.360000,0.220000
131,200000000,1.493160,0.175168,1.220868,0.177662,0.289426,0.191554,0.360000,0.198888,0.340000,0.198888,0.340000,0,1.296557,0.198888,0.184221,0.380000,0.340000,0.220000
131,220000000,1.494585,0.178559,1.226217,0.183664,0.267417,0.198888,0.340000,0.206221,0.320000,0.206221,0.320000,0,1.212818,0.206221,0.191554,0.360000,0.320000,0.220000
131,260000000,1.497496,0.185648,1.236330,0.198109,0.238437,0.206221,0.320000,0.213554,0.300000,0.213554,0.300000,0,1.048042,0.213554,0.198888,0.340000,0.300000,0.220000
131,280000000,1.498976,0.189340,1.241140,0.198649,0.240547,0.213554,0.300000,0.220000,0.280000,0.220000,0.280000,0,1.024269,0.220000,0.206221,0.320000,0.280000,0.220000
131,320000000,1.501972,0.196987,1.249933,0.206365,0.216508,0.220000,0.280000,0.220000,0.260000,0.220000,0.260000,0,0.936566,0.220000,0.212667,0.300000,0.260000,0.220000
131,340000000,1.503479,0.200920,1.253980,0.210370,0.202398,0.220000,0.260000,0.220000,0.240000,0.220000,0.240000,0,0.896285,0.220000,0.212667,0.280000,0.240000,0.220000
131,380000000,1.506483,0.208920,1.261671,0.213574,0.191088,0.220000,0.240000,0.220000,0.220000,0.220000,0.220000,0,0.849523,0.220000,0.212667,0.260000,0.220000,0.220000
131,400000000,1.507961,0.212939,1.265145,0.213883,0.173722,0.220000,0.220000,0.220000,0.200000,0.220000,0.200000,0,0.835857,0.220000,0.212667,0.240000,0.200000,0.220000
131,440000000,1.510874,0.221012,1.271853,0.214471,0.158966,0.220000,0.200000,0.220000,0.180000,0.220000,0.180000,0,0.809296,0.220000,0.212667,0.220000,0.180000,0.220000
131,460000000,1.512307,0.225064,1.274983,0.214748,0.156522,0.220000,0.180000,0.220000,0.175374,0.220000,0.175374,0,0.797152,0.220000,0.212667,0.200000,0.160000,0.220000
131,500000000,1.515135,0.233200,1.280548,0.215276,0.136607,0.220000,0.175374,0.220000,0.170837,0.220000,0.170837,0,0.776532,0.220000,0.212667,0.195374,0.155374,0.220000
131,520000000,1.516529,0.237283,1.283029,0.215522,0.124057,0.220000,0.170837,0.220000,0.168930,0.220000,0.168930,0,0.767865,0.220000,0.212667,0.190837,0.150837,0.220000
131,560000000,1.519284,0.245474,1.287490,0.215992,0.106471,0.220000,0.168930,0.220000,0.165676,0.220000,0.165676,0,0.753075,0.220000,0.212667,0.188930,0.148930,0.220000
131,600000000,1.521995,0.253697,1.291364,0.216426,0.097333,0.220000,0.165676,0.220000,0.163086,0.220000,0.163086,0,0.741299,0.220000,0.212667,0.185676,0.145676,0.220000
131,620000000,1.523336,0.257820,1.293098,0.216625,0.086728,0.220000,0.163086,0.220000,0.162031,0.220000,0.162031,0,0.736505,0.220000,0.212667,0.183086,0.143086,0.220000
131,660000000,1.525987,0.266086,1.296651,0.216997,0.088661,0.220000,0.162031,0.220000,0.159712,0.220000,0.159712,0,0.725962,0.220000,0.212667,0.182031,0.142031,0.220000
131,680000000,1.527298,0.270230,1.298444,0.217166,0.089681,0.220000,0.159712,0.220000,0.158510,0.220000,0.158510,0,0.720499,0.220000,0.212667,0.179712,0.139712,0.220000
131,720000000,1.529890,0.278535,1.302080,0.217476,0.091455,0.220000,0.158510,0.220000,0.155939,0.220000,0.155939,0,0.708812,0.220000,0.212667,0.178510,0.138510,0.220000
131,740000000,1.531171,0.282697,1.303933,0.217617,0.092620,0.220000,0.155939,0.220000,0.154579,0.220000,0.154579,0,0.702631,0.220000,0.212667,0.175939,0.135939,0.220000
131,780000000,1.533702,0.291038,1.307628,0.217876,0.093325,0.220000,0.154579,0.220000,0.151766,0.220000,0.151766,0,0.689846,0.220000,0.212667,0.174579,0.134579,0.220000
131,800000000,1.534952,0.295216,1.309508,0.217993,0.093980,0.220000,0.151766,0.220000,0.150280,0.220000,0.150280,0,0.683090,0.220000,0.212667,0.171766,0.131766,0.220000
131,840000000,1.537422,0.303589,1.313297,0.218209,0.094066,0.220000,0.150280,0.220000,0.147160,0.220000,0.147160,0,0.668910,0.220000,0.212667,0.170280,0.130280,0.220000
131,860000000,1.538641,0.307783,1.315184,0.218306,0.094360,0.220000,0.147160,0.220000,0.145568,0.220000,0.145568,0,0.661675,0.220000,0.212667,0.167160,0.127160,0.220000
131,900000000,1.541049,0.316185,1.318951,0.218486,0.094302,0.220000,0.145568,0.220000,0.142296,0.220000,0.142296,0,0.646798,0.220000,0.212667,0.165568,0.125568,0.220000
131,940000000,1.543416,0.324606,1.322691,0.218644,0.092262,0.220000,0.142296,0.220000,0.138944,0.220000,0.138944,0,0.631565,0.220000,0.212667,0.162296,0.122296,0.220000
131,960000000,1.544585,0.328823,1.324564,0.218718,0.093652,0.220000,0.138944,0.220000,0.137219,0.220000,0.137219,0,0.623725,0.220000,0.212667,0.158944,0.118944,0.220000
132,0,1.546892,0.337268,1.328267,0.218850,0.092867,0.220000,0.137219,0.220000,0.133722,0.220000,0.133722,0,0.607827,0.220000,0.212667,0.157219,0.117219,0.220000
132,20000000,1.548030,0.341497,1.330108,0.218911,0.092033,0.220000,0.133722,0.220000,0.131943,0.220000,0.131943,0,0.599741,0.220000,0.212667,0.153722,0.113722,0.220000
132,60000000,1.550279,0.349965,1.333724,0.219022,0.090701,0.220000,0.131943,0.220000,0.128365,0.220000,0.128365,0,0.583476,0.220000,0.212667,0.151943,0.111943,0.220000
132,80000000,1.551389,0.354204,1.335536,0.219074,0.090600,0.220000,0.128365,0.220000,0.126532,0.220000,0.126532,0,0.575146,0.220000,0.212667,0.148365,0.108365,0.220000
132,120000000,1.553579,0.362694,1.339126,0.219166,0.087837,0.220000,0.126532,0.220000,0.122803,0.220000,0.122803,0,0.558195,0.220000,0.212667,0.146532,0.106532,0.220000
132,140000000,1.554661,0.366943,1.340892,0.219209,0.088338,0.220000,0.122803,0.220000,0.120939,0.220000,0.120939,0,0.549723,0.220000,0.212667,0.142803,0.102803,0.220000
132,180000000,1.556796,0.375452,1.344354,0.219299,0.086754,0.220000,0.120939,0.220000,0.117184,0.220000,0.117184,0,0.532653,0.220000,0.212667,0.140939,0.100939,0.220000
132,200000000,1.557847,0.379711,1.346108,0.219345,0.087691,0.220000,0.117184,0.220000,0.115220,0.220000,0.115220,0,0.523726,0.220000,0.212667,0.137184,0.097184,0.220000
132,240000000,1.559916,0.388246,1.349626,0.219576,0.087826,0.220000,0.115220,0.220000,0.110996,0.220000,0.110996,0,0.504529,0.220000,0.212667,0.135220,0.095220,0.220000
132,260000000,1.560933,0.392520,1.351337,0.219671,0.085547,0.220000,0.110996,0.220000,0.108911,0.220000,0.108911,0,0.495049,0.220000,0.212667,0.130996,0.090996,0.220000
132,300000000,1.562953,0.401070,1.354635,0.219521,0.080351,0.220000,0.108911,0.220000,0.105177,0.220000,0.105177,0,0.478078,0.220000,0.212667,0.128911,0.088911,0.220000
132,320000000,1.563954,0.405345,1.356241,0.219514,0.080275,0.220000,0.105177,0.220000,0.103283,0.220000,0.103283,0,0.469466,0.220000,0.212667,0.125177,0.085177,0.220000
132,360000000,1.565932,0.413902,1.359281,0.219552,0.076345,0.220000,0.103283,0.220000,0.099575,0.220000,0.099575,0,0.452615,0.220000,0.212667,0.123283,0.083283,0.220000
132,400000000,1.567879,0.422468,1.362313,0.219592,0.075840,0.220000,0.099575,0.220000,0.095766,0.220000,0.095766,0,0.435302,0.220000,0.212667,0.119575,0.079575,0.220000
132,420000000,1.568841,0.426754,1.363797,0.219611,0.074243,0.220000,0.095766,0.220000,0.093858,0.220000,0.093858,0,0.426626,0.220000,0.212667,0.115766,0.075766,0.220000
132,440000000,1.569795,0.431042,1.365190,0.219630,0.069652,0.220000,0.093858,0.220000,0.092048,0.220000,0.092048,0,0.418401,0.220000,0.212667,0.113858,0.073858,0.220000
132,480000000,1.571683,0.439624,1.367968,0.219665,0.068995,0.220000,0.092048,0.220000,0.088359,0.220000,0.088359,0,0.401631,0.220000,0.212667,0.112048,0.072048,0.220000
132,500000000,1.572616,0.443918,1.369350,0.219681,0.069058,0.220000,0.088359,0.220000,0.086494,0.220000,0.086494,0,0.393156,0.220000,0.212667,0.108359,0.068359,0.220000
132,540000000,1.574461,0.452510,1.371949,0.219711,0.065261,0.220000,0.086494,0.220000,0.082903,0.220000,0.082903,0,0.376832,0.220000,0.212667,0.106494,0.066494,0.220000
132,580000000,1.576280,0.461110,1.374530,0.219742,0.064528,0.220000,0.082903,0.220000,0.079237,0.220000,0.079237,0,0.360166,0.220000,0.212667,0.102903,0.062903,0.220000
132,600000000,1.577179,0.465412,1.375787,0.219750,0.062836,0.220000,0.079237,0.220000,0.077419,0.220000,0.077419,0,0.351903,0.220000,0.212667,0.099237,0.059237,0.220000
132,640000000,1.578960,0.474021,1.378121,0.219773,0.058420,0.220000,0.077419,0.220000,0.073947,0.220000,0.073947,0,0.336123,0.220000,0.212667,0.097419,0.057419,0.220000
132,660000000,1.579841,0.478328,1.379270,0.219784,0.057452,0.220000,0.073947,0.220000,0.072206,0.220000,0.072206,0,0.328211,0.220000,0.212667,0.093947,0.053947,0.220000
132,700000000,1.581586,0.486945,1.381513,0.219804,0.054224,0.220000,0.072206,0.220000,0.068735,0.220000,0.068735,0,0.312433,0.220000,0.212667,0.092206,0.052206,0.220000
132,720000000,1.582450,0.491256,1.382586,0.219813,0.053636,0.220000,0.068735,0.220000,0.067036,0.220000,0.067036,0,0.304709,0.220000,0.212667,0.088735,0.048735,0.220000
132,760000000,1.584162,0.499881,1.384640,0.219830,0.051051,0.220000,0.067036,0.220000,0.063698,0.220000,0.063698,0,0.289538,0.220000,0.212667,0.087036,0.047036,0.220000
132,780000000,1.585010,0.504195,1.385639,0.219838,0.049957,0.220000,0.063698,0.220000,0.062039,0.220000,0.062039,0,0.281998,0.220000,0.212667,0.083698,0.043698,0.220000
132,820000000,1.586692,0.512828,1.387522,0.219853,0.047262,0.220000,0.062039,0.220000,0.058818,0.220000,0.058818,0,0.267356,0.220000,0.212667,0.082039,0.042039,0.220000
132,840000000,1.587525,0.517145,1.388445,0.219860,0.046159,0.220000,0.058818,0.220000,0.057210,0.220000,0.057210,0,0.260045,0.220000,0.212667,0.078818,0.038818,0.220000
132,880000000,1.589178,0.525784,1.390230,0.219873,0.042890,0.220000,0.057210,0.220000,0.054019,0.220000,0.054019,0,0.245539,0.220000,0.212667,0.077210,0.037210,0.220000
132,920000000,1.590812,0.534426,1.391885,0.219885,0.040426,0.220000,0.054019,0.220000,0.050943,0.220000,0.050943,0,0.231560,0.220000,0.212667,0.074019,0.034019,0.220000
132,940000000,1.591623,0.538748,1.392681,0.219891,0.039821,0.220000,0.050943,0.220000,0.049421,0.220000,0.049421,0,0.224640,0.220000,0.212667,0.070943,0.030943,0.220000
132,980000000,1.593233,0.547396,1.394214,0.219901,0.037430,0.220000,0.049421,0.220000,0.046415,0.220000,0.046415,0,0.210976,0.220000,0.212667,0.069421,0.029421,0.220000
133,0,1.594032,0.551721,1.394951,0.219906,0.036850,0.220000,0.046415,0.220000,0.044928,0.220000,0.044928,0,0.204217,0.220000,0.212667,0.066415,0.026415,0.220000
133,20000000,1.594827,0.556047,1.395622,0.219910,0.033550,0.220000,0.044928,0.220000,0.043519,0.220000,0.043519,0,0.197814,0.220000,0.212667,0.064928,0.024928,0.220000
133,60000000,1.596407,0.564701,1.396951,0.219919,0.032699,0.220000,0.043519,0.220000,0.040678,0.220000,0.040678,0,0.184900,0.220000,0.212667,0.063519,0.023519,0.220000
133,100000000,1.597973,0.573357,1.398217,0.219927,0.030322,0.220000,0.040678,0.220000,0.037873,0.220000,0.037873,0,0.172151,0.220000,0.212667,0.060678,0.020678,0.220000
133,120000000,1.598751,0.577687,1.398804,0.219930,0.029339,0.220000,0.037873,0.220000,0.036514,0.220000,0.036514,0,0.165972,0.220000,0.212667,0.057873,0.017873,0.220000
133,160000000,1.600298,0.586347,1.399922,0.219937,0.027102,0.220000,0.036514,0.220000,0.033837,0.220000,0.033837,0,0.153803,0.220000,0.212667,0.056514,0.016514,0.220000
133,180000000,1.601067,0.590678,1.400469,0.219940,0.027372,0.220000,0.033837,0.220000,0.032497,0.220000,0.032497,0,0.147712,0.220000,0.212667,0.053837,0.013837,0.220000
133,220000000,1.602597,0.599342,1.401427,0.219946,0.023874,0.220000,0.032497,0.220000,0.029972,0.220000,0.029972,0,0.136235,0.220000,0.212667,0.052497,0.012497,0.220000
133,240000000,1.603358,0.603675,1.401888,0.219949,0.023058,0.220000,0.029972,0.220000,0.028718,0.220000,0.028718,0,0.130538,0.220000,0.212667,0.049972,0.009972,0.220000
133,280000000,1.604873,0.612342,1.402763,0.219965,0.020723,0.220000,0.028718,0.220000,0.026242,0.220000,0.026242,0,0.119280,0.220000,0.212667,0.048718,0.008718,0.220000
133,300000000,1.605626,0.616676,1.403162,0.220067,0.020224,0.220000,0.026242,0.220000,0.025027,0.220000,0.025027,0,0.113758,0.220000,0.212667,0.046242,0.006242,0.220000
133,340000000,1.607116,0.625354,1.403981,0.220182,0.020681,0.220000,0.025027,0.220000,0.022534,0.220000,0.022534,0,0.102428,0.220000,0.212667,0.045027,0.005027,0.220000
133,380000000,1.608569,0.634045,1.404919,0.220256,0.023680,0.220000,0.022534,0.220000,0.019727,0.220000,0.019727,0,0.089666,0.220000,0.212667,0.042534,0.002534,0.220000
133,400000000,1.609285,0.638396,1.405418,0.220438,0.024950,0.220000,0.019727,0.220000,0.018240,0.220000,0.018240,0,0.082908,0.220000,0.212667,0.039727,-0.000273,0.220000
133,440000000,1.610698,0.647094,1.406482,0.220176,0.027657,0.220000,0.018240,0.220000,0.015102,0.220000,0.015102,0,0.068648,0.220000,0.212667,0.038240,-0.001760,0.220000
133,460000000,1.611397,0.651439,1.407019,0.220035,0.026846,0.220000,0.015102,0.220000,0.013502,0.220000,0.013502,0,0.061373,0.220000,0.212667,0.035102,-0.004898,0.220000
133,500000000,1.612790,0.660130,1.407956,0.220031,0.023058,0.220000,0.013502,0.220000,0.010465,0.220000,0.010465,0,0.047568,0.220000,0.212667,0.033502,-0.006498,0.220000
133,520000000,1.613484,0.664475,1.408389,0.220029,0.021670,0.220000,0.010465,0.220000,0.008985,0.220000,0.008985,0,0.040843,0.220000,0.212667,0.030465,-0.009535,0.220000
133,560000000,1.614869,0.673167,1.409160,0.220026,0.017104,0.220000,0.008985,0.220000,0.006140,0.220000,0.006140,0,0.027907,0.220000,0.212667,0.028985,-0.011015,0.220000
133,580000000,1.615562,0.677512,1.409471,0.220019,0.015553,0.220000,0.006140,0.220000,0.004816,0.220000,0.004816,0,0.021891,0.220000,0.212667,0.026140,-0.013860,0.220000
133,620000000,1.616962,0.686201,1.409809,0.220024,0.005693,0.220000,0.004816,0.220000,0.002607,0.220000,0.002607,0,0.011848,0.220000,0.212667,0.024816,-0.015184,0.220000
133,640000000,1.617675,0.690543,1.409820,0.220011,0.000000,0.220000,0.002607,0.220000,0.001769,0.220000,0.001769,0,0.008039,0.220000,0.212667,0.022607,-0.017393,0.220000
133,680000000,1.619107,0.699225,1.409718,0.219987,-0.002578,0.220000,0.001769,0.220000,0.000281,0.220000,0.000281,0,0.001279,0.220000,0.212667,0.021769,-0.018231,0.220000
133,700000000,1.619822,0.703566,1.409659,0.219988,-0.002975,0.220000,0.000281,0.220000,-0.000454,0.220000,-0.000454,0,-0.002064,0.220000,0.212667,0.020281,-0.019719,0.220000
133,740000000,1.621253,0.712249,1.409523,0.219990,-0.003962,0.220000,-0.000454,0.220000,-0.001907,0.220000,-0.001907,0,-0.008668,0.220000,0.212667,0.019546,-0.020454,0.220000
133,780000000,1.622684,0.720931,1.409347,0.219991,-0.004866,0.220000,-0.001907,0.220000,-0.003308,0.220000,-0.003308,0,-0.015037,0.220000,0.212667,0.018093,-0.021907,0.220000
133,800000000,1.623400,0.725273,1.409231,0.219992,-0.005796,0.220000,-0.003308,0.220000,-0.003972,0.220000,-0.003972,0,-0.018056,0.220000,0.212667,0.016692,-0.023308,0.220000
133,840000000,1.624832,0.733955,1.408970,0.219993,-0.006875,0.220000,-0.003972,0.220000,-0.005261,0.220000,-0.005261,0,-0.023913,0.220000,0.212667,0.016028,-0.023972,0.220000
133,860000000,1.625548,0.738296,1.408836,0.219994,-0.006723,0.220000,-0.005261,0.220000,-0.005900,0.220000,-0.005900,0,-0.026816,0.220000,0.212667,0.014739,-0.025261,0.220000
133,900000000,1.626981,0.746979,1.408498,0.219995,-0.008374,0.220000,-0.005900,0.220000,-0.007083,0.220000,-0.007083,0,-0.032196,0.220000,0.212667,0.014100,-0.025900,0.220000
133,920000000,1.627699,0.751320,1.408322,0.219995,-0.008805,0.220000,-0.007083,0.220000,-0.007664,0.220000,-0.007664,0,-0.034837,0.220000,0.212667,0.012917,-0.027083,0.220000
133,960000000,1.629135,0.760001,1.407947,0.219996,-0.010002,0.220000,-0.007664,0.220000,-0.008796,0.220000,-0.008796,0,-0.039980,0.220000,0.212667,0.012336,-0.027664,0.220000
133,980000000,1.629854,0.764342,1.407743,0.219996,-0.010220,0.220000,-0.008796,0.220000,-0.009337,0.220000,-0.009337,0,-0.042442,0.220000,0.212667,0.011204,-0.028796,0.220000
134,20000000,1.631294,0.773024,1.407310,0.219997,-0.011089,0.220000,-0.009337,0.220000,-0.010385,0.220000,-0.010385,0,-0.047204,0.220000,0.212667,0.010663,-0.029337,0.220000
134,40000000,1.632015,0.777364,1.407081,0.219997,-0.011441,0.220000,-0.010385,0.220000,-0.010889,0.220000,-0.010889,0,-0.049496,0.220000,0.212667,0.009615,-0.030385,0.220000
134,80000000,1.633460,0.786045,1.406587,0.219998,-0.012305,0.220000,-0.010889,0.220000,-0.011844,0.220000,-0.011844,0,-0.053835,0.220000,0.212667,0.009111,-0.030889,0.220000
134,100000000,1.634183,0.790385,1.406334,0.219998,-0.012642,0.220000,-0.011844,0.220000,-0.012310,0.220000,-0.012310,0,-0.055955,0.220000,0.212667,0.008156,-0.031844,0.220000
134,140000000,1.635632,0.799064,1.405819,0.219999,-0.013177,0.220000,-0.012310,0.220000,-0.013230,0.220000,-0.013230,0,-0.060136,0.220000,0.212667,0.007690,-0.032310,0.220000
134,160000000,1.636359,0.803404,1.405543,0.219999,-0.013778,0.220000,-0.013230,0.220000,-0.013663,0.220000,-0.013663,0,-0.062103,0.220000,0.212667,0.006770,-0.033230,0.220000
134,200000000,1.637814,0.812083,1.404973,0.219999,-0.014484,0.220000,-0.013663,0.220000,-0.014497,0.220000,-0.014497,0,-0.065894,0.220000,0.212667,0.006337,-0.033663,0.220000
134,240000000,1.639273,0.820761,1.404374,0.219999,-0.015547,0.220000,-0.014497,0.220000,-0.015282,0.220000,-0.015282,0,-0.069463,0.220000,0.212667,0.005503,-0.034497,0.220000
134,260000000,1.640004,0.825100,1.404065,0.219999,-0.015448,0.220000,-0.015282,0.220000,-0.015658,0.220000,-0.015658,0,-0.071175,0.220000,0.212667,0.004718,-0.035282,0.220000
134,300000000,1.641471,0.833777,1.403428,0.220000,-0.016040,0.220000,-0.015658,0.220000,-0.016378,0.220000,-0.016378,0,-0.074445,0.220000,0.212667,0.004342,-0.035658,0.220000
134,320000000,1.642205,0.838115,1.403098,0.220000,-0.016497,0.220000,-0.016378,0.220000,-0.016723,0.220000,-0.016723,0,-0.076012,0.220000,0.212667,0.003622,-0.036378,0.220000
134,360000000,1.643678,0.846792,1.402426,0.220050,-0.016645,0.220000,-0.016723,0.220000,-0.017390,0.220000,-0.017390,0,-0.079045,0.220000,0.212667,0.003277,-0.036723,0.220000
134,380000000,1.644415,0.851131,1.402094,0.220044,-0.016611,0.220000,-0.017390,0.220000,-0.017728,0.220000,-0.017728,0,-0.080583,0.220000,0.212667,0.002610,-0.037390,0.220000
134,420000000,1.645894,0.859806,1.401422,0.220000,-0.017093,0.220000,-0.017728,0.220000,-0.018383,0.220000,-0.018383,0,-0.083559,0.220000,0.212667,0.002272,-0.037728,0.220000
134,440000000,1.646636,0.864143,1.401078,0.220000,-0.017192,0.220000,-0.018383,0.220000,-0.018694,0.220000,-0.018694,0,-0.084972,0.220000,0.212667,0.001617,-0.038383,0.220000
134,480000000,1.648124,0.872816,1.400347,0.220001,-0.018366,0.220000,-0.018694,0.220000,-0.019247,0.220000,-0.019247,0,-0.087485,0.220000,0.212667,0.001306,-0.038694,0.220000
134,500000000,1.648871,0.877152,1.399978,0.220000,-0.018477,0.220000,-0.019247,0.220000,-0.019516,0.220000,-0.019516,0,-0.088710,0.220000,0.212667,0.000753,-0.039247,0.220000
134,540000000,1.650369,0.885824,1.399230,0.220000,-0.018819,0.220000,-0.019516,0.220000,-0.020033,0.220000,-0.020033,0,-0.091057,0.220000,0.212667,0.000484,-0.039516,0.220000
134,560000000,1.651120,0.890159,1.398845,0.220000,-0.019244,0.220000,-0.020033,0.220000,-0.020272,0.220000,-0.020272,0,-0.092144,0.220000,0.212667,-0.000033,-0.040033,0.220000
134,600000000,1.652627,0.898829,1.398069,0.220000,-0.019628,0.220000,-0.020272,0.220000,-0.020730,0.220000,-0.020730,0,-0.094229,0.220000,0.212667,-0.000272,-0.040272,0.220000
134,620000000,1.653383,0.903164,1.397678,0.220000,-0.019565,0.220000,-0.020730,0.220000,-0.020950,0.220000,-0.020950,0,-0.095229,0.220000,0.212667,-0.000730,-0.040730,0.220000
134,660000000,1.654900,0.911832,1.396872,0.220000,-0.020138,0.220000,-0.020950,0.220000,-0.021355,0.220000,-0.021355,0,-0.097066,0.220000,0.212667,-0.000950,-0.040950,0.220000
134,680000000,1.655660,0.916166,1.396467,0.220000,-0.020255,0.220000,-0.021355,0.220000,-0.021551,0.220000,-0.021551,0,-0.097960,0.220000,0.212667,-0.001355,-0.041355,0.220000
134,720000000,1.657186,0.924832,1.395654,0.220000,-0.020425,0.220000,-0.021551,0.220000,-0.021932,0.220000,-0.021932,0,-0.099692,0.220000,0.212667,-0.001551,-0.041551,0.220000
134,740000000,1.657952,0.929165,1.395239,0.220000,-0.020731,0.220000,-0.021932,0.220000,-0.022107,0.220000,-0.022107,0,-0.100489,0.220000,0.212667,-0.001932,-0.041932,0.220000
134,780000000,1.659488,0.937830,1.394403,0.220000,-0.021005,0.220000,-0.022107,0.220000,-0.022440,0.220000,-0.022440,0,-0.101999,0.220000,0.212667,-0.002107,-0.042107,0.220000
134,800000000,1.660259,0.942162,1.393984,0.220000,-0.020955,0.220000,-0.022440,0.220000,-0.022599,0.220000,-0.022599,0,-0.102721,0.220000,0.212667,-0.002440,-0.042440,0.220000
134,840000000,1.661806,0.950825,1.393130,0.219999,-0.021363,0.220000,-0.022599,0.220000,-0.022891,0.220000,-0.022891,0,-0.104050,0.220000,0.212667,-0.002599,-0.042599,0.220000
134,860000000,1.662582,0.955156,1.392701,0.219999,-0.021445,0.220000,-0.022891,0.220000,-0.023031,0.220000,-0.023031,0,-0.104684,0.220000,0.212667,-0.002891,-0.042891,0.220000
134,900000000,1.664139,0.963817,1.391841,0.219997,-0.021576,0.220000,-0.023031,0.220000,-0.023305,0.220000,-0.023305,0,-0.105930,0.220000,0.212667,-0.003031,-0.043031,0.220000
134,940000000,1.665708,0.972470,1.390930,0.219820,-0.023113,0.220000,-0.023305,0.220000,-0.023468,0.220000,-0.023468,0,-0.106674,0.220000,0.212667,-0.003305,-0.043305,0.220000
134,960000000,1.666497,0.976795,1.390464,0.219814,-0.023305,0.220000,-0.023468,0.220000,-0.023532,0.220000,-0.023532,0,-0.106964,0.220000,0.212667,-0.003468,-0.043468,0.220000
135,0,1.668080,0.985444,1.389528,0.219803,-0.023510,0.220000,-0.023532,0.220000,-0.023633,0.220000,-0.023633,0,-0.107423,0.220000,0.212667,-0.003532,-0.043532,0.220000
135,20000000,1.668875,0.989767,1.389057,0.219798,-0.023530,0.220000,-0.023633,0.220000,-0.023680,0.220000,-0.023680,0,-0.107637,0.220000,0.212667,-0.003633,-0.043633,0.220000
135,60000000,1.670467,0.998418,1.388142,0.219962,-0.022373,0.220000,-0.023680,0.220000,-0.023814,0.220000,-0.023814,0,-0.108244,0.220000,0.212667,-0.003680,-0.043680,0.220000
135,80000000,1.671264,1.002745,1.387699,0.219998,-0.022143,0.220000,-0.023814,0.220000,-0.023916,0.220000,-0.023916,0,-0.108711,0.220000,0.212667,-0.003814,-0.043814,0.220000
135,120000000,1.672862,1.011399,1.386811,0.219999,-0.022185,0.220000,-0.023916,0.220000,-0.024102,0.220000,-0.024102,0,-0.109554,0.220000,0.212667,-0.003916,-0.043916,0.220000
135,140000000,1.673665,1.015725,1.386366,0.219999,-0.022256,0.220000,-0.024102,0.220000,-0.024193,0.220000,-0.024193,0,-0.109970,0.220000,0.212667,-0.004102,-0.044102,0.220000
135,180000000,1.675275,1.024376,1.385472,0.219998,-0.022447,0.220000,-0.024193,0.220000,-0.024357,0.220000,-0.024357,0,-0.110715,0.220000,0.212667,-0.004193,-0.044193,0.220000
135,220000000,1.676892,1.033026,1.384573,0.219998,-0.022500,0.220000,-0.024357,0.220000,-0.024506,0.220000,-0.024506,0,-0.111391,0.220000,0.212667,-0.004357,-0.044357,0.220000
135,240000000,1.677704,1.037351,1.384122,0.219998,-0.022555,0.220000,-0.024506,0.220000,-0.024581,0.220000,-0.024581,0,-0.111732,0.220000,0.212667,-0.004506,-0.044506,0.220000
135,280000000,1.679332,1.045999,1.383218,0.219998,-0.022652,0.220000,-0.024581,0.220000,-0.024725,0.220000,-0.024725,0,-0.112388,0.220000,0.212667,-0.004581,-0.044581,0.220000
135,300000000,1.680150,1.050322,1.382766,0.219998,-0.022627,0.220000,-0.024725,0.220000,-0.024799,0.220000,-0.024799,0,-0.112722,0.220000,0.212667,-0.004725,-0.044725,0.220000
135,340000000,1.681790,1.058968,1.381855,0.219998,-0.022799,0.220000,-0.024799,0.220000,-0.024929,0.220000,-0.024929,0,-0.113313,0.220000,0.212667,-0.004799,-0.044799,0.220000
135,360000000,1.682613,1.063290,1.381398,0.219998,-0.022821,0.220000,-0.024929,0.220000,-0.024994,0.220000,-0.024994,0,-0.113611,0.220000,0.212667,-0.004929,-0.044929,0.220000
135,400000000,1.684265,1.071933,1.380485,0.219998,-0.022847,0.220000,-0.024994,0.220000,-0.025111,0.220000,-0.025111,0,-0.114142,0.220000,0.212667,-0.004994,-0.044994,0.220000
135,420000000,1.685094,1.076255,1.380025,0.219998,-0.022983,0.220000,-0.025111,0.220000,-0.025170,0.220000,-0.025170,0,-0.114409,0.220000,0.212667,-0.005111,-0.045111,0.220000
135,460000000,1.686758,1.084894,1.379096,0.219942,-0.023468,0.220000,-0.025170,0.220000,-0.025255,0.220000,-0.025255,0,-0.114794,0.220000,0.212667,-0.005170,-0.045170,0.220000
135,500000000,1.688440,1.093521,1.378095,0.219712,-0.025213,0.220000,-0.025255,0.220000,-0.025222,0.220000,-0.025222,0,-0.114645,0.220000,0.212667,-0.005255,-0.045255,0.220000
135,520000000,1.689286,1.097834,1.377585,0.219737,-0.025505,0.220000,-0.025222,0.220000,-0.025178,0.220000,-0.025178,0,-0.114447,0.220000,0.212667,-0.005222,-0.045222,0.220000
135,560000000,1.690990,1.106466,1.376483,0.220003,-0.027908,0.220000,-0.025178,0.220000,-0.024972,0.220000,-0.024972,0,-0.113509,0.220000,0.212667,-0.005178,-0.045178,0.220000
135,580000000,1.691847,1.110782,1.375926,0.220003,-0.027879,0.220000,-0.024972,0.220000,-0.024845,0.220000,-0.024845,0,-0.112932,0.220000,0.212667,-0.004972,-0.044972,0.220000
135,620000000,1.693567,1.119412,1.374818,0.220003,-0.027703,0.220000,-0.024845,0.220000,-0.024617,0.220000,-0.024617,0,-0.111894,0.220000,0.212667,-0.004845,-0.044845,0.220000
135,640000000,1.694431,1.123726,1.374266,0.220003,-0.027605,0.220000,-0.024617,0.220000,-0.024491,0.220000,-0.024491,0,-0.111324,0.220000,0.212667,-0.004617,-0.044617,0.220000
135,680000000,1.696166,1.132354,1.373166,0.220003,-0.027388,0.220000,-0.024491,0.220000,-0.024269,0.220000,-0.024269,0,-0.110315,0.220000,0.212667,-0.004491,-0.044491,0.220000
135,700000000,1.697037,1.136667,1.372620,0.220003,-0.027294,0.220000,-0.024269,0.220000,-0.024152,0.220000,-0.024152,0,-0.109783,0.220000,0.212667,-0.004269,-0.044269,0.220000
135,740000000,1.698786,1.145291,1.371534,0.220003,-0.027095,0.220000,-0.024152,0.220000,-0.023963,0.220000,-0.023963,0,-0.108924,0.220000,0.212667,-0.004152,-0.044152,0.220000
135,760000000,1.699664,1.149603,1.370993,0.220003,-0.027044,0.220000,-0.023963,0.220000,-0.023861,0.220000,-0.023861,0,-0.108459,0.220000,0.212667,-0.003963,-0.043963,0.220000
135,800000000,1.701427,1.158225,1.369921,0.220003,-0.026804,0.220000,-0.023861,0.220000,-0.023687,0.220000,-0.023687,0,-0.107667,0.220000,0.212667,-0.003861,-0.043861,0.220000
135,820000000,1.702312,1.162534,1.369393,0.219967,-0.026391,0.220000,-0.023687,0.220000,-0.023604,0.220000,-0.023604,0,-0.107291,0.220000,0.212667,-0.003687,-0.043687,0.220000
135,860000000,1.704080,1.171144,1.368428,0.219687,-0.023682,0.220000,-0.023604,0.220000,-0.023598,0.220000,-0.023598,0,-0.107265,0.220000,0.212667,-0.003604,-0.043604,0.220000
135,880000000,1.704966,1.175447,1.367958,0.219700,-0.023500,0.220000,-0.023598,0.220000,-0.023610,0.220000,-0.023610,0,-0.107317,0.220000,0.212667,-0.003598,-0.043598,0.220000
135,920000000,1.706736,1.184064,1.367084,0.219997,-0.021297,0.220000,-0.023610,0.220000,-0.023797,0.220000,-0.023797,0,-0.108167,0.220000,0.212667,-0.003610,-0.043610,0.220000
135,960000000,1.708509,1.192684,1.366228,0.219997,-0.021487,0.220000,-0.023797,0.220000,-0.024048,0.220000,-0.024048,0,-0.109308,0.220000,0.212667,-0.003797,-0.043797,0.220000
135,980000000,1.709399,1.196993,1.365798,0.219997,-0.021483,0.220000,-0.024048,0.220000,-0.024175,0.220000,-0.024175,0,-0.109887,0.220000,0.212667,-0.004048,-0.044048,0.220000
136,20000000,1.711184,1.205610,1.364930,0.219997,-0.021726,0.220000,-0.024175,0.220000,-0.024444,0.220000,-0.024444,0,-0.111107,0.220000,0.212667,-0.004175,-0.044175,0.220000
136,40000000,1.712079,1.209918,1.364494,0.219997,-0.021810,0.220000,-0.024444,0.220000,-0.024574,0.220000,-0.024574,0,-0.111699,0.220000,0.212667,-0.004444,-0.044444,0.220000
136,80000000,1.713875,1.218532,1.363618,0.219997,-0.021959,0.220000,-0.024574,0.220000,-0.024859,0.220000,-0.024859,0,-0.112997,0.220000,0.212667,-0.004574,-0.044574,0.220000
136,100000000,1.714776,1.222839,1.363173,0.219997,-0.022232,0.220000,-0.024859,0.220000,-0.024992,0.220000,-0.024992,0,-0.113598,0.220000,0.212667,-0.004859,-0.044859,0.220000
136,140000000,1.716584,1.231451,1.362278,0.219997,-0.022506,0.220000,-0.024992,0.220000,-0.025282,0.220000,-0.025282,0,-0.114919,0.220000,0.212667,-0.004992,-0.044992,0.220000
136,160000000,1.717490,1.235757,1.361828,0.219997,-0.022499,0.220000,-0.025282,0.220000,-0.025422,0.220000,-0.025422,0,-0.115554,0.220000,0.212667,-0.005282,-0.045282,0.220000
136,200000000,1.719309,1.244367,1.360913,0.219997,-0.022908,0.220000,-0.025422,0.220000,-0.025729,0.220000,-0.025729,0,-0.116949,0.220000,0.212667,-0.005422,-0.045422,0.220000
136,220000000,1.720222,1.248671,1.360453,0.219997,-0.022998,0.220000,-0.025729,0.220000,-0.025876,0.220000,-0.025876,0,-0.117618,0.220000,0.212667,-0.005729,-0.045729,0.220000
136,260000000,1.722053,1.257278,1.359529,0.219997,-0.023162,0.220000,-0.025876,0.220000,-0.026227,0.220000,-0.026227,0,-0.119215,0.220000,0.212667,-0.005876,-0.045876,0.220000
136,300000000,1.723891,1.265884,1.358590,0.219997,-0.023463,0.220000,-0.026227,0.220000,-0.026577,0.220000,-0.026577,0,-0.120805,0.220000,0.212667,-0.006227,-0.046227,0.220000
136,320000000,1.724814,1.270186,1.358115,0.219997,-0.023770,0.220000,-0.026577,0.220000,-0.026761,0.220000,-0.026761,0,-0.121641,0.220000,0.212667,-0.006577,-0.046577,0.220000
136,360000000,1.726665,1.278789,1.357155,0.219997,-0.024214,0.220000,-0.026761,0.220000,-0.027129,0.220000,-0.027129,0,-0.123313,0.220000,0.212667,-0.006761,-0.046761,0.220000
136,380000000,1.727593,1.283090,1.356668,0.219997,-0.024310,0.220000,-0.027129,0.220000,-0.027322,0.220000,-0.027322,0,-0.124190,0.220000,0.212667,-0.007129,-0.047129,0.220000
136,420000000,1.729456,1.291690,1.355686,0.219997,-0.024657,0.220000,-0.027322,0.220000,-0.027712,0.220000,-0.027712,0,-0.125963,0.220000,0.212667,-0.007322,-0.047322,0.220000
136,440000000,1.730391,1.295990,1.355193,0.219997,-0.024646,0.220000,-0.027712,0.220000,-0.027921,0.220000,-0.027921,0,-0.126916,0.220000,0.212667,-0.007712,-0.047712,0.220000
136,480000000,1.732267,1.304587,1.354185,0.219997,-0.025206,0.220000,-0.027921,0.220000,-0.028333,0.220000,-0.028333,0,-0.128788,0.220000,0.212667,-0.007921,-0.047921,0.220000
136,520000000,1.734152,1.313183,1.353170,0.219997,-0.025391,0.220000,-0.028333,0.220000,-0.028761,0.220000,-0.028761,0,-0.130730,0.220000,0.212667,-0.008333,-0.048333,0.220000
136,540000000,1.735097,1.317480,1.352654,0.219997,-0.025799,0.220000,-0.028761,0.220000,-0.029010,0.220000,-0.029010,0,-0.131862,0.220000,0.212667,-0.008761,-0.048761,0.220000
136,580000000,1.736995,1.326073,1.351605,0.219996,-0.026217,0.220000,-0.029010,0.220000,-0.029465,0.220000,-0.029465,0,-0.133930,0.220000,0.212667,-0.009010,-0.049010,0.220000
136,600000000,1.737947,1.330369,1.351076,0.219991,-0.026468,0.220000,-0.029465,0.220000,-0.029739,0.220000,-0.029739,0,-0.135178,0.220000,0.212667,-0.009465,-0.049465,0.220000
136,640000000,1.739868,1.338946,1.349930,0.219667,-0.029809,0.220000,-0.029739,0.220000,-0.030079,0.220000,-0.030079,0,-0.136722,0.220000,0.212667,-0.009739,-0.049739,0.220000
136,660000000,1.740838,1.343235,1.349301,0.219837,-0.031490,0.220000,-0.030079,0.220000,-0.030221,0.220000,-0.030221,0,-0.137369,0.220000,0.212667,-0.010079,-0.050079,0.220000
136,700000000,1.742791,1.351816,1.347967,0.220005,-0.033412,0.220000,-0.030221,0.220000,-0.030358,0.220000,-0.030358,0,-0.137990,0.220000,0.212667,-0.010221,-0.050221,0.220000
136,720000000,1.743772,1.356105,1.347296,0.220005,-0.033570,0.220000,-0.030358,0.220000,-0.030462,0.220000,-0.030462,0,-0.138462,0.220000,0.212667,-0.010358,-0.050358,0.220000
136,760000000,1.745742,1.364682,1.345946,0.220005,-0.033759,0.220000,-0.030462,0.220000,-0.030640,0.220000,-0.030640,0,-0.139272,0.220000,0.212667,-0.010462,-0.050462,0.220000
136,780000000,1.746732,1.368969,1.345269,0.220005,-0.033871,0.220000,-0.030640,0.220000,-0.030774,0.220000,-0.030774,0,-0.139883,0.220000,0.212667,-0.010640,-0.050640,0.220000
136,820000000,1.748720,1.377542,1.343910,0.220005,-0.034031,0.220000,-0.030774,0.220000,-0.031024,0.220000,-0.031024,0,-0.141019,0.220000,0.212667,-0.010774,-0.050774,0.220000
136,840000000,1.749719,1.381827,1.343228,0.220005,-0.034102,0.220000,-0.031024,0.220000,-0.031196,0.220000,-0.031196,0,-0.141800,0.220000,0.212667,-0.011024,-0.051024,0.220000
136,880000000,1.751724,1.390396,1.341851,0.220005,-0.034521,0.220000,-0.031196,0.220000,-0.031514,0.220000,-0.031514,0,-0.143247,0.220000,0.212667,-0.011196,-0.051196,0.220000
136,920000000,1.753742,1.398961,1.340465,0.220005,-0.034727,0.220000,-0.031514,0.220000,-0.031914,0.220000,-0.031914,0,-0.145065,0.220000,0.212667,-0.011514,-0.051514,0.220000
136,940000000,1.754756,1.403243,1.339770,0.220005,-0.034745,0.220000,-0.031914,0.220000,-0.032130,0.220000,-0.032130,0,-0.146047,0.220000,0.212667,-0.011914,-0.051914,0.220000
136,980000000,1.756792,1.411805,1.338353,0.220005,-0.035498,0.220000,-0.032130,0.220000,-0.032598,0.220000,-0.032598,0,-0.148174,0.220000,0.212667,-0.012130,-0.052130,0.220000
137,0,1.757814,1.416084,1.337640,0.220005,-0.035668,0.220000,-0.032598,0.220000,-0.032853,0.220000,-0.032853,0,-0.149332,0.220000,0.212667,-0.012598,-0.052598,0.220000
137,40000000,1.759869,1.424641,1.336205,0.220005,-0.035986,0.220000,-0.032853,0.220000,-0.033418,0.220000,-0.033418,0,-0.151902,0.220000,0.212667,-0.012853,-0.052853,0.220000
137,60000000,1.760901,1.428919,1.335475,0.220006,-0.036513,0.220000,-0.033418,0.220000,-0.033721,0.220000,-0.033721,0,-0.153279,0.220000,0.212667,-0.013418,-0.053418,0.220000
137,100000000,1.762975,1.437471,1.334000,0.220006,-0.037118,0.220000,-0.033721,0.220000,-0.034367,0.220000,-0.034367,0,-0.156216,0.220000,0.212667,-0.013721,-0.053721,0.220000
137,140000000,1.765061,1.446021,1.332504,0.220006,-0.037635,0.220000,-0.034367,0.220000,-0.035117,0.220000,-0.035117,0,-0.159624,0.220000,0.212667,-0.014367,-0.054367,0.220000
137,160000000,1.766109,1.450294,1.331741,0.220006,-0.038133,0.220000,-0.035117,0.220000,-0.035475,0.220000,-0.035475,0,-0.161249,0.220000,0.212667,-0.015117,-0.055117,0.220000
137,200000000,1.768215,1.458839,1.330194,0.220006,-0.038932,0.220000,-0.035475,0.220000,-0.036326,0.220000,-0.036326,0,-0.165117,0.220000,0.212667,-0.015475,-0.055475,0.220000
137,220000000,1.769273,1.463110,1.329407,0.220006,-0.039320,0.220000,-0.036326,0.220000,-0.036734,0.220000,-0.036734,0,-0.166973,0.220000,0.212667,-0.016326,-0.056326,0.220000
137,260000000,1.771400,1.471648,1.327806,0.219967,-0.039858,0.220000,-0.036734,0.220000,-0.037698,0.220000,-0.037698,0,-0.171355,0.220000,0.212667,-0.016734,-0.056734,0.220000
137,280000000,1.772464,1.475912,1.327042,0.219749,-0.038212,0.220000,-0.037698,0.220000,-0.038195,0.220000,-0.038195,0,-0.173615,0.220000,0.212667,-0.017698,-0.057698,0.220000
137,320000000,1.774598,1.484433,1.325558,0.219581,-0.037465,0.220000,-0.038195,0.220000,-0.039521,0.220000,-0.039521,0,-0.179639,0.220000,0.212667,-0.018195,-0.058195,0.220000
137,360000000,1.776741,1.492954,1.324048,0.219745,-0.037415,0.220000,-0.039521,0.220000,-0.041017,0.220000,-0.041017,0,-0.186442,0.220000,0.212667,-0.019521,-0.059521,0.220000
137,380000000,1.777811,1.497222,1.323320,0.219972,-0.036430,0.220000,-0.041017,0.220000,-0.041950,0.220000,-0.041950,0,-0.190682,0.220000,0.212667,-0.021017,-0.061017,0.220000
137,400000000,1.778883,1.501489,1.322595,0.219994,-0.038629,0.220000,-0.041950,0.220000,-0.042826,0.220000,-0.042826,0,-0.194663,0.220000,0.212667,-0.021950,-0.061950,0.220000
137,440000000,1.781036,1.510021,1.321051,0.219994,-0.038593,0.220000,-0.042826,0.220000,-0.044733,0.220000,-0.044733,0,-0.203334,0.220000,0.212667,-0.022826,-0.062826,0.220000
137,460000000,1.782118,1.514286,1.320264,0.219994,-0.039346,0.220000,-0.044733,0.220000,-0.045654,0.220000,-0.045654,0,-0.207516,0.220000,0.212667,-0.024733,-0.064733,0.220000
137,500000000,1.784291,1.522813,1.318644,0.219993,-0.041620,0.220000,-0.045654,0.218199,-0.047375,0.218199,-0.047375,0,-0.217119,0.218199,0.212667,-0.025654,-0.065654,0.218199
137,540000000,1.786475,1.531323,1.316940,0.219303,-0.043025,0.218199,-0.047375,0.214594,-0.048489,0.214594,-0.048489,0,-0.225957,0.214594,0.210865,-0.027375,-0.067375,0.214594
137,560000000,1.787565,1.535549,1.316064,0.218192,-0.043799,0.214594,-0.048489,0.212804,-0.048834,0.212804,-0.048834,0,-0.229480,0.212804,0.207260,-0.028489,-0.068489,0.212804
137,600000000,1.789733,1.543907,1.314277,0.214587,-0.044875,0.212804,-0.048834,0.209262,-0.049016,0.209262,-0.049016,0,-0.234233,0.209262,0.205470,-0.028834,-0.068834,0.209262
137,620000000,1.790815,1.548060,1.313380,0.214586,-0.044825,0.209262,-0.049016,0.207502,-0.049685,0.207502,-0.049685,0,-0.239446,0.207502,0.201928,-0.029016,-0.069016,0.207502
137,660000000,1.792941,1.556168,1.311558,0.209254,-0.045344,0.207502,-0.049685,0.204065,-0.049267,0.204065,-0.049267,0,-0.241430,0.204065,0.200168,-0.029685,-0.069685,0.204065
137,680000000,1.794003,1.560198,1.310645,0.208376,-0.045659,0.204065,-0.049267,0.202356,-0.049729,0.202356,-0.049729,0,-0.245752,0.202356,0.196731,-0.029267,-0.069267,0.202356
137,720000000,1.796120,1.568182,1.308800,0.205491,-0.046324,0.202356,-0.049729,0.198970,-0.050174,0.198970,-0.050174,0,-0.252169,0.198970,0.195023,-0.029729,-0.069729,0.198970
137,740000000,1.797161,1.572093,1.307880,0.202348,-0.045989,0.198970,-0.050174,0.197312,-0.049761,0.197312,-0.049761,0,-0.252196,0.197312,0.191637,-0.030174,-0.070174,0.197312
137,780000000,1.799238,1.579847,1.306025,0.199011,-0.046779,0.197312,-0.049761,0.194023,-0.049970,0.194023,-0.049970,0,-0.257548,0.194023,0.189979,-0.029761,-0.069761,0.194023
137,800000000,1.800273,1.583689,1.305098,0.198962,-0.046357,0.194023,-0.049970,0.192393,-0.050720,0.192393,-0.050720,0,-0.263629,0.192393,0.186689,-0.029970,-0.069970,0.192393
137,840000000,1.802313,1.591219,1.303243,0.194014,-0.046159,0.192393,-0.050720,0.189197,-0.050327,0.189197,-0.050327,0,-0.266001,0.189197,0.185059,-0.030720,-0.070720,0.189197
137,880000000,1.804341,1.598659,1.301375,0.192383,-0.046854,0.189197,-0.050327,0.186039,-0.051335,0.186039,-0.051335,0,-0.275936,0.186039,0.181864,-0.030327,-0.070327,0.186039
137,900000000,1.805346,1.602322,1.300426,0.189899,-0.047486,0.186039,-0.051335,0.184484,-0.051089,0.184484,-0.051089,0,-0.276930,0.184484,0.178706,-0.031335,-0.071335,0.184484
137,940000000,1.807324,1.609495,1.298526,0.186030,-0.047462,0.184484,-0.051089,0.181438,-0.051005,0.181438,-0.051005,0,-0.281114,0.181438,0.177151,-0.031089,-0.071089,0.181438
137,960000000,1.808309,1.613051,1.297580,0.184486,-0.047292,0.181438,-0.051005,0.179928,-0.051126,0.179928,-0.051126,0,-0.284148,0.179928,0.174105,-0.031005,-0.071005,0.179928
138,0,1.810277,1.620108,1.295683,0.181821,-0.047734,0.179928,-0.051126,0.176930,-0.051568,0.176930,-0.051568,0,-0.291460,0.176930,0.172595,-0.031126,-0.071126,0.176930
138,20000000,1.811247,1.623573,1.294738,0.179918,-0.047213,0.176930,-0.051568,0.175458,-0.051576,0.175458,-0.051576,0,-0.293948,0.175458,0.169597,-0.031568,-0.071568,0.175458
138,60000000,1.813175,1.630415,1.292827,0.176920,-0.047639,0.175458,-0.051576,0.172551,-0.051946,0.172551,-0.051946,0,-0.301047,0.172551,0.168125,-0.031576,-0.071576,0.172551
138,80000000,1.814137,1.633812,1.291866,0.176540,-0.048034,0.172551,-0.051946,0.171107,-0.052672,0.171107,-0.052672,0,-0.307828,0.171107,0.165218,-0.031946,-0.071946,0.171107
138,120000000,1.816027,1.640450,1.289941,0.172540,-0.047991,0.171107,-0.052672,0.168285,-0.052449,0.168285,-0.052449,0,-0.311670,0.168285,0.163774,-0.032672,-0.072672,0.168285
138,160000000,1.817914,1.647029,1.287990,0.171096,-0.048666,0.168285,-0.052449,0.165487,-0.053418,0.165487,-0.053418,0,-0.322791,0.165487,0.160952,-0.032449,-0.072449,0.165487
138,180000000,1.818845,1.650254,1.286992,0.167835,-0.049889,0.165487,-0.053418,0.164115,-0.052638,0.164115,-0.052638,0,-0.320738,0.164115,0.158154,-0.033418,-0.073418,0.164115
138,220000000,1.820684,1.656599,1.285019,0.164812,-0.049212,0.164115,-0.052638,0.161417,-0.052756,0.161417,-0.052756,0,-0.326829,0.161417,0.156782,-0.032638,-0.072638,0.161417
138,240000000,1.821602,1.659750,1.284046,0.164104,-0.048630,0.161417,-0.052756,0.160076,-0.053448,0.160076,-0.053448,0,-0.333892,0.160076,0.154083,-0.032756,-0.072756,0.160076
138,280000000,1.823424,1.665966,1.282070,0.160103,-0.049720,0.160076,-0.053448,0.157431,-0.053107,0.157431,-0.053107,0,-0.337338,0.157431,0.152743,-0.033448,-0.073448,0.157431
138,300000000,1.824328,1.669037,1.281082,0.160064,-0.049420,0.157431,-0.053107,0.156123,-0.054160,0.156123,-0.054160,0,-0.346902,0.156123,0.150097,-0.033107,-0.073107,0.156123
138,340000000,1.826121,1.675091,1.279105,0.157418,-0.049067,0.156123,-0.054160,0.153546,-0.054606,0.153546,-0.054606,0,-0.355634,0.153546,0.148790,-0.034160,-0.074160,0.153546
138,360000000,1.827015,1.678094,1.278109,0.156650,-0.049807,0.153546,-0.054606,0.152267,-0.055142,0.152267,-0.055142,0,-0.362136,0.152267,0.146213,-0.034606,-0.074606,0.152267
138,400000000,1.828802,1.684063,1.276090,0.155436,-0.050892,0.152267,-0.055142,0.149725,-0.056533,0.149725,-0.056533,0,-0.377579,0.149725,0.144934,-0.035142,-0.075142,0.149725
138,420000000,1.829679,1.686979,1.275068,0.152259,-0.051112,0.149725,-0.056533,0.148483,-0.055430,0.148483,-0.055430,0,-0.373310,0.148483,0.142392,-0.036533,-0.076533,0.148483
138,460000000,1.831427,1.692756,1.272983,0.149742,-0.052657,0.148483,-0.055430,0.146021,-0.055982,0.146021,-0.055982,0,-0.383386,0.146021,0.141149,-0.035430,-0.075430,0.146021
138,480000000,1.832298,1.695621,1.271935,0.149711,-0.052411,0.146021,-0.055982,0.144800,-0.057130,0.144800,-0.057130,0,-0.394545,0.144800,0.138688,-0.035982,-0.075982,0.144800
138,520000000,1.834015,1.701229,1.269839,0.146007,-0.051878,0.144800,-0.057130,0.142409,-0.056720,0.142409,-0.056720,0,-0.398292,0.142409,0.137467,-0.037130,-0.077130,0.142409
138,540000000,1.834869,1.704007,1.268786,0.145291,-0.052665,0.142409,-0.056720,0.141225,-0.057315,0.141225,-0.057315,0,-0.405845,0.141225,0.135076,-0.036720,-0.076720,0.141225
138,580000000,1.836572,1.709508,1.266646,0.143141,-0.054022,0.141225,-0.057315,0.138878,-0.057913,0.138878,-0.057913,0,-0.417006,0.138878,0.133892,-0.037315,-0.077315,0.138878
138,600000000,1.837410,1.712205,1.265582,0.141210,-0.053179,0.138878,-0.057913,0.137728,-0.057605,0.137728,-0.057605,0,-0.418251,0.137728,0.131545,-0.037913,-0.077913,0.137728
138,640000000,1.839077,1.717535,1.263425,0.138864,-0.053760,0.137728,-0.057605,0.135454,-0.057963,0.135454,-0.057963,0,-0.427918,0.135454,0.130395,-0.037605,-0.077605,0.135454
138,660000000,1.839910,1.720184,1.262351,0.138863,-0.053718,0.135454,-0.057963,0.134323,-0.059258,0.134323,-0.059258,0,-0.441160,0.134323,0.128120,-0.037963,-0.077963,0.134323
138,700000000,1.841545,1.725352,1.260180,0.135438,-0.053787,0.134323,-0.059258,0.132116,-0.058851,0.132116,-0.058851,0,-0.445448,0.132116,0.126990,-0.039258,-0.079258,0.132116
138,740000000,1.843177,1.730480,1.257987,0.134307,-0.055031,0.132116,-0.058851,0.129927,-0.060488,0.129927,-0.060488,0,-0.465552,0.129927,0.124783,-0.038851,-0.078851,0.129927
138,760000000,1.843986,1.732999,1.256855,0.132248,-0.056588,0.129927,-0.060488,0.128851,-0.059903,0.128851,-0.059903,0,-0.464902,0.128851,0.122593,-0.040488,-0.080488,0.128851
138,800000000,1.845577,1.737943,1.254603,0.129816,-0.056297,0.128851,-0.059903,0.126738,-0.060185,0.126738,-0.060185,0,-0.474879,0.126738,0.121517,-0.039903,-0.079903,0.126738
138,820000000,1.846371,1.740395,1.253490,0.128834,-0.055673,0.126738,-0.060185,0.125690,-0.060543,0.125690,-0.060543,0,-0.481685,0.125690,0.119405,-0.040185,-0.080185,0.125690
138,840000000,1.847163,1.742829,1.252359,0.127986,-0.056517,0.125690,-0.060543,0.124650,-0.060975,0.124650,-0.060975,0,-0.489173,0.124650,0.118357,-0.040543,-0.080543,0.124650
138,880000000,1.848724,1.747607,1.250107,0.125673,-0.056289,0.124650,-0.060975,0.122607,-0.061273,0.122607,-0.061273,0,-0.499751,0.122607,0.117316,-0.040975,-0.080975,0.122607
138,920000000,1.850284,1.752345,1.247838,0.124632,-0.056670,0.122607,-0.061273,0.120580,-0.062905,0.120580,-0.062905,0,-0.521689,0.120580,0.115273,-0.041273,-0.081273,0.120580
138,940000000,1.851056,1.754674,1.246671,0.122704,-0.058364,0.120580,-0.062905,0.119583,-0.062261,0.119583,-0.062261,0,-0.520654,0.119583,0.113247,-0.042905,-0.082905,0.119583
138,980000000,1.852577,1.759243,1.244328,0.120182,-0.058486,0.119583,-0.062261,0.117628,-0.062382,0.117628,-0.062382,0,-0.530332,0.117628,0.112250,-0.042261,-0.082261,0.117628
139,0,1.853336,1.761510,1.243169,0.119565,-0.057956,0.117628,-0.062382,0.116657,-0.063177,0.116657,-0.063177,0,-0.541563,0.116657,0.110295,-0.042382,-0.082382,0.116657
139,40000000,1.854845,1.765989,1.240821,0.116730,-0.059492,0.116657,-0.063177,0.114739,-0.062908,0.114739,-0.062908,0,-0.548270,0.114739,0.109324,-0.043177,-0.083177,0.114739
139,60000000,1.855593,1.768199,1.239644,0.116638,-0.058848,0.114739,-0.062908,0.113793,-0.064212,0.113793,-0.064212,0,-0.564289,0.113793,0.107406,-0.042908,-0.082908,0.113793
139,100000000,1.857074,1.772548,1.237288,0.114720,-0.058563,0.113793,-0.064212,0.111929,-0.064844,0.111929,-0.064844,0,-0.579328,0.111929,0.106460,-0.044212,-0.084212,0.111929
139,120000000,1.857814,1.774710,1.236103,0.114262,-0.059294,0.111929,-0.064844,0.111003,-0.065669,0.111003,-0.065669,0,-0.591594,0.111003,0.104596,-0.044844,-0.084844,0.111003
139,160000000,1.859295,1.779008,1.233699,0.113560,-0.060366,0.111003,-0.065669,0.109160,-0.067500,0.109160,-0.067500,0,-0.618358,0.109160,0.103669,-0.045669,-0.085669,0.109160
139,200000000,1.860751,1.783203,1.231243,0.110982,-0.061251,0.109160,-0.067500,0.107360,-0.067457,0.107360,-0.067457,0,-0.628323,0.107360,0.101826,-0.047500,-0.087500,0.107360
139,220000000,1.861471,1.785265,1.229969,0.109231,-0.063722,0.107360,-0.067457,0.106475,-0.066666,0.106475,-0.066666,0,-0.626119,0.106475,0.100027,-0.047457,-0.087457,0.106475
139,260000000,1.862909,1.789356,1.227439,0.107659,-0.063442,0.106475,-0.066666,0.104719,-0.067889,0.104719,-0.067889,0,-0.648298,0.104719,0.099142,-0.046666,-0.086666,0.104719
139,280000000,1.863617,1.791364,1.226194,0.106453,-0.062245,0.104719,-0.067889,0.103857,-0.067893,0.103857,-0.067893,0,-0.653717,0.103857,0.097386,-0.047889,-0.087889,0.103857
139,320000000,1.865030,1.795339,1.223661,0.104708,-0.063576,0.103857,-0.067893,0.102150,-0.068763,0.102150,-0.068763,0,-0.673159,0.102150,0.096524,-0.047893,-0.087893,0.102150
139,340000000,1.865734,1.797307,1.222382,0.104507,-0.063944,0.102150,-0.068763,0.101304,-0.070092,0.101304,-0.070092,0,-0.691899,0.101304,0.094816,-0.048763,-0.088763,0.101304
139,360000000,1.866425,1.799230,1.221080,0.102215,-0.065086,0.101304,-0.070092,0.100477,-0.068429,0.100477,-0.068429,0,-0.681047,0.100477,0.093971,-0.050092,-0.090092,0.100477
139,400000000,1.867806,1.803057,1.218476,0.101285,-0.065907,0.100477,-0.068429,0.098831,-0.070226,0.098831,-0.070226,0,-0.710558,0.098831,0.093144,-0.048429,-0.088429,0.098831
139,440000000,1.869182,1.806823,1.215801,0.099186,-0.068088,0.098831,-0.070226,0.097210,-0.070213,0.097210,-0.070213,0,-0.722280,0.097210,0.091498,-0.050226,-0.090226,0.097210
139,460000000,1.869866,1.808672,1.214446,0.098581,-0.067748,0.097210,-0.070213,0.096412,-0.070708,0.096412,-0.070708,0,-0.733394,0.096412,0.089877,-0.050213,-0.090213,0.096412
139,500000000,1.871233,1.812322,1.211694,0.096857,-0.068736,0.096412,-0.070708,0.094835,-0.070854,0.094835,-0.070854,0,-0.747122,0.094835,0.089079,-0.050708,-0.090708,0.094835
139,520000000,1.871914,1.814120,1.210290,0.096132,-0.070187,0.094835,-0.070854,0.094057,-0.071015,0.094057,-0.071015,0,-0.755013,0.094057,0.087502,-0.050854,-0.090854,0.094057
139,560000000,1.873262,1.817646,1.207470,0.094309,-0.070854,0.094057,-0.071015,0.092529,-0.070703,0.092529,-0.070703,0,-0.764116,0.092529,0.086724,-0.051015,-0.091015,0.092529
139,580000000,1.873936,1.819394,1.206050,0.093634,-0.071022,0.092529,-0.070703,0.091772,-0.071049,0.091772,-0.071049,0,-0.774193,0.091772,0.085196,-0.050703,-0.090703,0.091772
139,620000000,1.875281,1.822865,1.203210,0.092605,-0.070983,0.091772,-0.071049,0.090266,-0.072616,0.090266,-0.072616,0,-0.804466,0.090266,0.084438,-0.051049,-0.091049,0.090266
139,640000000,1.875946,1.824565,1.201790,0.091261,-0.070997,0.090266,-0.072616,0.089527,-0.071765,0.089527,-0.071765,0,-0.801596,0.089527,0.082932,-0.052616,-0.092616,0.089527
139,680000000,1.877267,1.827926,1.198896,0.089752,-0.072616,0.089527,-0.071765,0.088067,-0.072186,0.088067,-0.072186,0,-0.819678,0.088067,0.082194,-0.051765,-0.091765,0.088067
139,700000000,1.877921,1.829586,1.197447,0.089224,-0.072477,0.088067,-0.072186,0.087345,-0.072805,0.087345,-0.072805,0,-0.833526,0.087345,0.080733,-0.052186,-0.092186,0.087345
139,740000000,1.879219,1.832840,1.194560,0.087542,-0.072187,0.087345,-0.072805,0.085929,-0.072735,0.085929,-0.072735,0,-0.846459,0.085929,0.080012,-0.052805,-0.092805,0.085929
139,760000000,1.879866,1.834453,1.193102,0.086895,-0.072888,0.085929,-0.072735,0.085226,-0.073028,0.085226,-0.073028,0,-0.856868,0.085226,0.078595,-0.052735,-0.092735,0.085226
139,800000000,1.881154,1.837647,1.190185,0.085361,-0.073048,0.085226,-0.073028,0.083835,-0.073155,0.083835,-0.073155,0,-0.872613,0.083835,0.077893,-0.053028,-0.093028,0.083835
139,820000000,1.881792,1.839216,1.188724,0.084703,-0.073028,0.083835,-0.073155,0.083150,-0.073357,0.083150,-0.073357,0,-0.882221,0.083150,0.076502,-0.053155,-0.093155,0.083150
139,860000000,1.883061,1.842319,1.185791,0.083315,-0.073156,0.083150,-0.073357,0.081796,-0.073579,0.081796,-0.073579,0,-0.899535,0.081796,0.075817,-0.053357,-0.093357,0.081796
139,900000000,1.884326,1.845383,1.182858,0.082626,-0.073358,0.081796,-0.073579,0.080458,-0.074948,0.080458,-0.074948,0,-0.931527,0.080458,0.074463,-0.053579,-0.093579,0.080458
139,920000000,1.884961,1.846909,1.181391,0.082622,-0.073358,0.080458,-0.074948,0.079790,-0.076713,0.079790,-0.076713,0,-0.961433,0.079790,0.073124,-0.054948,-0.094948,0.079790
139,960000000,1.886196,1.849869,1.178390,0.079939,-0.074949,0.079790,-0.076713,0.078496,-0.073966,0.078496,-0.073966,0,-0.942287,0.078496,0.072457,-0.056713,-0.096713,0.078496
139,980000000,1.886813,1.851336,1.176870,0.079602,-0.076018,0.078496,-0.073966,0.077853,-0.075196,0.077853,-0.075196,0,-0.965862,0.077853,0.071163,-0.053966,-0.093966,0.077853
140,20000000,1.888044,1.854246,1.173817,0.078691,-0.075942,0.077853,-0.075196,0.076579,-0.076962,0.076579,-0.076962,0,-1.005007,0.076579,0.070520,-0.055196,-0.095196,0.076579
140,40000000,1.888649,1.855672,1.172330,0.077448,-0.074311,0.076579,-0.076962,0.075954,-0.075814,0.075954,-0.075814,0,-0.998148,0.075954,0.069246,-0.056962,-0.096962,0.075954
140,80000000,1.889849,1.858497,1.169318,0.076278,-0.075193,0.075954,-0.075814,0.074718,-0.076905,0.074718,-0.076905,0,-1.029278,0.074718,0.068621,-0.055814,-0.095814,0.074718
140,100000000,1.890446,1.859901,1.167824,0.076294,-0.074685,0.074718,-0.076905,0.074103,-0.079009,0.074103,-0.079009,0,-1.066199,0.074103,0.067384,-0.056905,-0.096905,0.074103
140,140000000,1.891613,1.862652,1.164869,0.074611,-0.072906,0.074103,-0.079009,0.072901,-0.078928,0.072901,-0.078928,0,-1.082661,0.072901,0.066770,-0.059009,-0.099009,0.072901
140,160000000,1.892191,1.864022,1.163399,0.074319,-0.073507,0.072901,-0.078928,0.072305,-0.080313,0.072305,-0.080313,0,-1.110767,0.072305,0.065568,-0.058928,-0.098928,0.072305
140,200000000,1.893344,1.866733,1.160403,0.073251,-0.075522,0.072305,-0.080313,0.071121,-0.081965,0.071121,-0.081965,0,-1.152465,0.071121,0.064971,-0.060313,-0.100313,0.071121
140,240000000,1.894481,1.869388,1.157374,0.072168,-0.075848,0.071121,-0.081965,0.069962,-0.085617,0.069962,-0.085617,0,-1.223764,0.069962,0.063788,-0.061965,-0.101965,0.069962
140,260000000,1.895044,1.870694,1.155829,0.071090,-0.077277,0.069962,-0.085617,0.069392,-0.087323,0.069392,-0.087323,0,-1.258407,0.069392,0.062629,-0.065617,-0.105617,0.069392
140,300000000,1.896162,1.873272,1.152626,0.069405,-0.082948,0.069392,-0.087323,0.068265,-0.092642,0.068265,-0.092642,0,-1.357088,0.068265,0.062059,-0.067323,-0.107323,0.068265
140,320000000,1.896716,1.874544,1.150975,0.069353,-0.082568,0.068265,-0.092642,0.067709,-0.095058,0.067709,-0.095058,0,-1.403918,0.067709,0.060932,-0.072642,-0.112642,0.067709
140,360000000,1.897817,1.877051,1.147501,0.068225,-0.087856,0.067709,-0.095058,0.066612,-0.099328,0.066612,-0.099328,0,-1.491149,0.066612,0.060376,-0.075058,-0.115058,0.066612
140,380000000,1.898367,1.878293,1.145713,0.067925,-0.089364,0.066612,-0.099328,0.066067,-0.101251,0.066067,-0.101251,0,-1.532549,0.066067,0.059278,-0.079328,-0.119328,0.066067
140,420000000,1.899450,1.880726,1.141933,0.066569,-0.094479,0.066067,-0.101251,0.065001,-0.104486,0.065001,-0.104486,0,-1.607451,0.065001,0.058734,-0.081251,-0.121251,0.065001
140,460000000,1.900534,1.883137,1.138087,0.066023,-0.096316,0.065001,-0.104486,0.063942,-0.108551,0.063942,-0.108551,0,-1.697643,0.063942,0.057667,-0.084486,-0.124486,0.063942
140,480000000,1.901072,1.884325,1.136096,0.065224,-0.099563,0.063942,-0.108551,0.063420,-0.111193,0.063420,-0.111193,0,-1.753277,0.063420,0.056609,-0.088551,-0.128551,0.063420
140,520000000,1.902133,1.886650,1.131951,0.063896,-0.103575,0.063420,-0.111193,0.062397,-0.115837,0.062397,-0.115837,0,-1.856445,0.062397,0.056087,-0.091193,-0.131193,0.062397
140,540000000,1.902663,1.887802,1.129828,0.063373,-0.106186,0.062397,-0.115837,0.061890,-0.117935,0.061890,-0.117935,0,-1.905551,0.061890,0.055064,-0.095837,-0.135837,0.061890
140,580000000,1.903718,1.890077,1.125459,0.062010,-0.112325,0.061890,-0.117935,0.060887,-0.121655,0.060887,-0.121655,0,-1.998055,0.060887,0.054557,-0.097935,-0.137935,0.060887
140,600000000,1.904241,1.891197,1.123202,0.061840,-0.112829,0.060887,-0.121655,0.060392,-0.123262,0.060392,-0.123262,0,-2.041042,0.060392,0.053553,-0.101655,-0.141655,0.060392
140,640000000,1.905280,1.893402,1.118557,0.060834,-0.116479,0.060392,-0.123262,0.059417,-0.125999,0.059417,-0.125999,0,-2.120590,0.059417,0.053058,-0.103262,-0.143262,0.059417
140,660000000,1.905800,1.894495,1.116206,0.060486,-0.117553,0.059417,-0.125999,0.058933,-0.128998,0.058933,-0.128998,0,-2.188898,0.058933,0.052083,-0.105999,-0.145999,0.058933
140,700000000,1.906839,1.896664,1.111453,0.059897,-0.119652,0.058933,-0.128998,0.057971,-0.134642,0.057971,-0.134642,0,-2.322577,0.057971,0.051600,-0.108998,-0.148998,0.057971
140,720000000,1.907352,1.897724,1.108980,0.058875,-0.123676,0.057971,-0.134642,0.057500,-0.137099,0.057500,-0.137099,0,-2.384330,0.057500,0.050638,-0.114642,-0.154642,0.057500
140,760000000,1.908377,1.899825,1.103934,0.058007,-0.128672,0.057500,-0.137099,0.056565,-0.141550,0.056565,-0.141550,0,-2.502423,0.056565,0.050167,-0.117099,-0.157099,0.056565
140,800000000,1.909396,1.901889,1.098699,0.057205,-0.132595,0.056565,-0.141550,0.055645,-0.145300,0.055645,-0.145300,0,-2.611219,0.055645,0.049232,-0.121550,-0.161550,0.055645
140,820000000,1.909901,1.902900,1.095979,0.056501,-0.136028,0.055645,-0.145300,0.055193,-0.146862,0.055193,-0.146862,0,-2.660906,0.055193,0.048311,-0.125300,-0.165300,0.055193
140,860000000,1.910905,1.904896,1.090435,0.055577,-0.139687,0.055193,-0.146862,0.054299,-0.150969,0.054299,-0.150969,0,-2.780326,0.054299,0.047859,-0.126862,-0.166862,0.054299
140,880000000,1.911409,1.905887,1.087644,0.055574,-0.139597,0.054299,-0.150969,0.053854,-0.154439,0.053854,-0.154439,0,-2.867717,0.053854,0.046966,-0.130969,-0.170969,0.053854
140,920000000,1.912399,1.907817,1.081833,0.054226,-0.145218,0.053854,-0.154439,0.052986,-0.160472,0.052986,-0.160472,0,-3.028547,0.052986,0.046521,-0.134439,-0.174439,0.052986
140,940000000,1.912895,1.908773,1.078867,0.053824,-0.148291,0.052986,-0.160472,0.052556,-0.163204,0.052556,-0.163204,0,-3.105343,0.052556,0.045653,-0.140472,-0.180472,0.052556
140,980000000,1.913887,1.910667,1.072838,0.053126,-0.152906,0.052556,-0.163204,0.051700,-0.168149,0.051700,-0.168149,0,-3.252400,0.051700,0.045222,-0.143204,-0.183204,0.051700
141,0,1.914378,1.911595,1.069693,0.052475,-0.157262,0.051700,-0.168149,0.051280,-0.170240,0.051280,-0.170240,0,-3.319820,0.051280,0.044367,-0.148149,-0.188149,0.051280
141,40000000,1.915357,1.913424,1.063267,0.051615,-0.162103,0.051280,-0.170240,0.050449,-0.173879,0.050449,-0.173879,0,-3.446633,0.050449,0.043947,-0.150240,-0.190240,0.050449
141,60000000,1.915848,1.914332,1.060027,0.051612,-0.162002,0.050449,-0.173879,0.050036,-0.175505,0.050036,-0.175505,0,-3.507592,0.050036,0.043116,-0.153879,-0.193879,0.050036
141,100000000,1.916814,1.916100,1.053318,0.050358,-0.167675,0.050036,-0.175505,0.050000,-0.186320,0.050000,-0.186320,0,-3.726395,0.050000,0.042702,-0.155505,-0.195505,0.050000
141,140000000,1.917784,1.917847,1.046554,0.049939,-0.169143,0.050000,-0.186320,0.050000,-0.197049,0.050000,-0.197049,0,-3.940976,0.050000,0.042667,-0.166320,-0.206320,0.050000
141,160000000,1.918273,1.918718,1.042957,0.049918,-0.179815,0.050000,-0.197049,0.050000,-0.202080,0.050000,-0.202080,0,-4.041599,0.050000,0.042667,-0.177049,-0.217049,0.050000
141,200000000,1.919259,1.920453,1.035331,0.049892,-0.190854,0.050000,-0.202080,0.050000,-0.211487,0.050000,-0.211487,0,-4.229741,0.050000,0.042667,-0.182080,-0.222080,0.050000
141,220000000,1.919757,1.921318,1.031426,0.049889,-0.195262,0.050000,-0.211487,0.050000,-0.215981,0.050000,-0.215981,0,-4.319630,0.050000,0.042667,-0.191487,-0.231487,0.050000
141,260000000,1.920762,1.923043,1.023344,0.049880,-0.208914,0.050000,-0.215981,0.050000,-0.224486,0.050000,-0.224486,0,-4.489728,0.050000,0.042667,-0.195981,-0.235981,0.050000
141,280000000,1.921269,1.923902,1.019169,0.049876,-0.208783,0.050000,-0.224486,0.050000,-0.226631,0.050000,-0.226631,0,-4.532626,0.050000,0.042667,-0.204486,-0.244486,0.050000
141,320000000,1.922293,1.925614,1.010553,0.049866,-0.217018,0.050000,-0.226631,0.050000,-0.227271,0.050000,-0.227271,0,-4.545416,0.050000,0.042667,-0.206631,-0.246631,0.050000
141,340000000,1.922811,1.926466,1.006188,0.049861,-0.218274,0.050000,-0.227271,0.050000,-0.227556,0.050000,-0.227556,0,-4.551116,0.050000,0.042667,-0.207271,-0.247271,0.050000
141,380000000,1.923856,1.928165,0.997409,0.049851,-0.219420,0.050000,-0.227556,0.050000,-0.228115,0.050000,-0.228115,0,-4.562300,0.050000,0.042667,-0.207556,-0.247556,0.050000
141,400000000,1.924383,1.929011,0.993018,0.049846,-0.219542,0.050000,-0.228115,0.050000,-0.228411,0.050000,-0.228411,0,-4.568210,0.050000,0.042667,-0.208115,-0.248115,0.050000
141,440000000,1.925449,1.930696,0.984233,0.049836,-0.219833,0.050000,-0.228411,0.050000,-0.229035,0.050000,-0.229035,0,-4.580704,0.050000,0.042667,-0.208411,-0.248411,0.050000
