sec,nsec,x,y,yaw,v_real,w_real,v_now,w_now,v_cmd,w_cmd,v_nav,w_nav,vx_real,vy_real,vx_now,vy_now,vx_cmd,vy_cmd,vx_nav,vy_nav,velocity_violation,curvature,dw_vx_max,dw_vx_min,dw_vy_max,dw_vy_min,dw_w_max,dw_w_min,v_reg,lookahead_dist,lookahead_yaw,is_accel
23,0,-0.000000,-0.000000,-0.000000,0.000000,0.000000,0.063263,0.325000,0.048702,0.300000,0.048702,0.300000,0.000000,0.000000,0.006050,-0.062973,0.030494,-0.037973,0.030494,-0.037973,0,7.372879,0.031050,-0.018950,-0.037973,-0.087973,0.350000,0.300000,0.311127,0.220000,1.216531,1
23,40000000,0.000325,-0.000359,-0.000536,0.024217,-0.026811,0.048702,0.300000,0.031013,0.275000,0.031013,0.275000,0.016273,-0.017935,0.030494,-0.037973,0.028169,-0.012973,0.028169,-0.012973,0,7.386493,0.055494,0.005494,-0.012973,-0.062973,0.325000,0.275000,0.311127,0.220000,1.217067,1
23,100000000,0.001802,-0.001378,0.000615,0.028166,0.022738,0.031013,0.275000,0.028405,0.250000,0.028405,0.250000,0.025200,-0.012581,0.028169,-0.012973,0.025733,0.012027,0.025733,0.012027,0,7.423587,0.053169,0.003169,0.012027,-0.037973,0.300000,0.250000,0.311127,0.220000,1.215916,1
23,140000000,0.002811,-0.001880,0.002377,0.028182,0.047812,0.028405,0.250000,0.045231,0.249626,0.045231,0.249626,0.025204,-0.012610,0.025733,0.012027,0.025978,0.037027,0.025978,0.037027,0,7.441917,0.050733,0.000733,0.037027,-0.012973,0.275000,0.225000,0.311127,0.220000,1.214154,1
23,180000000,0.003818,-0.001846,0.005588,0.026771,0.098386,0.045231,0.249626,0.049893,0.274626,0.049893,0.274626,0.025212,0.009003,0.025978,0.037027,0.028609,0.040876,0.028609,0.040876,0,7.447934,0.050978,0.000978,0.062027,0.012027,0.274626,0.224626,0.311127,0.220000,1.210943,1
23,220000000,0.004821,-0.000905,0.010074,0.042737,0.123761,0.049893,0.274626,0.054637,0.299626,0.054637,0.299626,0.025544,0.034264,0.028609,0.040876,0.031403,0.044712,0.031403,0.044712,0,7.439391,0.053609,0.003609,0.065876,0.015876,0.299626,0.249626,0.311127,0.220000,1.206457,1
23,280000000,0.006390,0.001391,0.018116,0.047925,0.137948,0.054637,0.299626,0.059135,0.324626,0.059135,0.324626,0.027138,0.039502,0.031403,0.044712,0.034222,0.048227,0.034222,0.048227,0,7.413989,0.056403,0.006403,0.069712,0.019712,0.324626,0.274626,0.311127,0.220000,1.207702,1
23,320000000,0.007507,0.003155,0.024225,0.053022,0.154587,0.059135,0.324626,0.064013,0.349626,0.064013,0.349626,0.029113,0.044315,0.034222,0.048227,0.037254,0.052056,0.037254,0.052056,0,7.392800,0.059222,0.009222,0.073227,0.023227,0.349626,0.299626,0.311127,0.220000,1.201593,1
23,360000000,0.008688,0.005096,0.030995,0.057720,0.173009,0.064013,0.349626,0.068979,0.374626,0.068979,0.374626,0.031278,0.048511,0.037254,0.052056,0.040406,0.055905,0.040406,0.055905,0,7.367918,0.062254,0.012254,0.077056,0.027056,0.374626,0.324626,0.311127,0.220000,1.194823,1
23,420000000,0.010576,0.008254,0.042405,0.062895,0.197595,0.068979,0.374626,0.074292,0.399626,0.074292,0.399626,0.034307,0.052714,0.040406,0.055905,0.044009,0.059854,0.044009,0.059854,0,7.324192,0.065406,0.015406,0.080905,0.030905,0.399626,0.349626,0.311127,0.220000,1.183413,1
23,460000000,0.011944,0.010569,0.051114,0.067235,0.217693,0.074292,0.399626,0.078950,0.424626,0.078950,0.424626,0.036883,0.056216,0.044009,0.059854,0.047174,0.063307,0.047174,0.063307,0,7.289620,0.069009,0.019009,0.084854,0.034854,0.424626,0.374626,0.311127,0.220000,1.183248,1
23,500000000,0.013393,0.013037,0.060558,0.072343,0.239549,0.078950,0.424626,0.084271,0.449626,0.084271,0.449626,0.040144,0.060182,0.047174,0.063307,0.050818,0.067224,0.050818,0.067224,0,7.251948,0.072174,0.022174,0.088307,0.038307,0.449626,0.399626,0.311127,0.220000,1.173803,1
23,540000000,0.014921,0.015662,0.070848,0.076816,0.261704,0.084271,0.449626,0.089743,0.474626,0.089743,0.474626,0.043001,0.063652,0.050818,0.067224,0.054665,0.071173,0.054665,0.071173,0,7.209791,0.075818,0.025818,0.092224,0.042224,0.474626,0.424626,0.311127,0.220000,1.163514,1
23,580000000,0.016547,0.018481,0.082092,0.081917,0.283456,0.089743,0.474626,0.095392,0.499626,0.095392,0.499626,0.046290,0.067584,0.054665,0.071173,0.058745,0.075158,0.058745,0.075158,0,7.162597,0.079665,0.029665,0.096173,0.046173,0.499626,0.449626,0.311127,0.220000,1.152270,1
23,640000000,0.019108,0.023000,0.100238,0.088661,0.310815,0.095392,0.499626,0.096322,0.500000,0.096322,0.500000,0.050789,0.072672,0.058745,0.075158,0.060362,0.075063,0.060362,0.075063,0,7.084468,0.083745,0.033745,0.100158,0.050158,0.500000,0.474626,0.311127,0.220000,1.141998,1
23,680000000,0.020910,0.026232,0.113284,0.092505,0.326077,0.096322,0.500000,0.097435,0.500000,0.097435,0.500000,0.053410,0.075528,0.060362,0.075063,0.061816,0.075316,0.061816,0.075316,0,7.027093,0.085362,0.035362,0.100063,0.050063,0.500000,0.475000,0.311127,0.220000,1.128952,1
23,720000000,0.022722,0.029491,0.127211,0.093247,0.349284,0.097435,0.500000,0.098652,0.500000,0.098652,0.500000,0.054835,0.075419,0.061816,0.075316,0.063415,0.075571,0.063415,0.075571,0,6.963884,0.086816,0.036816,0.100316,0.050316,0.500000,0.475000,0.311127,0.220000,1.115025,1
23,760000000,0.024534,0.032790,0.142027,0.094199,0.372689,0.098652,0.500000,0.099325,0.500000,0.099325,0.500000,0.056115,0.075660,0.063415,0.075571,0.064741,0.075326,0.064741,0.075326,0,6.894353,0.088415,0.038415,0.100571,0.050571,0.500000,0.475000,0.311127,0.220000,1.107481,1
23,820000000,0.027237,0.037814,0.165645,0.095384,0.402984,0.099325,0.500000,0.101489,0.500000,0.101489,0.500000,0.057874,0.075820,0.064741,0.075326,0.067612,0.075687,0.067612,0.075687,0,6.779724,0.089741,0.039741,0.100326,0.050326,0.500000,0.475000,0.311127,0.220000,1.083862,1
23,860000000,0.029034,0.041205,0.182513,0.096109,0.423878,0.101489,0.500000,0.103093,0.500000,0.103093,0.500000,0.059205,0.075708,0.067612,0.075687,0.069748,0.075917,0.069748,0.075917,0,6.694498,0.092612,0.042612,0.100687,0.050687,0.500000,0.475000,0.311127,0.220000,1.066995,1
23,900000000,0.030863,0.044657,0.200174,0.097739,0.441364,0.103093,0.500000,0.104161,0.500000,0.104161,0.500000,0.061442,0.076012,0.069748,0.075917,0.071587,0.075662,0.071587,0.075662,0,6.603638,0.094748,0.044748,0.100917,0.050917,0.500000,0.475000,0.311127,0.220000,1.056061,1
23,940000000,0.032700,0.048164,0.217750,0.098965,0.439340,0.104161,0.500000,0.105924,0.500000,0.105924,0.500000,0.063134,0.076211,0.071587,0.075662,0.073909,0.075876,0.073909,0.075876,0,6.512093,0.096587,0.046587,0.100662,0.050662,0.500000,0.475000,0.311127,0.220000,1.038484,1
23,980000000,0.034540,0.051707,0.235246,0.099793,0.437311,0.105924,0.500000,0.107739,0.500000,0.107739,0.500000,0.064747,0.075937,0.073909,0.075876,0.076287,0.076078,0.076287,0.076078,0,6.419444,0.098909,0.048909,0.100876,0.050876,0.500000,0.475000,0.311127,0.220000,1.020988,1
24,40000000,0.037328,0.057130,0.261303,0.102501,0.432833,0.107739,0.500000,0.109872,0.500000,0.109872,0.500000,0.068470,0.076278,0.076287,0.076078,0.079448,0.075893,0.079448,0.075893,0,6.279479,0.101287,0.051287,0.101078,0.051078,0.500000,0.475000,0.311127,0.220000,1.001165,1
24,80000000,0.039189,0.060812,0.278561,0.103457,0.430738,0.109872,0.500000,0.111799,0.500000,0.111799,0.500000,0.069977,0.076201,0.079448,0.075893,0.081934,0.076065,0.081934,0.076065,0,6.185187,0.104448,0.054448,0.100893,0.050893,0.500000,0.475000,0.311127,0.220000,0.983907,1
24,120000000,0.041086,0.064546,0.295690,0.104952,0.427736,0.111799,0.500000,0.114953,0.500000,0.114953,0.500000,0.072277,0.076099,0.081934,0.076065,0.085040,0.077346,0.085040,0.077346,0,6.018362,0.106934,0.056934,0.101065,0.051065,0.500000,0.475000,0.311127,0.223598,0.972565,1
24,160000000,0.042988,0.068338,0.312716,0.106020,0.425482,0.114953,0.500000,0.119628,0.500000,0.119628,0.500000,0.073767,0.076149,0.085040,0.077346,0.089103,0.079821,0.089103,0.079821,0,5.804523,0.110040,0.060040,0.102346,0.052346,0.500000,0.475000,0.311127,0.229906,0.960920,1
24,220000000,0.045887,0.074256,0.337975,0.112169,0.418502,0.119628,0.500000,0.127173,0.500000,0.127173,0.500000,0.079344,0.079287,0.089103,0.079821,0.095714,0.083736,0.095714,0.083736,0,5.504118,0.114103,0.064103,0.104821,0.054821,0.500000,0.475000,0.311127,0.239256,0.940672,1
24,260000000,0.047872,0.078416,0.354571,0.117529,0.412509,0.127173,0.500000,0.136929,0.500000,0.136929,0.500000,0.084019,0.082181,0.095714,0.083736,0.103092,0.090120,0.103092,0.090120,0,5.175238,0.120714,0.070714,0.108736,0.058736,0.500000,0.475000,0.311127,0.254346,0.928750,1
24,300000000,0.049918,0.082793,0.370964,0.121817,0.409531,0.136929,0.500000,0.148704,0.500000,0.148704,0.500000,0.087569,0.084681,0.103092,0.090120,0.111780,0.098072,0.111780,0.098072,0,4.816459,0.128092,0.078092,0.115120,0.065120,0.500000,0.475000,0.311127,0.273858,0.920813,1
24,340000000,0.052035,0.087512,0.387009,0.129890,0.400383,0.148704,0.500000,0.162321,0.500000,0.162321,0.500000,0.093389,0.090277,0.111780,0.098072,0.121707,0.107403,0.121707,0.107403,0,4.449577,0.136780,0.086780,0.123072,0.073072,0.500000,0.475000,0.311127,0.297409,0.916115,1
24,400000000,0.055355,0.095374,0.410393,0.147984,0.384849,0.162321,0.500000,0.180556,0.500000,0.180556,0.500000,0.106142,0.103118,0.121707,0.107403,0.135777,0.119017,0.135777,0.119017,0,4.060900,0.146707,0.096707,0.132403,0.082403,0.500000,0.475000,0.311127,0.324641,0.899006,1
24,440000000,0.057679,0.101177,0.425363,0.160781,0.369556,0.180556,0.500000,0.201734,0.500000,0.201734,0.500000,0.115707,0.111636,0.135777,0.119017,0.150915,0.133870,0.150915,0.133870,0,3.675311,0.160777,0.110777,0.144017,0.094017,0.500000,0.475000,0.311127,0.361112,0.895020,1
24,480000000,0.060157,0.107597,0.439694,0.175925,0.354514,0.201734,0.500000,0.226824,0.500000,0.226824,0.500000,0.126564,0.122193,0.150915,0.133870,0.168788,0.151525,0.168788,0.151525,0,3.311433,0.175915,0.125915,0.158870,0.108870,0.500000,0.475000,0.311127,0.403468,0.889385,1
24,520000000,0.062730,0.114654,0.453239,0.207746,0.321948,0.226824,0.500000,0.249633,0.500000,0.249633,0.500000,0.148018,0.145771,0.168788,0.151525,0.185481,0.167073,0.185481,0.167073,0,3.042155,0.193788,0.143788,0.176525,0.126525,0.500000,0.475000,0.311127,0.440000,0.881293,1
24,580000000,0.066909,0.126854,0.471825,0.227368,0.294870,0.249633,0.500000,0.254482,0.500000,0.254482,0.500000,0.162179,0.159356,0.185481,0.167073,0.191753,0.167307,0.191753,0.167307,0,2.988369,0.210481,0.160481,0.192073,0.142073,0.500000,0.475000,0.311127,0.440000,0.864502,1
24,620000000,0.069819,0.135591,0.483359,0.231340,0.284903,0.254482,0.500000,0.257383,0.500000,0.257383,0.500000,0.167015,0.160076,0.191753,0.167307,0.195572,0.167325,0.195572,0.167325,0,2.954996,0.216753,0.166753,0.192307,0.142307,0.500000,0.475000,0.311127,0.440000,0.854757,1
24,660000000,0.072825,0.144391,0.494486,0.232941,0.275882,0.257383,0.500000,0.260778,0.500000,0.260778,0.500000,0.170758,0.158440,0.195572,0.167325,0.199684,0.167724,0.199684,0.167724,0,2.923499,0.220000,0.170572,0.192325,0.142325,0.500000,0.475000,0.311127,0.440000,0.843630,1
24,720000000,0.077438,0.157602,0.510503,0.232502,0.261253,0.260778,0.500000,0.264956,0.500000,0.264956,0.500000,0.174179,0.154010,0.199684,0.167724,0.205028,0.167825,0.205028,0.167825,0,2.879125,0.220000,0.174684,0.192724,0.142724,0.500000,0.475000,0.311127,0.440000,0.830327,1
24,760000000,0.080523,0.166208,0.520575,0.226908,0.245483,0.264956,0.500000,0.268209,0.500000,0.268209,0.500000,0.173214,0.146575,0.205028,0.167825,0.208846,0.168284,0.208846,0.168284,0,2.851987,0.220000,0.180028,0.192825,0.142825,0.500000,0.475000,0.311127,0.440000,0.820255,1
24,800000000,0.083634,0.174649,0.530159,0.224178,0.236170,0.268209,0.500000,0.270869,0.500000,0.270869,0.500000,0.173513,0.141947,0.208846,0.168284,0.212109,0.168463,0.212109,0.168463,0,2.826984,0.220000,0.183846,0.193284,0.143284,0.500000,0.475000,0.311127,0.440000,0.812201,1
24,860000000,0.088368,0.187229,0.544155,0.224340,0.231625,0.270869,0.500000,0.275108,0.500000,0.275108,0.500000,0.176503,0.138475,0.212109,0.168463,0.217120,0.168947,0.217120,0.168947,0,2.791421,0.220000,0.187109,0.193463,0.143463,0.500000,0.475000,0.311127,0.440000,0.799686,1
24,900000000,0.091620,0.195668,0.553412,0.226742,0.228852,0.275108,0.500000,0.277392,0.499012,0.277392,0.499012,0.180873,0.136737,0.217120,0.168947,0.220000,0.168956,0.220000,0.168956,0,2.768585,0.220000,0.192120,0.193947,0.143947,0.500000,0.475000,0.311127,0.440000,0.791535,1
24,940000000,0.094994,0.204239,0.562693,0.231548,0.231349,0.277392,0.499012,0.276093,0.490852,0.276093,0.490852,0.186788,0.136837,0.220000,0.168956,0.220000,0.166815,0.220000,0.166815,0,2.746359,0.220000,0.195000,0.193956,0.143956,0.500000,0.474012,0.311127,0.440000,0.782254,1
24,980000000,0.098498,0.213035,0.572171,0.238642,0.237659,0.276093,0.490852,0.274815,0.483364,0.274815,0.483364,0.194371,0.138456,0.220000,0.166815,0.220000,0.164692,0.220000,0.164692,0,2.724013,0.220000,0.195000,0.191815,0.141815,0.500000,0.465852,0.311127,0.440000,0.773902,1
25,40000000,0.104029,0.226833,0.587105,0.252081,0.253976,0.274815,0.483364,0.272864,0.471467,0.272864,0.471467,0.207521,0.143108,0.220000,0.164692,0.220000,0.161415,0.220000,0.161415,0,2.688898,0.220000,0.195000,0.189692,0.139692,0.500000,0.458364,0.311127,0.440000,0.760252,1
25,80000000,0.107811,0.236183,0.597259,0.252097,0.252612,0.272864,0.471467,0.271586,0.463687,0.271586,0.463687,0.209509,0.140211,0.220000,0.161415,0.220000,0.159245,0.220000,0.159245,0,2.665233,0.220000,0.195000,0.186415,0.136415,0.496467,0.446467,0.311127,0.440000,0.751226,1
25,120000000,0.111616,0.245545,0.607457,0.252732,0.254867,0.271586,0.463687,0.270334,0.455817,0.270334,0.455817,0.211518,0.138324,0.220000,0.159245,0.220000,0.157101,0.220000,0.157101,0,2.641525,0.220000,0.195000,0.184245,0.134245,0.488687,0.438687,0.311127,0.440000,0.741895,1
25,160000000,0.115417,0.254939,0.617778,0.253380,0.257906,0.270334,0.455817,0.269079,0.448037,0.269079,0.448037,0.213303,0.136758,0.220000,0.157101,0.220000,0.154931,0.220000,0.154931,0,2.617196,0.220000,0.195000,0.182101,0.132101,0.480817,0.430817,0.311127,0.440000,0.732633,1
25,220000000,0.121071,0.269112,0.633587,0.254702,0.265778,0.269079,0.448037,0.267159,0.435876,0.267159,0.435876,0.215515,0.135744,0.220000,0.154931,0.220000,0.151571,0.220000,0.151571,0,2.578844,0.220000,0.195000,0.179931,0.129931,0.473037,0.423037,0.311127,0.440000,0.717870,1
25,260000000,0.124762,0.278653,0.644488,0.256118,0.274755,0.267159,0.435876,0.265808,0.427551,0.265808,0.427551,0.216650,0.136599,0.220000,0.151571,0.220000,0.149178,0.220000,0.149178,0,2.551020,0.220000,0.195000,0.176571,0.126571,0.460876,0.410876,0.311127,0.440000,0.707738,1
25,300000000,0.128415,0.288223,0.655510,0.255878,0.274550,0.265808,0.427551,0.264450,0.418742,0.264450,0.418742,0.217788,0.134321,0.220000,0.149178,0.220000,0.146744,0.220000,0.146744,0,2.522280,0.220000,0.195000,0.174178,0.124178,0.452551,0.402551,0.311127,0.440000,0.696716,1
25,340000000,0.132037,0.297796,0.666559,0.255948,0.276906,0.264450,0.418742,0.263106,0.410493,0.263106,0.410493,0.218715,0.132941,0.220000,0.146744,0.220000,0.144307,0.220000,0.144307,0,2.493076,0.220000,0.195000,0.171744,0.121744,0.443742,0.393742,0.311127,0.440000,0.686480,1
25,380000000,0.135600,0.307400,0.677725,0.255852,0.278271,0.263106,0.410493,0.261748,0.402263,0.261748,0.402263,0.219387,0.131643,0.220000,0.144307,0.220000,0.141817,0.220000,0.141817,0,2.462766,0.220000,0.195000,0.169307,0.119307,0.435493,0.385493,0.311127,0.440000,0.676205,1
25,440000000,0.140840,0.321830,0.694595,0.256044,0.283328,0.261748,0.402263,0.259714,0.389605,0.259714,0.389605,0.220226,0.130610,0.220000,0.141817,0.220000,0.138027,0.220000,0.138027,0,2.415711,0.220000,0.195000,0.166817,0.116817,0.427263,0.377263,0.311127,0.440000,0.660058,1
25,480000000,0.144261,0.331460,0.705908,0.255634,0.284138,0.259714,0.389605,0.258362,0.381300,0.258362,0.381300,0.220663,0.129060,0.220000,0.138027,0.220000,0.135466,0.220000,0.135466,0,2.383294,0.220000,0.195000,0.163027,0.113027,0.414605,0.364605,0.311127,0.440000,0.649368,1
25,520000000,0.147631,0.341079,0.717197,0.254514,0.281305,0.258362,0.381300,0.257031,0.373177,0.257031,0.373177,0.220962,0.126306,0.220000,0.135466,0.220000,0.132909,0.220000,0.132909,0,2.350429,0.220000,0.195000,0.160466,0.110466,0.406300,0.356300,0.311127,0.440000,0.638826,1
25,580000000,0.152563,0.355499,0.734180,0.254052,0.284168,0.257031,0.373177,0.255049,0.360834,0.255049,0.360834,0.221216,0.124923,0.220000,0.132909,0.220000,0.129036,0.220000,0.129036,0,2.299655,0.220000,0.195000,0.157909,0.107909,0.398177,0.348177,0.311127,0.440000,0.622494,1
25,620000000,0.155778,0.365109,0.745459,0.253367,0.282361,0.255049,0.360834,0.253754,0.352769,0.253754,0.352769,0.221419,0.123161,0.220000,0.129036,0.220000,0.126456,0.220000,0.126456,0,2.265180,0.220000,0.195000,0.154036,0.104036,0.385834,0.335834,0.311127,0.440000,0.611688,1
25,660000000,0.158961,0.374679,0.756615,0.251971,0.277854,0.253754,0.352769,0.252502,0.344977,0.252502,0.344977,0.221496,0.120119,0.220000,0.126456,0.220000,0.123924,0.220000,0.123924,0,2.230835,0.220000,0.195000,0.151456,0.101456,0.377769,0.327769,0.311127,0.440000,0.601145,1
25,700000000,0.162089,0.384233,0.767685,0.251106,0.275975,0.252502,0.344977,0.251278,0.336984,0.251278,0.336984,0.221549,0.118195,0.220000,0.123924,0.220000,0.121411,0.220000,0.121411,0,2.196248,0.220000,0.195000,0.148924,0.098924,0.369977,0.319977,0.311127,0.440000,0.590075,1
25,740000000,0.165162,0.393771,0.778682,0.250219,0.273837,0.251278,0.336984,0.250082,0.329448,0.250082,0.329448,0.221544,0.116311,0.220000,0.121411,0.220000,0.118915,0.220000,0.118915,0,2.161391,0.220000,0.195000,0.146411,0.096411,0.361984,0.311984,0.311127,0.440000,0.579640,1
25,800000000,0.169671,0.408044,0.795013,0.249134,0.271544,0.250082,0.329448,0.248339,0.318141,0.248339,0.318141,0.221528,0.113989,0.220000,0.118915,0.220000,0.115205,0.220000,0.115205,0,2.108652,0.220000,0.195000,0.143915,0.093915,0.354448,0.304448,0.311127,0.440000,0.563674,1
25,840000000,0.172616,0.417531,0.805777,0.248310,0.269711,0.248339,0.318141,0.247215,0.310921,0.247215,0.310921,0.221502,0.112226,0.220000,0.115205,0.220000,0.112763,0.220000,0.112763,0,2.073328,0.220000,0.195000,0.140205,0.090205,0.343141,0.293141,0.311127,0.440000,0.553385,1
25,880000000,0.175544,0.426965,0.816310,0.246937,0.263875,0.247215,0.310921,0.246149,0.303937,0.246149,0.303937,0.221439,0.109283,0.220000,0.112763,0.220000,0.110406,0.220000,0.110406,0,2.038780,0.220000,0.195000,0.137763,0.087763,0.335921,0.285921,0.311127,0.440000,0.543298,1
25,920000000,0.178431,0.436373,0.826714,0.246047,0.260500,0.246149,0.303937,0.245116,0.297027,0.245116,0.297027,0.221386,0.107365,0.220000,0.110406,0.220000,0.108083,0.220000,0.108083,0,2.004300,0.220000,0.195000,0.135406,0.085406,0.328937,0.278937,0.311127,0.440000,0.533183,1
25,960000000,0.181274,0.445757,0.836997,0.245139,0.257142,0.245116,0.297027,0.244114,0.290107,0.244114,0.290107,0.221331,0.105384,0.220000,0.108083,0.220000,0.105791,0.220000,0.105791,0,1.969854,0.220000,0.195000,0.133083,0.083083,0.322027,0.272027,0.311127,0.440000,0.522900,1
26,20000000,0.185446,0.459806,0.852223,0.243845,0.252251,0.244114,0.290107,0.242660,0.280355,0.242660,0.280355,0.221232,0.102550,0.220000,0.105791,0.220000,0.102391,0.220000,0.102391,0,1.917968,0.220000,0.195000,0.130791,0.080791,0.315107,0.265107,0.311127,0.440000,0.508349,1
26,60000000,0.188180,0.469140,0.862199,0.242963,0.248985,0.242660,0.280355,0.241732,0.273802,0.241732,0.273802,0.221170,0.100571,0.220000,0.102391,0.220000,0.100172,0.220000,0.100172,0,1.883600,0.220000,0.195000,0.127391,0.077391,0.305355,0.255355,0.311127,0.440000,0.498374,1
26,100000000,0.190897,0.478433,0.871962,0.242050,0.244245,0.241732,0.273802,0.240849,0.267574,0.240849,0.267574,0.221104,0.098496,0.220000,0.100172,0.220000,0.098021,0.220000,0.098021,0,1.849924,0.220000,0.195000,0.125172,0.075172,0.298802,0.248802,0.311127,0.440000,0.488824,1
26,140000000,0.193553,0.487688,0.881741,0.240914,0.242428,0.240849,0.267574,0.239974,0.261396,0.239974,0.261396,0.220664,0.096681,0.220000,0.098021,0.220000,0.095852,0.220000,0.095852,0,1.815577,0.220000,0.195000,0.123021,0.073021,0.292574,0.242574,0.311127,0.440000,0.479278,1
26,200000000,0.197502,0.501541,0.895974,0.239691,0.234573,0.239974,0.261396,0.238742,0.252449,0.238742,0.252449,0.220800,0.093268,0.220000,0.095852,0.220000,0.092725,0.220000,0.092725,0,1.765407,0.220000,0.195000,0.120852,0.070852,0.286396,0.236396,0.311127,0.440000,0.465260,1
26,240000000,0.200096,0.510758,0.905246,0.239204,0.231287,0.238742,0.252449,0.237961,0.246679,0.237961,0.246679,0.220879,0.091821,0.220000,0.092725,0.220000,0.090695,0.220000,0.090695,0,1.732421,0.220000,0.195000,0.117725,0.067725,0.277449,0.227449,0.311127,0.440000,0.456120,1
26,280000000,0.202695,0.519925,0.914261,0.238002,0.224387,0.237961,0.246679,0.237228,0.241059,0.237228,0.241059,0.220798,0.088843,0.220000,0.090695,0.220000,0.088753,0.220000,0.088753,0,1.700577,0.220000,0.195000,0.115695,0.065695,0.271679,0.221679,0.311127,0.440000,0.447106,1
26,320000000,0.205258,0.529078,0.923147,0.237558,0.221976,0.237228,0.241059,0.236518,0.235630,0.236518,0.235630,0.220760,0.087744,0.220000,0.088753,0.220000,0.086838,0.220000,0.086838,0,1.668871,0.220000,0.195000,0.113753,0.063753,0.266059,0.216059,0.311127,0.440000,0.438348,1
26,380000000,0.209049,0.542771,0.936195,0.236450,0.215690,0.236518,0.235630,0.235503,0.227691,0.235503,0.227691,0.220675,0.084920,0.220000,0.086838,0.220000,0.084033,0.220000,0.084033,0,1.621921,0.220000,0.195000,0.111838,0.061838,0.260630,0.210630,0.311127,0.440000,0.425404,1
26,420000000,0.211545,0.551874,0.944716,0.235656,0.211689,0.235503,0.227691,0.234857,0.222545,0.234857,0.222545,0.220593,0.082900,0.220000,0.084033,0.220000,0.082206,0.220000,0.082206,0,1.591019,0.220000,0.195000,0.109033,0.059033,0.252691,0.202691,0.311127,0.440000,0.416933,1
26,460000000,0.214028,0.560950,0.953043,0.235153,0.207734,0.234857,0.222545,0.234243,0.217545,0.234243,0.217545,0.220598,0.081448,0.220000,0.082206,0.220000,0.080434,0.220000,0.080434,0,1.560806,0.220000,0.195000,0.107206,0.057206,0.247545,0.197545,0.311127,0.440000,0.408635,1
26,520000000,0.217705,0.574536,0.965279,0.234330,0.202511,0.234243,0.217545,0.233362,0.210234,0.233362,0.210234,0.220611,0.079001,0.220000,0.080434,0.220000,0.077832,0.220000,0.077832,0,1.516028,0.220000,0.195000,0.105434,0.055434,0.242545,0.192545,0.311127,0.440000,0.396393,1
26,560000000,0.220127,0.583574,0.973278,0.233756,0.199250,0.233362,0.210234,0.232801,0.205497,0.232801,0.205497,0.220629,0.077233,0.220000,0.077832,0.220000,0.076135,0.220000,0.076135,0,1.486531,0.220000,0.195000,0.102832,0.052832,0.235234,0.185234,0.311127,0.440000,0.388394,1
26,600000000,0.222543,0.592584,0.981068,0.233118,0.194337,0.232801,0.205497,0.232270,0.200897,0.232270,0.200897,0.220507,0.075638,0.220000,0.076135,0.220000,0.074495,0.220000,0.074495,0,1.457851,0.220000,0.195000,0.101135,0.051135,0.230497,0.180497,0.311127,0.440000,0.380568,1
26,640000000,0.224939,0.601576,0.988714,0.232626,0.190885,0.232270,0.200897,0.231761,0.196393,0.231761,0.196393,0.220476,0.074196,0.220000,0.074495,0.220000,0.072890,0.220000,0.072890,0,1.429571,0.220000,0.195000,0.099495,0.049495,0.225897,0.175897,0.311127,0.440000,0.372854,1
26,700000000,0.228503,0.615033,0.999896,0.231685,0.184020,0.231761,0.196393,0.231036,0.189847,0.231036,0.189847,0.220390,0.071458,0.220000,0.072890,0.220000,0.070551,0.220000,0.070551,0,1.388047,0.220000,0.195000,0.097890,0.047890,0.221393,0.171393,0.311127,0.440000,0.361557,1
26,740000000,0.230865,0.623979,1.007161,0.230994,0.179299,0.231036,0.189847,0.230579,0.185599,0.230579,0.185599,0.220341,0.069340,0.220000,0.070551,0.220000,0.069041,0.220000,0.069041,0,1.361012,0.220000,0.195000,0.095551,0.045551,0.214847,0.164847,0.311127,0.440000,0.354167,1
26,780000000,0.233222,0.632903,1.014244,0.230523,0.175558,0.230579,0.185599,0.230146,0.181546,0.230146,0.181546,0.220306,0.067868,0.220000,0.069041,0.220000,0.067579,0.220000,0.067579,0,1.334718,0.220000,0.195000,0.094041,0.044041,0.210599,0.160599,0.311127,0.440000,0.347085,1
26,820000000,0.235568,0.641812,1.021183,0.230103,0.171901,0.230146,0.181546,0.229731,0.177511,0.229731,0.177511,0.220303,0.066438,0.220000,0.067579,0.220000,0.066154,0.220000,0.066154,0,1.308914,0.220000,0.195000,0.092579,0.042579,0.206546,0.156546,0.311127,0.440000,0.339984,1
26,860000000,0.237870,0.650704,1.028137,0.229308,0.175373,0.229731,0.177511,0.229319,0.173450,0.229319,0.173450,0.219598,0.066022,0.220000,0.066154,0.220000,0.064707,0.220000,0.064707,0,1.282599,0.220000,0.195000,0.091154,0.041154,0.202511,0.152511,0.311127,0.440000,0.332803,1
26,900000000,0.240132,0.659564,1.035130,0.228465,0.174986,0.229319,0.173450,0.228908,0.169388,0.228908,0.169388,0.219073,0.064834,0.220000,0.064707,0.220000,0.063238,0.220000,0.063238,0,1.255721,0.220000,0.195000,0.089707,0.039707,0.198450,0.148450,0.311127,0.440000,0.325592,1
26,960000000,0.243522,0.672848,1.045173,0.228862,0.161143,0.228908,0.169388,0.228340,0.163623,0.228340,0.163623,0.220233,0.062248,0.220000,0.063238,0.220000,0.061147,0.220000,0.061147,0,1.217229,0.220000,0.195000,0.088238,0.038238,0.194388,0.144388,0.311127,0.440000,0.315294,1
27,0,0.245791,0.681705,1.051565,0.228297,0.157887,0.228340,0.163623,0.227992,0.160062,0.227992,0.160062,0.220143,0.060468,0.220000,0.061147,0.220000,0.059835,0.220000,0.059835,0,1.192920,0.220000,0.195000,0.086147,0.036147,0.188623,0.138623,0.311127,0.440000,0.308903,1
27,40000000,0.248058,0.690546,1.057769,0.228069,0.154156,0.227992,0.160062,0.227663,0.156444,0.227663,0.156444,0.220221,0.059313,0.220000,0.059835,0.220000,0.058569,0.220000,0.058569,0,1.169380,0.220000,0.195000,0.084835,0.034835,0.185062,0.135062,0.311127,0.440000,0.302357,1
27,100000000,0.251433,0.703790,1.066841,0.227640,0.149665,0.227663,0.156444,0.227194,0.151272,0.227194,0.151272,0.220196,0.057737,0.220000,0.058569,0.220000,0.056720,0.220000,0.056720,0,1.134797,0.220000,0.195000,0.083569,0.033569,0.181444,0.131444,0.311127,0.440000,0.292964,1
27,140000000,0.253675,0.712603,1.072727,0.227177,0.145395,0.227194,0.151272,0.226899,0.147864,0.226899,0.147864,0.220169,0.055989,0.220000,0.056720,0.220000,0.055526,0.220000,0.055526,0,1.112345,0.220000,0.195000,0.081720,0.031720,0.176272,0.126272,0.311127,0.440000,0.286737,1
27,180000000,0.255912,0.721401,1.078472,0.226848,0.142538,0.226899,0.147864,0.226618,0.144486,0.226618,0.144486,0.220120,0.054838,0.220000,0.055526,0.220000,0.054366,0.220000,0.054366,0,1.090455,0.220000,0.195000,0.080526,0.030526,0.172864,0.122864,0.311127,0.440000,0.280533,1
27,220000000,0.258109,0.730176,1.084296,0.225933,0.145232,0.226618,0.144486,0.226334,0.141309,0.226334,0.141309,0.219337,0.054195,0.220000,0.054366,0.220000,0.053170,0.220000,0.053170,0,1.067808,0.220000,0.195000,0.079366,0.029366,0.169486,0.119486,0.311127,0.440000,0.274708,1
27,280000000,0.261366,0.743322,1.092876,0.225568,0.141148,0.226334,0.141309,0.225924,0.136423,0.225924,0.136423,0.219279,0.052891,0.220000,0.053170,0.220000,0.051398,0.220000,0.051398,0,1.034089,0.220000,0.195000,0.078170,0.028170,0.166309,0.116309,0.311127,0.440000,0.265691,1
27,320000000,0.263508,0.752096,1.098434,0.225920,0.137983,0.225924,0.136423,0.225663,0.133198,0.225663,0.133198,0.219703,0.052635,0.220000,0.051398,0.220000,0.050238,0.220000,0.050238,0,1.011935,0.220000,0.195000,0.076398,0.026398,0.161423,0.111423,0.311127,0.440000,0.259710,1
27,360000000,0.265653,0.760871,1.103828,0.225702,0.132715,0.225663,0.133198,0.225417,0.129990,0.225417,0.129990,0.219898,0.050855,0.220000,0.050238,0.220000,0.049121,0.220000,0.049121,0,0.990508,0.220000,0.195000,0.075238,0.025238,0.158198,0.108198,0.311127,0.440000,0.253733,1
27,420000000,0.268869,0.774027,1.111582,0.225650,0.128049,0.225417,0.129990,0.225074,0.125532,0.225074,0.125532,0.220134,0.049587,0.220000,0.049121,0.220000,0.047522,0.220000,0.047522,0,0.959730,0.220000,0.195000,0.074121,0.024121,0.154990,0.104990,0.311127,0.440000,0.245403,1
27,460000000,0.271003,0.782789,1.116613,0.225405,0.125158,0.225074,0.125532,0.224857,0.122840,0.224857,0.122840,0.220124,0.048508,0.220000,0.047522,0.220000,0.046484,0.220000,0.046484,0,0.939672,0.220000,0.195000,0.072522,0.022522,0.150532,0.100532,0.311127,0.440000,0.240372,1
27,500000000,0.273142,0.791537,1.121510,0.225065,0.121443,0.224857,0.122840,0.224652,0.119977,0.224652,0.119977,0.220105,0.046993,0.220000,0.046484,0.220000,0.045481,0.220000,0.045481,0,0.920232,0.220000,0.195000,0.071484,0.021484,0.147840,0.097840,0.311127,0.440000,0.234985,1
27,540000000,0.275261,0.800270,1.126383,0.224332,0.122548,0.224652,0.119977,0.224451,0.117019,0.224451,0.117019,0.219510,0.046259,0.220000,0.045481,0.220000,0.044476,0.220000,0.044476,0,0.900705,0.220000,0.195000,0.070481,0.020481,0.144977,0.094977,0.311127,0.440000,0.229397,1
27,600000000,0.278402,0.813348,1.133650,0.224067,0.119963,0.224451,0.117019,0.224155,0.112784,0.224155,0.112784,0.219444,0.045280,0.220000,0.044476,0.220000,0.042960,0.220000,0.042960,0,0.871142,0.220000,0.195000,0.069476,0.019476,0.142019,0.092019,0.311127,0.440000,0.221387,1
27,640000000,0.280486,0.822062,1.138362,0.223911,0.116937,0.224155,0.112784,0.223968,0.109997,0.223968,0.109997,0.219488,0.044283,0.220000,0.042960,0.220000,0.041974,0.220000,0.041974,0,0.851858,0.220000,0.195000,0.067960,0.017960,0.137784,0.087784,0.311127,0.440000,0.216096,1
27,680000000,0.282589,0.830764,1.142888,0.223772,0.112322,0.223968,0.109997,0.223795,0.107610,0.223795,0.107610,0.219648,0.042760,0.220000,0.041974,0.220000,0.041040,0.220000,0.041040,0,0.833560,0.220000,0.195000,0.066974,0.016974,0.134997,0.084997,0.311127,0.440000,0.211570,1
27,720000000,0.284695,0.839465,1.147264,0.223838,0.108026,0.223795,0.107610,0.223632,0.104891,0.223632,0.104891,0.219928,0.041650,0.220000,0.041040,0.220000,0.040142,0.220000,0.040142,0,0.815917,0.220000,0.195000,0.066040,0.016040,0.132610,0.082610,0.311127,0.440000,0.206375,1
27,760000000,0.286796,0.848166,1.151516,0.223754,0.105204,0.223632,0.104891,0.223477,0.102197,0.223477,0.102197,0.220023,0.040691,0.220000,0.040142,0.220000,0.039270,0.220000,0.039270,0,0.798730,0.220000,0.195000,0.065142,0.015142,0.129891,0.079891,0.311127,0.440000,0.201214,1
27,800000000,0.288898,0.856861,1.155649,0.223629,0.102375,0.223477,0.102197,0.223330,0.100032,0.223330,0.100032,0.220060,0.039792,0.220000,0.039270,0.220000,0.038422,0.220000,0.038422,0,0.782010,0.220000,0.195000,0.064270,0.014270,0.127197,0.077197,0.311127,0.440000,0.197081,1
27,840000000,0.290997,0.865551,1.159673,0.223474,0.099828,0.223330,0.100032,0.223189,0.097552,0.223189,0.097552,0.220057,0.038930,0.220000,0.038422,0.220000,0.037596,0.220000,0.037596,0,0.765687,0.220000,0.195000,0.063422,0.013422,0.125032,0.075032,0.311127,0.440000,0.192316,1
27,900000000,0.294116,0.878569,1.165669,0.222991,0.099703,0.223189,0.097552,0.222983,0.093981,0.222983,0.093981,0.219714,0.038091,0.220000,0.037596,0.220000,0.036353,0.220000,0.036353,0,0.741046,0.220000,0.195000,0.062596,0.012596,0.122552,0.072552,0.311127,0.440000,0.185446,1
27,940000000,0.296189,0.887239,1.169562,0.222854,0.097122,0.222983,0.093981,0.222853,0.091413,0.222853,0.091413,0.219718,0.037257,0.220000,0.036353,0.220000,0.035543,0.220000,0.035543,0,0.724954,0.220000,0.195000,0.061353,0.011353,0.118981,0.068981,0.311127,0.440000,0.180486,1
27,980000000,0.298272,0.895901,1.173319,0.222718,0.093868,0.222853,0.091413,0.222730,0.089461,0.222730,0.089461,0.219760,0.036178,0.220000,0.035543,0.220000,0.034767,0.220000,0.034767,0,0.709526,0.220000,0.195000,0.060543,0.010543,0.116413,0.066413,0.311127,0.440000,0.176729,1
28,20000000,0.300352,0.904560,1.176974,0.222595,0.091332,0.222730,0.089461,0.222613,0.087068,0.222613,0.087068,0.219759,0.035419,0.220000,0.034767,0.220000,0.034010,0.220000,0.034010,0,0.694435,0.220000,0.195000,0.059767,0.009767,0.114461,0.064461,0.311127,0.440000,0.172092,1
28,60000000,0.302429,0.913216,1.180550,0.222516,0.089184,0.222613,0.087068,0.222501,0.084766,0.222501,0.084766,0.219804,0.034634,0.220000,0.034010,0.220000,0.033268,0.220000,0.033268,0,0.679628,0.220000,0.195000,0.059010,0.009010,0.112068,0.062068,0.311127,0.440000,0.167626,1
28,120000000,0.305538,0.926201,1.185722,0.222504,0.085022,0.222501,0.084766,0.222343,0.081466,0.222343,0.081466,0.219973,0.033466,0.220000,0.033268,0.220000,0.032191,0.220000,0.032191,0,0.658087,0.220000,0.195000,0.058268,0.008268,0.109766,0.059766,0.311127,0.440000,0.161215,1
28,160000000,0.307606,0.934856,1.189047,0.222483,0.082944,0.222343,0.081466,0.222243,0.079096,0.222243,0.079096,0.220032,0.032935,0.220000,0.032191,0.220000,0.031496,0.220000,0.031496,0,0.644169,0.220000,0.195000,0.057191,0.007191,0.106466,0.056466,0.311127,0.440000,0.156595,1
28,200000000,0.309677,0.943500,1.192296,0.222150,0.081379,0.222243,0.079096,0.222148,0.077421,0.222148,0.077421,0.219820,0.032086,0.220000,0.031496,0.220000,0.030814,0.220000,0.030814,0,0.630503,0.220000,0.195000,0.056496,0.006496,0.104096,0.054096,0.311127,0.440000,0.153346,1
28,240000000,0.311744,0.952139,1.195462,0.222048,0.079095,0.222148,0.077421,0.222056,0.075262,0.222056,0.075262,0.219816,0.031405,0.220000,0.030814,0.220000,0.030148,0.220000,0.030148,0,0.617126,0.220000,0.195000,0.055814,0.005814,0.102421,0.052421,0.311127,0.440000,0.149130,1
28,300000000,0.314841,0.965092,1.200081,0.221936,0.075801,0.222056,0.075262,0.221926,0.072265,0.221926,0.072265,0.219870,0.030213,0.220000,0.030148,0.220000,0.029172,0.220000,0.029172,0,0.597493,0.220000,0.195000,0.055148,0.005148,0.100262,0.050262,0.311127,0.440000,0.143275,1
28,340000000,0.316900,0.973725,1.203070,0.221859,0.074178,0.221926,0.072265,0.221843,0.069971,0.221843,0.069971,0.219863,0.029694,0.220000,0.029172,0.220000,0.028535,0.220000,0.028535,0,0.584669,0.220000,0.195000,0.054172,0.004172,0.097265,0.047265,0.311127,0.440000,0.138780,1
28,380000000,0.318966,0.982353,1.205948,0.221787,0.071669,0.221843,0.069971,0.221765,0.068496,0.221765,0.068496,0.219894,0.028914,0.220000,0.028535,0.220000,0.027923,0.220000,0.027923,0,0.572321,0.220000,0.195000,0.053535,0.003535,0.094971,0.044971,0.311127,0.440000,0.135901,1
28,420000000,0.321031,0.990978,1.208741,0.221718,0.069731,0.221765,0.068496,0.221690,0.066339,0.221690,0.066339,0.219899,0.028347,0.220000,0.027923,0.220000,0.027324,0.220000,0.027324,0,0.560238,0.220000,0.195000,0.052923,0.002923,0.093496,0.043496,0.311127,0.440000,0.131667,1
28,480000000,0.324124,1.003913,1.212808,0.221626,0.066707,0.221690,0.066339,0.221584,0.063603,0.221584,0.063603,0.219929,0.027372,0.220000,0.027324,0.220000,0.026445,0.220000,0.026445,0,0.542484,0.220000,0.195000,0.052324,0.002324,0.091339,0.041339,0.311127,0.440000,0.126297,1
28,520000000,0.326185,1.012533,1.215423,0.221546,0.064483,0.221584,0.063603,0.221517,0.061474,0.221517,0.061474,0.219937,0.026655,0.220000,0.026445,0.220000,0.025876,0.220000,0.025876,0,0.530976,0.220000,0.195000,0.051445,0.001445,0.088603,0.038603,0.311127,0.440000,0.122107,1
28,560000000,0.328251,1.021148,1.217942,0.221480,0.062358,0.221517,0.061474,0.221453,0.060189,0.221453,0.060189,0.219943,0.026045,0.220000,0.025876,0.220000,0.025328,0.220000,0.025328,0,0.519880,0.220000,0.195000,0.050876,0.000876,0.086474,0.036474,0.311127,0.440000,0.119588,1
28,600000000,0.330316,1.029761,1.220389,0.221420,0.060862,0.221453,0.060189,0.221392,0.058026,0.221392,0.058026,0.219941,0.025547,0.220000,0.025328,0.220000,0.024790,0.220000,0.024790,0,0.508962,0.220000,0.195000,0.050328,0.000328,0.085189,0.035189,0.311127,0.440000,0.115322,1
28,660000000,0.333409,1.042678,1.223953,0.221334,0.058025,0.221392,0.058026,0.221305,0.055353,0.221305,0.055353,0.219948,0.024734,0.220000,0.024790,0.220000,0.023995,0.220000,0.023995,0,0.492832,0.220000,0.195000,0.049790,-0.000210,0.083026,0.033026,0.311127,0.440000,0.110054,1
28,700000000,0.335474,1.051285,1.226221,0.221290,0.055356,0.221305,0.055353,0.221250,0.053383,0.221250,0.053383,0.219990,0.023947,0.220000,0.023995,0.220000,0.023484,0.220000,0.023484,0,0.482474,0.220000,0.195000,0.048995,-0.001005,0.080353,0.030353,0.311127,0.440000,0.106162,1
28,740000000,0.337544,1.059890,1.228400,0.221240,0.053581,0.221250,0.053383,0.221198,0.052275,0.221198,0.052275,0.219990,0.023485,0.220000,0.023484,0.220000,0.022993,0.220000,0.022993,0,0.472486,0.220000,0.195000,0.048484,-0.001516,0.078383,0.028383,0.311127,0.440000,0.103983,1
28,780000000,0.339610,1.068493,1.230524,0.221187,0.052836,0.221198,0.052275,0.221148,0.050263,0.221148,0.050263,0.219968,0.023190,0.220000,0.022993,0.220000,0.022505,0.220000,0.022505,0,0.462565,0.220000,0.195000,0.047993,-0.002007,0.077275,0.027275,0.311127,0.440000,0.100004,1
28,820000000,0.341675,1.077095,1.232599,0.221140,0.051474,0.221148,0.050263,0.221100,0.048107,0.221100,0.048107,0.219967,0.022752,0.220000,0.022505,0.220000,0.022023,0.220000,0.022023,0,0.452766,0.220000,0.195000,0.047505,-0.002495,0.075263,0.025263,0.311127,0.440000,0.095736,1
28,880000000,0.344775,1.089993,1.235559,0.221080,0.048107,0.221100,0.048107,0.221031,0.045521,0.221031,0.045521,0.219984,0.021982,0.220000,0.022023,0.220000,0.021324,0.220000,0.021324,0,0.438523,0.220000,0.195000,0.047023,-0.002977,0.073107,0.023107,0.311127,0.440000,0.090617,1
28,920000000,0.346843,1.098590,1.237439,0.221032,0.045888,0.221031,0.045521,0.220988,0.043546,0.220988,0.043546,0.219997,0.021363,0.220000,0.021324,0.220000,0.020872,0.220000,0.020872,0,0.429316,0.220000,0.195000,0.046324,-0.003676,0.070521,0.020521,0.311127,0.440000,0.086704,1
28,960000000,0.348916,1.107184,1.239230,0.220992,0.044064,0.220988,0.043546,0.220947,0.042639,0.220947,0.042639,0.219998,0.020937,0.220000,0.020872,0.220000,0.020435,0.220000,0.020435,0,0.420401,0.220000,0.195000,0.045872,-0.004128,0.068546,0.018546,0.311127,0.440000,0.084912,1
29,0,0.350988,1.115776,1.240967,0.220959,0.043248,0.220947,0.042639,0.220908,0.040683,0.220908,0.040683,0.219990,0.020667,0.220000,0.020435,0.220000,0.020004,0.220000,0.020004,0,0.411609,0.220000,0.195000,0.045435,-0.004565,0.067639,0.017639,0.311127,0.440000,0.081031,1
29,40000000,0.353063,1.124366,1.242653,0.220919,0.041603,0.220908,0.040683,0.220870,0.038569,0.220870,0.038569,0.219998,0.020152,0.220000,0.020004,0.220000,0.019581,0.220000,0.019581,0,0.402979,0.220000,0.195000,0.045004,-0.004996,0.065683,0.015683,0.311127,0.440000,0.076834,1
29,100000000,0.356178,1.137248,1.245037,0.220870,0.038716,0.220870,0.038569,0.220816,0.035964,0.220816,0.035964,0.220002,0.019561,0.220000,0.019581,0.220000,0.018966,0.220000,0.018966,0,0.390411,0.220000,0.195000,0.044581,-0.005419,0.063569,0.013569,0.311127,0.440000,0.071662,1
29,140000000,0.358259,1.145833,1.246532,0.220816,0.036354,0.220816,0.035964,0.220782,0.035208,0.220782,0.035208,0.219999,0.018975,0.220000,0.018966,0.220000,0.018568,0.220000,0.018568,0,0.382282,0.220000,0.195000,0.043966,-0.006034,0.060964,0.010964,0.311127,0.440000,0.070168,1
29,180000000,0.360342,1.154416,1.247971,0.220792,0.035765,0.220782,0.035208,0.220750,0.033130,0.220750,0.033130,0.220000,0.018693,0.220000,0.018568,0.220000,0.018176,0.220000,0.018176,0,0.374259,0.220000,0.195000,0.043568,-0.006432,0.060208,0.010208,0.311127,0.440000,0.066036,1
29,240000000,0.363471,1.167287,1.250036,0.220750,0.033467,0.220750,0.033130,0.220703,0.030728,0.220703,0.030728,0.219999,0.018184,0.220000,0.018176,0.220000,0.017596,0.220000,0.017596,0,0.362403,0.220000,0.195000,0.043176,-0.006824,0.058130,0.008130,0.311127,0.440000,0.061260,1
29,280000000,0.365562,1.175865,1.251322,0.220702,0.031306,0.220703,0.030728,0.220673,0.028638,0.220673,0.028638,0.219997,0.017628,0.220000,0.017596,0.220000,0.017224,0.220000,0.017224,0,0.354782,0.220000,0.195000,0.042596,-0.007404,0.055728,0.005728,0.311127,0.440000,0.057101,1
29,320000000,0.367659,1.184440,1.252527,0.220673,0.029268,0.220673,0.028638,0.220645,0.028030,0.220645,0.028030,0.219997,0.017265,0.220000,0.017224,0.220000,0.016864,0.220000,0.016864,0,0.347403,0.220000,0.195000,0.042224,-0.007776,0.053638,0.003638,0.311127,0.440000,0.055896,1
29,380000000,0.370806,1.197300,1.254257,0.220645,0.028577,0.220645,0.028030,0.220605,0.025628,0.220605,0.025628,0.219997,0.016896,0.220000,0.016864,0.220000,0.016324,0.220000,0.016324,0,0.336358,0.220000,0.195000,0.041864,-0.008136,0.053030,0.003030,0.311127,0.440000,0.051115,1
29,420000000,0.372911,1.205870,1.255342,0.220605,0.026399,0.220605,0.025628,0.220579,0.023346,0.220579,0.023346,0.219995,0.016384,0.220000,0.016324,0.220000,0.015970,0.220000,0.015970,0,0.329098,0.220000,0.195000,0.041324,-0.008676,0.050628,0.000628,0.311127,0.440000,0.046570,1
29,460000000,0.375022,1.214437,1.256343,0.220579,0.024182,0.220579,0.023346,0.220554,0.020950,0.220554,0.020950,0.219995,0.016036,0.220000,0.015970,0.220000,0.015629,0.220000,0.015629,0,0.322109,0.220000,0.195000,0.040970,-0.009030,0.048346,-0.001654,0.311127,0.440000,0.041795,1
29,520000000,0.378181,1.227289,1.257779,0.220579,0.023817,0.220554,0.020950,0.220518,0.018332,0.220518,0.018332,0.219998,0.015998,0.220000,0.015629,0.220000,0.015107,0.220000,0.015107,0,0.311396,0.220000,0.195000,0.040629,-0.009371,0.045950,-0.004050,0.311127,0.440000,0.036579,1
29,560000000,0.380289,1.235856,1.258654,0.220554,0.021510,0.220518,0.018332,0.220495,0.017892,0.220495,0.017892,0.219997,0.015670,0.220000,0.015107,0.220000,0.014766,0.220000,0.014766,0,0.304395,0.220000,0.195000,0.040107,-0.009893,0.043332,-0.006668,0.311127,0.440000,0.035704,1
29,600000000,0.382409,1.244418,1.259427,0.220518,0.019152,0.220495,0.017892,0.220473,0.015542,0.220473,0.015542,0.219995,0.015178,0.220000,0.014766,0.220000,0.014438,0.220000,0.014438,0,0.297664,0.220000,0.195000,0.039766,-0.010234,0.042892,-0.007108,0.311127,0.440000,0.031017,1
29,640000000,0.384535,1.252978,1.260182,0.220495,0.018808,0.220473,0.015542,0.220452,0.013069,0.220452,0.013069,0.219994,0.014845,0.220000,0.014438,0.220000,0.014108,0.220000,0.014108,0,0.290880,0.220000,0.195000,0.039438,-0.010562,0.040542,-0.009458,0.311127,0.440000,0.026084,1
29,680000000,0.386664,1.261537,1.260870,0.220473,0.016544,0.220452,0.013069,0.220431,0.010485,0.220431,0.010485,0.219993,0.014529,0.220000,0.014108,0.220000,0.013784,0.220000,0.013784,0,0.284240,0.220000,0.195000,0.039108,-0.010892,0.038069,-0.011931,0.311127,0.440000,0.020928,1
29,740000000,0.389866,1.274371,1.261764,0.220451,0.014078,0.220431,0.010485,0.220402,0.007639,0.220402,0.007639,0.219993,0.014202,0.220000,0.013784,0.220000,0.013305,0.220000,0.013305,0,0.274396,0.220000,0.195000,0.038784,-0.011216,0.035485,-0.014515,0.311127,0.440000,0.015251,1
29,780000000,0.392010,1.282923,1.262235,0.220431,0.011608,0.220402,0.007639,0.220384,0.007403,0.220384,0.007403,0.219992,0.013894,0.220000,0.013305,0.220000,0.012999,0.220000,0.012999,0,0.268105,0.220000,0.195000,0.038305,-0.011695,0.032639,-0.017361,0.311127,0.440000,0.014780,1
29,820000000,0.394166,1.291472,1.262608,0.220401,0.009028,0.220384,0.007403,0.220367,0.004646,0.220367,0.004646,0.219991,0.013443,0.220000,0.012999,0.220000,0.012708,0.220000,0.012708,0,0.262120,0.220000,0.195000,0.037999,-0.012001,0.032403,-0.017597,0.311127,0.440000,0.009277,1
29,880000000,0.397413,1.304290,1.263126,0.220377,0.008062,0.220367,0.004646,0.220341,0.001626,0.220341,0.001626,0.219990,0.013061,0.220000,0.012708,0.220000,0.012258,0.220000,0.012258,0,0.252882,0.220000,0.195000,0.037708,-0.012292,0.029646,-0.020354,0.311127,0.440000,0.003247,1
29,920000000,0.399586,1.312832,1.263374,0.220366,0.006153,0.220341,0.001626,0.220325,-0.001468,0.220325,-0.001468,0.219990,0.012862,0.220000,0.012258,0.220000,0.011967,0.220000,0.011967,0,0.246892,0.220000,0.195000,0.037258,-0.012742,0.026626,-0.023374,0.311127,0.440000,-0.002932,1
29,960000000,0.401773,1.321370,1.263516,0.220340,0.003386,0.220325,-0.001468,0.220310,-0.001539,0.220310,-0.001539,0.219988,0.012443,0.220000,0.011967,0.220000,0.011686,0.220000,0.011686,0,0.241101,0.220000,0.195000,0.036967,-0.013033,0.023532,-0.026468,0.311127,0.440000,-0.003074,1
30,0,0.403970,1.329905,1.263545,0.220323,0.000000,0.220310,-0.001539,0.220296,-0.004754,0.220296,-0.004754,0.219987,0.012165,0.220000,0.011686,0.220000,0.011415,0.220000,0.011415,0,0.235526,0.220000,0.195000,0.036686,-0.013314,0.023461,-0.026539,0.311127,0.440000,-0.009496,1
30,60000000,0.407280,1.342703,1.263553,0.220304,0.000000,0.220296,-0.004754,0.220274,-0.008213,0.220274,-0.008213,0.219987,0.011816,0.220000,0.011415,0.220000,0.010991,0.220000,0.010991,0,0.226801,0.220000,0.195000,0.036415,-0.013585,0.020246,-0.029754,0.311127,0.440000,-0.016406,1
30,100000000,0.409499,1.351230,1.263433,0.220289,-0.003326,0.220274,-0.008213,0.220261,-0.011890,0.220261,-0.011890,0.219986,0.011558,0.220000,0.010991,0.220000,0.010719,0.220000,0.010719,0,0.221199,0.220000,0.195000,0.035991,-0.014009,0.016787,-0.033213,0.311127,0.440000,-0.023752,1
30,140000000,0.411734,1.359753,1.263198,0.220272,-0.005905,0.220261,-0.011890,0.220248,-0.011772,0.220248,-0.011772,0.219985,0.011241,0.220000,0.010719,0.220000,0.010457,0.220000,0.010457,0,0.215818,0.220000,0.195000,0.035719,-0.014281,0.013110,-0.036890,0.311127,0.440000,-0.023517,1
30,180000000,0.413980,1.368272,1.262835,0.220258,-0.009440,0.220248,-0.011772,0.220236,-0.015639,0.220236,-0.015639,0.219984,0.010986,0.220000,0.010457,0.220000,0.010202,0.220000,0.010202,0,0.210557,0.220000,0.195000,0.035457,-0.014543,0.013228,-0.036772,0.311127,0.440000,-0.031244,1
30,220000000,0.416238,1.376788,1.262467,0.220245,-0.009189,0.220236,-0.015639,0.220224,-0.019849,0.220224,-0.019849,0.219983,0.010739,0.220000,0.010202,0.220000,0.009935,0.220000,0.009935,0,0.205051,0.220000,0.195000,0.035202,-0.014798,0.009361,-0.040639,0.311127,0.440000,-0.039658,1
30,280000000,0.419648,1.389554,1.261681,0.220226,-0.014949,0.220224,-0.019849,0.220207,-0.024235,0.220207,-0.024235,0.219982,0.010377,0.220000,0.009935,0.220000,0.009545,0.220000,0.009545,0,0.197033,0.220000,0.195000,0.034935,-0.015065,0.005151,-0.044849,0.311127,0.440000,-0.048425,1
30,320000000,0.421938,1.398060,1.260993,0.220218,-0.017406,0.220207,-0.024235,0.220197,-0.023890,0.220197,-0.023890,0.219981,0.010217,0.220000,0.009545,0.220000,0.009301,0.220000,0.009301,0,0.191991,0.220000,0.195000,0.034545,-0.015455,0.000765,-0.049235,0.311127,0.440000,-0.047738,1
30,360000000,0.424247,1.406560,1.260150,0.220202,-0.021091,0.220197,-0.023890,0.220186,-0.028677,0.220186,-0.028677,0.219979,0.009897,0.220000,0.009301,0.220000,0.009059,0.220000,0.009059,0,0.187013,0.220000,0.195000,0.034301,-0.015699,0.001110,-0.048890,0.311127,0.440000,-0.057306,1
30,420000000,0.427739,1.419302,1.258857,0.220184,-0.023357,0.220186,-0.028677,0.220171,-0.034068,0.220171,-0.034068,0.219978,0.009537,0.220000,0.009059,0.220000,0.008666,0.220000,0.008666,0,0.178918,0.220000,0.195000,0.034059,-0.015941,-0.003677,-0.053677,0.311127,0.440000,-0.068083,1
30,460000000,0.430085,1.427791,1.257828,0.220177,-0.026236,0.220171,-0.034068,0.220160,-0.040392,0.220160,-0.040392,0.219977,0.009376,0.220000,0.008666,0.220000,0.008404,0.220000,0.008404,0,0.173508,0.220000,0.195000,0.033666,-0.016334,-0.009068,-0.059068,0.311127,0.440000,-0.080725,1
30,500000000,0.432454,1.436273,1.256605,0.220162,-0.030899,0.220160,-0.040392,0.220151,-0.047024,0.220151,-0.047024,0.219975,0.009070,0.220000,0.008404,0.220000,0.008164,0.220000,0.008164,0,0.168559,0.220000,0.195000,0.033404,-0.016596,-0.015392,-0.065392,0.311127,0.440000,-0.093983,1
30,560000000,0.436045,1.448984,1.254332,0.220145,-0.040858,0.220151,-0.047024,0.220139,-0.053927,0.220139,-0.053927,0.219973,0.008714,0.220000,0.008164,0.220000,0.007824,0.220000,0.007824,0,0.161558,0.220000,0.195000,0.033164,-0.016836,-0.022024,-0.072024,0.311127,0.440000,-0.107786,1
30,600000000,0.438465,1.457450,1.252543,0.220134,-0.046696,0.220139,-0.053927,0.220132,-0.053030,0.220132,-0.053030,0.219970,0.008475,0.220000,0.007824,0.220000,0.007610,0.220000,0.007610,0,0.157144,0.220000,0.195000,0.032824,-0.017176,-0.028927,-0.078927,0.311127,0.440000,-0.105997,1
30,640000000,0.440910,1.465909,1.250576,0.220126,-0.049049,0.220132,-0.053030,0.220124,-0.061844,0.220124,-0.061844,0.219969,0.008323,0.220000,0.007610,0.220000,0.007399,0.220000,0.007399,0,0.152779,0.220000,0.195000,0.032610,-0.017390,-0.028030,-0.078030,0.311127,0.440000,-0.123618,1
30,680000000,0.443379,1.474361,1.248633,0.220118,-0.048990,0.220124,-0.061844,0.220116,-0.071664,0.220116,-0.071664,0.219967,0.008153,0.220000,0.007399,0.220000,0.007148,0.220000,0.007148,0,0.147601,0.220000,0.195000,0.032399,-0.017601,-0.036844,-0.086844,0.311127,0.440000,-0.143253,1
30,740000000,0.447128,1.487024,1.245099,0.220104,-0.063336,0.220116,-0.071664,0.220105,-0.082787,0.220105,-0.082787,0.219964,0.007848,0.220000,0.007148,0.220000,0.006789,0.220000,0.006789,0,0.140210,0.220000,0.195000,0.032148,-0.017852,-0.046664,-0.096664,0.311127,0.440000,-0.165495,1
30,780000000,0.449663,1.495455,1.242325,0.220092,-0.072551,0.220105,-0.082787,0.220098,-0.081397,0.220098,-0.081397,0.219960,0.007610,0.220000,0.006789,0.220000,0.006581,0.220000,0.006581,0,0.135917,0.220000,0.195000,0.031789,-0.018211,-0.057787,-0.107787,0.311127,0.440000,-0.162721,1
30,820000000,0.452232,1.503875,1.239262,0.220084,-0.076364,0.220098,-0.081397,0.220091,-0.095195,0.220091,-0.095195,0.219957,0.007466,0.220000,0.006581,0.220000,0.006344,0.220000,0.006344,0,0.131027,0.220000,0.195000,0.031581,-0.018419,-0.056397,-0.106397,0.311127,0.440000,-0.190310,1
30,860000000,0.454833,1.512285,1.236154,0.220074,-0.080373,0.220091,-0.095195,0.220083,-0.111295,0.220083,-0.111295,0.219954,0.007249,0.220000,0.006344,0.220000,0.006056,0.220000,0.006056,0,0.125073,0.220000,0.195000,0.031344,-0.018656,-0.070195,-0.120195,0.311127,0.440000,-0.222505,1
30,920000000,0.458802,1.524878,1.230540,0.220056,-0.104009,0.220083,-0.111295,0.220073,-0.131174,0.220073,-0.131174,0.219947,0.006917,0.220000,0.006056,0.220000,0.005653,0.220000,0.005653,0,0.116759,0.220000,0.195000,0.031056,-0.018944,-0.086295,-0.136295,0.311127,0.440000,-0.262262,1
30,960000000,0.461501,1.533256,1.226038,0.220041,-0.121244,0.220073,-0.131174,0.218554,-0.156174,0.218554,-0.156174,0.219941,0.006642,0.220000,0.005653,0.218487,0.005409,0.218487,0.005409,0,0.112495,0.220000,0.195000,0.030653,-0.019347,-0.106174,-0.156174,0.311127,0.440000,-0.314415,1
31,0,0.464243,1.541604,1.220874,0.219276,-0.135213,0.218554,-0.156174,0.220072,-0.155699,0.220072,-0.155699,0.219179,0.006544,0.218487,0.005409,0.220000,0.005628,0.220000,0.005628,0,0.117003,0.220000,0.193487,0.030409,-0.019591,-0.131174,-0.181174,0.311127,0.437109,-0.309251,1
31,40000000,0.467023,1.549902,1.214982,0.219082,-0.147211,0.220072,-0.155699,0.211205,-0.180699,0.211205,-0.180699,0.218984,0.006547,0.220000,0.005628,0.211153,0.004714,0.211153,0.004714,0,0.101463,0.220000,0.195000,0.030628,-0.019372,-0.130699,-0.180699,0.311127,0.440000,-0.376447,1
31,100000000,0.471241,1.562172,1.205544,0.211151,-0.170661,0.211205,-0.180699,0.220141,-0.191268,0.220141,-0.191268,0.211068,0.005919,0.211153,0.004714,0.220000,0.007871,0.220000,0.007871,0,0.169290,0.220000,0.186153,0.029714,-0.020286,-0.155699,-0.205699,0.311127,0.422411,-0.367009,1
31,140000000,0.474073,1.570295,1.198472,0.218963,-0.183271,0.220141,-0.191268,0.195020,-0.216268,0.195020,-0.216268,0.218801,0.008427,0.220000,0.007871,0.195000,0.002822,0.195000,0.002822,0,0.074194,0.220000,0.195000,0.032871,-0.017129,-0.166268,-0.216268,0.311127,0.440000,-0.592247,1
31,180000000,0.476894,1.578241,1.190829,0.201540,-0.199733,0.195020,-0.216268,0.220553,-0.191268,0.220553,-0.191268,0.201456,0.005832,0.195000,0.002822,0.220000,0.015604,0.220000,0.015604,0,0.321718,0.220000,0.170000,0.027822,-0.022178,-0.191268,-0.241268,0.311127,0.390041,-0.222551,1
31,240000000,0.481028,1.589924,1.178940,0.220547,-0.188406,0.220553,-0.191268,0.195000,-0.216268,0.195000,-0.216268,0.219961,0.016070,0.220000,0.015604,0.195000,-0.000139,0.195000,-0.000139,0,-0.005678,0.220000,0.195000,0.040604,-0.009396,-0.166268,-0.216268,0.311127,0.440000,-0.997385,1
31,280000000,0.483896,1.597602,1.171292,0.194836,-0.199476,0.195000,-0.216268,0.220491,-0.191268,0.220491,-0.191268,0.194828,0.001795,0.195000,-0.000139,0.220000,0.014708,0.220000,0.014708,0,0.339688,0.220000,0.170000,0.024861,-0.025139,-0.191268,-0.241268,0.311127,0.390000,-0.332756,1
31,320000000,0.486854,1.605444,1.163368,0.220135,-0.193193,0.220491,-0.191268,0.195271,-0.166268,0.195271,-0.166268,0.219659,0.014477,0.220000,0.014708,0.195000,-0.010292,0.195000,-0.010292,0,-4.538288,0.220000,0.195000,0.039708,-0.010292,-0.166268,-0.216268,0.311127,0.440000,-2.502026,1
31,360000000,0.489925,1.613334,1.156994,0.203347,-0.132296,0.195271,-0.166268,0.179245,-0.191268,0.179245,-0.191268,0.203342,0.001458,0.195000,-0.010292,0.178894,0.011220,0.178894,0.011220,0,0.320553,0.220000,0.170000,0.014708,-0.035292,-0.141268,-0.191268,0.311127,0.390543,-0.416738,1
31,420000000,0.494457,1.623669,1.147052,0.179389,-0.186895,0.179245,-0.191268,0.204880,-0.176319,0.204880,-0.176319,0.178998,0.011829,0.178894,0.011220,0.203894,0.020078,0.203894,0.020078,0,0.546721,0.203894,0.153894,0.036220,-0.013780,-0.166268,-0.216268,0.311127,0.358491,-0.308516,1
31,460000000,0.497064,1.631039,1.139850,0.204763,-0.176272,0.204880,-0.176319,0.178906,-0.201319,0.178906,-0.201319,0.203765,0.020193,0.203894,0.020078,0.178894,-0.002073,0.178894,-0.002073,0,-0.157648,0.220000,0.178894,0.045078,-0.004922,-0.151319,-0.201319,0.311127,0.409760,-1.487338,1
31,500000000,0.499858,1.638295,1.132974,0.184339,-0.167521,0.178906,-0.201319,0.204840,-0.224823,0.204840,-0.224823,0.184245,0.005884,0.178894,-0.002073,0.203894,0.019663,0.203894,0.019663,0,0.536545,0.203894,0.153894,0.022927,-0.027073,-0.176319,-0.226319,0.311127,0.357812,-0.392718,1
31,540000000,0.502771,1.645417,1.124662,0.204809,-0.224656,0.204840,-0.224823,0.178974,-0.199823,0.178974,-0.199823,0.203850,0.019796,0.203894,0.019663,0.178894,-0.005337,0.178894,-0.005337,0,-4.859198,0.220000,0.178894,0.044663,-0.005337,-0.199823,-0.249823,0.311127,0.409680,-2.454472,1
31,600000000,0.507418,1.655773,1.113083,0.180328,-0.186449,0.178974,-0.199823,0.154290,-0.224823,0.154290,-0.224823,0.180292,-0.003638,0.178894,-0.005337,0.153894,0.011052,0.153894,0.011052,0,0.496356,0.203894,0.153894,0.019663,-0.030337,-0.174823,-0.224823,0.311127,0.357947,-0.691325,1
31,640000000,0.510021,1.661662,1.104094,0.154398,-0.219052,0.154290,-0.224823,0.182287,-0.199823,0.182287,-0.199823,0.153946,0.011810,0.153894,0.011052,0.178894,0.035009,0.178894,0.035009,0,1.027237,0.178894,0.128894,0.036052,-0.013948,-0.199823,-0.249823,0.311127,0.308581,-0.192471,1
31,680000000,0.512163,1.668287,1.095459,0.182353,-0.209915,0.182287,-0.199823,0.154219,-0.224823,0.154219,-0.224823,0.179132,0.034121,0.178894,0.035009,0.153894,0.010009,0.153894,0.010009,0,0.240805,0.203894,0.153894,0.060009,0.010009,-0.174823,-0.224823,0.311127,0.364574,-1.186172,1
31,700000000,0.513203,1.671780,1.091263,0.182225,-0.209787,0.154219,-0.224823,0.181892,-0.199823,0.181892,-0.199823,0.179008,0.034093,0.153894,0.010009,0.178894,0.032890,0.178894,0.032890,0,1.031472,0.178894,0.128894,0.035009,-0.014991,-0.199823,-0.249823,0.311127,0.308438,-0.252728,1
31,740000000,0.515421,1.678249,1.083165,0.160005,-0.196113,0.181892,-0.199823,0.154096,-0.180915,0.154096,-0.180915,0.158988,0.018007,0.178894,0.032890,0.153894,0.007890,0.153894,0.007890,0,-5.352710,0.203894,0.153894,0.057890,0.007890,-0.174823,-0.224823,0.311127,0.363785,-2.398902,1
31,780000000,0.517797,1.684555,1.074679,0.181435,-0.204678,0.154096,-0.180915,0.181180,-0.196600,0.181180,-0.196600,0.178553,0.032214,0.153894,0.007890,0.178894,0.028690,0.178894,0.028690,0,1.027626,0.178894,0.128894,0.032890,-0.017110,-0.155915,-0.205915,0.311127,0.308192,-0.334423,1
31,840000000,0.521514,1.693673,1.064284,0.153924,-0.165605,0.181180,-0.196600,0.153938,-0.179931,0.153938,-0.179931,0.153623,0.009613,0.178894,0.028690,0.153894,0.003690,0.153894,0.003690,0,-5.406167,0.203894,0.153894,0.053690,0.003690,-0.171600,-0.221600,0.311127,0.362360,-2.380021,1
31,880000000,0.524033,1.700404,1.056373,0.181139,-0.196032,0.153938,-0.179931,0.140161,-0.204931,0.140161,-0.204931,0.178828,0.028843,0.153894,0.003690,0.138599,0.020869,0.138599,0.020869,0,0.967234,0.178894,0.128894,0.028690,-0.021310,-0.154931,-0.204931,0.311127,0.307876,-0.450148,1
31,920000000,0.526793,1.706090,1.050118,0.153636,-0.159682,0.140161,-0.204931,0.166796,-0.184373,0.166796,-0.184373,0.153522,0.005929,0.138599,0.020869,0.163599,0.032502,0.163599,0.032502,0,1.390268,0.163599,0.113599,0.045869,-0.004131,-0.179931,-0.229931,0.311127,0.280322,-0.309862,1
31,960000000,0.528989,1.711354,1.042142,0.140566,-0.204930,0.166796,-0.184373,0.138802,-0.209373,0.138802,-0.209373,0.138982,0.021045,0.163599,0.032502,0.138599,0.007502,0.138599,0.007502,0,-5.728746,0.188599,0.138599,0.057502,0.007502,-0.159373,-0.209373,0.311127,0.333592,-2.346455,1
32,0,0.531178,1.717415,1.034483,0.166791,-0.187079,0.138802,-0.209373,0.166796,-0.184373,0.166796,-0.184373,0.163627,0.032333,0.138599,0.007502,0.163599,0.032502,0.163599,0.032502,0,1.412917,0.163599,0.113599,0.032502,-0.017498,-0.184373,-0.234373,0.311127,0.277604,-0.294227,1
32,60000000,0.534823,1.725480,1.023204,0.140192,-0.198661,0.166796,-0.184373,0.138802,-0.200179,0.138802,-0.200179,0.139817,0.010242,0.163599,0.032502,0.138599,0.007502,0.138599,0.007502,0,-5.790307,0.188599,0.138599,0.057502,0.007502,-0.159373,-0.209373,0.311127,0.333592,-2.327516,1
32,100000000,0.537147,1.731729,1.015771,0.166796,-0.185008,0.138802,-0.200179,0.115275,-0.225179,0.115275,-0.225179,0.163586,0.032563,0.138599,0.007502,0.113599,0.019585,0.113599,0.019585,0,1.318287,0.163599,0.113599,0.032502,-0.017498,-0.175179,-0.225179,0.311127,0.277604,-0.594013,1
32,140000000,0.539714,1.736711,1.008750,0.138538,-0.182206,0.115275,-0.225179,0.145593,-0.200179,0.145593,-0.200179,0.138212,0.009499,0.113599,0.019585,0.138599,0.044585,0.138599,0.044585,0,2.357409,0.138599,0.088599,0.044585,-0.005415,-0.200179,-0.250179,0.311127,0.230549,-0.097127,1
32,180000000,0.541554,1.741018,0.999736,0.115265,-0.222029,0.145593,-0.200179,0.115275,-0.225179,0.115275,-0.225179,0.113514,0.020015,0.138599,0.044585,0.113599,0.019585,0.113599,0.019585,0,0.559545,0.163599,0.113599,0.069585,0.019585,-0.175179,-0.225179,0.311127,0.291187,-1.347223,1
32,240000000,0.543999,1.748843,0.987001,0.136667,-0.200137,0.115275,-0.225179,0.145593,-0.200179,0.145593,-0.200179,0.131221,0.038198,0.113599,0.019585,0.138599,0.044585,0.138599,0.044585,0,2.376002,0.138599,0.088599,0.044585,-0.005415,-0.200179,-0.250179,0.311127,0.230549,-0.148465,1
32,280000000,0.545843,1.753068,0.978216,0.115242,-0.219444,0.145593,-0.200179,0.115275,-0.225179,0.115275,-0.225179,0.113442,0.020292,0.138599,0.044585,0.113599,0.019585,0.113599,0.019585,0,-6.232789,0.163599,0.113599,0.069585,0.019585,-0.175179,-0.225179,0.311127,0.291187,-2.258457,1
32,320000000,0.547528,1.758600,0.969716,0.145513,-0.210356,0.115275,-0.225179,0.145593,-0.200179,0.145593,-0.200179,0.138815,0.043638,0.113599,0.019585,0.138599,0.044585,0.138599,0.044585,0,2.358098,0.138599,0.088599,0.044585,-0.005415,-0.200179,-0.250179,0.311127,0.230549,-0.229460,1
32,380000000,0.550323,1.765342,0.956922,0.115216,-0.217451,0.145593,-0.200179,0.115275,-0.198831,0.115275,-0.198831,0.113379,0.020490,0.138599,0.044585,0.113599,0.019585,0.113599,0.019585,0,-6.335075,0.163599,0.113599,0.069585,0.019585,-0.175179,-0.225179,0.311127,0.291187,-2.241733,1
32,420000000,0.552106,1.770702,0.949015,0.136841,-0.188394,0.115275,-0.198831,0.143645,-0.213576,0.143645,-0.213576,0.131283,0.038604,0.113599,0.019585,0.138599,0.037737,0.138599,0.037737,0,2.279013,0.138599,0.088599,0.044585,-0.005415,-0.173831,-0.223831,0.311127,0.230549,-0.342789,1
32,460000000,0.554090,1.774860,0.941445,0.115182,-0.189120,0.143645,-0.213576,0.114311,-0.238576,0.114311,-0.238576,0.113309,0.020685,0.138599,0.037737,0.113599,0.012737,0.113599,0.012737,0,-6.434758,0.163599,0.113599,0.062737,0.012737,-0.188576,-0.238576,0.311127,0.287289,-2.221686,1
32,500000000,0.556157,1.780196,0.932833,0.120419,-0.206915,0.114311,-0.238576,0.117907,-0.263576,0.117907,-0.263576,0.118599,0.020858,0.113599,0.012737,0.114036,0.029961,0.114036,0.029961,0,2.222967,0.138599,0.088599,0.037737,-0.012263,-0.213576,-0.263576,0.311127,0.228621,-0.511075,1
32,560000000,0.559392,1.786399,0.919349,0.115479,-0.245775,0.117907,-0.263576,0.090141,-0.288576,0.090141,-0.288576,0.113439,0.021607,0.114036,0.029961,0.089036,0.014068,0.089036,0.014068,0,1.740736,0.139036,0.089036,0.054961,0.004961,-0.238576,-0.288576,0.311127,0.235813,-1.010062,1
32,600000000,0.561166,1.790393,0.908719,0.100777,-0.268046,0.090141,-0.288576,0.118537,-0.263576,0.118537,-0.263576,0.098403,0.021748,0.089036,0.014068,0.114036,0.032353,0.114036,0.032353,0,2.471841,0.114036,0.064036,0.039068,-0.010932,-0.263576,-0.313576,0.311127,0.220000,-0.486961,1
32,640000000,0.562898,1.793715,0.897670,0.097325,-0.274784,0.118537,-0.263576,0.089339,-0.288576,0.089339,-0.288576,0.095331,0.019598,0.114036,0.032353,0.089036,0.007353,0.089036,0.007353,0,0.823720,0.139036,0.089036,0.057353,0.007353,-0.238576,-0.288576,0.311127,0.237074,-1.449865,1
32,680000000,0.564734,1.798007,0.887282,0.115080,-0.255614,0.089339,-0.288576,0.097753,-0.313576,0.097753,-0.313576,0.110872,0.030836,0.089036,0.007353,0.094530,0.024893,0.094530,0.024893,0,2.314988,0.114036,0.064036,0.032353,-0.017647,-0.263576,-0.313576,0.311127,0.220000,-0.705727,1
32,720000000,0.566715,1.800892,0.875673,0.087394,-0.294386,0.097753,-0.313576,0.077078,-0.338576,0.077078,-0.338576,0.087058,0.007657,0.094530,0.024893,0.074709,0.018960,0.074709,0.018960,0,2.236284,0.119530,0.069530,0.049893,-0.000107,-0.288576,-0.338576,0.311127,0.220000,-0.966387,1
32,780000000,0.569122,1.805897,0.856431,0.083605,-0.334536,0.077078,-0.338576,0.066439,-0.363576,0.066439,-0.363576,0.080968,0.020833,0.074709,0.018960,0.064930,0.014077,0.064930,0.014077,0,1.926229,0.099709,0.049709,0.043960,-0.006040,-0.313576,-0.363576,0.311127,0.220000,-1.203919,1
32,820000000,0.570479,1.808489,0.842567,0.070011,-0.354650,0.066439,-0.363576,0.061291,-0.388576,0.061291,-0.388576,0.068195,0.015842,0.064930,0.014077,0.060415,0.010325,0.060415,0.010325,0,1.531444,0.089930,0.039930,0.039077,-0.010923,-0.338576,-0.388576,0.311127,0.220000,-1.394762,1
32,860000000,0.571781,1.810694,0.827781,0.062686,-0.375959,0.061291,-0.388576,0.038335,-0.363576,0.038335,-0.363576,0.061540,0.011930,0.060415,0.010325,0.035415,-0.014675,0.035415,-0.014675,0,-5.991498,0.085415,0.035415,0.035325,-0.014675,-0.363576,-0.413576,0.311127,0.220000,-2.037667,1
32,900000000,0.573098,1.812674,0.812357,0.058997,-0.382955,0.038335,-0.363576,0.042273,-0.388576,0.042273,-0.388576,0.058235,0.009452,0.035415,-0.014675,0.031311,-0.028401,0.031311,-0.028401,0,-6.107719,0.060415,0.010415,0.010325,-0.039675,-0.338576,-0.388576,0.311127,0.220000,-2.022242,1
32,960000000,0.575199,1.813295,0.790348,0.038245,-0.378563,0.042273,-0.388576,0.045266,-0.413576,0.045266,-0.413576,0.029291,-0.024592,0.031311,-0.028401,0.033174,-0.030797,0.033174,-0.030797,0,-6.185136,0.056311,0.006311,-0.003401,-0.053401,-0.363576,-0.413576,0.311127,0.220000,-2.010062,1
33,0,0.576837,1.813198,0.774595,0.041912,-0.401363,0.045266,-0.413576,0.048381,-0.438576,0.048381,-0.438576,0.027850,-0.031321,0.033174,-0.030797,0.035270,-0.033117,0.035270,-0.033117,0,-6.222709,0.058174,0.008174,-0.005797,-0.055797,-0.388576,-0.438576,0.311127,0.220000,-1.994309,1
33,60000000,0.579484,1.812972,0.749353,0.045850,-0.433627,0.048381,-0.438576,0.051558,-0.463576,0.051558,-0.463576,0.030244,-0.034460,0.035270,-0.033117,0.037335,-0.035557,0.037335,-0.035557,0,-6.269533,0.060270,0.010270,-0.008117,-0.058117,-0.413576,-0.463576,0.311127,0.220000,-1.978098,1
33,100000000,0.581371,1.812762,0.731509,0.048815,-0.456801,0.051558,-0.463576,0.054833,-0.488576,0.054833,-0.488576,0.032105,-0.036772,0.037335,-0.035557,0.039569,-0.037960,0.039569,-0.037960,0,-6.293436,0.062335,0.012335,-0.010557,-0.060557,-0.438576,-0.488576,0.311127,0.220000,-1.960254,1
33,140000000,0.583348,1.812507,0.712949,0.050900,-0.472091,0.054833,-0.488576,0.056410,-0.500000,0.056410,-0.500000,0.033614,-0.038222,0.039569,-0.037960,0.040595,-0.039168,0.040595,-0.039168,0,-6.312241,0.064569,0.014569,-0.012960,-0.062960,-0.463576,-0.500000,0.311127,0.220000,-1.950006,1
33,180000000,0.585415,1.812210,0.693708,0.052613,-0.483738,0.056410,-0.500000,0.056972,-0.500000,0.056972,-0.500000,0.034933,-0.039342,0.040595,-0.039168,0.040912,-0.039649,0.040912,-0.039649,0,-6.326711,0.065595,0.015595,-0.014168,-0.064168,-0.475000,-0.500000,0.311127,0.220000,-1.930765,1
33,220000000,0.587518,1.811879,0.674268,0.053331,-0.485169,0.056972,-0.500000,0.057552,-0.500000,0.057552,-0.500000,0.035693,-0.039627,0.040912,-0.039649,0.041277,-0.040105,0.041277,-0.040105,0,-6.335021,0.065912,0.015912,-0.014649,-0.064649,-0.475000,-0.500000,0.311127,0.220000,-1.911326,1
33,280000000,0.590690,1.811341,0.645386,0.053866,-0.479260,0.057552,-0.500000,0.058198,-0.500000,0.058198,-0.500000,0.036678,-0.039449,0.041277,-0.040105,0.041693,-0.040604,0.041693,-0.040604,0,-6.342674,0.066277,0.016277,-0.015105,-0.065105,-0.475000,-0.500000,0.311127,0.220000,-1.890110,1
33,320000000,0.592817,1.810963,0.626361,0.054245,-0.474231,0.058198,-0.500000,0.058789,-0.500000,0.058789,-0.500000,0.037499,-0.039196,0.041693,-0.040604,0.042113,-0.041021,0.042113,-0.041021,0,-6.343279,0.066693,0.016693,-0.015604,-0.065604,-0.475000,-0.500000,0.311127,0.220000,-1.871085,1
33,360000000,0.594952,1.810581,0.607565,0.054318,-0.468312,0.058789,-0.500000,0.059160,-0.500000,0.059160,-0.500000,0.038279,-0.038537,0.042113,-0.041021,0.042379,-0.041278,0.042379,-0.041278,0,-6.343106,0.067113,0.017113,-0.016021,-0.066021,-0.475000,-0.500000,0.311127,0.220000,-1.859373,1
33,400000000,0.597097,1.810203,0.589044,0.054528,-0.461139,0.059160,-0.500000,0.059755,-0.500000,0.059755,-0.500000,0.039289,-0.037811,0.042379,-0.041278,0.042815,-0.041683,0.042815,-0.041683,0,-6.341577,0.067379,0.017379,-0.016278,-0.066278,-0.475000,-0.500000,0.311127,0.220000,-1.840852,1
33,460000000,0.600326,1.809663,0.561850,0.054751,-0.449751,0.059755,-0.500000,0.060432,-0.500000,0.060432,-0.500000,0.040798,-0.036513,0.042815,-0.041683,0.043323,-0.042133,0.043323,-0.042133,0,-6.338066,0.067815,0.017815,-0.016683,-0.066683,-0.475000,-0.500000,0.311127,0.220000,-1.820215,1
33,500000000,0.602494,1.809274,0.543873,0.055373,-0.449162,0.060432,-0.500000,0.061035,-0.500000,0.061035,-0.500000,0.041286,-0.036901,0.043323,-0.042133,0.043783,-0.042525,0.043783,-0.042525,0,-6.333858,0.068323,0.018323,-0.017133,-0.067133,-0.475000,-0.500000,0.311127,0.220000,-1.802237,1
33,540000000,0.604677,1.808844,0.525915,0.055874,-0.448721,0.061035,-0.500000,0.061650,-0.500000,0.061650,-0.500000,0.041682,-0.037208,0.043783,-0.042525,0.044271,-0.042904,0.044271,-0.042904,0,-6.326683,0.068783,0.018783,-0.017525,-0.067525,-0.475000,-0.500000,0.311127,0.220000,-1.784280,1
33,600000000,0.607972,1.808121,0.499009,0.056500,-0.448191,0.061650,-0.500000,0.062378,-0.500000,0.062378,-0.500000,0.042196,-0.037572,0.044271,-0.042904,0.044892,-0.043309,0.044892,-0.043309,0,-6.311899,0.069271,0.019271,-0.017904,-0.067904,-0.475000,-0.500000,0.311127,0.220000,-1.763454,1
33,640000000,0.610187,1.807587,0.481097,0.057181,-0.447646,0.062378,-0.500000,0.063018,-0.500000,0.063018,-0.500000,0.042798,-0.037920,0.044892,-0.043309,0.045435,-0.043668,0.045435,-0.043668,0,-6.299507,0.069892,0.019892,-0.018309,-0.068309,-0.475000,-0.500000,0.311127,0.220000,-1.745541,1
33,680000000,0.612417,1.807013,0.463203,0.057780,-0.447171,0.063018,-0.500000,0.063670,-0.500000,0.063670,-0.500000,0.043326,-0.038229,0.045435,-0.043668,0.046004,-0.044017,0.046004,-0.044017,0,-6.284836,0.070435,0.020435,-0.018668,-0.068668,-0.475000,-0.500000,0.311127,0.220000,-1.727648,1
33,720000000,0.614661,1.806398,0.445327,0.058395,-0.446700,0.063670,-0.500000,0.064124,-0.500000,0.064124,-0.500000,0.043880,-0.038528,0.046004,-0.044017,0.046439,-0.044220,0.046439,-0.044220,0,-6.269025,0.071004,0.021004,-0.019017,-0.069017,-0.475000,-0.500000,0.311127,0.220000,-1.715419,1
33,760000000,0.616913,1.805743,0.427466,0.058829,-0.446406,0.064124,-0.500000,0.064799,-0.500000,0.064799,-0.500000,0.044309,-0.038698,0.046439,-0.044220,0.047049,-0.044557,0.047049,-0.044557,0,-6.251093,0.071439,0.021439,-0.019220,-0.069220,-0.475000,-0.500000,0.311127,0.220000,-1.697557,1
33,820000000,0.620307,1.804684,0.400699,0.059471,-0.445958,0.064799,-0.500000,0.065631,-0.500000,0.065631,-0.500000,0.044911,-0.038985,0.047049,-0.044557,0.047862,-0.044907,0.047862,-0.044907,0,-6.220297,0.072049,0.022049,-0.019557,-0.069557,-0.475000,-0.500000,0.311127,0.220000,-1.676045,1
33,860000000,0.622589,1.803929,0.382878,0.060267,-0.445422,0.065631,-0.500000,0.066336,-0.500000,0.066336,-0.500000,0.045711,-0.039276,0.047862,-0.044907,0.048524,-0.045232,0.048524,-0.045232,0,-6.198699,0.072862,0.022862,-0.019907,-0.069907,-0.475000,-0.500000,0.311127,0.220000,-1.658224,1
33,900000000,0.624865,1.803134,0.365060,0.060275,-0.445462,0.066336,-0.500000,0.067057,-0.500000,0.067057,-0.500000,0.045720,-0.039278,0.048524,-0.045232,0.049217,-0.045544,0.049217,-0.045544,0,-6.174405,0.073524,0.023524,-0.020232,-0.070232,-0.475000,-0.500000,0.311127,0.220000,-1.640405,1
33,940000000,0.627146,1.802297,0.347254,0.060949,-0.445004,0.067057,-0.500000,0.067792,-0.500000,0.067792,-0.500000,0.046373,-0.039552,0.049217,-0.045544,0.049938,-0.045848,0.049938,-0.045848,0,-6.148144,0.074217,0.024217,-0.020544,-0.070544,-0.475000,-0.500000,0.311127,0.220000,-1.622600,1
33,980000000,0.629436,1.801419,0.329463,0.061641,-0.444553,0.067792,-0.500000,0.068336,-0.500000,0.068336,-0.500000,0.047059,-0.039814,0.049938,-0.045848,0.050526,-0.046010,0.050526,-0.046010,0,-6.120847,0.074938,0.024938,-0.020848,-0.070848,-0.475000,-0.500000,0.311127,0.220000,-1.609704,1
34,40000000,0.632890,1.800024,0.302806,0.062356,-0.444135,0.068336,-0.500000,0.069486,-0.500000,0.069486,-0.500000,0.047780,-0.040068,0.050526,-0.046010,0.051677,-0.046452,0.051677,-0.046452,0,-6.077340,0.075526,0.025526,-0.021010,-0.071010,-0.475000,-0.500000,0.311127,0.220000,-1.583047,1
34,80000000,0.635201,1.799044,0.285048,0.062891,-0.443861,0.069486,-0.500000,0.070275,-0.500000,0.070275,-0.500000,0.048368,-0.040198,0.051677,-0.046452,0.052479,-0.046739,0.052479,-0.046739,0,-6.046258,0.076677,0.026677,-0.021452,-0.071452,-0.475000,-0.500000,0.311127,0.220000,-1.565289,1
34,120000000,0.637534,1.798022,0.267313,0.064002,-0.443171,0.070275,-0.500000,0.070871,-0.500000,0.070871,-0.500000,0.049506,-0.040564,0.052479,-0.046739,0.053140,-0.046892,0.053140,-0.046892,0,-6.015018,0.077479,0.027479,-0.021739,-0.071739,-0.475000,-0.500000,0.311127,0.220000,-1.552124,1
34,180000000,0.641054,1.796410,0.240739,0.064778,-0.442777,0.070871,-0.500000,0.072105,-0.500000,0.072105,-0.500000,0.050314,-0.040801,0.053140,-0.046892,0.054407,-0.047318,0.054407,-0.047318,0,-5.965768,0.078140,0.028140,-0.021892,-0.071892,-0.475000,-0.500000,0.311127,0.220000,-1.525549,1
34,220000000,0.643412,1.795285,0.223038,0.065372,-0.442515,0.072105,-0.500000,0.072952,-0.500000,0.072952,-0.500000,0.050981,-0.040921,0.054407,-0.047318,0.055286,-0.047597,0.055286,-0.047597,0,-5.931275,0.079407,0.029407,-0.022318,-0.072318,-0.475000,-0.500000,0.311127,0.220000,-1.507849,1
34,260000000,0.645792,1.794115,0.205358,0.066574,-0.441830,0.072952,-0.500000,0.073606,-0.500000,0.073606,-0.500000,0.052238,-0.041271,0.055286,-0.047597,0.056022,-0.047743,0.056022,-0.047743,0,-5.896659,0.080286,0.030286,-0.022597,-0.072597,-0.475000,-0.500000,0.311127,0.220000,-1.494440,1
34,320000000,0.649384,1.792279,0.178867,0.067418,-0.441462,0.073606,-0.500000,0.074934,-0.500000,0.074934,-0.500000,0.053130,-0.041502,0.056022,-0.047743,0.057409,-0.048160,0.057409,-0.048160,0,-5.842656,0.081022,0.031022,-0.022743,-0.072743,-0.475000,-0.500000,0.311127,0.220000,-1.467949,1
34,360000000,0.651789,1.791002,0.161220,0.068077,-0.441212,0.074934,-0.500000,0.075638,-0.500000,0.075638,-0.500000,0.053876,-0.041615,0.057409,-0.048160,0.058209,-0.048299,0.058209,-0.048299,0,-5.805029,0.082409,0.032409,-0.023160,-0.073160,-0.475000,-0.500000,0.311127,0.220000,-1.454301,1
34,400000000,0.654225,1.789678,0.143598,0.069381,-0.440539,0.075638,-0.500000,0.076565,-0.500000,0.076565,-0.500000,0.055260,-0.041953,0.058209,-0.048299,0.059182,-0.048578,0.059182,-0.048578,0,-5.767823,0.083209,0.033209,-0.023299,-0.073299,-0.475000,-0.500000,0.311127,0.220000,-1.436680,1
34,440000000,0.656669,1.788311,0.125986,0.070093,-0.440298,0.076565,-0.500000,0.077516,-0.500000,0.077516,-0.500000,0.056071,-0.042061,0.059182,-0.048578,0.060184,-0.048853,0.060184,-0.048853,0,-5.729392,0.084182,0.034182,-0.023578,-0.073578,-0.475000,-0.500000,0.311127,0.220000,-1.419067,1
34,480000000,0.659127,1.786897,0.108388,0.071016,-0.439895,0.077516,-0.500000,0.078489,-0.500000,0.078489,-0.500000,0.057053,-0.042289,0.060184,-0.048853,0.061214,-0.049126,0.061214,-0.049126,0,-5.689935,0.085184,0.035184,-0.023853,-0.073853,-0.475000,-0.500000,0.311127,0.220000,-1.401470,1
34,520000000,0.661598,1.785436,0.090806,0.071965,-0.439499,0.078489,-0.500000,0.079271,-0.500000,0.079271,-0.500000,0.058065,-0.042513,0.061214,-0.049126,0.062103,-0.049266,0.062103,-0.049266,0,-5.649892,0.086214,0.036214,-0.024126,-0.074126,-0.475000,-0.500000,0.311127,0.220000,-1.387637,1
34,580000000,0.665317,1.783155,0.064451,0.073030,-0.439147,0.079271,-0.500000,0.080806,-0.500000,0.080806,-0.500000,0.059209,-0.042750,0.062103,-0.049266,0.063739,-0.049668,0.063739,-0.049668,0,-5.587821,0.087103,0.037103,-0.024266,-0.074266,-0.475000,-0.500000,0.311127,0.220000,-1.361283,1
34,620000000,0.667808,1.781576,0.046894,0.073753,-0.438964,0.080806,-0.500000,0.081862,-0.500000,0.081862,-0.500000,0.060027,-0.042851,0.063739,-0.049668,0.064870,-0.049933,0.064870,-0.049933,0,-5.545100,0.088739,0.038739,-0.024668,-0.074668,-0.475000,-0.500000,0.311127,0.220000,-1.343726,1
34,660000000,0.670338,1.779943,0.029363,0.075281,-0.438319,0.081862,-0.500000,0.082704,-0.500000,0.082704,-0.500000,0.061669,-0.043175,0.064870,-0.049933,0.065831,-0.050063,0.065831,-0.050063,0,-5.502936,0.089870,0.039870,-0.024933,-0.074933,-0.475000,-0.500000,0.311127,0.220000,-1.330041,1
34,720000000,0.674148,1.777400,0.003086,0.076779,-0.437859,0.082704,-0.500000,0.084371,-0.500000,0.084371,-0.500000,0.063308,-0.043442,0.065831,-0.050063,0.067613,-0.050467,0.067613,-0.050467,0,-5.437795,0.090831,0.040831,-0.025063,-0.075063,-0.475000,-0.500000,0.311127,0.220000,-1.303763,1
34,760000000,0.676693,1.775644,-0.014426,0.077396,-0.437784,0.084371,-0.500000,0.085520,-0.500000,0.085520,-0.500000,0.063995,-0.043529,0.067613,-0.050467,0.068848,-0.050731,0.068848,-0.050731,0,-5.392766,0.092613,0.042613,-0.025467,-0.075467,-0.475000,-0.500000,0.311127,0.220000,-1.286252,1
34,800000000,0.679275,1.773830,-0.031913,0.078902,-0.437237,0.085520,-0.500000,0.086451,-0.500000,0.086451,-0.500000,0.065609,-0.043828,0.068848,-0.050731,0.069906,-0.050861,0.069906,-0.050861,0,-5.348419,0.093848,0.043848,-0.025731,-0.075731,-0.475000,-0.500000,0.311127,0.220000,-1.272400,1
34,840000000,0.681875,1.771960,-0.049387,0.080069,-0.436901,0.086451,-0.500000,0.087655,-0.500000,0.087655,-0.500000,0.066867,-0.044045,0.069906,-0.050861,0.071193,-0.051136,0.071193,-0.051136,0,-5.303422,0.094906,0.044906,-0.025861,-0.075861,-0.475000,-0.500000,0.311127,0.220000,-1.254926,1
34,880000000,0.684476,1.770039,-0.066857,0.081035,-0.436743,0.087655,-0.500000,0.088892,-0.500000,0.088892,-0.500000,0.067954,-0.044147,0.071193,-0.051136,0.072522,-0.051404,0.072522,-0.051404,0,-5.257071,0.096193,0.046193,-0.026136,-0.076136,-0.475000,-0.500000,0.311127,0.220000,-1.237456,1
34,940000000,0.688417,1.767048,-0.093036,0.083135,-0.436138,0.088892,-0.500000,0.090580,-0.500000,0.090580,-0.500000,0.070203,-0.044530,0.072522,-0.051404,0.074388,-0.051684,0.074388,-0.051684,0,-5.187103,0.097522,0.047522,-0.026404,-0.076404,-0.475000,-0.500000,0.311127,0.220000,-1.214390,1
34,980000000,0.691057,1.764983,-0.110478,0.084047,-0.436015,0.090580,-0.500000,0.091900,-0.500000,0.091900,-0.500000,0.071190,-0.044674,0.074388,-0.051684,0.075806,-0.051953,0.075806,-0.051953,0,-5.139281,0.099388,0.049388,-0.026684,-0.076684,-0.475000,-0.500000,0.311127,0.220000,-1.196948,1
35,20000000,0.693728,1.762855,-0.127905,0.085527,-0.435682,0.091900,-0.500000,0.093258,-0.500000,0.093258,-0.500000,0.072808,-0.044876,0.075806,-0.051953,0.077261,-0.052229,0.077261,-0.052229,0,-5.091354,0.100806,0.050806,-0.026953,-0.076953,-0.475000,-0.500000,0.311127,0.220000,-1.179521,1
35,80000000,0.697763,1.759546,-0.154026,0.087717,-0.435186,0.093258,-0.500000,0.095128,-0.500000,0.095128,-0.500000,0.075148,-0.045244,0.077261,-0.052229,0.079319,-0.052516,0.079319,-0.052516,0,-5.018704,0.102261,0.052261,-0.027229,-0.077229,-0.475000,-0.500000,0.311127,0.220000,-1.156331,1
35,120000000,0.700463,1.757263,-0.171433,0.088778,-0.435123,0.095128,-0.500000,0.096582,-0.500000,0.096582,-0.500000,0.076295,-0.045395,0.079319,-0.052516,0.080879,-0.052790,0.080879,-0.052790,0,-4.968916,0.104319,0.054319,-0.027516,-0.077516,-0.475000,-0.500000,0.311127,0.220000,-1.138924,1
35,160000000,0.703197,1.754911,-0.188825,0.090381,-0.434797,0.096582,-0.500000,0.097839,-0.500000,0.097839,-0.500000,0.078030,-0.045608,0.080879,-0.052790,0.082277,-0.052942,0.082277,-0.052942,0,-4.919245,0.105879,0.055879,-0.027790,-0.077790,-0.475000,-0.500000,0.311127,0.220000,-1.124295,1
35,200000000,0.705946,1.752492,-0.206209,0.091696,-0.434639,0.097839,-0.500000,0.099376,-0.500000,0.099376,-0.500000,0.079439,-0.045800,0.082277,-0.052942,0.083920,-0.053226,0.083920,-0.053226,0,-4.869102,0.107277,0.057277,-0.027942,-0.077942,-0.475000,-0.500000,0.311127,0.220000,-1.106911,1
35,260000000,0.710090,1.748740,-0.232278,0.094005,-0.434333,0.099376,-0.500000,0.101772,-0.500000,0.101772,-0.500000,0.081926,-0.046100,0.083920,-0.053226,0.086485,-0.053647,0.086485,-0.053647,0,-4.792043,0.108920,0.058920,-0.028226,-0.078226,-0.475000,-0.500000,0.311127,0.220000,-1.080843,1
35,300000000,0.712878,1.746147,-0.249648,0.096029,-0.434110,0.101772,-0.500000,0.103181,-0.500000,0.103181,-0.500000,0.084064,-0.046420,0.086485,-0.053647,0.088044,-0.053802,0.088044,-0.053802,0,-4.740269,0.111485,0.061485,-0.028647,-0.078647,-0.475000,-0.500000,0.311127,0.220000,-1.066089,1
35,340000000,0.715692,1.743476,-0.267005,0.097232,-0.433984,0.103181,-0.500000,0.104889,-0.500000,0.104889,-0.500000,0.085354,-0.046570,0.088044,-0.053802,0.089865,-0.054091,0.089865,-0.054091,0,-4.688209,0.113044,0.063044,-0.028802,-0.078802,-0.475000,-0.500000,0.311127,0.220000,-1.048732,1
35,400000000,0.719934,1.739335,-0.293037,0.099842,-0.433723,0.104889,-0.500000,0.107261,-0.500000,0.107261,-0.500000,0.088144,-0.046895,0.089865,-0.054091,0.092457,-0.054374,0.092457,-0.054374,0,-4.608461,0.114865,0.064865,-0.029091,-0.079091,-0.475000,-0.500000,0.311127,0.220000,-1.025537,1
35,440000000,0.722788,1.736475,-0.310389,0.101964,-0.433768,0.107261,-0.500000,0.109107,-0.500000,0.109107,-0.500000,0.090407,-0.047150,0.092457,-0.054374,0.094425,-0.054665,0.094425,-0.054665,0,-4.554759,0.117457,0.067457,-0.029374,-0.079374,-0.475000,-0.500000,0.311127,0.220000,-1.008185,1
35,480000000,0.725675,1.733528,-0.327729,0.103802,-0.433446,0.109107,-0.500000,0.111016,-0.500000,0.111016,-0.500000,0.092370,-0.047357,0.094425,-0.054665,0.096455,-0.054965,0.096455,-0.054965,0,-4.500953,0.119425,0.069425,-0.029665,-0.079665,-0.475000,-0.500000,0.311127,0.220000,-0.990845,1
35,520000000,0.728570,1.730502,-0.345067,0.104990,-0.433575,0.111016,-0.500000,0.113724,-0.500000,0.113724,-0.500000,0.093608,-0.047545,0.096455,-0.054965,0.098938,-0.056076,0.098938,-0.056076,0,-4.441553,0.121455,0.071455,-0.029965,-0.079965,-0.475000,-0.500000,0.311127,0.222033,-0.976190,1
35,580000000,0.732943,1.725787,-0.371050,0.108794,-0.432450,0.113724,-0.500000,0.119409,-0.500000,0.119409,-0.500000,0.097327,-0.048616,0.098938,-0.056076,0.103841,-0.058955,0.103841,-0.058955,0,-4.341373,0.123938,0.073938,-0.031076,-0.081076,-0.475000,-0.500000,0.311127,0.227448,-0.952390,1
35,620000000,0.735902,1.722461,-0.388306,0.113483,-0.430262,0.119409,-0.500000,0.127410,-0.500000,0.127410,-0.500000,0.101484,-0.050787,0.103841,-0.058955,0.109894,-0.064472,0.109894,-0.064472,0,-4.237709,0.128841,0.078841,-0.033955,-0.083955,-0.475000,-0.500000,0.311127,0.238818,-0.937203,1
35,660000000,0.738939,1.718889,-0.405419,0.119795,-0.425901,0.127410,-0.500000,0.137831,-0.500000,0.137831,-0.500000,0.106637,-0.054583,0.109894,-0.064472,0.117559,-0.071953,0.117559,-0.071953,0,-4.097310,0.134894,0.084894,-0.039472,-0.089472,-0.475000,-0.500000,0.311127,0.254820,-0.924391,1
35,700000000,0.742057,1.714980,-0.422314,0.127829,-0.420222,0.137831,-0.500000,0.151270,-0.500000,0.151270,-0.500000,0.112922,-0.059907,0.117559,-0.071953,0.127343,-0.081648,0.127343,-0.081648,0,-3.915991,0.142559,0.092559,-0.046953,-0.096953,-0.475000,-0.500000,0.311127,0.275663,-0.911160,1
35,760000000,0.746906,1.708341,-0.447167,0.144905,-0.408802,0.151270,-0.500000,0.169683,-0.500000,0.169683,-0.500000,0.125908,-0.071726,0.127343,-0.081648,0.141204,-0.094093,0.141204,-0.094093,0,-3.665792,0.152343,0.102343,-0.056648,-0.106648,-0.475000,-0.500000,0.311127,0.302541,-0.891490,1
35,800000000,0.750283,1.703316,-0.463346,0.157709,-0.399273,0.169683,-0.500000,0.192927,-0.500000,0.192927,-0.500000,0.136223,-0.079470,0.141204,-0.094093,0.157892,-0.110865,0.157892,-0.110865,0,-3.386592,0.166204,0.116204,-0.069093,-0.119093,-0.475000,-0.500000,0.311127,0.339365,-0.879517,1
35,860000000,0.755723,1.694379,-0.486727,0.184949,-0.384676,0.192927,-0.500000,0.223800,-0.500000,0.223800,-0.500000,0.156653,-0.098315,0.157892,-0.110865,0.180729,-0.131998,0.180729,-0.131998,0,-3.057134,0.182892,0.132892,-0.085865,-0.135865,-0.475000,-0.500000,0.311127,0.385854,-0.862050,1
35,900000000,0.759647,1.687300,-0.501613,0.214547,-0.367659,0.223800,-0.500000,0.258298,-0.500000,0.258298,-0.500000,0.179576,-0.117402,0.180729,-0.131998,0.205573,-0.156390,0.205573,-0.156390,0,-2.752104,0.205729,0.155729,-0.106998,-0.156998,-0.475000,-0.500000,0.311127,0.440000,-0.851729,1
35,940000000,0.763879,1.679043,-0.515847,0.246353,-0.349833,0.258298,-0.500000,0.262414,-0.500000,0.262414,-0.500000,0.203820,-0.138374,0.205573,-0.156390,0.210237,-0.157040,0.210237,-0.157040,0,-2.720191,0.220000,0.180573,-0.131390,-0.181390,-0.475000,-0.500000,0.311127,0.440000,-0.838369,1
35,980000000,0.768258,1.670000,-0.530074,0.253339,-0.356708,0.262414,-0.500000,0.266944,-0.500000,0.266944,-0.500000,0.210129,-0.141514,0.210237,-0.157040,0.215269,-0.157856,0.215269,-0.157856,0,-2.687934,0.220000,0.185237,-0.132040,-0.182040,-0.475000,-0.500000,0.311127,0.440000,-0.824142,1
36,20000000,0.772657,1.660740,-0.544559,0.258745,-0.364315,0.266944,-0.500000,0.271006,-0.499074,0.271006,-0.499074,0.215565,-0.143111,0.215269,-0.157856,0.220000,-0.158253,0.220000,-0.158253,0,-2.654308,0.220000,0.190269,-0.132856,-0.182856,-0.475000,-0.500000,0.311127,0.440000,-0.810287,1
36,60000000,0.777044,1.651283,-0.559287,0.262053,-0.370067,0.271006,-0.499074,0.269178,-0.487116,0.269178,-0.487116,0.218871,-0.144108,0.220000,-0.158253,0.220000,-0.155102,0.220000,-0.155102,0,-2.619125,0.220000,0.195000,-0.133253,-0.183253,-0.474074,-0.500000,0.311127,0.440000,-0.796243,1
36,100000000,0.781413,1.641670,-0.574153,0.263772,-0.371235,0.269178,-0.487116,0.267353,-0.475225,0.267353,-0.475225,0.221274,-0.143575,0.220000,-0.155102,0.220000,-0.151913,0.220000,-0.151913,0,-2.582778,0.220000,0.195000,-0.130102,-0.180102,-0.462116,-0.500000,0.311127,0.440000,-0.782108,1
36,140000000,0.785712,1.632084,-0.588810,0.262019,-0.363671,0.267353,-0.475225,0.265590,-0.463588,0.265590,-0.463588,0.221535,-0.139914,0.220000,-0.151913,0.220000,-0.148789,0.220000,-0.148789,0,-2.546461,0.220000,0.195000,-0.126913,-0.176913,-0.450225,-0.500000,0.311127,0.440000,-0.768020,1
36,200000000,0.791983,1.617691,-0.610644,0.261164,-0.362176,0.265590,-0.463588,0.262995,-0.446323,0.262995,-0.446323,0.221824,-0.137844,0.220000,-0.148789,0.220000,-0.144106,0.220000,-0.144106,0,-2.490643,0.220000,0.195000,-0.123789,-0.173789,-0.438588,-0.488588,0.311127,0.440000,-0.746713,1
36,240000000,0.796079,1.608141,-0.624899,0.259267,-0.353643,0.262995,-0.446323,0.261348,-0.435415,0.261348,-0.435415,0.221856,-0.134162,0.220000,-0.144106,0.220000,-0.141077,0.220000,-0.141077,0,-2.453662,0.220000,0.195000,-0.119106,-0.169106,-0.421323,-0.471323,0.311127,0.440000,-0.733056,1
36,280000000,0.800095,1.598602,-0.638996,0.258127,-0.349507,0.261348,-0.435415,0.259744,-0.424710,0.259744,-0.424710,0.221910,-0.131854,0.220000,-0.141077,0.220000,-0.138083,0.220000,-0.138083,0,-2.416412,0.220000,0.195000,-0.116077,-0.166077,-0.410415,-0.460415,0.311127,0.440000,-0.719448,1
36,340000000,0.805961,1.584313,-0.659864,0.257071,-0.346659,0.259744,-0.424710,0.257411,-0.408919,0.257411,-0.408919,0.221943,-0.129720,0.220000,-0.138083,0.220000,-0.133643,0.220000,-0.133643,0,-2.359913,0.220000,0.195000,-0.113083,-0.163083,-0.399710,-0.449710,0.311127,0.440000,-0.698977,1
36,380000000,0.809794,1.574835,-0.673460,0.255172,-0.337771,0.257411,-0.408919,0.255935,-0.398942,0.255935,-0.398942,0.221888,-0.126010,0.220000,-0.133643,0.220000,-0.130778,0.220000,-0.130778,0,-2.322635,0.220000,0.195000,-0.108643,-0.158643,-0.383919,-0.433919,0.311127,0.440000,-0.685855,1
36,420000000,0.813515,1.565326,-0.687048,0.255329,-0.340305,0.255935,-0.398942,0.254462,-0.388787,0.254462,-0.388787,0.221896,-0.126314,0.220000,-0.130778,0.220000,-0.127870,0.220000,-0.127870,0,-2.284150,0.220000,0.195000,-0.105778,-0.155778,-0.373942,-0.423942,0.311127,0.440000,-0.672268,1
36,460000000,0.817145,1.555814,-0.700529,0.254128,-0.335184,0.254462,-0.388787,0.253017,-0.379056,0.253017,-0.379056,0.221846,-0.123958,0.220000,-0.127870,0.220000,-0.124970,0.220000,-0.124970,0,-2.245086,0.220000,0.195000,-0.102870,-0.152870,-0.363787,-0.413787,0.311127,0.440000,-0.659184,1
36,520000000,0.822436,1.541564,-0.720461,0.252943,-0.330473,0.253017,-0.379056,0.250920,-0.364713,0.250920,-0.364713,0.221777,-0.121633,0.220000,-0.124970,0.220000,-0.120668,0.220000,-0.120668,0,-2.185920,0.220000,0.195000,-0.099970,-0.149970,-0.354056,-0.404056,0.311127,0.440000,-0.639542,1
36,560000000,0.825877,1.532091,-0.733505,0.251698,-0.324883,0.250920,-0.364713,0.249581,-0.355569,0.249581,-0.355569,0.221703,-0.119164,0.220000,-0.120668,0.220000,-0.117859,0.220000,-0.117859,0,-2.146482,0.220000,0.195000,-0.095668,-0.145668,-0.339713,-0.389713,0.311127,0.440000,-0.626853,1
36,600000000,0.829280,1.522673,-0.746240,0.249828,-0.315599,0.249581,-0.355569,0.248314,-0.346746,0.248314,-0.346746,0.221575,-0.115406,0.220000,-0.117859,0.220000,-0.115150,0.220000,-0.115150,0,-2.107862,0.220000,0.195000,-0.092859,-0.142859,-0.330569,-0.380569,0.311127,0.440000,-0.614418,1
36,640000000,0.832636,1.513295,-0.758713,0.248633,-0.309932,0.248314,-0.346746,0.247104,-0.338163,0.247104,-0.338163,0.221494,-0.112956,0.220000,-0.115150,0.220000,-0.112519,0.220000,-0.112519,0,-2.069776,0.220000,0.195000,-0.090150,-0.140150,-0.321746,-0.371746,0.311127,0.440000,-0.602142,1
36,700000000,0.837555,1.499265,-0.777069,0.247501,-0.304596,0.247104,-0.338163,0.245367,-0.325684,0.245367,-0.325684,0.221408,-0.110612,0.220000,-0.112519,0.220000,-0.108651,0.220000,-0.108651,0,-2.012779,0.220000,0.195000,-0.087519,-0.137519,-0.313163,-0.363163,0.311127,0.440000,-0.584026,1
36,740000000,0.840767,1.489944,-0.789041,0.246394,-0.298853,0.245367,-0.325684,0.244265,-0.317684,0.244265,-0.317684,0.221330,-0.108275,0.220000,-0.108651,0.220000,-0.106139,0.220000,-0.106139,0,-1.975109,0.220000,0.195000,-0.083651,-0.133651,-0.300684,-0.350684,0.311127,0.440000,-0.572250,1
36,780000000,0.843940,1.480661,-0.800761,0.244782,-0.290124,0.244265,-0.317684,0.243215,-0.309839,0.243215,-0.309839,0.221214,-0.104799,0.220000,-0.106139,0.220000,-0.103699,0.220000,-0.103699,0,-1.938039,0.220000,0.195000,-0.081139,-0.131139,-0.292684,-0.342684,0.311127,0.440000,-0.560530,1
36,840000000,0.848618,1.466790,-0.817909,0.243755,-0.284548,0.243215,-0.309839,0.241723,-0.298652,0.241723,-0.298652,0.221139,-0.102537,0.220000,-0.103699,0.220000,-0.100151,0.220000,-0.100151,0,-1.883274,0.220000,0.195000,-0.078699,-0.128699,-0.284839,-0.334839,0.311127,0.440000,-0.543625,1
36,880000000,0.851681,1.457575,-0.829067,0.242767,-0.278852,0.241723,-0.298652,0.240781,-0.291381,0.240781,-0.291381,0.221070,-0.100319,0.220000,-0.100151,0.220000,-0.097854,0.220000,-0.097854,0,-1.847283,0.220000,0.195000,-0.075151,-0.125151,-0.273652,-0.323652,0.311127,0.440000,-0.532467,1
36,920000000,0.854730,1.448411,-0.839921,0.241355,-0.270645,0.240781,-0.291381,0.239894,-0.284440,0.239894,-0.284440,0.220970,-0.097080,0.220000,-0.097854,0.220000,-0.095652,0.220000,-0.095652,0,-1.812392,0.220000,0.195000,-0.072854,-0.122854,-0.266381,-0.316381,0.311127,0.440000,-0.521703,1
36,960000000,0.857741,1.439271,-0.850561,0.240456,-0.265146,0.239894,-0.284440,0.239046,-0.277674,0.239046,-0.277674,0.220910,-0.094964,0.220000,-0.095652,0.220000,-0.093503,0.220000,-0.093503,0,-1.777965,0.220000,0.195000,-0.070652,-0.120652,-0.259440,-0.309440,0.311127,0.440000,-0.511100,1
37,20000000,0.862167,1.425586,-0.866202,0.239383,-0.258728,0.239046,-0.277674,0.237826,-0.267813,0.237826,-0.267813,0.220821,-0.092424,0.220000,-0.093503,0.220000,-0.090340,0.220000,-0.090340,0,-1.726629,0.220000,0.195000,-0.068503,-0.118503,-0.252674,-0.302674,0.311127,0.440000,-0.495477,1
37,60000000,0.865068,1.416486,-0.876381,0.238788,-0.254353,0.237826,-0.267813,0.237054,-0.261450,0.237054,-0.261450,0.220803,-0.090916,0.220000,-0.090340,0.220000,-0.088288,0.220000,-0.088288,0,-1.692892,0.220000,0.195000,-0.065340,-0.115340,-0.242813,-0.292813,0.311127,0.440000,-0.485281,1
37,100000000,0.867956,1.407427,-0.886303,0.237615,-0.246783,0.237054,-0.261450,0.236325,-0.255316,0.236325,-0.255316,0.220722,-0.087993,0.220000,-0.088288,0.220000,-0.086311,0.220000,-0.086311,0,-1.660090,0.220000,0.195000,-0.063288,-0.113288,-0.236450,-0.286450,0.311127,0.440000,-0.475358,1
37,140000000,0.870817,1.398391,-0.896004,0.236867,-0.241674,0.236325,-0.255316,0.235630,-0.249350,0.235630,-0.249350,0.220678,-0.086065,0.220000,-0.086311,0.220000,-0.084388,0.220000,-0.084388,0,-1.627901,0.220000,0.195000,-0.061311,-0.111311,-0.230316,-0.280316,0.311127,0.440000,-0.465620,1
37,200000000,0.875003,1.384881,-0.910446,0.235632,-0.238663,0.235630,-0.249350,0.234611,-0.240523,0.234611,-0.240523,0.220155,-0.083990,0.220000,-0.084388,0.220000,-0.081499,0.220000,-0.081499,0,-1.579002,0.220000,0.195000,-0.059388,-0.109388,-0.224350,-0.274350,0.311127,0.440000,-0.451088,1
37,240000000,0.877741,1.375894,-0.919884,0.235171,-0.233641,0.234611,-0.240523,0.233960,-0.234769,0.233960,-0.234769,0.220224,-0.082503,0.220000,-0.081499,0.220000,-0.079606,0.220000,-0.079606,0,-1.546620,0.220000,0.195000,-0.056499,-0.106499,-0.215523,-0.265523,0.311127,0.440000,-0.441521,1
37,300000000,0.881830,1.362462,-0.933573,0.234104,-0.223156,0.233960,-0.234769,0.233052,-0.226547,0.233052,-0.226547,0.220409,-0.078895,0.220000,-0.079606,0.220000,-0.076897,0.220000,-0.076897,0,-1.499809,0.220000,0.195000,-0.054606,-0.104606,-0.209769,-0.259769,0.311127,0.440000,-0.427718,1
37,340000000,0.884549,1.353519,-0.942310,0.233510,-0.217150,0.233052,-0.226547,0.232496,-0.221286,0.232496,-0.221286,0.220487,-0.076894,0.220000,-0.076897,0.220000,-0.075195,0.220000,-0.075195,0,-1.470109,0.220000,0.195000,-0.051897,-0.101897,-0.201547,-0.251547,0.311127,0.440000,-0.418785,1
37,380000000,0.887264,1.344608,-0.950804,0.232797,-0.211596,0.232496,-0.221286,0.231972,-0.216183,0.231972,-0.216183,0.220442,-0.074831,0.220000,-0.075195,0.220000,-0.073561,0.220000,-0.073561,0,-1.441409,0.220000,0.195000,-0.050195,-0.100195,-0.196286,-0.246286,0.311127,0.440000,-0.410051,1
37,420000000,0.889949,1.335708,-0.959138,0.232412,-0.208158,0.231972,-0.216183,0.231469,-0.211329,0.231469,-0.211329,0.220427,-0.073670,0.220000,-0.073561,0.220000,-0.071956,0.220000,-0.071956,0,-1.413042,0.220000,0.195000,-0.048561,-0.098561,-0.191183,-0.241183,0.311127,0.440000,-0.401717,1
37,460000000,0.892608,1.326820,-0.967302,0.231896,-0.203699,0.231469,-0.211329,0.230986,-0.206499,0.230986,-0.206499,0.220400,-0.072108,0.220000,-0.071956,0.220000,-0.070388,0.220000,-0.070388,0,-1.385125,0.220000,0.195000,-0.046956,-0.096956,-0.186329,-0.236329,0.311127,0.440000,-0.393356,1
37,520000000,0.896555,1.313514,-0.979235,0.231067,-0.196659,0.230986,-0.206499,0.230299,-0.199482,0.230299,-0.199482,0.220357,-0.069533,0.220000,-0.070388,0.220000,-0.068100,0.220000,-0.068100,0,-1.344108,0.220000,0.195000,-0.045388,-0.095388,-0.181499,-0.231499,0.311127,0.440000,-0.381123,1
37,560000000,0.899144,1.304655,-0.987066,0.230525,-0.196312,0.230299,-0.199482,0.229857,-0.194823,0.229857,-0.194823,0.220043,-0.068722,0.220000,-0.068100,0.220000,-0.066590,0.220000,-0.066590,0,-1.316823,0.220000,0.195000,-0.043100,-0.093100,-0.174482,-0.224482,0.311127,0.440000,-0.372937,1
37,600000000,0.901687,1.295852,-0.994953,0.229075,-0.196656,0.229857,-0.194823,0.229416,-0.190337,0.229416,-0.190337,0.219001,-0.067188,0.220000,-0.066590,0.220000,-0.065052,0.220000,-0.065052,0,-1.288892,0.220000,0.195000,-0.041590,-0.091590,-0.169823,-0.219823,0.311127,0.440000,-0.365050,1
37,640000000,0.904218,1.287053,-1.002606,0.229232,-0.188800,0.229416,-0.190337,0.229000,-0.185858,0.229000,-0.185858,0.219642,-0.065609,0.220000,-0.065052,0.220000,-0.063569,0.220000,-0.063569,0,-1.261797,0.220000,0.195000,-0.040052,-0.090052,-0.165337,-0.215337,0.311127,0.440000,-0.357107,1
37,700000000,0.908035,1.273840,-1.013445,0.229085,-0.178284,0.229000,-0.185858,0.228438,-0.179568,0.228438,-0.179568,0.220268,-0.062944,0.220000,-0.063569,0.220000,-0.061514,0.220000,-0.061514,0,-1.224002,0.220000,0.195000,-0.038569,-0.088569,-0.160858,-0.210858,0.311127,0.440000,-0.345870,1
37,740000000,0.910560,1.265043,-1.020461,0.228632,-0.173886,0.228438,-0.179568,0.228085,-0.175408,0.228085,-0.175408,0.220250,-0.061339,0.220000,-0.061514,0.220000,-0.060188,0.220000,-0.060188,0,-1.199478,0.220000,0.195000,-0.036514,-0.086514,-0.154568,-0.204568,0.311127,0.440000,-0.338381,1
37,780000000,0.913076,1.256262,-1.027306,0.228334,-0.170619,0.228085,-0.175408,0.227749,-0.171401,0.227749,-0.171401,0.220239,-0.060261,0.220000,-0.060188,0.220000,-0.058902,0.220000,-0.058902,0,-1.175578,0.220000,0.195000,-0.035188,-0.085188,-0.150408,-0.200408,0.311127,0.440000,-0.331138,1
37,840000000,0.916822,1.243109,-1.037288,0.227722,-0.164140,0.227749,-0.171401,0.227272,-0.165633,0.227272,-0.165633,0.220210,-0.058007,0.220000,-0.058902,0.220000,-0.057031,0.220000,-0.057031,0,-1.140626,0.220000,0.195000,-0.033902,-0.083902,-0.146401,-0.196401,0.311127,0.440000,-0.320667,1
37,880000000,0.919284,1.234357,-1.043857,0.226860,-0.164719,0.227272,-0.165633,0.226964,-0.162020,0.226964,-0.162020,0.219556,-0.057103,0.220000,-0.057031,0.220000,-0.055790,0.220000,-0.055790,0,-1.117318,0.220000,0.195000,-0.032031,-0.082031,-0.140633,-0.190633,0.311127,0.440000,-0.314098,1
37,920000000,0.921713,1.225640,-1.050440,0.226151,-0.163700,0.226964,-0.162020,0.226658,-0.158102,0.226658,-0.158102,0.219111,-0.055988,0.220000,-0.055790,0.220000,-0.054533,0.220000,-0.054533,0,-1.093623,0.220000,0.195000,-0.030790,-0.080790,-0.137020,-0.187020,0.311127,0.440000,-0.306916,1
37,980000000,0.925324,1.212574,-1.060053,0.225884,-0.157122,0.226658,-0.158102,0.226223,-0.152586,0.226223,-0.152586,0.219298,-0.054149,0.220000,-0.054533,0.220000,-0.052697,0.220000,-0.052697,0,-1.058821,0.220000,0.195000,-0.029533,-0.079533,-0.133102,-0.183102,0.311127,0.440000,-0.296778,1
38,20000000,0.927748,1.203846,-1.066067,0.226327,-0.148849,0.226223,-0.152586,0.225964,-0.149031,0.225964,-0.149031,0.220157,-0.052487,0.220000,-0.052697,0.220000,-0.051571,0.220000,-0.051571,0,-1.037402,0.220000,0.195000,-0.027697,-0.077697,-0.127586,-0.177586,0.311127,0.440000,-0.290195,1
38,60000000,0.930173,1.195132,-1.071897,0.226026,-0.144668,0.225964,-0.149031,0.225720,-0.145504,0.225720,-0.145504,0.220146,-0.051222,0.220000,-0.051571,0.220000,-0.050492,0.220000,-0.050492,0,-1.016796,0.220000,0.195000,-0.026571,-0.076571,-0.124031,-0.174031,0.311127,0.440000,-0.283633,1
38,100000000,0.932584,1.186425,-1.077599,0.225803,-0.141590,0.225720,-0.145504,0.225486,-0.142431,0.225486,-0.142431,0.220142,-0.050242,0.220000,-0.050492,0.220000,-0.049436,0.220000,-0.049436,0,-0.996559,0.220000,0.195000,-0.025492,-0.075492,-0.120504,-0.170504,0.311127,0.440000,-0.277931,1
38,160000000,0.936175,1.173375,-1.085923,0.225473,-0.137290,0.225486,-0.142431,0.225153,-0.137611,0.225153,-0.137611,0.220133,-0.048777,0.220000,-0.049436,0.220000,-0.047892,0.220000,-0.047892,0,-0.966868,0.220000,0.195000,-0.024436,-0.074436,-0.117431,-0.167431,0.311127,0.440000,-0.268923,1
38,200000000,0.938543,1.164694,-1.091420,0.224498,-0.137536,0.225153,-0.137611,0.224936,-0.134346,0.224936,-0.134346,0.219381,-0.047657,0.220000,-0.047892,0.220000,-0.046863,0.220000,-0.046863,0,-0.947001,0.220000,0.195000,-0.022892,-0.072892,-0.112611,-0.162611,0.311127,0.440000,-0.262796,1
38,240000000,0.940891,1.156031,-1.096861,0.224313,-0.134493,0.224936,-0.134346,0.224725,-0.130994,0.224725,-0.130994,0.219405,-0.046667,0.220000,-0.046863,0.220000,-0.045839,0.220000,-0.045839,0,-0.927182,0.220000,0.195000,-0.021863,-0.071863,-0.109346,-0.159346,0.311127,0.440000,-0.256481,1
38,280000000,0.943228,1.147374,-1.102177,0.224135,-0.131449,0.224725,-0.130994,0.224523,-0.128164,0.224523,-0.128164,0.219418,-0.045741,0.220000,-0.045839,0.220000,-0.044839,0.220000,-0.044839,0,-0.907757,0.220000,0.195000,-0.020839,-0.070839,-0.105994,-0.155994,0.311127,0.440000,-0.251165,1
38,340000000,0.946720,1.134381,-1.109848,0.224505,-0.123916,0.224523,-0.128164,0.224239,-0.123643,0.224239,-0.123643,0.220094,-0.044281,0.220000,-0.044839,0.220000,-0.043396,0.220000,-0.043396,0,-0.879665,0.220000,0.195000,-0.019839,-0.069839,-0.103164,-0.153164,0.311127,0.440000,-0.242612,1
38,380000000,0.949062,1.125720,-1.114694,0.224232,-0.119931,0.224239,-0.123643,0.224068,-0.120719,0.224068,-0.120719,0.220090,-0.042903,0.220000,-0.043396,0.220000,-0.042501,0.220000,-0.042501,0,-0.862183,0.220000,0.195000,-0.018396,-0.068396,-0.098643,-0.148643,0.311127,0.440000,-0.237055,1
38,420000000,0.951394,1.117062,-1.119427,0.224061,-0.117113,0.224068,-0.120719,0.223903,-0.117722,0.223903,-0.117722,0.220085,-0.042025,0.220000,-0.042501,0.220000,-0.041627,0.220000,-0.041627,0,-0.845059,0.220000,0.195000,-0.017501,-0.067501,-0.095719,-0.145719,0.311127,0.440000,-0.231339,1
38,460000000,0.953715,1.108409,-1.124052,0.223913,-0.114453,0.223903,-0.117722,0.223746,-0.114735,0.223746,-0.114735,0.220083,-0.041237,0.220000,-0.041627,0.220000,-0.040771,0.220000,-0.040771,0,-0.828274,0.220000,0.195000,-0.016627,-0.066627,-0.092722,-0.142722,0.311127,0.440000,-0.225627,1
38,500000000,0.956026,1.099759,-1.128566,0.223766,-0.111829,0.223746,-0.114735,0.223595,-0.112363,0.223595,-0.112363,0.220075,-0.040477,0.220000,-0.040771,0.220000,-0.039932,0.220000,-0.039932,0,-0.811768,0.220000,0.195000,-0.015771,-0.065771,-0.089735,-0.139735,0.311127,0.440000,-0.221113,1
38,560000000,0.959445,1.086810,-1.135339,0.223063,-0.112362,0.223595,-0.112363,0.223369,-0.108353,0.223369,-0.108353,0.219491,-0.039762,0.220000,-0.039932,0.220000,-0.038648,0.220000,-0.038648,0,-0.786478,0.220000,0.195000,-0.014932,-0.064932,-0.087363,-0.137363,0.311127,0.440000,-0.213438,1
38,600000000,0.961716,1.078186,-1.139735,0.222916,-0.108353,0.223369,-0.108353,0.223226,-0.105543,0.223226,-0.105543,0.219567,-0.038498,0.220000,-0.038648,0.220000,-0.037815,0.220000,-0.037815,0,-0.770006,0.220000,0.195000,-0.013648,-0.063648,-0.083353,-0.133353,0.311127,0.440000,-0.208036,1
38,640000000,0.963988,1.069565,-1.143990,0.222878,-0.104960,0.223226,-0.105543,0.223092,-0.102682,0.223092,-0.102682,0.219681,-0.037614,0.220000,-0.037815,0.220000,-0.037012,0.220000,-0.037012,0,-0.754106,0.220000,0.195000,-0.012815,-0.062815,-0.080543,-0.130543,0.311127,0.440000,-0.202519,1
38,680000000,0.966263,1.060933,-1.148043,0.223107,-0.100345,0.223092,-0.102682,0.222967,-0.100571,0.222967,-0.100571,0.220054,-0.036778,0.220000,-0.037012,0.220000,-0.036252,0.220000,-0.036252,0,-0.739039,0.220000,0.195000,-0.012012,-0.062012,-0.077682,-0.127682,0.311127,0.440000,-0.198466,1
38,720000000,0.968534,1.052306,-1.151992,0.222963,-0.097848,0.222967,-0.100571,0.222847,-0.097904,0.222847,-0.097904,0.220056,-0.035883,0.220000,-0.036252,0.220000,-0.035510,0.220000,-0.035510,0,-0.724310,0.220000,0.195000,-0.011252,-0.061252,-0.075571,-0.125571,0.311127,0.440000,-0.193305,1
38,780000000,0.971925,1.039370,-1.157752,0.222843,-0.094976,0.222847,-0.097904,0.222677,-0.094375,0.222677,-0.094375,0.220058,-0.035122,0.220000,-0.035510,0.220000,-0.034422,0.220000,-0.034422,0,-0.702653,0.220000,0.195000,-0.010510,-0.060510,-0.072904,-0.122904,0.311127,0.440000,-0.186482,1
38,820000000,0.974155,1.030741,-1.161542,0.222781,-0.094846,0.222677,-0.094375,0.222564,-0.091717,0.222564,-0.091717,0.219999,-0.035096,0.220000,-0.034422,0.220000,-0.033689,0.220000,-0.033689,0,-0.688033,0.220000,0.195000,-0.009422,-0.059422,-0.069375,-0.119375,0.311127,0.440000,-0.181320,1
38,860000000,0.976363,1.022127,-1.165353,0.222232,-0.094375,0.222564,-0.091717,0.222452,-0.089744,0.222452,-0.089744,0.219571,-0.034290,0.220000,-0.033689,0.220000,-0.032940,0.220000,-0.032940,0,-0.673075,0.220000,0.195000,-0.008689,-0.058689,-0.066717,-0.116717,0.311127,0.440000,-0.177510,1
38,920000000,0.979658,1.009212,-1.170909,0.222104,-0.091717,0.222452,-0.089744,0.222291,-0.086098,0.222291,-0.086098,0.219554,-0.033559,0.220000,-0.032940,0.220000,-0.031835,0.220000,-0.031835,0,-0.650965,0.220000,0.195000,-0.007940,-0.057940,-0.064744,-0.114744,0.311127,0.440000,-0.170421,1
38,960000000,0.981851,1.000601,-1.174486,0.222228,-0.088313,0.222291,-0.086098,0.222190,-0.083570,0.222190,-0.083570,0.219811,-0.032691,0.220000,-0.031835,0.220000,-0.031119,0.220000,-0.031119,0,-0.636616,0.220000,0.195000,-0.006835,-0.056835,-0.061098,-0.111098,0.311127,0.440000,-0.165493,1
39,0,0.984060,0.991987,-1.177869,0.222288,-0.083678,0.222190,-0.083570,0.222098,-0.081160,0.222098,-0.081160,0.220045,-0.031504,0.220000,-0.031119,0.220000,-0.030452,0.220000,-0.030452,0,-0.623229,0.220000,0.195000,-0.006119,-0.056119,-0.058570,-0.108570,0.311127,0.440000,-0.160788,1
39,60000000,0.987364,0.979070,-1.182781,0.222187,-0.081059,0.222098,-0.081160,0.221966,-0.077765,0.221966,-0.077765,0.220044,-0.030781,0.220000,-0.030452,0.220000,-0.029476,0.220000,-0.029476,0,-0.603622,0.220000,0.195000,-0.005452,-0.055452,-0.056160,-0.106160,0.311127,0.440000,-0.154153,1
39,100000000,0.989564,0.970463,-1.185937,0.222095,-0.078772,0.221966,-0.077765,0.221883,-0.075211,0.221883,-0.075211,0.220041,-0.030131,0.220000,-0.029476,0.220000,-0.028847,0.220000,-0.028847,0,-0.590964,0.220000,0.195000,-0.004476,-0.054476,-0.052765,-0.102765,0.311127,0.440000,-0.149146,1
39,140000000,0.991756,0.961867,-1.189050,0.221692,-0.077639,0.221883,-0.075211,0.221802,-0.073614,0.221802,-0.073614,0.219738,-0.029372,0.220000,-0.028847,0.220000,-0.028218,0.220000,-0.028218,0,-0.578275,0.220000,0.195000,-0.003847,-0.053847,-0.050211,-0.100211,0.311127,0.440000,-0.146033,1
39,180000000,0.993943,0.953276,-1.192084,0.221607,-0.075211,0.221802,-0.073614,0.221724,-0.071249,0.221724,-0.071249,0.219734,-0.028753,0.220000,-0.028218,0.220000,-0.027600,0.220000,-0.027600,0,-0.565808,0.220000,0.195000,-0.003218,-0.053218,-0.048614,-0.098614,0.311127,0.440000,-0.141390,1
39,240000000,0.997209,0.940391,-1.196530,0.221510,-0.073614,0.221724,-0.071249,0.221612,-0.068143,0.221612,-0.068143,0.219718,-0.028125,0.220000,-0.027600,0.220000,-0.026681,0.220000,-0.026681,0,-0.547249,0.220000,0.195000,-0.002600,-0.052600,-0.046249,-0.096249,0.311127,0.440000,-0.135294,1
39,280000000,0.999388,0.931801,-1.199361,0.221587,-0.070318,0.221612,-0.068143,0.221542,-0.065681,0.221542,-0.065681,0.219883,-0.027428,0.220000,-0.026681,0.220000,-0.026094,0.220000,-0.026094,0,-0.535371,0.220000,0.195000,-0.001681,-0.051681,-0.043143,-0.093143,0.311127,0.440000,-0.130448,1
39,320000000,1.001577,0.923211,-1.202054,0.221611,-0.066689,0.221542,-0.065681,0.221477,-0.064306,0.221477,-0.064306,0.220024,-0.026471,0.220000,-0.026094,0.220000,-0.025536,0.220000,-0.025536,0,-0.524091,0.220000,0.195000,-0.001094,-0.051094,-0.040681,-0.090681,0.311127,0.440000,-0.127755,1
39,360000000,1.003766,0.914623,-1.204651,0.221541,-0.064335,0.221477,-0.064306,0.221415,-0.061859,0.221415,-0.061859,0.220023,-0.025893,0.220000,-0.025536,0.220000,-0.024993,0.220000,-0.024993,0,-0.513085,0.220000,0.195000,-0.000536,-0.050536,-0.039306,-0.089306,0.311127,0.440000,-0.122928,1
39,420000000,1.007043,0.901745,-1.208437,0.221430,-0.062443,0.221415,-0.061859,0.221326,-0.058889,0.221326,-0.058889,0.219991,-0.025195,0.220000,-0.024993,0.220000,-0.024190,0.220000,-0.024190,0,-0.496790,0.220000,0.195000,0.000007,-0.049993,-0.036859,-0.086859,0.311127,0.440000,-0.117073,1
39,460000000,1.009220,0.893165,-1.210889,0.221216,-0.061824,0.221326,-0.058889,0.221268,-0.056600,0.221268,-0.056600,0.219808,-0.024920,0.220000,-0.024190,0.220000,-0.023659,0.220000,-0.023659,0,-0.486020,0.220000,0.195000,0.000810,-0.049190,-0.033889,-0.083889,0.311127,0.440000,-0.112551,1
39,500000000,1.011402,0.884591,-1.213252,0.221171,-0.058889,0.221268,-0.056600,0.221214,-0.055398,0.221214,-0.055398,0.219851,-0.024128,0.220000,-0.023659,0.220000,-0.023146,0.220000,-0.023146,0,-0.475602,0.220000,0.195000,0.001341,-0.048659,-0.031600,-0.081600,0.311127,0.440000,-0.110188,1
39,540000000,1.013583,0.876018,-1.215525,0.221128,-0.056600,0.221214,-0.055398,0.221162,-0.053145,0.221162,-0.053145,0.219865,-0.023597,0.220000,-0.023146,0.220000,-0.022645,0.220000,-0.022645,0,-0.465414,0.220000,0.195000,0.001854,-0.048146,-0.030398,-0.080398,0.311127,0.440000,-0.105732,1
39,600000000,1.016850,0.863160,-1.218839,0.221140,-0.054203,0.221162,-0.053145,0.221087,-0.050114,0.221087,-0.050114,0.219952,-0.022887,0.220000,-0.022645,0.220000,-0.021901,0.220000,-0.021901,0,-0.450282,0.220000,0.195000,0.002355,-0.047645,-0.028145,-0.078145,0.311127,0.440000,-0.099734,1
39,640000000,1.019029,0.854586,-1.220930,0.221162,-0.052181,0.221087,-0.050114,0.221041,-0.047628,0.221041,-0.047628,0.220015,-0.022497,0.220000,-0.021901,0.220000,-0.021422,0.220000,-0.021422,0,-0.440528,0.220000,0.195000,0.003099,-0.046901,-0.025114,-0.075114,0.311127,0.440000,-0.094807,1
39,680000000,1.021216,0.846017,-1.222917,0.221087,-0.049468,0.221041,-0.047628,0.220997,-0.045306,0.220997,-0.045306,0.220011,-0.021791,0.220000,-0.021422,0.220000,-0.020964,0.220000,-0.020964,0,-0.431181,0.220000,0.195000,0.003578,-0.046422,-0.022628,-0.072628,0.311127,0.440000,-0.090203,1
39,740000000,1.024496,0.833167,-1.225735,0.221017,-0.046178,0.220997,-0.045306,0.220934,-0.042490,0.220934,-0.042490,0.220003,-0.021145,0.220000,-0.020964,0.220000,-0.020295,0.220000,-0.020295,0,-0.417537,0.220000,0.195000,0.004036,-0.045964,-0.020306,-0.070306,0.311127,0.440000,-0.084621,1
39,780000000,1.026681,0.824604,-1.227527,0.220911,-0.044466,0.220934,-0.042490,0.220894,-0.041583,0.220894,-0.041583,0.219938,-0.020718,0.220000,-0.020295,0.220000,-0.019856,0.220000,-0.019856,0,-0.408585,0.220000,0.195000,0.004705,-0.045295,-0.017490,-0.067490,0.311127,0.440000,-0.082829,1
39,820000000,1.028873,0.816044,-1.229223,0.220886,-0.042309,0.220894,-0.041583,0.220857,-0.039254,0.220857,-0.039254,0.219963,-0.020167,0.220000,-0.019856,0.220000,-0.019435,0.220000,-0.019435,0,-0.400001,0.220000,0.195000,0.005144,-0.044856,-0.016583,-0.066583,0.311127,0.440000,-0.078202,1
39,860000000,1.031067,0.807487,-1.230882,0.220855,-0.041352,0.220857,-0.039254,0.220820,-0.036852,0.220820,-0.036852,0.219968,-0.019777,0.220000,-0.019435,0.220000,-0.019017,0.220000,-0.019017,0,-0.391462,0.220000,0.195000,0.005565,-0.044435,-0.014254,-0.064254,0.311127,0.440000,-0.073430,1
39,900000000,1.033262,0.798930,-1.232452,0.220827,-0.039253,0.220820,-0.036852,0.220786,-0.036058,0.220786,-0.036058,0.219974,-0.019397,0.220000,-0.019017,0.220000,-0.018608,0.220000,-0.018608,0,-0.383101,0.220000,0.195000,0.005983,-0.044017,-0.011852,-0.061852,0.311127,0.440000,-0.071860,1
39,960000000,1.036557,0.786098,-1.234663,0.220795,-0.036275,0.220786,-0.036058,0.220736,-0.033118,0.220736,-0.033118,0.219999,-0.018725,0.220000,-0.018608,0.220000,-0.018012,0.220000,-0.018012,0,-0.370900,0.220000,0.195000,0.006392,-0.043608,-0.011058,-0.061058,0.311127,0.440000,-0.066015,1
40,0,1.038758,0.777546,-1.236074,0.220740,-0.034524,0.220736,-0.033118,0.220704,-0.030476,0.220704,-0.030476,0.219983,-0.018261,0.220000,-0.018012,0.220000,-0.017614,0.220000,-0.017614,0,-0.362772,0.220000,0.195000,0.006988,-0.043012,-0.008118,-0.058118,0.311127,0.440000,-0.060758,1
40,40000000,1.040966,0.768998,-1.237378,0.220699,-0.032102,0.220704,-0.030476,0.220674,-0.027937,0.220674,-0.027937,0.219978,-0.017818,0.220000,-0.017614,0.220000,-0.017236,0.220000,-0.017236,0,-0.355030,0.220000,0.195000,0.007386,-0.042614,-0.005476,-0.055476,0.311127,0.440000,-0.055704,1
40,80000000,1.043176,0.760452,-1.238602,0.220704,-0.030646,0.220674,-0.027937,0.220645,-0.027320,0.220645,-0.027320,0.220001,-0.017604,0.220000,-0.017236,0.220000,-0.016864,0.220000,-0.016864,0,-0.347409,0.220000,0.195000,0.007764,-0.042236,-0.002937,-0.052937,0.311127,0.440000,-0.054480,1
40,120000000,1.045390,0.751907,-1.239731,0.220668,-0.028141,0.220645,-0.027320,0.220618,-0.024745,0.220618,-0.024745,0.219999,-0.017172,0.220000,-0.016864,0.220000,-0.016502,0.220000,-0.016502,0,-0.339993,0.220000,0.195000,0.008136,-0.041864,-0.002320,-0.052320,0.311127,0.440000,-0.049351,1
40,160000000,1.047607,0.743364,-1.240836,0.220643,-0.027439,0.220618,-0.024745,0.220591,-0.022046,0.220591,-0.022046,0.219999,-0.016845,0.220000,-0.016502,0.220000,-0.016138,0.220000,-0.016138,0,-0.332532,0.220000,0.195000,0.008498,-0.041502,0.000255,-0.049745,0.311127,0.440000,-0.043975,1
40,220000000,1.050942,0.730555,-1.242299,0.220591,-0.022694,0.220591,-0.022046,0.220553,-0.019019,0.220553,-0.019019,0.219996,-0.016188,0.220000,-0.016138,0.220000,-0.015614,0.220000,-0.015614,0,-0.321791,0.220000,0.195000,0.008862,-0.041138,0.002954,-0.047046,0.311127,0.440000,-0.037942,1
40,260000000,1.053173,0.722021,-1.243148,0.220483,-0.020337,0.220553,-0.019019,0.220530,-0.018591,0.220530,-0.018591,0.219917,-0.015790,0.220000,-0.015614,0.220000,-0.015282,0.220000,-0.015282,0,-0.314983,0.220000,0.195000,0.009386,-0.040614,0.005981,-0.044019,0.311127,0.440000,-0.037093,1
40,300000000,1.055415,0.713493,-1.243897,0.220463,-0.018515,0.220530,-0.018591,0.220508,-0.015761,0.220508,-0.015761,0.219929,-0.015347,0.220000,-0.015282,0.220000,-0.014960,0.220000,-0.014960,0,-0.308389,0.220000,0.195000,0.009718,-0.040282,0.006409,-0.043591,0.311127,0.440000,-0.031449,1
40,340000000,1.057663,0.704968,-1.244618,0.220405,-0.017458,0.220508,-0.015761,0.220486,-0.012765,0.220486,-0.012765,0.219889,-0.015069,0.220000,-0.014960,0.220000,-0.014636,0.220000,-0.014636,0,-0.301735,0.220000,0.195000,0.010040,-0.039960,0.009239,-0.040761,0.311127,0.440000,-0.025474,1
40,380000000,1.059915,0.696444,-1.245239,0.220424,-0.015289,0.220486,-0.012765,0.220466,-0.012453,0.220466,-0.012453,0.219921,-0.014886,0.220000,-0.014636,0.220000,-0.014323,0.220000,-0.014323,0,-0.295308,0.220000,0.195000,0.010364,-0.039636,0.012235,-0.037765,0.311127,0.440000,-0.024853,1
40,440000000,1.063299,0.683656,-1.246062,0.220467,-0.013618,0.220466,-0.012453,0.220435,-0.009209,0.220435,-0.009209,0.219992,-0.014462,0.220000,-0.014323,0.220000,-0.013845,0.220000,-0.013845,0,-0.285488,0.220000,0.195000,0.010677,-0.039323,0.012547,-0.037453,0.311127,0.440000,-0.018383,1
40,480000000,1.065564,0.675133,-1.246556,0.220440,-0.011183,0.220435,-0.009209,0.220415,-0.005915,0.220415,-0.005915,0.219991,-0.014071,0.220000,-0.013845,0.220000,-0.013517,0.220000,-0.013517,0,-0.278749,0.220000,0.195000,0.011155,-0.038845,0.015791,-0.034209,0.311127,0.440000,-0.011809,1
40,520000000,1.067838,0.666614,-1.246952,0.220426,-0.009243,0.220415,-0.005915,0.220396,-0.002433,0.220396,-0.002433,0.219991,-0.013850,0.220000,-0.013517,0.220000,-0.013201,0.220000,-0.013201,0,-0.272248,0.220000,0.195000,0.011483,-0.038517,0.019085,-0.030915,0.311127,0.440000,-0.004856,1
40,580000000,1.071271,0.653852,-1.247250,0.220166,-0.002432,0.220396,-0.002433,0.220370,0.001265,0.220370,0.001265,0.219773,-0.013159,0.220000,-0.013201,0.220000,-0.012767,0.220000,-0.012767,0,-0.263333,0.220000,0.195000,0.011799,-0.038201,0.022567,-0.027433,0.311127,0.440000,0.002526,1
40,620000000,1.073580,0.645353,-1.247259,0.220134,0.001266,0.220370,0.001265,0.220355,0.005109,0.220355,0.005109,0.219773,-0.012610,0.220000,-0.012767,0.220000,-0.012509,0.220000,-0.012509,0,-0.258041,0.220000,0.195000,0.012233,-0.037767,0.026265,-0.023735,0.311127,0.440000,0.010201,1
40,660000000,1.075901,0.636860,-1.247147,0.220115,0.004341,0.220355,0.005109,0.220341,0.005052,0.220341,0.005052,0.219766,-0.012402,0.220000,-0.012509,0.220000,-0.012255,0.220000,-0.012255,0,-0.252818,0.220000,0.195000,0.012491,-0.037509,0.030109,-0.019891,0.311127,0.440000,0.010089,1
40,700000000,1.078226,0.628365,-1.246973,0.220272,0.003558,0.220341,0.005052,0.220327,0.009128,0.220327,0.009128,0.219918,-0.012489,0.220000,-0.012255,0.220000,-0.011994,0.220000,-0.011994,0,-0.247452,0.220000,0.195000,0.012745,-0.037255,0.030052,-0.019948,0.311127,0.440000,0.018229,1
40,760000000,1.081725,0.615616,-1.246664,0.220324,0.006994,0.220327,0.009128,0.220304,0.013494,0.220304,0.013494,0.219985,-0.012227,0.220000,-0.011994,0.220000,-0.011574,0.220000,-0.011574,0,-0.238793,0.220000,0.195000,0.013006,-0.036994,0.034128,-0.015872,0.311127,0.440000,0.026950,1
40,800000000,1.084077,0.607124,-1.246262,0.220301,0.011063,0.220304,0.013494,0.220291,0.018213,0.220291,0.018213,0.219983,-0.011840,0.220000,-0.011574,0.220000,-0.011316,0.220000,-0.011316,0,-0.233495,0.220000,0.195000,0.013426,-0.036574,0.038494,-0.011506,0.311127,0.440000,0.036377,1
40,840000000,1.086441,0.598635,-1.245719,0.220287,0.015624,0.220291,0.018213,0.220278,0.017939,0.220278,0.017939,0.219982,-0.011604,0.220000,-0.011316,0.220000,-0.011063,0.220000,-0.011063,0,-0.228294,0.220000,0.195000,0.013684,-0.036316,0.043213,-0.006787,0.311127,0.440000,0.035833,1
40,880000000,1.088821,0.590157,-1.245064,0.220008,0.016997,0.220278,0.017939,0.220265,0.022992,0.220265,0.022992,0.219725,-0.011153,0.220000,-0.011063,0.220000,-0.010811,0.220000,-0.010811,0,-0.223097,0.220000,0.195000,0.013937,-0.036063,0.042939,-0.007061,0.311127,0.440000,0.045928,1
40,940000000,1.092433,0.577468,-1.243826,0.219898,0.022993,0.220265,0.022992,0.220248,0.028759,0.220248,0.028759,0.219644,-0.010580,0.220000,-0.010811,0.220000,-0.010457,0.220000,-0.010457,0,-0.215804,0.220000,0.195000,0.014189,-0.035811,0.047992,-0.002008,0.311127,0.440000,0.057453,1
40,980000000,1.094869,0.569017,-1.242734,0.219845,0.028759,0.220248,0.028759,0.220239,0.035280,0.220239,0.035280,0.219608,-0.010206,0.220000,-0.010457,0.220000,-0.010250,0.220000,-0.010250,0,-0.211548,0.220000,0.195000,0.014543,-0.035457,0.053759,0.003759,0.311127,0.440000,0.070484,1
41,20000000,1.097309,0.560561,-1.241513,0.220226,0.031968,0.220239,0.035280,0.220228,0.034668,0.220228,0.034668,0.219969,-0.010628,0.220000,-0.010250,0.220000,-0.010029,0.220000,-0.010029,0,-0.206999,0.220000,0.195000,0.014750,-0.035250,0.060280,0.010280,0.311127,0.440000,0.069263,1
41,80000000,1.100993,0.547871,-1.239631,0.220222,0.031092,0.220228,0.034668,0.220211,0.041070,0.220211,0.041070,0.219975,-0.010435,0.220000,-0.010029,0.220000,-0.009635,0.220000,-0.009635,0,-0.198878,0.220000,0.195000,0.014971,-0.035029,0.059668,0.009668,0.311127,0.440000,0.082062,1
41,120000000,1.103476,0.539420,-1.238194,0.220203,0.037127,0.220211,0.041070,0.220199,0.049010,0.220199,0.049010,0.219972,-0.010085,0.220000,-0.009635,0.220000,-0.009359,0.220000,-0.009359,0,-0.193186,0.220000,0.195000,0.015365,-0.034635,0.066070,0.016070,0.311127,0.440000,0.097931,1
41,160000000,1.105974,0.530974,-1.236710,0.220203,0.037110,0.220199,0.049010,0.220186,0.058448,0.220186,0.058448,0.219972,-0.010087,0.220000,-0.009359,0.220000,-0.009056,0.220000,-0.009056,0,-0.186942,0.220000,0.195000,0.015641,-0.034359,0.074010,0.024010,0.311127,0.440000,0.116797,1
41,200000000,1.108495,0.522543,-1.234955,0.219789,0.047512,0.220186,0.058448,0.220175,0.057567,0.220175,0.057567,0.219583,-0.009521,0.220000,-0.009056,0.220000,-0.008779,0.220000,-0.008779,0,-0.181238,0.220000,0.195000,0.015944,-0.034056,0.083448,0.033448,0.311127,0.440000,0.115042,1
41,240000000,1.111054,0.514139,-1.232768,0.219637,0.058027,0.220175,0.057567,0.220165,0.067822,0.220165,0.067822,0.219457,-0.008870,0.220000,-0.008779,0.220000,-0.008524,0.220000,-0.008524,0,-0.175983,0.220000,0.195000,0.016221,-0.033779,0.082567,0.032567,0.311127,0.440000,0.135542,1
41,300000000,1.114962,0.501558,-1.229300,0.219539,0.057567,0.220165,0.067822,0.220149,0.079588,0.220149,0.079588,0.219376,-0.008440,0.220000,-0.008524,0.220000,-0.008108,0.220000,-0.008108,0,-0.167399,0.220000,0.195000,0.016476,-0.033524,0.092822,0.042822,0.311127,0.440000,0.159068,1
41,340000000,1.117577,0.493156,-1.226792,0.220150,0.062505,0.220149,0.079588,0.220137,0.094651,0.220137,0.094651,0.219960,-0.009143,0.220000,-0.008108,0.220000,-0.007760,0.220000,-0.007760,0,-0.160236,0.220000,0.195000,0.016892,-0.033108,0.104588,0.054588,0.311127,0.440000,0.189184,1
41,380000000,1.120224,0.484758,-1.223909,0.220132,0.073733,0.220137,0.094651,0.220125,0.112504,0.220125,0.112504,0.219956,-0.008792,0.220000,-0.007760,0.220000,-0.007430,0.220000,-0.007430,0,-0.153416,0.220000,0.195000,0.017240,-0.032760,0.119651,0.069651,0.311127,0.440000,0.224881,1
41,420000000,1.122907,0.476372,-1.220494,0.220116,0.088259,0.220125,0.112504,0.220115,0.110790,0.220115,0.110790,0.219951,-0.008513,0.220000,-0.007430,0.220000,-0.007100,0.220000,-0.007100,0,-0.146613,0.220000,0.195000,0.017570,-0.032430,0.137504,0.087504,0.311127,0.440000,0.221466,1
41,480000000,1.127007,0.463819,-1.214343,0.220098,0.105135,0.220115,0.110790,0.220100,0.131668,0.220100,0.131668,0.219943,-0.008249,0.220000,-0.007100,0.220000,-0.006631,0.220000,-0.006631,0,-0.136944,0.220000,0.195000,0.017900,-0.032100,0.135790,0.085790,0.311127,0.440000,0.263216,1
41,520000000,1.129797,0.455473,-1.210194,0.219900,0.104294,0.220100,0.131668,0.214859,0.156668,0.214859,0.156668,0.219760,-0.007862,0.220000,-0.006631,0.214776,-0.005971,0.214776,-0.005971,0,-0.126330,0.220000,0.195000,0.018369,-0.031631,0.156668,0.106668,0.311127,0.440000,0.320833,1
41,560000000,1.132640,0.447148,-1.205229,0.219880,0.124460,0.214859,0.156668,0.220126,0.161805,0.220126,0.161805,0.219754,-0.007450,0.214776,-0.005971,0.220000,-0.007440,0.220000,-0.007440,0,-0.157307,0.220000,0.189776,0.019029,-0.030971,0.181668,0.131668,0.311127,0.429718,0.315868,1
41,600000000,1.135532,0.439045,-1.199166,0.213749,0.156668,0.220126,0.161805,0.195046,0.186805,0.195046,0.186805,0.213685,-0.005244,0.220000,-0.007440,0.195000,-0.004255,0.195000,-0.004255,0,-0.108551,0.220000,0.195000,0.017560,-0.032440,0.186805,0.136805,0.311127,0.440000,0.498034,1
41,660000000,1.139913,0.426708,-1.189732,0.218713,0.156102,0.195046,0.186805,0.220487,0.161805,0.220487,0.161805,0.218547,-0.008518,0.195000,-0.004255,0.220000,-0.014642,0.220000,-0.014642,0,-0.322906,0.220000,0.170000,0.020745,-0.029255,0.211805,0.161805,0.311127,0.390093,0.238605,1
41,700000000,1.142637,0.419395,-1.182669,0.194978,0.175997,0.220487,0.161805,0.195011,0.186805,0.195011,0.186805,0.194900,-0.005543,0.220000,-0.014642,0.195000,-0.002038,0.195000,-0.002038,0,-0.061142,0.220000,0.195000,0.010358,-0.039642,0.186805,0.136805,0.311127,0.440000,0.630474,1
41,740000000,1.145439,0.411054,-1.176279,0.220478,0.157745,0.195011,0.186805,0.220463,0.162183,0.220463,0.162183,0.219953,-0.015210,0.195000,-0.002038,0.220000,-0.014279,0.220000,-0.014279,0,-0.332124,0.220000,0.170000,0.022962,-0.027038,0.211805,0.161805,0.311127,0.390021,0.286918,1
41,800000000,1.149779,0.399855,-1.166095,0.206411,0.168604,0.220463,0.162183,0.195011,0.187183,0.195011,0.187183,0.206238,-0.008469,0.220000,-0.014279,0.195000,0.002110,0.195000,0.002110,0,0.129576,0.220000,0.195000,0.010721,-0.039279,0.187183,0.137183,0.311127,0.440000,1.347651,1
41,840000000,1.152716,0.391565,-1.159879,0.219226,0.153702,0.195011,0.187183,0.180396,0.212183,0.180396,0.212183,0.218732,-0.014699,0.195000,0.002110,0.180044,-0.011259,0.180044,-0.011259,0,-0.320040,0.220000,0.170000,0.027110,-0.022890,0.212183,0.162183,0.311127,0.390023,0.458747,1
41,880000000,1.155848,0.384414,-1.153173,0.194800,0.168101,0.180396,0.212183,0.206067,0.187183,0.206067,0.187183,0.194800,0.000000,0.180044,-0.011259,0.205044,-0.020508,0.205044,-0.020508,0,-0.508753,0.205044,0.155044,0.013741,-0.036259,0.237183,0.187183,0.311127,0.360792,0.263812,1
41,920000000,1.158434,0.377653,-1.144323,0.180151,0.217071,0.206067,0.187183,0.180046,0.212183,0.180046,0.212183,0.179837,-0.010632,0.205044,-0.020508,0.180044,-0.000810,0.180044,-0.000810,0,-0.040974,0.220000,0.180044,0.004492,-0.045508,0.212183,0.162183,0.311127,0.412135,1.053610,1
41,980000000,1.162480,0.366449,-1.132969,0.195093,0.182031,0.180046,0.212183,0.205971,0.187183,0.205971,0.187183,0.194574,-0.014232,0.180044,-0.000810,0.205044,-0.019516,0.205044,-0.019516,0,-0.523932,0.205044,0.155044,0.024190,-0.025810,0.237183,0.187183,0.311127,0.360092,0.324037,1
42,20000000,1.165431,0.359698,-1.125117,0.188737,0.196956,0.205971,0.187183,0.180128,0.162183,0.180128,0.162183,0.188553,-0.008335,0.205044,-0.019516,0.180044,0.005484,0.180044,0.005484,0,4.825618,0.220000,0.180044,0.005484,-0.044516,0.212183,0.162183,0.311127,0.411942,2.455645,1
42,60000000,1.168273,0.351966,-1.117767,0.205933,0.183160,0.180128,0.162183,0.155475,0.187183,0.155475,0.187183,0.204950,-0.020093,0.180044,0.005484,0.155044,-0.011563,0.155044,-0.011563,0,-0.494984,0.205044,0.155044,0.030484,-0.019516,0.187183,0.137183,0.311127,0.360256,0.565572,1
42,100000000,1.171505,0.345487,-1.112427,0.179601,0.138981,0.155475,0.187183,0.182694,0.162183,0.182694,0.162183,0.179577,0.002948,0.155044,-0.011563,0.180044,-0.031001,0.180044,-0.031001,0,-0.948530,0.180044,0.130044,0.013437,-0.036563,0.212183,0.162183,0.311127,0.310950,0.161300,1
42,160000000,1.175056,0.336320,-1.101384,0.175515,0.173847,0.182694,0.162183,0.155160,0.187183,0.155160,0.187183,0.173653,-0.025501,0.180044,-0.031001,0.155044,-0.006001,0.155044,-0.006001,0,-0.301441,0.205044,0.155044,-0.006001,-0.056001,0.187183,0.137183,0.311127,0.365388,1.010670,1
42,200000000,1.177280,0.329534,-1.094882,0.174402,0.155718,0.155160,0.187183,0.182548,0.162183,0.182548,0.162183,0.172574,-0.025185,0.155044,-0.006001,0.180044,-0.030130,0.180044,-0.030130,0,-0.963522,0.180044,0.130044,0.018999,-0.031001,0.212183,0.162183,0.311127,0.310321,0.205521,1
42,240000000,1.179850,0.323752,-1.087768,0.161403,0.181595,0.182548,0.162183,0.155129,0.187183,0.155129,0.187183,0.160963,-0.011909,0.180044,-0.030130,0.155044,-0.005130,0.155044,-0.005130,0,5.328434,0.205044,0.155044,-0.005130,-0.055130,0.187183,0.137183,0.311127,0.365096,2.404468,1
42,280000000,1.182159,0.316829,-1.081152,0.182423,0.165411,0.155129,0.187183,0.173232,0.212183,0.173232,0.212183,0.179957,-0.029894,0.155044,-0.005130,0.171356,-0.025421,0.171356,-0.025421,0,-0.945976,0.180044,0.130044,0.019870,-0.030130,0.212183,0.162183,0.311127,0.310259,0.380020,1
42,340000000,1.186022,0.307956,-1.070411,0.168768,0.209975,0.173232,0.212183,0.146357,0.237183,0.146357,0.237183,0.167509,-0.020574,0.171356,-0.025421,0.146356,-0.000421,0.146356,-0.000421,0,0.022080,0.196356,0.146356,-0.000421,-0.050421,0.237183,0.187183,0.311127,0.346463,1.492169,1
42,380000000,1.188502,0.301831,-1.062158,0.157379,0.200625,0.146357,0.237183,0.170973,0.212183,0.170973,0.212183,0.156759,-0.013962,0.146356,-0.000421,0.169073,-0.025421,0.169073,-0.025421,0,-1.167410,0.171356,0.121356,0.024579,-0.025421,0.262183,0.212183,0.311127,0.292713,0.361026,1
42,420000000,1.191199,0.296357,-1.053363,0.159216,0.223052,0.170973,0.212183,0.144074,0.237183,0.144074,0.237183,0.158579,-0.014228,0.169073,-0.025421,0.144073,-0.000421,0.144073,-0.000421,0,5.617990,0.194073,0.144073,-0.000421,-0.050421,0.237183,0.187183,0.311127,0.341947,2.361785,1
42,460000000,1.193749,0.290424,-1.045119,0.152210,0.201568,0.144074,0.237183,0.170973,0.212183,0.170973,0.212183,0.151772,-0.011544,0.144073,-0.000421,0.169073,-0.025421,0.169073,-0.025421,0,-1.234841,0.169073,0.119073,0.024579,-0.025421,0.262183,0.212183,0.311127,0.288147,0.343987,1
42,500000000,1.196526,0.285182,-1.036369,0.152943,0.221588,0.170973,0.212183,0.144074,0.237183,0.144074,0.237183,0.152616,-0.010001,0.169073,-0.025421,0.144073,-0.000421,0.144073,-0.000421,0,5.664542,0.194073,0.144073,-0.000421,-0.050421,0.237183,0.187183,0.311127,0.341947,2.344791,1
42,540000000,1.199107,0.278962,-1.028217,0.165748,0.197703,0.144074,0.237183,0.147678,0.243966,0.147678,0.243966,0.164145,-0.022991,0.144073,-0.000421,0.145474,-0.025421,0.145474,-0.025421,0,-1.194813,0.169073,0.119073,0.024579,-0.025421,0.262183,0.212183,0.311127,0.288147,0.476022,1
42,600000000,1.203047,0.271217,-1.014446,0.147714,0.244078,0.147678,0.243966,0.121083,0.268966,0.121083,0.268966,0.145485,-0.025564,0.145474,-0.025421,0.120474,-0.012128,0.120474,-0.012128,0,-0.920222,0.170474,0.120474,-0.000421,-0.050421,0.268966,0.218966,0.311127,0.295357,0.923732,1
42,640000000,1.205239,0.266296,-1.004174,0.122799,0.268046,0.121083,0.268966,0.150137,0.243966,0.150137,0.243966,0.122116,-0.012933,0.120474,-0.012128,0.145474,-0.037128,0.145474,-0.037128,0,-2.167583,0.145474,0.095474,0.012872,-0.037128,0.293966,0.243966,0.311127,0.242166,0.195242,1
42,680000000,1.207366,0.261519,-0.993565,0.139435,0.263018,0.150137,0.243966,0.121083,0.268966,0.121083,0.268966,0.136726,-0.027349,0.145474,-0.037128,0.120474,-0.012128,0.120474,-0.012128,0,6.067541,0.170474,0.120474,-0.012128,-0.062128,0.268966,0.218966,0.311127,0.300274,2.279831,1
42,740000000,1.210459,0.253823,-0.978590,0.121011,0.257237,0.121083,0.268966,0.150137,0.243966,0.150137,0.243966,0.120251,-0.013541,0.120474,-0.012128,0.145474,-0.037128,0.145474,-0.037128,0,-2.211846,0.145474,0.095474,0.012872,-0.037128,0.293966,0.243966,0.311127,0.242166,0.277458,1
42,780000000,1.212586,0.248568,-0.968435,0.150197,0.248061,0.150137,0.243966,0.121083,0.257210,0.121083,0.257210,0.145602,-0.036869,0.145474,-0.037128,0.120474,-0.012128,0.120474,-0.012128,0,6.168989,0.170474,0.120474,-0.012128,-0.062128,0.268966,0.218966,0.311127,0.300274,2.258879,1
42,820000000,1.214762,0.243610,-0.958865,0.122174,0.236385,0.121083,0.257210,0.139553,0.234352,0.139553,0.234352,0.121168,-0.015644,0.120474,-0.012128,0.134524,-0.037128,0.134524,-0.037128,0,-2.197270,0.145474,0.095474,0.012872,-0.037128,0.282210,0.232210,0.311127,0.242166,0.406670,1
42,860000000,1.216972,0.239049,-0.949071,0.132791,0.246804,0.139553,0.234352,0.110193,0.259352,0.110193,0.259352,0.129779,-0.028122,0.134524,-0.037128,0.109524,-0.012128,0.109524,-0.012128,0,6.291487,0.159524,0.109524,-0.012128,-0.062128,0.259352,0.209352,0.311127,0.279106,2.220955,1
42,920000000,1.220019,0.232210,-0.934874,0.110001,0.245704,0.110193,0.259352,0.139553,0.234352,0.139553,0.234352,0.109149,-0.013663,0.109524,-0.012128,0.134524,-0.037128,0.134524,-0.037128,0,-2.862206,0.134524,0.084524,0.012872,-0.037128,0.284352,0.234352,0.311127,0.220386,0.233742,1
42,960000000,1.222125,0.227598,-0.925113,0.139562,0.236446,0.139553,0.234352,0.110193,0.259352,0.110193,0.259352,0.134559,-0.037034,0.134524,-0.037128,0.109524,-0.012128,0.109524,-0.012128,0,6.435395,0.159524,0.109524,-0.012128,-0.062128,0.259352,0.209352,0.311127,0.279106,2.202129,1
43,0,1.224246,0.223086,-0.915744,0.111279,0.237565,0.110193,0.259352,0.139133,0.234352,0.139133,0.234352,0.110182,-0.015591,0.109524,-0.012128,0.134088,-0.037128,0.134088,-0.037128,0,-2.849831,0.134524,0.084524,0.012872,-0.037128,0.284352,0.234352,0.311127,0.220386,0.363549,1
43,40000000,1.226439,0.218658,-0.905993,0.137642,0.243598,0.139133,0.234352,0.109760,0.259352,0.109760,0.259352,0.133021,-0.035367,0.134088,-0.037128,0.109088,-0.012128,0.109088,-0.012128,0,6.532171,0.159088,0.109088,-0.012128,-0.062128,0.259352,0.209352,0.311127,0.278267,2.183008,1
43,100000000,1.229749,0.211986,-0.891904,0.109470,0.242606,0.109760,0.259352,0.114907,0.284352,0.114907,0.284352,0.108575,-0.013972,0.109088,-0.012128,0.109450,-0.034992,0.109450,-0.034992,0,-2.768355,0.134088,0.084088,0.012872,-0.037128,0.284352,0.234352,0.311127,0.220000,0.544417,1
43,140000000,1.231617,0.207874,-0.880732,0.114901,0.286988,0.114907,0.284352,0.086054,0.309352,0.086054,0.309352,0.109488,-0.034851,0.109450,-0.034992,0.084450,-0.016539,0.084450,-0.016539,0,-2.123684,0.134450,0.084450,-0.009992,-0.059992,0.309352,0.259352,0.311127,0.229815,1.062287,1
43,180000000,1.233272,0.204416,-0.868881,0.085968,0.301256,0.086054,0.309352,0.094527,0.334352,0.094527,0.334352,0.084172,-0.017481,0.084450,-0.016539,0.090420,-0.027558,0.090420,-0.027558,0,-2.650304,0.109450,0.059450,0.008461,-0.041539,0.334352,0.284352,0.311127,0.220000,0.778168,1
43,240000000,1.235769,0.199904,-0.850848,0.085944,0.300193,0.094527,0.334352,0.104005,0.359352,0.104005,0.359352,0.084125,-0.017586,0.090420,-0.027558,0.099806,-0.029254,0.099806,-0.029254,0,-2.557020,0.115420,0.065420,-0.002558,-0.052558,0.359352,0.309352,0.311127,0.220000,0.760135,1
43,280000000,1.237367,0.196556,-0.837801,0.094521,0.332262,0.104005,0.359352,0.082952,0.384352,0.082952,0.384352,0.090314,-0.027887,0.099806,-0.029254,0.080150,-0.021378,0.080150,-0.021378,0,-2.342892,0.124806,0.074806,-0.004254,-0.054254,0.384352,0.334352,0.311127,0.220000,1.019356,1
43,320000000,1.239125,0.192893,-0.823825,0.103982,0.354835,0.082952,0.384352,0.072301,0.409352,0.072301,0.409352,0.099602,-0.029863,0.080150,-0.021378,0.070767,-0.014817,0.070767,-0.014817,0,-1.863003,0.105150,0.055150,0.003622,-0.046378,0.409352,0.359352,0.311127,0.220000,1.245583,1
43,360000000,1.240812,0.189584,-0.809105,0.083045,0.378693,0.072301,0.409352,0.046886,0.384352,0.046886,0.384352,0.080040,-0.022138,0.070767,-0.014817,0.045767,0.010183,0.045767,0.010183,0,6.105678,0.095767,0.045767,0.010183,-0.039817,0.434352,0.384352,0.311127,0.220000,2.022361,1
43,400000000,1.242343,0.186956,-0.793423,0.072163,0.399437,0.046886,0.384352,0.044666,0.409352,0.044666,0.409352,0.070380,-0.015940,0.045767,0.010183,0.032484,0.030657,0.032484,0.030657,0,6.239627,0.070767,0.020767,0.035183,-0.014817,0.409352,0.359352,0.311127,0.220000,2.016232,1
43,460000000,1.244590,0.184760,-0.771250,0.044836,0.358492,0.044666,0.409352,0.047921,0.434352,0.047921,0.434352,0.044061,0.008297,0.032484,0.030657,0.034273,0.033494,0.034273,0.033494,0,6.353923,0.057484,0.007484,0.055657,0.005657,0.434352,0.384352,0.311127,0.220000,1.994058,1
43,500000000,1.246232,0.184648,-0.756258,0.040999,0.372127,0.047921,0.434352,0.050838,0.459352,0.050838,0.459352,0.031011,0.026819,0.034273,0.033494,0.036174,0.035719,0.036174,0.035719,0,6.387419,0.059273,0.009273,0.058494,0.008494,0.459352,0.409352,0.311127,0.220000,1.987850,1
43,540000000,1.247971,0.184615,-0.740627,0.043914,0.394064,0.050838,0.459352,0.054029,0.484352,0.054029,0.484352,0.032673,0.029342,0.036174,0.035719,0.038265,0.038144,0.038265,0.038144,0,6.418082,0.061174,0.011174,0.060719,0.010719,0.484352,0.434352,0.311127,0.220000,1.972219,1
43,580000000,1.249812,0.184623,-0.724147,0.046561,0.416485,0.054029,0.484352,0.056245,0.500000,0.056245,0.500000,0.034467,0.031304,0.038265,0.038144,0.039679,0.039862,0.039679,0.039862,0,6.443019,0.063265,0.013265,0.063144,0.013144,0.500000,0.459352,0.311127,0.220000,1.955739,1
43,640000000,1.252736,0.184712,-0.698155,0.049656,0.440027,0.056245,0.500000,0.056764,0.500000,0.056764,0.500000,0.036570,0.033592,0.039679,0.039862,0.039860,0.040415,0.039860,0.040415,0,6.472487,0.064679,0.014679,0.064862,0.014862,0.500000,0.475000,0.311127,0.220000,1.937836,1
43,680000000,1.254791,0.184832,-0.680062,0.051461,0.452327,0.056764,0.500000,0.057299,0.500000,0.057299,0.500000,0.037767,0.034956,0.039860,0.040415,0.040145,0.040885,0.040145,0.040885,0,6.486699,0.064860,0.014860,0.065415,0.015415,0.500000,0.475000,0.311127,0.220000,1.919743,1
43,720000000,1.256858,0.184999,-0.661987,0.051912,0.451771,0.057299,0.500000,0.057618,0.500000,0.057618,0.500000,0.037919,0.035454,0.040145,0.040885,0.040308,0.041171,0.040308,0.041171,0,6.495939,0.065145,0.015145,0.065885,0.015885,0.500000,0.475000,0.311127,0.220000,1.909135,1
43,780000000,1.259980,0.185331,-0.634909,0.052444,0.451186,0.057618,0.500000,0.058447,0.500000,0.058447,0.500000,0.038207,0.035925,0.040308,0.041171,0.040837,0.041814,0.040837,0.041814,0,6.503756,0.065308,0.015308,0.066171,0.016171,0.500000,0.475000,0.311127,0.220000,1.882057,1
43,820000000,1.262071,0.185606,-0.616873,0.052744,0.450859,0.058447,0.500000,0.059012,0.500000,0.059012,0.500000,0.038373,0.036186,0.040837,0.041814,0.041234,0.042216,0.041234,0.042216,0,6.503394,0.065837,0.015837,0.066814,0.016814,0.500000,0.475000,0.311127,0.220000,1.864021,1
43,860000000,1.264184,0.185925,-0.598866,0.053419,0.450192,0.059012,0.500000,0.059366,0.500000,0.059366,0.500000,0.038819,0.036697,0.041234,0.042216,0.041494,0.042457,0.041494,0.042457,0,6.501512,0.066234,0.016234,0.067216,0.017216,0.500000,0.475000,0.311127,0.220000,1.852915,1
43,920000000,1.267371,0.186480,-0.571882,0.054033,0.449616,0.059366,0.500000,0.060243,0.500000,0.060243,0.500000,0.039269,0.037114,0.041494,0.042457,0.042167,0.043025,0.042167,0.043025,0,6.492676,0.066494,0.016494,0.067457,0.017457,0.500000,0.475000,0.311127,0.220000,1.825932,1
43,960000000,1.269503,0.186899,-0.553909,0.054421,0.449265,0.060243,0.500000,0.060628,0.500000,0.060628,0.500000,0.039571,0.037360,0.042167,0.043025,0.042501,0.043236,0.042501,0.043236,0,6.483126,0.067167,0.017167,0.068025,0.018025,0.500000,0.475000,0.311127,0.220000,1.814351,1
44,0,1.271658,0.187361,-0.535962,0.055104,0.448665,0.060628,0.500000,0.061233,0.500000,0.061233,0.500000,0.040119,0.037775,0.042501,0.043236,0.042998,0.043597,0.042998,0.043597,0,6.472491,0.067501,0.017501,0.068236,0.018236,0.500000,0.475000,0.311127,0.220000,1.796404,1
44,40000000,1.273818,0.187860,-0.518025,0.055428,0.448406,0.061233,0.500000,0.061851,0.500000,0.061851,0.500000,0.040411,0.037938,0.042998,0.043597,0.043525,0.043944,0.043525,0.043944,0,6.458978,0.067998,0.017998,0.068597,0.018597,0.500000,0.475000,0.311127,0.220000,1.778468,1
44,100000000,1.277085,0.188685,-0.491158,0.056510,0.447513,0.061851,0.500000,0.062588,0.500000,0.062588,0.500000,0.041349,0.038518,0.043525,0.043944,0.044207,0.044306,0.044207,0.044306,0,6.435422,0.068525,0.018525,0.068944,0.018944,0.500000,0.475000,0.311127,0.220000,1.757531,1
44,140000000,1.279274,0.189284,-0.473264,0.056917,0.447210,0.062588,0.500000,0.063232,0.500000,0.063232,0.500000,0.041734,0.038701,0.044207,0.044306,0.044786,0.044637,0.044786,0.044637,0,6.417565,0.069207,0.019207,0.069306,0.019306,0.500000,0.475000,0.311127,0.220000,1.739637,1
44,180000000,1.281480,0.189921,-0.455390,0.057508,0.446766,0.063232,0.500000,0.063888,0.500000,0.063888,0.500000,0.042293,0.038967,0.044786,0.044637,0.045388,0.044963,0.045388,0.044963,0,6.397928,0.069786,0.019786,0.069637,0.019637,0.500000,0.475000,0.311127,0.220000,1.721763,1
44,220000000,1.283697,0.190598,-0.437533,0.058059,0.446357,0.063888,0.500000,0.064349,0.500000,0.064349,0.500000,0.042810,0.039219,0.045388,0.044963,0.045863,0.045138,0.045863,0.045138,0,6.376798,0.070388,0.020388,0.069963,0.019963,0.500000,0.475000,0.311127,0.220000,1.709418,1
44,260000000,1.285925,0.191314,-0.419691,0.058496,0.446048,0.064349,0.500000,0.065028,0.500000,0.065028,0.500000,0.043226,0.039413,0.045863,0.045138,0.046504,0.045454,0.046504,0.045454,0,6.354476,0.070863,0.020863,0.070138,0.020138,0.500000,0.475000,0.311127,0.220000,1.691576,1
44,320000000,1.289280,0.192459,-0.392952,0.059457,0.445396,0.065028,0.500000,0.066073,0.500000,0.066073,0.500000,0.044198,0.039769,0.046504,0.045454,0.047512,0.045915,0.047512,0.045915,0,6.317452,0.071504,0.021504,0.070454,0.020454,0.500000,0.475000,0.311127,0.220000,1.664837,1
44,360000000,1.291529,0.193273,-0.375145,0.059987,0.445043,0.066073,0.500000,0.066579,0.500000,0.066579,0.500000,0.044725,0.039977,0.047512,0.045915,0.048062,0.046074,0.048062,0.046074,0,6.291078,0.072512,0.022512,0.070915,0.020915,0.500000,0.475000,0.311127,0.220000,1.652160,1
44,400000000,1.293801,0.194126,-0.357362,0.060735,0.444550,0.066579,0.500000,0.067304,0.500000,0.067304,0.500000,0.045484,0.040248,0.048062,0.046074,0.048775,0.046377,0.048775,0.046377,0,6.264215,0.073062,0.023062,0.071074,0.021074,0.500000,0.475000,0.311127,0.220000,1.634377,1
44,440000000,1.296079,0.195017,-0.339589,0.061223,0.444276,0.067304,0.500000,0.068044,0.500000,0.068044,0.500000,0.046013,0.040386,0.048775,0.046377,0.049514,0.046673,0.049514,0.046673,0,6.235648,0.073775,0.023775,0.071377,0.021377,0.500000,0.475000,0.311127,0.220000,1.616604,1
44,500000000,1.299523,0.196430,-0.312964,0.062493,0.443463,0.068044,0.500000,0.068976,0.500000,0.068976,0.500000,0.047307,0.040834,0.049514,0.046673,0.050510,0.046972,0.050510,0.046972,0,6.190876,0.074514,0.024514,0.071673,0.021673,0.500000,0.475000,0.311127,0.220000,1.594763,1
44,540000000,1.301831,0.197421,-0.295232,0.063132,0.443116,0.068976,0.500000,0.069751,0.500000,0.069751,0.500000,0.048005,0.041002,0.050510,0.046972,0.051299,0.047262,0.051299,0.047262,0,6.159787,0.075510,0.025510,0.071972,0.021972,0.500000,0.475000,0.311127,0.220000,1.577031,1
44,580000000,1.304158,0.198453,-0.277518,0.063858,0.442705,0.069751,0.500000,0.070544,0.500000,0.070544,0.500000,0.048774,0.041219,0.051299,0.047262,0.052110,0.047550,0.052110,0.047550,0,6.127731,0.076299,0.026299,0.072262,0.022262,0.500000,0.475000,0.311127,0.220000,1.559317,1
44,620000000,1.306493,0.199526,-0.259818,0.064322,0.442477,0.070544,0.500000,0.071147,0.500000,0.071147,0.500000,0.049259,0.041362,0.052110,0.047550,0.052793,0.047696,0.052793,0.047696,0,6.094320,0.077110,0.027110,0.072550,0.022550,0.500000,0.475000,0.311127,0.220000,1.546084,1
44,680000000,1.310020,0.201213,-0.233297,0.065539,0.441848,0.071147,0.500000,0.072389,0.500000,0.072389,0.500000,0.050592,0.041663,0.052793,0.047696,0.054080,0.048120,0.054080,0.048120,0,6.043086,0.077793,0.027793,0.072696,0.022696,0.500000,0.475000,0.311127,0.220000,1.519563,1
44,720000000,1.312390,0.202390,-0.215635,0.066749,0.441162,0.072389,0.500000,0.073240,0.500000,0.073240,0.500000,0.051871,0.042009,0.054080,0.048120,0.054969,0.048400,0.054969,0.048400,0,6.007664,0.079080,0.029080,0.073120,0.023120,0.500000,0.475000,0.311127,0.220000,1.501902,1
44,760000000,1.314776,0.203610,-0.197992,0.067260,0.440948,0.073240,0.500000,0.073903,0.500000,0.073903,0.500000,0.052414,0.042150,0.054969,0.048400,0.055724,0.048544,0.055724,0.048544,0,5.971416,0.079969,0.029969,0.073400,0.023400,0.500000,0.475000,0.311127,0.220000,1.488437,1
44,820000000,1.318377,0.205520,-0.171552,0.068266,0.440544,0.073903,0.500000,0.075240,0.500000,0.075240,0.500000,0.053541,0.042352,0.055724,0.048544,0.057129,0.048961,0.057129,0.048961,0,5.915817,0.080724,0.030724,0.073544,0.023544,0.500000,0.475000,0.311127,0.220000,1.461996,1
44,860000000,1.320796,0.206848,-0.153944,0.069579,0.439865,0.075240,0.500000,0.076157,0.500000,0.076157,0.500000,0.054943,0.042690,0.057129,0.048961,0.058099,0.049238,0.058099,0.049238,0,5.877584,0.082129,0.032129,0.073961,0.023961,0.500000,0.475000,0.311127,0.220000,1.444389,1
44,900000000,1.323237,0.208223,-0.136357,0.070491,0.439459,0.076157,0.500000,0.076885,0.500000,0.076885,0.500000,0.055922,0.042915,0.058099,0.049238,0.058930,0.049381,0.058930,0.049381,0,5.838875,0.083099,0.033099,0.074238,0.024238,0.500000,0.475000,0.311127,0.220000,1.430715,1
44,960000000,1.326910,0.210368,-0.109993,0.071245,0.439293,0.076885,0.500000,0.078328,0.500000,0.078328,0.500000,0.056784,0.043028,0.058930,0.049381,0.060463,0.049794,0.060463,0.049794,0,5.779196,0.083930,0.033930,0.074381,0.024381,0.500000,0.475000,0.311127,0.220000,1.404351,1
45,0,1.329390,0.211857,-0.092441,0.072673,0.438626,0.078328,0.500000,0.079319,0.500000,0.079319,0.500000,0.058317,0.043365,0.060463,0.049794,0.061517,0.050072,0.061517,0.050072,0,5.738838,0.085463,0.035463,0.074794,0.024794,0.500000,0.475000,0.311127,0.220000,1.386799,1
45,40000000,1.331883,0.213395,-0.074903,0.073667,0.438237,0.079319,0.500000,0.080114,0.500000,0.080114,0.500000,0.059385,0.043592,0.061517,0.050072,0.062427,0.050211,0.062427,0.050211,0,5.697709,0.086517,0.036517,0.075072,0.025072,0.500000,0.475000,0.311127,0.220000,1.373041,1
45,80000000,1.334387,0.214980,-0.057377,0.074482,0.438024,0.080114,0.500000,0.081150,0.500000,0.081150,0.500000,0.060317,0.043698,0.062427,0.050211,0.063532,0.050488,0.063532,0.050488,0,5.655992,0.087427,0.037427,0.075211,0.025211,0.500000,0.475000,0.311127,0.220000,1.355514,1
45,140000000,1.338154,0.217447,-0.031102,0.075542,0.437740,0.081150,0.500000,0.082754,0.500000,0.082754,0.500000,0.061455,0.043930,0.063532,0.050488,0.065252,0.050896,0.065252,0.050896,0,5.591163,0.088532,0.038532,0.075488,0.025488,0.500000,0.475000,0.311127,0.220000,1.329240,1
45,180000000,1.340702,0.219159,-0.013612,0.077144,0.437094,0.082754,0.500000,0.083617,0.500000,0.083617,0.500000,0.063182,0.044263,0.065252,0.050896,0.066241,0.051029,0.066241,0.051029,0,5.547911,0.090252,0.040252,0.075896,0.025896,0.500000,0.475000,0.311127,0.220000,1.315524,1
45,220000000,1.343266,0.220921,0.003867,0.078036,0.436916,0.083617,0.500000,0.084743,0.500000,0.084743,0.500000,0.064198,0.044365,0.066241,0.051029,0.067444,0.051309,0.067444,0.051309,0,5.504221,0.091241,0.041241,0.076029,0.026029,0.500000,0.475000,0.311127,0.220000,1.298045,1
45,260000000,1.345835,0.222734,0.021339,0.079178,0.436562,0.084743,0.500000,0.085899,0.500000,0.085899,0.500000,0.065424,0.044596,0.067444,0.051309,0.068685,0.051585,0.068685,0.051585,0,5.459339,0.092444,0.042444,0.076309,0.026309,0.500000,0.475000,0.311127,0.220000,1.280573,1
45,300000000,1.348427,0.224604,0.038794,0.080352,0.436218,0.085899,0.500000,0.086848,0.500000,0.086848,0.500000,0.066685,0.044829,0.068685,0.051585,0.069767,0.051722,0.069767,0.051722,0,5.414023,0.093685,0.043685,0.076585,0.026585,0.500000,0.475000,0.311127,0.220000,1.266577,1
45,360000000,1.352284,0.227500,0.064982,0.080417,0.436579,0.086848,0.500000,0.088682,0.500000,0.088682,0.500000,0.066748,0.044851,0.069767,0.051722,0.071749,0.052121,0.071749,0.052121,0,5.343013,0.094767,0.044767,0.076722,0.026722,0.500000,0.475000,0.311127,0.220000,1.240390,1
45,400000000,1.354851,0.229493,0.082439,0.081402,0.436424,0.088682,0.500000,0.089948,0.500000,0.089948,0.500000,0.067860,0.044959,0.071749,0.052121,0.073124,0.052378,0.073124,0.052378,0,5.293773,0.096749,0.046749,0.077121,0.027121,0.500000,0.475000,0.311127,0.220000,1.222933,1
45,440000000,1.357452,0.231549,0.099876,0.083253,0.435829,0.089948,0.500000,0.091018,0.500000,0.091018,0.500000,0.069860,0.045283,0.073124,0.052378,0.074344,0.052510,0.074344,0.052510,0,5.244713,0.098124,0.048124,0.077378,0.027378,0.500000,0.475000,0.311127,0.220000,1.208546,1
45,500000000,1.361370,0.234739,0.126017,0.084573,0.435676,0.091018,0.500000,0.093031,0.500000,0.093031,0.500000,0.071286,0.045508,0.074344,0.052510,0.076524,0.052904,0.076524,0.052904,0,5.169703,0.099344,0.049344,0.077510,0.027510,0.500000,0.475000,0.311127,0.220000,1.182405,1
45,540000000,1.363994,0.236937,0.143438,0.085690,0.435549,0.093031,0.500000,0.094422,0.500000,0.094422,0.500000,0.072536,0.045620,0.076524,0.052904,0.078034,0.053163,0.078034,0.053163,0,5.118479,0.101524,0.051524,0.077904,0.027904,0.500000,0.475000,0.311127,0.220000,1.164984,1
45,580000000,1.366657,0.239204,0.160840,0.087731,0.434991,0.094422,0.500000,0.095614,0.500000,0.095614,0.500000,0.074740,0.045942,0.078034,0.053163,0.079380,0.053300,0.079380,0.053300,0,5.067737,0.103034,0.053034,0.078163,0.028163,0.500000,0.475000,0.311127,0.220000,1.150456,1
45,620000000,1.369340,0.241536,0.178231,0.089163,0.434737,0.095614,0.500000,0.097082,0.500000,0.097082,0.500000,0.076283,0.046161,0.079380,0.053300,0.080962,0.053572,0.080962,0.053572,0,5.016590,0.104380,0.054380,0.078300,0.028300,0.500000,0.475000,0.311127,0.220000,1.133065,1
45,660000000,1.372034,0.243930,0.195617,0.090409,0.434644,0.097082,0.500000,0.098595,0.500000,0.098595,0.500000,0.077664,0.046282,0.080962,0.053572,0.082595,0.053842,0.082595,0.053842,0,4.964513,0.105962,0.055962,0.078572,0.028572,0.500000,0.475000,0.311127,0.220000,1.115679,1
45,720000000,1.376090,0.247641,0.221688,0.091949,0.434579,0.098595,0.500000,0.100703,0.500000,0.100703,0.500000,0.079306,0.046531,0.082595,0.053842,0.084929,0.054112,0.084929,0.054112,0,4.884937,0.107595,0.057595,0.078842,0.028842,0.500000,0.475000,0.311127,0.220000,1.092318,1
45,760000000,1.378814,0.250203,0.239059,0.093510,0.434358,0.100703,0.500000,0.102331,0.500000,0.102331,0.500000,0.080976,0.046765,0.084929,0.054112,0.086685,0.054381,0.086685,0.054381,0,4.831114,0.109929,0.059929,0.079112,0.029112,0.500000,0.475000,0.311127,0.220000,1.074948,1
45,800000000,1.381566,0.252837,0.256425,0.095678,0.434016,0.102331,0.500000,0.103747,0.500000,0.103747,0.500000,0.083346,0.046985,0.086685,0.054381,0.088269,0.054515,0.088269,0.054515,0,4.776943,0.111685,0.061685,0.079381,0.029381,0.500000,0.475000,0.311127,0.220000,1.060275,1
45,840000000,1.384339,0.255547,0.273779,0.097359,0.433819,0.103747,0.500000,0.105473,0.500000,0.105473,0.500000,0.085137,0.047228,0.088269,0.054515,0.090124,0.054793,0.090124,0.054793,0,4.722692,0.113269,0.063269,0.079515,0.029515,0.500000,0.475000,0.311127,0.220000,1.042920,1
45,900000000,1.388519,0.259745,0.299811,0.099388,0.433902,0.105473,0.500000,0.108173,0.500000,0.108173,0.500000,0.087335,0.047441,0.090124,0.054793,0.093026,0.055205,0.093026,0.055205,0,4.639448,0.115124,0.065124,0.079793,0.029793,0.500000,0.475000,0.311127,0.220000,1.016889,1
45,940000000,1.391329,0.262643,0.317164,0.101183,0.434024,0.108173,0.500000,0.109745,0.500000,0.109745,0.500000,0.089220,0.047727,0.093026,0.055205,0.094776,0.055330,0.094776,0.055330,0,4.583355,0.118026,0.068026,0.080205,0.030205,0.500000,0.475000,0.311127,0.220000,1.002322,1
45,980000000,1.394185,0.265634,0.334495,0.103422,0.433408,0.109745,0.500000,0.111676,0.500000,0.111676,0.500000,0.091626,0.047967,0.094776,0.055330,0.096839,0.055621,0.096839,0.055621,0,4.527817,0.119776,0.069776,0.080330,0.030330,0.500000,0.475000,0.311127,0.220000,0.984991,1
46,40000000,1.398489,0.270268,0.360500,0.106449,0.433405,0.111676,0.500000,0.116148,0.500000,0.116148,0.500000,0.094868,0.048285,0.096839,0.055621,0.100920,0.057493,0.100920,0.057493,0,4.432465,0.121839,0.071839,0.080621,0.030621,0.500000,0.475000,0.311127,0.223352,0.961497,1
46,80000000,1.401372,0.273471,0.377828,0.108393,0.433050,0.116148,0.500000,0.122737,0.500000,0.122737,0.500000,0.096739,0.048894,0.100920,0.057493,0.106011,0.061856,0.106011,0.061856,0,4.338998,0.125920,0.075920,0.082493,0.032493,0.500000,0.475000,0.311127,0.232296,0.946314,1
46,120000000,1.404320,0.276850,0.395074,0.112730,0.430816,0.122737,0.500000,0.131515,0.500000,0.131515,0.500000,0.100639,0.050792,0.106011,0.061856,0.112552,0.068030,0.112552,0.068030,0,4.214517,0.131011,0.081011,0.086856,0.036856,0.500000,0.475000,0.311127,0.245475,0.933261,1
46,160000000,1.407323,0.280481,0.412175,0.117814,0.427721,0.131515,0.500000,0.143207,0.500000,0.143207,0.500000,0.104729,0.053964,0.112552,0.068030,0.121172,0.076325,0.121172,0.076325,0,4.052565,0.137552,0.087552,0.093030,0.043030,0.500000,0.475000,0.311127,0.263029,0.918352,1
46,200000000,1.410395,0.284436,0.429073,0.126166,0.422023,0.143207,0.500000,0.157954,0.500000,0.157954,0.500000,0.111239,0.059528,0.121172,0.076325,0.131848,0.086980,0.131848,0.086980,0,3.845246,0.146172,0.096172,0.101325,0.051325,0.500000,0.475000,0.311127,0.286414,0.906638,1
46,260000000,1.415211,0.291210,0.453864,0.144807,0.408647,0.157954,0.500000,0.178168,0.500000,0.178168,0.500000,0.125741,0.071821,0.131848,0.086980,0.147055,0.100592,0.147055,0.100592,0,3.574391,0.156848,0.106848,0.111980,0.061980,0.500000,0.475000,0.311127,0.315908,0.886544,1
46,300000000,1.418591,0.296430,0.469940,0.159623,0.398735,0.178168,0.500000,0.203458,0.500000,0.203458,0.500000,0.137216,0.081556,0.147055,0.100592,0.165181,0.118787,0.165181,0.118787,0,3.276901,0.172055,0.122055,0.125592,0.075592,0.500000,0.475000,0.311127,0.356336,0.875702,1
46,340000000,1.422145,0.302291,0.485625,0.171936,0.390969,0.203458,0.500000,0.235368,0.500000,0.235368,0.500000,0.146844,0.089435,0.165181,0.118787,0.188035,0.141567,0.188035,0.141567,0,2.956237,0.190181,0.140181,0.143787,0.093787,0.500000,0.475000,0.311127,0.406915,0.864423,1
46,380000000,1.425974,0.309180,0.500604,0.200407,0.370867,0.235368,0.500000,0.258178,0.500000,0.258178,0.500000,0.168552,0.108413,0.188035,0.141567,0.205163,0.156729,0.205163,0.156729,0,2.759349,0.213035,0.163035,0.166567,0.116567,0.500000,0.475000,0.311127,0.440000,0.852126,1
46,420000000,1.430080,0.317274,0.515050,0.228195,0.361933,0.258178,0.500000,0.262345,0.500000,0.262345,0.500000,0.189300,0.127429,0.205163,0.156729,0.209933,0.157332,0.209933,0.157332,0,2.725968,0.220000,0.180163,0.181729,0.131729,0.500000,0.475000,0.311127,0.440000,0.838589,1
46,460000000,1.434372,0.326242,0.529223,0.249231,0.356587,0.262345,0.500000,0.266591,0.500000,0.266591,0.500000,0.205370,0.141206,0.209933,0.157332,0.214751,0.157964,0.214751,0.157964,0,2.693330,0.220000,0.184933,0.182332,0.132332,0.500000,0.475000,0.311127,0.440000,0.825235,1
46,520000000,1.440866,0.340121,0.550988,0.258602,0.367342,0.266591,0.500000,0.270351,0.494036,0.270351,0.494036,0.215108,0.143541,0.214751,0.157964,0.220000,0.157130,0.220000,0.157130,0,2.641850,0.220000,0.189751,0.182964,0.132964,0.500000,0.475000,0.311127,0.440000,0.804049,1
46,560000000,1.445169,0.349603,0.565842,0.261496,0.374111,0.270351,0.494036,0.268479,0.482003,0.268479,0.482003,0.218147,0.144194,0.220000,0.157130,0.220000,0.153886,0.220000,0.153886,0,2.605353,0.220000,0.195000,0.182130,0.132130,0.500000,0.469036,0.311127,0.440000,0.789937,1
46,600000000,1.449493,0.359222,0.580649,0.263475,0.370061,0.268479,0.482003,0.266664,0.470205,0.266664,0.470205,0.221336,0.142931,0.220000,0.153886,0.220000,0.150698,0.220000,0.150698,0,2.568733,0.220000,0.195000,0.178886,0.128886,0.500000,0.457003,0.311127,0.440000,0.775845,1
46,640000000,1.453730,0.368840,0.595348,0.262615,0.367718,0.266664,0.470205,0.264886,0.458220,0.264886,0.458220,0.221597,0.140930,0.220000,0.150698,0.220000,0.147528,0.220000,0.147528,0,2.531585,0.220000,0.195000,0.175698,0.125698,0.495205,0.445205,0.311127,0.440000,0.761147,1
46,700000000,1.459920,0.383261,0.617168,0.260808,0.360845,0.264886,0.458220,0.262288,0.441354,0.262288,0.441354,0.221808,0.137194,0.220000,0.147528,0.220000,0.142811,0.220000,0.142811,0,2.474914,0.220000,0.195000,0.172528,0.122528,0.483220,0.433220,0.311127,0.440000,0.740392,1
46,740000000,1.463942,0.392854,0.631513,0.259249,0.355312,0.262288,0.441354,0.260614,0.430386,0.260614,0.430386,0.221778,0.134255,0.220000,0.142811,0.220000,0.139712,0.220000,0.139712,0,2.436768,0.220000,0.195000,0.167811,0.117811,0.466354,0.416354,0.311127,0.440000,0.726631,1
46,780000000,1.467900,0.402413,0.645616,0.258367,0.351677,0.260614,0.430386,0.259006,0.419431,0.259006,0.419431,0.221929,0.132293,0.220000,0.139712,0.220000,0.136691,0.220000,0.136691,0,2.398864,0.220000,0.195000,0.164712,0.114712,0.455386,0.405386,0.311127,0.440000,0.712528,1
46,840000000,1.473693,0.416714,0.666425,0.256496,0.343869,0.259006,0.419431,0.256686,0.404035,0.256686,0.404035,0.221929,0.128597,0.220000,0.136691,0.220000,0.132242,0.220000,0.132242,0,2.341763,0.220000,0.195000,0.161691,0.111691,0.444431,0.394431,0.311127,0.440000,0.692579,1
46,880000000,1.477462,0.426220,0.680056,0.254688,0.336214,0.256686,0.404035,0.255201,0.393792,0.255201,0.393792,0.221844,0.125106,0.220000,0.132242,0.220000,0.129336,0.220000,0.129336,0,2.303634,0.220000,0.195000,0.157242,0.107242,0.429035,0.379035,0.311127,0.440000,0.678948,1
46,920000000,1.481178,0.435681,0.693407,0.253555,0.331071,0.255201,0.393792,0.253785,0.384171,0.253785,0.384171,0.221799,0.122863,0.220000,0.129336,0.220000,0.126518,0.220000,0.126518,0,2.266023,0.220000,0.195000,0.154336,0.104336,0.418792,0.368792,0.311127,0.440000,0.666057,1
46,960000000,1.484824,0.445120,0.706560,0.252500,0.326627,0.253785,0.384171,0.252416,0.374748,0.252416,0.374748,0.221751,0.120759,0.220000,0.126518,0.220000,0.123748,0.220000,0.123748,0,2.228436,0.220000,0.195000,0.151518,0.101518,0.409171,0.359171,0.311127,0.440000,0.653245,1
47,0,1.488393,0.454549,0.719559,0.251829,0.324141,0.252416,0.374748,0.251082,0.365534,0.251082,0.365534,0.221715,0.119416,0.220000,0.123748,0.220000,0.121005,0.220000,0.121005,0,2.190609,0.220000,0.195000,0.148748,0.098748,0.399748,0.349748,0.311127,0.440000,0.640567,1
47,60000000,1.493631,0.468643,0.738657,0.249929,0.315044,0.251082,0.365534,0.249173,0.352132,0.249173,0.352132,0.221595,0.115585,0.220000,0.121005,0.220000,0.116992,0.220000,0.116992,0,2.134187,0.220000,0.195000,0.146005,0.096005,0.390534,0.340534,0.311127,0.440000,0.621810,1
47,100000000,1.497060,0.477994,0.751085,0.248215,0.306279,0.249173,0.352132,0.247968,0.343569,0.247968,0.343569,0.221475,0.112068,0.220000,0.116992,0.220000,0.114403,0.220000,0.114403,0,2.097104,0.220000,0.195000,0.141992,0.091992,0.377132,0.327132,0.311127,0.440000,0.609637,1
47,140000000,1.500438,0.487313,0.763271,0.247407,0.302576,0.247968,0.343569,0.246814,0.335134,0.246814,0.335134,0.221415,0.110390,0.220000,0.114403,0.220000,0.111880,0.220000,0.111880,0,2.060437,0.220000,0.195000,0.139403,0.089403,0.368569,0.318569,0.311127,0.440000,0.597451,1
47,200000000,1.505400,0.501250,0.781159,0.246094,0.295580,0.246814,0.335134,0.245162,0.323173,0.245162,0.323173,0.221319,0.107611,0.220000,0.111880,0.220000,0.108188,0.220000,0.108188,0,2.005865,0.220000,0.195000,0.136880,0.086880,0.360134,0.310134,0.311127,0.440000,0.580008,1
47,240000000,1.508653,0.510501,0.792794,0.244566,0.287290,0.245162,0.323173,0.244120,0.315343,0.244120,0.315343,0.221211,0.104299,0.220000,0.108188,0.220000,0.105805,0.220000,0.105805,0,1.970056,0.220000,0.195000,0.133188,0.083188,0.348173,0.298173,0.311127,0.440000,0.568372,1
47,280000000,1.511880,0.519707,0.804128,0.243596,0.281774,0.244120,0.315343,0.243136,0.307899,0.243136,0.307899,0.221140,0.102158,0.220000,0.105805,0.220000,0.103513,0.220000,0.103513,0,1.935193,0.220000,0.195000,0.130805,0.080805,0.340343,0.290343,0.311127,0.440000,0.557201,1
47,320000000,1.515050,0.528900,0.815290,0.242674,0.276459,0.243136,0.307899,0.242183,0.300616,0.242183,0.300616,0.221073,0.100087,0.220000,0.103513,0.220000,0.101254,0.220000,0.101254,0,1.900407,0.220000,0.195000,0.128513,0.078513,0.332899,0.282899,0.311127,0.440000,0.546162,1
47,380000000,1.519714,0.542656,0.831672,0.241775,0.271123,0.242183,0.300616,0.240817,0.290019,0.240817,0.290019,0.221010,0.098029,0.220000,0.101254,0.220000,0.097944,0.220000,0.097944,0,1.848703,0.220000,0.195000,0.126254,0.076254,0.325616,0.275616,0.311127,0.440000,0.529896,1
47,420000000,1.522787,0.551785,0.842286,0.240481,0.263283,0.240817,0.290019,0.239962,0.283238,0.239962,0.283238,0.220918,0.095006,0.220000,0.097944,0.220000,0.095823,0.220000,0.095823,0,1.815105,0.220000,0.195000,0.122944,0.072944,0.315019,0.265019,0.311127,0.440000,0.519351,1
47,460000000,1.525784,0.560925,0.852810,0.240475,0.263063,0.239962,0.283238,0.239121,0.276544,0.239121,0.276544,0.220923,0.094981,0.220000,0.095823,0.220000,0.093694,0.220000,0.093694,0,1.781040,0.220000,0.195000,0.120823,0.070823,0.308238,0.258238,0.311127,0.440000,0.508861,1
47,520000000,1.530162,0.574638,0.868379,0.239656,0.257780,0.239121,0.276544,0.237893,0.266710,0.237893,0.266710,0.220870,0.093014,0.220000,0.093694,0.220000,0.090517,0.220000,0.090517,0,1.729512,0.220000,0.195000,0.118694,0.068694,0.301544,0.251544,0.311127,0.440000,0.493299,1
47,560000000,1.533040,0.583748,0.878488,0.238849,0.252622,0.237893,0.266710,0.237121,0.260396,0.237121,0.260396,0.220815,0.091046,0.220000,0.090517,0.220000,0.088466,0.220000,0.088466,0,1.695840,0.220000,0.195000,0.115517,0.065517,0.291710,0.241710,0.311127,0.440000,0.483190,1
47,600000000,1.535896,0.592826,0.888363,0.237672,0.245175,0.237121,0.260396,0.236387,0.254269,0.236387,0.254269,0.220734,0.088118,0.220000,0.088466,0.220000,0.086479,0.220000,0.086479,0,1.662903,0.220000,0.195000,0.113466,0.063466,0.285396,0.235396,0.311127,0.440000,0.473286,1
47,640000000,1.538727,0.601878,0.898021,0.236925,0.240178,0.236387,0.254269,0.235687,0.248317,0.235687,0.248317,0.220688,0.086199,0.220000,0.086479,0.220000,0.084548,0.220000,0.084548,0,1.630597,0.220000,0.195000,0.111479,0.061479,0.279269,0.229269,0.311127,0.440000,0.463578,1
47,680000000,1.541527,0.610912,0.907489,0.236213,0.235258,0.235687,0.248317,0.235016,0.242498,0.235016,0.242498,0.220643,0.084340,0.220000,0.084548,0.220000,0.082660,0.220000,0.082660,0,1.598733,0.220000,0.195000,0.109548,0.059548,0.273317,0.223317,0.311127,0.440000,0.454006,1
47,720000000,1.544295,0.619927,0.916771,0.235533,0.230422,0.235016,0.242498,0.234373,0.236890,0.234373,0.236890,0.220601,0.082529,0.220000,0.082660,0.220000,0.080814,0.220000,0.080814,0,1.567310,0.220000,0.195000,0.107660,0.057660,0.267498,0.217498,0.311127,0.440000,0.444724,1
47,780000000,1.548379,0.633429,0.930398,0.234834,0.225116,0.234373,0.236890,0.233451,0.228660,0.233451,0.228660,0.220572,0.080591,0.220000,0.080814,0.220000,0.078100,0.220000,0.078100,0,1.520650,0.220000,0.195000,0.105814,0.055814,0.261890,0.211890,0.311127,0.440000,0.430969,1
47,820000000,1.551075,0.642403,0.939232,0.234246,0.220699,0.233451,0.228660,0.232872,0.223346,0.232872,0.223346,0.220535,0.078966,0.220000,0.078100,0.220000,0.076351,0.220000,0.076351,0,1.490302,0.220000,0.195000,0.103100,0.053100,0.253660,0.203660,0.311127,0.440000,0.422001,1
47,880000000,1.555070,0.655827,0.952184,0.233011,0.214777,0.232872,0.223346,0.232047,0.215611,0.232047,0.215611,0.220223,0.076132,0.220000,0.076351,0.220000,0.073794,0.220000,0.073794,0,1.445521,0.220000,0.195000,0.101351,0.051351,0.248346,0.198346,0.311127,0.440000,0.408835,1
47,920000000,1.557700,0.664752,0.960610,0.232776,0.209312,0.232047,0.215611,0.231524,0.210569,0.231524,0.210569,0.220454,0.074733,0.220000,0.073794,0.220000,0.072135,0.220000,0.072135,0,1.416201,0.220000,0.195000,0.098794,0.048794,0.240611,0.190611,0.311127,0.440000,0.400176,1
47,960000000,1.560326,0.673647,0.968832,0.231970,0.203068,0.231524,0.210569,0.231029,0.205690,0.231029,0.205690,0.220403,0.072336,0.220000,0.072135,0.220000,0.070531,0.220000,0.070531,0,1.387681,0.220000,0.195000,0.097135,0.047135,0.235569,0.185569,0.311127,0.440000,0.391740,1
48,20000000,1.564227,0.686976,0.980776,0.231253,0.197255,0.231029,0.205690,0.230332,0.198645,0.230332,0.198645,0.220349,0.070172,0.220000,0.070531,0.220000,0.068213,0.220000,0.068213,0,1.346138,0.220000,0.195000,0.095531,0.045531,0.230690,0.180690,0.311127,0.440000,0.379469,1
48,60000000,1.566796,0.695851,0.988546,0.230963,0.194074,0.230332,0.198645,0.229890,0.194204,0.229890,0.194204,0.220364,0.069165,0.220000,0.068213,0.220000,0.066704,0.220000,0.066704,0,1.318894,0.220000,0.195000,0.093213,0.043213,0.223645,0.173645,0.311127,0.440000,0.371698,1
48,100000000,1.569365,0.704696,0.996106,0.230279,0.188273,0.229890,0.194204,0.229473,0.189728,0.229473,0.189728,0.220322,0.066982,0.220000,0.066704,0.220000,0.065253,0.220000,0.065253,0,1.292552,0.220000,0.195000,0.091704,0.041704,0.219204,0.169204,0.311127,0.440000,0.363791,1
48,140000000,1.571916,0.713529,1.003500,0.229842,0.184341,0.229473,0.189728,0.229075,0.185399,0.229075,0.185399,0.220302,0.065533,0.220000,0.065253,0.220000,0.063838,0.220000,0.063838,0,1.266721,0.220000,0.195000,0.090253,0.040253,0.214728,0.164728,0.311127,0.440000,0.356108,1
48,200000000,1.575623,0.726720,1.014805,0.227987,0.188380,0.229075,0.185399,0.228465,0.178804,0.228465,0.178804,0.218735,0.064289,0.220000,0.063838,0.220000,0.061615,0.220000,0.061615,0,1.225866,0.220000,0.195000,0.088838,0.038838,0.210399,0.160399,0.311127,0.440000,0.344357,1
48,240000000,1.578072,0.735503,1.022148,0.228088,0.181958,0.228465,0.178804,0.228081,0.174450,0.228081,0.174450,0.219301,0.062701,0.220000,0.061615,0.220000,0.060173,0.220000,0.060173,0,1.199192,0.220000,0.195000,0.086615,0.036615,0.203804,0.153804,0.311127,0.440000,0.336540,1
48,280000000,1.580559,0.744284,1.029032,0.228354,0.170013,0.228081,0.174450,0.227738,0.170625,0.227738,0.170625,0.220233,0.060360,0.220000,0.060173,0.220000,0.058862,0.220000,0.058862,0,1.174830,0.220000,0.195000,0.085173,0.035173,0.199450,0.149450,0.311127,0.440000,0.329655,1
48,320000000,1.583040,0.753062,1.035709,0.228051,0.166698,0.227738,0.170625,0.227415,0.166743,0.227415,0.166743,0.220225,0.059230,0.220000,0.058862,0.220000,0.057599,0.220000,0.057599,0,1.151260,0.220000,0.195000,0.083862,0.033862,0.195625,0.145625,0.311127,0.440000,0.322613,1
48,360000000,1.585503,0.761833,1.042257,0.227711,0.163227,0.227415,0.166743,0.227105,0.162846,0.227105,0.162846,0.220214,0.057949,0.220000,0.057599,0.220000,0.056360,0.220000,0.056360,0,1.128038,0.220000,0.195000,0.082599,0.032599,0.191743,0.141743,0.311127,0.440000,0.315503,1
48,400000000,1.587949,0.770595,1.048668,0.227390,0.159654,0.227105,0.162846,0.226807,0.159012,0.226807,0.159012,0.220201,0.056725,0.220000,0.056360,0.220000,0.055148,0.220000,0.055148,0,1.105224,0.220000,0.195000,0.081360,0.031360,0.187846,0.137846,0.311127,0.440000,0.308479,1
48,440000000,1.590386,0.779345,1.054920,0.227035,0.155890,0.226807,0.159012,0.226523,0.155594,0.226523,0.155594,0.220167,0.055423,0.220000,0.055148,0.220000,0.053969,0.220000,0.053969,0,1.082955,0.220000,0.195000,0.080148,0.030148,0.184012,0.134012,0.311127,0.440000,0.302226,1
48,480000000,1.592812,0.788080,1.061048,0.226499,0.153483,0.226523,0.155594,0.226251,0.152013,0.226251,0.152013,0.219927,0.054164,0.220000,0.053969,0.220000,0.052816,0.220000,0.052816,0,1.061097,0.220000,0.195000,0.078969,0.028969,0.180594,0.130594,0.311127,0.440000,0.295626,1
48,520000000,1.595191,0.796787,1.067259,0.225605,0.155094,0.226251,0.152013,0.225976,0.148304,0.225976,0.148304,0.219177,0.053472,0.220000,0.052816,0.220000,0.051625,0.220000,0.051625,0,1.038429,0.220000,0.195000,0.077816,0.027816,0.177013,0.127013,0.311127,0.440000,0.288764,1
48,560000000,1.597556,0.805487,1.073336,0.225374,0.151856,0.225976,0.148304,0.225712,0.145014,0.225712,0.145014,0.219187,0.052442,0.220000,0.051625,0.220000,0.050459,0.220000,0.050459,0,1.016149,0.220000,0.195000,0.076625,0.026625,0.173304,0.123304,0.311127,0.440000,0.282687,1
48,600000000,1.599915,0.814180,1.079243,0.225182,0.147057,0.225712,0.145014,0.225463,0.141443,0.225463,0.141443,0.219333,0.050993,0.220000,0.050459,0.220000,0.049330,0.220000,0.049330,0,0.994517,0.220000,0.195000,0.075459,0.025459,0.170014,0.120014,0.311127,0.440000,0.276032,1
48,640000000,1.602289,0.822884,1.084856,0.225635,0.139126,0.225463,0.141443,0.225234,0.138108,0.225234,0.138108,0.220123,0.049571,0.220000,0.049330,0.220000,0.048275,0.220000,0.048275,0,0.974235,0.220000,0.195000,0.074330,0.024330,0.166443,0.116443,0.311127,0.440000,0.269797,1
48,680000000,1.604661,0.831583,1.090294,0.225223,0.133458,0.225234,0.138108,0.225019,0.135195,0.225019,0.135195,0.220120,0.047673,0.220000,0.048275,0.220000,0.047260,0.220000,0.047260,0,0.954671,0.220000,0.195000,0.073275,0.023275,0.163108,0.113108,0.311127,0.440000,0.264359,1
48,740000000,1.608198,0.844619,1.098227,0.225009,0.130703,0.225019,0.135195,0.224713,0.130591,0.224713,0.130591,0.220113,0.046681,0.220000,0.047260,0.220000,0.045780,0.220000,0.045780,0,0.926035,0.220000,0.195000,0.072260,0.022260,0.160195,0.110195,0.311127,0.440000,0.255704,1
48,780000000,1.610543,0.853303,1.103377,0.224720,0.127157,0.224713,0.130591,0.224519,0.127395,0.224519,0.127395,0.220085,0.045405,0.220000,0.045780,0.220000,0.044817,0.220000,0.044817,0,0.907342,0.220000,0.195000,0.070780,0.020780,0.155591,0.105591,0.311127,0.440000,0.249662,1
48,820000000,1.612876,0.861970,1.108450,0.224107,0.127263,0.224519,0.127395,0.224331,0.124288,0.224331,0.124288,0.219593,0.044750,0.220000,0.044817,0.220000,0.043867,0.220000,0.043867,0,0.888846,0.220000,0.195000,0.069817,0.019817,0.152395,0.102395,0.311127,0.440000,0.243776,1
48,860000000,1.615177,0.870625,1.113523,0.223850,0.126305,0.224331,0.124288,0.224144,0.121208,0.224144,0.121208,0.219431,0.044259,0.220000,0.043867,0.220000,0.042901,0.220000,0.042901,0,0.869999,0.220000,0.195000,0.068867,0.018867,0.149288,0.099288,0.311127,0.440000,0.237934,1
48,920000000,1.618612,0.883598,1.120901,0.223590,0.121161,0.224144,0.121208,0.223879,0.116778,0.223879,0.116778,0.219472,0.042713,0.220000,0.042901,0.220000,0.041496,0.220000,0.041496,0,0.842491,0.220000,0.195000,0.067901,0.017901,0.146208,0.096208,0.311127,0.440000,0.229509,1
48,960000000,1.620906,0.892253,1.125574,0.223808,0.114795,0.223879,0.116778,0.223718,0.114318,0.223718,0.114318,0.219971,0.041266,0.220000,0.041496,0.220000,0.040614,0.220000,0.040614,0,0.825196,0.220000,0.195000,0.066496,0.016496,0.141778,0.091778,0.311127,0.440000,0.224836,1
49,0,1.623208,0.900904,1.130071,0.223744,0.111578,0.223718,0.114318,0.223567,0.111418,0.223567,0.111418,0.220075,0.040354,0.220000,0.040614,0.220000,0.039775,0.220000,0.039775,0,0.808679,0.220000,0.195000,0.065614,0.015614,0.139318,0.089318,0.311127,0.440000,0.219281,1
49,60000000,1.626638,0.913877,1.136646,0.223561,0.108113,0.223567,0.111418,0.223350,0.107533,0.223350,0.107533,0.220074,0.039333,0.220000,0.039775,0.220000,0.038539,0.220000,0.038539,0,0.784320,0.220000,0.195000,0.064775,0.014775,0.136418,0.086418,0.311127,0.440000,0.211839,1
49,100000000,1.628922,0.922517,1.140881,0.223346,0.104703,0.223350,0.107533,0.223215,0.104747,0.223215,0.104747,0.220063,0.038154,0.220000,0.038539,0.220000,0.037747,0.220000,0.037747,0,0.768656,0.220000,0.195000,0.063539,0.013539,0.132533,0.082533,0.311127,0.440000,0.206476,1
49,140000000,1.631193,0.931143,1.145068,0.222809,0.104741,0.223215,0.104747,0.223083,0.102562,0.223083,0.102562,0.219614,0.037599,0.220000,0.037747,0.220000,0.036958,0.220000,0.036958,0,0.753036,0.220000,0.195000,0.062747,0.012747,0.129747,0.079747,0.311127,0.440000,0.202289,1
49,180000000,1.633443,0.939764,1.149224,0.222702,0.103054,0.223083,0.102562,0.222952,0.099745,0.222952,0.099745,0.219610,0.036981,0.220000,0.036958,0.220000,0.036162,0.220000,0.036162,0,0.737255,0.220000,0.195000,0.061958,0.011958,0.127562,0.077562,0.311127,0.440000,0.196849,1
49,240000000,1.636802,0.952690,1.155283,0.222533,0.099745,0.222952,0.099745,0.222766,0.096024,0.222766,0.096024,0.219597,0.036024,0.220000,0.036162,0.220000,0.034996,0.220000,0.034996,0,0.714083,0.220000,0.195000,0.061162,0.011162,0.124745,0.074745,0.311127,0.440000,0.189664,1
49,280000000,1.639049,0.961309,1.159118,0.222758,0.093699,0.222766,0.096024,0.222652,0.093475,0.222652,0.093475,0.220043,0.034672,0.220000,0.034996,0.220000,0.034265,0.220000,0.034265,0,0.699517,0.220000,0.195000,0.059996,0.009996,0.121024,0.071024,0.311127,0.440000,0.184723,1
49,320000000,1.641300,0.969928,1.162802,0.222650,0.091199,0.222652,0.093475,0.222546,0.091567,0.222546,0.091567,0.220047,0.033942,0.220000,0.034265,0.220000,0.033568,0.220000,0.033568,0,0.685613,0.220000,0.195000,0.059265,0.009265,0.118475,0.068475,0.311127,0.440000,0.181039,1
49,360000000,1.643540,0.978546,1.166412,0.222564,0.089612,0.222546,0.091567,0.222443,0.088951,0.222443,0.088951,0.220047,0.033383,0.220000,0.033568,0.220000,0.032878,0.220000,0.032878,0,0.671827,0.220000,0.195000,0.058568,0.008568,0.116567,0.066567,0.311127,0.440000,0.175948,1
49,420000000,1.646891,0.991467,1.171661,0.222439,0.086551,0.222443,0.088951,0.222296,0.085467,0.222296,0.085467,0.220044,0.032549,0.220000,0.032878,0.220000,0.031868,0.220000,0.031868,0,0.651631,0.220000,0.195000,0.057878,0.007878,0.113951,0.063951,0.311127,0.440000,0.169169,1
49,460000000,1.649086,1.000077,1.175186,0.222010,0.088951,0.222296,0.085467,0.222197,0.083000,0.222197,0.083000,0.219580,0.032757,0.220000,0.031868,0.220000,0.031165,0.220000,0.031165,0,0.637549,0.220000,0.195000,0.056868,0.006868,0.110467,0.060467,0.311127,0.440000,0.164359,1
49,500000000,1.651269,1.008683,1.178664,0.221928,0.085467,0.222197,0.083000,0.222099,0.080487,0.222099,0.080487,0.219644,0.031753,0.220000,0.031165,0.220000,0.030465,0.220000,0.030465,0,0.623493,0.220000,0.195000,0.056165,0.006165,0.108000,0.058000,0.311127,0.440000,0.159452,1
49,560000000,1.654538,1.021587,1.183688,0.221815,0.082999,0.222099,0.080487,0.221962,0.077000,0.221962,0.077000,0.219631,0.031052,0.220000,0.030465,0.220000,0.029448,0.220000,0.029448,0,0.603049,0.220000,0.195000,0.055465,0.005465,0.105487,0.055487,0.311127,0.440000,0.152639,1
49,600000000,1.656722,1.030195,1.186851,0.222096,0.078076,0.221962,0.077000,0.221878,0.075376,0.221878,0.075376,0.220041,0.030142,0.220000,0.029448,0.220000,0.028808,0.220000,0.028808,0,0.590166,0.220000,0.195000,0.054448,0.004448,0.102000,0.052000,0.311127,0.440000,0.149476,1
49,640000000,1.658916,1.038799,1.189881,0.221960,0.075046,0.221878,0.075376,0.221800,0.072917,0.221800,0.072917,0.220034,0.029179,0.220000,0.028808,0.220000,0.028197,0.220000,0.028197,0,0.577848,0.220000,0.195000,0.053808,0.003808,0.100376,0.050376,0.311127,0.440000,0.144651,1
49,700000000,1.662195,1.051702,1.194310,0.221876,0.073311,0.221800,0.072917,0.221686,0.069843,0.221686,0.069843,0.220034,0.028528,0.220000,0.028197,0.220000,0.027292,0.220000,0.027292,0,0.559596,0.220000,0.195000,0.053197,0.003197,0.097917,0.047917,0.311127,0.440000,0.138623,1
49,740000000,1.664376,1.060302,1.197163,0.221783,0.071067,0.221686,0.069843,0.221615,0.067528,0.221615,0.067528,0.220017,0.027935,0.220000,0.027292,0.220000,0.026704,0.220000,0.026704,0,0.547715,0.220000,0.195000,0.052292,0.002292,0.094843,0.044843,0.311127,0.440000,0.134071,1
49,780000000,1.666555,1.068890,1.199970,0.221454,0.069842,0.221615,0.067528,0.221545,0.066093,0.221545,0.066093,0.219776,0.027210,0.220000,0.026704,0.220000,0.026121,0.220000,0.026121,0,0.535929,0.220000,0.195000,0.051704,0.001704,0.092528,0.042528,0.311127,0.440000,0.131263,1
49,820000000,1.668732,1.077475,1.202690,0.221397,0.067527,0.221545,0.066093,0.221479,0.063619,0.221479,0.063619,0.219789,0.026628,0.220000,0.026121,0.220000,0.025551,0.220000,0.025551,0,0.524391,0.220000,0.195000,0.051121,0.001121,0.091093,0.041093,0.311127,0.440000,0.126389,1
49,880000000,1.671988,1.090350,1.206665,0.221312,0.065845,0.221479,0.063619,0.221383,0.060461,0.221383,0.060461,0.219781,0.025990,0.220000,0.025551,0.220000,0.024704,0.220000,0.024704,0,0.507231,0.220000,0.195000,0.050551,0.000551,0.088619,0.038619,0.311127,0.440000,0.120166,1
49,920000000,1.674163,1.098937,1.209161,0.221478,0.062150,0.221383,0.060461,0.221323,0.058184,0.221323,0.058184,0.220023,0.025339,0.220000,0.024704,0.220000,0.024167,0.220000,0.024167,0,0.496339,0.220000,0.195000,0.049704,-0.000296,0.085461,0.035461,0.311127,0.440000,0.115671,1
49,960000000,1.676347,1.107519,1.211541,0.221382,0.059353,0.221323,0.058184,0.221268,0.056972,0.221268,0.056972,0.220018,0.024535,0.220000,0.024167,0.220000,0.023657,0.220000,0.023657,0,0.485977,0.220000,0.195000,0.049167,-0.000833,0.083184,0.033184,0.311127,0.440000,0.113291,1
50,0,1.678528,1.116099,1.213846,0.221323,0.057166,0.221268,0.056972,0.221215,0.054741,0.221215,0.054741,0.220016,0.024012,0.220000,0.023657,0.220000,0.023153,0.220000,0.023153,0,0.475736,0.220000,0.195000,0.048657,-0.001343,0.081972,0.031972,0.311127,0.440000,0.108880,1
50,60000000,1.681792,1.128967,1.217219,0.221205,0.056049,0.221215,0.054741,0.221138,0.051848,0.221138,0.051848,0.219955,0.023481,0.220000,0.023153,0.220000,0.022402,0.220000,0.022402,0,0.460479,0.220000,0.195000,0.048153,-0.001847,0.079741,0.029741,0.311127,0.440000,0.103163,1
50,100000000,1.683961,1.137540,1.219409,0.221061,0.054740,0.221138,0.051848,0.221088,0.049361,0.221088,0.049361,0.219852,0.023092,0.220000,0.022402,0.220000,0.021904,0.220000,0.021904,0,0.450327,0.220000,0.195000,0.047402,-0.002598,0.076848,0.026848,0.311127,0.440000,0.098236,1
50,140000000,1.686139,1.146109,1.221484,0.221030,0.051848,0.221088,0.049361,0.221041,0.046917,0.221041,0.046917,0.219897,0.022349,0.220000,0.021904,0.220000,0.021430,0.220000,0.021430,0,0.440674,0.220000,0.195000,0.046904,-0.003096,0.074361,0.024361,0.311127,0.440000,0.093393,1
50,200000000,1.689404,1.158961,1.224441,0.220978,0.048139,0.221041,0.046917,0.220975,0.044082,0.220975,0.044082,0.219918,0.021618,0.220000,0.021430,0.220000,0.020732,0.220000,0.020732,0,0.426468,0.220000,0.195000,0.046430,-0.003570,0.071917,0.021917,0.311127,0.440000,0.087776,1
50,240000000,1.691586,1.167528,1.226277,0.221012,0.045343,0.220975,0.044082,0.220934,0.043153,0.220934,0.043153,0.220006,0.021066,0.220000,0.020732,0.220000,0.020290,0.220000,0.020290,0,0.417443,0.220000,0.195000,0.045732,-0.004268,0.069082,0.019082,0.311127,0.440000,0.085941,1
50,280000000,1.693774,1.176092,1.228024,0.220962,0.043522,0.220934,0.043153,0.220895,0.040853,0.220895,0.040853,0.220006,0.020530,0.220000,0.020290,0.220000,0.019863,0.220000,0.019863,0,0.408736,0.220000,0.195000,0.045290,-0.004710,0.068153,0.018153,0.311127,0.440000,0.081375,1
50,320000000,1.695962,1.184654,1.229740,0.220934,0.042818,0.220895,0.040853,0.220857,0.038484,0.220857,0.038484,0.220007,0.020217,0.220000,0.019863,0.220000,0.019437,0.220000,0.019437,0,0.400029,0.220000,0.195000,0.044863,-0.005137,0.065853,0.015853,0.311127,0.440000,0.076669,1
50,360000000,1.698151,1.193214,1.231371,0.220895,0.040589,0.220857,0.038484,0.220821,0.037659,0.220821,0.037659,0.220005,0.019801,0.220000,0.019437,0.220000,0.019020,0.220000,0.019020,0,0.391506,0.220000,0.195000,0.044437,-0.005563,0.063484,0.013484,0.311127,0.440000,0.075039,1
50,400000000,1.700341,1.201772,1.232919,0.220831,0.038484,0.220821,0.037659,0.220786,0.035228,0.220786,0.035228,0.219977,0.019400,0.220000,0.019020,0.220000,0.018611,0.220000,0.018611,0,0.383161,0.220000,0.195000,0.044020,-0.005980,0.062659,0.012659,0.311127,0.440000,0.070205,1
50,460000000,1.703633,1.214605,1.235138,0.220787,0.035572,0.220786,0.035228,0.220736,0.032249,0.220736,0.032249,0.219999,0.018630,0.220000,0.018611,0.220000,0.018009,0.220000,0.018009,0,0.370852,0.220000,0.195000,0.043611,-0.006389,0.060228,0.010228,0.311127,0.440000,0.064282,1
50,500000000,1.705832,1.223157,1.236505,0.220743,0.033139,0.220736,0.032249,0.220705,0.029646,0.220705,0.029646,0.219997,0.018132,0.220000,0.018009,0.220000,0.017622,0.220000,0.017622,0,0.362934,0.220000,0.195000,0.043009,-0.006991,0.057249,0.007249,0.311127,0.440000,0.059103,1
50,540000000,1.708036,1.231706,1.237780,0.220694,0.031250,0.220705,0.029646,0.220675,0.029003,0.220675,0.029003,0.219973,0.017829,0.220000,0.017622,0.220000,0.017247,0.220000,0.017247,0,0.355249,0.220000,0.195000,0.042622,-0.007378,0.054646,0.004646,0.311127,0.440000,0.057828,1
50,580000000,1.710245,1.240252,1.238959,0.220672,0.029318,0.220675,0.029003,0.220647,0.026487,0.220647,0.026487,0.219980,0.017451,0.220000,0.017247,0.220000,0.016881,0.220000,0.016881,0,0.347765,0.220000,0.195000,0.042247,-0.007753,0.054003,0.004003,0.311127,0.440000,0.052818,1
50,640000000,1.713565,1.253067,1.240648,0.220591,0.026738,0.220647,0.026487,0.220606,0.023586,0.220606,0.023586,0.219946,0.016859,0.220000,0.016881,0.220000,0.016335,0.220000,0.016335,0,0.336582,0.220000,0.195000,0.041881,-0.008119,0.051487,0.001487,0.311127,0.440000,0.047042,1
50,680000000,1.715785,1.261606,1.241652,0.220553,0.023958,0.220606,0.023586,0.220580,0.020890,0.220580,0.020890,0.219946,0.016348,0.220000,0.016335,0.220000,0.015987,0.220000,0.015987,0,0.329451,0.220000,0.195000,0.041335,-0.008665,0.048586,-0.001414,0.311127,0.440000,0.041669,1
50,720000000,1.718010,1.270145,1.242584,0.220587,0.022406,0.220580,0.020890,0.220556,0.020420,0.220556,0.020420,0.219996,0.016148,0.220000,0.015987,0.220000,0.015647,0.220000,0.015647,0,0.322465,0.220000,0.195000,0.040987,-0.009013,0.045890,-0.004110,0.311127,0.440000,0.040737,1
50,760000000,1.720239,1.278681,1.243443,0.220565,0.021375,0.220556,0.020420,0.220532,0.017644,0.220532,0.017644,0.219995,0.015844,0.220000,0.015647,0.220000,0.015306,0.220000,0.015306,0,0.315469,0.220000,0.195000,0.040647,-0.009353,0.045420,-0.004580,0.311127,0.440000,0.035203,1
50,800000000,1.722473,1.287216,1.244264,0.220543,0.019851,0.220532,0.017644,0.220508,0.014719,0.220508,0.014719,0.219995,0.015545,0.220000,0.015306,0.220000,0.014964,0.220000,0.014964,0,0.308465,0.220000,0.195000,0.040306,-0.009694,0.042644,-0.007356,0.311127,0.440000,0.029371,1
50,860000000,1.725834,1.300011,1.245294,0.220381,0.014832,0.220508,0.014719,0.220476,0.011505,0.220476,0.011505,0.219873,0.014950,0.220000,0.014964,0.220000,0.014474,0.220000,0.014474,0,0.298408,0.220000,0.195000,0.039964,-0.010036,0.039719,-0.010281,0.311127,0.440000,0.022961,1
50,900000000,1.728089,1.308532,1.245811,0.220354,0.011145,0.220476,0.011505,0.220456,0.008346,0.220456,0.008346,0.219886,0.014353,0.220000,0.014474,0.220000,0.014177,0.220000,0.014177,0,0.292305,0.220000,0.195000,0.039474,-0.010526,0.036505,-0.013495,0.311127,0.440000,0.016657,1
50,940000000,1.730354,1.317049,1.246231,0.220308,0.009609,0.220456,0.008346,0.220438,0.008135,0.220438,0.008135,0.219851,0.014183,0.220000,0.014177,0.220000,0.013883,0.220000,0.013883,0,0.286272,0.220000,0.195000,0.039177,-0.010823,0.033346,-0.016654,0.311127,0.440000,0.016237,1
51,0,1.733760,1.329823,1.246755,0.220391,0.009159,0.220438,0.008135,0.220410,0.004749,0.220410,0.004749,0.219947,0.013978,0.220000,0.013883,0.220000,0.013441,0.220000,0.013441,0,0.277199,0.220000,0.195000,0.038883,-0.011117,0.033135,-0.016865,0.311127,0.440000,0.009479,1
51,40000000,1.736040,1.338340,1.247045,0.220409,0.006318,0.220410,0.004749,0.220392,0.001233,0.220392,0.001233,0.219989,0.013602,0.220000,0.013441,0.220000,0.013139,0.220000,0.013139,0,0.270986,0.220000,0.195000,0.038441,-0.011559,0.029749,-0.020251,0.311127,0.440000,0.002462,1
51,80000000,1.738330,1.346853,1.247209,0.220391,0.002924,0.220392,0.001233,0.220375,-0.002491,0.220375,-0.002491,0.219988,0.013316,0.220000,0.013139,0.220000,0.012854,0.220000,0.012854,0,0.265131,0.220000,0.195000,0.038139,-0.011861,0.026233,-0.023767,0.311127,0.440000,-0.004973,1
51,120000000,1.740627,1.355364,1.247260,0.220375,0.000000,0.220375,-0.002491,0.220359,-0.002516,0.220359,-0.002516,0.219987,0.013072,0.220000,0.012854,0.220000,0.012572,0.220000,0.012572,0,0.259338,0.220000,0.195000,0.037854,-0.012146,0.022509,-0.027491,0.311127,0.440000,-0.005023,1
51,160000000,1.742935,1.363871,1.247230,0.220345,0.000000,0.220359,-0.002516,0.220343,-0.006444,0.220343,-0.006444,0.219971,0.012817,0.220000,0.012572,0.220000,0.012290,0.220000,0.012290,0,0.253535,0.220000,0.195000,0.037572,-0.012428,0.022484,-0.027516,0.311127,0.440000,-0.012869,1
51,220000000,1.746427,1.376606,1.246947,0.220093,-0.006529,0.220343,-0.006444,0.220321,-0.010580,0.220321,-0.010580,0.219759,0.012119,0.220000,0.012290,0.220000,0.011897,0.220000,0.011897,0,0.245445,0.220000,0.195000,0.037290,-0.012710,0.018556,-0.031444,0.311127,0.440000,-0.021129,1
51,260000000,1.748778,1.385088,1.246557,0.220030,-0.010581,0.220321,-0.010580,0.220309,-0.015034,0.220309,-0.015034,0.219718,0.011711,0.220000,0.011897,0.220000,0.011662,0.220000,0.011662,0,0.240621,0.220000,0.195000,0.036897,-0.013103,0.014420,-0.035580,0.311127,0.440000,-0.030026,1
51,300000000,1.751137,1.393564,1.246002,0.219960,-0.014979,0.220309,-0.015034,0.220297,-0.014755,0.220297,-0.014755,0.219652,0.011648,0.220000,0.011662,0.220000,0.011440,0.220000,0.011440,0,0.236049,0.220000,0.195000,0.036662,-0.013338,0.009966,-0.040034,0.311127,0.440000,-0.029471,1
51,340000000,1.753501,1.402052,1.245496,0.220294,-0.012215,0.220297,-0.014755,0.220284,-0.019565,0.220284,-0.019565,0.219982,0.011720,0.220000,0.011440,0.220000,0.011173,0.220000,0.011173,0,0.230540,0.220000,0.195000,0.036440,-0.013560,0.010245,-0.039755,0.311127,0.440000,-0.039080,1
51,380000000,1.755876,1.410538,1.244914,0.220280,-0.016857,0.220284,-0.019565,0.220270,-0.024974,0.220270,-0.024974,0.219981,0.011474,0.220000,0.011173,0.220000,0.010903,0.220000,0.010903,0,0.224999,0.220000,0.195000,0.036173,-0.013827,0.005435,-0.044565,0.311127,0.440000,-0.049888,1
51,440000000,1.759465,1.423257,1.243703,0.220266,-0.022086,0.220270,-0.024974,0.220251,-0.030978,0.220251,-0.030978,0.219979,0.011229,0.220000,0.010903,0.220000,0.010521,0.220000,0.010521,0,0.217130,0.220000,0.195000,0.035903,-0.014097,0.000026,-0.049974,0.311127,0.440000,-0.061884,1
51,480000000,1.761871,1.431732,1.242814,0.220231,-0.022349,0.220251,-0.030978,0.220239,-0.030531,0.220239,-0.030531,0.219946,0.011198,0.220000,0.010521,0.220000,0.010251,0.220000,0.010251,0,0.211566,0.220000,0.195000,0.035521,-0.014479,-0.005978,-0.055978,0.311127,0.440000,-0.060995,1
51,540000000,1.765528,1.444406,1.241072,0.219849,-0.030979,0.220239,-0.030531,0.220222,-0.036817,0.220222,-0.036817,0.219609,0.010270,0.220000,0.010251,0.220000,0.009875,0.220000,0.009875,0,0.203831,0.220000,0.195000,0.035251,-0.014749,-0.005531,-0.055531,0.311127,0.440000,-0.073559,1
51,580000000,1.768000,1.452844,1.239851,0.219808,-0.030531,0.220222,-0.036817,0.220209,-0.043793,0.220209,-0.043793,0.219581,0.009978,0.220000,0.009875,0.220000,0.009591,0.220000,0.009591,0,0.197976,0.220000,0.195000,0.034875,-0.015125,-0.011817,-0.061817,0.311127,0.440000,-0.087503,1
51,620000000,1.770484,1.461276,1.238445,0.219753,-0.036230,0.220209,-0.043793,0.220197,-0.052401,0.220197,-0.052401,0.219528,0.009926,0.220000,0.009591,0.220000,0.009316,0.220000,0.009316,0,0.192312,0.220000,0.195000,0.034591,-0.015409,-0.018793,-0.068793,0.311127,0.440000,-0.104708,1
51,660000000,1.772979,1.469723,1.236918,0.220201,-0.039770,0.220197,-0.052401,0.220185,-0.062217,0.220185,-0.062217,0.219971,0.010052,0.220000,0.009316,0.220000,0.009031,0.220000,0.009031,0,0.186424,0.220000,0.195000,0.034316,-0.015684,-0.027401,-0.077401,0.311127,0.440000,-0.124329,1
51,720000000,1.776763,1.482381,1.234134,0.220187,-0.048036,0.220185,-0.062217,0.220167,-0.072825,0.220167,-0.072825,0.219968,0.009821,0.220000,0.009031,0.220000,0.008586,0.220000,0.008586,0,0.177268,0.220000,0.195000,0.034031,-0.015969,-0.037217,-0.087217,0.311127,0.440000,-0.145538,1
51,760000000,1.779318,1.490809,1.231834,0.220174,-0.057477,0.220167,-0.072825,0.220157,-0.071670,0.220157,-0.071670,0.219965,0.009583,0.220000,0.008586,0.220000,0.008317,0.220000,0.008317,0,0.171717,0.220000,0.195000,0.033586,-0.016414,-0.047825,-0.097825,0.311127,0.440000,-0.143238,1
51,800000000,1.781905,1.499226,1.229210,0.220138,-0.067630,0.220157,-0.071670,0.220147,-0.084430,0.220147,-0.084430,0.219946,0.009193,0.220000,0.008317,0.220000,0.008056,0.220000,0.008056,0,0.166338,0.220000,0.195000,0.033317,-0.016683,-0.046670,-0.096670,0.311127,0.440000,-0.168748,1
51,860000000,1.785871,1.511784,1.224914,0.219447,-0.072920,0.220147,-0.084430,0.220133,-0.099571,0.220133,-0.099571,0.219307,0.007834,0.220000,0.008056,0.220000,0.007642,0.220000,0.007642,0,0.157796,0.220000,0.195000,0.033056,-0.016944,-0.059430,-0.109430,0.311127,0.440000,-0.199021,1
51,900000000,1.788574,1.520133,1.221536,0.219388,-0.084431,0.220133,-0.099571,0.220124,-0.119145,0.220124,-0.119145,0.219257,0.007574,0.220000,0.007642,0.220000,0.007391,0.220000,0.007391,0,0.152625,0.220000,0.195000,0.032642,-0.017358,-0.074571,-0.124571,0.311127,0.440000,-0.238156,1
51,940000000,1.791294,1.528487,1.217770,0.219820,-0.094785,0.220124,-0.119145,0.220114,-0.117256,0.220114,-0.117256,0.219667,0.008203,0.220000,0.007391,0.220000,0.007098,0.220000,0.007098,0,0.146580,0.220000,0.195000,0.032391,-0.017609,-0.094145,-0.144145,0.311127,0.440000,-0.234390,1
52,0,1.795433,1.541027,1.211238,0.220089,-0.110543,0.220114,-0.117256,0.220099,-0.139746,0.220099,-0.139746,0.219938,0.008153,0.220000,0.007098,0.220000,0.006593,0.220000,0.006593,0,0.136166,0.220000,0.195000,0.032098,-0.017902,-0.092256,-0.142256,0.311127,0.440000,-0.279366,1
52,40000000,1.798248,1.549368,1.206825,0.220079,-0.111345,0.220099,-0.139746,0.212325,-0.164746,0.212325,-0.164746,0.219933,0.008007,0.220000,0.006593,0.212245,0.005805,0.212245,0.005805,0,0.124277,0.220000,0.195000,0.031593,-0.018407,-0.114746,-0.164746,0.311127,0.440000,-0.341402,1
52,80000000,1.801116,1.557690,1.201590,0.220057,-0.130778,0.212325,-0.164746,0.220157,-0.174284,0.220157,-0.174284,0.219924,0.007660,0.212245,0.005805,0.220000,0.008318,0.220000,0.008318,0,0.177944,0.220000,0.187245,0.030805,-0.019195,-0.139746,-0.189746,0.311127,0.424649,-0.336167,1
52,120000000,1.803949,1.565697,1.195362,0.212275,-0.155075,0.220157,-0.174284,0.195039,-0.199284,0.195039,-0.199284,0.212161,0.006961,0.220000,0.008318,0.195000,0.003921,0.195000,0.003921,0,0.101422,0.220000,0.195000,0.033318,-0.016682,-0.149284,-0.199284,0.311127,0.440000,-0.538581,1
52,160000000,1.806867,1.573898,1.188549,0.218936,-0.173972,0.195039,-0.199284,0.220553,-0.174284,0.220553,-0.174284,0.218776,0.008366,0.195000,0.003921,0.220000,0.015612,0.220000,0.015612,0,0.327298,0.220000,0.170000,0.028921,-0.021079,-0.174284,-0.224284,0.311127,0.390079,-0.205169,1
52,220000000,1.811139,1.585223,1.176926,0.203185,-0.195222,0.220553,-0.174284,0.195004,-0.199284,0.195004,-0.199284,0.203057,0.007224,0.220000,0.015612,0.195000,0.001246,0.195000,0.001246,0,0.049161,0.220000,0.195000,0.040612,-0.009388,-0.149284,-0.199284,0.311127,0.440000,-0.908980,1
52,260000000,1.813961,1.593450,1.170029,0.214658,-0.169975,0.195004,-0.199284,0.220509,-0.174284,0.220509,-0.174284,0.214227,0.013592,0.195000,0.001246,0.220000,0.014974,0.220000,0.014974,0,0.346671,0.220000,0.170000,0.026246,-0.023754,-0.174284,-0.224284,0.311127,0.390008,-0.304606,1
52,300000000,1.816918,1.600662,1.162677,0.194863,-0.183728,0.220509,-0.174284,0.195013,-0.199284,0.195013,-0.199284,0.194840,0.003039,0.220000,0.014974,0.195000,-0.002238,0.195000,-0.002238,0,-0.099016,0.220000,0.195000,0.039974,-0.010026,-0.149284,-0.199284,0.311127,0.440000,-1.019972,1
52,340000000,1.819875,1.608893,1.155802,0.220491,-0.168428,0.195013,-0.199284,0.220487,-0.213888,0.220487,-0.213888,0.219929,0.015736,0.195000,-0.002238,0.220000,0.014647,0.220000,0.014647,0,0.340641,0.220000,0.170000,0.022762,-0.027238,-0.174284,-0.224284,0.311127,0.390026,-0.378353,1
52,400000000,1.824593,1.619937,1.144845,0.203716,-0.196383,0.220487,-0.213888,0.195001,-0.238888,0.195001,-0.238888,0.203655,0.005002,0.220000,0.014647,0.195000,-0.000734,0.195000,-0.000734,0,-0.030782,0.220000,0.195000,0.039647,-0.010353,-0.188888,-0.238888,0.311127,0.440000,-1.002140,1
52,440000000,1.827700,1.628070,1.136561,0.214842,-0.205985,0.195001,-0.238888,0.170249,-0.263888,0.170249,-0.263888,0.214449,0.012986,0.195000,-0.000734,0.170000,0.009208,0.170000,0.009208,0,0.291287,0.220000,0.170000,0.024266,-0.025734,-0.213888,-0.263888,0.311127,0.390003,-0.646696,1
52,480000000,1.830801,1.634983,1.127230,0.184081,-0.247261,0.170249,-0.263888,0.197169,-0.238888,0.197169,-0.238888,0.184013,0.005022,0.170000,0.009208,0.195000,0.029167,0.195000,0.029167,0,0.715894,0.195000,0.145000,0.034208,-0.015792,-0.238888,-0.288888,0.311127,0.340498,-0.261807,1
52,520000000,1.833419,1.641309,1.116620,0.171078,-0.268345,0.197169,-0.238888,0.170051,-0.263888,0.170051,-0.263888,0.170801,0.009732,0.195000,0.029167,0.170000,0.004167,0.170000,0.004167,0,0.121110,0.220000,0.170000,0.054167,0.004167,-0.213888,-0.263888,0.311127,0.394338,-0.973915,1
52,580000000,1.837220,1.651966,1.102202,0.172525,-0.233130,0.170051,-0.263888,0.197090,-0.238888,0.197090,-0.238888,0.172247,0.009775,0.170000,0.004167,0.195000,0.028628,0.195000,0.028628,0,0.756971,0.195000,0.145000,0.029167,-0.020833,-0.238888,-0.288888,0.311127,0.340102,-0.324753,1
52,620000000,1.839980,1.658686,1.092200,0.193669,-0.252697,0.197090,-0.238888,0.170061,-0.263888,0.170061,-0.263888,0.192113,0.024497,0.195000,0.028628,0.170000,0.004567,0.170000,0.004567,0,0.213171,0.220000,0.170000,0.053628,0.003628,-0.213888,-0.263888,0.311127,0.394180,-0.949496,1
52,660000000,1.842625,1.665871,1.082812,0.185984,-0.230139,0.170061,-0.263888,0.196607,-0.246266,0.196607,-0.246266,0.184775,0.021172,0.170000,0.004567,0.195000,0.025088,0.195000,0.025088,0,0.750336,0.195000,0.145000,0.029567,-0.020433,-0.238888,-0.288888,0.311127,0.340123,-0.426031,1
52,700000000,1.845580,1.672192,1.072878,0.179049,-0.251327,0.196607,-0.246266,0.170127,-0.271266,0.170127,-0.271266,0.178589,0.012828,0.195000,0.025088,0.170000,0.006582,0.170000,0.006582,0,0.318195,0.220000,0.170000,0.050088,0.000088,-0.221266,-0.271266,0.311127,0.393214,-0.930173,1
52,740000000,1.848454,1.679217,1.063170,0.182985,-0.242412,0.170127,-0.271266,0.145814,-0.296266,0.145814,-0.296266,0.182121,0.017758,0.170000,0.006582,0.145000,0.015388,0.145000,0.015388,0,0.697331,0.195000,0.145000,0.031582,-0.018418,-0.246266,-0.296266,0.311127,0.340255,-0.795224,1
52,780000000,1.851316,1.685141,1.052545,0.159079,-0.278397,0.145814,-0.296266,0.174732,-0.271266,0.174732,-0.271266,0.158629,0.011953,0.145000,0.015388,0.170000,0.040388,0.170000,0.040388,0,1.381667,0.170000,0.120000,0.040388,-0.009612,-0.271266,-0.321266,0.311127,0.291629,-0.187122,1
52,840000000,1.854703,1.693840,1.035245,0.173913,-0.279660,0.174732,-0.271266,0.145814,-0.296266,0.145814,-0.296266,0.169443,0.039181,0.170000,0.040388,0.145000,0.015388,0.145000,0.015388,0,0.544806,0.195000,0.145000,0.065388,0.015388,-0.246266,-0.296266,0.311127,0.349464,-0.892541,1
52,880000000,1.856933,1.699909,1.024255,0.148979,-0.269577,0.145814,-0.296266,0.174732,-0.271266,0.174732,-0.271266,0.147486,0.021038,0.145000,0.015388,0.170000,0.040388,0.170000,0.040388,0,1.437649,0.170000,0.120000,0.040388,-0.009612,-0.271266,-0.321266,0.311127,0.291629,-0.246806,1
52,920000000,1.859307,1.705751,1.012799,0.169872,-0.287784,0.174732,-0.271266,0.145814,-0.296266,0.145814,-0.296266,0.166101,0.035593,0.170000,0.040388,0.145000,0.015388,0.145000,0.015388,0,0.685294,0.195000,0.145000,0.065388,0.015388,-0.246266,-0.296266,0.311127,0.349464,-0.870094,1
52,960000000,1.861605,1.712113,1.001989,0.163569,-0.263955,0.145814,-0.296266,0.174732,-0.271266,0.174732,-0.271266,0.160244,0.032813,0.145000,0.015388,0.170000,0.040388,0.170000,0.040388,0,1.437529,0.170000,0.120000,0.040388,-0.009612,-0.271266,-0.321266,0.311127,0.291629,-0.345208,1
53,20000000,1.865352,1.720850,0.985132,0.174729,-0.273039,0.174732,-0.271266,0.145815,-0.296266,0.145815,-0.296266,0.169997,0.040391,0.170000,0.040388,0.145000,0.015398,0.145000,0.015398,0,0.876421,0.195000,0.145000,0.065388,0.015388,-0.246266,-0.296266,0.311127,0.349464,-0.842428,1
53,60000000,1.867893,1.726607,0.974324,0.145839,-0.280001,0.145815,-0.296266,0.132636,-0.321266,0.132636,-0.321266,0.144796,0.017412,0.145000,0.015398,0.130020,0.026211,0.130020,0.026211,0,1.355238,0.170000,0.120000,0.040398,-0.009602,-0.271266,-0.321266,0.311127,0.291631,-0.706377,1
53,100000000,1.870324,1.731649,0.962360,0.134374,-0.318690,0.132636,-0.321266,0.163260,-0.296266,0.163260,-0.296266,0.131959,0.025361,0.130020,0.026211,0.155020,0.051211,0.155020,0.051211,0,1.980791,0.155020,0.105020,0.051211,0.001211,-0.296266,-0.346266,0.311127,0.265272,-0.305579,1
53,140000000,1.872378,1.737014,0.949786,0.154851,-0.312450,0.163260,-0.296266,0.132636,-0.321266,0.132636,-0.321266,0.148440,0.044094,0.155020,0.051211,0.130020,0.026211,0.130020,0.026211,0,1.152183,0.180020,0.130020,0.076211,0.026211,-0.271266,-0.321266,0.311127,0.326520,-0.807082,1
53,180000000,1.874411,1.742832,0.937726,0.145103,-0.296895,0.132636,-0.321266,0.161286,-0.296266,0.161286,-0.296266,0.140028,0.038043,0.130020,0.026211,0.155020,0.044516,0.155020,0.044516,0,1.953719,0.155020,0.105020,0.051211,0.001211,-0.296266,-0.346266,0.311127,0.265272,-0.447861,1
53,240000000,1.877817,1.751007,0.919374,0.161625,-0.297479,0.161286,-0.296266,0.131976,-0.321266,0.131976,-0.321266,0.155311,0.044732,0.155020,0.044516,0.130020,0.022635,0.130020,0.022635,0,1.398907,0.180020,0.130020,0.069516,0.019516,-0.271266,-0.321266,0.311127,0.322571,-0.776669,1
53,280000000,1.880192,1.756303,0.907478,0.132226,-0.307289,0.131976,-0.321266,0.142913,-0.346266,0.142913,-0.346266,0.129916,0.024607,0.130020,0.022635,0.138520,0.035162,0.138520,0.035162,0,1.864257,0.155020,0.105020,0.047635,-0.002365,-0.296266,-0.346266,0.311127,0.263952,-0.639532,1
53,320000000,1.882587,1.761254,0.894335,0.142426,-0.345076,0.142913,-0.346266,0.131417,-0.371266,0.131417,-0.371266,0.138093,0.034864,0.138520,0.035162,0.128267,0.028602,0.128267,0.028602,0,1.636085,0.163520,0.113520,0.060162,0.010162,-0.321266,-0.371266,0.311127,0.285827,-0.751631,1
53,380000000,1.886102,1.768567,0.873131,0.131309,-0.360041,0.131417,-0.371266,0.139937,-0.396266,0.139937,-0.396266,0.127851,0.029936,0.128267,0.028602,0.135915,0.033307,0.135915,0.033307,0,1.845506,0.153267,0.103267,0.053602,0.003602,-0.346266,-0.396266,0.311127,0.262835,-0.730426,1
53,420000000,1.888555,1.773512,0.857864,0.139844,-0.385575,0.139937,-0.396266,0.148690,-0.421266,0.148690,-0.421266,0.135497,0.034598,0.135915,0.033307,0.143857,0.037601,0.143857,0.037601,0,2.003650,0.160915,0.110915,0.058307,0.008307,-0.371266,-0.421266,0.311127,0.279874,-0.715159,1
53,460000000,1.891142,1.778702,0.841825,0.148600,-0.410405,0.148690,-0.421266,0.157425,-0.446266,0.157425,-0.446266,0.143406,0.038947,0.143857,0.037601,0.151645,0.042266,0.151645,0.042266,0,2.177286,0.168857,0.118857,0.062601,0.012601,-0.396266,-0.446266,0.311127,0.297380,-0.699121,1
53,500000000,1.893842,1.783997,0.825460,0.148570,-0.408721,0.157425,-0.446266,0.166128,-0.471266,0.166128,-0.471266,0.143332,0.039102,0.151645,0.042266,0.159260,0.047272,0.159260,0.047272,0,2.364572,0.176645,0.126645,0.067266,0.017266,-0.421266,-0.471266,0.311127,0.314851,-0.682755,1
53,540000000,1.896665,1.789419,0.808601,0.157108,-0.435036,0.166128,-0.471266,0.174815,-0.496266,0.174815,-0.496266,0.150947,0.043567,0.159260,0.047272,0.166694,0.052663,0.166694,0.052663,0,2.568553,0.184260,0.134260,0.072272,0.022272,-0.446266,-0.496266,0.311127,0.332255,-0.665896,1
53,600000000,1.901203,1.798061,0.781626,0.165997,-0.457451,0.174815,-0.496266,0.175930,-0.500000,0.175930,-0.500000,0.158623,0.048925,0.166694,0.052663,0.166198,0.057702,0.166198,0.057702,0,2.917853,0.191694,0.141694,0.077663,0.027663,-0.471266,-0.500000,0.311127,0.349630,-0.638922,1
53,640000000,1.904437,1.804140,0.762475,0.174587,-0.483069,0.175930,-0.500000,0.175815,-0.500000,0.175815,-0.500000,0.165943,0.054255,0.166198,0.057702,0.164890,0.061011,0.164890,0.061011,0,3.184656,0.191198,0.141198,0.082702,0.032702,-0.475000,-0.500000,0.311127,0.351861,-0.619771,1
53,700000000,1.909382,1.813421,0.733217,0.175821,-0.486980,0.175815,-0.500000,0.175628,-0.500000,0.175628,-0.500000,0.165515,0.059310,0.164890,0.061011,0.162742,0.066033,0.162742,0.066033,0,3.625282,0.189890,0.139890,0.086011,0.036011,-0.475000,-0.500000,0.311127,0.351630,-0.590512,1
53,740000000,1.912664,1.819631,0.713630,0.175718,-0.487768,0.175628,-0.500000,0.175505,-0.500000,0.175505,-0.500000,0.164220,0.062519,0.162742,0.066033,0.161222,0.069351,0.161222,0.069351,0,3.943606,0.187742,0.137742,0.091033,0.041033,-0.475000,-0.500000,0.311127,0.351256,-0.570925,1
53,780000000,1.915912,1.825854,0.693996,0.175567,-0.490249,0.175505,-0.500000,0.175392,-0.500000,0.175392,-0.500000,0.162165,0.067278,0.161222,0.069351,0.159647,0.072631,0.159647,0.072631,0,4.282725,0.186222,0.136222,0.094351,0.044351,-0.475000,-0.500000,0.311127,0.351010,-0.551292,1
53,840000000,1.920784,1.835185,0.664547,0.175397,-0.490361,0.175392,-0.500000,0.175209,-0.500000,0.175209,-0.500000,0.160452,0.070846,0.159647,0.072631,0.157135,0.077503,0.157135,0.077503,0,4.838002,0.184647,0.134647,0.097631,0.047631,-0.475000,-0.500000,0.311127,0.350784,-0.521843,1
53,880000000,1.924036,1.841399,0.644905,0.175332,-0.490393,0.175209,-0.500000,0.175084,-0.500000,0.175084,-0.500000,0.159015,0.073863,0.157135,0.077503,0.155362,0.080728,0.155362,0.080728,0,5.243936,0.182135,0.132135,0.102503,0.052503,-0.475000,-0.500000,0.311127,0.350419,-0.502200,1
53,920000000,1.927252,1.847625,0.625184,0.175175,-0.492720,0.175084,-0.500000,0.174982,-0.500000,0.174982,-0.500000,0.156605,0.078494,0.155362,0.080728,0.153546,0.083920,0.153546,0.083920,0,5.680623,0.180362,0.130362,0.105728,0.055728,-0.475000,-0.500000,0.311127,0.350167,-0.482479,1
53,960000000,1.930467,1.853855,0.605360,0.175120,-0.493742,0.174982,-0.500000,0.174906,-0.500000,0.174906,-0.500000,0.154930,0.081632,0.153546,0.083920,0.151670,0.087112,0.151670,0.087112,0,6.154723,0.178546,0.128546,0.108920,0.058920,-0.475000,-0.500000,0.311127,0.349965,-0.462656,1
54,20000000,1.935291,1.863183,0.575569,0.174952,-0.497438,0.174906,-0.500000,0.174821,-0.500000,0.174821,-0.500000,0.152523,0.085703,0.151670,0.087112,0.148723,0.091890,0.148723,0.091890,0,6.945908,0.176670,0.126670,0.112112,0.062112,-0.475000,-0.500000,0.311127,0.349813,-0.432864,1
54,60000000,1.938514,1.869392,0.555804,0.174875,-0.493059,0.174821,-0.500000,0.174724,-0.500000,0.174724,-0.500000,0.151091,0.088050,0.148723,0.091890,0.146627,0.095022,0.146627,0.095022,0,7.534634,0.173723,0.123723,0.116890,0.066890,-0.475000,-0.500000,0.311127,0.349641,-0.413099,1
54,100000000,1.941677,1.875629,0.535865,0.174806,-0.495294,0.174724,-0.500000,0.174696,-0.500000,0.174696,-0.500000,0.148262,0.092604,0.146627,0.095022,0.144533,0.098126,0.144533,0.098126,0,8.178093,0.171627,0.121627,0.120022,0.070022,-0.475000,-0.500000,0.311127,0.349448,-0.393160,1
54,140000000,1.944830,1.881867,0.515972,0.174712,-0.495774,0.174696,-0.500000,0.174649,-0.500000,0.174649,-0.500000,0.146190,0.095671,0.144533,0.098126,0.142355,0.101179,0.142355,0.101179,0,8.886728,0.169533,0.119533,0.123126,0.073126,-0.475000,-0.500000,0.311127,0.349391,-0.373268,1
54,200000000,1.949544,1.891226,0.486141,0.174632,-0.497355,0.174649,-0.500000,0.174569,-0.500000,0.174569,-0.500000,0.142650,0.100733,0.142355,0.101179,0.138936,0.105694,0.138936,0.105694,0,10.098761,0.167355,0.117355,0.126179,0.076179,-0.475000,-0.500000,0.311127,0.349297,-0.343437,1
54,240000000,1.952697,1.897459,0.466271,0.174602,-0.496818,0.174569,-0.500000,0.174502,-0.500000,0.174502,-0.500000,0.140912,0.103100,0.138936,0.105694,0.136528,0.108679,0.136528,0.108679,0,11.030108,0.163936,0.113936,0.130694,0.080694,-0.475000,-0.500000,0.311127,0.349138,-0.323567,1
54,280000000,1.955794,1.903716,0.446334,0.174547,-0.498019,0.174502,-0.500000,0.174467,-0.500000,0.174467,-0.500000,0.138112,0.106732,0.136528,0.108679,0.134106,0.111599,0.134106,0.111599,0,12.075019,0.161528,0.111528,0.133679,0.083679,-0.475000,-0.500000,0.311127,0.349004,-0.303629,1
54,320000000,1.958885,1.909975,0.426387,0.174493,-0.498046,0.174467,-0.500000,0.174438,-0.500000,0.174438,-0.500000,0.135947,0.109390,0.134106,0.111599,0.131603,0.114495,0.131603,0.114495,0,13.263968,0.159106,0.109106,0.136599,0.086599,-0.475000,-0.500000,0.311127,0.348934,-0.283683,1
54,360000000,1.961971,1.916234,0.406433,0.174465,-0.498077,0.174438,-0.500000,0.174412,-0.500000,0.174412,-0.500000,0.133739,0.112035,0.131603,0.114495,0.129009,0.117371,0.129009,0.117371,0,14.630340,0.156603,0.106603,0.139495,0.089495,-0.475000,-0.500000,0.311127,0.348875,-0.263728,1
54,400000000,1.965046,1.922497,0.386464,0.174436,-0.498432,0.174412,-0.500000,0.174394,-0.500000,0.174394,-0.500000,0.131263,0.114883,0.129009,0.117371,0.126329,0.120226,0.126329,0.120226,0,16.217061,0.154009,0.104009,0.142371,0.092371,-0.475000,-0.500000,0.311127,0.348823,-0.243760,1
54,460000000,1.969637,1.931900,0.356484,0.174392,-0.500123,0.174394,-0.500000,0.174390,-0.500000,0.174390,-0.500000,0.126635,0.119901,0.126329,0.120226,0.122134,0.124480,0.122134,0.124480,0,19.146509,0.151329,0.101329,0.145226,0.095226,-0.475000,-0.500000,0.311127,0.348789,-0.213779,1
54,500000000,1.972703,1.938166,0.336501,0.174369,-0.499865,0.174390,-0.500000,0.174388,-0.500000,0.174388,-0.500000,0.124410,0.122174,0.122134,0.124480,0.119153,0.127332,0.119153,0.127332,0,21.605346,0.147134,0.097134,0.149480,0.099480,-0.475000,-0.500000,0.311127,0.348780,-0.193797,1
54,540000000,1.975706,1.944462,0.316453,0.174382,-0.500961,0.174388,-0.500000,0.179067,-0.500000,0.179067,-0.500000,0.121049,0.125524,0.119153,0.127332,0.119256,0.133578,0.119256,0.133578,0,24.611537,0.144153,0.094153,0.152332,0.102332,-0.475000,-0.500000,0.311127,0.348775,-0.173749,1
54,580000000,1.978701,1.950781,0.296407,0.175274,-0.500627,0.179067,-0.500000,0.202421,-0.500000,0.202421,-0.500000,0.118946,0.128735,0.119256,0.133578,0.131147,0.154191,0.131147,0.154191,0,28.407263,0.144256,0.094256,0.158578,0.108578,-0.475000,-0.500000,0.311127,0.358134,-0.153703,1
54,640000000,1.983474,1.960978,0.266353,0.203008,-0.499692,0.202421,-0.500000,0.231741,-0.475000,0.231741,-0.475000,0.131199,0.154916,0.131147,0.154191,0.146951,0.179191,0.146951,0.179191,0,37.081656,0.156147,0.106147,0.179191,0.129191,-0.475000,-0.500000,0.311127,0.404843,-0.123649,1
54,680000000,1.987153,1.968817,0.246823,0.230620,-0.475345,0.231741,-0.475000,0.258452,-0.450000,0.258452,-0.450000,0.146208,0.178350,0.146951,0.179191,0.158440,0.204191,0.158440,0.204191,0,47.650415,0.171951,0.121951,0.204191,0.154191,-0.450000,-0.500000,0.311127,0.440000,-0.104118,0
54,720000000,1.991236,1.977470,0.228073,0.246702,-0.461566,0.258452,-0.450000,0.276908,-0.425000,0.276908,-0.425000,0.153245,0.193333,0.158440,0.204191,0.168161,0.220000,0.168161,0.220000,0,68.326700,0.183440,0.133440,0.220000,0.179191,-0.425000,-0.475000,0.311127,0.440000,-0.085369,0
54,760000000,1.995658,1.986886,0.210150,0.261929,-0.445255,0.276908,-0.425000,0.274497,-0.400000,0.274497,-0.400000,0.159926,0.207438,0.168161,0.220000,0.164161,0.220000,0.164161,0.220000,0,124.923416,0.193161,0.143161,0.220000,0.195000,-0.400000,-0.450000,0.311127,0.440000,-0.067446,0
54,820000000,2.002851,2.001801,0.185241,0.274494,-0.399299,0.274497,-0.400000,0.239564,-0.375000,0.239564,-0.375000,0.163747,0.220304,0.164161,0.220000,0.139161,0.195000,0.139161,0.195000,0,-218.976958,0.189161,0.139161,0.220000,0.195000,-0.375000,-0.425000,0.311127,0.440000,-0.042536,0
