sec,nsec,x,y,yaw,v_real,w_real,v_now,w_now,v_cmd,w_cmd,v_nav,w_nav,vx_real,vy_real,vx_now,vy_now,vx_cmd,vy_cmd,vx_nav,vy_nav,velocity_violation,curvature,dw_vx_max,dw_vx_min,dw_vy_max,dw_vy_min,dw_w_max,dw_w_min,v_reg,lookahead_dist,lookahead_yaw,is_accel
65,620000000,0.000000,0.000000,0.000000,0.000000,0.000000,0.000000,0.000000,0.007333,-0.000000,0.007333,-0.000000,0.000000,0.000000,0.000000,0.000000,0.007333,-0.000000,0.007333,-0.000000,0,-0.000000,0.007333,-0.007333,0.007333,-0.007333,0.020000,-0.020000,0.311127,0.110000,-0.000000,1
65,640000000,0.000000,0.000000,0.000000,0.000000,0.000000,0.007333,-0.000000,0.014667,-0.000000,0.014667,-0.000000,0.000000,0.000000,0.007333,-0.000000,0.014667,-0.000000,0.014667,-0.000000,0,-0.000000,0.014667,0.000000,0.007333,-0.007333,0.020000,-0.020000,0.311127,0.110000,-0.000000,1
65,680000000,0.000269,0.000013,-0.000237,0.006761,-0.005927,0.014667,-0.000000,0.022000,0.000047,0.022000,0.000047,0.006761,0.000000,0.014667,-0.000000,0.022000,0.000003,0.022000,0.000003,0,0.002241,0.022000,0.007333,0.007333,-0.007333,0.020000,-0.020000,0.311127,0.110000,0.000237,1
65,700000000,0.000523,0.000024,-0.000462,0.012693,-0.011273,0.022000,0.000047,0.029333,0.000123,0.029333,0.000123,0.012693,0.000000,0.022000,0.000003,0.029333,0.000007,0.029333,0.000007,0,0.004384,0.029333,0.014667,0.007336,-0.007331,0.020047,-0.019953,0.311127,0.110000,0.000462,1
65,740000000,0.001260,0.000055,-0.001174,0.023361,-0.023690,0.029333,0.000123,0.036667,0.000391,0.036667,0.000391,0.023361,0.000000,0.029333,0.000007,0.036667,0.000025,0.036667,0.000025,0,0.012222,0.036667,0.022000,0.007340,-0.007326,0.020123,-0.019877,0.311127,0.110000,0.001174,1
65,760000000,0.001801,0.000080,-0.001649,0.027045,-0.023732,0.036667,0.000391,0.044000,0.000659,0.044000,0.000659,0.027016,0.001255,0.036667,0.000025,0.044000,0.000041,0.044000,0.000041,0,0.016832,0.044000,0.029333,0.007358,-0.007309,0.020391,-0.019609,0.311127,0.110000,0.001649,1
65,800000000,0.003062,0.000135,-0.002762,0.033775,-0.029584,0.044000,0.000659,0.051333,0.001289,0.051333,0.001289,0.033739,0.001565,0.044000,0.000041,0.051333,0.000079,0.051333,0.000079,0,0.027818,0.051333,0.036667,0.007374,-0.007293,0.020659,-0.019341,0.311127,0.110000,0.002762,1
65,820000000,0.003793,0.000166,-0.003451,0.036608,-0.034447,0.051333,0.001289,0.058667,0.001840,0.058667,0.001840,0.036571,0.001636,0.051333,0.000079,0.058667,0.000114,0.058667,0.000114,0,0.035314,0.058667,0.044000,0.007412,-0.007255,0.021289,-0.018711,0.311127,0.110000,0.003451,1
65,860000000,0.005680,0.000245,-0.005092,0.047195,-0.041122,0.058667,0.001840,0.066000,0.003055,0.066000,0.003055,0.047145,0.002180,0.058667,0.000114,0.066000,0.000189,0.066000,0.000189,0,0.052017,0.066000,0.051333,0.007447,-0.007219,0.021840,-0.018160,0.311127,0.110000,0.005092,1
65,880000000,0.006736,0.000289,-0.006018,0.052840,-0.046273,0.066000,0.003055,0.073334,0.004012,0.073334,0.004012,0.052783,0.002459,0.066000,0.000189,0.073333,0.000249,0.073333,0.000249,0,0.061693,0.073333,0.058667,0.007522,-0.007145,0.023055,-0.016945,0.311127,0.110000,0.006018,1
65,920000000,0.009076,0.000380,-0.008078,0.063205,-0.055962,0.073334,0.004012,0.080668,0.005924,0.080668,0.005924,0.063137,0.002929,0.073333,0.000249,0.080667,0.000373,0.080667,0.000373,0,0.084119,0.080667,0.066000,0.007582,-0.007085,0.024012,-0.015988,0.311127,0.110001,0.008078,1
65,940000000,0.010418,0.000430,-0.009231,0.067195,-0.057677,0.080668,0.005924,0.088001,0.006714,0.088001,0.006714,0.067124,0.003093,0.080667,0.000373,0.088000,0.000500,0.088000,0.000500,0,0.093872,0.088000,0.073333,0.007707,-0.006960,0.025924,-0.014076,0.311127,0.121001,0.009231,1
65,980000000,0.013281,0.000530,-0.011679,0.073766,-0.062644,0.088001,0.006714,0.095336,0.008435,0.095336,0.008435,0.073690,0.003359,0.088000,0.000500,0.095333,0.000730,0.095333,0.000730,0,0.116076,0.095333,0.080667,0.007833,-0.006834,0.026714,-0.013286,0.311127,0.132002,0.011679,1
66,0,0.014804,0.000582,-0.013002,0.076194,-0.066156,0.095336,0.008435,0.102671,0.009335,0.102671,0.009335,0.076112,0.003528,0.095333,0.000730,0.102667,0.000917,0.102667,0.000917,0,0.124918,0.102667,0.088000,0.008064,-0.006603,0.028435,-0.011565,0.311127,0.143004,0.013002,1
66,40000000,0.018280,0.000692,-0.015949,0.086896,-0.073938,0.102671,0.009335,0.110007,0.011393,0.110007,0.011393,0.086805,0.003963,0.102667,0.000917,0.110000,0.001260,0.110000,0.001260,0,0.148772,0.110000,0.095333,0.008250,-0.006416,0.029335,-0.010665,0.311127,0.154006,0.015949,1
66,60000000,0.020129,0.000746,-0.017536,0.092461,-0.079318,0.110007,0.011393,0.117343,0.012470,0.117343,0.012470,0.092364,0.004244,0.110000,0.001260,0.117333,0.001527,0.117333,0.001527,0,0.157757,0.117333,0.102667,0.008594,-0.006073,0.031393,-0.008607,0.311127,0.165011,0.017536,1
66,100000000,0.024121,0.000853,-0.020975,0.105873,-0.090576,0.117343,0.012470,0.124683,0.014858,0.124683,0.014858,0.105753,0.005035,0.117333,0.001527,0.124667,0.002011,0.124667,0.002011,0,0.183231,0.124667,0.110000,0.008861,-0.005806,0.032470,-0.007530,0.311127,0.176015,0.020975,1
66,120000000,0.026250,0.000904,-0.022799,0.106456,-0.091207,0.124683,0.014858,0.132021,0.016094,0.132021,0.016094,0.106344,0.004874,0.124667,0.002011,0.132000,0.002372,0.132000,0.002372,0,0.192102,0.132000,0.117333,0.009344,-0.005323,0.034858,-0.005142,0.311127,0.187024,0.022799,1
66,160000000,0.030719,0.000997,-0.026622,0.112851,-0.096489,0.132021,0.016094,0.139366,0.018735,0.139366,0.018735,0.112736,0.005097,0.132000,0.002372,0.139333,0.003008,0.139333,0.003008,0,0.218000,0.139333,0.124667,0.009705,-0.004962,0.036094,-0.003906,0.311127,0.198032,0.026622,1
66,180000000,0.033006,0.001034,-0.028595,0.114393,-0.098665,0.139366,0.018735,0.146708,0.020068,0.146708,0.020068,0.114282,0.005031,0.139333,0.003008,0.146667,0.003469,0.146667,0.003469,0,0.226218,0.146667,0.132000,0.010342,-0.004325,0.038735,-0.001265,0.311127,0.209049,0.028595,1
66,220000000,0.037803,0.001088,-0.032775,0.120626,-0.106032,0.146708,0.020068,0.154060,0.022945,0.154060,0.022945,0.120523,0.004982,0.146667,0.003469,0.154000,0.004287,0.154000,0.004287,0,0.252903,0.154000,0.139333,0.010802,-0.003864,0.040068,0.000068,0.311127,0.220062,0.032775,1
66,240000000,0.040447,0.001117,-0.035041,0.132216,-0.113287,0.154060,0.022945,0.161407,0.024475,0.161407,0.024475,0.132083,0.005925,0.154000,0.004287,0.161333,0.004875,0.161333,0.004875,0,0.261406,0.161333,0.146667,0.011620,-0.003046,0.042945,0.002945,0.311127,0.231089,0.035041,1
66,280000000,0.045831,0.001142,-0.039663,0.137035,-0.117294,0.161407,0.024475,0.168770,0.027648,0.168770,0.027648,0.136910,0.005858,0.161333,0.004875,0.168667,0.005897,0.168667,0.005897,0,0.288630,0.168667,0.154000,0.012208,-0.002458,0.044475,0.004475,0.311127,0.242110,0.039663,1
66,320000000,0.051545,0.001136,-0.044562,0.147116,-0.126505,0.168770,0.027648,0.176141,0.031006,0.176141,0.031006,0.146989,0.006117,0.168667,0.005897,0.176000,0.007057,0.176000,0.007057,0,0.316503,0.176000,0.161333,0.013230,-0.001436,0.047648,0.007648,0.311127,0.253155,0.044562,1
66,340000000,0.054578,0.001126,-0.047117,0.151691,-0.127733,0.176141,0.031006,0.183502,0.032724,0.183502,0.032724,0.151555,0.006439,0.176000,0.007057,0.183333,0.007862,0.183333,0.007862,0,0.324304,0.183333,0.168667,0.014390,-0.000277,0.051006,0.011006,0.311127,0.264212,0.047117,1
66,380000000,0.060816,0.001071,-0.052319,0.158297,-0.131250,0.183502,0.032724,0.190890,0.036284,0.190890,0.036284,0.158163,0.006500,0.183333,0.007862,0.190667,0.009241,0.190667,0.009241,0,0.351733,0.190667,0.176000,0.015195,0.000528,0.052724,0.012724,0.311127,0.275253,0.052319,1
66,400000000,0.064027,0.001022,-0.055005,0.160579,-0.134295,0.190890,0.036284,0.198262,0.038086,0.198262,0.038086,0.160461,0.006155,0.190667,0.009241,0.198000,0.010193,0.198000,0.010193,0,0.359116,0.198000,0.183333,0.016574,0.001907,0.056284,0.016284,0.311127,0.286336,0.055005,1
66,440000000,0.070895,0.000912,-0.060558,0.171783,-0.138558,0.198262,0.038086,0.205673,0.041881,0.205673,0.041881,0.171648,0.006810,0.198000,0.010193,0.205333,0.011818,0.205333,0.011818,0,0.386430,0.205333,0.190667,0.017527,0.002860,0.058086,0.018086,0.311127,0.297393,0.060558,1
66,460000000,0.074437,0.000830,-0.063395,0.177144,-0.141817,0.205673,0.041881,0.213059,0.043781,0.213059,0.043781,0.177008,0.006919,0.205333,0.011818,0.212667,0.012926,0.212667,0.012926,0,0.393289,0.212667,0.198000,0.019151,0.004485,0.061881,0.021881,0.311127,0.308510,0.063395,1
66,500000000,0.081651,0.000613,-0.069075,0.182052,-0.142198,0.213059,0.043781,0.220497,0.047658,0.220497,0.047658,0.181933,0.006598,0.212667,0.012926,0.220000,0.014797,0.220000,0.014797,0,0.419952,0.220000,0.205333,0.020259,0.005592,0.063781,0.023781,0.311127,0.319589,0.069075,1
66,540000000,0.089230,0.000352,-0.074826,0.190687,-0.143576,0.220497,0.047658,0.220600,0.050020,0.220600,0.050020,0.190562,0.006895,0.220000,0.014797,0.220000,0.016256,0.220000,0.016256,0,0.446612,0.220000,0.212667,0.022130,0.007463,0.067658,0.027658,0.311127,0.330000,0.074826,1
66,560000000,0.093089,0.000209,-0.077648,0.193041,-0.141136,0.220600,0.050020,0.220654,0.051920,0.220654,0.051920,0.192893,0.007547,0.220000,0.016256,0.220000,0.016977,0.220000,0.016977,0,0.466306,0.220000,0.212667,0.023590,0.008923,0.070020,0.030020,0.311127,0.330000,0.077648,1
66,600000000,0.100972,-0.000113,-0.083196,0.198641,-0.136750,0.220654,0.051920,0.220770,0.055658,0.220770,0.055658,0.198454,0.008614,0.220000,0.016977,0.220000,0.018421,0.220000,0.018421,0,0.505698,0.220000,0.212667,0.024311,0.009644,0.071920,0.031920,0.311127,0.330000,0.083196,1
66,620000000,0.105000,-0.000289,-0.085902,0.201600,-0.135275,0.220770,0.055658,0.220831,0.057484,0.220831,0.057484,0.201432,0.008237,0.220000,0.018421,0.220000,0.019139,0.220000,0.019139,0,0.525268,0.220000,0.212667,0.025754,0.011088,0.075658,0.035658,0.311127,0.330000,0.085902,1
66,660000000,0.113101,-0.000660,-0.091049,0.203045,-0.126379,0.220831,0.057484,0.220956,0.060963,0.220956,0.060963,0.202852,0.008854,0.220000,0.019139,0.220000,0.020530,0.220000,0.020530,0,0.563122,0.220000,0.212667,0.026473,0.011806,0.077484,0.037484,0.311127,0.330000,0.091049,1
66,680000000,0.117170,-0.000866,-0.093502,0.203709,-0.122645,0.220956,0.060963,0.221020,0.062624,0.221020,0.062624,0.203531,0.008509,0.220000,0.020530,0.220000,0.021213,0.220000,0.021213,0,0.581691,0.220000,0.212667,0.027863,0.013197,0.080963,0.040963,0.311127,0.330000,0.093502,1
66,720000000,0.125348,-0.001253,-0.098053,0.205022,-0.112068,0.221020,0.062624,0.221146,0.065709,0.221146,0.065709,0.204786,0.009833,0.220000,0.021213,0.220000,0.022485,0.220000,0.022485,0,0.616215,0.220000,0.212667,0.028547,0.013880,0.082624,0.042624,0.311127,0.330000,0.098053,1
66,740000000,0.129458,-0.001460,-0.100196,0.205711,-0.107133,0.221146,0.065709,0.221209,0.067165,0.221209,0.067165,0.205463,0.010096,0.220000,0.022485,0.220000,0.023101,0.220000,0.023101,0,0.632898,0.220000,0.212667,0.029818,0.015152,0.085709,0.045709,0.311127,0.330000,0.100196,1
66,780000000,0.137715,-0.001887,-0.104221,0.207050,-0.097746,0.221209,0.067165,0.221336,0.069903,0.221336,0.069903,0.206760,0.010941,0.220000,0.023101,0.220000,0.024285,0.220000,0.024285,0,0.664964,0.220000,0.212667,0.030434,0.015767,0.087165,0.047165,0.311127,0.330000,0.104221,1
66,820000000,0.146027,-0.002303,-0.107826,0.208390,-0.087724,0.221336,0.069903,0.221458,0.072360,0.221458,0.072360,0.208047,0.011957,0.220000,0.024285,0.220000,0.025369,0.220000,0.025369,0,0.694259,0.220000,0.212667,0.031618,0.016951,0.089903,0.049903,0.311127,0.330000,0.107826,1
66,840000000,0.150203,-0.002507,-0.109484,0.209037,-0.082902,0.221458,0.072360,0.221517,0.073492,0.221517,0.073492,0.208661,0.012536,0.220000,0.025369,0.220000,0.025876,0.220000,0.025876,0,0.707956,0.220000,0.212667,0.032702,0.018035,0.092360,0.052360,0.311127,0.330000,0.109484,1
66,880000000,0.158593,-0.002909,-0.112508,0.210315,-0.072577,0.221517,0.073492,0.221629,0.075561,0.221629,0.075561,0.209849,0.013995,0.220000,0.025876,0.220000,0.026823,0.220000,0.026823,0,0.733484,0.220000,0.212667,0.033209,0.018543,0.093492,0.053492,0.311127,0.330000,0.112508,1
66,900000000,0.162807,-0.003104,-0.113883,0.210916,-0.068702,0.221629,0.075561,0.221683,0.076502,0.221683,0.076502,0.210444,0.014106,0.220000,0.026823,0.220000,0.027262,0.220000,0.027262,0,0.745312,0.220000,0.212667,0.034156,0.019489,0.095561,0.055561,0.311127,0.330000,0.113883,1
66,940000000,0.171271,-0.003483,-0.116348,0.212092,-0.059517,0.221683,0.076502,0.221783,0.078194,0.221783,0.078194,0.211551,0.015131,0.220000,0.027262,0.220000,0.028069,0.220000,0.028069,0,0.767041,0.220000,0.212667,0.034595,0.019928,0.096502,0.056502,0.311127,0.330000,0.116348,1
66,960000000,0.175520,-0.003669,-0.117455,0.212639,-0.055343,0.221783,0.078194,0.221831,0.078955,0.221831,0.078955,0.212069,0.015559,0.220000,0.028069,0.220000,0.028443,0.220000,0.028443,0,0.777081,0.220000,0.212667,0.035403,0.020736,0.098194,0.058194,0.311127,0.330000,0.117455,1
67,0,0.184049,-0.004040,-0.119423,0.213683,-0.047182,0.221831,0.078955,0.221921,0.080310,0.221921,0.080310,0.213067,0.016217,0.220000,0.028443,0.220000,0.029135,0.220000,0.029135,0,0.795667,0.220000,0.212667,0.035776,0.021109,0.098955,0.058955,0.311127,0.330000,0.119423,1
67,20000000,0.188330,-0.004207,-0.120269,0.214187,-0.042294,0.221921,0.080310,0.221961,0.080894,0.221961,0.080894,0.213485,0.017324,0.220000,0.029135,0.220000,0.029437,0.220000,0.029437,0,0.803784,0.220000,0.212667,0.036468,0.021802,0.100310,0.060310,0.311127,0.330000,0.120269,1
67,60000000,0.196919,-0.004530,-0.121723,0.215118,-0.034204,0.221961,0.080894,0.222034,0.081898,0.222034,0.081898,0.214336,0.018330,0.220000,0.029437,0.220000,0.029982,0.220000,0.029982,0,0.818396,0.220000,0.212667,0.036771,0.022104,0.100894,0.060894,0.311127,0.330000,0.121723,1
67,80000000,0.201227,-0.004683,-0.122337,0.215534,-0.030700,0.222034,0.081898,0.222066,0.082324,0.222066,0.082324,0.214731,0.018592,0.220000,0.029982,0.220000,0.030224,0.220000,0.030224,0,0.824882,0.220000,0.212667,0.037316,0.022649,0.101898,0.061898,0.311127,0.330000,0.122337,1
67,120000000,0.209869,-0.004958,-0.123320,0.216352,-0.022915,0.222066,0.082324,0.222122,0.083007,0.222122,0.083007,0.215445,0.019796,0.220000,0.030224,0.220000,0.030632,0.220000,0.030632,0,0.835793,0.220000,0.212667,0.037558,0.022891,0.102324,0.062324,0.311127,0.330000,0.123320,1
67,140000000,0.214201,-0.005089,-0.123710,0.216715,-0.019493,0.222122,0.083007,0.222147,0.083278,0.222147,0.083278,0.215771,0.020207,0.220000,0.030632,0.220000,0.030808,0.220000,0.030808,0,0.840511,0.220000,0.212667,0.037965,0.023299,0.103007,0.063007,0.311127,0.330000,0.123710,1
67,180000000,0.222887,-0.005339,-0.124290,0.217389,-0.012872,0.222147,0.083278,0.222188,0.083684,0.222188,0.083684,0.216386,0.020856,0.220000,0.030808,0.220000,0.031108,0.220000,0.031108,0,0.848535,0.220000,0.212667,0.038142,0.023475,0.103278,0.063278,0.311127,0.330000,0.124290,1
67,200000000,0.227240,-0.005449,-0.124479,0.217714,-0.009456,0.222188,0.083684,0.222205,0.083818,0.222205,0.083818,0.216644,0.021563,0.220000,0.031108,0.220000,0.031225,0.220000,0.031225,0,0.851665,0.220000,0.212667,0.038442,0.023775,0.103684,0.063684,0.311127,0.330000,0.124479,1
67,240000000,0.235963,-0.005653,-0.124673,0.218290,-0.003349,0.222205,0.083818,0.222231,0.083958,0.222231,0.083958,0.217148,0.022298,0.220000,0.031225,0.220000,0.031408,0.220000,0.031408,0,0.856548,0.220000,0.212667,0.038559,0.023892,0.103818,0.063818,0.311127,0.330000,0.124673,1
67,280000000,0.244708,-0.005832,-0.124638,0.218796,0.002292,0.222231,0.083958,0.222247,0.083941,0.222247,0.083941,0.217590,0.022947,0.220000,0.031408,0.220000,0.031521,0.220000,0.031521,0,0.859581,0.220000,0.212667,0.038741,0.024075,0.103958,0.063958,0.311127,0.330000,0.124638,1
67,300000000,0.249088,-0.005911,-0.124539,0.219023,0.004951,0.222247,0.083941,0.222251,0.083876,0.222251,0.083876,0.217781,0.023299,0.220000,0.031521,0.220000,0.031553,0.220000,0.031553,0,0.860421,0.220000,0.212667,0.038855,0.024188,0.103941,0.063941,0.311127,0.330000,0.124539,1
67,340000000,0.257860,-0.006051,-0.124190,0.219439,0.009980,0.222251,0.083876,0.222254,0.083642,0.222254,0.083642,0.218139,0.023845,0.220000,0.031553,0.220000,0.031570,0.220000,0.031570,0,0.860874,0.220000,0.212667,0.038886,0.024220,0.103876,0.063876,0.311127,0.330000,0.124190,1
67,360000000,0.262252,-0.006112,-0.123944,0.219621,0.012327,0.222254,0.083642,0.222252,0.083475,0.222252,0.083475,0.218294,0.024108,0.220000,0.031570,0.220000,0.031557,0.220000,0.031557,0,0.860518,0.220000,0.212667,0.038903,0.024236,0.103642,0.063642,0.311127,0.330000,0.123944,1
67,400000000,0.271047,-0.006219,-0.123322,0.219957,0.016707,0.222252,0.083475,0.222242,0.083052,0.222242,0.083052,0.218582,0.024561,0.220000,0.031557,0.220000,0.031489,0.220000,0.031489,0,0.858719,0.220000,0.212667,0.038890,0.024223,0.103475,0.063475,0.311127,0.330000,0.123322,1
67,420000000,0.275449,-0.006264,-0.122947,0.220105,0.018752,0.222242,0.083052,0.222235,0.082797,0.222235,0.082797,0.218705,0.024786,0.220000,0.031489,0.220000,0.031436,0.220000,0.031436,0,0.857291,0.220000,0.212667,0.038823,0.024156,0.103052,0.063052,0.311127,0.330000,0.122947,1
67,460000000,0.284261,-0.006339,-0.122078,0.220369,0.022565,0.222235,0.082797,0.222214,0.082205,0.222214,0.082205,0.218935,0.025099,0.220000,0.031436,0.220000,0.031292,0.220000,0.031292,0,0.853444,0.220000,0.212667,0.038769,0.024102,0.102797,0.062797,0.311127,0.330000,0.122078,1
67,480000000,0.288670,-0.006369,-0.121591,0.220486,0.024359,0.222214,0.082205,0.222202,0.081872,0.222202,0.081872,0.219031,0.025284,0.220000,0.031292,0.220000,0.031203,0.220000,0.031203,0,0.851073,0.220000,0.212667,0.038625,0.023959,0.102205,0.062205,0.311127,0.330000,0.121591,1
67,520000000,0.297496,-0.006416,-0.120515,0.220692,0.027676,0.222202,0.081872,0.222172,0.081137,0.222172,0.081137,0.219213,0.025511,0.220000,0.031203,0.220000,0.030993,0.220000,0.030993,0,0.845466,0.220000,0.212667,0.038536,0.023870,0.101872,0.061872,0.311127,0.330000,0.120515,1
67,560000000,0.306328,-0.006447,-0.119322,0.220852,0.030335,0.222172,0.081137,0.222138,0.080321,0.222138,0.080321,0.219359,0.025629,0.220000,0.030993,0.220000,0.030747,0.220000,0.030747,0,0.838863,0.220000,0.212667,0.038327,0.023660,0.101137,0.061137,0.311127,0.330000,0.119322,1
67,580000000,0.310747,-0.006456,-0.118681,0.220938,0.032013,0.222138,0.080321,0.222119,0.079883,0.222119,0.079883,0.219430,0.025764,0.220000,0.030747,0.220000,0.030609,0.220000,0.030609,0,0.835189,0.220000,0.212667,0.038080,0.023413,0.100321,0.060321,0.311127,0.330000,0.118681,1
67,620000000,0.319588,-0.006463,-0.117329,0.221064,0.034495,0.222119,0.079883,0.222078,0.078958,0.222078,0.078958,0.219543,0.025890,0.220000,0.030609,0.220000,0.030311,0.220000,0.030311,0,0.827204,0.220000,0.212667,0.037943,0.023276,0.099883,0.059883,0.311127,0.330000,0.117329,1
67,640000000,0.324010,-0.006465,-0.116622,0.221103,0.035313,0.222078,0.078958,0.222057,0.078475,0.222057,0.078475,0.219600,0.025736,0.220000,0.030311,0.220000,0.030154,0.220000,0.030154,0,0.822986,0.220000,0.212667,0.037645,0.022978,0.098958,0.058958,0.311127,0.330000,0.116622,1
67,680000000,0.332857,-0.006454,-0.115141,0.221205,0.037642,0.222057,0.078475,0.222011,0.077462,0.222011,0.077462,0.219685,0.025887,0.220000,0.030154,0.220000,0.029815,0.220000,0.029815,0,0.813898,0.220000,0.212667,0.037487,0.022820,0.098475,0.058475,0.311127,0.330000,0.115141,1
67,700000000,0.337282,-0.006443,-0.114367,0.221249,0.038725,0.222011,0.077462,0.221987,0.076933,0.221987,0.076933,0.219728,0.025896,0.220000,0.029815,0.220000,0.029633,0.220000,0.029633,0,0.809037,0.220000,0.212667,0.037148,0.022481,0.097462,0.057462,0.311127,0.330000,0.114367,1
67,740000000,0.346134,-0.006406,-0.112757,0.221313,0.040507,0.221987,0.076933,0.221936,0.075833,0.221936,0.075833,0.219793,0.025899,0.220000,0.029633,0.220000,0.029248,0.220000,0.029248,0,0.798711,0.220000,0.212667,0.036967,0.022300,0.096933,0.056933,0.311127,0.330000,0.112757,1
67,760000000,0.350561,-0.006383,-0.111925,0.221353,0.041603,0.221936,0.075833,0.221909,0.075264,0.221909,0.075264,0.219825,0.025965,0.220000,0.029248,0.220000,0.029046,0.220000,0.029046,0,0.793288,0.220000,0.212667,0.036582,0.021915,0.095833,0.055833,0.311127,0.330000,0.111925,1
67,800000000,0.359416,-0.006336,-0.110236,0.221371,0.042612,0.221909,0.075264,0.221856,0.074111,0.221856,0.074111,0.219874,0.025699,0.220000,0.029046,0.220000,0.028637,0.220000,0.028637,0,0.782286,0.220000,0.212667,0.036380,0.021713,0.095264,0.055264,0.311127,0.330000,0.110236,1
67,820000000,0.363843,-0.006307,-0.109367,0.221397,0.043482,0.221856,0.074111,0.221828,0.073517,0.221828,0.073517,0.219899,0.025712,0.220000,0.028637,0.220000,0.028422,0.220000,0.028422,0,0.776523,0.220000,0.212667,0.035970,0.021303,0.094111,0.054111,0.311127,0.330000,0.109367,1
67,860000000,0.372700,-0.006238,-0.107586,0.221418,0.044816,0.221828,0.073517,0.221772,0.072302,0.221772,0.072302,0.219927,0.025655,0.220000,0.028422,0.220000,0.027977,0.220000,0.027977,0,0.764558,0.220000,0.212667,0.035755,0.021089,0.093517,0.053517,0.311127,0.330000,0.107586,1
67,900000000,0.381556,-0.006165,-0.105776,0.221431,0.045666,0.221772,0.072302,0.221715,0.071067,0.221715,0.071067,0.219967,0.025427,0.220000,0.027977,0.220000,0.027523,0.220000,0.027523,0,0.752346,0.220000,0.212667,0.035310,0.020644,0.092302,0.052302,0.311127,0.330000,0.105776,1
67,920000000,0.385984,-0.006127,-0.104862,0.221413,0.045735,0.221715,0.071067,0.221686,0.070444,0.221686,0.070444,0.219979,0.025158,0.220000,0.027523,0.220000,0.027293,0.220000,0.027293,0,0.746151,0.220000,0.212667,0.034856,0.020190,0.091067,0.051067,0.311127,0.330000,0.104862,1
67,960000000,0.394840,-0.006045,-0.103008,0.221383,0.046237,0.221686,0.070444,0.221629,0.069181,0.221629,0.069181,0.219992,0.024782,0.220000,0.027293,0.220000,0.026824,0.220000,0.026824,0,0.733518,0.220000,0.212667,0.034626,0.019960,0.090444,0.050444,0.311127,0.330000,0.103008,1
67,980000000,0.399268,-0.006003,-0.102076,0.221396,0.046604,0.221629,0.069181,0.221601,0.068546,0.221601,0.068546,0.220010,0.024730,0.220000,0.026824,0.220000,0.026588,0.220000,0.026588,0,0.727149,0.220000,0.212667,0.034157,0.019491,0.089181,0.049181,0.311127,0.330000,0.102076,1
68,20000000,0.408123,-0.005915,-0.100196,0.221379,0.047063,0.221601,0.068546,0.221544,0.067266,0.221544,0.067266,0.220026,0.024436,0.220000,0.026588,0.220000,0.026108,0.220000,0.026108,0,0.714230,0.220000,0.212667,0.033921,0.019254,0.088546,0.048546,0.311127,0.330000,0.100196,1
68,40000000,0.412550,-0.005869,-0.099249,0.221360,0.047353,0.221544,0.067266,0.221515,0.066622,0.221515,0.066622,0.220020,0.024320,0.220000,0.026108,0.220000,0.025866,0.220000,0.025866,0,0.707689,0.220000,0.212667,0.033442,0.018775,0.087266,0.047266,0.311127,0.330000,0.099249,1
68,80000000,0.421403,-0.005780,-0.097359,0.221344,0.047499,0.221515,0.066622,0.221460,0.065337,0.221460,0.065337,0.220042,0.023970,0.220000,0.025866,0.220000,0.025384,0.220000,0.025384,0,0.694682,0.220000,0.212667,0.033199,0.018533,0.086622,0.046622,0.311127,0.330000,0.097359,1
68,100000000,0.425829,-0.005731,-0.096407,0.221332,0.047626,0.221460,0.065337,0.221432,0.064690,0.221432,0.064690,0.220045,0.023832,0.220000,0.025384,0.220000,0.025139,0.220000,0.025139,0,0.688055,0.220000,0.212667,0.032718,0.018051,0.085337,0.045337,0.311127,0.330000,0.096407,1
68,140000000,0.434681,-0.005629,-0.094493,0.221280,0.047604,0.221432,0.064690,0.221376,0.063390,0.221376,0.063390,0.220040,0.023390,0.220000,0.025139,0.220000,0.024644,0.220000,0.024644,0,0.674666,0.220000,0.212667,0.032472,0.017806,0.084690,0.044690,0.311127,0.330000,0.094493,1
68,160000000,0.439107,-0.005578,-0.093539,0.221284,0.047701,0.221376,0.063390,0.221349,0.062742,0.221349,0.062742,0.220054,0.023300,0.220000,0.024644,0.220000,0.024397,0.220000,0.024397,0,0.667989,0.220000,0.212667,0.031977,0.017310,0.083390,0.043390,0.311127,0.330000,0.093539,1
68,200000000,0.447956,-0.005473,-0.091630,0.221249,0.047661,0.221349,0.062742,0.221295,0.061446,0.221295,0.061446,0.220057,0.022934,0.220000,0.024397,0.220000,0.023901,0.220000,0.023901,0,0.654579,0.220000,0.212667,0.031730,0.017063,0.082742,0.042742,0.311127,0.330000,0.091630,1
68,220000000,0.452381,-0.005416,-0.090670,0.221255,0.048025,0.221295,0.061446,0.221267,0.060795,0.221267,0.060795,0.220059,0.022976,0.220000,0.023901,0.220000,0.023649,0.220000,0.023649,0,0.647747,0.220000,0.212667,0.031234,0.016568,0.081446,0.041446,0.311127,0.330000,0.090670,1
68,260000000,0.461228,-0.005314,-0.088777,0.221194,0.047437,0.221267,0.060795,0.221216,0.059512,0.221216,0.059512,0.220059,0.022374,0.220000,0.023649,0.220000,0.023158,0.220000,0.023158,0,0.634468,0.220000,0.212667,0.030982,0.016315,0.080795,0.040795,0.311127,0.330000,0.088777,1
68,300000000,0.470074,-0.005199,-0.086875,0.221178,0.047619,0.221216,0.059512,0.221164,0.058223,0.221164,0.058223,0.220061,0.022207,0.220000,0.023158,0.220000,0.022658,0.220000,0.022658,0,0.620910,0.220000,0.212667,0.030492,0.015825,0.079512,0.039512,0.311127,0.330000,0.086875,1
68,320000000,0.474496,-0.005144,-0.085931,0.221117,0.047192,0.221164,0.058223,0.221139,0.057584,0.221139,0.057584,0.220039,0.021807,0.220000,0.022658,0.220000,0.022411,0.220000,0.022411,0,0.614215,0.220000,0.212667,0.029992,0.015325,0.078223,0.038223,0.311127,0.330000,0.085931,1
68,360000000,0.483339,-0.005039,-0.084068,0.221093,0.046671,0.221139,0.057584,0.221090,0.056323,0.221090,0.056323,0.220058,0.021373,0.220000,0.022411,0.220000,0.021927,0.220000,0.021927,0,0.601063,0.220000,0.212667,0.029745,0.015078,0.077584,0.037584,0.311127,0.330000,0.084068,1
68,380000000,0.487761,-0.004984,-0.083138,0.221076,0.046517,0.221090,0.056323,0.221066,0.055694,0.221066,0.055694,0.220057,0.021198,0.220000,0.021927,0.220000,0.021683,0.220000,0.021683,0,0.594444,0.220000,0.212667,0.029260,0.014593,0.076323,0.036323,0.311127,0.330000,0.083138,1
68,420000000,0.496602,-0.004869,-0.081281,0.221031,0.046092,0.221066,0.055694,0.221018,0.054438,0.221018,0.054438,0.220052,0.020781,0.220000,0.021683,0.220000,0.021193,0.220000,0.021193,0,0.581147,0.220000,0.212667,0.029016,0.014350,0.075694,0.035694,0.311127,0.330000,0.081281,1
68,460000000,0.505442,-0.004759,-0.079453,0.220992,0.045554,0.221018,0.054438,0.220973,0.053203,0.220973,0.053203,0.220053,0.020356,0.220000,0.021193,0.220000,0.020713,0.220000,0.020713,0,0.568098,0.220000,0.212667,0.028527,0.013860,0.074438,0.034438,0.311127,0.330000,0.079453,1
68,480000000,0.509861,-0.004703,-0.078545,0.220976,0.045383,0.220973,0.053203,0.220951,0.052590,0.220951,0.052590,0.220052,0.020192,0.220000,0.020713,0.220000,0.020474,0.220000,0.020474,0,0.561606,0.220000,0.212667,0.028046,0.013380,0.073203,0.033203,0.311127,0.330000,0.078545,1
68,520000000,0.518698,-0.004595,-0.076750,0.220917,0.044458,0.220951,0.052590,0.220908,0.051378,0.220908,0.051378,0.220048,0.019575,0.220000,0.020474,0.220000,0.020003,0.220000,0.020003,0,0.548791,0.220000,0.212667,0.027808,0.013141,0.072590,0.032590,0.311127,0.330000,0.076750,1
68,540000000,0.523116,-0.004540,-0.075859,0.220918,0.044571,0.220908,0.051378,0.220886,0.050776,0.220886,0.050776,0.220048,0.019584,0.220000,0.020003,0.220000,0.019768,0.220000,0.019768,0,0.542400,0.220000,0.212667,0.027337,0.012670,0.071378,0.031378,0.311127,0.330000,0.075859,1
68,580000000,0.531950,-0.004432,-0.074098,0.220879,0.043985,0.220886,0.050776,0.220845,0.049589,0.220845,0.049589,0.220045,0.019182,0.220000,0.019768,0.220000,0.019306,0.220000,0.019306,0,0.529800,0.220000,0.212667,0.027102,0.012435,0.070776,0.030776,0.311127,0.330000,0.074098,1
68,600000000,0.536367,-0.004376,-0.073222,0.220866,0.043803,0.220845,0.049589,0.220825,0.048998,0.220825,0.048998,0.220044,0.019042,0.220000,0.019306,0.220000,0.019074,0.220000,0.019074,0,0.523484,0.220000,0.212667,0.026639,0.011972,0.069589,0.029589,0.311127,0.330000,0.073222,1
68,640000000,0.545201,-0.004258,-0.071477,0.220844,0.043496,0.220825,0.048998,0.220786,0.047821,0.220786,0.047821,0.220042,0.018808,0.220000,0.019074,0.220000,0.018608,0.220000,0.018608,0,0.510784,0.220000,0.212667,0.026407,0.011740,0.068998,0.028998,0.311127,0.330000,0.071477,1
68,660000000,0.549616,-0.004203,-0.070622,0.220805,0.042758,0.220786,0.047821,0.220767,0.047245,0.220767,0.047245,0.220039,0.018375,0.220000,0.018608,0.220000,0.018382,0.220000,0.018382,0,0.504625,0.220000,0.212667,0.025941,0.011274,0.067821,0.027821,0.311127,0.330000,0.070622,1
68,700000000,0.558447,-0.004093,-0.068926,0.220769,0.042102,0.220767,0.047245,0.220730,0.046103,0.220730,0.046103,0.220037,0.017965,0.220000,0.018382,0.220000,0.017932,0.220000,0.017932,0,0.492368,0.220000,0.212667,0.025715,0.011048,0.067245,0.027245,0.311127,0.330000,0.068926,1
68,720000000,0.562862,-0.004037,-0.068086,0.220764,0.042027,0.220730,0.046103,0.220712,0.045537,0.220712,0.045537,0.220036,0.017907,0.220000,0.017932,0.220000,0.017708,0.220000,0.017708,0,0.486260,0.220000,0.212667,0.025266,0.010599,0.066103,0.026103,0.311127,0.330000,0.068086,1
68,760000000,0.571690,-0.003935,-0.066443,0.220717,0.041080,0.220712,0.045537,0.220677,0.044432,0.220677,0.044432,0.220033,0.017364,0.220000,0.017708,0.220000,0.017276,0.220000,0.017276,0,0.474472,0.220000,0.212667,0.025042,0.010375,0.065537,0.025537,0.311127,0.330000,0.066443,1
68,800000000,0.580517,-0.003826,-0.064811,0.220700,0.040741,0.220677,0.044432,0.220644,0.043334,0.220644,0.043334,0.220031,0.017164,0.220000,0.017276,0.220000,0.016842,0.220000,0.016842,0,0.462608,0.220000,0.212667,0.024610,0.009943,0.064432,0.024432,0.311127,0.330000,0.064811,1
68,820000000,0.584930,-0.003771,-0.064003,0.220666,0.040425,0.220644,0.043334,0.220627,0.042790,0.220627,0.042790,0.220015,0.016941,0.220000,0.016842,0.220000,0.016626,0.220000,0.016626,0,0.456713,0.220000,0.212667,0.024175,0.009508,0.063334,0.023334,0.311127,0.330000,0.064003,1
68,860000000,0.593755,-0.003672,-0.062430,0.220635,0.039319,0.220627,0.042790,0.220597,0.041733,0.220597,0.041733,0.220026,0.016382,0.220000,0.016626,0.220000,0.016212,0.220000,0.016212,0,0.445405,0.220000,0.212667,0.023959,0.009293,0.062790,0.022790,0.311127,0.330000,0.062430,1
68,880000000,0.598167,-0.003621,-0.061650,0.220621,0.038992,0.220597,0.041733,0.220581,0.041209,0.220581,0.041209,0.220025,0.016205,0.220000,0.016212,0.220000,0.016005,0.220000,0.016005,0,0.439760,0.220000,0.212667,0.023545,0.008879,0.061733,0.021733,0.311127,0.330000,0.061650,1
68,920000000,0.606991,-0.003516,-0.060102,0.220590,0.038462,0.220581,0.041209,0.220552,0.040168,0.220552,0.040168,0.220016,0.015907,0.220000,0.016005,0.220000,0.015592,0.220000,0.015592,0,0.428468,0.220000,0.212667,0.023339,0.008672,0.061209,0.021209,0.311127,0.330000,0.060102,1
68,940000000,0.611402,-0.003467,-0.059344,0.220576,0.037876,0.220552,0.040168,0.220538,0.039660,0.220538,0.039660,0.220022,0.015619,0.220000,0.015592,0.220000,0.015392,0.220000,0.015392,0,0.422985,0.220000,0.212667,0.022926,0.008259,0.060168,0.020168,0.311127,0.330000,0.059344,1
68,980000000,0.620224,-0.003368,-0.057850,0.220547,0.037143,0.220538,0.039660,0.220510,0.038656,0.220510,0.038656,0.220020,0.015239,0.220000,0.015392,0.220000,0.014996,0.220000,0.014996,0,0.412152,0.220000,0.212667,0.022725,0.008059,0.059660,0.019660,0.311127,0.330000,0.057850,1
69,0,0.624634,-0.003320,-0.057112,0.220521,0.036907,0.220510,0.038656,0.220497,0.038161,0.220497,0.038161,0.220005,0.015083,0.220000,0.014996,0.220000,0.014800,0.220000,0.014800,0,0.406800,0.220000,0.212667,0.022329,0.007663,0.058656,0.018656,0.311127,0.330000,0.057112,1
69,40000000,0.633443,-0.003215,-0.055548,0.220280,0.039973,0.220497,0.038161,0.220470,0.037111,0.220470,0.037111,0.219761,0.015104,0.220000,0.014800,0.220000,0.014385,0.220000,0.014385,0,0.395425,0.220000,0.212667,0.022134,0.007467,0.058161,0.018161,0.311127,0.330000,0.055548,1
69,60000000,0.637853,-0.003155,-0.054721,0.220503,0.041360,0.220470,0.037111,0.220455,0.036556,0.220455,0.036556,0.219983,0.015141,0.220000,0.014385,0.220000,0.014162,0.220000,0.014162,0,0.389321,0.220000,0.212667,0.021718,0.007051,0.057111,0.017111,0.311127,0.330000,0.054721,1
69,100000000,0.646671,-0.003032,-0.053089,0.220480,0.040252,0.220455,0.036556,0.220427,0.035461,0.220427,0.035461,0.219984,0.014775,0.220000,0.014162,0.220000,0.013718,0.220000,0.013718,0,0.377184,0.220000,0.212667,0.021495,0.006828,0.056556,0.016556,0.311127,0.330000,0.053089,1
69,140000000,0.655489,-0.002919,-0.051534,0.220447,0.038600,0.220427,0.035461,0.220402,0.034418,0.220402,0.034418,0.219987,0.014233,0.220000,0.013718,0.220000,0.013300,0.220000,0.013300,0,0.365712,0.220000,0.212667,0.021052,0.006385,0.055461,0.015461,0.311127,0.330000,0.051534,1
69,160000000,0.659897,-0.002865,-0.050779,0.220430,0.037724,0.220402,0.034418,0.220390,0.033913,0.220390,0.033913,0.219988,0.013943,0.220000,0.013300,0.220000,0.013097,0.220000,0.013097,0,0.360164,0.220000,0.212667,0.020633,0.005966,0.054418,0.014418,0.311127,0.330000,0.050779,1
69,200000000,0.668713,-0.002762,-0.049310,0.220391,0.035640,0.220390,0.033913,0.212745,0.053913,0.212745,0.053913,0.219991,0.013263,0.220000,0.013097,0.212667,0.005764,0.212667,0.005764,0,0.349372,0.220000,0.212667,0.020430,0.005764,0.053913,0.013913,0.311127,0.330000,1.620106,1
69,220000000,0.673120,-0.002711,-0.048595,0.220391,0.035741,0.212745,0.053913,0.205337,0.073913,0.205337,0.073913,0.219991,0.013274,0.212667,0.005764,0.205333,0.001237,0.205333,0.001237,0,0.357619,0.220000,0.205333,0.013097,-0.001570,0.073913,0.033913,0.311127,0.319117,1.619392,1
69,260000000,0.681693,-0.002812,-0.046422,0.212734,0.058388,0.205337,0.073913,0.212839,0.053913,0.212839,0.053913,0.212644,0.006193,0.205333,0.001237,0.212667,0.008571,0.212667,0.008571,0,0.360544,0.212667,0.198000,0.008571,-0.006096,0.093913,0.053913,0.311127,0.308006,0.046422,1
69,300000000,0.690024,-0.003044,-0.043560,0.205306,0.081387,0.212839,0.053913,0.205423,0.073913,0.205423,0.073913,0.205297,0.001959,0.212667,0.008571,0.205333,0.006064,0.205333,0.006064,0,1.763070,0.220000,0.205333,0.015904,0.001237,0.073913,0.033913,0.311127,0.319259,1.614356,1
69,320000000,0.694128,-0.003174,-0.041962,0.205319,0.079890,0.205423,0.073913,0.198039,0.093913,0.198039,0.093913,0.205306,0.002292,0.205333,0.006064,0.198000,0.003934,0.198000,0.003934,0,1.054652,0.212667,0.198000,0.013398,-0.001269,0.093913,0.053913,0.311127,0.308134,1.612759,1
69,360000000,0.702344,-0.003257,-0.038932,0.205421,0.075583,0.198039,0.093913,0.190671,0.113913,0.190671,0.113913,0.205328,0.006176,0.198000,0.003934,0.190667,0.001327,0.190667,0.001327,0,0.335808,0.205333,0.190667,0.011268,-0.003399,0.113913,0.073913,0.311127,0.297059,1.609728,1
69,380000000,0.706350,-0.003315,-0.037130,0.200294,0.090114,0.190671,0.113913,0.183339,0.133913,0.183339,0.133913,0.200238,0.004741,0.190667,0.001327,0.183333,0.001398,0.183333,0.001398,0,0.340557,0.198000,0.183333,0.008660,-0.006006,0.133913,0.093913,0.311127,0.286007,1.607926,1
69,420000000,0.714188,-0.003437,-0.033089,0.193931,0.105514,0.183339,0.133913,0.190866,0.113913,0.190866,0.113913,0.193899,0.003541,0.183333,0.001398,0.190667,0.008731,0.190667,0.008731,0,0.331409,0.190667,0.176000,0.008731,-0.005935,0.153913,0.113913,0.311127,0.275008,0.033089,1
69,440000000,0.717854,-0.003519,-0.030639,0.183331,0.122494,0.190866,0.113913,0.183424,0.133913,0.183424,0.133913,0.183323,0.001696,0.190667,0.008731,0.183333,0.005755,0.183333,0.005755,0,1.395962,0.198000,0.183333,0.016065,0.001398,0.133913,0.093913,0.311127,0.286300,1.601436,1
69,480000000,0.725354,-0.003495,-0.025942,0.190400,0.114811,0.183424,0.133913,0.176020,0.153913,0.176020,0.153913,0.190199,0.008744,0.183333,0.005755,0.176000,0.002635,0.176000,0.002635,0,0.621573,0.190667,0.176000,0.013088,-0.001579,0.153913,0.113913,0.311127,0.275135,1.596738,1
69,500000000,0.729138,-0.003421,-0.023555,0.189243,0.119305,0.176020,0.153913,0.168671,0.173913,0.168671,0.173913,0.189058,0.008368,0.176000,0.002635,0.168667,0.001188,0.168667,0.001188,0,0.276517,0.183333,0.168667,0.009969,-0.004698,0.173913,0.133913,0.311127,0.264030,1.594352,1
69,540000000,0.736179,-0.003462,-0.017976,0.176020,0.139261,0.168671,0.173913,0.176099,0.153913,0.176099,0.153913,0.176001,0.002569,0.168667,0.001188,0.176000,0.005891,0.176000,0.005891,0,0.250233,0.176000,0.161333,0.008521,-0.006146,0.193913,0.153913,0.311127,0.253006,0.017976,1
69,560000000,0.739597,-0.003486,-0.014835,0.170891,0.157032,0.176099,0.153913,0.168772,0.173913,0.168772,0.173913,0.170884,0.001587,0.176000,0.005891,0.168667,0.005964,0.168667,0.005964,0,1.380967,0.183333,0.168667,0.013224,-0.001442,0.173913,0.133913,0.311127,0.264148,1.585631,1
69,600000000,0.746344,-0.003493,-0.008232,0.168686,0.165658,0.168772,0.173913,0.161335,0.193913,0.161335,0.193913,0.168669,0.002369,0.168667,0.005964,0.161333,0.000757,0.161333,0.000757,0,0.174026,0.176000,0.161333,0.013297,-0.001370,0.193913,0.153913,0.311127,0.253158,1.579028,1
69,640000000,0.753092,-0.003312,-0.001474,0.168754,0.168747,0.161335,0.193913,0.154001,0.213913,0.154001,0.213913,0.168671,0.005297,0.161333,0.000757,0.154000,0.000542,0.154000,0.000542,0,0.125279,0.168667,0.154000,0.008090,-0.006577,0.213913,0.173913,0.311127,0.242003,1.572271,1
69,660000000,0.756333,-0.003286,0.002369,0.162089,0.192166,0.154001,0.213913,0.146677,0.193913,0.146677,0.193913,0.162084,0.001181,0.154000,0.000542,0.146667,0.001715,0.146667,0.001715,0,0.102657,0.161333,0.146667,0.007875,-0.006792,0.233913,0.193913,0.311127,0.231001,-0.002369,1
69,700000000,0.762557,-0.003214,0.010050,0.149923,0.190961,0.146677,0.193913,0.139335,0.173913,0.139335,0.173913,0.149919,0.001088,0.146667,0.001715,0.139333,0.000598,0.139333,0.000598,0,0.041442,0.154000,0.139333,0.009049,-0.005618,0.213913,0.173913,0.311127,0.220015,-0.010050,1
69,720000000,0.765489,-0.003153,0.013866,0.146669,0.190822,0.139335,0.173913,0.132000,0.153913,0.132000,0.153913,0.146664,0.001267,0.139333,0.000598,0.132000,0.000148,0.132000,0.000148,0,0.011680,0.146667,0.132000,0.007931,-0.006736,0.193913,0.153913,0.311127,0.209002,-0.013866,1
69,760000000,0.771150,-0.003032,0.020953,0.139328,0.171120,0.132000,0.153913,0.124668,0.133913,0.124668,0.133913,0.139328,0.000000,0.132000,0.000148,0.124667,-0.000617,0.124667,-0.000617,0,-0.056990,0.139333,0.124667,0.007481,-0.007185,0.173913,0.133913,0.311127,0.198000,-0.020953,1
69,780000000,0.773855,-0.002970,0.024254,0.135251,0.165013,0.124668,0.133913,0.117336,0.113913,0.117336,0.113913,0.135251,0.000000,0.124667,-0.000617,0.117333,-0.000844,0.117333,-0.000844,0,-0.089513,0.132000,0.117333,0.006717,-0.007950,0.153913,0.113913,0.311127,0.187002,-0.024254,1
69,820000000,0.778840,-0.002871,0.030121,0.124659,0.146541,0.117336,0.113913,0.110007,0.093913,0.110007,0.093913,0.124659,0.000000,0.117333,-0.000844,0.110000,-0.001260,0.110000,-0.001260,0,-0.156901,0.124667,0.110000,0.006489,-0.008178,0.133913,0.093913,0.311127,0.176005,-0.030121,1
69,840000000,0.781202,-0.002819,0.032608,0.118099,0.124358,0.110007,0.093913,0.102675,0.073913,0.102675,0.073913,0.118094,-0.001105,0.110000,-0.001260,0.102667,-0.001316,0.102667,-0.001316,0,-0.188166,0.117333,0.102667,0.006073,-0.008593,0.113913,0.073913,0.311127,0.165011,-0.032608,1
69,880000000,0.785665,-0.002714,0.037093,0.105911,0.102781,0.102675,0.073913,0.095345,0.053913,0.095345,0.053913,0.105902,-0.001397,0.102667,-0.001316,0.095333,-0.001516,0.095333,-0.001516,0,-0.252846,0.110000,0.095333,0.006017,-0.008649,0.093913,0.053913,0.311127,0.154013,-0.037093,1
69,900000000,0.787718,-0.002667,0.039032,0.102671,0.096954,0.095345,0.053913,0.088013,0.033913,0.088013,0.033913,0.102659,-0.001569,0.095333,-0.001516,0.088000,-0.001494,0.088000,-0.001494,0,-0.285046,0.102667,0.088000,0.005818,-0.008849,0.073913,0.033913,0.311127,0.143018,-0.039032,1
69,940000000,0.791575,-0.002578,0.042070,0.095342,0.072127,0.088013,0.033913,0.080682,0.013913,0.080682,0.013913,0.095326,-0.001737,0.088000,-0.001494,0.080667,-0.001560,0.080667,-0.001560,0,-0.341476,0.095333,0.080667,0.005839,-0.008827,0.053913,0.013913,0.311127,0.132019,-0.042070,1
69,960000000,0.793400,-0.002534,0.043375,0.091241,0.065258,0.080682,0.013913,0.073349,-0.006087,0.073349,-0.006087,0.091226,-0.001691,0.080667,-0.001560,0.073333,-0.001502,0.073333,-0.001502,0,-0.370798,0.088000,0.073333,0.005773,-0.008894,0.033913,-0.006087,0.311127,0.121023,-0.043375,1
70,0,0.796597,-0.002460,0.045178,0.079231,0.042628,0.073349,-0.006087,0.066017,-0.026087,0.066017,-0.026087,0.079213,-0.001703,0.073333,-0.001502,0.066000,-0.001498,0.066000,-0.001498,0,-0.414691,0.080667,0.066000,0.005832,-0.008835,0.013913,-0.026087,0.311127,0.110023,-0.045178,1
70,20000000,0.798063,-0.002427,0.045631,0.073346,0.022639,0.066017,-0.026087,0.073354,-0.030429,0.073354,-0.030429,0.073328,-0.001647,0.066000,-0.001498,0.073333,-0.001729,0.073333,-0.001729,0,-0.428492,0.073333,0.058667,0.005835,-0.008831,-0.006087,-0.046087,0.311127,0.110000,-0.045631,1
70,60000000,0.800996,-0.002361,0.046140,0.073341,0.002848,0.073354,-0.030429,0.080691,-0.033837,0.080691,-0.033837,0.073319,-0.001800,0.073333,-0.001729,0.080667,-0.001992,0.080667,-0.001992,0,-0.448649,0.080667,0.066000,0.005605,-0.009062,-0.010429,-0.050429,0.311127,0.110031,-0.046140,1
70,80000000,0.802463,-0.002330,0.046097,0.073352,-0.002162,0.080691,-0.033837,0.088032,-0.033527,0.088032,-0.033527,0.073329,-0.001845,0.080667,-0.001992,0.088000,-0.002363,0.088000,-0.002363,0,-0.443568,0.088000,0.073333,0.005342,-0.009325,-0.013837,-0.053837,0.311127,0.121037,-0.046097,1
70,120000000,0.805646,-0.002266,0.045165,0.080690,-0.027113,0.088032,-0.033527,0.095371,-0.032620,0.095371,-0.032620,0.080663,-0.002094,0.088000,-0.002363,0.095333,-0.002670,0.095333,-0.002670,0,-0.424045,0.095333,0.080667,0.004970,-0.009696,-0.013527,-0.053527,0.311127,0.132048,-0.045165,1
70,160000000,0.809063,-0.002206,0.043897,0.088028,-0.034325,0.095371,-0.032620,0.102708,-0.031516,0.102708,-0.031516,0.087994,-0.002438,0.095333,-0.002670,0.102667,-0.002924,0.102667,-0.002924,0,-0.398000,0.102667,0.088000,0.004663,-0.010003,-0.012620,-0.052620,0.311127,0.143056,-0.043897,1
70,180000000,0.810823,-0.002179,0.043211,0.088031,-0.034280,0.102708,-0.031516,0.110046,-0.030865,0.110046,-0.030865,0.087997,-0.002433,0.102667,-0.002924,0.110000,-0.003199,0.110000,-0.003199,0,-0.377326,0.110000,0.095333,0.004409,-0.010257,-0.011516,-0.051516,0.311127,0.154062,-0.043211,1
70,220000000,0.814900,-0.002121,0.041937,0.102673,-0.031854,0.110046,-0.030865,0.117383,-0.029822,0.117383,-0.029822,0.102630,-0.002946,0.110000,-0.003199,0.117333,-0.003414,0.117333,-0.003414,0,-0.352344,0.117333,0.102667,0.004135,-0.010532,-0.010865,-0.050865,0.311127,0.165070,-0.041937,1
70,240000000,0.817071,-0.002094,0.041313,0.108536,-0.031195,0.117383,-0.029822,0.110000,-0.009822,0.110000,-0.009822,0.108490,-0.003149,0.117333,-0.003414,0.110000,-0.000009,0.110000,-0.000009,0,-0.334119,0.124667,0.110000,0.003920,-0.010747,-0.009822,-0.049822,0.311127,0.176074,1.529484,1
70,280000000,0.821471,-0.002021,0.040208,0.110014,-0.023964,0.110000,-0.009822,0.117379,-0.028603,0.117379,-0.028603,0.109995,-0.002077,0.110000,-0.000009,0.117333,-0.003281,0.117333,-0.003281,0,-0.338838,0.117333,0.102667,0.007324,-0.007343,0.010178,-0.029822,0.311127,0.165000,-0.040208,1
70,300000000,0.823670,-0.001940,0.039947,0.109989,-0.013020,0.117379,-0.028603,0.110000,-0.008603,0.110000,-0.008603,0.109989,0.000000,0.117333,-0.003281,0.110000,-0.000013,0.110000,-0.000013,0,-0.328557,0.124667,0.110000,0.004052,-0.010615,-0.008603,-0.048603,0.311127,0.176069,1.530849,1
70,340000000,0.828215,-0.001833,0.039114,0.117364,-0.028727,0.110000,-0.008603,0.102667,0.011397,0.102667,0.011397,0.117318,-0.003281,0.110000,-0.000013,0.102667,-0.000067,0.102667,-0.000067,0,-0.339443,0.117333,0.102667,0.007320,-0.007347,0.011397,-0.028603,0.311127,0.165000,1.531682,1
70,380000000,0.832650,-0.001744,0.038335,0.104454,-0.010372,0.102667,0.011397,0.095366,-0.008603,0.095366,-0.008603,0.104454,0.000000,0.102667,-0.000067,0.095333,-0.002480,0.095333,-0.002480,0,-0.350747,0.110000,0.095333,0.007266,-0.007400,0.031397,-0.008603,0.311127,0.154000,-0.038335,1
70,400000000,0.834702,-0.001672,0.038210,0.102658,-0.006214,0.095366,-0.008603,0.102703,-0.027434,0.102703,-0.027434,0.102658,0.000000,0.095333,-0.002480,0.102667,-0.002723,0.102667,-0.002723,0,-0.370742,0.102667,0.088000,0.004854,-0.009813,0.011397,-0.028603,0.311127,0.143048,-0.038210,1
70,420000000,0.836639,-0.001639,0.038050,0.096827,-0.008024,0.102703,-0.027434,0.095333,-0.007434,0.095333,-0.007434,0.096805,-0.002039,0.102667,-0.002723,0.095333,-0.000006,0.095333,-0.000006,0,-0.355797,0.110000,0.095333,0.004610,-0.010057,-0.007434,-0.047434,0.311127,0.154054,1.532746,1
70,460000000,0.840452,-0.001562,0.037694,0.095324,-0.009357,0.095333,-0.007434,0.102703,-0.027072,0.102703,-0.027072,0.095324,0.000000,0.095333,-0.000006,0.102667,-0.002749,0.102667,-0.002749,0,-0.374351,0.102667,0.088000,0.007327,-0.007339,0.012566,-0.027434,0.311127,0.143000,-0.037694,1
70,480000000,0.842352,-0.001491,0.037542,0.095081,-0.007593,0.102703,-0.027072,0.095333,-0.007072,0.095333,-0.007072,0.095081,0.000000,0.102667,-0.002749,0.095333,-0.000007,0.095333,-0.000007,0,-0.361708,0.110000,0.095333,0.004584,-0.010082,-0.007072,-0.047072,0.311127,0.154055,1.533254,1
70,500000000,0.844390,-0.001464,0.037043,0.101931,-0.024942,0.095333,-0.007072,0.102704,-0.026605,0.102704,-0.026605,0.101902,-0.002444,0.095333,-0.000007,0.102667,-0.002753,0.102667,-0.002753,0,-0.374889,0.102667,0.088000,0.007326,-0.007340,0.012928,-0.027072,0.311127,0.143000,-0.037043,1
70,540000000,0.848498,-0.001423,0.035973,0.102703,-0.026539,0.102704,-0.026605,0.095333,-0.006605,0.095333,-0.006605,0.102667,-0.002724,0.102667,-0.002753,0.095333,0.000041,0.095333,0.000041,0,1.893284,0.110000,0.095333,0.004580,-0.010086,-0.006605,-0.046605,0.311127,0.154055,1.534823,1
70,560000000,0.850552,-0.001404,0.035445,0.102703,-0.026399,0.095333,-0.006605,0.088000,0.013395,0.088000,0.013395,0.102667,-0.002719,0.095333,0.000041,0.088000,-0.000051,0.088000,-0.000051,0,-0.358387,0.102667,0.088000,0.007375,-0.007292,0.013395,-0.026605,0.311127,0.143000,1.535351,1
70,600000000,0.854452,-0.001302,0.034913,0.095204,-0.007859,0.088000,0.013395,0.080690,-0.006605,0.080690,-0.006605,0.095204,0.000000,0.088000,-0.000051,0.080667,-0.001930,0.080667,-0.001930,0,-0.379537,0.095333,0.080667,0.007282,-0.007384,0.033395,-0.006605,0.311127,0.132000,-0.034913,1
70,640000000,0.857971,-0.001212,0.034693,0.081026,-0.004395,0.080690,-0.006605,0.088027,-0.025232,0.088027,-0.025232,0.081008,-0.001694,0.080667,-0.001930,0.088000,-0.002172,0.088000,-0.002172,0,-0.407798,0.088000,0.073333,0.005403,-0.009263,0.013395,-0.026605,0.311127,0.121035,-0.034693,1
70,660000000,0.859585,-0.001194,0.034563,0.080690,-0.006504,0.088027,-0.025232,0.080667,-0.005232,0.080667,-0.005232,0.080667,-0.001917,0.088000,-0.002172,0.080667,-0.000004,0.080667,-0.000004,0,-0.386485,0.095333,0.080667,0.005161,-0.009506,-0.005232,-0.045232,0.311127,0.132040,1.536233,1
70,700000000,0.863047,-0.001160,0.033710,0.088027,-0.025014,0.080667,-0.005232,0.088026,-0.024524,0.088026,-0.024524,0.088001,-0.002140,0.080667,-0.000004,0.088000,-0.002123,0.088000,-0.002123,0,-0.398712,0.088000,0.073333,0.007330,-0.007337,0.014768,-0.025232,0.311127,0.121000,-0.033710,1
70,720000000,0.864808,-0.001144,0.033213,0.088026,-0.024845,0.088026,-0.024524,0.080667,-0.004524,0.080667,-0.004524,0.088001,-0.002127,0.088000,-0.002123,0.080667,-0.000005,0.080667,-0.000005,0,-0.371862,0.095333,0.080667,0.005210,-0.009457,-0.004524,-0.044524,0.311127,0.132038,1.537583,1
70,760000000,0.868328,-0.001112,0.032243,0.088025,-0.024242,0.080667,-0.004524,0.088023,-0.023456,0.088023,-0.023456,0.088001,-0.002085,0.080667,-0.000005,0.088000,-0.002029,0.088000,-0.002029,0,-0.381023,0.088000,0.073333,0.007328,-0.007338,0.015476,-0.024524,0.311127,0.121000,-0.032243,1
70,800000000,0.871579,-0.001018,0.031962,0.080458,-0.004575,0.088023,-0.023456,0.080667,-0.003456,0.080667,-0.003456,0.080458,0.000000,0.088000,-0.002029,0.080667,0.000057,0.080667,0.000057,0,3.047253,0.095333,0.080667,0.005304,-0.009362,-0.003456,-0.043456,0.311127,0.132035,1.538834,1
70,820000000,0.873187,-0.000966,0.031887,0.080448,-0.003776,0.080667,-0.003456,0.073333,0.016544,0.073333,0.016544,0.080448,0.000000,0.080667,0.000057,0.073333,-0.000042,0.073333,-0.000042,0,-0.395102,0.088000,0.073333,0.007390,-0.007276,0.016544,-0.023456,0.311127,0.121000,1.538909,1
70,860000000,0.876362,-0.000863,0.031867,0.078357,0.002449,0.073333,0.016544,0.066017,-0.003456,0.066017,-0.003456,0.078357,0.000000,0.073333,-0.000042,0.066000,-0.001485,0.066000,-0.001485,0,-0.436752,0.080667,0.066000,0.007292,-0.007375,0.036544,-0.003456,0.311127,0.110000,-0.031867,1
70,880000000,0.877825,-0.000817,0.032191,0.073207,0.016191,0.066017,-0.003456,0.073356,-0.021467,0.073356,-0.021467,0.073207,0.000000,0.066000,-0.001485,0.073333,-0.001816,0.073333,-0.001816,0,-0.450132,0.073333,0.058667,0.005848,-0.008819,0.016544,-0.023456,0.311127,0.110000,-0.032191,1
70,920000000,0.880622,-0.000754,0.032496,0.066732,-0.001277,0.073356,-0.021467,0.066000,-0.001467,0.066000,-0.001467,0.066719,-0.001320,0.073333,-0.001816,0.066000,-0.000006,0.066000,-0.000006,0,-0.466091,0.080667,0.066000,0.005517,-0.009149,-0.001467,-0.041467,0.311127,0.110034,1.538300,1
70,940000000,0.881942,-0.000740,0.032431,0.066017,-0.003232,0.066000,-0.001467,0.058667,0.018533,0.058667,0.018533,0.066000,-0.001460,0.066000,-0.000006,0.058667,-0.000042,0.058667,-0.000042,0,-0.467277,0.073333,0.058667,0.007327,-0.007339,0.018533,-0.021467,0.311127,0.110000,1.538365,1
70,980000000,0.884577,-0.000662,0.032352,0.065835,-0.001467,0.058667,0.018533,0.051333,0.038533,0.051333,0.038533,0.065835,0.000000,0.058667,-0.000042,0.051333,-0.000079,0.051333,-0.000079,0,-0.478748,0.066000,0.051333,0.007292,-0.007375,0.038533,-0.001467,0.311127,0.110000,1.538444,1
71,0,0.885793,-0.000624,0.032597,0.060833,0.012232,0.051333,0.038533,0.044000,0.058533,0.044000,0.058533,0.060833,0.000000,0.051333,-0.000079,0.044000,-0.000118,0.044000,-0.000118,0,-0.489507,0.058667,0.044000,0.007254,-0.007412,0.058533,0.018533,0.311127,0.110000,1.538199,1
71,40000000,0.888053,-0.000552,0.033482,0.054521,0.025689,0.044000,0.058533,0.036667,0.078533,0.036667,0.078533,0.054521,0.000000,0.044000,-0.000118,0.036667,-0.000164,0.036667,-0.000164,0,-0.517397,0.051333,0.036667,0.007215,-0.007451,0.078533,0.038533,0.311127,0.110000,1.537315,1
71,60000000,0.888933,-0.000526,0.034339,0.043999,0.042868,0.036667,0.078533,0.029334,0.098533,0.029334,0.098533,0.043999,0.000000,0.036667,-0.000164,0.029333,-0.000212,0.029333,-0.000212,0,-0.537260,0.044000,0.029333,0.007169,-0.007498,0.098533,0.058533,0.311127,0.110000,1.536457,1
71,100000000,0.890560,-0.000477,0.036506,0.037407,0.065522,0.029334,0.098533,0.022007,0.118533,0.022007,0.118533,0.037407,0.000000,0.029333,-0.000212,0.022000,0.000552,0.022000,0.000552,0,1.170700,0.036667,0.022000,0.007122,-0.007545,0.118533,0.078533,0.311127,0.110000,1.534290,1
71,140000000,0.891797,-0.000430,0.039612,0.025235,0.087348,0.022007,0.118533,0.014734,0.138533,0.014734,0.138533,0.025235,0.000000,0.022000,0.000552,0.014667,0.001406,0.014667,0.001406,0,2.562182,0.029333,0.014667,0.007885,-0.006782,0.138533,0.098533,0.311127,0.110000,1.531184,1
71,160000000,0.892236,-0.000404,0.041462,0.021997,0.092521,0.014734,0.138533,0.011403,0.158533,0.011403,0.158533,0.021997,0.000000,0.014667,0.001406,0.011256,0.001823,0.011256,0.001823,0,2.906040,0.022000,0.007333,0.008739,-0.005927,0.158533,0.118533,0.311127,0.110000,1.529334,1
71,200000000,0.892909,-0.000335,0.045848,0.014712,0.116854,0.011403,0.158533,0.012878,0.178533,0.012878,0.178533,0.014662,0.001215,0.011256,0.001823,0.012659,0.002364,0.012659,0.002364,0,3.337985,0.018590,0.003923,0.009156,-0.005511,0.178533,0.138533,0.311127,0.110000,1.524949,1
71,220000000,0.893188,-0.000292,0.048329,0.014135,0.124080,0.012878,0.178533,0.014344,0.198533,0.014344,0.198533,0.014059,0.001472,0.012659,0.002364,0.014078,0.002752,0.014078,0.002752,0,3.487782,0.019993,0.005326,0.009698,-0.004969,0.198533,0.158533,0.311127,0.110000,1.522467,1
71,260000000,0.893689,-0.000183,0.053968,0.012819,0.140947,0.014344,0.198533,0.015848,0.218533,0.015848,0.218533,0.012650,0.002074,0.014078,0.002752,0.015514,0.003238,0.015514,0.003238,0,3.714760,0.021411,0.006745,0.010085,-0.004582,0.218533,0.178533,0.311127,0.110000,1.516829,1
71,280000000,0.893965,-0.000120,0.057229,0.014126,0.163053,0.015848,0.218533,0.017336,0.238533,0.017336,0.238533,0.013925,0.002377,0.015514,0.003238,0.016947,0.003649,0.016947,0.003649,0,3.827097,0.022847,0.008180,0.010571,-0.004095,0.238533,0.198533,0.311127,0.110000,1.513568,1
71,320000000,0.894548,0.000020,0.064090,0.015736,0.177573,0.017336,0.238533,0.018875,0.258533,0.018875,0.258533,0.015483,0.002811,0.016947,0.003649,0.018401,0.004202,0.018401,0.004202,0,4.047296,0.024281,0.009614,0.010982,-0.003684,0.258533,0.218533,0.311127,0.110000,1.506707,1
71,340000000,0.894882,0.000106,0.067879,0.017226,0.189455,0.018875,0.258533,0.020386,0.278533,0.020386,0.278533,0.016929,0.003189,0.018401,0.004202,0.019844,0.004671,0.019844,0.004671,0,4.165676,0.025734,0.011068,0.011535,-0.003132,0.278533,0.238533,0.311127,0.110000,1.502917,1
71,380000000,0.895588,0.000298,0.076138,0.018738,0.213777,0.020386,0.278533,0.021971,0.298533,0.021971,0.298533,0.018376,0.003665,0.019844,0.004671,0.021320,0.005307,0.021320,0.005307,0,4.391826,0.027177,0.012511,0.012004,-0.002663,0.298533,0.258533,0.311127,0.110000,1.494658,1
71,400000000,0.895965,0.000407,0.080556,0.019645,0.220910,0.021971,0.298533,0.023512,0.318533,0.023512,0.318533,0.019242,0.003955,0.021320,0.005307,0.022780,0.005823,0.022780,0.005823,0,4.503123,0.028653,0.013987,0.012640,-0.002026,0.318533,0.278533,0.311127,0.110000,1.490240,1
71,440000000,0.896797,0.000664,0.090054,0.021776,0.237411,0.023512,0.318533,0.025149,0.338533,0.025149,0.338533,0.021281,0.004617,0.022780,0.005823,0.024282,0.006546,0.024282,0.006546,0,4.732777,0.030113,0.015446,0.013157,-0.001510,0.338533,0.298533,0.311127,0.110000,1.480742,1
71,480000000,0.897680,0.000951,0.100474,0.023285,0.261690,0.025149,0.338533,0.026823,0.358533,0.026823,0.358533,0.022730,0.005052,0.024282,0.006546,0.025812,0.007295,0.025812,0.007295,0,4.944679,0.031615,0.016948,0.013880,-0.000787,0.358533,0.318533,0.311127,0.110000,1.470322,1
71,500000000,0.898151,0.001114,0.105941,0.024896,0.273326,0.026823,0.358533,0.028425,0.378533,0.028425,0.378533,0.024237,0.005691,0.025812,0.007295,0.027307,0.007895,0.027307,0.007895,0,5.049832,0.033145,0.018479,0.014628,-0.000039,0.378533,0.338533,0.311127,0.110000,1.464855,1
71,540000000,0.899157,0.001486,0.117532,0.027131,0.294585,0.028425,0.378533,0.030166,0.398533,0.030166,0.398533,0.026334,0.006528,0.027307,0.007895,0.028877,0.008724,0.028877,0.008724,0,5.258166,0.034640,0.019973,0.015228,0.000561,0.398533,0.358533,0.311127,0.110000,1.453265,1
71,560000000,0.899681,0.001687,0.123713,0.028066,0.309080,0.030166,0.398533,0.031815,0.418533,0.031815,0.418533,0.027223,0.006830,0.028877,0.008724,0.030403,0.009371,0.030403,0.009371,0,5.355292,0.036210,0.021543,0.016057,0.001391,0.418533,0.378533,0.311127,0.110000,1.447083,1
71,600000000,0.900783,0.002133,0.136537,0.031356,0.332228,0.031815,0.418533,0.033633,0.438533,0.033633,0.438533,0.030292,0.008100,0.030403,0.009371,0.032031,0.010258,0.032031,0.010258,0,5.545417,0.037737,0.023070,0.016704,0.002037,0.438533,0.398533,0.311127,0.110000,1.434259,1
71,620000000,0.901360,0.002378,0.143179,0.031346,0.332105,0.033633,0.438533,0.035331,0.458533,0.035331,0.458533,0.030285,0.008086,0.032031,0.010258,0.033589,0.010956,0.033589,0.010956,0,5.638137,0.039364,0.024697,0.017591,0.002925,0.458533,0.418533,0.311127,0.110000,1.427617,1
71,640000000,0.901962,0.002644,0.150251,0.032923,0.353604,0.035331,0.458533,0.037055,0.478533,0.037055,0.478533,0.031734,0.008771,0.033589,0.010956,0.035169,0.011672,0.035169,0.011672,0,5.726994,0.040922,0.026256,0.018289,0.003623,0.478533,0.438533,0.311127,0.110000,1.420545,1
71,680000000,0.903189,0.003207,0.164870,0.034400,0.375084,0.037055,0.478533,0.039005,0.498533,0.039005,0.498533,0.033118,0.009305,0.035169,0.011672,0.036903,0.012634,0.036903,0.012634,0,5.889102,0.042502,0.027836,0.019005,0.004338,0.498533,0.458533,0.311127,0.110000,1.405926,1
71,700000000,0.903816,0.003505,0.172466,0.034718,0.379773,0.039005,0.498533,0.040791,0.518533,0.040791,0.518533,0.033418,0.009409,0.036903,0.012634,0.038535,0.013377,0.038535,0.013377,0,5.962722,0.044236,0.029569,0.019967,0.005301,0.518533,0.478533,0.311127,0.110000,1.398330,1
71,740000000,0.905164,0.004184,0.188432,0.038254,0.402532,0.040791,0.518533,0.042853,0.538533,0.042853,0.538533,0.036686,0.010840,0.038535,0.013377,0.040359,0.014407,0.040359,0.014407,0,6.112587,0.045868,0.031201,0.020711,0.006044,0.538533,0.498533,0.311127,0.110000,1.382364,1
71,760000000,0.905860,0.004548,0.196769,0.039280,0.416835,0.042853,0.538533,0.044714,0.558533,0.044714,0.558533,0.037647,0.011207,0.040359,0.014407,0.042051,0.015202,0.042051,0.015202,0,6.181398,0.047692,0.033025,0.021740,0.007074,0.558533,0.518533,0.311127,0.110000,1.374028,1
71,800000000,0.907277,0.005318,0.213908,0.040697,0.430687,0.044714,0.558533,0.046900,0.578533,0.046900,0.578533,0.038965,0.011746,0.042051,0.015202,0.043989,0.016266,0.043989,0.016266,0,6.305737,0.049384,0.034717,0.022535,0.007868,0.578533,0.538533,0.311127,0.110000,1.356888,1
71,820000000,0.908036,0.005753,0.222884,0.043714,0.448781,0.046900,0.578533,0.048845,0.598533,0.048845,0.598533,0.041739,0.012992,0.043989,0.016266,0.045750,0.017110,0.045750,0.017110,0,6.369033,0.051323,0.036656,0.023599,0.008932,0.598533,0.558533,0.311127,0.110000,1.347912,1
71,860000000,0.909576,0.006671,0.241345,0.045779,0.472123,0.048845,0.598533,0.049645,0.600000,0.049645,0.600000,0.043625,0.013877,0.045750,0.017110,0.046383,0.017696,0.046383,0.017696,0,6.481072,0.053083,0.038417,0.024444,0.009777,0.600000,0.578533,0.311127,0.110000,1.329451,1
71,880000000,0.910366,0.007164,0.250813,0.046546,0.473352,0.049645,0.600000,0.050001,0.600000,0.050001,0.600000,0.044318,0.014228,0.046383,0.017696,0.046662,0.017965,0.046662,0.017965,0,6.532582,0.053717,0.039050,0.025030,0.010363,0.600000,0.580000,0.311127,0.110000,1.319984,1
71,900000000,0.911179,0.007688,0.260342,0.048366,0.476491,0.050001,0.600000,0.050364,0.600000,0.050364,0.600000,0.045954,0.015084,0.046662,0.017965,0.046945,0.018241,0.046945,0.018241,0,6.585218,0.053995,0.039328,0.025298,0.010631,0.600000,0.580000,0.311127,0.110000,1.310454,1
71,940000000,0.912793,0.008766,0.279383,0.048654,0.475789,0.050364,0.600000,0.051107,0.600000,0.051107,0.600000,0.046193,0.015277,0.046945,0.018241,0.047536,0.018769,0.047536,0.018769,0,6.677157,0.054278,0.039611,0.025575,0.010908,0.600000,0.580000,0.311127,0.110000,1.291414,1
71,960000000,0.913595,0.009320,0.288893,0.048734,0.475493,0.051107,0.600000,0.051486,0.600000,0.051486,0.600000,0.046259,0.015333,0.047536,0.018769,0.047844,0.019021,0.047844,0.019021,0,6.717024,0.054869,0.040202,0.026102,0.011435,0.600000,0.580000,0.311127,0.110000,1.281904,1
72,0,0.915204,0.010483,0.307869,0.049621,0.474308,0.051486,0.600000,0.052260,0.600000,0.052260,0.600000,0.046995,0.015929,0.047844,0.019021,0.048479,0.019516,0.048479,0.019516,0,6.789917,0.055177,0.040510,0.026354,0.011687,0.600000,0.580000,0.311127,0.110000,1.262928,1
72,20000000,0.916004,0.011081,0.317345,0.049955,0.473826,0.052260,0.600000,0.052655,0.600000,0.052655,0.600000,0.047277,0.016137,0.048479,0.019516,0.048808,0.019755,0.048808,0.019755,0,6.821370,0.055812,0.041145,0.026849,0.012183,0.600000,0.580000,0.311127,0.110000,1.253451,1
72,60000000,0.917599,0.012316,0.336272,0.050902,0.472689,0.052655,0.600000,0.053462,0.600000,0.053462,0.600000,0.048093,0.016677,0.048808,0.019755,0.049491,0.020218,0.049491,0.020218,0,6.875925,0.056142,0.041475,0.027088,0.012421,0.600000,0.580000,0.311127,0.110000,1.234525,1
72,80000000,0.918395,0.012953,0.345720,0.050990,0.472418,0.053462,0.600000,0.053874,0.600000,0.053874,0.600000,0.048168,0.016729,0.049491,0.020218,0.049845,0.020444,0.049845,0.020444,0,6.899558,0.056825,0.042158,0.027551,0.012885,0.600000,0.580000,0.311127,0.110000,1.225076,1
72,120000000,0.919985,0.014272,0.364586,0.051711,0.471508,0.053874,0.600000,0.054717,0.600000,0.054717,0.600000,0.048804,0.017096,0.049845,0.020444,0.050573,0.020887,0.050573,0.020887,0,6.940615,0.057178,0.042511,0.027777,0.013111,0.600000,0.580000,0.311127,0.110000,1.206210,1
72,140000000,0.920777,0.014951,0.374006,0.052166,0.470996,0.054717,0.600000,0.055148,0.600000,0.055148,0.600000,0.049208,0.017317,0.050573,0.020887,0.050950,0.021104,0.050950,0.021104,0,6.957771,0.057907,0.043240,0.028221,0.013554,0.600000,0.580000,0.311127,0.110000,1.196790,1
72,180000000,0.922363,0.016353,0.392814,0.052963,0.470078,0.055148,0.600000,0.056028,0.600000,0.056028,0.600000,0.049922,0.017687,0.050950,0.021104,0.051726,0.021531,0.051726,0.021531,0,6.987071,0.058283,0.043616,0.028437,0.013770,0.600000,0.580000,0.311127,0.110000,1.177982,1
72,200000000,0.923149,0.017070,0.402209,0.053229,0.469714,0.056028,0.600000,0.056478,0.600000,0.056478,0.600000,0.050162,0.017807,0.051726,0.021531,0.052127,0.021738,0.052127,0.021738,0,6.998019,0.059059,0.044392,0.028864,0.014198,0.600000,0.580000,0.311127,0.110000,1.168588,1
72,240000000,0.924717,0.018543,0.420972,0.054331,0.468639,0.056478,0.600000,0.057400,0.600000,0.057400,0.600000,0.051168,0.018266,0.052127,0.021738,0.052957,0.022144,0.052957,0.022144,0,7.014247,0.059461,0.044794,0.029071,0.014405,0.600000,0.580000,0.311127,0.110000,1.149824,1
72,260000000,0.925499,0.019300,0.430340,0.054437,0.468395,0.057400,0.600000,0.057872,0.600000,0.057872,0.600000,0.051265,0.018311,0.052957,0.022144,0.053384,0.022344,0.053384,0.022344,0,7.019969,0.060290,0.045623,0.029477,0.014811,0.600000,0.580000,0.311127,0.110000,1.140456,1
72,300000000,0.927063,0.020859,0.449047,0.055279,0.467534,0.057872,0.600000,0.058837,0.600000,0.058837,0.600000,0.052046,0.018628,0.053384,0.022344,0.054264,0.022741,0.054264,0.022741,0,7.027472,0.060717,0.046051,0.029677,0.015011,0.600000,0.580000,0.311127,0.110000,1.121749,1
72,320000000,0.927842,0.021658,0.458388,0.055811,0.467041,0.058837,0.600000,0.059331,0.600000,0.059331,0.600000,0.052541,0.018822,0.054264,0.022741,0.054718,0.022936,0.054718,0.022936,0,7.028844,0.061597,0.046931,0.030074,0.015408,0.600000,0.580000,0.311127,0.110000,1.112409,1
72,360000000,0.929401,0.023304,0.477039,0.056742,0.466160,0.059331,0.600000,0.060342,0.600000,0.060342,0.600000,0.053413,0.019148,0.054718,0.022936,0.055651,0.023326,0.055651,0.023326,0,7.028486,0.062051,0.047385,0.030270,0.015603,0.600000,0.580000,0.311127,0.110000,1.093758,1
72,380000000,0.930174,0.024143,0.486355,0.057055,0.465816,0.060342,0.600000,0.060861,0.600000,0.060861,0.600000,0.053707,0.019255,0.055651,0.023326,0.056134,0.023516,0.056134,0.023516,0,7.025364,0.062985,0.048318,0.030660,0.015993,0.600000,0.580000,0.311127,0.110000,1.084441,1
72,420000000,0.931708,0.025855,0.504969,0.057893,0.465016,0.060861,0.600000,0.061924,0.600000,0.061924,0.600000,0.054501,0.019525,0.056134,0.023516,0.057131,0.023887,0.057131,0.023887,0,7.013632,0.063467,0.048801,0.030850,0.016183,0.600000,0.580000,0.311127,0.110000,1.065828,1
72,440000000,0.932470,0.026730,0.514265,0.057971,0.464823,0.061924,0.600000,0.062469,0.600000,0.062469,0.600000,0.054575,0.019551,0.057131,0.023887,0.057646,0.024069,0.057646,0.024069,0,7.005334,0.064464,0.049798,0.031220,0.016554,0.600000,0.580000,0.311127,0.110000,1.056531,1
72,480000000,0.934005,0.028539,0.532819,0.059461,0.463683,0.062469,0.600000,0.063585,0.600000,0.063585,0.600000,0.055998,0.019994,0.057646,0.024069,0.058700,0.024441,0.058700,0.024441,0,6.988682,0.064979,0.050312,0.031402,0.016735,0.600000,0.580000,0.311127,0.110000,1.037978,1
72,520000000,0.935520,0.030390,0.551350,0.059952,0.463137,0.063585,0.600000,0.064741,0.600000,0.064741,0.600000,0.056473,0.020127,0.058700,0.024441,0.059803,0.024800,0.059803,0.024800,0,6.964691,0.066034,0.051367,0.031774,0.017107,0.600000,0.580000,0.311127,0.110000,1.019446,1
72,540000000,0.936266,0.031328,0.560611,0.059936,0.463019,0.064741,0.600000,0.065335,0.600000,0.065335,0.600000,0.056459,0.020116,0.059803,0.024800,0.060374,0.024972,0.060374,0.024972,0,6.949389,0.067136,0.052470,0.032133,0.017466,0.600000,0.580000,0.311127,0.110000,1.010186,1
72,580000000,0.937790,0.033290,0.579075,0.062099,0.461553,0.065335,0.600000,0.066551,0.600000,0.066551,0.600000,0.058547,0.020700,0.060374,0.024972,0.061538,0.025341,0.061538,0.025341,0,6.923121,0.067707,0.053041,0.032305,0.017639,0.600000,0.580000,0.311127,0.110000,0.991722,1
72,600000000,0.938543,0.034286,0.588300,0.062429,0.461257,0.066551,0.600000,0.067176,0.600000,0.067176,0.600000,0.058871,0.020774,0.061538,0.025341,0.062140,0.025520,0.062140,0.025520,0,6.907182,0.068871,0.054204,0.032674,0.018007,0.600000,0.580000,0.311127,0.110000,0.982496,1
72,640000000,0.940039,0.036318,0.606729,0.063520,0.460428,0.067176,0.600000,0.068460,0.600000,0.068460,0.600000,0.059935,0.021038,0.062140,0.025520,0.063383,0.025873,0.063383,0.025873,0,6.871476,0.069473,0.054806,0.032853,0.018186,0.600000,0.580000,0.311127,0.110000,0.964067,1
72,660000000,0.940790,0.037364,0.615926,0.064397,0.459837,0.068460,0.600000,0.069119,0.600000,0.069119,0.600000,0.060789,0.021251,0.063383,0.025873,0.064021,0.026054,0.064021,0.026054,0,6.853411,0.070716,0.056049,0.033206,0.018540,0.600000,0.580000,0.311127,0.110000,0.954871,1
72,700000000,0.942286,0.039503,0.634295,0.065615,0.458978,0.069119,0.600000,0.070475,0.600000,0.070475,0.600000,0.061985,0.021522,0.064021,0.026054,0.065338,0.026414,0.065338,0.026414,0,6.814413,0.071354,0.056688,0.033387,0.018720,0.600000,0.580000,0.311127,0.110000,0.936502,1
72,720000000,0.943024,0.040587,0.643472,0.065602,0.458888,0.070475,0.600000,0.071173,0.600000,0.071173,0.600000,0.061974,0.021514,0.065338,0.026414,0.066020,0.026588,0.066020,0.026588,0,6.792215,0.072671,0.058005,0.033747,0.019080,0.600000,0.580000,0.311127,0.110000,0.927324,1
72,760000000,0.944520,0.042837,0.661781,0.067532,0.457673,0.071173,0.600000,0.072606,0.600000,0.072606,0.600000,0.063871,0.021934,0.066020,0.026588,0.067417,0.026956,0.067417,0.026956,0,6.750293,0.073353,0.058686,0.033921,0.019255,0.600000,0.580000,0.311127,0.110000,0.909015,1
72,780000000,0.945261,0.043981,0.670926,0.068131,0.457275,0.072606,0.600000,0.073344,0.600000,0.073344,0.600000,0.064464,0.022050,0.067417,0.026956,0.068139,0.027137,0.068139,0.027137,0,6.727181,0.074750,0.060083,0.034289,0.019623,0.600000,0.580000,0.311127,0.110000,0.899870,1
72,800000000,0.945994,0.045136,0.680067,0.068398,0.457049,0.073344,0.600000,0.074107,0.600000,0.074107,0.600000,0.064728,0.022104,0.068139,0.027137,0.068886,0.027324,0.068886,0.027324,0,6.702714,0.075472,0.060806,0.034470,0.019804,0.600000,0.580000,0.311127,0.110016,0.890729,1
72,820000000,0.946741,0.046326,0.689187,0.070285,0.455978,0.074107,0.600000,0.075653,0.600000,0.075653,0.600000,0.066591,0.022487,0.068886,0.027324,0.070201,0.028199,0.070201,0.028199,0,6.706268,0.076220,0.061553,0.034657,0.019990,0.600000,0.580000,0.311127,0.111161,0.881609,1
72,840000000,0.947485,0.047534,0.698298,0.070943,0.455564,0.075653,0.600000,0.078038,0.600000,0.078038,0.600000,0.067243,0.022613,0.070201,0.028199,0.072137,0.029769,0.072137,0.029769,0,6.723028,0.077535,0.062868,0.035532,0.020865,0.600000,0.580000,0.311127,0.113480,0.872498,1
72,860000000,0.948227,0.048779,0.707383,0.072471,0.454218,0.078038,0.600000,0.081345,0.600000,0.081345,0.600000,0.068564,0.023474,0.072137,0.029769,0.074756,0.032071,0.074756,0.032071,0,6.736238,0.079470,0.064804,0.037102,0.022435,0.600000,0.580000,0.311127,0.117057,0.863414,1
72,880000000,0.948970,0.050075,0.716429,0.074662,0.452313,0.081345,0.600000,0.085689,0.600000,0.085689,0.600000,0.070442,0.024745,0.074756,0.032071,0.078141,0.035166,0.078141,0.035166,0,6.726744,0.082089,0.067422,0.039404,0.024738,0.600000,0.580000,0.311127,0.122017,0.854367,1
72,920000000,0.950434,0.052768,0.734447,0.077706,0.449473,0.085689,0.600000,0.092211,0.600000,0.092211,0.600000,0.072955,0.026755,0.078141,0.035166,0.083410,0.039315,0.083410,0.039315,0,6.634171,0.085474,0.070808,0.042499,0.027833,0.600000,0.580000,0.311127,0.128534,0.836349,1
72,940000000,0.951170,0.054239,0.743348,0.082277,0.445017,0.092211,0.600000,0.100296,0.600000,0.100296,0.600000,0.076787,0.029551,0.083410,0.039315,0.089573,0.045122,0.089573,0.045122,0,6.505227,0.090743,0.076076,0.046648,0.031982,0.600000,0.580000,0.311127,0.138316,0.827449,1
72,960000000,0.951912,0.055831,0.752160,0.087772,0.440637,0.100296,0.600000,0.110023,0.598685,0.110023,0.598685,0.081297,0.033088,0.089573,0.045122,0.096906,0.052098,0.096906,0.052098,0,6.294981,0.096906,0.082239,0.052455,0.037789,0.600000,0.580000,0.311127,0.150444,0.818636,1
72,980000000,0.952650,0.057532,0.760879,0.092759,0.435921,0.110023,0.598685,0.119835,0.588100,0.119835,0.588100,0.085285,0.036479,0.096906,0.052098,0.104059,0.059431,0.104059,0.059431,0,6.010190,0.104239,0.089573,0.059431,0.044765,0.600000,0.578685,0.311127,0.165034,0.809918,1
73,0,0.953392,0.059453,0.769392,0.102925,0.425661,0.119835,0.588100,0.129804,0.578713,0.129804,0.578713,0.093268,0.043529,0.104059,0.059431,0.111393,0.066638,0.111393,0.066638,0,5.712043,0.111393,0.096726,0.066765,0.052098,0.600000,0.568100,0.311127,0.179753,0.801404,1
73,40000000,0.954852,0.063811,0.786041,0.116586,0.414782,0.129804,0.578713,0.139328,0.561558,0.139328,0.561558,0.103798,0.053087,0.111393,0.066638,0.118726,0.072914,0.118726,0.072914,0,5.375553,0.118726,0.104059,0.073972,0.059305,0.598713,0.558713,0.311127,0.194706,0.784755,1
73,60000000,0.955564,0.066157,0.794247,0.122577,0.410303,0.139328,0.561558,0.149000,0.553638,0.149000,0.553638,0.108395,0.057233,0.118726,0.072914,0.126059,0.079436,0.126059,0.079436,0,5.101881,0.126059,0.111393,0.080247,0.065581,0.581558,0.541558,0.311127,0.208992,0.776549,1
73,80000000,0.956268,0.068610,0.802375,0.127635,0.406405,0.149000,0.553638,0.158593,0.545263,0.158593,0.545263,0.112475,0.060333,0.126059,0.079436,0.133393,0.085780,0.133393,0.085780,0,4.840085,0.133393,0.118726,0.086769,0.072103,0.573638,0.533638,0.311127,0.223500,0.768421,1
73,100000000,0.956962,0.071150,0.810458,0.131643,0.404152,0.158593,0.545263,0.168066,0.537168,0.168066,0.537168,0.115689,0.062817,0.133393,0.085780,0.140726,0.091882,0.140726,0.091882,0,4.596255,0.140726,0.126059,0.093113,0.078447,0.565263,0.525263,0.311127,0.237890,0.760338,1
73,140000000,0.958332,0.076752,0.826222,0.149832,0.390817,0.168066,0.537168,0.176836,0.522286,0.176836,0.522286,0.130125,0.074276,0.140726,0.091882,0.148059,0.096692,0.148059,0.096692,0,4.337911,0.148059,0.133393,0.099215,0.084548,0.557168,0.517168,0.311127,0.252099,0.744575,1
73,160000000,0.958999,0.079743,0.834004,0.153210,0.389102,0.176836,0.522286,0.185968,0.516562,0.185968,0.516562,0.132898,0.076231,0.148059,0.096692,0.155393,0.102163,0.155393,0.102163,0,4.142129,0.155393,0.140726,0.104026,0.089359,0.542286,0.502286,0.311127,0.265254,0.736793,1
73,200000000,0.960316,0.086142,0.849324,0.167617,0.379970,0.185968,0.516562,0.194379,0.502734,0.194379,0.502734,0.144995,0.084095,0.155393,0.102163,0.162726,0.106317,0.162726,0.106317,0,3.921515,0.162726,0.148059,0.109497,0.094830,0.536562,0.496562,0.311127,0.278953,0.721472,1
73,220000000,0.960978,0.089609,0.856858,0.176462,0.376713,0.194379,0.502734,0.203268,0.497724,0.203268,0.497724,0.152365,0.089015,0.162726,0.106317,0.170059,0.111344,0.170059,0.111344,0,3.757418,0.170059,0.155393,0.113650,0.098984,0.522734,0.482734,0.311127,0.291568,0.713938,1
73,240000000,0.961633,0.093159,0.864375,0.180504,0.375850,0.203268,0.497724,0.212110,0.491434,0.212110,0.491434,0.155993,0.090818,0.170059,0.111344,0.177393,0.116286,0.177393,0.116286,0,3.596141,0.177393,0.162726,0.118678,0.104011,0.517724,0.477724,0.311127,0.304902,0.706421,1
73,280000000,0.962922,0.100554,0.879259,0.190246,0.369066,0.212110,0.491434,0.220086,0.478361,0.220086,0.478361,0.164600,0.095396,0.177393,0.116286,0.184726,0.119642,0.184726,0.119642,0,3.417180,0.184726,0.170059,0.123619,0.108953,0.511434,0.471434,0.311127,0.318165,0.691537,1
73,300000000,0.963565,0.104554,0.886445,0.202564,0.359292,0.220086,0.478361,0.228672,0.474219,0.228672,0.474219,0.174951,0.102101,0.184726,0.119642,0.192059,0.124114,0.192059,0.124114,0,3.289441,0.192059,0.177393,0.126975,0.112308,0.498361,0.458361,0.311127,0.330000,0.684351,1
73,340000000,0.964835,0.112823,0.900424,0.211024,0.347084,0.228672,0.474219,0.235875,0.479164,0.235875,0.479164,0.182780,0.105464,0.192059,0.124114,0.199393,0.126014,0.199393,0.126014,0,3.237827,0.199393,0.184726,0.131447,0.116780,0.494219,0.454219,0.311127,0.330000,0.670372,1
73,360000000,0.965475,0.117130,0.907390,0.217679,0.348310,0.235875,0.479164,0.243780,0.490077,0.243780,0.490077,0.189018,0.107966,0.199393,0.126014,0.206726,0.129202,0.206726,0.129202,0,3.212087,0.206726,0.192059,0.133348,0.118681,0.499164,0.459164,0.311127,0.330000,0.663406,1
73,380000000,0.966136,0.121625,0.914308,0.227176,0.345862,0.243780,0.490077,0.251660,0.500642,0.251660,0.500642,0.197848,0.111647,0.206726,0.129202,0.214059,0.132330,0.214059,0.132330,0,3.186837,0.214059,0.199393,0.136536,0.121869,0.510077,0.470077,0.311127,0.330000,0.656489,1
73,420000000,0.967418,0.130858,0.928538,0.235675,0.359146,0.251660,0.500642,0.257017,0.500216,0.257017,0.500216,0.205706,0.115012,0.214059,0.132330,0.220000,0.132882,0.220000,0.132882,0,3.133439,0.220000,0.206726,0.139663,0.124996,0.520642,0.480642,0.311127,0.330000,0.642258,1
73,440000000,0.968019,0.135541,0.935779,0.236033,0.362023,0.257017,0.500216,0.256184,0.492973,0.256184,0.492973,0.205936,0.115334,0.220000,0.132882,0.220000,0.131263,0.220000,0.131263,0,3.105332,0.220000,0.212667,0.140216,0.125549,0.520216,0.480216,0.311127,0.330000,0.635018,1
73,460000000,0.968672,0.140468,0.943324,0.248534,0.377262,0.256184,0.492973,0.255341,0.485513,0.255341,0.485513,0.218207,0.118974,0.220000,0.131263,0.220000,0.129610,0.220000,0.129610,0,3.076352,0.220000,0.212667,0.138597,0.123930,0.512973,0.472973,0.311127,0.330000,0.627473,1
73,480000000,0.969311,0.145419,0.950761,0.249580,0.371872,0.255341,0.485513,0.254521,0.478218,0.254521,0.478218,0.219626,0.118553,0.220000,0.129610,0.220000,0.127988,0.220000,0.127988,0,3.047628,0.220000,0.212667,0.136944,0.122277,0.505513,0.465513,0.311127,0.330000,0.620035,1
73,520000000,0.970526,0.155315,0.965549,0.248973,0.367951,0.254521,0.478218,0.252905,0.463848,0.252905,0.463848,0.219993,0.116579,0.220000,0.127988,0.220000,0.124743,0.220000,0.124743,0,2.989344,0.220000,0.212667,0.135321,0.120655,0.498218,0.458218,0.311127,0.330000,0.605247,1
73,540000000,0.971110,0.160256,0.972854,0.248773,0.365250,0.252905,0.463848,0.252118,0.456824,0.252118,0.456824,0.220238,0.115686,0.220000,0.124743,0.220000,0.123141,0.220000,0.123141,0,2.960146,0.220000,0.212667,0.132077,0.117410,0.483848,0.443848,0.311127,0.330000,0.597942,1
73,560000000,0.971689,0.165184,0.980051,0.248085,0.359842,0.252118,0.456824,0.251358,0.449964,0.251358,0.449964,0.220411,0.113864,0.220000,0.123141,0.220000,0.121576,0.220000,0.121576,0,2.931369,0.220000,0.212667,0.130474,0.115807,0.476824,0.436824,0.311127,0.330000,0.590745,1
73,600000000,0.972791,0.175030,0.994331,0.247439,0.355108,0.251358,0.449964,0.249863,0.436477,0.249863,0.436477,0.220704,0.111875,0.220000,0.121576,0.220000,0.118455,0.220000,0.118455,0,2.873209,0.220000,0.212667,0.128909,0.114242,0.469964,0.429964,0.311127,0.330000,0.576465,1
73,620000000,0.973317,0.179942,1.001380,0.247031,0.352433,0.249863,0.436477,0.249136,0.429885,0.249136,0.429885,0.220705,0.110967,0.220000,0.118455,0.220000,0.116913,0.220000,0.116913,0,2.844091,0.220000,0.212667,0.125788,0.111122,0.456477,0.416477,0.311127,0.330000,0.569416,1
73,660000000,0.974329,0.189747,1.015306,0.246116,0.345939,0.249136,0.429885,0.247722,0.416992,0.247722,0.416992,0.220868,0.108585,0.220000,0.116913,0.220000,0.113870,0.220000,0.113870,0,2.785858,0.220000,0.212667,0.124247,0.109580,0.449885,0.409885,0.311127,0.330000,0.555491,1
73,680000000,0.974799,0.194640,1.022284,0.245818,0.348945,0.247722,0.416992,0.247017,0.410581,0.247017,0.410581,0.220728,0.108193,0.220000,0.113870,0.220000,0.112326,0.220000,0.112326,0,2.755954,0.220000,0.212667,0.121203,0.106536,0.436992,0.396992,0.311127,0.330000,0.548512,1
73,720000000,0.975746,0.204377,1.035772,0.244628,0.336344,0.247017,0.410581,0.245699,0.398349,0.245699,0.398349,0.220956,0.104983,0.220000,0.112326,0.220000,0.109399,0.220000,0.109399,0,2.698526,0.220000,0.212667,0.119660,0.104993,0.430581,0.390581,0.311127,0.330000,0.535025,1
73,740000000,0.976193,0.209239,1.042436,0.244151,0.333228,0.245699,0.398349,0.245056,0.392358,0.245056,0.392358,0.220939,0.103904,0.220000,0.109399,0.220000,0.107947,0.220000,0.107947,0,2.669700,0.220000,0.212667,0.116733,0.102066,0.418349,0.378349,0.311127,0.330000,0.528360,1
73,780000000,0.977013,0.218954,1.055784,0.243183,0.332540,0.245056,0.392358,0.243772,0.380441,0.243772,0.380441,0.220571,0.102405,0.220000,0.107947,0.220000,0.104999,0.220000,0.104999,0,2.610463,0.220000,0.212667,0.115281,0.100614,0.412358,0.372358,0.311127,0.330000,0.515012,1
73,800000000,0.977403,0.223805,1.062332,0.243347,0.327390,0.243772,0.380441,0.243153,0.374651,0.243153,0.374651,0.221089,0.101673,0.220000,0.104999,0.220000,0.103555,0.220000,0.103555,0,2.581105,0.220000,0.212667,0.112332,0.097666,0.400441,0.360441,0.311127,0.330000,0.508465,1
73,840000000,0.978145,0.233438,1.075444,0.241076,0.322332,0.243153,0.374651,0.241931,0.363155,0.241931,0.363155,0.220032,0.098507,0.220000,0.103555,0.220000,0.100650,0.220000,0.100650,0,2.521394,0.220000,0.212667,0.110888,0.096221,0.394651,0.354651,0.311127,0.330000,0.495352,1
73,860000000,0.978506,0.238252,1.081801,0.241385,0.317880,0.241931,0.363155,0.241354,0.357638,0.241354,0.357638,0.220718,0.097725,0.220000,0.100650,0.220000,0.099255,0.220000,0.099255,0,2.492379,0.220000,0.212667,0.107984,0.093317,0.383155,0.343155,0.311127,0.330000,0.488995,1
73,880000000,0.978855,0.243066,1.088083,0.241325,0.314085,0.241354,0.357638,0.240789,0.352219,0.240789,0.352219,0.221008,0.096918,0.220000,0.099255,0.220000,0.097875,0.220000,0.097875,0,2.463488,0.220000,0.212667,0.106588,0.091921,0.377638,0.337638,0.311127,0.330000,0.482713,1
73,920000000,0.979498,0.252630,1.100764,0.238791,0.313001,0.240789,0.352219,0.239659,0.341356,0.239659,0.341356,0.219434,0.094181,0.220000,0.097875,0.220000,0.095061,0.220000,0.095061,0,2.403938,0.220000,0.212667,0.105208,0.090542,0.372219,0.332219,0.311127,0.330000,0.470032,1
73,960000000,0.980114,0.262166,1.113004,0.239034,0.303179,0.239659,0.341356,0.238603,0.331002,0.238603,0.331002,0.220448,0.092411,0.220000,0.095061,0.220000,0.092366,0.220000,0.092366,0,2.346127,0.220000,0.212667,0.102394,0.087727,0.361356,0.321356,0.311127,0.330000,0.457793,1
73,980000000,0.980396,0.266945,1.119107,0.239350,0.305165,0.238603,0.331002,0.238082,0.325876,0.238082,0.325876,0.220874,0.092210,0.220000,0.092366,0.220000,0.091011,0.220000,0.091011,0,2.316776,0.220000,0.212667,0.099699,0.085033,0.351002,0.311002,0.311127,0.330000,0.451689,1
74,0,0.980668,0.271684,1.125288,0.237363,0.309028,0.238082,0.325876,0.237559,0.320711,0.237559,0.320711,0.219451,0.090458,0.220000,0.091011,0.220000,0.089634,0.220000,0.089634,0,2.286751,0.220000,0.212667,0.098344,0.083678,0.345876,0.305876,0.311127,0.330000,0.445509,1
74,40000000,0.981234,0.281116,1.137006,0.236533,0.286692,0.237559,0.320711,0.236607,0.311023,0.236607,0.311023,0.220122,0.086568,0.220000,0.089634,0.220000,0.087079,0.220000,0.087079,0,2.230504,0.220000,0.212667,0.096968,0.082301,0.340711,0.300711,0.311127,0.330000,0.433790,1
74,60000000,0.981514,0.285851,1.142662,0.237145,0.282778,0.236607,0.311023,0.236160,0.306389,0.236160,0.306389,0.220952,0.086128,0.220000,0.087079,0.220000,0.085858,0.220000,0.085858,0,2.203391,0.220000,0.212667,0.094412,0.079746,0.331023,0.291023,0.311127,0.330000,0.428135,1
74,100000000,0.982113,0.295269,1.153554,0.235863,0.271644,0.236160,0.306389,0.235336,0.297552,0.235336,0.297552,0.220871,0.082747,0.220000,0.085858,0.220000,0.083566,0.220000,0.083566,0,2.152065,0.220000,0.212667,0.093192,0.078525,0.326389,0.286389,0.311127,0.330000,0.417242,1
74,120000000,0.982389,0.299973,1.158948,0.235603,0.269681,0.235336,0.297552,0.234932,0.293202,0.234932,0.293202,0.220861,0.082033,0.220000,0.083566,0.220000,0.082421,0.220000,0.082421,0,2.126233,0.220000,0.212667,0.090899,0.076232,0.317552,0.277552,0.311127,0.330000,0.411849,1
74,160000000,0.982903,0.309368,1.169637,0.234990,0.265732,0.234932,0.293202,0.234141,0.284630,0.234141,0.284630,0.220842,0.080305,0.220000,0.082421,0.220000,0.080138,0.220000,0.080138,0,2.074331,0.220000,0.212667,0.089754,0.075088,0.313202,0.273202,0.311127,0.330000,0.401159,1
74,200000000,0.983408,0.318728,1.180000,0.234299,0.259022,0.234141,0.284630,0.233400,0.276400,0.233400,0.276400,0.220787,0.078416,0.220000,0.080138,0.220000,0.077945,0.220000,0.077945,0,2.023977,0.220000,0.212667,0.087472,0.072805,0.304630,0.264630,0.311127,0.330000,0.390797,1
74,220000000,0.983660,0.323394,1.185058,0.233654,0.252932,0.233400,0.276400,0.233047,0.272410,0.233047,0.272410,0.220733,0.076624,0.220000,0.077945,0.220000,0.076883,0.220000,0.076883,0,1.999423,0.220000,0.212667,0.085279,0.070612,0.296400,0.256400,0.311127,0.330000,0.385738,1
74,260000000,0.984130,0.332716,1.195079,0.232999,0.247985,0.233047,0.272410,0.232358,0.264548,0.232358,0.264548,0.220721,0.074636,0.220000,0.076883,0.220000,0.074768,0.220000,0.074768,0,1.950167,0.220000,0.212667,0.084217,0.069550,0.292410,0.252410,0.311127,0.330000,0.375717,1
74,280000000,0.984365,0.337363,1.199957,0.232652,0.243909,0.232358,0.264548,0.232032,0.260747,0.232032,0.260747,0.220667,0.073709,0.220000,0.074768,0.220000,0.073747,0.220000,0.073747,0,1.926259,0.220000,0.212667,0.082101,0.067434,0.284548,0.244548,0.311127,0.330000,0.370839,1
74,320000000,0.984809,0.346640,1.209613,0.231991,0.238161,0.232032,0.260747,0.231395,0.253261,0.231395,0.253261,0.220596,0.071814,0.220000,0.073747,0.220000,0.071720,0.220000,0.071720,0,1.878453,0.220000,0.212667,0.081081,0.066414,0.280747,0.240747,0.311127,0.330000,0.361183,1
74,340000000,0.985017,0.351273,1.214407,0.231870,0.239687,0.231395,0.253261,0.231084,0.249563,0.231084,0.249563,0.220554,0.071550,0.220000,0.071720,0.220000,0.070708,0.220000,0.070708,0,1.854449,0.220000,0.212667,0.079053,0.064386,0.273261,0.233261,0.311127,0.330000,0.356389,1
74,380000000,0.985461,0.360504,1.223610,0.231053,0.229165,0.231084,0.249563,0.230509,0.242514,0.230509,0.242514,0.220541,0.068898,0.220000,0.070708,0.220000,0.068806,0.220000,0.068806,0,1.809059,0.220000,0.212667,0.078041,0.063375,0.269563,0.229563,0.311127,0.330000,0.347187,1
74,400000000,0.985670,0.365116,1.228139,0.230821,0.226453,0.230509,0.242514,0.230230,0.239060,0.230230,0.239060,0.220545,0.068107,0.220000,0.068806,0.220000,0.067866,0.220000,0.067866,0,1.786505,0.220000,0.212667,0.076139,0.061472,0.262514,0.222514,0.311127,0.330000,0.342658,1
74,440000000,0.986059,0.374329,1.237098,0.230255,0.221597,0.230230,0.239060,0.229686,0.232260,0.229686,0.232260,0.220513,0.066267,0.220000,0.067866,0.220000,0.065996,0.220000,0.065996,0,1.741401,0.220000,0.212667,0.075199,0.060532,0.259060,0.219060,0.311127,0.330000,0.333698,1
74,460000000,0.986254,0.378925,1.241462,0.230015,0.218188,0.229686,0.232260,0.229428,0.228965,0.229428,0.228965,0.220491,0.065503,0.220000,0.065996,0.220000,0.065093,0.220000,0.065093,0,1.719500,0.220000,0.212667,0.073329,0.058662,0.252260,0.212260,0.311127,0.330000,0.329335,1
74,500000000,0.986639,0.388101,1.250017,0.229498,0.212762,0.229428,0.228965,0.228934,0.222537,0.228934,0.222537,0.220457,0.063782,0.220000,0.065093,0.220000,0.063329,0.220000,0.063329,0,1.676520,0.220000,0.212667,0.072426,0.057759,0.248965,0.208965,0.311127,0.330000,0.320779,1
74,520000000,0.986818,0.392684,1.254240,0.229348,0.211126,0.228934,0.222537,0.228693,0.219376,0.228693,0.219376,0.220446,0.063275,0.220000,0.063329,0.220000,0.062453,0.220000,0.062453,0,1.655070,0.220000,0.212667,0.070662,0.055996,0.242537,0.202537,0.311127,0.330000,0.316556,1
74,560000000,0.987135,0.401847,1.262638,0.229162,0.209979,0.228693,0.219376,0.228217,0.213112,0.228217,0.213112,0.220432,0.062652,0.220000,0.062453,0.220000,0.060689,0.220000,0.060689,0,1.611675,0.220000,0.212667,0.069786,0.055120,0.239376,0.199376,0.311127,0.330000,0.308158,1
74,580000000,0.987309,0.406414,1.266687,0.228543,0.202421,0.228217,0.213112,0.227997,0.210110,0.227997,0.210110,0.220387,0.060508,0.220000,0.060689,0.220000,0.059856,0.220000,0.059856,0,1.591088,0.220000,0.212667,0.068022,0.053356,0.233112,0.193112,0.311127,0.330000,0.304110,1
74,620000000,0.987626,0.415537,1.274743,0.227897,0.200088,0.227997,0.210110,0.227564,0.204154,0.227564,0.204154,0.220088,0.059149,0.220000,0.059856,0.220000,0.058183,0.220000,0.058183,0,1.549552,0.220000,0.212667,0.067189,0.052523,0.230110,0.190110,0.311127,0.330000,0.296053,1
74,640000000,0.987776,0.420096,1.278684,0.228089,0.197033,0.227564,0.204154,0.227355,0.201253,0.227355,0.201253,0.220369,0.058840,0.220000,0.058183,0.220000,0.057363,0.220000,0.057363,0,1.529125,0.220000,0.212667,0.065516,0.050849,0.224154,0.184154,0.311127,0.330000,0.292113,1
74,680000000,0.988082,0.429189,1.286453,0.227417,0.190156,0.227355,0.201253,0.226956,0.195556,0.226956,0.195556,0.220274,0.056550,0.220000,0.057363,0.220000,0.055758,0.220000,0.055758,0,1.488962,0.220000,0.212667,0.064696,0.050030,0.221253,0.181253,0.311127,0.330000,0.284343,1
74,700000000,0.988231,0.433733,1.290228,0.227310,0.188775,0.226956,0.195556,0.226766,0.192798,0.226766,0.192798,0.220278,0.056101,0.220000,0.055758,0.220000,0.054981,0.220000,0.054981,0,1.469436,0.220000,0.212667,0.063092,0.048425,0.215556,0.175556,0.311127,0.330000,0.280568,1
74,740000000,0.988510,0.442813,1.297683,0.226959,0.185575,0.226766,0.192798,0.226397,0.187370,0.226397,0.187370,0.220234,0.054841,0.220000,0.054981,0.220000,0.053439,0.220000,0.053439,0,1.430549,0.220000,0.212667,0.062314,0.047648,0.212798,0.172798,0.311127,0.330000,0.273113,1
74,760000000,0.988659,0.447344,1.301289,0.226688,0.180316,0.226397,0.187370,0.226225,0.184755,0.226225,0.184755,0.220280,0.053518,0.220000,0.053439,0.220000,0.052704,0.220000,0.052704,0,1.411958,0.220000,0.212667,0.060772,0.046106,0.207370,0.167370,0.311127,0.330000,0.269507,1
74,800000000,0.988946,0.456397,1.308380,0.226329,0.175696,0.226225,0.184755,0.225893,0.179630,0.225893,0.179630,0.220259,0.052067,0.220000,0.052704,0.220000,0.051259,0.220000,0.051259,0,1.375266,0.220000,0.212667,0.060038,0.045371,0.204755,0.164755,0.311127,0.330000,0.262417,1
74,820000000,0.989075,0.460922,1.311888,0.226325,0.175402,0.225893,0.179630,0.225730,0.177101,0.225730,0.177101,0.220263,0.052033,0.220000,0.051259,0.220000,0.050537,0.220000,0.050537,0,1.356862,0.220000,0.212667,0.058593,0.043926,0.199630,0.159630,0.311127,0.330000,0.258909,1
74,860000000,0.989361,0.469951,1.318678,0.225836,0.169015,0.225730,0.177101,0.225427,0.172225,0.225427,0.172225,0.220231,0.050003,0.220000,0.050537,0.220000,0.049167,0.220000,0.049167,0,1.321851,0.220000,0.212667,0.057870,0.043204,0.197101,0.157101,0.311127,0.330000,0.252118,1
74,900000000,0.989611,0.478977,1.325368,0.225674,0.166522,0.225427,0.172225,0.225133,0.167436,0.225133,0.167436,0.220225,0.049289,0.220000,0.049167,0.220000,0.047798,0.220000,0.047798,0,1.286740,0.220000,0.212667,0.056500,0.041834,0.192225,0.152225,0.311127,0.330000,0.245428,1
74,920000000,0.989719,0.483487,1.328733,0.225606,0.168253,0.225133,0.167436,0.224985,0.165032,0.224985,0.165032,0.220188,0.049146,0.220000,0.047798,0.220000,0.047099,0.220000,0.047099,0,1.268749,0.220000,0.212667,0.055132,0.040465,0.187436,0.147436,0.311127,0.330000,0.242063,1
74,960000000,0.989956,0.492480,1.335325,0.224862,0.160169,0.224985,0.165032,0.224706,0.160339,0.224706,0.160339,0.219931,0.046831,0.220000,0.047099,0.220000,0.045749,0.220000,0.045749,0,1.233916,0.220000,0.212667,0.054433,0.039766,0.185032,0.145032,0.311127,0.330000,0.235471,1
74,980000000,0.990079,0.496977,1.338461,0.224944,0.156800,0.224706,0.160339,0.224578,0.158113,0.224578,0.158113,0.220168,0.046106,0.220000,0.045749,0.220000,0.045115,0.220000,0.045115,0,1.217513,0.220000,0.212667,0.053083,0.038416,0.180339,0.140339,0.311127,0.330000,0.232335,1
75,20000000,0.990300,0.505961,1.344713,0.224390,0.156613,0.224578,0.158113,0.224325,0.153685,0.224325,0.153685,0.219793,0.045186,0.220000,0.045115,0.220000,0.043838,0.220000,0.043838,0,1.184367,0.220000,0.212667,0.052449,0.037782,0.178113,0.138113,0.311127,0.330000,0.226083,1
75,40000000,0.990419,0.510450,1.347724,0.224502,0.150518,0.224325,0.153685,0.224207,0.151559,0.224207,0.151559,0.220112,0.044182,0.220000,0.043838,0.220000,0.043231,0.220000,0.043231,0,1.168600,0.220000,0.212667,0.051171,0.036504,0.173685,0.133685,0.311127,0.330000,0.223073,1
75,80000000,0.990646,0.519421,1.353641,0.224297,0.146283,0.224207,0.151559,0.223980,0.147389,0.223980,0.147389,0.220149,0.042937,0.220000,0.043231,0.220000,0.042038,0.220000,0.042038,0,1.137490,0.220000,0.212667,0.050565,0.035898,0.171559,0.131559,0.311127,0.330000,0.217155,1
75,100000000,0.990754,0.523906,1.356561,0.224308,0.145970,0.223980,0.147389,0.223870,0.145336,0.223870,0.145336,0.220206,0.042701,0.220000,0.042038,0.220000,0.041447,0.220000,0.041447,0,1.122051,0.220000,0.212667,0.049371,0.034705,0.167389,0.127389,0.311127,0.330000,0.214236,1
75,140000000,0.990988,0.532862,1.362194,0.223960,0.140556,0.223870,0.145336,0.223666,0.141386,0.223666,0.141386,0.220144,0.041168,0.220000,0.041447,0.220000,0.040327,0.220000,0.040327,0,1.092728,0.220000,0.212667,0.048780,0.034114,0.165336,0.125336,0.311127,0.330000,0.208603,1
75,160000000,0.991098,0.537338,1.364969,0.223848,0.138773,0.223666,0.141386,0.223566,0.139442,0.223566,0.139442,0.220129,0.040637,0.220000,0.040327,0.220000,0.039772,0.220000,0.039772,0,1.078163,0.220000,0.212667,0.047660,0.032994,0.161386,0.121386,0.311127,0.330000,0.205827,1
75,200000000,0.991307,0.546289,1.370457,0.223829,0.135963,0.223566,0.139442,0.223373,0.135607,0.223373,0.135607,0.220341,0.039358,0.220000,0.039772,0.220000,0.038670,0.220000,0.038670,0,1.049200,0.220000,0.212667,0.047105,0.032438,0.159442,0.119442,0.311127,0.330000,0.200339,1
75,220000000,0.991412,0.550758,1.373125,0.223548,0.133411,0.223373,0.135607,0.223281,0.133746,0.223281,0.133746,0.220116,0.039022,0.220000,0.038670,0.220000,0.038137,0.220000,0.038137,0,1.035164,0.220000,0.212667,0.046003,0.031337,0.155607,0.115607,0.311127,0.330000,0.197671,1
75,260000000,0.991617,0.559694,1.378366,0.223356,0.129917,0.223281,0.133746,0.223105,0.130097,0.223105,0.130097,0.220107,0.037962,0.220000,0.038137,0.220000,0.037091,0.220000,0.037091,0,1.007577,0.220000,0.212667,0.045470,0.030804,0.153746,0.113746,0.311127,0.330000,0.192430,1
75,300000000,0.991800,0.568624,1.383514,0.223264,0.127910,0.223105,0.130097,0.222934,0.126521,0.222934,0.126521,0.220107,0.037408,0.220000,0.037091,0.220000,0.036052,0.220000,0.036052,0,0.980106,0.220000,0.212667,0.044425,0.029758,0.150097,0.110097,0.311127,0.330000,0.187283,1
75,320000000,0.991880,0.573088,1.386075,0.223230,0.128057,0.222934,0.126521,0.222850,0.124743,0.222850,0.124743,0.220092,0.037302,0.220000,0.036052,0.220000,0.035529,0.220000,0.035529,0,0.966242,0.220000,0.212667,0.043386,0.028719,0.146521,0.106521,0.311127,0.330000,0.184722,1
75,360000000,0.992074,0.582004,1.390997,0.222922,0.121631,0.222850,0.124743,0.222697,0.121335,0.222697,0.121335,0.220089,0.035428,0.220000,0.035529,0.220000,0.034551,0.220000,0.034551,0,0.940305,0.220000,0.212667,0.042862,0.028196,0.144743,0.104743,0.311127,0.330000,0.179799,1
75,380000000,0.992165,0.586461,1.393408,0.222877,0.120524,0.222697,0.121335,0.222623,0.119669,0.222623,0.119669,0.220098,0.035088,0.220000,0.034551,0.220000,0.034070,0.220000,0.034070,0,0.927520,0.220000,0.212667,0.041885,0.027218,0.141335,0.101335,0.311127,0.330000,0.177389,1
75,420000000,0.992335,0.595372,1.398178,0.222771,0.118807,0.222623,0.119669,0.222478,0.116375,0.222478,0.116375,0.220120,0.034265,0.220000,0.034070,0.220000,0.033112,0.220000,0.033112,0,0.902024,0.220000,0.212667,0.041404,0.026737,0.139669,0.099669,0.311127,0.330000,0.172619,1
75,440000000,0.992425,0.599823,1.400484,0.222613,0.115324,0.222478,0.116375,0.222410,0.114785,0.222410,0.114785,0.220075,0.033515,0.220000,0.033112,0.220000,0.032655,0.220000,0.032655,0,0.889835,0.220000,0.212667,0.040446,0.025779,0.136375,0.096375,0.311127,0.330000,0.170312,1
75,480000000,0.992596,0.608723,1.405025,0.222469,0.112291,0.222410,0.114785,0.222279,0.111660,0.222279,0.111660,0.220071,0.032580,0.220000,0.032655,0.220000,0.031751,0.220000,0.031751,0,0.865724,0.220000,0.212667,0.039988,0.025322,0.134785,0.094785,0.311127,0.330000,0.165772,1
75,500000000,0.992676,0.613172,1.407266,0.222484,0.112088,0.222279,0.111660,0.222216,0.110118,0.222216,0.110118,0.220099,0.032488,0.220000,0.031751,0.220000,0.031303,0.220000,0.031303,0,0.853731,0.220000,0.212667,0.039085,0.024418,0.131660,0.091660,0.311127,0.330000,0.163530,1
75,540000000,0.992854,0.622062,1.411596,0.222272,0.107891,0.222216,0.110118,0.222098,0.107146,0.222098,0.107146,0.220064,0.031256,0.220000,0.031303,0.220000,0.030452,0.220000,0.030452,0,0.830978,0.220000,0.212667,0.038636,0.023969,0.130118,0.090118,0.311127,0.330000,0.159200,1
75,560000000,0.992935,0.626506,1.413732,0.222232,0.106821,0.222098,0.107146,0.222040,0.105680,0.222040,0.105680,0.220066,0.030952,0.220000,0.030452,0.220000,0.030028,0.220000,0.030028,0,0.819630,0.220000,0.212667,0.037785,0.023119,0.127146,0.087146,0.311127,0.330000,0.157064,1
75,600000000,0.993080,0.635393,1.417983,0.222182,0.106401,0.222040,0.105680,0.221926,0.102767,0.221926,0.102767,0.220067,0.030585,0.220000,0.030028,0.220000,0.029174,0.220000,0.029174,0,0.796729,0.220000,0.212667,0.037362,0.022695,0.125680,0.085680,0.311127,0.330000,0.152813,1
75,620000000,0.993160,0.639833,1.420031,0.222047,0.102390,0.221926,0.102767,0.221873,0.101366,0.221873,0.101366,0.220066,0.029598,0.220000,0.029174,0.220000,0.028770,0.220000,0.028770,0,0.785880,0.220000,0.212667,0.036508,0.021841,0.122767,0.082767,0.311127,0.330000,0.150765,1
75,660000000,0.993316,0.648711,1.424058,0.221921,0.099587,0.221873,0.101366,0.221772,0.098613,0.221772,0.098613,0.220051,0.028749,0.220000,0.028770,0.220000,0.027975,0.220000,0.027975,0,0.764516,0.220000,0.212667,0.036104,0.021437,0.121366,0.081366,0.311127,0.330000,0.146738,1
75,680000000,0.993392,0.653148,1.426049,0.221888,0.099532,0.221772,0.098613,0.221722,0.097254,0.221722,0.097254,0.220056,0.028457,0.220000,0.027975,0.220000,0.027582,0.220000,0.027582,0,0.753925,0.220000,0.212667,0.035309,0.020642,0.118613,0.078613,0.311127,0.330000,0.144747,1
75,720000000,0.993551,0.662017,1.429882,0.221767,0.095656,0.221722,0.097254,0.213628,0.117254,0.213628,0.117254,0.220046,0.027576,0.220000,0.027582,0.212667,0.020248,0.212667,0.020248,0,0.733777,0.220000,0.212667,0.034915,0.020248,0.117254,0.077254,0.311127,0.330000,1.711711,1
75,740000000,0.993626,0.666451,1.431772,0.221732,0.094520,0.213628,0.117254,0.221576,0.097254,0.221576,0.097254,0.220056,0.027217,0.212667,0.020248,0.220000,0.026383,0.220000,0.026383,0,0.741779,0.220000,0.205333,0.027582,0.012915,0.137254,0.097254,0.311127,0.320443,0.139024,1
75,780000000,0.993768,0.675316,1.435582,0.221607,0.096409,0.221576,0.097254,0.213518,0.117254,0.213518,0.117254,0.220036,0.026337,0.220000,0.026383,0.212667,0.019049,0.212667,0.019049,0,0.712945,0.220000,0.212667,0.033716,0.019049,0.117254,0.077254,0.311127,0.330000,1.706010,1
75,800000000,0.993841,0.679747,1.437475,0.221573,0.094614,0.213518,0.117254,0.205667,0.137254,0.205667,0.137254,0.220039,0.026024,0.212667,0.019049,0.205333,0.011716,0.205333,0.011716,0,0.710900,0.220000,0.205333,0.026383,0.011716,0.137254,0.097254,0.311127,0.320277,1.704118,1
75,840000000,0.994130,0.688367,1.442037,0.213515,0.119815,0.205667,0.137254,0.198049,0.157254,0.198049,0.157254,0.212649,0.019212,0.205333,0.011716,0.198000,0.004383,0.198000,0.004383,0,0.709950,0.212667,0.198000,0.019049,0.004383,0.157254,0.117254,0.311127,0.308501,1.699555,1
75,860000000,0.994301,0.692622,1.444602,0.212905,0.128226,0.198049,0.157254,0.205667,0.137254,0.205667,0.137254,0.212095,0.018556,0.198000,0.004383,0.205333,0.011716,0.205333,0.011716,0,0.719050,0.205333,0.190667,0.011716,-0.002951,0.177254,0.137254,0.311127,0.297073,0.126194,1
75,900000000,0.995044,0.700516,1.450841,0.197960,0.154656,0.205667,0.137254,0.198049,0.157254,0.198049,0.157254,0.197882,0.005565,0.205333,0.011716,0.198000,0.004383,0.198000,0.004383,0,0.689259,0.212667,0.198000,0.019049,0.004383,0.157254,0.117254,0.311127,0.308501,1.690752,1
75,920000000,0.995291,0.704616,1.453659,0.205410,0.140945,0.198049,0.157254,0.190701,0.177254,0.190701,0.177254,0.205062,0.011960,0.198000,0.004383,0.190667,0.003612,0.190667,0.003612,0,0.683934,0.205333,0.190667,0.011716,-0.002951,0.177254,0.137254,0.311127,0.297073,1.687933,1
75,960000000,0.995809,0.712660,1.459759,0.197378,0.163083,0.190701,0.177254,0.183369,0.197254,0.183369,0.197254,0.197217,0.007984,0.190667,0.003612,0.183333,0.003633,0.183333,0.003633,0,0.672859,0.198000,0.183333,0.010945,-0.003722,0.197254,0.157254,0.311127,0.286051,1.681833,1
76,0,0.996448,0.720194,1.466805,0.187377,0.180562,0.183369,0.197254,0.176036,0.217254,0.176036,0.217254,0.187331,0.004145,0.183333,0.003633,0.176000,0.003579,0.176000,0.003579,0,0.661327,0.190667,0.176000,0.010966,-0.003701,0.217254,0.177254,0.311127,0.275054,1.674788,1
76,20000000,0.996736,0.723849,1.470694,0.183337,0.194480,0.176036,0.217254,0.183658,0.197254,0.183658,0.197254,0.183288,0.004250,0.176000,0.003579,0.183333,0.010913,0.183333,0.010913,0,0.663706,0.183333,0.168667,0.010913,-0.003754,0.237254,0.197254,0.311127,0.264055,0.100102,1
76,60000000,0.997259,0.730962,1.479090,0.176019,0.217416,0.183658,0.197254,0.176036,0.217254,0.176036,0.217254,0.175974,0.003977,0.183333,0.010913,0.176000,0.003579,0.176000,0.003579,0,0.605287,0.190667,0.176000,0.018246,0.003579,0.217254,0.177254,0.311127,0.275487,1.662503,1
76,80000000,0.997495,0.734474,1.483451,0.176024,0.218080,0.176036,0.217254,0.168697,0.237254,0.168697,0.237254,0.175982,0.003879,0.176000,0.003579,0.168667,0.003190,0.168667,0.003190,0,0.589124,0.183333,0.168667,0.010913,-0.003754,0.237254,0.197254,0.311127,0.264055,1.658141,1
76,100000000,0.997718,0.737988,1.487866,0.176029,0.220736,0.168697,0.237254,0.161363,0.257254,0.161363,0.257254,0.175987,0.003804,0.168667,0.003190,0.161333,0.003112,0.161333,0.003112,0,0.583646,0.176000,0.161333,0.010523,-0.004143,0.257254,0.217254,0.311127,0.253045,1.653727,1
76,140000000,0.998119,0.744886,1.497003,0.169478,0.236939,0.161363,0.257254,0.168990,0.237254,0.168990,0.237254,0.169447,0.003245,0.161333,0.003112,0.168667,0.010446,0.168667,0.010446,0,0.545150,0.168667,0.154000,0.010446,-0.004221,0.277254,0.237254,0.311127,0.242045,0.073793,1
76,180000000,0.998393,0.751630,1.506461,0.168798,0.234394,0.168990,0.237254,0.161363,0.257254,0.161363,0.257254,0.168679,0.006344,0.168667,0.010446,0.161333,0.003112,0.161333,0.003112,0,0.465705,0.176000,0.161333,0.017779,0.003112,0.257254,0.217254,0.311127,0.253485,1.635132,1
76,200000000,0.998411,0.755009,1.511070,0.168959,0.230476,0.161363,0.257254,0.154017,0.277254,0.154017,0.277254,0.168688,0.009559,0.161333,0.003112,0.154000,0.002316,0.154000,0.002316,0,0.439057,0.168667,0.154000,0.010446,-0.004221,0.277254,0.237254,0.311127,0.242045,1.630522,1
76,240000000,0.998534,0.761603,1.520883,0.161472,0.257306,0.154017,0.277254,0.146679,0.297254,0.146679,0.297254,0.161445,0.002965,0.154000,0.002316,0.146667,0.001936,0.146667,0.001936,0,0.377051,0.161333,0.146667,0.009649,-0.005017,0.297254,0.257254,0.311127,0.231026,1.620710,1
76,260000000,0.998631,0.764829,1.525990,0.161371,0.255362,0.146679,0.297254,0.154198,0.277254,0.154198,0.277254,0.161348,0.002738,0.146667,0.001936,0.154000,0.007802,0.154000,0.007802,0,0.350658,0.154000,0.139333,0.009269,-0.005397,0.317254,0.277254,0.311127,0.220019,0.044807,1
76,300000000,0.998796,0.770702,1.537212,0.146675,0.279903,0.154198,0.277254,0.146672,0.297254,0.146672,0.297254,0.146667,0.001519,0.154000,0.007802,0.146667,0.001263,0.146667,0.001263,0,0.247086,0.161333,0.146667,0.015136,0.000469,0.297254,0.257254,0.311127,0.231296,1.604381,1
76,320000000,0.998796,0.773719,1.542671,0.150865,0.272974,0.146672,0.297254,0.139337,0.317254,0.139337,0.317254,0.150795,0.004598,0.146667,0.001263,0.139333,0.001029,0.139333,0.001029,0,0.205898,0.154000,0.139333,0.008596,-0.006071,0.317254,0.277254,0.311127,0.220008,1.598921,1
76,360000000,0.998685,0.779834,1.553579,0.151647,0.277211,0.139337,0.317254,0.146678,0.297254,0.146678,0.297254,0.151537,0.005771,0.139333,0.001029,0.146667,0.001857,0.146667,0.001857,0,0.104528,0.146667,0.132000,0.008362,-0.006304,0.337254,0.297254,0.311127,0.209006,0.017217,1
76,400000000,0.998722,0.785415,1.565565,0.139321,0.297860,0.146678,0.297254,0.139333,0.317254,0.139333,0.317254,0.139321,0.000000,0.146667,0.001857,0.139333,-0.000033,0.139333,-0.000033,0,-0.006765,0.154000,0.139333,0.009190,-0.005476,0.317254,0.277254,0.311127,0.220018,1.576027,1
76,420000000,0.998708,0.788316,1.571428,0.145076,0.293156,0.139333,0.317254,0.132000,0.337254,0.132000,0.337254,0.145076,0.000000,0.139333,-0.000033,0.132000,-0.000316,0.132000,-0.000316,0,-0.065205,0.146667,0.132000,0.007301,-0.007366,0.337254,0.297254,0.311127,0.209000,1.570164,1
76,460000000,0.998650,0.793991,1.583509,0.137080,0.313410,0.132000,0.337254,0.124670,0.357254,0.124670,0.357254,0.137080,0.000000,0.132000,-0.000316,0.124667,-0.000911,0.124667,-0.000911,0,-0.197263,0.139333,0.124667,0.007017,-0.007650,0.357254,0.317254,0.311127,0.198001,1.558084,1
76,480000000,0.998628,0.796631,1.589855,0.132044,0.317319,0.124670,0.357254,0.117353,0.337254,0.117353,0.337254,0.132040,-0.001016,0.124667,-0.000911,0.117333,-0.002168,0.117333,-0.002168,0,-0.282288,0.132000,0.117333,0.006422,-0.008245,0.377254,0.337254,0.311127,0.187005,-0.019059,1
76,520000000,0.998551,0.801726,1.603212,0.124770,0.342319,0.117353,0.337254,0.110019,0.317254,0.110019,0.317254,0.124760,-0.001610,0.117333,-0.002168,0.110000,-0.002027,0.110000,-0.002027,0,-0.461727,0.124667,0.110000,0.005166,-0.009501,0.357254,0.317254,0.311127,0.176030,-0.032416,1
76,560000000,0.998451,0.806378,1.616380,0.110484,0.320355,0.110019,0.317254,0.102672,0.297254,0.102672,0.297254,0.110458,-0.002399,0.110000,-0.002027,0.102667,-0.001045,0.102667,-0.001045,0,-0.665830,0.117333,0.102667,0.005306,-0.009360,0.337254,0.297254,0.311127,0.165028,-0.045583,1
76,580000000,0.998399,0.808577,1.622711,0.109985,0.316578,0.102672,0.297254,0.095333,0.277254,0.095333,0.277254,0.109951,-0.002772,0.102667,-0.001045,0.095333,-0.000095,0.095333,-0.000095,0,-0.808680,0.110000,0.095333,0.006289,-0.008378,0.317254,0.277254,0.311127,0.154008,-0.051915,1
76,620000000,0.998235,0.812712,1.634460,0.102618,0.290260,0.095333,0.277254,0.088000,0.257254,0.088000,0.257254,0.102600,-0.001922,0.095333,-0.000095,0.088000,-0.000000,0.088000,-0.000000,0,-1.061959,0.102667,0.088000,0.007239,-0.007428,0.297254,0.257254,0.311127,0.143000,-0.063663,1
76,640000000,0.998133,0.814657,1.640096,0.097373,0.281788,0.088000,0.257254,0.080667,0.237254,0.080667,0.237254,0.097363,-0.001367,0.088000,-0.000000,0.080667,-0.000000,0.080667,-0.000000,0,-1.262842,0.095333,0.080667,0.007333,-0.007333,0.277254,0.237254,0.311127,0.132000,-0.069299,1
76,680000000,0.997903,0.818132,1.650593,0.086025,0.259063,0.080667,0.237254,0.073333,0.217254,0.073333,0.217254,0.086025,0.000000,0.080667,-0.000000,0.073333,-0.000000,0.073333,-0.000000,0,-1.602861,0.088000,0.073333,0.007333,-0.007333,0.257254,0.217254,0.311127,0.121000,-0.079796,1
76,700000000,0.997783,0.819746,1.655434,0.080945,0.242078,0.073333,0.217254,0.066000,0.197254,0.066000,0.197254,0.080945,0.000000,0.073333,-0.000000,0.066000,-0.000000,0.066000,-0.000000,0,-1.901851,0.080667,0.066000,0.007333,-0.007333,0.237254,0.197254,0.311127,0.110000,-0.084638,1
76,740000000,0.997540,0.822717,1.664700,0.068469,0.223764,0.066000,0.197254,0.058667,0.177254,0.058667,0.177254,0.068469,0.000000,0.066000,-0.000000,0.058667,-0.000000,0.058667,-0.000000,0,-2.109191,0.073333,0.058667,0.007333,-0.007333,0.217254,0.177254,0.311127,0.110000,-0.093904,1
76,760000000,0.997423,0.824038,1.669062,0.066318,0.218060,0.058667,0.177254,0.051333,0.157254,0.051333,0.157254,0.066318,0.000000,0.058667,-0.000000,0.051333,-0.000000,0.051333,-0.000000,0,-2.207099,0.066000,0.051333,0.007333,-0.007333,0.197254,0.157254,0.311127,0.110000,-0.098265,1
76,800000000,0.997198,0.826417,1.676904,0.058727,0.191869,0.051333,0.157254,0.044000,0.137254,0.044000,0.137254,0.058727,0.000000,0.051333,-0.000000,0.044000,-0.000000,0.044000,-0.000000,0,-2.385453,0.058667,0.044000,0.007333,-0.007333,0.177254,0.137254,0.311127,0.110000,-0.106108,1
76,820000000,0.997089,0.827492,1.680454,0.054026,0.177464,0.044000,0.137254,0.036667,0.117254,0.036667,0.117254,0.054026,0.000000,0.044000,-0.000000,0.036667,-0.000000,0.036667,-0.000000,0,-2.467392,0.051333,0.036667,0.007333,-0.007333,0.157254,0.117254,0.311127,0.110000,-0.109657,1
76,860000000,0.996885,0.829457,1.687042,0.047325,0.161732,0.036667,0.117254,0.029333,0.097254,0.029333,0.097254,0.047325,0.000000,0.036667,-0.000000,0.029333,-0.000000,0.029333,-0.000000,0,-2.619398,0.044000,0.029333,0.007333,-0.007333,0.137254,0.097254,0.311127,0.110000,-0.116246,1
76,880000000,0.996800,0.830197,1.689980,0.037222,0.146913,0.029333,0.097254,0.022000,0.077254,0.022000,0.077254,0.037222,0.000000,0.029333,-0.000000,0.022000,-0.000000,0.022000,-0.000000,0,-2.686181,0.036667,0.022000,0.007333,-0.007333,0.117254,0.077254,0.311127,0.110000,-0.119184,1
76,920000000,0.996646,0.831534,1.695345,0.030448,0.123856,0.022000,0.077254,0.014667,0.057254,0.014667,0.057254,0.030448,0.000000,0.022000,-0.000000,0.014667,-0.000000,0.014667,-0.000000,0,-2.807692,0.029333,0.014667,0.007333,-0.007333,0.097254,0.057254,0.311127,0.110000,-0.124549,1
76,960000000,0.996525,0.832561,1.699912,0.022426,0.109490,0.014667,0.057254,0.007333,0.037254,0.007333,0.037254,0.022426,0.000000,0.014667,-0.000000,0.007333,-0.000000,0.007333,-0.000000,0,-2.909516,0.022000,0.007333,0.007333,-0.007333,0.077254,0.037254,0.311127,0.110000,-0.129116,1
76,980000000,0.996488,0.832855,1.701846,0.014833,0.096695,0.007333,0.037254,0.000000,0.017254,0.000000,0.017254,0.014833,0.000000,0.007333,-0.000000,0.000000,-0.000000,0.000000,-0.000000,0,-2.950217,0.014667,0.000000,0.007333,-0.007333,0.057254,0.017254,0.311127,0.110000,-0.131050,1
77,20000000,0.996442,0.833235,1.704998,0.007330,0.071396,0.000000,0.017254,0.002251,-0.002746,0.002251,-0.002746,0.007330,0.000000,0.000000,-0.000000,0.002220,-0.000373,0.002220,-0.000373,0,-3.014257,0.007333,-0.007333,0.007333,-0.007333,0.037254,-0.002746,0.311127,0.110000,-0.134201,1
77,40000000,0.996424,0.833380,1.706424,0.007319,0.071319,0.002251,-0.002746,0.009690,-0.011948,0.009690,-0.011948,0.007319,0.000000,0.002220,-0.000373,0.009553,-0.001622,0.009553,-0.001622,0,-3.042706,0.009553,-0.005113,0.006960,-0.007707,0.017254,-0.022746,0.311127,0.110000,-0.135628,1
77,80000000,0.996427,0.833470,1.708316,0.002221,0.047303,0.009690,-0.011948,0.017134,-0.021420,0.017134,-0.021420,0.002221,0.000000,0.009553,-0.001622,0.016887,-0.002899,0.016887,-0.002899,0,-3.076209,0.016887,0.002220,0.005712,-0.008955,0.008052,-0.031948,0.311127,0.110000,-0.137520,1
77,100000000,0.996431,0.833604,1.708964,0.006710,0.032380,0.017134,-0.021420,0.024577,-0.030870,0.024577,-0.030870,0.006617,-0.001109,0.016887,-0.002899,0.024220,-0.004173,0.024220,-0.004173,0,-3.087202,0.024220,0.009553,0.004434,-0.010232,-0.001420,-0.041420,0.311127,0.110000,-0.138167,1
77,140000000,0.996446,0.834139,1.709616,0.017080,0.010162,0.024577,-0.030870,0.032021,-0.040411,0.032021,-0.040411,0.016841,-0.002846,0.024220,-0.004173,0.031553,-0.005453,0.031553,-0.005453,0,-3.096445,0.031553,0.016887,0.003160,-0.011506,-0.010870,-0.050870,0.311127,0.110000,-0.138820,1
77,180000000,0.996475,0.835136,1.709478,0.025308,-0.004694,0.032021,-0.040411,0.039460,-0.049749,0.039460,-0.049749,0.024950,-0.004239,0.031553,-0.005453,0.038887,-0.006704,0.038887,-0.006704,0,-3.089163,0.038887,0.024220,0.001880,-0.012787,-0.020411,-0.060411,0.311127,0.110000,-0.138682,1
77,200000000,0.996495,0.835775,1.708933,0.031972,-0.027247,0.039460,-0.049749,0.046896,-0.058892,0.046896,-0.058892,0.031515,-0.005389,0.038887,-0.006704,0.046220,-0.007934,0.046220,-0.007934,0,-3.076169,0.046220,0.031553,0.000629,-0.014038,-0.029749,-0.069749,0.311127,0.110000,-0.138137,1
77,220000000,0.996514,0.836415,1.708395,0.032019,-0.026915,0.046896,-0.058892,0.054330,-0.067961,0.054330,-0.067961,0.031567,-0.005360,0.046220,-0.007934,0.053553,-0.009154,0.053553,-0.009154,0,-3.063356,0.053553,0.038887,-0.000601,-0.015268,-0.038892,-0.078892,0.311127,0.110000,-0.137598,1
77,260000000,0.996572,0.838289,1.706328,0.046892,-0.051517,0.054330,-0.067961,0.061743,-0.076074,0.061743,-0.076074,0.046240,-0.007792,0.053553,-0.009154,0.060887,-0.010245,0.060887,-0.010245,0,-3.016907,0.060887,0.046220,-0.001820,-0.016487,-0.047961,-0.087961,0.311127,0.110000,-0.135532,1
77,280000000,0.996606,0.839359,1.705023,0.053545,-0.065283,0.061743,-0.076074,0.069160,-0.084392,0.069160,-0.084392,0.052802,-0.008888,0.060887,-0.010245,0.068220,-0.011365,0.068220,-0.011365,0,-2.987916,0.068220,0.053553,-0.002912,-0.017578,-0.056074,-0.096074,0.311127,0.110000,-0.134226,1
77,320000000,0.996681,0.841678,1.702200,0.061663,-0.074669,0.069160,-0.084392,0.076550,-0.091445,0.076550,-0.091445,0.060835,-0.010069,0.068220,-0.011365,0.075553,-0.012315,0.075553,-0.012315,0,-2.925075,0.075553,0.060887,-0.004032,-0.018699,-0.064392,-0.104392,0.311127,0.110000,-0.131403,1
77,340000000,0.996724,0.843060,1.700547,0.069155,-0.082617,0.076550,-0.091445,0.083936,-0.094846,0.083936,-0.094846,0.068250,-0.011151,0.075553,-0.012315,0.082887,-0.013230,0.082887,-0.013230,0,-2.745400,0.082887,0.068220,-0.004982,-0.019649,-0.071445,-0.111445,0.311127,0.114826,-0.129751,1
77,380000000,0.996819,0.846031,1.697045,0.076545,-0.089532,0.083936,-0.094846,0.091266,-0.091515,0.091266,-0.091515,0.075585,-0.012082,0.082887,-0.013230,0.090220,-0.013776,0.090220,-0.013776,0,-2.397686,0.090220,0.075553,-0.005897,-0.020563,-0.074846,-0.114846,0.311127,0.125904,-0.126248,1
77,400000000,0.996868,0.847648,1.695243,0.080889,-0.090068,0.091266,-0.091515,0.098622,-0.089652,0.098622,-0.089652,0.079908,-0.012564,0.090220,-0.013776,0.097553,-0.014477,0.097553,-0.014477,0,-2.144528,0.097553,0.082887,-0.006442,-0.021109,-0.071515,-0.111515,0.311127,0.136898,-0.124447,1
77,440000000,0.996965,0.851327,1.691652,0.092708,-0.089549,0.098622,-0.089652,0.090502,-0.069652,0.090502,-0.069652,0.091689,-0.013709,0.097553,-0.014477,0.090220,-0.007143,0.090220,-0.007143,0,-1.904928,0.104887,0.090220,-0.007143,-0.021810,-0.069652,-0.109652,0.311127,0.147933,1.449940,1
77,460000000,0.997015,0.853299,1.689893,0.098618,-0.087948,0.090502,-0.069652,0.098532,-0.086443,0.098532,-0.086443,0.097582,-0.014258,0.090220,-0.007143,0.097553,-0.013856,0.097553,-0.013856,0,-2.071678,0.097553,0.082887,0.000190,-0.014477,-0.049652,-0.089652,0.311127,0.135754,-0.119097,1
77,500000000,0.997115,0.857241,1.686426,0.098547,-0.085577,0.098532,-0.086443,0.090455,-0.066443,0.090455,-0.066443,0.097578,-0.013784,0.097553,-0.013856,0.090220,-0.006522,0.090220,-0.006522,0,-1.896741,0.104887,0.090220,-0.006522,-0.021189,-0.066443,-0.106443,0.311127,0.147799,1.455167,1
77,540000000,0.997166,0.861123,1.683156,0.095623,-0.078545,0.090455,-0.066443,0.082887,-0.046443,0.082887,-0.046443,0.094994,-0.010948,0.090220,-0.006522,0.082887,-0.000000,0.082887,-0.000000,0,-1.958254,0.097553,0.082887,0.000811,-0.013856,-0.046443,-0.086443,0.311127,0.135683,1.458436,1
77,560000000,0.997099,0.862935,1.681783,0.090647,-0.068678,0.082887,-0.046443,0.075908,-0.066443,0.075908,-0.066443,0.090395,-0.006757,0.082887,-0.000000,0.075553,-0.007333,0.075553,-0.007333,0,-2.154183,0.090220,0.075553,0.007333,-0.007333,-0.026443,-0.066443,0.311127,0.124330,-0.110987,1
77,600000000,0.997022,0.866180,1.679151,0.076102,-0.066312,0.075908,-0.066443,0.083642,-0.079596,0.083642,-0.079596,0.075749,-0.007318,0.075553,-0.007333,0.082887,-0.011217,0.082887,-0.011217,0,-2.355521,0.082887,0.068220,0.000000,-0.014667,-0.046443,-0.086443,0.311127,0.113863,-0.108355,1
77,620000000,0.997005,0.867701,1.677824,0.076085,-0.066367,0.083642,-0.079596,0.075653,-0.059596,0.075653,-0.059596,0.075732,-0.007321,0.082887,-0.011217,0.075553,-0.003883,0.075553,-0.003883,0,-2.080692,0.090220,0.075553,-0.003883,-0.018550,-0.059596,-0.099596,0.311127,0.125463,1.463769,1
77,660000000,0.997088,0.871029,1.674733,0.083638,-0.077907,0.075653,-0.059596,0.083588,-0.076558,0.083588,-0.076558,0.082911,-0.011010,0.075553,-0.003883,0.082887,-0.010803,0.082887,-0.010803,0,-2.277690,0.082887,0.068220,0.003450,-0.011217,-0.039596,-0.079596,0.311127,0.113480,-0.103937,1
77,680000000,0.997044,0.872576,1.673384,0.077406,-0.067461,0.083588,-0.076558,0.075633,-0.056558,0.075633,-0.056558,0.077190,-0.005772,0.082887,-0.010803,0.075553,-0.003469,0.075553,-0.003469,0,-2.007164,0.090220,0.075553,-0.003469,-0.018136,-0.056558,-0.096558,0.311127,0.125381,1.468209,1
77,720000000,0.996907,0.875598,1.670863,0.075620,-0.062421,0.075633,-0.056558,0.083563,-0.073706,0.083563,-0.073706,0.075507,-0.004137,0.075553,-0.003469,0.082887,-0.010612,0.082887,-0.010612,0,-2.238756,0.082887,0.068220,0.003864,-0.010803,-0.036558,-0.076558,0.311127,0.113449,-0.100067,1
77,740000000,0.996834,0.877109,1.669649,0.075607,-0.060690,0.083563,-0.073706,0.075624,-0.053706,0.075624,-0.053706,0.075507,-0.003897,0.082887,-0.010612,0.075553,-0.003279,0.075553,-0.003279,0,-2.022012,0.090220,0.075553,-0.003279,-0.017945,-0.053706,-0.093706,0.311127,0.125345,1.471944,1
77,780000000,0.996841,0.880333,1.666964,0.083558,-0.071751,0.075624,-0.053706,0.068220,-0.033706,0.068220,-0.033706,0.082911,-0.010378,0.075553,-0.003279,0.068220,-0.000000,0.068220,-0.000000,0,-2.180965,0.082887,0.068220,0.004055,-0.010612,-0.033706,-0.073706,0.311127,0.113437,1.474629,1
77,800000000,0.996890,0.882004,1.665531,0.083558,-0.071669,0.068220,-0.033706,0.060887,-0.013706,0.060887,-0.013706,0.082912,-0.010368,0.068220,-0.000000,0.060887,-0.000000,0.060887,-0.000000,0,-2.230987,0.075553,0.060887,0.007333,-0.007333,-0.013706,-0.053706,0.311127,0.110000,1.476062,1
77,840000000,0.996693,0.884772,1.663167,0.068155,-0.054808,0.060887,-0.013706,0.053553,0.006294,0.053553,0.006294,0.068155,0.000000,0.060887,-0.000000,0.053553,-0.000093,0.053553,-0.000093,0,-2.220620,0.068220,0.053553,0.007333,-0.007333,0.006294,-0.033706,0.311127,0.110000,1.478426,1
77,860000000,0.996586,0.886019,1.662516,0.062555,-0.032528,0.053553,0.006294,0.046221,0.026294,0.046221,0.026294,0.062555,0.000000,0.053553,-0.000093,0.046220,-0.000269,0.046220,-0.000269,0,-2.226349,0.060887,0.046220,0.007241,-0.007426,0.026294,-0.013706,0.311127,0.110000,1.479076,1
77,900000000,0.996395,0.888336,1.661604,0.055438,-0.016638,0.046221,0.026294,0.038889,0.046294,0.038889,0.046294,0.055438,0.000000,0.046220,-0.000269,0.038887,-0.000448,0.038887,-0.000448,0,-2.241297,0.053553,0.038887,0.007064,-0.007602,0.046294,0.006294,0.311127,0.110000,1.479988,1
77,920000000,0.996324,0.889258,1.661563,0.046223,-0.002090,0.038889,0.046294,0.031560,0.066294,0.031560,0.066294,0.046223,0.000000,0.038887,-0.000448,0.031553,-0.000628,0.031553,-0.000628,0,-2.252206,0.046220,0.031553,0.006885,-0.007781,0.066294,0.026294,0.311127,0.110000,1.480030,1
77,960000000,0.996199,0.890915,1.662169,0.038956,0.024095,0.031560,0.066294,0.024234,0.086294,0.024234,0.086294,0.038956,0.000000,0.031553,-0.000628,0.024220,-0.000813,0.024220,-0.000813,0,-2.306278,0.038887,0.024220,0.006705,-0.007962,0.086294,0.046294,0.311127,0.110000,1.479423,1
77,980000000,0.996143,0.891690,1.662639,0.038859,0.023476,0.024234,0.086294,0.016916,0.106294,0.016916,0.106294,0.038859,0.000000,0.024220,-0.000813,0.016887,-0.000996,0.016887,-0.000996,0,-2.345333,0.031553,0.016887,0.006520,-0.008147,0.106294,0.066294,0.311127,0.110000,1.478954,1
78,20000000,0.996083,0.892698,1.664639,0.024263,0.050364,0.016916,0.106294,0.009628,0.126294,0.009628,0.126294,0.024263,0.000000,0.016887,-0.000996,0.009553,-0.001194,0.009553,-0.001194,0,-2.420823,0.024220,0.009553,0.006337,-0.008329,0.126294,0.086294,0.311127,0.110000,1.476953,1
78,40000000,0.996068,0.893066,1.666060,0.018405,0.071046,0.009628,0.126294,0.010609,0.146294,0.010609,0.146294,0.018405,0.000000,0.009553,-0.001194,0.010517,-0.001397,0.010517,-0.001397,0,-2.460374,0.016887,0.002220,0.006140,-0.008527,0.146294,0.106294,0.311127,0.110000,1.475532,1
78,80000000,0.996052,0.893693,1.669299,0.014390,0.086068,0.010609,0.146294,0.012016,0.166294,0.012016,0.166294,0.014341,-0.001186,0.010517,-0.001397,0.011905,-0.001625,0.011905,-0.001625,0,-2.541991,0.017850,0.003184,0.005937,-0.008730,0.166294,0.126294,0.311127,0.110000,1.472294,1
78,120000000,0.996064,0.894125,1.673514,0.011024,0.109098,0.012016,0.166294,0.013444,0.186294,0.013444,0.186294,0.010930,-0.001436,0.011905,-0.001625,0.013313,-0.001874,0.013313,-0.001874,0,-2.631790,0.019239,0.004572,0.005709,-0.008958,0.186294,0.146294,0.311127,0.110000,1.468079,1
78,140000000,0.996071,0.894365,1.676047,0.012014,0.126670,0.013444,0.186294,0.014880,0.206294,0.014880,0.206294,0.011909,-0.001589,0.013313,-0.001874,0.014729,-0.002112,0.014729,-0.002112,0,-2.685593,0.020646,0.005980,0.005459,-0.009208,0.206294,0.166294,0.311127,0.110000,1.465545,1
78,180000000,0.996087,0.894897,1.681562,0.014569,0.149106,0.014880,0.206294,0.016302,0.226294,0.016302,0.226294,0.014426,-0.002036,0.014729,-0.002112,0.016123,-0.002404,0.016123,-0.002404,0,-2.803736,0.022062,0.007396,0.005221,-0.009445,0.226294,0.186294,0.311127,0.110000,1.460031,1
78,200000000,0.996095,0.895194,1.684597,0.014878,0.151737,0.016302,0.226294,0.017729,0.246294,0.017729,0.246294,0.014733,-0.002072,0.016123,-0.002404,0.017527,-0.002668,0.017527,-0.002668,0,-2.869447,0.023457,0.008790,0.004930,-0.009737,0.246294,0.206294,0.311127,0.110000,1.456996,1
78,240000000,0.996113,0.895840,1.691566,0.016300,0.176762,0.017729,0.246294,0.019142,0.266294,0.019142,0.266294,0.016128,-0.002365,0.017527,-0.002668,0.018903,-0.003013,0.018903,-0.003013,0,-3.020481,0.024860,0.010194,0.004666,-0.010001,0.266294,0.226294,0.311127,0.110000,1.450026,1
78,260000000,0.996123,0.896188,1.695298,0.017403,0.186581,0.019142,0.266294,0.020564,0.286294,0.020564,0.286294,0.017204,-0.002624,0.018903,-0.003013,0.020295,-0.003313,0.020295,-0.003313,0,-3.102083,0.026237,0.011570,0.004320,-0.010347,0.286294,0.246294,0.311127,0.110000,1.446295,1
78,300000000,0.996143,0.896953,1.703372,0.019140,0.201815,0.020564,0.286294,0.021961,0.306294,0.021961,0.306294,0.018908,-0.002973,0.020295,-0.003313,0.021644,-0.003715,0.021644,-0.003715,0,-3.281030,0.027629,0.012962,0.004020,-0.010647,0.306294,0.266294,0.311127,0.110000,1.438221,1
78,320000000,0.996154,0.897364,1.707906,0.020544,0.226716,0.021961,0.306294,0.023375,0.326294,0.023375,0.326294,0.020280,-0.003283,0.021644,-0.003715,0.023020,-0.004060,0.023020,-0.004060,0,-3.382065,0.028978,0.014311,0.003618,-0.011048,0.326294,0.286294,0.311127,0.110000,1.433686,1
78,360000000,0.996175,0.898236,1.717425,0.023049,0.249159,0.023375,0.326294,0.024762,0.346294,0.024762,0.346294,0.022706,-0.003963,0.023020,-0.004060,0.024343,-0.004535,0.024343,-0.004535,0,-3.597064,0.030353,0.015687,0.003273,-0.011393,0.346294,0.306294,0.311127,0.110000,1.424168,1
78,400000000,0.996198,0.899184,1.727746,0.024037,0.264188,0.024762,0.346294,0.026138,0.366294,0.026138,0.366294,0.023654,-0.004275,0.024343,-0.004535,0.025644,-0.005055,0.025644,-0.005055,0,-3.834331,0.031676,0.017010,0.002798,-0.011869,0.366294,0.326294,0.311127,0.110000,1.413847,1
78,420000000,0.996209,0.899679,1.733284,0.024760,0.276890,0.026138,0.366294,0.027537,0.386294,0.027537,0.386294,0.024348,-0.004499,0.025644,-0.005055,0.026987,-0.005478,0.026987,-0.005478,0,-3.962864,0.032977,0.018311,0.002278,-0.012389,0.386294,0.346294,0.311127,0.110000,1.408309,1
78,460000000,0.996230,0.900699,1.744902,0.026105,0.301685,0.027537,0.386294,0.028907,0.406294,0.028907,0.406294,0.025614,-0.005039,0.026987,-0.005478,0.028260,-0.006084,0.028260,-0.006084,0,-4.235807,0.034320,0.019654,0.001856,-0.012811,0.406294,0.366294,0.311127,0.110000,1.396691,1
78,480000000,0.996239,0.901221,1.750936,0.026133,0.301726,0.028907,0.406294,0.030302,0.426294,0.030302,0.426294,0.025642,-0.005041,0.028260,-0.006084,0.029583,-0.006559,0.029583,-0.006559,0,-4.379701,0.035593,0.020927,0.001249,-0.013417,0.426294,0.386294,0.311127,0.110000,1.390656,1
78,520000000,0.996269,0.902373,1.763991,0.028829,0.326388,0.030302,0.426294,0.031651,0.446294,0.031651,0.446294,0.028177,-0.006096,0.029583,-0.006559,0.030807,-0.007258,0.030807,-0.007258,0,-4.694685,0.036917,0.022250,0.000774,-0.013893,0.446294,0.406294,0.311127,0.110000,1.377602,1
78,540000000,0.996281,0.902967,1.770818,0.029666,0.341328,0.031651,0.446294,0.033032,0.466294,0.033032,0.466294,0.028969,-0.006392,0.030807,-0.007258,0.032098,-0.007798,0.032098,-0.007798,0,-4.862303,0.038140,0.023474,0.000075,-0.014592,0.466294,0.426294,0.311127,0.110000,1.370775,1
78,580000000,0.996303,0.904203,1.785119,0.031583,0.363794,0.033032,0.466294,0.034369,0.486294,0.034369,0.486294,0.030750,-0.007206,0.032098,-0.007798,0.033276,-0.008599,0.033276,-0.008599,0,-5.219847,0.039432,0.024765,-0.000465,-0.015131,0.486294,0.446294,0.311127,0.110000,1.356473,1
78,600000000,0.996317,0.904861,1.792645,0.032936,0.376294,0.034369,0.486294,0.035735,0.506294,0.035735,0.506294,0.031992,-0.007828,0.033276,-0.008599,0.034529,-0.009205,0.034529,-0.009205,0,-5.411262,0.040609,0.025942,-0.001266,-0.015933,0.506294,0.466294,0.311127,0.110000,1.348947,1
78,640000000,0.996341,0.906209,1.808248,0.034278,0.401325,0.035735,0.506294,0.037049,0.526294,0.037049,0.526294,0.033174,-0.008629,0.034529,-0.009205,0.035643,-0.010112,0.035643,-0.010112,0,-5.815567,0.041862,0.027195,-0.001872,-0.016539,0.526294,0.486294,0.311127,0.110000,1.333345,1
78,680000000,0.996365,0.907618,1.824651,0.036150,0.418857,0.037049,0.526294,0.038352,0.546294,0.038352,0.546294,0.034829,-0.009684,0.035643,-0.010112,0.036715,-0.011083,0.036715,-0.011083,0,-6.251673,0.042976,0.028309,-0.002779,-0.017445,0.546294,0.506294,0.311127,0.110000,1.316942,1
78,700000000,0.996380,0.908357,1.833176,0.036954,0.426294,0.038352,0.546294,0.039695,0.566294,0.039695,0.566294,0.035533,-0.010149,0.036715,-0.011083,0.037900,-0.011801,0.037900,-0.011801,0,-6.483097,0.044049,0.029382,-0.003750,-0.018417,0.566294,0.526294,0.311127,0.110000,1.308416,1
78,740000000,0.996406,0.909869,1.850883,0.038268,0.451364,0.039695,0.566294,0.040974,0.586294,0.040974,0.586294,0.036618,-0.011117,0.037900,-0.011801,0.038894,-0.012887,0.038894,-0.012887,0,-6.973449,0.045234,0.030567,-0.004468,-0.019135,0.586294,0.546294,0.311127,0.110000,1.290710,1
78,780000000,0.996433,0.911449,1.869399,0.040678,0.474486,0.040974,0.586294,0.041797,0.600000,0.041797,0.600000,0.038644,-0.012702,0.038894,-0.012887,0.039420,-0.013894,0.039420,-0.013894,0,-7.501910,0.046228,0.031561,-0.005553,-0.020220,0.600000,0.566294,0.311127,0.110000,1.272193,1
78,800000000,0.996447,0.912267,1.878930,0.040918,0.476551,0.041797,0.600000,0.041724,0.600000,0.041724,0.600000,0.038827,-0.012914,0.039420,-0.013894,0.039214,-0.014253,0.039214,-0.014253,0,-7.780805,0.046753,0.032087,-0.006561,-0.021227,0.600000,0.580000,0.311127,0.110000,1.262662,1
78,840000000,0.996478,0.913935,1.898860,0.041778,0.500486,0.041724,0.600000,0.041588,0.600000,0.041588,0.600000,0.039390,-0.013921,0.039214,-0.014253,0.038789,-0.014998,0.038789,-0.014998,0,-8.373776,0.046547,0.031880,-0.006919,-0.021586,0.600000,0.580000,0.311127,0.110000,1.242733,1
78,860000000,0.996493,0.914769,1.908872,0.041699,0.500614,0.041588,0.600000,0.041520,0.600000,0.041520,0.600000,0.039154,-0.014344,0.038789,-0.014998,0.038570,-0.015370,0.038570,-0.015370,0,-8.679102,0.046122,0.031456,-0.007665,-0.022332,0.600000,0.580000,0.311127,0.110000,1.232720,1
78,900000000,0.996527,0.916431,1.928902,0.041579,0.500544,0.041520,0.600000,0.041383,0.600000,0.041383,0.600000,0.038771,-0.015022,0.038570,-0.015370,0.038122,-0.016102,0.038122,-0.016102,0,-9.303782,0.045903,0.031237,-0.008036,-0.022703,0.600000,0.580000,0.311127,0.110000,1.212691,1
78,920000000,0.996540,0.917262,1.938913,0.041514,0.500560,0.041383,0.600000,0.041313,0.600000,0.041313,0.600000,0.038559,-0.015384,0.038122,-0.016102,0.037891,-0.016464,0.037891,-0.016464,0,-9.624959,0.045455,0.030788,-0.008768,-0.023435,0.600000,0.580000,0.311127,0.110000,1.202680,1
78,960000000,0.996565,0.918918,1.958934,0.041330,0.500879,0.041313,0.600000,0.041172,0.600000,0.041172,0.600000,0.037960,-0.016346,0.037891,-0.016464,0.037416,-0.017181,0.037416,-0.017181,0,-10.284178,0.045224,0.030557,-0.009131,-0.023798,0.600000,0.580000,0.311127,0.110000,1.182659,1
78,980000000,0.996579,0.919744,1.968946,0.041312,0.500601,0.041172,0.600000,0.041101,0.600000,0.041101,0.600000,0.037884,-0.016476,0.037416,-0.017181,0.037173,-0.017535,0.037173,-0.017535,0,-10.621899,0.044749,0.030083,-0.009848,-0.024515,0.600000,0.580000,0.311127,0.110000,1.172647,1
79,20000000,0.996607,0.921392,1.988971,0.041171,0.500619,0.041101,0.600000,0.040957,0.600000,0.040957,0.600000,0.037407,-0.017198,0.037173,-0.017535,0.036676,-0.018231,0.036676,-0.018231,0,-11.314659,0.044506,0.029840,-0.010201,-0.024868,0.600000,0.580000,0.311127,0.110000,1.152622,1
79,40000000,0.996616,0.922215,1.998978,0.041149,0.500345,0.040957,0.600000,0.040884,0.600000,0.040884,0.600000,0.037325,-0.017323,0.036676,-0.018231,0.036420,-0.018576,0.036420,-0.018576,0,-11.671611,0.044010,0.029343,-0.010898,-0.025564,0.600000,0.580000,0.311127,0.110000,1.142615,1
79,80000000,0.996653,0.923853,2.019010,0.040956,0.500632,0.040884,0.600000,0.040738,0.600000,0.040738,0.600000,0.036667,-0.018246,0.036420,-0.018576,0.035904,-0.019250,0.035904,-0.019250,0,-12.398692,0.043754,0.029087,-0.011243,-0.025910,0.600000,0.580000,0.311127,0.110000,1.122582,1
79,120000000,0.996675,0.925488,2.039028,0.040884,0.500255,0.040738,0.600000,0.040589,0.600000,0.040589,0.600000,0.036396,-0.018624,0.035904,-0.019250,0.035367,-0.019914,0.035367,-0.019914,0,-13.156394,0.043237,0.028570,-0.011916,-0.026583,0.600000,0.580000,0.311127,0.110000,1.102564,1
79,140000000,0.996693,0.926302,2.049044,0.040696,0.500811,0.040589,0.600000,0.040514,0.600000,0.040514,0.600000,0.035788,-0.019375,0.035367,-0.019914,0.035096,-0.020239,0.035096,-0.020239,0,-13.543190,0.042701,0.028034,-0.012581,-0.027248,0.600000,0.580000,0.311127,0.110000,1.092548,1
79,180000000,0.996736,0.927924,2.069082,0.040549,0.500845,0.040514,0.600000,0.040363,0.600000,0.040363,0.600000,0.035236,-0.020066,0.035096,-0.020239,0.034546,-0.020875,0.034546,-0.020875,0,-14.336113,0.042430,0.027763,-0.012906,-0.027572,0.600000,0.580000,0.311127,0.110000,1.072511,1
79,200000000,0.996752,0.928734,2.079095,0.040514,0.500647,0.040363,0.600000,0.040286,0.600000,0.040286,0.600000,0.035090,-0.020252,0.034546,-0.020875,0.034264,-0.021189,0.034264,-0.021189,0,-14.745351,0.041879,0.027213,-0.013541,-0.028208,0.600000,0.580000,0.311127,0.110000,1.062498,1
79,240000000,0.996778,0.930351,2.099114,0.040364,0.500646,0.040286,0.600000,0.040129,0.600000,0.040129,0.600000,0.034542,-0.020884,0.034264,-0.021189,0.033686,-0.021809,0.033686,-0.021809,0,-15.589001,0.041597,0.026930,-0.013856,-0.028522,0.600000,0.580000,0.311127,0.110000,1.042478,1
79,260000000,0.996787,0.931159,2.109119,0.040369,0.500253,0.040129,0.600000,0.040049,0.600000,0.040049,0.600000,0.034521,-0.020927,0.033686,-0.021809,0.033390,-0.022114,0.033390,-0.022114,0,-16.024402,0.041019,0.026353,-0.014475,-0.029142,0.600000,0.580000,0.311127,0.110000,1.032473,1
79,300000000,0.996827,0.932763,2.129153,0.040132,0.500657,0.040049,0.600000,0.039891,0.600000,0.039891,0.600000,0.033683,-0.021817,0.033390,-0.022114,0.032799,-0.022705,0.032799,-0.022705,0,-16.911821,0.040724,0.026057,-0.014781,-0.029447,0.600000,0.580000,0.311127,0.110000,1.012439,1
79,320000000,0.996841,0.933565,2.139164,0.040083,0.500521,0.039891,0.600000,0.039809,0.600000,0.039809,0.600000,0.033496,-0.022016,0.032799,-0.022705,0.032495,-0.022997,0.032495,-0.022997,0,-17.370953,0.040132,0.025465,-0.015372,-0.030038,0.600000,0.580000,0.311127,0.110000,1.002429,1
79,360000000,0.996865,0.935164,2.159179,0.039924,0.500515,0.039809,0.600000,0.039644,0.600000,0.039644,0.600000,0.032929,-0.022575,0.032495,-0.022997,0.031876,-0.023570,0.031876,-0.023570,0,-18.318637,0.039829,0.025162,-0.015663,-0.030330,0.600000,0.580000,0.311127,0.110000,0.982413,1
79,380000000,0.996883,0.935960,2.169194,0.039810,0.500702,0.039644,0.600000,0.039561,0.600000,0.039561,0.600000,0.032491,-0.023003,0.031876,-0.023570,0.031565,-0.023849,0.031565,-0.023849,0,-18.804359,0.039210,0.024543,-0.016237,-0.030904,0.600000,0.580000,0.311127,0.110000,0.972399,1
79,420000000,0.996917,0.937548,2.189221,0.039643,0.500724,0.039561,0.600000,0.039393,0.600000,0.039393,0.600000,0.031875,-0.023570,0.031565,-0.023849,0.030932,-0.024393,0.030932,-0.024393,0,-19.806085,0.038898,0.024232,-0.016515,-0.031182,0.600000,0.580000,0.311127,0.110000,0.952372,1
79,440000000,0.996928,0.938340,2.199228,0.039645,0.500351,0.039393,0.600000,0.039619,0.600000,0.039619,0.600000,0.031850,-0.023607,0.030932,-0.024393,0.030851,-0.024857,0.030851,-0.024857,0,-20.325327,0.038266,0.023599,-0.017060,-0.031726,0.600000,0.580000,0.311127,0.110000,0.942365,1
79,480000000,0.996972,0.939915,2.219265,0.039392,0.500745,0.039619,0.600000,0.040479,0.600000,0.040479,0.600000,0.030932,-0.024390,0.030851,-0.024857,0.030991,-0.026041,0.030991,-0.026041,0,-21.386404,0.038184,0.023518,-0.017524,-0.032190,0.600000,0.580000,0.311127,0.110000,0.922328,1
79,500000000,0.996991,0.940707,2.229279,0.039594,0.500727,0.040479,0.600000,0.040924,0.600000,0.040924,0.600000,0.030855,-0.024813,0.030991,-0.026041,0.031057,-0.026650,0.031057,-0.026650,0,-21.937982,0.038325,0.023658,-0.018707,-0.033374,0.600000,0.580000,0.311127,0.110000,0.912313,1
79,540000000,0.997019,0.942305,2.249299,0.040265,0.500607,0.040924,0.600000,0.041842,0.600000,0.041842,0.600000,0.030944,-0.025764,0.031057,-0.026650,0.031176,-0.027907,0.031176,-0.027907,0,-23.089302,0.038390,0.023723,-0.019317,-0.033984,0.600000,0.580000,0.311127,0.110000,0.892294,1
79,560000000,0.997040,0.943123,2.259315,0.040922,0.500814,0.041842,0.600000,0.042317,0.600000,0.042317,0.600000,0.031057,-0.026647,0.031176,-0.027907,0.031235,-0.028550,0.031235,-0.028550,0,-23.691744,0.038509,0.023843,-0.020574,-0.035240,0.600000,0.580000,0.311127,0.110000,0.882277,1
79,600000000,0.997081,0.944785,2.279347,0.041840,0.500852,0.042317,0.600000,0.043300,0.600000,0.043300,0.600000,0.031181,-0.027899,0.031235,-0.028550,0.031344,-0.029873,0.031344,-0.029873,0,-24.955238,0.038568,0.023901,-0.021217,-0.035883,0.600000,0.580000,0.311127,0.110000,0.862245,1
79,620000000,0.997102,0.945630,2.289364,0.042273,0.500843,0.043300,0.600000,0.043809,0.600000,0.043809,0.600000,0.031227,-0.028493,0.031344,-0.029873,0.031396,-0.030554,0.031396,-0.030554,0,-25.618834,0.038678,0.024011,-0.022540,-0.037207,0.600000,0.580000,0.311127,0.110000,0.852228,1
79,660000000,0.997157,0.947361,2.309408,0.043296,0.500894,0.043809,0.600000,0.044864,0.600000,0.044864,0.600000,0.031349,-0.029863,0.031396,-0.030554,0.031495,-0.031951,0.031495,-0.031951,0,-27.018928,0.038729,0.024062,-0.023221,-0.037887,0.600000,0.580000,0.311127,0.110000,0.832184,1
79,680000000,0.997180,0.948236,2.319426,0.043753,0.500871,0.044864,0.600000,0.045411,0.600000,0.045411,0.600000,0.031389,-0.030480,0.031495,-0.031951,0.031538,-0.032672,0.031538,-0.032672,0,-27.757128,0.038829,0.024162,-0.024617,-0.039284,0.600000,0.580000,0.311127,0.110000,0.822167,1
79,720000000,0.997225,0.950013,2.339457,0.045073,0.501086,0.045411,0.600000,0.046545,0.600000,0.046545,0.600000,0.031520,-0.032219,0.031538,-0.032672,0.031614,-0.034161,0.031614,-0.034161,0,-29.320140,0.038872,0.024205,-0.025339,-0.040005,0.600000,0.580000,0.311127,0.110000,0.802136,1
79,740000000,0.997251,0.950920,2.349475,0.045397,0.500923,0.046545,0.600000,0.047133,0.600000,0.047133,0.600000,0.031532,-0.032659,0.031614,-0.034161,0.031648,-0.034928,0.031648,-0.034928,0,-30.150308,0.038947,0.024280,-0.026828,-0.041495,0.600000,0.580000,0.311127,0.110000,0.792117,1
79,780000000,0.997304,0.952767,2.369513,0.046537,0.501011,0.047133,0.600000,0.048357,0.600000,0.048357,0.600000,0.031620,-0.034144,0.031648,-0.034928,0.031706,-0.036512,0.031706,-0.036512,0,-31.919740,0.038981,0.024315,-0.027595,-0.042261,0.600000,0.580000,0.311127,0.110000,0.772079,1
79,820000000,0.997361,0.954664,2.389556,0.048349,0.501571,0.048357,0.600000,0.049646,0.600000,0.049646,0.600000,0.031760,-0.036454,0.031706,-0.036512,0.031750,-0.038165,0.031750,-0.038165,0,-33.856477,0.039039,0.024372,-0.029179,-0.043845,0.600000,0.580000,0.311127,0.110000,0.752036,1
79,840000000,0.997391,0.955631,2.399579,0.048353,0.501128,0.049646,0.600000,0.050316,0.600000,0.050316,0.600000,0.031723,-0.036492,0.031750,-0.038165,0.031767,-0.039020,0.031767,-0.039020,0,-34.896360,0.039084,0.024417,-0.030832,-0.045499,0.600000,0.580000,0.311127,0.110000,0.742014,1
79,880000000,0.997462,0.957612,2.419633,0.049647,0.501154,0.050316,0.600000,0.051714,0.600000,0.051714,0.600000,0.031775,-0.038146,0.031767,-0.039020,0.031794,-0.040785,0.031794,-0.040785,0,-37.145951,0.039100,0.024433,-0.031687,-0.046354,0.600000,0.580000,0.311127,0.110000,0.721959,1
79,900000000,0.997500,0.958625,2.429663,0.050674,0.501457,0.051714,0.600000,0.052442,0.600000,0.052442,0.600000,0.031818,-0.039439,0.031794,-0.040785,0.031803,-0.041698,0.031803,-0.041698,0,-38.365509,0.039128,0.024461,-0.033452,-0.048119,0.600000,0.580000,0.311127,0.110000,0.711930,1
79,940000000,0.997580,0.960694,2.449724,0.051791,0.501273,0.052442,0.600000,0.053963,0.600000,0.053963,0.600000,0.031830,-0.040855,0.031803,-0.041698,0.031808,-0.043592,0.031808,-0.043592,0,-41.025562,0.039136,0.024470,-0.034365,-0.049032,0.600000,0.580000,0.311127,0.110000,0.691869,1
79,960000000,0.997615,0.961742,2.459749,0.052447,0.501258,0.053963,0.600000,0.054756,0.600000,0.054756,0.600000,0.031831,-0.041682,0.031808,-0.043592,0.031797,-0.044578,0.031797,-0.044578,0,-42.476632,0.039141,0.024475,-0.036258,-0.050925,0.600000,0.580000,0.311127,0.110000,0.681844,1
80,0,0.997680,0.963869,2.479790,0.053961,0.501355,0.054756,0.600000,0.056414,0.600000,0.056414,0.600000,0.031844,-0.043564,0.031797,-0.044578,0.031746,-0.046635,0.031746,-0.046635,0,-45.664509,0.039131,0.024464,-0.037244,-0.051911,0.600000,0.580000,0.311127,0.110000,0.661802,1
80,20000000,0.997708,0.964948,2.489806,0.053970,0.500771,0.056414,0.600000,0.057281,0.600000,0.057281,0.600000,0.031793,-0.043612,0.031746,-0.046635,0.031702,-0.047709,0.031702,-0.047709,0,-47.421810,0.039079,0.024412,-0.039301,-0.053968,0.600000,0.580000,0.311127,0.110000,0.651787,1
80,60000000,0.997800,0.967198,2.509872,0.056413,0.501452,0.057281,0.600000,0.059101,0.600000,0.059101,0.600000,0.031787,-0.046605,0.031702,-0.047709,0.031632,-0.049923,0.031632,-0.049923,0,-51.387986,0.039036,0.024369,-0.040375,-0.055042,0.600000,0.580000,0.311127,0.110000,0.631721,1
80,80000000,0.997839,0.968334,2.519897,0.056845,0.501269,0.059101,0.600000,0.060054,0.600000,0.060054,0.600000,0.031743,-0.047156,0.031632,-0.049923,0.031571,-0.051086,0.031571,-0.051086,0,-53.602534,0.038965,0.024298,-0.042590,-0.057257,0.600000,0.580000,0.311127,0.110000,0.621696,1
80,120000000,0.997912,0.970646,2.539936,0.058357,0.501003,0.060054,0.600000,0.062054,0.600000,0.062054,0.600000,0.031634,-0.049039,0.031571,-0.051086,0.031404,-0.053521,0.031404,-0.053521,0,-58.615419,0.038904,0.024237,-0.043752,-0.058419,0.600000,0.580000,0.311127,0.110000,0.601656,1
80,140000000,0.997961,0.971845,2.549971,0.060048,0.501728,0.062054,0.600000,0.063107,0.600000,0.063107,0.600000,0.031625,-0.051045,0.031404,-0.053521,0.031320,-0.054786,0.031320,-0.054786,0,-61.509001,0.038738,0.024071,-0.046187,-0.060854,0.600000,0.580000,0.311127,0.110000,0.591622,1
80,180000000,0.998055,0.974285,2.570029,0.062039,0.501837,0.063107,0.600000,0.065321,0.600000,0.065321,0.600000,0.031466,-0.053466,0.031320,-0.054786,0.031092,-0.057447,0.031092,-0.057447,0,-68.206150,0.038654,0.023987,-0.047452,-0.062119,0.600000,0.580000,0.311127,0.110000,0.571563,1
80,220000000,0.998170,0.976822,2.590100,0.064935,0.502376,0.065321,0.600000,0.067699,0.600000,0.067699,0.600000,0.031201,-0.056948,0.031092,-0.057447,0.030824,-0.060274,0.030824,-0.060274,0,-76.588142,0.038425,0.023759,-0.050114,-0.064780,0.600000,0.580000,0.311127,0.110000,0.551492,1
80,240000000,0.998234,0.978126,2.600135,0.065270,0.501747,0.067699,0.600000,0.068953,0.600000,0.068953,0.600000,0.031122,-0.057372,0.030824,-0.060274,0.030668,-0.061758,0.030668,-0.061758,0,-81.626144,0.038157,0.023490,-0.052941,-0.067608,0.600000,0.580000,0.311127,0.110000,0.541457,1
80,260000000,0.998311,0.979466,2.610175,0.067096,0.502009,0.068953,0.600000,0.070256,0.600000,0.070256,0.600000,0.030887,-0.059564,0.030668,-0.061758,0.030519,-0.063281,0.030519,-0.063281,0,-87.433482,0.038001,0.023335,-0.054424,-0.069091,0.600000,0.580000,0.311127,0.110000,0.531417,1
80,300000000,0.998460,0.982179,2.630188,0.068471,0.500529,0.070256,0.600000,0.073005,0.600000,0.073005,0.600000,0.030512,-0.061297,0.030519,-0.063281,0.030116,-0.066504,0.030116,-0.066504,0,-101.853440,0.037853,0.023186,-0.055948,-0.070614,0.600000,0.580000,0.311127,0.110000,0.511404,1
80,340000000,0.998611,0.984972,2.650185,0.069968,0.499795,0.073005,0.600000,0.075976,0.600000,0.075976,0.600000,0.030221,-0.063104,0.030116,-0.066504,0.029535,-0.070001,0.029535,-0.070001,0,-122.098234,0.037449,0.022782,-0.059171,-0.073838,0.600000,0.580000,0.311127,0.110000,0.491407,1
80,360000000,0.998699,0.986425,2.660217,0.072770,0.501567,0.075976,0.600000,0.077559,0.600000,0.077559,0.600000,0.030031,-0.066284,0.029535,-0.070001,0.029189,-0.071857,0.029189,-0.071857,0,-135.873740,0.036868,0.022201,-0.062667,-0.077334,0.600000,0.580000,0.311127,0.113964,0.481376,1
80,400000000,0.998890,0.989411,2.680284,0.076934,0.503348,0.077559,0.600000,0.078236,0.580000,0.078236,0.580000,0.029393,-0.071097,0.029189,-0.071857,0.027329,-0.073307,0.027329,-0.073307,0,-176.007585,0.036523,0.021856,-0.064524,-0.079190,0.600000,0.580000,0.311127,0.116339,0.461309,0
80,420000000,0.998994,0.990956,2.690345,0.077429,0.503061,0.078236,0.580000,0.077222,0.560000,0.077222,0.560000,0.029301,-0.071671,0.027329,-0.073307,0.025791,-0.072788,0.025791,-0.072788,0,-207.161047,0.034662,0.019996,-0.065974,-0.080640,0.600000,0.560000,0.311127,0.117353,0.451248,0
80,460000000,0.999223,0.994067,2.710504,0.078177,0.504199,0.077222,0.560000,0.083720,0.580000,0.083720,0.580000,0.027576,-0.073152,0.025791,-0.072788,0.024805,-0.079961,0.024805,-0.079961,0,-319.245206,0.033124,0.018457,-0.065455,-0.080121,0.580000,0.540000,0.311127,0.115833,0.431088,1
80,480000000,0.999334,0.995635,2.720584,0.078609,0.504015,0.083720,0.580000,0.082769,0.560000,0.082769,0.560000,0.027283,-0.073722,0.024805,-0.079961,0.022049,-0.079778,0.022049,-0.079778,0,-436.630580,0.032139,0.017472,-0.072628,-0.087294,0.600000,0.560000,0.311127,0.125580,0.421008,0
80,520000000,0.999677,0.998964,2.740860,0.083659,0.506445,0.082769,0.560000,0.088345,0.567614,0.088345,0.567614,0.025281,-0.079748,0.022049,-0.079778,0.014716,-0.087111,0.014716,-0.087111,0,-1834.048240,0.029382,0.014716,-0.072444,-0.087111,0.580000,0.540000,0.311127,0.124153,0.400733,0
80,540000000,0.999871,1.000606,2.751018,0.082683,0.507883,0.088345,0.567614,0.080118,0.547614,0.080118,0.547614,0.022693,-0.079508,0.014716,-0.087111,0.007382,-0.079778,0.007382,-0.079778,0,2661.675608,0.022049,0.007382,-0.079778,-0.094444,0.587614,0.547614,0.311127,0.132518,0.390575,0
80,580000000,1.000429,1.003807,2.771554,0.080095,0.519776,0.080118,0.547614,0.072444,0.527614,0.072444,0.527614,0.010835,-0.079359,0.007382,-0.079778,0.000049,-0.072444,0.000049,-0.072444,0,504.775745,0.014716,0.000049,-0.072444,-0.087111,0.567614,0.527614,0.311127,0.120178,0.370039,0
80,620000000,1.001244,1.006813,2.792280,0.076073,0.518488,0.072444,0.527614,0.065517,0.507614,0.065517,0.507614,0.005610,-0.075866,0.000049,-0.072444,-0.007284,-0.065111,-0.007284,-0.065111,0,284.685370,0.007382,-0.007284,-0.065111,-0.079778,0.547614,0.507614,0.311127,0.110000,0.349313,0
80,640000000,1.001691,1.008178,2.802685,0.071800,0.520251,0.065517,0.507614,0.058895,0.487614,0.058895,0.487614,0.001986,-0.071772,-0.007284,-0.065111,-0.011416,-0.057778,-0.011416,-0.057778,0,237.318698,0.000049,-0.014618,-0.057778,-0.072444,0.527614,0.487614,0.311127,0.110000,0.338908,0
80,680000000,1.002667,1.010577,2.823294,0.058729,0.508973,0.058895,0.487614,0.050817,0.467614,0.050817,0.467614,-0.008959,-0.058042,-0.011416,-0.057778,-0.006142,-0.050444,-0.006142,-0.050444,0,182.885733,-0.004083,-0.018749,-0.050444,-0.065111,0.507614,0.467614,0.311127,0.110000,0.318299,1
80,700000000,1.003189,1.011607,2.833529,0.057761,0.511765,0.050817,0.467614,0.043245,0.447614,0.043245,0.447614,-0.009003,-0.057055,-0.006142,-0.050444,-0.003399,-0.043111,-0.003399,-0.043111,0,166.014800,0.001192,-0.013475,-0.043111,-0.057778,0.487614,0.447614,0.311127,0.110000,0.308063,1
80,740000000,1.003994,1.013510,2.852984,0.050206,0.484113,0.043245,0.447614,0.035778,0.427614,0.035778,0.427614,-0.004490,-0.050005,-0.003399,-0.043111,-0.000098,-0.035778,-0.000098,-0.035778,0,141.961115,0.003934,-0.010733,-0.035778,-0.050444,0.467614,0.427614,0.311127,0.110000,0.288609,1
80,760000000,1.004316,1.014377,2.862321,0.046209,0.466846,0.035778,0.427614,0.028464,0.407614,0.028464,0.407614,-0.003299,-0.046091,-0.000098,-0.035778,0.001053,-0.028444,0.001053,-0.028444,0,133.229775,0.007235,-0.007431,-0.028444,-0.043111,0.447614,0.407614,0.311127,0.110000,0.279272,1
80,800000000,1.004797,1.015887,2.880266,0.036391,0.438122,0.028464,0.407614,0.021289,0.387614,0.021289,0.387614,0.000000,-0.036391,0.001053,-0.028444,0.002749,-0.021111,0.002749,-0.021111,0,120.451063,0.008386,-0.006281,-0.021111,-0.035778,0.427614,0.387614,0.311127,0.110000,0.261327,1
80,820000000,1.004918,1.016449,2.888758,0.028738,0.424600,0.021289,0.387614,0.014140,0.367614,0.014140,0.367614,0.001291,-0.028709,0.002749,-0.021111,0.003183,-0.013778,0.003183,-0.013778,0,116.408331,0.010082,-0.004584,-0.013778,-0.028444,0.407614,0.367614,0.311127,0.110000,0.252835,1
80,860000000,1.005053,1.017379,2.905012,0.021410,0.397716,0.014140,0.367614,0.007555,0.347614,0.007555,0.347614,0.002749,-0.021233,0.003183,-0.013778,0.003944,-0.006444,0.003944,-0.006444,0,110.384787,0.010516,-0.004151,-0.006444,-0.021111,0.387614,0.347614,0.311127,0.110000,0.236581,1
80,880000000,1.005096,1.017803,2.912975,0.021316,0.398182,0.007555,0.347614,0.004260,0.327614,0.004260,0.327614,0.002782,-0.021133,0.003944,-0.006444,0.004166,0.000889,0.004166,0.000889,0,107.864654,0.011277,-0.003389,0.000889,-0.013778,0.367614,0.327614,0.311127,0.110000,0.228617,1
80,920000000,1.005017,1.018099,2.927718,0.007447,0.369937,0.004260,0.327614,0.009471,0.307614,0.009471,0.307614,0.003644,-0.006495,0.004166,0.000889,0.004701,0.008222,0.004701,0.008222,0,106.318298,0.011500,-0.003167,0.008222,-0.006444,0.347614,0.307614,0.311127,0.110000,0.213875,1
80,940000000,1.004953,1.018157,2.934812,0.004352,0.354712,0.009471,0.307614,0.016279,0.287614,0.016279,0.287614,0.003770,-0.002174,0.004701,0.008222,0.004798,0.015556,0.004798,0.015556,0,106.079640,0.012034,-0.002632,0.015556,0.000889,0.327614,0.287614,0.311127,0.110000,0.206781,1
80,980000000,1.004791,1.018108,2.948418,0.004904,0.336625,0.016279,0.287614,0.023484,0.267614,0.023484,0.267614,0.003726,0.003189,0.004798,0.015556,0.005252,0.022889,0.005252,0.022889,0,106.546619,0.012132,-0.002535,0.022889,0.008222,0.307614,0.267614,0.311127,0.110000,0.193174,1
81,20000000,1.004508,1.017519,2.961041,0.016657,0.314571,0.023484,0.267614,0.030749,0.247614,0.030749,0.247614,0.004269,0.016101,0.005252,0.022889,0.005666,0.030222,0.005666,0.030222,0,110.277110,0.012585,-0.002082,0.030222,0.015556,0.287614,0.247614,0.311127,0.110000,0.180552,1
81,40000000,1.004338,1.017089,2.966861,0.023153,0.290983,0.030749,0.247614,0.037974,0.227614,0.037974,0.227614,0.004563,0.022699,0.005666,0.030222,0.005624,0.037556,0.005624,0.037556,0,113.129535,0.012999,-0.001668,0.037556,0.022889,0.267614,0.227614,0.311127,0.110000,0.174732,1
81,80000000,1.003974,1.016031,2.978090,0.032724,0.271047,0.037974,0.227614,0.045279,0.207614,0.045279,0.207614,0.004635,0.032394,0.005624,0.037556,0.005934,0.044889,0.005934,0.044889,0,120.711465,0.012958,-0.001709,0.044889,0.030222,0.247614,0.207614,0.311127,0.110000,0.163503,1
81,100000000,1.003761,1.015307,2.983366,0.037742,0.263798,0.045279,0.207614,0.052550,0.187614,0.052550,0.187614,0.004694,0.037449,0.005934,0.044889,0.005862,0.052222,0.005862,0.052222,0,126.453427,0.013267,-0.001400,0.052222,0.037556,0.227614,0.187614,0.311127,0.110000,0.158227,1
81,140000000,1.003300,1.013631,2.993140,0.045051,0.238077,0.052550,0.187614,0.059868,0.167614,0.059868,0.167614,0.004923,0.044781,0.005862,0.052222,0.006111,0.059556,0.006111,0.059556,0,142.039119,0.013195,-0.001472,0.059556,0.044889,0.207614,0.167614,0.311127,0.110000,0.148453,1
81,160000000,1.003051,1.012628,2.997637,0.051647,0.224857,0.059868,0.167614,0.067180,0.155418,0.067180,0.155418,0.005017,0.051403,0.006111,0.059556,0.006247,0.066889,0.006247,0.066889,0,153.275023,0.013445,-0.001222,0.066889,0.052222,0.187614,0.147614,0.311127,0.110000,0.143956,1
81,180000000,1.002785,1.011466,3.001874,0.059649,0.211870,0.067180,0.155418,0.074584,0.167469,0.074584,0.167469,0.004975,0.059441,0.006247,0.066889,0.007340,0.074222,0.007340,0.074222,0,168.682941,0.013580,-0.001086,0.074222,0.059556,0.175418,0.135418,0.311127,0.110000,0.139718,1
81,220000000,1.002231,1.008943,3.009696,0.066957,0.186446,0.074584,0.167469,0.069572,0.147469,0.069572,0.147469,0.005061,0.066765,0.007340,0.074222,0.007815,0.069132,0.007815,0.069132,0,215.625227,0.014673,0.000007,0.081556,0.066889,0.187469,0.147469,0.311127,0.111877,0.131897,0
81,240000000,1.001947,1.007620,3.013272,0.067630,0.178797,0.069572,0.147469,0.062260,0.128391,0.062260,0.128391,0.005517,0.067404,0.007815,0.069132,0.007565,0.061798,0.007565,0.061798,0,252.410079,0.015149,0.000482,0.076465,0.061798,0.167469,0.127469,0.311127,0.110000,0.128321,0
81,280000000,1.001347,1.004913,3.019670,0.069312,0.159993,0.062260,0.128391,0.055320,0.108391,0.055320,0.108391,0.006461,0.069010,0.007565,0.061798,0.008024,0.054735,0.008024,0.054735,0,388.417129,0.014899,0.000232,0.069132,0.054465,0.148391,0.108391,0.311127,0.110000,0.121922,0
81,300000000,1.001068,1.003685,3.022466,0.062985,0.139776,0.055320,0.108391,0.048038,0.091965,0.048038,0.091965,0.006448,0.062654,0.008024,0.054735,0.007794,0.047401,0.007794,0.047401,0,514.384248,0.015357,0.000690,0.062068,0.047401,0.128391,0.088391,0.311127,0.110000,0.119127,0
81,340000000,1.000548,1.001487,3.027561,0.050958,0.118847,0.048038,0.091965,0.041240,0.075574,0.041240,0.075574,0.006764,0.050508,0.007794,0.047401,0.009761,0.040068,0.009761,0.040068,0,1226.538475,0.015128,0.000461,0.054735,0.040068,0.111965,0.071965,0.311127,0.110000,0.114032,0
81,380000000,1.000060,0.999689,3.031870,0.045357,0.103650,0.041240,0.075574,0.033105,0.055574,0.033105,0.055574,0.007561,0.044723,0.009761,0.040068,0.004936,0.032735,0.004936,0.032735,0,-6030.763053,0.017094,0.002427,0.047401,0.032735,0.095574,0.055574,0.311127,0.110000,0.109722,0
81,400000000,0.999806,0.998913,3.033582,0.040840,0.085589,0.033105,0.055574,0.025409,0.035574,0.025409,0.035574,0.008447,0.039957,0.004936,0.032735,-0.000625,0.025401,-0.000625,0.025401,0,-1807.161062,0.012269,-0.002397,0.040068,0.025401,0.075574,0.035574,0.311127,0.110000,0.108011,0
81,440000000,0.999495,0.997611,3.036889,0.026461,0.079789,0.025409,0.035574,0.018069,0.015574,0.018069,0.015574,0.000000,0.026461,-0.000625,0.025401,-0.000223,0.018068,-0.000223,0.018068,0,-814.540582,0.006709,-0.007958,0.032735,0.018068,0.055574,0.015574,0.311127,0.110000,0.104703,1
81,460000000,0.999457,0.997103,3.038318,0.025413,0.071422,0.018069,0.015574,0.010735,0.000000,0.010735,0.000000,0.000000,0.025413,-0.000223,0.018068,-0.000000,0.010735,-0.000000,0.010735,0,-676.391537,0.007111,-0.007556,0.025401,0.010735,0.035574,-0.004426,0.311127,0.110000,0.103275,1
81,500000000,0.999395,0.996367,3.040237,0.018058,0.046484,0.010735,0.000000,0.003401,0.000000,0.003401,0.000000,0.000000,0.018058,-0.000000,0.010735,-0.000000,0.003401,-0.000000,0.003401,0,-541.984493,0.007333,-0.007333,0.018068,0.003401,0.020000,-0.020000,0.311127,0.110000,0.101356,1
81,520000000,0.999370,0.996079,3.040927,0.014444,0.034497,0.003401,0.000000,0.003939,0.006372,0.003939,0.006372,0.000000,0.014444,-0.000000,0.003401,-0.000231,-0.003932,-0.000231,-0.003932,0,-502.807399,0.007333,-0.007333,0.010735,-0.003932,0.020000,-0.020000,0.311127,0.110000,0.100666,1
81,560000000,0.999340,0.995765,3.041706,0.005055,0.017083,0.003939,0.006372,0.011282,0.018111,0.011282,0.018111,0.000000,0.005055,-0.000231,-0.003932,-0.000617,-0.011265,-0.000617,-0.011265,0,-465.956879,0.007102,-0.007564,0.003401,-0.011265,0.026372,-0.013628,0.311127,0.110000,0.099887,1
