sec,nsec,x,y,yaw,v_real,w_real,v_now,w_now,v_cmd,w_cmd,v_nav,w_nav,vx_real,vy_real,vx_now,vy_now,vx_cmd,vy_cmd,vx_nav,vy_nav,velocity_violation,curvature,dw_vx_max,dw_vx_min,dw_vy_max,dw_vy_min,dw_w_max,dw_w_min,v_reg,lookahead_dist,lookahead_yaw,is_accel
186,60000000,-0.000000,0.000000,0.000000,0.000000,0.000000,0.078644,0.560000,0.069284,0.580000,0.069284,0.580000,0.000000,0.000000,-0.073333,-0.028411,-0.066000,-0.021077,-0.066000,-0.021077,0,5.253090,-0.066000,-0.080667,-0.021077,-0.035744,0.580000,0.540000,0.311127,0.330000,1.278647,1
186,80000000,-0.000116,-0.000106,0.000515,0.007842,0.025765,0.069284,0.580000,0.060255,0.600000,0.060255,0.600000,-0.005797,-0.005281,-0.066000,-0.021077,-0.058667,-0.013744,-0.058667,-0.013744,0,5.250777,-0.058667,-0.073333,-0.013744,-0.028411,0.600000,0.560000,0.311127,0.330000,1.278132,1
186,120000000,-0.001126,-0.000919,0.001809,0.032480,0.032936,0.060255,0.600000,0.051732,0.600000,0.051732,0.600000,-0.025373,-0.020278,-0.058667,-0.013744,-0.051333,-0.006411,-0.051333,-0.006411,0,5.239952,-0.051333,-0.066000,-0.006411,-0.021077,0.600000,0.580000,0.311127,0.330000,1.276838,1
186,140000000,-0.002080,-0.001231,0.002539,0.050211,0.036500,0.051732,0.600000,0.044010,0.600000,0.044010,0.600000,-0.047756,-0.015510,-0.051333,-0.006411,-0.044000,0.000923,-0.044000,0.000923,0,5.229901,-0.044000,-0.058667,0.000923,-0.013744,0.600000,0.580000,0.311127,0.330000,1.276108,1
186,180000000,-0.003948,-0.001576,0.004499,0.044000,0.054519,0.044010,0.600000,0.037585,0.600000,0.037585,0.600000,-0.043924,-0.002594,-0.044000,0.000923,-0.036667,0.008256,-0.036667,0.008256,0,5.207660,-0.036667,-0.051333,0.008256,-0.006411,0.600000,0.580000,0.311127,0.330000,1.274148,1
186,200000000,-0.004811,-0.001597,0.005642,0.043162,0.057181,0.037585,0.600000,0.033218,0.600000,0.033218,0.600000,-0.043162,0.000000,-0.036667,0.008256,-0.029333,0.015589,-0.029333,0.015589,0,5.196152,-0.029333,-0.044000,0.015589,0.000923,0.600000,0.580000,0.311127,0.330000,1.273004,1
186,220000000,-0.005562,-0.001507,0.007175,0.037825,0.076626,0.033218,0.600000,0.031772,0.600000,0.031772,0.600000,-0.037525,0.004756,-0.029333,0.015589,-0.022000,0.022923,-0.022000,0.022923,0,5.184080,-0.022000,-0.036667,0.022923,0.008256,0.600000,0.580000,0.311127,0.330000,1.271472,1
186,260000000,-0.006830,-0.001075,0.010739,0.031830,0.099470,0.031772,0.600000,0.033623,0.600000,0.033623,0.600000,-0.027519,0.015996,-0.022000,0.022923,-0.014667,0.030256,-0.014667,0.030256,0,5.159610,-0.014667,-0.029333,0.030256,0.015589,0.600000,0.580000,0.311127,0.330000,1.267908,1
186,300000000,-0.007645,-0.000236,0.014878,0.029450,0.108366,0.033623,0.600000,0.038298,0.600000,0.038298,0.600000,-0.019271,0.022269,-0.014667,0.030256,-0.007333,0.037589,-0.007333,0.037589,0,5.136135,-0.007333,-0.022000,0.037589,0.022923,0.600000,0.580000,0.311127,0.330000,1.263769,1
186,320000000,-0.007935,0.000306,0.017352,0.030740,0.123713,0.038298,0.600000,0.044923,0.600000,0.044923,0.600000,-0.014030,0.027351,-0.007333,0.037589,0.000000,0.044923,0.000000,0.044923,0,5.123765,0.000000,-0.014667,0.044923,0.030256,0.600000,0.580000,0.311127,0.330000,1.261294,1
186,340000000,-0.008178,0.000893,0.019863,0.031747,0.125517,0.044923,0.600000,0.052768,0.600000,0.052768,0.600000,-0.011625,0.029542,0.000000,0.044923,0.007333,0.052256,0.007333,0.052256,0,5.111517,0.007333,-0.007333,0.052256,0.037589,0.600000,0.580000,0.311127,0.330000,1.258784,1
186,380000000,-0.008233,0.002571,0.025993,0.041996,0.146986,0.052768,0.600000,0.061368,0.600000,0.061368,0.600000,0.001317,0.041976,0.007333,0.052256,0.014667,0.059589,0.014667,0.059589,0,5.085894,0.014667,0.000000,0.059589,0.044923,0.600000,0.580000,0.311127,0.330000,1.252654,1
186,420000000,-0.007951,0.004520,0.032576,0.049235,0.160131,0.061368,0.600000,0.070446,0.600000,0.070446,0.600000,0.009314,0.048346,0.014667,0.059589,0.022000,0.066923,0.022000,0.066923,0,5.061003,0.022000,0.007333,0.066923,0.052256,0.600000,0.580000,0.311127,0.330000,1.246071,1
186,440000000,-0.007731,0.005595,0.036281,0.054879,0.185237,0.070446,0.600000,0.079840,0.600000,0.079840,0.600000,0.012822,0.053360,0.022000,0.066923,0.029333,0.074256,0.029333,0.074256,0,5.047541,0.029333,0.014667,0.074256,0.059589,0.600000,0.580000,0.311127,0.330000,1.242366,1
186,480000000,-0.007111,0.007919,0.043885,0.062396,0.195948,0.079840,0.600000,0.089450,0.600000,0.089450,0.600000,0.019208,0.059366,0.029333,0.074256,0.036667,0.081589,0.036667,0.081589,0,5.021029,0.036667,0.022000,0.081589,0.066923,0.600000,0.580000,0.311127,0.330000,1.234762,1
186,500000000,-0.006620,0.009348,0.048366,0.075519,0.224045,0.089450,0.600000,0.099213,0.600000,0.099213,0.600000,0.027801,0.070216,0.036667,0.081589,0.044000,0.088923,0.044000,0.088923,0,5.006352,0.044000,0.029333,0.088923,0.074256,0.600000,0.580000,0.311127,0.330000,1.230281,1
186,540000000,-0.005397,0.012378,0.057374,0.085705,0.233541,0.099213,0.600000,0.109088,0.600000,0.109088,0.600000,0.037701,0.076968,0.044000,0.088923,0.051333,0.096256,0.051333,0.096256,0,4.978659,0.051333,0.036667,0.096256,0.081589,0.600000,0.580000,0.311127,0.330000,1.225947,1
186,560000000,-0.004704,0.013958,0.061878,0.086245,0.225163,0.109088,0.600000,0.119048,0.600000,0.119048,0.600000,0.039295,0.076773,0.051333,0.096256,0.058667,0.103589,0.058667,0.103589,0,4.965361,0.058667,0.044000,0.103589,0.088923,0.600000,0.580000,0.311127,0.330000,1.221444,1
186,600000000,-0.002977,0.017671,0.072299,0.105084,0.257874,0.119048,0.600000,0.129073,0.600000,0.129073,0.600000,0.051992,0.091320,0.058667,0.103589,0.066000,0.110923,0.066000,0.110923,0,4.935437,0.066000,0.051333,0.110923,0.096256,0.600000,0.580000,0.311127,0.330000,1.211022,1
186,640000000,-0.000936,0.021684,0.082950,0.115813,0.271227,0.129073,0.600000,0.139148,0.600000,0.139148,0.600000,0.061289,0.098267,0.066000,0.110923,0.073333,0.118256,0.073333,0.118256,0,4.906732,0.073333,0.058667,0.118256,0.103589,0.600000,0.580000,0.311127,0.330000,1.204739,1
186,660000000,0.000167,0.023827,0.088635,0.120533,0.284208,0.139148,0.600000,0.149264,0.600000,0.149264,0.600000,0.064172,0.102030,0.073333,0.118256,0.080667,0.125589,0.080667,0.125589,0,4.891548,0.080667,0.066000,0.125589,0.110923,0.600000,0.580000,0.311127,0.330000,1.199055,1
186,700000000,0.002742,0.028601,0.100517,0.136219,0.290346,0.149264,0.600000,0.159413,0.600000,0.159413,0.600000,0.076672,0.112592,0.080667,0.125589,0.088000,0.132923,0.088000,0.132923,0,4.861499,0.088000,0.073333,0.132923,0.118256,0.600000,0.580000,0.311127,0.330000,1.187173,1
186,720000000,0.004132,0.031138,0.106859,0.144625,0.317116,0.159413,0.600000,0.169588,0.600000,0.169588,0.600000,0.082293,0.118930,0.088000,0.132923,0.095333,0.140256,0.095333,0.140256,0,4.845523,0.095333,0.080667,0.140256,0.125589,0.600000,0.580000,0.311127,0.330000,1.180831,1
186,760000000,0.007081,0.036520,0.120086,0.160450,0.347264,0.169588,0.600000,0.179786,0.600000,0.179786,0.600000,0.092917,0.130807,0.095333,0.140256,0.102667,0.147589,0.102667,0.147589,0,4.812371,0.102667,0.088000,0.147589,0.132923,0.600000,0.580000,0.311127,0.330000,1.171691,1
186,780000000,0.008715,0.039428,0.126806,0.166793,0.335957,0.179786,0.600000,0.190003,0.600000,0.190003,0.600000,0.099017,0.134222,0.102667,0.147589,0.110000,0.154923,0.110000,0.154923,0,4.796368,0.110000,0.095333,0.154923,0.140256,0.600000,0.580000,0.311127,0.330000,1.164972,1
186,820000000,0.012116,0.045552,0.141188,0.177097,0.359942,0.190003,0.600000,0.200235,0.600000,0.200235,0.600000,0.106505,0.141493,0.110000,0.154923,0.117333,0.162256,0.117333,0.162256,0,4.761143,0.117333,0.102667,0.162256,0.147589,0.600000,0.580000,0.311127,0.330000,1.154420,1
186,840000000,0.013855,0.048740,0.148713,0.181583,0.376249,0.200235,0.600000,0.210481,0.600000,0.210481,0.600000,0.109112,0.145144,0.117333,0.162256,0.124667,0.169589,0.124667,0.169589,0,4.742249,0.124667,0.110000,0.169589,0.154923,0.600000,0.580000,0.311127,0.330000,1.146895,1
186,880000000,0.017655,0.055659,0.164127,0.197669,0.382888,0.210481,0.600000,0.220739,0.600000,0.220739,0.600000,0.121385,0.156009,0.124667,0.169589,0.132000,0.176923,0.132000,0.176923,0,4.704687,0.132000,0.117333,0.176923,0.162256,0.600000,0.580000,0.311127,0.330000,1.135293,1
186,900000000,0.019626,0.059287,0.172264,0.206432,0.406846,0.220739,0.600000,0.231006,0.600000,0.231006,0.600000,0.127574,0.162293,0.132000,0.176923,0.139333,0.184256,0.139333,0.184256,0,4.684484,0.139333,0.124667,0.184256,0.169589,0.600000,0.580000,0.311127,0.330000,1.127156,1
186,940000000,0.023667,0.066885,0.189150,0.222298,0.436987,0.231006,0.600000,0.241283,0.600000,0.241283,0.600000,0.138369,0.173984,0.139333,0.184256,0.146667,0.191589,0.146667,0.191589,0,4.641395,0.146667,0.132000,0.191589,0.176923,0.600000,0.580000,0.311127,0.330000,1.113973,1
186,960000000,0.025802,0.070928,0.197750,0.228589,0.430000,0.241283,0.600000,0.251567,0.600000,0.251567,0.600000,0.143684,0.177786,0.146667,0.191589,0.154000,0.198923,0.154000,0.198923,0,4.619739,0.154000,0.139333,0.198923,0.184256,0.600000,0.580000,0.311127,0.330000,1.105373,1
187,0,0.030114,0.079304,0.215014,0.238953,0.429745,0.251567,0.600000,0.261859,0.600000,0.261859,0.600000,0.151092,0.185121,0.154000,0.198923,0.161333,0.206256,0.161333,0.206256,0,4.575403,0.161333,0.146667,0.206256,0.191589,0.600000,0.580000,0.311127,0.330000,1.091395,1
187,40000000,0.034612,0.088292,0.232390,0.259368,0.430063,0.261859,0.600000,0.272156,0.600000,0.272156,0.600000,0.165543,0.199669,0.161333,0.206256,0.168667,0.213589,0.168667,0.213589,0,4.530539,0.168667,0.154000,0.213589,0.198923,0.600000,0.580000,0.311127,0.330000,1.077009,1
187,60000000,0.036899,0.092954,0.240968,0.259662,0.428918,0.272156,0.600000,0.281737,0.600000,0.281737,0.600000,0.165890,0.199762,0.168667,0.213589,0.176000,0.220000,0.176000,0.220000,0,4.508422,0.176000,0.161333,0.220000,0.206256,0.600000,0.580000,0.311127,0.330000,1.068431,1
187,100000000,0.041540,0.102669,0.258194,0.270060,0.429198,0.281737,0.600000,0.286376,0.600000,0.286376,0.600000,0.173271,0.207146,0.176000,0.220000,0.183333,0.220000,0.183333,0.220000,0,4.463167,0.183333,0.168667,0.220000,0.212667,0.600000,0.580000,0.311127,0.330000,1.054023,1
187,120000000,0.043863,0.107653,0.267205,0.274938,0.450519,0.286376,0.600000,0.291125,0.600000,0.291125,0.600000,0.176947,0.210430,0.183333,0.220000,0.190667,0.220000,0.190667,0.220000,0,4.438418,0.190667,0.176000,0.220000,0.212667,0.600000,0.580000,0.311127,0.330000,1.045012,1
187,160000000,0.048750,0.117939,0.284656,0.284888,0.437590,0.291125,0.600000,0.295980,0.600000,0.295980,0.600000,0.187930,0.214110,0.190667,0.220000,0.198000,0.220000,0.198000,0.220000,0,4.393059,0.198000,0.183333,0.220000,0.212667,0.600000,0.580000,0.311127,0.330000,1.030221,1
187,200000000,0.053713,0.128406,0.302278,0.289713,0.439861,0.295980,0.600000,0.300935,0.600000,0.300935,0.600000,0.194712,0.214526,0.198000,0.220000,0.205333,0.220000,0.205333,0.220000,0,4.347126,0.205333,0.190667,0.220000,0.212667,0.600000,0.580000,0.311127,0.330000,1.015367,1
187,220000000,0.056204,0.133703,0.311231,0.292703,0.447627,0.300935,0.600000,0.305985,0.600000,0.305985,0.600000,0.198834,0.214802,0.205333,0.220000,0.212667,0.220000,0.212667,0.220000,0,4.323351,0.212667,0.198000,0.220000,0.212667,0.600000,0.580000,0.311127,0.330000,1.009152,1
187,260000000,0.061194,0.144424,0.329294,0.296450,0.458568,0.305985,0.600000,0.310740,0.600000,0.310740,0.600000,0.203936,0.215157,0.212667,0.220000,0.220000,0.219452,0.220000,0.219452,0,4.274820,0.220000,0.205333,0.220000,0.212667,0.600000,0.580000,0.311127,0.330000,0.991089,1
187,280000000,0.063848,0.149911,0.338415,0.304738,0.456049,0.310740,0.600000,0.309905,0.600000,0.309905,0.600000,0.215354,0.215610,0.220000,0.219452,0.220000,0.218268,0.220000,0.218268,0,4.251763,0.220000,0.212667,0.220000,0.212119,0.600000,0.580000,0.311127,0.330000,0.984311,1
187,320000000,0.069173,0.161011,0.356710,0.309973,0.457333,0.309905,0.600000,0.308220,0.600000,0.308220,0.600000,0.222932,0.215372,0.220000,0.218268,0.220000,0.215869,0.220000,0.215869,0,4.205029,0.220000,0.212667,0.220000,0.210935,0.600000,0.580000,0.311127,0.330000,0.968122,1
187,340000000,0.071823,0.166614,0.365853,0.309891,0.457143,0.308220,0.600000,0.307366,0.600000,0.307366,0.600000,0.223074,0.215106,0.220000,0.215869,0.220000,0.214649,0.220000,0.214649,0,4.181253,0.220000,0.212667,0.220000,0.208536,0.600000,0.580000,0.311127,0.330000,0.958979,1
187,380000000,0.077011,0.177770,0.384184,0.307571,0.458028,0.307366,0.600000,0.305608,0.600000,0.305608,0.600000,0.222945,0.211885,0.220000,0.214649,0.220000,0.212124,0.220000,0.212124,0,4.132071,0.220000,0.212667,0.220000,0.207315,0.600000,0.580000,0.311127,0.330000,0.942648,1
187,400000000,0.079534,0.183367,0.393347,0.306977,0.458176,0.305608,0.600000,0.304696,0.600000,0.304696,0.600000,0.222922,0.211047,0.220000,0.212124,0.220000,0.210807,0.220000,0.210807,0,4.106414,0.220000,0.212667,0.219457,0.204790,0.600000,0.580000,0.311127,0.330000,0.935732,1
187,440000000,0.084439,0.194597,0.411693,0.306043,0.459324,0.304696,0.600000,0.302798,0.600000,0.302798,0.600000,0.222881,0.209729,0.220000,0.210807,0.220000,0.208054,0.220000,0.208054,0,4.052787,0.220000,0.212667,0.218140,0.203473,0.600000,0.580000,0.311127,0.330000,0.919541,1
187,480000000,0.089187,0.205796,0.430075,0.304078,0.459267,0.302798,0.600000,0.300828,0.600000,0.300828,0.600000,0.222829,0.206907,0.220000,0.208054,0.220000,0.205176,0.220000,0.205176,0,3.996731,0.220000,0.212667,0.215387,0.200720,0.600000,0.580000,0.311127,0.330000,0.902858,1
187,500000000,0.091501,0.211385,0.439293,0.302448,0.460927,0.300828,0.600000,0.299812,0.600000,0.299812,0.600000,0.222733,0.204609,0.220000,0.205176,0.220000,0.203684,0.220000,0.203684,0,3.967669,0.220000,0.212667,0.212509,0.197843,0.600000,0.580000,0.311127,0.330000,0.893640,1
187,540000000,0.095987,0.222584,0.457806,0.300995,0.465463,0.299812,0.600000,0.297699,0.600000,0.297699,0.600000,0.222323,0.202905,0.220000,0.203684,0.220000,0.200561,0.220000,0.200561,0,3.906838,0.220000,0.212667,0.211017,0.196351,0.600000,0.580000,0.311127,0.330000,0.876726,1
187,560000000,0.098183,0.228151,0.467056,0.299228,0.462511,0.297699,0.600000,0.296626,0.600000,0.296626,0.600000,0.222564,0.200008,0.220000,0.200561,0.220000,0.198965,0.220000,0.198965,0,3.875739,0.220000,0.212667,0.207895,0.193228,0.600000,0.580000,0.311127,0.330000,0.869272,1
187,600000000,0.102450,0.239272,0.485628,0.297112,0.463652,0.296626,0.600000,0.294412,0.600000,0.294412,0.600000,0.222446,0.196960,0.220000,0.198965,0.220000,0.195649,0.220000,0.195649,0,3.811155,0.220000,0.212667,0.206298,0.191631,0.600000,0.580000,0.311127,0.330000,0.852488,1
187,640000000,0.106545,0.250358,0.504403,0.293730,0.476350,0.294412,0.600000,0.292094,0.600000,0.292094,0.600000,0.221028,0.193453,0.220000,0.195649,0.220000,0.192143,0.220000,0.192143,0,3.742845,0.220000,0.212667,0.202983,0.188316,0.600000,0.580000,0.311127,0.330000,0.835142,1
187,660000000,0.108539,0.255875,0.513784,0.293323,0.469064,0.292094,0.600000,0.290916,0.600000,0.290916,0.600000,0.221595,0.192183,0.220000,0.192143,0.220000,0.190348,0.220000,0.190348,0,3.707879,0.220000,0.212667,0.199476,0.184809,0.600000,0.580000,0.311127,0.330000,0.825761,1
187,700000000,0.112400,0.266872,0.532719,0.290484,0.474117,0.290916,0.600000,0.288479,0.600000,0.288479,0.600000,0.220763,0.188798,0.220000,0.190348,0.220000,0.186601,0.220000,0.186601,0,3.634905,0.220000,0.212667,0.197681,0.183014,0.600000,0.580000,0.311127,0.330000,0.808111,1
187,720000000,0.114257,0.272356,0.542384,0.289503,0.483267,0.288479,0.600000,0.287197,0.600000,0.287197,0.600000,0.220246,0.187892,0.220000,0.186601,0.220000,0.184613,0.220000,0.184613,0,3.596178,0.220000,0.212667,0.193935,0.179268,0.600000,0.580000,0.311127,0.330000,0.798445,1
187,760000000,0.117809,0.283179,0.562105,0.284538,0.493415,0.287197,0.600000,0.284516,0.600000,0.284516,0.600000,0.217459,0.183503,0.220000,0.184613,0.220000,0.180415,0.220000,0.180415,0,3.514396,0.220000,0.212667,0.191947,0.177280,0.600000,0.580000,0.311127,0.330000,0.780256,1
187,780000000,0.119503,0.288570,0.572100,0.282542,0.499747,0.284516,0.600000,0.283122,0.600000,0.283122,0.600000,0.216323,0.181753,0.220000,0.180415,0.220000,0.178208,0.220000,0.178208,0,3.471400,0.220000,0.212667,0.187748,0.173082,0.600000,0.580000,0.311127,0.330000,0.771742,1
187,820000000,0.122766,0.299362,0.592316,0.281327,0.511271,0.283122,0.600000,0.280248,0.600000,0.280248,0.600000,0.216901,0.179161,0.220000,0.178208,0.220000,0.173606,0.220000,0.173606,0,3.381770,0.220000,0.212667,0.185541,0.170874,0.600000,0.580000,0.311127,0.330000,0.752631,1
187,840000000,0.124368,0.304700,0.602316,0.278671,0.500008,0.280248,0.600000,0.278829,0.600000,0.278829,0.600000,0.216459,0.175507,0.220000,0.173606,0.220000,0.171306,0.220000,0.171306,0,3.336957,0.220000,0.212667,0.180940,0.166273,0.600000,0.580000,0.311127,0.330000,0.742631,1
187,880000000,0.127493,0.315327,0.622428,0.276003,0.499999,0.278829,0.600000,0.275954,0.600000,0.275954,0.600000,0.216609,0.171051,0.220000,0.171306,0.220000,0.166585,0.220000,0.166585,0,3.244988,0.220000,0.212667,0.178639,0.163973,0.600000,0.580000,0.311127,0.330000,0.723645,1
187,920000000,0.130519,0.325886,0.642708,0.273259,0.508341,0.275954,0.600000,0.273036,0.600000,0.273036,0.600000,0.217387,0.165571,0.220000,0.166585,0.220000,0.161706,0.220000,0.161706,0,3.149960,0.220000,0.212667,0.173918,0.159251,0.600000,0.580000,0.311127,0.330000,0.704649,1
187,940000000,0.132005,0.331129,0.652642,0.272465,0.496690,0.273036,0.600000,0.271612,0.600000,0.271612,0.600000,0.217477,0.164136,0.220000,0.161706,0.220000,0.159290,0.220000,0.159290,0,3.102893,0.220000,0.212667,0.169040,0.154373,0.600000,0.580000,0.311127,0.330000,0.694716,1
187,980000000,0.134981,0.341583,0.672214,0.271899,0.481017,0.271612,0.600000,0.268840,0.600000,0.268840,0.600000,0.220528,0.159047,0.220000,0.159290,0.220000,0.154516,0.220000,0.154516,0,3.009893,0.220000,0.212667,0.166623,0.151957,0.600000,0.580000,0.311127,0.330000,0.676271,1
188,0,0.136462,0.346814,0.681714,0.271818,0.475019,0.268840,0.600000,0.267507,0.600000,0.267507,0.600000,0.221620,0.157383,0.220000,0.154516,0.220000,0.152184,0.220000,0.152184,0,2.964463,0.220000,0.212667,0.161849,0.147182,0.600000,0.580000,0.311127,0.330000,0.666771,1
188,40000000,0.139329,0.357248,0.700844,0.269711,0.482492,0.267507,0.600000,0.264806,0.600000,0.264806,0.600000,0.221500,0.153889,0.220000,0.152184,0.220000,0.147385,0.220000,0.147385,0,2.870982,0.220000,0.212667,0.159517,0.144850,0.600000,0.580000,0.311127,0.330000,0.648508,1
188,60000000,0.140757,0.362400,0.710386,0.267284,0.477102,0.264806,0.600000,0.263477,0.600000,0.263477,0.600000,0.221451,0.149667,0.220000,0.147385,0.220000,0.144984,0.220000,0.144984,0,2.824214,0.220000,0.212667,0.154718,0.140051,0.600000,0.580000,0.311127,0.330000,0.640025,1
188,80000000,0.142157,0.367538,0.719995,0.266296,0.480473,0.263477,0.600000,0.262138,0.594361,0.262138,0.594361,0.221413,0.147951,0.220000,0.144984,0.220000,0.142535,0.220000,0.142535,0,2.776519,0.220000,0.212667,0.152317,0.137650,0.600000,0.580000,0.311127,0.330000,0.630415,1
188,120000000,0.144894,0.377759,0.739124,0.264437,0.478195,0.262138,0.594361,0.259484,0.577313,0.259484,0.577313,0.221403,0.144595,0.220000,0.142535,0.220000,0.137593,0.220000,0.137593,0,2.680240,0.220000,0.212667,0.149869,0.135202,0.600000,0.574361,0.311127,0.330000,0.612333,1
188,140000000,0.146249,0.382820,0.748716,0.261969,0.479560,0.259484,0.577313,0.258170,0.568271,0.258170,0.568271,0.221282,0.140222,0.220000,0.137593,0.220000,0.135098,0.220000,0.135098,0,2.631650,0.220000,0.212667,0.144926,0.130259,0.597313,0.557313,0.311127,0.330000,0.602742,1
188,180000000,0.148879,0.392911,0.767911,0.259454,0.481693,0.258170,0.568271,0.255548,0.550898,0.255548,0.550898,0.221195,0.135606,0.220000,0.135098,0.220000,0.130018,0.220000,0.130018,0,2.532687,0.220000,0.212667,0.142432,0.127765,0.588271,0.548271,0.311127,0.330000,0.584315,1
188,220000000,0.151465,0.402891,0.787225,0.256211,0.486466,0.255548,0.550898,0.252958,0.533455,0.252958,0.533455,0.221088,0.129477,0.220000,0.130018,0.220000,0.124850,0.220000,0.124850,0,2.432023,0.220000,0.212667,0.137351,0.122685,0.570898,0.530898,0.311127,0.330000,0.565815,1
188,240000000,0.152747,0.407836,0.796873,0.255410,0.482415,0.252958,0.533455,0.251686,0.524359,0.251686,0.524359,0.221056,0.127940,0.220000,0.124850,0.220000,0.122253,0.220000,0.122253,0,2.381439,0.220000,0.212667,0.132184,0.117517,0.553455,0.513455,0.311127,0.330000,0.556166,1
188,280000000,0.155268,0.417663,0.816257,0.252837,0.483628,0.251686,0.524359,0.249170,0.506924,0.249170,0.506924,0.220987,0.122847,0.220000,0.122253,0.220000,0.116986,0.220000,0.116986,0,2.278837,0.220000,0.212667,0.129587,0.114920,0.544359,0.504359,0.311127,0.330000,0.537674,1
188,300000000,0.156488,0.422566,0.825935,0.252600,0.483926,0.249170,0.506924,0.247925,0.497799,0.247925,0.497799,0.221031,0.122278,0.220000,0.116986,0.220000,0.114310,0.220000,0.114310,0,2.226702,0.220000,0.212667,0.124320,0.109653,0.526924,0.486924,0.311127,0.330000,0.527995,1
188,340000000,0.158986,0.432213,0.845400,0.249073,0.485371,0.247925,0.497799,0.245515,0.480129,0.245515,0.480129,0.220866,0.115133,0.220000,0.114310,0.220000,0.108985,0.220000,0.108985,0,2.122979,0.220000,0.212667,0.121643,0.106977,0.517799,0.477799,0.311127,0.330000,0.509253,1
188,360000000,0.160205,0.437018,0.855082,0.247883,0.484124,0.245515,0.480129,0.244336,0.471587,0.244336,0.471587,0.220820,0.112625,0.220000,0.108985,0.220000,0.106302,0.220000,0.106302,0,2.070706,0.220000,0.212667,0.116318,0.101652,0.500129,0.460129,0.311127,0.330000,0.500193,1
188,400000000,0.162577,0.446603,0.874153,0.245863,0.471356,0.244336,0.471587,0.242053,0.453607,0.242053,0.453607,0.220799,0.108152,0.220000,0.106302,0.220000,0.100944,0.220000,0.100944,0,1.966351,0.220000,0.212667,0.113635,0.098968,0.491587,0.451587,0.311127,0.330000,0.481123,1
188,420000000,0.163778,0.451338,0.883368,0.244268,0.460758,0.242053,0.453607,0.240993,0.445623,0.240993,0.445623,0.220675,0.104736,0.220000,0.100944,0.220000,0.098375,0.220000,0.098375,0,1.916291,0.220000,0.212667,0.108278,0.093611,0.473607,0.433607,0.311127,0.330000,0.472655,1
188,460000000,0.166169,0.460745,0.901292,0.242000,0.443014,0.240993,0.445623,0.238992,0.429338,0.238992,0.429338,0.220600,0.099498,0.220000,0.098375,0.220000,0.093366,0.220000,0.093366,0,1.818731,0.220000,0.212667,0.105708,0.091041,0.465623,0.425623,0.311127,0.330000,0.455382,1
188,500000000,0.168594,0.470030,0.918433,0.238967,0.422117,0.238992,0.429338,0.237181,0.413177,0.237181,0.413177,0.220430,0.092281,0.220000,0.093366,0.220000,0.088626,0.220000,0.088626,0,1.726399,0.220000,0.212667,0.100700,0.086033,0.449338,0.409338,0.311127,0.330000,0.438241,1
188,520000000,0.169786,0.474658,0.926845,0.238956,0.420580,0.237181,0.413177,0.236314,0.405692,0.236314,0.405692,0.220488,0.092113,0.220000,0.088626,0.220000,0.086280,0.220000,0.086280,0,1.680700,0.220000,0.212667,0.095960,0.081293,0.433177,0.393177,0.311127,0.330000,0.430302,1
188,560000000,0.172175,0.483851,0.943179,0.237152,0.405493,0.236314,0.405692,0.234694,0.390292,0.234694,0.390292,0.220418,0.087504,0.220000,0.086280,0.220000,0.081740,0.220000,0.081740,0,1.592250,0.220000,0.212667,0.093614,0.078947,0.425692,0.385692,0.311127,0.330000,0.413968,1
188,580000000,0.173389,0.488406,0.951064,0.235695,0.394224,0.234694,0.390292,0.233949,0.383437,0.233949,0.383437,0.220352,0.083651,0.220000,0.081740,0.220000,0.079574,0.220000,0.079574,0,1.550063,0.220000,0.212667,0.089073,0.074406,0.410292,0.370292,0.311127,0.330000,0.406697,1
188,620000000,0.175807,0.497474,0.966443,0.234553,0.383354,0.233949,0.383437,0.232545,0.369467,0.232545,0.369467,0.220331,0.080434,0.220000,0.079574,0.220000,0.075348,0.220000,0.075348,0,1.467747,0.220000,0.212667,0.086907,0.072241,0.403437,0.363437,0.311127,0.330000,0.391879,1
188,640000000,0.176997,0.501999,0.973998,0.233933,0.377770,0.232545,0.369467,0.231877,0.362343,0.231877,0.362343,0.220313,0.078657,0.220000,0.075348,0.220000,0.073259,0.220000,0.073259,0,1.427044,0.220000,0.212667,0.082682,0.068015,0.389467,0.349467,0.311127,0.330000,0.384323,1
188,680000000,0.179352,0.511015,0.988828,0.232011,0.365164,0.231877,0.362343,0.230608,0.348706,0.230608,0.348706,0.219900,0.073981,0.220000,0.073259,0.220000,0.069137,0.220000,0.069137,0,1.346761,0.220000,0.212667,0.080592,0.065925,0.382343,0.342343,0.311127,0.330000,0.369859,1
188,700000000,0.180539,0.515492,0.996030,0.231581,0.360090,0.230608,0.348706,0.230021,0.341916,0.230021,0.341916,0.219908,0.072595,0.220000,0.069137,0.220000,0.067153,0.220000,0.067153,0,1.308103,0.220000,0.212667,0.076471,0.061804,0.368706,0.328706,0.311127,0.330000,0.362657,1
188,740000000,0.182929,0.524397,1.010018,0.230288,0.347504,0.230021,0.341916,0.228933,0.329176,0.228933,0.329176,0.219830,0.068610,0.220000,0.067153,0.220000,0.063327,0.220000,0.063327,0,1.233580,0.220000,0.212667,0.074486,0.059819,0.361916,0.321916,0.311127,0.330000,0.349144,1
188,780000000,0.185256,0.533288,1.023767,0.229499,0.341204,0.228933,0.329176,0.227907,0.316213,0.227907,0.316213,0.219607,0.066654,0.220000,0.063327,0.220000,0.059511,0.220000,0.059511,0,1.159249,0.220000,0.212667,0.070660,0.055994,0.349176,0.309176,0.311127,0.330000,0.335395,1
188,800000000,0.186391,0.537739,1.030545,0.229653,0.338873,0.227907,0.316213,0.227417,0.310244,0.227417,0.310244,0.219829,0.066448,0.220000,0.059511,0.220000,0.057604,0.220000,0.057604,0,1.122107,0.220000,0.212667,0.066844,0.052178,0.336213,0.296213,0.311127,0.330000,0.329063,1
188,840000000,0.188819,0.546530,1.043236,0.227906,0.315651,0.227417,0.310244,0.226582,0.298278,0.226582,0.298278,0.220105,0.059117,0.220000,0.057604,0.220000,0.054216,0.220000,0.054216,0,1.056105,0.220000,0.212667,0.064938,0.050271,0.330244,0.290244,0.311127,0.330000,0.316372,1
188,860000000,0.190024,0.550917,1.049446,0.227521,0.310481,0.226582,0.298278,0.226191,0.292696,0.226191,0.292696,0.220107,0.057607,0.220000,0.054216,0.220000,0.052556,0.220000,0.052556,0,1.023774,0.220000,0.212667,0.061549,0.046883,0.318278,0.278278,0.311127,0.330000,0.310451,1
188,900000000,0.192406,0.559686,1.061640,0.226881,0.301533,0.226191,0.292696,0.225451,0.281526,0.225451,0.281526,0.220077,0.055146,0.220000,0.052556,0.220000,0.049276,0.220000,0.049276,0,0.959869,0.220000,0.212667,0.059890,0.045223,0.312696,0.272696,0.311127,0.330000,0.298604,1
188,920000000,0.193624,0.564042,1.067493,0.226174,0.292608,0.225451,0.281526,0.225120,0.276009,0.225120,0.276009,0.220048,0.052283,0.220000,0.049276,0.220000,0.047740,0.220000,0.047740,0,0.929960,0.220000,0.212667,0.056609,0.041942,0.301526,0.261526,0.311127,0.330000,0.292752,1
188,960000000,0.196059,0.572735,1.078912,0.225430,0.281925,0.225120,0.276009,0.224506,0.265552,0.224506,0.265552,0.220024,0.049069,0.220000,0.047740,0.220000,0.044757,0.220000,0.044757,0,0.871836,0.220000,0.212667,0.055074,0.040407,0.296009,0.256009,0.311127,0.330000,0.281660,1
188,980000000,0.197260,0.577080,1.084537,0.225404,0.281237,0.224506,0.265552,0.224216,0.260249,0.224216,0.260249,0.220016,0.048989,0.220000,0.044757,0.220000,0.043276,0.220000,0.043276,0,0.842998,0.220000,0.212667,0.052090,0.037423,0.285552,0.245552,0.311127,0.330000,0.276035,1
189,20000000,0.199736,0.585714,1.095251,0.224483,0.266514,0.224216,0.260249,0.223707,0.250348,0.223707,0.250348,0.220002,0.044628,0.220000,0.043276,0.220000,0.040557,0.220000,0.040557,0,0.790031,0.220000,0.212667,0.050609,0.035943,0.280249,0.240249,0.311127,0.330000,0.265535,1
189,60000000,0.202173,0.594348,1.105731,0.224202,0.260452,0.223707,0.250348,0.223236,0.240468,0.223236,0.240468,0.220029,0.043053,0.220000,0.040557,0.220000,0.037872,0.220000,0.037872,0,0.737725,0.220000,0.212667,0.047890,0.033224,0.270348,0.230348,0.311127,0.330000,0.255054,1
189,80000000,0.203400,0.598651,1.110805,0.223769,0.253709,0.223236,0.240468,0.223022,0.235904,0.223022,0.235904,0.219973,0.041040,0.220000,0.037872,0.220000,0.036591,0.220000,0.036591,0,0.712769,0.220000,0.212667,0.045205,0.030538,0.260468,0.220468,0.311127,0.330000,0.250214,1
189,120000000,0.205904,0.607222,1.120518,0.223222,0.242242,0.223022,0.235904,0.222645,0.226747,0.222645,0.226747,0.219993,0.037830,0.220000,0.036591,0.220000,0.034215,0.220000,0.034215,0,0.666496,0.220000,0.212667,0.043924,0.029257,0.255904,0.215904,0.311127,0.330000,0.240501,1
189,140000000,0.207149,0.611505,1.125272,0.222997,0.237681,0.222645,0.226747,0.222469,0.222467,0.222469,0.222467,0.219978,0.036569,0.220000,0.034215,0.220000,0.033053,0.220000,0.033053,0,0.643860,0.220000,0.212667,0.041549,0.026882,0.246747,0.206747,0.311127,0.330000,0.235962,1
189,180000000,0.209624,0.620063,1.134561,0.222523,0.228572,0.222469,0.222467,0.222143,0.213709,0.222143,0.213709,0.219867,0.034278,0.220000,0.033053,0.220000,0.030783,0.220000,0.030783,0,0.599634,0.220000,0.212667,0.040386,0.025720,0.242467,0.202467,0.311127,0.330000,0.226673,1
189,200000000,0.210878,0.624326,1.139011,0.222190,0.222467,0.222143,0.213709,0.221999,0.209639,0.221999,0.209639,0.219770,0.032704,0.220000,0.030783,0.220000,0.029726,0.220000,0.029726,0,0.579058,0.220000,0.212667,0.038116,0.023449,0.233709,0.193709,0.311127,0.330000,0.222356,1
189,240000000,0.213386,0.632846,1.147684,0.221909,0.214299,0.221999,0.209639,0.221735,0.201462,0.221735,0.201462,0.219793,0.030573,0.220000,0.029726,0.220000,0.027685,0.220000,0.027685,0,0.539282,0.220000,0.212667,0.037060,0.022393,0.229639,0.189639,0.311127,0.330000,0.213682,1
189,260000000,0.214629,0.637108,1.151944,0.221959,0.213010,0.221735,0.201462,0.221611,0.197566,0.221611,0.197566,0.219881,0.030296,0.220000,0.027685,0.220000,0.026677,0.220000,0.026677,0,0.519649,0.220000,0.212667,0.035018,0.020351,0.221462,0.181462,0.311127,0.330000,0.209551,1
189,300000000,0.217157,0.645609,1.160106,0.221698,0.203454,0.221611,0.197566,0.221395,0.189872,0.221395,0.189872,0.219961,0.027699,0.220000,0.026677,0.220000,0.024814,0.220000,0.024814,0,0.483363,0.220000,0.212667,0.034010,0.019343,0.217566,0.177566,0.311127,0.330000,0.201389,1
189,340000000,0.219656,0.654114,1.168080,0.221610,0.198906,0.221395,0.189872,0.221197,0.182452,0.221197,0.182452,0.220002,0.026642,0.220000,0.024814,0.220000,0.022982,0.220000,0.022982,0,0.447680,0.220000,0.212667,0.032147,0.017481,0.209872,0.169872,0.311127,0.330000,0.193519,1
189,360000000,0.220919,0.658356,1.171900,0.221352,0.191019,0.221197,0.182452,0.221110,0.178897,0.221110,0.178897,0.219986,0.024548,0.220000,0.022982,0.220000,0.022133,0.220000,0.022133,0,0.431133,0.220000,0.212667,0.030315,0.015649,0.202452,0.162452,0.311127,0.330000,0.189749,1
189,400000000,0.223456,0.666832,1.179289,0.221175,0.184027,0.221110,0.178897,0.220955,0.171931,0.220955,0.171931,0.219988,0.022891,0.220000,0.022133,0.220000,0.020522,0.220000,0.020522,0,0.399759,0.220000,0.212667,0.029466,0.014799,0.198897,0.158897,0.311127,0.330000,0.182360,1
189,420000000,0.224716,0.671071,1.182909,0.221105,0.180975,0.220955,0.171931,0.220883,0.168545,0.220883,0.168545,0.219990,0.022183,0.220000,0.020522,0.220000,0.019732,0.220000,0.019732,0,0.384378,0.220000,0.212667,0.027855,0.013189,0.191931,0.151931,0.311127,0.330000,0.178769,1
189,460000000,0.227227,0.679547,1.189968,0.220915,0.172821,0.220883,0.168545,0.220752,0.161889,0.220752,0.161889,0.219981,0.020292,0.220000,0.019732,0.220000,0.018200,0.220000,0.018200,0,0.354532,0.220000,0.212667,0.027066,0.012399,0.188545,0.148545,0.311127,0.330000,0.171709,1
189,480000000,0.228493,0.683775,1.193341,0.220651,0.168643,0.220752,0.161889,0.220694,0.158703,0.220694,0.158703,0.219795,0.019422,0.220000,0.018200,0.220000,0.017494,0.220000,0.017494,0,0.340770,0.220000,0.212667,0.025534,0.010867,0.181889,0.141889,0.311127,0.330000,0.168330,1
189,520000000,0.231028,0.692225,1.199869,0.220523,0.161889,0.220694,0.158703,0.220592,0.152549,0.220592,0.152549,0.219796,0.017890,0.220000,0.017494,0.220000,0.016153,0.220000,0.016153,0,0.314654,0.220000,0.212667,0.024827,0.010160,0.178703,0.138703,0.311127,0.330000,0.161802,1
189,540000000,0.232282,0.696455,1.203096,0.220613,0.161357,0.220592,0.152549,0.220544,0.149473,0.220544,0.149473,0.219890,0.017838,0.220000,0.016153,0.220000,0.015480,0.220000,0.015480,0,0.301553,0.220000,0.212667,0.023486,0.008820,0.172549,0.132549,0.311127,0.330000,0.158540,1
189,580000000,0.234776,0.704919,1.209418,0.220628,0.157358,0.220544,0.149473,0.220455,0.143513,0.220455,0.143513,0.219973,0.016996,0.220000,0.015480,0.220000,0.014162,0.220000,0.014162,0,0.275869,0.220000,0.212667,0.022814,0.008147,0.169473,0.129473,0.311127,0.330000,0.152219,1
189,620000000,0.237281,0.713377,1.215440,0.220521,0.150207,0.220455,0.143513,0.220381,0.137771,0.220381,0.137771,0.219981,0.015430,0.220000,0.014162,0.220000,0.012949,0.220000,0.012949,0,0.252231,0.220000,0.212667,0.021495,0.006829,0.163513,0.123513,0.311127,0.330000,0.146128,1
189,640000000,0.238535,0.717604,1.218359,0.220472,0.145927,0.220381,0.137771,0.220348,0.135020,0.220348,0.135020,0.219999,0.014427,0.220000,0.012949,0.220000,0.012371,0.220000,0.012371,0,0.240984,0.220000,0.212667,0.020282,0.005615,0.157771,0.117771,0.311127,0.330000,0.143210,1
189,680000000,0.241030,0.726061,1.224065,0.220410,0.140992,0.220348,0.135020,0.220287,0.129530,0.220287,0.129530,0.220001,0.013421,0.220000,0.012371,0.220000,0.011245,0.220000,0.011245,0,0.219042,0.220000,0.212667,0.019704,0.005038,0.155020,0.115020,0.311127,0.330000,0.137387,1
189,700000000,0.242286,0.730285,1.226791,0.220347,0.136283,0.220287,0.129530,0.220261,0.126960,0.220261,0.126960,0.219998,0.012385,0.220000,0.011245,0.220000,0.010730,0.220000,0.010730,0,0.209007,0.220000,0.212667,0.018578,0.003911,0.149530,0.109530,0.311127,0.330000,0.134661,1
189,740000000,0.244792,0.738734,1.232091,0.220286,0.130651,0.220261,0.126960,0.220215,0.121846,0.220215,0.121846,0.219998,0.011255,0.220000,0.010730,0.220000,0.009740,0.220000,0.009740,0,0.189727,0.220000,0.212667,0.018063,0.003396,0.146960,0.106960,0.311127,0.330000,0.129238,1
189,760000000,0.246037,0.742960,1.234693,0.220286,0.130091,0.220215,0.121846,0.220194,0.119393,0.220194,0.119393,0.220002,0.011189,0.220000,0.009740,0.220000,0.009252,0.220000,0.009252,0,0.180221,0.220000,0.212667,0.017073,0.002406,0.141846,0.101846,0.311127,0.330000,0.126636,1
189,800000000,0.248552,0.751398,1.239591,0.220109,0.121846,0.220194,0.119393,0.220160,0.114623,0.220160,0.114623,0.219901,0.009561,0.220000,0.009252,0.220000,0.008396,0.220000,0.008396,0,0.163547,0.220000,0.212667,0.016585,0.001918,0.139393,0.099393,0.311127,0.330000,0.121576,1
189,840000000,0.251045,0.759843,1.244377,0.220159,0.119393,0.220160,0.114623,0.220130,0.109896,0.220130,0.109896,0.219970,0.009116,0.220000,0.008396,0.220000,0.007553,0.220000,0.007553,0,0.147123,0.220000,0.212667,0.015729,0.001063,0.134623,0.094623,0.311127,0.330000,0.116563,1
189,860000000,0.252289,0.764066,1.246695,0.220152,0.115900,0.220130,0.109896,0.220116,0.107711,0.220116,0.107711,0.219988,0.008501,0.220000,0.007553,0.220000,0.007151,0.220000,0.007151,0,0.139304,0.220000,0.212667,0.014886,0.000219,0.129896,0.089896,0.311127,0.330000,0.114245,1
189,900000000,0.254789,0.772505,1.251091,0.220075,0.109908,0.220116,0.107711,0.220094,0.103361,0.220094,0.103361,0.219949,0.007440,0.220000,0.007151,0.220000,0.006434,0.220000,0.006434,0,0.125339,0.220000,0.212667,0.014485,-0.000182,0.127711,0.087711,0.311127,0.330000,0.109631,1
189,920000000,0.256033,0.776728,1.253249,0.220105,0.107937,0.220094,0.103361,0.220084,0.101326,0.220084,0.101326,0.219991,0.007084,0.220000,0.006434,0.220000,0.006081,0.220000,0.006081,0,0.118448,0.220000,0.212667,0.013768,-0.000899,0.123361,0.083361,0.311127,0.330000,0.107472,1
189,960000000,0.258505,0.785178,1.257484,0.220075,0.104057,0.220084,0.101326,0.220066,0.097094,0.220066,0.097094,0.219981,0.006431,0.220000,0.006081,0.220000,0.005384,0.220000,0.005384,0,0.104883,0.220000,0.212667,0.013414,-0.001253,0.121326,0.081326,0.311127,0.330000,0.102984,1
189,980000000,0.259742,0.789402,1.259511,0.220079,0.101350,0.220066,0.097094,0.220058,0.095183,0.220058,0.095183,0.219998,0.005998,0.220000,0.005384,0.220000,0.005065,0.220000,0.005065,0,0.098659,0.220000,0.212667,0.012718,-0.001949,0.117094,0.077094,0.311127,0.330000,0.100957,1
190,20000000,0.262212,0.797850,1.263437,0.220049,0.097060,0.220058,0.095183,0.220045,0.091160,0.220045,0.091160,0.219985,0.005291,0.220000,0.005065,0.220000,0.004459,0.220000,0.004459,0,0.086865,0.220000,0.212667,0.012398,-0.002269,0.115183,0.075183,0.311127,0.330000,0.096689,1
190,60000000,0.264674,0.806300,1.267188,0.220039,0.091148,0.220045,0.091160,0.220035,0.087320,0.220035,0.087320,0.219995,0.004378,0.220000,0.004459,0.220000,0.003900,0.220000,0.003900,0,0.075974,0.220000,0.212667,0.011793,-0.002874,0.111160,0.071160,0.311127,0.330000,0.092617,1
190,80000000,0.265903,0.810526,1.269005,0.220033,0.090824,0.220035,0.087320,0.220030,0.085608,0.220030,0.085608,0.219991,0.004340,0.220000,0.003900,0.220000,0.003635,0.220000,0.003635,0,0.070800,0.220000,0.212667,0.011234,-0.003433,0.107320,0.067320,0.311127,0.330000,0.090801,1
190,120000000,0.268355,0.818978,1.272501,0.220034,0.086731,0.220030,0.085608,0.220022,0.081989,0.220022,0.081989,0.220002,0.003761,0.220000,0.003635,0.220000,0.003142,0.220000,0.003142,0,0.061201,0.220000,0.212667,0.010968,-0.003699,0.105608,0.065608,0.311127,0.330000,0.086963,1
190,140000000,0.269581,0.823205,1.274174,0.220025,0.083644,0.220022,0.081989,0.220019,0.080412,0.220019,0.080412,0.220000,0.003317,0.220000,0.003142,0.220000,0.002917,0.220000,0.002917,0,0.056825,0.220000,0.212667,0.010475,-0.004192,0.101989,0.061989,0.311127,0.330000,0.085290,1
190,180000000,0.272025,0.831659,1.277420,0.220021,0.080874,0.220019,0.080412,0.220014,0.076918,0.220014,0.076918,0.220002,0.002941,0.220000,0.002917,0.220000,0.002491,0.220000,0.002491,0,0.048521,0.220000,0.212667,0.010251,-0.004416,0.100412,0.060412,0.311127,0.330000,0.081584,1
190,200000000,0.273241,0.835888,1.279010,0.220019,0.079485,0.220014,0.076918,0.220012,0.075419,0.220012,0.075419,0.220002,0.002746,0.220000,0.002491,0.220000,0.002281,0.220000,0.002281,0,0.044431,0.220000,0.212667,0.009824,-0.004842,0.096918,0.056918,0.311127,0.330000,0.079994,1
190,220000000,0.274451,0.840119,1.280594,0.220018,0.079195,0.220012,0.075419,0.220010,0.073926,0.220010,0.073926,0.220002,0.002721,0.220000,0.002281,0.220000,0.002067,0.220000,0.002067,0,0.040258,0.220000,0.212667,0.009614,-0.005052,0.095419,0.055419,0.311127,0.330000,0.078410,1
190,260000000,0.276872,0.848579,1.283591,0.220011,0.074255,0.220010,0.073926,0.220006,0.070687,0.220006,0.070687,0.220001,0.002089,0.220000,0.002067,0.220000,0.001690,0.220000,0.001690,0,0.032924,0.220000,0.212667,0.009400,-0.005267,0.093926,0.053926,0.311127,0.330000,0.074975,1
190,280000000,0.278079,0.852810,1.285047,0.219993,0.072802,0.220006,0.070687,0.220005,0.069315,0.220005,0.069315,0.219985,0.001886,0.220000,0.001690,0.220000,0.001510,0.220000,0.001510,0,0.029423,0.220000,0.212667,0.009023,-0.005643,0.090687,0.050687,0.311127,0.330000,0.073519,1
190,320000000,0.280481,0.861276,1.287895,0.219959,0.069929,0.220005,0.069315,0.220003,0.066232,0.220003,0.066232,0.219954,0.001550,0.220000,0.001510,0.220000,0.001158,0.220000,0.001158,0,0.022561,0.220000,0.212667,0.008844,-0.005823,0.089315,0.049315,0.311127,0.330000,0.070250,1
190,340000000,0.281678,0.865510,1.289276,0.220005,0.069093,0.220003,0.066232,0.220002,0.064929,0.220002,0.064929,0.220000,0.001462,0.220000,0.001158,0.220000,0.000990,0.220000,0.000990,0,0.019292,0.220000,0.212667,0.008492,-0.006175,0.086232,0.046232,0.311127,0.330000,0.068868,1
190,380000000,0.284072,0.873977,1.291890,0.220000,0.064700,0.220002,0.064929,0.220001,0.061915,0.220001,0.061915,0.220000,0.000000,0.220000,0.000990,0.220000,0.000699,0.220000,0.000699,0,0.013616,0.220000,0.212667,0.008324,-0.006343,0.084929,0.044929,0.311127,0.330000,0.065671,1
190,400000000,0.285264,0.878213,1.293170,0.219999,0.064031,0.220001,0.061915,0.220001,0.060708,0.220001,0.060708,0.219999,0.000000,0.220000,0.000699,0.220000,0.000556,0.220000,0.000556,0,0.010823,0.220000,0.212667,0.008032,-0.006634,0.081915,0.041915,0.311127,0.330000,0.064390,1
190,440000000,0.287636,0.886687,1.295693,0.219999,0.062960,0.220001,0.060708,0.220000,0.057787,0.220000,0.057787,0.219999,0.000000,0.220000,0.000556,0.220000,0.000266,0.220000,0.000266,0,0.005176,0.220000,0.212667,0.007889,-0.006778,0.080708,0.040708,0.311127,0.330000,0.061293,1
190,480000000,0.290004,0.895162,1.298047,0.219998,0.058783,0.220000,0.057787,0.220000,0.055105,0.220000,0.055105,0.219998,0.000000,0.220000,0.000266,0.220000,0.000021,0.220000,0.000021,0,0.000413,0.220000,0.212667,0.007599,-0.007068,0.077787,0.037787,0.311127,0.330000,0.058447,1
190,500000000,0.291185,0.899401,1.299188,0.219998,0.057026,0.220000,0.055105,0.220000,0.054029,0.220000,0.054029,0.219998,0.000000,0.220000,0.000021,0.220000,-0.000095,0.220000,-0.000095,0,-0.001847,0.220000,0.212667,0.007355,-0.007312,0.075105,0.035105,0.311127,0.330000,0.057307,1
190,540000000,0.293538,0.907880,1.301384,0.219986,0.054022,0.220000,0.054029,0.220000,0.051284,0.220000,0.051284,0.219986,0.000000,0.220000,-0.000095,0.220000,-0.000308,0.220000,-0.000308,0,-0.006003,0.220000,0.212667,0.007238,-0.007428,0.074029,0.034029,0.311127,0.330000,0.054395,1
190,560000000,0.294714,0.912120,1.302426,0.219998,0.052082,0.220000,0.051284,0.220000,0.050302,0.220000,0.050302,0.219998,0.000000,0.220000,-0.000308,0.220000,-0.000400,0.220000,-0.000400,0,-0.007798,0.220000,0.212667,0.007025,-0.007642,0.071284,0.031284,0.311127,0.330000,0.053353,1
190,600000000,0.297057,0.920602,1.304431,0.219997,0.049263,0.220000,0.050302,0.220001,0.047713,0.220001,0.047713,0.219997,0.000000,0.220000,-0.000400,0.220000,-0.000570,0.220000,-0.000570,0,-0.011099,0.220000,0.212667,0.006933,-0.007734,0.070302,0.030302,0.311127,0.330000,0.050607,1
190,620000000,0.298226,0.924843,1.305381,0.219946,0.047490,0.220001,0.047713,0.220001,0.046817,0.220001,0.046817,0.219946,0.000000,0.220000,-0.000570,0.220000,-0.000643,0.220000,-0.000643,0,-0.012533,0.220000,0.212667,0.006764,-0.007903,0.067713,0.027713,0.311127,0.330000,0.049657,1
190,660000000,0.300554,0.933325,1.307232,0.219792,0.046813,0.220001,0.046817,0.220001,0.044525,0.220001,0.044525,0.219792,0.000000,0.220000,-0.000643,0.220000,-0.000786,0.220000,-0.000786,0,-0.015317,0.220000,0.212667,0.006690,-0.007977,0.066817,0.026817,0.311127,0.330000,0.047226,1
190,680000000,0.301710,0.937564,1.308169,0.219679,0.046817,0.220001,0.044525,0.220002,0.043642,0.220002,0.043642,0.219679,0.000000,0.220000,-0.000786,0.220000,-0.000870,0.220000,-0.000870,0,-0.016948,0.220000,0.212667,0.006547,-0.008120,0.064525,0.024525,0.311127,0.330000,0.046290,1
190,720000000,0.304021,0.946050,1.309931,0.219995,0.042100,0.220002,0.043642,0.220002,0.041209,0.220002,0.041209,0.219993,-0.001093,0.220000,-0.000870,0.220000,-0.001006,0.220000,-0.001006,0,-0.019606,0.220000,0.212667,0.006463,-0.008203,0.063642,0.023642,0.311127,0.330000,0.043709,1
190,740000000,0.305176,0.950296,1.310758,0.219999,0.041394,0.220002,0.041209,0.220003,0.040428,0.220003,0.040428,0.219996,-0.001146,0.220000,-0.001006,0.220000,-0.001061,0.220000,-0.001061,0,-0.020662,0.220000,0.212667,0.006327,-0.008340,0.061209,0.021209,0.311127,0.330000,0.042881,1
190,780000000,0.307479,0.958789,1.312345,0.220000,0.038921,0.220003,0.040428,0.220003,0.038076,0.220003,0.038076,0.219996,-0.001284,0.220000,-0.001061,0.220000,-0.001158,0.220000,-0.001158,0,-0.022551,0.220000,0.212667,0.006273,-0.008394,0.060428,0.020428,0.311127,0.330000,0.040386,1
190,800000000,0.308628,0.963036,1.313104,0.219993,0.037992,0.220003,0.038076,0.220003,0.037359,0.220003,0.037359,0.219989,-0.001327,0.220000,-0.001158,0.220000,-0.001202,0.220000,-0.001202,0,-0.023406,0.220000,0.212667,0.006176,-0.008491,0.058076,0.018076,0.311127,0.330000,0.039626,1
190,840000000,0.310912,0.971527,1.314584,0.219677,0.037924,0.220003,0.037359,0.220004,0.035265,0.220004,0.035265,0.219674,-0.001192,0.220000,-0.001202,0.220000,-0.001291,0.220000,-0.001291,0,-0.025140,0.220000,0.212667,0.006132,-0.008535,0.057359,0.017359,0.311127,0.330000,0.037404,1
190,860000000,0.312047,0.975771,1.315333,0.219652,0.037431,0.220004,0.035265,0.220004,0.034559,0.220004,0.034559,0.219649,-0.001215,0.220000,-0.001291,0.220000,-0.001346,0.220000,-0.001346,0,-0.026216,0.220000,0.212667,0.006043,-0.008624,0.055265,0.015265,0.311127,0.330000,0.036655,1
190,900000000,0.314310,0.984260,1.316782,0.219653,0.035119,0.220004,0.034559,0.220005,0.032369,0.220005,0.032369,0.219649,-0.001331,0.220000,-0.001346,0.220000,-0.001451,0.220000,-0.001451,0,-0.028271,0.220000,0.212667,0.005988,-0.008679,0.054559,0.014559,0.311127,0.330000,0.034333,1
190,940000000,0.316565,0.992752,1.318147,0.219650,0.033683,0.220005,0.032369,0.220005,0.030077,0.220005,0.030077,0.219645,-0.001400,0.220000,-0.001451,0.220000,-0.001541,0.220000,-0.001541,0,-0.030023,0.220000,0.212667,0.005882,-0.008785,0.052369,0.012369,0.311127,0.330000,0.031901,1
190,960000000,0.317690,0.996999,1.318795,0.219653,0.032369,0.220005,0.030077,0.220006,0.029466,0.220006,0.029466,0.219648,-0.001463,0.220000,-0.001541,0.220000,-0.001582,0.220000,-0.001582,0,-0.030819,0.220000,0.212667,0.005792,-0.008875,0.050077,0.010077,0.311127,0.330000,0.031254,1
191,0,0.319934,1.005493,1.320043,0.219657,0.030070,0.220006,0.029466,0.220006,0.027363,0.220006,0.027363,0.219651,-0.001552,0.220000,-0.001582,0.220000,-0.001656,0.220000,-0.001656,0,-0.032262,0.220000,0.212667,0.005751,-0.008915,0.049466,0.009466,0.311127,0.330000,0.029023,1
191,20000000,0.321057,1.009745,1.320615,0.219874,0.028566,0.220006,0.027363,0.220006,0.026824,0.220006,0.026824,0.219867,-0.001721,0.220000,-0.001656,0.220000,-0.001681,0.220000,-0.001681,0,-0.032739,0.220000,0.212667,0.005677,-0.008990,0.047363,0.007363,0.311127,0.330000,0.028451,1
191,60000000,0.323304,1.018253,1.321638,0.220003,0.025037,0.220006,0.026824,0.220007,0.025021,0.220007,0.025021,0.219995,-0.001925,0.220000,-0.001681,0.220000,-0.001693,0.220000,-0.001693,0,-0.032969,0.220000,0.212667,0.005653,-0.009014,0.046824,0.006824,0.311127,0.330000,0.026539,1
191,80000000,0.324426,1.022508,1.322133,0.220003,0.024762,0.220007,0.025021,0.220007,0.024554,0.220007,0.024554,0.219995,-0.001938,0.220000,-0.001693,0.220000,-0.001699,0.220000,-0.001699,0,-0.033098,0.220000,0.212667,0.005641,-0.009026,0.045021,0.005021,0.311127,0.330000,0.026044,1
191,120000000,0.326659,1.031016,1.323134,0.219807,0.025587,0.220007,0.024554,0.220007,0.022441,0.220007,0.022441,0.219799,-0.001803,0.220000,-0.001699,0.220000,-0.001725,0.220000,-0.001725,0,-0.033608,0.220000,0.212667,0.005634,-0.009032,0.044554,0.004554,0.311127,0.330000,0.023803,1
191,160000000,0.328874,1.039519,1.324116,0.219659,0.024554,0.220007,0.022441,0.220007,0.021515,0.220007,0.021515,0.219652,-0.001704,0.220000,-0.001725,0.220000,-0.001767,0.220000,-0.001767,0,-0.034423,0.220000,0.212667,0.005608,-0.009059,0.042441,0.002441,0.311127,0.330000,0.022820,1
191,180000000,0.329979,1.043771,1.324578,0.219661,0.023075,0.220007,0.021515,0.220007,0.019859,0.220007,0.019859,0.219654,-0.001721,0.220000,-0.001767,0.220000,-0.001783,0.220000,-0.001783,0,-0.034742,0.220000,0.212667,0.005566,-0.009100,0.041515,0.001515,0.311127,0.330000,0.021064,1
191,220000000,0.332185,1.052276,1.325445,0.219667,0.020892,0.220007,0.019859,0.220007,0.019042,0.220007,0.019042,0.219660,-0.001762,0.220000,-0.001783,0.220000,-0.001812,0.220000,-0.001812,0,-0.035304,0.220000,0.212667,0.005550,-0.009117,0.039859,-0.000141,0.311127,0.330000,0.020197,1
191,240000000,0.333285,1.056529,1.325842,0.219672,0.019859,0.220007,0.019042,0.220008,0.017679,0.220008,0.017679,0.219665,-0.001785,0.220000,-0.001812,0.220000,-0.001819,0.220000,-0.001819,0,-0.035431,0.220000,0.212667,0.005521,-0.009146,0.039042,-0.000958,0.311127,0.330000,0.018751,1
191,280000000,0.335483,1.065037,1.326616,0.219679,0.019042,0.220008,0.017679,0.220008,0.016948,0.220008,0.016948,0.219672,-0.001813,0.220000,-0.001819,0.220000,-0.001836,0.220000,-0.001836,0,-0.035756,0.220000,0.212667,0.005514,-0.009152,0.037679,-0.002321,0.311127,0.330000,0.017976,1
191,300000000,0.336579,1.069292,1.326993,0.219681,0.018833,0.220008,0.016948,0.220008,0.015427,0.220008,0.015427,0.219674,-0.001816,0.220000,-0.001836,0.220000,-0.001845,0.220000,-0.001845,0,-0.035931,0.220000,0.212667,0.005498,-0.009169,0.036948,-0.003052,0.311127,0.330000,0.016363,1
191,340000000,0.338774,1.077806,1.327636,0.219943,0.015221,0.220008,0.015427,0.220008,0.014821,0.220008,0.014821,0.219934,-0.002029,0.220000,-0.001845,0.220000,-0.001833,0.220000,-0.001833,0,-0.035707,0.220000,0.212667,0.005489,-0.009178,0.035427,-0.004573,0.311127,0.330000,0.015720,1
191,360000000,0.339873,1.082067,1.327911,0.220005,0.013757,0.220008,0.014821,0.220007,0.013141,0.220007,0.013141,0.219995,-0.002080,0.220000,-0.001833,0.220000,-0.001815,0.220000,-0.001815,0,-0.035349,0.220000,0.212667,0.005500,-0.009166,0.034821,-0.005179,0.311127,0.330000,0.013939,1
191,400000000,0.342067,1.090589,1.328431,0.220005,0.012652,0.220007,0.013141,0.220007,0.012652,0.220007,0.012652,0.219995,-0.002068,0.220000,-0.001815,0.220000,-0.001778,0.220000,-0.001778,0,-0.034637,0.220000,0.212667,0.005519,-0.009148,0.033141,-0.006859,0.311127,0.330000,0.013419,1
191,420000000,0.343162,1.094850,1.328653,0.219995,0.011126,0.220007,0.012652,0.220007,0.011082,0.220007,0.011082,0.219986,-0.002038,0.220000,-0.001778,0.220000,-0.001754,0.220000,-0.001754,0,-0.034167,0.220000,0.212667,0.005555,-0.009111,0.032652,-0.007348,0.311127,0.330000,0.011755,1
191,460000000,0.345338,1.103366,1.329162,0.219703,0.012651,0.220007,0.011082,0.220007,0.010603,0.220007,0.010603,0.219696,-0.001775,0.220000,-0.001754,0.220000,-0.001744,0.220000,-0.001744,0,-0.033967,0.220000,0.212667,0.005579,-0.009087,0.031082,-0.008918,0.311127,0.330000,0.011246,1
191,500000000,0.347507,1.111882,1.329635,0.219708,0.011012,0.220007,0.010603,0.220007,0.008928,0.220007,0.008928,0.219701,-0.001746,0.220000,-0.001744,0.220000,-0.001737,0.220000,-0.001737,0,-0.033830,0.220000,0.212667,0.005590,-0.009077,0.030603,-0.009397,0.311127,0.330000,0.009469,1
191,520000000,0.348589,1.116141,1.329847,0.219713,0.010603,0.220007,0.008928,0.220007,0.008728,0.220007,0.008728,0.219706,-0.001739,0.220000,-0.001737,0.220000,-0.001728,0.220000,-0.001728,0,-0.033667,0.220000,0.212667,0.005597,-0.009070,0.028928,-0.011072,0.311127,0.330000,0.009257,1
191,560000000,0.350755,1.124662,1.330196,0.219850,0.008062,0.220007,0.008728,0.220007,0.006914,0.220007,0.006914,0.219843,-0.001828,0.220000,-0.001728,0.220000,-0.001698,0.220000,-0.001698,0,-0.033081,0.220000,0.212667,0.005605,-0.009062,0.028728,-0.011272,0.311127,0.330000,0.007334,1
191,580000000,0.351840,1.128926,1.330325,0.220003,0.006450,0.220007,0.006914,0.220006,0.006793,0.220006,0.006793,0.219994,-0.001929,0.220000,-0.001698,0.220000,-0.001668,0.220000,-0.001668,0,-0.032494,0.220000,0.212667,0.005635,-0.009032,0.026914,-0.013086,0.311127,0.330000,0.007205,1
191,620000000,0.354009,1.137454,1.330528,0.220005,0.005094,0.220006,0.006793,0.220006,0.004886,0.220006,0.004886,0.219996,-0.001896,0.220000,-0.001668,0.220000,-0.001606,0.220000,-0.001606,0,-0.031288,0.220000,0.212667,0.005665,-0.009001,0.026793,-0.013207,0.311127,0.330000,0.005182,1
191,640000000,0.355092,1.141719,1.330628,0.220004,0.005003,0.220006,0.004886,0.220006,0.004792,0.220006,0.004792,0.219997,-0.001866,0.220000,-0.001606,0.220000,-0.001577,0.220000,-0.001577,0,-0.030721,0.220000,0.212667,0.005727,-0.008940,0.024886,-0.015114,0.311127,0.330000,0.005082,1
191,680000000,0.357255,1.150249,1.330797,0.220004,0.003409,0.220006,0.004792,0.220005,0.003026,0.220005,0.003026,0.219997,-0.001788,0.220000,-0.001577,0.220000,-0.001525,0.220000,-0.001525,0,-0.029714,0.220000,0.212667,0.005756,-0.008910,0.024792,-0.015208,0.311127,0.330000,0.003210,1
191,700000000,0.358335,1.154515,1.330858,0.220004,0.003043,0.220005,0.003026,0.220005,0.002969,0.220005,0.002969,0.219997,-0.001765,0.220000,-0.001525,0.220000,-0.001495,0.220000,-0.001495,0,-0.029114,0.220000,0.212667,0.005808,-0.008859,0.023026,-0.016974,0.311127,0.330000,0.003149,1
191,740000000,0.360493,1.163046,1.330932,0.220004,0.001335,0.220005,0.002969,0.220005,0.001368,0.220005,0.001368,0.219997,-0.001706,0.220000,-0.001495,0.220000,-0.001432,0.220000,-0.001432,0,-0.027903,0.220000,0.212667,0.005839,-0.008828,0.022969,-0.017031,0.311127,0.330000,0.001451,1
191,780000000,0.362647,1.171579,1.330944,0.220003,0.000000,0.220005,0.001368,0.220004,-0.000392,0.220004,-0.000392,0.219997,-0.001609,0.220000,-0.001432,0.220000,-0.001362,0.220000,-0.001362,0,-0.026522,0.220000,0.212667,0.005901,-0.008766,0.021368,-0.018632,0.311127,0.330000,-0.000416,1
191,800000000,0.363724,1.175845,1.330939,0.220001,0.000000,0.220004,-0.000392,0.220004,-0.000388,0.220004,-0.000388,0.219995,-0.001600,0.220000,-0.001362,0.220000,-0.001327,0.220000,-0.001327,0,-0.025858,0.220000,0.212667,0.005972,-0.008695,0.019608,-0.020392,0.311127,0.330000,-0.000412,1
191,840000000,0.365867,1.184372,1.330928,0.219776,0.000000,0.220004,-0.000388,0.220004,-0.002444,0.220004,-0.002444,0.219771,-0.001352,0.220000,-0.001327,0.220000,-0.001274,0.220000,-0.001274,0,-0.024824,0.220000,0.212667,0.006006,-0.008661,0.019612,-0.020388,0.311127,0.330000,-0.002592,1
191,860000000,0.366937,1.188636,1.330920,0.219782,0.000000,0.220004,-0.002444,0.220004,-0.002437,0.220004,-0.002437,0.219778,-0.001335,0.220000,-0.001274,0.220000,-0.001253,0.220000,-0.001253,0,-0.024401,0.220000,0.212667,0.006059,-0.008608,0.017556,-0.022444,0.311127,0.330000,-0.002584,1
191,900000000,0.369076,1.197163,1.330888,0.219794,-0.001206,0.220004,-0.002437,0.220003,-0.004442,0.220003,-0.004442,0.219790,-0.001288,0.220000,-0.001253,0.220000,-0.001215,0.220000,-0.001215,0,-0.023672,0.220000,0.212667,0.006081,-0.008586,0.017563,-0.022437,0.311127,0.330000,-0.004712,1
191,920000000,0.370145,1.201427,1.330839,0.219797,-0.002436,0.220003,-0.004442,0.220003,-0.004396,0.220003,-0.004396,0.219793,-0.001242,0.220000,-0.001215,0.220000,-0.001192,0.220000,-0.001192,0,-0.023219,0.220000,0.212667,0.006118,-0.008549,0.015558,-0.024442,0.311127,0.330000,-0.004663,1
191,960000000,0.372284,1.209957,1.330690,0.219893,-0.005004,0.220003,-0.004396,0.220003,-0.006174,0.220003,-0.006174,0.219890,-0.001267,0.220000,-0.001192,0.220000,-0.001137,0.220000,-0.001137,0,-0.022153,0.220000,0.212667,0.006141,-0.008525,0.015604,-0.024396,0.311127,0.330000,-0.006548,1
192,0,0.374429,1.218492,1.330443,0.220002,-0.006690,0.220003,-0.006174,0.220003,-0.007962,0.220003,-0.007962,0.219998,-0.001290,0.220000,-0.001137,0.220000,-0.001057,0.220000,-0.001057,0,-0.020583,0.220000,0.212667,0.006196,-0.008471,0.013826,-0.026174,0.311127,0.330000,-0.008445,1
192,20000000,0.375501,1.222759,1.330296,0.220002,-0.007337,0.220003,-0.007962,0.220002,-0.007824,0.220002,-0.007824,0.219999,-0.001255,0.220000,-0.001057,0.220000,-0.001017,0.220000,-0.001017,0,-0.019820,0.220000,0.212667,0.006277,-0.008390,0.012038,-0.027962,0.311127,0.330000,-0.008298,1
192,60000000,0.377644,1.231293,1.329958,0.219950,-0.008706,0.220002,-0.007824,0.220002,-0.009873,0.220002,-0.009873,0.219948,-0.001125,0.220000,-0.001017,0.220000,-0.000928,0.220000,-0.000928,0,-0.018086,0.220000,0.212667,0.006316,-0.008351,0.012176,-0.027824,0.311127,0.330000,-0.010472,1
192,80000000,0.378713,1.235558,1.329795,0.219850,-0.008154,0.220002,-0.009873,0.220002,-0.009719,0.220002,-0.009719,0.219848,-0.001032,0.220000,-0.000928,0.220000,-0.000895,0.220000,-0.000895,0,-0.017444,0.220000,0.212667,0.006405,-0.008262,0.010127,-0.029873,0.311127,0.330000,-0.010309,1
192,120000000,0.380849,1.244089,1.329400,0.219855,-0.009873,0.220002,-0.009719,0.220002,-0.011974,0.220002,-0.011974,0.219855,0.000000,0.220000,-0.000895,0.220000,-0.000813,0.220000,-0.000813,0,-0.015845,0.220000,0.212667,0.006438,-0.008229,0.010281,-0.029719,0.311127,0.330000,-0.012701,1
192,140000000,0.381918,1.248354,1.329206,0.219863,-0.009720,0.220002,-0.011974,0.220001,-0.011791,0.220001,-0.011791,0.219863,0.000000,0.220000,-0.000813,0.220000,-0.000783,0.220000,-0.000783,0,-0.015248,0.220000,0.212667,0.006520,-0.008147,0.008026,-0.031974,0.311127,0.330000,-0.012506,1
192,180000000,0.384057,1.256885,1.328792,0.219875,-0.010963,0.220001,-0.011791,0.220001,-0.013940,0.220001,-0.013940,0.219875,0.000000,0.220000,-0.000783,0.220000,-0.000717,0.220000,-0.000717,0,-0.013957,0.220000,0.212667,0.006551,-0.008116,0.008209,-0.031791,0.311127,0.330000,-0.014785,1
192,200000000,0.385126,1.261151,1.328556,0.219881,-0.011791,0.220001,-0.013940,0.220001,-0.013717,0.220001,-0.013717,0.219881,0.000000,0.220000,-0.000717,0.220000,-0.000684,0.220000,-0.000684,0,-0.013323,0.220000,0.212667,0.006617,-0.008050,0.006060,-0.033940,0.311127,0.330000,-0.014549,1
192,220000000,0.386196,1.265417,1.328299,0.219889,-0.012866,0.220001,-0.013717,0.220001,-0.013475,0.220001,-0.013475,0.219889,0.000000,0.220000,-0.000684,0.220000,-0.000644,0.220000,-0.000644,0,-0.012552,0.220000,0.212667,0.006649,-0.008017,0.006283,-0.033717,0.311127,0.330000,-0.014292,1
192,260000000,0.388337,1.273948,1.327745,0.219905,-0.013754,0.220001,-0.013475,0.220001,-0.015509,0.220001,-0.015509,0.219905,0.000000,0.220000,-0.000644,0.220000,-0.000567,0.220000,-0.000567,0,-0.011037,0.220000,0.212667,0.006689,-0.007978,0.006525,-0.033475,0.311127,0.330000,-0.016449,1
192,280000000,0.389409,1.278215,1.327471,0.219948,-0.013724,0.220001,-0.015509,0.220001,-0.015250,0.220001,-0.015250,0.219948,0.000000,0.220000,-0.000567,0.220000,-0.000531,0.220000,-0.000531,0,-0.010336,0.220000,0.212667,0.006767,-0.007900,0.004491,-0.035509,0.311127,0.330000,-0.016175,1
192,320000000,0.391557,1.286748,1.326858,0.219999,-0.016020,0.220001,-0.015250,0.220000,-0.017381,0.220000,-0.017381,0.219999,0.000000,0.220000,-0.000531,0.220000,-0.000453,0.220000,-0.000453,0,-0.008820,0.220000,0.212667,0.006803,-0.007864,0.004750,-0.035250,0.311127,0.330000,-0.018435,1
192,360000000,0.393706,1.295282,1.326189,0.219980,-0.017504,0.220000,-0.017381,0.220000,-0.019627,0.220000,-0.019627,0.219980,0.000000,0.220000,-0.000453,0.220000,-0.000369,0.220000,-0.000369,0,-0.007180,0.220000,0.212667,0.006881,-0.007786,0.002619,-0.037381,0.311127,0.330000,-0.020817,1
192,380000000,0.394781,1.299547,1.325841,0.219946,-0.017382,0.220000,-0.019627,0.220000,-0.019299,0.220000,-0.019299,0.219946,0.000000,0.220000,-0.000369,0.220000,-0.000331,0.220000,-0.000331,0,-0.006452,0.220000,0.212667,0.006965,-0.007702,0.000373,-0.039627,0.311127,0.330000,-0.020469,1
192,420000000,0.396932,1.308078,1.325065,0.219961,-0.019627,0.220000,-0.019299,0.220000,-0.021829,0.220000,-0.021829,0.219961,0.000000,0.220000,-0.000331,0.220000,-0.000237,0.220000,-0.000237,0,-0.004622,0.220000,0.212667,0.007002,-0.007665,0.000701,-0.039299,0.311127,0.330000,-0.023153,1
192,440000000,0.398009,1.312344,1.324655,0.219967,-0.020508,0.220000,-0.021829,0.220000,-0.021442,0.220000,-0.021442,0.219967,0.000000,0.220000,-0.000237,0.220000,-0.000191,0.220000,-0.000191,0,-0.003727,0.220000,0.212667,0.007096,-0.007571,-0.001829,-0.041829,0.311127,0.330000,-0.022743,1
192,480000000,0.400165,1.320875,1.323782,0.219984,-0.021829,0.220000,-0.021442,0.220000,-0.024177,0.220000,-0.024177,0.219984,0.000000,0.220000,-0.000191,0.220000,-0.000091,0.220000,-0.000091,0,-0.001770,0.220000,0.212667,0.007142,-0.007525,-0.001442,-0.041442,0.311127,0.330000,-0.025644,1
192,500000000,0.401245,1.325140,1.323353,0.219992,-0.021442,0.220000,-0.024177,0.220000,-0.023773,0.220000,-0.023773,0.219992,0.000000,0.220000,-0.000091,0.220000,-0.000052,0.220000,-0.000052,0,-0.001008,0.220000,0.212667,0.007242,-0.007424,-0.004177,-0.044177,0.311127,0.330000,-0.025215,1
192,540000000,0.403409,1.333670,1.322454,0.219998,-0.023528,0.220000,-0.023773,0.220000,-0.026489,0.220000,-0.026489,0.219998,0.000000,0.220000,-0.000052,0.220000,0.000031,0.220000,0.000031,0,0.000605,0.220000,0.212667,0.007282,-0.007385,-0.003773,-0.043773,0.311127,0.330000,-0.028096,1
192,580000000,0.405576,1.342199,1.321480,0.220000,-0.024996,0.220000,-0.026489,0.220000,-0.025571,0.220000,-0.025571,0.220000,0.000000,0.220000,0.000031,0.220000,0.000121,0.220000,0.000121,0,0.002351,0.220000,0.212667,0.007364,-0.007302,-0.006489,-0.046489,0.311127,0.330000,-0.027122,1
192,600000000,0.406661,1.346462,1.320952,0.219985,-0.026397,0.220000,-0.025571,0.220000,-0.028763,0.220000,-0.028763,0.219985,0.000000,0.220000,0.000121,0.220000,0.000168,0.220000,0.000168,0,0.003274,0.220000,0.212667,0.007454,-0.007213,-0.005571,-0.045571,0.311127,0.330000,-0.030508,1
192,620000000,0.407749,1.350725,1.320430,0.219962,-0.026122,0.220000,-0.028763,0.220000,-0.028271,0.220000,-0.028271,0.219962,0.000000,0.220000,0.000168,0.220000,0.000212,0.220000,0.000212,0,0.004130,0.220000,0.212667,0.007501,-0.007165,-0.008763,-0.048763,0.311127,0.330000,-0.029986,1
192,660000000,0.409927,1.359249,1.319391,0.219946,-0.026381,0.220000,-0.028271,0.220000,-0.031230,0.220000,-0.031230,0.219946,0.000000,0.220000,0.000212,0.220000,0.000288,0.220000,0.000288,0,0.005608,0.220000,0.212667,0.007545,-0.007121,-0.008271,-0.048271,0.311127,0.330000,-0.033125,1
192,680000000,0.411018,1.363512,1.318833,0.219992,-0.027916,0.220000,-0.031230,0.220000,-0.030704,0.220000,-0.030704,0.219992,0.000000,0.220000,0.000288,0.220000,0.000329,0.220000,0.000329,0,0.006413,0.220000,0.212667,0.007621,-0.007045,-0.011230,-0.051230,0.311127,0.330000,-0.032567,1
192,720000000,0.413204,1.372036,1.317669,0.220000,-0.030398,0.220000,-0.030704,0.220000,-0.033819,0.220000,-0.033819,0.220000,0.000000,0.220000,0.000329,0.220000,0.000415,0.220000,0.000415,0,0.008089,0.220000,0.212667,0.007663,-0.007004,-0.010704,-0.050704,0.311127,0.330000,-0.035870,1
192,740000000,0.414300,1.376297,1.317057,0.220000,-0.030595,0.220000,-0.033819,0.220000,-0.033242,0.220000,-0.033242,0.220000,0.000000,0.220000,0.000415,0.220000,0.000461,0.220000,0.000461,0,0.008972,0.220000,0.212667,0.007749,-0.006918,-0.013819,-0.053819,0.311127,0.330000,-0.035259,1
192,780000000,0.416495,1.384819,1.315742,0.219999,-0.033090,0.220000,-0.033242,0.220001,-0.036512,0.220001,-0.036512,0.219999,0.000000,0.220000,0.000461,0.220000,0.000564,0.220000,0.000564,0,0.010994,0.220000,0.212667,0.007794,-0.006873,-0.013242,-0.053242,0.311127,0.330000,-0.038727,1
192,800000000,0.417596,1.389079,1.315087,0.219999,-0.032768,0.220001,-0.036512,0.220001,-0.035894,0.220001,-0.035894,0.219999,0.000000,0.220000,0.000564,0.220000,0.000609,0.220000,0.000609,0,0.011863,0.220000,0.212667,0.007898,-0.006769,-0.016512,-0.056512,0.311127,0.330000,-0.038072,1
192,840000000,0.419804,1.397598,1.313778,0.219999,-0.033086,0.220001,-0.035894,0.220001,-0.039498,0.220001,-0.039498,0.219999,0.000000,0.220000,0.000609,0.220000,0.000682,0.220000,0.000682,0,0.013288,0.220000,0.212667,0.007942,-0.006724,-0.015894,-0.055894,0.311127,0.330000,-0.041894,1
192,880000000,0.422018,1.406114,1.312383,0.219999,-0.034828,0.220001,-0.039498,0.220001,-0.043379,0.220001,-0.043379,0.219999,0.000000,0.220000,0.000682,0.220000,0.000766,0.220000,0.000766,0,0.014929,0.220000,0.212667,0.008015,-0.006651,-0.019498,-0.059498,0.311127,0.330000,-0.046010,1
192,900000000,0.423129,1.410372,1.311623,0.219999,-0.038027,0.220001,-0.043379,0.220001,-0.042662,0.220001,-0.042662,0.219999,0.000000,0.220000,0.000766,0.220000,0.000810,0.220000,0.000810,0,0.015778,0.220000,0.212667,0.008100,-0.006567,-0.023379,-0.063379,0.311127,0.330000,-0.045250,1
192,940000000,0.425359,1.418880,1.310008,0.219821,-0.042029,0.220001,-0.042662,0.220002,-0.046731,0.220002,-0.046731,0.219821,0.000000,0.220000,0.000810,0.220000,0.000934,0.220000,0.000934,0,0.018189,0.220000,0.212667,0.008143,-0.006523,-0.022662,-0.062662,0.311127,0.330000,-0.049566,1
192,960000000,0.426478,1.423131,1.309154,0.219802,-0.042662,0.220002,-0.046731,0.220002,-0.045927,0.220002,-0.045927,0.219802,0.000000,0.220000,0.000934,0.220000,0.000992,0.220000,0.000992,0,0.019333,0.220000,0.212667,0.008267,-0.006400,-0.026731,-0.066731,0.311127,0.330000,-0.048712,1
193,0,0.428722,1.431637,1.307345,0.220001,-0.045258,0.220002,-0.045927,0.220003,-0.050247,0.220003,-0.050247,0.219998,0.001130,0.220000,0.000992,0.220000,0.001140,0.220000,0.001140,0,0.022202,0.220000,0.212667,0.008326,-0.006341,-0.025927,-0.065927,0.311127,0.330000,-0.053295,1
193,20000000,0.429845,1.435891,1.306398,0.220001,-0.047352,0.220003,-0.050247,0.220003,-0.049355,0.220003,-0.049355,0.219998,0.001258,0.220000,0.001140,0.220000,0.001205,0.220000,0.001205,0,0.023478,0.220000,0.212667,0.008473,-0.006194,-0.030247,-0.070247,0.311127,0.330000,-0.052348,1
193,60000000,0.432101,1.444397,1.304456,0.220002,-0.048385,0.220003,-0.049355,0.220004,-0.054032,0.220004,-0.054032,0.219997,0.001374,0.220000,0.001205,0.220000,0.001351,0.220000,0.001351,0,0.026323,0.220000,0.212667,0.008539,-0.006128,-0.029355,-0.069355,0.311127,0.330000,-0.057309,1
193,80000000,0.433234,1.448649,1.303505,0.220002,-0.047587,0.220004,-0.054032,0.220004,-0.053134,0.220004,-0.053134,0.219997,0.001436,0.220000,0.001351,0.220000,0.001399,0.220000,0.001399,0,0.027260,0.220000,0.212667,0.008685,-0.005982,-0.034032,-0.074032,0.311127,0.330000,-0.056357,1
193,120000000,0.435508,1.457150,1.301546,0.220002,-0.050498,0.220004,-0.053134,0.220005,-0.058326,0.220005,-0.058326,0.219997,0.001604,0.220000,0.001399,0.220000,0.001511,0.220000,0.001511,0,0.029430,0.220000,0.212667,0.008733,-0.005934,-0.033134,-0.073134,0.311127,0.330000,-0.061864,1
193,140000000,0.436648,1.461400,1.300522,0.220002,-0.051153,0.220005,-0.058326,0.220006,-0.057362,0.220006,-0.057362,0.219996,0.001656,0.220000,0.001511,0.220000,0.001559,0.220000,0.001559,0,0.030375,0.220000,0.212667,0.008844,-0.005823,-0.038326,-0.078326,0.311127,0.330000,-0.060841,1
193,180000000,0.438940,1.469896,1.298337,0.220003,-0.056164,0.220006,-0.057362,0.220007,-0.062928,0.220007,-0.062928,0.219995,0.001790,0.220000,0.001559,0.220000,0.001696,0.220000,0.001696,0,0.033035,0.220000,0.212667,0.008893,-0.005774,-0.037362,-0.077362,0.311127,0.330000,-0.066745,1
193,200000000,0.440091,1.474143,1.297188,0.220003,-0.057449,0.220007,-0.062928,0.220007,-0.061845,0.220007,-0.061845,0.219995,0.001858,0.220000,0.001696,0.220000,0.001761,0.220000,0.001761,0,0.034305,0.220000,0.212667,0.009029,-0.005637,-0.042928,-0.082928,0.311127,0.330000,-0.065596,1
193,240000000,0.442403,1.482632,1.294754,0.219916,-0.061065,0.220007,-0.061845,0.220008,-0.067830,0.220008,-0.067830,0.219907,0.001943,0.220000,0.001761,0.220000,0.001927,0.220000,0.001927,0,0.037544,0.220000,0.212667,0.009094,-0.005572,-0.041845,-0.081845,0.311127,0.330000,-0.071945,1
193,260000000,0.443569,1.486867,1.293515,0.219610,-0.061825,0.220008,-0.067830,0.220009,-0.066662,0.220009,-0.066662,0.219603,0.001796,0.220000,0.001927,0.220000,0.002002,0.220000,0.002002,0,0.039001,0.220000,0.212667,0.009261,-0.005406,-0.047830,-0.087830,0.311127,0.330000,-0.070706,1
193,300000000,0.445911,1.495336,1.290980,0.219731,-0.064924,0.220009,-0.066662,0.220011,-0.073279,0.220011,-0.073279,0.219721,0.002066,0.220000,0.002002,0.220000,0.002159,0.220000,0.002159,0,0.042052,0.220000,0.212667,0.009335,-0.005331,-0.046662,-0.086662,0.311127,0.330000,-0.077724,1
193,320000000,0.447084,1.499577,1.289703,0.220005,-0.063881,0.220011,-0.073279,0.220011,-0.072075,0.220011,-0.072075,0.219992,0.002355,0.220000,0.002159,0.220000,0.002212,0.220000,0.002212,0,0.043095,0.220000,0.212667,0.009492,-0.005175,-0.053279,-0.093279,0.311127,0.330000,-0.076447,1
193,360000000,0.449441,1.508056,1.286928,0.220006,-0.070298,0.220011,-0.072075,0.220013,-0.079274,0.220013,-0.079274,0.219991,0.002537,0.220000,0.002212,0.220000,0.002373,0.220000,0.002373,0,0.046219,0.220000,0.212667,0.009546,-0.005121,-0.052075,-0.092075,0.311127,0.330000,-0.084083,1
193,400000000,0.451818,1.516529,1.284156,0.220006,-0.068800,0.220013,-0.079274,0.220014,-0.076661,0.220014,-0.076661,0.219990,0.002619,0.220000,0.002373,0.220000,0.002495,0.220000,0.002495,0,0.048602,0.220000,0.212667,0.009706,-0.004961,-0.059274,-0.099274,0.311127,0.330000,-0.081312,1
193,420000000,0.453014,1.520763,1.282764,0.220006,-0.069612,0.220014,-0.076661,0.220015,-0.086729,0.220015,-0.086729,0.219989,0.002688,0.220000,0.002495,0.220000,0.002533,0.220000,0.002533,0,0.049344,0.220000,0.212667,0.009828,-0.004838,-0.056661,-0.096661,0.311127,0.330000,-0.091990,1
193,460000000,0.455414,1.529230,1.279834,0.220008,-0.073145,0.220015,-0.086729,0.220016,-0.083967,0.220016,-0.083967,0.219988,0.002931,0.220000,0.002533,0.220000,0.002637,0.220000,0.002637,0,0.051362,0.220000,0.212667,0.009866,-0.004800,-0.066729,-0.106729,0.311127,0.330000,-0.089061,1
193,480000000,0.456623,1.533461,1.278213,0.220006,-0.081062,0.220016,-0.083967,0.220017,-0.095327,0.220017,-0.095327,0.219986,0.002984,0.220000,0.002637,0.220000,0.002702,0.220000,0.002702,0,0.052639,0.220000,0.212667,0.009970,-0.004697,-0.063967,-0.103967,0.311127,0.330000,-0.101110,1
193,520000000,0.459070,1.541891,1.274682,0.219437,-0.090169,0.220017,-0.095327,0.220020,-0.091998,0.220020,-0.091998,0.219422,0.002599,0.220000,0.002702,0.220000,0.002936,0.220000,0.002936,0,0.057194,0.220000,0.212667,0.010036,-0.004631,-0.075327,-0.115327,0.311127,0.330000,-0.097579,1
193,540000000,0.460303,1.546103,1.272776,0.219408,-0.095328,0.220020,-0.091998,0.220021,-0.103854,0.220021,-0.103854,0.219391,0.002748,0.220000,0.002936,0.220000,0.003056,0.220000,0.003056,0,0.059525,0.220000,0.212667,0.010269,-0.004397,-0.071998,-0.111998,0.311127,0.330000,-0.110154,1
193,580000000,0.462799,1.554521,1.269013,0.219556,-0.092784,0.220021,-0.103854,0.220025,-0.100307,0.220025,-0.100307,0.219540,0.002616,0.220000,0.003056,0.220000,0.003292,0.220000,0.003292,0,0.064118,0.220000,0.212667,0.010389,-0.004278,-0.083854,-0.123854,0.311127,0.330000,-0.106391,1
193,600000000,0.464057,1.558725,1.267173,0.219452,-0.091999,0.220025,-0.100307,0.220025,-0.113728,0.220025,-0.113728,0.219436,0.002637,0.220000,0.003292,0.220000,0.003350,0.220000,0.003350,0,0.065247,0.220000,0.212667,0.010625,-0.004042,-0.080307,-0.120307,0.311127,0.330000,-0.120627,1
193,640000000,0.466585,1.567132,1.263178,0.219445,-0.100307,0.220025,-0.113728,0.220029,-0.128429,0.220029,-0.128429,0.219425,0.002985,0.220000,0.003350,0.220000,0.003566,0.220000,0.003566,0,0.069457,0.220000,0.212667,0.010683,-0.003984,-0.093728,-0.133728,0.311127,0.330000,-0.136220,1
193,660000000,0.467861,1.571331,1.260957,0.219424,-0.111044,0.220029,-0.128429,0.220031,-0.126335,0.220031,-0.126335,0.219403,0.003025,0.220000,0.003566,0.220000,0.003683,0.220000,0.003683,0,0.071740,0.220000,0.212667,0.010899,-0.003768,-0.108429,-0.148429,0.311127,0.330000,-0.133999,1
193,700000000,0.470438,1.579719,1.256307,0.219359,-0.118771,0.220031,-0.126335,0.220036,-0.142294,0.220036,-0.142294,0.219336,0.003204,0.220000,0.003683,0.220000,0.004000,0.220000,0.004000,0,0.077916,0.220000,0.212667,0.011016,-0.003651,-0.106335,-0.146335,0.311127,0.330000,-0.150926,1
193,720000000,0.471729,1.583909,1.253780,0.219255,-0.126336,0.220036,-0.142294,0.220039,-0.139912,0.220039,-0.139912,0.219223,0.003710,0.220000,0.004000,0.220000,0.004137,0.220000,0.004137,0,0.080583,0.220000,0.212667,0.011333,-0.003333,-0.122294,-0.162294,0.311127,0.330000,-0.148399,1
193,760000000,0.474340,1.592281,1.248407,0.219244,-0.142295,0.220039,-0.139912,0.220046,-0.159150,0.220046,-0.159150,0.219208,0.003935,0.220000,0.004137,0.220000,0.004523,0.220000,0.004523,0,0.088104,0.220000,0.212667,0.011470,-0.003197,-0.119912,-0.159912,0.311127,0.330000,-0.168804,1
193,800000000,0.476983,1.600641,1.242412,0.219230,-0.157464,0.220046,-0.159150,0.220056,-0.153497,0.220056,-0.153497,0.219186,0.004372,0.220000,0.004523,0.220000,0.004972,0.220000,0.004972,0,0.096848,0.220000,0.212667,0.011856,-0.002810,-0.139150,-0.179150,0.311127,0.330000,-0.162809,1
193,820000000,0.478315,1.604818,1.239246,0.219242,-0.158325,0.220056,-0.153497,0.220062,-0.173497,0.220062,-0.173497,0.219192,0.004680,0.220000,0.004972,0.220000,0.005226,0.220000,0.005226,0,0.101798,0.220000,0.212667,0.012305,-0.002362,-0.133497,-0.173497,0.311127,0.330000,-0.190294,1
193,860000000,0.480991,1.613202,1.233307,0.220034,-0.146913,0.220062,-0.173497,0.220067,-0.173811,0.220067,-0.173811,0.219957,0.005803,0.220000,0.005226,0.220000,0.005416,0.220000,0.005416,0,0.105507,0.220000,0.212667,0.012559,-0.002107,-0.153497,-0.193497,0.311127,0.330000,-0.184355,1
193,880000000,0.482344,1.617389,1.230330,0.220006,-0.148832,0.220067,-0.173811,0.220068,-0.193811,0.220068,-0.193811,0.219929,0.005839,0.220000,0.005416,0.220000,0.005480,0.220000,0.005480,0,0.106740,0.220000,0.212667,0.012750,-0.001917,-0.153811,-0.193811,0.311127,0.330000,-0.216681,1
193,920000000,0.485078,1.625745,1.223594,0.219883,-0.167555,0.220068,-0.193811,0.220074,-0.197937,0.220074,-0.197937,0.219796,0.006216,0.220000,0.005480,0.220000,0.005716,0.220000,0.005716,0,0.111346,0.220000,0.212667,0.012813,-0.001854,-0.173811,-0.213811,0.311127,0.330000,-0.209944,1
193,960000000,0.487860,1.634095,1.216279,0.220034,-0.185652,0.220074,-0.197937,0.220080,-0.217937,0.220080,-0.217937,0.219938,0.006507,0.220000,0.005716,0.220000,0.005918,0.220000,0.005918,0,0.115278,0.220000,0.212667,0.013049,-0.001617,-0.177937,-0.217937,0.311127,0.330000,-0.248001,1
193,980000000,0.489268,1.638265,1.212280,0.220039,-0.199910,0.220080,-0.217937,0.220085,-0.230048,0.220085,-0.230048,0.219933,0.006810,0.220000,0.005918,0.220000,0.006100,0.220000,0.006100,0,0.118823,0.220000,0.212667,0.013251,-0.001415,-0.197937,-0.237937,0.311127,0.330000,-0.244003,1
194,20000000,0.492126,1.646589,1.203875,0.220037,-0.211116,0.220085,-0.230048,0.220089,-0.250048,0.220089,-0.250048,0.219921,0.007118,0.220000,0.006100,0.220000,0.006262,0.220000,0.006262,0,0.121977,0.220000,0.212667,0.013433,-0.001233,-0.210048,-0.250048,0.311127,0.330000,-0.292251,1
194,40000000,0.493578,1.650744,1.199466,0.220037,-0.220408,0.220089,-0.250048,0.220093,-0.270048,0.220093,-0.270048,0.219915,0.007320,0.220000,0.006262,0.220000,0.006391,0.220000,0.006391,0,0.124489,0.220000,0.212667,0.013595,-0.001072,-0.230048,-0.270048,0.311127,0.330000,-0.287843,1
194,80000000,0.496527,1.659036,1.190127,0.220036,-0.244564,0.220093,-0.270048,0.220091,-0.290048,0.220091,-0.290048,0.219901,0.007715,0.220000,0.006391,0.220000,0.006345,0.220000,0.006345,0,0.123599,0.220000,0.212667,0.013724,-0.000943,-0.250048,-0.290048,0.311127,0.330000,-0.351592,1
194,100000000,0.498028,1.663173,1.185248,0.220029,-0.243964,0.220091,-0.290048,0.220092,-0.310048,0.220092,-0.310048,0.219892,0.007784,0.220000,0.006345,0.220000,0.006372,0.220000,0.006372,0,0.124117,0.220000,0.212667,0.013678,-0.000988,-0.270048,-0.310048,0.311127,0.330000,-0.444992,1
194,140000000,0.501090,1.671424,1.174678,0.220013,-0.267674,0.220092,-0.310048,0.220082,-0.330048,0.220082,-0.330048,0.219871,0.007888,0.220000,0.006372,0.220000,0.005991,0.220000,0.005991,0,0.116697,0.220000,0.212667,0.013705,-0.000962,-0.290048,-0.330048,0.311127,0.330000,-0.434422,1
194,160000000,0.502652,1.675537,1.169037,0.220005,-0.282055,0.220082,-0.330048,0.220075,-0.350048,0.220075,-0.350048,0.219860,0.007988,0.220000,0.005991,0.220000,0.005748,0.220000,0.005748,0,0.111968,0.220000,0.212667,0.013324,-0.001343,-0.310048,-0.350048,0.311127,0.330000,-0.562812,1
194,200000000,0.505844,1.683737,1.157298,0.219981,-0.295574,0.220075,-0.350048,0.220051,-0.370048,0.220051,-0.370048,0.219834,0.008034,0.220000,0.005748,0.220000,0.004749,0.220000,0.004749,0,0.092516,0.220000,0.212667,0.013081,-0.001585,-0.330048,-0.370048,0.311127,0.330000,-0.551073,1
194,220000000,0.507492,1.687800,1.150904,0.219248,-0.319735,0.220051,-0.370048,0.220033,-0.390048,0.220033,-0.390048,0.219138,0.006924,0.220000,0.004749,0.220000,0.003803,0.220000,0.003803,0,0.074087,0.220000,0.212667,0.012083,-0.002584,-0.350048,-0.390048,0.311127,0.330000,-0.729145,1
194,260000000,0.510949,1.695807,1.137174,0.217895,-0.354516,0.220033,-0.390048,0.220005,-0.410048,0.220005,-0.410048,0.217861,0.003812,0.220000,0.003803,0.220000,0.001461,0.220000,0.001461,0,0.028451,0.220000,0.212667,0.011137,-0.003530,-0.370048,-0.410048,0.311127,0.330000,-0.955618,1
194,280000000,0.512720,1.699782,1.130073,0.217604,-0.355048,0.220005,-0.410048,0.220001,-0.430048,0.220001,-0.430048,0.217567,0.004001,0.220000,0.001461,0.220000,-0.000794,0.220000,-0.000794,0,-0.015472,0.220000,0.212667,0.008794,-0.005873,-0.390048,-0.430048,0.311127,0.330000,-0.948517,1
194,320000000,0.516379,1.707773,1.115769,0.219733,-0.357079,0.220001,-0.430048,0.220150,-0.450048,0.220150,-0.450048,0.219693,0.004194,0.220000,-0.000794,0.220000,-0.008128,0.220000,-0.008128,0,-0.181277,0.220000,0.212667,0.006539,-0.008128,-0.410048,-0.450048,0.311127,0.330000,-1.206482,1
194,340000000,0.518271,1.711738,1.108364,0.219682,-0.370236,0.220150,-0.450048,0.220543,-0.470048,0.220543,-0.470048,0.219661,0.003052,0.220000,-0.008128,0.220000,-0.015461,0.220000,-0.015461,0,-0.505901,0.220000,0.212667,-0.000794,-0.015461,-0.430048,-0.470048,0.311127,0.330000,-1.660559,1
194,380000000,0.522206,1.719590,1.093199,0.219512,-0.379447,0.220543,-0.470048,0.213885,-0.490048,0.213885,-0.490048,0.219512,0.000000,0.220000,-0.015461,0.212667,-0.022794,0.212667,-0.022794,0,-5.794113,0.220000,0.212667,-0.008128,-0.022794,-0.450048,-0.490048,0.311127,0.330000,-2.390030,1
194,400000000,0.524432,1.723378,1.085409,0.219696,-0.389508,0.213885,-0.490048,0.207532,-0.510048,0.207532,-0.510048,0.219428,-0.010854,0.212667,-0.022794,0.205333,-0.030128,0.205333,-0.030128,0,-5.817743,0.220000,0.205333,-0.015461,-0.030128,-0.470048,-0.510048,0.311127,0.330000,-2.382240,1
194,440000000,0.529025,1.730695,1.069405,0.212764,-0.408789,0.207532,-0.510048,0.201513,-0.530048,0.201513,-0.530048,0.212039,-0.017548,0.205333,-0.030128,0.198000,-0.037461,0.198000,-0.037461,0,-5.858053,0.212667,0.198000,-0.022794,-0.037461,-0.490048,-0.530048,0.311127,0.330000,-2.370083,1
194,460000000,0.531387,1.734234,1.061235,0.212735,-0.408536,0.201513,-0.530048,0.195858,-0.550048,0.195858,-0.550048,0.212010,-0.017551,0.198000,-0.037461,0.190667,-0.044794,0.190667,-0.044794,0,-5.875336,0.205333,0.190667,-0.030128,-0.044794,-0.510048,-0.550048,0.311127,0.330000,-2.361912,1
194,500000000,0.536378,1.740525,1.044210,0.199632,-0.422357,0.195858,-0.550048,0.190600,-0.570048,0.190600,-0.570048,0.197205,-0.031036,0.190667,-0.044794,0.183333,-0.052128,0.183333,-0.052128,0,-5.904579,0.198000,0.183333,-0.037461,-0.052128,-0.530048,-0.570048,0.311127,0.330000,-2.344887,1
194,540000000,0.541538,1.746370,1.026832,0.193561,-0.437187,0.190600,-0.570048,0.185773,-0.590048,0.185773,-0.590048,0.189832,-0.037813,0.183333,-0.052128,0.176000,-0.059461,0.176000,-0.059461,0,-5.928708,0.190667,0.176000,-0.044794,-0.059461,-0.550048,-0.590048,0.311127,0.330000,-2.331145,1
194,560000000,0.544180,1.749181,1.018079,0.192889,-0.437650,0.185773,-0.590048,0.181411,-0.600000,0.181411,-0.600000,0.188817,-0.039425,0.176000,-0.059461,0.168667,-0.066794,0.168667,-0.066794,0,-5.939328,0.183333,0.168667,-0.052128,-0.066794,-0.570048,-0.600000,0.311127,0.330000,-2.322392,1
194,600000000,0.549657,1.754027,1.000846,0.182499,-0.427072,0.181411,-0.600000,0.177548,-0.600000,0.177548,-0.600000,0.175108,-0.051411,0.168667,-0.066794,0.161333,-0.074128,0.161333,-0.074128,0,-5.958099,0.176000,0.161333,-0.059461,-0.074128,-0.580000,-0.600000,0.311127,0.330000,-2.305159,1
194,620000000,0.552451,1.756259,0.992359,0.178847,-0.424367,0.177548,-0.600000,0.174218,-0.600000,0.174218,-0.600000,0.169643,-0.056634,0.161333,-0.074128,0.154000,-0.081461,0.154000,-0.081461,0,-5.966529,0.168667,0.154000,-0.066794,-0.081461,-0.580000,-0.600000,0.311127,0.330000,-2.299785,1
194,660000000,0.558160,1.760348,0.975335,0.173670,-0.428588,0.174218,-0.600000,0.171451,-0.600000,0.171451,-0.600000,0.160620,-0.066048,0.154000,-0.081461,0.146667,-0.088794,0.146667,-0.088794,0,-5.981406,0.161333,0.146667,-0.074128,-0.088794,-0.580000,-0.600000,0.311127,0.330000,-2.282761,1
194,680000000,0.561075,1.762065,0.967090,0.169136,-0.412267,0.171451,-0.600000,0.169276,-0.600000,0.169276,-0.600000,0.153123,-0.071837,0.146667,-0.088794,0.139333,-0.096128,0.139333,-0.096128,0,-5.988087,0.154000,0.139333,-0.081461,-0.096128,-0.580000,-0.600000,0.311127,0.330000,-2.274516,1
194,720000000,0.566985,1.765180,0.950680,0.165774,-0.408096,0.169276,-0.600000,0.167715,-0.600000,0.167715,-0.600000,0.145900,-0.078702,0.139333,-0.096128,0.132000,-0.103461,0.132000,-0.103461,0,-6.000009,0.146667,0.132000,-0.088794,-0.103461,-0.580000,-0.600000,0.311127,0.330000,-2.261037,1
194,740000000,0.569980,1.766597,0.942517,0.165667,-0.408172,0.167715,-0.600000,0.166785,-0.600000,0.166785,-0.600000,0.145047,-0.080043,0.132000,-0.103461,0.124667,-0.110794,0.124667,-0.110794,0,-6.005328,0.139333,0.124667,-0.096128,-0.110794,-0.580000,-0.600000,0.311127,0.330000,-2.252873,1
194,780000000,0.576077,1.768630,0.926457,0.160549,-0.398175,0.166785,-0.600000,0.166497,-0.600000,0.166497,-0.600000,0.131022,-0.092785,0.124667,-0.110794,0.117333,-0.118128,0.117333,-0.118128,0,-6.014624,0.132000,0.117333,-0.103461,-0.118128,-0.580000,-0.600000,0.311127,0.330000,-2.239578,1
194,800000000,0.579158,1.769411,0.918583,0.158901,-0.393731,0.166497,-0.600000,0.166855,-0.600000,0.166855,-0.600000,0.124191,-0.099127,0.117333,-0.118128,0.110000,-0.125461,0.110000,-0.125461,0,-6.018791,0.124667,0.110000,-0.110794,-0.125461,-0.580000,-0.600000,0.311127,0.330000,-2.231703,1
194,840000000,0.585366,1.770680,0.902871,0.157992,-0.390825,0.166855,-0.600000,0.167853,-0.600000,0.167853,-0.600000,0.116256,-0.106987,0.110000,-0.125461,0.102667,-0.132794,0.102667,-0.132794,0,-6.026136,0.117333,0.102667,-0.118128,-0.132794,-0.580000,-0.600000,0.311127,0.330000,-2.215992,1
194,860000000,0.588499,1.770995,0.895191,0.157450,-0.384007,0.167853,-0.600000,0.169482,-0.600000,0.169482,-0.600000,0.109890,-0.112759,0.102667,-0.132794,0.095333,-0.140128,0.095333,-0.140128,0,-6.029371,0.110000,0.095333,-0.125461,-0.140128,-0.580000,-0.600000,0.311127,0.330000,-2.210928,1
194,900000000,0.594800,1.771251,0.879966,0.157803,-0.379838,0.169482,-0.600000,0.171723,-0.600000,0.171723,-0.600000,0.102911,-0.119629,0.095333,-0.140128,0.088000,-0.147461,0.088000,-0.147461,0,-6.035091,0.102667,0.088000,-0.132794,-0.147461,-0.580000,-0.600000,0.311127,0.330000,-2.195703,1
194,940000000,0.601134,1.771039,0.864903,0.158780,-0.375508,0.171723,-0.600000,0.174552,-0.600000,0.174552,-0.600000,0.095919,-0.126533,0.088000,-0.147461,0.080667,-0.154794,0.080667,-0.154794,0,-6.039889,0.095333,0.080667,-0.140128,-0.154794,-0.580000,-0.600000,0.311127,0.330000,-2.183476,1
194,960000000,0.604310,1.770834,0.857393,0.159103,-0.375466,0.174552,-0.600000,0.177941,-0.600000,0.177941,-0.600000,0.095749,-0.127066,0.080667,-0.154794,0.073333,-0.162128,0.073333,-0.162128,0,-6.042008,0.088000,0.073333,-0.147461,-0.162128,-0.580000,-0.600000,0.311127,0.330000,-2.175967,1
195,0,0.610678,1.769623,0.842811,0.162340,-0.365281,0.177941,-0.600000,0.181860,-0.600000,0.181860,-0.600000,0.081954,-0.140135,0.073333,-0.162128,0.066000,-0.169461,0.066000,-0.169461,0,-6.045647,0.080667,0.066000,-0.154794,-0.169461,-0.580000,-0.600000,0.311127,0.330000,-2.161385,1
195,20000000,0.613865,1.768843,0.835580,0.164027,-0.361547,0.181860,-0.600000,0.186274,-0.600000,0.186274,-0.600000,0.077464,-0.144582,0.066000,-0.169461,0.058667,-0.176794,0.058667,-0.176794,0,-6.047234,0.073333,0.058667,-0.162128,-0.176794,-0.580000,-0.600000,0.311127,0.330000,-2.156837,1
195,60000000,0.620233,1.766903,0.821302,0.167891,-0.353080,0.186274,-0.600000,0.191149,-0.600000,0.191149,-0.600000,0.068748,-0.153170,0.058667,-0.176794,0.051333,-0.184128,0.051333,-0.184128,0,-6.049982,0.066000,0.051333,-0.169461,-0.184128,-0.580000,-0.600000,0.311127,0.330000,-2.142560,1
195,80000000,0.623412,1.765602,0.814332,0.171750,-0.348545,0.191149,-0.600000,0.196452,-0.600000,0.196452,-0.600000,0.061297,-0.160439,0.051333,-0.184128,0.044000,-0.191461,0.044000,-0.191461,0,-6.051149,0.058667,0.044000,-0.176794,-0.191461,-0.580000,-0.600000,0.311127,0.330000,-2.137772,1
195,120000000,0.629756,1.762653,0.800530,0.176108,-0.343894,0.196452,-0.600000,0.202147,-0.600000,0.202147,-0.600000,0.054634,-0.167419,0.044000,-0.191461,0.036667,-0.198794,0.036667,-0.198794,0,-6.053153,0.051333,0.036667,-0.184128,-0.198794,-0.580000,-0.600000,0.311127,0.330000,-2.123970,1
195,140000000,0.632921,1.761085,0.793650,0.176633,-0.344013,0.202147,-0.600000,0.208204,-0.600000,0.208204,-0.600000,0.054577,-0.167990,0.036667,-0.198794,0.029333,-0.206128,0.029333,-0.206128,0,-6.054016,0.044000,0.029333,-0.191461,-0.206128,-0.580000,-0.600000,0.311127,0.330000,-2.119159,1
195,180000000,0.639210,1.757163,0.780370,0.185834,-0.332905,0.208204,-0.600000,0.214592,-0.600000,0.214592,-0.600000,0.041321,-0.181182,0.029333,-0.206128,0.022000,-0.213461,0.022000,-0.213461,0,-6.055456,0.036667,0.022000,-0.198794,-0.213461,-0.580000,-0.600000,0.311127,0.330000,-2.105880,1
195,200000000,0.642343,1.755034,0.773791,0.189393,-0.328965,0.214592,-0.600000,0.220488,-0.600000,0.220488,-0.600000,0.037062,-0.185731,0.022000,-0.213461,0.014667,-0.220000,0.014667,-0.220000,0,-6.056062,0.029333,0.014667,-0.206128,-0.220000,-0.580000,-0.600000,0.311127,0.330000,-2.101370,1
195,240000000,0.648575,1.750518,0.760713,0.193324,-0.325488,0.220488,-0.600000,0.220255,-0.600000,0.220255,-0.600000,0.032733,-0.190533,0.014667,-0.220000,0.010604,-0.220000,0.010604,-0.220000,0,-6.057085,0.022000,0.007333,-0.212667,-0.220000,-0.580000,-0.600000,0.311127,0.330000,-2.088292,1
195,280000000,0.654715,1.745233,0.748030,0.202703,-0.318056,0.220255,-0.600000,0.220200,-0.600000,0.220200,-0.600000,0.021210,-0.201591,0.010604,-0.220000,0.009383,-0.220000,0.009383,-0.220000,0,-6.057850,0.017937,0.003270,-0.212667,-0.220000,-0.580000,-0.600000,0.311127,0.330000,-2.077840,1
195,300000000,0.657721,1.742512,0.741646,0.202738,-0.319203,0.220200,-0.600000,0.220180,-0.600000,0.220180,-0.600000,0.018329,-0.201907,0.009383,-0.220000,0.008890,-0.220000,0.008890,-0.220000,0,-6.058131,0.016716,0.002049,-0.212667,-0.220000,-0.580000,-0.600000,0.311127,0.330000,-2.071456,1
195,340000000,0.663695,1.736991,0.728742,0.203536,-0.323538,0.220180,-0.600000,0.220146,-0.600000,0.220146,-0.600000,0.017721,-0.202763,0.008890,-0.220000,0.008021,-0.220000,0.008021,-0.220000,0,-6.058592,0.016224,0.001557,-0.212667,-0.220000,-0.580000,-0.600000,0.311127,0.330000,-2.060566,1
195,360000000,0.666655,1.734183,0.722224,0.203978,-0.325887,0.220146,-0.600000,0.220133,-0.600000,0.220133,-0.600000,0.017634,-0.203214,0.008021,-0.220000,0.007662,-0.220000,0.007662,-0.220000,0,-6.058768,0.015354,0.000688,-0.212667,-0.220000,-0.580000,-0.600000,0.311127,0.330000,-2.055699,1
195,400000000,0.672532,1.728486,0.709044,0.204855,-0.330683,0.220133,-0.600000,0.220113,-0.600000,0.220113,-0.600000,0.017358,-0.204118,0.007662,-0.220000,0.007067,-0.220000,0.007067,-0.220000,0,-6.059042,0.014996,0.000329,-0.212667,-0.220000,-0.580000,-0.600000,0.311127,0.330000,-2.042518,1
195,420000000,0.675448,1.725594,0.702381,0.205303,-0.333152,0.220113,-0.600000,0.220106,-0.600000,0.220106,-0.600000,0.017252,-0.204577,0.007067,-0.220000,0.006840,-0.220000,0.006840,-0.220000,0,-6.059141,0.014401,-0.000266,-0.212667,-0.220000,-0.580000,-0.600000,0.311127,0.330000,-2.037464,1
195,460000000,0.681228,1.719725,0.688906,0.206191,-0.338189,0.220106,-0.600000,0.220097,-0.600000,0.220097,-0.600000,0.017022,-0.205487,0.006840,-0.220000,0.006520,-0.220000,0.006520,-0.220000,0,-6.059275,0.014174,-0.000493,-0.212667,-0.220000,-0.580000,-0.600000,0.311127,0.330000,-2.023990,1
195,480000000,0.684097,1.716750,0.682092,0.206635,-0.340746,0.220097,-0.600000,0.220094,-0.600000,0.220094,-0.600000,0.016928,-0.205940,0.006520,-0.220000,0.006425,-0.220000,0.006425,-0.220000,0,-6.059314,0.013853,-0.000814,-0.212667,-0.220000,-0.580000,-0.600000,0.311127,0.330000,-2.019025,1
195,520000000,0.689791,1.710721,0.668302,0.207520,-0.345974,0.220094,-0.600000,0.220092,-0.600000,0.220092,-0.600000,0.016863,-0.206834,0.006425,-0.220000,0.006363,-0.220000,0.006363,-0.220000,0,-6.059339,0.013758,-0.000908,-0.212667,-0.220000,-0.580000,-0.600000,0.311127,0.330000,-2.005236,1
195,560000000,0.695419,1.704585,0.654304,0.208398,-0.351322,0.220092,-0.600000,0.220095,-0.600000,0.220095,-0.600000,0.016951,-0.207708,0.006363,-0.220000,0.006472,-0.220000,0.006472,-0.220000,0,-6.059295,0.013696,-0.000970,-0.212667,-0.220000,-0.580000,-0.600000,0.311127,0.330000,-1.992961,1
195,580000000,0.698209,1.701477,0.647225,0.208817,-0.353942,0.220095,-0.600000,0.220099,-0.600000,0.220099,-0.600000,0.016922,-0.208130,0.006472,-0.220000,0.006594,-0.220000,0.006594,-0.220000,0,-6.059245,0.013805,-0.000861,-0.212667,-0.220000,-0.580000,-0.600000,0.311127,0.330000,-1.985882,1
195,620000000,0.703741,1.695185,0.632904,0.209665,-0.359471,0.220099,-0.600000,0.220110,-0.600000,0.220110,-0.600000,0.017211,-0.208958,0.006594,-0.220000,0.006961,-0.220000,0.006961,-0.220000,0,-6.059089,0.013927,-0.000740,-0.212667,-0.220000,-0.580000,-0.600000,0.311127,0.330000,-1.972884,1
195,640000000,0.706483,1.692002,0.625665,0.210054,-0.361945,0.220110,-0.600000,0.220118,-0.600000,0.220118,-0.600000,0.017192,-0.209350,0.006961,-0.220000,0.007212,-0.220000,0.007212,-0.220000,0,-6.058978,0.014295,-0.000372,-0.212667,-0.220000,-0.580000,-0.600000,0.311127,0.330000,-1.966995,1
195,680000000,0.711918,1.685563,0.611024,0.210845,-0.367282,0.220118,-0.600000,0.220139,-0.600000,0.220139,-0.600000,0.017539,-0.210114,0.007212,-0.220000,0.007833,-0.220000,0.007833,-0.220000,0,-6.058685,0.014545,-0.000122,-0.212667,-0.220000,-0.580000,-0.600000,0.311127,0.330000,-1.952354,1
195,700000000,0.714608,1.682306,0.603627,0.211207,-0.369816,0.220139,-0.600000,0.220153,-0.600000,0.220153,-0.600000,0.017589,-0.210473,0.007833,-0.220000,0.008210,-0.220000,0.008210,-0.220000,0,-6.058496,0.015166,0.000499,-0.212667,-0.220000,-0.580000,-0.600000,0.311127,0.330000,-1.946490,1
195,740000000,0.719929,1.675718,0.588685,0.211897,-0.374808,0.220153,-0.600000,0.220188,-0.600000,0.220188,-0.600000,0.017735,-0.211154,0.008210,-0.220000,0.009090,-0.220000,0.009090,-0.220000,0,-6.058019,0.015543,0.000876,-0.212667,-0.220000,-0.580000,-0.600000,0.311127,0.330000,-1.931548,1
195,760000000,0.722572,1.672394,0.581130,0.212319,-0.377751,0.220188,-0.600000,0.220209,-0.600000,0.220209,-0.600000,0.018491,-0.211513,0.009090,-0.220000,0.009585,-0.220000,0.009585,-0.220000,0,-6.057729,0.016423,0.001757,-0.212667,-0.220000,-0.580000,-0.600000,0.311127,0.330000,-1.925364,1
195,800000000,0.727802,1.665678,0.565872,0.213012,-0.382903,0.220209,-0.600000,0.220260,-0.600000,0.220260,-0.600000,0.019204,-0.212145,0.009585,-0.220000,0.010695,-0.220000,0.010695,-0.220000,0,-6.057024,0.016918,0.002252,-0.212667,-0.220000,-0.580000,-0.600000,0.311127,0.330000,-1.910106,1
195,820000000,0.730388,1.662285,0.558171,0.213276,-0.385038,0.220260,-0.600000,0.220291,-0.600000,0.220291,-0.600000,0.019098,-0.212419,0.010695,-0.220000,0.011312,-0.220000,0.011312,-0.220000,0,-6.056599,0.018029,0.003362,-0.212667,-0.220000,-0.580000,-0.600000,0.311127,0.330000,-1.903468,1
195,860000000,0.735526,1.655448,0.542607,0.213987,-0.390382,0.220291,-0.600000,0.220363,-0.600000,0.220363,-0.600000,0.020457,-0.213007,0.011312,-0.220000,0.012649,-0.220000,0.012649,-0.220000,0,-6.055596,0.018646,0.003979,-0.212667,-0.220000,-0.580000,-0.600000,0.311127,0.330000,-1.887903,1
195,880000000,0.738067,1.651998,0.534755,0.214253,-0.392566,0.220363,-0.600000,0.220406,-0.600000,0.220406,-0.600000,0.020632,-0.213258,0.012649,-0.220000,0.013375,-0.220000,0.013375,-0.220000,0,-6.055003,0.019982,0.005315,-0.212667,-0.220000,-0.580000,-0.600000,0.311127,0.330000,-1.881264,1
195,920000000,0.743092,1.645035,0.518915,0.214834,-0.397329,0.220406,-0.600000,0.220507,-0.600000,0.220507,-0.600000,0.021501,-0.213755,0.013375,-0.220000,0.014948,-0.220000,0.014948,-0.220000,0,-6.053608,0.020708,0.006042,-0.212667,-0.220000,-0.580000,-0.600000,0.311127,0.330000,-1.865424,1
195,940000000,0.745592,1.641531,0.510917,0.215193,-0.399917,0.220507,-0.600000,0.220565,-0.600000,0.220565,-0.600000,0.022569,-0.214007,0.014948,-0.220000,0.015775,-0.220000,0.015775,-0.220000,0,-6.052811,0.022281,0.007614,-0.212667,-0.220000,-0.580000,-0.600000,0.311127,0.330000,-1.858687,1
195,980000000,0.750532,1.634464,0.494792,0.215760,-0.404630,0.220565,-0.600000,0.220699,-0.600000,0.220699,-0.600000,0.023845,-0.214438,0.015775,-0.220000,0.017547,-0.220000,0.017547,-0.220000,0,-6.050960,0.023108,0.008442,-0.212667,-0.220000,-0.580000,-0.600000,0.311127,0.330000,-1.843569,1
196,20000000,0.755407,1.627326,0.478484,0.216286,-0.409315,0.220699,-0.600000,0.220858,-0.600000,0.220858,-0.600000,0.024992,-0.214838,0.017547,-0.220000,0.019454,-0.220000,0.019454,-0.220000,0,-6.048747,0.024880,0.010213,-0.212667,-0.220000,-0.580000,-0.600000,0.311127,0.330000,-1.827262,1
196,40000000,0.757833,1.623737,0.470263,0.216599,-0.411069,0.220858,-0.600000,0.220948,-0.600000,0.220948,-0.600000,0.026006,-0.215032,0.019454,-0.220000,0.020448,-0.220000,0.020448,-0.220000,0,-6.047503,0.026787,0.012121,-0.212667,-0.220000,-0.580000,-0.600000,0.311127,0.330000,-1.819942,1
196,80000000,0.762632,1.616506,0.453704,0.217139,-0.415228,0.220948,-0.600000,0.221151,-0.600000,0.221151,-0.600000,0.027575,-0.215381,0.020448,-0.220000,0.022533,-0.220000,0.022533,-0.220000,0,-6.044690,0.027781,0.013114,-0.212667,-0.220000,-0.580000,-0.600000,0.311127,0.330000,-1.803383,1
196,100000000,0.765001,1.612864,0.445349,0.217243,-0.417757,0.221151,-0.600000,0.221266,-0.600000,0.221266,-0.600000,0.027610,-0.215482,0.022533,-0.220000,0.023637,-0.220000,0.023637,-0.220000,0,-6.043091,0.029866,0.015200,-0.212667,-0.220000,-0.580000,-0.600000,0.311127,0.330000,-1.796115,1
196,140000000,0.769743,1.605553,0.428504,0.217942,-0.421160,0.221266,-0.600000,0.221518,-0.600000,0.221518,-0.600000,0.030196,-0.215840,0.023637,-0.220000,0.025887,-0.220000,0.025887,-0.220000,0,-6.039591,0.030970,0.016303,-0.212667,-0.220000,-0.580000,-0.600000,0.311127,0.330000,-1.779271,1
196,160000000,0.772086,1.601872,0.420038,0.218193,-0.423315,0.221518,-0.600000,0.221658,-0.600000,0.221658,-0.600000,0.031131,-0.215961,0.025887,-0.220000,0.027057,-0.220000,0.027057,-0.220000,0,-6.037646,0.033220,0.018553,-0.212667,-0.220000,-0.580000,-0.600000,0.311127,0.330000,-1.771787,1
196,200000000,0.776706,1.594457,0.402976,0.218524,-0.429073,0.221658,-0.600000,0.221971,-0.600000,0.221971,-0.600000,0.032480,-0.216097,0.027057,-0.220000,0.029512,-0.220000,0.029512,-0.220000,0,-6.033279,0.034390,0.019723,-0.212667,-0.220000,-0.580000,-0.600000,0.311127,0.330000,-1.754724,1
196,220000000,0.779013,1.590733,0.394404,0.219034,-0.428589,0.221971,-0.600000,0.222140,-0.600000,0.222140,-0.600000,0.034131,-0.216359,0.029512,-0.220000,0.030758,-0.220000,0.030758,-0.220000,0,-6.030916,0.036846,0.022179,-0.212667,-0.220000,-0.580000,-0.600000,0.311127,0.330000,-1.746864,1
196,260000000,0.783577,1.583239,0.377146,0.219602,-0.432068,0.222140,-0.600000,0.222513,-0.600000,0.222513,-0.600000,0.036274,-0.216585,0.030758,-0.220000,0.033346,-0.220000,0.033346,-0.220000,0,-6.025696,0.038092,0.023425,-0.212667,-0.220000,-0.580000,-0.600000,0.311127,0.330000,-1.729607,1
196,300000000,0.788109,1.575698,0.359697,0.220260,-0.438129,0.222513,-0.600000,0.222931,-0.600000,0.222931,-0.600000,0.039450,-0.216698,0.033346,-0.220000,0.036031,-0.220000,0.036031,-0.220000,0,-6.019828,0.040679,0.026013,-0.212667,-0.220000,-0.580000,-0.600000,0.311127,0.330000,-1.713039,1
196,320000000,0.790361,1.571907,0.350958,0.220477,-0.436934,0.222931,-0.600000,0.223156,-0.600000,0.223156,-0.600000,0.039684,-0.216877,0.036031,-0.220000,0.037397,-0.220000,0.037397,-0.220000,0,-6.016666,0.043364,0.028698,-0.212667,-0.220000,-0.580000,-0.600000,0.311127,0.330000,-1.705174,1
196,360000000,0.794838,1.564288,0.333353,0.221093,-0.439992,0.223156,-0.600000,0.223641,-0.600000,0.223641,-0.600000,0.042100,-0.217047,0.037397,-0.220000,0.040193,-0.220000,0.040193,-0.220000,0,-6.009820,0.044730,0.030064,-0.212667,-0.220000,-0.580000,-0.600000,0.311127,0.330000,-1.687569,1
196,380000000,0.797067,1.560463,0.324439,0.221361,-0.445672,0.223641,-0.600000,0.223906,-0.600000,0.223906,-0.600000,0.043807,-0.216983,0.040193,-0.220000,0.041638,-0.220000,0.041638,-0.220000,0,-6.006086,0.047527,0.032860,-0.212667,-0.220000,-0.580000,-0.600000,0.311127,0.330000,-1.679286,1
196,420000000,0.801511,1.552771,0.306670,0.222125,-0.444455,0.223906,-0.600000,0.224461,-0.600000,0.224461,-0.600000,0.046143,-0.217279,0.041638,-0.220000,0.044529,-0.220000,0.044529,-0.220000,0,-5.998213,0.048972,0.034305,-0.212667,-0.220000,-0.580000,-0.600000,0.311127,0.330000,-1.661516,1
196,460000000,0.805862,1.545011,0.288844,0.222410,-0.445731,0.224461,-0.600000,0.225077,-0.600000,0.225077,-0.600000,0.047185,-0.217347,0.044529,-0.220000,0.047535,-0.220000,0.047535,-0.220000,0,-5.989453,0.051862,0.037196,-0.212667,-0.220000,-0.580000,-0.600000,0.311127,0.330000,-1.644374,1
196,480000000,0.808026,1.541113,0.279882,0.222930,-0.448074,0.225077,-0.600000,0.225405,-0.600000,0.225405,-0.600000,0.049254,-0.217421,0.047535,-0.220000,0.049067,-0.220000,0.049067,-0.220000,0,-5.984763,0.054868,0.040202,-0.212667,-0.220000,-0.580000,-0.600000,0.311127,0.330000,-1.635412,1
196,520000000,0.812299,1.533270,0.261896,0.223473,-0.451048,0.225405,-0.600000,0.226109,-0.600000,0.226109,-0.600000,0.051287,-0.217508,0.049067,-0.220000,0.052205,-0.220000,0.052205,-0.220000,0,-5.974680,0.056400,0.041734,-0.212667,-0.220000,-0.580000,-0.600000,0.311127,0.330000,-1.618157,1
196,540000000,0.814450,1.529335,0.252855,0.224245,-0.452021,0.226109,-0.600000,0.226477,-0.600000,0.226477,-0.600000,0.054022,-0.217640,0.052205,-0.220000,0.053776,-0.220000,0.053776,-0.220000,0,-5.969389,0.059538,0.044872,-0.212667,-0.220000,-0.580000,-0.600000,0.311127,0.330000,-1.609117,1
196,580000000,0.818718,1.521422,0.234706,0.225062,-0.454343,0.226477,-0.600000,0.227258,-0.600000,0.227258,-0.600000,0.056936,-0.217741,0.053776,-0.220000,0.056974,-0.220000,0.056974,-0.220000,0,-5.958122,0.061110,0.046443,-0.212667,-0.220000,-0.580000,-0.600000,0.311127,0.330000,-1.591537,1
196,600000000,0.820818,1.517441,0.225623,0.225053,-0.454147,0.227258,-0.600000,0.227673,-0.600000,0.227673,-0.600000,0.056955,-0.217727,0.056974,-0.220000,0.058610,-0.220000,0.058610,-0.220000,0,-5.952099,0.064308,0.049641,-0.212667,-0.220000,-0.580000,-0.600000,0.311127,0.330000,-1.582454,1
196,640000000,0.825071,1.509453,0.207297,0.226356,-0.457518,0.227673,-0.600000,0.228538,-0.600000,0.228538,-0.600000,0.061398,-0.217870,0.058610,-0.220000,0.061882,-0.220000,0.061882,-0.220000,0,-5.939518,0.065943,0.051277,-0.212667,-0.220000,-0.580000,-0.600000,0.311127,0.330000,-1.564653,1
196,660000000,0.827165,1.505434,0.198139,0.226578,-0.457867,0.228538,-0.600000,0.228995,-0.600000,0.228995,-0.600000,0.062182,-0.217878,0.061882,-0.220000,0.063550,-0.220000,0.063550,-0.220000,0,-5.932832,0.069216,0.054549,-0.212667,-0.220000,-0.580000,-0.600000,0.311127,0.330000,-1.556094,1
196,700000000,0.831304,1.497351,0.179758,0.227250,-0.460851,0.228995,-0.600000,0.229962,-0.600000,0.229962,-0.600000,0.064575,-0.217882,0.063550,-0.220000,0.066950,-0.220000,0.066950,-0.220000,0,-5.918624,0.070883,0.056217,-0.212667,-0.220000,-0.580000,-0.600000,0.311127,0.330000,-1.537713,1
196,740000000,0.835445,1.489215,0.161311,0.228239,-0.460953,0.229962,-0.600000,0.230981,-0.600000,0.230981,-0.600000,0.067641,-0.217985,0.066950,-0.220000,0.070370,-0.220000,0.070370,-0.220000,0,-5.903550,0.074284,0.059617,-0.212667,-0.220000,-0.580000,-0.600000,0.311127,0.330000,-1.519755,1
196,760000000,0.837521,1.485127,0.152037,0.229234,-0.463691,0.230981,-0.600000,0.231511,-0.600000,0.231511,-0.600000,0.070737,-0.218047,0.070370,-0.220000,0.072092,-0.220000,0.072092,-0.220000,0,-5.895665,0.077704,0.063037,-0.212667,-0.220000,-0.580000,-0.600000,0.311127,0.330000,-1.510481,1
196,780000000,0.839562,1.481021,0.142783,0.229274,-0.462669,0.231511,-0.600000,0.232061,-0.600000,0.232061,-0.600000,0.070866,-0.218047,0.072092,-0.220000,0.073840,-0.220000,0.073840,-0.220000,0,-5.887449,0.079425,0.064758,-0.212667,-0.220000,-0.580000,-0.600000,0.311127,0.330000,-1.501625,1
196,820000000,0.843686,1.472774,0.123999,0.230942,-0.466104,0.232061,-0.600000,0.233212,-0.600000,0.233212,-0.600000,0.075818,-0.218142,0.073840,-0.220000,0.077380,-0.220000,0.077380,-0.220000,0,-5.870171,0.081173,0.066506,-0.212667,-0.220000,-0.580000,-0.600000,0.311127,0.330000,-1.482841,1
196,840000000,0.845741,1.468624,0.114672,0.231507,-0.466336,0.233212,-0.600000,0.233801,-0.600000,0.233801,-0.600000,0.077398,-0.218185,0.077380,-0.220000,0.079138,-0.220000,0.079138,-0.220000,0,-5.861270,0.084714,0.070047,-0.212667,-0.220000,-0.580000,-0.600000,0.311127,0.330000,-1.473988,1
196,880000000,0.849799,1.460277,0.095964,0.232572,-0.469792,0.233801,-0.600000,0.235037,-0.600000,0.235037,-0.600000,0.080627,-0.218149,0.079138,-0.220000,0.082719,-0.220000,0.082719,-0.220000,0,-5.842479,0.086472,0.071805,-0.212667,-0.220000,-0.580000,-0.600000,0.311127,0.330000,-1.455279,1
196,900000000,0.851837,1.456080,0.086595,0.233318,-0.468445,0.235037,-0.600000,0.235671,-0.600000,0.235671,-0.600000,0.082485,-0.218251,0.082719,-0.220000,0.084504,-0.220000,0.084504,-0.220000,0,-5.832778,0.090053,0.075386,-0.212667,-0.220000,-0.580000,-0.600000,0.311127,0.330000,-1.446308,1
196,940000000,0.855884,1.447635,0.067819,0.234594,-0.469702,0.235671,-0.600000,0.236990,-0.600000,0.236990,-0.600000,0.085928,-0.218290,0.084504,-0.220000,0.088114,-0.220000,0.088114,-0.220000,0,-5.812473,0.091837,0.077171,-0.212667,-0.220000,-0.580000,-0.600000,0.311127,0.330000,-1.427822,1
196,960000000,0.857887,1.443389,0.058385,0.234751,-0.471695,0.236990,-0.600000,0.237678,-0.600000,0.237678,-0.600000,0.086674,-0.218164,0.088114,-0.220000,0.089950,-0.220000,0.089950,-0.220000,0,-5.801792,0.095447,0.080781,-0.212667,-0.220000,-0.580000,-0.600000,0.311127,0.330000,-1.418388,1
197,0,0.861951,1.434842,0.039512,0.236596,-0.471314,0.237678,-0.600000,0.239073,-0.600000,0.239073,-0.600000,0.091155,-0.218330,0.089950,-0.220000,0.093574,-0.220000,0.093574,-0.220000,0,-5.780004,0.097284,0.082617,-0.212667,-0.220000,-0.580000,-0.600000,0.311127,0.330000,-1.399871,1
197,40000000,0.865921,1.426224,0.020663,0.237275,-0.470918,0.239073,-0.600000,0.240545,-0.600000,0.240545,-0.600000,0.093033,-0.218275,0.093574,-0.220000,0.097273,-0.220000,0.097273,-0.220000,0,-5.756783,0.100907,0.086240,-0.212667,-0.220000,-0.580000,-0.600000,0.311127,0.330000,-1.381021,1
197,60000000,0.867889,1.421891,0.011125,0.237914,-0.476909,0.240545,-0.600000,0.241318,-0.600000,0.241318,-0.600000,0.095029,-0.218112,0.097273,-0.220000,0.099169,-0.220000,0.099169,-0.220000,0,-5.744494,0.104606,0.089940,-0.212667,-0.220000,-0.580000,-0.600000,0.311127,0.330000,-1.371782,1
197,100000000,0.871911,1.413159,-0.007853,0.240461,-0.474135,0.241318,-0.600000,0.242857,-0.600000,0.242857,-0.600000,0.100614,-0.218399,0.099169,-0.220000,0.102857,-0.220000,0.102857,-0.220000,0,-5.719834,0.106503,0.091836,-0.212667,-0.220000,-0.580000,-0.600000,0.311127,0.330000,-1.353002,1
197,120000000,0.873892,1.408765,-0.017335,0.241002,-0.474078,0.242857,-0.600000,0.243654,-0.600000,0.243654,-0.600000,0.101918,-0.218392,0.102857,-0.220000,0.104724,-0.220000,0.104724,-0.220000,0,-5.706965,0.110190,0.095524,-0.212667,-0.220000,-0.580000,-0.600000,0.311127,0.330000,-1.343520,1
197,160000000,0.877820,1.399920,-0.036356,0.242926,-0.478057,0.243654,-0.600000,0.245302,-0.600000,0.245302,-0.600000,0.106395,-0.218388,0.104724,-0.220000,0.108503,-0.220000,0.108503,-0.220000,0,-5.680115,0.112057,0.097391,-0.212667,-0.220000,-0.580000,-0.600000,0.311127,0.330000,-1.324739,1
197,180000000,0.879784,1.395466,-0.045859,0.243366,-0.475144,0.245302,-0.600000,0.246142,-0.600000,0.246142,-0.600000,0.107356,-0.218407,0.108503,-0.220000,0.110389,-0.220000,0.110389,-0.220000,0,-5.666308,0.115836,0.101169,-0.212667,-0.220000,-0.580000,-0.600000,0.311127,0.330000,-1.315236,1
197,220000000,0.883693,1.386498,-0.064898,0.245031,-0.475809,0.246142,-0.600000,0.247867,-0.600000,0.247867,-0.600000,0.111084,-0.218405,0.110389,-0.220000,0.114184,-0.220000,0.114184,-0.220000,0,-5.637702,0.117722,0.103056,-0.212667,-0.220000,-0.580000,-0.600000,0.311127,0.330000,-1.296393,1
197,260000000,0.887524,1.377452,-0.083902,0.245852,-0.474947,0.247867,-0.600000,0.249661,-0.600000,0.249661,-0.600000,0.113019,-0.218335,0.114184,-0.220000,0.118029,-0.220000,0.118029,-0.220000,0,-5.607572,0.121517,0.106850,-0.212667,-0.220000,-0.580000,-0.600000,0.311127,0.330000,-1.277504,1
197,280000000,0.889389,1.372903,-0.093378,0.245826,-0.473836,0.249661,-0.600000,0.250592,-0.600000,0.250592,-0.600000,0.113119,-0.218254,0.118029,-0.220000,0.119985,-0.220000,0.119985,-0.220000,0,-5.591801,0.125362,0.110696,-0.212667,-0.220000,-0.580000,-0.600000,0.311127,0.330000,-1.268027,1
197,320000000,0.893263,1.363718,-0.112570,0.249426,-0.477230,0.250592,-0.600000,0.252461,-0.600000,0.252461,-0.600000,0.120437,-0.218422,0.119985,-0.220000,0.123841,-0.220000,0.123841,-0.220000,0,-5.559804,0.127318,0.112651,-0.212667,-0.220000,-0.580000,-0.600000,0.311127,0.330000,-1.248964,1
197,340000000,0.895166,1.359095,-0.122108,0.249976,-0.476889,0.252461,-0.600000,0.253417,-0.600000,0.253417,-0.600000,0.121644,-0.218382,0.123841,-0.220000,0.125779,-0.220000,0.125779,-0.220000,0,-5.543273,0.131175,0.116508,-0.212667,-0.220000,-0.580000,-0.600000,0.311127,0.330000,-1.239426,1
197,380000000,0.898917,1.349788,-0.141233,0.251368,-0.480041,0.253417,-0.600000,0.255390,-0.600000,0.255390,-0.600000,0.124773,-0.218215,0.125779,-0.220000,0.129707,-0.220000,0.129707,-0.220000,0,-5.508816,0.133112,0.118446,-0.212667,-0.220000,-0.580000,-0.600000,0.311127,0.330000,-1.220391,1
197,400000000,0.900813,1.345093,-0.150795,0.253202,-0.478095,0.255390,-0.600000,0.256383,-0.600000,0.256383,-0.600000,0.128095,-0.218410,0.129707,-0.220000,0.131652,-0.220000,0.131652,-0.220000,0,-5.491288,0.137041,0.122374,-0.212667,-0.220000,-0.580000,-0.600000,0.311127,0.330000,-1.210829,1
197,440000000,0.904575,1.335633,-0.169944,0.255182,-0.478382,0.256383,-0.600000,0.258415,-0.600000,0.258415,-0.600000,0.131971,-0.218407,0.131652,-0.220000,0.135567,-0.220000,0.135567,-0.220000,0,-5.455017,0.138985,0.124318,-0.212667,-0.220000,-0.580000,-0.600000,0.311127,0.330000,-1.191717,1
197,460000000,0.906416,1.330873,-0.179485,0.255156,-0.477073,0.258415,-0.600000,0.259458,-0.600000,0.259458,-0.600000,0.132085,-0.218308,0.135567,-0.220000,0.137545,-0.220000,0.137545,-0.220000,0,-5.436197,0.142900,0.128234,-0.212667,-0.220000,-0.580000,-0.600000,0.311127,0.330000,-1.182176,1
197,500000000,0.910168,1.321259,-0.198723,0.258215,-0.478657,0.259458,-0.600000,0.261566,-0.600000,0.261566,-0.600000,0.137783,-0.218382,0.137545,-0.220000,0.141480,-0.220000,0.141480,-0.220000,0,-5.397743,0.144878,0.130212,-0.212667,-0.220000,-0.580000,-0.600000,0.311127,0.330000,-1.162957,1
197,520000000,0.912006,1.316420,-0.208287,0.258831,-0.478185,0.261566,-0.600000,0.262641,-0.600000,0.262641,-0.600000,0.139013,-0.218332,0.141480,-0.220000,0.143459,-0.220000,0.143459,-0.220000,0,-5.377886,0.148813,0.134147,-0.212667,-0.220000,-0.580000,-0.600000,0.311127,0.330000,-1.153375,1
197,560000000,0.915610,1.306680,-0.227538,0.260022,-0.485165,0.262641,-0.600000,0.264869,-0.600000,0.264869,-0.600000,0.141536,-0.218126,0.143459,-0.220000,0.147499,-0.220000,0.147499,-0.220000,0,-5.336258,0.150792,0.136125,-0.212667,-0.220000,-0.580000,-0.600000,0.311127,0.330000,-1.134123,1
197,580000000,0.917435,1.301760,-0.237125,0.262403,-0.479346,0.264869,-0.600000,0.265981,-0.600000,0.265981,-0.600000,0.145566,-0.218325,0.147499,-0.220000,0.149486,-0.220000,0.149486,-0.220000,0,-5.315234,0.154832,0.140165,-0.212667,-0.220000,-0.580000,-0.600000,0.311127,0.330000,-1.124499,1
197,620000000,0.921046,1.291843,-0.256335,0.264682,-0.479082,0.265981,-0.600000,0.268253,-0.600000,0.268253,-0.600000,0.149631,-0.218328,0.149486,-0.220000,0.153491,-0.220000,0.153491,-0.220000,0,-5.271739,0.156819,0.142152,-0.212667,-0.220000,-0.580000,-0.600000,0.311127,0.330000,-1.105199,1
197,660000000,0.924626,1.281817,-0.275559,0.267672,-0.483521,0.268253,-0.600000,0.270573,-0.600000,0.270573,-0.600000,0.154942,-0.218269,0.153491,-0.220000,0.157511,-0.220000,0.157511,-0.220000,0,-5.226556,0.160825,0.146158,-0.212667,-0.220000,-0.580000,-0.600000,0.311127,0.330000,-1.085975,1
197,680000000,0.926406,1.276760,-0.285140,0.268067,-0.479044,0.270573,-0.600000,0.271744,-0.600000,0.271744,-0.600000,0.155601,-0.218285,0.157511,-0.220000,0.159515,-0.220000,0.159515,-0.220000,0,-5.203439,0.164844,0.150177,-0.212667,-0.220000,-0.580000,-0.600000,0.311127,0.330000,-1.076266,1
197,720000000,0.929939,1.266560,-0.304328,0.270387,-0.478950,0.271744,-0.600000,0.274126,-0.600000,0.274126,-0.600000,0.159597,-0.218261,0.159515,-0.220000,0.163540,-0.220000,0.163540,-0.220000,0,-5.155813,0.166848,0.152182,-0.212667,-0.220000,-0.580000,-0.600000,0.311127,0.330000,-1.056963,1
197,740000000,0.931664,1.261429,-0.313957,0.270655,-0.481451,0.274126,-0.600000,0.275352,-0.600000,0.275352,-0.600000,0.160298,-0.218079,0.163540,-0.220000,0.165586,-0.220000,0.165586,-0.220000,0,-5.130975,0.170873,0.156206,-0.212667,-0.220000,-0.580000,-0.600000,0.311127,0.330000,-1.047334,1
197,780000000,0.935164,1.251045,-0.333154,0.274044,-0.479010,0.275352,-0.600000,0.277793,-0.600000,0.277793,-0.600000,0.165784,-0.218210,0.165586,-0.220000,0.169613,-0.220000,0.169613,-0.220000,0,-5.080807,0.172919,0.158252,-0.212667,-0.220000,-0.580000,-0.600000,0.311127,0.330000,-1.027941,1
197,800000000,0.936878,1.245816,-0.342728,0.275164,-0.478681,0.277793,-0.600000,0.279034,-0.600000,0.279034,-0.600000,0.167670,-0.218179,0.169613,-0.220000,0.171639,-0.220000,0.171639,-0.220000,0,-5.054924,0.176947,0.162280,-0.212667,-0.220000,-0.580000,-0.600000,0.311127,0.330000,-1.018367,1
197,840000000,0.940227,1.235288,-0.361921,0.277220,-0.482412,0.279034,-0.600000,0.281579,-0.600000,0.281579,-0.600000,0.171206,-0.218036,0.171639,-0.220000,0.175747,-0.220000,0.175747,-0.220000,0,-5.001087,0.178973,0.164306,-0.212667,-0.220000,-0.580000,-0.600000,0.311127,0.330000,-0.998934,1
197,860000000,0.941903,1.229969,-0.371490,0.278845,-0.478460,0.281579,-0.600000,0.282855,-0.600000,0.282855,-0.600000,0.173714,-0.218125,0.175747,-0.220000,0.177784,-0.220000,0.177784,-0.220000,0,-4.973683,0.183080,0.168413,-0.212667,-0.220000,-0.580000,-0.600000,0.311127,0.330000,-0.989167,1
197,900000000,0.945221,1.219239,-0.390654,0.281388,-0.478242,0.282855,-0.600000,0.285444,-0.600000,0.285444,-0.600000,0.177806,-0.218093,0.177784,-0.220000,0.181874,-0.220000,0.181874,-0.220000,0,-4.917249,0.185118,0.170451,-0.212667,-0.220000,-0.580000,-0.600000,0.311127,0.330000,-0.969704,1
197,920000000,0.946832,1.213841,-0.400282,0.281618,-0.481425,0.285444,-0.600000,0.286774,-0.600000,0.286774,-0.600000,0.178389,-0.217912,0.181874,-0.220000,0.183955,-0.220000,0.183955,-0.220000,0,-4.887793,0.189208,0.174541,-0.212667,-0.220000,-0.580000,-0.600000,0.311127,0.330000,-0.960076,1
197,960000000,0.950090,1.202913,-0.419497,0.285378,-0.478010,0.286774,-0.600000,0.289427,-0.600000,0.289427,-0.600000,0.184125,-0.218034,0.183955,-0.220000,0.188064,-0.220000,0.188064,-0.220000,0,-4.828090,0.191288,0.176622,-0.212667,-0.220000,-0.580000,-0.600000,0.311127,0.330000,-0.940506,1
198,0,0.953227,1.191888,-0.438578,0.286552,-0.476296,0.289427,-0.600000,0.292128,-0.600000,0.292128,-0.600000,0.186133,-0.217868,0.188064,-0.220000,0.192195,-0.220000,0.192195,-0.220000,0,-4.765967,0.195397,0.180731,-0.212667,-0.220000,-0.580000,-0.600000,0.311127,0.330000,-0.921135,1
198,20000000,0.954764,1.186332,-0.448139,0.288229,-0.478075,0.292128,-0.600000,0.293501,-0.600000,0.293501,-0.600000,0.188699,-0.217872,0.192195,-0.220000,0.194275,-0.220000,0.194275,-0.220000,0,-4.733853,0.199528,0.184861,-0.212667,-0.220000,-0.580000,-0.600000,0.311127,0.330000,-0.911574,1
198,40000000,0.956276,1.180749,-0.457661,0.289203,-0.476109,0.293501,-0.600000,0.294882,-0.600000,0.294882,-0.600000,0.190224,-0.217838,0.194275,-0.220000,0.196355,-0.220000,0.196355,-0.220000,0,-4.701185,0.201608,0.186942,-0.212667,-0.220000,-0.580000,-0.600000,0.311127,0.330000,-0.901654,1
198,80000000,0.959299,1.169459,-0.476830,0.293299,-0.477171,0.294882,-0.600000,0.297671,-0.600000,0.297671,-0.600000,0.196327,-0.217900,0.196355,-0.220000,0.200520,-0.220000,0.200520,-0.220000,0,-4.633987,0.203688,0.189021,-0.212667,-0.220000,-0.580000,-0.600000,0.311127,0.330000,-0.882012,1
198,100000000,0.960777,1.163769,-0.486362,0.293948,-0.476583,0.297671,-0.600000,0.299077,-0.600000,0.299077,-0.600000,0.197388,-0.217815,0.200520,-0.220000,0.202600,-0.220000,0.202600,-0.220000,0,-4.599530,0.207853,0.193187,-0.212667,-0.220000,-0.580000,-0.600000,0.311127,0.330000,-0.872480,1
198,140000000,0.963642,1.152315,-0.505485,0.295682,-0.480529,0.299077,-0.600000,0.301939,-0.600000,0.301939,-0.600000,0.200158,-0.217635,0.202600,-0.220000,0.206803,-0.220000,0.206803,-0.220000,0,-4.527999,0.209933,0.195267,-0.212667,-0.220000,-0.580000,-0.600000,0.311127,0.330000,-0.852960,1
198,160000000,0.965083,1.146514,-0.515018,0.298870,-0.476659,0.301939,-0.600000,0.303365,-0.600000,0.303365,-0.600000,0.204660,-0.217801,0.206803,-0.220000,0.208878,-0.220000,0.208878,-0.220000,0,-4.491705,0.214136,0.199469,-0.212667,-0.220000,-0.580000,-0.600000,0.311127,0.330000,-0.843427,1
198,200000000,0.967872,1.134835,-0.534079,0.301523,-0.477831,0.303365,-0.600000,0.306255,-0.600000,0.306255,-0.600000,0.208581,-0.217738,0.208878,-0.220000,0.213055,-0.220000,0.213055,-0.220000,0,-4.416641,0.216212,0.201545,-0.212667,-0.220000,-0.580000,-0.600000,0.311127,0.330000,-0.823876,1
198,240000000,0.970585,1.123020,-0.553291,0.304428,-0.485709,0.306255,-0.600000,0.309201,-0.600000,0.309201,-0.600000,0.212941,-0.217560,0.213055,-0.220000,0.217267,-0.220000,0.217267,-0.220000,0,-4.338071,0.220000,0.205722,-0.212667,-0.220000,-0.580000,-0.600000,0.311127,0.330000,-0.804065,1
198,260000000,0.971926,1.117048,-0.562806,0.306038,-0.475759,0.309201,-0.600000,0.310665,-0.600000,0.310665,-0.600000,0.215114,-0.217681,0.217267,-0.220000,0.219346,-0.220000,0.219346,-0.220000,0,-4.298201,0.220000,0.209934,-0.212667,-0.220000,-0.580000,-0.600000,0.311127,0.330000,-0.794024,1
198,300000000,0.974538,1.105006,-0.581878,0.308978,-0.475389,0.310665,-0.600000,0.308611,-0.600000,0.308611,-0.600000,0.219353,-0.217605,0.219346,-0.220000,0.220000,-0.216427,0.220000,-0.216427,0,-4.215893,0.220000,0.212012,-0.212667,-0.220000,-0.580000,-0.600000,0.311127,0.330000,-0.774383,1
198,320000000,0.975787,1.098954,-0.591381,0.308969,-0.475110,0.308611,-0.600000,0.307087,-0.600000,0.307087,-0.600000,0.219621,-0.217322,0.220000,-0.216427,0.220000,-0.214248,0.220000,-0.214248,0,-4.173456,0.220000,0.212667,-0.209094,-0.220000,-0.580000,-0.600000,0.311127,0.330000,-0.764881,1
198,360000000,0.978265,1.086870,-0.610416,0.308384,-0.475148,0.307087,-0.600000,0.304006,-0.600000,0.304006,-0.600000,0.222063,-0.213982,0.220000,-0.214248,0.220000,-0.209809,0.220000,-0.209809,0,-4.086984,0.220000,0.212667,-0.206915,-0.220000,-0.580000,-0.600000,0.311127,0.330000,-0.745114,1
198,380000000,0.979444,1.080847,-0.619921,0.306860,-0.475230,0.304006,-0.600000,0.302433,-0.600000,0.302433,-0.600000,0.222022,-0.211824,0.220000,-0.209809,0.220000,-0.207522,0.220000,-0.207522,0,-4.042439,0.220000,0.212667,-0.202476,-0.217143,-0.580000,-0.600000,0.311127,0.330000,-0.734926,1
198,420000000,0.981673,1.068825,-0.638967,0.304514,-0.478495,0.302433,-0.600000,0.299203,-0.600000,0.299203,-0.600000,0.222017,-0.208416,0.220000,-0.207522,0.220000,-0.202787,0.220000,-0.202787,0,-3.950199,0.220000,0.212667,-0.200189,-0.214856,-0.580000,-0.600000,0.311127,0.330000,-0.715249,1
198,440000000,0.982758,1.062879,-0.648484,0.302213,-0.475827,0.299203,-0.600000,0.297575,-0.600000,0.297575,-0.600000,0.221942,-0.205121,0.220000,-0.202787,0.220000,-0.200377,0.220000,-0.200377,0,-3.903251,0.220000,0.212667,-0.195454,-0.210121,-0.580000,-0.600000,0.311127,0.330000,-0.705732,1
198,480000000,0.984842,1.051066,-0.667557,0.298992,-0.476377,0.297575,-0.600000,0.294268,-0.600000,0.294268,-0.600000,0.221900,-0.200391,0.220000,-0.200377,0.220000,-0.195432,0.220000,-0.195432,0,-3.806931,0.220000,0.212667,-0.193044,-0.207710,-0.580000,-0.600000,0.311127,0.330000,-0.685785,1
198,520000000,0.986820,1.039371,-0.686712,0.294294,-0.480229,0.294268,-0.600000,0.290898,-0.600000,0.290898,-0.600000,0.221699,-0.193543,0.220000,-0.195432,0.220000,-0.190320,0.220000,-0.190320,0,-3.707340,0.220000,0.212667,-0.188099,-0.202766,-0.580000,-0.600000,0.311127,0.330000,-0.665749,1
198,540000000,0.987772,1.033567,-0.696258,0.294070,-0.477307,0.290898,-0.600000,0.289202,-0.600000,0.289202,-0.600000,0.221798,-0.193087,0.220000,-0.190320,0.220000,-0.187717,0.220000,-0.187717,0,-3.656630,0.220000,0.212667,-0.182986,-0.197653,-0.580000,-0.600000,0.311127,0.330000,-0.656203,1
198,580000000,0.989613,1.022061,-0.715411,0.290710,-0.478039,0.289202,-0.600000,0.285778,-0.599944,0.285778,-0.599944,0.221712,-0.188031,0.220000,-0.187717,0.220000,-0.182398,0.220000,-0.182398,0,-3.553028,0.220000,0.212667,-0.180383,-0.195050,-0.580000,-0.600000,0.311127,0.330000,-0.636337,1
198,600000000,0.990507,1.016361,-0.725125,0.288473,-0.485663,0.285778,-0.599944,0.284039,-0.589860,0.284039,-0.589860,0.221671,-0.184605,0.220000,-0.182398,0.220000,-0.179661,0.220000,-0.179661,0,-3.499705,0.220000,0.212667,-0.175065,-0.189731,-0.579944,-0.600000,0.311127,0.330000,-0.625642,1
198,640000000,0.992249,1.005076,-0.744342,0.285340,-0.480104,0.284039,-0.589860,0.280589,-0.570717,0.280589,-0.570717,0.221599,-0.179758,0.220000,-0.179661,0.220000,-0.174156,0.220000,-0.174156,0,-3.392474,0.220000,0.212667,-0.172327,-0.186994,-0.569860,-0.600000,0.311127,0.330000,-0.605337,1
198,660000000,0.993074,0.999458,-0.753936,0.283874,-0.479707,0.280589,-0.570717,0.278850,-0.561672,0.278850,-0.561672,0.221561,-0.177468,0.220000,-0.174156,0.220000,-0.171340,0.220000,-0.171340,0,-3.337632,0.220000,0.212667,-0.166823,-0.181489,-0.550717,-0.590717,0.311127,0.330000,-0.595743,1
198,700000000,0.994675,0.988321,-0.773241,0.279021,-0.484827,0.278850,-0.561672,0.275357,-0.542621,0.275357,-0.542621,0.221418,-0.169786,0.220000,-0.171340,0.220000,-0.165594,0.220000,-0.165594,0,-3.225692,0.220000,0.212667,-0.164007,-0.178674,-0.541672,-0.581672,0.311127,0.330000,-0.575536,1
198,720000000,0.995451,0.982801,-0.782866,0.278707,-0.481250,0.275357,-0.542621,0.273617,-0.533546,0.273617,-0.533546,0.221426,-0.169258,0.220000,-0.165594,0.220000,-0.162684,0.220000,-0.162684,0,-3.169015,0.220000,0.212667,-0.158261,-0.172927,-0.522621,-0.562621,0.311127,0.330000,-0.565911,1
198,760000000,0.996968,0.971869,-0.802217,0.275228,-0.482356,0.273617,-0.533546,0.270140,-0.514353,0.270140,-0.514353,0.221322,-0.163607,0.220000,-0.162684,0.220000,-0.156766,0.220000,-0.156766,0,-3.053729,0.220000,0.212667,-0.155351,-0.170018,-0.513546,-0.553546,0.311127,0.330000,-0.545554,1
198,780000000,0.997689,0.966432,-0.811863,0.274207,-0.482295,0.270140,-0.514353,0.268407,-0.504069,0.268407,-0.504069,0.221338,-0.161861,0.220000,-0.156766,0.220000,-0.153760,0.220000,-0.153760,0,-2.995167,0.220000,0.212667,-0.149433,-0.164099,-0.494353,-0.534353,0.311127,0.330000,-0.534646,1
198,820000000,0.999067,0.955625,-0.831203,0.271230,-0.485675,0.268407,-0.504069,0.264941,-0.485835,0.264941,-0.485835,0.221322,-0.156786,0.220000,-0.153760,0.220000,-0.147627,0.220000,-0.147627,0,-2.875702,0.220000,0.212667,-0.146426,-0.161093,-0.484069,-0.524069,0.311127,0.330000,-0.515306,1
198,840000000,0.999773,0.950306,-0.840904,0.268312,-0.485051,0.264941,-0.485835,0.263239,-0.475546,0.263239,-0.475546,0.221125,-0.151971,0.220000,-0.147627,0.220000,-0.144550,0.220000,-0.144550,0,-2.815764,0.220000,0.212667,-0.140294,-0.154960,-0.465835,-0.505835,0.311127,0.330000,-0.504393,1
198,880000000,1.001128,0.939730,-0.860042,0.264998,-0.473223,0.263239,-0.475546,0.259898,-0.456501,0.259898,-0.456501,0.221048,-0.146156,0.220000,-0.144550,0.220000,-0.138373,0.220000,-0.138373,0,-2.695440,0.220000,0.212667,-0.137217,-0.151883,-0.455546,-0.495546,0.311127,0.330000,-0.484192,1
198,900000000,1.001775,0.934472,-0.869455,0.264842,-0.470645,0.259898,-0.456501,0.258264,-0.447626,0.258264,-0.447626,0.221088,-0.145812,0.220000,-0.138373,0.220000,-0.135279,0.220000,-0.135279,0,-2.635178,0.220000,0.212667,-0.131040,-0.145706,-0.436501,-0.476501,0.311127,0.330000,-0.474779,1
198,940000000,1.003125,0.924136,-0.887775,0.259829,-0.449900,0.258264,-0.447626,0.255164,-0.429061,0.255164,-0.429061,0.220796,-0.136967,0.220000,-0.135279,0.220000,-0.129263,0.220000,-0.129263,0,-2.517978,0.220000,0.212667,-0.127946,-0.142613,-0.427626,-0.467626,0.311127,0.330000,-0.455088,1
198,960000000,1.003791,0.919000,-0.896621,0.258968,-0.442332,0.255164,-0.429061,0.253684,-0.420720,0.253684,-0.420720,0.220869,-0.135207,0.220000,-0.129263,0.220000,-0.126316,0.220000,-0.126316,0,-2.460580,0.220000,0.212667,-0.121929,-0.136596,-0.409061,-0.449061,0.311127,0.330000,-0.446241,1
199,0,1.005057,0.908766,-0.913964,0.257397,-0.431476,0.253684,-0.420720,0.250804,-0.402924,0.250804,-0.402924,0.220876,-0.132163,0.220000,-0.126316,0.220000,-0.120426,0.220000,-0.120426,0,-2.345850,0.220000,0.212667,-0.118983,-0.133650,-0.400720,-0.440720,0.311127,0.330000,-0.427366,1
199,40000000,1.006400,0.898713,-0.930508,0.253435,-0.412294,0.250804,-0.402924,0.248156,-0.386054,0.248156,-0.386054,0.220659,-0.124656,0.220000,-0.120426,0.220000,-0.114809,0.220000,-0.114809,0,-2.236434,0.220000,0.212667,-0.113093,-0.127760,-0.382924,-0.422924,0.311127,0.330000,-0.409472,1
199,60000000,1.007096,0.893746,-0.938445,0.250794,-0.396861,0.248156,-0.386054,0.246918,-0.378571,0.246918,-0.378571,0.220489,-0.119510,0.220000,-0.114809,0.220000,-0.112110,0.220000,-0.112110,0,-2.183848,0.220000,0.212667,-0.107476,-0.122143,-0.366054,-0.406054,0.311127,0.330000,-0.401535,1
199,100000000,1.008464,0.883863,-0.953986,0.248076,-0.381778,0.246918,-0.378571,0.244537,-0.362672,0.244537,-0.362672,0.220375,-0.113914,0.220000,-0.112110,0.220000,-0.106763,0.220000,-0.106763,0,-2.079689,0.220000,0.212667,-0.104777,-0.119443,-0.358571,-0.398571,0.311127,0.330000,-0.384672,1
199,120000000,1.009176,0.878977,-0.961479,0.246911,-0.374670,0.244537,-0.362672,0.243424,-0.355607,0.243424,-0.355607,0.220348,-0.111409,0.220000,-0.106763,0.220000,-0.104189,0.220000,-0.104189,0,-2.029554,0.220000,0.212667,-0.099429,-0.114096,-0.342672,-0.382672,0.311127,0.330000,-0.377178,1
199,160000000,1.010601,0.869266,-0.976085,0.244525,-0.360210,0.243424,-0.355607,0.241305,-0.340212,0.241305,-0.340212,0.220249,-0.106221,0.220000,-0.104189,0.220000,-0.099136,0.220000,-0.099136,0,-1.931132,0.220000,0.212667,-0.096856,-0.111522,-0.335607,-0.375607,0.311127,0.330000,-0.360849,1
199,180000000,1.011293,0.864426,-0.983262,0.244499,-0.358879,0.241305,-0.340212,0.240282,-0.333445,0.240282,-0.333445,0.220292,-0.106070,0.220000,-0.099136,0.220000,-0.096620,0.220000,-0.096620,0,-1.882106,0.220000,0.212667,-0.091803,-0.106470,-0.320212,-0.360212,0.311127,0.330000,-0.353672,1
199,220000000,1.012802,0.854887,-0.996915,0.241261,-0.339875,0.240282,-0.333445,0.238422,-0.318828,0.238422,-0.318828,0.220102,-0.098803,0.220000,-0.096620,0.220000,-0.091897,0.220000,-0.091897,0,-1.790103,0.220000,0.212667,-0.089286,-0.103953,-0.313445,-0.353445,0.311127,0.330000,-0.338168,1
199,240000000,1.013548,0.850136,-1.003610,0.240437,-0.334725,0.238422,-0.318828,0.237531,-0.310999,0.237531,-0.310999,0.220089,-0.096803,0.220000,-0.091897,0.220000,-0.089561,0.220000,-0.089561,0,-1.744600,0.220000,0.212667,-0.084563,-0.099230,-0.298828,-0.338828,0.311127,0.330000,-0.329865,1
199,280000000,1.015046,0.840683,-1.016641,0.238337,-0.319071,0.237531,-0.310999,0.235843,-0.298713,0.235843,-0.298713,0.220056,-0.091543,0.220000,-0.089561,0.220000,-0.084982,0.220000,-0.084982,0,-1.655403,0.220000,0.212667,-0.082227,-0.096894,-0.290999,-0.330999,0.311127,0.330000,-0.316833,1
199,300000000,1.015826,0.835998,-1.022882,0.237471,-0.312033,0.235843,-0.298713,0.235066,-0.291273,0.235066,-0.291273,0.220024,-0.089343,0.220000,-0.084982,0.220000,-0.082801,0.220000,-0.082801,0,-1.612923,0.220000,0.212667,-0.077648,-0.092315,-0.278713,-0.318713,0.311127,0.330000,-0.308942,1
199,340000000,1.017399,0.826675,-1.035068,0.235781,-0.301039,0.235066,-0.291273,0.233595,-0.279784,0.233595,-0.279784,0.219958,-0.084917,0.220000,-0.082801,0.220000,-0.078528,0.220000,-0.078528,0,-1.529681,0.220000,0.212667,-0.075468,-0.090134,-0.271273,-0.311273,0.311127,0.330000,-0.296756,1
199,380000000,1.019042,0.817443,-1.046695,0.233580,-0.285290,0.233595,-0.279784,0.232265,-0.266923,0.232265,-0.266923,0.219885,-0.078805,0.220000,-0.078528,0.220000,-0.074478,0.220000,-0.074478,0,-1.450803,0.220000,0.212667,-0.071194,-0.085861,-0.259784,-0.299784,0.311127,0.330000,-0.283115,1
199,400000000,1.019869,0.812848,-1.052352,0.233453,-0.282880,0.232265,-0.266923,0.231639,-0.261589,0.231639,-0.261589,0.219858,-0.078505,0.220000,-0.074478,0.220000,-0.072504,0.220000,-0.072504,0,-1.412335,0.220000,0.212667,-0.067145,-0.081812,-0.246923,-0.286923,0.311127,0.330000,-0.277457,1
199,440000000,1.021568,0.803714,-1.063257,0.232142,-0.270943,0.231639,-0.261589,0.230478,-0.249205,0.230478,-0.249205,0.219847,-0.074547,0.220000,-0.072504,0.220000,-0.068704,0.220000,-0.068704,0,-1.338313,0.220000,0.212667,-0.065170,-0.079837,-0.241589,-0.281589,0.311127,0.330000,-0.264322,1
199,460000000,1.022453,0.799180,-1.068482,0.230946,-0.261259,0.230478,-0.249205,0.229949,-0.242328,0.229949,-0.242328,0.219803,-0.070870,0.220000,-0.068704,0.220000,-0.066906,0.220000,-0.066906,0,-1.303303,0.220000,0.212667,-0.061370,-0.076037,-0.229205,-0.269205,0.311127,0.330000,-0.257027,1
199,500000000,1.024224,0.790138,-1.078670,0.230277,-0.253236,0.229949,-0.242328,0.228946,-0.232723,0.228946,-0.232723,0.219846,-0.068523,0.220000,-0.066906,0.220000,-0.063375,0.220000,-0.063375,0,-1.234518,0.220000,0.212667,-0.059573,-0.074240,-0.222328,-0.262328,0.311127,0.330000,-0.246840,1
199,520000000,1.025103,0.785624,-1.083637,0.229931,-0.248349,0.228946,-0.232723,0.228472,-0.226089,0.228472,-0.226089,0.219859,-0.067305,0.220000,-0.063375,0.220000,-0.061638,0.220000,-0.061638,0,-1.200688,0.220000,0.212667,-0.056042,-0.070708,-0.212723,-0.252723,0.311127,0.330000,-0.239803,1
199,560000000,1.026853,0.776613,-1.093379,0.229025,-0.240025,0.228472,-0.226089,0.227568,-0.216903,0.227568,-0.216903,0.219859,-0.064144,0.220000,-0.061638,0.220000,-0.058201,0.220000,-0.058201,0,-1.133737,0.220000,0.212667,-0.054305,-0.068972,-0.206089,-0.246089,0.311127,0.330000,-0.230061,1
199,580000000,1.027730,0.772119,-1.098142,0.228932,-0.238111,0.227568,-0.216903,0.227143,-0.210355,0.227143,-0.210355,0.219885,-0.063722,0.220000,-0.058201,0.220000,-0.056514,0.220000,-0.056514,0,-1.100868,0.220000,0.212667,-0.050868,-0.065535,-0.196903,-0.236903,0.311127,0.330000,-0.223115,1
199,620000000,1.029579,0.763202,-1.107188,0.227540,-0.224410,0.227143,-0.210355,0.226381,-0.201827,0.226381,-0.201827,0.219824,-0.058752,0.220000,-0.056514,0.220000,-0.053372,0.220000,-0.053372,0,-1.039657,0.220000,0.212667,-0.049181,-0.063847,-0.190355,-0.230355,0.311127,0.330000,-0.214069,1
199,640000000,1.030505,0.758753,-1.111577,0.227218,-0.219454,0.226381,-0.201827,0.226025,-0.195159,0.226025,-0.195159,0.219809,-0.057547,0.220000,-0.053372,0.220000,-0.051838,0.220000,-0.051838,0,-1.009772,0.220000,0.212667,-0.046038,-0.060705,-0.181827,-0.221827,0.311127,0.330000,-0.206997,1
199,680000000,1.032364,0.749887,-1.120021,0.226301,-0.208969,0.226025,-0.195159,0.225364,-0.187197,0.225364,-0.187197,0.219537,-0.054915,0.220000,-0.051838,0.220000,-0.048875,0.220000,-0.048875,0,-0.952053,0.220000,0.212667,-0.044504,-0.059171,-0.175159,-0.215159,0.311127,0.330000,-0.198553,1
199,700000000,1.033324,0.745471,-1.124090,0.225972,-0.203471,0.225364,-0.187197,0.225061,-0.180686,0.225061,-0.180686,0.219787,-0.052507,0.220000,-0.048875,0.220000,-0.047460,0.220000,-0.047460,0,-0.924500,0.220000,0.212667,-0.041541,-0.056208,-0.167197,-0.207197,0.311127,0.330000,-0.191646,1
199,740000000,1.035255,0.736657,-1.132039,0.225324,-0.196019,0.225061,-0.180686,0.224494,-0.173192,0.224494,-0.173192,0.219799,-0.049593,0.220000,-0.047460,0.220000,-0.044694,0.220000,-0.044694,0,-0.870612,0.220000,0.212667,-0.040127,-0.054793,-0.160686,-0.200686,0.311127,0.330000,-0.183698,1
199,780000000,1.037219,0.727875,-1.139648,0.224616,-0.185572,0.224494,-0.173192,0.223982,-0.163552,0.223982,-0.163552,0.219782,-0.046351,0.220000,-0.044694,0.220000,-0.042046,0.220000,-0.042046,0,-0.819037,0.220000,0.212667,-0.037360,-0.052027,-0.153192,-0.193192,0.311127,0.330000,-0.173473,1
199,800000000,1.038221,0.723499,-1.143296,0.224451,-0.182413,0.223982,-0.163552,0.223749,-0.160112,0.223749,-0.160112,0.219797,-0.045469,0.220000,-0.042046,0.220000,-0.040790,0.220000,-0.040790,0,-0.794573,0.220000,0.212667,-0.034713,-0.049379,-0.143552,-0.183552,0.311127,0.330000,-0.169825,1
199,840000000,1.040259,0.714773,-1.150280,0.223937,-0.172967,0.223749,-0.160112,0.223324,-0.150922,0.223324,-0.150922,0.219796,-0.042864,0.220000,-0.040790,0.220000,-0.038387,0.220000,-0.038387,0,-0.747758,0.220000,0.212667,-0.033457,-0.048123,-0.140112,-0.180112,0.311127,0.330000,-0.160077,1
199,860000000,1.041283,0.710417,-1.153662,0.223734,-0.169131,0.223324,-0.150922,0.223127,-0.144970,0.223127,-0.144970,0.219803,-0.041756,0.220000,-0.038387,0.220000,-0.037224,0.220000,-0.037224,0,-0.725100,0.220000,0.212667,-0.031054,-0.045720,-0.130922,-0.170922,0.311127,0.330000,-0.153764,1
199,900000000,1.043378,0.701736,-1.160102,0.223277,-0.160491,0.223127,-0.144970,0.222770,-0.138898,0.222770,-0.138898,0.219803,-0.039235,0.220000,-0.037224,0.220000,-0.035024,0.220000,-0.035024,0,-0.682254,0.220000,0.212667,-0.029890,-0.044557,-0.124970,-0.164970,0.311127,0.330000,-0.147324,1
199,920000000,1.044426,0.697398,-1.163204,0.223100,-0.155087,0.222770,-0.138898,0.222606,-0.133038,0.222606,-0.133038,0.219809,-0.038179,0.220000,-0.035024,0.220000,-0.033959,0.220000,-0.033959,0,-0.661504,0.220000,0.212667,-0.027691,-0.042357,-0.118898,-0.158898,0.311127,0.330000,-0.141108,1
199,960000000,1.046533,0.688736,-1.169186,0.222655,-0.145480,0.222606,-0.133038,0.222299,-0.127399,0.222299,-0.127399,0.219802,-0.035528,0.220000,-0.033959,0.220000,-0.031889,0.220000,-0.031889,0,-0.621191,0.220000,0.212667,-0.026626,-0.041292,-0.113038,-0.153038,0.311127,0.330000,-0.135127,1
199,980000000,1.047614,0.684428,-1.171969,0.222098,-0.139167,0.222299,-0.127399,0.222166,-0.121348,0.222166,-0.121348,0.219457,-0.034149,0.220000,-0.031889,0.220000,-0.030944,0.220000,-0.030944,0,-0.602783,0.220000,0.212667,-0.024556,-0.039223,-0.107399,-0.147399,0.311127,0.330000,-0.128709,1
200,20000000,1.049791,0.675822,-1.177384,0.222060,-0.135623,0.222166,-0.121348,0.221916,-0.116242,0.221916,-0.116242,0.219670,-0.032496,0.220000,-0.030944,0.220000,-0.029099,0.220000,-0.029099,0,-0.566826,0.220000,0.212667,-0.023611,-0.038278,-0.101348,-0.141348,0.311127,0.330000,-0.123293,1
200,60000000,1.051980,0.667215,-1.182634,0.221860,-0.126685,0.221916,-0.116242,0.221686,-0.107666,0.221686,-0.107666,0.219811,-0.030086,0.220000,-0.029099,0.220000,-0.027290,0.220000,-0.027290,0,-0.531587,0.220000,0.212667,-0.021765,-0.036432,-0.096242,-0.136242,0.311127,0.330000,-0.114197,1
200,80000000,1.053083,0.662917,-1.185151,0.221869,-0.125810,0.221686,-0.107666,0.221581,-0.105294,0.221581,-0.105294,0.219834,-0.029986,0.220000,-0.027290,0.220000,-0.026422,0.220000,-0.026422,0,-0.514694,0.220000,0.212667,-0.019956,-0.034623,-0.087666,-0.127666,0.311127,0.330000,-0.111681,1
200,100000000,1.054204,0.658628,-1.187525,0.221655,-0.118721,0.221581,-0.105294,0.221486,-0.099520,0.221486,-0.099520,0.219826,-0.028422,0.220000,-0.026422,0.220000,-0.025611,0.220000,-0.025611,0,-0.498895,0.220000,0.212667,-0.019089,-0.033756,-0.085294,-0.125294,0.311127,0.330000,-0.105556,1
200,140000000,1.056450,0.650055,-1.192090,0.221475,-0.111062,0.221486,-0.099520,0.221309,-0.095216,0.221309,-0.095216,0.219837,-0.026886,0.220000,-0.025611,0.220000,-0.024033,0.220000,-0.024033,0,-0.468146,0.220000,0.212667,-0.018278,-0.032945,-0.079520,-0.119520,0.311127,0.330000,-0.100992,1
200,160000000,1.057578,0.645772,-1.194268,0.221440,-0.108942,0.221309,-0.095216,0.221228,-0.089391,0.221228,-0.089391,0.219850,-0.026493,0.220000,-0.024033,0.220000,-0.023273,0.220000,-0.023273,0,-0.453341,0.220000,0.212667,-0.016699,-0.031366,-0.075216,-0.115216,0.311127,0.330000,-0.094814,1
200,200000000,1.059848,0.637215,-1.198499,0.221264,-0.104521,0.221228,-0.089391,0.221077,-0.085403,0.221077,-0.085403,0.219857,-0.024916,0.220000,-0.023273,0.220000,-0.021791,0.220000,-0.021791,0,-0.424473,0.220000,0.212667,-0.015939,-0.030606,-0.069391,-0.109391,0.311127,0.330000,-0.090583,1
200,220000000,1.060992,0.632942,-1.200528,0.221194,-0.101445,0.221077,-0.085403,0.221007,-0.079462,0.221007,-0.079462,0.219863,-0.024225,0.220000,-0.021791,0.220000,-0.021075,0.220000,-0.021075,0,-0.410530,0.220000,0.212667,-0.014457,-0.029124,-0.065403,-0.105403,0.311127,0.330000,-0.084283,1
200,260000000,1.063313,0.624411,-1.204302,0.221019,-0.093460,0.221007,-0.079462,0.220885,-0.075904,0.220885,-0.075904,0.219867,-0.022536,0.220000,-0.021075,0.220000,-0.019753,0.220000,-0.019753,0,-0.384769,0.220000,0.212667,-0.013742,-0.028408,-0.059462,-0.099462,0.311127,0.330000,-0.080509,1
200,280000000,1.064476,0.620149,-1.206064,0.220910,-0.088097,0.220885,-0.075904,0.220829,-0.069935,0.220829,-0.069935,0.219826,-0.021859,0.220000,-0.019753,0.220000,-0.019121,0.220000,-0.019121,0,-0.372466,0.220000,0.212667,-0.012419,-0.027086,-0.055904,-0.095904,0.311127,0.330000,-0.074177,1
200,320000000,1.066823,0.611656,-1.209330,0.220229,-0.080645,0.220829,-0.069935,0.220731,-0.066856,0.220731,-0.066856,0.219300,-0.020206,0.220000,-0.019121,0.220000,-0.017952,0.220000,-0.017952,0,-0.349702,0.220000,0.212667,-0.011788,-0.026454,-0.049935,-0.089935,0.311127,0.330000,-0.070911,1
200,340000000,1.068000,0.607408,-1.210944,0.220414,-0.080738,0.220731,-0.066856,0.220684,-0.060718,0.220684,-0.060718,0.219516,-0.019882,0.220000,-0.017952,0.220000,-0.017362,0.220000,-0.017362,0,-0.338200,0.220000,0.212667,-0.010619,-0.025286,-0.046856,-0.086856,0.311127,0.330000,-0.064401,1
200,380000000,1.070371,0.598906,-1.214004,0.220692,-0.075513,0.220684,-0.060718,0.220598,-0.057833,0.220598,-0.057833,0.219890,-0.018796,0.220000,-0.017362,0.220000,-0.016238,0.220000,-0.016238,0,-0.316304,0.220000,0.212667,-0.010029,-0.024695,-0.040718,-0.080718,0.311127,0.330000,-0.061341,1
200,420000000,1.072746,0.590405,-1.216810,0.220651,-0.068722,0.220598,-0.057833,0.220522,-0.050234,0.220522,-0.050234,0.219903,-0.018151,0.220000,-0.016238,0.220000,-0.015157,0.220000,-0.015157,0,-0.295254,0.220000,0.212667,-0.008904,-0.023571,-0.037833,-0.077833,0.311127,0.330000,-0.053281,1
200,440000000,1.073935,0.586156,-1.218140,0.220618,-0.066475,0.220522,-0.050234,0.220487,-0.048981,0.220487,-0.048981,0.219908,-0.017690,0.220000,-0.015157,0.220000,-0.014640,0.220000,-0.014640,0,-0.285181,0.220000,0.212667,-0.007824,-0.022490,-0.030234,-0.070234,0.311127,0.330000,-0.051952,1
200,480000000,1.076362,0.577677,-1.220494,0.220486,-0.058586,0.220487,-0.048981,0.220427,-0.041437,0.220427,-0.041437,0.219905,-0.015992,0.220000,-0.014640,0.220000,-0.013706,0.220000,-0.013706,0,-0.266982,0.220000,0.212667,-0.007307,-0.021973,-0.028981,-0.068981,0.311127,0.330000,-0.043950,1
200,500000000,1.077576,0.573438,-1.221643,0.220459,-0.057434,0.220427,-0.041437,0.220398,-0.040354,0.220398,-0.040354,0.219909,-0.015558,0.220000,-0.013706,0.220000,-0.013247,0.220000,-0.013247,0,-0.258055,0.220000,0.212667,-0.006372,-0.021039,-0.021437,-0.061437,0.311127,0.330000,-0.042802,1
200,540000000,1.080006,0.564962,-1.223844,0.220419,-0.053306,0.220398,-0.040354,0.220344,-0.032546,0.220344,-0.032546,0.219918,-0.014862,0.220000,-0.013247,0.220000,-0.012315,0.220000,-0.012315,0,-0.239897,0.220000,0.212667,-0.005914,-0.020581,-0.020354,-0.060354,0.311127,0.330000,-0.034520,1
200,560000000,1.081235,0.560730,-1.224812,0.220365,-0.048405,0.220344,-0.032546,0.220322,-0.025452,0.220322,-0.025452,0.219916,-0.014055,0.220000,-0.012315,0.220000,-0.011903,0.220000,-0.011903,0,-0.231872,0.220000,0.212667,-0.004982,-0.019649,-0.012546,-0.052546,0.311127,0.330000,-0.026995,1
200,600000000,1.083705,0.552270,-1.226539,0.220312,-0.040506,0.220322,-0.025452,0.220280,-0.023823,0.220280,-0.023823,0.219920,-0.013125,0.220000,-0.011903,0.220000,-0.011104,0.220000,-0.011104,0,-0.216307,0.220000,0.212667,-0.004570,-0.019237,-0.005452,-0.045452,0.311127,0.330000,-0.025268,1
200,620000000,1.084946,0.548042,-1.227310,0.220300,-0.038544,0.220280,-0.023823,0.220262,-0.016418,0.220262,-0.016418,0.219925,-0.012857,0.220000,-0.011104,0.220000,-0.010737,0.220000,-0.010737,0,-0.209159,0.220000,0.212667,-0.003771,-0.018438,-0.003823,-0.043823,0.311127,0.330000,-0.017414,1
200,660000000,1.087454,0.539597,-1.228583,0.220249,-0.031599,0.220262,-0.016418,0.220230,-0.015218,0.220230,-0.015218,0.219927,-0.011903,0.220000,-0.010737,0.220000,-0.010062,0.220000,-0.010062,0,-0.195998,0.220000,0.212667,-0.003404,-0.018071,0.003582,-0.036418,0.311127,0.330000,-0.016141,1
200,700000000,1.089966,0.531153,-1.229569,0.220234,-0.023768,0.220230,-0.015218,0.220203,-0.007060,0.220203,-0.007060,0.219934,-0.011489,0.220000,-0.010062,0.220000,-0.009445,0.220000,-0.009445,0,-0.183985,0.220000,0.212667,-0.002728,-0.017395,0.004782,-0.035218,0.311127,0.330000,-0.007488,1
200,720000000,1.091230,0.526934,-1.229972,0.220209,-0.020136,0.220203,-0.007060,0.220191,-0.006680,0.220191,-0.006680,0.219934,-0.010995,0.220000,-0.009445,0.220000,-0.009159,0.220000,-0.009159,0,-0.178415,0.220000,0.212667,-0.002112,-0.016778,0.012940,-0.027060,0.311127,0.330000,-0.007085,1
200,760000000,1.093783,0.518506,-1.230560,0.220169,-0.014520,0.220191,-0.006680,0.220170,0.001712,0.220170,0.001712,0.219936,-0.010144,0.220000,-0.009159,0.220000,-0.008641,0.220000,-0.008641,0,-0.168321,0.220000,0.212667,-0.001826,-0.016492,0.013320,-0.026680,0.311127,0.330000,0.001815,1
200,780000000,1.095063,0.514293,-1.230842,0.220162,-0.014102,0.220170,0.001712,0.220159,0.001978,0.220159,0.001978,0.219938,-0.009935,0.220000,-0.008641,0.220000,-0.008376,0.220000,-0.008376,0,-0.163154,0.220000,0.212667,-0.001308,-0.015974,0.021712,-0.018288,0.311127,0.330000,0.002097,1
200,820000000,1.097634,0.505870,-1.231245,0.220134,-0.006339,0.220159,0.001978,0.220140,0.010871,0.220140,0.010871,0.219940,-0.009233,0.220000,-0.008376,0.220000,-0.007861,0.220000,-0.007861,0,-0.153119,0.220000,0.212667,-0.001042,-0.015709,0.021978,-0.018022,0.311127,0.330000,0.011530,1
200,840000000,1.098927,0.501662,-1.231350,0.220132,-0.005250,0.220140,0.010871,0.220132,0.010970,0.220132,0.010970,0.219943,-0.009139,0.220000,-0.007861,0.220000,-0.007627,0.220000,-0.007627,0,-0.148569,0.220000,0.212667,-0.000527,-0.015194,0.030871,-0.009129,0.311127,0.330000,0.011635,1
200,880000000,1.101529,0.493250,-1.231241,0.220114,0.003689,0.220132,0.010970,0.220119,0.020134,0.220119,0.020134,0.219945,-0.008621,0.220000,-0.007627,0.220000,-0.007224,0.220000,-0.007224,0,-0.140721,0.220000,0.212667,-0.000294,-0.014960,0.030970,-0.009030,0.311127,0.330000,0.021355,1
200,900000000,1.102840,0.489048,-1.231040,0.220097,0.010007,0.220119,0.020134,0.220113,0.019945,0.220113,0.019945,0.219944,-0.008204,0.220000,-0.007224,0.220000,-0.007065,0.220000,-0.007065,0,-0.137615,0.220000,0.212667,0.000109,-0.014557,0.040134,0.000134,0.311127,0.330000,0.021155,1
200,920000000,1.104155,0.484848,-1.230784,0.220091,0.012826,0.220113,0.019945,0.220109,0.029838,0.220109,0.029838,0.219945,-0.008009,0.220000,-0.007065,0.220000,-0.006910,0.220000,-0.006910,0,-0.134609,0.220000,0.212667,0.000269,-0.014398,0.039945,-0.000055,0.311127,0.330000,0.031648,1
200,960000000,1.106795,0.476449,-1.230269,0.220088,0.012906,0.220109,0.029838,0.220098,0.029352,0.220098,0.029352,0.219949,-0.007823,0.220000,-0.006910,0.220000,-0.006560,0.220000,-0.006560,0,-0.127785,0.220000,0.212667,0.000423,-0.014244,0.049838,0.009838,0.311127,0.330000,0.031133,1
200,980000000,1.108120,0.472251,-1.229971,0.220085,0.014890,0.220098,0.029352,0.220092,0.041105,0.220092,0.041105,0.219950,-0.007711,0.220000,-0.006560,0.220000,-0.006380,0.220000,-0.006380,0,-0.124279,0.220000,0.212667,0.000773,-0.013893,0.049352,0.009352,0.311127,0.330000,0.043598,1
201,20000000,1.110788,0.463863,-1.229056,0.220072,0.023549,0.220092,0.041105,0.220084,0.040242,0.220084,0.040242,0.219951,-0.007303,0.220000,-0.006380,0.220000,-0.006090,0.220000,-0.006090,0,-0.118625,0.220000,0.212667,0.000953,-0.013713,0.061105,0.021105,0.311127,0.330000,0.042683,1
201,60000000,1.113474,0.455480,-1.227689,0.220068,0.034225,0.220084,0.040242,0.220078,0.052269,0.220078,0.052269,0.219952,-0.007137,0.220000,-0.006090,0.220000,-0.005865,0.220000,-0.005865,0,-0.114243,0.220000,0.212667,0.001244,-0.013423,0.060242,0.020242,0.311127,0.330000,0.055439,1
201,80000000,1.114824,0.451291,-1.227018,0.220062,0.033545,0.220078,0.052269,0.220075,0.051636,0.220075,0.051636,0.219952,-0.006944,0.220000,-0.005865,0.220000,-0.005743,0.220000,-0.005743,0,-0.111864,0.220000,0.212667,0.001469,-0.013198,0.072269,0.032269,0.311127,0.330000,0.054768,1
201,120000000,1.117540,0.442918,-1.225617,0.220057,0.036754,0.220075,0.051636,0.220067,0.064156,0.220067,0.064156,0.219953,-0.006748,0.220000,-0.005743,0.220000,-0.005437,0.220000,-0.005437,0,-0.105917,0.220000,0.212667,0.001591,-0.013076,0.071636,0.031636,0.311127,0.330000,0.068048,1
201,140000000,1.118907,0.438735,-1.224725,0.220049,0.044595,0.220067,0.064156,0.220065,0.063315,0.220065,0.063315,0.219953,-0.006528,0.220000,-0.005437,0.220000,-0.005343,0.220000,-0.005343,0,-0.104074,0.220000,0.212667,0.001896,-0.012771,0.084156,0.044156,0.311127,0.330000,0.067156,1
201,180000000,1.121661,0.430375,-1.222644,0.220040,0.056951,0.220065,0.063315,0.220060,0.077669,0.220060,0.077669,0.219952,-0.006250,0.220000,-0.005343,0.220000,-0.005157,0.220000,-0.005157,0,-0.100449,0.220000,0.212667,0.001991,-0.012676,0.083315,0.043315,0.311127,0.330000,0.082380,1
201,200000000,1.123047,0.426198,-1.221504,0.220041,0.056980,0.220060,0.077669,0.220059,0.076594,0.220059,0.076594,0.219952,-0.006248,0.220000,-0.005157,0.220000,-0.005093,0.220000,-0.005093,0,-0.099211,0.220000,0.212667,0.002177,-0.012490,0.097669,0.057669,0.311127,0.330000,0.081240,1
201,240000000,1.125847,0.417857,-1.218722,0.219913,0.071251,0.220059,0.076594,0.220057,0.093158,0.220057,0.093158,0.219836,-0.005805,0.220000,-0.005093,0.220000,-0.005011,0.220000,-0.005011,0,-0.097617,0.220000,0.212667,0.002240,-0.012426,0.096594,0.056594,0.311127,0.330000,0.098809,1
201,260000000,1.127256,0.413689,-1.217328,0.220000,0.069684,0.220057,0.093158,0.220056,0.091844,0.220056,0.091844,0.219921,-0.005915,0.220000,-0.005011,0.220000,-0.004970,0.220000,-0.004970,0,-0.096807,0.220000,0.212667,0.002322,-0.012345,0.113158,0.073158,0.311127,0.330000,0.097415,1
201,300000000,1.130091,0.405357,-1.214474,0.220029,0.073608,0.220056,0.091844,0.220051,0.110543,0.220051,0.110543,0.219949,-0.005922,0.220000,-0.004970,0.220000,-0.004759,0.220000,-0.004759,0,-0.092695,0.220000,0.212667,0.002364,-0.012303,0.111844,0.071844,0.311127,0.330000,0.117248,1
201,340000000,1.132955,0.397035,-1.211109,0.220025,0.084093,0.220051,0.110543,0.220049,0.130543,0.220049,0.130543,0.219947,-0.005865,0.220000,-0.004759,0.220000,-0.004629,0.220000,-0.004629,0,-0.090163,0.220000,0.212667,0.002575,-0.012092,0.130543,0.090543,0.311127,0.330000,0.140877,1
201,360000000,1.134401,0.392879,-1.209096,0.220019,0.100668,0.220049,0.130543,0.220049,0.130922,0.220049,0.130922,0.219945,-0.005717,0.220000,-0.004629,0.220000,-0.004626,0.220000,-0.004626,0,-0.090112,0.220000,0.212667,0.002705,-0.011962,0.150543,0.110543,0.311127,0.330000,0.138864,1
201,380000000,1.135855,0.388726,-1.207048,0.220017,0.102393,0.220049,0.130922,0.220049,0.150922,0.220049,0.150922,0.219943,-0.005710,0.220000,-0.004626,0.220000,-0.004642,0.220000,-0.004642,0,-0.090425,0.220000,0.212667,0.002707,-0.011959,0.150922,0.110922,0.311127,0.330000,0.169440,1
201,420000000,1.138795,0.380431,-1.202232,0.220011,0.122330,0.220049,0.150922,0.220050,0.155209,0.220050,0.155209,0.219938,-0.005645,0.220000,-0.004642,0.220000,-0.004676,0.220000,-0.004676,0,-0.091083,0.220000,0.212667,0.002691,-0.011975,0.170922,0.130922,0.311127,0.330000,0.164624,1
201,460000000,1.141775,0.372150,-1.196671,0.220007,0.141897,0.220050,0.155209,0.220053,0.175209,0.220053,0.175209,0.219933,-0.005722,0.220000,-0.004676,0.220000,-0.004817,0.220000,-0.004817,0,-0.093825,0.220000,0.212667,0.002658,-0.012009,0.175209,0.135209,0.311127,0.330000,0.197643,1
201,480000000,1.143281,0.368016,-1.193692,0.220006,0.148987,0.220053,0.175209,0.220055,0.183530,0.220055,0.183530,0.219930,-0.005804,0.220000,-0.004817,0.220000,-0.004898,0.220000,-0.004898,0,-0.095417,0.220000,0.212667,0.002517,-0.012150,0.195209,0.155209,0.311127,0.330000,0.194663,1
201,520000000,1.146327,0.359760,-1.187067,0.220004,0.165464,0.220055,0.183530,0.220059,0.203530,0.220059,0.203530,0.219922,-0.005994,0.220000,-0.004898,0.220000,-0.005081,0.220000,-0.005081,0,-0.098985,0.220000,0.212667,0.002435,-0.012232,0.203530,0.163530,0.311127,0.330000,0.235940,1
201,540000000,1.147868,0.355638,-1.183613,0.220003,0.172699,0.220059,0.203530,0.220061,0.219190,0.220061,0.219190,0.219918,-0.006104,0.220000,-0.005081,0.220000,-0.005166,0.220000,-0.005166,0,-0.100629,0.220000,0.212667,0.002252,-0.012415,0.223530,0.183530,0.311127,0.330000,0.232486,1
201,580000000,1.150989,0.347410,-1.176287,0.220001,0.193060,0.220061,0.219190,0.220061,0.239190,0.220061,0.239190,0.219908,-0.006387,0.220000,-0.005166,0.220000,-0.005182,0.220000,-0.005182,0,-0.100941,0.220000,0.212667,0.002167,-0.012499,0.239190,0.199190,0.311127,0.330000,0.286927,1
201,600000000,1.152568,0.343303,-1.172334,0.220000,0.197683,0.220061,0.239190,0.220062,0.259190,0.220062,0.259190,0.219904,-0.006492,0.220000,-0.005182,0.220000,-0.005226,0.220000,-0.005226,0,-0.101800,0.220000,0.212667,0.002151,-0.012515,0.259190,0.219190,0.311127,0.330000,0.282973,1
201,640000000,1.155774,0.335109,-1.163752,0.219990,0.221824,0.220062,0.259190,0.220059,0.279190,0.220059,0.279190,0.219891,-0.006615,0.220000,-0.005226,0.220000,-0.005093,0.220000,-0.005093,0,-0.099209,0.220000,0.212667,0.002107,-0.012559,0.279190,0.239190,0.311127,0.330000,0.354820,1
201,680000000,1.159051,0.326942,-1.154409,0.219975,0.245779,0.220059,0.279190,0.220052,0.299190,0.220052,0.299190,0.219875,-0.006651,0.220000,-0.005093,0.220000,-0.004804,0.220000,-0.004804,0,-0.093588,0.220000,0.212667,0.002240,-0.012426,0.299190,0.259190,0.311127,0.330000,0.453277,1
201,700000000,1.160718,0.322871,-1.149504,0.219968,0.245255,0.220052,0.299190,0.220046,0.319190,0.220046,0.319190,0.219866,-0.006712,0.220000,-0.004804,0.220000,-0.004496,0.220000,-0.004496,0,-0.087585,0.220000,0.212667,0.002529,-0.012138,0.319190,0.279190,0.311127,0.330000,0.448372,1
201,740000000,1.164120,0.314757,-1.138787,0.219942,0.268876,0.220046,0.319190,0.220029,0.339190,0.220029,0.339190,0.219843,-0.006583,0.220000,-0.004496,0.220000,-0.003577,0.220000,-0.003577,0,-0.069682,0.220000,0.212667,0.002837,-0.011830,0.339190,0.299190,0.311127,0.330000,0.586592,1
201,760000000,1.165862,0.310719,-1.133182,0.219912,0.280261,0.220029,0.339190,0.220020,0.359190,0.220020,0.359190,0.219827,-0.006102,0.220000,-0.003577,0.220000,-0.002944,0.220000,-0.002944,0,-0.057355,0.220000,0.212667,0.003756,-0.010911,0.359190,0.319190,0.311127,0.330000,0.580986,1
201,800000000,1.169433,0.302682,-1.121479,0.219870,0.293495,0.220020,0.359190,0.220000,0.379190,0.220000,0.379190,0.219798,-0.005616,0.220000,-0.002944,0.220000,-0.000426,0.220000,-0.000426,0,-0.008304,0.220000,0.212667,0.004389,-0.010278,0.379190,0.339190,0.311127,0.330000,0.773991,1
201,820000000,1.171263,0.298684,-1.115181,0.219841,0.314902,0.220000,0.379190,0.220003,0.399190,0.220003,0.399190,0.219780,-0.005187,0.220000,-0.000426,0.220000,0.001196,0.220000,0.001196,0,0.023297,0.220000,0.212667,0.006907,-0.007760,0.399190,0.359190,0.311127,0.330000,1.024468,1
201,860000000,1.175022,0.290736,-1.102303,0.219767,0.329612,0.220003,0.399190,0.220157,0.419190,0.220157,0.419190,0.219735,-0.003723,0.220000,0.001196,0.220000,0.008300,0.220000,0.008300,0,0.161678,0.220000,0.212667,0.008529,-0.006137,0.419190,0.379190,0.311127,0.330000,1.283858,1
201,900000000,1.179014,0.282911,-1.088674,0.219563,0.345567,0.220157,0.419190,0.213240,0.439190,0.213240,0.439190,0.219559,0.001391,0.220000,0.008300,0.212667,0.015633,0.212667,0.015633,0,5.633871,0.220000,0.212667,0.015633,0.000967,0.439190,0.399190,0.311127,0.330000,2.379118,1
201,920000000,1.181148,0.279071,-1.081633,0.219645,0.352034,0.213240,0.439190,0.206614,0.459190,0.206614,0.459190,0.219595,0.004676,0.212667,0.015633,0.205333,0.022967,0.205333,0.022967,0,5.671636,0.220000,0.205333,0.022967,0.008300,0.459190,0.419190,0.311127,0.330000,2.372077,1
201,960000000,1.185553,0.271662,-1.067099,0.212477,0.370652,0.206614,0.459190,0.200305,0.479190,0.200305,0.479190,0.212175,0.011323,0.205333,0.022967,0.198000,0.030300,0.198000,0.030300,0,5.735043,0.212667,0.198000,0.030300,0.015633,0.479190,0.439190,0.311127,0.330000,2.361457,1
201,980000000,1.187820,0.268075,-1.059683,0.212130,0.370819,0.200305,0.479190,0.194345,0.499190,0.194345,0.499190,0.211799,0.011844,0.198000,0.030300,0.190667,0.037633,0.190667,0.037633,0,5.761980,0.205333,0.190667,0.037633,0.022967,0.499190,0.459190,0.311127,0.330000,2.354041,1
202,20000000,1.192603,0.261687,-1.044193,0.198910,0.383968,0.194345,0.499190,0.188767,0.519190,0.188767,0.519190,0.197363,0.024760,0.190667,0.037633,0.183333,0.044967,0.183333,0.044967,0,5.807382,0.198000,0.183333,0.044967,0.030300,0.519190,0.479190,0.311127,0.330000,2.342331,1
202,40000000,1.195057,0.258663,-1.036234,0.194764,0.397958,0.188767,0.519190,0.183606,0.539190,0.183606,0.539190,0.192552,0.029272,0.183333,0.044967,0.176000,0.052300,0.176000,0.052300,0,5.826809,0.190667,0.176000,0.052300,0.037633,0.539190,0.499190,0.311127,0.330000,2.334372,1
202,80000000,1.200115,0.252986,-1.019727,0.187700,0.421792,0.183606,0.539190,0.178898,0.559190,0.178898,0.559190,0.183741,0.038344,0.176000,0.052300,0.168667,0.059633,0.168667,0.059633,0,5.860065,0.183333,0.168667,0.059633,0.044967,0.559190,0.519190,0.311127,0.330000,2.317865,1
202,100000000,1.202728,0.250484,-1.011377,0.180895,0.417496,0.178898,0.559190,0.174680,0.579190,0.174680,0.579190,0.175211,0.044988,0.168667,0.059633,0.161333,0.066967,0.161333,0.066967,0,5.874408,0.176000,0.161333,0.066967,0.052300,0.579190,0.539190,0.311127,0.330000,2.313289,1
202,140000000,1.208060,0.245771,-0.994373,0.175679,0.429040,0.174680,0.579190,0.170987,0.599190,0.170987,0.599190,0.167869,0.051801,0.161333,0.066967,0.154000,0.074300,0.154000,0.074300,0,5.899446,0.168667,0.154000,0.074300,0.059633,0.599190,0.559190,0.311127,0.330000,2.296285,1
202,180000000,1.213555,0.241569,-0.977102,0.170385,0.433930,0.170987,0.599190,0.167854,0.600000,0.167854,0.600000,0.159060,0.061082,0.154000,0.074300,0.146667,0.081633,0.146667,0.081633,0,5.920462,0.161333,0.146667,0.081633,0.066967,0.600000,0.579190,0.311127,0.330000,2.282473,1
202,200000000,1.216361,0.239774,-0.968723,0.166574,0.418936,0.167854,0.600000,0.165314,0.600000,0.165314,0.600000,0.153201,0.065392,0.146667,0.081633,0.139333,0.088967,0.139333,0.088967,0,5.929991,0.154000,0.139333,0.088967,0.074300,0.600000,0.580000,0.311127,0.330000,2.274095,1
202,220000000,1.219202,0.238130,-0.960394,0.164150,0.416447,0.165314,0.600000,0.163394,0.600000,0.163394,0.600000,0.148549,0.069846,0.139333,0.088967,0.132000,0.096300,0.132000,0.096300,0,5.938829,0.146667,0.132000,0.096300,0.081633,0.600000,0.580000,0.311127,0.330000,2.265766,1
202,260000000,1.224960,0.235115,-0.943779,0.162155,0.416263,0.163394,0.600000,0.162116,0.600000,0.162116,0.600000,0.143908,0.074731,0.132000,0.096300,0.124667,0.103633,0.124667,0.103633,0,5.954684,0.139333,0.124667,0.103633,0.088967,0.600000,0.580000,0.311127,0.330000,2.252201,1
202,300000000,1.230846,0.232948,-0.927551,0.156658,0.404092,0.162116,0.600000,0.161495,0.600000,0.161495,0.600000,0.130348,0.086896,0.124667,0.103633,0.117333,0.110967,0.117333,0.110967,0,5.968372,0.132000,0.117333,0.110967,0.096300,0.600000,0.580000,0.311127,0.330000,2.235974,1
202,320000000,1.233821,0.232085,-0.919561,0.154891,0.399485,0.161495,0.600000,0.161539,0.600000,0.161539,0.600000,0.124147,0.092623,0.117333,0.110967,0.110000,0.118300,0.110000,0.118300,0,5.974523,0.124667,0.110000,0.118300,0.103633,0.600000,0.580000,0.311127,0.330000,2.227984,1
202,360000000,1.239823,0.230689,-0.903668,0.153398,0.394073,0.161539,0.600000,0.162247,0.600000,0.162247,0.600000,0.114854,0.101683,0.110000,0.118300,0.102667,0.125633,0.102667,0.125633,0,5.985608,0.117333,0.102667,0.125633,0.110967,0.600000,0.580000,0.311127,0.330000,2.214964,1
202,380000000,1.242852,0.230291,-0.895874,0.152763,0.389689,0.162247,0.600000,0.163611,0.600000,0.163611,0.600000,0.109786,0.106223,0.102667,0.125633,0.095333,0.132967,0.095333,0.132967,0,5.990559,0.110000,0.095333,0.132967,0.118300,0.600000,0.580000,0.311127,0.330000,2.207170,1
202,420000000,1.248944,0.229831,-0.880405,0.152783,0.385313,0.163611,0.600000,0.165614,0.600000,0.165614,0.600000,0.102752,0.113069,0.095333,0.132967,0.088000,0.140300,0.088000,0.140300,0,5.999460,0.102667,0.088000,0.140300,0.125633,0.600000,0.580000,0.311127,0.330000,2.194412,1
202,460000000,1.255079,0.230047,-0.865280,0.154350,0.373906,0.165614,0.600000,0.168234,0.600000,0.168234,0.600000,0.088451,0.126492,0.088000,0.140300,0.080667,0.147633,0.080667,0.147633,0,6.007158,0.095333,0.080667,0.147633,0.132967,0.600000,0.580000,0.311127,0.330000,2.179286,1
202,480000000,1.258155,0.230353,-0.857776,0.154584,0.375178,0.168234,0.600000,0.171442,0.600000,0.171442,0.600000,0.088631,0.126652,0.080667,0.147633,0.073333,0.154967,0.073333,0.154967,0,6.010577,0.088000,0.073333,0.154967,0.140300,0.600000,0.580000,0.311127,0.330000,2.174475,1
202,520000000,1.264320,0.231395,-0.842963,0.156555,0.370640,0.171442,0.600000,0.175206,0.600000,0.175206,0.600000,0.081764,0.133507,0.073333,0.154967,0.066000,0.162300,0.066000,0.162300,0,6.016715,0.080667,0.066000,0.162300,0.147633,0.600000,0.580000,0.311127,0.330000,2.159662,1
202,540000000,1.267404,0.232106,-0.835672,0.158256,0.364559,0.175206,0.600000,0.179492,0.600000,0.179492,0.600000,0.076600,0.138482,0.066000,0.162300,0.058667,0.169633,0.058667,0.169633,0,6.019466,0.073333,0.058667,0.169633,0.154967,0.600000,0.580000,0.311127,0.330000,2.152371,1
202,580000000,1.273569,0.234097,-0.821318,0.162194,0.359189,0.179492,0.600000,0.184261,0.600000,0.184261,0.600000,0.067490,0.147486,0.058667,0.169633,0.051333,0.176967,0.051333,0.176967,0,6.024328,0.066000,0.051333,0.176967,0.162300,0.600000,0.580000,0.311127,0.330000,2.140804,1
202,600000000,1.276646,0.235313,-0.814243,0.165429,0.353722,0.184261,0.600000,0.189479,0.600000,0.189479,0.600000,0.060927,0.153801,0.051333,0.176967,0.044000,0.184300,0.044000,0.184300,0,6.026476,0.058667,0.044000,0.184300,0.169633,0.600000,0.580000,0.311127,0.330000,2.133730,1
202,640000000,1.282788,0.237992,-0.800163,0.169468,0.348844,0.189479,0.600000,0.195110,0.600000,0.195110,0.600000,0.054573,0.160440,0.044000,0.184300,0.036667,0.191633,0.036667,0.191633,0,6.030338,0.051333,0.036667,0.191633,0.176967,0.600000,0.580000,0.311127,0.330000,2.122161,1
202,680000000,1.288901,0.241137,-0.786311,0.173943,0.342211,0.195110,0.600000,0.201117,0.600000,0.201117,0.600000,0.047965,0.167199,0.036667,0.191633,0.029333,0.198967,0.029333,0.198967,0,6.033637,0.044000,0.029333,0.198967,0.184300,0.600000,0.580000,0.311127,0.330000,2.110453,1
202,700000000,1.291940,0.243033,-0.779563,0.179096,0.337412,0.201117,0.600000,0.208263,0.600000,0.208263,0.600000,0.040890,0.174365,0.029333,0.198967,0.028530,0.206300,0.028530,0.206300,0,6.035072,0.036667,0.022000,0.206300,0.191633,0.600000,0.580000,0.311127,0.330000,2.103705,1
202,740000000,1.297989,0.247110,-0.766164,0.184633,0.332515,0.208263,0.600000,0.215343,0.600000,0.215343,0.600000,0.034362,0.181407,0.028530,0.206300,0.027085,0.213633,0.027085,0.213633,0,6.037598,0.035863,0.021197,0.213633,0.198967,0.600000,0.580000,0.311127,0.330000,2.092340,1
202,760000000,1.301003,0.249258,-0.759475,0.185021,0.334413,0.215343,0.600000,0.221581,0.600000,0.221581,0.600000,0.034797,0.181719,0.027085,0.213633,0.026419,0.220000,0.026419,0.220000,0,6.038717,0.034418,0.019751,0.220000,0.206300,0.600000,0.580000,0.311127,0.330000,2.085651,1
202,800000000,1.307285,0.254000,-0.746510,0.198605,0.325169,0.221581,0.600000,0.221399,0.600000,0.221399,0.600000,0.033572,0.195747,0.026419,0.220000,0.024846,0.220000,0.024846,0.220000,0,6.041251,0.033752,0.019086,0.220000,0.212667,0.600000,0.580000,0.311127,0.330000,2.074846,1
202,820000000,1.310490,0.256493,-0.740038,0.203025,0.323612,0.221399,0.600000,0.221309,0.600000,0.221309,0.600000,0.033703,0.200208,0.024846,0.220000,0.024037,0.220000,0.024037,0.220000,0,6.042492,0.032179,0.017512,0.220000,0.212667,0.600000,0.580000,0.311127,0.330000,2.068374,1
202,860000000,1.316903,0.261623,-0.727021,0.205416,0.326432,0.221309,0.600000,0.221149,0.600000,0.221149,0.600000,0.032716,0.202794,0.024037,0.220000,0.022514,0.220000,0.022514,0.220000,0,6.044718,0.031370,0.016704,0.220000,0.212667,0.600000,0.580000,0.311127,0.330000,2.057549,1
202,880000000,1.320075,0.264243,-0.720446,0.205739,0.328733,0.221149,0.600000,0.221081,0.600000,0.221081,0.600000,0.032178,0.203207,0.022514,0.220000,0.021840,0.220000,0.021840,0.220000,0,6.045655,0.029847,0.015181,0.220000,0.212667,0.600000,0.580000,0.311127,0.330000,2.050974,1
202,920000000,1.326368,0.269582,-0.707155,0.206425,0.333353,0.221081,0.600000,0.220967,0.600000,0.220967,0.600000,0.031101,0.204069,0.021840,0.220000,0.020647,0.220000,0.020647,0.220000,0,6.047246,0.029174,0.014507,0.220000,0.212667,0.600000,0.580000,0.311127,0.330000,2.039538,1
202,940000000,1.329490,0.272297,-0.700434,0.206890,0.336022,0.220967,0.600000,0.220919,0.600000,0.220919,0.600000,0.031237,0.204518,0.020647,0.220000,0.020128,0.220000,0.020128,0.220000,0,6.047911,0.027981,0.013314,0.220000,0.212667,0.600000,0.580000,0.311127,0.330000,2.032817,1
202,980000000,1.335651,0.277846,-0.686864,0.207525,0.340604,0.220919,0.600000,0.220842,0.600000,0.220842,0.600000,0.029878,0.205363,0.020128,0.220000,0.019270,0.220000,0.019270,0.220000,0,6.048971,0.027461,0.012794,0.220000,0.212667,0.600000,0.580000,0.311127,0.330000,2.020871,1
203,0,1.338711,0.280662,-0.680000,0.207937,0.343198,0.220842,0.600000,0.220811,0.600000,0.220811,0.600000,0.029768,0.205795,0.019270,0.220000,0.018913,0.220000,0.018913,0.220000,0,6.049398,0.026603,0.011936,0.220000,0.212667,0.600000,0.580000,0.311127,0.330000,2.014007,1
203,40000000,1.344775,0.286388,-0.666122,0.208678,0.348108,0.220811,0.600000,0.220763,0.600000,0.220763,0.600000,0.029068,0.206644,0.018913,0.220000,0.018344,0.220000,0.018344,0.220000,0,6.050062,0.026247,0.011580,0.220000,0.212667,0.600000,0.580000,0.311127,0.330000,2.001832,1
203,80000000,1.350759,0.292240,-0.652045,0.209448,0.353202,0.220763,0.600000,0.220734,0.600000,0.220734,0.600000,0.028698,0.207473,0.018344,0.220000,0.017981,0.220000,0.017981,0.220000,0,6.050477,0.025678,0.011011,0.220000,0.212667,0.600000,0.580000,0.311127,0.330000,1.989576,1
203,100000000,1.353720,0.295213,-0.644934,0.209782,0.355581,0.220734,0.600000,0.220725,0.600000,0.220725,0.600000,0.028279,0.207867,0.017981,0.220000,0.017875,0.220000,0.017875,0.220000,0,6.050595,0.025314,0.010647,0.220000,0.212667,0.600000,0.580000,0.311127,0.330000,1.982464,1
203,120000000,1.356665,0.298213,-0.637769,0.210191,0.358253,0.220725,0.600000,0.220720,0.600000,0.220720,0.600000,0.028352,0.208270,0.017875,0.220000,0.017814,0.220000,0.017814,0.220000,0,6.050664,0.025209,0.010542,0.220000,0.212667,0.600000,0.580000,0.311127,0.330000,1.976873,1
203,160000000,1.362490,0.304303,-0.623294,0.210889,0.363148,0.220720,0.600000,0.220722,0.600000,0.220722,0.600000,0.027913,0.209033,0.017814,0.220000,0.017838,0.220000,0.017838,0.220000,0,6.050637,0.025147,0.010480,0.220000,0.212667,0.600000,0.580000,0.311127,0.330000,1.962399,1
203,200000000,1.368242,0.310503,-0.608616,0.211611,0.368196,0.220722,0.600000,0.220739,0.600000,0.220739,0.600000,0.027878,0.209767,0.017838,0.220000,0.018046,0.220000,0.018046,0.220000,0,6.050403,0.025172,0.010505,0.220000,0.212667,0.600000,0.580000,0.311127,0.330000,1.949024,1
203,220000000,1.371091,0.313643,-0.601201,0.211977,0.370733,0.220739,0.600000,0.220753,0.600000,0.220753,0.600000,0.027955,0.210126,0.018046,0.220000,0.018220,0.220000,0.018220,0.220000,0,6.050205,0.025379,0.010713,0.220000,0.212667,0.600000,0.580000,0.311127,0.330000,1.941609,1
203,260000000,1.376733,0.320000,-0.586222,0.212662,0.375676,0.220753,0.600000,0.220793,0.600000,0.220793,0.600000,0.028084,0.210799,0.018220,0.220000,0.018696,0.220000,0.018696,0.220000,0,6.049654,0.025553,0.010887,0.220000,0.212667,0.600000,0.580000,0.311127,0.330000,1.928072,1
203,280000000,1.379524,0.323218,-0.578662,0.212979,0.378038,0.220793,0.600000,0.220819,0.600000,0.220819,0.600000,0.028088,0.211119,0.018696,0.220000,0.019005,0.220000,0.019005,0.220000,0,6.049289,0.026030,0.011363,0.220000,0.212667,0.600000,0.580000,0.311127,0.330000,1.922018,1
203,320000000,1.385053,0.329726,-0.563391,0.213691,0.383106,0.220819,0.600000,0.220884,0.600000,0.220884,0.600000,0.028738,0.211749,0.019005,0.220000,0.019738,0.220000,0.019738,0.220000,0,6.048397,0.026338,0.011671,0.220000,0.212667,0.600000,0.580000,0.311127,0.330000,1.906747,1
203,340000000,1.387788,0.333017,-0.555686,0.213953,0.385246,0.220884,0.600000,0.220923,0.600000,0.220923,0.600000,0.028644,0.212027,0.019738,0.220000,0.020171,0.220000,0.020171,0.220000,0,6.047856,0.027072,0.012405,0.220000,0.212667,0.600000,0.580000,0.311127,0.330000,1.900279,1
203,380000000,1.393208,0.339665,-0.540132,0.214579,0.389946,0.220923,0.600000,0.221015,0.600000,0.221015,0.600000,0.029212,0.212581,0.020171,0.220000,0.021152,0.220000,0.021152,0.220000,0,6.046583,0.027504,0.012838,0.220000,0.212667,0.600000,0.580000,0.311127,0.330000,1.884725,1
203,420000000,1.398540,0.346411,-0.524408,0.215104,0.394204,0.221015,0.600000,0.221128,0.600000,0.221128,0.600000,0.029478,0.213074,0.021152,0.220000,0.022306,0.220000,0.022306,0.220000,0,6.045010,0.028486,0.013819,0.220000,0.212667,0.600000,0.580000,0.311127,0.330000,1.870050,1
203,440000000,1.401169,0.349821,-0.516487,0.215309,0.396060,0.221128,0.600000,0.221194,0.600000,0.221194,0.600000,0.029371,0.213296,0.022306,0.220000,0.022950,0.220000,0.022950,0.220000,0,6.044095,0.029639,0.014973,0.220000,0.212667,0.600000,0.580000,0.311127,0.330000,1.862129,1
203,480000000,1.406413,0.356684,-0.500461,0.216068,0.401218,0.221194,0.600000,0.221341,0.600000,0.221341,0.600000,0.031218,0.213801,0.022950,0.220000,0.024324,0.220000,0.024324,0.220000,0,6.042056,0.030284,0.015617,0.220000,0.212667,0.600000,0.580000,0.311127,0.330000,1.847398,1
203,500000000,1.409006,0.360148,-0.492395,0.216330,0.403283,0.221341,0.600000,0.221424,0.600000,0.221424,0.600000,0.031590,0.214012,0.024324,0.220000,0.025068,0.220000,0.025068,0.220000,0,6.040902,0.031657,0.016991,0.220000,0.212667,0.600000,0.580000,0.311127,0.330000,1.839332,1
203,540000000,1.414123,0.367141,-0.476135,0.216764,0.408028,0.221424,0.600000,0.221611,0.600000,0.221611,0.600000,0.032200,0.214359,0.025068,0.220000,0.026673,0.220000,0.026673,0.220000,0,6.038293,0.032401,0.017734,0.220000,0.212667,0.600000,0.580000,0.311127,0.330000,1.824312,1
203,560000000,1.416669,0.370661,-0.467942,0.217204,0.409647,0.221611,0.600000,0.221714,0.600000,0.221714,0.600000,0.033430,0.214616,0.026673,0.220000,0.027517,0.220000,0.027517,0.220000,0,6.036856,0.034006,0.019340,0.220000,0.212667,0.600000,0.580000,0.311127,0.330000,1.817009,1
203,600000000,1.421704,0.377761,-0.451415,0.217768,0.413778,0.221714,0.600000,0.221945,0.600000,0.221945,0.600000,0.034750,0.214977,0.027517,0.220000,0.029318,0.220000,0.029318,0.220000,0,6.033639,0.034850,0.020184,0.220000,0.212667,0.600000,0.580000,0.311127,0.330000,1.800481,1
203,620000000,1.424188,0.381341,-0.443116,0.217880,0.414949,0.221945,0.600000,0.222073,0.600000,0.222073,0.600000,0.034680,0.215102,0.029318,0.220000,0.030270,0.220000,0.030270,0.220000,0,6.031854,0.036651,0.021984,0.220000,0.212667,0.600000,0.580000,0.311127,0.330000,1.793164,1
203,660000000,1.429139,0.388543,-0.426294,0.218603,0.419408,0.222073,0.600000,0.222355,0.600000,0.222355,0.600000,0.036998,0.215449,0.030270,0.220000,0.032273,0.220000,0.032273,0.220000,0,6.027913,0.037603,0.022937,0.220000,0.212667,0.600000,0.580000,0.311127,0.330000,1.776342,1
203,700000000,1.434006,0.395819,-0.409422,0.218968,0.422278,0.222355,0.600000,0.222671,0.600000,0.222671,0.600000,0.037718,0.215695,0.032273,0.220000,0.034389,0.220000,0.034389,0.220000,0,6.023472,0.039606,0.024940,0.220000,0.212667,0.600000,0.580000,0.311127,0.330000,1.760537,1
203,720000000,1.436407,0.399489,-0.400821,0.219258,0.430038,0.222671,0.600000,0.222852,0.600000,0.222852,0.600000,0.038082,0.215926,0.034389,0.220000,0.035537,0.220000,0.035537,0.220000,0,6.020941,0.041722,0.027055,0.220000,0.212667,0.600000,0.580000,0.311127,0.330000,1.751936,1
203,760000000,1.441228,0.406848,-0.383657,0.220037,0.428267,0.222852,0.600000,0.223225,0.600000,0.223225,0.600000,0.041353,0.216116,0.035537,0.220000,0.037806,0.220000,0.037806,0.220000,0,6.015696,0.042871,0.028204,0.220000,0.212667,0.600000,0.580000,0.311127,0.330000,1.735646,1
203,780000000,1.443614,0.410553,-0.375048,0.220327,0.430466,0.223225,0.600000,0.223427,0.600000,0.223427,0.600000,0.042282,0.216231,0.037806,0.220000,0.038980,0.220000,0.038980,0.220000,0,6.012852,0.045140,0.030473,0.220000,0.212667,0.600000,0.580000,0.311127,0.330000,1.727037,1
203,820000000,1.448298,0.418021,-0.357619,0.220380,0.440737,0.223427,0.600000,0.223877,0.600000,0.223877,0.600000,0.042759,0.216192,0.038980,0.220000,0.041486,0.220000,0.041486,0.220000,0,6.006487,0.046313,0.031647,0.220000,0.212667,0.600000,0.580000,0.311127,0.330000,1.710349,1
203,840000000,1.450638,0.421770,-0.348876,0.220994,0.437177,0.223877,0.600000,0.224116,0.600000,0.224116,0.600000,0.045015,0.216360,0.041486,0.220000,0.042754,0.220000,0.042754,0.220000,0,6.003110,0.048819,0.034153,0.220000,0.212667,0.600000,0.580000,0.311127,0.330000,1.701606,1
203,880000000,1.455284,0.429317,-0.331298,0.221856,0.438311,0.224116,0.600000,0.224627,0.600000,0.224627,0.600000,0.047566,0.216697,0.042754,0.220000,0.045358,0.220000,0.045358,0.220000,0,5.995856,0.050088,0.035421,0.220000,0.212667,0.600000,0.580000,0.311127,0.330000,1.684937,1
203,900000000,1.457577,0.433118,-0.322492,0.221964,0.440339,0.224627,0.600000,0.224902,0.600000,0.224902,0.600000,0.047640,0.216791,0.045358,0.220000,0.046700,0.220000,0.046700,0.220000,0,5.991946,0.052691,0.038024,0.220000,0.212667,0.600000,0.580000,0.311127,0.330000,1.676950,1
203,940000000,1.462170,0.440747,-0.304667,0.222927,0.442072,0.224902,0.600000,0.225487,0.600000,0.225487,0.600000,0.051147,0.216981,0.046700,0.220000,0.049441,0.220000,0.049441,0.220000,0,5.983595,0.054033,0.039366,0.220000,0.212667,0.600000,0.580000,0.311127,0.330000,1.659126,1
203,980000000,1.466692,0.448446,-0.286922,0.223297,0.443675,0.225487,0.600000,0.226117,0.600000,0.226117,0.600000,0.052351,0.217074,0.049441,0.220000,0.052238,0.220000,0.052238,0.220000,0,5.974570,0.056774,0.042108,0.220000,0.212667,0.600000,0.580000,0.311127,0.330000,1.641959,1
204,0,1.468929,0.452321,-0.277793,0.223701,0.456421,0.226117,0.600000,0.226469,0.600000,0.226469,0.600000,0.053555,0.217196,0.052238,0.220000,0.053742,0.220000,0.053742,0.220000,0,5.969508,0.059571,0.044905,0.220000,0.212667,0.600000,0.580000,0.311127,0.330000,1.632831,1
204,40000000,1.473445,0.460091,-0.259794,0.224813,0.449426,0.226469,0.600000,0.227172,0.600000,0.227172,0.600000,0.057602,0.217308,0.053742,0.220000,0.056632,0.220000,0.056632,0.220000,0,5.959359,0.061075,0.046408,0.220000,0.212667,0.600000,0.580000,0.311127,0.330000,1.615574,1
204,60000000,1.475680,0.464001,-0.250800,0.225200,0.449725,0.227172,0.600000,0.227543,0.600000,0.227543,0.600000,0.058837,0.217378,0.056632,0.220000,0.058102,0.220000,0.058102,0.220000,0,5.953987,0.063966,0.049299,0.220000,0.212667,0.600000,0.580000,0.311127,0.330000,1.606579,1
204,80000000,1.477881,0.467932,-0.241764,0.225250,0.451792,0.227543,0.600000,0.227935,0.600000,0.227935,0.600000,0.058916,0.217409,0.058102,0.220000,0.059617,0.220000,0.059617,0.220000,0,5.948302,0.065436,0.050769,0.220000,0.212667,0.600000,0.580000,0.311127,0.330000,1.598259,1
204,120000000,1.482309,0.475822,-0.223517,0.226442,0.453036,0.227935,0.600000,0.228755,0.600000,0.228755,0.600000,0.062890,0.217533,0.059617,0.220000,0.062679,0.220000,0.062679,0.220000,0,5.936344,0.066951,0.052284,0.220000,0.212667,0.600000,0.580000,0.311127,0.330000,1.580011,1
204,160000000,1.486668,0.483781,-0.205341,0.226876,0.453914,0.228755,0.600000,0.229627,0.600000,0.229627,0.600000,0.064317,0.217568,0.062679,0.220000,0.065790,0.220000,0.065790,0.220000,0,5.923558,0.070013,0.055346,0.220000,0.212667,0.600000,0.580000,0.311127,0.330000,1.562327,1
204,180000000,1.488815,0.487784,-0.196166,0.227144,0.458751,0.229627,0.600000,0.230094,0.600000,0.230094,0.600000,0.065412,0.217522,0.065790,0.220000,0.067405,0.220000,0.067405,0.220000,0,5.916666,0.073124,0.058457,0.220000,0.212667,0.600000,0.580000,0.311127,0.330000,1.553727,1
204,220000000,1.493076,0.495840,-0.177848,0.227888,0.459963,0.230094,0.600000,0.231069,0.600000,0.231069,0.600000,0.067447,0.217679,0.067405,0.220000,0.070659,0.220000,0.070659,0.220000,0,5.902241,0.074738,0.060072,0.220000,0.212667,0.600000,0.580000,0.311127,0.330000,1.535409,1
204,240000000,1.495219,0.499883,-0.168568,0.228787,0.464014,0.231069,0.600000,0.231580,0.600000,0.231580,0.600000,0.070783,0.217562,0.070659,0.220000,0.072312,0.220000,0.072312,0.220000,0,5.894638,0.077993,0.063326,0.220000,0.212667,0.600000,0.580000,0.311127,0.330000,1.526712,1
204,280000000,1.499463,0.508025,-0.150114,0.229818,0.463897,0.231580,0.600000,0.232636,0.600000,0.232636,0.600000,0.073487,0.217752,0.072312,0.220000,0.075626,0.220000,0.075626,0.220000,0,5.878837,0.079646,0.064979,0.220000,0.212667,0.600000,0.580000,0.311127,0.330000,1.508259,1
204,320000000,1.503659,0.516225,-0.131380,0.230296,0.476172,0.232636,0.600000,0.233778,0.600000,0.233778,0.600000,0.075674,0.217509,0.075626,0.220000,0.079070,0.220000,0.079070,0.220000,0,5.861619,0.082960,0.068293,0.220000,0.212667,0.600000,0.580000,0.311127,0.330000,1.489946,1
204,340000000,1.505770,0.520346,-0.122031,0.231479,0.467413,0.233778,0.600000,0.234360,0.600000,0.234360,0.600000,0.078754,0.217670,0.079070,0.220000,0.080776,0.220000,0.080776,0.220000,0,5.852787,0.086404,0.071737,0.220000,0.212667,0.600000,0.580000,0.311127,0.330000,1.480598,1
204,360000000,1.507865,0.524488,-0.112696,0.232087,0.466788,0.234360,0.600000,0.234958,0.600000,0.234958,0.600000,0.079892,0.217903,0.080776,0.220000,0.082493,0.220000,0.082493,0.220000,0,5.843693,0.088109,0.073443,0.220000,0.212667,0.600000,0.580000,0.311127,0.330000,1.471700,1
204,400000000,1.512054,0.532820,-0.094033,0.233240,0.467225,0.234958,0.600000,0.236185,0.600000,0.236185,0.600000,0.082992,0.217975,0.082493,0.220000,0.085928,0.220000,0.085928,0.220000,0,5.824880,0.089826,0.075160,0.220000,0.212667,0.600000,0.580000,0.311127,0.330000,1.453497,1
204,440000000,1.516212,0.541220,-0.075323,0.234428,0.467292,0.236185,0.600000,0.237473,0.600000,0.237473,0.600000,0.086131,0.218032,0.085928,0.220000,0.089405,0.220000,0.089405,0.220000,0,5.804989,0.093261,0.078594,0.220000,0.212667,0.600000,0.580000,0.311127,0.330000,1.434787,1
204,460000000,1.518288,0.545444,-0.065906,0.235327,0.470866,0.237473,0.600000,0.238141,0.600000,0.238141,0.600000,0.088760,0.217947,0.089405,0.220000,0.091165,0.220000,0.091165,0.220000,0,5.794595,0.096738,0.082072,0.220000,0.212667,0.600000,0.580000,0.311127,0.330000,1.425711,1
204,500000000,1.522379,0.553945,-0.046977,0.236043,0.479450,0.238141,0.600000,0.239543,0.600000,0.239543,0.600000,0.091043,0.217778,0.091165,0.220000,0.094767,0.220000,0.094767,0.220000,0,5.772624,0.098498,0.083831,0.220000,0.212667,0.600000,0.580000,0.311127,0.330000,1.406782,1
204,520000000,1.524443,0.558225,-0.037570,0.237588,0.470350,0.239543,0.600000,0.240247,0.600000,0.240247,0.600000,0.094206,0.218113,0.094767,0.220000,0.096534,0.220000,0.096534,0.220000,0,5.761502,0.102100,0.087433,0.220000,0.212667,0.600000,0.580000,0.311127,0.330000,1.397696,1
204,560000000,1.528531,0.566838,-0.018668,0.238954,0.471956,0.240247,0.600000,0.241715,0.600000,0.241715,0.600000,0.097599,0.218113,0.096534,0.220000,0.100131,0.220000,0.100131,0.220000,0,5.738159,0.103867,0.089201,0.220000,0.212667,0.600000,0.580000,0.311127,0.330000,1.378794,1
204,580000000,1.530554,0.571174,-0.009173,0.239214,0.474746,0.241715,0.600000,0.242479,0.600000,0.242479,0.600000,0.098189,0.218133,0.100131,0.220000,0.101961,0.220000,0.101961,0.220000,0,5.725920,0.107465,0.092798,0.220000,0.212667,0.600000,0.580000,0.311127,0.330000,1.369641,1
204,620000000,1.534644,0.579901,0.009859,0.241346,0.471942,0.242479,0.600000,0.244028,0.600000,0.244028,0.600000,0.103051,0.218239,0.101961,0.220000,0.105592,0.220000,0.105592,0.220000,0,5.700891,0.109294,0.094628,0.220000,0.212667,0.600000,0.580000,0.311127,0.330000,1.350862,1
204,640000000,1.536665,0.584295,0.019317,0.241861,0.472865,0.244028,0.600000,0.244820,0.600000,0.244820,0.600000,0.104373,0.218181,0.105592,0.220000,0.107410,0.220000,0.107410,0.220000,0,5.687988,0.112926,0.098259,0.220000,0.212667,0.600000,0.580000,0.311127,0.330000,1.341405,1
204,680000000,1.540646,0.593137,0.038396,0.242732,0.482575,0.244820,0.600000,0.246482,0.600000,0.246482,0.600000,0.106972,0.217889,0.107410,0.220000,0.111146,0.220000,0.111146,0.220000,0,5.660687,0.114744,0.100077,0.220000,0.212667,0.600000,0.580000,0.311127,0.330000,1.322543,1
204,700000000,1.542657,0.597594,0.047872,0.244473,0.473755,0.246482,0.600000,0.247314,0.600000,0.247314,0.600000,0.110136,0.218259,0.111146,0.220000,0.112978,0.220000,0.112978,0.220000,0,5.646910,0.118480,0.103813,0.220000,0.212667,0.600000,0.580000,0.311127,0.330000,1.313068,1
204,740000000,1.546652,0.606570,0.066934,0.246177,0.474263,0.247314,0.600000,0.249033,0.600000,0.249033,0.600000,0.113816,0.218287,0.112978,0.220000,0.116694,0.220000,0.116694,0.220000,0,5.618165,0.120311,0.105645,0.220000,0.212667,0.600000,0.580000,0.311127,0.330000,1.294233,1
204,760000000,1.548633,0.611085,0.076603,0.246535,0.483476,0.249033,0.600000,0.249933,0.600000,0.249933,0.600000,0.115100,0.218018,0.116694,0.220000,0.118603,0.220000,0.118603,0.220000,0,5.602975,0.124027,0.109360,0.220000,0.212667,0.600000,0.580000,0.311127,0.330000,1.284563,1
204,800000000,1.552638,0.620197,0.095671,0.249084,0.475868,0.249933,0.600000,0.251712,0.600000,0.251712,0.600000,0.119940,0.218305,0.118603,0.220000,0.122307,0.220000,0.122307,0.220000,0,5.572680,0.125936,0.111270,0.220000,0.212667,0.600000,0.580000,0.311127,0.330000,1.265658,1
204,820000000,1.554609,0.624785,0.105177,0.249656,0.475292,0.251712,0.600000,0.252625,0.600000,0.252625,0.600000,0.121163,0.218283,0.122307,0.220000,0.124175,0.220000,0.124175,0.220000,0,5.556978,0.129640,0.114973,0.220000,0.212667,0.600000,0.580000,0.311127,0.330000,1.256152,1
204,860000000,1.558514,0.634022,0.124294,0.251783,0.481693,0.252625,0.600000,0.254511,0.600000,0.254511,0.600000,0.125759,0.218127,0.124175,0.220000,0.127969,0.220000,0.127969,0.220000,0,5.524223,0.131508,0.116842,0.220000,0.212667,0.600000,0.580000,0.311127,0.330000,1.237159,1
204,880000000,1.560462,0.638678,0.133812,0.252365,0.475919,0.254511,0.600000,0.255466,0.600000,0.255466,0.600000,0.126658,0.218279,0.127969,0.220000,0.129856,0.220000,0.129856,0.220000,0,5.507484,0.135302,0.120635,0.220000,0.212667,0.600000,0.580000,0.311127,0.330000,1.227756,1
204,920000000,1.564338,0.648060,0.152894,0.254260,0.476277,0.255466,0.600000,0.257418,0.600000,0.257418,0.600000,0.130393,0.218280,0.129856,0.220000,0.133656,0.220000,0.133656,0.220000,0,5.472885,0.137190,0.122523,0.220000,0.212667,0.600000,0.580000,0.311127,0.330000,1.208674,1
204,960000000,1.568117,0.657526,0.171907,0.255194,0.475277,0.257418,0.600000,0.259438,0.600000,0.259438,0.600000,0.132371,0.218179,0.133656,0.220000,0.137506,0.220000,0.137506,0.220000,0,5.436570,0.140989,0.126322,0.220000,0.212667,0.600000,0.580000,0.311127,0.330000,1.189730,1
204,980000000,1.569963,0.662288,0.181441,0.255335,0.476729,0.259438,0.600000,0.260484,0.600000,0.260484,0.600000,0.132797,0.218084,0.137506,0.220000,0.139471,0.220000,0.139471,0.220000,0,5.417546,0.144839,0.130173,0.220000,0.212667,0.600000,0.580000,0.311127,0.330000,1.180230,1
205,20000000,1.573768,0.671915,0.200681,0.259209,0.477129,0.260484,0.600000,0.262583,0.600000,0.262583,0.600000,0.139843,0.218251,0.139471,0.220000,0.143351,0.220000,0.143351,0.220000,0,5.378973,0.146804,0.132138,0.220000,0.212667,0.600000,0.580000,0.311127,0.330000,1.160990,1
205,40000000,1.575640,0.676764,0.210220,0.259920,0.476918,0.262583,0.600000,0.263646,0.600000,0.263646,0.600000,0.141193,0.218227,0.143351,0.220000,0.145291,0.220000,0.145291,0.220000,0,5.359194,0.150685,0.136018,0.220000,0.212667,0.600000,0.580000,0.311127,0.330000,1.151458,1
205,80000000,1.579311,0.686525,0.229441,0.261175,0.485116,0.263646,0.600000,0.265852,0.600000,0.265852,0.600000,0.143891,0.217962,0.145291,0.220000,0.149256,0.220000,0.149256,0.220000,0,5.317687,0.152624,0.137957,0.220000,0.212667,0.600000,0.580000,0.311127,0.330000,1.132208,1
205,100000000,1.581166,0.691456,0.238998,0.263391,0.477862,0.265852,0.600000,0.266952,0.600000,0.266952,0.600000,0.147498,0.218219,0.149256,0.220000,0.151206,0.220000,0.151206,0.220000,0,5.296737,0.156589,0.141922,0.220000,0.212667,0.600000,0.580000,0.311127,0.330000,1.122650,1
205,120000000,1.582982,0.696403,0.248588,0.263505,0.479455,0.266952,0.600000,0.268081,0.600000,0.268081,0.600000,0.147922,0.218069,0.151206,0.220000,0.153191,0.220000,0.153191,0.220000,0,5.275051,0.158539,0.143873,0.220000,0.212667,0.600000,0.580000,0.311127,0.330000,1.113061,1
205,160000000,1.586615,0.706387,0.267827,0.265894,0.482053,0.268081,0.600000,0.270373,0.600000,0.270373,0.600000,0.152245,0.217994,0.153191,0.220000,0.157167,0.220000,0.157167,0.220000,0,5.230485,0.160524,0.145858,0.220000,0.212667,0.600000,0.580000,0.311127,0.330000,1.093772,1
205,180000000,1.588428,0.711425,0.277404,0.267731,0.478834,0.270373,0.600000,0.271525,0.600000,0.271525,0.600000,0.155225,0.218141,0.157167,0.220000,0.159142,0.220000,0.159142,0.220000,0,5.207776,0.164500,0.149833,0.220000,0.212667,0.600000,0.580000,0.311127,0.330000,1.084091,1
205,220000000,1.591996,0.721575,0.296626,0.269907,0.479834,0.271525,0.600000,0.273889,0.600000,0.273889,0.600000,0.159040,0.218073,0.159142,0.220000,0.163141,0.220000,0.163141,0.220000,0,5.160599,0.166475,0.151808,0.220000,0.212667,0.600000,0.580000,0.311127,0.330000,1.064870,1
205,240000000,1.593744,0.726687,0.306154,0.270140,0.476445,0.273889,0.600000,0.275085,0.600000,0.275085,0.600000,0.159448,0.218064,0.163141,0.220000,0.165141,0.220000,0.165141,0.220000,0,5.136412,0.170475,0.155808,0.220000,0.212667,0.600000,0.580000,0.311127,0.330000,1.055212,1
205,280000000,1.597264,0.737010,0.325537,0.273672,0.477876,0.275085,0.600000,0.277537,0.600000,0.277537,0.600000,0.165282,0.218124,0.165141,0.220000,0.169194,0.220000,0.169194,0.220000,0,5.086105,0.172474,0.157807,0.220000,0.212667,0.600000,0.580000,0.311127,0.330000,1.035696,1
205,300000000,1.599002,0.742218,0.335103,0.274524,0.478263,0.277537,0.600000,0.278763,0.600000,0.278763,0.600000,0.166771,0.218062,0.169194,0.220000,0.171198,0.220000,0.171198,0.220000,0,5.060595,0.176528,0.161861,0.220000,0.212667,0.600000,0.580000,0.311127,0.330000,1.026131,1
205,340000000,1.602403,0.752704,0.354358,0.276310,0.486386,0.278763,0.600000,0.281286,0.600000,0.281286,0.600000,0.170023,0.217805,0.171198,0.220000,0.175277,0.220000,0.175277,0.220000,0,5.007339,0.178532,0.163865,0.220000,0.212667,0.600000,0.580000,0.311127,0.330000,1.006661,1
205,360000000,1.604113,0.758006,0.363911,0.278560,0.477654,0.281286,0.600000,0.282541,0.600000,0.282541,0.600000,0.173331,0.218064,0.175277,0.220000,0.177283,0.220000,0.177283,0.220000,0,4.980461,0.182610,0.167943,0.220000,0.212667,0.600000,0.580000,0.311127,0.330000,0.997108,1
205,400000000,1.607474,0.768692,0.383049,0.281073,0.477629,0.282541,0.600000,0.285099,0.600000,0.285099,0.600000,0.177379,0.218033,0.177283,0.220000,0.181332,0.220000,0.181332,0.220000,0,4.924842,0.184617,0.169950,0.220000,0.212667,0.600000,0.580000,0.311127,0.330000,0.977736,1
205,440000000,1.610805,0.779511,0.402272,0.284622,0.481014,0.285099,0.600000,0.287703,0.600000,0.287703,0.600000,0.183026,0.217971,0.181332,0.220000,0.185400,0.220000,0.185400,0.220000,0,4.867032,0.188665,0.173999,0.220000,0.212667,0.600000,0.580000,0.311127,0.330000,0.958301,1
205,460000000,1.612445,0.784967,0.411815,0.284892,0.477185,0.287703,0.600000,0.289012,0.600000,0.289012,0.600000,0.183439,0.217975,0.185400,0.220000,0.187425,0.220000,0.187425,0.220000,0,4.837509,0.192733,0.178067,0.220000,0.212667,0.600000,0.580000,0.311127,0.330000,0.948429,1
205,500000000,1.615699,0.795983,0.430938,0.287494,0.476951,0.289012,0.600000,0.291662,0.600000,0.291662,0.600000,0.187528,0.217912,0.187425,0.220000,0.191485,0.220000,0.191485,0.220000,0,4.776797,0.194758,0.180092,0.220000,0.212667,0.600000,0.580000,0.311127,0.330000,0.929306,1
205,520000000,1.617289,0.801531,0.440554,0.288558,0.480792,0.291662,0.600000,0.293017,0.600000,0.293017,0.600000,0.189248,0.217832,0.191485,0.220000,0.193543,0.220000,0.193543,0.220000,0,4.745219,0.198818,0.184152,0.220000,0.212667,0.600000,0.580000,0.311127,0.330000,0.919343,1
205,560000000,1.620472,0.812754,0.459653,0.291839,0.477019,0.293017,0.600000,0.295715,0.600000,0.295715,0.600000,0.194179,0.217863,0.193543,0.220000,0.197604,0.220000,0.197604,0.220000,0,4.681281,0.200876,0.186210,0.220000,0.212667,0.600000,0.580000,0.311127,0.330000,0.899955,1
205,580000000,1.622017,0.818402,0.469179,0.292799,0.476305,0.295715,0.600000,0.297084,0.600000,0.297084,0.600000,0.195654,0.217833,0.197604,0.220000,0.199648,0.220000,0.199648,0.220000,0,4.648258,0.204937,0.190270,0.220000,0.212667,0.600000,0.580000,0.311127,0.330000,0.890429,1
205,620000000,1.625032,0.829785,0.488291,0.295959,0.480678,0.297084,0.600000,0.299871,0.600000,0.299871,0.600000,0.200428,0.217762,0.199648,0.220000,0.203772,0.220000,0.203772,0.220000,0,4.579850,0.206981,0.192314,0.220000,0.212667,0.600000,0.580000,0.311127,0.330000,0.870871,1
205,640000000,1.626523,0.835532,0.497809,0.296862,0.475874,0.299871,0.600000,0.301269,0.600000,0.301269,0.600000,0.201758,0.217763,0.203772,0.220000,0.205823,0.220000,0.205823,0.220000,0,4.544914,0.211105,0.196438,0.220000,0.212667,0.600000,0.580000,0.311127,0.330000,0.860879,1
205,680000000,1.629444,0.847123,0.516863,0.299646,0.475607,0.301269,0.600000,0.304097,0.600000,0.304097,0.600000,0.205903,0.217696,0.205823,0.220000,0.209940,0.220000,0.209940,0.220000,0,4.472879,0.213156,0.198489,0.220000,0.212667,0.600000,0.580000,0.311127,0.330000,0.841458,1
205,720000000,1.632238,0.858818,0.535840,0.301016,0.474073,0.304097,0.600000,0.306967,0.600000,0.306967,0.600000,0.208027,0.217566,0.209940,0.220000,0.214077,0.220000,0.214077,0.220000,0,4.397852,0.217273,0.202607,0.220000,0.212667,0.600000,0.580000,0.311127,0.330000,0.822481,1
205,740000000,1.633566,0.864689,0.545295,0.300989,0.472762,0.306967,0.600000,0.308425,0.600000,0.308425,0.600000,0.208116,0.217445,0.214077,0.220000,0.216162,0.220000,0.216162,0.220000,0,4.358980,0.220000,0.206743,0.220000,0.212667,0.600000,0.580000,0.311127,0.330000,0.812465,1
205,780000000,1.636307,0.876634,0.564426,0.306735,0.474915,0.308425,0.600000,0.310915,0.600000,0.310915,0.600000,0.216193,0.217593,0.216162,0.220000,0.220000,0.219699,0.220000,0.219699,0,4.279641,0.220000,0.208828,0.220000,0.212667,0.600000,0.580000,0.311127,0.330000,0.792721,1
205,800000000,1.637623,0.882644,0.573914,0.307577,0.474418,0.310915,0.600000,0.309441,0.600000,0.309441,0.600000,0.217460,0.217520,0.220000,0.219699,0.220000,0.217608,0.220000,0.217608,0,4.238909,0.220000,0.212667,0.220000,0.212366,0.600000,0.580000,0.311127,0.330000,0.783233,1
205,840000000,1.640156,0.894715,0.592886,0.308527,0.475260,0.309441,0.600000,0.306420,0.600000,0.306420,0.600000,0.220012,0.216296,0.220000,0.217608,0.220000,0.213291,0.220000,0.213291,0,4.154816,0.220000,0.212667,0.220000,0.210275,0.600000,0.580000,0.311127,0.330000,0.763788,1
205,860000000,1.641404,0.900771,0.602378,0.309204,0.474597,0.306420,0.600000,0.304888,0.600000,0.304888,0.600000,0.222103,0.215122,0.220000,0.213291,0.220000,0.211085,0.220000,0.211085,0,4.111838,0.220000,0.212667,0.220000,0.205958,0.600000,0.580000,0.311127,0.330000,0.753645,1
205,900000000,1.643794,0.912823,0.621380,0.306186,0.474849,0.304888,0.600000,0.301761,0.600000,0.301761,0.600000,0.222048,0.210818,0.220000,0.211085,0.220000,0.206542,0.220000,0.206542,0,4.023335,0.220000,0.212667,0.218418,0.203752,0.600000,0.580000,0.311127,0.330000,0.733895,1
205,920000000,1.644922,0.918841,0.630850,0.306159,0.473473,0.301761,0.600000,0.300162,0.600000,0.300162,0.600000,0.222136,0.210688,0.220000,0.206542,0.220000,0.204199,0.220000,0.204199,0,3.977696,0.220000,0.212667,0.213875,0.199208,0.600000,0.580000,0.311127,0.330000,0.724426,1
205,960000000,1.647147,0.930704,0.649951,0.301534,0.475446,0.300162,0.600000,0.296928,0.600000,0.296928,0.600000,0.221967,0.204091,0.220000,0.204199,0.220000,0.199414,0.220000,0.199414,0,3.884494,0.220000,0.212667,0.211532,0.196865,0.600000,0.580000,0.311127,0.330000,0.704702,1
205,980000000,1.648199,0.936622,0.659453,0.300566,0.475075,0.296928,0.600000,0.295285,0.600000,0.295285,0.600000,0.221988,0.202636,0.220000,0.199414,0.220000,0.196960,0.220000,0.196960,0,3.836684,0.220000,0.212667,0.206748,0.192081,0.600000,0.580000,0.311127,0.330000,0.694478,1
206,20000000,1.650167,0.948445,0.678480,0.299354,0.477026,0.295285,0.600000,0.291924,0.600000,0.291924,0.600000,0.222002,0.200819,0.220000,0.196960,0.220000,0.191885,0.220000,0.191885,0,3.737824,0.220000,0.212667,0.204293,0.189626,0.600000,0.580000,0.311127,0.330000,0.674559,1
206,60000000,1.652078,0.960090,0.697566,0.294913,0.477125,0.291924,0.600000,0.288536,0.600000,0.288536,0.600000,0.221876,0.194279,0.220000,0.191885,0.220000,0.186690,0.220000,0.186690,0,3.636623,0.220000,0.212667,0.199218,0.184551,0.600000,0.580000,0.311127,0.330000,0.655473,1
206,80000000,1.653010,0.965851,0.707133,0.291814,0.478323,0.288536,0.600000,0.286831,0.600000,0.286831,0.600000,0.221752,0.189687,0.220000,0.186690,0.220000,0.184044,0.220000,0.184044,0,3.585090,0.220000,0.212667,0.194023,0.179356,0.600000,0.580000,0.311127,0.330000,0.645093,1
206,120000000,1.654801,0.977289,0.726342,0.287186,0.484136,0.286831,0.600000,0.283387,0.589365,0.283387,0.589365,0.221542,0.182743,0.220000,0.184044,0.220000,0.178628,0.220000,0.178628,0,3.479593,0.220000,0.212667,0.191377,0.176711,0.600000,0.580000,0.311127,0.330000,0.625116,1
206,140000000,1.655669,0.982956,0.735923,0.286658,0.479060,0.283387,0.589365,0.281664,0.580332,0.281664,0.580332,0.221615,0.181823,0.220000,0.178628,0.220000,0.175882,0.220000,0.175882,0,3.426093,0.220000,0.212667,0.185962,0.171295,0.600000,0.569365,0.311127,0.330000,0.615535,1
206,180000000,1.657351,0.994194,0.755166,0.283226,0.479992,0.281664,0.580332,0.278197,0.561202,0.278197,0.561202,0.221518,0.176485,0.220000,0.175882,0.220000,0.170276,0.220000,0.170276,0,3.316888,0.220000,0.212667,0.183215,0.168548,0.600000,0.560332,0.311127,0.330000,0.595245,1
206,200000000,1.658175,0.999754,0.764851,0.281021,0.484239,0.278197,0.561202,0.276460,0.551073,0.276460,0.551073,0.221470,0.172986,0.220000,0.170276,0.220000,0.167422,0.220000,0.167422,0,3.261298,0.220000,0.212667,0.177609,0.162942,0.581202,0.541202,0.311127,0.330000,0.584501,1
206,240000000,1.659793,1.010756,0.784152,0.277934,0.481962,0.276460,0.551073,0.273008,0.532875,0.273008,0.532875,0.221383,0.168038,0.220000,0.167422,0.220000,0.161659,0.220000,0.161659,0,3.149032,0.220000,0.212667,0.174755,0.160088,0.571073,0.531073,0.311127,0.330000,0.565199,1
206,260000000,1.660562,1.016228,0.793792,0.276327,0.481987,0.273008,0.532875,0.271279,0.522970,0.271279,0.522970,0.221352,0.165408,0.220000,0.161659,0.220000,0.158721,0.220000,0.158721,0,3.091815,0.220000,0.212667,0.168992,0.154325,0.552875,0.512875,0.311127,0.330000,0.554693,1
206,300000000,1.662058,1.027081,0.813151,0.271491,0.487549,0.271279,0.522970,0.267828,0.503655,0.267828,0.503655,0.221165,0.157459,0.220000,0.158721,0.220000,0.152747,0.220000,0.152747,0,2.975438,0.220000,0.212667,0.166055,0.151388,0.542970,0.502970,0.311127,0.330000,0.534207,1
206,320000000,1.662791,1.032455,0.822826,0.271169,0.483745,0.267828,0.503655,0.266117,0.494533,0.266117,0.494533,0.221209,0.156841,0.220000,0.152747,0.220000,0.149727,0.220000,0.149727,0,2.916615,0.220000,0.212667,0.160080,0.145414,0.523655,0.483655,0.311127,0.330000,0.524532,1
206,360000000,1.664229,1.043103,0.842277,0.267732,0.484968,0.266117,0.494533,0.262716,0.474984,0.262716,0.474984,0.221101,0.150979,0.220000,0.149727,0.220000,0.143595,0.220000,0.143595,0,2.797157,0.220000,0.212667,0.157061,0.142394,0.514533,0.474533,0.311127,0.330000,0.503797,1
206,400000000,1.665651,1.053611,0.861260,0.263201,0.467406,0.262716,0.474984,0.259447,0.456024,0.259447,0.456024,0.221099,0.142793,0.220000,0.143595,0.220000,0.137524,0.220000,0.137524,0,2.678902,0.220000,0.212667,0.150928,0.136261,0.494984,0.454984,0.311127,0.330000,0.483687,1
206,420000000,1.666348,1.058817,0.870501,0.262643,0.462053,0.259447,0.456024,0.257872,0.447312,0.257872,0.447312,0.220934,0.142019,0.220000,0.137524,0.220000,0.134528,0.220000,0.134528,0,2.620543,0.220000,0.212667,0.144857,0.130191,0.476024,0.436024,0.311127,0.330000,0.474446,1
206,460000000,1.667752,1.069122,0.888451,0.259390,0.444609,0.257872,0.447312,0.254862,0.429346,0.254862,0.429346,0.220838,0.136065,0.220000,0.134528,0.220000,0.128665,0.220000,0.128665,0,2.506323,0.220000,0.212667,0.141861,0.127195,0.467312,0.427312,0.311127,0.330000,0.455390,1
206,480000000,1.668427,1.074249,0.897260,0.258558,0.440424,0.254862,0.429346,0.253398,0.421041,0.253398,0.421041,0.220887,0.134392,0.220000,0.128665,0.220000,0.125739,0.220000,0.125739,0,2.449338,0.220000,0.212667,0.135998,0.121331,0.449346,0.409346,0.311127,0.330000,0.446582,1
206,520000000,1.669721,1.084456,0.914561,0.256630,0.429985,0.253398,0.421041,0.250548,0.403333,0.250548,0.403333,0.220839,0.130726,0.220000,0.125739,0.220000,0.119893,0.220000,0.119893,0,2.335464,0.220000,0.212667,0.133072,0.118406,0.441041,0.401041,0.311127,0.330000,0.427800,1
206,540000000,1.670415,1.089475,0.922843,0.253367,0.414117,0.250548,0.403333,0.249230,0.395525,0.249230,0.395525,0.220600,0.124623,0.220000,0.119893,0.220000,0.117113,0.220000,0.117113,0,2.281306,0.220000,0.212667,0.127227,0.112560,0.423333,0.383333,0.311127,0.330000,0.419517,1
206,580000000,1.671787,1.099448,0.939005,0.250447,0.397415,0.249230,0.395525,0.246696,0.378844,0.246696,0.378844,0.220405,0.118935,0.220000,0.117113,0.220000,0.111620,0.220000,0.111620,0,2.174312,0.220000,0.212667,0.124446,0.109780,0.415525,0.375525,0.311127,0.330000,0.401825,1
206,600000000,1.672451,1.104411,0.946932,0.250361,0.396359,0.246696,0.378844,0.245472,0.370160,0.245472,0.370160,0.220368,0.118823,0.220000,0.111620,0.220000,0.108887,0.220000,0.108887,0,2.121059,0.220000,0.212667,0.118954,0.104287,0.398844,0.358844,0.311127,0.330000,0.392614,1
206,640000000,1.673874,1.114177,0.962187,0.246155,0.378824,0.245472,0.370160,0.243205,0.355776,0.243205,0.355776,0.219681,0.111052,0.220000,0.108887,0.220000,0.103675,0.220000,0.103675,0,2.019544,0.220000,0.212667,0.116220,0.101553,0.390160,0.350160,0.311127,0.330000,0.377358,1
206,660000000,1.674574,1.119038,0.969660,0.245568,0.373641,0.243205,0.355776,0.242115,0.347383,0.242115,0.347383,0.219869,0.109368,0.220000,0.103675,0.220000,0.101092,0.220000,0.101092,0,1.969227,0.220000,0.212667,0.111009,0.096342,0.375776,0.335776,0.311127,0.330000,0.368456,1
206,700000000,1.675956,1.128737,0.984154,0.244435,0.359126,0.242115,0.347383,0.240043,0.332032,0.240043,0.332032,0.220344,0.105816,0.220000,0.101092,0.220000,0.096023,0.220000,0.096023,0,1.870484,0.220000,0.212667,0.108425,0.093759,0.367383,0.327383,0.311127,0.330000,0.352173,1
206,740000000,1.677410,1.138311,0.997976,0.242111,0.344531,0.240043,0.332032,0.238155,0.319001,0.238155,0.319001,0.220261,0.100512,0.220000,0.096023,0.220000,0.091202,0.220000,0.091202,0,1.776581,0.220000,0.212667,0.103356,0.088690,0.352032,0.312032,0.311127,0.330000,0.338351,1
206,760000000,1.678163,1.143057,1.004639,0.240246,0.333145,0.238155,0.319001,0.237277,0.311026,0.237277,0.311026,0.220152,0.096182,0.220000,0.091202,0.220000,0.088884,0.220000,0.088884,0,1.731420,0.220000,0.212667,0.098536,0.083869,0.339001,0.299001,0.311127,0.330000,0.329893,1
206,800000000,1.679685,1.152491,1.017590,0.237780,0.316964,0.237277,0.311026,0.235620,0.298816,0.235620,0.298816,0.220015,0.090182,0.220000,0.088884,0.220000,0.084360,0.220000,0.084360,0,1.643299,0.220000,0.212667,0.096217,0.081551,0.331026,0.291026,0.311127,0.330000,0.316942,1
206,820000000,1.680471,1.157170,1.023839,0.237233,0.312460,0.235620,0.298816,0.234850,0.291417,0.234850,0.291417,0.220024,0.088707,0.220000,0.084360,0.220000,0.082185,0.220000,0.082185,0,1.600927,0.220000,0.212667,0.091694,0.077027,0.318816,0.278816,0.311127,0.330000,0.309094,1
206,860000000,1.682061,1.166480,1.036027,0.235613,0.301540,0.234850,0.291417,0.233397,0.279925,0.233397,0.279925,0.219993,0.084360,0.220000,0.082185,0.220000,0.077937,0.220000,0.077937,0,1.518171,0.220000,0.212667,0.089518,0.074852,0.311417,0.271417,0.311127,0.330000,0.296906,1
206,880000000,1.682870,1.171108,1.041951,0.234933,0.296167,0.233397,0.279925,0.232715,0.272739,0.232715,0.272739,0.219987,0.082456,0.220000,0.077937,0.220000,0.075869,0.220000,0.075869,0,1.477889,0.220000,0.212667,0.085270,0.070603,0.299925,0.259925,0.311127,0.330000,0.289283,1
206,920000000,1.684553,1.180291,1.053337,0.233389,0.283954,0.232715,0.272739,0.231462,0.259972,0.231462,0.259972,0.219939,0.078085,0.220000,0.075869,0.220000,0.071936,0.220000,0.071936,0,1.401281,0.220000,0.212667,0.083202,0.068535,0.292739,0.252739,0.311127,0.330000,0.275742,1
206,940000000,1.685390,1.184870,1.058892,0.232773,0.277742,0.231462,0.259972,0.230867,0.254735,0.230867,0.254735,0.219933,0.076243,0.220000,0.071936,0.220000,0.069998,0.220000,0.069998,0,1.363528,0.220000,0.212667,0.079269,0.064603,0.279972,0.239972,0.311127,0.330000,0.270187,1
206,980000000,1.687075,1.193994,1.069693,0.231210,0.264218,0.230867,0.254735,0.229750,0.242432,0.229750,0.242432,0.219867,0.071528,0.220000,0.069998,0.220000,0.066221,0.220000,0.066221,0,1.289962,0.220000,0.212667,0.077331,0.062665,0.274735,0.234735,0.311127,0.330000,0.257138,1
207,0,1.687942,1.198529,1.074899,0.230852,0.260304,0.229750,0.242432,0.229234,0.237524,0.229234,0.237524,0.219884,0.070312,0.220000,0.066221,0.220000,0.064407,0.220000,0.064407,0,1.254614,0.220000,0.212667,0.073555,0.058888,0.262432,0.222432,0.311127,0.330000,0.251932,1
207,40000000,1.689714,1.207553,1.084925,0.229731,0.248660,0.229234,0.237524,0.228281,0.226186,0.228281,0.226186,0.219857,0.066628,0.220000,0.064407,0.220000,0.060929,0.220000,0.060929,0,1.186876,0.220000,0.212667,0.071740,0.057073,0.257524,0.217524,0.311127,0.330000,0.239907,1
207,60000000,1.690630,1.212037,1.089734,0.228826,0.240428,0.228281,0.226186,0.227846,0.221653,0.227846,0.221653,0.219810,0.063601,0.220000,0.060929,0.220000,0.059278,0.220000,0.059278,0,1.154701,0.220000,0.212667,0.068263,0.053596,0.246186,0.206186,0.311127,0.330000,0.235098,1
207,100000000,1.692479,1.220976,1.099074,0.228167,0.232566,0.227846,0.221653,0.227032,0.210861,0.227032,0.210861,0.219825,0.061131,0.220000,0.059278,0.220000,0.056069,0.220000,0.056069,0,1.092196,0.220000,0.212667,0.066611,0.051944,0.241653,0.201653,0.311127,0.330000,0.223652,1
207,120000000,1.693400,1.225438,1.103651,0.227818,0.228856,0.227032,0.210861,0.226646,0.206545,0.226646,0.206545,0.219832,0.059792,0.220000,0.056069,0.220000,0.054484,0.220000,0.054484,0,1.061325,0.220000,0.212667,0.063402,0.048736,0.230861,0.190861,0.311127,0.330000,0.219074,1
207,160000000,1.695274,1.234329,1.112493,0.226605,0.215565,0.226646,0.206545,0.225932,0.196000,0.225932,0.196000,0.219777,0.055211,0.220000,0.054484,0.220000,0.051434,0.220000,0.051434,0,1.001903,0.220000,0.212667,0.061817,0.047151,0.226545,0.186545,0.311127,0.330000,0.207890,1
207,180000000,1.696221,1.238761,1.116780,0.226616,0.214360,0.225932,0.196000,0.225600,0.191958,0.225600,0.191958,0.219820,0.055079,0.220000,0.051434,0.220000,0.049954,0.220000,0.049954,0,0.973085,0.220000,0.212667,0.058767,0.044100,0.216000,0.176000,0.311127,0.330000,0.203603,1
207,220000000,1.698149,1.247593,1.125017,0.225899,0.204158,0.225600,0.191958,0.224990,0.181612,0.224990,0.181612,0.219812,0.052087,0.220000,0.049954,0.220000,0.047124,0.220000,0.047124,0,0.917948,0.220000,0.212667,0.057288,0.042621,0.211958,0.171958,0.311127,0.330000,0.192628,1
207,240000000,1.699111,1.252003,1.129045,0.225701,0.201396,0.224990,0.181612,0.224702,0.177814,0.224702,0.177814,0.219827,0.051157,0.220000,0.047124,0.220000,0.045730,0.220000,0.045730,0,0.890793,0.220000,0.212667,0.054457,0.039790,0.201612,0.161612,0.311127,0.330000,0.188600,1
207,280000000,1.701023,1.260818,1.136949,0.225391,0.196024,0.224702,0.177814,0.224155,0.167752,0.224155,0.167752,0.219856,0.049645,0.220000,0.045730,0.220000,0.042961,0.220000,0.042961,0,0.836851,0.220000,0.212667,0.053063,0.038396,0.197814,0.157814,0.311127,0.330000,0.177928,1
207,300000000,1.702019,1.265199,1.140682,0.224663,0.186652,0.224155,0.167752,0.223913,0.164233,0.223913,0.164233,0.219806,0.046462,0.220000,0.042961,0.220000,0.041679,0.220000,0.041679,0,0.811888,0.220000,0.212667,0.050294,0.035627,0.187752,0.147752,0.311127,0.330000,0.174195,1
207,340000000,1.704018,1.273948,1.147916,0.224113,0.176915,0.223913,0.164233,0.223462,0.154905,0.223462,0.154905,0.219801,0.043749,0.220000,0.041679,0.220000,0.039182,0.220000,0.039182,0,0.763241,0.220000,0.212667,0.049012,0.034346,0.184233,0.144233,0.311127,0.330000,0.164301,1
207,360000000,1.705018,1.278318,1.151433,0.224122,0.175875,0.223462,0.154905,0.223251,0.151588,0.223251,0.151588,0.219834,0.043633,0.220000,0.039182,0.220000,0.037961,0.220000,0.037961,0,0.739455,0.220000,0.212667,0.046515,0.031848,0.174905,0.134905,0.311127,0.330000,0.160784,1
207,400000000,1.707085,1.287016,1.158084,0.223417,0.164349,0.223251,0.151588,0.222876,0.142661,0.222876,0.142661,0.219804,0.040013,0.220000,0.037961,0.220000,0.035689,0.220000,0.035689,0,0.695210,0.220000,0.212667,0.045294,0.030627,0.171588,0.131588,0.311127,0.330000,0.151315,1
207,440000000,1.709154,1.295703,1.164527,0.223214,0.160121,0.222876,0.142661,0.222532,0.133768,0.222532,0.133768,0.219831,0.038714,0.220000,0.035689,0.220000,0.033473,0.220000,0.033473,0,0.652029,0.220000,0.212667,0.043023,0.028356,0.162661,0.122661,0.311127,0.330000,0.141882,1
207,460000000,1.710189,1.300043,1.167656,0.223065,0.156421,0.222532,0.133768,0.222371,0.130818,0.222371,0.130818,0.219839,0.037797,0.220000,0.033473,0.220000,0.032385,0.220000,0.032385,0,0.630845,0.220000,0.212667,0.040806,0.026139,0.153768,0.113768,0.311127,0.330000,0.138754,1
207,500000000,1.712347,1.308676,1.173414,0.222484,0.143461,0.222371,0.130818,0.222097,0.122291,0.222097,0.122291,0.219814,0.034364,0.220000,0.032385,0.220000,0.030445,0.220000,0.030445,0,0.593050,0.220000,0.212667,0.039718,0.025052,0.150818,0.110818,0.311127,0.330000,0.129710,1
207,520000000,1.713424,1.312991,1.176233,0.222356,0.140965,0.222097,0.122291,0.221967,0.119633,0.221967,0.119633,0.219822,0.033473,0.220000,0.030445,0.220000,0.029483,0.220000,0.029483,0,0.574317,0.220000,0.212667,0.037778,0.023111,0.142291,0.102291,0.311127,0.330000,0.126890,1
207,560000000,1.715592,1.321608,1.181664,0.221974,0.132289,0.221967,0.119633,0.221728,0.111021,0.221728,0.111021,0.219774,0.031174,0.220000,0.029483,0.220000,0.027628,0.220000,0.027628,0,0.538187,0.220000,0.212667,0.036816,0.022150,0.139633,0.099633,0.311127,0.330000,0.117756,1
207,580000000,1.716698,1.325900,1.184207,0.221643,0.127155,0.221728,0.111021,0.221622,0.108623,0.221622,0.108623,0.219607,0.029967,0.220000,0.027628,0.220000,0.026768,0.220000,0.026768,0,0.521429,0.220000,0.212667,0.034962,0.020295,0.131021,0.091021,0.311127,0.330000,0.115212,1
207,620000000,1.718920,1.334479,1.189080,0.221655,0.120456,0.221622,0.108623,0.221429,0.100435,0.221429,0.100435,0.219815,0.028500,0.220000,0.026768,0.220000,0.025112,0.220000,0.025112,0,0.489173,0.220000,0.212667,0.034101,0.019435,0.128623,0.088623,0.311127,0.330000,0.106528,1
207,640000000,1.720033,1.338769,1.191442,0.221614,0.118111,0.221429,0.100435,0.221338,0.098208,0.221338,0.098208,0.219841,0.027979,0.220000,0.025112,0.220000,0.024298,0.220000,0.024298,0,0.473318,0.220000,0.212667,0.032446,0.017779,0.120435,0.080435,0.311127,0.330000,0.104166,1
207,680000000,1.722302,1.347329,1.195855,0.221383,0.109893,0.221338,0.098208,0.221178,0.090437,0.221178,0.090437,0.219849,0.026014,0.220000,0.024298,0.220000,0.022798,0.220000,0.022798,0,0.444090,0.220000,0.212667,0.031632,0.016965,0.118208,0.078208,0.311127,0.330000,0.095923,1
207,700000000,1.723436,1.351607,1.198013,0.221312,0.107929,0.221178,0.090437,0.221103,0.088401,0.221103,0.088401,0.219856,0.025338,0.220000,0.022798,0.220000,0.022053,0.220000,0.022053,0,0.429580,0.220000,0.212667,0.030131,0.015464,0.110437,0.070437,0.311127,0.330000,0.093764,1
207,740000000,1.725712,1.360158,1.202164,0.221126,0.100681,0.221103,0.088401,0.220963,0.080634,0.220963,0.080634,0.219860,0.023625,0.220000,0.022053,0.220000,0.020609,0.220000,0.020609,0,0.401454,0.220000,0.212667,0.029386,0.014720,0.108401,0.068401,0.311127,0.330000,0.085525,1
207,780000000,1.728017,1.368694,1.206016,0.221019,0.094967,0.220963,0.080634,0.220842,0.077003,0.220842,0.077003,0.219875,0.022463,0.220000,0.020609,0.220000,0.019269,0.220000,0.019269,0,0.375359,0.220000,0.212667,0.027942,0.013276,0.100634,0.060634,0.311127,0.330000,0.081674,1
207,800000000,1.729180,1.372957,1.207811,0.220921,0.089733,0.220842,0.077003,0.220788,0.071193,0.220788,0.071193,0.219873,0.021493,0.220000,0.019269,0.220000,0.018634,0.220000,0.018634,0,0.362975,0.220000,0.212667,0.026603,0.011936,0.097003,0.057003,0.311127,0.330000,0.075511,1
207,840000000,1.731518,1.381475,1.211220,0.220748,0.081434,0.220788,0.071193,0.220689,0.063570,0.220689,0.063570,0.219865,0.019722,0.220000,0.018634,0.220000,0.017429,0.220000,0.017429,0,0.339511,0.220000,0.212667,0.025967,0.011300,0.091193,0.051193,0.311127,0.330000,0.067426,1
207,860000000,1.732712,1.385711,1.212713,0.220068,0.074655,0.220689,0.063570,0.220648,0.062163,0.220648,0.062163,0.219292,0.018469,0.220000,0.017429,0.220000,0.016903,0.220000,0.016903,0,0.329263,0.220000,0.212667,0.024762,0.010096,0.083570,0.043570,0.311127,0.330000,0.065933,1
207,900000000,1.735130,1.394159,1.215363,0.219571,0.063641,0.220648,0.062163,0.220580,0.054940,0.220580,0.054940,0.218940,0.016622,0.220000,0.016903,0.220000,0.015987,0.220000,0.015987,0,0.311422,0.220000,0.212667,0.024236,0.009570,0.082163,0.042163,0.311127,0.330000,0.058272,1
207,920000000,1.736343,1.398383,1.216607,0.219767,0.062193,0.220580,0.054940,0.220548,0.053767,0.220548,0.053767,0.219146,0.016518,0.220000,0.015987,0.220000,0.015538,0.220000,0.015538,0,0.302679,0.220000,0.212667,0.023320,0.008654,0.074940,0.034940,0.311127,0.330000,0.057029,1
207,960000000,1.738796,1.406817,1.218836,0.219517,0.054961,0.220548,0.053767,0.220494,0.046593,0.220494,0.046593,0.218989,0.015215,0.220000,0.015538,0.220000,0.014747,0.220000,0.014747,0,0.287262,0.220000,0.212667,0.022872,0.008205,0.073767,0.033767,0.311127,0.330000,0.049419,1
207,980000000,1.740021,1.411037,1.219944,0.219705,0.055436,0.220494,0.046593,0.220466,0.045548,0.220466,0.045548,0.219184,0.015122,0.220000,0.014747,0.220000,0.014331,0.220000,0.014331,0,0.279157,0.220000,0.212667,0.022080,0.007414,0.066593,0.026593,0.311127,0.330000,0.048311,1
208,20000000,1.742450,1.419502,1.222171,0.220437,0.054820,0.220466,0.045548,0.220412,0.037992,0.220412,0.037992,0.219888,0.015543,0.220000,0.014331,0.220000,0.013464,0.220000,0.013464,0,0.262279,0.220000,0.212667,0.021664,0.006997,0.065548,0.025548,0.311127,0.330000,0.040297,1
208,60000000,1.744876,1.427980,1.224245,0.220423,0.049735,0.220412,0.037992,0.220360,0.036038,0.220360,0.036038,0.219923,0.014847,0.220000,0.013464,0.220000,0.012598,0.220000,0.012598,0,0.245413,0.220000,0.212667,0.020798,0.006131,0.057992,0.017992,0.311127,0.330000,0.038224,1
208,80000000,1.746100,1.432214,1.225156,0.220382,0.045560,0.220360,0.036038,0.220338,0.029301,0.220338,0.029301,0.219923,0.014218,0.220000,0.012598,0.220000,0.012208,0.220000,0.012208,0,0.237814,0.220000,0.212667,0.019932,0.005265,0.056038,0.016038,0.311127,0.330000,0.031079,1
208,120000000,1.748560,1.440677,1.226918,0.220332,0.043494,0.220338,0.029301,0.220296,0.027640,0.220296,0.027640,0.219927,0.013348,0.220000,0.012208,0.220000,0.011425,0.220000,0.011425,0,0.222544,0.220000,0.212667,0.019542,0.004875,0.049301,0.009301,0.311127,0.330000,0.029316,1
208,140000000,1.749791,1.444909,1.227779,0.220335,0.043059,0.220296,0.027640,0.220276,0.020486,0.220276,0.020486,0.219933,0.013298,0.220000,0.011425,0.220000,0.011029,0.220000,0.011029,0,0.214840,0.220000,0.212667,0.018758,0.004091,0.047640,0.007640,0.311127,0.330000,0.021728,1
208,180000000,1.752285,1.453359,1.229184,0.220269,0.034896,0.220276,0.020486,0.220243,0.019162,0.220243,0.019162,0.219933,0.012160,0.220000,0.011029,0.220000,0.010336,0.220000,0.010336,0,0.201345,0.220000,0.212667,0.018362,0.003696,0.040486,0.000486,0.311127,0.330000,0.020324,1
208,200000000,1.753539,1.457577,1.229749,0.219991,0.028254,0.220243,0.019162,0.220228,0.011773,0.220228,0.011773,0.219691,0.011486,0.220000,0.010336,0.220000,0.010028,0.220000,0.010028,0,0.195349,0.220000,0.212667,0.017670,0.003003,0.039162,-0.000838,0.311127,0.330000,0.012488,1
208,240000000,1.756079,1.465980,1.230512,0.219532,0.017451,0.220228,0.011773,0.220206,0.011053,0.220206,0.011053,0.219296,0.010172,0.220000,0.010028,0.220000,0.009533,0.220000,0.009533,0,0.185698,0.220000,0.212667,0.017362,0.002695,0.031773,-0.008227,0.311127,0.330000,0.011724,1
208,260000000,1.757364,1.470175,1.230749,0.219345,0.011832,0.220206,0.011053,0.220198,0.003406,0.220198,0.003406,0.219143,0.009403,0.220000,0.009533,0.220000,0.009330,0.220000,0.009330,0,0.181744,0.220000,0.212667,0.016866,0.002200,0.031053,-0.008947,0.311127,0.330000,0.003613,1
208,300000000,1.759940,1.478563,1.231211,0.219365,0.011240,0.220198,0.003406,0.220180,0.002971,0.220180,0.002971,0.219183,0.008952,0.220000,0.009330,0.220000,0.008902,0.220000,0.008902,0,0.173405,0.220000,0.212667,0.016663,0.001997,0.023406,-0.016594,0.311127,0.330000,0.003151,1
208,320000000,1.761232,1.482757,1.231432,0.219383,0.011053,0.220180,0.002971,0.220171,-0.005293,0.220171,-0.005293,0.219200,0.008939,0.220000,0.008902,0.220000,0.008675,0.220000,0.008675,0,0.168990,0.220000,0.212667,0.016235,0.001569,0.022971,-0.017029,0.311127,0.330000,-0.005614,1
208,360000000,1.763831,1.491141,1.231588,0.219379,0.003132,0.220171,-0.005293,0.220156,-0.005440,0.220156,-0.005440,0.219220,0.008348,0.220000,0.008675,0.220000,0.008296,0.220000,0.008296,0,0.161609,0.220000,0.212667,0.016009,0.001342,0.014707,-0.025293,0.311127,0.330000,-0.005770,1
208,400000000,1.766418,1.499546,1.231596,0.220077,0.000000,0.220156,-0.005440,0.220141,-0.014203,0.220141,-0.014203,0.219884,0.009223,0.220000,0.008296,0.220000,0.007887,0.220000,0.007887,0,0.153640,0.220000,0.212667,0.015630,0.000963,0.014560,-0.025440,0.311127,0.330000,-0.015065,1
208,420000000,1.767709,1.503755,1.231578,0.220145,0.000000,0.220141,-0.014203,0.220134,-0.014187,0.220134,-0.014187,0.219954,0.009173,0.220000,0.007887,0.220000,0.007677,0.220000,0.007677,0,0.149550,0.220000,0.212667,0.015221,0.000554,0.005797,-0.034203,0.311127,0.330000,-0.015047,1
208,460000000,1.770315,1.512166,1.231269,0.220120,-0.007832,0.220134,-0.014187,0.220121,-0.023431,0.220121,-0.023431,0.219954,0.008550,0.220000,0.007677,0.220000,0.007300,0.220000,0.007300,0,0.142193,0.220000,0.212667,0.015011,0.000344,0.005813,-0.034187,0.311127,0.330000,-0.024853,1
208,480000000,1.771623,1.516369,1.231112,0.220113,-0.007838,0.220121,-0.023431,0.220115,-0.023283,0.220115,-0.023283,0.219955,0.008356,0.220000,0.007300,0.220000,0.007110,0.220000,0.007110,0,0.138497,0.220000,0.212667,0.014633,-0.000034,-0.003431,-0.043431,0.311127,0.330000,-0.024696,1
208,520000000,1.774248,1.524773,1.230667,0.220100,-0.014220,0.220115,-0.023283,0.220102,-0.033603,0.220102,-0.033603,0.219956,0.007965,0.220000,0.007110,0.220000,0.006705,0.220000,0.006705,0,0.130606,0.220000,0.212667,0.014443,-0.000223,-0.003283,-0.043283,0.311127,0.330000,-0.035641,1
208,560000000,1.776895,1.533169,1.229925,0.220087,-0.020129,0.220102,-0.033603,0.220092,-0.045355,0.220092,-0.045355,0.219953,0.007663,0.220000,0.006705,0.220000,0.006360,0.220000,0.006360,0,0.123899,0.220000,0.212667,0.014038,-0.000629,-0.013603,-0.053603,0.311127,0.330000,-0.048107,1
208,580000000,1.778227,1.537364,1.229381,0.220080,-0.027203,0.220092,-0.045355,0.220088,-0.044842,0.220088,-0.044842,0.219955,0.007407,0.220000,0.006360,0.220000,0.006221,0.220000,0.006221,0,0.121179,0.220000,0.212667,0.013694,-0.000973,-0.025355,-0.065355,0.311127,0.330000,-0.047563,1
208,620000000,1.780907,1.545749,1.228092,0.220067,-0.037132,0.220088,-0.044842,0.220081,-0.057114,0.220081,-0.057114,0.219956,0.006998,0.220000,0.006221,0.220000,0.005967,0.220000,0.005967,0,0.116242,0.220000,0.212667,0.013554,-0.001112,-0.024842,-0.064842,0.311127,0.330000,-0.060579,1
208,640000000,1.782256,1.549939,1.227326,0.220066,-0.038297,0.220081,-0.057114,0.220078,-0.056392,0.220078,-0.056392,0.219956,0.006949,0.220000,0.005967,0.220000,0.005854,0.220000,0.005854,0,0.114042,0.220000,0.212667,0.013301,-0.001366,-0.037114,-0.077114,0.311127,0.330000,-0.059813,1
208,680000000,1.784974,1.558311,1.225357,0.220058,-0.050443,0.220078,-0.056392,0.220075,-0.068834,0.220075,-0.068834,0.219955,0.006718,0.220000,0.005854,0.220000,0.005727,0.220000,0.005727,0,0.111550,0.220000,0.212667,0.013188,-0.001479,-0.036392,-0.076392,0.311127,0.330000,-0.073009,1
208,700000000,1.786342,1.562494,1.224187,0.220053,-0.058522,0.220075,-0.068834,0.220074,-0.067730,0.220074,-0.067730,0.219954,0.006570,0.220000,0.005727,0.220000,0.005699,0.220000,0.005699,0,0.111007,0.220000,0.212667,0.013060,-0.001607,-0.048834,-0.088834,0.311127,0.330000,-0.071839,1
208,740000000,1.789097,1.570854,1.221715,0.220050,-0.061627,0.220074,-0.067730,0.220072,-0.082946,0.220072,-0.082946,0.219954,0.006501,0.220000,0.005699,0.220000,0.005634,0.220000,0.005634,0,0.109740,0.220000,0.212667,0.013032,-0.001635,-0.047730,-0.087730,0.311127,0.330000,-0.087977,1
208,760000000,1.790483,1.575031,1.220498,0.220049,-0.060835,0.220072,-0.082946,0.220071,-0.081799,0.220071,-0.081799,0.219954,0.006482,0.220000,0.005634,0.220000,0.005571,0.220000,0.005571,0,0.108515,0.220000,0.212667,0.012967,-0.001700,-0.062946,-0.102946,0.311127,0.330000,-0.086761,1
208,800000000,1.793273,1.583379,1.217731,0.220045,-0.074761,0.220071,-0.081799,0.220068,-0.099128,0.220068,-0.099128,0.219952,0.006382,0.220000,0.005571,0.220000,0.005469,0.220000,0.005469,0,0.106538,0.220000,0.212667,0.012904,-0.001763,-0.061799,-0.101799,0.311127,0.330000,-0.105142,1
208,820000000,1.794677,1.587550,1.216236,0.220045,-0.074710,0.220068,-0.099128,0.220067,-0.097720,0.220067,-0.097720,0.219952,0.006387,0.220000,0.005469,0.220000,0.005422,0.220000,0.005422,0,0.105627,0.220000,0.212667,0.012803,-0.001864,-0.079128,-0.119128,0.311127,0.330000,-0.103647,1
208,860000000,1.797510,1.595883,1.212632,0.220040,-0.091780,0.220067,-0.097720,0.220067,-0.116943,0.220067,-0.116943,0.219949,0.006329,0.220000,0.005422,0.220000,0.005440,0.220000,0.005440,0,0.105965,0.220000,0.212667,0.012756,-0.001911,-0.077720,-0.117720,0.311127,0.330000,-0.124036,1
208,880000000,1.798938,1.600046,1.210810,0.220039,-0.091092,0.220067,-0.116943,0.220067,-0.115225,0.220067,-0.115225,0.219948,0.006321,0.220000,0.005440,0.220000,0.005430,0.220000,0.005430,0,0.105777,0.220000,0.212667,0.012773,-0.001894,-0.096943,-0.136943,0.311127,0.330000,-0.122214,1
208,920000000,1.801816,1.608363,1.207102,0.220036,-0.095288,0.220067,-0.115225,0.220064,-0.135225,0.220064,-0.135225,0.219946,0.006323,0.220000,0.005430,0.220000,0.005310,0.220000,0.005310,0,0.103427,0.220000,0.212667,0.012763,-0.001903,-0.095225,-0.135225,0.311127,0.330000,-0.146639,1
208,940000000,1.803267,1.612518,1.204954,0.220036,-0.107411,0.220064,-0.135225,0.220064,-0.136227,0.220064,-0.136227,0.219944,0.006350,0.220000,0.005310,0.220000,0.005311,0.220000,0.005311,0,0.103453,0.220000,0.212667,0.012643,-0.002024,-0.115225,-0.155225,0.311127,0.330000,-0.144491,1
208,980000000,1.806197,1.620817,1.200309,0.220029,-0.124996,0.220064,-0.136227,0.220063,-0.156227,0.220063,-0.156227,0.219939,0.006304,0.220000,0.005311,0.220000,0.005281,0.220000,0.005281,0,0.102871,0.220000,0.212667,0.012644,-0.002022,-0.116227,-0.156227,0.311127,0.330000,-0.174416,1
209,0,1.807678,1.624961,1.197773,0.220027,-0.126768,0.220063,-0.156227,0.220064,-0.162051,0.220064,-0.162051,0.219936,0.006314,0.220000,0.005281,0.220000,0.005309,0.220000,0.005309,0,0.103412,0.220000,0.212667,0.012614,-0.002052,-0.136227,-0.176227,0.311127,0.330000,-0.171881,1
209,40000000,1.810672,1.633237,1.191962,0.220022,-0.147249,0.220064,-0.162051,0.220066,-0.182051,0.220066,-0.182051,0.219930,0.006364,0.220000,0.005309,0.220000,0.005377,0.220000,0.005377,0,0.104750,0.220000,0.212667,0.012642,-0.002025,-0.142051,-0.182051,0.311127,0.330000,-0.208581,1
209,80000000,1.813713,1.641496,1.185924,0.220017,-0.152547,0.220066,-0.182051,0.220065,-0.202051,0.220065,-0.202051,0.219923,0.006449,0.220000,0.005377,0.220000,0.005357,0.220000,0.005357,0,0.104358,0.220000,0.212667,0.012711,-0.001956,-0.162051,-0.202051,0.311127,0.330000,-0.254052,1
209,100000000,1.815251,1.645618,1.182729,0.220015,-0.159791,0.220065,-0.202051,0.220063,-0.222051,0.220063,-0.222051,0.219919,0.006500,0.220000,0.005357,0.220000,0.005283,0.220000,0.005283,0,0.102901,0.220000,0.212667,0.012691,-0.001976,-0.182051,-0.222051,0.311127,0.330000,-0.250856,1
209,140000000,1.818366,1.653849,1.175656,0.220009,-0.176640,0.220063,-0.222051,0.220061,-0.242051,0.220061,-0.242051,0.219910,0.006614,0.220000,0.005283,0.220000,0.005197,0.220000,0.005197,0,0.101236,0.220000,0.212667,0.012616,-0.002051,-0.202051,-0.242051,0.311127,0.330000,-0.310233,1
209,160000000,1.819946,1.657956,1.171682,0.220003,-0.198718,0.220061,-0.242051,0.220060,-0.262051,0.220060,-0.262051,0.219904,0.006614,0.220000,0.005197,0.220000,0.005153,0.220000,0.005153,0,0.100371,0.220000,0.212667,0.012530,-0.002136,-0.222051,-0.262051,0.311127,0.330000,-0.306258,1
209,200000000,1.823154,1.666150,1.163410,0.219991,-0.212822,0.220060,-0.262051,0.220055,-0.282051,0.220055,-0.282051,0.219891,0.006644,0.220000,0.005153,0.220000,0.004901,0.220000,0.004901,0,0.095462,0.220000,0.212667,0.012486,-0.002181,-0.242051,-0.282051,0.311127,0.330000,-0.385960,1
209,240000000,1.826433,1.674315,1.154377,0.219976,-0.226809,0.220055,-0.282051,0.220046,-0.302051,0.220046,-0.302051,0.219875,0.006668,0.220000,0.004901,0.220000,0.004516,0.220000,0.004516,0,0.087972,0.220000,0.212667,0.012234,-0.002433,-0.262051,-0.302051,0.311127,0.330000,-0.497596,1
209,260000000,1.828103,1.678385,1.149405,0.219962,-0.248619,0.220046,-0.302051,0.220037,-0.322051,0.220037,-0.322051,0.219864,0.006539,0.220000,0.004516,0.220000,0.004052,0.220000,0.004052,0,0.078937,0.220000,0.212667,0.011849,-0.002817,-0.282051,-0.322051,0.311127,0.330000,-0.492624,1
209,300000000,1.831515,1.686494,1.139007,0.219917,-0.271798,0.220037,-0.322051,0.220020,-0.342051,0.220020,-0.342051,0.219838,0.005897,0.220000,0.004052,0.220000,0.002982,0.220000,0.002982,0,0.058096,0.220000,0.212667,0.011386,-0.003281,-0.302051,-0.342051,0.311127,0.330000,-0.649142,1
209,320000000,1.833259,1.690532,1.133582,0.219909,-0.271259,0.220020,-0.342051,0.220009,-0.362051,0.220009,-0.362051,0.219828,0.005959,0.220000,0.002982,0.220000,0.002006,0.220000,0.002006,0,0.039077,0.220000,0.212667,0.010316,-0.004351,-0.322051,-0.362051,0.311127,0.330000,-0.643717,1
209,360000000,1.836838,1.698565,1.121995,0.219856,-0.294190,0.220009,-0.362051,0.220002,-0.382051,0.220002,-0.382051,0.219796,0.005120,0.220000,0.002006,0.220000,-0.000832,0.220000,-0.000832,0,-0.016198,0.220000,0.212667,0.009339,-0.005327,-0.342051,-0.382051,0.311127,0.330000,-0.854049,1
209,380000000,1.838696,1.702549,1.115907,0.219793,-0.304409,0.220002,-0.382051,0.220016,-0.402051,0.220016,-0.402051,0.219766,0.003469,0.220000,-0.000832,0.220000,-0.002661,0.220000,-0.002661,0,-0.051836,0.220000,0.212667,0.006502,-0.008165,-0.362051,-0.402051,0.311127,0.330000,-0.847961,1
209,420000000,1.842544,1.710451,1.103329,0.219733,-0.314206,0.220016,-0.402051,0.220206,-0.422051,0.220206,-0.422051,0.219725,0.001849,0.220000,-0.002661,0.220000,-0.009519,0.220000,-0.009519,0,-0.185662,0.220000,0.212667,0.004672,-0.009994,-0.382051,-0.422051,0.311127,0.330000,-0.960625,1
209,440000000,1.844528,1.714372,1.096681,0.219698,-0.332420,0.220206,-0.422051,0.220130,-0.442051,0.220130,-0.442051,0.219698,0.000000,0.220000,-0.009519,0.220000,-0.007576,0.220000,-0.007576,0,-0.149762,0.220000,0.212667,-0.002186,-0.016853,-0.402051,-0.442051,0.311127,0.330000,-0.953976,1
209,480000000,1.848638,1.722138,1.082937,0.219651,-0.350545,0.220130,-0.442051,0.220026,-0.462051,0.220026,-0.462051,0.219634,-0.002741,0.220000,-0.007576,0.220000,-0.003402,0.220000,-0.003402,0,-0.069120,0.220000,0.212667,-0.000243,-0.014910,-0.422051,-0.462051,0.311127,0.330000,-0.940233,1
209,500000000,1.850783,1.725971,1.075810,0.219644,-0.356346,0.220026,-0.462051,0.220003,-0.482051,0.220003,-0.482051,0.219608,-0.004028,0.220000,-0.003402,0.220000,-0.001135,0.220000,-0.001135,0,-0.023390,0.220000,0.212667,0.003931,-0.010736,-0.442051,-0.482051,0.311127,0.330000,-0.933106,1
209,540000000,1.855060,1.733638,1.060586,0.219628,-0.384271,0.220003,-0.482051,0.220031,-0.502051,0.220031,-0.502051,0.219628,0.000000,0.220000,-0.001135,0.220000,0.003694,0.220000,0.003694,0,0.078309,0.220000,0.212667,0.006198,-0.008469,-0.462051,-0.502051,0.311127,0.330000,-0.917882,1
209,580000000,1.859317,1.741305,1.044271,0.219167,-0.421540,0.220031,-0.502051,0.220178,-0.522051,0.220178,-0.522051,0.219112,0.004895,0.220000,0.003694,0.220000,0.008848,0.220000,0.008848,0,0.193144,0.220000,0.212667,0.011027,-0.003639,-0.482051,-0.522051,0.311127,0.330000,-0.901566,1
209,600000000,1.861430,1.745159,1.035998,0.219748,-0.413634,0.220178,-0.522051,0.220297,-0.542051,0.220297,-0.542051,0.219652,0.006511,0.220000,0.008848,0.220000,0.011436,0.220000,0.011436,0,0.253429,0.220000,0.212667,0.016181,0.001514,-0.502051,-0.542051,0.311127,0.330000,-0.893294,1
209,640000000,1.865621,1.752883,1.018328,0.219959,-0.441425,0.220297,-0.542051,0.220650,-0.562051,0.220650,-0.562051,0.219662,0.011413,0.220000,0.011436,0.220000,0.016920,0.220000,0.016920,0,0.386665,0.220000,0.212667,0.018769,0.004103,-0.522051,-0.562051,0.311127,0.330000,-0.875623,1
209,660000000,1.867723,1.756748,1.009129,0.220012,-0.459932,0.220650,-0.562051,0.220887,-0.582051,0.220887,-0.582051,0.219624,0.013061,0.220000,0.016920,0.220000,0.019777,0.220000,0.019777,0,0.459138,0.220000,0.212667,0.024253,0.009587,-0.542051,-0.582051,0.311127,0.330000,-0.866424,1
209,700000000,1.871973,1.764454,0.990298,0.219926,-0.474998,0.220887,-0.582051,0.221494,-0.600000,0.221494,-0.600000,0.219366,0.015689,0.220000,0.019777,0.220000,0.025680,0.220000,0.025680,0,0.615756,0.220000,0.212667,0.027110,0.012444,-0.562051,-0.600000,0.311127,0.330000,-0.847593,1
209,720000000,1.874039,1.768356,0.980602,0.220738,-0.484815,0.221494,-0.600000,0.221855,-0.600000,0.221855,-0.600000,0.219662,0.021771,0.220000,0.025680,0.220000,0.028629,0.220000,0.028629,0,0.697963,0.220000,0.212667,0.033014,0.018347,-0.580000,-0.600000,0.311127,0.330000,-0.837897,1
209,760000000,1.878203,1.776152,0.961165,0.221175,-0.488564,0.221855,-0.600000,0.222699,-0.600000,0.222699,-0.600000,0.219584,0.026480,0.220000,0.028629,0.220000,0.034565,0.220000,0.034565,0,0.871888,0.220000,0.212667,0.035963,0.021296,-0.580000,-0.600000,0.311127,0.330000,-0.818461,1
209,780000000,1.880287,1.780058,0.951452,0.221389,-0.485686,0.222699,-0.600000,0.223177,-0.600000,0.223177,-0.600000,0.219664,0.027583,0.220000,0.034565,0.220000,0.037521,0.220000,0.037521,0,0.963207,0.220000,0.212667,0.041898,0.027231,-0.580000,-0.600000,0.311127,0.330000,-0.808747,1
209,820000000,1.884332,1.787982,0.931789,0.222653,-0.490550,0.223177,-0.600000,0.224218,-0.600000,0.224218,-0.600000,0.219724,0.035996,0.220000,0.037521,0.220000,0.043287,0.220000,0.043287,0,1.152133,0.220000,0.212667,0.044855,0.030188,-0.580000,-0.600000,0.311127,0.330000,-0.789084,1
209,860000000,1.888434,1.795898,0.912164,0.223125,-0.489894,0.224218,-0.600000,0.225407,-0.600000,0.225407,-0.600000,0.219690,0.038999,0.220000,0.043287,0.220000,0.049074,0.220000,0.049074,0,1.356209,0.220000,0.212667,0.050621,0.035954,-0.580000,-0.600000,0.311127,0.330000,-0.769459,1
209,880000000,1.890477,1.799878,0.902326,0.223694,-0.491862,0.225407,-0.600000,0.226047,-0.600000,0.226047,-0.600000,0.219669,0.042240,0.220000,0.049074,0.220000,0.051936,0.220000,0.051936,0,1.463454,0.220000,0.212667,0.056407,0.041741,-0.580000,-0.600000,0.311127,0.330000,-0.759622,1
209,920000000,1.894443,1.807975,0.882493,0.225394,-0.494883,0.226047,-0.600000,0.227375,-0.600000,0.227375,-0.600000,0.219769,0.050036,0.220000,0.051936,0.220000,0.057441,0.220000,0.057441,0,1.685089,0.220000,0.212667,0.059270,0.044603,-0.580000,-0.600000,0.311127,0.330000,-0.739789,1
209,940000000,1.896447,1.812024,0.872571,0.225878,-0.496120,0.227375,-0.600000,0.228087,-0.600000,0.228087,-0.600000,0.219708,0.052433,0.220000,0.057441,0.220000,0.060195,0.220000,0.060195,0,1.803024,0.220000,0.212667,0.064774,0.050108,-0.580000,-0.600000,0.311127,0.330000,-0.729866,1
209,980000000,1.900498,1.820127,0.852777,0.226960,-0.496022,0.228087,-0.600000,0.229598,-0.600000,0.229598,-0.600000,0.219719,0.056874,0.220000,0.060195,0.220000,0.065691,0.220000,0.065691,0,2.054269,0.220000,0.212667,0.067529,0.052862,-0.580000,-0.600000,0.311127,0.330000,-0.710072,1
210,0,1.902495,1.824228,0.842828,0.228054,-0.497451,0.229598,-0.600000,0.230374,-0.600000,0.230374,-0.600000,0.219771,0.060905,0.220000,0.065691,0.220000,0.068354,0.220000,0.068354,0,2.185999,0.220000,0.212667,0.073024,0.058357,-0.580000,-0.600000,0.311127,0.330000,-0.700123,1
210,40000000,1.906499,1.832472,0.822916,0.229567,-0.498289,0.230374,-0.600000,0.231985,-0.600000,0.231985,-0.600000,0.219787,0.066293,0.220000,0.068354,0.220000,0.073601,0.220000,0.073601,0,2.466063,0.220000,0.212667,0.075687,0.061021,-0.580000,-0.600000,0.311127,0.330000,-0.680212,1
210,80000000,1.910507,1.840787,0.802978,0.231968,-0.500784,0.231985,-0.600000,0.233654,-0.600000,0.233654,-0.600000,0.219876,0.073917,0.220000,0.073601,0.220000,0.078702,0.220000,0.078702,0,2.769994,0.220000,0.212667,0.080934,0.066268,-0.580000,-0.600000,0.311127,0.330000,-0.660274,1
210,100000000,1.912516,1.844969,0.793001,0.231982,-0.498857,0.233654,-0.600000,0.234507,-0.600000,0.234507,-0.600000,0.219810,0.074154,0.220000,0.078702,0.220000,0.081200,0.220000,0.081200,0,2.932230,0.220000,0.212667,0.086035,0.071369,-0.580000,-0.600000,0.311127,0.330000,-0.650297,1
210,140000000,1.916527,1.853406,0.773011,0.233653,-0.498977,0.234507,-0.600000,0.236222,-0.600000,0.236222,-0.600000,0.219813,0.079222,0.220000,0.081200,0.220000,0.086028,0.220000,0.086028,0,3.278206,0.220000,0.212667,0.088533,0.073866,-0.580000,-0.600000,0.311127,0.330000,-0.630307,1
210,160000000,1.918541,1.857650,0.763017,0.234882,-0.499738,0.236222,-0.600000,0.237087,-0.600000,0.237087,-0.600000,0.219809,0.082788,0.220000,0.086028,0.220000,0.088376,0.220000,0.088376,0,3.463860,0.220000,0.212667,0.093362,0.078695,-0.580000,-0.600000,0.311127,0.330000,-0.620312,1
210,180000000,1.920547,1.861927,0.753005,0.236172,-0.500587,0.237087,-0.600000,0.237942,-0.600000,0.237942,-0.600000,0.219794,0.086418,0.220000,0.088376,0.220000,0.090644,0.220000,0.090644,0,3.657724,0.220000,0.212667,0.095710,0.081043,-0.580000,-0.600000,0.311127,0.330000,-0.610300,1
210,220000000,1.924640,1.870470,0.733041,0.237086,-0.498660,0.237942,-0.600000,0.239697,-0.600000,0.239697,-0.600000,0.219769,0.088947,0.220000,0.090644,0.220000,0.095157,0.220000,0.095157,0,4.081839,0.220000,0.212667,0.097977,0.083311,-0.580000,-0.600000,0.311127,0.330000,-0.590336,1
210,240000000,1.926711,1.874752,0.723078,0.237837,-0.498150,0.239697,-0.600000,0.240582,-0.600000,0.240582,-0.600000,0.219728,0.091028,0.220000,0.095157,0.220000,0.097364,0.220000,0.097364,0,4.313003,0.220000,0.212667,0.102491,0.087824,-0.580000,-0.600000,0.311127,0.330000,-0.580373,1
210,280000000,1.930860,1.883395,0.703119,0.239695,-0.497956,0.240582,-0.600000,0.242304,-0.600000,0.242304,-0.600000,0.219721,0.095793,0.220000,0.097364,0.220000,0.101543,0.220000,0.101543,0,4.815113,0.220000,0.212667,0.104698,0.090031,-0.580000,-0.600000,0.311127,0.330000,-0.560414,1
210,320000000,1.935118,1.892022,0.683248,0.240573,-0.495596,0.242304,-0.600000,0.244056,-0.600000,0.244056,-0.600000,0.219617,0.098202,0.220000,0.101543,0.220000,0.105657,0.220000,0.105657,0,5.391558,0.220000,0.212667,0.108877,0.094210,-0.580000,-0.600000,0.311127,0.330000,-0.540543,1
210,340000000,1.937231,1.896406,0.673267,0.243324,-0.499057,0.244056,-0.600000,0.244858,-0.600000,0.244858,-0.600000,0.219737,0.104509,0.220000,0.105657,0.220000,0.107496,0.220000,0.107496,0,5.704820,0.220000,0.212667,0.112990,0.098323,-0.580000,-0.600000,0.311127,0.330000,-0.530562,1
210,380000000,1.941532,1.905175,0.653357,0.244290,-0.497241,0.244858,-0.600000,0.246430,-0.600000,0.246430,-0.600000,0.219597,0.107028,0.220000,0.107496,0.220000,0.111030,0.220000,0.111030,0,6.406807,0.220000,0.212667,0.114829,0.100162,-0.580000,-0.600000,0.311127,0.330000,-0.510652,1
210,400000000,1.943725,1.909553,0.643446,0.244848,-0.495516,0.246430,-0.600000,0.247202,-0.600000,0.247202,-0.600000,0.219568,0.108353,0.220000,0.111030,0.220000,0.112734,0.220000,0.112734,0,6.802929,0.220000,0.212667,0.118364,0.103697,-0.580000,-0.600000,0.311127,0.330000,-0.500742,1
210,440000000,1.948198,1.918297,0.623655,0.246219,-0.496060,0.247202,-0.600000,0.248710,-0.600000,0.248710,-0.600000,0.219465,0.111621,0.220000,0.112734,0.220000,0.116003,0.220000,0.116003,0,7.708086,0.220000,0.212667,0.120067,0.105401,-0.580000,-0.600000,0.311127,0.330000,-0.480950,0
210,460000000,1.950473,1.922668,0.613807,0.246403,-0.492397,0.248710,-0.600000,0.249424,-0.600000,0.249424,-0.600000,0.219392,0.112168,0.220000,0.116003,0.220000,0.117527,0.220000,0.117527,0,8.226845,0.220000,0.212667,0.123336,0.108669,-0.580000,-0.600000,0.311127,0.330000,-0.471103,0
210,500000000,1.955053,1.931486,0.594026,0.248684,-0.492426,0.249424,-0.600000,0.250628,-0.600000,0.250628,-0.600000,0.219382,0.117111,0.220000,0.117527,0.220000,0.120060,0.220000,0.120060,0,9.418642,0.220000,0.212667,0.124860,0.110193,-0.580000,-0.600000,0.311127,0.330000,-0.451321,0
210,520000000,1.957391,1.935883,0.584199,0.249003,-0.491325,0.250628,-0.600000,0.251164,-0.600000,0.251164,-0.600000,0.219283,0.117972,0.220000,0.120060,0.220000,0.121174,0.220000,0.121174,0,10.118191,0.220000,0.212667,0.127394,0.112727,-0.580000,-0.600000,0.311127,0.330000,-0.441495,0
210,560000000,1.962157,1.944655,0.564578,0.249780,-0.491198,0.251164,-0.600000,0.252056,-0.600000,0.252056,-0.600000,0.219054,0.120023,0.220000,0.121174,0.220000,0.123012,0.220000,0.123012,0,11.794210,0.220000,0.212667,0.128507,0.113841,-0.580000,-0.600000,0.311127,0.330000,-0.421873,0
210,580000000,1.964572,1.949058,0.554796,0.251110,-0.489093,0.252056,-0.600000,0.252314,-0.600000,0.252314,-0.600000,0.219156,0.122584,0.220000,0.123012,0.220000,0.123541,0.220000,0.123541,0,12.798658,0.220000,0.212667,0.130345,0.115679,-0.580000,-0.600000,0.311127,0.330000,-0.412091,0
210,620000000,1.969504,1.957826,0.535294,0.251872,-0.487744,0.252314,-0.600000,0.252471,-0.600000,0.252471,-0.600000,0.218978,0.124452,0.220000,0.123541,0.220000,0.123862,0.220000,0.123862,0,15.298604,0.220000,0.212667,0.130875,0.116208,-0.580000,-0.600000,0.311127,0.330000,-0.392590,0
210,660000000,1.974570,1.966546,0.515902,0.252313,-0.484333,0.252471,-0.600000,0.251839,-0.600000,0.251839,-0.600000,0.218834,0.125593,0.220000,0.123862,0.220000,0.122568,0.220000,0.122568,0,18.749740,0.220000,0.212667,0.131195,0.116528,-0.580000,-0.600000,0.311127,0.330000,-0.373197,0
210,680000000,1.977158,1.970879,0.506247,0.252338,-0.482749,0.251839,-0.600000,0.251072,-0.600000,0.251072,-0.600000,0.218753,0.125783,0.220000,0.122568,0.220000,0.120984,0.220000,0.120984,0,21.013294,0.220000,0.212667,0.129901,0.115235,-0.580000,-0.600000,0.311127,0.330000,-0.363542,0
210,720000000,1.982464,1.979441,0.487053,0.251638,-0.478888,0.251072,-0.600000,0.248101,-0.600000,0.248101,-0.600000,0.218490,0.124835,0.220000,0.120984,0.220000,0.114691,0.220000,0.114691,0,27.283528,0.220000,0.212667,0.128318,0.113651,-0.580000,-0.600000,0.311127,0.330000,-0.344349,0
210,740000000,1.985183,1.983668,0.477515,0.251346,-0.476941,0.248101,-0.600000,0.245334,-0.600000,0.245334,-0.600000,0.218447,0.124322,0.220000,0.114691,0.220000,0.108575,0.220000,0.108575,0,31.651183,0.220000,0.212667,0.122025,0.107358,-0.580000,-0.600000,0.311127,0.330000,-0.334810,0
210,780000000,1.990843,1.991800,0.458715,0.247677,-0.469536,0.245334,-0.600000,0.242178,-0.600000,0.242178,-0.600000,0.217907,0.117731,0.220000,0.108575,0.220000,0.101242,0.220000,0.101242,0,43.645956,0.220000,0.212667,0.115909,0.101242,-0.580000,-0.600000,0.311127,0.330000,-0.316010,0
210,800000000,1.993772,1.995722,0.449428,0.244754,-0.464316,0.242178,-0.600000,0.239205,-0.600000,0.239205,-0.600000,0.217591,0.112065,0.220000,0.101242,0.220000,0.093909,0.220000,0.093909,0,40.207128,0.220000,0.212667,0.108575,0.093909,-0.580000,-0.600000,0.311127,0.330000,-0.306724,0
210,840000000,1.999795,2.003351,0.431018,0.241371,-0.457022,0.239205,-0.600000,0.229614,-0.600000,0.229614,-0.600000,0.217410,0.104847,0.220000,0.093909,0.212667,0.086575,0.212667,0.086575,0,-555.462798,0.220000,0.212667,0.101242,0.086575,-0.580000,-0.600000,0.311127,0.330000,-0.288314,0
210,860000000,2.002930,2.006935,0.421983,0.238099,-0.451759,0.229614,-0.600000,0.220093,-0.600000,0.220093,-0.600000,0.216806,0.098420,0.212667,0.086575,0.205333,0.079242,0.205333,0.079242,0,-180.882433,0.220000,0.205333,0.093909,0.079242,-0.580000,-0.600000,0.311127,0.330000,-0.279279,0
210,900000000,2.009190,2.013743,0.403883,0.228381,-0.450088,0.220093,-0.600000,0.210653,-0.600000,0.210653,-0.600000,0.209372,0.091221,0.205333,0.079242,0.198000,0.071909,0.198000,0.071909,0,-66.043269,0.212667,0.198000,0.086575,0.071909,-0.580000,-0.600000,0.311127,0.330000,-0.261178,0
210,920000000,2.012287,2.016932,0.394690,0.222297,-0.459621,0.210653,-0.600000,0.201305,-0.600000,0.201305,-0.600000,0.204661,0.086774,0.198000,0.071909,0.190667,0.064575,0.190667,0.064575,0,-49.833390,0.205333,0.190667,0.079242,0.064575,-0.580000,-0.600000,0.311127,0.330000,-0.251986,0
210,960000000,2.018344,2.022703,0.376802,0.209145,-0.447142,0.201305,-0.600000,0.192062,-0.600000,0.192062,-0.600000,0.194537,0.076792,0.190667,0.064575,0.183333,0.057242,0.183333,0.057242,0,-33.713833,0.198000,0.183333,0.071909,0.057242,-0.580000,-0.600000,0.311127,0.330000,-0.234098,0
210,980000000,2.021338,2.025371,0.367802,0.200492,-0.449997,0.192062,-0.600000,0.182940,-0.600000,0.182940,-0.600000,0.187924,0.069868,0.183333,0.057242,0.176000,0.049909,0.176000,0.049909,0,-29.121058,0.190667,0.176000,0.064575,0.049909,-0.580000,-0.600000,0.311127,0.330000,-0.225098,0
211,20000000,2.027245,2.030309,0.349627,0.185425,-0.462908,0.182940,-0.600000,0.173957,-0.600000,0.173957,-0.600000,0.176120,0.058001,0.176000,0.049909,0.168667,0.042575,0.168667,0.042575,0,-23.050547,0.183333,0.168667,0.057242,0.042575,-0.580000,-0.600000,0.311127,0.330000,-0.206923,0
211,40000000,2.030116,2.032511,0.340766,0.180921,-0.443072,0.173957,-0.600000,0.165138,-0.600000,0.165138,-0.600000,0.172314,0.055136,0.168667,0.042575,0.161333,0.035242,0.161333,0.035242,0,-20.954701,0.176000,0.161333,0.049909,0.035242,-0.580000,-0.600000,0.311127,0.330000,-0.198062,0
211,80000000,2.035800,2.036576,0.322935,0.171796,-0.442199,0.165138,-0.600000,0.156508,-0.600000,0.156508,-0.600000,0.164983,0.047902,0.161333,0.035242,0.154000,0.027909,0.154000,0.027909,0,-17.808780,0.168667,0.154000,0.042575,0.027909,-0.580000,-0.600000,0.311127,0.330000,-0.180230,0
211,120000000,2.041318,2.040071,0.304920,0.156000,-0.456465,0.156508,-0.600000,0.148103,-0.600000,0.148103,-0.600000,0.152272,0.033902,0.154000,0.027909,0.146667,0.020575,0.146667,0.020575,0,-15.586685,0.161333,0.146667,0.035242,0.020575,-0.580000,-0.600000,0.311127,0.330000,-0.162215,1
211,140000000,2.043989,2.041598,0.296132,0.153825,-0.439391,0.148103,-0.600000,0.139961,-0.600000,0.139961,-0.600000,0.150142,0.033461,0.146667,0.020575,0.139333,0.013242,0.139333,0.013242,0,-14.705287,0.154000,0.139333,0.027909,0.013242,-0.580000,-0.600000,0.311127,0.330000,-0.153428,1
211,180000000,2.049223,2.044287,0.278451,0.145157,-0.438263,0.139961,-0.600000,0.132132,-0.600000,0.132132,-0.600000,0.142765,0.026240,0.139333,0.013242,0.132000,0.005909,0.132000,0.005909,0,-13.252427,0.146667,0.132000,0.020575,0.005909,-0.580000,-0.600000,0.311127,0.330000,-0.135747,1
211,200000000,2.051789,2.045469,0.269579,0.141240,-0.443623,0.132132,-0.600000,0.124675,-0.580000,0.124675,-0.580000,0.139478,0.022243,0.132000,0.005909,0.124667,-0.001425,0.124667,-0.001425,0,-12.647216,0.139333,0.124667,0.013242,-0.001425,-0.580000,-0.600000,0.311127,0.330000,-0.126874,1
211,240000000,2.056805,2.047556,0.251993,0.134937,-0.442175,0.124675,-0.580000,0.117660,-0.560000,0.117660,-0.560000,0.133835,0.017212,0.124667,-0.001425,0.117333,-0.008758,0.117333,-0.008758,0,-11.621128,0.132000,0.117333,0.005909,-0.008758,-0.560000,-0.600000,0.311127,0.330000,-0.109289,1
211,260000000,2.059191,2.048250,0.242911,0.124274,-0.454105,0.117660,-0.560000,0.111171,-0.540000,0.111171,-0.540000,0.124193,0.004501,0.117333,-0.008758,0.110000,-0.016091,0.110000,-0.016091,0,-11.179054,0.124667,0.110000,-0.001425,-0.016091,-0.540000,-0.580000,0.311127,0.330000,-0.100207,1
211,300000000,2.063761,2.049371,0.225339,0.114648,-0.440537,0.111171,-0.540000,0.105305,-0.520000,0.105305,-0.520000,0.114618,-0.002636,0.110000,-0.016091,0.102667,-0.023425,0.102667,-0.023425,0,-10.418726,0.117333,0.102667,-0.008758,-0.023425,-0.520000,-0.560000,0.311127,0.330000,-0.082635,1
