sec,nsec,x,y,yaw,v_real,w_real,v_now,w_now,v_cmd,w_cmd,v_nav,w_nav,vx_real,vy_real,vx_now,vy_now,vx_cmd,vy_cmd,vx_nav,vy_nav,velocity_violation,curvature,dw_vx_max,dw_vx_min,dw_vy_max,dw_vy_min,dw_w_max,dw_w_min,v_reg,lookahead_dist,lookahead_yaw,is_accel
150,540000000,-0.000000,0.000000,0.000000,0.000000,0.000000,0.083742,0.540000,0.074409,0.560000,0.074409,0.560000,0.000000,0.000000,-0.078312,-0.029662,-0.070979,-0.022329,-0.070979,-0.022329,0,12.150624,-0.070979,-0.085646,-0.022329,-0.036996,0.560000,0.520000,0.311127,0.110000,1.060463,1
150,580000000,-0.000318,-0.000277,-0.000003,0.021083,0.000000,0.074409,0.560000,0.065389,0.580000,0.065389,0.580000,-0.015876,-0.013873,-0.070979,-0.022329,-0.063646,-0.014996,-0.063646,-0.014996,0,12.133102,-0.063646,-0.078312,-0.014996,-0.029662,0.580000,0.540000,0.311127,0.110000,1.060466,1
150,600000000,-0.000798,-0.000730,0.000319,0.032991,0.016082,0.065389,0.580000,0.056831,0.600000,0.056831,0.600000,-0.024029,-0.022605,-0.063646,-0.014996,-0.056312,-0.007662,-0.056312,-0.007662,0,12.104219,-0.056312,-0.070979,-0.007662,-0.022329,0.600000,0.560000,0.311127,0.110000,1.060144,1
150,640000000,-0.002486,-0.001475,0.000749,0.049605,0.015859,0.056831,0.600000,0.048980,0.600000,0.048980,0.600000,-0.046678,-0.016789,-0.056312,-0.007662,-0.048979,-0.000329,-0.048979,-0.000329,0,11.956284,-0.048979,-0.063646,-0.000329,-0.014996,0.600000,0.580000,0.311127,0.110000,1.059714,1
150,660000000,-0.003412,-0.001758,0.001267,0.048424,0.025916,0.048980,0.600000,0.042231,0.600000,0.042231,0.600000,-0.046315,-0.014133,-0.048979,-0.000329,-0.041646,0.007004,-0.041646,0.007004,0,11.862112,-0.041646,-0.056312,0.007004,-0.007662,0.600000,0.580000,0.311127,0.110000,1.059196,1
150,700000000,-0.005216,-0.001860,0.002707,0.045115,0.034942,0.042231,0.600000,0.037188,0.600000,0.037188,0.600000,-0.045053,-0.002357,-0.041646,0.007004,-0.034312,0.014338,-0.034312,0.014338,0,11.640062,-0.034312,-0.048979,0.014338,-0.000329,0.600000,0.580000,0.311127,0.110000,1.057756,1
150,740000000,-0.006782,-0.001691,0.005358,0.038328,0.062757,0.037188,0.600000,0.034605,0.600000,0.034605,0.600000,-0.037978,0.005171,-0.034312,0.014338,-0.026979,0.021671,-0.026979,0.021671,0,11.406367,-0.026979,-0.041646,0.021671,0.007004,0.600000,0.580000,0.311127,0.110000,1.055104,1
150,760000000,-0.007464,-0.001489,0.007263,0.035520,0.095208,0.034605,0.600000,0.035031,0.600000,0.035031,0.600000,-0.033985,0.010330,-0.026979,0.021671,-0.019646,0.029004,-0.019646,0.029004,0,11.283782,-0.019646,-0.034312,0.029004,0.014338,0.600000,0.580000,0.311127,0.110000,1.053200,1
150,800000000,-0.008622,-0.000885,0.011319,0.032245,0.112048,0.035031,0.600000,0.038367,0.600000,0.038367,0.600000,-0.026725,0.018042,-0.019646,0.029004,-0.012312,0.036338,-0.012312,0.036338,0,11.042478,-0.012312,-0.026979,0.036338,0.021671,0.600000,0.580000,0.311127,0.110000,1.049143,1
150,820000000,-0.008967,-0.000335,0.013763,0.032431,0.122182,0.038367,0.600000,0.043954,0.600000,0.043954,0.600000,-0.016882,0.027690,-0.012312,0.036338,-0.004979,0.043671,-0.004979,0.043671,0,10.925562,-0.004979,-0.019646,0.043671,0.029004,0.600000,0.580000,0.311127,0.110000,1.046700,1
150,860000000,-0.009505,0.000947,0.019528,0.036482,0.152216,0.043954,0.600000,0.051058,0.600000,0.051058,0.600000,-0.010146,0.035042,-0.004979,0.043671,0.002354,0.051004,0.002354,0.051004,0,10.681861,0.002354,-0.012312,0.051004,0.036338,0.600000,0.580000,0.311127,0.110000,1.040934,1
150,880000000,-0.009674,0.001701,0.022737,0.038640,0.160418,0.051058,0.600000,0.059136,0.600000,0.059136,0.600000,-0.007645,0.037877,0.002354,0.051004,0.009688,0.058338,0.009688,0.058338,0,10.558123,0.009688,-0.004979,0.058338,0.043671,0.600000,0.580000,0.311127,0.110000,1.037726,1
150,920000000,-0.009575,0.003710,0.030116,0.050275,0.182633,0.059136,0.600000,0.067841,0.600000,0.067841,0.600000,0.004066,0.050110,0.009688,0.058338,0.017021,0.065671,0.017021,0.065671,0,10.312363,0.017021,0.002354,0.065671,0.051004,0.600000,0.580000,0.311127,0.110000,1.030346,1
150,940000000,-0.009453,0.004817,0.034443,0.055684,0.216326,0.067841,0.600000,0.076959,0.600000,0.076959,0.600000,0.007880,0.055123,0.017021,0.065671,0.024354,0.073004,0.024354,0.073004,0,10.180317,0.024354,0.009688,0.073004,0.058338,0.600000,0.580000,0.311127,0.110000,1.026020,1
150,980000000,-0.008989,0.007319,0.043822,0.070206,0.245408,0.076959,0.600000,0.086361,0.600000,0.086361,0.600000,0.019115,0.067553,0.024354,0.073004,0.031688,0.080338,0.031688,0.080338,0,9.909512,0.031688,0.017021,0.080338,0.065671,0.600000,0.580000,0.311127,0.110000,1.016640,1
151,0,-0.008580,0.008779,0.048845,0.075826,0.251132,0.086361,0.600000,0.095963,0.600000,0.095963,0.600000,0.023803,0.071993,0.031688,0.080338,0.039021,0.087671,0.039021,0.087671,0,9.774928,0.039021,0.024354,0.087671,0.073004,0.600000,0.580000,0.311127,0.110000,1.011618,1
151,40000000,-0.007612,0.011941,0.059701,0.085998,0.279264,0.095963,0.600000,0.105710,0.600000,0.105710,0.600000,0.031166,0.080152,0.039021,0.087671,0.046354,0.095004,0.046354,0.095004,0,9.492324,0.046354,0.031688,0.095004,0.080338,0.600000,0.580000,0.311127,0.110000,1.028894,1
151,80000000,-0.006335,0.015513,0.071376,0.103337,0.300627,0.105710,0.600000,0.115565,0.600000,0.115565,0.600000,0.044506,0.093261,0.046354,0.095004,0.053688,0.102338,0.053688,0.102338,0,9.218844,0.053688,0.039021,0.102338,0.087671,0.600000,0.580000,0.311127,0.110000,1.017220,1
151,100000000,-0.005552,0.017475,0.077392,0.105614,0.300819,0.115565,0.600000,0.125504,0.600000,0.125504,0.600000,0.046337,0.094907,0.053688,0.102338,0.061021,0.109671,0.061021,0.109671,0,9.085031,0.061021,0.046354,0.109671,0.095004,0.600000,0.580000,0.311127,0.110000,1.011204,1
151,120000000,-0.004674,0.019569,0.083810,0.113548,0.320924,0.125504,0.600000,0.135507,0.600000,0.135507,0.600000,0.052242,0.100816,0.061021,0.109671,0.068354,0.117004,0.068354,0.117004,0,8.947620,0.068354,0.053688,0.117004,0.102338,0.600000,0.580000,0.311127,0.110000,1.004785,1
151,160000000,-0.002804,0.023958,0.097062,0.122964,0.337239,0.135507,0.600000,0.145562,0.600000,0.145562,0.600000,0.059222,0.107763,0.068354,0.117004,0.075688,0.124338,0.075688,0.124338,0,8.664700,0.075688,0.061021,0.124338,0.109671,0.600000,0.580000,0.311127,0.110000,0.991533,1
151,180000000,-0.001684,0.026421,0.104121,0.135289,0.352937,0.145562,0.600000,0.155659,0.600000,0.155659,0.600000,0.068146,0.116873,0.075688,0.124338,0.083021,0.131671,0.083021,0.131671,0,8.529089,0.083021,0.068354,0.131671,0.117004,0.600000,0.580000,0.311127,0.110000,1.008468,1
151,220000000,0.000673,0.031581,0.118893,0.145369,0.378464,0.155659,0.600000,0.165789,0.600000,0.165789,0.600000,0.075525,0.124210,0.083021,0.131671,0.090354,0.139004,0.090354,0.139004,0,8.252409,0.090354,0.075688,0.139004,0.124338,0.600000,0.580000,0.311127,0.110000,0.993696,1
151,260000000,0.003276,0.037170,0.134416,0.163053,0.400911,0.165789,0.600000,0.167718,0.600000,0.167718,0.600000,0.088494,0.136949,0.090354,0.139004,0.097688,0.136333,0.097688,0.136333,0,7.967083,0.097688,0.083021,0.146338,0.131671,0.600000,0.580000,0.311127,0.110000,0.999321,1
151,280000000,0.004690,0.040154,0.142416,0.165137,0.399999,0.167718,0.600000,0.170283,0.600000,0.170283,0.600000,0.090699,0.137999,0.097688,0.136333,0.105021,0.134041,0.105021,0.134041,0,7.833171,0.105021,0.090354,0.143666,0.128999,0.600000,0.580000,0.311127,0.110000,0.991322,1
151,320000000,0.007703,0.046108,0.159476,0.166716,0.425544,0.170283,0.600000,0.171557,0.600000,0.171557,0.600000,0.098063,0.134826,0.105021,0.134041,0.112354,0.129647,0.112354,0.129647,0,7.576377,0.112354,0.097688,0.141374,0.126708,0.600000,0.580000,0.311127,0.110000,0.974262,1
151,340000000,0.009297,0.049076,0.168367,0.168440,0.444568,0.171557,0.600000,0.174984,0.600000,0.174984,0.600000,0.102863,0.133383,0.112354,0.129647,0.119688,0.127649,0.119688,0.127649,0,7.459602,0.119688,0.105021,0.136980,0.122314,0.600000,0.580000,0.311127,0.110000,0.983981,1
151,380000000,0.012768,0.054944,0.186841,0.169847,0.455089,0.174984,0.600000,0.177944,0.600000,0.177944,0.600000,0.111855,0.127815,0.119688,0.127649,0.127021,0.124619,0.127021,0.124619,0,7.282532,0.127021,0.112354,0.134982,0.120315,0.600000,0.580000,0.311127,0.110000,0.965507,1
151,420000000,0.016397,0.060882,0.206532,0.173573,0.487776,0.177944,0.600000,0.181277,0.600000,0.181277,0.600000,0.118184,0.127123,0.127021,0.124619,0.134354,0.121697,0.134354,0.121697,0,7.111805,0.134354,0.119688,0.131952,0.117285,0.600000,0.580000,0.311127,0.110000,0.960981,1
151,440000000,0.018257,0.063863,0.216702,0.175665,0.508484,0.181277,0.600000,0.185907,0.600000,0.185907,0.600000,0.122267,0.126131,0.134354,0.121697,0.141688,0.120357,0.141688,0.120357,0,7.033517,0.141688,0.127021,0.129030,0.114364,0.600000,0.580000,0.311127,0.110000,0.950812,1
151,460000000,0.020147,0.066862,0.227127,0.177260,0.521264,0.185907,0.600000,0.190705,0.600000,0.190705,0.600000,0.125278,0.125404,0.141688,0.120357,0.149021,0.119000,0.149021,0.119000,0,6.954216,0.149021,0.134354,0.127691,0.113024,0.600000,0.580000,0.311127,0.110000,0.940386,1
151,500000000,0.024257,0.072922,0.248283,0.185252,0.531728,0.190705,0.600000,0.195438,0.600000,0.195438,0.600000,0.139299,0.122124,0.149021,0.119000,0.156354,0.117257,0.156354,0.117257,0,6.852342,0.156354,0.141688,0.126334,0.111667,0.600000,0.580000,0.311127,0.110000,0.933536,1
151,540000000,0.028597,0.079091,0.269544,0.190037,0.531909,0.195438,0.600000,0.200683,0.600000,0.200683,0.600000,0.146671,0.120837,0.156354,0.117257,0.163688,0.116105,0.163688,0.116105,0,6.784983,0.163688,0.149021,0.124591,0.109924,0.600000,0.580000,0.311127,0.110000,0.925483,1
151,560000000,0.030770,0.082212,0.280123,0.190147,0.528974,0.200683,0.600000,0.206454,0.600000,0.206454,0.600000,0.146993,0.120619,0.163688,0.116105,0.171021,0.115650,0.171021,0.115650,0,6.758446,0.171021,0.156354,0.123438,0.108771,0.600000,0.580000,0.311127,0.110000,0.914903,1
151,600000000,0.035570,0.088599,0.301587,0.199938,0.535011,0.206454,0.600000,0.212627,0.600000,0.212627,0.600000,0.161197,0.118283,0.171021,0.115650,0.178354,0.115759,0.178354,0.115759,0,6.764763,0.178354,0.163688,0.122984,0.108317,0.600000,0.580000,0.311127,0.110000,0.904829,1
151,620000000,0.038012,0.091852,0.312290,0.203375,0.535159,0.212627,0.600000,0.218935,0.600000,0.218935,0.600000,0.165596,0.118065,0.178354,0.115759,0.185688,0.115986,0.185688,0.115986,0,6.778071,0.185688,0.171021,0.123092,0.108425,0.600000,0.580000,0.311127,0.110000,0.894126,1
151,660000000,0.043038,0.098519,0.333673,0.211661,0.535235,0.218935,0.600000,0.225541,0.600000,0.225541,0.600000,0.175539,0.118265,0.185688,0.115986,0.193021,0.116670,0.193021,0.116670,0,6.818003,0.193021,0.178354,0.123320,0.108653,0.600000,0.580000,0.311127,0.110000,0.882858,1
151,680000000,0.045706,0.101972,0.344405,0.218217,0.536599,0.225541,0.600000,0.232208,0.600000,0.232208,0.600000,0.183305,0.118396,0.193021,0.116670,0.200354,0.117384,0.200354,0.117384,0,6.859729,0.200354,0.185688,0.124003,0.109336,0.600000,0.580000,0.311127,0.110000,0.872126,1
151,720000000,0.051087,0.109034,0.365747,0.224962,0.533914,0.232208,0.600000,0.239284,0.600000,0.239284,0.600000,0.190922,0.118981,0.200354,0.117384,0.207688,0.118838,0.207688,0.118838,0,6.944744,0.207688,0.193021,0.124717,0.110050,0.600000,0.580000,0.311127,0.110000,0.860071,1
151,760000000,0.056623,0.116360,0.386933,0.234087,0.528712,0.239284,0.600000,0.246526,0.600000,0.246526,0.600000,0.201007,0.119970,0.207688,0.118838,0.215021,0.120587,0.215021,0.120587,0,7.046959,0.215021,0.200354,0.126172,0.111505,0.600000,0.580000,0.311127,0.110000,0.847429,1
151,780000000,0.059502,0.120172,0.397544,0.238840,0.530563,0.246526,0.600000,0.251414,0.600000,0.251414,0.600000,0.205952,0.120947,0.215021,0.120587,0.220000,0.121693,0.220000,0.121693,0,7.111558,0.220000,0.207688,0.127921,0.113254,0.600000,0.580000,0.311127,0.110000,0.836817,1
151,800000000,0.062419,0.124058,0.408077,0.242955,0.526642,0.251414,0.600000,0.251962,0.600000,0.251962,0.600000,0.210415,0.121460,0.220000,0.121693,0.220000,0.122821,0.220000,0.122821,0,7.177490,0.220000,0.212667,0.129026,0.114360,0.600000,0.580000,0.311127,0.110000,0.826285,1
151,840000000,0.068275,0.132035,0.429015,0.248600,0.520574,0.251962,0.600000,0.253085,0.600000,0.253085,0.600000,0.216169,0.122772,0.220000,0.122821,0.220000,0.125108,0.220000,0.125108,0,7.311156,0.220000,0.212667,0.130154,0.115488,0.600000,0.580000,0.311127,0.110000,0.813221,1
151,860000000,0.071203,0.136131,0.439419,0.251715,0.520219,0.253085,0.600000,0.253620,0.600000,0.253620,0.600000,0.219021,0.124059,0.220000,0.125108,0.220000,0.126186,0.220000,0.126186,0,7.374144,0.220000,0.212667,0.132442,0.117775,0.600000,0.580000,0.311127,0.110000,0.810089,1
151,900000000,0.076928,0.144438,0.459880,0.252724,0.510574,0.253620,0.600000,0.254564,0.600000,0.254564,0.600000,0.219404,0.125425,0.220000,0.126186,0.220000,0.128074,0.220000,0.128074,0,7.484437,0.220000,0.212667,0.133520,0.118853,0.600000,0.580000,0.311127,0.110000,0.789628,1
151,940000000,0.082472,0.152930,0.480088,0.254132,0.500952,0.254564,0.600000,0.255296,0.600000,0.255296,0.600000,0.219930,0.127334,0.220000,0.128074,0.220000,0.129522,0.220000,0.129522,0,7.569108,0.220000,0.212667,0.135407,0.120740,0.600000,0.580000,0.311127,0.110000,0.776146,1
151,960000000,0.085175,0.157244,0.490118,0.254508,0.501479,0.255296,0.600000,0.255568,0.600000,0.255568,0.600000,0.220174,0.127663,0.220000,0.129522,0.220000,0.130059,0.220000,0.130059,0,7.600439,0.220000,0.212667,0.136856,0.122189,0.600000,0.580000,0.311127,0.110000,0.772351,1
152,0,0.090440,0.165986,0.510024,0.255290,0.496360,0.255568,0.600000,0.255934,0.600000,0.255934,0.600000,0.220434,0.128771,0.220000,0.130059,0.220000,0.130774,0.220000,0.130774,0,7.642274,0.220000,0.212667,0.137392,0.122725,0.600000,0.580000,0.311127,0.110000,0.758231,1
152,20000000,0.093008,0.170402,0.519905,0.255407,0.494032,0.255934,0.600000,0.256057,0.600000,0.256057,0.600000,0.220561,0.128785,0.220000,0.130774,0.220000,0.131016,0.220000,0.131016,0,7.656361,0.220000,0.212667,0.138108,0.123441,0.600000,0.580000,0.311127,0.110000,0.748350,1
152,60000000,0.098007,0.179333,0.539514,0.255882,0.489262,0.256057,0.600000,0.256117,0.600000,0.256117,0.600000,0.220775,0.129360,0.220000,0.131016,0.220000,0.131132,0.220000,0.131132,0,7.663193,0.220000,0.212667,0.138349,0.123682,0.600000,0.580000,0.311127,0.110000,0.734121,1
152,100000000,0.102840,0.188359,0.558971,0.255964,0.485541,0.256117,0.600000,0.255989,0.600000,0.255989,0.600000,0.220956,0.129213,0.220000,0.131132,0.220000,0.130883,0.220000,0.130883,0,7.648626,0.220000,0.212667,0.138466,0.123799,0.600000,0.580000,0.311127,0.110000,0.719676,1
152,120000000,0.105195,0.192904,0.568649,0.255915,0.483897,0.255989,0.600000,0.255867,0.600000,0.255867,0.600000,0.221005,0.129032,0.220000,0.130883,0.220000,0.130644,0.220000,0.130644,0,7.634637,0.220000,0.212667,0.138217,0.123550,0.600000,0.580000,0.311127,0.110000,0.709998,1
152,160000000,0.109783,0.202050,0.587916,0.255792,0.480962,0.255867,0.600000,0.255475,0.600000,0.255475,0.600000,0.221134,0.128566,0.220000,0.130644,0.220000,0.129875,0.220000,0.129875,0,7.589733,0.220000,0.212667,0.137977,0.123310,0.600000,0.580000,0.311127,0.110000,0.695405,1
152,180000000,0.112016,0.206650,0.597509,0.255683,0.479626,0.255475,0.600000,0.255213,0.600000,0.255213,0.600000,0.221166,0.128293,0.220000,0.129875,0.220000,0.129359,0.220000,0.129359,0,7.559558,0.220000,0.212667,0.137209,0.122542,0.600000,0.580000,0.311127,0.110000,0.685813,1
152,220000000,0.116367,0.215894,0.616628,0.255252,0.477578,0.255213,0.600000,0.254572,0.600000,0.254572,0.600000,0.221246,0.127294,0.220000,0.129359,0.220000,0.128090,0.220000,0.128090,0,7.485380,0.220000,0.212667,0.136692,0.122026,0.600000,0.580000,0.311127,0.110000,0.671062,1
152,240000000,0.118482,0.220540,0.626153,0.255225,0.476268,0.254572,0.600000,0.254179,0.600000,0.254179,0.600000,0.221276,0.127188,0.220000,0.128090,0.220000,0.127306,0.220000,0.127306,0,7.439608,0.220000,0.212667,0.135423,0.120756,0.600000,0.580000,0.311127,0.110000,0.661536,1
152,280000000,0.122620,0.229837,0.645186,0.254301,0.475322,0.254179,0.600000,0.253330,0.600000,0.253330,0.600000,0.221302,0.125277,0.220000,0.127306,0.220000,0.125603,0.220000,0.125603,0,7.340058,0.220000,0.212667,0.134640,0.119973,0.600000,0.580000,0.311127,0.110000,0.646591,1
152,300000000,0.124632,0.234502,0.654678,0.254008,0.474579,0.253330,0.600000,0.252846,0.600000,0.252846,0.600000,0.221306,0.124675,0.220000,0.125603,0.220000,0.124623,0.220000,0.124623,0,7.282806,0.220000,0.212667,0.132936,0.118270,0.600000,0.580000,0.311127,0.110000,0.640930,1
152,340000000,0.128542,0.243866,0.673632,0.253548,0.474094,0.252846,0.600000,0.251758,0.600000,0.251758,0.600000,0.221335,0.123683,0.220000,0.124623,0.220000,0.122401,0.220000,0.122401,0,7.152969,0.220000,0.212667,0.131957,0.117290,0.600000,0.580000,0.311127,0.110000,0.621976,1
152,380000000,0.132334,0.253228,0.692558,0.252509,0.472607,0.251758,0.600000,0.250585,0.600000,0.250585,0.600000,0.221338,0.121534,0.220000,0.122401,0.220000,0.119971,0.220000,0.119971,0,7.010915,0.220000,0.212667,0.129735,0.115068,0.600000,0.580000,0.311127,0.110000,0.606862,1
152,400000000,0.134189,0.257905,0.702027,0.251571,0.473424,0.250585,0.600000,0.249965,0.600000,0.249965,0.600000,0.221318,0.119610,0.220000,0.119971,0.220000,0.118669,0.220000,0.118669,0,6.934833,0.220000,0.212667,0.127304,0.112637,0.600000,0.580000,0.311127,0.110000,0.601097,1
152,440000000,0.137808,0.267260,0.720966,0.250105,0.474628,0.249965,0.600000,0.248654,0.600000,0.248654,0.600000,0.221258,0.116607,0.220000,0.118669,0.220000,0.115882,0.220000,0.115882,0,6.771996,0.220000,0.212667,0.126002,0.111335,0.600000,0.580000,0.311127,0.110000,0.582157,1
152,460000000,0.139581,0.271928,0.730434,0.249643,0.473383,0.248654,0.600000,0.247984,0.600000,0.247984,0.600000,0.221253,0.115623,0.220000,0.115882,0.220000,0.114438,0.220000,0.114438,0,6.687594,0.220000,0.212667,0.123216,0.108549,0.600000,0.580000,0.311127,0.110000,0.575976,1
152,480000000,0.141324,0.276595,0.739900,0.249121,0.473325,0.247984,0.600000,0.247287,0.600000,0.247287,0.600000,0.221233,0.114531,0.220000,0.114438,0.220000,0.112919,0.220000,0.112919,0,6.598813,0.220000,0.212667,0.121771,0.107105,0.600000,0.580000,0.311127,0.110000,0.566509,1
152,520000000,0.144735,0.285916,0.758842,0.247935,0.473478,0.247287,0.600000,0.245848,0.600000,0.245848,0.600000,0.221213,0.111968,0.220000,0.112919,0.220000,0.109733,0.220000,0.109733,0,6.412642,0.220000,0.212667,0.120252,0.105585,0.600000,0.580000,0.311127,0.110000,0.550557,1
152,560000000,0.148038,0.295226,0.777779,0.246950,0.472899,0.245848,0.600000,0.244342,0.600000,0.244342,0.600000,0.221191,0.109811,0.220000,0.109733,0.220000,0.106316,0.220000,0.106316,0,6.212972,0.220000,0.212667,0.117066,0.102400,0.600000,0.580000,0.311127,0.110000,0.534438,1
152,580000000,0.149662,0.299864,0.787271,0.245718,0.474595,0.244342,0.600000,0.243582,0.600000,0.243582,0.600000,0.221132,0.107136,0.220000,0.106316,0.220000,0.104557,0.220000,0.104557,0,6.110145,0.220000,0.212667,0.113650,0.098983,0.600000,0.580000,0.311127,0.110000,0.524946,1
152,620000000,0.152840,0.309122,0.806284,0.243902,0.477193,0.243582,0.600000,0.242031,0.600000,0.242031,0.600000,0.221054,0.103068,0.220000,0.104557,0.220000,0.100891,0.220000,0.100891,0,5.895897,0.220000,0.212667,0.111890,0.097223,0.600000,0.580000,0.311127,0.110000,0.508592,1
152,640000000,0.154408,0.313729,0.815799,0.243307,0.475712,0.242031,0.600000,0.241259,0.600000,0.241259,0.600000,0.221034,0.101696,0.220000,0.100891,0.220000,0.099024,0.220000,0.099024,0,5.786843,0.220000,0.212667,0.108224,0.093557,0.600000,0.580000,0.311127,0.110000,0.499078,1
152,680000000,0.157495,0.322906,0.834882,0.241772,0.476521,0.241259,0.600000,0.239719,0.600000,0.239719,0.600000,0.220970,0.098113,0.220000,0.099024,0.220000,0.095213,0.220000,0.095213,0,5.564085,0.220000,0.212667,0.106358,0.091691,0.600000,0.580000,0.311127,0.110000,0.482762,1
152,700000000,0.158995,0.327499,0.844503,0.241584,0.481051,0.239719,0.600000,0.238913,0.600000,0.238913,0.600000,0.221066,0.097429,0.220000,0.095213,0.220000,0.093164,0.220000,0.093164,0,5.444378,0.220000,0.212667,0.102546,0.087879,0.600000,0.580000,0.311127,0.110000,0.473141,1
152,740000000,0.161998,0.336598,0.863656,0.239486,0.477795,0.238913,0.600000,0.237405,0.600000,0.237405,0.600000,0.220881,0.092549,0.220000,0.093164,0.220000,0.089224,0.220000,0.089224,0,5.214130,0.220000,0.212667,0.100497,0.085831,0.600000,0.580000,0.311127,0.110000,0.456727,1
152,760000000,0.163463,0.341144,0.873226,0.238805,0.478500,0.237405,0.600000,0.236638,0.600000,0.236638,0.600000,0.220868,0.090803,0.220000,0.089224,0.220000,0.087164,0.220000,0.087164,0,5.093741,0.220000,0.212667,0.096557,0.081891,0.600000,0.580000,0.311127,0.110000,0.449499,1
152,800000000,0.166328,0.350226,0.892467,0.237476,0.484909,0.236638,0.600000,0.235096,0.600000,0.235096,0.600000,0.220946,0.087050,0.220000,0.087164,0.220000,0.082885,0.220000,0.082885,0,4.843683,0.220000,0.212667,0.094497,0.079831,0.600000,0.580000,0.311127,0.110000,0.430259,1
152,840000000,0.169160,0.359241,0.911704,0.236061,0.482001,0.235096,0.600000,0.233616,0.600000,0.233616,0.600000,0.220814,0.083464,0.220000,0.082885,0.220000,0.078591,0.220000,0.078591,0,4.592731,0.220000,0.212667,0.090218,0.075552,0.600000,0.580000,0.311127,0.110000,0.413128,1
152,860000000,0.170567,0.363724,0.921324,0.234922,0.481015,0.233616,0.600000,0.232899,0.600000,0.232899,0.600000,0.220690,0.080523,0.220000,0.078591,0.220000,0.076433,0.220000,0.076433,0,4.466665,0.220000,0.212667,0.085924,0.071257,0.600000,0.580000,0.311127,0.110000,0.403508,1
152,900000000,0.173340,0.372665,0.940660,0.233140,0.487062,0.232899,0.600000,0.231494,0.600000,0.231494,0.600000,0.220718,0.075084,0.220000,0.076433,0.220000,0.072037,0.220000,0.072037,0,4.209734,0.220000,0.212667,0.083767,0.069100,0.600000,0.580000,0.311127,0.110000,0.386172,1
152,920000000,0.174716,0.377111,0.950312,0.232752,0.482628,0.231494,0.600000,0.230816,0.600000,0.230816,0.600000,0.220600,0.074225,0.220000,0.072037,0.220000,0.069830,0.220000,0.069830,0,4.080765,0.220000,0.212667,0.079370,0.064704,0.600000,0.580000,0.311127,0.110000,0.378767,1
152,960000000,0.177447,0.385969,0.969689,0.231363,0.483683,0.230816,0.600000,0.229513,0.600000,0.229513,0.600000,0.220537,0.069945,0.220000,0.069830,0.220000,0.065394,0.220000,0.065394,0,3.821523,0.220000,0.212667,0.077163,0.062497,0.600000,0.580000,0.311127,0.110000,0.359390,1
152,980000000,0.178783,0.390392,0.979358,0.231036,0.483423,0.229513,0.600000,0.228873,0.600000,0.228873,0.600000,0.220548,0.068818,0.220000,0.065394,0.220000,0.063109,0.220000,0.063109,0,3.687993,0.220000,0.212667,0.072727,0.058061,0.600000,0.580000,0.311127,0.110000,0.351876,1
153,20000000,0.181374,0.399247,0.998682,0.230625,0.483362,0.228873,0.600000,0.227608,0.600000,0.227608,0.600000,0.220621,0.067190,0.220000,0.063109,0.220000,0.058358,0.220000,0.058358,0,3.410340,0.220000,0.212667,0.070442,0.055776,0.600000,0.580000,0.311127,0.110000,0.332552,1
153,40000000,0.182705,0.403627,1.008426,0.228887,0.487206,0.227608,0.600000,0.227037,0.600000,0.227037,0.600000,0.220476,0.061476,0.220000,0.058358,0.220000,0.056087,0.220000,0.056087,0,3.277629,0.220000,0.212667,0.065691,0.051024,0.600000,0.580000,0.311127,0.110000,0.324507,1
153,80000000,0.185307,0.412381,1.027994,0.227886,0.493786,0.227037,0.600000,0.225920,0.600000,0.225920,0.600000,0.220451,0.057734,0.220000,0.056087,0.220000,0.051381,0.220000,0.051381,0,3.002617,0.220000,0.212667,0.063420,0.048753,0.600000,0.580000,0.311127,0.110000,0.304939,1
153,100000000,0.186593,0.416746,1.037710,0.227508,0.485801,0.225920,0.600000,0.225397,0.600000,0.225397,0.600000,0.220393,0.056451,0.220000,0.051381,0.220000,0.049026,0.220000,0.049026,0,2.865033,0.220000,0.212667,0.058714,0.044047,0.600000,0.580000,0.311127,0.110000,0.296822,1
153,140000000,0.189198,0.425407,1.057420,0.225756,0.489680,0.225397,0.600000,0.224430,0.600000,0.224430,0.600000,0.220179,0.049873,0.220000,0.049026,0.220000,0.044370,0.220000,0.044370,0,2.592893,0.220000,0.212667,0.056360,0.041693,0.600000,0.580000,0.311127,0.110000,0.277112,1
153,160000000,0.190503,0.429724,1.067209,0.225487,0.489454,0.224430,0.600000,0.223990,0.600000,0.223990,0.600000,0.220317,0.048008,0.220000,0.044370,0.220000,0.042088,0.220000,0.042088,0,2.459543,0.220000,0.212667,0.051703,0.037036,0.600000,0.580000,0.311127,0.110000,0.269119,1
153,200000000,0.193052,0.438360,1.086767,0.224892,0.489987,0.223990,0.600000,0.223150,0.600000,0.223150,0.600000,0.220360,0.044919,0.220000,0.042088,0.220000,0.037365,0.220000,0.037365,0,2.183556,0.220000,0.212667,0.049421,0.034754,0.600000,0.580000,0.311127,0.110000,0.249561,1
153,240000000,0.195625,0.446940,1.106372,0.223932,0.489316,0.223150,0.600000,0.222427,0.600000,0.222427,0.600000,0.220236,0.040516,0.220000,0.037365,0.220000,0.032772,0.220000,0.032772,0,1.915128,0.220000,0.212667,0.044698,0.030032,0.600000,0.580000,0.311127,0.110000,0.231744,1
153,260000000,0.196926,0.451211,1.116232,0.223246,0.492980,0.222427,0.600000,0.222105,0.600000,0.222105,0.600000,0.220271,0.036326,0.220000,0.032772,0.220000,0.030507,0.220000,0.030507,0,1.782788,0.220000,0.212667,0.040105,0.025438,0.600000,0.580000,0.311127,0.110000,0.223313,1
153,280000000,0.198191,0.455490,1.126037,0.223102,0.490248,0.222105,0.600000,0.221797,0.600000,0.221797,0.600000,0.220194,0.035906,0.220000,0.030507,0.220000,0.028174,0.220000,0.028174,0,1.646440,0.220000,0.212667,0.037840,0.023174,0.600000,0.580000,0.311127,0.110000,0.213508,1
153,320000000,0.200781,0.463995,1.145772,0.222080,0.493073,0.221797,0.600000,0.221269,0.580000,0.221269,0.580000,0.220131,0.029361,0.220000,0.028174,0.220000,0.023665,0.220000,0.023665,0,1.382936,0.220000,0.212667,0.035507,0.020841,0.600000,0.580000,0.311127,0.110000,0.195058,1
153,340000000,0.202072,0.468239,1.155638,0.221827,0.493295,0.221269,0.580000,0.221040,0.560000,0.221040,0.560000,0.220114,0.027509,0.220000,0.023665,0.220000,0.021418,0.220000,0.021418,0,1.251619,0.220000,0.212667,0.030998,0.016331,0.600000,0.560000,0.311127,0.110000,0.185192,1
153,380000000,0.204624,0.476717,1.175429,0.220888,0.497789,0.221040,0.560000,0.220643,0.540000,0.220643,0.540000,0.219710,0.022781,0.220000,0.021418,0.220000,0.016832,0.220000,0.016832,0,0.983612,0.220000,0.212667,0.028751,0.014084,0.580000,0.540000,0.311127,0.110000,0.166932,1
153,400000000,0.205910,0.480935,1.185386,0.220523,0.497850,0.220643,0.540000,0.220482,0.520000,0.220482,0.520000,0.219548,0.020717,0.220000,0.016832,0.220000,0.014570,0.220000,0.014570,0,0.851457,0.220000,0.212667,0.024165,0.009498,0.560000,0.520000,0.311127,0.110000,0.156975,1
153,440000000,0.208466,0.489370,1.205303,0.220108,0.498561,0.220482,0.520000,0.220228,0.500000,0.220228,0.500000,0.219507,0.016246,0.220000,0.014570,0.220000,0.010011,0.220000,0.010011,0,0.585051,0.220000,0.212667,0.021903,0.007237,0.540000,0.500000,0.311127,0.110000,0.138538,1
153,460000000,0.209745,0.493591,1.215200,0.220510,0.494872,0.220228,0.500000,0.220137,0.480000,0.220137,0.480000,0.220033,0.014492,0.220000,0.010011,0.220000,0.007770,0.220000,0.007770,0,0.454050,0.220000,0.212667,0.017345,0.002678,0.520000,0.480000,0.311127,0.110000,0.128641,1
153,500000000,0.212372,0.501993,1.235085,0.220211,0.494611,0.220137,0.480000,0.220027,0.460000,0.220027,0.460000,0.220026,0.009015,0.220000,0.007770,0.220000,0.003477,0.220000,0.003477,0,0.203215,0.220000,0.212667,0.015103,0.000436,0.500000,0.460000,0.311127,0.110000,0.109862,1
153,520000000,0.213667,0.506199,1.244618,0.220064,0.476660,0.220027,0.460000,0.220005,0.440000,0.220005,0.440000,0.219952,0.007001,0.220000,0.003477,0.220000,0.001414,0.220000,0.001414,0,0.082660,0.220000,0.212667,0.010811,-0.003856,0.480000,0.440000,0.311127,0.110000,0.100329,1
153,560000000,0.216258,0.514609,1.263186,0.219899,0.454234,0.220005,0.440000,0.220015,0.420000,0.220015,0.420000,0.219899,0.000000,0.220000,0.001414,0.220000,-0.002545,0.220000,-0.002545,0,-0.148710,0.220000,0.212667,0.008748,-0.005919,0.460000,0.420000,0.311127,0.110000,0.082887,1
153,580000000,0.217557,0.518813,1.272217,0.219997,0.451533,0.220015,0.420000,0.220045,0.400000,0.220045,0.400000,0.219997,0.000000,0.220000,-0.002545,0.220000,-0.004426,0.220000,-0.004426,0,-0.258644,0.220000,0.212667,0.004789,-0.009878,0.440000,0.400000,0.311127,0.110000,0.073856,1
153,620000000,0.220162,0.527219,1.289502,0.220009,0.426825,0.220045,0.400000,0.220142,0.380000,0.220142,0.380000,0.219985,-0.003240,0.220000,-0.004426,0.220000,-0.007918,0.220000,-0.007918,0,-0.462695,0.220000,0.212667,0.002907,-0.011759,0.420000,0.380000,0.311127,0.110000,0.057856,1
153,640000000,0.221476,0.531419,1.297806,0.220060,0.415229,0.220142,0.380000,0.220206,0.360000,0.220206,0.360000,0.219982,-0.005837,0.220000,-0.007918,0.220000,-0.009514,0.220000,-0.009514,0,-0.555994,0.220000,0.212667,-0.000584,-0.015251,0.400000,0.360000,0.311127,0.110000,0.049551,1
153,680000000,0.224106,0.539822,1.313889,0.220097,0.400508,0.220206,0.360000,0.220357,0.340000,0.220357,0.340000,0.219928,-0.008619,0.220000,-0.009514,0.220000,-0.012530,0.220000,-0.012530,0,-0.732234,0.220000,0.212667,-0.002181,-0.016848,0.380000,0.340000,0.311127,0.110000,0.034596,1
153,720000000,0.226654,0.548236,1.329051,0.219675,0.379188,0.220357,0.340000,0.220543,0.320000,0.220543,0.320000,0.219452,-0.009898,0.220000,-0.012530,0.220000,-0.015467,0.220000,-0.015467,0,-0.903889,0.220000,0.212667,-0.005197,-0.019863,0.360000,0.320000,0.311127,0.110000,0.019434,1
153,740000000,0.227918,0.552447,1.336306,0.219819,0.362726,0.220543,0.320000,0.220645,0.300000,0.220645,0.300000,0.219499,-0.011853,0.220000,-0.015467,0.220000,-0.016856,0.220000,-0.016856,0,-0.985063,0.220000,0.212667,-0.008134,-0.022801,0.340000,0.300000,0.311127,0.110000,0.013046,1
153,780000000,0.230419,0.560878,1.350343,0.219882,0.347349,0.220645,0.300000,0.220868,0.280000,0.220868,0.280000,0.219430,-0.014098,0.220000,-0.016856,0.220000,-0.019564,0.220000,-0.019564,0,-1.143280,0.220000,0.212667,-0.009523,-0.024190,0.320000,0.280000,0.311127,0.110000,-0.000992,1
153,800000000,0.231697,0.565092,1.356943,0.220229,0.330000,0.220868,0.280000,0.220972,0.260000,0.220972,0.260000,0.219565,-0.017084,0.220000,-0.019564,0.220000,-0.020701,0.220000,-0.020701,0,-1.209735,0.220000,0.212667,-0.012230,-0.026897,0.300000,0.260000,0.311127,0.110000,-0.006533,1
153,840000000,0.234230,0.573543,1.369621,0.220697,0.306350,0.220972,0.260000,0.221187,0.240000,0.221187,0.240000,0.219818,-0.019674,0.220000,-0.020701,0.220000,-0.022888,0.220000,-0.022888,0,-1.337558,0.220000,0.212667,-0.013368,-0.028034,0.280000,0.240000,0.311127,0.110000,-0.019211,1
153,880000000,0.236775,0.582008,1.381311,0.221075,0.283326,0.221187,0.240000,0.221384,0.220000,0.221384,0.220000,0.219913,-0.022641,0.220000,-0.022888,0.220000,-0.024713,0.220000,-0.024713,0,-1.444208,0.220000,0.212667,-0.015555,-0.030222,0.260000,0.220000,0.311127,0.110000,-0.029853,1
153,900000000,0.238051,0.586243,1.386853,0.221183,0.277116,0.221384,0.220000,0.221476,0.200000,0.221476,0.200000,0.219937,-0.023447,0.220000,-0.024713,0.220000,-0.025523,0.220000,-0.025523,0,-1.491513,0.220000,0.212667,-0.017380,-0.032047,0.240000,0.200000,0.311127,0.110000,-0.035396,1
153,940000000,0.240584,0.594725,1.397231,0.221378,0.251819,0.221476,0.200000,0.221646,0.180000,0.221646,0.180000,0.219931,-0.025270,0.220000,-0.025523,0.220000,-0.026960,0.220000,-0.026960,0,-1.575519,0.220000,0.212667,-0.018189,-0.032856,0.220000,0.180000,0.311127,0.110000,-0.045005,1
153,960000000,0.241843,0.598971,1.402119,0.221419,0.244391,0.221646,0.180000,0.221726,0.160000,0.221726,0.160000,0.219895,-0.025933,0.220000,-0.026960,0.220000,-0.027610,0.220000,-0.027610,0,-1.613500,0.220000,0.212667,-0.019627,-0.034294,0.200000,0.160000,0.311127,0.110000,-0.049080,1
154,0,0.244361,0.607468,1.411207,0.221508,0.227202,0.221726,0.160000,0.221862,0.140000,0.221862,0.140000,0.219803,-0.027432,0.220000,-0.027610,0.220000,-0.028683,0.220000,-0.028683,0,-1.676177,0.220000,0.212667,-0.020277,-0.034944,0.180000,0.140000,0.311127,0.110000,-0.058168,1
154,20000000,0.245595,0.611716,1.415353,0.221170,0.207286,0.221862,0.140000,0.221924,0.120000,0.221924,0.120000,0.219434,-0.027664,0.220000,-0.028683,0.220000,-0.029163,0.220000,-0.029163,0,-1.704216,0.220000,0.212667,-0.021349,-0.036016,0.160000,0.120000,0.311127,0.110000,-0.061422,1
154,60000000,0.248043,0.620233,1.423187,0.221745,0.188867,0.221924,0.120000,0.222040,0.100000,0.222040,0.100000,0.219851,-0.028920,0.220000,-0.029163,0.220000,-0.030027,0.220000,-0.030027,0,-1.754735,0.220000,0.212667,-0.021829,-0.036496,0.140000,0.100000,0.311127,0.110000,-0.069257,1
154,80000000,0.249271,0.624498,1.426700,0.221915,0.175661,0.222040,0.100000,0.222080,0.080000,0.222080,0.080000,0.219908,-0.029778,0.220000,-0.030027,0.220000,-0.030326,0.220000,-0.030326,0,-1.772219,0.220000,0.212667,-0.022694,-0.037360,0.120000,0.080000,0.311127,0.110000,-0.072047,1
154,120000000,0.251712,0.633036,1.432879,0.222029,0.150431,0.222080,0.080000,0.222130,0.060000,0.222130,0.060000,0.219905,-0.030638,0.220000,-0.030326,0.220000,-0.030688,0.220000,-0.030688,0,-1.793360,0.220000,0.212667,-0.022993,-0.037660,0.100000,0.060000,0.311127,0.110000,-0.078226,1
154,140000000,0.252921,0.637308,1.435739,0.222013,0.143008,0.222130,0.060000,0.222150,0.040000,0.222150,0.040000,0.219860,-0.030842,0.220000,-0.030688,0.220000,-0.030831,0.220000,-0.030831,0,-1.801743,0.220000,0.212667,-0.023355,-0.038021,0.080000,0.040000,0.311127,0.110000,-0.080464,1
154,180000000,0.255324,0.645862,1.440741,0.222117,0.124879,0.222150,0.040000,0.222164,0.020000,0.222164,0.020000,0.219895,-0.031334,0.220000,-0.030831,0.220000,-0.030929,0.220000,-0.030929,0,-1.807472,0.220000,0.212667,-0.023498,-0.038165,0.060000,0.020000,0.311127,0.110000,-0.085466,1
154,200000000,0.256513,0.650142,1.442785,0.222134,0.102205,0.222164,0.020000,0.222155,-0.000000,0.222155,-0.000000,0.219894,-0.031464,0.220000,-0.030929,0.220000,-0.030869,0.220000,-0.030869,0,-1.803968,0.220000,0.212667,-0.023596,-0.038263,0.040000,-0.000000,0.311127,0.110000,-0.086762,1
154,240000000,0.258869,0.658710,1.446512,0.222136,0.086819,0.222155,-0.000000,0.222131,-0.020000,0.222131,-0.020000,0.219888,-0.031522,0.220000,-0.030869,0.220000,-0.030696,0.220000,-0.030696,0,-1.793834,0.220000,0.212667,-0.023536,-0.038203,0.020000,-0.020000,0.311127,0.110000,-0.090489,1
154,280000000,0.261196,0.667285,1.449277,0.222127,0.064065,0.222131,-0.020000,0.222075,-0.040000,0.222075,-0.040000,0.219886,-0.031477,0.220000,-0.030696,0.220000,-0.030290,0.220000,-0.030290,0,-1.770099,0.220000,0.212667,-0.023363,-0.038029,-0.000000,-0.040000,0.311127,0.110000,-0.092603,1
154,300000000,0.262350,0.671575,1.450257,0.222112,0.048960,0.222075,-0.040000,0.222035,-0.060000,0.222035,-0.060000,0.219886,-0.031371,0.220000,-0.030290,0.220000,-0.029989,0.220000,-0.029989,0,-1.752509,0.220000,0.212667,-0.022957,-0.037623,-0.020000,-0.060000,0.311127,0.110000,-0.093582,1
154,340000000,0.264632,0.680159,1.451704,0.222012,0.023401,0.222035,-0.060000,0.221941,-0.080000,0.221941,-0.080000,0.219879,-0.030701,0.220000,-0.029989,0.220000,-0.029290,0.220000,-0.029290,0,-1.711684,0.220000,0.212667,-0.022656,-0.037322,-0.040000,-0.080000,0.311127,0.110000,-0.094558,1
154,360000000,0.265763,0.684453,1.452175,0.222013,0.023541,0.221941,-0.080000,0.221889,-0.100000,0.221889,-0.100000,0.219882,-0.030685,0.220000,-0.029290,0.220000,-0.028891,0.220000,-0.028891,0,-1.688355,0.220000,0.212667,-0.021957,-0.036624,-0.060000,-0.100000,0.311127,0.110000,-0.095028,1
154,400000000,0.268000,0.693044,1.452307,0.221918,-0.001705,0.221889,-0.100000,0.221762,-0.120000,0.221762,-0.120000,0.219882,-0.029993,0.220000,-0.028891,0.220000,-0.027903,0.220000,-0.027903,0,-1.630599,0.220000,0.212667,-0.021558,-0.036224,-0.080000,-0.120000,0.311127,0.110000,-0.094547,1
154,420000000,0.269110,0.697340,1.452173,0.221882,-0.006713,0.221762,-0.120000,0.221696,-0.140000,0.221696,-0.140000,0.219883,-0.029711,0.220000,-0.027903,0.220000,-0.027369,0.220000,-0.027369,0,-1.599377,0.220000,0.212667,-0.020569,-0.035236,-0.100000,-0.140000,0.311127,0.110000,-0.094413,1
154,460000000,0.271292,0.705937,1.451033,0.221730,-0.029572,0.221696,-0.140000,0.221545,-0.160000,0.221545,-0.160000,0.219882,-0.028569,0.220000,-0.027369,0.220000,-0.026120,0.220000,-0.026120,0,-1.526421,0.220000,0.212667,-0.020035,-0.034702,-0.120000,-0.160000,0.311127,0.110000,-0.092712,1
154,500000000,0.273466,0.714533,1.448958,0.221673,-0.051641,0.221545,-0.160000,0.221371,-0.180000,0.221371,-0.180000,0.219896,-0.028014,0.220000,-0.026120,0.220000,-0.024598,0.220000,-0.024598,0,-1.437445,0.220000,0.212667,-0.018787,-0.033453,-0.140000,-0.180000,0.311127,0.110000,-0.090271,1
154,520000000,0.274543,0.718832,1.447569,0.221565,-0.069461,0.221371,-0.180000,0.221278,-0.200000,0.221278,-0.200000,0.219893,-0.027169,0.220000,-0.024598,0.220000,-0.023752,0.220000,-0.023752,0,-1.388028,0.220000,0.212667,-0.017264,-0.031931,-0.160000,-0.200000,0.311127,0.110000,-0.088882,1
154,560000000,0.276673,0.727429,1.444185,0.221353,-0.092482,0.221278,-0.200000,0.221091,-0.220000,0.221091,-0.220000,0.219892,-0.025397,0.220000,-0.023752,0.220000,-0.021932,0.220000,-0.021932,0,-1.281677,0.220000,0.212667,-0.016419,-0.031085,-0.180000,-0.220000,0.311127,0.110000,-0.085023,1
154,580000000,0.277719,0.731729,1.442132,0.221248,-0.102646,0.221091,-0.220000,0.220996,-0.234674,0.220996,-0.234674,0.219891,-0.024471,0.220000,-0.021932,0.220000,-0.020962,0.220000,-0.020962,0,-1.224997,0.220000,0.212667,-0.014599,-0.029265,-0.200000,-0.240000,0.311127,0.110000,-0.082970,1
154,620000000,0.279794,0.740327,1.437428,0.221058,-0.127887,0.220996,-0.234674,0.220808,-0.220108,0.220808,-0.220108,0.219896,-0.022639,0.220000,-0.020962,0.220000,-0.018874,0.220000,-0.018874,0,-1.102943,0.220000,0.212667,-0.013629,-0.028295,-0.214674,-0.254674,0.311127,0.110000,-0.077820,1
154,640000000,0.280832,0.744625,1.434886,0.221065,-0.127077,0.220808,-0.220108,0.220716,-0.212919,0.220716,-0.212919,0.219909,-0.022572,0.220000,-0.018874,0.220000,-0.017763,0.220000,-0.017763,0,-1.038054,0.220000,0.212667,-0.011540,-0.026207,-0.200108,-0.240108,0.311127,0.110000,-0.075278,1
154,680000000,0.282840,0.753226,1.428853,0.220774,-0.153153,0.220716,-0.212919,0.220541,-0.195038,0.220541,-0.195038,0.219903,-0.019587,0.220000,-0.017763,0.220000,-0.015435,0.220000,-0.015435,0,-0.901996,0.220000,0.212667,-0.010430,-0.025096,-0.192919,-0.232919,0.311127,0.110000,-0.068956,1
154,700000000,0.283848,0.757524,1.425600,0.220740,-0.162633,0.220541,-0.195038,0.220457,-0.185838,0.220457,-0.185838,0.219913,-0.019101,0.220000,-0.015435,0.220000,-0.014184,0.220000,-0.014184,0,-0.828873,0.220000,0.212667,-0.008102,-0.022768,-0.175038,-0.215038,0.311127,0.110000,-0.065704,1
154,740000000,0.285834,0.766099,1.418580,0.219952,-0.177530,0.220457,-0.185838,0.220305,-0.165838,0.220305,-0.165838,0.219315,-0.016721,0.220000,-0.014184,0.220000,-0.011586,0.220000,-0.011586,0,-0.677053,0.220000,0.212667,-0.006850,-0.021517,-0.165838,-0.205838,0.311127,0.110000,-0.058335,1
154,780000000,0.287776,0.774684,1.410928,0.219943,-0.189931,0.220305,-0.165838,0.220181,-0.145838,0.220181,-0.145838,0.219473,-0.014384,0.220000,-0.011586,0.220000,-0.008916,0.220000,-0.008916,0,-0.521016,0.220000,0.212667,-0.004252,-0.018919,-0.145838,-0.185838,0.311127,0.110000,-0.050355,1
154,800000000,0.288732,0.778985,1.407402,0.220262,-0.176275,0.220181,-0.145838,0.220135,-0.132455,0.220135,-0.132455,0.219903,-0.012568,0.220000,-0.008916,0.220000,-0.007712,0.220000,-0.007712,0,-0.450698,0.220000,0.212667,-0.001582,-0.016249,-0.125838,-0.165838,0.311127,0.110000,-0.046830,1
154,840000000,0.290642,0.787584,1.400692,0.220174,-0.161927,0.220135,-0.132455,0.220067,-0.112872,0.220067,-0.112872,0.219927,-0.010415,0.220000,-0.007712,0.220000,-0.005420,0.220000,-0.005420,0,-0.316765,0.220000,0.212667,-0.000379,-0.015046,-0.112455,-0.152455,0.311127,0.110000,-0.039906,1
154,860000000,0.291563,0.791889,1.397687,0.220089,-0.150251,0.220067,-0.112872,0.220046,-0.104372,0.220046,-0.104372,0.219923,-0.008565,0.220000,-0.005420,0.220000,-0.004478,0.220000,-0.004478,0,-0.261715,0.220000,0.212667,0.001913,-0.012754,-0.092872,-0.132872,0.311127,0.110000,-0.036901,1
154,900000000,0.293379,0.800501,1.392373,0.220018,-0.125529,0.220046,-0.104372,0.220019,-0.088683,0.220019,-0.088683,0.219927,-0.006335,0.220000,-0.004478,0.220000,-0.002882,0.220000,-0.002882,0,-0.168397,0.220000,0.212667,0.002855,-0.011812,-0.084372,-0.124372,0.311127,0.110000,-0.031354,1
154,920000000,0.294274,0.804809,1.390015,0.220002,-0.117893,0.220019,-0.088683,0.220011,-0.082014,0.220011,-0.082014,0.219932,-0.005557,0.220000,-0.002882,0.220000,-0.002209,0.220000,-0.002209,0,-0.129081,0.220000,0.212667,0.004452,-0.010215,-0.068683,-0.108683,0.311127,0.110000,-0.028996,1
154,960000000,0.296026,0.813431,1.385982,0.219971,-0.100441,0.220011,-0.082014,0.220003,-0.070000,0.220003,-0.070000,0.219938,-0.003810,0.220000,-0.002209,0.220000,-0.001189,0.220000,-0.001189,0,-0.069487,0.220000,0.212667,0.005125,-0.009542,-0.062014,-0.102014,0.311127,0.110000,-0.024749,1
154,980000000,0.296900,0.817741,1.384147,0.219890,-0.091795,0.220003,-0.070000,0.220001,-0.064807,0.220001,-0.064807,0.219868,-0.003123,0.220000,-0.001189,0.220000,-0.000737,0.220000,-0.000737,0,-0.043086,0.220000,0.212667,0.006144,-0.008522,-0.050000,-0.090000,0.311127,0.110000,-0.022913,1
155,20000000,0.298615,0.826339,1.381001,0.219254,-0.072519,0.220001,-0.064807,0.220000,-0.055535,0.220000,-0.055535,0.219250,-0.001365,0.220000,-0.000737,0.220000,-0.000074,0.220000,-0.000074,0,-0.004352,0.220000,0.212667,0.006596,-0.008071,-0.044807,-0.084807,0.311127,0.110000,-0.019635,1
155,40000000,0.299455,0.830632,1.379702,0.218717,-0.064971,0.220000,-0.055535,0.220000,-0.051860,0.220000,-0.051860,0.218717,0.000000,0.220000,-0.000074,0.220000,0.000129,0.220000,0.000129,0,0.007514,0.220000,0.212667,0.007259,-0.007408,-0.035535,-0.075535,0.311127,0.110000,-0.018335,1
155,80000000,0.301131,0.839222,1.377408,0.218781,-0.055556,0.220000,-0.051860,0.220000,-0.045009,0.220000,-0.045009,0.218781,0.000000,0.220000,0.000129,0.220000,0.000428,0.220000,0.000428,0,0.024989,0.220000,0.212667,0.007462,-0.007205,-0.031860,-0.071860,0.311127,0.110000,-0.015913,1
155,100000000,0.301976,0.843522,1.376322,0.219119,-0.054335,0.220000,-0.045009,0.220001,-0.041935,0.220001,-0.041935,0.219119,0.000000,0.220000,0.000428,0.220000,0.000576,0.220000,0.000576,0,0.033671,0.220000,0.212667,0.007761,-0.006906,-0.025009,-0.065009,0.311127,0.110000,-0.014826,1
155,140000000,0.303698,0.852151,1.374228,0.219973,-0.052197,0.220001,-0.041935,0.220002,-0.035722,0.220002,-0.035722,0.219973,0.000000,0.220000,0.000576,0.220000,0.000919,0.220000,0.000919,0,0.053722,0.220000,0.212667,0.007910,-0.006757,-0.021935,-0.061935,0.311127,0.110000,-0.012630,1
155,160000000,0.304562,0.856464,1.373247,0.219976,-0.049097,0.220002,-0.035722,0.220003,-0.032945,0.220003,-0.032945,0.219976,0.000000,0.220000,0.000919,0.220000,0.001081,0.220000,0.001081,0,0.063151,0.220000,0.212667,0.008253,-0.006414,-0.015722,-0.055722,0.311127,0.110000,-0.011648,1
155,200000000,0.306292,0.865092,1.371457,0.219981,-0.041122,0.220003,-0.032945,0.220004,-0.027741,0.220004,-0.027741,0.219981,0.000000,0.220000,0.001081,0.220000,0.001356,0.220000,0.001356,0,0.079255,0.220000,0.212667,0.008414,-0.006253,-0.012945,-0.052945,0.311127,0.110000,-0.009808,1
155,240000000,0.308021,0.873720,1.369943,0.219985,-0.036674,0.220004,-0.027741,0.220005,-0.023459,0.220005,-0.023459,0.219985,0.000000,0.220000,0.001356,0.220000,0.001542,0.220000,0.001542,0,0.090115,0.220000,0.212667,0.008690,-0.005977,-0.007741,-0.047741,0.311127,0.110000,-0.008294,1
155,260000000,0.308884,0.878034,1.369276,0.219986,-0.033358,0.220005,-0.023459,0.220006,-0.021491,0.220006,-0.021491,0.219986,0.000000,0.220000,0.001542,0.220000,0.001606,0.220000,0.001606,0,0.093873,0.220000,0.212667,0.008875,-0.005791,-0.003459,-0.043459,0.311127,0.110000,-0.007598,1
155,300000000,0.310604,0.886653,1.368143,0.219442,-0.024819,0.220006,-0.021491,0.220006,-0.018288,0.220006,-0.018288,0.219437,0.001443,0.220000,0.001606,0.220000,0.001654,0.220000,0.001654,0,0.096664,0.220000,0.212667,0.008940,-0.005727,-0.001491,-0.041491,0.311127,0.110000,-0.006466,1
155,320000000,0.311456,0.890955,1.367674,0.219288,-0.023459,0.220006,-0.018288,0.220006,-0.016978,0.220006,-0.016978,0.219282,0.001596,0.220000,0.001654,0.220000,0.001633,0.220000,0.001633,0,0.095422,0.220000,0.212667,0.008987,-0.005679,0.001712,-0.038288,0.311127,0.110000,-0.006003,1
155,360000000,0.313163,0.899561,1.366932,0.219354,-0.018288,0.220006,-0.016978,0.220005,-0.014880,0.220005,-0.014880,0.219347,0.001696,0.220000,0.001633,0.220000,0.001533,0.220000,0.001533,0,0.089597,0.220000,0.212667,0.008966,-0.005700,0.003022,-0.036978,0.311127,0.110000,-0.005261,1
155,380000000,0.314019,0.903864,1.366588,0.219392,-0.017240,0.220005,-0.014880,0.220005,-0.014004,0.220005,-0.014004,0.219386,0.001678,0.220000,0.001533,0.220000,0.001483,0.220000,0.001483,0,0.086636,0.220000,0.212667,0.008867,-0.005800,0.005120,-0.034880,0.311127,0.110000,-0.004951,1
155,420000000,0.315738,0.912472,1.365932,0.219468,-0.015789,0.220005,-0.014004,0.220004,-0.012150,0.220004,-0.012150,0.219462,0.001606,0.220000,0.001483,0.220000,0.001387,0.220000,0.001387,0,0.081064,0.220000,0.212667,0.008816,-0.005851,0.005996,-0.034004,0.311127,0.110000,-0.004296,1
155,440000000,0.316602,0.916777,1.365650,0.219522,-0.014094,0.220004,-0.012150,0.220004,-0.011545,0.220004,-0.011545,0.219517,0.001504,0.220000,0.001387,0.220000,0.001338,0.220000,0.001338,0,0.078203,0.220000,0.212667,0.008721,-0.005946,0.007850,-0.032150,0.311127,0.110000,-0.004082,1
155,480000000,0.318352,0.925399,1.365020,0.220000,-0.015048,0.220004,-0.011545,0.220004,-0.009764,0.220004,-0.009764,0.219997,0.001091,0.220000,0.001338,0.220000,0.001310,0.220000,0.001310,0,0.076563,0.220000,0.212667,0.008672,-0.005995,0.008455,-0.031545,0.311127,0.110000,-0.003452,1
155,500000000,0.319230,0.929710,1.364723,0.220000,-0.014886,0.220004,-0.009764,0.220004,-0.009250,0.220004,-0.009250,0.219997,0.001110,0.220000,0.001310,0.220000,0.001299,0.220000,0.001299,0,0.075889,0.220000,0.212667,0.008643,-0.006023,0.010236,-0.029764,0.311127,0.110000,-0.003270,1
155,540000000,0.320991,0.938332,1.364229,0.220001,-0.012135,0.220004,-0.009250,0.220004,-0.007855,0.220004,-0.007855,0.219998,0.001068,0.220000,0.001299,0.220000,0.001258,0.220000,0.001258,0,0.073533,0.220000,0.212667,0.008632,-0.006035,0.010750,-0.029250,0.311127,0.110000,-0.002777,1
155,560000000,0.321873,0.942643,1.363998,0.220001,-0.011585,0.220004,-0.007855,0.220003,-0.007549,0.220003,-0.007549,0.219998,0.001074,0.220000,0.001258,0.220000,0.001236,0.220000,0.001236,0,0.072226,0.220000,0.212667,0.008592,-0.006075,0.012145,-0.027855,0.311127,0.110000,-0.002669,1
155,600000000,0.323630,0.951255,1.363642,0.219716,-0.008059,0.220003,-0.007549,0.220003,-0.006542,0.220003,-0.006542,0.219712,0.001270,0.220000,0.001236,0.220000,0.001143,0.220000,0.001143,0,0.066812,0.220000,0.212667,0.008569,-0.006097,0.012451,-0.027549,0.311127,0.110000,-0.002313,1
155,620000000,0.324509,0.955561,1.363491,0.219734,-0.007549,0.220003,-0.006542,0.220003,-0.006574,0.220003,-0.006574,0.219730,0.001251,0.220000,0.001143,0.220000,0.001091,0.220000,0.001091,0,0.063760,0.220000,0.212667,0.008477,-0.006190,0.013458,-0.026542,0.311127,0.110000,-0.002324,1
155,660000000,0.326273,0.964173,1.363215,0.219775,-0.006542,0.220003,-0.006574,0.220002,-0.006437,0.220002,-0.006437,0.219772,0.001155,0.220000,0.001091,0.220000,0.000991,0.220000,0.000991,0,0.057894,0.220000,0.212667,0.008424,-0.006242,0.013426,-0.026574,0.311127,0.110000,-0.002276,1
155,680000000,0.327157,0.968479,1.363084,0.219788,-0.006542,0.220002,-0.006437,0.220002,-0.006067,0.220002,-0.006067,0.219785,0.001156,0.220000,0.000991,0.220000,0.000940,0.220000,0.000940,0,0.054940,0.220000,0.212667,0.008324,-0.006343,0.013563,-0.026437,0.311127,0.110000,-0.002145,1
155,720000000,0.328932,0.977091,1.362827,0.219831,-0.006437,0.220002,-0.006067,0.220002,-0.005954,0.220002,-0.005954,0.219829,0.001001,0.220000,0.000940,0.220000,0.000859,0.220000,0.000859,0,0.050187,0.220000,0.212667,0.008273,-0.006393,0.013933,-0.026067,0.311127,0.110000,-0.002105,1
155,760000000,0.330711,0.985703,1.362582,0.219856,-0.006067,0.220002,-0.005954,0.220001,-0.005263,0.220001,-0.005263,0.219856,0.000000,0.220000,0.000859,0.220000,0.000780,0.220000,0.000780,0,0.045577,0.220000,0.212667,0.008192,-0.006475,0.014046,-0.025954,0.311127,0.110000,-0.001861,1
155,780000000,0.331605,0.990010,1.362459,0.219936,-0.006165,0.220001,-0.005263,0.220001,-0.005633,0.220001,-0.005633,0.219936,0.000000,0.220000,0.000780,0.220000,0.000749,0.220000,0.000749,0,0.043789,0.220000,0.212667,0.008113,-0.006553,0.014737,-0.025263,0.311127,0.110000,-0.001992,1
155,820000000,0.333398,0.998625,1.362219,0.220000,-0.006026,0.220001,-0.005633,0.220001,-0.004954,0.220001,-0.004954,0.220000,0.000000,0.220000,0.000749,0.220000,0.000701,0.220000,0.000701,0,0.040983,0.220000,0.212667,0.008083,-0.006584,0.014367,-0.025633,0.311127,0.110000,-0.001752,1
155,840000000,0.334296,1.002933,1.362095,0.220000,-0.006217,0.220001,-0.004954,0.220001,-0.005568,0.220001,-0.005568,0.220000,0.000000,0.220000,0.000701,0.220000,0.000681,0.220000,0.000681,0,0.039791,0.220000,0.212667,0.008035,-0.006632,0.015046,-0.024954,0.311127,0.110000,-0.001969,1
155,880000000,0.336093,1.011546,1.361859,0.219942,-0.005627,0.220001,-0.005568,0.220001,-0.004901,0.220001,-0.004901,0.219942,0.000000,0.220000,0.000681,0.220000,0.000635,0.220000,0.000635,0,0.037085,0.220000,0.212667,0.008014,-0.006652,0.014432,-0.025568,0.311127,0.110000,-0.001733,1
155,900000000,0.336992,1.015852,1.361747,0.219942,-0.005569,0.220001,-0.004901,0.220001,-0.005493,0.220001,-0.005493,0.219942,0.000000,0.220000,0.000635,0.220000,0.000611,0.220000,0.000611,0,0.035678,0.220000,0.212667,0.007968,-0.006699,0.015099,-0.024901,0.311127,0.110000,-0.001942,1
155,940000000,0.338794,1.024464,1.361549,0.219958,-0.004901,0.220001,-0.005493,0.220001,-0.004931,0.220001,-0.004931,0.219958,0.000000,0.220000,0.000611,0.220000,0.000557,0.220000,0.000557,0,0.032555,0.220000,0.212667,0.007944,-0.006723,0.014507,-0.025493,0.311127,0.110000,-0.001743,1
155,960000000,0.339696,1.028770,1.361450,0.219967,-0.004913,0.220001,-0.004931,0.220001,-0.005619,0.220001,-0.005619,0.219967,0.000000,0.220000,0.000557,0.220000,0.000533,0.220000,0.000533,0,0.031129,0.220000,0.212667,0.007890,-0.006776,0.015069,-0.024931,0.311127,0.110000,-0.001987,1
156,0,0.341504,1.037381,1.361249,0.219982,-0.005138,0.220001,-0.005619,0.220001,-0.005049,0.220001,-0.005049,0.219982,0.000000,0.220000,0.000533,0.220000,0.000490,0.220000,0.000490,0,0.028657,0.220000,0.212667,0.007866,-0.006801,0.014381,-0.025619,0.311127,0.110000,-0.001785,1
156,20000000,0.342409,1.041687,1.361137,0.219988,-0.005619,0.220001,-0.005049,0.220001,-0.006032,0.220001,-0.006032,0.219988,0.000000,0.220000,0.000490,0.220000,0.000474,0.220000,0.000474,0,0.027692,0.220000,0.212667,0.007824,-0.006843,0.014951,-0.025049,0.311127,0.110000,-0.002133,1
156,60000000,0.344221,1.050298,1.360922,0.219999,-0.005101,0.220001,-0.006032,0.220000,-0.005425,0.220000,-0.005425,0.219999,0.000000,0.220000,0.000474,0.220000,0.000438,0.220000,0.000438,0,0.025597,0.220000,0.212667,0.007807,-0.006859,0.013968,-0.026032,0.311127,0.110000,-0.001918,1
156,80000000,0.345128,1.054604,1.360822,0.220000,-0.005024,0.220000,-0.005425,0.220000,-0.006380,0.220000,-0.006380,0.220000,0.000000,0.220000,0.000438,0.220000,0.000418,0.220000,0.000418,0,0.024430,0.220000,0.212667,0.007771,-0.006895,0.014575,-0.025425,0.311127,0.110000,-0.002256,1
156,120000000,0.346945,1.063214,1.360607,0.219984,-0.005426,0.220000,-0.006380,0.220000,-0.005772,0.220000,-0.005772,0.219984,0.000000,0.220000,0.000418,0.220000,0.000385,0.220000,0.000385,0,0.022519,0.220000,0.212667,0.007751,-0.006915,0.013620,-0.026380,0.311127,0.110000,-0.002041,1
156,140000000,0.347855,1.067518,1.360485,0.219979,-0.006094,0.220000,-0.005772,0.220000,-0.006620,0.220000,-0.006620,0.219979,0.000000,0.220000,0.000385,0.220000,0.000374,0.220000,0.000374,0,0.021869,0.220000,0.212667,0.007719,-0.006948,0.014228,-0.025772,0.311127,0.110000,-0.002340,1
156,180000000,0.349677,1.076127,1.360230,0.219983,-0.006368,0.220000,-0.006620,0.220000,-0.005899,0.220000,-0.005899,0.219983,0.000000,0.220000,0.000374,0.220000,0.000357,0.220000,0.000357,0,0.020862,0.220000,0.212667,0.007708,-0.006959,0.013380,-0.026620,0.311127,0.110000,-0.002085,1
156,200000000,0.350589,1.080431,1.360102,0.220000,-0.006379,0.220000,-0.005899,0.220000,-0.007189,0.220000,-0.007189,0.220000,0.000000,0.220000,0.000357,0.220000,0.000348,0.220000,0.000348,0,0.020338,0.220000,0.212667,0.007690,-0.006976,0.014101,-0.025899,0.311127,0.110000,-0.002542,1
156,240000000,0.352415,1.089040,1.359866,0.220000,-0.005610,0.220000,-0.007189,0.220000,-0.006520,0.220000,-0.006520,0.220000,0.000000,0.220000,0.000348,0.220000,0.000325,0.220000,0.000325,0,0.018993,0.220000,0.212667,0.007681,-0.006985,0.012811,-0.027189,0.311127,0.110000,-0.002305,1
156,260000000,0.353329,1.093344,1.359754,0.220000,-0.005597,0.220000,-0.006520,0.220000,-0.007832,0.220000,-0.007832,0.220000,0.000000,0.220000,0.000325,0.220000,0.000308,0.220000,0.000308,0,0.018007,0.220000,0.212667,0.007658,-0.007008,0.013480,-0.026520,0.311127,0.110000,-0.002769,1
156,300000000,0.355159,1.101951,1.359509,0.220000,-0.006165,0.220000,-0.007832,0.220000,-0.007140,0.220000,-0.007140,0.220000,0.000000,0.220000,0.000308,0.220000,0.000282,0.220000,0.000282,0,0.016497,0.220000,0.212667,0.007641,-0.007025,0.012168,-0.027832,0.311127,0.110000,-0.002524,1
156,340000000,0.356992,1.110558,1.359220,0.220000,-0.007433,0.220000,-0.007140,0.220000,-0.007707,0.220000,-0.007707,0.220000,0.000000,0.220000,0.000282,0.220000,0.000269,0.220000,0.000269,0,0.015695,0.220000,0.212667,0.007616,-0.007051,0.012860,-0.027140,0.311127,0.110000,-0.002725,1
156,360000000,0.357909,1.114862,1.359072,0.220000,-0.007369,0.220000,-0.007707,0.220000,-0.007291,0.220000,-0.007291,0.220000,0.000000,0.220000,0.000269,0.220000,0.000265,0.220000,0.000265,0,0.015490,0.220000,0.212667,0.007602,-0.007065,0.012293,-0.027707,0.311127,0.110000,-0.002578,1
156,400000000,0.359747,1.123468,1.358783,0.220000,-0.007231,0.220000,-0.007291,0.220000,-0.008495,0.220000,-0.008495,0.220000,0.000000,0.220000,0.000265,0.220000,0.000253,0.220000,0.000253,0,0.014776,0.220000,0.212667,0.007598,-0.007068,0.012709,-0.027291,0.311127,0.110000,-0.003004,1
156,420000000,0.360667,1.127769,1.358638,0.219944,-0.007219,0.220000,-0.008495,0.220000,-0.008087,0.220000,-0.008087,0.219944,0.000000,0.220000,0.000253,0.220000,0.000251,0.220000,0.000251,0,0.014674,0.220000,0.212667,0.007586,-0.007080,0.011505,-0.028495,0.311127,0.110000,-0.002859,1
156,460000000,0.362511,1.136371,1.358339,0.219924,-0.007689,0.220000,-0.008087,0.220000,-0.009337,0.220000,-0.009337,0.219924,0.000000,0.220000,0.000251,0.220000,0.000237,0.220000,0.000237,0,0.013862,0.220000,0.212667,0.007584,-0.007082,0.011913,-0.028087,0.311127,0.110000,-0.003301,1
156,480000000,0.363434,1.140671,1.358177,0.219921,-0.008087,0.220000,-0.009337,0.220000,-0.008880,0.220000,-0.008880,0.219921,0.000000,0.220000,0.000237,0.220000,0.000237,0.220000,0.000237,0,0.013830,0.220000,0.212667,0.007571,-0.007096,0.010663,-0.029337,0.311127,0.110000,-0.003139,1
156,520000000,0.365280,1.149275,1.357837,0.220000,-0.008766,0.220000,-0.008880,0.220000,-0.009558,0.220000,-0.009558,0.220000,0.000000,0.220000,0.000237,0.220000,0.000228,0.220000,0.000228,0,0.013339,0.220000,0.212667,0.007570,-0.007097,0.011120,-0.028880,0.311127,0.110000,-0.003379,1
156,560000000,0.367130,1.157878,1.357483,0.220000,-0.008948,0.220000,-0.009558,0.220000,-0.010873,0.220000,-0.010873,0.220000,0.000000,0.220000,0.000228,0.220000,0.000225,0.220000,0.000225,0,0.013125,0.220000,0.212667,0.007562,-0.007105,0.010442,-0.029558,0.311127,0.110000,-0.003844,1
156,580000000,0.368056,1.162180,1.357305,0.220000,-0.008934,0.220000,-0.010873,0.220000,-0.010368,0.220000,-0.010368,0.220000,0.000000,0.220000,0.000225,0.220000,0.000223,0.220000,0.000223,0,0.013032,0.220000,0.212667,0.007558,-0.007109,0.009127,-0.030873,0.311127,0.110000,-0.003666,1
156,620000000,0.369910,1.170782,1.356906,0.220000,-0.010214,0.220000,-0.010368,0.220000,-0.011812,0.220000,-0.011812,0.220000,0.000000,0.220000,0.000223,0.220000,0.000226,0.220000,0.000226,0,0.013202,0.220000,0.212667,0.007556,-0.007110,0.009632,-0.030368,0.311127,0.110000,-0.004176,1
156,640000000,0.370839,1.175083,1.356699,0.219999,-0.010387,0.220000,-0.011812,0.220000,-0.011225,0.220000,-0.011225,0.219999,0.000000,0.220000,0.000226,0.220000,0.000227,0.220000,0.000227,0,0.013294,0.220000,0.212667,0.007559,-0.007107,0.008188,-0.031812,0.311127,0.110000,-0.003969,1
156,680000000,0.372698,1.183684,1.356255,0.219999,-0.011043,0.220000,-0.011225,0.220000,-0.012069,0.220000,-0.012069,0.219999,0.000000,0.220000,0.000227,0.220000,0.000236,0.220000,0.000236,0,0.013808,0.220000,0.212667,0.007561,-0.007106,0.008775,-0.031225,0.311127,0.110000,-0.004267,1
156,700000000,0.373630,1.187984,1.356045,0.219997,-0.010511,0.220000,-0.012069,0.220000,-0.011474,0.220000,-0.011474,0.219997,0.000000,0.220000,0.000236,0.220000,0.000237,0.220000,0.000237,0,0.013839,0.220000,0.212667,0.007570,-0.007097,0.007931,-0.032069,0.311127,0.110000,-0.004057,1
156,740000000,0.375498,1.196581,1.355589,0.219932,-0.011782,0.220000,-0.011474,0.220000,-0.012654,0.220000,-0.012654,0.219932,0.000000,0.220000,0.000237,0.220000,0.000258,0.220000,0.000258,0,0.015070,0.220000,0.212667,0.007570,-0.007097,0.008526,-0.031474,0.311127,0.110000,-0.004474,1
156,760000000,0.376435,1.200880,1.355342,0.219993,-0.012366,0.220000,-0.012654,0.220000,-0.011955,0.220000,-0.011955,0.219993,0.000000,0.220000,0.000258,0.220000,0.000279,0.220000,0.000279,0,0.016316,0.220000,0.212667,0.007591,-0.007075,0.007346,-0.032654,0.311127,0.110000,-0.004227,1
156,800000000,0.378311,1.209475,1.354831,0.219903,-0.012737,0.220000,-0.011955,0.220000,-0.013528,0.220000,-0.013528,0.219903,0.000000,0.220000,0.000279,0.220000,0.000315,0.220000,0.000315,0,0.018401,0.220000,0.212667,0.007613,-0.007054,0.008045,-0.031955,0.311127,0.110000,-0.004783,1
156,840000000,0.380189,1.218068,1.354342,0.219892,-0.011955,0.220000,-0.013528,0.220000,-0.014921,0.220000,-0.014921,0.219892,0.000000,0.220000,0.000315,0.220000,0.000338,0.220000,0.000338,0,0.019775,0.220000,0.212667,0.007648,-0.007018,0.006472,-0.033528,0.311127,0.110000,-0.005275,1
156,860000000,0.381129,1.222364,1.354103,0.219890,-0.011955,0.220000,-0.014921,0.220000,-0.014245,0.220000,-0.014245,0.219890,0.000000,0.220000,0.000338,0.220000,0.000341,0.220000,0.000341,0,0.019917,0.220000,0.212667,0.007672,-0.006995,0.005079,-0.034921,0.311127,0.110000,-0.005036,1
156,900000000,0.383011,1.230956,1.353518,0.219885,-0.014921,0.220000,-0.014245,0.220000,-0.015107,0.220000,-0.015107,0.219885,0.000000,0.220000,0.000341,0.220000,0.000377,0.220000,0.000377,0,0.022053,0.220000,0.212667,0.007674,-0.006993,0.005755,-0.034245,0.311127,0.110000,-0.005341,1
156,920000000,0.383953,1.235251,1.353229,0.219876,-0.014448,0.220000,-0.015107,0.220000,-0.014289,0.220000,-0.014289,0.219876,0.000000,0.220000,0.000377,0.220000,0.000389,0.220000,0.000389,0,0.022725,0.220000,0.212667,0.007711,-0.006956,0.004893,-0.035107,0.311127,0.110000,-0.005052,1
156,960000000,0.385840,1.243841,1.352658,0.219873,-0.014272,0.220000,-0.014289,0.220000,-0.016182,0.220000,-0.016182,0.219873,0.000000,0.220000,0.000389,0.220000,0.000414,0.220000,0.000414,0,0.024173,0.220000,0.212667,0.007722,-0.006944,0.005711,-0.034289,0.311127,0.110000,-0.005721,1
156,980000000,0.386785,1.248136,1.352372,0.219872,-0.014290,0.220000,-0.016182,0.220000,-0.015374,0.220000,-0.015374,0.219872,0.000000,0.220000,0.000414,0.220000,0.000421,0.220000,0.000421,0,0.024582,0.220000,0.212667,0.007747,-0.006920,0.003818,-0.036182,0.311127,0.110000,-0.005436,1
157,20000000,0.388677,1.256725,1.351755,0.219869,-0.016183,0.220000,-0.015374,0.220000,-0.017291,0.220000,-0.017291,0.219869,0.000000,0.220000,0.000421,0.220000,0.000449,0.220000,0.000449,0,0.026223,0.220000,0.212667,0.007754,-0.006913,0.004626,-0.035374,0.311127,0.110000,-0.006113,1
157,40000000,0.389625,1.261019,1.351432,0.219869,-0.016183,0.220000,-0.017291,0.220000,-0.016376,0.220000,-0.016376,0.219869,0.000000,0.220000,0.000449,0.220000,0.000459,0.220000,0.000459,0,0.026845,0.220000,0.212667,0.007782,-0.006885,0.002709,-0.037291,0.311127,0.110000,-0.005790,1
157,80000000,0.391530,1.269609,1.350708,0.219995,-0.018425,0.220000,-0.016376,0.220001,-0.017295,0.220001,-0.017295,0.219995,0.000000,0.220000,0.000459,0.220000,0.000517,0.220000,0.000517,0,0.030215,0.220000,0.212667,0.007793,-0.006874,0.003624,-0.036376,0.311127,0.110000,-0.006115,1
157,120000000,0.393440,1.278197,1.350010,0.219909,-0.016774,0.220001,-0.017295,0.220001,-0.015324,0.220001,-0.015324,0.219909,0.000000,0.220000,0.000517,0.220000,0.000564,0.220000,0.000564,0,0.032950,0.220000,0.212667,0.007850,-0.006816,0.002705,-0.037295,0.311127,0.110000,-0.005418,1
157,140000000,0.394396,1.282489,1.349683,0.219863,-0.016376,0.220001,-0.015324,0.220001,-0.017895,0.220001,-0.017895,0.219863,0.000000,0.220000,0.000564,0.220000,0.000576,0.220000,0.000576,0,0.033677,0.220000,0.212667,0.007897,-0.006770,0.004676,-0.035324,0.311127,0.110000,-0.006327,1
157,180000000,0.396307,1.291074,1.349070,0.219869,-0.015324,0.220001,-0.017895,0.220001,-0.016161,0.220001,-0.016161,0.219869,0.000000,0.220000,0.000576,0.220000,0.000577,0.220000,0.000577,0,0.033715,0.220000,0.212667,0.007910,-0.006757,0.002105,-0.037895,0.311127,0.110000,-0.005714,1
157,200000000,0.397262,1.295369,1.348736,0.219991,-0.016702,0.220001,-0.016161,0.220001,-0.019477,0.220001,-0.019477,0.219991,0.000000,0.220000,0.000577,0.220000,0.000570,0.220000,0.000570,0,0.033322,0.220000,0.212667,0.007910,-0.006756,0.003839,-0.036161,0.311127,0.110000,-0.006886,1
157,240000000,0.399176,1.303958,1.348046,0.219999,-0.017630,0.220001,-0.019477,0.220001,-0.017525,0.220001,-0.017525,0.219999,0.000000,0.220000,0.000570,0.220000,0.000563,0.220000,0.000563,0,0.032912,0.220000,0.212667,0.007904,-0.006763,0.000523,-0.039477,0.311127,0.110000,-0.006196,1
157,280000000,0.401096,1.312546,1.347315,0.219999,-0.018152,0.220001,-0.017525,0.220001,-0.019537,0.220001,-0.019537,0.219999,0.000000,0.220000,0.000563,0.220000,0.000552,0.220000,0.000552,0,0.032242,0.220000,0.212667,0.007897,-0.006770,0.002475,-0.037525,0.311127,0.110000,-0.006907,1
157,300000000,0.402058,1.316840,1.346988,0.219999,-0.016361,0.220001,-0.019537,0.220001,-0.018612,0.220001,-0.018612,0.219999,0.000000,0.220000,0.000552,0.220000,0.000538,0.220000,0.000538,0,0.031444,0.220000,0.212667,0.007885,-0.006782,0.000463,-0.039537,0.311127,0.110000,-0.006580,1
157,320000000,0.403022,1.321133,1.346655,0.219999,-0.016656,0.220001,-0.018612,0.220001,-0.021355,0.220001,-0.021355,0.219999,0.000000,0.220000,0.000538,0.220000,0.000518,0.220000,0.000518,0,0.030273,0.220000,0.212667,0.007871,-0.006795,0.001388,-0.038612,0.311127,0.110000,-0.007550,1
157,360000000,0.404955,1.329716,1.345937,0.219907,-0.018518,0.220001,-0.021355,0.220001,-0.019325,0.220001,-0.019325,0.219907,0.000000,0.220000,0.000518,0.220000,0.000506,0.220000,0.000506,0,0.029552,0.220000,0.212667,0.007851,-0.006815,-0.001355,-0.041355,0.311127,0.110000,-0.006832,1
157,380000000,0.405926,1.334004,1.345510,0.219806,-0.021355,0.220001,-0.019325,0.220001,-0.022570,0.220001,-0.022570,0.219806,0.000000,0.220000,0.000506,0.220000,0.000521,0.220000,0.000521,0,0.030434,0.220000,0.212667,0.007839,-0.006828,0.000675,-0.039325,0.311127,0.110000,-0.007980,1
157,420000000,0.407873,1.342577,1.344636,0.219796,-0.022328,0.220001,-0.022570,0.220001,-0.020099,0.220001,-0.020099,0.219796,0.000000,0.220000,0.000521,0.220000,0.000568,0.220000,0.000568,0,0.033195,0.220000,0.212667,0.007854,-0.006813,-0.002570,-0.042570,0.311127,0.110000,-0.007106,1
157,440000000,0.408849,1.346866,1.344199,0.219899,-0.021838,0.220001,-0.020099,0.220001,-0.024010,0.220001,-0.024010,0.219899,0.000000,0.220000,0.000568,0.220000,0.000575,0.220000,0.000575,0,0.033575,0.220000,0.212667,0.007901,-0.006765,-0.000099,-0.040099,0.311127,0.110000,-0.008489,1
157,480000000,0.410801,1.355446,1.343423,0.219998,-0.018671,0.220001,-0.024010,0.220001,-0.021814,0.220001,-0.021814,0.219998,0.000000,0.220000,0.000575,0.220000,0.000556,0.220000,0.000556,0,0.032503,0.220000,0.212667,0.007908,-0.006759,-0.004010,-0.044010,0.311127,0.110000,-0.007712,1
157,500000000,0.411779,1.359736,1.343040,0.219998,-0.019158,0.220001,-0.021814,0.220001,-0.025548,0.220001,-0.025548,0.219998,0.000000,0.220000,0.000556,0.220000,0.000530,0.220000,0.000530,0,0.030951,0.220000,0.212667,0.007890,-0.006777,-0.001814,-0.041814,0.311127,0.110000,-0.009033,1
157,540000000,0.413742,1.368315,1.342227,0.219998,-0.020294,0.220001,-0.025548,0.220001,-0.027844,0.220001,-0.027844,0.219998,0.000000,0.220000,0.000530,0.220000,0.000504,0.220000,0.000504,0,0.029465,0.220000,0.212667,0.007863,-0.006804,-0.005548,-0.045548,0.311127,0.110000,-0.009844,1
157,560000000,0.414726,1.372603,1.341755,0.219998,-0.023602,0.220001,-0.027844,0.220001,-0.026509,0.220001,-0.026509,0.219998,0.000000,0.220000,0.000504,0.220000,0.000501,0.220000,0.000501,0,0.029298,0.220000,0.212667,0.007838,-0.006829,-0.007844,-0.047844,0.311127,0.110000,-0.009372,1
157,600000000,0.416700,1.381179,1.340784,0.219998,-0.024643,0.220001,-0.026509,0.220001,-0.029009,0.220001,-0.029009,0.219998,0.000000,0.220000,0.000501,0.220000,0.000521,0.220000,0.000521,0,0.030435,0.220000,0.212667,0.007835,-0.006832,-0.006509,-0.046509,0.311127,0.110000,-0.010256,1
157,620000000,0.417691,1.385466,1.340288,0.219998,-0.024791,0.220001,-0.029009,0.220001,-0.027606,0.220001,-0.027606,0.219998,0.000000,0.220000,0.000521,0.220000,0.000524,0.220000,0.000524,0,0.030600,0.220000,0.212667,0.007854,-0.006813,-0.009009,-0.049009,0.311127,0.110000,-0.009760,1
157,660000000,0.419678,1.394039,1.339213,0.219998,-0.027222,0.220001,-0.027606,0.220001,-0.030768,0.220001,-0.030768,0.219998,0.000000,0.220000,0.000524,0.220000,0.000568,0.220000,0.000568,0,0.033186,0.220000,0.212667,0.007857,-0.006810,-0.007606,-0.047606,0.311127,0.110000,-0.010878,1
157,700000000,0.421678,1.402599,1.338102,0.219723,-0.027607,0.220001,-0.030768,0.220001,-0.027625,0.220001,-0.027625,0.219723,0.000000,0.220000,0.000568,0.220000,0.000622,0.220000,0.000622,0,0.036342,0.220000,0.212667,0.007901,-0.006765,-0.010768,-0.050768,0.311127,0.110000,-0.009767,1
157,720000000,0.422684,1.406878,1.337546,0.219763,-0.027823,0.220001,-0.027625,0.220001,-0.032159,0.220001,-0.032159,0.219763,0.000000,0.220000,0.000622,0.220000,0.000659,0.220000,0.000659,0,0.038538,0.220000,0.212667,0.007955,-0.006711,-0.007625,-0.047625,0.311127,0.110000,-0.011370,1
157,760000000,0.424701,1.415434,1.336435,0.219749,-0.027626,0.220001,-0.032159,0.220001,-0.029015,0.220001,-0.029015,0.219749,0.000000,0.220000,0.000659,0.220000,0.000704,0.220000,0.000704,0,0.041161,0.220000,0.212667,0.007993,-0.006674,-0.012159,-0.052159,0.311127,0.110000,-0.010258,1
157,780000000,0.425712,1.419711,1.335810,0.219747,-0.031253,0.220001,-0.029015,0.220001,-0.033000,0.220001,-0.033000,0.219747,0.000000,0.220000,0.000704,0.220000,0.000750,0.220000,0.000750,0,0.043827,0.220000,0.212667,0.008038,-0.006629,-0.009015,-0.049015,0.311127,0.110000,-0.011667,1
157,820000000,0.427743,1.428263,1.334516,0.219739,-0.032496,0.220001,-0.033000,0.220002,-0.029343,0.220002,-0.029343,0.219739,0.000000,0.220000,0.000750,0.220000,0.000841,0.220000,0.000841,0,0.049120,0.220000,0.212667,0.008083,-0.006583,-0.013000,-0.053000,0.311127,0.110000,-0.010374,1
157,840000000,0.428759,1.432538,1.333856,0.219722,-0.033001,0.220002,-0.029343,0.220002,-0.033541,0.220002,-0.033541,0.219722,0.000000,0.220000,0.000841,0.220000,0.000886,0.220000,0.000886,0,0.051748,0.220000,0.212667,0.008174,-0.006493,-0.009343,-0.049343,0.311127,0.110000,-0.011859,1
157,880000000,0.430796,1.441087,1.332610,0.219706,-0.029343,0.220002,-0.033541,0.220002,-0.030014,0.220002,-0.030014,0.219706,0.000000,0.220000,0.000886,0.220000,0.000931,0.220000,0.000931,0,0.054414,0.220000,0.212667,0.008219,-0.006448,-0.013541,-0.053541,0.311127,0.110000,-0.010612,1
157,900000000,0.431818,1.445361,1.332023,0.219700,-0.029343,0.220002,-0.030014,0.220002,-0.035459,0.220002,-0.035459,0.219700,0.000000,0.220000,0.000931,0.220000,0.000940,0.220000,0.000940,0,0.054954,0.220000,0.212667,0.008264,-0.006402,-0.010014,-0.050014,0.311127,0.110000,-0.012536,1
157,940000000,0.433865,1.453907,1.330824,0.219700,-0.030014,0.220002,-0.035459,0.220002,-0.032067,0.220002,-0.032067,0.219700,0.000000,0.220000,0.000940,0.220000,0.000946,0.220000,0.000946,0,0.055312,0.220000,0.212667,0.008274,-0.006393,-0.015459,-0.055459,0.311127,0.110000,-0.011337,1
157,960000000,0.434892,1.458179,1.330136,0.219695,-0.034370,0.220002,-0.032067,0.220002,-0.038005,0.220002,-0.038005,0.219695,0.000000,0.220000,0.000946,0.220000,0.000972,0.220000,0.000972,0,0.056785,0.220000,0.212667,0.008280,-0.006387,-0.012067,-0.052067,0.311127,0.110000,-0.013437,1
158,0,0.436959,1.466721,1.328695,0.219726,-0.036595,0.220002,-0.038005,0.220002,-0.033929,0.220002,-0.033929,0.219726,0.000000,0.220000,0.000972,0.220000,0.001038,0.220000,0.001038,0,0.060680,0.220000,0.212667,0.008305,-0.006362,-0.018005,-0.058005,0.311127,0.110000,-0.011996,1
158,20000000,0.438000,1.470993,1.327913,0.219825,-0.039101,0.220002,-0.033929,0.220003,-0.039332,0.220003,-0.039332,0.219825,0.000000,0.220000,0.001038,0.220000,0.001093,0.220000,0.001093,0,0.063864,0.220000,0.212667,0.008372,-0.006295,-0.013929,-0.053929,0.311127,0.110000,-0.013906,1
158,60000000,0.440085,1.479530,1.326499,0.219700,-0.033929,0.220003,-0.039332,0.220003,-0.035332,0.220003,-0.035332,0.219700,0.000000,0.220000,0.001093,0.220000,0.001139,0.220000,0.001139,0,0.066540,0.220000,0.212667,0.008426,-0.006241,-0.019332,-0.059332,0.311127,0.110000,-0.012492,1
158,80000000,0.441129,1.483797,1.325815,0.219668,-0.034209,0.220003,-0.035332,0.220003,-0.041065,0.220003,-0.041065,0.219666,0.001049,0.220000,0.001139,0.220000,0.001139,0.220000,0.001139,0,0.066568,0.220000,0.212667,0.008472,-0.006195,-0.015332,-0.055332,0.311127,0.110000,-0.014519,1
158,120000000,0.443217,1.492342,1.324457,0.220000,-0.033582,0.220003,-0.041065,0.220003,-0.037224,0.220003,-0.037224,0.219995,0.001414,0.220000,0.001139,0.220000,0.001101,0.220000,0.001101,0,0.064343,0.220000,0.212667,0.008472,-0.006194,-0.021065,-0.061065,0.311127,0.110000,-0.013161,1
158,140000000,0.444264,1.496616,1.323683,0.220000,-0.038682,0.220003,-0.037224,0.220003,-0.043164,0.220003,-0.043164,0.219995,0.001426,0.220000,0.001101,0.220000,0.001098,0.220000,0.001098,0,0.064156,0.220000,0.212667,0.008434,-0.006232,-0.017224,-0.057224,0.311127,0.110000,-0.015261,1
158,180000000,0.446368,1.505161,1.322111,0.219999,-0.039985,0.220003,-0.043164,0.220003,-0.038718,0.220003,-0.038718,0.219995,0.001415,0.220000,0.001098,0.220000,0.001103,0.220000,0.001103,0,0.064457,0.220000,0.212667,0.008431,-0.006236,-0.023164,-0.063164,0.311127,0.110000,-0.013689,1
158,200000000,0.447425,1.509432,1.321301,0.219999,-0.040533,0.220003,-0.038718,0.220003,-0.045053,0.220003,-0.045053,0.219995,0.001413,0.220000,0.001103,0.220000,0.001103,0.220000,0.001103,0,0.064466,0.220000,0.212667,0.008436,-0.006230,-0.018718,-0.058718,0.311127,0.110000,-0.015929,1
158,240000000,0.449550,1.517971,1.319825,0.219999,-0.035974,0.220003,-0.045053,0.220003,-0.040880,0.220003,-0.040880,0.219994,0.001425,0.220000,0.001103,0.220000,0.001063,0.220000,0.001063,0,0.062147,0.220000,0.212667,0.008436,-0.006230,-0.025053,-0.065053,0.311127,0.110000,-0.014453,1
158,260000000,0.450617,1.522240,1.319098,0.219999,-0.036353,0.220003,-0.040880,0.220002,-0.048609,0.220002,-0.048609,0.219994,0.001424,0.220000,0.001063,0.220000,0.001024,0.220000,0.001024,0,0.059837,0.220000,0.212667,0.008397,-0.006270,-0.020880,-0.060880,0.311127,0.110000,-0.017186,1
158,300000000,0.452761,1.530774,1.317576,0.219978,-0.038089,0.220002,-0.048609,0.220002,-0.044304,0.220002,-0.044304,0.219974,0.001392,0.220000,0.001024,0.220000,0.000978,0.220000,0.000978,0,0.057180,0.220000,0.212667,0.008357,-0.006309,-0.028609,-0.068609,0.311127,0.110000,-0.015664,1
158,340000000,0.454928,1.539286,1.315669,0.219545,-0.048609,0.220002,-0.044304,0.220002,-0.049586,0.220002,-0.049586,0.219543,0.001045,0.220000,0.000978,0.220000,0.001048,0.220000,0.001048,0,0.061223,0.220000,0.212667,0.008312,-0.006355,-0.024304,-0.064304,0.311127,0.110000,-0.017531,1
158,360000000,0.456019,1.543539,1.314757,0.219530,-0.045596,0.220002,-0.049586,0.220003,-0.047007,0.220003,-0.047007,0.219528,0.001008,0.220000,0.001048,0.220000,0.001086,0.220000,0.001086,0,0.063486,0.220000,0.212667,0.008381,-0.006286,-0.029586,-0.069586,0.311127,0.110000,-0.016620,1
158,380000000,0.457113,1.547793,1.313885,0.219623,-0.043602,0.220003,-0.047007,0.220003,-0.055231,0.220003,-0.055231,0.219621,0.001072,0.220000,0.001086,0.220000,0.001079,0.220000,0.001079,0,0.063034,0.220000,0.212667,0.008420,-0.006247,-0.027007,-0.067007,0.311127,0.110000,-0.019527,1
158,420000000,0.459300,1.556316,1.312155,0.219997,-0.043744,0.220003,-0.055231,0.220002,-0.050338,0.220002,-0.050338,0.219992,0.001470,0.220000,0.001079,0.220000,0.001037,0.220000,0.001037,0,0.060607,0.220000,0.212667,0.008412,-0.006255,-0.035231,-0.075231,0.311127,0.110000,-0.017797,1
158,460000000,0.461502,1.564836,1.310212,0.219997,-0.051828,0.220002,-0.050338,0.220002,-0.055912,0.220002,-0.055912,0.219992,0.001486,0.220000,0.001037,0.220000,0.001011,0.220000,0.001011,0,0.059079,0.220000,0.212667,0.008370,-0.006296,-0.030338,-0.070338,0.311127,0.110000,-0.019768,1
158,480000000,0.462609,1.569094,1.309176,0.219996,-0.051801,0.220002,-0.055912,0.220002,-0.064799,0.220002,-0.064799,0.219991,0.001488,0.220000,0.001011,0.220000,0.001035,0.220000,0.001035,0,0.060485,0.220000,0.212667,0.008344,-0.006322,-0.035912,-0.075912,0.311127,0.110000,-0.022910,1
158,520000000,0.464844,1.577595,1.307016,0.219507,-0.055539,0.220002,-0.064799,0.220003,-0.058689,0.220003,-0.058689,0.219504,0.001074,0.220000,0.001035,0.220000,0.001078,0.220000,0.001078,0,0.062986,0.220000,0.212667,0.008368,-0.006298,-0.044799,-0.084799,0.311127,0.110000,-0.020750,1
158,540000000,0.465971,1.581837,1.305774,0.219452,-0.062090,0.220003,-0.058689,0.220003,-0.067811,0.220003,-0.067811,0.219450,0.001044,0.220000,0.001078,0.220000,0.001179,0.220000,0.001179,0,0.068900,0.220000,0.212667,0.008411,-0.006256,-0.038689,-0.078689,0.311127,0.110000,-0.023975,1
158,580000000,0.468239,1.590316,1.303146,0.219428,-0.066607,0.220003,-0.067811,0.220004,-0.060378,0.220004,-0.060378,0.219425,0.001137,0.220000,0.001179,0.220000,0.001368,0.220000,0.001368,0,0.079963,0.220000,0.212667,0.008512,-0.006154,-0.047811,-0.087811,0.311127,0.110000,-0.021347,1
158,600000000,0.469379,1.594553,1.301790,0.219415,-0.067812,0.220004,-0.060378,0.220005,-0.070072,0.220005,-0.070072,0.219412,0.001205,0.220000,0.001368,0.220000,0.001488,0.220000,0.001488,0,0.086963,0.220000,0.212667,0.008702,-0.005965,-0.040378,-0.080378,0.311127,0.110000,-0.024774,1
158,640000000,0.471681,1.603026,1.299236,0.219570,-0.061176,0.220005,-0.070072,0.220006,-0.062851,0.220006,-0.062851,0.219568,0.001071,0.220000,0.001488,0.220000,0.001636,0.220000,0.001636,0,0.095584,0.220000,0.212667,0.008821,-0.005845,-0.050072,-0.090072,0.311127,0.110000,-0.022221,1
158,660000000,0.472841,1.607262,1.298009,0.219556,-0.061354,0.220006,-0.062851,0.220007,-0.073892,0.220007,-0.073892,0.219553,0.001094,0.220000,0.001636,0.220000,0.001708,0.220000,0.001708,0,0.099795,0.220000,0.212667,0.008969,-0.005698,-0.042851,-0.082851,0.311127,0.110000,-0.026125,1
158,700000000,0.475164,1.615728,1.295495,0.219487,-0.062852,0.220007,-0.073892,0.220007,-0.066780,0.220007,-0.066780,0.219483,0.001377,0.220000,0.001708,0.220000,0.001784,0.220000,0.001784,0,0.104232,0.220000,0.212667,0.009041,-0.005626,-0.053892,-0.093892,0.311127,0.110000,-0.023610,1
158,720000000,0.476331,1.619960,1.294084,0.219450,-0.070573,0.220007,-0.066780,0.220008,-0.078377,0.220008,-0.078377,0.219445,0.001541,0.220000,0.001784,0.220000,0.001869,0.220000,0.001869,0,0.109240,0.220000,0.212667,0.009117,-0.005550,-0.046780,-0.086780,0.311127,0.110000,-0.027711,1
158,760000000,0.478666,1.628432,1.291162,0.219928,-0.072826,0.220008,-0.078377,0.220009,-0.070113,0.220009,-0.070113,0.219917,0.002264,0.220000,0.001869,0.220000,0.001968,0.220000,0.001968,0,0.115018,0.220000,0.212667,0.009203,-0.005464,-0.058377,-0.098377,0.311127,0.110000,-0.024789,1
158,800000000,0.481016,1.636912,1.288202,0.219998,-0.073911,0.220009,-0.070113,0.220009,-0.078518,0.220009,-0.078518,0.219984,0.002408,0.220000,0.001968,0.220000,0.002018,0.220000,0.002018,0,0.117925,0.220000,0.212667,0.009302,-0.005365,-0.050113,-0.090113,0.311127,0.110000,-0.027760,1
158,820000000,0.482198,1.641150,1.286874,0.219998,-0.066428,0.220009,-0.078518,0.220009,-0.074760,0.220009,-0.074760,0.219984,0.002497,0.220000,0.002018,0.220000,0.001992,0.220000,0.001992,0,0.116405,0.220000,0.212667,0.009351,-0.005315,-0.058518,-0.098518,0.311127,0.110000,-0.026432,1
158,860000000,0.484578,1.649622,1.284181,0.219998,-0.069138,0.220009,-0.074760,0.220008,-0.085225,0.220008,-0.085225,0.219983,0.002545,0.220000,0.001992,0.220000,0.001893,0.220000,0.001893,0,0.110602,0.220000,0.212667,0.009325,-0.005341,-0.054760,-0.094760,0.311127,0.110000,-0.030131,1
158,880000000,0.485775,1.653856,1.282782,0.219997,-0.069961,0.220008,-0.085225,0.220008,-0.081267,0.220008,-0.081267,0.219982,0.002564,0.220000,0.001893,0.220000,0.001859,0.220000,0.001859,0,0.108618,0.220000,0.212667,0.009226,-0.005441,-0.065225,-0.105225,0.311127,0.110000,-0.028732,1
158,920000000,0.488191,1.662318,1.279700,0.219995,-0.080089,0.220008,-0.081267,0.220008,-0.092073,0.220008,-0.092073,0.219980,0.002508,0.220000,0.001859,0.220000,0.001821,0.220000,0.001821,0,0.106404,0.220000,0.212667,0.009192,-0.005475,-0.061267,-0.101267,0.311127,0.110000,-0.032553,1
158,940000000,0.489410,1.666545,1.278056,0.219964,-0.082191,0.220008,-0.092073,0.220008,-0.087424,0.220008,-0.087424,0.219950,0.002483,0.220000,0.001821,0.220000,0.001842,0.220000,0.001842,0,0.107657,0.220000,0.212667,0.009154,-0.005513,-0.072073,-0.112073,0.311127,0.110000,-0.030909,1
158,980000000,0.491884,1.674959,1.274395,0.219173,-0.092073,0.220008,-0.087424,0.220009,-0.098185,0.220009,-0.098185,0.219166,0.001847,0.220000,0.001842,0.220000,0.002002,0.220000,0.002002,0,0.117020,0.220000,0.212667,0.009176,-0.005491,-0.067424,-0.107424,0.311127,0.110000,-0.034714,1
159,0,0.493132,1.679162,1.272642,0.219191,-0.087646,0.220009,-0.098185,0.220010,-0.093227,0.220010,-0.093227,0.219182,0.001890,0.220000,0.002002,0.220000,0.002070,0.220000,0.002070,0,0.120992,0.220000,0.212667,0.009336,-0.005331,-0.078185,-0.118185,0.311127,0.110000,-0.032961,1
159,40000000,0.495634,1.687591,1.269242,0.219992,-0.086228,0.220010,-0.093227,0.220009,-0.106492,0.220009,-0.106492,0.219975,0.002719,0.220000,0.002070,0.220000,0.002017,0.220000,0.002017,0,0.117871,0.220000,0.212667,0.009404,-0.005263,-0.073227,-0.113227,0.311127,0.110000,-0.037651,1
159,80000000,0.498157,1.696022,1.265648,0.219990,-0.092433,0.220009,-0.106492,0.220009,-0.121167,0.220009,-0.121167,0.219973,0.002775,0.220000,0.002017,0.220000,0.001971,0.220000,0.001971,0,0.115182,0.220000,0.212667,0.009350,-0.005316,-0.086492,-0.126492,0.311127,0.110000,-0.042839,1
159,100000000,0.499431,1.700233,1.263644,0.219989,-0.100195,0.220009,-0.121167,0.220009,-0.115499,0.220009,-0.115499,0.219971,0.002773,0.220000,0.001971,0.220000,0.001975,0.220000,0.001975,0,0.115404,0.220000,0.212667,0.009304,-0.005362,-0.101167,-0.141167,0.311127,0.110000,-0.040835,1
159,140000000,0.502003,1.708648,1.259354,0.219986,-0.114457,0.220009,-0.115499,0.220010,-0.130386,0.220010,-0.130386,0.219968,0.002781,0.220000,0.001975,0.220000,0.002069,0.220000,0.002069,0,0.120912,0.220000,0.212667,0.009308,-0.005359,-0.095499,-0.135499,0.311127,0.110000,-0.046098,1
159,160000000,0.503303,1.712851,1.257070,0.219984,-0.114240,0.220010,-0.130386,0.220010,-0.123924,0.220010,-0.123924,0.219966,0.002806,0.220000,0.002069,0.220000,0.002125,0.220000,0.002125,0,0.124165,0.220000,0.212667,0.009402,-0.005264,-0.110386,-0.150386,0.311127,0.110000,-0.043814,1
159,200000000,0.505941,1.721219,1.252038,0.218994,-0.129950,0.220010,-0.123924,0.220013,-0.139140,0.220013,-0.139140,0.218984,0.002151,0.220000,0.002125,0.220000,0.002428,0.220000,0.002428,0,0.141893,0.220000,0.212667,0.009458,-0.005209,-0.103924,-0.143924,0.311127,0.110000,-0.049194,1
159,240000000,0.508626,1.729553,1.246978,0.218875,-0.123924,0.220013,-0.139140,0.220017,-0.124827,0.220017,-0.124827,0.218864,0.002148,0.220000,0.002428,0.220000,0.002743,0.220000,0.002743,0,0.160325,0.220000,0.212667,0.009761,-0.004905,-0.119140,-0.159140,0.311127,0.110000,-0.044133,1
159,260000000,0.509984,1.733714,1.244497,0.218873,-0.124014,0.220017,-0.124827,0.220018,-0.144827,0.220018,-0.144827,0.218863,0.002146,0.220000,0.002743,0.220000,0.002825,0.220000,0.002825,0,0.165114,0.220000,0.212667,0.010077,-0.004590,-0.104827,-0.144827,0.311127,0.110000,-0.053724,1
159,300000000,0.512732,1.742036,1.239503,0.219075,-0.124828,0.220018,-0.144827,0.220021,-0.137827,0.220021,-0.137827,0.219064,0.002170,0.220000,0.002825,0.220000,0.003030,0.220000,0.003030,0,0.177040,0.220000,0.212667,0.010159,-0.004508,-0.124827,-0.164827,0.311127,0.110000,-0.048729,1
159,320000000,0.514121,1.746191,1.236606,0.219052,-0.144828,0.220021,-0.137827,0.220023,-0.157827,0.220023,-0.157827,0.219040,0.002270,0.220000,0.003030,0.220000,0.003162,0.220000,0.003162,0,0.184767,0.220000,0.212667,0.010363,-0.004304,-0.117827,-0.157827,0.311127,0.110000,-0.059503,1
159,360000000,0.516909,1.754492,1.230674,0.218934,-0.151810,0.220023,-0.157827,0.220027,-0.151522,0.220027,-0.151522,0.218912,0.003134,0.220000,0.003162,0.220000,0.003455,0.220000,0.003455,0,0.201887,0.220000,0.212667,0.010495,-0.004172,-0.137827,-0.177827,0.311127,0.110000,-0.053571,1
159,380000000,0.518307,1.758658,1.227652,0.219744,-0.151131,0.220027,-0.151522,0.220027,-0.171522,0.220027,-0.171522,0.219708,0.003979,0.220000,0.003455,0.220000,0.003455,0.220000,0.003455,0,0.201910,0.220000,0.212667,0.010788,-0.003879,-0.131522,-0.171522,0.311127,0.110000,-0.065030,1
159,420000000,0.521127,1.766993,1.221836,0.219988,-0.142834,0.220027,-0.171522,0.220026,-0.167483,0.220026,-0.167483,0.219942,0.004503,0.220000,0.003455,0.220000,0.003410,0.220000,0.003410,0,0.199263,0.220000,0.212667,0.010788,-0.003878,-0.151522,-0.191522,0.311127,0.110000,-0.059214,1
159,440000000,0.522553,1.771156,1.218953,0.219986,-0.144158,0.220026,-0.167483,0.220024,-0.187483,0.220024,-0.187483,0.219939,0.004523,0.220000,0.003410,0.220000,0.003247,0.220000,0.003247,0,0.189736,0.220000,0.212667,0.010743,-0.003924,-0.147483,-0.187483,0.311127,0.110000,-0.072406,1
159,480000000,0.525442,1.779467,1.212631,0.219979,-0.157908,0.220024,-0.187483,0.220023,-0.207483,0.220023,-0.207483,0.219932,0.004566,0.220000,0.003247,0.220000,0.003185,0.220000,0.003185,0,0.186143,0.220000,0.212667,0.010580,-0.004087,-0.167483,-0.207483,0.311127,0.110000,-0.085673,1
159,500000000,0.526907,1.783616,1.209201,0.219973,-0.171494,0.220023,-0.207483,0.220022,-0.227483,0.220022,-0.227483,0.219927,0.004500,0.220000,0.003185,0.220000,0.003089,0.220000,0.003089,0,0.180505,0.220000,0.212667,0.010519,-0.004148,-0.187483,-0.227483,0.311127,0.110000,-0.082243,1
159,540000000,0.529882,1.791896,1.201825,0.219962,-0.191674,0.220022,-0.227483,0.220023,-0.247483,0.220023,-0.247483,0.219917,0.004468,0.220000,0.003089,0.220000,0.003165,0.220000,0.003165,0,0.184935,0.220000,0.212667,0.010422,-0.004245,-0.207483,-0.247483,0.311127,0.110000,-0.096444,1
159,560000000,0.531395,1.796027,1.197801,0.219956,-0.201202,0.220023,-0.247483,0.220022,-0.261404,0.220022,-0.261404,0.219911,0.004455,0.220000,0.003165,0.220000,0.003121,0.220000,0.003121,0,0.182373,0.220000,0.212667,0.010498,-0.004169,-0.227483,-0.267483,0.311127,0.110000,-0.092420,1
159,600000000,0.534468,1.804266,1.189146,0.219732,-0.226953,0.220022,-0.261404,0.220025,-0.281404,0.220025,-0.281404,0.219687,0.004460,0.220000,0.003121,0.220000,0.003329,0.220000,0.003329,0,0.194546,0.220000,0.212667,0.010454,-0.004213,-0.241404,-0.281404,0.311127,0.110000,-0.109542,1
159,620000000,0.536033,1.808367,1.184531,0.219488,-0.230711,0.220025,-0.281404,0.220026,-0.296781,0.220026,-0.296781,0.219446,0.004294,0.220000,0.003329,0.220000,0.003377,0.220000,0.003377,0,0.197330,0.220000,0.212667,0.010662,-0.004004,-0.261404,-0.301404,0.311127,0.110000,-0.104928,1
159,660000000,0.539207,1.816570,1.174547,0.219932,-0.249069,0.220026,-0.296781,0.220032,-0.316781,0.220032,-0.316781,0.219876,0.004972,0.220000,0.003377,0.220000,0.003724,0.220000,0.003724,0,0.217615,0.220000,0.212667,0.010710,-0.003957,-0.276781,-0.316781,0.311127,0.110000,-0.125595,1
159,700000000,0.542459,1.824744,1.163766,0.219918,-0.272983,0.220032,-0.316781,0.220034,-0.324742,0.220034,-0.324742,0.219857,0.005149,0.220000,0.003724,0.220000,0.003887,0.220000,0.003887,0,0.227143,0.220000,0.212667,0.011057,-0.003610,-0.296781,-0.336781,0.311127,0.110000,-0.114814,1
159,720000000,0.544111,1.828820,1.158012,0.219918,-0.287683,0.220034,-0.324742,0.220037,-0.344742,0.220037,-0.344742,0.219849,0.005506,0.220000,0.003887,0.220000,0.004035,0.220000,0.004035,0,0.235782,0.220000,0.212667,0.011220,-0.003446,-0.304742,-0.344742,0.311127,0.110000,-0.144363,1
159,760000000,0.547477,1.836947,1.146035,0.219899,-0.301636,0.220037,-0.344742,0.220039,-0.364742,0.220039,-0.364742,0.219821,0.005853,0.220000,0.004035,0.220000,0.004142,0.220000,0.004142,0,0.242060,0.220000,0.212667,0.011368,-0.003299,-0.324742,-0.364742,0.311127,0.110000,-0.132386,1
159,780000000,0.549194,1.840992,1.139586,0.219700,-0.322447,0.220039,-0.364742,0.220041,-0.384742,0.220041,-0.384742,0.219621,0.005886,0.220000,0.004142,0.220000,0.004245,0.220000,0.004245,0,0.248063,0.220000,0.212667,0.011475,-0.003191,-0.344742,-0.384742,0.311127,0.110000,-0.171309,1
159,820000000,0.552699,1.849053,1.126350,0.219857,-0.339942,0.220041,-0.384742,0.220040,-0.404742,0.220040,-0.404742,0.219766,0.006348,0.220000,0.004245,0.220000,0.004186,0.220000,0.004186,0,0.244608,0.220000,0.212667,0.011578,-0.003088,-0.364742,-0.404742,0.311127,0.110000,-0.158072,1
159,840000000,0.554487,1.853071,1.119468,0.219866,-0.344091,0.220040,-0.404742,0.220037,-0.424742,0.220037,-0.424742,0.219771,0.006495,0.220000,0.004186,0.220000,0.004015,0.220000,0.004015,0,0.234612,0.220000,0.212667,0.011519,-0.003148,-0.384742,-0.424742,0.311127,0.110000,-0.207845,1
159,880000000,0.558144,1.861067,1.104902,0.219834,-0.367515,0.220037,-0.424742,0.220029,-0.444742,0.220029,-0.444742,0.219735,0.006613,0.220000,0.004015,0.220000,0.003546,0.220000,0.003546,0,0.207215,0.220000,0.212667,0.011348,-0.003319,-0.404742,-0.444742,0.311127,0.110000,-0.193278,1
159,900000000,0.560018,1.865044,1.097420,0.219811,-0.374089,0.220029,-0.444742,0.220021,-0.464742,0.220021,-0.464742,0.219714,0.006531,0.220000,0.003546,0.220000,0.003022,0.220000,0.003022,0,0.176596,0.220000,0.212667,0.010879,-0.003787,-0.424742,-0.464742,0.311127,0.110000,-0.258884,1
159,940000000,0.563868,1.872947,1.081721,0.219753,-0.394541,0.220021,-0.464742,0.220008,-0.484742,0.220008,-0.484742,0.219666,0.006200,0.220000,0.003022,0.220000,0.001930,0.220000,0.001930,0,0.112800,0.220000,0.212667,0.010355,-0.004311,-0.444742,-0.484742,0.311127,0.110000,-0.243186,1
159,960000000,0.565845,1.876872,1.073454,0.219721,-0.413365,0.220008,-0.484742,0.220002,-0.504742,0.220002,-0.504742,0.219641,0.005930,0.220000,0.001930,0.220000,0.000862,0.220000,0.000862,0,0.050361,0.220000,0.212667,0.009264,-0.005403,-0.464742,-0.504742,0.311127,0.110000,-0.333198,1
160,0,0.569905,1.884664,1.056583,0.219649,-0.430995,0.220002,-0.504742,0.220004,-0.524742,0.220004,-0.524742,0.219584,0.005309,0.220000,0.000862,0.220000,-0.001355,0.220000,-0.001355,0,-0.079174,0.220000,0.212667,0.008195,-0.006472,-0.484742,-0.524742,0.311127,0.110000,-0.316327,1
160,40000000,0.574149,1.892353,1.038890,0.219526,-0.449652,0.220004,-0.524742,0.220071,-0.544742,0.220071,-0.544742,0.219502,0.003199,0.220000,-0.001355,0.220000,-0.005597,0.220000,-0.005597,0,-0.327088,0.220000,0.212667,0.005979,-0.008688,-0.504742,-0.544742,0.311127,0.110000,-0.432664,1
160,60000000,0.576353,1.896149,1.029779,0.219478,-0.455551,0.220071,-0.544742,0.220136,-0.564742,0.220136,-0.564742,0.219465,0.002393,0.220000,-0.005597,0.220000,-0.007723,0.220000,-0.007723,0,-0.451339,0.220000,0.212667,0.001736,-0.012930,-0.524742,-0.564742,0.311127,0.110000,-0.608020,1
160,100000000,0.580944,1.903628,1.011370,0.219362,-0.462935,0.220136,-0.564742,0.220514,-0.584742,0.220514,-0.584742,0.219358,-0.001315,0.220000,-0.007723,0.220000,-0.015042,0.220000,-0.015042,0,-0.879012,0.220000,0.212667,-0.000390,-0.015057,-0.544742,-0.584742,0.311127,0.110000,-0.589612,1
160,120000000,0.583336,1.907301,1.002156,0.219195,-0.460694,0.220514,-0.584742,0.220910,-0.600000,0.220910,-0.600000,0.219177,-0.002755,0.220000,-0.015042,0.220000,-0.020034,0.220000,-0.020034,0,-1.170754,0.220000,0.212667,-0.007708,-0.022375,-0.564742,-0.600000,0.311127,0.110000,-0.820601,1
160,160000000,0.588454,1.914430,0.984020,0.219392,-0.453340,0.220910,-0.600000,0.221696,-0.600000,0.221696,-0.600000,0.219174,-0.009763,0.220000,-0.020034,0.220000,-0.027367,0.220000,-0.027367,0,-1.899569,0.220000,0.212667,-0.012701,-0.027367,-0.580000,-0.600000,0.311127,0.110000,-1.074733,1
160,180000000,0.591120,1.917918,0.975028,0.219514,-0.449593,0.221696,-0.600000,0.222720,-0.600000,0.222720,-0.600000,0.219107,-0.013365,0.220000,-0.027367,0.220000,-0.034701,0.220000,-0.034701,0,-2.535133,0.220000,0.212667,-0.020034,-0.034701,-0.580000,-0.600000,0.311127,0.110000,-1.065741,1
160,220000000,0.596711,1.924695,0.957288,0.219876,-0.438308,0.222720,-0.600000,0.223980,-0.600000,0.223980,-0.600000,0.218685,-0.022852,0.220000,-0.034701,0.220000,-0.042034,0.220000,-0.042034,0,-4.121872,0.220000,0.212667,-0.027367,-0.042034,-0.580000,-0.600000,0.311127,0.110000,-1.304775,1
160,240000000,0.599699,1.927942,0.948569,0.220622,-0.435944,0.223980,-0.600000,0.225471,-0.600000,0.225471,-0.600000,0.218887,-0.027613,0.220000,-0.042034,0.220000,-0.049367,0.220000,-0.049367,0,-5.207900,0.220000,0.212667,-0.034701,-0.049367,-0.580000,-0.600000,0.311127,0.110000,-1.500764,1
160,280000000,0.605898,1.934253,0.931271,0.221517,-0.430439,0.225471,-0.600000,0.227189,-0.600000,0.227189,-0.600000,0.218837,-0.034359,0.220000,-0.049367,0.220000,-0.056701,0.220000,-0.056701,0,-8.001522,0.220000,0.212667,-0.042034,-0.056701,-0.580000,-0.600000,0.311127,0.110000,-1.632403,1
160,300000000,0.609078,1.937339,0.922648,0.221568,-0.431147,0.227189,-0.600000,0.229130,-0.600000,0.229130,-0.600000,0.218875,-0.034437,0.220000,-0.056701,0.220000,-0.064034,0.220000,-0.064034,0,-9.479998,0.220000,0.212667,-0.049367,-0.064034,-0.580000,-0.600000,0.311127,0.110000,-1.731580,1
160,340000000,0.615903,1.943119,0.905875,0.223954,-0.419763,0.229130,-0.600000,0.231286,-0.600000,0.231286,-0.600000,0.218773,-0.047894,0.220000,-0.064034,0.220000,-0.071367,0.220000,-0.071367,0,-11.958380,0.220000,0.212667,-0.056701,-0.071367,-0.580000,-0.600000,0.311127,0.110000,-1.857001,1
160,380000000,0.623052,1.948609,0.889253,0.225571,-0.415518,0.231286,-0.600000,0.226762,-0.600000,0.226762,-0.600000,0.218814,-0.054796,0.220000,-0.071367,0.212667,-0.078701,0.212667,-0.078701,0,-13.827998,0.220000,0.212667,-0.064034,-0.078701,-0.580000,-0.600000,0.311127,0.110000,-1.888281,1
160,400000000,0.626718,1.951211,0.880968,0.224774,-0.414264,0.226762,-0.600000,0.222629,-0.600000,0.222629,-0.600000,0.216786,-0.059388,0.212667,-0.078701,0.205333,-0.086034,0.205333,-0.086034,0,-14.551425,0.220000,0.205333,-0.071367,-0.086034,-0.580000,-0.600000,0.311127,0.110000,-1.879996,1
160,440000000,0.634256,1.955930,0.864707,0.222426,-0.407307,0.222629,-0.600000,0.218910,-0.600000,0.218910,-0.600000,0.211589,-0.068582,0.205333,-0.086034,0.198000,-0.093367,0.198000,-0.093367,0,-15.692074,0.212667,0.198000,-0.078701,-0.093367,-0.580000,-0.600000,0.311127,0.110000,-1.902315,1
160,460000000,0.638065,1.958053,0.856615,0.218008,-0.404587,0.218910,-0.600000,0.215626,-0.600000,0.215626,-0.600000,0.204660,-0.075112,0.198000,-0.093367,0.190667,-0.100701,0.190667,-0.100701,0,-16.128844,0.205333,0.190667,-0.086034,-0.100701,-0.580000,-0.600000,0.311127,0.110000,-1.926847,1
160,500000000,0.645747,1.961881,0.840391,0.211506,-0.406710,0.215626,-0.600000,0.212797,-0.600000,0.212797,-0.600000,0.193255,-0.085947,0.190667,-0.100701,0.183333,-0.108034,0.183333,-0.108034,0,-16.831772,0.198000,0.183333,-0.093367,-0.108034,-0.580000,-0.600000,0.311127,0.110000,-1.910623,1
160,520000000,0.649617,1.963502,0.832478,0.209821,-0.395628,0.212797,-0.600000,0.210441,-0.600000,0.210441,-0.600000,0.189881,-0.089277,0.183333,-0.108034,0.176000,-0.115367,0.176000,-0.115367,0,-17.100224,0.190667,0.176000,-0.100701,-0.115367,-0.580000,-0.600000,0.311127,0.110000,-1.902710,1
160,560000000,0.657406,1.966301,0.816765,0.206596,-0.392897,0.210441,-0.600000,0.208576,-0.600000,0.208576,-0.600000,0.182756,-0.096345,0.176000,-0.115367,0.168667,-0.122701,0.168667,-0.122701,0,-17.527789,0.183333,0.168667,-0.108034,-0.122701,-0.580000,-0.600000,0.311127,0.110000,-1.913991,1
160,580000000,0.661318,1.967529,0.808961,0.205054,-0.390204,0.208576,-0.600000,0.207213,-0.600000,0.207213,-0.600000,0.179142,-0.099776,0.168667,-0.122701,0.161333,-0.130034,0.161333,-0.130034,0,-17.690340,0.176000,0.161333,-0.115367,-0.130034,-0.580000,-0.600000,0.311127,0.110000,-1.906187,1
160,620000000,0.669167,1.969250,0.793618,0.200683,-0.383536,0.207213,-0.600000,0.206363,-0.600000,0.206363,-0.600000,0.166600,-0.111884,0.161333,-0.130034,0.154000,-0.137367,0.154000,-0.137367,0,-17.930715,0.168667,0.154000,-0.122701,-0.137367,-0.580000,-0.600000,0.311127,0.110000,-1.913531,1
160,640000000,0.673100,1.969893,0.786001,0.199299,-0.380872,0.206363,-0.600000,0.206032,-0.600000,0.206032,-0.600000,0.161339,-0.117003,0.154000,-0.137367,0.146667,-0.144701,0.146667,-0.144701,0,-18.016403,0.161333,0.146667,-0.130034,-0.144701,-0.580000,-0.600000,0.311127,0.110000,-1.905913,1
160,680000000,0.680984,1.970858,0.770813,0.198013,-0.377951,0.206032,-0.600000,0.206223,-0.600000,0.206223,-0.600000,0.154322,-0.124071,0.146667,-0.144701,0.139333,-0.152034,0.139333,-0.152034,0,-18.130095,0.154000,0.139333,-0.137367,-0.152034,-0.580000,-0.600000,0.311127,0.110000,-1.911076,1
160,700000000,0.684934,1.971212,0.763212,0.198301,-0.380036,0.206223,-0.600000,0.206935,-0.600000,0.206935,-0.600000,0.154542,-0.124258,0.139333,-0.152034,0.132000,-0.159367,0.132000,-0.159367,0,-18.162191,0.146667,0.132000,-0.144701,-0.159367,-0.580000,-0.600000,0.311127,0.110000,-1.903475,1
160,740000000,0.692800,1.971179,0.748399,0.196710,-0.369964,0.206935,-0.600000,0.208161,-0.600000,0.208161,-0.600000,0.140272,-0.137908,0.132000,-0.159367,0.124667,-0.166701,0.124667,-0.166701,0,-18.181359,0.139333,0.124667,-0.152034,-0.166701,-0.580000,-0.600000,0.311127,0.110000,-1.888663,1
160,760000000,0.696726,1.970923,0.741058,0.196710,-0.367051,0.208161,-0.600000,0.209893,-0.600000,0.209893,-0.600000,0.135702,-0.142407,0.124667,-0.166701,0.117333,-0.174034,0.117333,-0.174034,0,-18.172288,0.132000,0.117333,-0.159367,-0.174034,-0.580000,-0.600000,0.311127,0.110000,-1.881322,1
160,800000000,0.704566,1.970126,0.726423,0.197028,-0.364708,0.209893,-0.600000,0.212118,-0.600000,0.212118,-0.600000,0.131115,-0.147068,0.117333,-0.174034,0.110000,-0.181367,0.110000,-0.181367,0,-18.121046,0.124667,0.110000,-0.166701,-0.181367,-0.580000,-0.600000,0.311127,0.110000,-1.883992,1
160,820000000,0.708453,1.969327,0.719293,0.198457,-0.356477,0.212118,-0.600000,0.214822,-0.600000,0.214822,-0.600000,0.119407,-0.158516,0.110000,-0.181367,0.102667,-0.188701,0.102667,-0.188701,0,-18.082450,0.117333,0.102667,-0.174034,-0.188701,-0.580000,-0.600000,0.311127,0.110000,-1.876863,1
160,860000000,0.716204,1.967417,0.705079,0.200311,-0.353435,0.214822,-0.600000,0.217986,-0.600000,0.217986,-0.600000,0.112620,-0.165654,0.102667,-0.188701,0.095333,-0.196034,0.095333,-0.196034,0,-17.981648,0.110000,0.095333,-0.181367,-0.196034,-0.580000,-0.600000,0.311127,0.110000,-1.877329,1
160,880000000,0.720066,1.966327,0.697993,0.200618,-0.354334,0.217986,-0.600000,0.221590,-0.600000,0.221590,-0.600000,0.112387,-0.166182,0.095333,-0.196034,0.088000,-0.203367,0.088000,-0.203367,0,-17.919553,0.102667,0.088000,-0.188701,-0.203367,-0.580000,-0.600000,0.311127,0.110000,-1.870243,1
160,920000000,0.727688,1.963343,0.684243,0.205122,-0.345051,0.221590,-0.600000,0.225614,-0.600000,0.225614,-0.600000,0.099051,-0.179622,0.088000,-0.203367,0.080667,-0.210701,0.080667,-0.210701,0,-17.784164,0.095333,0.080667,-0.196034,-0.210701,-0.580000,-0.600000,0.311127,0.110000,-1.856493,1
160,940000000,0.731477,1.961670,0.677403,0.207090,-0.341983,0.225614,-0.600000,0.230036,-0.600000,0.230036,-0.600000,0.094633,-0.184203,0.080667,-0.210701,0.073333,-0.218034,0.073333,-0.218034,0,-17.709462,0.088000,0.073333,-0.203367,-0.218034,-0.580000,-0.600000,0.311127,0.110000,-1.863777,1
160,980000000,0.738989,1.957934,0.663863,0.211161,-0.334812,0.230036,-0.600000,0.229687,-0.600000,0.229687,-0.600000,0.085823,-0.192934,0.073333,-0.218034,0.066000,-0.220000,0.066000,-0.220000,0,-17.546696,0.080667,0.066000,-0.210701,-0.220000,-0.580000,-0.600000,0.311127,0.110000,-1.850236,1
161,0,0.742696,1.955734,0.657241,0.215515,-0.331061,0.229687,-0.600000,0.227688,-0.600000,0.227688,-0.600000,0.078957,-0.200530,0.066000,-0.220000,0.058667,-0.220000,0.058667,-0.220000,0,-17.463697,0.073333,0.058667,-0.212667,-0.220000,-0.580000,-0.600000,0.311127,0.110000,-1.843615,1
161,40000000,0.749979,1.951115,0.643918,0.215476,-0.332948,0.227688,-0.600000,0.225910,-0.600000,0.225910,-0.600000,0.072258,-0.202999,0.058667,-0.220000,0.051333,-0.220000,0.051333,-0.220000,0,-17.290346,0.066000,0.051333,-0.212667,-0.220000,-0.580000,-0.600000,0.311127,0.110000,-1.843054,1
161,60000000,0.753560,1.948708,0.637156,0.215756,-0.338086,0.225910,-0.600000,0.224357,-0.600000,0.224357,-0.600000,0.071708,-0.203491,0.051333,-0.220000,0.044000,-0.220000,0.044000,-0.220000,0,-17.201208,0.058667,0.044000,-0.212667,-0.220000,-0.580000,-0.600000,0.311127,0.110000,-1.836293,1
161,100000000,0.760254,1.943505,0.623727,0.212063,-0.336441,0.224357,-0.600000,0.223035,-0.600000,0.223035,-0.600000,0.058593,-0.203808,0.044000,-0.220000,0.036667,-0.220000,0.036667,-0.220000,0,-17.041924,0.051333,0.036667,-0.212667,-0.220000,-0.580000,-0.600000,0.311127,0.110000,-1.833613,1
161,140000000,0.766704,1.938064,0.610192,0.210887,-0.339186,0.223035,-0.600000,0.221947,-0.600000,0.221947,-0.600000,0.051892,-0.204403,0.036667,-0.220000,0.029333,-0.220000,0.029333,-0.220000,0,-16.886483,0.044000,0.029333,-0.212667,-0.220000,-0.580000,-0.600000,0.311127,0.110000,-1.820078,1
161,160000000,0.769838,1.935246,0.603361,0.210728,-0.341556,0.221947,-0.600000,0.221097,-0.600000,0.221097,-0.600000,0.048458,-0.205081,0.029333,-0.220000,0.022000,-0.220000,0.022000,-0.220000,0,-16.812800,0.036667,0.022000,-0.212667,-0.220000,-0.580000,-0.600000,0.311127,0.110000,-1.813246,1
161,200000000,0.775679,1.929303,0.589770,0.208504,-0.341327,0.221097,-0.600000,0.220488,-0.600000,0.220488,-0.600000,0.036782,-0.205234,0.022000,-0.220000,0.014667,-0.220000,0.014667,-0.220000,0,-16.687808,0.029333,0.014667,-0.212667,-0.220000,-0.580000,-0.600000,0.311127,0.110000,-1.809484,1
161,220000000,0.778468,1.926228,0.582967,0.207587,-0.340160,0.220488,-0.600000,0.220122,-0.600000,0.220122,-0.600000,0.031125,-0.205241,0.014667,-0.220000,0.007333,-0.220000,0.007333,-0.220000,0,-16.633523,0.022000,0.007333,-0.212667,-0.220000,-0.580000,-0.600000,0.311127,0.110000,-1.802681,1
161,260000000,0.783830,1.919890,0.569288,0.207226,-0.341045,0.220122,-0.600000,0.220000,-0.600000,0.220000,-0.600000,0.020979,-0.206161,0.007333,-0.220000,0.000000,-0.220000,0.000000,-0.220000,0,-16.537883,0.014667,0.000000,-0.212667,-0.220000,-0.580000,-0.600000,0.311127,0.110000,-1.798033,1
161,280000000,0.786330,1.916599,0.562478,0.206613,-0.340531,0.220000,-0.600000,0.220122,-0.600000,0.220122,-0.600000,0.017359,-0.205883,0.000000,-0.220000,-0.007333,-0.220000,-0.007333,-0.220000,0,-16.502468,0.007333,-0.007333,-0.212667,-0.220000,-0.580000,-0.600000,0.311127,0.110000,-1.791222,1
161,320000000,0.791112,1.909853,0.548796,0.206708,-0.341820,0.220122,-0.600000,0.220488,-0.600000,0.220488,-0.600000,0.010582,-0.206437,-0.007333,-0.220000,-0.014667,-0.220000,-0.014667,-0.220000,0,-16.447757,0.000000,-0.014667,-0.212667,-0.220000,-0.580000,-0.600000,0.311127,0.110000,-1.785853,1
161,340000000,0.793384,1.906386,0.541941,0.207234,-0.342740,0.220488,-0.600000,0.221097,-0.600000,0.221097,-0.600000,0.007279,-0.207106,-0.014667,-0.220000,-0.022000,-0.220000,-0.022000,-0.220000,0,-16.428776,-0.007333,-0.022000,-0.212667,-0.220000,-0.580000,-0.600000,0.311127,0.110000,-1.778998,1
161,380000000,0.797491,1.899202,0.528346,0.207117,-0.341186,0.221097,-0.600000,0.221947,-0.600000,0.221947,-0.600000,-0.003191,-0.207093,-0.022000,-0.220000,-0.029333,-0.220000,-0.029333,-0.220000,0,-16.425033,-0.014667,-0.029333,-0.212667,-0.220000,-0.580000,-0.600000,0.311127,0.110000,-1.773070,1
161,420000000,0.801286,1.891811,0.514701,0.207911,-0.342028,0.221947,-0.600000,0.223035,-0.600000,0.223035,-0.600000,-0.009997,-0.207670,-0.029333,-0.220000,-0.036667,-0.220000,-0.036667,-0.220000,0,-16.443751,-0.022000,-0.036667,-0.212667,-0.220000,-0.580000,-0.600000,0.311127,0.110000,-1.759425,1
161,440000000,0.803048,1.888033,0.507872,0.208475,-0.341434,0.223035,-0.600000,0.224357,-0.600000,0.224357,-0.600000,-0.015525,-0.207896,-0.036667,-0.220000,-0.044000,-0.220000,-0.044000,-0.220000,0,-16.464298,-0.029333,-0.044000,-0.212667,-0.220000,-0.580000,-0.600000,0.311127,0.110000,-1.752596,1
161,480000000,0.806376,1.880347,0.494172,0.209878,-0.342390,0.224357,-0.600000,0.225910,-0.600000,0.225910,-0.600000,-0.021527,-0.208771,-0.044000,-0.220000,-0.051333,-0.220000,-0.051333,-0.220000,0,-16.517302,-0.036667,-0.051333,-0.212667,-0.220000,-0.580000,-0.600000,0.311127,0.110000,-1.745980,1
161,500000000,0.807798,1.876381,0.487411,0.210691,-0.338052,0.225910,-0.600000,0.227688,-0.600000,0.227688,-0.600000,-0.030726,-0.208438,-0.051333,-0.220000,-0.058667,-0.220000,-0.058667,-0.220000,0,-16.561857,-0.044000,-0.058667,-0.212667,-0.220000,-0.580000,-0.600000,0.311127,0.110000,-1.739219,1
161,540000000,0.810449,1.868335,0.473814,0.212449,-0.339011,0.227688,-0.600000,0.229687,-0.600000,0.229687,-0.600000,-0.037524,-0.209109,-0.058667,-0.220000,-0.066000,-0.220000,-0.066000,-0.220000,0,-16.661010,-0.051333,-0.066000,-0.212667,-0.220000,-0.580000,-0.600000,0.311127,0.110000,-1.732178,1
161,560000000,0.811677,1.864258,0.466987,0.212900,-0.341312,0.229687,-0.600000,0.231900,-0.600000,0.231900,-0.600000,-0.037614,-0.209551,-0.066000,-0.220000,-0.073333,-0.220000,-0.073333,-0.220000,0,-16.716931,-0.058667,-0.073333,-0.212667,-0.220000,-0.580000,-0.600000,0.311127,0.110000,-1.725352,1
161,600000000,0.813674,1.855881,0.453502,0.216038,-0.336183,0.231900,-0.600000,0.234323,-0.600000,0.234323,-0.600000,-0.051347,-0.209847,-0.073333,-0.220000,-0.080667,-0.220000,-0.080667,-0.220000,0,-16.853805,-0.066000,-0.080667,-0.212667,-0.220000,-0.580000,-0.600000,0.311127,0.110000,-1.717946,1
161,640000000,0.815264,1.847315,0.440043,0.218443,-0.336496,0.234323,-0.600000,0.236947,-0.600000,0.236947,-0.600000,-0.058372,-0.210500,-0.080667,-0.220000,-0.088000,-0.220000,-0.088000,-0.220000,0,-17.009165,-0.073333,-0.088000,-0.212667,-0.220000,-0.580000,-0.600000,0.311127,0.110000,-1.710135,1
161,660000000,0.815978,1.842991,0.433300,0.219155,-0.337164,0.236947,-0.600000,0.239767,-0.600000,0.239767,-0.600000,-0.059017,-0.211059,-0.088000,-0.220000,-0.095333,-0.220000,-0.095333,-0.220000,0,-17.087722,-0.080667,-0.095333,-0.212667,-0.220000,-0.580000,-0.600000,0.311127,0.110000,-1.703391,1
161,700000000,0.816847,1.834107,0.419996,0.223410,-0.334194,0.239767,-0.600000,0.240625,-0.600000,0.240625,-0.600000,-0.072228,-0.211412,-0.095333,-0.220000,-0.097469,-0.220000,-0.097469,-0.220000,0,-17.266581,-0.088000,-0.102667,-0.212667,-0.220000,-0.580000,-0.600000,0.311127,0.110000,-1.695341,1
161,720000000,0.817114,1.829596,0.413366,0.225949,-0.331499,0.240625,-0.600000,0.238683,-0.600000,0.238683,-0.600000,-0.078994,-0.211690,-0.097469,-0.220000,-0.092572,-0.220000,-0.092572,-0.220000,0,-17.358361,-0.090135,-0.104802,-0.212667,-0.220000,-0.580000,-0.600000,0.311127,0.110000,-1.688711,1
161,760000000,0.817599,1.820552,0.399853,0.226349,-0.340836,0.238683,-0.600000,0.235936,-0.600000,0.235936,-0.600000,-0.077232,-0.212766,-0.092572,-0.220000,-0.085239,-0.220000,-0.085239,-0.220000,0,-17.529790,-0.085239,-0.099906,-0.212667,-0.220000,-0.580000,-0.600000,0.311127,0.110000,-1.680094,1
161,780000000,0.817826,1.816022,0.392979,0.226788,-0.343719,0.235936,-0.600000,0.233387,-0.600000,0.233387,-0.600000,-0.076941,-0.213338,-0.085239,-0.220000,-0.077906,-0.220000,-0.077906,-0.220000,0,-17.608914,-0.077906,-0.092572,-0.212667,-0.220000,-0.580000,-0.600000,0.311127,0.110000,-1.673220,1
161,820000000,0.818355,1.806991,0.378772,0.225788,-0.356237,0.233387,-0.600000,0.231042,-0.600000,0.231042,-0.600000,-0.070681,-0.214440,-0.077906,-0.220000,-0.070572,-0.220000,-0.070572,-0.220000,0,-17.749640,-0.070572,-0.085239,-0.212667,-0.220000,-0.580000,-0.600000,0.311127,0.110000,-1.663582,1
161,840000000,0.818616,1.802474,0.371448,0.226249,-0.366204,0.231042,-0.600000,0.228909,-0.600000,0.228909,-0.600000,-0.070580,-0.214958,-0.070572,-0.220000,-0.063239,-0.220000,-0.063239,-0.220000,0,-17.813333,-0.063239,-0.077906,-0.212667,-0.220000,-0.580000,-0.600000,0.311127,0.110000,-1.656258,1
161,880000000,0.819482,1.793568,0.356174,0.223536,-0.377317,0.228909,-0.600000,0.226992,-0.600000,0.226992,-0.600000,-0.057870,-0.215915,-0.063239,-0.220000,-0.055906,-0.220000,-0.055906,-0.220000,0,-17.916272,-0.055906,-0.070572,-0.212667,-0.220000,-0.580000,-0.600000,0.311127,0.110000,-1.645256,1
161,900000000,0.819997,1.789147,0.348375,0.222570,-0.389958,0.226992,-0.600000,0.225298,-0.600000,0.225298,-0.600000,-0.052027,-0.216404,-0.055906,-0.220000,-0.048572,-0.220000,-0.048572,-0.220000,0,-17.959538,-0.048572,-0.063239,-0.212667,-0.220000,-0.580000,-0.600000,0.311127,0.110000,-1.637457,1
161,940000000,0.821011,1.780311,0.332157,0.222011,-0.422475,0.225298,-0.600000,0.223832,-0.600000,0.223832,-0.600000,-0.048068,-0.216745,-0.048572,-0.220000,-0.041239,-0.220000,-0.041239,-0.220000,0,-18.035646,-0.041239,-0.055906,-0.212667,-0.220000,-0.580000,-0.600000,0.311127,0.110000,-1.625239,1
161,960000000,0.821659,1.775955,0.323927,0.220201,-0.411517,0.223832,-0.600000,0.222798,-0.600000,0.222798,-0.600000,-0.039393,-0.216649,-0.041239,-0.220000,-0.035199,-0.220000,-0.035199,-0.220000,0,-18.065085,-0.033906,-0.048572,-0.212667,-0.220000,-0.580000,-0.600000,0.311127,0.110000,-1.617008,1
162,0,0.823077,1.767270,0.307180,0.220110,-0.414629,0.222798,-0.600000,0.221758,-0.600000,0.221758,-0.600000,-0.032104,-0.217756,-0.035199,-0.220000,-0.027866,-0.220000,-0.027866,-0.220000,0,-18.112307,-0.027866,-0.042533,-0.212667,-0.220000,-0.580000,-0.600000,0.311127,0.110000,-1.604011,1
162,20000000,0.823806,1.762930,0.298484,0.220049,-0.434787,0.221758,-0.600000,0.221212,-0.600000,0.221212,-0.600000,-0.029848,-0.218015,-0.027866,-0.220000,-0.023127,-0.220000,-0.023127,-0.220000,0,-18.131517,-0.020533,-0.035199,-0.212667,-0.220000,-0.580000,-0.600000,0.311127,0.110000,-1.595316,1
162,60000000,0.825541,1.754340,0.281245,0.219118,-0.432204,0.221212,-0.600000,0.220578,-0.600000,0.220578,-0.600000,-0.019161,-0.218279,-0.023127,-0.220000,-0.015962,-0.220000,-0.015962,-0.220000,0,-18.157873,-0.015794,-0.030461,-0.212667,-0.220000,-0.580000,-0.600000,0.311127,0.110000,-1.581923,1
162,80000000,0.826426,1.750050,0.272556,0.219001,-0.434470,0.220578,-0.600000,0.220350,-0.600000,0.220350,-0.600000,-0.015965,-0.218418,-0.015962,-0.220000,-0.012412,-0.220000,-0.012412,-0.220000,0,-18.167344,-0.008629,-0.023296,-0.212667,-0.220000,-0.580000,-0.600000,0.311127,0.110000,-1.573234,1
162,120000000,0.828220,1.741480,0.254785,0.218751,-0.453537,0.220350,-0.600000,0.220065,-0.600000,0.220065,-0.600000,-0.008899,-0.218570,-0.012412,-0.220000,-0.005348,-0.220000,-0.005348,-0.220000,0,-18.179132,-0.005079,-0.019746,-0.212667,-0.220000,-0.580000,-0.600000,0.311127,0.110000,-1.559097,1
162,140000000,0.829179,1.737211,0.245879,0.218804,-0.445272,0.220065,-0.600000,0.220009,-0.600000,0.220009,-0.600000,-0.006354,-0.218711,-0.005348,-0.220000,-0.001993,-0.220000,-0.001993,-0.220000,0,-18.181445,0.001985,-0.012681,-0.212667,-0.220000,-0.580000,-0.600000,0.311127,0.110000,-1.550192,1
162,180000000,0.831193,1.728693,0.227764,0.218858,-0.451654,0.220009,-0.600000,0.220045,-0.600000,0.220045,-0.600000,0.000000,-0.218858,-0.001993,-0.220000,0.004456,-0.220000,0.004456,-0.220000,0,-18.179953,0.005341,-0.009326,-0.212667,-0.220000,-0.580000,-0.600000,0.311127,0.110000,-1.535189,1
162,200000000,0.832190,1.724436,0.218411,0.218595,-0.467648,0.220045,-0.600000,0.220138,-0.600000,0.220138,-0.600000,0.001609,-0.218589,0.004456,-0.220000,0.007796,-0.220000,0.007796,-0.220000,0,-18.176109,0.011790,-0.002877,-0.212667,-0.220000,-0.580000,-0.600000,0.311127,0.110000,-1.525836,1
162,240000000,0.834342,1.715949,0.199915,0.219204,-0.459632,0.220138,-0.600000,0.220438,-0.600000,0.220438,-0.600000,0.009040,-0.219018,0.007796,-0.220000,0.013887,-0.220000,0.013887,-0.220000,0,-18.163697,0.015129,0.000463,-0.212667,-0.220000,-0.580000,-0.600000,0.311127,0.110000,-1.510272,1
162,280000000,0.836473,1.707437,0.181429,0.219381,-0.461691,0.220438,-0.600000,0.220908,-0.600000,0.220908,-0.600000,0.012159,-0.219044,0.013887,-0.220000,0.020005,-0.220000,0.020005,-0.220000,0,-18.144195,0.021221,0.006554,-0.212667,-0.220000,-0.580000,-0.600000,0.311127,0.110000,-1.494549,1
162,300000000,0.837572,1.703183,0.172055,0.219673,-0.468660,0.220908,-0.600000,0.221198,-0.600000,0.221198,-0.600000,0.016796,-0.219030,0.020005,-0.220000,0.022992,-0.220000,0.022992,-0.220000,0,-18.132106,0.027338,0.012672,-0.212667,-0.220000,-0.580000,-0.600000,0.311127,0.110000,-1.485176,1
162,340000000,0.839758,1.694660,0.153251,0.220088,-0.474250,0.221198,-0.600000,0.221901,-0.600000,0.221901,-0.600000,0.021245,-0.219060,0.022992,-0.220000,0.028983,-0.220000,0.028983,-0.220000,0,-18.102755,0.030325,0.015658,-0.212667,-0.220000,-0.580000,-0.600000,0.311127,0.110000,-1.468988,1
162,360000000,0.840924,1.690401,0.143800,0.220812,-0.472570,0.221901,-0.600000,0.222283,-0.600000,0.222283,-0.600000,0.026241,-0.219247,0.028983,-0.220000,0.031775,-0.220000,0.031775,-0.220000,0,-18.086748,0.036317,0.021650,-0.212667,-0.220000,-0.580000,-0.600000,0.311127,0.110000,-1.459537,1
162,400000000,0.843225,1.681877,0.124618,0.220644,-0.484585,0.222283,-0.600000,0.223172,-0.600000,0.223172,-0.600000,0.030676,-0.218501,0.031775,-0.220000,0.037490,-0.220000,0.037490,-0.220000,0,-18.049336,0.039108,0.024442,-0.212667,-0.220000,-0.580000,-0.600000,0.311127,0.110000,-1.443192,1
162,420000000,0.844382,1.677600,0.115118,0.221581,-0.474983,0.223172,-0.600000,0.223659,-0.600000,0.223659,-0.600000,0.031978,-0.219261,0.037490,-0.220000,0.040293,-0.220000,0.040293,-0.220000,0,-18.028700,0.044824,0.030157,-0.212667,-0.220000,-0.580000,-0.600000,0.311127,0.110000,-1.433692,1
162,460000000,0.846831,1.669010,0.095393,0.223001,-0.480341,0.223659,-0.600000,0.224702,-0.600000,0.224702,-0.600000,0.039929,-0.219397,0.040293,-0.220000,0.045727,-0.220000,0.045727,-0.220000,0,-17.984377,0.047626,0.032960,-0.212667,-0.220000,-0.580000,-0.600000,0.311127,0.110000,-1.416650,1
162,480000000,0.848053,1.664715,0.085778,0.223260,-0.480788,0.224702,-0.600000,0.225251,-0.600000,0.225251,-0.600000,0.041548,-0.219360,0.045727,-0.220000,0.048352,-0.220000,0.048352,-0.220000,0,-17.960915,0.053060,0.038393,-0.212667,-0.220000,-0.580000,-0.600000,0.311127,0.110000,-1.407035,1
162,520000000,0.850485,1.656098,0.066434,0.224249,-0.487042,0.225251,-0.600000,0.226446,-0.600000,0.226446,-0.600000,0.045936,-0.219494,0.048352,-0.220000,0.053644,-0.220000,0.053644,-0.220000,0,-17.909523,0.055685,0.041018,-0.212667,-0.220000,-0.580000,-0.600000,0.311127,0.110000,-1.389874,1
162,540000000,0.851758,1.651779,0.056742,0.225131,-0.484616,0.226446,-0.600000,0.227048,-0.600000,0.227048,-0.600000,0.050354,-0.219428,0.053644,-0.220000,0.056133,-0.220000,0.056133,-0.220000,0,-17.883455,0.060977,0.046311,-0.212667,-0.220000,-0.580000,-0.600000,0.311127,0.110000,-1.380182,1
162,580000000,0.854286,1.643108,0.037305,0.226382,-0.486928,0.227048,-0.600000,0.228340,-0.600000,0.228340,-0.600000,0.055369,-0.219507,0.056133,-0.220000,0.061148,-0.220000,0.061148,-0.220000,0,-17.827204,0.063466,0.048800,-0.212667,-0.220000,-0.580000,-0.600000,0.311127,0.110000,-1.362815,1
162,620000000,0.856879,1.634390,0.017737,0.228447,-0.493507,0.228340,-0.600000,0.229692,-0.600000,0.229692,-0.600000,0.062171,-0.219824,0.061148,-0.220000,0.066018,-0.220000,0.066018,-0.220000,0,-17.767789,0.068482,0.053815,-0.212667,-0.220000,-0.580000,-0.600000,0.311127,0.110000,-1.345316,1
162,640000000,0.858188,1.630017,0.007971,0.228271,-0.488260,0.229692,-0.600000,0.230387,-0.600000,0.230387,-0.600000,0.062755,-0.219476,0.066018,-0.220000,0.068397,-0.220000,0.068397,-0.220000,0,-17.737027,0.073351,0.058685,-0.212667,-0.220000,-0.580000,-0.600000,0.311127,0.110000,-1.335550,1
162,680000000,0.860826,1.621229,-0.011622,0.229634,-0.489191,0.230387,-0.600000,0.231832,-0.600000,0.231832,-0.600000,0.067509,-0.219487,0.068397,-0.220000,0.073118,-0.220000,0.073118,-0.220000,0,-17.672604,0.075731,0.061064,-0.212667,-0.220000,-0.580000,-0.600000,0.311127,0.110000,-1.318188,1
162,700000000,0.862164,1.616811,-0.021485,0.230823,-0.493170,0.231832,-0.600000,0.232575,-0.600000,0.232575,-0.600000,0.070642,-0.219747,0.073118,-0.220000,0.075441,-0.220000,0.075441,-0.220000,0,-17.639230,0.080451,0.065784,-0.212667,-0.220000,-0.580000,-0.600000,0.311127,0.110000,-1.308325,1
162,740000000,0.864862,1.607940,-0.041146,0.231815,-0.491104,0.232575,-0.600000,0.234090,-0.600000,0.234090,-0.600000,0.074599,-0.219483,0.075441,-0.220000,0.079987,-0.220000,0.079987,-0.220000,0,-17.570690,0.082774,0.068107,-0.212667,-0.220000,-0.580000,-0.600000,0.311127,0.110000,-1.290678,1
162,760000000,0.866190,1.603484,-0.050968,0.232487,-0.491136,0.234090,-0.600000,0.234892,-0.600000,0.234892,-0.600000,0.076705,-0.219469,0.079987,-0.220000,0.082305,-0.220000,0.082305,-0.220000,0,-17.534102,0.087320,0.072654,-0.212667,-0.220000,-0.580000,-0.600000,0.311127,0.110000,-1.280856,1
162,800000000,0.868834,1.594520,-0.070781,0.234796,-0.501931,0.234892,-0.600000,0.236584,-0.600000,0.236584,-0.600000,0.082396,-0.219863,0.082305,-0.220000,0.087018,-0.220000,0.087018,-0.220000,0,-17.456200,0.089638,0.074971,-0.212667,-0.220000,-0.580000,-0.600000,0.311127,0.110000,-1.262693,1
162,820000000,0.870167,1.590016,-0.080601,0.234852,-0.490988,0.236584,-0.600000,0.237439,-0.600000,0.237439,-0.600000,0.083614,-0.219463,0.087018,-0.220000,0.089315,-0.220000,0.089315,-0.220000,0,-17.416539,0.094352,0.079685,-0.212667,-0.220000,-0.580000,-0.600000,0.311127,0.110000,-1.252874,1
162,860000000,0.872834,1.580952,-0.100382,0.236548,-0.491355,0.237439,-0.600000,0.239218,-0.600000,0.239218,-0.600000,0.088268,-0.219463,0.089315,-0.220000,0.093942,-0.220000,0.093942,-0.220000,0,-17.333205,0.096648,0.081982,-0.212667,-0.220000,-0.580000,-0.600000,0.311127,0.110000,-1.234701,1
162,880000000,0.874186,1.576390,-0.110294,0.237878,-0.495616,0.239218,-0.600000,0.240120,-0.600000,0.240120,-0.600000,0.091310,-0.219656,0.093942,-0.220000,0.096217,-0.220000,0.096217,-0.220000,0,-17.290535,0.101276,0.086609,-0.212667,-0.220000,-0.580000,-0.600000,0.311127,0.110000,-1.224789,1
162,920000000,0.876908,1.567217,-0.130011,0.239216,-0.492314,0.240120,-0.600000,0.241939,-0.600000,0.241939,-0.600000,0.095282,-0.219421,0.096217,-0.220000,0.100669,-0.220000,0.100669,-0.220000,0,-17.203751,0.103551,0.088884,-0.212667,-0.220000,-0.580000,-0.600000,0.311127,0.110000,-1.206923,1
162,940000000,0.878246,1.562606,-0.139849,0.240047,-0.491899,0.241939,-0.600000,0.242898,-0.600000,0.242898,-0.600000,0.097402,-0.219398,0.100669,-0.220000,0.102952,-0.220000,0.102952,-0.220000,0,-17.157549,0.108003,0.093336,-0.212667,-0.220000,-0.580000,-0.600000,0.311127,0.110000,-1.197085,1
162,980000000,0.880913,1.553323,-0.159566,0.242910,-0.496043,0.242898,-0.600000,0.244868,-0.600000,0.244868,-0.600000,0.103700,-0.219662,0.102952,-0.220000,0.107519,-0.220000,0.107519,-0.220000,0,-17.061625,0.110286,0.095619,-0.212667,-0.220000,-0.580000,-0.600000,0.311127,0.110000,-1.179091,1
163,20000000,0.883586,1.543962,-0.179262,0.243877,-0.493226,0.244868,-0.600000,0.246897,-0.600000,0.246897,-0.600000,0.106693,-0.219300,0.107519,-0.220000,0.112063,-0.220000,0.112063,-0.220000,0,-16.961485,0.114853,0.100186,-0.212667,-0.220000,-0.580000,-0.600000,0.311127,0.110000,-1.160717,1
163,40000000,0.884918,1.539250,-0.189093,0.244835,-0.491548,0.246897,-0.600000,0.247941,-0.600000,0.247941,-0.600000,0.108719,-0.219372,0.112063,-0.220000,0.114344,-0.220000,0.114344,-0.220000,0,-16.909408,0.119396,0.104729,-0.212667,-0.220000,-0.580000,-0.600000,0.311127,0.110000,-1.150886,1
163,80000000,0.887544,1.529770,-0.208795,0.246738,-0.492637,0.247941,-0.600000,0.250121,-0.600000,0.250121,-0.600000,0.113133,-0.219273,0.114344,-0.220000,0.118998,-0.220000,0.118998,-0.220000,0,-16.799374,0.121677,0.107011,-0.212667,-0.220000,-0.580000,-0.600000,0.311127,0.110000,-1.132535,1
163,100000000,0.888829,1.525003,-0.218588,0.246847,-0.489636,0.250121,-0.600000,0.251264,-0.600000,0.251264,-0.600000,0.113426,-0.219244,0.118998,-0.220000,0.121382,-0.220000,0.121382,-0.220000,0,-16.741029,0.126332,0.111665,-0.212667,-0.220000,-0.580000,-0.600000,0.311127,0.110000,-1.122742,1
163,140000000,0.891480,1.515374,-0.238365,0.250088,-0.491418,0.251264,-0.600000,0.253524,-0.600000,0.253524,-0.600000,0.120228,-0.219292,0.121382,-0.220000,0.125994,-0.220000,0.125994,-0.220000,0,-16.624260,0.128716,0.114049,-0.212667,-0.220000,-0.580000,-0.600000,0.311127,0.110000,-1.104498,1
163,160000000,0.892771,1.510536,-0.248197,0.250355,-0.491633,0.253524,-0.600000,0.254710,-0.600000,0.254710,-0.600000,0.121015,-0.219165,0.125994,-0.220000,0.128364,-0.220000,0.128364,-0.220000,0,-16.562219,0.133327,0.118661,-0.212667,-0.220000,-0.580000,-0.600000,0.311127,0.110000,-1.096036,1
163,200000000,0.895307,1.500792,-0.267871,0.252225,-0.494148,0.254710,-0.600000,0.257184,-0.600000,0.257184,-0.600000,0.124415,-0.219404,0.128364,-0.220000,0.133204,-0.220000,0.133204,-0.220000,0,-16.431177,0.135698,0.121031,-0.212667,-0.220000,-0.580000,-0.600000,0.311127,0.110000,-1.076363,1
163,240000000,0.897874,1.490938,-0.287578,0.254660,-0.489365,0.257184,-0.600000,0.259689,-0.600000,0.259689,-0.600000,0.129735,-0.219135,0.133204,-0.220000,0.137979,-0.220000,0.137979,-0.220000,0,-16.296065,0.140538,0.125871,-0.212667,-0.220000,-0.580000,-0.600000,0.311127,0.110000,-1.057719,1
163,260000000,0.899167,1.485971,-0.297438,0.256614,-0.493009,0.259689,-0.600000,0.260954,-0.600000,0.260954,-0.600000,0.133627,-0.219076,0.137979,-0.220000,0.140347,-0.220000,0.140347,-0.220000,0,-16.226874,0.145312,0.130646,-0.212667,-0.220000,-0.580000,-0.600000,0.311127,0.110000,-1.049071,1
163,280000000,0.900439,1.480981,-0.307254,0.257465,-0.490824,0.260954,-0.600000,0.262253,-0.600000,0.262253,-0.600000,0.135102,-0.219170,0.140347,-0.220000,0.142747,-0.220000,0.142747,-0.220000,0,-16.155212,0.147680,0.133013,-0.212667,-0.220000,-0.580000,-0.600000,0.311127,0.110000,-1.039255,1
163,320000000,0.903074,1.470885,-0.326943,0.260917,-0.490782,0.262253,-0.600000,0.264791,-0.600000,0.264791,-0.600000,0.141593,-0.219156,0.142747,-0.220000,0.147358,-0.220000,0.147358,-0.220000,0,-16.013201,0.150080,0.135413,-0.212667,-0.220000,-0.580000,-0.600000,0.311127,0.110000,-1.020827,1
163,360000000,0.905599,1.460714,-0.346524,0.262198,-0.488699,0.264791,-0.600000,0.267505,-0.600000,0.267505,-0.600000,0.144142,-0.219022,0.147358,-0.220000,0.152180,-0.220000,0.152180,-0.220000,0,-15.858419,0.154691,0.140025,-0.212667,-0.220000,-0.580000,-0.600000,0.311127,0.110000,-1.002254,1
163,380000000,0.906846,1.455590,-0.356320,0.263651,-0.489842,0.267505,-0.600000,0.268901,-0.600000,0.268901,-0.600000,0.146820,-0.218987,0.152180,-0.220000,0.154621,-0.220000,0.154621,-0.220000,0,-15.777589,0.159514,0.144847,-0.212667,-0.220000,-0.580000,-0.600000,0.311127,0.110000,-0.992457,1
163,420000000,0.909436,1.445208,-0.375985,0.267570,-0.491390,0.268901,-0.600000,0.271629,-0.600000,0.271629,-0.600000,0.153709,-0.219014,0.154621,-0.220000,0.159318,-0.220000,0.159318,-0.220000,0,-15.617194,0.161954,0.147288,-0.212667,-0.220000,-0.580000,-0.600000,0.311127,0.110000,-0.973694,1
163,440000000,0.910699,1.439982,-0.385783,0.268818,-0.489916,0.271629,-0.600000,0.273048,-0.600000,0.273048,-0.600000,0.155884,-0.219004,0.159318,-0.220000,0.161725,-0.220000,0.161725,-0.220000,0,-15.532457,0.166651,0.151984,-0.212667,-0.220000,-0.580000,-0.600000,0.311127,0.110000,-0.963896,1
163,480000000,0.913169,1.429460,-0.405432,0.271552,-0.494771,0.273048,-0.600000,0.276003,-0.600000,0.276003,-0.600000,0.160840,-0.218794,0.161725,-0.220000,0.166667,-0.220000,0.166667,-0.220000,0,-15.353016,0.169059,0.154392,-0.212667,-0.220000,-0.580000,-0.600000,0.311127,0.110000,-0.945334,1
163,500000000,0.914410,1.424143,-0.415211,0.272997,-0.488942,0.276003,-0.600000,0.277488,-0.600000,0.277488,-0.600000,0.163076,-0.218937,0.166667,-0.220000,0.169114,-0.220000,0.169114,-0.220000,0,-15.261368,0.174000,0.159334,-0.212667,-0.220000,-0.580000,-0.600000,0.311127,0.110000,-0.936537,1
163,540000000,0.916879,1.413413,-0.434837,0.275949,-0.488480,0.277488,-0.600000,0.280512,-0.600000,0.280512,-0.600000,0.168025,-0.218895,0.169114,-0.220000,0.174032,-0.220000,0.174032,-0.220000,0,-15.071363,0.176447,0.161780,-0.212667,-0.220000,-0.580000,-0.600000,0.311127,0.110000,-0.916911,1
163,560000000,0.918086,1.408006,-0.444670,0.277002,-0.491608,0.280512,-0.600000,0.282082,-0.600000,0.282082,-0.600000,0.169787,-0.218866,0.174032,-0.220000,0.176551,-0.220000,0.176551,-0.220000,0,-14.970986,0.181365,0.166699,-0.212667,-0.220000,-0.580000,-0.600000,0.311127,0.110000,-0.907791,1
163,600000000,0.920536,1.397063,-0.464298,0.280621,-0.489056,0.282082,-0.600000,0.285205,-0.600000,0.285205,-0.600000,0.175725,-0.218789,0.176551,-0.220000,0.181499,-0.220000,0.181499,-0.220000,0,-14.767506,0.183884,0.169217,-0.212667,-0.220000,-0.580000,-0.600000,0.311127,0.110000,-0.889044,1
163,620000000,0.921730,1.391550,-0.474049,0.282011,-0.487524,0.285205,-0.600000,0.286813,-0.600000,0.286813,-0.600000,0.177968,-0.218763,0.181499,-0.220000,0.184016,-0.220000,0.184016,-0.220000,0,-14.660780,0.188833,0.174166,-0.212667,-0.220000,-0.580000,-0.600000,0.311127,0.110000,-0.879293,1
163,660000000,0.924092,1.380422,-0.493604,0.286477,-0.490705,0.286813,-0.600000,0.290099,-0.600000,0.290099,-0.600000,0.184983,-0.218748,0.184016,-0.220000,0.189096,-0.220000,0.189096,-0.220000,0,-14.438293,0.191349,0.176682,-0.212667,-0.220000,-0.580000,-0.600000,0.311127,0.110000,-0.860612,1
163,680000000,0.925257,1.374807,-0.503338,0.286743,-0.486686,0.290099,-0.600000,0.291771,-0.600000,0.291771,-0.600000,0.185481,-0.218674,0.189096,-0.220000,0.191652,-0.220000,0.191652,-0.220000,0,-14.322782,0.196430,0.181763,-0.212667,-0.220000,-0.580000,-0.600000,0.311127,0.110000,-0.850878,1
163,720000000,0.927566,1.363464,-0.522843,0.290024,-0.486152,0.291771,-0.600000,0.295171,-0.600000,0.295171,-0.600000,0.190571,-0.218624,0.191652,-0.220000,0.196789,-0.220000,0.196789,-0.220000,0,-14.082863,0.198985,0.184318,-0.212667,-0.220000,-0.580000,-0.600000,0.311127,0.110000,-0.832003,1
163,740000000,0.928669,1.357760,-0.532547,0.290450,-0.485188,0.295171,-0.600000,0.296939,-0.600000,0.296939,-0.600000,0.191372,-0.218490,0.196789,-0.220000,0.199431,-0.220000,0.199431,-0.220000,0,-13.955378,0.204122,0.189456,-0.212667,-0.220000,-0.580000,-0.600000,0.311127,0.110000,-0.822983,1
163,780000000,0.930797,1.346276,-0.551947,0.292308,-0.485966,0.296939,-0.600000,0.300593,-0.600000,0.300593,-0.600000,0.194381,-0.218312,0.199431,-0.220000,0.204832,-0.220000,0.204832,-0.220000,0,-13.685568,0.206764,0.192097,-0.212667,-0.220000,-0.580000,-0.600000,0.311127,0.110000,-0.804315,1
163,820000000,0.932930,1.334611,-0.571436,0.296835,-0.483522,0.300593,-0.600000,0.304274,-0.600000,0.304274,-0.600000,0.201042,-0.218387,0.204832,-0.220000,0.210197,-0.220000,0.210197,-0.220000,0,-13.404893,0.212166,0.197499,-0.212667,-0.220000,-0.580000,-0.600000,0.311127,0.110000,-0.785395,1
163,840000000,0.933976,1.328723,-0.581240,0.298968,-0.490210,0.304274,-0.600000,0.306156,-0.600000,0.306156,-0.600000,0.204344,-0.218232,0.210197,-0.220000,0.212912,-0.220000,0.212912,-0.220000,0,-13.257791,0.217530,0.202864,-0.212667,-0.220000,-0.580000,-0.600000,0.311127,0.110000,-0.775591,1
163,860000000,0.934998,1.322801,-0.590905,0.300487,-0.483260,0.306156,-0.600000,0.308049,-0.600000,0.308049,-0.600000,0.206474,-0.218314,0.212912,-0.220000,0.215624,-0.220000,0.215624,-0.220000,0,-13.107202,0.220000,0.205578,-0.212667,-0.220000,-0.580000,-0.600000,0.311127,0.110000,-0.766451,1
163,900000000,0.937067,1.310793,-0.610469,0.306005,-0.484949,0.308049,-0.600000,0.310404,-0.600000,0.310404,-0.600000,0.214373,-0.218364,0.215624,-0.220000,0.220000,-0.218976,0.220000,-0.218976,0,-12.796666,0.220000,0.208291,-0.212667,-0.220000,-0.580000,-0.600000,0.311127,0.110000,-0.746887,1
163,940000000,0.939037,1.298654,-0.629816,0.307933,-0.482323,0.310404,-0.600000,0.306454,-0.600000,0.306454,-0.600000,0.217265,-0.218218,0.220000,-0.218976,0.220000,-0.213340,0.220000,-0.213340,0,-12.467260,0.220000,0.212667,-0.211643,-0.220000,-0.580000,-0.600000,0.311127,0.110000,-0.728139,1
163,960000000,0.939968,1.292570,-0.639527,0.307735,-0.485540,0.306454,-0.600000,0.304381,-0.600000,0.304381,-0.600000,0.217937,-0.217266,0.220000,-0.213340,0.220000,-0.210352,0.220000,-0.210352,0,-12.292661,0.220000,0.212667,-0.206006,-0.220000,-0.580000,-0.600000,0.311127,0.110000,-0.718917,1
164,0,0.941896,1.280468,-0.658935,0.306357,-0.483860,0.304381,-0.600000,0.300330,-0.600000,0.300330,-0.600000,0.221496,-0.211646,0.220000,-0.210352,0.220000,-0.204445,0.220000,-0.204445,0,-11.947489,0.220000,0.212667,-0.203018,-0.217685,-0.580000,-0.600000,0.311127,0.110000,-0.699906,1
164,20000000,0.942804,1.274441,-0.668613,0.304733,-0.483897,0.300330,-0.600000,0.298228,-0.600000,0.298228,-0.600000,0.221522,-0.209261,0.220000,-0.204445,0.220000,-0.201345,0.220000,-0.201345,0,-11.766335,0.220000,0.212667,-0.197112,-0.211779,-0.580000,-0.600000,0.311127,0.110000,-0.690228,1
164,60000000,0.944507,1.262434,-0.687954,0.302067,-0.484810,0.298228,-0.600000,0.293868,-0.600000,0.293868,-0.600000,0.221519,-0.205363,0.220000,-0.201345,0.220000,-0.194830,0.220000,-0.194830,0,-11.385578,0.220000,0.212667,-0.194012,-0.208679,-0.580000,-0.600000,0.311127,0.110000,-0.671362,1
164,80000000,0.945360,1.256533,-0.697651,0.298141,-0.484887,0.293868,-0.600000,0.291716,-0.600000,0.291716,-0.600000,0.221388,-0.199688,0.220000,-0.194830,0.220000,-0.191568,0.220000,-0.191568,0,-11.194958,0.220000,0.212667,-0.187497,-0.202163,-0.580000,-0.600000,0.311127,0.110000,-0.662062,1
164,120000000,0.946999,1.244829,-0.717094,0.293790,-0.485726,0.291716,-0.600000,0.287339,-0.600000,0.287339,-0.600000,0.221291,-0.193243,0.220000,-0.191568,0.220000,-0.184835,0.220000,-0.184835,0,-10.801479,0.220000,0.212667,-0.184235,-0.198901,-0.580000,-0.600000,0.311127,0.110000,-0.642909,1
164,140000000,0.947786,1.239028,-0.726836,0.292727,-0.487089,0.287339,-0.600000,0.285121,-0.600000,0.285121,-0.600000,0.221335,-0.191572,0.220000,-0.184835,0.220000,-0.181368,0.220000,-0.181368,0,-10.598872,0.220000,0.212667,-0.177501,-0.192168,-0.580000,-0.600000,0.311127,0.110000,-0.633167,1
164,180000000,0.949401,1.227647,-0.746383,0.287273,-0.487052,0.285121,-0.600000,0.280814,-0.600000,0.280814,-0.600000,0.221164,-0.183337,0.220000,-0.181368,0.220000,-0.174518,0.220000,-0.174518,0,-10.198598,0.220000,0.212667,-0.174034,-0.188701,-0.580000,-0.600000,0.311127,0.110000,-0.613975,1
164,200000000,0.950160,1.221977,-0.756194,0.286010,-0.490536,0.280814,-0.600000,0.278602,-0.600000,0.278602,-0.600000,0.221320,-0.181161,0.220000,-0.174518,0.220000,-0.170936,0.220000,-0.170936,0,-9.989283,0.220000,0.212667,-0.167185,-0.181852,-0.580000,-0.600000,0.311127,0.110000,-0.604165,1
164,240000000,0.951632,1.210748,-0.775798,0.281247,-0.494464,0.278602,-0.600000,0.274184,-0.600000,0.274184,-0.600000,0.221175,-0.173729,0.220000,-0.170936,0.220000,-0.163637,0.220000,-0.163637,0,-9.562709,0.220000,0.212667,-0.163603,-0.178270,-0.580000,-0.600000,0.311127,0.110000,-0.584860,1
164,260000000,0.952381,1.205226,-0.785595,0.278604,-0.489840,0.274184,-0.600000,0.272042,-0.600000,0.272042,-0.600000,0.220988,-0.169661,0.220000,-0.163637,0.220000,-0.160021,0.220000,-0.160021,0,-9.351376,0.220000,0.212667,-0.156304,-0.170970,-0.580000,-0.600000,0.311127,0.110000,-0.575260,1
164,300000000,0.953873,1.194319,-0.805282,0.274150,-0.490889,0.272042,-0.600000,0.267819,-0.600000,0.267819,-0.600000,0.220849,-0.162431,0.220000,-0.160021,0.220000,-0.152732,0.220000,-0.152732,0,-8.925441,0.220000,0.212667,-0.152687,-0.167354,-0.580000,-0.600000,0.311127,0.110000,-0.555813,1
164,320000000,0.954592,1.188906,-0.815114,0.273006,-0.491588,0.267819,-0.600000,0.265712,-0.600000,0.265712,-0.600000,0.220909,-0.160410,0.220000,-0.152732,0.220000,-0.149007,0.220000,-0.149007,0,-8.707740,0.220000,0.212667,-0.145399,-0.160065,-0.580000,-0.600000,0.311127,0.110000,-0.545981,1
164,360000000,0.956120,1.178305,-0.834895,0.267665,-0.493696,0.265712,-0.600000,0.261728,-0.600000,0.261728,-0.600000,0.220696,-0.151452,0.220000,-0.149007,0.220000,-0.141780,0.220000,-0.141780,0,-8.285430,0.220000,0.212667,-0.141673,-0.156340,-0.580000,-0.600000,0.311127,0.110000,-0.526396,1
164,400000000,0.957552,1.167774,-0.854602,0.265682,-0.491551,0.261728,-0.600000,0.257829,-0.600000,0.257829,-0.600000,0.220776,-0.147800,0.220000,-0.141780,0.220000,-0.134447,0.220000,-0.134447,0,-7.847094,0.220000,0.212667,-0.134447,-0.149113,-0.580000,-0.600000,0.311127,0.110000,-0.506804,1
164,420000000,0.958328,1.162623,-0.864593,0.260458,-0.499538,0.257829,-0.600000,0.255879,-0.600000,0.255879,-0.600000,0.220505,-0.138620,0.220000,-0.134447,0.220000,-0.130667,0.220000,-0.130667,0,-7.635989,0.220000,0.212667,-0.127113,-0.141780,-0.580000,-0.600000,0.311127,0.110000,-0.496813,1
164,460000000,0.959886,1.152439,-0.884517,0.257300,-0.497645,0.255879,-0.600000,0.252282,-0.600000,0.252282,-0.600000,0.220446,-0.132691,0.220000,-0.130667,0.220000,-0.123475,0.220000,-0.123475,0,-7.215713,0.220000,0.212667,-0.123334,-0.138000,-0.580000,-0.600000,0.311127,0.110000,-0.477017,1
164,480000000,0.960640,1.147378,-0.894457,0.255874,-0.497011,0.252282,-0.600000,0.250508,-0.600000,0.250508,-0.600000,0.220404,-0.129976,0.220000,-0.123475,0.220000,-0.119810,0.220000,-0.119810,0,-7.001519,0.220000,0.212667,-0.116142,-0.130808,-0.580000,-0.600000,0.311127,0.110000,-0.467077,1
164,520000000,0.962193,1.137388,-0.914443,0.250507,-0.501323,0.250508,-0.600000,0.247132,-0.600000,0.247132,-0.600000,0.220185,-0.119468,0.220000,-0.119810,0.220000,-0.112579,0.220000,-0.112579,0,-6.578944,0.220000,0.212667,-0.112477,-0.127143,-0.580000,-0.600000,0.311127,0.110000,-0.447181,1
164,540000000,0.962964,1.132438,-0.924422,0.250507,-0.498951,0.247132,-0.600000,0.245500,-0.600000,0.245500,-0.600000,0.220279,-0.119294,0.220000,-0.112579,0.220000,-0.108952,0.220000,-0.108952,0,-6.366983,0.220000,0.212667,-0.105245,-0.119912,-0.580000,-0.600000,0.311127,0.110000,-0.437202,1
164,580000000,0.964561,1.122669,-0.944451,0.247120,-0.500055,0.245500,-0.600000,0.242430,-0.600000,0.242430,-0.600000,0.220226,-0.112112,0.220000,-0.108952,0.220000,-0.101844,0.220000,-0.101844,0,-5.951599,0.220000,0.212667,-0.101618,-0.116285,-0.580000,-0.600000,0.311127,0.110000,-0.417210,1
164,620000000,0.966075,1.112947,-0.964409,0.245501,-0.498755,0.242430,-0.600000,0.239441,-0.600000,0.239441,-0.600000,0.220275,-0.108394,0.220000,-0.101844,0.220000,-0.094510,0.220000,-0.094510,0,-5.522653,0.220000,0.212667,-0.094510,-0.109177,-0.580000,-0.600000,0.311127,0.110000,-0.397270,1
164,640000000,0.966783,1.108088,-0.974341,0.245495,-0.496596,0.239441,-0.600000,0.237962,-0.600000,0.237962,-0.600000,0.220380,-0.108168,0.220000,-0.094510,0.220000,-0.090696,0.220000,-0.090696,0,-5.300134,0.220000,0.212667,-0.087177,-0.101844,-0.580000,-0.600000,0.311127,0.110000,-0.387338,1
164,680000000,0.968487,1.098657,-0.994600,0.239434,-0.503931,0.237962,-0.600000,0.235439,-0.600000,0.235439,-0.600000,0.220020,-0.094445,0.220000,-0.090696,0.220000,-0.083854,0.220000,-0.083854,0,-4.900314,0.220000,0.212667,-0.083362,-0.098029,-0.580000,-0.600000,0.311127,0.110000,-0.367061,1
164,700000000,0.969315,1.093959,-1.004668,0.238523,-0.503398,0.235439,-0.600000,0.234224,-0.600000,0.234224,-0.600000,0.220037,-0.092071,0.220000,-0.083854,0.220000,-0.080379,0.220000,-0.080379,0,-4.697217,0.220000,0.212667,-0.076521,-0.091187,-0.580000,-0.600000,0.311127,0.110000,-0.356993,1
164,740000000,0.970969,1.084624,-1.024780,0.236117,-0.504903,0.234224,-0.600000,0.231932,-0.600000,0.231932,-0.600000,0.220028,-0.085665,0.220000,-0.080379,0.220000,-0.073433,0.220000,-0.073433,0,-4.291302,0.220000,0.212667,-0.073045,-0.087712,-0.580000,-0.600000,0.311127,0.110000,-0.336844,1
164,760000000,0.971850,1.080024,-1.034911,0.234206,-0.506527,0.231932,-0.600000,0.230901,-0.600000,0.230901,-0.600000,0.219919,-0.080550,0.220000,-0.073433,0.220000,-0.070109,0.220000,-0.070109,0,-4.097082,0.220000,0.212667,-0.066099,-0.080766,-0.580000,-0.600000,0.311127,0.110000,-0.326713,1
164,800000000,0.973610,1.070876,-1.055130,0.231875,-0.507232,0.230901,-0.600000,0.228973,-0.600000,0.228973,-0.600000,0.219860,-0.073675,0.220000,-0.070109,0.220000,-0.063470,0.220000,-0.063470,0,-3.709088,0.220000,0.212667,-0.062776,-0.077443,-0.580000,-0.600000,0.311127,0.110000,-0.306404,1
164,820000000,0.974484,1.066328,-1.065167,0.231589,-0.501878,0.228973,-0.600000,0.228077,-0.600000,0.228077,-0.600000,0.219817,-0.072897,0.220000,-0.063470,0.220000,-0.060160,0.220000,-0.060160,0,-3.515688,0.220000,0.212667,-0.056137,-0.070803,-0.580000,-0.600000,0.311127,0.110000,-0.296238,1
164,860000000,0.976410,1.057380,-1.085523,0.228718,-0.506286,0.228077,-0.600000,0.226531,-0.600000,0.226531,-0.600000,0.219735,-0.063470,0.220000,-0.060160,0.220000,-0.054004,0.220000,-0.054004,0,-3.155936,0.220000,0.212667,-0.052827,-0.067494,-0.580000,-0.600000,0.311127,0.110000,-0.275882,1
164,900000000,0.978268,1.048451,-1.105727,0.227837,-0.503919,0.226531,-0.600000,0.225110,-0.600000,0.225110,-0.600000,0.219809,-0.059945,0.220000,-0.054004,0.220000,-0.047694,0.220000,-0.047694,0,-2.787163,0.220000,0.212667,-0.046671,-0.061338,-0.580000,-0.600000,0.311127,0.110000,-0.255564,1
164,920000000,0.979186,1.044000,-1.115817,0.227212,-0.504488,0.225110,-0.600000,0.224458,-0.600000,0.224458,-0.600000,0.219791,-0.057595,0.220000,-0.047694,0.220000,-0.044510,0.220000,-0.044510,0,-2.601129,0.220000,0.212667,-0.040361,-0.055027,-0.580000,-0.600000,0.311127,0.110000,-0.245474,1
164,960000000,0.981214,1.035231,-1.136286,0.225019,-0.510279,0.224458,-0.600000,0.223369,-0.600000,0.223369,-0.600000,0.219774,-0.048298,0.220000,-0.044510,0.220000,-0.038650,0.220000,-0.038650,0,-2.258646,0.220000,0.212667,-0.037177,-0.051844,-0.580000,-0.600000,0.311127,0.110000,-0.224809,1
164,980000000,0.982210,1.030852,-1.146491,0.224521,-0.510281,0.223369,-0.600000,0.222874,-0.600000,0.222874,-0.600000,0.219811,-0.045747,0.220000,-0.038650,0.220000,-0.035677,0.220000,-0.035677,0,-2.084895,0.220000,0.212667,-0.031317,-0.045983,-0.580000,-0.600000,0.311127,0.110000,-0.214604,1
165,20000000,0.984206,1.022125,-1.166887,0.223225,-0.511506,0.222874,-0.600000,0.222002,-0.580000,0.222002,-0.580000,0.219764,-0.039151,0.220000,-0.035677,0.220000,-0.029746,0.220000,-0.029746,0,-1.738300,0.220000,0.212667,-0.028343,-0.043010,-0.580000,-0.600000,0.311127,0.110000,-0.193968,1
165,60000000,0.986264,1.013459,-1.187327,0.222540,-0.510562,0.222002,-0.580000,0.221305,-0.560000,0.221305,-0.560000,0.219846,-0.034519,0.220000,-0.029746,0.220000,-0.023999,0.220000,-0.023999,0,-1.402447,0.220000,0.212667,-0.022412,-0.037079,-0.560000,-0.600000,0.311127,0.110000,-0.173331,1
165,80000000,0.987318,1.009148,-1.197562,0.221931,-0.511750,0.221305,-0.560000,0.221019,-0.540000,0.221019,-0.540000,0.219819,-0.030545,0.220000,-0.023999,0.220000,-0.021196,0.220000,-0.021196,0,-1.238692,0.220000,0.212667,-0.016665,-0.031332,-0.540000,-0.580000,0.311127,0.110000,-0.163096,1
165,120000000,0.989482,1.000564,-1.218069,0.220910,-0.514531,0.221019,-0.540000,0.220563,-0.520000,0.220563,-0.520000,0.219788,-0.022235,0.220000,-0.021196,0.220000,-0.015751,0.220000,-0.015751,0,-0.920491,0.220000,0.212667,-0.013863,-0.028530,-0.520000,-0.560000,0.311127,0.110000,-0.142289,1
165,140000000,0.990573,0.996283,-1.228317,0.220889,-0.512399,0.220563,-0.520000,0.220387,-0.500000,0.220387,-0.500000,0.219837,-0.021529,0.220000,-0.015751,0.220000,-0.013058,0.220000,-0.013058,0,-0.763095,0.220000,0.212667,-0.008418,-0.023085,-0.500000,-0.540000,0.311127,0.110000,-0.132041,1
165,160000000,0.991709,0.992023,-1.238602,0.220446,-0.514236,0.220387,-0.500000,0.220250,-0.480000,0.220250,-0.480000,0.219806,-0.016786,0.220000,-0.013058,0.220000,-0.010490,0.220000,-0.010490,0,-0.613041,0.220000,0.212667,-0.005725,-0.020391,-0.480000,-0.520000,0.311127,0.110000,-0.121756,1
165,200000000,0.993956,0.983503,-1.258711,0.220139,-0.493939,0.220250,-0.480000,0.220067,-0.460000,0.220067,-0.460000,0.219836,-0.011544,0.220000,-0.010490,0.220000,-0.005419,0.220000,-0.005419,0,-0.316662,0.220000,0.212667,-0.003157,-0.017824,-0.460000,-0.500000,0.311127,0.110000,-0.101292,1
165,220000000,0.995070,0.979243,-1.268538,0.220148,-0.491345,0.220067,-0.460000,0.220019,-0.440000,0.220019,-0.440000,0.219861,-0.011235,0.220000,-0.005419,0.220000,-0.002923,0.220000,-0.002923,0,-0.170842,0.220000,0.212667,0.001915,-0.012752,-0.440000,-0.480000,0.311127,0.110000,-0.091465,1
165,260000000,0.997354,0.970746,-1.287465,0.219944,-0.471012,0.220019,-0.440000,0.220006,-0.420000,0.220006,-0.420000,0.219858,-0.006161,0.220000,-0.002923,0.220000,0.001675,0.220000,0.001675,0,0.097894,0.220000,0.212667,0.004410,-0.010257,-0.420000,-0.460000,0.311127,0.110000,-0.072248,1
165,280000000,0.998469,0.966491,-1.296667,0.219957,-0.460106,0.220006,-0.420000,0.220036,-0.400000,0.220036,-0.400000,0.219904,-0.004819,0.220000,0.001675,0.220000,0.003972,0.220000,0.003972,0,0.232124,0.220000,0.212667,0.009008,-0.005658,-0.400000,-0.440000,0.311127,0.110000,-0.063046,1
165,320000000,1.000658,0.957971,-1.314511,0.219918,-0.444093,0.220036,-0.400000,0.220165,-0.380000,0.220165,-0.380000,0.219904,-0.002514,0.220000,0.003972,0.220000,0.008518,0.220000,0.008518,0,0.497765,0.220000,0.212667,0.011305,-0.003361,-0.380000,-0.420000,0.311127,0.110000,-0.044804,1
165,340000000,1.001814,0.953726,-1.323038,0.219965,-0.426356,0.220165,-0.380000,0.220250,-0.360000,0.220250,-0.360000,0.219943,0.003146,0.220000,0.008518,0.220000,0.010489,0.220000,0.010489,0,0.612934,0.220000,0.212667,0.015851,0.001184,-0.360000,-0.400000,0.311127,0.110000,-0.035804,1
165,380000000,1.004112,0.945230,-1.339550,0.220094,-0.401368,0.220250,-0.360000,0.220465,-0.340000,0.220465,-0.340000,0.219961,0.007645,0.220000,0.010489,0.220000,0.014318,0.220000,0.014318,0,0.836740,0.220000,0.212667,0.017822,0.003155,-0.340000,-0.380000,0.311127,0.110000,-0.019291,1
165,400000000,1.005255,0.940979,-1.347538,0.220115,-0.399383,0.220465,-0.340000,0.220593,-0.320000,0.220593,-0.320000,0.219974,0.007876,0.220000,0.014318,0.220000,0.016167,0.220000,0.016167,0,0.944782,0.220000,0.212667,0.021652,0.006985,-0.320000,-0.360000,0.311127,0.110000,-0.010906,1
165,440000000,1.007616,0.932488,-1.362768,0.220401,-0.375818,0.220593,-0.320000,0.220856,-0.300000,0.220856,-0.300000,0.219989,0.013483,0.220000,0.016167,0.220000,0.019425,0.220000,0.019425,0,1.135151,0.220000,0.212667,0.023500,0.008834,-0.300000,-0.340000,0.311127,0.110000,0.004324,1
165,460000000,1.008792,0.928238,-1.370014,0.220476,-0.362317,0.220856,-0.300000,0.220996,-0.280000,0.220996,-0.280000,0.219998,0.014522,0.220000,0.019425,0.220000,0.020956,0.220000,0.020956,0,1.224647,0.220000,0.212667,0.026758,0.012091,-0.280000,-0.320000,0.311127,0.110000,0.012060,1
165,500000000,1.011131,0.919728,-1.383771,0.220701,-0.338919,0.220996,-0.280000,0.221288,-0.260000,0.221288,-0.260000,0.220013,0.017417,0.220000,0.020956,0.220000,0.023836,0.220000,0.023836,0,1.392959,0.220000,0.212667,0.028289,0.013623,-0.260000,-0.300000,0.311127,0.110000,0.025816,1
165,520000000,1.012331,0.915475,-1.390269,0.220946,-0.324884,0.221288,-0.260000,0.221424,-0.240000,0.221424,-0.240000,0.220021,0.020195,0.220000,0.023836,0.220000,0.025075,0.220000,0.025075,0,1.465361,0.220000,0.212667,0.031170,0.016503,-0.240000,-0.280000,0.311127,0.110000,0.032912,1
165,560000000,1.014726,0.906960,-1.402585,0.221243,-0.299268,0.221424,-0.240000,0.221696,-0.220000,0.221696,-0.220000,0.220034,0.023102,0.220000,0.025075,0.220000,0.027371,0.220000,0.027371,0,1.599523,0.220000,0.212667,0.032409,0.017742,-0.220000,-0.260000,0.311127,0.110000,0.045228,1
165,580000000,1.015920,0.902698,-1.408453,0.221329,-0.293401,0.221696,-0.220000,0.221831,-0.200000,0.221831,-0.200000,0.220033,0.023913,0.220000,0.027371,0.220000,0.028443,0.220000,0.028443,0,1.662164,0.220000,0.212667,0.034704,0.020038,-0.200000,-0.240000,0.311127,0.110000,0.051622,1
165,600000000,1.017144,0.898437,-1.413943,0.221650,-0.274524,0.221831,-0.200000,0.221945,-0.180000,0.221945,-0.180000,0.220045,0.026621,0.220000,0.028443,0.220000,0.029320,0.220000,0.029320,0,1.713418,0.220000,0.212667,0.035776,0.021110,-0.180000,-0.220000,0.311127,0.110000,0.057113,1
165,640000000,1.019552,0.889900,-1.424310,0.221801,-0.247690,0.221945,-0.180000,0.222174,-0.160000,0.222174,-0.160000,0.220045,0.027849,0.220000,0.029320,0.220000,0.031005,0.220000,0.031005,0,1.811891,0.220000,0.212667,0.036653,0.021987,-0.160000,-0.200000,0.311127,0.110000,0.068048,1
165,660000000,1.020737,0.885625,-1.429239,0.221810,-0.246429,0.222174,-0.160000,0.222291,-0.140000,0.222291,-0.140000,0.220036,0.027995,0.220000,0.031005,0.220000,0.031830,0.220000,0.031830,0,1.860104,0.220000,0.212667,0.038338,0.023672,-0.140000,-0.180000,0.311127,0.110000,0.072977,1
165,680000000,1.021949,0.881351,-1.433689,0.222145,-0.222534,0.222291,-0.140000,0.222377,-0.120000,0.222377,-0.120000,0.220056,0.030394,0.220000,0.031830,0.220000,0.032431,0.220000,0.032431,0,1.895201,0.220000,0.212667,0.039163,0.024497,-0.120000,-0.160000,0.311127,0.110000,0.077428,1
165,720000000,1.024344,0.872791,-1.441936,0.222260,-0.195882,0.222377,-0.120000,0.222540,-0.100000,0.222540,-0.100000,0.220030,0.031403,0.220000,0.032431,0.220000,0.033530,0.220000,0.033530,0,1.959433,0.220000,0.212667,0.039764,0.025097,-0.100000,-0.140000,0.311127,0.110000,0.086406,1
165,760000000,1.026716,0.864218,-1.449339,0.222475,-0.175326,0.222540,-0.100000,0.222681,-0.080000,0.222681,-0.080000,0.220046,0.032784,0.220000,0.033530,0.220000,0.034450,0.220000,0.034450,0,2.013190,0.220000,0.212667,0.040863,0.026196,-0.080000,-0.120000,0.311127,0.110000,0.094492,1
165,780000000,1.027900,0.859928,-1.452733,0.222524,-0.169709,0.222681,-0.080000,0.222740,-0.060000,0.222740,-0.060000,0.220034,0.033196,0.220000,0.034450,0.220000,0.034828,0.220000,0.034828,0,2.035301,0.220000,0.212667,0.041783,0.027116,-0.060000,-0.100000,0.311127,0.110000,0.097886,1
165,820000000,1.030260,0.851341,-1.458652,0.222673,-0.143975,0.222740,-0.060000,0.222822,-0.040000,0.222822,-0.040000,0.220037,0.034159,0.220000,0.034828,0.220000,0.035349,0.220000,0.035349,0,2.065760,0.220000,0.212667,0.042161,0.027495,-0.040000,-0.080000,0.311127,0.110000,0.104436,1
165,840000000,1.031431,0.847043,-1.461372,0.222717,-0.136003,0.222822,-0.040000,0.222856,-0.020000,0.222856,-0.020000,0.220032,0.034479,0.220000,0.035349,0.220000,0.035567,0.220000,0.035567,0,2.078484,0.220000,0.212667,0.042683,0.028016,-0.020000,-0.060000,0.311127,0.110000,0.107156,1
165,880000000,1.033768,0.838442,-1.465997,0.222825,-0.112856,0.222856,-0.020000,0.222890,0.000000,0.222890,0.000000,0.220028,0.035194,0.220000,0.035567,0.220000,0.035775,0.220000,0.035775,0,2.090632,0.220000,0.212667,0.042900,0.028234,0.000000,-0.040000,0.311127,0.110000,0.112655,1
165,900000000,1.034928,0.834139,-1.467847,0.222853,-0.092493,0.222890,0.000000,0.222888,0.020000,0.222888,0.020000,0.220025,0.035392,0.220000,0.035775,0.220000,0.035766,0.220000,0.035766,0,2.090138,0.220000,0.212667,0.043108,0.028442,0.020000,-0.020000,0.311127,0.110000,0.114505,1
165,940000000,1.037231,0.825527,-1.470974,0.222887,-0.066803,0.222888,0.020000,0.222867,0.040000,0.222867,0.040000,0.220019,0.035636,0.220000,0.035766,0.220000,0.035633,0.220000,0.035633,0,2.082324,0.220000,0.212667,0.043100,0.028433,0.040000,0.000000,0.311127,0.110000,0.118513,1
165,960000000,1.038376,0.821218,-1.472303,0.222887,-0.066471,0.222867,0.040000,0.222849,0.060000,0.222849,0.060000,0.220014,0.035674,0.220000,0.035633,0.220000,0.035520,0.220000,0.035520,0,2.075711,0.220000,0.212667,0.042966,0.028299,0.060000,0.020000,0.311127,0.110000,0.119843,1
166,0,1.040650,0.812598,-1.474091,0.222867,-0.040826,0.222849,0.060000,0.222780,0.080000,0.222780,0.080000,0.220008,0.035582,0.220000,0.035520,0.220000,0.035082,0.220000,0.035082,0,2.050146,0.220000,0.212667,0.042853,0.028186,0.080000,0.040000,0.311127,0.110000,0.122343,1
166,40000000,1.042898,0.803974,-1.475051,0.222780,-0.015022,0.222780,0.080000,0.222684,0.100000,0.222684,0.100000,0.219998,0.035092,0.220000,0.035082,0.220000,0.034469,0.220000,0.034469,0,2.014318,0.220000,0.212667,0.042415,0.027749,0.100000,0.060000,0.311127,0.110000,0.124285,1
166,60000000,1.044017,0.799661,-1.475351,0.222780,-0.014966,0.222684,0.100000,0.222632,0.120000,0.222632,0.120000,0.219997,0.035099,0.220000,0.034469,0.220000,0.034131,0.220000,0.034131,0,1.994565,0.220000,0.212667,0.041802,0.027136,0.120000,0.080000,0.311127,0.110000,0.124584,1
166,100000000,1.046233,0.791034,-1.474978,0.222684,0.010554,0.222632,0.120000,0.222494,0.140000,0.222494,0.140000,0.219992,0.034518,0.220000,0.034131,0.220000,0.033218,0.220000,0.033218,0,1.941198,0.220000,0.212667,0.041464,0.026798,0.140000,0.100000,0.311127,0.110000,0.125299,1
166,120000000,1.047339,0.786720,-1.474515,0.222658,0.023139,0.222494,0.140000,0.222416,0.160000,0.222416,0.160000,0.219992,0.034348,0.220000,0.033218,0.220000,0.032696,0.220000,0.032696,0,1.910698,0.220000,0.212667,0.040551,0.025884,0.160000,0.120000,0.311127,0.110000,0.124836,1
166,160000000,1.049541,0.778093,-1.472883,0.222544,0.045992,0.222416,0.160000,0.222238,0.180000,0.222238,0.180000,0.219989,0.033624,0.220000,0.032696,0.220000,0.031461,0.220000,0.031461,0,1.838516,0.220000,0.212667,0.040029,0.025362,0.180000,0.140000,0.311127,0.110000,0.124105,1
166,180000000,1.050627,0.773780,-1.471653,0.222415,0.061506,0.222238,0.180000,0.222141,0.200000,0.222141,0.200000,0.219983,0.032799,0.220000,0.031461,0.220000,0.030767,0.220000,0.030767,0,1.797958,0.220000,0.212667,0.038794,0.024127,0.200000,0.160000,0.311127,0.110000,0.122875,1
166,220000000,1.052785,0.765153,-1.468533,0.222236,0.086938,0.222141,0.200000,0.221931,0.220000,0.221931,0.220000,0.219979,0.031592,0.220000,0.030767,0.220000,0.029215,0.220000,0.029215,0,1.707261,0.220000,0.212667,0.038100,0.023433,0.220000,0.180000,0.311127,0.110000,0.120762,1
166,240000000,1.053865,0.760842,-1.466803,0.222237,0.086522,0.221931,0.220000,0.221824,0.240000,0.221824,0.240000,0.219987,0.031544,0.220000,0.029215,0.220000,0.028388,0.220000,0.028388,0,1.658973,0.220000,0.212667,0.036548,0.021881,0.240000,0.200000,0.311127,0.110000,0.119032,1
166,280000000,1.055973,0.752218,-1.462343,0.221928,0.112546,0.221824,0.240000,0.221600,0.260000,0.221600,0.260000,0.219973,0.029389,0.220000,0.028388,0.220000,0.026582,0.220000,0.026582,0,1.553395,0.220000,0.212667,0.035722,0.021055,0.260000,0.220000,0.311127,0.110000,0.115835,1
166,300000000,1.057026,0.747908,-1.459692,0.221842,0.132580,0.221600,0.260000,0.221480,0.280000,0.221480,0.280000,0.219977,0.028709,0.220000,0.026582,0.220000,0.025559,0.220000,0.025559,0,1.493620,0.220000,0.212667,0.033915,0.019248,0.280000,0.240000,0.311127,0.110000,0.113183,1
166,340000000,1.059137,0.739293,-1.454001,0.221682,0.147456,0.221480,0.280000,0.221239,0.300000,0.221239,0.300000,0.219983,0.027392,0.220000,0.025559,0.220000,0.023385,0.220000,0.023385,0,1.366592,0.220000,0.212667,0.032892,0.018225,0.300000,0.260000,0.311127,0.110000,0.108704,1
166,360000000,1.060169,0.734985,-1.450736,0.221477,0.163269,0.221239,0.300000,0.221122,0.298226,0.221122,0.298226,0.219974,0.025757,0.220000,0.023385,0.220000,0.022245,0.220000,0.022245,0,1.299946,0.220000,0.212667,0.030718,0.016052,0.320000,0.280000,0.311127,0.110000,0.105439,1
166,400000000,1.062233,0.726375,-1.443713,0.221232,0.188686,0.221122,0.298226,0.220891,0.281369,0.220891,0.281369,0.219968,0.023617,0.220000,0.022245,0.220000,0.019818,0.220000,0.019818,0,1.158145,0.220000,0.212667,0.029578,0.014911,0.318226,0.278226,0.311127,0.110000,0.099479,1
166,440000000,1.064275,0.717769,-1.435879,0.221016,0.203896,0.220891,0.281369,0.220672,0.261369,0.220672,0.261369,0.219971,0.021467,0.220000,0.019818,0.220000,0.017211,0.220000,0.017211,0,1.005811,0.220000,0.212667,0.027151,0.012485,0.301369,0.261369,0.311127,0.110000,0.091645,1
166,460000000,1.065274,0.713466,-1.431595,0.220882,0.214167,0.220672,0.261369,0.220571,0.250974,0.220571,0.250974,0.219967,0.020080,0.220000,0.017211,0.220000,0.015862,0.220000,0.015862,0,0.926939,0.220000,0.212667,0.024545,0.009878,0.281369,0.241369,0.311127,0.110000,0.088733,1
166,500000000,1.067254,0.704862,-1.422274,0.220673,0.239241,0.220571,0.250974,0.220383,0.230974,0.220383,0.230974,0.219984,0.017426,0.220000,0.015862,0.220000,0.012990,0.220000,0.012990,0,0.759122,0.220000,0.212667,0.023195,0.008528,0.270974,0.230974,0.311127,0.110000,0.079411,1
166,520000000,1.068251,0.700563,-1.417513,0.220644,0.238033,0.220383,0.230974,0.220301,0.215479,0.220301,0.215479,0.219992,0.016944,0.220000,0.012990,0.220000,0.011515,0.220000,0.011515,0,0.672924,0.220000,0.212667,0.020323,0.005657,0.250974,0.210974,0.311127,0.110000,0.076183,1
166,560000000,1.070164,0.691958,-1.408063,0.220380,0.235588,0.220301,0.215479,0.220177,0.195479,0.220177,0.195479,0.219982,0.013245,0.220000,0.011515,0.220000,0.008826,0.220000,0.008826,0,0.515774,0.220000,0.212667,0.018848,0.004182,0.235479,0.195479,0.311127,0.110000,0.066733,1
166,580000000,1.071121,0.687657,-1.403654,0.220296,0.220429,0.220177,0.195479,0.220131,0.180099,0.220131,0.180099,0.219978,0.011848,0.220000,0.008826,0.220000,0.007592,0.220000,0.007592,0,0.443659,0.220000,0.212667,0.016159,0.001493,0.215479,0.175479,0.311127,0.110000,0.063675,1
166,620000000,1.073043,0.679060,-1.395156,0.220182,0.205613,0.220131,0.180099,0.220062,0.160099,0.220062,0.160099,0.219976,0.009509,0.220000,0.007592,0.220000,0.005204,0.220000,0.005204,0,0.304122,0.220000,0.212667,0.014925,0.000259,0.200099,0.160099,0.311127,0.110000,0.055176,1
166,660000000,1.074908,0.670456,-1.387560,0.220076,0.183715,0.220062,0.160099,0.220025,0.140099,0.220025,0.140099,0.219970,0.006843,0.220000,0.005204,0.220000,0.003287,0.220000,0.003287,0,0.192105,0.220000,0.212667,0.012537,-0.002129,0.180099,0.140099,0.311127,0.110000,0.048902,1
166,680000000,1.075830,0.666152,-1.384132,0.220043,0.171388,0.220025,0.140099,0.220014,0.128622,0.220014,0.128622,0.219970,0.005669,0.220000,0.003287,0.220000,0.002477,0.220000,0.002477,0,0.144757,0.220000,0.212667,0.010621,-0.004046,0.160099,0.120099,0.311127,0.110000,0.045475,1
166,720000000,1.077657,0.657544,-1.377825,0.219991,0.147136,0.220014,0.128622,0.220003,0.115656,0.220003,0.115656,0.219970,0.003053,0.220000,0.002477,0.220000,0.001103,0.220000,0.001103,0,0.064460,0.220000,0.212667,0.009810,-0.004856,0.148622,0.108622,0.311127,0.110000,0.040891,1
166,740000000,1.078566,0.653239,-1.374898,0.219996,0.146320,0.220003,0.115656,0.220001,0.112614,0.220001,0.112614,0.219976,0.002959,0.220000,0.001103,0.220000,0.000503,0.220000,0.000503,0,0.029367,0.220000,0.212667,0.008436,-0.006230,0.135656,0.095656,0.311127,0.110000,0.039815,1
166,780000000,1.080373,0.644627,-1.369893,0.219987,0.121255,0.220001,0.112614,0.220000,0.098456,0.220000,0.098456,0.219981,0.001590,0.220000,0.000503,0.220000,-0.000356,0.220000,-0.000356,0,-0.020793,0.220000,0.212667,0.007836,-0.006831,0.132614,0.092614,0.311127,0.110000,0.034809,1
166,800000000,1.081271,0.640320,-1.367671,0.219982,0.111066,0.220000,0.098456,0.220001,0.096723,0.220001,0.096723,0.219982,0.000000,0.220000,-0.000356,0.220000,-0.000678,0.220000,-0.000678,0,-0.039635,0.220000,0.212667,0.006978,-0.007689,0.118456,0.078456,0.311127,0.110000,0.034197,1
166,840000000,1.083066,0.631705,-1.363535,0.219987,0.102741,0.220001,0.096723,0.220003,0.085024,0.220003,0.085024,0.219987,0.000000,0.220000,-0.000678,0.220000,-0.001193,0.220000,-0.001193,0,-0.069733,0.220000,0.212667,0.006655,-0.008012,0.116723,0.076723,0.311127,0.110000,0.030061,1
166,860000000,1.083971,0.627400,-1.361506,0.219989,0.101434,0.220003,0.085024,0.220005,0.083955,0.220005,0.083955,0.219989,0.000000,0.220000,-0.001193,0.220000,-0.001455,0.220000,-0.001455,0,-0.085028,0.220000,0.212667,0.006140,-0.008527,0.105024,0.065024,0.311127,0.110000,0.029682,1
166,900000000,1.085793,0.618791,-1.357730,0.219993,0.089095,0.220005,0.083955,0.220008,0.073273,0.220008,0.073273,0.219993,0.000000,0.220000,-0.001455,0.220000,-0.001894,0.220000,-0.001894,0,-0.110703,0.220000,0.212667,0.005878,-0.008788,0.103955,0.063955,0.311127,0.110000,0.025906,1
166,920000000,1.086710,0.614487,-1.355958,0.219995,0.088599,0.220008,0.073273,0.220010,0.073959,0.220010,0.073959,0.219995,0.000000,0.220000,-0.001894,0.220000,-0.002090,0.220000,-0.002090,0,-0.122129,0.220000,0.212667,0.005439,-0.009228,0.093273,0.053273,0.311127,0.110000,0.026148,1
166,960000000,1.088538,0.605879,-1.352886,0.220003,0.076575,0.220010,0.073959,0.220012,0.065271,0.220012,0.065271,0.219997,-0.001612,0.220000,-0.002090,0.220000,-0.002284,0.220000,-0.002284,0,-0.133494,0.220000,0.212667,0.005243,-0.009423,0.093959,0.053959,0.311127,0.110000,0.023077,1
166,980000000,1.089460,0.601577,-1.351358,0.220004,0.076416,0.220012,0.065271,0.220013,0.067257,0.220013,0.067257,0.219998,-0.001713,0.220000,-0.002284,0.220000,-0.002392,0.220000,-0.002392,0,-0.139763,0.220000,0.212667,0.005049,-0.009618,0.085271,0.045271,0.311127,0.110000,0.023779,1
167,20000000,1.091314,0.592974,-1.348327,0.220008,0.074920,0.220013,0.067257,0.220015,0.058686,0.220015,0.058686,0.219999,-0.001972,0.220000,-0.002392,0.220000,-0.002591,0.220000,-0.002591,0,-0.151428,0.220000,0.212667,0.004942,-0.009725,0.087257,0.047257,0.311127,0.110000,0.020748,1
167,40000000,1.092245,0.588673,-1.346939,0.220011,0.069408,0.220015,0.058686,0.220016,0.060612,0.220016,0.060612,0.219999,-0.002228,0.220000,-0.002591,0.220000,-0.002652,0.220000,-0.002652,0,-0.154957,0.220000,0.212667,0.004742,-0.009925,0.078686,0.038686,0.311127,0.110000,0.021429,1
167,80000000,1.094118,0.580074,-1.344368,0.220014,0.060336,0.220016,0.060612,0.220017,0.053340,0.220017,0.053340,0.220000,-0.002469,0.220000,-0.002652,0.220000,-0.002709,0.220000,-0.002709,0,-0.158323,0.220000,0.212667,0.004682,-0.009985,0.080612,0.040612,0.311127,0.110000,0.018859,1
167,120000000,1.096005,0.571478,-1.342046,0.220016,0.056083,0.220017,0.053340,0.220016,0.052625,0.220016,0.052625,0.220000,-0.002600,0.220000,-0.002709,0.220000,-0.002694,0.220000,-0.002694,0,-0.157409,0.220000,0.212667,0.004624,-0.010043,0.073340,0.033340,0.311127,0.110000,0.018606,1
167,140000000,1.096953,0.567182,-1.340961,0.220016,0.054253,0.220016,0.052625,0.220016,0.049556,0.220016,0.049556,0.220000,-0.002660,0.220000,-0.002694,0.220000,-0.002670,0.220000,-0.002670,0,-0.156014,0.220000,0.212667,0.004640,-0.010027,0.072625,0.032625,0.311127,0.110000,0.017521,1
167,180000000,1.098863,0.558591,-1.338824,0.220016,0.053035,0.220016,0.049556,0.220015,0.049688,0.220015,0.049688,0.220000,-0.002694,0.220000,-0.002670,0.220000,-0.002609,0.220000,-0.002609,0,-0.152448,0.220000,0.212667,0.004664,-0.010003,0.069556,0.029556,0.311127,0.110000,0.017567,1
167,200000000,1.099824,0.554297,-1.337780,0.220016,0.052207,0.220015,0.049688,0.220015,0.046735,0.220015,0.046735,0.220000,-0.002705,0.220000,-0.002609,0.220000,-0.002583,0.220000,-0.002583,0,-0.150947,0.220000,0.212667,0.004725,-0.009942,0.069688,0.029688,0.311127,0.110000,0.016523,1
167,240000000,1.101761,0.545712,-1.335801,0.220015,0.049394,0.220015,0.046735,0.220014,0.048725,0.220014,0.048725,0.219999,-0.002681,0.220000,-0.002583,0.220000,-0.002495,0.220000,-0.002495,0,-0.145822,0.220000,0.212667,0.004750,-0.009916,0.066735,0.026735,0.311127,0.110000,0.017227,1
167,260000000,1.102736,0.541421,-1.334864,0.220015,0.046830,0.220014,0.048725,0.220014,0.046076,0.220014,0.046076,0.219999,-0.002682,0.220000,-0.002495,0.220000,-0.002446,0.220000,-0.002446,0,-0.142967,0.220000,0.212667,0.004838,-0.009829,0.068725,0.028725,0.311127,0.110000,0.016290,1
167,300000000,1.104697,0.532842,-1.333035,0.220014,0.045357,0.220014,0.046076,0.220012,0.048928,0.220012,0.048928,0.219998,-0.002623,0.220000,-0.002446,0.220000,-0.002308,0.220000,-0.002308,0,-0.134904,0.220000,0.212667,0.004887,-0.009780,0.066076,0.026076,0.311127,0.110000,0.017299,1
167,320000000,1.105685,0.528554,-1.332136,0.220013,0.044976,0.220012,0.048928,0.220011,0.046384,0.220011,0.046384,0.219998,-0.002603,0.220000,-0.002308,0.220000,-0.002248,0.220000,-0.002248,0,-0.131357,0.220000,0.212667,0.005025,-0.009642,0.068928,0.028928,0.311127,0.110000,0.016399,1
167,360000000,1.107676,0.519981,-1.330258,0.220011,0.047418,0.220011,0.046384,0.220010,0.048473,0.220010,0.048473,0.219997,-0.002509,0.220000,-0.002248,0.220000,-0.002140,0.220000,-0.002140,0,-0.125070,0.220000,0.212667,0.005086,-0.009581,0.066384,0.026384,0.311127,0.110000,0.017138,1
167,380000000,1.108678,0.515697,-1.329315,0.220010,0.047161,0.220010,0.048473,0.220010,0.045805,0.220010,0.045805,0.219996,-0.002494,0.220000,-0.002140,0.220000,-0.002102,0.220000,-0.002102,0,-0.122861,0.220000,0.212667,0.005193,-0.009474,0.068473,0.028473,0.311127,0.110000,0.016194,1
167,420000000,1.110698,0.507131,-1.327461,0.220008,0.046157,0.220010,0.045805,0.220009,0.048377,0.220009,0.048377,0.219995,-0.002393,0.220000,-0.002102,0.220000,-0.002005,0.220000,-0.002005,0,-0.117158,0.220000,0.212667,0.005231,-0.009436,0.065805,0.025805,0.311127,0.110000,0.017104,1
167,460000000,1.112733,0.498570,-1.325718,0.220007,0.043523,0.220009,0.048377,0.220008,0.051738,0.220008,0.051738,0.219994,-0.002384,0.220000,-0.002005,0.220000,-0.001881,0.220000,-0.001881,0,-0.109946,0.220000,0.212667,0.005329,-0.009338,0.068377,0.028377,0.311127,0.110000,0.018292,1
167,480000000,1.113759,0.494291,-1.324769,0.220005,0.047436,0.220008,0.051738,0.220008,0.049055,0.220008,0.049055,0.219994,-0.002256,0.220000,-0.001881,0.220000,-0.001846,0.220000,-0.001846,0,-0.107900,0.220000,0.212667,0.005452,-0.009215,0.071738,0.031738,0.311127,0.110000,0.017343,1
167,520000000,1.115826,0.485737,-1.322825,0.220004,0.048138,0.220008,0.049055,0.220007,0.052363,0.220007,0.052363,0.219993,-0.002211,0.220000,-0.001846,0.220000,-0.001799,0.220000,-0.001799,0,-0.105155,0.220000,0.212667,0.005487,-0.009180,0.069055,0.029055,0.311127,0.110000,0.018513,1
167,540000000,1.116865,0.481461,-1.321903,0.220003,0.046146,0.220007,0.052363,0.220007,0.049752,0.220007,0.049752,0.219992,-0.002195,0.220000,-0.001799,0.220000,-0.001758,0.220000,-0.001758,0,-0.102750,0.220000,0.212667,0.005534,-0.009133,0.072363,0.032363,0.311127,0.110000,0.017590,1
167,580000000,1.118957,0.472913,-1.320050,0.220002,0.046543,0.220007,0.049752,0.220006,0.054794,0.220006,0.054794,0.219992,-0.002142,0.220000,-0.001758,0.220000,-0.001677,0.220000,-0.001677,0,-0.098010,0.220000,0.212667,0.005575,-0.009092,0.069752,0.029752,0.311127,0.110000,0.019373,1
167,600000000,1.120009,0.468641,-1.319120,0.220002,0.046529,0.220006,0.054794,0.220006,0.052162,0.220006,0.052162,0.219991,-0.002140,0.220000,-0.001677,0.220000,-0.001636,0.220000,-0.001636,0,-0.095612,0.220000,0.212667,0.005656,-0.009010,0.074794,0.034794,0.311127,0.110000,0.018442,1
167,640000000,1.122129,0.460100,-1.317084,0.220000,0.051338,0.220006,0.052162,0.220006,0.057284,0.220006,0.057284,0.219990,-0.002090,0.220000,-0.001636,0.220000,-0.001600,0.220000,-0.001600,0,-0.093478,0.220000,0.212667,0.005697,-0.008969,0.072162,0.032162,0.311127,0.110000,0.020253,1
167,660000000,1.123195,0.455831,-1.316097,0.220000,0.049386,0.220006,0.057284,0.220006,0.054490,0.220006,0.054490,0.219990,-0.002069,0.220000,-0.001600,0.220000,-0.001567,0.220000,-0.001567,0,-0.091583,0.220000,0.212667,0.005734,-0.008933,0.077284,0.037284,0.311127,0.110000,0.019265,1
167,700000000,1.125341,0.447297,-1.314144,0.219999,0.049133,0.220006,0.054490,0.220005,0.059573,0.220005,0.059573,0.219989,-0.002055,0.220000,-0.001567,0.220000,-0.001484,0.220000,-0.001484,0,-0.086742,0.220000,0.212667,0.005766,-0.008901,0.074490,0.034490,0.311127,0.110000,0.021062,1
167,740000000,1.127506,0.438767,-1.312119,0.219998,0.050585,0.220005,0.059573,0.220005,0.065159,0.220005,0.065159,0.219988,-0.002026,0.220000,-0.001484,0.220000,-0.001429,0.220000,-0.001429,0,-0.083528,0.220000,0.212667,0.005849,-0.008818,0.079573,0.039573,0.311127,0.110000,0.023037,1
167,760000000,1.128596,0.434505,-1.311019,0.219997,0.055023,0.220005,0.065159,0.220004,0.062046,0.220004,0.062046,0.219988,-0.001970,0.220000,-0.001429,0.220000,-0.001407,0.220000,-0.001407,0,-0.082204,0.220000,0.212667,0.005904,-0.008763,0.085159,0.045159,0.311127,0.110000,0.021937,1
167,800000000,1.130790,0.425983,-1.308778,0.219996,0.056570,0.220004,0.062046,0.220004,0.067791,0.220004,0.067791,0.219987,-0.001945,0.220000,-0.001407,0.220000,-0.001406,0.220000,-0.001406,0,-0.082191,0.220000,0.212667,0.005927,-0.008740,0.082046,0.042046,0.311127,0.110000,0.023968,1
167,820000000,1.131896,0.421724,-1.307624,0.219995,0.057694,0.220004,0.067791,0.220004,0.064528,0.220004,0.064528,0.219986,-0.001920,0.220000,-0.001406,0.220000,-0.001394,0.220000,-0.001394,0,-0.081456,0.220000,0.212667,0.005927,-0.008740,0.087791,0.047791,0.311127,0.110000,0.022814,1
167,860000000,1.134121,0.413210,-1.305195,0.219994,0.063278,0.220004,0.064528,0.220005,0.070581,0.220005,0.070581,0.219985,-0.001941,0.220000,-0.001394,0.220000,-0.001435,0.220000,-0.001435,0,-0.083840,0.220000,0.212667,0.005939,-0.008727,0.084528,0.044528,0.311127,0.110000,0.024954,1
167,880000000,1.135241,0.408955,-1.303931,0.219994,0.063186,0.220005,0.070581,0.220005,0.067006,0.220005,0.067006,0.219985,-0.001951,0.220000,-0.001435,0.220000,-0.001445,0.220000,-0.001445,0,-0.084438,0.220000,0.212667,0.005899,-0.008768,0.090581,0.050581,0.311127,0.110000,0.023690,1
167,920000000,1.137496,0.400450,-1.301297,0.219993,0.065810,0.220005,0.067006,0.220005,0.073403,0.220005,0.073403,0.219984,-0.001999,0.220000,-0.001445,0.220000,-0.001523,0.220000,-0.001523,0,-0.089029,0.220000,0.212667,0.005888,-0.008778,0.087006,0.047006,0.311127,0.110000,0.025952,1
167,940000000,1.138632,0.396199,-1.300047,0.219993,0.062512,0.220005,0.073403,0.220005,0.069866,0.220005,0.069866,0.219983,-0.002014,0.220000,-0.001523,0.220000,-0.001516,0.220000,-0.001516,0,-0.088567,0.220000,0.212667,0.005810,-0.008857,0.093403,0.053403,0.311127,0.110000,0.024702,1
167,980000000,1.140917,0.387701,-1.297518,0.219993,0.064342,0.220005,0.069866,0.220005,0.077575,0.220005,0.077575,0.219983,-0.002083,0.220000,-0.001516,0.220000,-0.001526,0.220000,-0.001526,0,-0.089201,0.220000,0.212667,0.005818,-0.008849,0.089866,0.049866,0.311127,0.110000,0.027427,1
168,0,1.142067,0.383454,-1.296222,0.219992,0.064844,0.220005,0.077575,0.220005,0.073907,0.220005,0.073907,0.219982,-0.002106,0.220000,-0.001526,0.220000,-0.001512,0.220000,-0.001512,0,-0.088364,0.220000,0.212667,0.005807,-0.008860,0.097575,0.057575,0.311127,0.110000,0.026130,1
168,40000000,1.144383,0.374965,-1.293417,0.219991,0.072379,0.220005,0.073907,0.220006,0.081946,0.220006,0.081946,0.219981,-0.002141,0.220000,-0.001512,0.220000,-0.001566,0.220000,-0.001566,0,-0.091524,0.220000,0.212667,0.005821,-0.008845,0.093907,0.053907,0.311127,0.110000,0.028972,1
168,60000000,1.145550,0.370722,-1.291971,0.219991,0.072275,0.220006,0.081946,0.220006,0.077858,0.220006,0.077858,0.219980,-0.002153,0.220000,-0.001566,0.220000,-0.001580,0.220000,-0.001580,0,-0.092318,0.220000,0.212667,0.005767,-0.008899,0.101946,0.061946,0.311127,0.110000,0.027527,1
168,100000000,1.147900,0.362242,-1.288911,0.219990,0.076459,0.220006,0.077858,0.220006,0.086397,0.220006,0.086397,0.219979,-0.002215,0.220000,-0.001580,0.220000,-0.001672,0.220000,-0.001672,0,-0.097719,0.220000,0.212667,0.005754,-0.008913,0.097858,0.057858,0.311127,0.110000,0.030546,1
168,120000000,1.149085,0.358005,-1.287457,0.219990,0.072685,0.220006,0.086397,0.220006,0.082286,0.220006,0.082286,0.219978,-0.002235,0.220000,-0.001672,0.220000,-0.001667,0.220000,-0.001667,0,-0.097416,0.220000,0.212667,0.005661,-0.009006,0.106397,0.066397,0.311127,0.110000,0.029092,1
168,160000000,1.151470,0.349535,-1.284499,0.219989,0.075700,0.220006,0.082286,0.220006,0.092466,0.220006,0.092466,0.219977,-0.002320,0.220000,-0.001667,0.220000,-0.001676,0.220000,-0.001676,0,-0.097938,0.220000,0.212667,0.005666,-0.009000,0.102286,0.062286,0.311127,0.110000,0.032692,1
168,180000000,1.152671,0.345302,-1.282969,0.219989,0.076499,0.220006,0.092466,0.220006,0.088138,0.220006,0.088138,0.219977,-0.002349,0.220000,-0.001676,0.220000,-0.001665,0.220000,-0.001665,0,-0.097294,0.220000,0.212667,0.005657,-0.009009,0.112466,0.072466,0.311127,0.110000,0.031162,1
168,220000000,1.155092,0.336842,-1.279631,0.219988,0.086459,0.220006,0.088138,0.220007,0.098731,0.220007,0.098731,0.219975,-0.002389,0.220000,-0.001665,0.220000,-0.001732,0.220000,-0.001732,0,-0.101202,0.220000,0.212667,0.005668,-0.008998,0.108138,0.068138,0.311127,0.110000,0.034907,1
168,240000000,1.156313,0.332615,-1.277904,0.219987,0.086328,0.220007,0.098731,0.220007,0.093848,0.220007,0.093848,0.219974,-0.002404,0.220000,-0.001732,0.220000,-0.001756,0.220000,-0.001756,0,-0.102617,0.220000,0.212667,0.005602,-0.009065,0.118731,0.078731,0.311127,0.110000,0.033180,1
168,280000000,1.158775,0.324167,-1.274207,0.219986,0.092357,0.220007,0.093848,0.220008,0.105075,0.220008,0.105075,0.219972,-0.002489,0.220000,-0.001756,0.220000,-0.001875,0.220000,-0.001875,0,-0.109558,0.220000,0.212667,0.005577,-0.009089,0.113848,0.073848,0.311127,0.110000,0.037150,1
168,320000000,1.161265,0.315728,-1.270705,0.219985,0.087238,0.220008,0.105075,0.220008,0.095171,0.220008,0.095171,0.219970,-0.002532,0.220000,-0.001875,0.220000,-0.001898,0.220000,-0.001898,0,-0.110943,0.220000,0.212667,0.005459,-0.009208,0.125075,0.085075,0.311127,0.110000,0.033648,1
168,340000000,1.162519,0.311510,-1.268940,0.219985,0.088286,0.220008,0.095171,0.220008,0.113689,0.220008,0.113689,0.219969,-0.002649,0.220000,-0.001898,0.220000,-0.001864,0.220000,-0.001864,0,-0.108940,0.220000,0.212667,0.005435,-0.009232,0.115171,0.075171,0.311127,0.110000,0.040195,1
168,380000000,1.165048,0.303082,-1.265256,0.219984,0.095733,0.220008,0.113689,0.220008,0.103270,0.220008,0.103270,0.219967,-0.002693,0.220000,-0.001864,0.220000,-0.001859,0.220000,-0.001859,0,-0.108655,0.220000,0.212667,0.005469,-0.009198,0.133689,0.093689,0.311127,0.110000,0.036511,1
168,400000000,1.166325,0.298872,-1.263123,0.219982,0.106662,0.220008,0.103270,0.220008,0.122777,0.220008,0.122777,0.219966,-0.002703,0.220000,-0.001859,0.220000,-0.001894,0.220000,-0.001894,0,-0.110679,0.220000,0.212667,0.005474,-0.009193,0.123270,0.083270,0.311127,0.110000,0.043408,1
168,440000000,1.168904,0.290459,-1.259075,0.219980,0.095904,0.220008,0.122777,0.220009,0.111328,0.220009,0.111328,0.219963,-0.002723,0.220000,-0.001894,0.220000,-0.001936,0.220000,-0.001936,0,-0.113110,0.220000,0.212667,0.005439,-0.009227,0.142777,0.102777,0.311127,0.110000,0.039361,1
168,460000000,1.170205,0.286257,-1.257159,0.219979,0.095783,0.220009,0.111328,0.220008,0.131328,0.220008,0.131328,0.219962,-0.002737,0.220000,-0.001936,0.220000,-0.001853,0.220000,-0.001853,0,-0.108272,0.220000,0.212667,0.005398,-0.009269,0.131328,0.091328,0.311127,0.110000,0.047274,1
168,500000000,1.172830,0.277858,-1.253027,0.219978,0.103637,0.220008,0.131328,0.220008,0.122022,0.220008,0.122022,0.219960,-0.002840,0.220000,-0.001853,0.220000,-0.001822,0.220000,-0.001822,0,-0.106490,0.220000,0.212667,0.005481,-0.009186,0.151328,0.111328,0.311127,0.110000,0.043141,1
168,520000000,1.174156,0.273663,-1.250758,0.219976,0.113455,0.220008,0.122022,0.220007,0.142022,0.220007,0.142022,0.219958,-0.002828,0.220000,-0.001822,0.220000,-0.001786,0.220000,-0.001786,0,-0.104394,0.220000,0.212667,0.005511,-0.009156,0.142022,0.102022,0.311127,0.110000,0.051622,1
168,560000000,1.176839,0.265283,-1.245748,0.219972,0.127265,0.220007,0.142022,0.220009,0.162022,0.220009,0.162022,0.219954,-0.002820,0.220000,-0.001786,0.220000,-0.001940,0.220000,-0.001940,0,-0.113396,0.220000,0.212667,0.005547,-0.009120,0.162022,0.122022,0.311127,0.110000,0.059375,1
168,580000000,1.178196,0.261098,-1.243080,0.219969,0.133421,0.220009,0.162022,0.220009,0.160390,0.220009,0.160390,0.219951,-0.002815,0.220000,-0.001940,0.220000,-0.001979,0.220000,-0.001979,0,-0.115644,0.220000,0.212667,0.005393,-0.009274,0.182022,0.142022,0.311127,0.110000,0.056706,1
168,620000000,1.180941,0.252739,-1.237354,0.219967,0.153082,0.220009,0.160390,0.220011,0.180390,0.220011,0.180390,0.219947,-0.003019,0.220000,-0.001979,0.220000,-0.002249,0.220000,-0.002249,0,-0.131419,0.220000,0.212667,0.005354,-0.009312,0.180390,0.140390,0.311127,0.110000,0.065104,1
168,640000000,1.182331,0.248565,-1.234298,0.219965,0.152790,0.220011,0.180390,0.220012,0.175499,0.220012,0.175499,0.219943,-0.003053,0.220000,-0.002249,0.220000,-0.002324,0.220000,-0.002324,0,-0.135784,0.220000,0.212667,0.005084,-0.009582,0.200390,0.160390,0.311127,0.110000,0.062048,1
168,680000000,1.185137,0.240226,-1.227497,0.219964,0.170778,0.220012,0.175499,0.220017,0.195499,0.220017,0.195499,0.219937,-0.003414,0.220000,-0.002324,0.220000,-0.002744,0.220000,-0.002744,0,-0.160371,0.220000,0.212667,0.005010,-0.009657,0.195499,0.155499,0.311127,0.110000,0.069928,1
168,720000000,1.187995,0.231905,-1.220831,0.219959,0.165307,0.220017,0.195499,0.220020,0.178930,0.220020,0.178930,0.219930,-0.003552,0.220000,-0.002744,0.220000,-0.002957,0.220000,-0.002957,0,-0.172788,0.220000,0.212667,0.004589,-0.010078,0.215499,0.175499,0.311127,0.110000,0.063261,1
168,740000000,1.189443,0.227750,-1.217523,0.219957,0.165403,0.220020,0.178930,0.220021,0.198930,0.220021,0.198930,0.219927,-0.003634,0.220000,-0.002957,0.220000,-0.003066,0.220000,-0.003066,0,-0.179146,0.220000,0.212667,0.004377,-0.010290,0.198930,0.158930,0.311127,0.110000,0.077259,1
168,780000000,1.192358,0.219449,-1.210780,0.219963,0.168406,0.220021,0.198930,0.220022,0.199451,0.220022,0.199451,0.219922,-0.004223,0.220000,-0.003066,0.220000,-0.003089,0.220000,-0.003089,0,-0.180508,0.220000,0.212667,0.004268,-0.010399,0.218930,0.178930,0.311127,0.110000,0.070517,1
168,800000000,1.193834,0.215305,-1.207017,0.219962,0.188170,0.220022,0.199451,0.220023,0.219451,0.220023,0.219451,0.219918,-0.004366,0.220000,-0.003089,0.220000,-0.003206,0.220000,-0.003206,0,-0.187368,0.220000,0.212667,0.004244,-0.010422,0.219451,0.179451,0.311127,0.110000,0.087104,1
168,840000000,1.196830,0.207032,-1.199264,0.219956,0.199833,0.220023,0.219451,0.220025,0.224440,0.220025,0.224440,0.219909,-0.004537,0.220000,-0.003206,0.220000,-0.003306,0.220000,-0.003306,0,-0.193225,0.220000,0.212667,0.004127,-0.010540,0.239451,0.199451,0.311127,0.110000,0.079352,1
168,860000000,1.198349,0.202904,-1.195111,0.219952,0.207668,0.220025,0.224440,0.220026,0.244440,0.220026,0.244440,0.219903,-0.004631,0.220000,-0.003306,0.220000,-0.003408,0.220000,-0.003408,0,-0.199184,0.220000,0.212667,0.004027,-0.010640,0.244440,0.204440,0.311127,0.110000,0.097885,1
168,900000000,1.201435,0.194665,-1.186676,0.219944,0.211931,0.220026,0.244440,0.220027,0.253004,0.220027,0.253004,0.219891,-0.004821,0.220000,-0.003408,0.220000,-0.003457,0.220000,-0.003457,0,-0.202042,0.220000,0.212667,0.003925,-0.010742,0.264440,0.224440,0.311127,0.110000,0.089450,1
168,920000000,1.203002,0.190555,-1.182245,0.219940,0.221572,0.220027,0.253004,0.220028,0.273004,0.220028,0.273004,0.219885,-0.004917,0.220000,-0.003457,0.220000,-0.003486,0.220000,-0.003486,0,-0.203694,0.220000,0.212667,0.003876,-0.010791,0.273004,0.233004,0.311127,0.110000,0.112012,1
168,960000000,1.206186,0.182354,-1.172806,0.219930,0.235727,0.220028,0.273004,0.220029,0.290123,0.220029,0.290123,0.219871,-0.005120,0.220000,-0.003486,0.220000,-0.003548,0.220000,-0.003548,0,-0.207312,0.220000,0.212667,0.003848,-0.010819,0.293004,0.253004,0.311127,0.110000,0.102574,1
168,980000000,1.207806,0.178265,-1.167630,0.219924,0.258818,0.220029,0.290123,0.220030,0.310123,0.220030,0.310123,0.219862,-0.005207,0.220000,-0.003548,0.220000,-0.003607,0.220000,-0.003607,0,-0.210764,0.220000,0.212667,0.003786,-0.010881,0.310123,0.270123,0.311127,0.110000,0.130022,1
169,20000000,1.211105,0.170110,-1.157007,0.219910,0.272845,0.220030,0.310123,0.220030,0.330123,0.220030,0.330123,0.219844,-0.005405,0.220000,-0.003607,0.220000,-0.003633,0.220000,-0.003633,0,-0.212284,0.220000,0.212667,0.003727,-0.010940,0.330123,0.290123,0.311127,0.110000,0.119399,1
169,60000000,1.214485,0.161990,-1.145476,0.219894,0.294241,0.220030,0.330123,0.220028,0.350123,0.220028,0.350123,0.219822,-0.005595,0.220000,-0.003633,0.220000,-0.003483,0.220000,-0.003483,0,-0.203513,0.220000,0.212667,0.003701,-0.010966,0.350123,0.310123,0.311127,0.110000,0.146448,1
169,80000000,1.216209,0.157944,-1.139354,0.219883,0.306132,0.220028,0.350123,0.220028,0.370123,0.220028,0.370123,0.219810,-0.005690,0.220000,-0.003483,0.220000,-0.003537,0.220000,-0.003537,0,-0.206714,0.220000,0.212667,0.003851,-0.010816,0.370123,0.330123,0.311127,0.110000,0.140325,1
169,120000000,1.219730,0.149885,-1.126598,0.219857,0.329773,0.220028,0.370123,0.220022,0.390123,0.220022,0.390123,0.219782,-0.005751,0.220000,-0.003537,0.220000,-0.003130,0.220000,-0.003130,0,-0.182929,0.220000,0.212667,0.003796,-0.010871,0.390123,0.350123,0.311127,0.110000,0.175472,1
169,140000000,1.221528,0.145873,-1.120016,0.219844,0.329110,0.220022,0.390123,0.220021,0.410123,0.220021,0.410123,0.219767,-0.005826,0.220000,-0.003130,0.220000,-0.003031,0.220000,-0.003031,0,-0.177100,0.220000,0.212667,0.004203,-0.010464,0.410123,0.370123,0.311127,0.110000,0.168890,1
169,180000000,1.225216,0.137891,-1.105908,0.219803,0.352357,0.220021,0.410123,0.220011,0.430123,0.220011,0.430123,0.219731,-0.005616,0.220000,-0.003031,0.220000,-0.002181,0.220000,-0.002181,0,-0.127456,0.220000,0.212667,0.004303,-0.010364,0.430123,0.390123,0.311127,0.110000,0.216547,1
169,200000000,1.227101,0.133920,-1.098575,0.219786,0.366627,0.220011,0.430123,0.220008,0.450123,0.220008,0.450123,0.219713,-0.005651,0.220000,-0.002181,0.220000,-0.001907,0.220000,-0.001907,0,-0.111456,0.220000,0.212667,0.005152,-0.009514,0.450123,0.410123,0.311127,0.110000,0.209215,1
169,240000000,1.230960,0.126022,-1.083460,0.219744,0.379937,0.220008,0.450123,0.220000,0.470123,0.220000,0.470123,0.219673,-0.005567,0.220000,-0.001907,0.220000,-0.000067,0.220000,-0.000067,0,-0.003935,0.220000,0.212667,0.005426,-0.009241,0.470123,0.430123,0.311127,0.110000,0.274528,1
169,280000000,1.234967,0.118202,-1.067538,0.219678,0.397677,0.220000,0.470123,0.220013,0.490123,0.220013,0.490123,0.219623,-0.004912,0.220000,-0.000067,0.220000,0.002373,0.220000,0.002373,0,0.138684,0.220000,0.212667,0.007266,-0.007401,0.490123,0.450123,0.311127,0.110000,0.366406,1
169,300000000,1.237038,0.114328,-1.059225,0.219614,0.415646,0.220013,0.490123,0.220033,0.510123,0.220033,0.510123,0.219584,-0.003675,0.220000,0.002373,0.220000,0.003820,0.220000,0.003820,0,0.223256,0.220000,0.212667,0.009706,-0.004960,0.510123,0.470123,0.311127,0.110000,0.358093,1
169,340000000,1.241309,0.106655,-1.042282,0.219526,0.427533,0.220033,0.510123,0.220156,0.530123,0.220156,0.530123,0.219516,-0.002080,0.220000,0.003820,0.220000,0.008278,0.220000,0.008278,0,0.483760,0.220000,0.212667,0.011154,-0.003513,0.530123,0.490123,0.311127,0.110000,0.490087,1
169,360000000,1.243540,0.102875,-1.033486,0.219465,0.439804,0.220156,0.530123,0.220260,0.550123,0.220260,0.550123,0.219465,0.000000,0.220000,0.008278,0.220000,0.010708,0.220000,0.010708,0,0.625762,0.220000,0.212667,0.015611,0.000945,0.550123,0.510123,0.311127,0.110000,0.481291,1
169,400000000,1.248186,0.095430,-1.015382,0.219397,0.459654,0.220260,0.550123,0.220739,0.570123,0.220739,0.570123,0.219363,0.003860,0.220000,0.010708,0.220000,0.018041,0.220000,0.018041,0,1.084717,0.220000,0.212667,0.018041,0.003375,0.570123,0.530123,0.311127,0.110000,0.667895,1
169,420000000,1.250583,0.091755,-1.006199,0.219379,0.459189,0.220739,0.570123,0.221172,0.590123,0.221172,0.590123,0.219346,0.003807,0.220000,0.018041,0.220000,0.022734,0.220000,0.022734,0,1.328553,0.220000,0.212667,0.025375,0.010708,0.590123,0.550123,0.311127,0.110000,0.658711,1
169,460000000,1.255748,0.084657,-0.988113,0.219544,0.451832,0.221172,0.590123,0.222045,0.600000,0.222045,0.600000,0.219182,0.012600,0.220000,0.022734,0.220000,0.030068,0.220000,0.030068,0,2.184081,0.220000,0.212667,0.030068,0.015401,0.600000,0.570123,0.311127,0.110000,0.897399,1
169,480000000,1.258443,0.081187,-0.979145,0.219705,0.448355,0.222045,0.600000,0.223156,0.600000,0.223156,0.600000,0.219123,0.015991,0.220000,0.030068,0.220000,0.037401,0.220000,0.037401,0,2.803717,0.220000,0.212667,0.037401,0.022734,0.600000,0.580000,0.311127,0.110000,1.160701,1
169,520000000,1.264091,0.074442,-0.961460,0.220251,0.436691,0.223156,0.600000,0.224502,0.600000,0.224502,0.600000,0.218785,0.025367,0.220000,0.037401,0.220000,0.044734,0.220000,0.044734,0,4.508754,0.220000,0.212667,0.044734,0.030068,0.600000,0.580000,0.311127,0.110000,1.383219,1
169,540000000,1.267108,0.071211,-0.952763,0.220992,0.434876,0.224502,0.600000,0.226077,0.600000,0.226077,0.600000,0.218920,0.030194,0.220000,0.044734,0.220000,0.052068,0.220000,0.052068,0,5.603418,0.220000,0.212667,0.052068,0.037401,0.600000,0.580000,0.311127,0.110000,1.558988,1
169,580000000,1.273365,0.064934,-0.935506,0.221975,0.429444,0.226077,0.600000,0.227878,0.600000,0.227878,0.600000,0.218878,0.036947,0.220000,0.052068,0.220000,0.059401,0.220000,0.059401,0,8.505095,0.220000,0.212667,0.059401,0.044734,0.600000,0.580000,0.311127,0.110000,1.675762,1
169,600000000,1.276603,0.061890,-0.926990,0.222170,0.425765,0.227878,0.600000,0.229899,0.600000,0.229899,0.600000,0.218729,0.038949,0.220000,0.059401,0.220000,0.066734,0.220000,0.066734,0,9.937806,0.220000,0.212667,0.066734,0.052068,0.600000,0.580000,0.311127,0.110000,1.765526,1
169,640000000,1.283521,0.056163,-0.910254,0.224592,0.419011,0.229899,0.600000,0.232134,0.600000,0.232134,0.600000,0.218840,0.050505,0.220000,0.066734,0.220000,0.074068,0.220000,0.074068,0,12.326423,0.220000,0.212667,0.074068,0.059401,0.600000,0.580000,0.311127,0.110000,1.821877,1
169,680000000,1.290730,0.050703,-0.893661,0.226293,0.414819,0.232134,0.600000,0.227713,0.600000,0.227713,0.600000,0.218889,0.057413,0.220000,0.074068,0.212667,0.081401,0.212667,0.081401,0,14.103049,0.220000,0.212667,0.081401,0.066734,0.600000,0.580000,0.311127,0.110000,1.907310,1
169,700000000,1.294424,0.048115,-0.885425,0.225580,0.411806,0.227713,0.600000,0.223686,0.600000,0.223686,0.600000,0.216922,0.061897,0.212667,0.081401,0.205333,0.088734,0.205333,0.088734,0,14.804257,0.220000,0.205333,0.088734,0.074068,0.600000,0.580000,0.311127,0.110000,1.899074,1
169,720000000,1.298213,0.045755,-0.877324,0.222136,0.405460,0.223686,0.600000,0.220075,0.600000,0.220075,0.600000,0.209836,0.072892,0.205333,0.088734,0.198000,0.096068,0.198000,0.096068,0,15.380323,0.212667,0.198000,0.096068,0.081401,0.600000,0.580000,0.311127,0.110000,1.926277,1
169,760000000,1.305866,0.041378,-0.861171,0.218788,0.402221,0.220075,0.600000,0.216900,0.600000,0.216900,0.600000,0.204402,0.078025,0.198000,0.096068,0.190667,0.103401,0.190667,0.103401,0,16.306192,0.205333,0.190667,0.103401,0.088734,0.600000,0.580000,0.311127,0.110000,1.910123,1
169,800000000,1.313613,0.037575,-0.845137,0.212798,0.397836,0.216900,0.600000,0.214180,0.600000,0.214180,0.600000,0.193556,0.088425,0.190667,0.103401,0.183333,0.110734,0.183333,0.110734,0,16.969558,0.198000,0.183333,0.110734,0.096068,0.600000,0.580000,0.311127,0.110000,1.924740,1
169,820000000,1.317516,0.035969,-0.837238,0.211050,0.394917,0.214180,0.600000,0.211934,0.600000,0.211934,0.600000,0.189994,0.091894,0.183333,0.110734,0.176000,0.118068,0.176000,0.118068,0,17.223925,0.190667,0.176000,0.118068,0.103401,0.600000,0.580000,0.311127,0.110000,1.916842,1
169,860000000,1.325372,0.033201,-0.821560,0.207937,0.392180,0.211934,0.600000,0.210176,0.600000,0.210176,0.600000,0.182877,0.098965,0.176000,0.118068,0.168667,0.125401,0.168667,0.125401,0,17.620062,0.183333,0.168667,0.125401,0.110734,0.600000,0.580000,0.311127,0.110000,1.926940,1
169,880000000,1.329321,0.031958,-0.813731,0.206994,0.391424,0.210176,0.600000,0.208918,0.600000,0.208918,0.600000,0.180415,0.101474,0.168667,0.125401,0.161333,0.132734,0.161333,0.132734,0,17.771207,0.176000,0.161333,0.132734,0.118068,0.600000,0.580000,0.311127,0.110000,1.919112,1
169,920000000,1.337249,0.029885,-0.798202,0.204519,0.387137,0.208918,0.600000,0.208170,0.600000,0.208170,0.600000,0.173571,0.108171,0.161333,0.132734,0.154000,0.140068,0.154000,0.140068,0,17.990913,0.168667,0.154000,0.140068,0.125401,0.600000,0.580000,0.311127,0.110000,1.925160,1
169,940000000,1.341218,0.029259,-0.790608,0.200911,0.379686,0.208170,0.600000,0.207938,0.600000,0.207938,0.600000,0.161451,0.119578,0.154000,0.140068,0.146667,0.147401,0.146667,0.147401,0,18.064853,0.161333,0.146667,0.147401,0.132734,0.600000,0.580000,0.311127,0.110000,1.917566,1
169,980000000,1.349173,0.028328,-0.775465,0.199736,0.376804,0.207938,0.600000,0.208222,0.600000,0.208222,0.600000,0.154445,0.126654,0.146667,0.147401,0.139333,0.154734,0.139333,0.154734,0,18.155645,0.154000,0.139333,0.154734,0.140068,0.600000,0.580000,0.311127,0.110000,1.902423,1
170,0,1.353157,0.028002,-0.767915,0.199849,0.377507,0.208222,0.600000,0.209021,0.600000,0.209021,0.600000,0.154165,0.127172,0.139333,0.154734,0.132000,0.162068,0.132000,0.162068,0,18.176087,0.146667,0.132000,0.162068,0.147401,0.600000,0.580000,0.311127,0.110000,1.894873,1
170,20000000,1.357123,0.028062,-0.760580,0.198301,0.366744,0.209021,0.600000,0.210329,0.600000,0.210329,0.600000,0.141130,0.139304,0.132000,0.162068,0.124667,0.169401,0.124667,0.169401,0,18.181782,0.139333,0.124667,0.169401,0.154734,0.600000,0.580000,0.311127,0.110000,1.907127,1
170,60000000,1.365049,0.028568,-0.745966,0.198731,0.363949,0.210329,0.600000,0.212137,0.600000,0.212137,0.600000,0.133419,0.147286,0.124667,0.169401,0.117333,0.176734,0.117333,0.176734,0,18.155623,0.132000,0.117333,0.176734,0.162068,0.600000,0.580000,0.311127,0.110000,1.892513,1
170,80000000,1.369006,0.028971,-0.738702,0.198863,0.363197,0.212137,0.600000,0.214431,0.600000,0.214431,0.600000,0.132211,0.148549,0.117333,0.176734,0.110000,0.184068,0.110000,0.184068,0,18.125852,0.124667,0.110000,0.184068,0.169401,0.600000,0.580000,0.311127,0.110000,1.885249,1
170,100000000,1.372934,0.029751,-0.731633,0.200259,0.353459,0.214431,0.600000,0.217197,0.600000,0.217197,0.600000,0.119578,0.160639,0.110000,0.184068,0.102667,0.191401,0.102667,0.191401,0,18.087728,0.117333,0.102667,0.191401,0.176734,0.600000,0.580000,0.311127,0.110000,1.894255,1
170,140000000,1.380774,0.031617,-0.717517,0.202295,0.350633,0.217197,0.600000,0.220417,0.600000,0.220417,0.600000,0.112648,0.168029,0.102667,0.191401,0.095333,0.198734,0.095333,0.198734,0,17.985647,0.110000,0.095333,0.198734,0.184068,0.600000,0.580000,0.311127,0.110000,1.880139,1
170,180000000,1.388572,0.033966,-0.703499,0.204633,0.347734,0.220417,0.600000,0.224071,0.600000,0.224071,0.600000,0.106252,0.174886,0.095333,0.198734,0.088000,0.206068,0.088000,0.206068,0,17.855260,0.102667,0.088000,0.206068,0.191401,0.600000,0.580000,0.311127,0.110000,1.880603,1
170,200000000,1.392458,0.035283,-0.696493,0.205172,0.350317,0.224071,0.600000,0.228138,0.600000,0.228138,0.600000,0.106254,0.175516,0.088000,0.206068,0.080667,0.213401,0.080667,0.213401,0,17.779320,0.095333,0.080667,0.213401,0.198734,0.600000,0.580000,0.311127,0.110000,1.873596,1
170,240000000,1.400139,0.038565,-0.682847,0.210600,0.339282,0.228138,0.600000,0.231900,0.600000,0.231900,0.600000,0.092557,0.189171,0.080667,0.213401,0.073333,0.220000,0.073333,0.220000,0,17.617001,0.088000,0.073333,0.220000,0.206068,0.600000,0.580000,0.311127,0.110000,1.859950,1
170,260000000,1.403931,0.040489,-0.676168,0.212619,0.333965,0.231900,0.600000,0.229687,0.600000,0.229687,0.600000,0.087109,0.193955,0.073333,0.220000,0.066000,0.220000,0.066000,0.220000,0,17.531708,0.080667,0.066000,0.220000,0.212667,0.600000,0.580000,0.311127,0.110000,1.866941,1
170,300000000,1.411428,0.044890,-0.662936,0.217562,0.332752,0.229687,0.600000,0.227688,0.600000,0.227688,0.600000,0.078656,0.202846,0.066000,0.220000,0.058667,0.220000,0.058667,0.220000,0,17.353367,0.073333,0.058667,0.220000,0.212667,0.600000,0.580000,0.311127,0.110000,1.853710,1
170,320000000,1.415058,0.047213,-0.656274,0.215509,0.333128,0.227688,0.600000,0.225910,0.600000,0.225910,0.600000,0.072323,0.203012,0.058667,0.220000,0.051333,0.220000,0.051333,0.220000,0,17.264585,0.066000,0.051333,0.220000,0.212667,0.600000,0.580000,0.311127,0.110000,1.847048,1
170,340000000,1.418680,0.049564,-0.649563,0.215928,0.335546,0.225910,0.600000,0.224357,0.600000,0.224357,0.600000,0.072498,0.203394,0.051333,0.220000,0.044000,0.220000,0.044000,0.220000,0,17.171583,0.058667,0.044000,0.220000,0.212667,0.600000,0.580000,0.311127,0.110000,1.852407,1
170,380000000,1.425455,0.054682,-0.636037,0.212001,0.336089,0.224357,0.600000,0.223035,0.600000,0.223035,0.600000,0.058608,0.203739,0.044000,0.220000,0.036667,0.220000,0.036667,0.220000,0,17.004144,0.051333,0.036667,0.220000,0.212667,0.600000,0.580000,0.311127,0.110000,1.838881,1
170,400000000,1.428712,0.057355,-0.629295,0.210684,0.337099,0.223035,0.600000,0.221947,0.600000,0.221947,0.600000,0.052387,0.204067,0.036667,0.220000,0.029333,0.220000,0.029333,0.220000,0,16.925164,0.044000,0.029333,0.220000,0.212667,0.600000,0.580000,0.311127,0.110000,1.832139,1
170,440000000,1.434995,0.062916,-0.615740,0.208871,0.338881,0.221947,0.600000,0.221097,0.600000,0.221097,0.600000,0.041294,0.204749,0.029333,0.220000,0.022000,0.220000,0.022000,0.220000,0,16.774446,0.036667,0.022000,0.220000,0.212667,0.600000,0.580000,0.311127,0.110000,1.828996,1
170,460000000,1.437966,0.065831,-0.608981,0.208099,0.337921,0.221097,0.600000,0.220488,0.600000,0.220488,0.600000,0.037883,0.204622,0.022000,0.220000,0.014667,0.220000,0.014667,0.220000,0,16.708598,0.029333,0.014667,0.220000,0.212667,0.600000,0.580000,0.311127,0.110000,1.822237,1
170,500000000,1.443707,0.071840,-0.595390,0.207542,0.339915,0.220488,0.600000,0.220122,0.600000,0.220122,0.600000,0.031151,0.205191,0.014667,0.220000,0.007333,0.220000,0.007333,0.220000,0,16.587375,0.022000,0.007333,0.220000,0.212667,0.600000,0.580000,0.311127,0.110000,1.818199,1
170,520000000,1.446458,0.074946,-0.588607,0.207485,0.339189,0.220122,0.600000,0.220000,0.600000,0.220000,0.600000,0.027581,0.205644,0.007333,0.220000,0.000000,0.220000,0.000000,0.220000,0,16.533463,0.014667,0.000000,0.220000,0.212667,0.600000,0.580000,0.311127,0.110000,1.811416,1
170,560000000,1.451532,0.081452,-0.575055,0.206440,0.339802,0.220000,0.600000,0.220122,0.600000,0.220122,0.600000,0.015993,0.205819,0.000000,0.220000,-0.007333,0.220000,-0.007333,0.220000,0,16.457680,0.007333,-0.007333,0.220000,0.212667,0.600000,0.580000,0.311127,0.110000,1.806646,1
170,580000000,1.453934,0.084805,-0.568273,0.206226,0.339073,0.220122,0.600000,0.220488,0.600000,0.220488,0.600000,0.010409,0.205964,-0.007333,0.220000,-0.014667,0.220000,-0.014667,0.220000,0,16.428500,0.000000,-0.014667,0.220000,0.212667,0.600000,0.580000,0.311127,0.110000,1.799865,1
170,620000000,1.458515,0.091686,-0.554646,0.206767,0.339559,0.220488,0.600000,0.221097,0.600000,0.221097,0.600000,0.000000,0.206767,-0.014667,0.220000,-0.022000,0.220000,-0.022000,0.220000,0,16.389327,-0.007333,-0.022000,0.220000,0.212667,0.600000,0.580000,0.311127,0.110000,1.786237,1
170,660000000,1.462664,0.098845,-0.541076,0.207114,0.339980,0.221097,0.600000,0.221947,0.600000,0.221947,0.600000,-0.005911,0.207030,-0.022000,0.220000,-0.029333,0.220000,-0.029333,0.220000,0,16.381217,-0.014667,-0.029333,0.220000,0.212667,0.600000,0.580000,0.311127,0.110000,1.780757,1
170,680000000,1.464611,0.102509,-0.534288,0.207455,0.339404,0.221947,0.600000,0.223035,0.600000,0.223035,0.600000,-0.010111,0.207208,-0.029333,0.220000,-0.036667,0.220000,-0.036667,0.220000,0,16.387828,-0.022000,-0.036667,0.220000,0.212667,0.600000,0.580000,0.311127,0.110000,1.773969,1
170,720000000,1.468288,0.109981,-0.520662,0.208482,0.340106,0.223035,0.600000,0.224357,0.600000,0.224357,0.600000,-0.016911,0.207795,-0.036667,0.220000,-0.044000,0.220000,-0.044000,0.220000,0,16.416183,-0.029333,-0.044000,0.220000,0.212667,0.600000,0.580000,0.311127,0.110000,1.767809,1
170,740000000,1.470053,0.113770,-0.513805,0.208953,0.342838,0.224357,0.600000,0.225910,0.600000,0.225910,0.600000,-0.016910,0.208267,-0.044000,0.220000,-0.051333,0.220000,-0.051333,0.220000,0,16.436464,-0.036667,-0.051333,0.220000,0.212667,0.600000,0.580000,0.311127,0.110000,1.760953,1
170,780000000,1.473061,0.121634,-0.500303,0.210748,0.338384,0.225910,0.600000,0.227688,0.600000,0.227688,0.600000,-0.030676,0.208504,-0.051333,0.220000,-0.058667,0.220000,-0.058667,0.220000,0,16.514065,-0.044000,-0.058667,0.220000,0.212667,0.600000,0.580000,0.311127,0.110000,1.754353,1
170,800000000,1.474413,0.125649,-0.493558,0.211832,0.337243,0.227688,0.600000,0.229687,0.600000,0.229687,0.600000,-0.036214,0.208713,-0.058667,0.220000,-0.066000,0.220000,-0.066000,0.220000,0,16.563589,-0.051333,-0.066000,0.220000,0.212667,0.600000,0.580000,0.311127,0.110000,1.747608,1
170,840000000,1.476913,0.133797,-0.480061,0.213721,0.336019,0.229687,0.600000,0.231900,0.600000,0.231900,0.600000,-0.042281,0.209497,-0.066000,0.220000,-0.073333,0.220000,-0.073333,0.220000,0,16.673662,-0.058667,-0.073333,0.220000,0.212667,0.600000,0.580000,0.311127,0.110000,1.740503,1
170,860000000,1.477921,0.137990,-0.473386,0.215618,0.333756,0.231900,0.600000,0.234323,0.600000,0.234323,0.600000,-0.051373,0.209408,-0.073333,0.220000,-0.080667,0.220000,-0.080667,0.220000,0,16.743955,-0.066000,-0.080667,0.220000,0.212667,0.600000,0.580000,0.311127,0.110000,1.733828,1
170,900000000,1.479737,0.146480,-0.459962,0.218039,0.334255,0.234323,0.600000,0.236947,0.600000,0.236947,0.600000,-0.058253,0.210114,-0.080667,0.220000,-0.088000,0.220000,-0.088000,0.220000,0,16.891732,-0.073333,-0.088000,0.220000,0.212667,0.600000,0.580000,0.311127,0.110000,1.726335,1
170,920000000,1.480545,0.150775,-0.453212,0.218554,0.337510,0.236947,0.600000,0.239767,0.600000,0.239767,0.600000,-0.058396,0.210608,-0.088000,0.220000,-0.095333,0.220000,-0.095333,0.220000,0,16.969208,-0.080667,-0.095333,0.220000,0.212667,0.600000,0.580000,0.311127,0.110000,1.719585,1
170,960000000,1.481622,0.159608,-0.440008,0.223021,0.331902,0.239767,0.600000,0.242777,0.600000,0.242777,0.600000,-0.072059,0.211059,-0.095333,0.220000,-0.102667,0.220000,-0.102667,0.220000,0,17.146229,-0.088000,-0.102667,0.220000,0.212667,0.600000,0.580000,0.311127,0.110000,1.711892,1
171,0,1.482328,0.168605,-0.426753,0.226104,0.332430,0.242777,0.600000,0.239767,0.600000,0.239767,0.600000,-0.079151,0.211797,-0.102667,0.220000,-0.095333,0.220000,-0.095333,0.220000,0,17.328898,-0.095333,-0.110000,0.220000,0.212667,0.600000,0.580000,0.311127,0.110000,1.703768,1
171,20000000,1.482627,0.173129,-0.420036,0.226668,0.335827,0.239767,0.600000,0.237449,0.600000,0.237449,0.600000,-0.079197,0.212382,-0.095333,0.220000,-0.089341,0.220000,-0.089341,0.220000,0,17.416079,-0.088000,-0.102667,0.220000,0.212667,0.600000,0.580000,0.311127,0.110000,1.697051,1
171,60000000,1.483135,0.182213,-0.406406,0.227719,0.342373,0.237449,0.600000,0.234788,0.600000,0.234788,0.600000,-0.079618,0.213347,-0.089341,0.220000,-0.082008,0.220000,-0.082008,0.220000,0,17.580726,-0.082008,-0.096675,0.220000,0.212667,0.600000,0.580000,0.311127,0.110000,1.688205,1
171,80000000,1.483435,0.186738,-0.399334,0.226725,0.353636,0.234788,0.600000,0.232328,0.600000,0.232328,0.600000,-0.074782,0.214037,-0.082008,0.220000,-0.074675,0.220000,-0.074675,0.220000,0,17.654204,-0.074675,-0.089341,0.220000,0.212667,0.600000,0.580000,0.311127,0.110000,1.681132,1
171,120000000,1.484036,0.195787,-0.384570,0.226450,0.384295,0.232328,0.600000,0.230076,0.600000,0.230076,0.600000,-0.070529,0.215187,-0.074675,0.220000,-0.067341,0.220000,-0.067341,0.220000,0,17.788480,-0.067341,-0.082008,0.220000,0.212667,0.600000,0.580000,0.311127,0.110000,1.670836,1
171,160000000,1.484915,0.204726,-0.369416,0.224639,0.382344,0.230076,0.600000,0.228037,0.600000,0.228037,0.600000,-0.061523,0.216049,-0.067341,0.220000,-0.060008,0.220000,-0.060008,0.220000,0,17.895019,-0.060008,-0.074675,0.220000,0.212667,0.600000,0.580000,0.311127,0.110000,1.659861,1
171,180000000,1.485392,0.209182,-0.361535,0.224078,0.394047,0.228037,0.600000,0.226218,0.600000,0.226218,0.600000,-0.057237,0.216644,-0.060008,0.220000,-0.052675,0.220000,-0.052675,0.220000,0,17.941332,-0.052675,-0.067341,0.220000,0.212667,0.600000,0.580000,0.311127,0.110000,1.651980,1
171,220000000,1.486382,0.218066,-0.344590,0.223214,0.453362,0.226218,0.600000,0.224624,0.600000,0.224624,0.600000,-0.051842,0.217111,-0.052675,0.220000,-0.045341,0.220000,-0.045341,0.220000,0,18.023607,-0.045341,-0.060008,0.220000,0.212667,0.600000,0.580000,0.311127,0.110000,1.638948,1
171,240000000,1.486932,0.222443,-0.335954,0.220613,0.431766,0.224624,0.600000,0.223259,0.600000,0.223259,0.600000,-0.047033,0.215541,-0.045341,0.220000,-0.038008,0.220000,-0.038008,0.220000,0,18.057001,-0.038008,-0.052675,0.220000,0.212667,0.600000,0.580000,0.311127,0.110000,1.630312,1
171,260000000,1.487544,0.226787,-0.327005,0.219300,0.447448,0.223259,0.600000,0.222304,0.600000,0.222304,0.600000,-0.041622,0.215314,-0.038008,0.220000,-0.031924,0.220000,-0.031924,0.220000,0,18.085854,-0.030675,-0.045341,0.220000,0.212667,0.600000,0.580000,0.311127,0.110000,1.621364,1
171,300000000,1.488913,0.235480,-0.309118,0.220554,0.468305,0.222304,0.600000,0.221370,0.600000,0.221370,0.600000,-0.032919,0.218083,-0.031924,0.220000,-0.024590,0.220000,-0.024590,0.220000,0,18.130242,-0.024590,-0.039257,0.220000,0.212667,0.600000,0.580000,0.311127,0.110000,1.607256,1
171,340000000,1.490481,0.244073,-0.291046,0.218739,0.451079,0.221370,0.600000,0.220676,0.600000,0.220676,0.600000,-0.023992,0.217419,-0.024590,0.220000,-0.017257,0.220000,-0.017257,0.220000,0,18.159226,-0.017257,-0.031924,0.220000,0.212667,0.600000,0.580000,0.311127,0.110000,1.592958,1
171,360000000,1.491338,0.248349,-0.282104,0.218067,0.447110,0.220676,0.600000,0.220318,0.600000,0.220318,0.600000,-0.019243,0.217216,-0.017257,0.220000,-0.011826,0.220000,-0.011826,0.220000,0,18.168679,-0.009924,-0.024590,0.220000,0.212667,0.600000,0.580000,0.311127,0.110000,1.584016,1
171,400000000,1.493123,0.256927,-0.263578,0.218740,0.484562,0.220318,0.600000,0.220046,0.600000,0.220046,0.600000,-0.012270,0.218395,-0.011826,0.220000,-0.004493,0.220000,-0.004493,0.220000,0,18.179953,-0.004493,-0.019159,0.220000,0.212667,0.600000,0.580000,0.311127,0.110000,1.568950,1
171,420000000,1.494090,0.261172,-0.254415,0.217726,0.458152,0.220046,0.600000,0.220003,0.600000,0.220003,0.600000,-0.007509,0.217597,-0.004493,0.220000,-0.001076,0.220000,-0.001076,0.220000,0,18.181709,0.002841,-0.011826,0.220000,0.212667,0.600000,0.580000,0.311127,0.110000,1.559787,1
171,460000000,1.496173,0.269664,-0.235875,0.218848,0.454311,0.220003,0.600000,0.220065,0.600000,0.220065,0.600000,0.000000,0.218848,-0.001076,0.220000,0.005328,0.220000,0.005328,0.220000,0,18.179152,0.006257,-0.008409,0.220000,0.212667,0.600000,0.580000,0.311127,0.110000,1.544297,1
171,480000000,1.497221,0.273916,-0.226738,0.218973,0.456810,0.220065,0.600000,0.220162,0.600000,0.220162,0.600000,0.002340,0.218961,0.005328,0.220000,0.008446,0.220000,0.008446,0.220000,0,18.175118,0.012661,-0.002005,0.220000,0.212667,0.600000,0.580000,0.311127,0.110000,1.535161,1
171,520000000,1.499274,0.282436,-0.208344,0.219170,0.463461,0.220162,0.600000,0.220499,0.600000,0.220499,0.600000,0.004637,0.219121,0.008446,0.220000,0.014824,0.220000,0.014824,0.220000,0,18.161168,0.015779,0.001113,0.220000,0.212667,0.600000,0.580000,0.311127,0.110000,1.519640,1
171,540000000,1.500392,0.286681,-0.198978,0.219482,0.468303,0.220499,0.600000,0.220717,0.600000,0.220717,0.600000,0.011884,0.219160,0.014824,0.220000,0.017779,0.220000,0.017779,0.220000,0,18.152110,0.022158,0.007491,0.220000,0.212667,0.600000,0.580000,0.311127,0.110000,1.510274,1
171,580000000,1.502653,0.295175,-0.180262,0.219987,0.469764,0.220717,0.600000,0.221261,0.600000,0.221261,0.600000,0.018293,0.219226,0.017779,0.220000,0.023588,0.220000,0.023588,0.220000,0,18.129488,0.025112,0.010445,0.220000,0.212667,0.600000,0.580000,0.311127,0.110000,1.494269,1
171,600000000,1.503782,0.299427,-0.170905,0.220602,0.476949,0.221261,0.600000,0.221587,0.600000,0.221587,0.600000,0.023481,0.219349,0.023588,0.220000,0.026472,0.220000,0.026472,0.220000,0,18.115888,0.030922,0.016255,0.220000,0.212667,0.600000,0.580000,0.311127,0.110000,1.484912,1
171,640000000,1.506178,0.307926,-0.151886,0.220914,0.473981,0.221587,0.600000,0.222305,0.600000,0.222305,0.600000,0.026687,0.219296,0.026472,0.220000,0.031929,0.220000,0.031929,0.220000,0,18.085824,0.033805,0.019138,0.220000,0.212667,0.600000,0.580000,0.311127,0.110000,1.468586,1
171,680000000,1.508548,0.316448,-0.132915,0.221256,0.474582,0.222305,0.600000,0.223157,0.600000,0.223157,0.600000,0.029491,0.219282,0.031929,0.220000,0.037402,0.220000,0.037402,0.220000,0,18.049963,0.039262,0.024595,0.220000,0.212667,0.600000,0.580000,0.311127,0.110000,1.449614,1
171,700000000,1.509720,0.320721,-0.123300,0.221540,0.480742,0.223157,0.600000,0.223642,0.600000,0.223642,0.600000,0.030936,0.219369,0.037402,0.220000,0.040194,0.220000,0.040194,0.220000,0,18.029456,0.044735,0.030069,0.220000,0.212667,0.600000,0.580000,0.311127,0.110000,1.442786,1
171,740000000,1.512288,0.329261,-0.104027,0.222970,0.480851,0.223642,0.600000,0.224585,0.600000,0.224585,0.600000,0.039771,0.219395,0.040194,0.220000,0.045151,0.220000,0.045151,0.220000,0,17.989345,0.047527,0.032861,0.220000,0.212667,0.600000,0.580000,0.311127,0.110000,1.423514,1
171,760000000,1.513551,0.333544,-0.094371,0.223236,0.482830,0.224585,0.600000,0.225105,0.600000,0.225105,0.600000,0.041754,0.219296,0.045151,0.220000,0.047668,0.220000,0.047668,0.220000,0,17.967151,0.052484,0.037818,0.220000,0.212667,0.600000,0.580000,0.311127,0.110000,1.416369,1
171,800000000,1.516068,0.342133,-0.074953,0.224076,0.490091,0.225105,0.600000,0.226236,0.600000,0.226236,0.600000,0.046665,0.219163,0.047668,0.220000,0.052753,0.220000,0.052753,0.220000,0,17.918556,0.055002,0.040335,0.220000,0.212667,0.600000,0.580000,0.311127,0.110000,1.396951,1
171,820000000,1.517364,0.346442,-0.065260,0.224986,0.484637,0.226236,0.600000,0.226812,0.600000,0.226812,0.600000,0.049655,0.219438,0.052753,0.220000,0.055170,0.220000,0.055170,0.220000,0,17.893688,0.060087,0.045420,0.220000,0.212667,0.600000,0.580000,0.311127,0.110000,1.389403,1
171,860000000,1.519949,0.355086,-0.045780,0.226070,0.486755,0.226812,0.600000,0.228048,0.600000,0.228048,0.600000,0.054506,0.219400,0.055170,0.220000,0.060049,0.220000,0.060049,0.220000,0,17.839955,0.062503,0.047836,0.220000,0.212667,0.600000,0.580000,0.311127,0.110000,1.371956,1
171,880000000,1.521240,0.359426,-0.036004,0.226387,0.488773,0.228048,0.600000,0.228702,0.600000,0.228702,0.600000,0.055703,0.219427,0.060049,0.220000,0.062486,0.220000,0.062486,0.220000,0,17.811353,0.067383,0.052716,0.220000,0.212667,0.600000,0.580000,0.311127,0.110000,1.362180,1
171,920000000,1.523930,0.368136,-0.016419,0.227968,0.488608,0.228702,0.600000,0.230000,0.600000,0.230000,0.600000,0.061821,0.219426,0.062486,0.220000,0.067084,0.220000,0.067084,0.220000,0,17.754155,0.069820,0.055153,0.220000,0.212667,0.600000,0.580000,0.311127,0.110000,1.344754,1
171,940000000,1.525258,0.372510,-0.006641,0.228561,0.488918,0.230000,0.600000,0.230689,0.600000,0.230689,0.600000,0.063999,0.219418,0.067084,0.220000,0.069406,0.220000,0.069406,0.220000,0,17.723640,0.074417,0.059750,0.220000,0.212667,0.600000,0.580000,0.311127,0.110000,1.334976,1
171,980000000,1.527883,0.381296,0.012913,0.229876,0.490862,0.230689,0.600000,0.232156,0.600000,0.232156,0.600000,0.068596,0.219402,0.069406,0.220000,0.074137,0.220000,0.074137,0.220000,0,17.658090,0.076739,0.062073,0.220000,0.212667,0.600000,0.580000,0.311127,0.110000,1.317615,1
172,0,1.529220,0.385711,0.022703,0.230634,0.489525,0.232156,0.600000,0.232897,0.600000,0.232897,0.600000,0.070876,0.219474,0.074137,0.220000,0.076425,0.220000,0.076425,0.220000,0,17.624751,0.081471,0.066804,0.220000,0.212667,0.600000,0.580000,0.311127,0.110000,1.307824,1
172,40000000,1.531883,0.394580,0.042313,0.232109,0.490212,0.232897,0.600000,0.234451,0.600000,0.234451,0.600000,0.075516,0.219481,0.076425,0.220000,0.081038,0.220000,0.081038,0.220000,0,17.554232,0.083758,0.069092,0.220000,0.212667,0.600000,0.580000,0.311127,0.110000,1.290070,1
172,80000000,1.534597,0.403514,0.061978,0.234425,0.492674,0.234451,0.600000,0.236036,0.600000,0.236036,0.600000,0.082208,0.219537,0.081038,0.220000,0.085516,0.220000,0.085516,0.220000,0,17.481545,0.088372,0.073705,0.220000,0.212667,0.600000,0.580000,0.311127,0.110000,1.270405,1
172,100000000,1.535945,0.408005,0.071795,0.234410,0.490819,0.236036,0.600000,0.236861,0.600000,0.236861,0.600000,0.082348,0.219469,0.085516,0.220000,0.087767,0.220000,0.087767,0.220000,0,17.443402,0.092849,0.078182,0.220000,0.212667,0.600000,0.580000,0.311127,0.110000,1.262213,1
172,140000000,1.538661,0.417034,0.091494,0.235997,0.491044,0.236861,0.600000,0.238554,0.600000,0.238554,0.600000,0.086833,0.219442,0.087767,0.220000,0.092240,0.220000,0.092240,0.220000,0,17.364405,0.095100,0.080433,0.220000,0.212667,0.600000,0.580000,0.311127,0.110000,1.242514,1
172,160000000,1.540049,0.421579,0.101387,0.237652,0.494663,0.238554,0.600000,0.239398,0.600000,0.239398,0.600000,0.091101,0.219498,0.092240,0.220000,0.094401,0.220000,0.094401,0.220000,0,17.324695,0.099573,0.084906,0.220000,0.212667,0.600000,0.580000,0.311127,0.110000,1.234324,1
172,200000000,1.542794,0.430719,0.121101,0.238618,0.492733,0.239398,0.600000,0.241165,0.600000,0.241165,0.600000,0.093963,0.219339,0.094401,0.220000,0.098796,0.220000,0.098796,0.220000,0,17.240799,0.101734,0.087068,0.220000,0.212667,0.600000,0.580000,0.311127,0.110000,1.216429,1
172,220000000,1.544138,0.435314,0.130922,0.239360,0.491046,0.241165,0.600000,0.242094,0.600000,0.242094,0.600000,0.095668,0.219410,0.098796,0.220000,0.101042,0.220000,0.101042,0.220000,0,17.196285,0.106129,0.091463,0.220000,0.212667,0.600000,0.580000,0.311127,0.110000,1.206608,1
172,260000000,1.546768,0.444546,0.150569,0.240624,0.493085,0.242094,0.600000,0.244068,0.600000,0.244068,0.600000,0.099326,0.219168,0.101042,0.220000,0.105684,0.220000,0.105684,0.220000,0,17.100747,0.108376,0.093709,0.220000,0.212667,0.600000,0.580000,0.311127,0.110000,1.188536,1
172,280000000,1.548067,0.449190,0.160356,0.241111,0.489331,0.244068,0.600000,0.245091,0.600000,0.245091,0.600000,0.100213,0.219299,0.105684,0.220000,0.108027,0.220000,0.108027,0.220000,0,17.050678,0.113017,0.098350,0.220000,0.212667,0.600000,0.580000,0.311127,0.110000,1.178749,1
172,320000000,1.550758,0.458557,0.180057,0.244032,0.491323,0.245091,0.600000,0.247105,0.600000,0.247105,0.600000,0.106943,0.219351,0.108027,0.220000,0.112520,0.220000,0.112520,0.220000,0,16.951132,0.115360,0.100693,0.220000,0.212667,0.600000,0.580000,0.311127,0.110000,1.160350,1
172,340000000,1.552071,0.463265,0.189865,0.244404,0.490393,0.247105,0.600000,0.248168,0.600000,0.248168,0.600000,0.107912,0.219290,0.112520,0.220000,0.114835,0.220000,0.114835,0.220000,0,16.898036,0.119854,0.105187,0.220000,0.212667,0.600000,0.580000,0.311127,0.110000,1.150543,1
172,380000000,1.554654,0.472736,0.209464,0.245816,0.490379,0.248168,0.600000,0.250386,0.600000,0.250386,0.600000,0.111339,0.219155,0.114835,0.220000,0.119555,0.220000,0.119555,0.220000,0,16.785886,0.122169,0.107502,0.220000,0.212667,0.600000,0.580000,0.311127,0.110000,1.132386,1
172,400000000,1.555986,0.477517,0.219291,0.248133,0.491375,0.250386,0.600000,0.251480,0.600000,0.251480,0.600000,0.116039,0.219329,0.119555,0.220000,0.121829,0.220000,0.121829,0.220000,0,16.729948,0.126888,0.112221,0.220000,0.212667,0.600000,0.580000,0.311127,0.110000,1.122558,1
172,440000000,1.558591,0.487129,0.238949,0.249805,0.493362,0.251480,0.600000,0.253776,0.600000,0.253776,0.600000,0.119982,0.219104,0.121829,0.220000,0.126501,0.220000,0.126501,0.220000,0,16.611107,0.129162,0.114496,0.220000,0.212667,0.600000,0.580000,0.311127,0.110000,1.104407,1
172,480000000,1.561214,0.496844,0.258612,0.252836,0.493621,0.253776,0.600000,0.256116,0.600000,0.256116,0.600000,0.125995,0.219206,0.126501,0.220000,0.131131,0.220000,0.131131,0.220000,0,16.488044,0.133834,0.119168,0.220000,0.212667,0.600000,0.580000,0.311127,0.110000,1.085980,1
172,500000000,1.562536,0.501744,0.268436,0.253742,0.491204,0.256116,0.600000,0.257295,0.600000,0.257295,0.600000,0.127736,0.219245,0.131131,0.220000,0.133419,0.220000,0.133419,0.220000,0,16.425236,0.138464,0.123797,0.220000,0.212667,0.600000,0.580000,0.311127,0.110000,1.076156,1
172,540000000,1.565154,0.511612,0.288107,0.256079,0.490930,0.257295,0.600000,0.259730,0.600000,0.259730,0.600000,0.132363,0.219217,0.133419,0.220000,0.138057,0.220000,0.138057,0.220000,0,16.293821,0.140752,0.126085,0.220000,0.212667,0.600000,0.580000,0.311127,0.110000,1.057535,1
172,560000000,1.566456,0.516583,0.297950,0.256934,0.492122,0.259730,0.600000,0.260982,0.600000,0.260982,0.600000,0.134222,0.219088,0.138057,0.220000,0.140398,0.220000,0.140398,0.220000,0,16.225340,0.145390,0.130723,0.220000,0.212667,0.600000,0.580000,0.311127,0.110000,1.047692,1
172,600000000,1.569102,0.526628,0.317604,0.259689,0.490347,0.260982,0.600000,0.263471,0.600000,0.263471,0.600000,0.139326,0.219150,0.140398,0.220000,0.144972,0.220000,0.144972,0.220000,0,16.087395,0.147732,0.133065,0.220000,0.212667,0.600000,0.580000,0.311127,0.110000,1.029333,1
172,620000000,1.570392,0.531680,0.327421,0.260699,0.490826,0.263471,0.600000,0.264775,0.600000,0.264775,0.600000,0.141334,0.219063,0.144972,0.220000,0.147329,0.220000,0.147329,0.220000,0,16.014100,0.152306,0.137639,0.220000,0.212667,0.600000,0.580000,0.311127,0.110000,1.020756,1
172,660000000,1.572902,0.541846,0.346990,0.262647,0.490210,0.264775,0.600000,0.267499,0.600000,0.267499,0.600000,0.145034,0.218972,0.147329,0.220000,0.152171,0.220000,0.152171,0.220000,0,15.858733,0.154663,0.139996,0.220000,0.212667,0.600000,0.580000,0.311127,0.110000,1.001186,1
172,700000000,1.575417,0.552135,0.366566,0.264847,0.489084,0.267499,0.600000,0.270275,0.600000,0.270275,0.600000,0.149055,0.218921,0.152171,0.220000,0.156999,0.220000,0.156999,0.220000,0,15.697174,0.159504,0.144837,0.220000,0.212667,0.600000,0.580000,0.311127,0.110000,0.982500,1
172,720000000,1.576684,0.557330,0.376364,0.267392,0.489884,0.270275,0.600000,0.271675,0.600000,0.271675,0.600000,0.153422,0.218998,0.156999,0.220000,0.159397,0.220000,0.159397,0.220000,0,15.614445,0.164333,0.149666,0.220000,0.212667,0.600000,0.580000,0.311127,0.110000,0.973685,1
172,760000000,1.579195,0.567808,0.395978,0.271309,0.493166,0.271675,0.600000,0.274548,0.600000,0.274548,0.600000,0.160178,0.218979,0.159397,0.220000,0.164245,0.220000,0.164245,0.220000,0,15.441904,0.166730,0.152063,0.220000,0.212667,0.600000,0.580000,0.311127,0.110000,0.955137,1
172,780000000,1.580443,0.573095,0.405755,0.271623,0.488844,0.274548,0.600000,0.276004,0.600000,0.276004,0.600000,0.160743,0.218953,0.164245,0.220000,0.166668,0.220000,0.166668,0.220000,0,15.352976,0.171578,0.156912,0.220000,0.212667,0.600000,0.580000,0.311127,0.110000,0.945360,1
172,820000000,1.582911,0.583750,0.425454,0.274212,0.490580,0.276004,0.600000,0.279016,0.600000,0.279016,0.600000,0.165351,0.218749,0.166668,0.220000,0.171610,0.220000,0.171610,0.220000,0,15.165915,0.174001,0.159335,0.220000,0.212667,0.600000,0.580000,0.311127,0.110000,0.926534,1
172,840000000,1.584146,0.589132,0.435326,0.276113,0.493578,0.279016,0.600000,0.280542,0.600000,0.280542,0.600000,0.168513,0.218728,0.171610,0.220000,0.174080,0.220000,0.174080,0.220000,0,15.069460,0.178943,0.164277,0.220000,0.212667,0.600000,0.580000,0.311127,0.110000,0.916663,1
172,880000000,1.586609,0.600006,0.454968,0.278975,0.488700,0.280542,0.600000,0.283625,0.600000,0.283625,0.600000,0.173072,0.218799,0.174080,0.220000,0.179005,0.220000,0.179005,0.220000,0,14.871109,0.181414,0.166747,0.220000,0.212667,0.600000,0.580000,0.311127,0.110000,0.897762,1
172,900000000,1.587799,0.605474,0.464815,0.279807,0.492388,0.283625,0.600000,0.285240,0.600000,0.285240,0.600000,0.174793,0.218494,0.179005,0.220000,0.181555,0.220000,0.181555,0.220000,0,14.765181,0.186339,0.171672,0.220000,0.212667,0.600000,0.580000,0.311127,0.110000,0.888824,1
172,940000000,1.590160,0.616522,0.484409,0.284431,0.494203,0.285240,0.600000,0.288513,0.600000,0.288513,0.600000,0.181998,0.218581,0.181555,0.220000,0.186654,0.220000,0.186654,0.220000,0,14.546445,0.188888,0.174221,0.220000,0.212667,0.600000,0.580000,0.311127,0.110000,0.869230,1
172,960000000,1.591333,0.622104,0.494144,0.285170,0.486701,0.288513,0.600000,0.290162,0.600000,0.290162,0.600000,0.183010,0.218699,0.186654,0.220000,0.189194,0.220000,0.189194,0.220000,0,14.433947,0.193987,0.179320,0.220000,0.212667,0.600000,0.580000,0.311127,0.110000,0.860315,1
173,0,1.593647,0.633369,0.513683,0.288438,0.486232,0.290162,0.600000,0.293541,0.600000,0.293541,0.600000,0.188113,0.218655,0.189194,0.220000,0.194335,0.220000,0.194335,0.220000,0,14.198740,0.196527,0.181860,0.220000,0.212667,0.600000,0.580000,0.311127,0.110000,0.841354,1
173,40000000,1.595857,0.644739,0.533099,0.290064,0.484178,0.293541,0.600000,0.297066,0.600000,0.297066,0.600000,0.190821,0.218460,0.194335,0.220000,0.199620,0.220000,0.199620,0.220000,0,13.946130,0.201669,0.187002,0.220000,0.212667,0.600000,0.580000,0.311127,0.110000,0.822680,1
173,60000000,1.596896,0.650445,0.542746,0.290040,0.482341,0.297066,0.600000,0.298910,0.600000,0.298910,0.600000,0.190919,0.218342,0.199620,0.220000,0.202355,0.220000,0.202355,0.220000,0,13.810878,0.206953,0.192287,0.220000,0.212667,0.600000,0.580000,0.311127,0.110000,0.813033,1
173,100000000,1.599081,0.662055,0.562454,0.296445,0.489543,0.298910,0.600000,0.302550,0.600000,0.302550,0.600000,0.200611,0.218255,0.202355,0.220000,0.207694,0.220000,0.207694,0.220000,0,13.537492,0.209688,0.195021,0.220000,0.212667,0.600000,0.580000,0.311127,0.110000,0.794041,1
173,120000000,1.600144,0.667911,0.572247,0.297587,0.489652,0.302550,0.600000,0.304406,0.600000,0.304406,0.600000,0.202282,0.218266,0.207694,0.220000,0.210387,0.220000,0.210387,0.220000,0,13.394712,0.215027,0.200361,0.220000,0.212667,0.600000,0.580000,0.311127,0.110000,0.784248,1
173,160000000,1.602184,0.679709,0.591662,0.299845,0.487266,0.304406,0.600000,0.308204,0.600000,0.308204,0.600000,0.205651,0.218208,0.210387,0.220000,0.215846,0.220000,0.215846,0.220000,0,13.094721,0.217720,0.203054,0.220000,0.212667,0.600000,0.580000,0.311127,0.110000,0.765323,1
173,180000000,1.603217,0.685682,0.601537,0.303117,0.493714,0.308204,0.600000,0.310115,0.600000,0.310115,0.600000,0.210656,0.217955,0.215846,0.220000,0.218567,0.220000,0.218567,0.220000,0,12.939685,0.220000,0.208513,0.220000,0.212667,0.600000,0.580000,0.311127,0.110000,0.756024,1
173,220000000,1.605253,0.697773,0.621094,0.307804,0.486545,0.310115,0.600000,0.308276,0.600000,0.308276,0.600000,0.217085,0.218215,0.218567,0.220000,0.220000,0.215949,0.220000,0.215949,0,12.619748,0.220000,0.211234,0.220000,0.212667,0.600000,0.580000,0.311127,0.110000,0.737051,1
173,240000000,1.606224,0.703858,0.630796,0.308083,0.485119,0.308276,0.600000,0.306267,0.600000,0.306267,0.600000,0.217667,0.218028,0.220000,0.215949,0.220000,0.213072,0.220000,0.213072,0,12.451607,0.220000,0.212667,0.220000,0.208616,0.600000,0.580000,0.311127,0.110000,0.727348,1
173,280000000,1.608187,0.716019,0.650276,0.308178,0.483699,0.306267,0.600000,0.302250,0.600000,0.302250,0.600000,0.221548,0.214219,0.220000,0.213072,0.220000,0.207256,0.220000,0.207256,0,12.111726,0.220000,0.212667,0.220000,0.205738,0.600000,0.580000,0.311127,0.110000,0.708291,1
173,300000000,1.609111,0.722086,0.659947,0.306821,0.483561,0.302250,0.600000,0.300165,0.600000,0.300165,0.600000,0.221541,0.212270,0.220000,0.207256,0.220000,0.204204,0.220000,0.204204,0,11.933375,0.220000,0.212667,0.214589,0.199922,0.600000,0.580000,0.311127,0.110000,0.699057,1
173,340000000,1.610867,0.734139,0.679326,0.302898,0.487048,0.300165,0.600000,0.295868,0.600000,0.295868,0.600000,0.221453,0.206654,0.220000,0.204204,0.220000,0.197833,0.220000,0.197833,0,11.561091,0.220000,0.212667,0.211537,0.196870,0.600000,0.580000,0.311127,0.110000,0.680138,1
173,360000000,1.611735,0.740078,0.689014,0.300073,0.484413,0.295868,0.600000,0.293730,0.600000,0.293730,0.600000,0.221417,0.202530,0.220000,0.197833,0.220000,0.194622,0.220000,0.194622,0,11.373414,0.220000,0.212667,0.205167,0.190500,0.600000,0.580000,0.311127,0.110000,0.670449,1
173,400000000,1.613393,0.751869,0.708439,0.295830,0.485554,0.293730,0.600000,0.289356,0.600000,0.289356,0.600000,0.221364,0.196249,0.220000,0.194622,0.220000,0.187955,0.220000,0.187955,0,10.983822,0.220000,0.212667,0.201955,0.187288,0.600000,0.580000,0.311127,0.110000,0.651366,1
173,440000000,1.615015,0.763445,0.728001,0.289211,0.493005,0.289356,0.600000,0.284981,0.600000,0.284981,0.600000,0.220681,0.186930,0.220000,0.187955,0.220000,0.181146,0.220000,0.181146,0,10.585942,0.220000,0.212667,0.195288,0.180622,0.600000,0.580000,0.311127,0.110000,0.632126,1
173,460000000,1.615807,0.769176,0.737731,0.289285,0.486529,0.284981,0.600000,0.282797,0.600000,0.282797,0.600000,0.221237,0.186387,0.220000,0.181146,0.220000,0.177691,0.220000,0.177691,0,10.384013,0.220000,0.212667,0.188480,0.173813,0.600000,0.580000,0.311127,0.110000,0.622395,1
173,500000000,1.617367,0.780497,0.757289,0.284919,0.487531,0.282797,0.600000,0.278446,0.600000,0.278446,0.600000,0.221132,0.179664,0.220000,0.177691,0.220000,0.170681,0.220000,0.170681,0,9.974345,0.220000,0.212667,0.185024,0.170358,0.600000,0.580000,0.311127,0.110000,0.603178,1
173,520000000,1.618118,0.786109,0.767110,0.283057,0.491037,0.278446,0.600000,0.276250,0.600000,0.276250,0.600000,0.220956,0.176918,0.220000,0.170681,0.220000,0.167075,0.220000,0.167075,0,9.763647,0.220000,0.212667,0.178014,0.163348,0.600000,0.580000,0.311127,0.110000,0.593611,1
173,560000000,1.619659,0.797134,0.786746,0.278398,0.489216,0.276250,0.600000,0.272012,0.600000,0.272012,0.600000,0.220987,0.169323,0.220000,0.167075,0.220000,0.159970,0.220000,0.159970,0,9.348405,0.220000,0.212667,0.174409,0.159742,0.600000,0.580000,0.311127,0.110000,0.574193,1
173,580000000,1.620397,0.802614,0.796549,0.276489,0.490113,0.272012,0.600000,0.269880,0.600000,0.269880,0.600000,0.220969,0.166189,0.220000,0.159970,0.220000,0.156318,0.220000,0.156318,0,9.134999,0.220000,0.212667,0.167303,0.152636,0.600000,0.580000,0.311127,0.110000,0.564390,1
173,620000000,1.621843,0.813465,0.816178,0.271167,0.493560,0.269880,0.600000,0.265700,0.600000,0.265700,0.600000,0.220715,0.157532,0.220000,0.156318,0.220000,0.148985,0.220000,0.148985,0,8.701953,0.220000,0.212667,0.163651,0.148985,0.600000,0.580000,0.311127,0.110000,0.544988,1
173,660000000,1.623300,0.824128,0.835878,0.268241,0.492848,0.265700,0.600000,0.261658,0.600000,0.261658,0.600000,0.220740,0.152403,0.220000,0.148985,0.220000,0.141651,0.220000,0.141651,0,8.268988,0.220000,0.212667,0.156318,0.141651,0.600000,0.580000,0.311127,0.110000,0.525451,1
173,680000000,1.624035,0.829389,0.845754,0.265638,0.493796,0.261658,0.600000,0.259594,0.600000,0.259594,0.600000,0.220614,0.147962,0.220000,0.141651,0.220000,0.137801,0.220000,0.137801,0,8.052922,0.220000,0.212667,0.148985,0.134318,0.600000,0.580000,0.311127,0.110000,0.515575,1
173,720000000,1.625551,0.839742,0.865648,0.259330,0.499690,0.259594,0.600000,0.255796,0.600000,0.255796,0.600000,0.220064,0.137200,0.220000,0.137801,0.220000,0.130506,0.220000,0.130506,0,7.626570,0.220000,0.212667,0.145135,0.130468,0.600000,0.580000,0.311127,0.110000,0.495804,1
173,740000000,1.626286,0.844870,0.875644,0.258985,0.499811,0.255796,0.600000,0.253914,0.600000,0.253914,0.600000,0.219782,0.137001,0.220000,0.130506,0.220000,0.126777,0.220000,0.126777,0,7.408655,0.220000,0.212667,0.137839,0.123172,0.600000,0.580000,0.311127,0.110000,0.485808,1
173,780000000,1.627814,0.854981,0.895645,0.255344,0.500000,0.253914,0.600000,0.250353,0.600000,0.250353,0.600000,0.219862,0.129850,0.220000,0.126777,0.220000,0.119485,0.220000,0.119485,0,6.982535,0.220000,0.212667,0.134110,0.119443,0.600000,0.580000,0.311127,0.110000,0.465923,1
173,800000000,1.628535,0.860018,0.905661,0.254390,0.500787,0.250353,0.600000,0.248570,0.600000,0.248570,0.600000,0.219805,0.128063,0.220000,0.119485,0.220000,0.115703,0.220000,0.115703,0,6.761545,0.220000,0.212667,0.126818,0.112152,0.600000,0.580000,0.311127,0.110000,0.455908,1
173,840000000,1.629903,0.870044,0.925670,0.252684,0.500478,0.248570,0.600000,0.245243,0.600000,0.245243,0.600000,0.219629,0.124949,0.220000,0.115703,0.220000,0.108370,0.220000,0.108370,0,6.307017,0.220000,0.212667,0.123037,0.108370,0.600000,0.580000,0.311127,0.110000,0.435966,1
173,860000000,1.630682,0.874953,0.935680,0.248547,0.500463,0.245243,0.600000,0.243476,0.600000,0.243476,0.600000,0.220189,0.115292,0.220000,0.108370,0.220000,0.104310,0.220000,0.104310,0,6.095737,0.220000,0.212667,0.115703,0.101037,0.600000,0.580000,0.311127,0.110000,0.425992,1
173,900000000,1.632211,0.884706,0.955691,0.245181,0.501366,0.243476,0.600000,0.240434,0.600000,0.240434,0.600000,0.220091,0.108044,0.220000,0.104310,0.220000,0.096998,0.220000,0.096998,0,5.668430,0.220000,0.212667,0.111643,0.096977,0.600000,0.580000,0.311127,0.110000,0.405980,1
173,920000000,1.632964,0.889552,0.965680,0.245227,0.499407,0.240434,0.600000,0.238971,0.600000,0.238971,0.600000,0.220230,0.107865,0.220000,0.096998,0.220000,0.093311,0.220000,0.093311,0,5.452964,0.220000,0.212667,0.104331,0.089665,0.600000,0.580000,0.311127,0.110000,0.395998,1
173,960000000,1.634672,0.899005,0.985740,0.239833,0.500000,0.238971,0.600000,0.236410,0.600000,0.236410,0.600000,0.219678,0.096237,0.220000,0.093311,0.220000,0.086544,0.220000,0.086544,0,5.057486,0.220000,0.212667,0.100644,0.085978,0.600000,0.580000,0.311127,0.110000,0.375937,1
173,980000000,1.635496,0.903721,0.995763,0.239370,0.501133,0.236410,0.600000,0.235161,0.600000,0.235161,0.600000,0.219861,0.094653,0.220000,0.086544,0.220000,0.083071,0.220000,0.083071,0,4.854552,0.220000,0.212667,0.093877,0.079210,0.600000,0.580000,0.311127,0.110000,0.365886,1
174,20000000,1.637130,0.913101,1.015848,0.237396,0.503771,0.235161,0.600000,0.232780,0.600000,0.232780,0.600000,0.220001,0.089199,0.220000,0.083071,0.220000,0.076069,0.220000,0.076069,0,4.445378,0.220000,0.212667,0.090404,0.075738,0.600000,0.580000,0.311127,0.110000,0.345751,1
174,40000000,1.638006,0.917722,1.025979,0.235140,0.506544,0.232780,0.600000,0.231709,0.600000,0.231709,0.600000,0.219904,0.083264,0.220000,0.076069,0.220000,0.072726,0.220000,0.072726,0,4.250028,0.220000,0.212667,0.083403,0.068736,0.600000,0.580000,0.311127,0.110000,0.335620,1
174,80000000,1.639774,0.926896,1.046247,0.232751,0.507653,0.231709,0.600000,0.229714,0.600000,0.229714,0.600000,0.219854,0.076403,0.220000,0.072726,0.220000,0.066093,0.220000,0.066093,0,3.862404,0.220000,0.212667,0.080060,0.065393,0.600000,0.580000,0.311127,0.110000,0.315248,1
174,100000000,1.640634,0.931471,1.056352,0.232766,0.505246,0.229714,0.600000,0.228764,0.600000,0.228764,0.600000,0.219959,0.076144,0.220000,0.066093,0.220000,0.062713,0.220000,0.062713,0,3.664876,0.220000,0.212667,0.073427,0.058760,0.600000,0.580000,0.311127,0.110000,0.305143,1
174,140000000,1.642525,0.940467,1.076742,0.229674,0.508889,0.228764,0.600000,0.227123,0.600000,0.227123,0.600000,0.219818,0.066560,0.220000,0.062713,0.220000,0.056435,0.220000,0.056435,0,3.297963,0.220000,0.212667,0.070047,0.055380,0.600000,0.580000,0.311127,0.110000,0.284624,1
174,180000000,1.644352,0.949441,1.097041,0.228739,0.506998,0.227123,0.600000,0.225609,0.600000,0.225609,0.600000,0.219907,0.062947,0.220000,0.056435,0.220000,0.049992,0.220000,0.049992,0,2.921475,0.220000,0.212667,0.063768,0.049101,0.600000,0.580000,0.311127,0.110000,0.264326,1
174,200000000,1.645295,0.953892,1.107239,0.227483,0.509911,0.225609,0.600000,0.224933,0.600000,0.224933,0.600000,0.219873,0.058345,0.220000,0.049992,0.220000,0.046850,0.220000,0.046850,0,2.737821,0.220000,0.212667,0.057326,0.042659,0.600000,0.580000,0.311127,0.110000,0.253995,1
174,240000000,1.647318,0.962680,1.127688,0.225340,0.509186,0.224933,0.600000,0.223784,0.600000,0.223784,0.600000,0.219639,0.050370,0.220000,0.046850,0.220000,0.040977,0.220000,0.040977,0,2.394665,0.220000,0.212667,0.054183,0.039516,0.600000,0.580000,0.311127,0.110000,0.233546,1
174,260000000,1.648330,0.967048,1.137807,0.224194,0.505964,0.223784,0.600000,0.223272,0.600000,0.223272,0.600000,0.219273,0.046717,0.220000,0.040977,0.220000,0.038082,0.220000,0.038082,0,2.225449,0.220000,0.212667,0.048311,0.033644,0.600000,0.580000,0.311127,0.110000,0.223212,1
174,300000000,1.650328,0.975766,1.157968,0.223453,0.508047,0.223272,0.600000,0.222350,0.580000,0.222350,0.580000,0.219503,0.041827,0.220000,0.038082,0.220000,0.032244,0.220000,0.032244,0,1.884280,0.220000,0.212667,0.045415,0.030749,0.600000,0.580000,0.311127,0.110000,0.202817,1
174,320000000,1.651359,0.980105,1.168163,0.222994,0.509759,0.222350,0.580000,0.221954,0.560000,0.221954,0.560000,0.219635,0.038561,0.220000,0.032244,0.220000,0.029384,0.220000,0.029384,0,1.717151,0.220000,0.212667,0.039577,0.024910,0.600000,0.560000,0.311127,0.110000,0.192622,1
174,360000000,1.653417,0.988769,1.188586,0.222280,0.511675,0.221954,0.560000,0.221266,0.540000,0.221266,0.540000,0.219820,0.032979,0.220000,0.029384,0.220000,0.023638,0.220000,0.023638,0,1.381393,0.220000,0.212667,0.036717,0.022051,0.580000,0.540000,0.311127,0.110000,0.171986,1
174,400000000,1.655551,0.997373,1.209070,0.221159,0.514448,0.221266,0.540000,0.220744,0.520000,0.220744,0.520000,0.219776,0.024693,0.220000,0.023638,0.220000,0.018110,0.220000,0.018110,0,1.058326,0.220000,0.212667,0.030972,0.016305,0.560000,0.520000,0.311127,0.110000,0.151503,1
174,420000000,1.656627,1.001665,1.219308,0.221193,0.511895,0.220744,0.520000,0.220536,0.500000,0.220536,0.500000,0.219843,0.024405,0.220000,0.018110,0.220000,0.015373,0.220000,0.015373,0,0.898374,0.220000,0.212667,0.025443,0.010777,0.540000,0.500000,0.311127,0.110000,0.140936,1
174,460000000,1.658819,1.010218,1.239802,0.220672,0.511845,0.220536,0.500000,0.220228,0.480000,0.220228,0.480000,0.219860,0.018903,0.220000,0.015373,0.220000,0.010018,0.220000,0.010018,0,0.585457,0.220000,0.212667,0.022706,0.008040,0.520000,0.480000,0.311127,0.110000,0.120442,1
174,480000000,1.659953,1.014475,1.249838,0.220279,0.501817,0.220228,0.480000,0.220128,0.460000,0.220128,0.460000,0.219813,0.014324,0.220000,0.010018,0.220000,0.007520,0.220000,0.007520,0,0.439474,0.220000,0.212667,0.017352,0.002685,0.500000,0.460000,0.311127,0.110000,0.110058,1
174,520000000,1.662232,1.022980,1.269486,0.220129,0.488186,0.220128,0.460000,0.220016,0.440000,0.220016,0.440000,0.219885,0.010374,0.220000,0.007520,0.220000,0.002683,0.220000,0.002683,0,0.156784,0.220000,0.212667,0.014854,0.000187,0.480000,0.440000,0.311127,0.110000,0.090411,1
174,540000000,1.663356,1.027235,1.278919,0.220058,0.471656,0.220016,0.440000,0.220000,0.420000,0.220000,0.420000,0.219901,0.008311,0.220000,0.002683,0.220000,0.000340,0.220000,0.000340,0,0.019896,0.220000,0.212667,0.010016,-0.004650,0.460000,0.420000,0.311127,0.110000,0.080689,1
174,580000000,1.665582,1.035730,1.297252,0.219461,0.450804,0.220000,0.420000,0.220041,0.400000,0.220041,0.400000,0.219429,0.003772,0.220000,0.000340,0.220000,-0.004236,0.220000,-0.004236,0,-0.247564,0.220000,0.212667,0.007674,-0.006993,0.440000,0.400000,0.311127,0.110000,0.062356,1
174,620000000,1.667866,1.044195,1.314699,0.219609,0.431633,0.220041,0.400000,0.220159,0.380000,0.220159,0.380000,0.219603,-0.001659,0.220000,-0.004236,0.220000,-0.008364,0.220000,-0.008364,0,-0.488804,0.220000,0.212667,0.003097,-0.011570,0.420000,0.380000,0.311127,0.110000,0.044463,1
174,640000000,1.669028,1.048437,1.323215,0.219900,0.425827,0.220159,0.380000,0.220242,0.360000,0.220242,0.360000,0.219873,-0.003496,0.220000,-0.008364,0.220000,-0.010316,0.220000,-0.010316,0,-0.602833,0.220000,0.212667,-0.001031,-0.015698,0.400000,0.360000,0.311127,0.110000,0.035947,1
174,660000000,1.670179,1.052683,1.331570,0.219985,0.417730,0.220242,0.360000,0.220341,0.340000,0.220341,0.340000,0.219932,-0.004795,0.220000,-0.010316,0.220000,-0.012252,0.220000,-0.012252,0,-0.716007,0.220000,0.212667,-0.002982,-0.017649,0.380000,0.340000,0.311127,0.110000,0.027117,1
174,700000000,1.672503,1.061176,1.347485,0.220141,0.394756,0.220341,0.340000,0.220568,0.320000,0.220568,0.320000,0.219979,-0.008455,0.220000,-0.012252,0.220000,-0.015823,0.220000,-0.015823,0,-0.924700,0.220000,0.212667,-0.004919,-0.019586,0.360000,0.320000,0.311127,0.110000,0.011202,1
174,740000000,1.674836,1.069673,1.362475,0.220301,0.373783,0.220568,0.320000,0.220827,0.300000,0.220827,0.300000,0.219994,-0.011630,0.220000,-0.015823,0.220000,-0.019093,0.220000,-0.019093,0,-1.115780,0.220000,0.212667,-0.008490,-0.023157,0.340000,0.300000,0.311127,0.110000,-0.004154,1
174,760000000,1.676011,1.073923,1.369567,0.220471,0.354620,0.220827,0.300000,0.220960,0.280000,0.220960,0.280000,0.220000,-0.014401,0.220000,-0.019093,0.220000,-0.020579,0.220000,-0.020579,0,-1.202634,0.220000,0.212667,-0.011760,-0.026427,0.320000,0.280000,0.311127,0.110000,-0.011246,1
174,800000000,1.678342,1.082434,1.383309,0.220676,0.338546,0.220960,0.280000,0.221250,0.260000,0.221250,0.260000,0.220012,-0.017099,0.220000,-0.020579,0.220000,-0.023481,0.220000,-0.023481,0,-1.372198,0.220000,0.212667,-0.013246,-0.027913,0.300000,0.260000,0.311127,0.110000,-0.025549,1
174,840000000,1.680708,1.090948,1.396257,0.220928,0.322881,0.221250,0.260000,0.221537,0.240000,0.221537,0.240000,0.220017,-0.020046,0.220000,-0.023481,0.220000,-0.026047,0.220000,-0.026047,0,-1.522144,0.220000,0.212667,-0.016148,-0.030814,0.280000,0.240000,0.311127,0.110000,-0.039110,1
174,860000000,1.681908,1.095206,1.402231,0.221183,0.298741,0.221537,0.240000,0.221667,0.220000,0.221667,0.220000,0.220004,-0.022815,0.220000,-0.026047,0.220000,-0.027136,0.220000,-0.027136,0,-1.585802,0.220000,0.212667,-0.018714,-0.033380,0.260000,0.220000,0.311127,0.110000,-0.045085,1
174,900000000,1.684318,1.103706,1.413554,0.221295,0.274347,0.221667,0.220000,0.221914,0.200000,0.221914,0.200000,0.219718,-0.026370,0.220000,-0.027136,0.220000,-0.029084,0.220000,-0.029084,0,-1.699644,0.220000,0.212667,-0.019803,-0.034470,0.240000,0.200000,0.311127,0.110000,-0.056879,1
174,920000000,1.685526,1.107960,1.418933,0.221091,0.268945,0.221914,0.200000,0.222032,0.180000,0.222032,0.180000,0.219438,-0.026985,0.220000,-0.029084,0.220000,-0.029969,0.220000,-0.029969,0,-1.751342,0.220000,0.212667,-0.021751,-0.036418,0.220000,0.180000,0.311127,0.110000,-0.062258,1
174,960000000,1.687923,1.116499,1.429046,0.221882,0.246957,0.222032,0.180000,0.222260,0.160000,0.222260,0.160000,0.220034,-0.028583,0.220000,-0.029969,0.220000,-0.031613,0.220000,-0.031613,0,-1.847427,0.220000,0.212667,-0.022636,-0.037302,0.200000,0.160000,0.311127,0.110000,-0.073024,1
174,980000000,1.689119,1.120776,1.433780,0.222026,0.236664,0.222260,0.160000,0.222366,0.140000,0.222366,0.140000,0.220046,-0.029588,0.220000,-0.031613,0.220000,-0.032349,0.220000,-0.032349,0,-1.890405,0.220000,0.212667,-0.024280,-0.038946,0.180000,0.140000,0.311127,0.110000,-0.077757,1
175,20000000,1.691516,1.129336,1.442632,0.222243,0.220746,0.222366,0.140000,0.222556,0.120000,0.222556,0.120000,0.220040,-0.031214,0.220000,-0.032349,0.220000,-0.033633,0.220000,-0.033633,0,-1.965457,0.220000,0.212667,-0.025015,-0.039682,0.160000,0.120000,0.311127,0.110000,-0.087357,1
175,40000000,1.692703,1.133622,1.446539,0.222351,0.195327,0.222556,0.120000,0.222635,0.100000,0.222635,0.100000,0.220044,-0.031949,0.220000,-0.033633,0.220000,-0.034153,0.220000,-0.034153,0,-1.995879,0.220000,0.212667,-0.026300,-0.040966,0.140000,0.100000,0.311127,0.110000,-0.091263,1
175,80000000,1.695063,1.142202,1.453874,0.222595,0.172419,0.222635,0.100000,0.222782,0.080000,0.222782,0.080000,0.220042,-0.033617,0.220000,-0.034153,0.220000,-0.035100,0.220000,-0.035100,0,-2.051171,0.220000,0.212667,-0.026820,-0.041487,0.120000,0.080000,0.311127,0.110000,-0.099221,1
175,100000000,1.696241,1.146496,1.457258,0.222626,0.169195,0.222782,0.080000,0.222845,0.060000,0.222845,0.060000,0.220037,-0.033852,0.220000,-0.035100,0.220000,-0.035497,0.220000,-0.035497,0,-2.074393,0.220000,0.212667,-0.027766,-0.042433,0.100000,0.060000,0.311127,0.110000,-0.102605,1
175,140000000,1.698586,1.155092,1.463254,0.222776,0.143494,0.222845,0.060000,0.222941,0.040000,0.222941,0.040000,0.220031,-0.034867,0.220000,-0.035497,0.220000,-0.036096,0.220000,-0.036096,0,-2.109387,0.220000,0.212667,-0.028164,-0.042830,0.080000,0.040000,0.311127,0.110000,-0.109324,1
175,160000000,1.699749,1.159392,1.466051,0.222721,0.139854,0.222941,0.040000,0.222985,0.020000,0.222985,0.020000,0.219943,-0.035069,0.220000,-0.036096,0.220000,-0.036364,0.220000,-0.036364,0,-2.125058,0.220000,0.212667,-0.028762,-0.043429,0.060000,0.020000,0.311127,0.110000,-0.112121,1
175,200000000,1.702088,1.167984,1.470668,0.222617,0.115000,0.222985,0.020000,0.223019,-0.000000,0.223019,-0.000000,0.219636,-0.036307,0.220000,-0.036364,0.220000,-0.036569,0.220000,-0.036569,0,-2.137039,0.220000,0.212667,-0.029031,-0.043697,0.040000,-0.000000,0.311127,0.110000,-0.117628,1
175,220000000,1.703245,1.172290,1.472506,0.222946,0.091907,0.223019,-0.000000,0.223019,-0.020000,0.223019,-0.020000,0.219981,-0.036238,0.220000,-0.036569,0.220000,-0.036572,0.220000,-0.036572,0,-2.137241,0.220000,0.212667,-0.029236,-0.043902,0.020000,-0.020000,0.311127,0.110000,-0.119467,1
175,260000000,1.705540,1.180910,1.475720,0.223014,0.068981,0.223019,-0.020000,0.223008,-0.040000,0.223008,-0.040000,0.220014,-0.036462,0.220000,-0.036572,0.220000,-0.036505,0.220000,-0.036505,0,-2.133326,0.220000,0.212667,-0.029239,-0.043906,-0.000000,-0.040000,0.311127,0.110000,-0.123494,1
175,280000000,1.706682,1.185221,1.477043,0.223018,0.066167,0.223008,-0.040000,0.222992,-0.060000,0.222992,-0.060000,0.220010,-0.036505,0.220000,-0.036505,0.220000,-0.036406,0.220000,-0.036406,0,-2.127533,0.220000,0.212667,-0.029172,-0.043839,-0.020000,-0.060000,0.311127,0.110000,-0.124817,1
175,320000000,1.708950,1.193849,1.478922,0.223008,0.040592,0.222992,-0.060000,0.222930,-0.080000,0.222930,-0.080000,0.220004,-0.036481,0.220000,-0.036406,0.220000,-0.036028,0.220000,-0.036028,0,-2.105412,0.220000,0.212667,-0.029073,-0.043740,-0.040000,-0.080000,0.311127,0.110000,-0.127464,1
175,340000000,1.710077,1.198164,1.479529,0.223002,0.030370,0.222930,-0.080000,0.222887,-0.100000,0.222887,-0.100000,0.220002,-0.036453,0.220000,-0.036028,0.220000,-0.035755,0.220000,-0.035755,0,-2.089470,0.220000,0.212667,-0.028694,-0.043361,-0.060000,-0.100000,0.311127,0.110000,-0.128071,1
175,380000000,1.712327,1.206795,1.480136,0.222992,0.015146,0.222887,-0.100000,0.222776,-0.120000,0.222776,-0.120000,0.220000,-0.036405,0.220000,-0.035755,0.220000,-0.035057,0.220000,-0.035057,0,-2.048706,0.220000,0.212667,-0.028422,-0.043088,-0.080000,-0.120000,0.311127,0.110000,-0.129726,1
175,420000000,1.714549,1.215427,1.479736,0.222827,-0.010000,0.222776,-0.120000,0.222633,-0.140000,0.222633,-0.140000,0.219943,-0.035735,0.220000,-0.035057,0.220000,-0.034139,0.220000,-0.034139,0,-1.995022,0.220000,0.212667,-0.027724,-0.042391,-0.100000,-0.140000,0.311127,0.110000,-0.130384,1
175,440000000,1.715649,1.219742,1.479086,0.222658,-0.032500,0.222633,-0.140000,0.222548,-0.160000,0.222548,-0.160000,0.219877,-0.035080,0.220000,-0.034139,0.220000,-0.033580,0.220000,-0.033580,0,-1.962354,0.220000,0.212667,-0.026805,-0.041472,-0.120000,-0.160000,0.311127,0.110000,-0.129734,1
175,480000000,1.717838,1.228376,1.477242,0.222591,-0.056639,0.222548,-0.160000,0.222363,-0.180000,0.222363,-0.180000,0.219979,-0.033999,0.220000,-0.033580,0.220000,-0.032335,0.220000,-0.032335,0,-1.889587,0.220000,0.212667,-0.026246,-0.040913,-0.140000,-0.180000,0.311127,0.110000,-0.128757,1
175,500000000,1.718922,1.232692,1.476010,0.222546,-0.061601,0.222363,-0.180000,0.222265,-0.200000,0.222265,-0.200000,0.219982,-0.033690,0.220000,-0.032335,0.220000,-0.031649,0.220000,-0.031649,0,-1.849498,0.220000,0.212667,-0.025001,-0.039668,-0.160000,-0.200000,0.311127,0.110000,-0.127525,1
175,540000000,1.721073,1.241322,1.472854,0.222224,-0.086088,0.222265,-0.200000,0.222052,-0.220000,0.222052,-0.220000,0.219857,-0.032347,0.220000,-0.031649,0.220000,-0.030120,0.220000,-0.030120,0,-1.760173,0.220000,0.212667,-0.024315,-0.038982,-0.180000,-0.220000,0.311127,0.110000,-0.125496,1
175,560000000,1.722138,1.245634,1.470984,0.222082,-0.093460,0.222052,-0.220000,0.221943,-0.240000,0.221943,-0.240000,0.219815,-0.031651,0.220000,-0.030120,0.220000,-0.029301,0.220000,-0.029301,0,-1.712334,0.220000,0.212667,-0.022787,-0.037453,-0.200000,-0.240000,0.311127,0.110000,-0.123627,1
175,600000000,1.724225,1.254251,1.466584,0.221679,-0.110000,0.221943,-0.240000,0.221722,-0.260000,0.221722,-0.260000,0.219645,-0.029957,0.220000,-0.029301,0.220000,-0.027582,0.220000,-0.027582,0,-1.611856,0.220000,0.212667,-0.021968,-0.036635,-0.220000,-0.260000,0.311127,0.110000,-0.120511,1
175,620000000,1.725269,1.258557,1.463934,0.221571,-0.132500,0.221722,-0.260000,0.221601,-0.280000,0.221601,-0.280000,0.219636,-0.029214,0.220000,-0.027582,0.220000,-0.026589,0.220000,-0.026589,0,-1.553813,0.220000,0.212667,-0.020249,-0.034915,-0.240000,-0.280000,0.311127,0.110000,-0.117861,1
175,660000000,1.727364,1.267168,1.458273,0.221457,-0.148048,0.221601,-0.280000,0.221359,-0.300000,0.221359,-0.300000,0.219703,-0.027823,0.220000,-0.026589,0.220000,-0.024487,0.220000,-0.024487,0,-1.430975,0.220000,0.212667,-0.019255,-0.033922,-0.260000,-0.300000,0.311127,0.110000,-0.113325,1
175,680000000,1.728389,1.271471,1.455073,0.221138,-0.160000,0.221359,-0.300000,0.221240,-0.311482,0.221240,-0.311482,0.219561,-0.026364,0.220000,-0.024487,0.220000,-0.023389,0.220000,-0.023389,0,-1.366792,0.220000,0.212667,-0.017153,-0.031820,-0.280000,-0.320000,0.311127,0.110000,-0.110125,1
175,720000000,1.730423,1.280071,1.447973,0.220855,-0.185000,0.221240,-0.311482,0.221003,-0.294528,0.221003,-0.294528,0.219520,-0.024245,0.220000,-0.023389,0.220000,-0.021026,0.220000,-0.021026,0,-1.228749,0.220000,0.212667,-0.016055,-0.030722,-0.291482,-0.331482,0.311127,0.110000,-0.104132,1
175,760000000,1.732441,1.288677,1.439978,0.220991,-0.214754,0.221003,-0.294528,0.220772,-0.276103,0.220772,-0.276103,0.219957,-0.021349,0.220000,-0.021026,0.220000,-0.018451,0.220000,-0.018451,0,-1.078229,0.220000,0.212667,-0.013693,-0.028360,-0.274528,-0.314528,0.311127,0.110000,-0.097617,1
175,780000000,1.733446,1.292982,1.435703,0.220995,-0.213732,0.220772,-0.276103,0.220664,-0.264012,0.220664,-0.264012,0.219973,-0.021231,0.220000,-0.018451,0.220000,-0.017100,0.220000,-0.017100,0,-0.999279,0.220000,0.212667,-0.011117,-0.025784,-0.256103,-0.296103,0.311127,0.110000,-0.093342,1
175,820000000,1.735433,1.301587,1.426342,0.220759,-0.238919,0.220664,-0.264012,0.220459,-0.244012,0.220459,-0.244012,0.219968,-0.018665,0.220000,-0.017100,0.220000,-0.014213,0.220000,-0.014213,0,-0.830585,0.220000,0.212667,-0.009766,-0.024433,-0.244012,-0.284012,0.311127,0.110000,-0.085512,1
175,840000000,1.736407,1.305890,1.421456,0.220593,-0.244303,0.220459,-0.244012,0.220371,-0.228044,0.220371,-0.228044,0.219966,-0.016625,0.220000,-0.014213,0.220000,-0.012779,0.220000,-0.012779,0,-0.746783,0.220000,0.212667,-0.006880,-0.021546,-0.224012,-0.264012,0.311127,0.110000,-0.080626,1
175,880000000,1.738324,1.314486,1.411575,0.219885,-0.244474,0.220371,-0.228044,0.220225,-0.208044,0.220225,-0.208044,0.219439,-0.013994,0.220000,-0.012779,0.220000,-0.009959,0.220000,-0.009959,0,-0.582001,0.220000,0.212667,-0.005446,-0.020112,-0.208044,-0.248044,0.311127,0.110000,-0.072030,1
175,900000000,1.739295,1.318777,1.406837,0.219972,-0.236907,0.220225,-0.208044,0.220167,-0.190330,0.220167,-0.190330,0.219568,-0.013332,0.220000,-0.009959,0.220000,-0.008586,0.220000,-0.008586,0,-0.501773,0.220000,0.212667,-0.002626,-0.017293,-0.188044,-0.228044,0.311127,0.110000,-0.067292,1
175,940000000,1.741185,1.327361,1.398163,0.219632,-0.205677,0.220167,-0.190330,0.220088,-0.170330,0.220088,-0.170330,0.219461,-0.008644,0.220000,-0.008586,0.220000,-0.006239,0.220000,-0.006239,0,-0.364582,0.220000,0.212667,-0.001253,-0.015920,-0.170330,-0.210330,0.311127,0.110000,-0.060047,1
175,960000000,1.742112,1.331650,1.394102,0.219406,-0.203044,0.220088,-0.170330,0.220062,-0.158352,0.220062,-0.158352,0.219248,-0.008337,0.220000,-0.006239,0.220000,-0.005212,0.220000,-0.005212,0,-0.304574,0.220000,0.212667,0.001095,-0.013572,-0.150330,-0.190330,0.311127,0.110000,-0.055986,1
176,0,1.743931,1.340233,1.386902,0.219301,-0.178044,0.220062,-0.158352,0.220029,-0.143047,0.220029,-0.143047,0.219218,-0.006026,0.220000,-0.005212,0.220000,-0.003555,0.220000,-0.003555,0,-0.207747,0.220000,0.212667,0.002121,-0.012545,-0.138352,-0.178352,0.311127,0.110000,-0.050575,1
176,20000000,1.744822,1.344529,1.383704,0.219362,-0.159905,0.220029,-0.143047,0.220019,-0.134001,0.220019,-0.134001,0.219324,-0.004096,0.220000,-0.003555,0.220000,-0.002921,0.220000,-0.002921,0,-0.170703,0.220000,0.212667,0.003778,-0.010888,-0.123047,-0.163047,0.311127,0.110000,-0.047376,1
176,40000000,1.745710,1.348821,1.380643,0.219140,-0.153046,0.220019,-0.134001,0.220012,-0.125343,0.220012,-0.125343,0.219115,-0.003345,0.220000,-0.002921,0.220000,-0.002334,0.220000,-0.002334,0,-0.136370,0.220000,0.212667,0.004412,-0.010254,-0.114001,-0.154001,0.311127,0.110000,-0.044316,1
176,80000000,1.747530,1.357422,1.374908,0.220007,-0.138960,0.220012,-0.125343,0.220003,-0.114202,0.220003,-0.114202,0.219981,-0.003324,0.220000,-0.002334,0.220000,-0.001209,0.220000,-0.001209,0,-0.070642,0.220000,0.212667,0.005000,-0.009667,-0.105343,-0.145343,0.311127,0.110000,-0.040376,1
176,120000000,1.749379,1.366026,1.369604,0.220004,-0.129412,0.220003,-0.114202,0.220000,-0.103721,0.220000,-0.103721,0.219988,-0.002658,0.220000,-0.001209,0.220000,-0.000161,0.220000,-0.000161,0,-0.009422,0.220000,0.212667,0.006125,-0.008542,-0.094202,-0.134202,0.311127,0.110000,-0.036671,1
176,140000000,1.750308,1.370327,1.367107,0.220001,-0.124833,0.220000,-0.103721,0.220000,-0.096659,0.220000,-0.096659,0.219990,-0.002193,0.220000,-0.000161,0.220000,0.000311,0.220000,0.000311,0,0.018162,0.220000,0.212667,0.007172,-0.007495,-0.083721,-0.123721,0.311127,0.110000,-0.034174,1
176,160000000,1.751214,1.374632,1.364937,0.219987,-0.108509,0.220000,-0.096659,0.220001,-0.090521,0.220001,-0.090521,0.219987,0.000000,0.220000,0.000311,0.220000,0.000618,0.220000,0.000618,0,0.036096,0.220000,0.212667,0.007644,-0.007023,-0.076659,-0.116659,0.311127,0.110000,-0.032004,1
176,200000000,1.753042,1.383240,1.360778,0.219992,-0.100698,0.220001,-0.090521,0.220003,-0.083565,0.220003,-0.083565,0.219992,0.000000,0.220000,0.000618,0.220000,0.001184,0.220000,0.001184,0,0.069218,0.220000,0.212667,0.007951,-0.006716,-0.070521,-0.110521,0.311127,0.110000,-0.029545,1
176,240000000,1.754881,1.391845,1.356955,0.219993,-0.091012,0.220003,-0.083565,0.220006,-0.078846,0.220006,-0.078846,0.219993,0.000000,0.220000,0.001184,0.220000,0.001658,0.220000,0.001658,0,0.096905,0.220000,0.212667,0.008518,-0.006149,-0.063565,-0.103565,0.311127,0.110000,-0.027876,1
176,260000000,1.755801,1.396148,1.355219,0.219989,-0.086813,0.220006,-0.078846,0.220008,-0.073935,0.220008,-0.073935,0.219989,0.000000,0.220000,0.001658,0.220000,0.001827,0.220000,0.001827,0,0.106784,0.220000,0.212667,0.008992,-0.005675,-0.058846,-0.098846,0.311127,0.110000,-0.026140,1
176,300000000,1.757649,1.404751,1.351884,0.220000,-0.081648,0.220008,-0.073935,0.220010,-0.070860,0.220010,-0.070860,0.219995,0.001428,0.220000,0.001827,0.220000,0.002121,0.220000,0.002121,0,0.123969,0.220000,0.212667,0.009161,-0.005506,-0.053935,-0.093935,0.311127,0.110000,-0.025053,1
176,320000000,1.758578,1.409052,1.350290,0.220003,-0.079725,0.220010,-0.070860,0.220011,-0.066350,0.220011,-0.066350,0.219998,0.001558,0.220000,0.002121,0.220000,0.002241,0.220000,0.002241,0,0.130936,0.220000,0.212667,0.009455,-0.005212,-0.050860,-0.090860,0.311127,0.110000,-0.023458,1
176,360000000,1.760440,1.417653,1.347366,0.220008,-0.072896,0.220011,-0.066350,0.220013,-0.063736,0.220013,-0.063736,0.219999,0.001966,0.220000,0.002241,0.220000,0.002387,0.220000,0.002387,0,0.139485,0.220000,0.212667,0.009574,-0.005093,-0.046350,-0.086350,0.311127,0.110000,-0.022534,1
176,380000000,1.761377,1.421953,1.345986,0.220009,-0.069019,0.220013,-0.063736,0.220014,-0.059832,0.220014,-0.059832,0.219999,0.002090,0.220000,0.002387,0.220000,0.002440,0.220000,0.002440,0,0.142581,0.220000,0.212667,0.009720,-0.004946,-0.043736,-0.083736,0.311127,0.110000,-0.021154,1
176,420000000,1.763266,1.430548,1.343331,0.220011,-0.064944,0.220014,-0.059832,0.220015,-0.058280,0.220015,-0.058280,0.220000,0.002247,0.220000,0.002440,0.220000,0.002527,0.220000,0.002527,0,0.147695,0.220000,0.212667,0.009773,-0.004893,-0.039832,-0.079832,0.311127,0.110000,-0.020605,1
176,440000000,1.764214,1.434845,1.342114,0.220013,-0.060850,0.220015,-0.058280,0.220015,-0.054838,0.220015,-0.054838,0.220000,0.002385,0.220000,0.002527,0.220000,0.002536,0.220000,0.002536,0,0.148219,0.220000,0.212667,0.009861,-0.004806,-0.038280,-0.078280,0.311127,0.110000,-0.019388,1
176,480000000,1.766124,1.443436,1.339726,0.220014,-0.058829,0.220015,-0.054838,0.220015,-0.054710,0.220015,-0.054710,0.220000,0.002518,0.220000,0.002536,0.220000,0.002549,0.220000,0.002549,0,0.148947,0.220000,0.212667,0.009870,-0.004797,-0.034838,-0.074838,0.311127,0.110000,-0.019343,1
176,520000000,1.768050,1.452023,1.337451,0.220015,-0.055144,0.220015,-0.054710,0.220015,-0.056021,0.220015,-0.056021,0.219999,0.002590,0.220000,0.002549,0.220000,0.002544,0.220000,0.002544,0,0.148656,0.220000,0.212667,0.009882,-0.004785,-0.034710,-0.074710,0.311127,0.110000,-0.019806,1
176,540000000,1.769019,1.456315,1.336357,0.219995,-0.054710,0.220015,-0.056021,0.220014,-0.052926,0.220014,-0.052926,0.219979,0.002589,0.220000,0.002544,0.220000,0.002517,0.220000,0.002517,0,0.147095,0.220000,0.212667,0.009877,-0.004790,-0.036021,-0.076021,0.311127,0.110000,-0.018712,1
176,580000000,1.770972,1.464894,1.334135,0.219969,-0.055761,0.220014,-0.052926,0.220014,-0.054471,0.220014,-0.054471,0.219954,0.002621,0.220000,0.002517,0.220000,0.002509,0.220000,0.002509,0,0.146601,0.220000,0.212667,0.009850,-0.004816,-0.032926,-0.072926,0.311127,0.110000,-0.019258,1
176,600000000,1.771954,1.469183,1.333033,0.220013,-0.055102,0.220014,-0.054471,0.220014,-0.051354,0.220014,-0.051354,0.219997,0.002668,0.220000,0.002509,0.220000,0.002484,0.220000,0.002484,0,0.145190,0.220000,0.212667,0.009842,-0.004825,-0.034471,-0.074471,0.311127,0.110000,-0.018156,1
176,640000000,1.773932,1.477759,1.330897,0.220014,-0.053302,0.220014,-0.051354,0.220014,-0.052836,0.220014,-0.052836,0.219997,0.002681,0.220000,0.002484,0.220000,0.002449,0.220000,0.002449,0,0.143096,0.220000,0.212667,0.009818,-0.004849,-0.031354,-0.071354,0.311127,0.110000,-0.018680,1
176,680000000,1.775928,1.486330,1.328901,0.220013,-0.049843,0.220014,-0.052836,0.220013,-0.047189,0.220013,-0.047189,0.219996,0.002689,0.220000,0.002449,0.220000,0.002362,0.220000,0.002362,0,0.138017,0.220000,0.212667,0.009782,-0.004885,-0.032836,-0.072836,0.311127,0.110000,-0.016684,1
176,700000000,1.776933,1.490614,1.327958,0.220012,-0.047134,0.220013,-0.047189,0.220012,-0.052492,0.220012,-0.052492,0.219996,0.002637,0.220000,0.002362,0.220000,0.002313,0.220000,0.002313,0,0.135178,0.220000,0.212667,0.009695,-0.004972,-0.027189,-0.067189,0.311127,0.110000,-0.018559,1
176,740000000,1.778956,1.499178,1.326127,0.220010,-0.046239,0.220012,-0.052492,0.220011,-0.047314,0.220011,-0.047314,0.219995,0.002606,0.220000,0.002313,0.220000,0.002186,0.220000,0.002186,0,0.127745,0.220000,0.212667,0.009646,-0.005020,-0.032492,-0.072492,0.311127,0.110000,-0.016728,1
176,760000000,1.779974,1.503459,1.325121,0.220010,-0.050327,0.220011,-0.047314,0.220011,-0.052924,0.220011,-0.052924,0.219994,0.002589,0.220000,0.002186,0.220000,0.002158,0.220000,0.002158,0,0.126107,0.220000,0.212667,0.009519,-0.005147,-0.027314,-0.067314,0.311127,0.110000,-0.018712,1
176,780000000,1.780996,1.507739,1.324116,0.220009,-0.050229,0.220011,-0.052924,0.220010,-0.050083,0.220010,-0.050083,0.219994,0.002585,0.220000,0.002158,0.220000,0.002117,0.220000,0.002117,0,0.123735,0.220000,0.212667,0.009491,-0.005175,-0.032924,-0.072924,0.311127,0.110000,-0.017707,1
176,820000000,1.783058,1.516294,1.322104,0.220007,-0.050261,0.220010,-0.050083,0.220010,-0.053684,0.220010,-0.053684,0.219993,0.002486,0.220000,0.002117,0.220000,0.002072,0.220000,0.002072,0,0.121099,0.220000,0.212667,0.009451,-0.005216,-0.030083,-0.070083,0.311127,0.110000,-0.018980,1
176,860000000,1.785137,1.524846,1.320214,0.220006,-0.047190,0.220010,-0.053684,0.220009,-0.048340,0.220009,-0.048340,0.219992,0.002466,0.220000,0.002072,0.220000,0.001977,0.220000,0.001977,0,0.115553,0.220000,0.212667,0.009406,-0.005261,-0.033684,-0.073684,0.311127,0.110000,-0.017091,1
176,880000000,1.786183,1.529120,1.319208,0.220005,-0.050305,0.220009,-0.048340,0.220009,-0.055970,0.220009,-0.055970,0.219992,0.002442,0.220000,0.001977,0.220000,0.001949,0.220000,0.001949,0,0.113882,0.220000,0.212667,0.009311,-0.005356,-0.028340,-0.068340,0.311127,0.110000,-0.019788,1
176,920000000,1.788289,1.537664,1.317166,0.220004,-0.051559,0.220009,-0.055970,0.220008,-0.050193,0.220008,-0.050193,0.219991,0.002402,0.220000,0.001949,0.220000,0.001892,0.220000,0.001892,0,0.110594,0.220000,0.212667,0.009282,-0.005385,-0.035970,-0.075970,0.311127,0.110000,-0.017746,1
176,940000000,1.789350,1.541934,1.316115,0.220003,-0.052555,0.220008,-0.050193,0.220008,-0.058001,0.220008,-0.058001,0.219990,0.002358,0.220000,0.001892,0.220000,0.001872,0.220000,0.001872,0,0.109400,0.220000,0.212667,0.009226,-0.005441,-0.030193,-0.070193,0.311127,0.110000,-0.020507,1
176,980000000,1.791485,1.550471,1.314146,0.220001,-0.046562,0.220008,-0.058001,0.220007,-0.052433,0.220007,-0.052433,0.219989,0.002319,0.220000,0.001872,0.220000,0.001782,0.220000,0.001782,0,0.104138,0.220000,0.212667,0.009205,-0.005461,-0.038001,-0.078001,0.311127,0.110000,-0.018538,1
177,0,1.792559,1.554738,1.313216,0.220001,-0.046505,0.220007,-0.052433,0.220007,-0.060637,0.220007,-0.060637,0.219989,0.002325,0.220000,0.001782,0.220000,0.001712,0.220000,0.001712,0,0.100059,0.220000,0.212667,0.009115,-0.005551,-0.032433,-0.072433,0.311127,0.110000,-0.021438,1
177,40000000,1.794722,1.563268,1.311286,0.219999,-0.048530,0.220007,-0.060637,0.220006,-0.055180,0.220006,-0.055180,0.219988,0.002239,0.220000,0.001712,0.220000,0.001599,0.220000,0.001599,0,0.093417,0.220000,0.212667,0.009046,-0.005621,-0.040637,-0.080637,0.311127,0.110000,-0.019509,1
177,80000000,1.796905,1.571793,1.309088,0.219998,-0.056533,0.220006,-0.055180,0.220005,-0.060524,0.220005,-0.060524,0.219987,0.002196,0.220000,0.001599,0.220000,0.001544,0.220000,0.001544,0,0.090241,0.220000,0.212667,0.008932,-0.005735,-0.035180,-0.075180,0.311127,0.110000,-0.021399,1
177,100000000,1.798004,1.576054,1.307960,0.219997,-0.056400,0.220005,-0.060524,0.220005,-0.057334,0.220005,-0.057334,0.219986,0.002175,0.220000,0.001544,0.220000,0.001540,0.220000,0.001540,0,0.089980,0.220000,0.212667,0.008878,-0.005789,-0.040524,-0.080524,0.311127,0.110000,-0.020271,1
177,140000000,1.800220,1.584570,1.305723,0.219995,-0.055723,0.220005,-0.057334,0.220005,-0.063362,0.220005,-0.063362,0.219985,0.002068,0.220000,0.001540,0.220000,0.001490,0.220000,0.001490,0,0.087076,0.220000,0.212667,0.008873,-0.005794,-0.037334,-0.077334,0.311127,0.110000,-0.022402,1
177,160000000,1.801336,1.588826,1.304668,0.219995,-0.052789,0.220005,-0.063362,0.220005,-0.060376,0.220005,-0.060376,0.219985,0.002068,0.220000,0.001490,0.220000,0.001458,0.220000,0.001458,0,0.085203,0.220000,0.212667,0.008823,-0.005843,-0.043362,-0.083362,0.311127,0.110000,-0.021346,1
177,200000000,1.803580,1.597335,1.302518,0.219994,-0.054766,0.220005,-0.060376,0.220004,-0.067517,0.220004,-0.067517,0.219984,0.002028,0.220000,0.001458,0.220000,0.001349,0.220000,0.001349,0,0.078805,0.220000,0.212667,0.008791,-0.005875,-0.040376,-0.080376,0.311127,0.110000,-0.023871,1
177,220000000,1.804710,1.601587,1.301406,0.219993,-0.055602,0.220004,-0.067517,0.220004,-0.064371,0.220004,-0.064371,0.219984,0.002013,0.220000,0.001349,0.220000,0.001321,0.220000,0.001321,0,0.077208,0.220000,0.212667,0.008682,-0.005985,-0.047517,-0.087517,0.311127,0.110000,-0.022759,1
177,260000000,1.806988,1.610087,1.298960,0.219991,-0.062515,0.220004,-0.064371,0.220004,-0.071628,0.220004,-0.071628,0.219983,0.001933,0.220000,0.001321,0.220000,0.001277,0.220000,0.001277,0,0.074619,0.220000,0.212667,0.008655,-0.006012,-0.044371,-0.084371,0.311127,0.110000,-0.025324,1
177,280000000,1.808135,1.614334,1.297695,0.219991,-0.063252,0.220004,-0.071628,0.220004,-0.068050,0.220004,-0.068050,0.219982,0.001929,0.220000,0.001277,0.220000,0.001287,0.220000,0.001287,0,0.075209,0.220000,0.212667,0.008610,-0.006056,-0.051628,-0.091628,0.311127,0.110000,-0.024059,1
177,320000000,1.810447,1.622825,1.295040,0.219989,-0.066330,0.220004,-0.068050,0.220004,-0.075760,0.220004,-0.075760,0.219981,0.001896,0.220000,0.001287,0.220000,0.001277,0.220000,0.001277,0,0.074639,0.220000,0.212667,0.008620,-0.006046,-0.048050,-0.088050,0.311127,0.110000,-0.026785,1
177,340000000,1.811611,1.627068,1.293772,0.219989,-0.063401,0.220004,-0.075760,0.220004,-0.072173,0.220004,-0.072173,0.219981,0.001910,0.220000,0.001277,0.220000,0.001274,0.220000,0.001274,0,0.074435,0.220000,0.212667,0.008611,-0.006056,-0.055760,-0.095760,0.311127,0.110000,-0.025517,1
177,380000000,1.813955,1.635549,1.291210,0.219988,-0.065445,0.220004,-0.072173,0.220003,-0.081296,0.220003,-0.081296,0.219980,0.001917,0.220000,0.001274,0.220000,0.001185,0.220000,0.001185,0,0.069277,0.220000,0.212667,0.008607,-0.006060,-0.052173,-0.092173,0.311127,0.110000,-0.028742,1
177,400000000,1.815135,1.639788,1.289878,0.219988,-0.066608,0.220003,-0.081296,0.220003,-0.095159,0.220003,-0.095159,0.219979,0.001922,0.220000,0.001185,0.220000,0.001179,0.220000,0.001179,0,0.068886,0.220000,0.212667,0.008519,-0.006148,-0.061296,-0.101296,0.311127,0.110000,-0.033644,1
177,440000000,1.817516,1.648259,1.286929,0.219986,-0.075481,0.220003,-0.095159,0.220003,-0.086819,0.220003,-0.086819,0.219978,0.001867,0.220000,0.001179,0.220000,0.001165,0.220000,0.001165,0,0.068052,0.220000,0.212667,0.008512,-0.006155,-0.075159,-0.115159,0.311127,0.110000,-0.030695,1
177,460000000,1.818715,1.652492,1.285367,0.219985,-0.078137,0.220003,-0.086819,0.220003,-0.101425,0.220003,-0.101425,0.219977,0.001871,0.220000,0.001165,0.220000,0.001207,0.220000,0.001207,0,0.070548,0.220000,0.212667,0.008498,-0.006169,-0.066819,-0.106819,0.311127,0.110000,-0.035859,1
177,500000000,1.821135,1.660952,1.282108,0.219984,-0.082134,0.220003,-0.101425,0.220004,-0.092209,0.220004,-0.092209,0.219976,0.001891,0.220000,0.001207,0.220000,0.001244,0.220000,0.001244,0,0.072709,0.220000,0.212667,0.008541,-0.006126,-0.081425,-0.121425,0.311127,0.110000,-0.032601,1
177,520000000,1.822354,1.665180,1.280205,0.219983,-0.095185,0.220004,-0.092209,0.220004,-0.107391,0.220004,-0.107391,0.219975,0.001953,0.220000,0.001244,0.220000,0.001364,0.220000,0.001364,0,0.079728,0.220000,0.212667,0.008578,-0.006089,-0.072209,-0.112209,0.311127,0.110000,-0.037969,1
177,560000000,1.824814,1.673628,1.276285,0.219983,-0.100972,0.220004,-0.107391,0.220005,-0.096304,0.220005,-0.096304,0.219973,0.002132,0.220000,0.001364,0.220000,0.001551,0.220000,0.001551,0,0.090637,0.220000,0.212667,0.008698,-0.005969,-0.087391,-0.127391,0.311127,0.110000,-0.034049,1
177,580000000,1.826055,1.677849,1.274269,0.219982,-0.100798,0.220005,-0.096304,0.220006,-0.112875,0.220006,-0.112875,0.219971,0.002152,0.220000,0.001551,0.220000,0.001674,0.220000,0.001674,0,0.097824,0.220000,0.212667,0.008884,-0.005782,-0.076304,-0.116304,0.311127,0.110000,-0.039907,1
177,620000000,1.828554,1.686286,1.270595,0.219982,-0.089585,0.220006,-0.112875,0.220007,-0.102485,0.220007,-0.102485,0.219970,0.002341,0.220000,0.001674,0.220000,0.001713,0.220000,0.001713,0,0.100125,0.220000,0.212667,0.009007,-0.005659,-0.092875,-0.132875,0.311127,0.110000,-0.036234,1
177,660000000,1.831080,1.694715,1.266619,0.219982,-0.105998,0.220007,-0.102485,0.220007,-0.115404,0.220007,-0.115404,0.219968,0.002498,0.220000,0.001713,0.220000,0.001794,0.220000,0.001794,0,0.104868,0.220000,0.212667,0.009047,-0.005620,-0.082485,-0.122485,0.311127,0.110000,-0.040801,1
177,680000000,1.832354,1.698926,1.264498,0.219981,-0.106079,0.220007,-0.115404,0.220008,-0.109403,0.220008,-0.109403,0.219966,0.002525,0.220000,0.001794,0.220000,0.001874,0.220000,0.001874,0,0.109490,0.220000,0.212667,0.009128,-0.005539,-0.095404,-0.135404,0.311127,0.110000,-0.038680,1
177,720000000,1.834942,1.707322,1.260055,0.219358,-0.113232,0.220008,-0.109403,0.220010,-0.123105,0.220010,-0.123105,0.219351,0.001691,0.220000,0.001874,0.220000,0.002075,0.220000,0.002075,0,0.121285,0.220000,0.212667,0.009207,-0.005460,-0.089403,-0.129403,0.311127,0.110000,-0.043524,1
177,740000000,1.836262,1.711500,1.257831,0.219084,-0.111210,0.220010,-0.123105,0.220011,-0.116814,0.220011,-0.116814,0.219080,0.001313,0.220000,0.002075,0.220000,0.002229,0.220000,0.002229,0,0.130241,0.220000,0.212667,0.009409,-0.005258,-0.103105,-0.143105,0.311127,0.110000,-0.041300,1
177,780000000,1.838924,1.719848,1.253366,0.219080,-0.113850,0.220011,-0.116814,0.220014,-0.132794,0.220014,-0.132794,0.219075,0.001542,0.220000,0.002229,0.220000,0.002442,0.220000,0.002442,0,0.142685,0.220000,0.212667,0.009562,-0.005105,-0.096814,-0.136814,0.311127,0.110000,-0.046950,1
177,800000000,1.840265,1.724020,1.251030,0.219074,-0.116815,0.220014,-0.132794,0.220015,-0.126186,0.220015,-0.126186,0.219067,0.001691,0.220000,0.002442,0.220000,0.002572,0.220000,0.002572,0,0.150296,0.220000,0.212667,0.009775,-0.004892,-0.112794,-0.152794,0.311127,0.110000,-0.044614,1
177,840000000,1.842956,1.732354,1.245974,0.218894,-0.132794,0.220015,-0.126186,0.220018,-0.144103,0.220018,-0.144103,0.218880,0.002408,0.220000,0.002572,0.220000,0.002796,0.220000,0.002796,0,0.163397,0.220000,0.212667,0.009905,-0.004761,-0.106186,-0.146186,0.311127,0.110000,-0.050948,1
177,880000000,1.845677,1.740675,1.240481,0.218882,-0.141841,0.220018,-0.144103,0.220022,-0.164103,0.220022,-0.164103,0.218866,0.002649,0.220000,0.002796,0.220000,0.003099,0.220000,0.003099,0,0.181113,0.220000,0.212667,0.010129,-0.004537,-0.124103,-0.164103,0.311127,0.110000,-0.058663,1
177,900000000,1.847049,1.744830,1.237599,0.218819,-0.144103,0.220022,-0.164103,0.220024,-0.157772,0.220024,-0.157772,0.218801,0.002827,0.220000,0.003099,0.220000,0.003216,0.220000,0.003216,0,0.187959,0.220000,0.212667,0.010433,-0.004234,-0.144103,-0.184103,0.311127,0.110000,-0.055781,1
177,940000000,1.849826,1.753131,1.231275,0.218784,-0.164103,0.220024,-0.157772,0.220030,-0.177772,0.220030,-0.177772,0.218762,0.003124,0.220000,0.003216,0.220000,0.003624,0.220000,0.003624,0,0.211763,0.220000,0.212667,0.010550,-0.004117,-0.137772,-0.177772,0.311127,0.110000,-0.063762,1
177,960000000,1.851231,1.757275,1.227911,0.218799,-0.168204,0.220030,-0.177772,0.220033,-0.170831,0.220033,-0.170831,0.218776,0.003172,0.220000,0.003624,0.220000,0.003812,0.220000,0.003812,0,0.222785,0.220000,0.212667,0.010957,-0.003710,-0.157772,-0.197772,0.311127,0.110000,-0.060398,1
178,0,1.854067,1.765552,1.220800,0.218729,-0.177772,0.220033,-0.170831,0.220042,-0.190831,0.220042,-0.190831,0.218700,0.003586,0.220000,0.003812,0.220000,0.004284,0.220000,0.004284,0,0.250324,0.220000,0.212667,0.011146,-0.003521,-0.150831,-0.190831,0.311127,0.110000,-0.068452,1
178,20000000,1.855518,1.769684,1.217366,0.218950,-0.171692,0.220042,-0.190831,0.220045,-0.183899,0.220045,-0.183899,0.218928,0.003091,0.220000,0.004284,0.220000,0.004450,0.220000,0.004450,0,0.260027,0.220000,0.212667,0.011617,-0.003050,-0.170831,-0.210831,0.311127,0.110000,-0.065018,1
178,40000000,1.856982,1.773810,1.213924,0.218908,-0.172138,0.220045,-0.183899,0.220049,-0.174161,0.220049,-0.174161,0.218886,0.003144,0.220000,0.004450,0.220000,0.004658,0.220000,0.004658,0,0.272212,0.220000,0.212667,0.011783,-0.002884,-0.163899,-0.203899,0.311127,0.110000,-0.061575,1
178,80000000,1.859933,1.782055,1.206568,0.218904,-0.183899,0.220049,-0.174161,0.220056,-0.194161,0.220056,-0.194161,0.218873,0.003707,0.220000,0.004658,0.220000,0.004962,0.220000,0.004962,0,0.289998,0.220000,0.212667,0.011991,-0.002675,-0.154161,-0.194161,0.311127,0.110000,-0.072830,1
178,120000000,1.862933,1.790278,1.199543,0.218763,-0.174162,0.220056,-0.194161,0.220058,-0.214161,0.220058,-0.214161,0.218725,0.004109,0.220000,0.004962,0.220000,0.005059,0.220000,0.005059,0,0.295646,0.220000,0.212667,0.012296,-0.002371,-0.174161,-0.214161,0.311127,0.110000,-0.086954,1
178,140000000,1.864439,1.794382,1.195760,0.218628,-0.189146,0.220058,-0.214161,0.220058,-0.234161,0.220058,-0.234161,0.218578,0.004719,0.220000,0.005059,0.220000,0.005045,0.220000,0.005045,0,0.294841,0.220000,0.212667,0.012392,-0.002274,-0.194161,-0.234161,0.311127,0.110000,-0.083171,1
178,160000000,1.865955,1.798482,1.191777,0.218521,-0.199162,0.220058,-0.234161,0.220060,-0.223976,0.220060,-0.223976,0.218462,0.005070,0.220000,0.005045,0.220000,0.005124,0.220000,0.005124,0,0.299424,0.220000,0.212667,0.012379,-0.002288,-0.214161,-0.254161,0.311127,0.110000,-0.079188,1
178,200000000,1.869034,1.806659,1.183213,0.218401,-0.224162,0.220060,-0.223976,0.220060,-0.243976,0.220060,-0.243976,0.218342,0.005067,0.220000,0.005124,0.220000,0.005159,0.220000,0.005159,0,0.301473,0.220000,0.212667,0.012457,-0.002210,-0.203976,-0.243976,0.311127,0.110000,-0.094617,1
178,240000000,1.872185,1.814804,1.173812,0.218286,-0.243977,0.220060,-0.243976,0.220065,-0.263976,0.220065,-0.263976,0.218225,0.005160,0.220000,0.005159,0.220000,0.005337,0.220000,0.005337,0,0.311903,0.220000,0.212667,0.012492,-0.002175,-0.223976,-0.263976,0.311127,0.110000,-0.113350,1
178,260000000,1.873787,1.818863,1.168933,0.218209,-0.243977,0.220065,-0.263976,0.220066,-0.283976,0.220066,-0.283976,0.218148,0.005165,0.220000,0.005337,0.220000,0.005372,0.220000,0.005372,0,0.313919,0.220000,0.212667,0.012671,-0.001996,-0.243976,-0.283976,0.311127,0.110000,-0.108470,1
178,300000000,1.877048,1.826956,1.158495,0.218085,-0.263977,0.220066,-0.283976,0.220069,-0.303976,0.220069,-0.303976,0.218020,0.005331,0.220000,0.005372,0.220000,0.005506,0.220000,0.005506,0,0.321776,0.220000,0.212667,0.012705,-0.001962,-0.263976,-0.303976,0.311127,0.110000,-0.132602,1
178,320000000,1.878708,1.830989,1.152917,0.218056,-0.278894,0.220069,-0.303976,0.220071,-0.323976,0.220071,-0.323976,0.217989,0.005396,0.220000,0.005506,0.220000,0.005575,0.220000,0.005575,0,0.325805,0.220000,0.212667,0.012840,-0.001827,-0.283976,-0.323976,0.311127,0.110000,-0.127025,1
178,360000000,1.882137,1.839021,1.141258,0.218422,-0.293977,0.220071,-0.323976,0.220074,-0.343976,0.220074,-0.343976,0.218381,0.004198,0.220000,0.005575,0.220000,0.005714,0.220000,0.005714,0,0.333912,0.220000,0.212667,0.012909,-0.001758,-0.303976,-0.343976,0.311127,0.110000,-0.157877,1
178,380000000,1.883893,1.843020,1.134978,0.218372,-0.313977,0.220074,-0.343976,0.220076,-0.363976,0.220076,-0.363976,0.218331,0.004211,0.220000,0.005714,0.220000,0.005786,0.220000,0.005786,0,0.338151,0.220000,0.212667,0.013047,-0.001619,-0.323976,-0.363976,0.311127,0.110000,-0.151598,1
178,420000000,1.887464,1.850982,1.122027,0.217988,-0.333596,0.220076,-0.363976,0.220073,-0.383976,0.220073,-0.383976,0.217931,0.004964,0.220000,0.005786,0.220000,0.005675,0.220000,0.005675,0,0.331658,0.220000,0.212667,0.013120,-0.001547,-0.343976,-0.383976,0.311127,0.110000,-0.190154,1
178,440000000,1.889257,1.854962,1.115358,0.218279,-0.333439,0.220073,-0.383976,0.220067,-0.403976,0.220067,-0.403976,0.218187,0.006351,0.220000,0.005675,0.220000,0.005423,0.220000,0.005423,0,0.316924,0.220000,0.212667,0.013009,-0.001658,-0.363976,-0.403976,0.311127,0.110000,-0.183486,1
178,480000000,1.892901,1.862956,1.101613,0.219891,-0.345163,0.220067,-0.403976,0.220042,-0.423976,0.220042,-0.423976,0.219747,0.007961,0.220000,0.005423,0.220000,0.004306,0.220000,0.004306,0,0.251630,0.220000,0.212667,0.012757,-0.001910,-0.383976,-0.423976,0.311127,0.110000,-0.236190,1
178,520000000,1.896651,1.870911,1.087206,0.219850,-0.368474,0.220042,-0.423976,0.220018,-0.443976,0.220018,-0.443976,0.219708,0.007897,0.220000,0.004306,0.220000,0.002836,0.220000,0.002836,0,0.165754,0.220000,0.212667,0.011639,-0.003027,-0.403976,-0.443976,0.311127,0.110000,-0.309757,1
178,540000000,1.898568,1.874868,1.079851,0.219834,-0.367739,0.220018,-0.443976,0.220005,-0.463976,0.220005,-0.463976,0.219689,0.007980,0.220000,0.002836,0.220000,0.001423,0.220000,0.001423,0,0.083174,0.220000,0.212667,0.010170,-0.004497,-0.423976,-0.463976,0.311127,0.110000,-0.302402,1
178,580000000,1.902566,1.882694,1.064324,0.219696,-0.388964,0.220005,-0.463976,0.220003,-0.483976,0.220003,-0.483976,0.219619,0.005799,0.220000,0.001423,0.220000,-0.001122,0.220000,-0.001122,0,-0.065555,0.220000,0.212667,0.008757,-0.005910,-0.443976,-0.483976,0.311127,0.110000,-0.407543,1
178,600000000,1.904629,1.886572,1.056179,0.219639,-0.407266,0.220003,-0.483976,0.220023,-0.503976,0.220023,-0.503976,0.219585,0.004869,0.220000,-0.001122,0.220000,-0.003148,0.220000,-0.003148,0,-0.183955,0.220000,0.212667,0.006212,-0.008455,-0.463976,-0.503976,0.311127,0.110000,-0.399398,1
178,640000000,1.908882,1.894256,1.039572,0.219537,-0.418997,0.220023,-0.503976,0.220139,-0.523976,0.220139,-0.523976,0.219515,0.003102,0.220000,-0.003148,0.220000,-0.007808,0.220000,-0.007808,0,-0.456282,0.220000,0.212667,0.004185,-0.010481,-0.483976,-0.523976,0.311127,0.110000,-0.549707,1
178,680000000,1.913372,1.901799,1.022346,0.219439,-0.430381,0.220139,-0.523976,0.220455,-0.543976,0.220455,-0.543976,0.219439,0.000000,0.220000,-0.007808,0.220000,-0.014150,0.220000,-0.014150,0,-0.826877,0.220000,0.212667,-0.000475,-0.015141,-0.503976,-0.543976,0.311127,0.110000,-0.532481,1
178,700000000,1.915735,1.905495,1.013333,0.219380,-0.450630,0.220455,-0.543976,0.220859,-0.563976,0.220859,-0.563976,0.219354,-0.003399,0.220000,-0.014150,0.220000,-0.019459,0.220000,-0.019459,0,-1.137157,0.220000,0.212667,-0.006816,-0.021483,-0.523976,-0.563976,0.311127,0.110000,-0.745387,1
178,740000000,1.920709,1.912719,0.995324,0.219310,-0.450258,0.220859,-0.563976,0.221625,-0.583976,0.221625,-0.583976,0.218956,-0.012466,0.220000,-0.019459,0.220000,-0.026792,0.220000,-0.026792,0,-1.831824,0.220000,0.212667,-0.012126,-0.026792,-0.543976,-0.583976,0.311127,0.110000,-0.852620,1
178,760000000,1.923345,1.916232,0.986319,0.219586,-0.450260,0.221625,-0.583976,0.222631,-0.600000,0.222631,-0.600000,0.219148,-0.013855,0.220000,-0.026792,0.220000,-0.034126,0.220000,-0.034126,0,-2.354519,0.220000,0.212667,-0.019459,-0.034126,-0.563976,-0.600000,0.311127,0.110000,-0.843615,1
178,800000000,1.928838,1.923095,0.968468,0.219996,-0.443658,0.222631,-0.600000,0.223872,-0.600000,0.223872,-0.600000,0.219038,-0.020505,0.220000,-0.034126,0.220000,-0.041459,0.220000,-0.041459,0,-2.744940,0.220000,0.212667,-0.026792,-0.041459,-0.580000,-0.600000,0.311127,0.110000,-0.825764,1
178,820000000,1.931684,1.926446,0.959632,0.219816,-0.441784,0.223872,-0.600000,0.224085,-0.600000,0.224085,-0.600000,0.218785,-0.021259,0.220000,-0.041459,0.220000,-0.042594,0.220000,-0.042594,0,-2.727506,0.220000,0.212667,-0.034126,-0.048792,-0.580000,-0.600000,0.311127,0.110000,-0.816928,1
178,860000000,1.937872,1.932782,0.942380,0.221495,-0.431653,0.224085,-0.600000,0.223010,-0.600000,0.223010,-0.600000,0.218882,-0.033922,0.220000,-0.042594,0.220000,-0.036519,0.220000,-0.036519,0,-2.564743,0.220000,0.212667,-0.035260,-0.049927,-0.580000,-0.600000,0.311127,0.110000,-0.799676,1
178,900000000,1.944206,1.938989,0.925108,0.221733,-0.431981,0.223010,-0.600000,0.221974,-0.600000,0.221974,-0.600000,0.218941,-0.035075,0.220000,-0.036519,0.220000,-0.029537,0.220000,-0.029537,0,-2.296519,0.220000,0.212667,-0.029186,-0.043853,-0.580000,-0.600000,0.311127,0.110000,-0.782404,0
178,920000000,1.947358,1.942079,0.916003,0.220721,-0.455270,0.221974,-0.600000,0.221503,-0.600000,0.221503,-0.600000,0.218411,-0.031846,0.220000,-0.029537,0.220000,-0.025760,0.220000,-0.025760,0,-2.115694,0.220000,0.212667,-0.022203,-0.036870,-0.580000,-0.600000,0.311127,0.110000,-0.773298,0
178,960000000,1.953491,1.948411,0.898171,0.220348,-0.446531,0.221503,-0.600000,0.220817,-0.600000,0.220817,-0.600000,0.219154,-0.022904,0.220000,-0.025760,0.220000,-0.018976,0.220000,-0.018976,0,-1.756222,0.220000,0.212667,-0.018427,-0.033094,-0.580000,-0.600000,0.311127,0.110000,-0.755466,0
178,980000000,1.956551,1.951577,0.889201,0.220140,-0.448473,0.220817,-0.600000,0.220543,-0.600000,0.220543,-0.600000,0.219234,-0.019954,0.220000,-0.018976,0.220000,-0.015461,0.220000,-0.015461,0,-1.527686,0.220000,0.212667,-0.011643,-0.026310,-0.580000,-0.600000,0.311127,0.110000,-0.746497,0
179,20000000,1.962675,1.957888,0.870921,0.219548,-0.465488,0.220543,-0.600000,0.220150,-0.600000,0.220150,-0.600000,0.219045,-0.014867,0.220000,-0.015461,0.220000,-0.008128,0.220000,-0.008128,0,-0.900137,0.220000,0.212667,-0.008128,-0.022795,-0.580000,-0.600000,0.311127,0.110000,-0.728217,0
179,40000000,1.965679,1.961092,0.861770,0.219615,-0.457554,0.220150,-0.600000,0.220042,-0.600000,0.220042,-0.600000,0.219359,-0.010598,0.220000,-0.008128,0.220000,-0.004296,0.220000,-0.004296,0,-0.532332,0.220000,0.212667,-0.000795,-0.015461,-0.580000,-0.600000,0.311127,0.110000,-0.719066,0
179,80000000,1.971621,1.967552,0.843180,0.219457,-0.463342,0.220042,-0.600000,0.220018,-0.600000,0.220018,-0.600000,0.219423,-0.003873,0.220000,-0.004296,0.220000,0.002802,0.220000,0.002802,0,0.417808,0.220000,0.212667,0.003037,-0.011630,-0.580000,-0.600000,0.311127,0.110000,-0.700475,0
179,100000000,1.974593,1.970775,0.833707,0.219174,-0.473631,0.220018,-0.600000,0.220101,-0.600000,0.220101,-0.600000,0.219158,-0.002672,0.220000,0.002802,0.220000,0.006676,0.220000,0.006676,0,1.108121,0.220000,0.212667,0.010135,-0.004532,-0.580000,-0.600000,0.311127,0.110000,-0.691003,0
179,140000000,1.980381,1.977323,0.814445,0.219282,-0.475429,0.220101,-0.600000,0.220409,-0.600000,0.220409,-0.600000,0.219191,0.006309,0.220000,0.006676,0.220000,0.013416,0.220000,0.013416,0,2.875957,0.220000,0.212667,0.014009,-0.000658,-0.580000,-0.600000,0.311127,0.110000,-0.671740,0
179,160000000,1.983268,1.980630,0.804939,0.219532,-0.475288,0.220409,-0.600000,0.220626,-0.600000,0.220626,-0.600000,0.219320,0.009647,0.220000,0.013416,0.220000,0.016605,0.220000,0.016605,0,4.170375,0.220000,0.212667,0.020749,0.006082,-0.580000,-0.600000,0.311127,0.110000,-0.662235,0
179,200000000,1.989080,1.987205,0.785726,0.219058,-0.487899,0.220626,-0.600000,0.221299,-0.600000,0.221299,-0.600000,0.218680,0.012857,0.220000,0.016605,0.220000,0.023939,0.220000,0.023939,0,9.332766,0.220000,0.212667,0.023939,0.009272,-0.580000,-0.600000,0.311127,0.110000,-0.643022,0
179,240000000,1.994851,1.993857,0.766502,0.220153,-0.484444,0.221299,-0.600000,0.222211,-0.600000,0.222211,-0.600000,0.219320,0.019140,0.220000,0.023939,0.220000,0.031272,0.220000,0.031272,0,26.569250,0.220000,0.212667,0.031272,0.016605,-0.580000,-0.600000,0.311127,0.110000,-0.623797,0
179,260000000,1.997672,1.997262,0.756815,0.221108,-0.484334,0.222211,-0.600000,0.222601,-0.600000,0.222601,-0.600000,0.219576,0.025984,0.220000,0.031272,0.220000,0.033932,0.220000,0.033932,0,60.695650,0.220000,0.212667,0.038605,0.023939,-0.580000,-0.600000,0.311127,0.110000,-0.614111,0
179,300000000,2.003297,2.004121,0.737336,0.222134,-0.487671,0.222601,-0.600000,0.214324,-0.600000,0.214324,-0.600000,0.219674,0.032965,0.220000,0.033932,0.212667,0.026598,0.212667,0.026598,0,-59.912083,0.220000,0.212667,0.041265,0.026598,-0.580000,-0.600000,0.311127,0.110000,-0.594632,0
179,320000000,2.006121,2.007550,0.727613,0.222114,-0.486162,0.214324,-0.600000,0.206235,-0.600000,0.206235,-0.600000,0.219628,0.033135,0.212667,0.026598,0.205333,0.019265,0.205333,0.019265,0,-33.172123,0.220000,0.205333,0.033932,0.019265,-0.580000,-0.600000,0.311127,0.110000,-0.584909,0
179,360000000,2.011763,2.014024,0.708337,0.214126,-0.480705,0.206235,-0.600000,0.198359,-0.600000,0.198359,-0.600000,0.212155,0.028991,0.205333,0.019265,0.198000,0.011932,0.198000,0.011932,0,-17.896440,0.212667,0.198000,0.026598,0.011932,-0.580000,-0.600000,0.311127,0.110000,-0.565633,0
179,380000000,2.014609,2.017121,0.698787,0.210324,-0.477515,0.198359,-0.600000,0.190722,-0.600000,0.190722,-0.600000,0.208701,0.026080,0.198000,0.011932,0.190667,0.004598,0.190667,0.004598,0,-14.647715,0.205333,0.190667,0.019265,0.004598,-0.580000,-0.600000,0.311127,0.110000,-0.556082,0
179,420000000,2.020333,2.022884,0.679949,0.200355,-0.468342,0.190722,-0.600000,0.183354,-0.600000,0.183354,-0.600000,0.199534,0.018117,0.190667,0.004598,0.183333,-0.002735,0.183333,-0.002735,0,-10.693158,0.198000,0.183333,0.011932,-0.002735,-0.580000,-0.600000,0.311127,0.110000,-0.537245,0
179,460000000,2.026057,2.027875,0.661472,0.189850,-0.461730,0.183354,-0.600000,0.176288,-0.600000,0.176288,-0.600000,0.189640,0.008910,0.183333,-0.002735,0.176000,-0.010068,0.176000,-0.010068,0,-8.227478,0.190667,0.176000,0.004598,-0.010068,-0.580000,-0.600000,0.311127,0.110000,-0.518767,0
179,480000000,2.028918,2.030144,0.652329,0.182546,-0.457114,0.176288,-0.600000,0.169562,-0.600000,0.169562,-0.600000,0.182528,0.002560,0.176000,-0.010068,0.168667,-0.017402,0.168667,-0.017402,0,-7.335891,0.183333,0.168667,-0.002735,-0.017402,-0.580000,-0.600000,0.311127,0.110000,-0.509625,0
179,520000000,2.034629,2.034261,0.634227,0.170090,-0.448873,0.169562,-0.600000,0.163218,-0.600000,0.163218,-0.600000,0.169873,-0.008600,0.168667,-0.017402,0.161333,-0.024735,0.161333,-0.024735,0,-5.965779,0.176000,0.161333,-0.010068,-0.024735,-0.580000,-0.600000,0.311127,0.110000,-0.491523,0
179,540000000,2.037469,2.036043,0.625299,0.167630,-0.446395,0.163218,-0.600000,0.157303,-0.600000,0.157303,-0.600000,0.167232,-0.011544,0.161333,-0.024735,0.154000,-0.032068,0.154000,-0.032068,0,-5.394664,0.168667,0.154000,-0.017402,-0.032068,-0.580000,-0.600000,0.311127,0.110000,-0.482595,0
179,580000000,2.043132,2.039244,0.607568,0.160846,-0.441766,0.157303,-0.600000,0.151867,-0.600000,0.151867,-0.600000,0.159790,-0.018406,0.154000,-0.032068,0.146667,-0.039402,0.146667,-0.039402,0,-4.468916,0.161333,0.146667,-0.024735,-0.039402,-0.580000,-0.600000,0.311127,0.110000,-0.464864,1
179,600000000,2.045966,2.040739,0.598739,0.160203,-0.441445,0.151867,-0.600000,0.144752,-0.600000,0.144752,-0.600000,0.159099,-0.018779,0.146667,-0.039402,0.139333,-0.039235,0.139333,-0.039235,0,-4.106264,0.154000,0.139333,-0.032068,-0.046735,-0.580000,-0.600000,0.311127,0.110000,-0.456035,1
179,640000000,2.051498,2.042913,0.581367,0.148459,-0.432810,0.144752,-0.600000,0.136610,-0.600000,0.136610,-0.600000,0.144937,-0.032146,0.139333,-0.039235,0.132000,-0.035188,0.132000,-0.035188,0,-3.374321,0.146667,0.132000,-0.031902,-0.046568,-0.580000,-0.600000,0.311127,0.110000,-0.438662,1
179,660000000,2.054187,2.043879,0.572507,0.142860,-0.442975,0.136610,-0.600000,0.129112,-0.600000,0.129112,-0.600000,0.139051,-0.032768,0.132000,-0.035188,0.124667,-0.033586,0.124667,-0.033586,0,-3.096427,0.139333,0.124667,-0.027854,-0.042521,-0.580000,-0.600000,0.311127,0.110000,-0.429803,1
179,700000000,2.059457,2.045702,0.554439,0.137385,-0.468131,0.129112,-0.600000,0.121447,-0.600000,0.121447,-0.600000,0.133747,-0.031403,0.124667,-0.033586,0.117333,-0.031339,0.117333,-0.031339,0,-2.686368,0.132000,0.117333,-0.026253,-0.040919,-0.580000,-0.600000,0.311127,0.110000,-0.411735,1
179,720000000,2.061877,2.046526,0.545395,0.127831,-0.452224,0.121447,-0.600000,0.114245,-0.600000,0.114245,-0.600000,0.124708,-0.028085,0.117333,-0.031339,0.110000,-0.030851,0.110000,-0.030851,0,-2.561711,0.124667,0.110000,-0.024006,-0.038673,-0.580000,-0.600000,0.311127,0.110000,-0.402691,1
179,760000000,2.066544,2.048054,0.527343,0.119730,-0.452408,0.114245,-0.600000,0.107092,-0.600000,0.107092,-0.600000,0.116878,-0.025975,0.110000,-0.030851,0.102667,-0.030468,0.102667,-0.030468,0,-2.386125,0.117333,0.102667,-0.023518,-0.038185,-0.580000,-0.600000,0.311127,0.110000,-0.384639,1
179,800000000,2.070894,2.049322,0.508849,0.108290,-0.471900,0.107092,-0.600000,0.100170,-0.600000,0.100170,-0.600000,0.104954,-0.026672,0.102667,-0.030468,0.095333,-0.030750,0.095333,-0.030750,0,-2.288757,0.110000,0.095333,-0.023135,-0.037801,-0.580000,-0.600000,0.311127,0.110000,-0.366144,1
179,820000000,2.072915,2.049862,0.499821,0.104560,-0.451375,0.100170,-0.600000,0.093318,-0.600000,0.093318,-0.600000,0.101488,-0.025160,0.095333,-0.030750,0.088000,-0.031052,0.088000,-0.031052,0,-2.259740,0.102667,0.088000,-0.023416,-0.038083,-0.580000,-0.600000,0.311127,0.110000,-0.357117,1
179,860000000,2.076785,2.050758,0.481576,0.097590,-0.452557,0.093318,-0.600000,0.086724,-0.600000,0.086724,-0.600000,0.094179,-0.025574,0.088000,-0.031052,0.080667,-0.031842,0.080667,-0.031842,0,-2.223774,0.095333,0.080667,-0.023719,-0.038385,-0.580000,-0.600000,0.311127,0.110000,-0.338871,1
179,880000000,2.078664,2.051124,0.472268,0.095709,-0.465369,0.086724,-0.600000,0.080136,-0.600000,0.080136,-0.600000,0.091862,-0.026863,0.080667,-0.031842,0.073333,-0.032310,0.073333,-0.032310,0,-2.213865,0.088000,0.073333,-0.024509,-0.039175,-0.580000,-0.600000,0.311127,0.110000,-0.329564,1
179,920000000,2.082022,2.051569,0.453780,0.083411,-0.458955,0.080136,-0.600000,0.073961,-0.600000,0.073961,-0.600000,0.078812,-0.027315,0.073333,-0.032310,0.066000,-0.033379,0.066000,-0.033379,0,-2.214652,0.080667,0.066000,-0.024977,-0.039644,-0.580000,-0.600000,0.311127,0.110000,-0.311076,1
179,940000000,2.083570,2.051701,0.444626,0.077695,-0.457738,0.073961,-0.600000,0.067791,-0.600000,0.067791,-0.600000,0.072615,-0.027634,0.066000,-0.033379,0.058667,-0.033969,0.058667,-0.033969,0,-2.222048,0.073333,0.058667,-0.026046,-0.040713,-0.580000,-0.600000,0.311127,0.110000,-0.301921,1
179,980000000,2.086529,2.051800,0.425970,0.070890,-0.477325,0.067791,-0.600000,0.062255,-0.600000,0.062255,-0.600000,0.064025,-0.030432,0.058667,-0.033969,0.051333,-0.035222,0.051333,-0.035222,0,-2.245124,0.066000,0.051333,-0.026636,-0.041302,-0.580000,-0.600000,0.311127,0.110000,-0.283266,1
180,20000000,2.089080,2.051627,0.407579,0.063227,-0.462328,0.062255,-0.600000,0.057186,-0.600000,0.057186,-0.600000,0.055549,-0.030200,0.051333,-0.035222,0.044000,-0.036527,0.044000,-0.036527,0,-2.280528,0.058667,0.044000,-0.027889,-0.042556,-0.580000,-0.600000,0.311127,0.110000,-0.264875,1
180,40000000,2.090245,2.051458,0.398434,0.058840,-0.457289,0.057186,-0.600000,0.052219,-0.600000,0.052219,-0.600000,0.050256,-0.030603,0.044000,-0.036527,0.036667,-0.037180,0.036667,-0.037180,0,-2.300631,0.051333,0.036667,-0.029193,-0.043860,-0.580000,-0.600000,0.311127,0.110000,-0.255729,1
180,60000000,2.091388,2.051253,0.389188,0.058079,-0.462278,0.052219,-0.600000,0.047880,-0.600000,0.047880,-0.600000,0.048888,-0.031356,0.036667,-0.037180,0.029333,-0.037843,0.029333,-0.037843,0,-2.321650,0.044000,0.029333,-0.029846,-0.044513,-0.580000,-0.600000,0.311127,0.110000,-0.246484,1
180,100000000,2.093433,2.050675,0.370719,0.052698,-0.465430,0.047880,-0.600000,0.044928,-0.600000,0.044928,-0.600000,0.041256,-0.032787,0.029333,-0.037843,0.022000,-0.039173,0.022000,-0.039173,0,-2.369124,0.036667,0.022000,-0.030509,-0.045176,-0.580000,-0.600000,0.311127,0.110000,-0.228015,1
180,120000000,2.094229,2.050250,0.361374,0.045110,-0.467275,0.044928,-0.600000,0.042494,-0.600000,0.042494,-0.600000,0.029598,-0.034042,0.022000,-0.039173,0.014667,-0.039883,0.014667,-0.039883,0,-2.400737,0.029333,0.014667,-0.031840,-0.046507,-0.580000,-0.600000,0.311127,0.110000,-0.218669,1
180,160000000,2.095631,2.049298,0.342875,0.041145,-0.463042,0.042494,-0.600000,0.041934,-0.580000,0.041934,-0.580000,0.021469,-0.035099,0.014667,-0.039883,0.007333,-0.041288,0.007333,-0.041288,0,-2.466835,0.022000,0.007333,-0.032549,-0.047216,-0.580000,-0.600000,0.311127,0.110000,-0.200171,1
180,180000000,2.096215,2.048735,0.333473,0.040560,-0.470097,0.041934,-0.580000,0.041991,-0.560000,0.041991,-0.560000,0.018208,-0.036244,0.007333,-0.041288,0.000000,-0.041991,0.000000,-0.041991,0,-2.502739,0.014667,0.000000,-0.033954,-0.048621,-0.560000,-0.600000,0.311127,0.110000,-0.190769,1
180,220000000,2.096942,2.047404,0.314932,0.037713,-0.461490,0.041991,-0.560000,0.043992,-0.540000,0.043992,-0.540000,0.006303,-0.037182,0.000000,-0.041991,-0.007333,-0.043377,-0.007333,-0.043377,0,-2.583930,0.007333,-0.007333,-0.034658,-0.049324,-0.540000,-0.580000,0.311127,0.110000,-0.172227,1
180,240000000,2.097192,2.046678,0.305552,0.038375,-0.468964,0.043992,-0.540000,0.046465,-0.520000,0.046465,-0.520000,0.000000,-0.038375,-0.007333,-0.043377,-0.014667,-0.044090,-0.014667,-0.044090,0,-2.628632,0.000000,-0.014667,-0.036043,-0.050710,-0.520000,-0.560000,0.311127,0.110000,-0.162848,1
180,280000000,2.097480,2.045101,0.286491,0.042436,-0.490426,0.046465,-0.520000,0.050563,-0.500000,0.050563,-0.500000,-0.008177,-0.041641,-0.014667,-0.044090,-0.022000,-0.045526,-0.022000,-0.045526,0,-2.724697,-0.007333,-0.022000,-0.036756,-0.051423,-0.500000,-0.540000,0.311127,0.110000,-0.143787,1
180,300000000,2.097489,2.044232,0.276735,0.043479,-0.487797,0.050563,-0.500000,0.054767,-0.480000,0.054767,-0.480000,-0.011623,-0.041896,-0.022000,-0.045526,-0.029333,-0.046249,-0.029333,-0.046249,0,-2.777105,-0.014667,-0.029333,-0.038193,-0.052860,-0.480000,-0.520000,0.311127,0.110000,-0.134031,1
180,340000000,2.097310,2.042397,0.257121,0.047320,-0.493339,0.054767,-0.480000,0.060128,-0.460000,0.060128,-0.460000,-0.018112,-0.043717,-0.029333,-0.046249,-0.036667,-0.047655,-0.036667,-0.047655,0,-2.886023,-0.022000,-0.036667,-0.038916,-0.053582,-0.460000,-0.500000,0.311127,0.110000,-0.114416,1
180,360000000,2.097082,2.041427,0.247465,0.049865,-0.482771,0.060128,-0.460000,0.065334,-0.440000,0.065334,-0.440000,-0.023134,-0.044174,-0.036667,-0.047655,-0.044000,-0.048297,-0.044000,-0.048297,0,-2.941348,-0.029333,-0.044000,-0.040321,-0.054988,-0.440000,-0.480000,0.311127,0.110000,-0.104761,1
180,400000000,2.096198,2.039334,0.228892,0.057036,-0.459938,0.065334,-0.440000,0.071199,-0.420000,0.071199,-0.420000,-0.034556,-0.045377,-0.044000,-0.048297,-0.051333,-0.049337,-0.051333,-0.049337,0,-3.051598,-0.036667,-0.051333,-0.040963,-0.055630,-0.420000,-0.460000,0.311127,0.110000,-0.086187,1
180,440000000,2.095012,2.037167,0.211213,0.062303,-0.436900,0.071199,-0.420000,0.077135,-0.400000,0.077135,-0.400000,-0.041796,-0.046204,-0.051333,-0.049337,-0.058667,-0.050081,-0.058667,-0.050081,0,-3.155487,-0.044000,-0.058667,-0.042004,-0.056670,-0.400000,-0.440000,0.311127,0.110000,-0.068509,1
180,460000000,2.094246,2.036041,0.202692,0.068096,-0.426058,0.077135,-0.400000,0.083016,-0.380000,0.083016,-0.380000,-0.049030,-0.047256,-0.058667,-0.050081,-0.066000,-0.050356,-0.066000,-0.050356,0,-3.208055,-0.051333,-0.066000,-0.042747,-0.057414,-0.380000,-0.420000,0.311127,0.110000,-0.059988,1
180,500000000,2.092362,2.033712,0.186311,0.075597,-0.404130,0.083016,-0.380000,0.089150,-0.360000,0.089150,-0.360000,-0.058554,-0.047815,-0.066000,-0.050356,-0.073333,-0.050694,-0.073333,-0.050694,0,-3.314326,-0.058667,-0.073333,-0.043022,-0.057689,-0.360000,-0.400000,0.311127,0.110000,-0.043607,1
