sec,nsec,x,y,yaw,v_real,w_real,v_now,w_now,v_cmd,w_cmd,v_nav,w_nav,vx_real,vy_real,vx_now,vy_now,vx_cmd,vy_cmd,vx_nav,vy_nav,velocity_violation,curvature,dw_vx_max,dw_vx_min,dw_vy_max,dw_vy_min,dw_w_max,dw_w_min,v_reg,lookahead_dist,lookahead_yaw,is_accel
31,140000000,0.000000,0.000000,0.000000,0.000000,0.000000,0.000000,0.000000,0.007333,-0.000000,0.007333,-0.000000,0.000000,0.000000,0.000000,0.000000,0.007333,-0.000000,0.007333,-0.000000,0,-0.000000,0.007333,-0.007333,0.007333,-0.007333,0.020000,-0.020000,0.311127,0.110000,-0.000000,1
31,180000000,0.000026,0.000000,-0.000027,0.001315,-0.001351,0.007333,-0.000000,0.014667,0.000076,0.014667,0.000076,0.001315,0.000000,0.007333,-0.000000,0.014667,0.000008,0.014667,0.000008,0,0.000483,0.014667,0.000000,0.007333,-0.007333,0.020000,-0.020000,0.311127,0.110000,0.000027,1
31,220000000,0.000290,0.000000,-0.000297,0.006590,-0.006754,0.014667,0.000076,0.022000,0.000841,0.022000,0.000841,0.006590,0.000000,0.014667,0.000008,0.022000,0.000091,0.022000,0.000091,0,0.005325,0.022000,0.007333,0.007342,-0.007325,0.020076,-0.019924,0.311127,0.110000,0.000297,1
31,240000000,0.000527,0.000001,-0.000539,0.011858,-0.012099,0.022000,0.000841,0.029334,0.001525,0.029334,0.001525,0.011858,0.000000,0.022000,0.000091,0.029333,0.000165,0.029333,0.000165,0,0.009656,0.029333,0.014667,0.007424,-0.007242,0.020841,-0.019159,0.311127,0.110000,0.000539,1
31,280000000,0.001227,-0.000018,-0.001354,0.021796,-0.027317,0.029334,0.001525,0.036670,0.003830,0.036670,0.003830,0.021796,0.000000,0.029333,0.000165,0.036667,0.000472,0.036667,0.000472,0,0.027573,0.036667,0.022000,0.007499,-0.007168,0.021525,-0.018475,0.311127,0.110000,0.001354,1
31,300000000,0.001758,-0.000021,-0.001826,0.026569,-0.023601,0.036670,0.003830,0.044004,0.005165,0.044004,0.005165,0.026569,0.000000,0.036667,0.000472,0.044000,0.000627,0.044000,0.000627,0,0.036615,0.044000,0.029333,0.007805,-0.006861,0.023830,-0.016170,0.311127,0.110000,0.001826,1
31,340000000,0.002993,-0.000022,-0.002877,0.033201,-0.027704,0.044004,0.005165,0.051342,0.008138,0.051342,0.008138,0.033201,0.000000,0.044000,0.000627,0.051333,0.000956,0.051333,0.000956,0,0.055893,0.051333,0.036667,0.007960,-0.006707,0.025165,-0.014835,0.311127,0.110000,0.002877,1
31,360000000,0.003657,-0.000021,-0.003433,0.033196,-0.027772,0.051342,0.008138,0.058678,0.009709,0.058678,0.009709,0.033196,0.000000,0.051333,0.000956,0.058667,0.001129,0.058667,0.001129,0,0.065960,0.058667,0.044000,0.008290,-0.006377,0.028138,-0.011862,0.311127,0.110000,0.003433,1
31,400000000,0.005483,-0.000017,-0.004917,0.046438,-0.036502,0.058678,0.009709,0.066019,0.013907,0.066019,0.013907,0.046438,0.000000,0.058667,0.001129,0.066000,0.001578,0.066000,0.001578,0,0.092213,0.066000,0.051333,0.008462,-0.006205,0.029709,-0.010291,0.311127,0.110000,0.004917,1
31,440000000,0.007537,-0.000009,-0.006533,0.053037,-0.041714,0.066019,0.013907,0.073362,0.018478,0.073362,0.018478,0.053037,0.000000,0.066000,0.001578,0.073333,0.002058,0.073333,0.002058,0,0.120278,0.073333,0.058667,0.008911,-0.005755,0.033907,-0.006093,0.311127,0.110000,0.006533,1
31,460000000,0.008697,-0.000007,-0.007443,0.057995,-0.045493,0.073362,0.018478,0.080700,0.021051,0.080700,0.021051,0.057995,0.000000,0.073333,0.002058,0.080667,0.002335,0.080667,0.002335,0,0.136456,0.080667,0.066000,0.009392,-0.005275,0.038478,-0.001522,0.311127,0.110000,0.007443,1
31,500000000,0.011345,0.000021,-0.009320,0.066177,-0.047141,0.080700,0.021051,0.088046,0.026361,0.088046,0.026361,0.066165,0.001251,0.080667,0.002335,0.088000,0.002840,0.088000,0.002840,0,0.165939,0.088000,0.073333,0.009668,-0.004998,0.041051,0.001051,0.311127,0.110000,0.009320,1
31,520000000,0.012798,0.000035,-0.010353,0.072644,-0.051659,0.088046,0.026361,0.095384,0.029283,0.095384,0.029283,0.072630,0.001410,0.088000,0.002840,0.095333,0.003122,0.095333,0.003122,0,0.182436,0.095333,0.080667,0.010173,-0.004494,0.046361,0.006361,0.311127,0.110000,0.010353,1
31,560000000,0.015933,0.000061,-0.012573,0.084085,-0.058797,0.095384,0.029283,0.102735,0.035562,0.102735,0.035562,0.084067,0.001734,0.095333,0.003122,0.102667,0.003738,0.102667,0.003738,0,0.218431,0.102667,0.088000,0.010455,-0.004211,0.049283,0.009283,0.311127,0.110000,0.012573,1
31,580000000,0.017650,0.000076,-0.013733,0.085851,-0.058022,0.102735,0.035562,0.110075,0.038844,0.110075,0.038844,0.085831,0.001851,0.102667,0.003738,0.110000,0.004058,0.110000,0.004058,0,0.237160,0.110000,0.095333,0.011071,-0.003596,0.055562,0.015562,0.311127,0.110000,0.013733,1
31,620000000,0.021283,0.000102,-0.016057,0.092552,-0.058101,0.110075,0.038844,0.117428,0.045416,0.117428,0.045416,0.092528,0.002072,0.110000,0.004058,0.117333,0.004707,0.117333,0.004707,0,0.275048,0.117333,0.102667,0.011392,-0.003275,0.058844,0.018844,0.311127,0.110000,0.016057,1
31,660000000,0.025268,0.000118,-0.018449,0.105870,-0.061068,0.117428,0.045416,0.124784,0.052181,0.124784,0.052181,0.105843,0.002399,0.117333,0.004707,0.124667,0.005405,0.124667,0.005405,0,0.315848,0.124667,0.110000,0.012040,-0.002627,0.065416,0.025416,0.311127,0.110000,0.018449,1
31,680000000,0.027388,0.000122,-0.019662,0.106011,-0.060666,0.124784,0.052181,0.132126,0.055612,0.132126,0.055612,0.105988,0.002204,0.124667,0.005405,0.132000,0.005772,0.132000,0.005772,0,0.337319,0.132000,0.117333,0.012738,-0.001929,0.072181,0.032181,0.311127,0.110000,0.019662,1
31,720000000,0.031858,0.000120,-0.022057,0.112864,-0.059604,0.132126,0.055612,0.139486,0.062387,0.139486,0.062387,0.112842,0.002267,0.132000,0.005772,0.139333,0.006523,0.139333,0.006523,0,0.381194,0.139333,0.124667,0.013106,-0.001561,0.075612,0.035612,0.311127,0.110000,0.022057,1
31,740000000,0.034236,0.000110,-0.023294,0.118874,-0.061821,0.139486,0.062387,0.146831,0.065884,0.146831,0.065884,0.118853,0.002223,0.139333,0.006523,0.146667,0.006935,0.146667,0.006935,0,0.405257,0.146667,0.132000,0.013856,-0.000810,0.082387,0.042387,0.311127,0.110000,0.023294,1
31,780000000,0.039145,0.000070,-0.025763,0.125674,-0.062044,0.146831,0.065884,0.154198,0.072868,0.154198,0.072868,0.125657,0.002064,0.146667,0.006935,0.154000,0.007818,0.154000,0.007818,0,0.456863,0.154000,0.139333,0.014268,-0.000399,0.085884,0.045884,0.311127,0.110000,0.025763,1
31,800000000,0.041815,0.000043,-0.027013,0.133503,-0.062496,0.154198,0.072868,0.161546,0.076403,0.161546,0.076403,0.133485,0.002224,0.154000,0.007818,0.161333,0.008281,0.161333,0.008281,0,0.483902,0.161333,0.146667,0.015151,0.000485,0.092868,0.052868,0.311127,0.110000,0.027013,1
31,840000000,0.047354,-0.000025,-0.029433,0.140670,-0.059787,0.161546,0.076403,0.168919,0.083249,0.168919,0.083249,0.140652,0.002276,0.161333,0.008281,0.168667,0.009227,0.168667,0.009227,0,0.539240,0.168667,0.154000,0.015614,0.000947,0.096403,0.056403,0.311127,0.110000,0.029433,1
31,860000000,0.050172,-0.000069,-0.030603,0.140942,-0.058508,0.168919,0.083249,0.176268,0.086559,0.176268,0.086559,0.140927,0.002043,0.168667,0.009227,0.176000,0.009716,0.176000,0.009716,0,0.567761,0.176000,0.161333,0.016561,0.001894,0.103249,0.063249,0.311127,0.110000,0.030603,1
31,900000000,0.056345,-0.000169,-0.032944,0.155022,-0.057669,0.176268,0.086559,0.183647,0.093178,0.183647,0.093178,0.155005,0.002316,0.176000,0.009716,0.183333,0.010725,0.183333,0.010725,0,0.626777,0.183333,0.168667,0.017049,0.002382,0.106559,0.066559,0.311127,0.110000,0.032944,1
31,920000000,0.059531,-0.000232,-0.034095,0.159306,-0.057570,0.183647,0.093178,0.190999,0.096435,0.190999,0.096435,0.159291,0.002207,0.183333,0.010725,0.190667,0.011261,0.190667,0.011261,0,0.658081,0.190667,0.176000,0.018059,0.003392,0.113178,0.073178,0.311127,0.110000,0.034095,1
31,960000000,0.066072,-0.000386,-0.036328,0.164618,-0.055035,0.190999,0.096435,0.198387,0.102752,0.198387,0.102752,0.164607,0.001889,0.190667,0.011261,0.198000,0.012391,0.198000,0.012391,0,0.724109,0.198000,0.183333,0.018594,0.003928,0.116435,0.076435,0.311127,0.110000,0.036328,1
32,0,0.073159,-0.000557,-0.038443,0.177466,-0.051517,0.198387,0.102752,0.205779,0.108733,0.205779,0.108733,0.177452,0.002209,0.198000,0.012391,0.205333,0.013532,0.205333,0.013532,0,0.790772,0.205333,0.190667,0.019724,0.005058,0.122752,0.082752,0.311127,0.110000,0.038443,1
32,20000000,0.076823,-0.000647,-0.039418,0.183271,-0.048733,0.205779,0.108733,0.213133,0.111490,0.213133,0.111490,0.183251,0.002655,0.205333,0.013532,0.212667,0.014088,0.212667,0.014088,0,0.823304,0.212667,0.198000,0.020865,0.006198,0.128733,0.088733,0.311127,0.110000,0.039418,1
32,60000000,0.084414,-0.000838,-0.041226,0.194375,-0.044696,0.213133,0.111490,0.220524,0.116604,0.220524,0.116604,0.194351,0.003052,0.212667,0.014088,0.220000,0.015190,0.220000,0.015190,0,0.887711,0.220000,0.205333,0.021422,0.006755,0.131490,0.091490,0.311127,0.110000,0.041226,1
32,80000000,0.088416,-0.000937,-0.042058,0.200161,-0.041617,0.220524,0.116604,0.220561,0.118958,0.220561,0.118958,0.200132,0.003409,0.220000,0.015190,0.220000,0.015728,0.220000,0.015728,0,0.919119,0.220000,0.212667,0.022524,0.007857,0.136604,0.096604,0.311127,0.110000,0.042058,1
32,120000000,0.096633,-0.001139,-0.043523,0.208271,-0.034707,0.220561,0.118958,0.220637,0.123101,0.220637,0.123101,0.208234,0.003942,0.220000,0.015728,0.220000,0.016755,0.220000,0.016755,0,0.979156,0.220000,0.212667,0.023061,0.008395,0.138958,0.098958,0.311127,0.110000,0.043523,1
32,140000000,0.100809,-0.001244,-0.044145,0.208877,-0.031128,0.220637,0.123101,0.220675,0.124862,0.220675,0.124862,0.208840,0.003945,0.220000,0.016755,0.220000,0.017243,0.220000,0.017243,0,1.007684,0.220000,0.212667,0.024089,0.009422,0.143101,0.103101,0.311127,0.110000,0.044145,1
32,180000000,0.109196,-0.001404,-0.044961,0.209999,-0.018017,0.220675,0.124862,0.220731,0.127169,0.220731,0.127169,0.209929,0.005422,0.220000,0.017243,0.220000,0.017949,0.220000,0.017949,0,1.048897,0.220000,0.212667,0.024577,0.009910,0.144862,0.104862,0.311127,0.110000,0.044961,1
32,200000000,0.113406,-0.001477,-0.045234,0.210562,-0.013652,0.220731,0.127169,0.220755,0.127942,0.220755,0.127942,0.210481,0.005817,0.220000,0.017949,0.220000,0.018242,0.220000,0.018242,0,1.066009,0.220000,0.212667,0.025282,0.010615,0.147169,0.107169,0.311127,0.110000,0.045234,1
32,240000000,0.121859,-0.001611,-0.045523,0.211613,-0.004890,0.220755,0.127942,0.220794,0.128757,0.220794,0.128757,0.211515,0.006437,0.220000,0.018242,0.220000,0.018709,0.220000,0.018709,0,1.093328,0.220000,0.212667,0.025575,0.010908,0.147942,0.107942,0.311127,0.110000,0.045523,1
32,280000000,0.130353,-0.001706,-0.045450,0.212587,0.003574,0.220794,0.128757,0.220815,0.128552,0.220815,0.128552,0.212456,0.007441,0.220000,0.018709,0.220000,0.018953,0.220000,0.018953,0,1.107607,0.220000,0.212667,0.026042,0.011376,0.148757,0.108757,0.311127,0.110000,0.045450,1
32,300000000,0.134613,-0.001742,-0.045295,0.213038,0.007753,0.220815,0.128552,0.220820,0.128113,0.220820,0.128113,0.212893,0.007853,0.220000,0.018953,0.220000,0.019007,0.220000,0.019007,0,1.110770,0.220000,0.212667,0.026287,0.011620,0.148552,0.108552,0.311127,0.110000,0.045295,1
32,340000000,0.143161,-0.001798,-0.044812,0.213927,0.013234,0.220820,0.128113,0.220820,0.126749,0.220820,0.126749,0.213761,0.008438,0.220000,0.019007,0.220000,0.019016,0.220000,0.019016,0,1.111268,0.220000,0.212667,0.026341,0.011674,0.148113,0.108113,0.311127,0.110000,0.044812,1
32,360000000,0.147448,-0.001818,-0.044481,0.214338,0.016574,0.220820,0.126749,0.220816,0.125811,0.220816,0.125811,0.214166,0.008574,0.220000,0.019016,0.220000,0.018969,0.220000,0.018969,0,1.108522,0.220000,0.212667,0.026349,0.011683,0.146749,0.106749,0.311127,0.110000,0.044481,1
32,400000000,0.156044,-0.001839,-0.043673,0.215076,0.021653,0.220816,0.125811,0.220800,0.123526,0.220800,0.123526,0.214885,0.009062,0.220000,0.018969,0.220000,0.018778,0.220000,0.018778,0,1.097351,0.220000,0.212667,0.026302,0.011636,0.145811,0.105811,0.311127,0.110000,0.043673,1
32,420000000,0.160352,-0.001843,-0.043199,0.215421,0.023720,0.220800,0.123526,0.220789,0.122185,0.220789,0.122185,0.215228,0.009122,0.220000,0.018778,0.220000,0.018643,0.220000,0.018643,0,1.089489,0.220000,0.212667,0.026111,0.011445,0.143526,0.103526,0.311127,0.110000,0.043199,1
32,460000000,0.168988,-0.001838,-0.042151,0.216050,0.027491,0.220789,0.122185,0.220760,0.119222,0.220760,0.119222,0.215844,0.009445,0.220000,0.018643,0.220000,0.018303,0.220000,0.018303,0,1.069615,0.220000,0.212667,0.025977,0.011310,0.142185,0.102185,0.311127,0.110000,0.042151,1
32,480000000,0.173315,-0.001829,-0.041559,0.216344,0.029612,0.220760,0.119222,0.220743,0.117547,0.220743,0.117547,0.216135,0.009513,0.220000,0.018303,0.220000,0.018093,0.220000,0.018093,0,1.057327,0.220000,0.212667,0.025637,0.010970,0.139222,0.099222,0.311127,0.110000,0.041559,1
32,520000000,0.181984,-0.001793,-0.040254,0.216856,0.032834,0.220743,0.117547,0.220702,0.113855,0.220702,0.113855,0.216637,0.009746,0.220000,0.018093,0.220000,0.017586,0.220000,0.017586,0,1.027701,0.220000,0.212667,0.025426,0.010760,0.137547,0.097547,0.311127,0.110000,0.040254,1
32,540000000,0.186327,-0.001769,-0.039549,0.217107,0.035229,0.220702,0.113855,0.220679,0.111862,0.220679,0.111862,0.216883,0.009864,0.220000,0.017586,0.220000,0.017299,0.220000,0.017299,0,1.010913,0.220000,0.212667,0.024919,0.010253,0.133855,0.093855,0.311127,0.110000,0.039549,1
32,580000000,0.195022,-0.001718,-0.038142,0.217479,0.036089,0.220679,0.111862,0.220634,0.107883,0.220634,0.107883,0.217259,0.009778,0.220000,0.017299,0.220000,0.016719,0.220000,0.016719,0,0.977012,0.220000,0.212667,0.024632,0.009965,0.131862,0.091862,0.311127,0.110000,0.038142,1
32,600000000,0.199374,-0.001684,-0.037376,0.217583,0.038299,0.220634,0.107883,0.220609,0.105716,0.220609,0.105716,0.217358,0.009893,0.220000,0.016719,0.220000,0.016385,0.220000,0.016385,0,0.957530,0.220000,0.212667,0.024052,0.009385,0.127883,0.087883,0.311127,0.110000,0.037376,1
32,620000000,0.203729,-0.001645,-0.036578,0.217778,0.039926,0.220609,0.105716,0.220583,0.103458,0.220583,0.103458,0.217548,0.010018,0.220000,0.016385,0.220000,0.016025,0.220000,0.016025,0,0.936505,0.220000,0.212667,0.023719,0.009052,0.125716,0.085716,0.311127,0.110000,0.036578,1
32,660000000,0.212432,-0.001549,-0.034877,0.217631,0.043424,0.220583,0.103458,0.220526,0.098646,0.220526,0.098646,0.217392,0.010194,0.220000,0.016025,0.220000,0.015226,0.220000,0.015226,0,0.889806,0.220000,0.212667,0.023359,0.008692,0.123458,0.083458,0.311127,0.110000,0.034877,1
32,680000000,0.216784,-0.001492,-0.033969,0.217626,0.045407,0.220526,0.098646,0.220496,0.096078,0.220496,0.096078,0.217380,0.010349,0.220000,0.015226,0.220000,0.014782,0.220000,0.014782,0,0.863836,0.220000,0.212667,0.022560,0.007893,0.118646,0.078646,0.311127,0.110000,0.033969,1
32,720000000,0.225487,-0.001352,-0.032007,0.217520,0.050572,0.220496,0.096078,0.220431,0.090529,0.220431,0.090529,0.217254,0.010739,0.220000,0.014782,0.220000,0.013779,0.220000,0.013779,0,0.805236,0.220000,0.212667,0.022115,0.007449,0.116078,0.076078,0.311127,0.110000,0.032007,1
32,740000000,0.229826,-0.001272,-0.030948,0.217011,0.052948,0.220431,0.090529,0.220397,0.087534,0.220397,0.087534,0.216740,0.010843,0.220000,0.013779,0.220000,0.013222,0.220000,0.013222,0,0.772700,0.220000,0.212667,0.021113,0.006446,0.110529,0.070529,0.311127,0.110000,0.030948,1
32,780000000,0.238493,-0.001088,-0.028679,0.216453,0.058075,0.220397,0.087534,0.220327,0.081117,0.220327,0.081117,0.216169,0.011076,0.220000,0.013222,0.220000,0.011997,0.220000,0.011997,0,0.701082,0.220000,0.212667,0.020556,0.005889,0.107534,0.067534,0.311127,0.110000,0.028679,1
32,800000000,0.242822,-0.000985,-0.027488,0.216542,0.059582,0.220327,0.081117,0.220292,0.077747,0.220292,0.077747,0.216252,0.011212,0.220000,0.011997,0.220000,0.011335,0.220000,0.011335,0,0.662425,0.220000,0.212667,0.019330,0.004664,0.101117,0.061117,0.311127,0.110000,0.027488,1
32,840000000,0.251444,-0.000764,-0.024930,0.215480,0.064550,0.220292,0.077747,0.220223,0.070514,0.220223,0.070514,0.215192,0.011143,0.220000,0.011335,0.220000,0.009916,0.220000,0.009916,0,0.579499,0.220000,0.212667,0.018669,0.004002,0.097747,0.057747,0.311127,0.110000,0.024930,1
32,880000000,0.260052,-0.000523,-0.022271,0.215283,0.066824,0.220223,0.070514,0.220161,0.062990,0.220161,0.062990,0.214997,0.011093,0.220000,0.009916,0.220000,0.008406,0.220000,0.008406,0,0.491233,0.220000,0.212667,0.017250,0.002583,0.090514,0.050514,0.311127,0.110000,0.022271,1
32,900000000,0.264359,-0.000402,-0.020896,0.215467,0.068719,0.220161,0.062990,0.220132,0.059103,0.220132,0.059103,0.215202,0.010684,0.220000,0.008406,0.220000,0.007636,0.220000,0.007636,0,0.446257,0.220000,0.212667,0.015739,0.001073,0.082990,0.042990,0.311127,0.110000,0.020896,1
32,940000000,0.272950,-0.000195,-0.018363,0.214847,0.062229,0.220132,0.059103,0.220089,0.051938,0.220089,0.051938,0.214649,0.009226,0.220000,0.007636,0.220000,0.006264,0.220000,0.006264,0,0.366062,0.220000,0.212667,0.014970,0.000303,0.079103,0.039103,0.311127,0.110000,0.018363,1
32,960000000,0.277256,-0.000107,-0.017219,0.215343,0.057213,0.220089,0.051938,0.220073,0.048702,0.220073,0.048702,0.215187,0.008193,0.220000,0.006264,0.220000,0.005660,0.220000,0.005660,0,0.330787,0.220000,0.212667,0.013597,-0.001069,0.071938,0.031938,0.311127,0.110000,0.017219,1
33,0,0.285929,-0.000006,-0.015486,0.217017,0.039259,0.220073,0.048702,0.220053,0.043801,0.220053,0.043801,0.216954,0.005225,0.220000,0.005660,0.220000,0.004834,0.220000,0.004834,0,0.282492,0.220000,0.212667,0.012994,-0.001673,0.068702,0.028702,0.311127,0.110000,0.015486,1
33,20000000,0.290292,0.000005,-0.014895,0.218152,0.029526,0.220053,0.043801,0.220048,0.042131,0.220048,0.042131,0.218118,0.003855,0.220000,0.004834,0.220000,0.004619,0.220000,0.004619,0,0.269934,0.220000,0.212667,0.012167,-0.002499,0.063801,0.023801,0.311127,0.110000,0.014895,1
33,60000000,0.299073,-0.000035,-0.014188,0.219662,0.016254,0.220048,0.042131,0.220046,0.040131,0.220046,0.040131,0.219653,0.001927,0.220000,0.004619,0.220000,0.004514,0.220000,0.004514,0,0.263802,0.220000,0.212667,0.011952,-0.002714,0.062131,0.022131,0.311127,0.110000,0.014188,1
33,80000000,0.303467,-0.000057,-0.013852,0.219686,0.016848,0.220046,0.040131,0.220045,0.039178,0.220045,0.039178,0.219677,0.001975,0.220000,0.004514,0.220000,0.004472,0.220000,0.004472,0,0.261316,0.220000,0.212667,0.011848,-0.002819,0.060131,0.020131,0.311127,0.110000,0.013852,1
33,120000000,0.312256,-0.000102,-0.013249,0.219733,0.015489,0.220045,0.039178,0.220044,0.037473,0.220044,0.037473,0.219725,0.001909,0.220000,0.004472,0.220000,0.004410,0.220000,0.004410,0,0.257714,0.220000,0.212667,0.011805,-0.002862,0.059178,0.019178,0.311127,0.110000,0.013249,1
33,160000000,0.321046,-0.000136,-0.012612,0.219772,0.016166,0.220044,0.037473,0.220042,0.035672,0.220042,0.035672,0.219763,0.002027,0.220000,0.004410,0.220000,0.004308,0.220000,0.004308,0,0.251758,0.220000,0.212667,0.011743,-0.002923,0.057473,0.017473,0.311127,0.110000,0.012612,1
33,180000000,0.325442,-0.000150,-0.012314,0.219790,0.014892,0.220042,0.035672,0.220041,0.034829,0.220041,0.034829,0.219780,0.002025,0.220000,0.004308,0.220000,0.004256,0.220000,0.004256,0,0.248689,0.220000,0.212667,0.011641,-0.003025,0.055672,0.015672,0.311127,0.110000,0.012314,1
33,220000000,0.334235,-0.000173,-0.011732,0.219821,0.014820,0.220041,0.034829,0.220039,0.033182,0.220039,0.033182,0.219811,0.002098,0.220000,0.004256,0.220000,0.004140,0.220000,0.004140,0,0.241921,0.220000,0.212667,0.011589,-0.003078,0.054829,0.014829,0.311127,0.110000,0.011732,1
33,240000000,0.338631,-0.000181,-0.011435,0.219835,0.014850,0.220039,0.033182,0.220038,0.032342,0.220038,0.032342,0.219825,0.002137,0.220000,0.004140,0.220000,0.004070,0.220000,0.004070,0,0.237865,0.220000,0.212667,0.011473,-0.003194,0.053182,0.013182,0.311127,0.110000,0.011435,1
33,280000000,0.347425,-0.000194,-0.010853,0.219861,0.013808,0.220038,0.032342,0.220035,0.030697,0.220035,0.030697,0.219851,0.002097,0.220000,0.004070,0.220000,0.003924,0.220000,0.003924,0,0.229332,0.220000,0.212667,0.011404,-0.003263,0.052342,0.012342,0.311127,0.110000,0.010853,1
33,300000000,0.351823,-0.000197,-0.010565,0.219872,0.014402,0.220035,0.030697,0.220034,0.029882,0.220034,0.029882,0.219861,0.002166,0.220000,0.003924,0.220000,0.003845,0.220000,0.003845,0,0.224711,0.220000,0.212667,0.011258,-0.003409,0.050697,0.010697,0.311127,0.110000,0.010565,1
33,340000000,0.360618,-0.000202,-0.010006,0.219892,0.014028,0.220034,0.029882,0.220031,0.028301,0.220031,0.028301,0.219881,0.002147,0.220000,0.003845,0.220000,0.003685,0.220000,0.003685,0,0.215359,0.220000,0.212667,0.011179,-0.003488,0.049882,0.009882,0.311127,0.110000,0.010006,1
33,360000000,0.365016,-0.000202,-0.009724,0.219901,0.014111,0.220031,0.028301,0.220029,0.027503,0.220029,0.027503,0.219890,0.002166,0.220000,0.003685,0.220000,0.003597,0.220000,0.003597,0,0.210229,0.220000,0.212667,0.011019,-0.003648,0.048301,0.008301,0.311127,0.110000,0.009724,1
33,400000000,0.373813,-0.000198,-0.009149,0.219916,0.014395,0.220029,0.027503,0.220026,0.025877,0.220026,0.025877,0.219906,0.002193,0.220000,0.003597,0.220000,0.003406,0.220000,0.003406,0,0.199021,0.220000,0.212667,0.010931,-0.003736,0.047503,0.007503,0.311127,0.110000,0.009149,1
33,440000000,0.382610,-0.000192,-0.008614,0.219930,0.013606,0.220026,0.025877,0.220024,0.024364,0.220024,0.024364,0.219920,0.002108,0.220000,0.003406,0.220000,0.003224,0.220000,0.003224,0,0.188382,0.220000,0.212667,0.010739,-0.003928,0.045877,0.005877,0.311127,0.110000,0.008614,1
33,460000000,0.387009,-0.000189,-0.008356,0.219935,0.012880,0.220024,0.024364,0.220022,0.023636,0.220022,0.023636,0.219926,0.002021,0.220000,0.003224,0.220000,0.003135,0.220000,0.003135,0,0.183176,0.220000,0.212667,0.010557,-0.004110,0.044364,0.004364,0.311127,0.110000,0.008356,1
33,500000000,0.395806,-0.000180,-0.007844,0.219946,0.012620,0.220022,0.023636,0.220020,0.022186,0.220020,0.022186,0.219937,0.001972,0.220000,0.003135,0.220000,0.002950,0.220000,0.002950,0,0.172368,0.220000,0.212667,0.010468,-0.004199,0.043636,0.003636,0.311127,0.110000,0.007844,1
33,520000000,0.400205,-0.000177,-0.007608,0.219950,0.011808,0.220020,0.022186,0.220019,0.021518,0.220019,0.021518,0.219942,0.001871,0.220000,0.002950,0.220000,0.002866,0.220000,0.002866,0,0.167499,0.220000,0.212667,0.010283,-0.004384,0.042186,0.002186,0.311127,0.110000,0.007608,1
33,560000000,0.409004,-0.000167,-0.007139,0.219958,0.011260,0.220019,0.021518,0.220017,0.020192,0.220017,0.020192,0.219951,0.001778,0.220000,0.002866,0.220000,0.002695,0.220000,0.002695,0,0.157476,0.220000,0.212667,0.010200,-0.004467,0.041518,0.001518,0.311127,0.110000,0.007139,1
33,580000000,0.413403,-0.000162,-0.006907,0.219962,0.011599,0.220017,0.020192,0.220015,0.019536,0.220015,0.019536,0.219954,0.001817,0.220000,0.002695,0.220000,0.002607,0.220000,0.002607,0,0.152351,0.220000,0.212667,0.010028,-0.004639,0.040192,0.000192,0.311127,0.110000,0.006907,1
33,620000000,0.422202,-0.000155,-0.006491,0.219968,0.010485,0.220015,0.019536,0.220014,0.018358,0.220014,0.018358,0.219962,0.001653,0.220000,0.002607,0.220000,0.002457,0.220000,0.002457,0,0.143590,0.220000,0.212667,0.009940,-0.004726,0.039536,-0.000464,0.311127,0.110000,0.006491,1
33,640000000,0.426601,-0.000150,-0.006284,0.219971,0.010324,0.220014,0.018358,0.220013,0.017774,0.220013,0.017774,0.219965,0.001625,0.220000,0.002457,0.220000,0.002380,0.220000,0.002380,0,0.139101,0.220000,0.212667,0.009790,-0.004876,0.038358,-0.001642,0.311127,0.110000,0.006284,1
33,680000000,0.435400,-0.000139,-0.005871,0.219976,0.010158,0.220013,0.017774,0.220011,0.016606,0.220011,0.016606,0.219970,0.001585,0.220000,0.002380,0.220000,0.002220,0.220000,0.002220,0,0.129742,0.220000,0.212667,0.009714,-0.004953,0.037774,-0.002226,0.311127,0.110000,0.005871,1
33,720000000,0.444199,-0.000130,-0.005492,0.219979,0.009437,0.220011,0.016606,0.220010,0.015535,0.220010,0.015535,0.219974,0.001480,0.220000,0.002220,0.220000,0.002075,0.220000,0.002075,0,0.121279,0.220000,0.212667,0.009553,-0.005113,0.036606,-0.003394,0.311127,0.110000,0.005492,1
33,740000000,0.448599,-0.000125,-0.005313,0.219981,0.008972,0.220010,0.015535,0.220009,0.015027,0.220009,0.015027,0.219977,0.001400,0.220000,0.002075,0.220000,0.002007,0.220000,0.002007,0,0.117310,0.220000,0.212667,0.009409,-0.005258,0.035535,-0.004465,0.311127,0.110000,0.005313,1
33,780000000,0.457398,-0.000116,-0.004965,0.219984,0.008184,0.220009,0.015027,0.220008,0.014044,0.220008,0.014044,0.219980,0.001281,0.220000,0.002007,0.220000,0.001874,0.220000,0.001874,0,0.109488,0.220000,0.212667,0.009341,-0.005326,0.035027,-0.004973,0.311127,0.110000,0.004965,1
33,800000000,0.461798,-0.000112,-0.004800,0.219986,0.008265,0.220008,0.014044,0.220007,0.013576,0.220007,0.013576,0.219982,0.001281,0.220000,0.001874,0.220000,0.001810,0.220000,0.001810,0,0.105794,0.220000,0.212667,0.009207,-0.005460,0.034044,-0.005956,0.311127,0.110000,0.004800,1
33,840000000,0.470597,-0.000104,-0.004483,0.219988,0.007805,0.220007,0.013576,0.220006,0.012680,0.220006,0.012680,0.219985,0.001207,0.220000,0.001810,0.220000,0.001688,0.220000,0.001688,0,0.098665,0.220000,0.212667,0.009144,-0.005523,0.033576,-0.006424,0.311127,0.110000,0.004483,1
33,860000000,0.474997,-0.000099,-0.004323,0.219971,0.008006,0.220006,0.012680,0.220006,0.012227,0.220006,0.012227,0.219967,0.001221,0.220000,0.001688,0.220000,0.001624,0.220000,0.001624,0,0.094913,0.220000,0.212667,0.009022,-0.005645,0.032680,-0.007320,0.311127,0.110000,0.004323,1
33,900000000,0.483794,-0.000090,-0.004023,0.219991,0.007158,0.220006,0.012227,0.220005,0.011379,0.220005,0.011379,0.219988,0.001098,0.220000,0.001624,0.220000,0.001506,0.220000,0.001506,0,0.088000,0.220000,0.212667,0.008957,-0.005709,0.032227,-0.007773,0.311127,0.110000,0.004023,1
33,920000000,0.488194,-0.000086,-0.003884,0.219991,0.006935,0.220005,0.011379,0.220005,0.010986,0.220005,0.010986,0.219989,0.001055,0.220000,0.001506,0.220000,0.001452,0.220000,0.001452,0,0.084861,0.220000,0.212667,0.008839,-0.005827,0.031379,-0.008621,0.311127,0.110000,0.003884,1
33,960000000,0.496993,-0.000078,-0.003616,0.219982,0.006328,0.220005,0.010986,0.220004,0.010227,0.220004,0.010227,0.219982,0.000000,0.220000,0.001452,0.220000,0.001347,0.220000,0.001347,0,0.078703,0.220000,0.212667,0.008785,-0.005881,0.030986,-0.009014,0.311127,0.110000,0.003616,1
33,980000000,0.501393,-0.000075,-0.003490,0.219991,0.006312,0.220004,0.010227,0.220004,0.009870,0.220004,0.009870,0.219991,0.000000,0.220000,0.001347,0.220000,0.001298,0.220000,0.001298,0,0.075849,0.220000,0.212667,0.008680,-0.005987,0.030227,-0.009773,0.311127,0.110000,0.003490,1
34,20000000,0.510193,-0.000069,-0.003249,0.219993,0.005922,0.220004,0.009870,0.220003,0.009189,0.220003,0.009189,0.219993,0.000000,0.220000,0.001298,0.220000,0.001205,0.220000,0.001205,0,0.070392,0.220000,0.212667,0.008631,-0.006035,0.029870,-0.010130,0.311127,0.110000,0.003249,1
34,60000000,0.518985,-0.000055,-0.002959,0.219625,0.008405,0.220003,0.009189,0.220003,0.008369,0.220003,0.008369,0.219622,0.001151,0.220000,0.001205,0.220000,0.001076,0.220000,0.001076,0,0.062861,0.220000,0.212667,0.008538,-0.006129,0.029189,-0.010811,0.311127,0.110000,0.002959,1
34,80000000,0.523379,-0.000036,-0.002713,0.219722,0.012311,0.220003,0.008369,0.220002,0.007672,0.220002,0.007672,0.219716,0.001579,0.220000,0.001076,0.220000,0.000945,0.220000,0.000945,0,0.055224,0.220000,0.212667,0.008409,-0.006258,0.028369,-0.011631,0.311127,0.110000,0.002713,1
34,120000000,0.532180,0.000005,-0.002201,0.220011,0.012711,0.220002,0.007672,0.220001,0.006227,0.220001,0.006227,0.220006,0.001559,0.220000,0.000945,0.220000,0.000670,0.220000,0.000670,0,0.039131,0.220000,0.212667,0.008278,-0.006388,0.027672,-0.012328,0.311127,0.110000,0.002201,1
34,140000000,0.536580,0.000025,-0.001965,0.220010,0.011821,0.220001,0.006227,0.220001,0.005558,0.220001,0.005558,0.220005,0.001413,0.220000,0.000670,0.220000,0.000542,0.220000,0.000542,0,0.031666,0.220000,0.212667,0.008003,-0.006664,0.026227,-0.013773,0.311127,0.110000,0.001965,1
34,180000000,0.545380,0.000060,-0.001529,0.220007,0.010207,0.220001,0.005558,0.220000,0.004324,0.220000,0.004324,0.220004,0.001144,0.220000,0.000542,0.220000,0.000306,0.220000,0.000306,0,0.017891,0.220000,0.212667,0.007875,-0.006791,0.025558,-0.014442,0.311127,0.110000,0.001529,1
34,200000000,0.549780,0.000072,-0.001352,0.220004,0.008811,0.220000,0.004324,0.220000,0.003825,0.220000,0.003825,0.220004,0.000000,0.220000,0.000306,0.220000,0.000218,0.220000,0.000218,0,0.012734,0.220000,0.212667,0.007639,-0.007027,0.024324,-0.015676,0.311127,0.110000,0.001352,1
34,240000000,0.558580,0.000089,-0.001048,0.220003,0.007110,0.220000,0.003825,0.220000,0.002965,0.220000,0.002965,0.220003,0.000000,0.220000,0.000218,0.220000,0.000073,0.220000,0.000073,0,0.004287,0.220000,0.212667,0.007551,-0.007115,0.023825,-0.016175,0.311127,0.110000,0.001048,1
34,260000000,0.562974,0.000092,-0.000958,0.219704,0.004487,0.220000,0.002965,0.220000,0.002711,0.220000,0.002711,0.219704,0.000000,0.220000,0.000073,0.220000,0.000039,0.220000,0.000039,0,0.002279,0.220000,0.212667,0.007407,-0.007260,0.022965,-0.017035,0.311127,0.110000,0.000958,1
34,300000000,0.571771,0.000082,-0.000888,0.219996,0.001172,0.220000,0.002711,0.220000,0.002510,0.220000,0.002510,0.219996,0.000000,0.220000,0.000039,0.220000,0.000045,0.220000,0.000045,0,0.002658,0.220000,0.212667,0.007372,-0.007294,0.022711,-0.017289,0.311127,0.110000,0.000888,1
34,340000000,0.580570,0.000069,-0.000845,0.219999,0.001052,0.220000,0.002510,0.220000,0.002389,0.220000,0.002389,0.219999,0.000000,0.220000,0.000045,0.220000,0.000069,0.220000,0.000069,0,0.004031,0.220000,0.212667,0.007379,-0.007288,0.022510,-0.017490,0.311127,0.110000,0.000845,1
34,360000000,0.584970,0.000063,-0.000822,0.219980,0.001163,0.220000,0.002389,0.220000,0.002324,0.220000,0.002324,0.219980,0.000000,0.220000,0.000069,0.220000,0.000078,0.220000,0.000078,0,0.004586,0.220000,0.212667,0.007402,-0.007264,0.022389,-0.017611,0.311127,0.110000,0.000822,1
34,400000000,0.593765,0.000062,-0.000699,0.219932,0.003714,0.220000,0.002324,0.220000,0.001978,0.220000,0.001978,0.219932,0.000000,0.220000,0.000078,0.220000,0.000043,0.220000,0.000043,0,0.002492,0.220000,0.212667,0.007412,-0.007255,0.022324,-0.017676,0.311127,0.110000,0.000699,1
34,420000000,0.598160,0.000061,-0.000653,0.219781,0.002329,0.220000,0.001978,0.220000,0.001846,0.220000,0.001846,0.219781,0.000000,0.220000,0.000043,0.220000,0.000032,0.220000,0.000032,0,0.001854,0.220000,0.212667,0.007376,-0.007291,0.021978,-0.018022,0.311127,0.110000,0.000653,1
34,460000000,0.606952,0.000058,-0.000566,0.219799,0.001989,0.220000,0.001846,0.220000,0.001602,0.220000,0.001602,0.219799,0.000000,0.220000,0.000032,0.220000,0.000012,0.220000,0.000012,0,0.000719,0.220000,0.212667,0.007365,-0.007302,0.021846,-0.018154,0.311127,0.110000,0.000566,1
34,480000000,0.611349,0.000055,-0.000537,0.219865,0.001461,0.220000,0.001602,0.220000,0.001520,0.220000,0.001520,0.219865,0.000000,0.220000,0.000012,0.220000,0.000010,0.220000,0.000010,0,0.000605,0.220000,0.212667,0.007346,-0.007321,0.021602,-0.018398,0.311127,0.110000,0.000537,1
34,520000000,0.620149,0.000046,-0.000520,0.219999,0.000000,0.220000,0.001520,0.220000,0.001470,0.220000,0.001470,0.219999,0.000000,0.220000,0.000010,0.220000,0.000031,0.220000,0.000031,0,0.001803,0.220000,0.212667,0.007344,-0.007323,0.021520,-0.018480,0.311127,0.110000,0.000520,1
34,540000000,0.624549,0.000042,-0.000512,0.219999,0.000000,0.220000,0.001470,0.220000,0.001449,0.220000,0.001449,0.219999,0.000000,0.220000,0.000031,0.220000,0.000041,0.220000,0.000041,0,0.002378,0.220000,0.212667,0.007364,-0.007302,0.021470,-0.018530,0.311127,0.110000,0.000512,1
34,580000000,0.633349,0.000034,-0.000498,0.219999,0.000000,0.220000,0.001449,0.220000,0.001408,0.220000,0.001408,0.219999,0.000000,0.220000,0.000041,0.220000,0.000059,0.220000,0.000059,0,0.003426,0.220000,0.212667,0.007374,-0.007293,0.021449,-0.018551,0.311127,0.110000,0.000498,1
34,600000000,0.637749,0.000030,-0.000490,0.219999,0.000000,0.220000,0.001408,0.220000,0.001387,0.220000,0.001387,0.219999,0.000000,0.220000,0.000059,0.220000,0.000066,0.220000,0.000066,0,0.003885,0.220000,0.212667,0.007392,-0.007275,0.021408,-0.018592,0.311127,0.110000,0.000490,1
34,640000000,0.646549,0.000024,-0.000474,0.219999,0.000000,0.220000,0.001387,0.220000,0.001342,0.220000,0.001342,0.219999,0.000000,0.220000,0.000066,0.220000,0.000080,0.220000,0.000080,0,0.004661,0.220000,0.212667,0.007400,-0.007267,0.021387,-0.018613,0.311127,0.110000,0.000474,1
34,660000000,0.650949,0.000021,-0.000466,0.219999,0.000000,0.220000,0.001342,0.220000,0.001319,0.220000,0.001319,0.219999,0.000000,0.220000,0.000080,0.220000,0.000085,0.220000,0.000085,0,0.004981,0.220000,0.212667,0.007413,-0.007254,0.021342,-0.018658,0.311127,0.110000,0.000466,1
34,700000000,0.659749,0.000016,-0.000450,0.220000,0.000000,0.220000,0.001319,0.220000,0.001272,0.220000,0.001272,0.220000,0.000000,0.220000,0.000085,0.220000,0.000094,0.220000,0.000094,0,0.005501,0.220000,0.212667,0.007419,-0.007248,0.021319,-0.018681,0.311127,0.110000,0.000450,1
34,720000000,0.664149,0.000014,-0.000442,0.220000,0.000000,0.220000,0.001272,0.220000,0.001250,0.220000,0.001250,0.220000,0.000000,0.220000,0.000094,0.220000,0.000098,0.220000,0.000098,0,0.005708,0.220000,0.212667,0.007427,-0.007239,0.021272,-0.018728,0.311127,0.110000,0.000442,1
34,760000000,0.672949,0.000010,-0.000425,0.220000,0.000000,0.220000,0.001250,0.220000,0.001203,0.220000,0.001203,0.220000,0.000000,0.220000,0.000098,0.220000,0.000103,0.220000,0.000103,0,0.006026,0.220000,0.212667,0.007431,-0.007236,0.021250,-0.018750,0.311127,0.110000,0.000425,1
34,780000000,0.677349,0.000009,-0.000417,0.220000,0.000000,0.220000,0.001203,0.220000,0.001179,0.220000,0.001179,0.220000,0.000000,0.220000,0.000103,0.220000,0.000105,0.220000,0.000105,0,0.006144,0.220000,0.212667,0.007436,-0.007230,0.021203,-0.018797,0.311127,0.110000,0.000417,1
34,820000000,0.686149,0.000006,-0.000400,0.220000,0.000000,0.220000,0.001179,0.220000,0.001130,0.220000,0.001130,0.220000,0.000000,0.220000,0.000105,0.220000,0.000108,0.220000,0.000108,0,0.006305,0.220000,0.212667,0.007438,-0.007228,0.021179,-0.018821,0.311127,0.110000,0.000400,1
34,840000000,0.690549,0.000005,-0.000390,0.220000,0.000000,0.220000,0.001130,0.220000,0.001104,0.220000,0.001104,0.220000,0.000000,0.220000,0.000108,0.220000,0.000109,0.220000,0.000109,0,0.006349,0.220000,0.212667,0.007441,-0.007225,0.021130,-0.018870,0.311127,0.110000,0.000390,1
34,880000000,0.699349,0.000002,-0.000374,0.220000,0.000000,0.220000,0.001104,0.220000,0.001057,0.220000,0.001057,0.220000,0.000000,0.220000,0.000109,0.220000,0.000109,0.220000,0.000109,0,0.006392,0.220000,0.212667,0.007442,-0.007225,0.021104,-0.018896,0.311127,0.110000,0.000374,1
34,900000000,0.703749,0.000002,-0.000365,0.220000,0.000000,0.220000,0.001057,0.220000,0.001032,0.220000,0.001032,0.220000,0.000000,0.220000,0.000109,0.220000,0.000109,0.220000,0.000109,0,0.006383,0.220000,0.212667,0.007443,-0.007224,0.021057,-0.018943,0.311127,0.110000,0.000365,1
34,940000000,0.712549,-0.000000,-0.000347,0.220000,0.000000,0.220000,0.001032,0.220000,0.000981,0.220000,0.000981,0.220000,0.000000,0.220000,0.000109,0.220000,0.000108,0.220000,0.000108,0,0.006309,0.220000,0.212667,0.007443,-0.007224,0.021032,-0.018968,0.311127,0.110000,0.000347,1
34,980000000,0.721349,-0.000001,-0.000330,0.220000,0.000000,0.220000,0.000981,0.220000,0.000933,0.220000,0.000933,0.220000,0.000000,0.220000,0.000108,0.220000,0.000106,0.220000,0.000106,0,0.006196,0.220000,0.212667,0.007441,-0.007225,0.020981,-0.019019,0.311127,0.110000,0.000330,1
35,0,0.725749,-0.000002,-0.000322,0.220000,0.000000,0.220000,0.000933,0.220000,0.000910,0.220000,0.000910,0.220000,0.000000,0.220000,0.000106,0.220000,0.000105,0.220000,0.000105,0,0.006132,0.220000,0.212667,0.007439,-0.007227,0.020933,-0.019067,0.311127,0.110000,0.000322,1
35,40000000,0.734549,-0.000003,-0.000305,0.220000,0.000000,0.220000,0.000910,0.220000,0.000863,0.220000,0.000863,0.220000,0.000000,0.220000,0.000105,0.220000,0.000102,0.220000,0.000102,0,0.005963,0.220000,0.212667,0.007438,-0.007228,0.020910,-0.019090,0.311127,0.110000,0.000305,1
35,60000000,0.738949,-0.000003,-0.000297,0.220000,0.000000,0.220000,0.000863,0.220000,0.000841,0.220000,0.000841,0.220000,0.000000,0.220000,0.000102,0.220000,0.000101,0.220000,0.000101,0,0.005876,0.220000,0.212667,0.007435,-0.007231,0.020863,-0.019137,0.311127,0.110000,0.000297,1
35,100000000,0.747749,-0.000003,-0.000282,0.220000,0.000000,0.220000,0.000841,0.220000,0.000797,0.220000,0.000797,0.220000,0.000000,0.220000,0.000101,0.220000,0.000097,0.220000,0.000097,0,0.005683,0.220000,0.212667,0.007434,-0.007233,0.020841,-0.019159,0.311127,0.110000,0.000282,1
35,120000000,0.752149,-0.000004,-0.000274,0.220000,0.000000,0.220000,0.000797,0.220000,0.000775,0.220000,0.000775,0.220000,0.000000,0.220000,0.000097,0.220000,0.000095,0.220000,0.000095,0,0.005572,0.220000,0.212667,0.007431,-0.007236,0.020797,-0.019203,0.311127,0.110000,0.000274,1
35,160000000,0.760949,-0.000004,-0.000260,0.220000,0.000000,0.220000,0.000775,0.220000,0.000735,0.220000,0.000735,0.220000,0.000000,0.220000,0.000095,0.220000,0.000092,0.220000,0.000092,0,0.005366,0.220000,0.212667,0.007429,-0.007238,0.020775,-0.019225,0.311127,0.110000,0.000260,1
35,180000000,0.765349,-0.000004,-0.000252,0.220000,0.000000,0.220000,0.000735,0.220000,0.000714,0.220000,0.000714,0.220000,0.000000,0.220000,0.000092,0.220000,0.000090,0.220000,0.000090,0,0.005250,0.220000,0.212667,0.007425,-0.007242,0.020735,-0.019265,0.311127,0.110000,0.000252,1
35,220000000,0.774149,-0.000004,-0.000238,0.220000,0.000000,0.220000,0.000714,0.220000,0.000673,0.220000,0.000673,0.220000,0.000000,0.220000,0.000090,0.220000,0.000086,0.220000,0.000086,0,0.005002,0.220000,0.212667,0.007423,-0.007243,0.020714,-0.019286,0.311127,0.110000,0.000238,1
35,240000000,0.778549,-0.000004,-0.000231,0.220000,0.000000,0.220000,0.000673,0.220000,0.000654,0.220000,0.000654,0.220000,0.000000,0.220000,0.000086,0.220000,0.000084,0.220000,0.000084,0,0.004884,0.220000,0.212667,0.007419,-0.007248,0.020673,-0.019327,0.311127,0.110000,0.000231,1
35,260000000,0.782949,-0.000004,-0.000225,0.220000,0.000000,0.220000,0.000654,0.220000,0.000636,0.220000,0.000636,0.220000,0.000000,0.220000,0.000084,0.220000,0.000082,0.220000,0.000082,0,0.004773,0.220000,0.212667,0.007417,-0.007250,0.020654,-0.019346,0.311127,0.110000,0.000225,1
35,280000000,0.787349,-0.000004,-0.000218,0.220000,0.000000,0.220000,0.000636,0.220000,0.000617,0.220000,0.000617,0.220000,0.000000,0.220000,0.000082,0.220000,0.000080,0.220000,0.000080,0,0.004653,0.220000,0.212667,0.007415,-0.007252,0.020636,-0.019364,0.311127,0.110000,0.000218,1
35,320000000,0.796149,-0.000004,-0.000206,0.220000,0.000000,0.220000,0.000617,0.220000,0.000581,0.220000,0.000581,0.220000,0.000000,0.220000,0.000080,0.220000,0.000076,0.220000,0.000076,0,0.004419,0.220000,0.212667,0.007413,-0.007254,0.020617,-0.019383,0.311127,0.110000,0.000206,1
35,340000000,0.800549,-0.000004,-0.000199,0.220000,0.000000,0.220000,0.000581,0.220000,0.000564,0.220000,0.000564,0.220000,0.000000,0.220000,0.000076,0.220000,0.000074,0.220000,0.000074,0,0.004297,0.220000,0.212667,0.007409,-0.007258,0.020581,-0.019419,0.311127,0.110000,0.000199,1
35,380000000,0.809349,-0.000004,-0.000187,0.220000,0.000000,0.220000,0.000564,0.220000,0.000529,0.220000,0.000529,0.220000,0.000000,0.220000,0.000074,0.220000,0.000069,0.220000,0.000069,0,0.004052,0.220000,0.212667,0.007407,-0.007260,0.020564,-0.019436,0.311127,0.110000,0.000187,1
35,400000000,0.813749,-0.000004,-0.000181,0.220000,0.000000,0.220000,0.000529,0.220000,0.000513,0.220000,0.000513,0.220000,0.000000,0.220000,0.000069,0.220000,0.000067,0.220000,0.000067,0,0.003934,0.220000,0.212667,0.007403,-0.007264,0.020529,-0.019471,0.311127,0.110000,0.000181,1
35,440000000,0.822548,-0.000003,-0.000167,0.219977,0.000000,0.220000,0.000513,0.220000,0.000472,0.220000,0.000472,0.219977,0.000000,0.220000,0.000067,0.220000,0.000061,0.220000,0.000061,0,0.003586,0.220000,0.212667,0.007401,-0.007266,0.020513,-0.019487,0.311127,0.110000,0.000167,1
35,480000000,0.831347,-0.000002,-0.000147,0.219966,0.000000,0.220000,0.000472,0.220000,0.000416,0.220000,0.000416,0.219966,0.000000,0.220000,0.000061,0.220000,0.000052,0.220000,0.000052,0,0.003013,0.220000,0.212667,0.007395,-0.007272,0.020472,-0.019528,0.311127,0.110000,0.000147,1
35,500000000,0.835746,-0.000001,-0.000138,0.219967,0.000000,0.220000,0.000416,0.220000,0.000389,0.220000,0.000389,0.219967,0.000000,0.220000,0.000052,0.220000,0.000047,0.220000,0.000047,0,0.002739,0.220000,0.212667,0.007385,-0.007282,0.020416,-0.019584,0.311127,0.110000,0.000138,1
35,520000000,0.840146,-0.000001,-0.000129,0.219972,0.000000,0.220000,0.000389,0.220000,0.000366,0.220000,0.000366,0.219972,0.000000,0.220000,0.000047,0.220000,0.000043,0.220000,0.000043,0,0.002522,0.220000,0.212667,0.007380,-0.007286,0.020389,-0.019611,0.311127,0.110000,0.000129,1
35,560000000,0.848946,-0.000001,-0.000122,0.220000,0.000000,0.220000,0.000366,0.220000,0.000344,0.220000,0.000344,0.220000,0.000000,0.220000,0.000043,0.220000,0.000041,0.220000,0.000041,0,0.002388,0.220000,0.212667,0.007376,-0.007290,0.020366,-0.019634,0.311127,0.110000,0.000122,1
35,580000000,0.853346,-0.000001,-0.000118,0.220000,0.000000,0.220000,0.000344,0.220000,0.000334,0.220000,0.000334,0.220000,0.000000,0.220000,0.000041,0.220000,0.000040,0.220000,0.000040,0,0.002328,0.220000,0.212667,0.007374,-0.007292,0.020344,-0.019656,0.311127,0.110000,0.000118,1
35,620000000,0.862145,-0.000001,-0.000108,0.219981,0.000000,0.220000,0.000334,0.220000,0.000306,0.220000,0.000306,0.219981,0.000000,0.220000,0.000040,0.220000,0.000036,0.220000,0.000036,0,0.002119,0.220000,0.212667,0.007373,-0.007293,0.020334,-0.019666,0.311127,0.110000,0.000108,1
35,660000000,0.870945,0.000001,-0.000088,0.220000,0.000000,0.220000,0.000306,0.220000,0.000249,0.220000,0.000249,0.220000,0.000000,0.220000,0.000036,0.220000,0.000026,0.220000,0.000026,0,0.001507,0.220000,0.212667,0.007370,-0.007297,0.020306,-0.019694,0.311127,0.110000,0.000088,1
35,680000000,0.875345,0.000001,-0.000078,0.220000,0.000000,0.220000,0.000249,0.220000,0.000220,0.220000,0.000220,0.220000,0.000000,0.220000,0.000026,0.220000,0.000020,0.220000,0.000020,0,0.001175,0.220000,0.212667,0.007359,-0.007308,0.020249,-0.019751,0.311127,0.110000,0.000078,1
35,720000000,0.884145,0.000003,-0.000061,0.220000,0.000000,0.220000,0.000220,0.220000,0.020220,0.220000,0.020220,0.220000,0.000000,0.220000,0.000020,0.220000,0.000012,0.220000,0.000012,0,0.000674,0.220000,0.212667,0.007353,-0.007313,0.020220,-0.019780,0.311127,0.110000,1.570857,1
35,740000000,0.888545,0.000003,-0.000053,0.220000,0.000000,0.220000,0.020220,0.220000,0.040220,0.220000,0.040220,0.220000,0.000000,0.220000,0.000012,0.220000,0.000008,0.220000,0.000008,0,0.000452,0.220000,0.212667,0.007345,-0.007322,0.040220,0.000220,0.311127,0.110000,1.570850,1
35,780000000,0.897345,0.000004,0.000161,0.219999,0.010345,0.220000,0.040220,0.220122,0.060220,0.220122,0.060220,0.219999,0.000000,0.220000,0.000008,0.220000,0.007341,0.220000,0.007341,0,6.529885,0.220000,0.212667,0.007341,-0.007326,0.060220,0.020220,0.311127,0.110000,1.570636,1
35,800000000,0.901745,0.000006,0.000669,0.220000,0.025435,0.220122,0.060220,0.220489,0.080220,0.220489,0.080220,0.220000,0.000000,0.220000,0.007341,0.220000,0.014674,0.220000,0.014674,0,8.163868,0.220000,0.212667,0.014674,0.000008,0.080220,0.040220,0.311127,0.110000,1.570127,1
35,840000000,0.910545,0.000189,0.002150,0.220097,0.043216,0.220489,0.080220,0.221098,0.100220,0.221098,0.100220,0.219999,0.006559,0.220000,0.014674,0.220000,0.022008,0.220000,0.022008,0,10.549021,0.220000,0.212667,0.022008,0.007341,0.100220,0.060220,0.311127,0.110000,1.568646,1
35,860000000,0.914945,0.000332,0.003016,0.220098,0.043291,0.221098,0.100220,0.221948,0.120220,0.221948,0.120220,0.220000,0.006568,0.220000,0.022008,0.220000,0.029341,0.220000,0.029341,0,11.487089,0.220000,0.212667,0.029341,0.014674,0.120220,0.080220,0.311127,0.110000,1.567780,1
35,900000000,0.923754,0.001131,0.005166,0.221055,0.056464,0.221948,0.120220,0.219891,0.140220,0.219891,0.140220,0.220151,0.019968,0.220000,0.029341,0.216811,0.036674,0.216811,0.036674,0,13.040170,0.220000,0.212667,0.036674,0.022008,0.140220,0.100220,0.311127,0.110000,1.565630,1
35,920000000,0.928155,0.001623,0.006490,0.221406,0.066184,0.219891,0.140220,0.214051,0.160220,0.214051,0.160220,0.220174,0.023328,0.216811,0.036674,0.209478,0.044008,0.209478,0.044008,0,13.690634,0.220000,0.209478,0.044008,0.029341,0.160220,0.120220,0.311127,0.110000,1.564307,1
35,960000000,0.936885,0.002857,0.009529,0.219089,0.075960,0.214051,0.160220,0.208563,0.180220,0.208563,0.180220,0.216822,0.031437,0.209478,0.044008,0.202145,0.051341,0.202145,0.051341,0,14.791147,0.216811,0.202145,0.051341,0.036674,0.180220,0.140220,0.311127,0.110000,1.561268,1
36,0,0.945257,0.004560,0.013117,0.213592,0.090111,0.208563,0.180220,0.203455,0.200220,0.203455,0.200220,0.209771,0.040223,0.202145,0.051341,0.194811,0.058674,0.194811,0.058674,0,15.650366,0.209478,0.194811,0.058674,0.044008,0.200220,0.160220,0.311127,0.110000,1.557680,1
36,20000000,0.949297,0.005553,0.015279,0.207998,0.108130,0.203455,0.200220,0.198759,0.220220,0.198759,0.220220,0.202674,0.046759,0.194811,0.058674,0.187478,0.066008,0.187478,0.066008,0,16.005229,0.202145,0.187478,0.066008,0.051341,0.220220,0.180220,0.311127,0.110000,1.555517,1
36,60000000,0.957122,0.007789,0.019744,0.199257,0.113045,0.198759,0.220220,0.194502,0.240220,0.194502,0.240220,0.190648,0.057937,0.187478,0.066008,0.180145,0.073341,0.180145,0.073341,0,16.600415,0.194811,0.180145,0.073341,0.058674,0.240220,0.200220,0.311127,0.110000,1.551053,1
36,80000000,0.960854,0.009076,0.022216,0.197424,0.123643,0.194502,0.240220,0.190715,0.260220,0.190715,0.260220,0.187950,0.060423,0.180145,0.073341,0.172811,0.080674,0.172811,0.080674,0,16.843620,0.187478,0.172811,0.080674,0.066008,0.260220,0.220220,0.311127,0.110000,1.548580,1
36,120000000,0.968090,0.011877,0.027742,0.192788,0.143756,0.190715,0.260220,0.187425,0.280220,0.187425,0.280220,0.180679,0.067248,0.172811,0.080674,0.165478,0.088008,0.165478,0.088008,0,17.246970,0.180145,0.165478,0.088008,0.073341,0.280220,0.240220,0.311127,0.110000,1.543054,1
36,140000000,0.971650,0.013339,0.030560,0.192447,0.140895,0.187425,0.280220,0.184661,0.300220,0.184661,0.300220,0.180096,0.067830,0.165478,0.088008,0.158145,0.095341,0.158145,0.095341,0,17.416227,0.172811,0.158145,0.095341,0.080674,0.300220,0.260220,0.311127,0.110000,1.540237,1
36,180000000,0.978191,0.016782,0.036798,0.184726,0.157733,0.184661,0.300220,0.182445,0.320220,0.182445,0.320220,0.166151,0.080731,0.158145,0.095341,0.150811,0.102674,0.150811,0.102674,0,17.676206,0.165478,0.150811,0.102674,0.088008,0.320220,0.280220,0.311127,0.110000,1.533998,1
36,220000000,0.984450,0.020492,0.043752,0.181401,0.177573,0.182445,0.320220,0.180797,0.340220,0.180797,0.340220,0.158911,0.087484,0.150811,0.102674,0.143478,0.110008,0.143478,0.110008,0,17.869579,0.158145,0.143478,0.110008,0.095341,0.340220,0.300220,0.311127,0.110000,1.527044,1
36,240000000,0.987388,0.022515,0.047336,0.178362,0.179179,0.180797,0.340220,0.179734,0.360220,0.179734,0.360220,0.151381,0.094324,0.143478,0.110008,0.136145,0.117341,0.136145,0.117341,0,17.943041,0.150811,0.136145,0.117341,0.102674,0.360220,0.320220,0.311127,0.110000,1.523461,1
36,260000000,0.990175,0.024673,0.051148,0.176253,0.190623,0.179734,0.360220,0.179265,0.380220,0.179265,0.380220,0.144542,0.100861,0.136145,0.117341,0.128811,0.124674,0.128811,0.124674,0,18.002450,0.143478,0.128811,0.124674,0.110008,0.380220,0.340220,0.311127,0.110000,1.519648,1
36,300000000,0.995550,0.029176,0.059268,0.174662,0.211171,0.179265,0.380220,0.179396,0.400220,0.179396,0.400220,0.137454,0.107764,0.128811,0.124674,0.121478,0.132008,0.121478,0.132008,0,18.091462,0.136145,0.121478,0.132008,0.117341,0.400220,0.360220,0.311127,0.110000,1.511528,1
36,340000000,1.000456,0.034083,0.067909,0.172797,0.222145,0.179396,0.400220,0.180125,0.420220,0.180125,0.420220,0.123512,0.120845,0.121478,0.132008,0.114145,0.139341,0.114145,0.139341,0,18.144866,0.128811,0.114145,0.139341,0.124674,0.420220,0.380220,0.311127,0.110000,1.502887,1
36,360000000,1.002745,0.036678,0.072423,0.173024,0.225687,0.180125,0.420220,0.181444,0.440220,0.181444,0.440220,0.123324,0.121360,0.114145,0.139341,0.106811,0.146674,0.106811,0.146674,0,18.161343,0.121478,0.106811,0.146674,0.132008,0.440220,0.400220,0.311127,0.110000,1.498373,1
36,400000000,1.007037,0.042110,0.082119,0.173192,0.246273,0.181444,0.440220,0.183342,0.460220,0.183342,0.460220,0.116391,0.128253,0.106811,0.146674,0.099478,0.154008,0.099478,0.154008,0,18.178840,0.114145,0.099478,0.154008,0.139341,0.460220,0.420220,0.311127,0.110000,1.488677,1
36,420000000,1.009051,0.044935,0.087267,0.173500,0.257371,0.183342,0.460220,0.185800,0.480220,0.185800,0.480220,0.112322,0.132235,0.099478,0.154008,0.092145,0.161341,0.092145,0.161341,0,18.181601,0.106811,0.092145,0.161341,0.146674,0.480220,0.440220,0.311127,0.110000,1.483530,1
36,460000000,1.012874,0.050755,0.097887,0.174240,0.264276,0.185800,0.480220,0.188796,0.500220,0.188796,0.500220,0.107839,0.136859,0.092145,0.161341,0.084811,0.168674,0.084811,0.168674,0,18.178389,0.099478,0.084811,0.168674,0.154008,0.500220,0.460220,0.311127,0.110000,1.472909,1
36,480000000,1.014474,0.053903,0.103464,0.176582,0.278830,0.188796,0.500220,0.192306,0.520220,0.192306,0.520220,0.095446,0.148564,0.084811,0.168674,0.077478,0.176008,0.077478,0.176008,0,18.174433,0.092145,0.077478,0.176008,0.161341,0.520220,0.480220,0.311127,0.110000,1.467333,1
36,520000000,1.017461,0.060364,0.115085,0.179026,0.299314,0.192306,0.520220,0.196301,0.540220,0.196301,0.540220,0.088684,0.155517,0.077478,0.176008,0.070145,0.183341,0.070145,0.183341,0,18.163963,0.084811,0.070145,0.183341,0.168674,0.540220,0.500220,0.311127,0.110000,1.455711,1
36,540000000,1.018856,0.063668,0.121110,0.179333,0.301256,0.196301,0.540220,0.200754,0.560220,0.200754,0.560220,0.088812,0.155798,0.070145,0.183341,0.062811,0.190674,0.062811,0.190674,0,18.158028,0.077478,0.062811,0.190674,0.176008,0.560220,0.520220,0.311127,0.110000,1.449686,1
36,580000000,1.020995,0.070740,0.133487,0.185166,0.313333,0.200754,0.560220,0.205633,0.580220,0.205633,0.580220,0.075064,0.169269,0.062811,0.190674,0.055478,0.198008,0.055478,0.198008,0,18.150661,0.070145,0.055478,0.198008,0.183341,0.580220,0.540220,0.311127,0.110000,1.437309,1
36,600000000,1.021931,0.074368,0.139975,0.187332,0.324414,0.205633,0.580220,0.210910,0.600000,0.210910,0.600000,0.071144,0.173296,0.055478,0.198008,0.048145,0.205341,0.048145,0.205341,0,18.148289,0.062811,0.048145,0.205341,0.190674,0.600000,0.560220,0.311127,0.110000,1.430821,1
36,640000000,1.023478,0.081840,0.153336,0.192503,0.334093,0.210910,0.600000,0.216555,0.600000,0.216555,0.600000,0.062839,0.181958,0.048145,0.205341,0.040811,0.212674,0.040811,0.212674,0,18.147157,0.055478,0.040811,0.212674,0.198008,0.600000,0.580000,0.311127,0.110000,1.417460,1
36,660000000,1.023966,0.085763,0.160247,0.197673,0.345541,0.216555,0.600000,0.222533,0.600000,0.222533,0.600000,0.054802,0.189925,0.040811,0.212674,0.033478,0.220000,0.033478,0.220000,0,18.149762,0.048145,0.033478,0.220000,0.205341,0.600000,0.580000,0.311127,0.110000,1.410549,1
36,700000000,1.024701,0.093756,0.174006,0.202973,0.341459,0.222533,0.600000,0.221548,0.600000,0.221548,0.600000,0.048311,0.197140,0.033478,0.220000,0.026145,0.220000,0.026145,0.220000,0,18.156789,0.040811,0.026145,0.220000,0.212667,0.600000,0.580000,0.311127,0.110000,1.396790,1
36,740000000,1.024914,0.101956,0.187575,0.206970,0.334409,0.221548,0.600000,0.220803,0.600000,0.220803,0.600000,0.035904,0.203832,0.026145,0.220000,0.018811,0.220000,0.018811,0.220000,0,18.166615,0.033478,0.018811,0.220000,0.212667,0.600000,0.580000,0.311127,0.110000,1.383221,1
36,760000000,1.024821,0.106105,0.194316,0.207516,0.337033,0.220803,0.600000,0.220299,0.600000,0.220299,0.600000,0.034858,0.204568,0.018811,0.220000,0.011478,0.220000,0.011478,0.220000,0,18.171747,0.026145,0.011478,0.220000,0.212667,0.600000,0.580000,0.311127,0.110000,1.376481,1
36,800000000,1.024335,0.114374,0.207848,0.207065,0.338975,0.220299,0.600000,0.220039,0.600000,0.220039,0.600000,0.028138,0.205144,0.011478,0.220000,0.004145,0.220000,0.004145,0.220000,0,18.179711,0.018811,0.004145,0.220000,0.212667,0.600000,0.580000,0.311127,0.110000,1.362948,1
36,820000000,1.023990,0.118500,0.214659,0.207010,0.340541,0.220039,0.600000,0.220006,0.600000,0.220006,0.600000,0.026463,0.205311,0.004145,0.220000,-0.001618,0.220000,-0.001618,0.220000,0,18.181572,0.011478,-0.003189,0.220000,0.212667,0.600000,0.580000,0.311127,0.110000,1.356137,1
36,840000000,1.023377,0.122570,0.221393,0.205840,0.336675,0.220006,0.600000,0.220012,0.600000,0.220012,0.600000,0.014149,0.205353,-0.001618,0.220000,0.002254,0.220000,0.002254,0.220000,0,18.181341,0.005715,-0.008951,0.220000,0.212667,0.600000,0.580000,0.311127,0.110000,1.349404,1
36,880000000,1.021923,0.130686,0.234933,0.206201,0.338894,0.220012,0.600000,0.220209,0.600000,0.220209,0.600000,0.008929,0.206007,0.002254,0.220000,0.009587,0.220000,0.009587,0.220000,0,18.171128,0.009587,-0.005080,0.220000,0.212667,0.600000,0.580000,0.311127,0.110000,1.335863,1
36,920000000,1.020453,0.138849,0.249043,0.208102,0.363931,0.220209,0.600000,0.220650,0.600000,0.220650,0.600000,0.017567,0.207360,0.009587,0.220000,0.016920,0.220000,0.016920,0.220000,0,18.146861,0.016920,0.002254,0.220000,0.212667,0.600000,0.580000,0.311127,0.110000,1.321753,1
36,940000000,1.019799,0.142975,0.256115,0.208881,0.353568,0.220650,0.600000,0.221236,0.600000,0.221236,0.600000,0.019972,0.207924,0.016920,0.220000,0.023355,0.220000,0.023355,0.220000,0,18.130518,0.024254,0.009587,0.220000,0.212667,0.600000,0.580000,0.311127,0.110000,1.314682,1
36,960000000,1.019174,0.147123,0.263404,0.209741,0.364482,0.221236,0.600000,0.221700,0.600000,0.221700,0.600000,0.023164,0.208458,0.023355,0.220000,0.027405,0.220000,0.027405,0.220000,0,18.111149,0.030689,0.016022,0.220000,0.212667,0.600000,0.580000,0.311127,0.110000,1.307392,1
37,0,1.018029,0.155493,0.278302,0.211538,0.381481,0.221700,0.600000,0.222726,0.600000,0.222726,0.600000,0.029807,0.209428,0.027405,0.220000,0.034738,0.220000,0.034738,0.220000,0,18.064501,0.034738,0.020071,0.220000,0.212667,0.600000,0.580000,0.311127,0.110000,1.292495,1
37,40000000,1.017104,0.163997,0.293510,0.214153,0.385359,0.222726,0.600000,0.223987,0.600000,0.223987,0.600000,0.038704,0.210627,0.034738,0.220000,0.042071,0.220000,0.042071,0.220000,0,18.010490,0.042071,0.027405,0.220000,0.212667,0.600000,0.580000,0.311127,0.110000,1.277286,1
37,60000000,1.016703,0.168296,0.301202,0.215837,0.384560,0.223987,0.600000,0.224781,0.600000,0.224781,0.600000,0.043885,0.211329,0.042071,0.220000,0.046115,0.220000,0.046115,0.220000,0,17.980990,0.049405,0.034738,0.220000,0.212667,0.600000,0.580000,0.311127,0.110000,1.269595,1
37,100000000,1.015945,0.176946,0.317170,0.218129,0.411745,0.224781,0.600000,0.226332,0.600000,0.226332,0.600000,0.051831,0.211882,0.046115,0.220000,0.053160,0.220000,0.053160,0.220000,0,17.914448,0.053448,0.038782,0.220000,0.212667,0.600000,0.580000,0.311127,0.110000,1.253626,1
37,120000000,1.015634,0.181325,0.325138,0.219512,0.398382,0.226332,0.600000,0.227133,0.600000,0.227133,0.600000,0.054477,0.212645,0.053160,0.220000,0.056474,0.220000,0.056474,0.220000,0,17.879791,0.060494,0.045827,0.220000,0.212667,0.600000,0.580000,0.311127,0.110000,1.245658,1
37,160000000,1.015116,0.190170,0.341473,0.221927,0.406679,0.227133,0.600000,0.228819,0.600000,0.228819,0.600000,0.061016,0.213375,0.056474,0.220000,0.062913,0.220000,0.062913,0.220000,0,17.806219,0.063807,0.049140,0.220000,0.212667,0.600000,0.580000,0.311127,0.110000,1.229324,1
37,180000000,1.014866,0.194614,0.349937,0.222515,0.423218,0.228819,0.600000,0.229741,0.600000,0.229741,0.600000,0.063566,0.213242,0.062913,0.220000,0.066190,0.220000,0.066190,0.220000,0,17.765610,0.070247,0.055580,0.220000,0.212667,0.600000,0.580000,0.311127,0.110000,1.220859,1
37,220000000,1.014500,0.203628,0.366660,0.225807,0.419425,0.229741,0.600000,0.231569,0.600000,0.231569,0.600000,0.071108,0.214319,0.066190,0.220000,0.072278,0.220000,0.072278,0.220000,0,17.684389,0.073523,0.058856,0.220000,0.212667,0.600000,0.580000,0.311127,0.110000,1.204136,1
37,240000000,1.014304,0.208157,0.375084,0.226656,0.421185,0.231569,0.600000,0.232552,0.600000,0.232552,0.600000,0.073026,0.214570,0.072278,0.220000,0.075368,0.220000,0.075368,0.220000,0,17.640294,0.079612,0.064945,0.220000,0.212667,0.600000,0.580000,0.311127,0.110000,1.195713,1
37,280000000,1.013885,0.217254,0.392157,0.228591,0.431439,0.232552,0.600000,0.234668,0.600000,0.234668,0.600000,0.078024,0.214863,0.075368,0.220000,0.081664,0.220000,0.081664,0.220000,0,17.544324,0.082701,0.068034,0.220000,0.212667,0.600000,0.580000,0.311127,0.110000,1.178639,1
37,300000000,1.013672,0.221830,0.400728,0.229054,0.428508,0.234668,0.600000,0.235785,0.600000,0.235785,0.600000,0.078591,0.215149,0.081664,0.220000,0.084820,0.220000,0.084820,0.220000,0,17.493113,0.088997,0.074331,0.220000,0.212667,0.600000,0.580000,0.311127,0.110000,1.170069,1
37,340000000,1.013394,0.231104,0.418374,0.232721,0.436648,0.235785,0.600000,0.238019,0.600000,0.238019,0.600000,0.087340,0.215710,0.084820,0.220000,0.090847,0.220000,0.090847,0.220000,0,17.389466,0.092153,0.077487,0.220000,0.212667,0.600000,0.580000,0.311127,0.110000,1.152423,1
37,380000000,1.013069,0.240446,0.435952,0.234040,0.439879,0.238019,0.600000,0.240412,0.600000,0.240412,0.600000,0.090237,0.215945,0.090847,0.220000,0.096943,0.220000,0.096943,0.220000,0,17.276677,0.098180,0.083513,0.220000,0.212667,0.600000,0.580000,0.311127,0.110000,1.134844,1
37,400000000,1.012864,0.245122,0.444877,0.234056,0.446224,0.240412,0.600000,0.241715,0.600000,0.241715,0.600000,0.090499,0.215852,0.096943,0.220000,0.100131,0.220000,0.100131,0.220000,0,17.214480,0.104277,0.089610,0.220000,0.212667,0.600000,0.580000,0.311127,0.110000,1.125920,1
37,440000000,1.012515,0.254460,0.464694,0.233586,0.495252,0.241715,0.600000,0.244589,0.600000,0.244589,0.600000,0.095546,0.213151,0.100131,0.220000,0.106881,0.220000,0.106881,0.220000,0,17.075304,0.107464,0.092798,0.220000,0.212667,0.600000,0.580000,0.311127,0.110000,1.106102,1
37,460000000,1.012286,0.259139,0.474692,0.234231,0.499877,0.244589,0.600000,0.246150,0.600000,0.246150,0.600000,0.095762,0.213761,0.106881,0.220000,0.110408,0.220000,0.110408,0.220000,0,16.998494,0.114215,0.099548,0.220000,0.212667,0.600000,0.580000,0.311127,0.110000,1.096105,1
37,500000000,1.011771,0.268547,0.494712,0.236401,0.500990,0.246150,0.600000,0.249443,0.600000,0.249443,0.600000,0.100265,0.214085,0.110408,0.220000,0.117567,0.220000,0.117567,0.220000,0,16.833756,0.117742,0.103075,0.220000,0.212667,0.600000,0.580000,0.311127,0.110000,1.076085,1
37,540000000,1.011396,0.278144,0.514723,0.240022,0.499983,0.249443,0.600000,0.252680,0.600000,0.252680,0.600000,0.108420,0.214139,0.117567,0.220000,0.124287,0.220000,0.124287,0.220000,0,16.668098,0.124900,0.110234,0.220000,0.212667,0.600000,0.580000,0.311127,0.110000,1.056074,1
37,560000000,1.011245,0.283014,0.524723,0.243624,0.500000,0.252680,0.600000,0.254288,0.600000,0.254288,0.600000,0.114508,0.215036,0.124287,0.220000,0.127523,0.220000,0.127523,0.220000,0,16.584392,0.131620,0.116953,0.220000,0.212667,0.600000,0.580000,0.311127,0.110000,1.046074,1
37,600000000,1.010968,0.292860,0.544722,0.248549,0.500006,0.254288,0.600000,0.257537,0.600000,0.257537,0.600000,0.123501,0.215694,0.127523,0.220000,0.133885,0.220000,0.133885,0.220000,0,16.412279,0.134857,0.120190,0.220000,0.212667,0.600000,0.580000,0.311127,0.110000,1.026074,1
37,620000000,1.010859,0.297851,0.554721,0.249624,0.499929,0.257537,0.600000,0.259151,0.600000,0.259151,0.600000,0.125854,0.215575,0.133885,0.220000,0.136964,0.220000,0.136964,0.220000,0,16.325283,0.141218,0.126552,0.220000,0.212667,0.600000,0.580000,0.311127,0.110000,1.016075,1
37,660000000,1.010631,0.307935,0.574719,0.253276,0.499931,0.259151,0.600000,0.262445,0.600000,0.262445,0.600000,0.132263,0.215999,0.136964,0.220000,0.143099,0.220000,0.143099,0.220000,0,16.144581,0.144297,0.129631,0.220000,0.212667,0.600000,0.580000,0.311127,0.110000,0.996077,1
37,700000000,1.010414,0.318172,0.594717,0.258859,0.499920,0.262445,0.600000,0.265784,0.600000,0.265784,0.600000,0.141561,0.216722,0.143099,0.220000,0.149135,0.220000,0.149135,0.220000,0,15.956902,0.150432,0.135765,0.220000,0.212667,0.600000,0.580000,0.311127,0.110000,0.976079,1
37,720000000,1.010305,0.323344,0.604715,0.258678,0.499888,0.265784,0.600000,0.267475,0.600000,0.267475,0.600000,0.141575,0.216497,0.149135,0.220000,0.152128,0.220000,0.152128,0.220000,0,15.860128,0.156469,0.141802,0.220000,0.212667,0.600000,0.580000,0.311127,0.110000,0.966082,1
37,760000000,1.010083,0.333805,0.624709,0.262303,0.499729,0.267475,0.600000,0.270897,0.600000,0.270897,0.600000,0.147675,0.216783,0.152128,0.220000,0.158067,0.220000,0.158067,0.220000,0,15.660521,0.159462,0.144795,0.220000,0.212667,0.600000,0.580000,0.311127,0.110000,0.946088,1
37,780000000,1.009976,0.339111,0.634756,0.265334,0.502338,0.270897,0.600000,0.272626,0.600000,0.272626,0.600000,0.152020,0.217468,0.158067,0.220000,0.161012,0.220000,0.161012,0.220000,0,15.557743,0.165401,0.150734,0.220000,0.212667,0.600000,0.580000,0.311127,0.110000,0.936041,1
37,820000000,1.009777,0.349838,0.654750,0.268513,0.499865,0.272626,0.600000,0.276072,0.600000,0.276072,0.600000,0.157816,0.217241,0.161012,0.220000,0.166780,0.220000,0.166780,0.220000,0,15.348810,0.168345,0.153679,0.220000,0.212667,0.600000,0.580000,0.311127,0.110000,0.916046,1
37,840000000,1.009634,0.355227,0.664745,0.269532,0.499751,0.276072,0.600000,0.277868,0.600000,0.277868,0.600000,0.159627,0.217179,0.166780,0.220000,0.169736,0.220000,0.169736,0.220000,0,15.237754,0.174114,0.159447,0.220000,0.212667,0.600000,0.580000,0.311127,0.110000,0.906051,1
37,880000000,1.009340,0.366140,0.684548,0.275974,0.494448,0.277868,0.600000,0.281461,0.600000,0.281461,0.600000,0.169402,0.217864,0.169736,0.220000,0.175557,0.220000,0.175557,0.220000,0,15.010841,0.177070,0.162403,0.220000,0.212667,0.600000,0.580000,0.311127,0.110000,0.886249,1
37,900000000,1.009210,0.371692,0.694155,0.277710,0.480340,0.281461,0.600000,0.283191,0.600000,0.283191,0.600000,0.171686,0.218281,0.175557,0.220000,0.178318,0.220000,0.178318,0.220000,0,14.899269,0.182890,0.168224,0.220000,0.212667,0.600000,0.580000,0.311127,0.110000,0.876642,1
37,940000000,1.008912,0.382891,0.713549,0.281304,0.481171,0.283191,0.600000,0.286747,0.600000,0.286747,0.600000,0.177403,0.218312,0.178318,0.220000,0.183912,0.220000,0.183912,0.220000,0,14.665220,0.185652,0.170985,0.220000,0.212667,0.600000,0.580000,0.311127,0.110000,0.857248,1
37,960000000,1.008754,0.388551,0.723317,0.283101,0.488398,0.286747,0.600000,0.288551,0.600000,0.288551,0.600000,0.180430,0.218153,0.183912,0.220000,0.186713,0.220000,0.186713,0.220000,0,14.543857,0.191245,0.176579,0.220000,0.212667,0.600000,0.580000,0.311127,0.110000,0.847480,1
38,0,1.008425,0.400012,0.742642,0.286696,0.482469,0.288551,0.600000,0.292146,0.600000,0.292146,0.600000,0.185850,0.218299,0.186713,0.220000,0.192223,0.220000,0.192223,0.220000,0,14.296622,0.194046,0.179379,0.220000,0.212667,0.600000,0.580000,0.311127,0.110000,0.828154,1
38,20000000,1.008219,0.405775,0.752282,0.288382,0.482028,0.292146,0.600000,0.294000,0.600000,0.294000,0.600000,0.188453,0.218288,0.192223,0.220000,0.195028,0.220000,0.195028,0.220000,0,14.166257,0.199556,0.184889,0.220000,0.212667,0.600000,0.580000,0.311127,0.110000,0.818514,1
38,60000000,1.007702,0.417345,0.771717,0.290664,0.491625,0.294000,0.600000,0.297876,0.600000,0.297876,0.600000,0.192244,0.218009,0.195028,0.220000,0.200824,0.220000,0.200824,0.220000,0,13.886957,0.202362,0.187695,0.220000,0.212667,0.600000,0.580000,0.311127,0.110000,0.799079,1
38,80000000,1.007410,0.423178,0.781324,0.291996,0.480338,0.297876,0.600000,0.299838,0.600000,0.299838,0.600000,0.194087,0.218156,0.200824,0.220000,0.203723,0.220000,0.203723,0.220000,0,13.742006,0.208158,0.193491,0.220000,0.212667,0.600000,0.580000,0.311127,0.110000,0.789472,1
38,120000000,1.006825,0.435004,0.800779,0.297701,0.482810,0.299838,0.600000,0.303785,0.600000,0.303785,0.600000,0.202434,0.218281,0.203723,0.220000,0.209488,0.220000,0.209488,0.220000,0,13.442739,0.211056,0.196390,0.220000,0.212667,0.600000,0.580000,0.311127,0.110000,0.770017,1
38,140000000,1.006488,0.440954,0.810420,0.297987,0.482062,0.303785,0.600000,0.305797,0.600000,0.305797,0.600000,0.203002,0.218143,0.209488,0.220000,0.212396,0.220000,0.212396,0.220000,0,13.286026,0.216822,0.202155,0.220000,0.212667,0.600000,0.580000,0.311127,0.110000,0.760376,1
38,180000000,1.005721,0.452924,0.829661,0.300043,0.481267,0.305797,0.600000,0.309916,0.600000,0.309916,0.600000,0.206139,0.218019,0.212396,0.220000,0.218284,0.220000,0.218284,0.220000,0,12.956003,0.219729,0.205062,0.220000,0.212667,0.600000,0.580000,0.311127,0.110000,0.741135,1
38,220000000,1.004933,0.465116,0.849003,0.305529,0.481932,0.309916,0.600000,0.308199,0.600000,0.308199,0.600000,0.213985,0.218079,0.218284,0.220000,0.220000,0.215839,0.220000,0.215839,0,12.613318,0.220000,0.210950,0.220000,0.212667,0.600000,0.580000,0.311127,0.110000,0.721794,1
38,240000000,1.004480,0.471234,0.858898,0.306715,0.494760,0.308199,0.600000,0.305991,0.600000,0.305991,0.600000,0.215788,0.217967,0.220000,0.215839,0.220000,0.212675,0.220000,0.212675,0,12.428434,0.220000,0.212667,0.220000,0.208506,0.600000,0.580000,0.311127,0.110000,0.711899,1
38,280000000,1.003483,0.483449,0.878983,0.305635,0.504552,0.305991,0.600000,0.301367,0.600000,0.301367,0.600000,0.217860,0.214359,0.220000,0.212675,0.220000,0.205966,0.220000,0.205966,0,12.036369,0.220000,0.212667,0.220000,0.205342,0.600000,0.580000,0.311127,0.110000,0.691813,1
38,300000000,1.002992,0.489501,0.888975,0.303601,0.499594,0.301367,0.600000,0.299058,0.600000,0.299058,0.600000,0.218533,0.210753,0.220000,0.205966,0.220000,0.202573,0.220000,0.202573,0,11.838097,0.220000,0.212667,0.213299,0.198633,0.600000,0.580000,0.311127,0.110000,0.681821,1
38,340000000,1.001937,0.501503,0.909103,0.299499,0.503417,0.299058,0.600000,0.294291,0.600000,0.294291,0.600000,0.218605,0.204724,0.220000,0.202573,0.220000,0.195467,0.220000,0.195467,0,11.422784,0.220000,0.212667,0.209907,0.195240,0.600000,0.580000,0.311127,0.110000,0.661693,1
38,380000000,1.000847,0.513332,0.929325,0.295113,0.511227,0.294291,0.600000,0.289472,0.600000,0.289472,0.600000,0.219033,0.197779,0.220000,0.195467,0.220000,0.188133,0.220000,0.188133,0,10.991337,0.220000,0.212667,0.202800,0.188133,0.600000,0.580000,0.311127,0.110000,0.641471,1
38,400000000,1.000320,0.519159,0.939368,0.292577,0.502148,0.289472,0.600000,0.287052,0.600000,0.287052,0.600000,0.218793,0.194245,0.220000,0.188133,0.220000,0.184388,0.220000,0.184388,0,10.775355,0.220000,0.212667,0.195467,0.180800,0.600000,0.580000,0.311127,0.110000,0.631428,1
38,440000000,0.999256,0.530693,0.959470,0.288117,0.500048,0.287052,0.600000,0.282397,0.600000,0.282397,0.600000,0.219215,0.186966,0.220000,0.184388,0.220000,0.177054,0.220000,0.177054,0,10.334606,0.220000,0.212667,0.191721,0.177054,0.600000,0.580000,0.311127,0.110000,0.611326,1
38,460000000,0.998711,0.536454,0.969189,0.289337,0.485945,0.282397,0.600000,0.279916,0.600000,0.279916,0.600000,0.221225,0.186483,0.220000,0.177054,0.220000,0.173069,0.220000,0.173069,0,10.113921,0.220000,0.212667,0.184388,0.169721,0.600000,0.580000,0.311127,0.110000,0.601607,1
38,500000000,0.997775,0.547705,0.988998,0.282353,0.489556,0.279916,0.600000,0.275442,0.600000,0.275442,0.600000,0.220996,0.175739,0.220000,0.173069,0.220000,0.165736,0.220000,0.165736,0,9.682089,0.220000,0.212667,0.180403,0.165736,0.600000,0.580000,0.311127,0.110000,0.581798,1
38,520000000,0.997293,0.553290,0.998828,0.280308,0.491481,0.275442,0.600000,0.273163,0.600000,0.273163,0.600000,0.221019,0.172404,0.220000,0.165736,0.220000,0.161921,0.220000,0.161921,0,9.462410,0.220000,0.212667,0.173069,0.158403,0.600000,0.580000,0.311127,0.110000,0.571969,1
38,560000000,0.996327,0.564332,1.018504,0.274361,0.495444,0.273163,0.600000,0.268881,0.600000,0.268881,0.600000,0.220483,0.163283,0.220000,0.161921,0.220000,0.154587,0.220000,0.154587,0,9.016740,0.220000,0.212667,0.169254,0.154587,0.600000,0.580000,0.311127,0.110000,0.552292,1
38,580000000,0.995876,0.569776,1.028356,0.273140,0.492590,0.268881,0.600000,0.266557,0.600000,0.266557,0.600000,0.220774,0.160825,0.220000,0.154587,0.220000,0.150509,0.220000,0.150509,0,8.795511,0.220000,0.212667,0.161921,0.147254,0.600000,0.580000,0.311127,0.110000,0.542440,1
38,620000000,0.994982,0.580544,1.048112,0.268846,0.494002,0.266557,0.600000,0.262487,0.600000,0.262487,0.600000,0.220637,0.153615,0.220000,0.150509,0.220000,0.143175,0.220000,0.143175,0,8.348415,0.220000,0.212667,0.157842,0.143175,0.600000,0.580000,0.311127,0.110000,0.522685,1
38,640000000,0.994548,0.585870,1.058039,0.267178,0.496352,0.262487,0.600000,0.260238,0.600000,0.260238,0.600000,0.220733,0.150536,0.220000,0.143175,0.220000,0.139010,0.220000,0.139010,0,8.123520,0.220000,0.212667,0.150509,0.135842,0.600000,0.580000,0.311127,0.110000,0.512758,1
38,680000000,0.993795,0.596337,1.077957,0.262323,0.497045,0.260238,0.600000,0.256395,0.600000,0.256395,0.600000,0.220311,0.142394,0.220000,0.139010,0.220000,0.131676,0.220000,0.131676,0,7.685029,0.220000,0.212667,0.146343,0.131676,0.600000,0.580000,0.311127,0.110000,0.492840,1
38,720000000,0.992964,0.606699,1.097949,0.259574,0.499269,0.256395,0.600000,0.252708,0.600000,0.252708,0.600000,0.219704,0.138236,0.220000,0.131676,0.220000,0.124343,0.220000,0.124343,0,7.228079,0.220000,0.212667,0.139010,0.124343,0.600000,0.580000,0.311127,0.110000,0.472848,1
38,740000000,0.992598,0.611812,1.108011,0.256288,0.503103,0.252708,0.600000,0.250528,0.600000,0.250528,0.600000,0.219972,0.131514,0.220000,0.124343,0.220000,0.119851,0.220000,0.119851,0,7.003913,0.220000,0.212667,0.131676,0.117010,0.600000,0.580000,0.311127,0.110000,0.462786,1
38,780000000,0.991995,0.621898,1.128040,0.252438,0.499993,0.250528,0.600000,0.247104,0.600000,0.247104,0.600000,0.220190,0.123455,0.220000,0.119851,0.220000,0.112518,0.220000,0.112518,0,6.573441,0.220000,0.212667,0.127184,0.112518,0.600000,0.580000,0.311127,0.110000,0.442757,1
38,800000000,0.991696,0.626900,1.138049,0.250526,0.500443,0.247104,0.600000,0.245425,0.600000,0.245425,0.600000,0.220217,0.119449,0.220000,0.112518,0.220000,0.108781,0.220000,0.108781,0,6.357007,0.220000,0.212667,0.119851,0.105184,0.600000,0.580000,0.311127,0.110000,0.432748,1
38,840000000,0.991142,0.636804,1.158131,0.245674,0.504581,0.245425,0.600000,0.242264,0.600000,0.242264,0.600000,0.220212,0.108914,0.220000,0.108781,0.220000,0.101448,0.220000,0.101448,0,5.926934,0.220000,0.212667,0.116114,0.101448,0.600000,0.580000,0.311127,0.110000,0.412666,1
38,860000000,0.990892,0.641708,1.168173,0.245513,0.502123,0.242264,0.600000,0.240754,0.600000,0.240754,0.600000,0.220200,0.108577,0.220000,0.101448,0.220000,0.097789,0.220000,0.097789,0,5.714659,0.220000,0.212667,0.108781,0.094114,0.600000,0.580000,0.311127,0.110000,0.402623,1
38,900000000,0.990463,0.651411,1.188240,0.241976,0.500183,0.240754,0.600000,0.237956,0.600000,0.237956,0.600000,0.219931,0.100910,0.220000,0.097789,0.220000,0.090680,0.220000,0.090680,0,5.299202,0.220000,0.212667,0.105122,0.090456,0.600000,0.580000,0.311127,0.110000,0.382557,1
38,940000000,0.989985,0.661046,1.208240,0.240529,0.499790,0.237956,0.600000,0.235278,0.600000,0.235278,0.600000,0.220014,0.097201,0.220000,0.090680,0.220000,0.083401,0.220000,0.083401,0,4.873851,0.220000,0.212667,0.098013,0.083347,0.600000,0.580000,0.311127,0.110000,0.362557,1
38,960000000,0.989721,0.665846,1.218282,0.240369,0.502132,0.235278,0.600000,0.233979,0.600000,0.233979,0.600000,0.220264,0.096234,0.220000,0.083401,0.220000,0.079663,0.220000,0.079663,0,4.655420,0.220000,0.212667,0.090735,0.076068,0.600000,0.580000,0.311127,0.110000,0.352514,1
39,0,0.989521,0.675261,1.238529,0.234735,0.500310,0.233979,0.600000,0.231797,0.600000,0.231797,0.600000,0.219673,0.082732,0.220000,0.079663,0.220000,0.073006,0.220000,0.073006,0,4.266360,0.220000,0.212667,0.086997,0.072330,0.600000,0.580000,0.311127,0.110000,0.332267,1
39,20000000,0.989407,0.679943,1.248582,0.234163,0.502653,0.231797,0.600000,0.230761,0.600000,0.230761,0.600000,0.219877,0.080540,0.220000,0.073006,0.220000,0.069646,0.220000,0.069646,0,4.070002,0.220000,0.212667,0.080339,0.065673,0.600000,0.580000,0.311127,0.110000,0.322214,1
39,60000000,0.989149,0.689265,1.268597,0.232813,0.502175,0.230761,0.600000,0.228800,0.600000,0.228800,0.600000,0.219937,0.076354,0.220000,0.069646,0.220000,0.062846,0.220000,0.062846,0,3.672624,0.220000,0.212667,0.076979,0.062312,0.600000,0.580000,0.311127,0.110000,0.302199,1
39,80000000,0.989097,0.693884,1.278741,0.230973,0.507190,0.228800,0.600000,0.227932,0.600000,0.227932,0.600000,0.220105,0.070015,0.220000,0.062846,0.220000,0.059605,0.220000,0.059605,0,3.483252,0.220000,0.212667,0.070179,0.055513,0.600000,0.580000,0.311127,0.110000,0.292055,1
39,120000000,0.989010,0.703075,1.299025,0.229061,0.508268,0.227932,0.600000,0.226331,0.600000,0.226331,0.600000,0.220144,0.063289,0.220000,0.059605,0.220000,0.053157,0.220000,0.053157,0,3.106413,0.220000,0.212667,0.066939,0.052272,0.600000,0.580000,0.311127,0.110000,0.271771,1
39,140000000,0.988967,0.707650,1.309164,0.228758,0.506931,0.226331,0.600000,0.225594,0.600000,0.225594,0.600000,0.220128,0.062242,0.220000,0.053157,0.220000,0.049926,0.220000,0.049926,0,2.917609,0.220000,0.212667,0.060490,0.045824,0.600000,0.580000,0.311127,0.110000,0.261632,1
39,180000000,0.989069,0.716714,1.329567,0.226594,0.509048,0.225594,0.600000,0.224344,0.600000,0.224344,0.600000,0.220144,0.053681,0.220000,0.049926,0.220000,0.043936,0.220000,0.043936,0,2.567546,0.220000,0.212667,0.057259,0.042593,0.600000,0.580000,0.311127,0.110000,0.241229,1
39,220000000,0.989100,0.725752,1.349886,0.225805,0.507339,0.224344,0.600000,0.223217,0.600000,0.223217,0.600000,0.220135,0.050286,0.220000,0.043936,0.220000,0.037758,0.220000,0.037758,0,2.206551,0.220000,0.212667,0.051269,0.036602,0.600000,0.580000,0.311127,0.110000,0.220910,1
39,240000000,0.989128,0.730253,1.360054,0.225073,0.508382,0.223217,0.600000,0.222719,0.596070,0.222719,0.596070,0.220165,0.046744,0.220000,0.037758,0.220000,0.034695,0.220000,0.034695,0,2.027501,0.220000,0.212667,0.045092,0.030425,0.600000,0.580000,0.311127,0.110000,0.210742,1
39,280000000,0.989377,0.739187,1.380514,0.223353,0.510709,0.222719,0.596070,0.221912,0.576070,0.221912,0.576070,0.220120,0.037863,0.220000,0.034695,0.220000,0.029066,0.220000,0.029066,0,1.698570,0.220000,0.212667,0.042028,0.027361,0.600000,0.576070,0.311127,0.110000,0.190282,1
39,300000000,0.989490,0.743644,1.390725,0.222937,0.510519,0.221912,0.576070,0.221557,0.556070,0.221557,0.556070,0.220115,0.035359,0.220000,0.029066,0.220000,0.026222,0.220000,0.026222,0,1.532379,0.220000,0.212667,0.036399,0.021733,0.596070,0.556070,0.311127,0.110000,0.180072,1
39,340000000,0.989726,0.752523,1.411023,0.221718,0.509954,0.221557,0.556070,0.220962,0.536070,0.220962,0.536070,0.219879,0.028503,0.220000,0.026222,0.220000,0.020594,0.220000,0.020594,0,1.203471,0.220000,0.212667,0.033555,0.018889,0.576070,0.536070,0.311127,0.110000,0.159774,1
39,360000000,0.989873,0.756951,1.421214,0.221532,0.509574,0.220962,0.536070,0.220723,0.516070,0.220723,0.516070,0.219912,0.026742,0.220000,0.020594,0.220000,0.017845,0.220000,0.017845,0,1.042861,0.220000,0.212667,0.027927,0.013260,0.556070,0.516070,0.311127,0.110000,0.149582,1
39,400000000,0.990214,0.765787,1.441646,0.221004,0.510684,0.220723,0.516070,0.220353,0.496070,0.220353,0.496070,0.219978,0.021273,0.220000,0.017845,0.220000,0.012462,0.220000,0.012462,0,0.728286,0.220000,0.212667,0.025179,0.010512,0.536070,0.496070,0.311127,0.110000,0.129150,1
39,420000000,0.990382,0.770200,1.451840,0.220796,0.509701,0.220353,0.496070,0.220217,0.476070,0.220217,0.476070,0.219991,0.018838,0.220000,0.012462,0.220000,0.009770,0.220000,0.009770,0,0.570973,0.220000,0.212667,0.019796,0.005129,0.516070,0.476070,0.311127,0.110000,0.118956,1
39,460000000,0.990801,0.779006,1.472189,0.220383,0.507648,0.220217,0.476070,0.220049,0.456070,0.220049,0.456070,0.219985,0.013244,0.220000,0.009770,0.220000,0.004630,0.220000,0.004630,0,0.270580,0.220000,0.212667,0.017104,0.002437,0.496070,0.456070,0.311127,0.110000,0.098607,1
39,480000000,0.990995,0.783406,1.481982,0.220227,0.489649,0.220049,0.456070,0.220010,0.436070,0.220010,0.436070,0.219962,0.010809,0.220000,0.004630,0.220000,0.002135,0.220000,0.002135,0,0.124741,0.220000,0.212667,0.011963,-0.002703,0.476070,0.436070,0.311127,0.110000,0.088814,1
39,520000000,0.991387,0.792200,1.501082,0.219946,0.469218,0.220010,0.436070,0.220017,0.416070,0.220017,0.416070,0.219897,0.004643,0.220000,0.002135,0.220000,-0.002696,0.220000,-0.002696,0,-0.157544,0.220000,0.212667,0.009468,-0.005199,0.456070,0.416070,0.311127,0.110000,0.069715,1
39,560000000,0.991834,0.800986,1.519403,0.219930,0.452751,0.220017,0.416070,0.220115,0.396070,0.220115,0.396070,0.219928,0.001066,0.220000,-0.002696,0.220000,-0.007129,0.220000,-0.007129,0,-0.416595,0.220000,0.212667,0.004637,-0.010029,0.436070,0.396070,0.311127,0.110000,0.051394,1
39,580000000,0.992074,0.805378,1.528166,0.219940,0.438194,0.220115,0.396070,0.220191,0.376070,0.220191,0.376070,0.219933,-0.001797,0.220000,-0.007129,0.220000,-0.009172,0.220000,-0.009172,0,-0.536009,0.220000,0.212667,0.000205,-0.014462,0.416070,0.376070,0.311127,0.110000,0.042630,1
39,620000000,0.992572,0.814165,1.545184,0.220093,0.414817,0.220191,0.376070,0.220387,0.356070,0.220387,0.356070,0.219946,-0.008056,0.220000,-0.009172,0.220000,-0.013054,0.220000,-0.013054,0,-0.762851,0.220000,0.212667,-0.001839,-0.016506,0.396070,0.356070,0.311127,0.110000,0.025613,1
39,640000000,0.992830,0.818560,1.553437,0.220121,0.412695,0.220387,0.356070,0.220503,0.336070,0.220503,0.336070,0.219965,-0.008303,0.220000,-0.013054,0.220000,-0.014887,0.220000,-0.014887,0,-0.869958,0.220000,0.212667,-0.005721,-0.020387,0.376070,0.336070,0.311127,0.110000,0.017359,1
39,680000000,0.993367,0.827353,1.569129,0.220265,0.386764,0.220503,0.336070,0.220755,0.316070,0.220755,0.316070,0.219925,-0.012241,0.220000,-0.014887,0.220000,-0.018242,0.220000,-0.018242,0,-1.066056,0.220000,0.212667,-0.007553,-0.022220,0.356070,0.316070,0.311127,0.110000,0.001668,1
39,700000000,0.993622,0.831752,1.576589,0.220308,0.373008,0.220755,0.316070,0.220893,0.296070,0.220893,0.296070,0.219906,-0.013301,0.220000,-0.018242,0.220000,-0.019838,0.220000,-0.019838,0,-1.159291,0.220000,0.212667,-0.010909,-0.025576,0.336070,0.296070,0.311127,0.110000,-0.005793,1
39,740000000,0.994091,0.840554,1.590884,0.220390,0.355457,0.220893,0.296070,0.221194,0.276070,0.221194,0.276070,0.219882,-0.014948,0.220000,-0.019838,0.220000,-0.022950,0.220000,-0.022950,0,-1.341188,0.220000,0.212667,-0.012504,-0.027171,0.316070,0.276070,0.311127,0.110000,-0.020088,1
39,780000000,0.994618,0.849373,1.604297,0.220856,0.334474,0.221194,0.276070,0.221487,0.256070,0.221487,0.256070,0.220015,-0.019260,0.220000,-0.022950,0.220000,-0.025622,0.220000,-0.025622,0,-1.497295,0.220000,0.212667,-0.015617,-0.030284,0.296070,0.256070,0.311127,0.110000,-0.033501,1
39,800000000,0.994899,0.853787,1.610510,0.221147,0.310660,0.221487,0.256070,0.221621,0.236070,0.221621,0.236070,0.220030,-0.022191,0.220000,-0.025622,0.220000,-0.026755,0.220000,-0.026755,0,-1.563514,0.220000,0.212667,-0.018288,-0.032955,0.276070,0.236070,0.311127,0.110000,-0.039714,1
39,840000000,0.995432,0.862622,1.622585,0.221405,0.294668,0.221621,0.236070,0.221903,0.216070,0.221903,0.216070,0.220034,-0.024599,0.220000,-0.026755,0.220000,-0.028995,0.220000,-0.028995,0,-1.694449,0.220000,0.212667,-0.019421,-0.034088,0.256070,0.216070,0.311127,0.110000,-0.051789,1
39,860000000,0.995711,0.867045,1.628276,0.221584,0.284536,0.221903,0.216070,0.222032,0.196070,0.222032,0.196070,0.220042,-0.026094,0.220000,-0.028995,0.220000,-0.029970,0.220000,-0.029970,0,-1.751419,0.220000,0.212667,-0.021662,-0.036329,0.236070,0.196070,0.311127,0.110000,-0.057480,1
39,900000000,0.996255,0.875898,1.639022,0.221872,0.258792,0.222032,0.196070,0.222282,0.176070,0.222282,0.176070,0.220044,-0.028422,0.220000,-0.029970,0.220000,-0.031767,0.220000,-0.031767,0,-1.856433,0.220000,0.212667,-0.022637,-0.037304,0.216070,0.176070,0.311127,0.110000,-0.068226,1
39,920000000,0.996511,0.880329,1.644171,0.221882,0.257447,0.222282,0.176070,0.222408,0.196070,0.222408,0.196070,0.220039,-0.028535,0.220000,-0.031767,0.220000,-0.032638,0.220000,-0.032638,0,-1.907305,0.220000,0.212667,-0.024434,-0.039101,0.196070,0.156070,0.311127,0.110000,1.497421,1
39,960000000,0.997058,0.889201,1.653586,0.222260,0.232528,0.222408,0.196070,0.222614,0.216070,0.222614,0.216070,0.220045,-0.031304,0.220000,-0.032638,0.220000,-0.034012,0.220000,-0.034012,0,-1.987642,0.220000,0.212667,-0.025304,-0.039971,0.216070,0.176070,0.311127,0.110000,1.488006,1
39,980000000,0.997320,0.893640,1.657874,0.222352,0.214403,0.222614,0.216070,0.222744,0.236070,0.222744,0.236070,0.220046,-0.031940,0.220000,-0.034012,0.220000,-0.034857,0.220000,-0.034857,0,-2.106050,0.220000,0.212667,-0.026679,-0.041346,0.236070,0.196070,0.311127,0.110000,1.483718,1
40,20000000,0.997825,0.902514,1.666192,0.222097,0.210389,0.222744,0.236070,0.223013,0.256070,0.223013,0.256070,0.219588,-0.033291,0.220000,-0.034857,0.220000,-0.036537,0.220000,-0.036537,0,-2.408622,0.220000,0.212667,-0.027524,-0.042191,0.256070,0.216070,0.311127,0.110000,1.475400,0
40,40000000,0.998083,0.906959,1.670802,0.222654,0.230471,0.223013,0.256070,0.223162,0.276070,0.223162,0.276070,0.219953,-0.034582,0.220000,-0.036537,0.220000,-0.037433,0.220000,-0.037433,0,-2.585709,0.220000,0.212667,-0.029203,-0.043870,0.276070,0.236070,0.311127,0.110000,1.470791,0
40,80000000,0.998580,0.915860,1.680601,0.222975,0.255091,0.223162,0.276070,0.223484,0.296070,0.223484,0.296070,0.219992,-0.036351,0.220000,-0.037433,0.220000,-0.039310,0.220000,-0.039310,0,-3.002794,0.220000,0.212667,-0.030099,-0.044766,0.296070,0.256070,0.311127,0.110000,1.460991,0
40,120000000,0.999058,0.924775,1.691180,0.223380,0.274930,0.223484,0.296070,0.223830,0.316070,0.223830,0.316070,0.220021,-0.038591,0.220000,-0.039310,0.220000,-0.041227,0.220000,-0.041227,0,-3.522716,0.220000,0.212667,-0.031976,-0.046643,0.316070,0.276070,0.311127,0.110000,1.450413,0
40,140000000,0.999295,0.929238,1.696763,0.223479,0.279164,0.223830,0.316070,0.224003,0.336070,0.224003,0.336070,0.220006,-0.039245,0.220000,-0.041227,0.220000,-0.042159,0.220000,-0.042159,0,-3.829675,0.220000,0.212667,-0.033894,-0.048561,0.336070,0.296070,0.311127,0.110000,1.444829,0
40,180000000,0.999749,0.938175,1.708602,0.223827,0.303324,0.224003,0.336070,0.224355,0.356070,0.224355,0.356070,0.219991,-0.041259,0.220000,-0.042159,0.220000,-0.043992,0.220000,-0.043992,0,-4.574028,0.220000,0.212667,-0.034826,-0.049493,0.356070,0.316070,0.311127,0.110000,1.432991,0
40,200000000,0.999950,0.942647,1.714642,0.223829,0.302022,0.224355,0.356070,0.224529,0.376070,0.224529,0.376070,0.219965,-0.041408,0.220000,-0.043992,0.220000,-0.044870,0.220000,-0.044870,0,-5.029126,0.220000,0.212667,-0.036659,-0.051325,0.376070,0.336070,0.311127,0.110000,1.426951,0
40,240000000,1.000374,0.951611,1.727741,0.224355,0.326765,0.224529,0.376070,0.224810,0.396070,0.224810,0.396070,0.219956,-0.044208,0.220000,-0.044870,0.220000,-0.046255,0.220000,-0.046255,0,-6.144672,0.220000,0.212667,-0.037536,-0.052203,0.396070,0.356070,0.311127,0.110000,1.413852,0
40,280000000,1.000715,0.960581,1.741736,0.224330,0.351070,0.224810,0.396070,0.225039,0.416070,0.225039,0.416070,0.219746,-0.045117,0.220000,-0.046255,0.220000,-0.047354,0.220000,-0.047354,0,-7.721004,0.220000,0.212667,-0.038922,-0.053589,0.416070,0.376070,0.311127,0.110000,1.399856,0
40,300000000,1.000864,0.965070,1.749012,0.224566,0.363765,0.225039,0.416070,0.225084,0.436070,0.225084,0.436070,0.219729,-0.046357,0.220000,-0.047354,0.220000,-0.047569,0.220000,-0.047569,0,-8.751534,0.220000,0.212667,-0.040021,-0.054687,0.436070,0.396070,0.311127,0.110000,1.392581,0
40,340000000,1.001117,0.974060,1.764204,0.224928,0.383544,0.225084,0.436070,0.224883,0.456070,0.224883,0.456070,0.219748,-0.047995,0.220000,-0.047569,0.220000,-0.046610,0.220000,-0.046610,0,-11.539954,0.220000,0.212667,-0.040235,-0.054902,0.456070,0.416070,0.311127,0.110000,1.377389,0
40,360000000,1.001202,0.978561,1.772131,0.225073,0.396357,0.224883,0.456070,0.224566,0.476070,0.224566,0.476070,0.219806,-0.048403,0.220000,-0.046610,0.220000,-0.045052,0.220000,-0.045052,0,-13.486941,0.220000,0.212667,-0.039277,-0.053944,0.476070,0.436070,0.311127,0.110000,1.369461,0
40,400000000,1.001230,0.987552,1.788355,0.224517,0.416253,0.224566,0.476070,0.223210,0.496070,0.223210,0.496070,0.219667,-0.046412,0.220000,-0.045052,0.220000,-0.037719,0.220000,-0.037719,0,-18.988268,0.220000,0.212667,-0.037719,-0.052385,0.496070,0.456070,0.311127,0.110000,1.353238,0
40,420000000,1.001171,0.992042,1.796653,0.224503,0.414925,0.223210,0.496070,0.222088,0.516070,0.222088,0.516070,0.219622,-0.046560,0.220000,-0.037719,0.220000,-0.030385,0.220000,-0.030385,0,-19.811209,0.220000,0.212667,-0.030385,-0.045052,0.516070,0.476070,0.311127,0.110000,1.344939,0
40,460000000,1.000701,1.000952,1.813881,0.223007,0.431074,0.222088,0.516070,0.213912,0.536070,0.213912,0.536070,0.219366,-0.040130,0.220000,-0.030385,0.212667,-0.023052,0.212667,-0.023052,0,1300.840301,0.220000,0.212667,-0.023052,-0.037719,0.536070,0.496070,0.311127,0.110000,1.327712,0
40,480000000,1.000303,1.005306,1.822544,0.218601,0.433142,0.213912,0.536070,0.205934,0.556070,0.205934,0.556070,0.215932,-0.034059,0.212667,-0.023052,0.205333,-0.015719,0.205333,-0.015719,0,114.340663,0.220000,0.205333,-0.015719,-0.030385,0.556070,0.516070,0.311127,0.110000,1.319049,0
40,520000000,0.999117,1.013693,1.840413,0.210200,0.450243,0.205934,0.556070,0.198177,0.576070,0.198177,0.576070,0.208808,-0.024150,0.205333,-0.015719,0.198000,-0.008385,0.198000,-0.008385,0,29.701393,0.212667,0.198000,-0.008385,-0.023052,0.576070,0.536070,0.311127,0.110000,1.301180,0
40,540000000,0.998354,1.017677,1.850009,0.202831,0.479782,0.198177,0.576070,0.190670,0.596070,0.190670,0.596070,0.202088,-0.017346,0.198000,-0.008385,0.190667,-0.001052,0.190667,-0.001052,0,20.872870,0.205333,0.190667,-0.001052,-0.015719,0.596070,0.556070,0.311127,0.110000,1.291584,0
40,580000000,0.996598,1.025417,1.869330,0.196505,0.466478,0.190670,0.596070,0.183441,0.600000,0.183441,0.600000,0.196145,-0.011891,0.190667,-0.001052,0.183333,0.006281,0.183333,0.006281,0,12.846023,0.198000,0.183333,0.006281,-0.008385,0.600000,0.576070,0.311127,0.110000,1.272263,0
40,600000000,0.995637,1.029195,1.878799,0.194950,0.473465,0.183441,0.600000,0.176526,0.600000,0.176526,0.600000,0.194659,-0.010656,0.183333,0.006281,0.176000,0.013615,0.176000,0.013615,0,10.770354,0.190667,0.176000,0.013615,-0.001052,0.600000,0.580000,0.311127,0.110000,1.262794,0
40,640000000,0.993361,1.036154,1.896742,0.181672,0.446639,0.176526,0.600000,0.169963,0.600000,0.169963,0.600000,0.181672,0.000000,0.176000,0.013615,0.168667,0.020948,0.168667,0.020948,0,7.825929,0.183333,0.168667,0.020948,0.006281,0.600000,0.580000,0.311127,0.110000,1.244850,0
40,660000000,0.992105,1.039445,1.905614,0.176127,0.443577,0.169963,0.600000,0.163793,0.600000,0.163793,0.600000,0.176027,0.005950,0.168667,0.020948,0.161333,0.028281,0.161333,0.028281,0,6.803462,0.176000,0.161333,0.028281,0.013615,0.600000,0.580000,0.311127,0.110000,1.235979,0
40,700000000,0.989412,1.045799,1.923278,0.170776,0.440840,0.163793,0.600000,0.158065,0.600000,0.158065,0.600000,0.170339,0.012212,0.161333,0.028281,0.154000,0.035615,0.154000,0.035615,0,5.316416,0.168667,0.154000,0.035615,0.020948,0.600000,0.580000,0.311127,0.110000,1.218314,0
40,720000000,0.987900,1.048636,1.931953,0.160728,0.433757,0.158065,0.600000,0.151121,0.600000,0.151121,0.600000,0.159325,0.021191,0.154000,0.035615,0.146667,0.036420,0.146667,0.036420,0,4.671202,0.161333,0.146667,0.042948,0.028281,0.600000,0.580000,0.311127,0.110000,1.209639,0
40,760000000,0.984703,1.054033,1.949235,0.154509,0.429985,0.151121,0.600000,0.142928,0.600000,0.142928,0.600000,0.151929,0.028123,0.146667,0.036420,0.139333,0.031853,0.139333,0.031853,0,3.646189,0.154000,0.139333,0.043753,0.029086,0.600000,0.580000,0.311127,0.110000,1.192357,1
40,780000000,0.983044,1.056641,1.957844,0.145245,0.458862,0.142928,0.600000,0.135340,0.600000,0.135340,0.600000,0.142729,0.026922,0.139333,0.031853,0.132000,0.029880,0.132000,0.029880,0,3.248710,0.146667,0.132000,0.039186,0.024519,0.600000,0.580000,0.311127,0.110000,1.183748,1
40,820000000,0.979918,1.061410,1.975783,0.139853,0.438068,0.135340,0.600000,0.127693,0.600000,0.127693,0.600000,0.137567,0.025185,0.132000,0.029880,0.124667,0.027634,0.124667,0.027634,0,2.749415,0.139333,0.124667,0.037214,0.022547,0.600000,0.580000,0.311127,0.110000,1.165810,1
40,860000000,0.976892,1.065884,1.993587,0.132493,0.442003,0.127693,0.600000,0.120301,0.600000,0.120301,0.600000,0.130370,0.023622,0.124667,0.027634,0.117333,0.026556,0.117333,0.026556,0,2.444989,0.132000,0.117333,0.034967,0.020301,0.600000,0.580000,0.311127,0.110000,1.148006,1
40,880000000,0.975384,1.068049,2.002546,0.131964,0.447940,0.120301,0.600000,0.113102,0.600000,0.113102,0.600000,0.129815,0.023719,0.117333,0.026556,0.110000,0.026306,0.110000,0.026306,0,2.336763,0.124667,0.110000,0.033889,0.019222,0.600000,0.580000,0.311127,0.110000,1.139047,1
40,920000000,0.972599,1.071927,2.020846,0.117794,0.448689,0.113102,0.600000,0.106093,0.600000,0.106093,0.600000,0.115908,0.020997,0.110000,0.026306,0.102667,0.026744,0.102667,0.026744,0,2.233583,0.117333,0.102667,0.033639,0.018972,0.600000,0.580000,0.311127,0.110000,1.120747,1
40,960000000,0.969889,1.075506,2.038998,0.110632,0.450626,0.106093,0.600000,0.099240,0.600000,0.099240,0.600000,0.108629,0.020955,0.102667,0.026744,0.095333,0.027571,0.095333,0.027571,0,2.180264,0.110000,0.095333,0.034077,0.019411,0.600000,0.580000,0.311127,0.110000,1.102595,1
40,980000000,0.968556,1.077127,2.048378,0.104937,0.469031,0.099240,0.600000,0.092380,0.600000,0.092380,0.600000,0.102531,0.022344,0.095333,0.027571,0.088000,0.028108,0.088000,0.028108,0,2.169353,0.102667,0.088000,0.034904,0.020237,0.600000,0.580000,0.311127,0.110000,1.093214,1
41,20000000,0.966005,1.080015,2.066597,0.095981,0.458061,0.092380,0.600000,0.085796,0.600000,0.085796,0.600000,0.093266,0.022666,0.088000,0.028108,0.080667,0.029220,0.080667,0.029220,0,2.160542,0.095333,0.080667,0.035442,0.020775,0.600000,0.580000,0.311127,0.110000,1.074995,1
41,40000000,0.964764,1.081318,2.075712,0.089982,0.455741,0.085796,0.600000,0.079169,0.600000,0.079169,0.600000,0.086954,0.023148,0.080667,0.029220,0.073333,0.029831,0.073333,0.029831,0,2.163797,0.088000,0.073333,0.036553,0.021886,0.600000,0.580000,0.311127,0.110000,1.065881,1
41,80000000,0.962305,1.083704,2.094218,0.081651,0.471354,0.079169,0.600000,0.072982,0.600000,0.072982,0.600000,0.077650,0.025245,0.073333,0.029831,0.066000,0.031151,0.066000,0.031151,0,2.181316,0.080667,0.066000,0.037165,0.022498,0.600000,0.580000,0.311127,0.110000,1.047374,1
41,100000000,0.961146,1.084696,2.103335,0.076321,0.455807,0.072982,0.600000,0.066737,0.600000,0.066737,0.600000,0.072089,0.025063,0.066000,0.031151,0.058667,0.031813,0.058667,0.031813,0,2.194633,0.073333,0.058667,0.038484,0.023817,0.600000,0.580000,0.311127,0.110000,1.038258,1
41,140000000,0.958872,1.086436,2.121808,0.069948,0.456264,0.066737,0.600000,0.061132,0.600000,0.061132,0.600000,0.064758,0.026442,0.058667,0.031813,0.051333,0.033196,0.051333,0.033196,0,2.229273,0.066000,0.051333,0.039146,0.024480,0.600000,0.580000,0.311127,0.110000,1.019784,1
41,160000000,0.957749,1.087203,2.131151,0.059406,0.467647,0.061132,0.600000,0.055544,0.600000,0.055544,0.600000,0.051730,0.029207,0.051333,0.033196,0.044000,0.033898,0.044000,0.033898,0,2.248780,0.058667,0.044000,0.040529,0.025863,0.600000,0.580000,0.311127,0.110000,1.010442,1
41,200000000,0.955675,1.088293,2.149661,0.057742,0.457841,0.055544,0.600000,0.050875,0.600000,0.050875,0.600000,0.050119,0.028674,0.044000,0.033898,0.036667,0.035268,0.036667,0.035268,0,2.294768,0.051333,0.036667,0.041232,0.026565,0.600000,0.580000,0.311127,0.110000,0.991932,1
41,240000000,0.953723,1.089090,2.168155,0.051986,0.458920,0.050875,0.600000,0.046993,0.600000,0.046993,0.600000,0.042803,0.029503,0.036667,0.035268,0.029333,0.036714,0.029333,0.036714,0,2.350833,0.044000,0.029333,0.042601,0.027935,0.600000,0.580000,0.311127,0.110000,0.973438,1
41,260000000,0.952816,1.089272,2.177594,0.046242,0.471962,0.046993,0.600000,0.043413,0.600000,0.043413,0.600000,0.033194,0.032194,0.029333,0.036714,0.022000,0.037426,0.022000,0.037426,0,2.382590,0.036667,0.022000,0.044047,0.029381,0.600000,0.580000,0.311127,0.110000,0.963999,1
41,300000000,0.951121,1.089400,2.196114,0.042100,0.466000,0.043413,0.600000,0.041463,0.600000,0.041463,0.600000,0.026098,0.033035,0.022000,0.037426,0.014667,0.038782,0.014667,0.038782,0,2.446775,0.029333,0.014667,0.044759,0.030092,0.600000,0.580000,0.311127,0.110000,0.945478,1
41,320000000,0.950337,1.089345,2.205339,0.039291,0.461222,0.041463,0.600000,0.040147,0.600000,0.040147,0.600000,0.020844,0.033307,0.014667,0.038782,0.007333,0.039472,0.007333,0.039472,0,2.482250,0.022000,0.007333,0.046116,0.031449,0.600000,0.580000,0.311127,0.110000,0.936254,1
41,360000000,0.948844,1.089047,2.223913,0.037288,0.461932,0.040147,0.600000,0.040849,0.600000,0.040849,0.600000,0.013519,0.034751,0.007333,0.039472,0.000000,0.040849,0.000000,0.040849,0,2.556953,0.014667,0.000000,0.046805,0.032139,0.600000,0.580000,0.311127,0.110000,0.917680,1
41,380000000,0.948129,1.088836,2.233151,0.037283,0.461894,0.040849,0.600000,0.042166,0.600000,0.042166,0.600000,0.013504,0.034751,0.000000,0.040849,-0.007333,0.041523,-0.007333,0.041523,0,2.594734,0.007333,-0.007333,0.048182,0.033516,0.600000,0.580000,0.311127,0.110000,0.908442,1
41,420000000,0.946952,1.087925,2.251902,0.037081,0.464009,0.042166,0.600000,0.045314,0.600000,0.045314,0.600000,-0.001113,0.037064,-0.007333,0.041523,-0.014667,0.042874,-0.014667,0.042874,0,2.683918,0.000000,-0.014667,0.048857,0.034190,0.600000,0.580000,0.311127,0.110000,0.889691,1
41,460000000,0.945944,1.086771,2.270608,0.038834,0.465497,0.045314,0.600000,0.049406,0.600000,0.049406,0.600000,-0.008416,0.037911,-0.014667,0.042874,-0.022000,0.044237,-0.022000,0.044237,0,2.781598,-0.007333,-0.022000,0.050208,0.035541,0.600000,0.580000,0.311127,0.110000,0.870985,1
41,480000000,0.945482,1.086134,2.279972,0.039353,0.468219,0.049406,0.600000,0.053648,0.600000,0.053648,0.600000,-0.009309,0.038236,-0.022000,0.044237,-0.029333,0.044919,-0.029333,0.044919,0,2.832614,-0.014667,-0.029333,0.051570,0.036904,0.600000,0.580000,0.311127,0.110000,0.861620,1
41,520000000,0.944846,1.084373,2.298765,0.046913,0.467458,0.053648,0.600000,0.058971,0.600000,0.058971,0.600000,-0.023047,0.040862,-0.029333,0.044919,-0.036667,0.046185,-0.036667,0.046185,0,2.945327,-0.022000,-0.036667,0.052252,0.037586,0.600000,0.580000,0.311127,0.110000,0.842828,1
41,540000000,0.944589,1.083409,2.308243,0.049867,0.473927,0.058971,0.600000,0.064252,0.600000,0.064252,0.600000,-0.027231,0.041776,-0.036667,0.046185,-0.044000,0.046822,-0.044000,0.046822,0,3.005743,-0.029333,-0.044000,0.053519,0.038852,0.600000,0.580000,0.311127,0.110000,0.833349,1
41,580000000,0.944220,1.081322,2.327154,0.054414,0.476292,0.064252,0.600000,0.070331,0.600000,0.070331,0.600000,-0.033640,0.042770,-0.044000,0.046822,-0.051333,0.048076,-0.051333,0.048076,0,3.133864,-0.036667,-0.051333,0.054156,0.039489,0.600000,0.580000,0.311127,0.110000,0.814439,1
41,600000000,0.944201,1.080065,2.336611,0.062826,0.472875,0.070331,0.600000,0.076243,0.600000,0.076243,0.600000,-0.044816,0.044029,-0.051333,0.048076,-0.058667,0.048695,-0.058667,0.048695,0,3.207528,-0.044000,-0.058667,0.055409,0.040742,0.600000,0.580000,0.311127,0.110000,0.804982,1
41,640000000,0.944285,1.077410,2.355645,0.069119,0.474951,0.076243,0.600000,0.082725,0.600000,0.082725,0.600000,-0.052030,0.045501,-0.058667,0.048695,-0.066000,0.049875,-0.066000,0.049875,0,3.361520,-0.051333,-0.066000,0.056029,0.041362,0.600000,0.580000,0.311127,0.110000,0.785947,1
41,660000000,0.944387,1.076029,2.365129,0.069247,0.474177,0.082725,0.600000,0.088998,0.600000,0.088998,0.600000,-0.052225,0.045473,-0.066000,0.049875,-0.073333,0.050426,-0.073333,0.050426,0,3.441191,-0.058667,-0.073333,0.057208,0.042541,0.600000,0.580000,0.311127,0.110000,0.776464,1
41,700000000,0.944888,1.072884,2.384624,0.081070,0.486650,0.088998,0.600000,0.095721,0.600000,0.095721,0.600000,-0.065219,0.048154,-0.073333,0.050426,-0.080667,0.051531,-0.080667,0.051531,0,3.625213,-0.066000,-0.080667,0.057760,0.043093,0.600000,0.580000,0.311127,0.110000,0.756969,1
41,720000000,0.945225,1.071224,2.394544,0.084650,0.495991,0.095721,0.600000,0.102254,0.600000,0.102254,0.600000,-0.068953,0.049104,-0.080667,0.051531,-0.088000,0.052076,-0.088000,0.052076,0,3.725672,-0.073333,-0.088000,0.058864,0.044197,0.600000,0.580000,0.311127,0.110000,0.747049,1
41,760000000,0.946043,1.067793,2.414574,0.090178,0.501519,0.102254,0.600000,0.109127,0.600000,0.109127,0.600000,-0.074932,0.050172,-0.088000,0.052076,-0.095333,0.053107,-0.095333,0.053107,0,3.940044,-0.080667,-0.095333,0.059409,0.044742,0.600000,0.580000,0.311127,0.110000,0.727019,1
41,800000000,0.947304,1.063961,2.434574,0.101623,0.500000,0.109127,0.600000,0.116030,0.600000,0.116030,0.600000,-0.087505,0.051673,-0.095333,0.053107,-0.102667,0.054060,-0.102667,0.054060,0,4.193339,-0.088000,-0.102667,0.060440,0.045773,0.600000,0.580000,0.311127,0.110000,0.707019,1
41,820000000,0.948055,1.061948,2.444574,0.107423,0.500000,0.116030,0.600000,0.122748,0.600000,0.122748,0.600000,-0.093651,0.052623,-0.102667,0.054060,-0.110000,0.054472,-0.110000,0.054472,0,4.331263,-0.095333,-0.110000,0.061394,0.046727,0.600000,0.580000,0.311127,0.110000,0.697019,1
41,860000000,0.949790,1.057769,2.464607,0.118792,0.501657,0.122748,0.600000,0.129661,0.600000,0.129661,0.600000,-0.105770,0.054077,-0.110000,0.054472,-0.117333,0.055181,-0.117333,0.055181,0,4.634481,-0.102667,-0.117333,0.061805,0.047138,0.600000,0.580000,0.311127,0.110000,0.676986,1
41,880000000,0.950824,1.055557,2.474607,0.122040,0.500000,0.129661,0.600000,0.136453,0.600000,0.136453,0.600000,-0.109243,0.054402,-0.117333,0.055181,-0.124667,0.055477,-0.124667,0.055477,0,4.806471,-0.110000,-0.124667,0.062515,0.047848,0.600000,0.580000,0.311127,0.110000,0.666986,1
41,920000000,0.953117,1.051010,2.494608,0.129599,0.500026,0.136453,0.600000,0.143336,0.600000,0.143336,0.600000,-0.117165,0.055391,-0.124667,0.055477,-0.132000,0.055868,-0.132000,0.055868,0,5.183606,-0.117333,-0.132000,0.062810,0.048143,0.600000,0.580000,0.311127,0.110000,0.646985,1
41,960000000,0.955778,1.046255,2.514773,0.142818,0.507509,0.143336,0.600000,0.150174,0.600000,0.150174,0.600000,-0.131094,0.056670,-0.132000,0.055868,-0.139333,0.056022,-0.139333,0.056022,0,5.627498,-0.124667,-0.139333,0.063201,0.048534,0.600000,0.580000,0.311127,0.110000,0.626819,1
41,980000000,0.957252,1.043798,2.524953,0.143272,0.508983,0.150174,0.600000,0.156984,0.600000,0.156984,0.600000,-0.131429,0.057037,-0.139333,0.056022,-0.146667,0.055971,-0.146667,0.055971,0,5.878820,-0.132000,-0.146667,0.063355,0.048689,0.600000,0.580000,0.311127,0.110000,0.616640,1
42,20000000,0.960479,1.038768,2.545452,0.149996,0.515343,0.156984,0.600000,0.163725,0.600000,0.163725,0.600000,-0.138407,0.057813,-0.146667,0.055971,-0.154000,0.055587,-0.154000,0.055587,0,6.454507,-0.139333,-0.154000,0.063304,0.048638,0.600000,0.580000,0.311127,0.110000,0.596141,0
42,40000000,0.962242,1.036196,2.555825,0.155894,0.518676,0.163725,0.600000,0.170531,0.600000,0.170531,0.600000,-0.144815,0.057719,-0.154000,0.055587,-0.161333,0.055248,-0.161333,0.055248,0,6.789888,-0.146667,-0.161333,0.062921,0.048254,0.600000,0.580000,0.311127,0.110000,0.585767,0
42,80000000,0.966128,1.030888,2.576942,0.165716,0.529790,0.170531,0.600000,0.177124,0.600000,0.177124,0.600000,-0.154969,0.058707,-0.161333,0.055248,-0.168667,0.054080,-0.168667,0.054080,0,7.583537,-0.154000,-0.168667,0.062581,0.047915,0.600000,0.580000,0.311127,0.110000,0.564651,0
42,100000000,0.968202,1.028201,2.587636,0.169727,0.534728,0.177124,0.600000,0.183841,0.600000,0.183841,0.600000,-0.159166,0.058937,-0.168667,0.054080,-0.176000,0.053118,-0.176000,0.053118,0,8.033944,-0.161333,-0.176000,0.061413,0.046746,0.600000,0.580000,0.311127,0.110000,0.553956,0
42,140000000,0.972662,1.022767,2.609371,0.181939,0.549413,0.183841,0.600000,0.190094,0.600000,0.190094,0.600000,-0.172305,0.058421,-0.176000,0.053118,-0.183333,0.050245,-0.183333,0.050245,0,9.078552,-0.168667,-0.183333,0.060452,0.045785,0.600000,0.580000,0.311127,0.110000,0.532222,0
42,180000000,0.977559,1.017290,2.631608,0.185257,0.559416,0.190094,0.600000,0.196001,0.600000,0.196001,0.600000,-0.176133,0.057423,-0.183333,0.050245,-0.190667,0.045415,-0.190667,0.045415,0,10.305154,-0.176000,-0.190667,0.057579,0.042912,0.600000,0.580000,0.311127,0.110000,0.509985,0
42,200000000,0.980144,1.014574,2.642919,0.187513,0.565558,0.196001,0.600000,0.202348,0.600000,0.202348,0.600000,-0.178782,0.056551,-0.190667,0.045415,-0.198000,0.041720,-0.198000,0.041720,0,10.888611,-0.183333,-0.198000,0.052748,0.038082,0.600000,0.580000,0.311127,0.110000,0.498673,0
42,240000000,0.985561,1.009239,2.665954,0.192173,0.580945,0.202348,0.600000,0.208193,0.600000,0.208193,0.600000,-0.184728,0.052974,-0.198000,0.041720,-0.205333,0.034387,-0.205333,0.034387,0,10.905428,-0.190667,-0.205333,0.049053,0.034387,0.600000,0.580000,0.311127,0.110000,0.475638,0
42,260000000,0.988379,1.006629,2.677704,0.192056,0.587503,0.208193,0.600000,0.214380,0.600000,0.214380,0.600000,-0.184684,0.052702,-0.205333,0.034387,-0.212667,0.027053,-0.212667,0.027053,0,8.146188,-0.198000,-0.212667,0.041720,0.027053,0.600000,0.580000,0.311127,0.110000,0.463888,0
42,300000000,0.994688,1.001618,2.702057,0.201338,0.611269,0.214380,0.600000,0.220882,0.600000,0.220882,0.600000,-0.196477,0.043976,-0.212667,0.027053,-0.220000,0.019720,-0.220000,0.019720,0,-51.659334,-0.205333,-0.220000,0.034387,0.019720,0.600000,0.580000,0.311127,0.110000,0.439535,0
42,320000000,0.997988,0.999222,2.714519,0.203903,0.623086,0.220882,0.600000,0.217998,0.600000,0.217998,0.600000,-0.200031,0.039549,-0.220000,0.019720,-0.217646,0.012387,-0.217646,0.012387,0,-662.689003,-0.212667,-0.220000,0.027053,0.012387,0.600000,0.580000,0.311127,0.110000,0.427074,0
42,360000000,1.004673,0.994724,2.739120,0.198258,0.600300,0.217998,0.600000,0.210373,0.600000,0.210373,0.600000,-0.195316,0.034029,-0.217646,0.012387,-0.210312,0.005053,-0.210312,0.005053,0,-121.778122,-0.210312,-0.220000,0.019720,0.005053,0.600000,0.580000,0.311127,0.110000,0.402473,0
42,380000000,1.007896,0.992904,2.750605,0.185073,0.574237,0.210373,0.600000,0.202992,0.600000,0.202992,0.600000,-0.183795,0.021708,-0.210312,0.005053,-0.202979,-0.002280,-0.202979,-0.002280,0,-63.019069,-0.202979,-0.217646,0.012387,-0.002280,0.600000,0.580000,0.311127,0.110000,0.390988,0
42,420000000,1.014099,0.989716,2.773392,0.170023,0.569124,0.202992,0.600000,0.195882,0.600000,0.195882,0.600000,-0.169472,0.013677,-0.202979,-0.002280,-0.195646,-0.009613,-0.195646,-0.009613,0,-29.682954,-0.195646,-0.210312,0.005053,-0.009613,0.600000,0.580000,0.311127,0.110000,0.368200,0
42,440000000,1.017104,0.988302,2.784666,0.166051,0.563707,0.195882,0.600000,0.189073,0.600000,0.189073,0.600000,-0.165548,0.012917,-0.195646,-0.009613,-0.188312,-0.016947,-0.188312,-0.016947,0,-23.217860,-0.188312,-0.202979,-0.002280,-0.016947,0.600000,0.580000,0.311127,0.110000,0.356926,0
42,480000000,1.022984,0.986018,2.806042,0.154086,0.545040,0.189073,0.600000,0.182601,0.600000,0.182601,0.600000,-0.154081,0.001201,-0.188312,-0.016947,-0.180979,-0.024280,-0.180979,-0.024280,0,-15.567892,-0.180979,-0.195646,-0.009613,-0.024280,0.600000,0.580000,0.311127,0.110000,0.335551,0
42,520000000,1.028619,0.984371,2.828200,0.144543,0.559771,0.182601,0.600000,0.176500,0.600000,0.176500,0.600000,-0.144343,-0.007604,-0.180979,-0.024280,-0.173646,-0.031613,-0.173646,-0.031613,0,-11.370286,-0.173646,-0.188312,-0.016947,-0.031613,0.600000,0.580000,0.311127,0.110000,0.313393,0
42,540000000,1.031409,0.983695,2.839118,0.143540,0.545899,0.176500,0.600000,0.170812,0.600000,0.170812,0.600000,-0.143193,-0.009975,-0.173646,-0.031613,-0.166312,-0.038947,-0.166312,-0.038947,0,-9.915389,-0.166312,-0.180979,-0.024280,-0.038947,0.600000,0.580000,0.311127,0.110000,0.302475,0
42,580000000,1.036909,0.982885,2.861159,0.136828,0.565298,0.170812,0.600000,0.165578,0.600000,0.165578,0.600000,-0.135070,-0.021864,-0.166312,-0.038947,-0.158979,-0.046280,-0.158979,-0.046280,0,-7.529482,-0.158979,-0.173646,-0.031613,-0.046280,0.600000,0.580000,0.311127,0.110000,0.280434,0
42,600000000,1.039629,0.982688,2.872390,0.136384,0.561573,0.165578,0.600000,0.157966,0.600000,0.157966,0.600000,-0.133606,-0.027383,-0.158979,-0.046280,-0.151646,-0.044236,-0.151646,-0.044236,0,-6.575374,-0.151646,-0.166312,-0.038947,-0.053613,0.600000,0.580000,0.311127,0.110000,0.269202,0
42,640000000,1.045022,0.982600,2.895438,0.135104,0.576040,0.157966,0.600000,0.149247,0.600000,0.149247,0.600000,-0.130764,-0.033971,-0.151646,-0.044236,-0.144312,-0.038062,-0.144312,-0.038062,0,-5.069047,-0.144312,-0.158979,-0.036902,-0.051569,0.600000,0.580000,0.311127,0.110000,0.246155,0
42,660000000,1.047688,0.982739,2.907459,0.133481,0.601068,0.149247,0.600000,0.141413,0.600000,0.141413,0.600000,-0.127845,-0.038377,-0.144312,-0.038062,-0.136979,-0.035131,-0.136979,-0.035131,0,-4.452886,-0.136979,-0.151646,-0.030729,-0.045395,0.600000,0.580000,0.311127,0.110000,0.234134,1
42,700000000,1.052989,0.983058,2.932117,0.132277,0.623499,0.141413,0.600000,0.133313,0.600000,0.133313,0.600000,-0.127365,-0.035712,-0.136979,-0.035131,-0.129646,-0.031055,-0.129646,-0.031055,0,-3.588453,-0.129646,-0.144312,-0.027798,-0.042465,0.600000,0.580000,0.311127,0.110000,0.209476,1
42,740000000,1.058131,0.983457,2.956442,0.124675,0.590398,0.133313,0.600000,0.125615,0.600000,0.125615,0.600000,-0.120094,-0.033488,-0.129646,-0.031055,-0.122312,-0.028613,-0.122312,-0.028613,0,-3.043257,-0.122312,-0.136979,-0.023722,-0.038389,0.600000,0.580000,0.311127,0.110000,0.185151,1
42,760000000,1.060540,0.983652,2.968807,0.120819,0.618266,0.125615,0.600000,0.118401,0.600000,0.118401,0.600000,-0.116787,-0.030952,-0.122312,-0.028613,-0.114979,-0.028261,-0.114979,-0.028261,0,-2.897061,-0.114979,-0.129646,-0.021280,-0.035947,0.600000,0.580000,0.311127,0.110000,0.172785,1
42,800000000,1.065118,0.984105,2.993080,0.114283,0.609489,0.118401,0.600000,0.111289,0.600000,0.111289,0.600000,-0.110448,-0.029357,-0.114979,-0.028261,-0.107646,-0.028243,-0.107646,-0.028243,0,-2.708556,-0.107646,-0.122312,-0.020928,-0.035595,0.600000,0.580000,0.311127,0.110000,0.148513,1
42,820000000,1.067334,0.984377,3.004617,0.111607,0.576825,0.111289,0.600000,0.104222,0.600000,0.104222,0.600000,-0.107732,-0.029155,-0.107646,-0.028243,-0.100312,-0.028278,-0.100312,-0.028278,0,-2.629810,-0.100312,-0.114979,-0.020910,-0.035577,0.600000,0.580000,0.311127,0.110000,0.136976,1
42,840000000,1.069362,0.984687,3.016356,0.102583,0.586988,0.104222,0.600000,0.097278,0.580000,0.097278,0.580000,-0.098528,-0.028557,-0.100312,-0.028278,-0.092979,-0.028600,-0.092979,-0.028600,0,-2.588253,-0.092979,-0.107646,-0.020945,-0.035612,0.600000,0.580000,0.311127,0.110000,0.125236,1
42,880000000,1.073221,0.985442,3.039710,0.096106,0.584479,0.097278,0.580000,0.090526,0.560000,0.090526,0.560000,-0.091343,-0.029879,-0.092979,-0.028600,-0.085646,-0.029320,-0.085646,-0.029320,0,-2.524692,-0.085646,-0.100312,-0.021267,-0.035934,0.600000,0.560000,0.311127,0.110000,0.101883,1
42,900000000,1.075074,0.985864,3.050962,0.095004,0.562605,0.090526,0.560000,0.083742,0.540000,0.083742,0.540000,-0.090193,-0.029848,-0.085646,-0.029320,-0.078312,-0.029662,-0.078312,-0.029662,0,-2.496015,-0.078312,-0.092979,-0.021987,-0.036654,0.580000,0.540000,0.311127,0.110000,0.090631,1
