sec,nsec,x,y,yaw,map_x,map_y,map_yaw,map_pose_valid,v_real,w_real,v_now,w_now,v_cmd,w_cmd,v_nav,w_nav,vx_real,vy_real,vx_now,vy_now,vx_cmd,vy_cmd,vx_nav,vy_nav,velocity_violation,curvature,dw_vx_max,dw_vx_min,dw_vy_max,dw_vy_min,dw_w_max,dw_w_min,v_reg,lookahead_dist,lookahead_yaw,is_accel
1772477889,933178620,0.139561,-1.630062,2.628156,-1.423938,-0.434262,-1.291714,1,0.000000,0.000000,0.059782,0.086374,0.049413,0.066374,0.049413,0.066374,0.000000,0.000000,-0.041501,0.043030,-0.034167,0.035697,-0.034167,0.035697,0,13.369296,-0.034167,-0.048834,0.050363,0.035697,0.106374,0.066374,0.311127,0.110000,1.133735,1
1772477889,958208424,0.139637,-1.630651,2.628329,-1.423579,-0.433790,-1.291541,1,0.000000,-0.004764,0.049413,0.066374,0.039046,0.046374,0.039046,0.046374,0.000000,0.000000,-0.034167,0.035697,-0.026834,0.028363,-0.026834,0.028363,0,13.305309,-0.026834,-0.041501,0.043030,0.028363,0.086374,0.046374,0.311127,0.110000,1.133562,1
1772477890,8236354,0.139043,-1.629801,2.628197,-1.423753,-0.434812,-1.291673,1,0.010079,-0.003087,0.039046,0.046374,0.028680,0.026374,0.028680,0.026374,-0.007271,0.006980,-0.026834,0.028363,-0.019501,0.021030,-0.019501,0.021030,0,13.428354,-0.019501,-0.034167,0.035697,0.021030,0.066374,0.026374,0.311127,0.110000,1.133694,1
1772477890,33289600,0.139501,-1.629003,2.629142,-1.424639,-0.435059,-1.290727,1,0.020912,0.034503,0.028680,0.026374,0.018321,0.020219,0.018321,0.020219,-0.014900,0.014674,-0.019501,0.021030,-0.012167,0.013697,-0.012167,0.013697,0,13.462357,-0.012167,-0.026834,0.028363,0.013697,0.046374,0.006374,0.311127,0.110000,1.132749,1
1772477890,58288351,0.140747,-1.630688,2.630441,-1.424343,-0.432984,-1.289429,1,0.029485,-0.002907,0.018321,0.020219,0.007991,0.013326,0.007991,0.013326,-0.020257,0.021424,-0.012167,0.013697,-0.004834,0.006363,-0.004834,0.006363,0,13.200036,-0.004834,-0.019501,0.021030,0.006363,0.040219,0.000219,0.311127,0.110000,1.131450,1
1772477890,108356330,0.139674,-1.632747,2.632686,-1.422133,-0.432271,-1.287184,1,0.018485,0.030226,0.007991,0.013326,0.003246,0.033326,0.003246,0.033326,-0.012282,0.013814,-0.004834,0.006363,0.002262,0.002329,0.002262,0.002329,0,13.042584,0.002499,-0.012167,0.013697,-0.000970,0.033326,-0.006674,0.311127,0.110000,1.129205,1
1772477890,133336561,0.139456,-1.631796,2.633481,-1.422646,-0.433101,-1.286389,1,0.007523,0.012398,0.003246,0.033326,0.005198,0.053326,0.005198,0.053326,-0.004624,0.005934,0.002262,0.002329,0.003592,0.003757,0.003592,0.003757,0,13.141635,0.009595,-0.005071,0.009662,-0.005005,0.053326,0.013326,0.311127,0.110000,1.128410,1
1772477890,158423328,0.140469,-1.633163,2.633456,-1.422408,-0.431416,-1.286414,1,0.003212,0.034348,0.005198,0.053326,0.007148,0.073326,0.007148,0.073326,0.002219,0.002322,0.003592,0.003757,0.005023,0.005085,0.005023,0.005085,0,12.935669,0.010926,-0.003741,0.011091,-0.003576,0.073326,0.033326,0.311127,0.110000,1.128435,1
1772477890,208432291,0.141567,-1.633124,2.634583,-1.423217,-0.430673,-1.285287,1,0.005343,0.051884,0.007148,0.073326,0.009107,0.093326,0.009107,0.093326,0.003703,0.003852,0.005023,0.005085,0.006444,0.006435,0.006444,0.006435,0,12.847733,0.012356,-0.002310,0.012419,-0.002248,0.093326,0.053326,0.311127,0.110000,1.127308,1
1772477890,233420936,0.140560,-1.632244,2.636538,-1.423118,-0.432007,-1.283332,1,0.007203,0.074422,0.009107,0.093326,0.011077,0.113326,0.011077,0.113326,0.005056,0.005130,0.006444,0.006435,0.007756,0.007909,0.007756,0.007909,0,12.982149,0.013777,-0.000890,0.013768,-0.000898,0.113326,0.073326,0.311127,0.110000,1.125353,1
1772477890,258480416,0.139667,-1.632589,2.638738,-1.422239,-0.432388,-1.281132,1,0.009141,0.106218,0.011077,0.113326,0.013058,0.133326,0.013058,0.133326,0.006449,0.006478,0.007756,0.007909,0.009142,0.009323,0.009142,0.009323,0,12.981952,0.015089,0.000422,0.015243,0.000576,0.133326,0.093326,0.311127,0.110000,1.123153,1
1772477890,308502389,0.140307,-1.631585,2.644677,-1.423400,-0.432654,-1.275193,1,0.010999,0.125805,0.013058,0.133326,0.015096,0.153326,0.015096,0.153326,0.007607,0.007944,0.009142,0.009323,0.010587,0.010762,0.010587,0.010762,0,12.961858,0.016476,0.001809,0.016657,0.001990,0.153326,0.113326,0.311127,0.110000,1.117214,1
1772477890,333532271,0.140510,-1.631585,2.648538,-1.423545,-0.432511,-1.271332,1,0.013043,0.118464,0.015096,0.153326,0.017125,0.173326,0.017125,0.173326,0.009216,0.009229,0.010587,0.010762,0.012069,0.012148,0.012069,0.012148,0,12.898348,0.017920,0.003253,0.018096,0.003429,0.173326,0.133326,0.311127,0.110000,1.113353,1
1772477890,358561558,0.140445,-1.633327,2.651758,-1.422275,-0.431317,-1.268112,1,0.015515,0.151489,0.017125,0.173326,0.019156,0.193326,0.019156,0.193326,0.010856,0.011084,0.012069,0.012148,0.013724,0.013364,0.013724,0.013364,0,12.684631,0.019403,0.004736,0.019482,0.004815,0.193326,0.153326,0.311127,0.110000,1.110133,1
1772477890,408608206,0.140368,-1.633325,2.659390,-1.422222,-0.431373,-1.260480,1,0.017672,0.149113,0.019156,0.193326,0.021284,0.213326,0.021284,0.213326,0.012262,0.012726,0.013724,0.013364,0.015355,0.014739,0.015355,0.014739,0,12.590647,0.021057,0.006391,0.020698,0.006031,0.213326,0.173326,0.311127,0.110000,1.102501,1
1772477890,433643238,0.139112,-1.633801,2.663120,-1.420994,-0.431915,-1.256750,1,0.019234,0.175438,0.021284,0.213326,0.022970,0.233326,0.022970,0.233326,0.013931,0.013261,0.015355,0.014739,0.016580,0.015897,0.016580,0.015897,0,12.583635,0.022688,0.008022,0.022072,0.007406,0.233326,0.193326,0.311127,0.110000,1.117382,1
1772477890,458730053,0.138837,-1.633128,2.667905,-1.421270,-0.432588,-1.251964,1,0.021629,0.218027,0.022970,0.233326,0.025046,0.253326,0.025046,0.253326,0.015610,0.014971,0.016580,0.015897,0.018043,0.017371,0.018043,0.017371,0,12.610177,0.023913,0.009246,0.023231,0.008564,0.253326,0.213326,0.311127,0.110000,1.112596,1
1772477890,508769406,0.138552,-1.634689,2.678724,-1.419971,-0.431675,-1.241145,1,0.022595,0.233551,0.025046,0.253326,0.027289,0.273326,0.027289,0.273326,0.015954,0.016001,0.018043,0.017371,0.020059,0.018502,0.020059,0.018502,0,12.327390,0.025376,0.010710,0.024704,0.010037,0.273326,0.233326,0.311127,0.110000,1.101777,1
1772477890,533796539,0.138579,-1.634260,2.685306,-1.420291,-0.431962,-1.234564,1,0.025324,0.253402,0.027289,0.273326,0.029461,0.293326,0.029461,0.293326,0.018231,0.017576,0.020059,0.018502,0.021723,0.019902,0.021723,0.019902,0,12.282107,0.027392,0.012725,0.025835,0.011168,0.293326,0.253326,0.311127,0.110000,1.095196,1
1772477890,558851061,0.136502,-1.634381,2.691143,-1.418727,-0.433334,-1.228727,1,0.027531,0.276387,0.029461,0.293326,0.031639,0.313326,0.031639,0.313326,0.020265,0.018636,0.021723,0.019902,0.023221,0.021490,0.023221,0.021490,0,12.349444,0.029057,0.014390,0.027235,0.012568,0.313326,0.273326,0.311127,0.110000,1.089358,1
1772477890,608895358,0.135208,-1.634451,2.703693,-1.417757,-0.434193,-1.216177,1,0.029746,0.288487,0.031639,0.313326,0.034051,0.333326,0.034051,0.333326,0.021866,0.020166,0.023221,0.021490,0.025124,0.022984,0.025124,0.022984,0,12.272452,0.030554,0.015887,0.028823,0.014156,0.333326,0.293326,0.311127,0.110000,1.076809,1
1772477890,633944731,0.135205,-1.636378,2.710519,-1.416402,-0.432823,-1.209351,1,0.031666,0.293971,0.034051,0.333326,0.036324,0.353326,0.036324,0.353326,0.023227,0.021523,0.025124,0.022984,0.027329,0.023928,0.027329,0.023928,0,11.977254,0.032457,0.017790,0.030317,0.015650,0.353326,0.313326,0.311127,0.110000,1.069983,1
1772477890,659047292,0.133457,-1.635952,2.719020,-1.415456,-0.434354,-1.200850,1,0.034013,0.341706,0.036324,0.353326,0.038687,0.373326,0.038687,0.373326,0.025138,0.022912,0.027329,0.023928,0.028986,0.025623,0.028986,0.025623,0,12.042070,0.034662,0.019995,0.031262,0.016595,0.373326,0.333326,0.311127,0.110000,1.061481,1
1772477890,709094092,0.132612,-1.636969,2.737185,-1.414141,-0.434222,-1.182685,1,0.036302,0.354851,0.038687,0.373326,0.041470,0.393326,0.041470,0.393326,0.027607,0.023573,0.028986,0.025623,0.031647,0.026799,0.031647,0.026799,0,11.749625,0.036319,0.021652,0.032957,0.018290,0.393326,0.353326,0.311127,0.110000,1.043316,1
1772477890,734183824,0.131898,-1.637996,2.746771,-1.412911,-0.433992,-1.173098,1,0.039098,0.382656,0.041470,0.393326,0.043982,0.413326,0.043982,0.413326,0.029401,0.025772,0.031647,0.026799,0.033946,0.027966,0.033946,0.027966,0,11.560990,0.038981,0.024314,0.034132,0.019466,0.413326,0.373326,0.311127,0.110000,1.033730,1
1772477890,759170172,0.131362,-1.637876,2.756219,-1.412614,-0.434454,-1.163651,1,0.044711,0.398651,0.043982,0.413326,0.046536,0.433326,0.046536,0.433326,0.034856,0.028002,0.033946,0.027966,0.036078,0.029393,0.036078,0.029393,0,11.484010,0.041279,0.026613,0.035300,0.020633,0.433326,0.393326,0.311127,0.110000,1.024283,1
1772477890,809283694,0.128724,-1.637080,2.776609,-1.411294,-0.436873,-1.143261,1,0.043903,0.412034,0.046536,0.433326,0.048933,0.453326,0.048933,0.453326,0.033913,0.027881,0.036078,0.029393,0.037906,0.030945,0.037906,0.030945,0,11.498057,0.043412,0.028745,0.036726,0.022060,0.453326,0.413326,0.311127,0.110000,1.019058,1
1772477890,834396358,0.128952,-1.638555,2.786773,-1.410420,-0.435663,-1.133097,1,0.046981,0.432554,0.048933,0.453326,0.051607,0.473326,0.051607,0.473326,0.036610,0.029444,0.037906,0.030945,0.040711,0.031716,0.040711,0.031716,0,11.173865,0.045239,0.030573,0.038278,0.023612,0.473326,0.433326,0.311127,0.110000,1.008894,1
1772477890,859353444,0.126957,-1.638870,2.797916,-1.408779,-0.436839,-1.121954,1,0.048814,0.488570,0.051607,0.473326,0.054388,0.493326,0.054388,0.493326,0.038051,0.030576,0.040711,0.031716,0.042971,0.033340,0.042971,0.033340,0,11.145345,0.048044,0.033378,0.039049,0.024382,0.493326,0.453326,0.311127,0.110000,0.997751,1
1772477890,909533979,0.125206,-1.640668,2.820592,-1.406269,-0.436788,-1.099278,1,0.051561,0.476570,0.054388,0.493326,0.057909,0.513326,0.057909,0.513326,0.040925,0.031363,0.042971,0.033340,0.046672,0.034281,0.046672,0.034281,0,10.763349,0.050305,0.035638,0.040673,0.026006,0.513326,0.473326,0.311127,0.110000,0.975075,1
1772477890,934559720,0.123509,-1.640359,2.833286,-1.405278,-0.438199,-1.086584,1,0.054070,0.504551,0.057909,0.513326,0.060959,0.533326,0.060959,0.533326,0.042823,0.033011,0.046672,0.034281,0.049148,0.036062,0.049148,0.036062,0,10.755912,0.054005,0.039339,0.041615,0.026948,0.533326,0.493326,0.311127,0.110000,0.962381,1
1772477890,959608448,0.121364,-1.641075,2.845482,-1.403247,-0.439195,-1.074388,1,0.057879,0.504809,0.060959,0.533326,0.063107,0.553326,0.063107,0.553326,0.046816,0.034033,0.049148,0.036062,0.051071,0.037070,0.051071,0.037070,0,10.680365,0.056482,0.041815,0.043395,0.028729,0.553326,0.513326,0.311127,0.110000,0.964490,1
1772477891,9683893,0.119758,-1.641957,2.871988,-1.401485,-0.439695,-1.047882,1,0.061362,0.527263,0.063107,0.553326,0.067236,0.573326,0.067236,0.573326,0.049745,0.035927,0.051071,0.037070,0.055334,0.038194,0.055334,0.038194,0,10.328402,0.058405,0.043738,0.044404,0.029737,0.573326,0.533326,0.311127,0.110000,0.937984,1
1772477891,34734225,0.117226,-1.643006,2.885103,-1.398945,-0.440725,-1.034767,1,0.063545,0.542059,0.067236,0.573326,0.070568,0.593326,0.070568,0.593326,0.051695,0.036953,0.055334,0.038194,0.058321,0.039729,0.058321,0.039729,0,10.236266,0.062667,0.048001,0.045527,0.030861,0.593326,0.553326,0.311127,0.110000,0.924869,1
1772477891,59768904,0.115648,-1.642946,2.899839,-1.397864,-0.441876,-1.020031,1,0.067295,0.568859,0.070568,0.593326,0.072517,0.600000,0.072517,0.600000,0.055686,0.037785,0.058321,0.039729,0.060136,0.040526,0.060136,0.040526,0,10.160818,0.065655,0.050988,0.047063,0.032396,0.600000,0.573326,0.311127,0.110000,0.910133,1
1772477891,109929375,0.113456,-1.643570,2.929078,-1.395865,-0.442970,-0.990792,1,0.070555,0.578530,0.072517,0.600000,0.073817,0.600000,0.073817,0.600000,0.058510,0.039429,0.060136,0.040526,0.062071,0.039952,0.062071,0.039952,0,9.840484,0.067470,0.052803,0.047859,0.033192,0.600000,0.580000,0.311127,0.110000,0.894101,1
1772477891,134951194,0.111842,-1.644320,2.944282,-1.394189,-0.443569,-0.975588,1,0.074137,0.596042,0.073817,0.600000,0.075590,0.600000,0.075590,0.600000,0.062749,0.039484,0.062071,0.039952,0.063929,0.040335,0.063929,0.040335,0,9.638299,0.069404,0.054738,0.047285,0.032618,0.600000,0.580000,0.311127,0.110726,0.878897,1
1772477891,160011860,0.109984,-1.644312,2.959800,-1.392871,-0.444880,-0.960070,1,0.073995,0.603865,0.075590,0.600000,0.078796,0.600000,0.078796,0.600000,0.062757,0.039202,0.063929,0.040335,0.066524,0.042230,0.066524,0.042230,0,9.453465,0.071262,0.056595,0.047668,0.033002,0.600000,0.580000,0.311127,0.113384,0.863380,1
1772477891,185102858,0.108168,-1.646697,2.974399,-1.389904,-0.444456,-0.945471,1,0.075546,0.594347,0.078796,0.600000,0.082444,0.600000,0.082444,0.600000,0.064232,0.039767,0.066524,0.042230,0.069966,0.043611,0.069966,0.043611,0,8.950915,0.073857,0.059191,0.049563,0.034896,0.600000,0.580000,0.311127,0.118194,0.860171,1
1772477891,235272854,0.104761,-1.646641,3.005140,-1.387517,-0.446888,-0.914730,1,0.083318,0.590488,0.082444,0.600000,0.088381,0.600000,0.088381,0.600000,0.071266,0.043164,0.069966,0.043611,0.074922,0.046881,0.074922,0.046881,0,8.578649,0.077299,0.062632,0.050944,0.036277,0.600000,0.580000,0.311127,0.123666,0.839544,1
1772477891,260255699,0.102770,-1.647678,3.020755,-1.385371,-0.447546,-0.899115,1,0.082548,0.594867,0.088381,0.600000,0.095465,0.600000,0.095465,0.600000,0.070431,0.043055,0.074922,0.046881,0.080540,0.051252,0.080540,0.051252,0,8.099320,0.082256,0.067589,0.054215,0.039548,0.600000,0.580000,0.311127,0.132572,0.833216,1
1772477891,285432790,0.100122,-1.650225,3.036375,-1.381674,-0.447685,-0.883615,1,0.088375,0.612412,0.095465,0.600000,0.103003,0.600000,0.103003,0.600000,0.075536,0.045874,0.080540,0.051252,0.086661,0.055673,0.086661,0.055673,0,7.548994,0.087874,0.073207,0.058586,0.043919,0.600000,0.580000,0.311127,0.143198,0.834135,1
1772477891,335549468,0.097366,-1.651052,3.069388,-1.378861,-0.450140,-0.852037,1,0.104605,0.558057,0.103003,0.600000,0.111969,0.586879,0.111969,0.586879,0.088492,0.055781,0.086661,0.055673,0.093995,0.060845,0.093995,0.060845,0,7.034178,0.093995,0.079328,0.063006,0.048340,0.600000,0.580000,0.311127,0.154505,0.809828,1
1772477891,360464905,0.093788,-1.652582,3.085022,-1.375241,-0.451568,-0.836403,1,0.114095,0.556377,0.111969,0.586879,0.121640,0.584582,0.121640,0.584582,0.096516,0.060846,0.093995,0.060845,0.101328,0.067298,0.101328,0.067298,0,6.588205,0.101328,0.086661,0.068178,0.053511,0.600000,0.566879,0.311127,0.167953,0.807154,1
1772477891,385646419,0.092504,-1.653477,3.100672,-1.373699,-0.451835,-0.820752,1,0.112443,0.569690,0.121640,0.584582,0.130760,0.575231,0.130760,0.575231,0.095143,0.059926,0.101328,0.067298,0.108661,0.072738,0.108661,0.072738,0,6.097452,0.108661,0.093995,0.074632,0.059965,0.600000,0.564582,0.311127,0.182461,0.802671,1
1772477891,435628067,0.086636,-1.656617,3.130757,-1.367319,-0.453728,-0.790667,1,0.134578,0.528740,0.130760,0.575231,0.139107,0.555231,0.139107,0.555231,0.112865,0.073298,0.108661,0.072738,0.115995,0.076786,0.115995,0.076786,0,5.624523,0.115995,0.101328,0.080071,0.065405,0.595231,0.555231,0.311127,0.196139,0.782272,1
1772477891,460659876,0.084413,-1.658108,-3.137883,-1.364689,-0.454231,-0.776122,1,0.139735,0.625673,0.139107,0.555231,0.147842,0.549949,0.147842,0.549949,0.117378,0.075818,0.115995,0.076786,0.123328,0.081533,0.123328,0.081533,0,5.285960,0.123328,0.108661,0.084119,0.069452,0.575231,0.535231,0.311127,0.208661,0.776182,1
1772477891,510798499,0.078121,-1.661464,-3.107766,-1.357856,-0.456269,-0.746005,1,0.139297,0.545009,0.147842,0.549949,0.155753,0.529949,0.155753,0.529949,0.117511,0.074799,0.123328,0.081533,0.130661,0.084775,0.130661,0.084775,0,4.903684,0.130661,0.115995,0.088866,0.074200,0.569949,0.529949,0.311127,0.221764,0.753708,1
1772477891,535821325,0.075452,-1.664111,-3.093492,-1.354097,-0.456264,-0.731731,1,0.151798,0.495686,0.155753,0.529949,0.163894,0.521321,0.163894,0.521321,0.128342,0.081062,0.130661,0.084775,0.137995,0.088424,0.137995,0.088424,0,4.618589,0.137995,0.123328,0.092108,0.077441,0.549949,0.509949,0.311127,0.233630,0.743138,1
1772477891,560878572,0.072719,-1.665314,-3.079137,-1.351586,-0.457179,-0.717162,1,0.149171,0.513475,0.163894,0.521321,0.172396,0.515310,0.172396,0.515310,0.126179,0.079567,0.137995,0.088424,0.145328,0.092738,0.145328,0.092738,0,4.376275,0.145328,0.130661,0.095758,0.081091,0.541321,0.501321,0.311127,0.245841,0.734844,1
1772477891,585881764,0.068676,-1.668034,-3.066169,-1.349963,-0.456361,-0.701759,1,0.150496,0.470152,0.172396,0.515310,0.179936,0.502563,0.179936,0.502563,0.127983,0.079179,0.145328,0.092738,0.152661,0.095244,0.152661,0.095244,0,4.093831,0.152661,0.137995,0.100071,0.085405,0.535310,0.495310,0.311127,0.258595,0.722259,1
1772477891,635982642,0.061471,-1.671502,-3.042678,-1.342394,-0.458941,-0.678268,1,0.154186,0.430813,0.179936,0.502563,0.187863,0.490148,0.187863,0.490148,0.132062,0.079580,0.152661,0.095244,0.159995,0.098460,0.159995,0.098460,0,3.883650,0.159995,0.145328,0.102577,0.087910,0.522563,0.482563,0.311127,0.269903,0.704196,1
1772477891,661053798,0.059149,-1.673553,-3.031344,-1.339301,-0.459108,-0.666934,1,0.152627,0.425191,0.187863,0.490148,0.196008,0.485469,0.196008,0.485469,0.130635,0.078926,0.159995,0.098460,0.167328,0.102082,0.167328,0.102082,0,3.696326,0.167328,0.152661,0.105793,0.091127,0.510148,0.470148,0.311127,0.281795,0.697943,1
1772477891,711083554,0.052765,-1.679902,-3.009209,-1.330298,-0.459059,-0.644798,1,0.156260,0.389414,0.196008,0.485469,0.202767,0.468906,0.202767,0.468906,0.134873,0.078908,0.167328,0.102082,0.174661,0.102996,0.174661,0.102996,0,3.455290,0.174661,0.159995,0.109415,0.094748,0.505469,0.465469,0.311127,0.294013,0.679913,1
1772477891,736137387,0.049507,-1.680654,-2.998266,-1.327447,-0.460813,-0.633757,1,0.158557,0.351345,0.202767,0.468906,0.211289,0.466216,0.211289,0.466216,0.137736,0.078544,0.174661,0.102996,0.181995,0.107336,0.181995,0.107336,0,3.340481,0.181995,0.167328,0.110329,0.095662,0.488906,0.448906,0.311127,0.304151,0.671119,1
1772477891,761110862,0.046267,-1.683352,-2.988207,-1.323237,-0.461231,-0.622527,1,0.158020,0.353706,0.211289,0.466216,0.219327,0.459329,0.219327,0.459329,0.137678,0.077556,0.181995,0.107336,0.189328,0.110722,0.189328,0.110722,0,3.185679,0.189328,0.174661,0.114669,0.100003,0.486216,0.446216,0.311127,0.316933,0.663743,1
1772477891,786140039,0.043347,-1.685245,-2.979034,-1.319828,-0.461925,-0.613354,1,0.161582,0.321810,0.219327,0.459329,0.227607,0.455204,0.227607,0.455204,0.140534,0.079744,0.189328,0.110722,0.196661,0.114584,0.196661,0.114584,0,3.060442,0.196661,0.181995,0.118055,0.103388,0.479329,0.439329,0.311127,0.328990,0.657965,1
1772477891,836180379,0.037280,-1.690700,-2.961324,-1.311677,-0.462280,-0.595644,1,0.163846,0.313827,0.227607,0.455204,0.234059,0.455382,0.234059,0.455382,0.142816,0.080307,0.196661,0.114584,0.203995,0.114760,0.203995,0.114760,0,2.971531,0.203995,0.189328,0.121917,0.107251,0.475204,0.435204,0.311127,0.330000,0.642044,1
1772477891,861235406,0.033809,-1.692554,-2.952413,-1.308064,-0.463313,-0.586751,1,0.164653,0.321861,0.234059,0.455382,0.241764,0.463857,0.241764,0.463857,0.143809,0.080184,0.203995,0.114760,0.211328,0.117432,0.211328,0.117432,0,2.943815,0.211328,0.196661,0.122093,0.107426,0.475382,0.435382,0.311127,0.330000,0.633150,1
1772477891,886212351,0.030787,-1.696136,-2.943935,-1.305413,-0.461949,-0.578492,1,0.167055,0.317079,0.241764,0.463857,0.248507,0.470575,0.248507,0.470575,0.146806,0.079719,0.211328,0.117432,0.218661,0.118081,0.218661,0.118081,0,2.879760,0.218661,0.203995,0.124765,0.110098,0.483857,0.443857,0.311127,0.330000,0.624891,1
1772477891,936273359,0.024794,-1.702302,-2.927038,-1.296817,-0.461747,-0.561595,1,0.169995,0.317868,0.248507,0.470575,0.247883,0.457774,0.247883,0.457774,0.150045,0.079905,0.218661,0.118081,0.220000,0.114218,0.220000,0.114218,0,2.792576,0.220000,0.211328,0.125414,0.110747,0.490575,0.450575,0.311127,0.330000,0.609423,1
1772477891,961266226,0.021722,-1.704431,-2.919013,-1.293119,-0.462521,-0.553673,1,0.171820,0.331689,0.247883,0.457774,0.247241,0.451617,0.247241,0.451617,0.151057,0.081876,0.220000,0.114218,0.220000,0.112820,0.220000,0.112820,0,2.765540,0.220000,0.212667,0.121551,0.106885,0.477774,0.437774,0.311127,0.330000,0.602786,1
1772477891,986292304,0.017952,-1.708071,-2.911309,-1.287682,-0.464546,-0.547431,1,0.175267,0.322193,0.247241,0.451617,0.247335,0.447110,0.247335,0.447110,0.157261,0.077380,0.220000,0.112820,0.220000,0.113025,0.220000,0.113025,0,2.769531,0.220000,0.212667,0.120153,0.105486,0.471617,0.431617,0.311127,0.330000,0.596544,1
1772477892,36306534,0.011564,-1.713017,-2.894621,-1.279660,-0.465503,-0.530743,1,0.180431,0.321537,0.247335,0.447110,0.245769,0.432991,0.245769,0.432991,0.161540,0.080374,0.220000,0.113025,0.220000,0.109555,0.220000,0.109555,0,2.701611,0.220000,0.212667,0.120359,0.105692,0.467110,0.427110,0.311127,0.330000,0.581387,1
1772477892,61300260,0.009023,-1.716510,-2.886075,-1.275109,-0.464834,-0.522382,1,0.182466,0.329370,0.245769,0.432991,0.244598,0.425829,0.244598,0.425829,0.163532,0.080940,0.220000,0.109555,0.220000,0.106904,0.220000,0.106904,0,2.648836,0.220000,0.212667,0.116889,0.102222,0.452991,0.412991,0.311127,0.330000,0.574507,1
1772477892,86346612,0.005604,-1.719684,-2.877253,-1.265995,-0.465549,-0.516405,1,0.188045,0.323039,0.244598,0.425829,0.244318,0.421734,0.244318,0.421734,0.170819,0.078624,0.220000,0.106904,0.220000,0.106261,0.220000,0.106261,0,2.635934,0.220000,0.212667,0.114237,0.099570,0.445829,0.405829,0.311127,0.330000,0.569635,1
1772477892,136395215,-0.002832,-1.724669,-2.859398,-1.256494,-0.467944,-0.498550,1,0.196075,0.343818,0.244318,0.421734,0.243267,0.407588,0.243267,0.407588,0.177601,0.083086,0.220000,0.106261,0.220000,0.103822,0.220000,0.103822,0,2.586546,0.220000,0.212667,0.113594,0.098928,0.441734,0.401734,0.311127,0.330000,0.552906,1
1772477892,161417085,-0.005609,-1.728997,-2.851344,-1.251472,-0.466685,-0.490530,1,0.201329,0.324183,0.243267,0.407588,0.242022,0.399620,0.242022,0.399620,0.181918,0.086250,0.220000,0.103822,0.220000,0.100870,0.220000,0.100870,0,2.525934,0.220000,0.212667,0.111155,0.096488,0.427588,0.387588,0.311127,0.330000,0.544887,1
1772477892,186431340,-0.009124,-1.733028,-2.842865,-1.246084,-0.463953,-0.482628,1,0.206202,0.342636,0.242022,0.399620,0.240360,0.392055,0.240360,0.392055,0.189206,0.081980,0.220000,0.100870,0.220000,0.096814,0.220000,0.096814,0,2.441130,0.220000,0.212667,0.108203,0.093536,0.419620,0.379620,0.311127,0.330000,0.538269,1
1772477892,236493943,-0.016499,-1.740442,-2.825724,-1.235627,-0.463884,-0.465487,1,0.215683,0.365158,0.240360,0.392055,0.238751,0.377845,0.238751,0.377845,0.197283,0.087170,0.220000,0.096814,0.220000,0.092747,0.220000,0.092747,0,2.354347,0.220000,0.212667,0.104147,0.089480,0.412055,0.372055,0.311127,0.330000,0.522256,1
1772477892,261506473,-0.021037,-1.743554,-2.816184,-1.230339,-0.464869,-0.456036,1,0.218793,0.365396,0.238751,0.377845,0.238198,0.370149,0.238198,0.370149,0.199889,0.088965,0.220000,0.092747,0.220000,0.091315,0.220000,0.091315,0,2.323367,0.220000,0.212667,0.100080,0.085414,0.397845,0.357845,0.311127,0.330000,0.512804,1
1772477892,286493148,-0.024572,-1.747389,-2.806627,-1.227524,-0.464627,-0.448187,1,0.219219,0.342617,0.238198,0.370149,0.237407,0.363897,0.237407,0.363897,0.203395,0.081779,0.220000,0.091315,0.220000,0.089232,0.220000,0.089232,0,2.277935,0.220000,0.212667,0.098648,0.083981,0.390149,0.350149,0.311127,0.330000,0.505822,1
1772477892,336531211,-0.032679,-1.755141,-2.788677,-1.216310,-0.464852,-0.430237,1,0.221755,0.342587,0.237407,0.363897,0.235971,0.349616,0.235971,0.349616,0.205942,0.082240,0.220000,0.089232,0.220000,0.085336,0.220000,0.085336,0,2.191737,0.220000,0.212667,0.096565,0.081898,0.383897,0.343897,0.311127,0.330000,0.488931,1
1772477892,361546937,-0.036238,-1.758462,-2.779888,-1.211598,-0.465184,-0.421616,1,0.223045,0.337197,0.235971,0.349616,0.235357,0.342559,0.235357,0.342559,0.207786,0.081082,0.220000,0.085336,0.220000,0.083625,0.220000,0.083625,0,2.153392,0.220000,0.212667,0.092669,0.078002,0.369616,0.329616,0.311127,0.330000,0.480310,1
1772477892,386551903,-0.040387,-1.762348,-2.770291,-1.209355,-0.469261,-0.415752,1,0.225460,0.332532,0.235357,0.342559,0.235986,0.339280,0.235986,0.339280,0.211160,0.079017,0.220000,0.083625,0.220000,0.085378,0.220000,0.085378,0,2.192672,0.220000,0.212667,0.090958,0.076291,0.362559,0.322559,0.311127,0.330000,0.474445,1
1772477892,436594296,-0.048930,-1.771234,-2.751685,-1.197030,-0.469038,-0.397145,1,0.229346,0.338216,0.235986,0.339280,0.234468,0.325168,0.234468,0.325168,0.215291,0.079053,0.220000,0.085378,0.220000,0.081088,0.220000,0.081088,0,2.095999,0.220000,0.212667,0.092711,0.078044,0.359280,0.319280,0.311127,0.330000,0.457654,1
1772477892,461730894,-0.052931,-1.773786,-2.742720,-1.192243,-0.469918,-0.388104,1,0.233114,0.345691,0.234468,0.325168,0.233998,0.318105,0.233998,0.318105,0.218229,0.081965,0.220000,0.081088,0.220000,0.079719,0.220000,0.079719,0,2.064745,0.220000,0.212667,0.088422,0.073755,0.345168,0.305168,0.311127,0.330000,0.448613,1
1772477892,486623429,-0.057830,-1.778196,-2.735088,-1.182196,-0.466850,-0.378745,1,0.234018,0.331630,0.233998,0.318105,0.232612,0.310197,0.232612,0.310197,0.220537,0.078279,0.220000,0.079719,0.220000,0.075554,0.220000,0.075554,0,1.968535,0.220000,0.212667,0.087053,0.072386,0.338105,0.298105,0.311127,0.330000,0.440067,1
1772477892,536720822,-0.065835,-1.788020,-2.718512,-1.169590,-0.465562,-0.362170,1,0.233547,0.345481,0.232612,0.310197,0.231211,0.297846,0.231211,0.297846,0.220380,0.077310,0.220000,0.075554,0.220000,0.071123,0.220000,0.071123,0,1.864304,0.220000,0.212667,0.082888,0.068221,0.330197,0.290197,0.311127,0.330000,0.425107,1
1772477892,561770171,-0.069960,-1.790547,-2.709404,-1.164880,-0.466656,-0.353106,1,0.232110,0.314899,0.231211,0.297846,0.230853,0.291044,0.230853,0.291044,0.220422,0.072725,0.220000,0.071123,0.220000,0.069950,0.220000,0.069950,0,1.836396,0.220000,0.212667,0.078456,0.063789,0.317846,0.277846,0.311127,0.330000,0.416043,1
1772477892,586713248,-0.073445,-1.796220,-2.701212,-1.158256,-0.464164,-0.346124,1,0.230492,0.285106,0.230853,0.291044,0.229901,0.285414,0.229901,0.285414,0.220066,0.068537,0.220000,0.069950,0.220000,0.066742,0.220000,0.066742,0,1.759440,0.220000,0.212667,0.077283,0.062616,0.311044,0.271044,0.311127,0.330000,0.409683,1
1772477892,636753521,-0.082586,-1.805969,-2.685514,-1.144898,-0.463749,-0.330426,1,0.230591,0.298924,0.229901,0.285414,0.228926,0.273832,0.228926,0.273832,0.220338,0.067995,0.220000,0.066742,0.220000,0.063303,0.220000,0.063303,0,1.675890,0.220000,0.212667,0.074075,0.059409,0.305414,0.265414,0.311127,0.330000,0.394732,1
1772477892,661819844,-0.085902,-1.808354,-2.677753,-1.140868,-0.464412,-0.322665,1,0.229749,0.280329,0.228926,0.273832,0.228603,0.268520,0.228603,0.268520,0.220620,0.064120,0.220000,0.063303,0.220000,0.062123,0.220000,0.062123,0,1.646985,0.220000,0.212667,0.070636,0.055970,0.293832,0.253832,0.311127,0.330000,0.387623,1
1772477892,686828575,-0.090985,-1.813390,-2.671047,-1.133627,-0.464466,-0.315988,1,0.228530,0.255248,0.228603,0.268520,0.228278,0.263520,0.228278,0.263520,0.220307,0.060751,0.220000,0.062123,0.220000,0.060917,0.220000,0.060917,0,1.617309,0.220000,0.212667,0.069457,0.054790,0.288520,0.248520,0.311127,0.330000,0.380946,1
1772477892,736761724,-0.099816,-1.820988,-2.656988,-1.119275,-0.465774,-0.302864,1,0.228280,0.271277,0.228278,0.263520,0.227885,0.254753,0.227885,0.254753,0.220109,0.060528,0.220000,0.060917,0.220000,0.059429,0.220000,0.059429,0,1.580503,0.220000,0.212667,0.068251,0.053584,0.283520,0.243520,0.311127,0.330000,0.368907,1
1772477892,761722224,-0.103315,-1.824953,-2.650158,-1.113997,-0.465456,-0.296034,1,0.228191,0.314127,0.227885,0.254753,0.227476,0.249588,0.227476,0.249588,0.220345,0.059325,0.220000,0.059429,0.220000,0.057840,0.220000,0.057840,0,1.541019,0.220000,0.212667,0.066762,0.052095,0.274753,0.234753,0.311127,0.330000,0.362077,1
1772477892,786794996,-0.107448,-1.827859,-2.643816,-1.109021,-0.466333,-0.289692,1,0.228275,0.263082,0.227476,0.249588,0.227317,0.245432,0.227317,0.245432,0.220650,0.058506,0.220000,0.057840,0.220000,0.057212,0.220000,0.057212,0,1.525350,0.220000,0.212667,0.065173,0.050507,0.269588,0.229588,0.311127,0.330000,0.356297,1
1772477892,836825708,-0.115345,-1.836855,-2.630952,-1.096939,-0.465475,-0.276851,1,0.227668,0.257551,0.227317,0.245432,0.226571,0.236060,0.226571,0.236060,0.220491,0.056717,0.220000,0.057212,0.220000,0.054168,0.220000,0.054168,0,1.448964,0.220000,0.212667,0.064545,0.049879,0.265432,0.225432,0.311127,0.330000,0.343821,1
1772477892,861802375,-0.121020,-1.839643,-2.623955,-1.085819,-0.463541,-0.270720,1,0.226894,0.255567,0.226571,0.236060,0.226039,0.231632,0.226039,0.231632,0.219845,0.056114,0.220000,0.054168,0.220000,0.051900,0.220000,0.051900,0,1.391565,0.220000,0.212667,0.061502,0.046835,0.256060,0.216060,0.311127,0.330000,0.338165,1
1772477892,886789977,-0.124405,-1.844684,-2.618416,-1.079857,-0.462387,-0.265180,1,0.226863,0.248701,0.226039,0.231632,0.225630,0.227730,0.225630,0.227730,0.220368,0.053896,0.220000,0.051900,0.220000,0.050087,0.220000,0.050087,0,1.345374,0.220000,0.212667,0.059234,0.044567,0.251632,0.211632,0.311127,0.330000,0.333072,1
1772477892,936823790,-0.131341,-1.852844,-2.607250,-1.069180,-0.461554,-0.254015,1,0.225950,0.233574,0.225630,0.227730,0.225056,0.219733,0.225056,0.219733,0.220178,0.050745,0.220000,0.050087,0.220000,0.047434,0.220000,0.047434,0,1.277374,0.220000,0.212667,0.057420,0.042753,0.247730,0.207730,0.311127,0.330000,0.322195,1
1772477892,961824693,-0.136201,-1.856973,-2.601088,-1.062826,-0.462089,-0.247852,1,0.225543,0.221487,0.225056,0.219733,0.224901,0.215618,0.224901,0.215618,0.220236,0.048640,0.220000,0.047434,0.220000,0.046694,0.220000,0.046694,0,1.258303,0.220000,0.212667,0.054768,0.040101,0.239733,0.199733,0.311127,0.330000,0.316380,1
1772477892,986856981,-0.140233,-1.859522,-2.595126,-1.058150,-0.463193,-0.241888,1,0.224675,0.233336,0.224901,0.215618,0.224823,0.211480,0.224823,0.211480,0.219852,0.046301,0.220000,0.046694,0.220000,0.046318,0.220000,0.046318,0,1.248609,0.220000,0.212667,0.054027,0.039361,0.235618,0.195618,0.311127,0.330000,0.310415,1
1772477893,36862451,-0.148412,-1.867055,-2.583216,-1.045930,-0.465478,-0.229837,1,0.225217,0.220081,0.224823,0.211480,0.224703,0.203385,0.224703,0.203385,0.220466,0.046012,0.220000,0.046318,0.220000,0.045731,0.220000,0.045731,0,1.233430,0.220000,0.212667,0.053651,0.038985,0.231480,0.191480,0.311127,0.330000,0.298692,1
1772477893,61875970,-0.151547,-1.873205,-2.578743,-1.039359,-0.463365,-0.225364,1,0.224964,0.203073,0.224703,0.203385,0.224269,0.200098,0.224269,0.200098,0.220335,0.045400,0.220000,0.045731,0.220000,0.043551,0.220000,0.043551,0,1.176919,0.220000,0.212667,0.053064,0.038397,0.223385,0.183385,0.311127,0.330000,0.294433,1
1772477893,111868272,-0.159318,-1.879001,-2.568054,-1.029768,-0.464788,-0.214675,1,0.224705,0.206612,0.224269,0.200098,0.224078,0.192828,0.224078,0.192828,0.220169,0.044920,0.220000,0.043551,0.220000,0.042558,0.220000,0.042558,0,1.151049,0.220000,0.212667,0.050885,0.036218,0.220098,0.180098,0.311127,0.330000,0.283978,1
1772477893,136926116,-0.164012,-1.883374,-2.563626,-1.023362,-0.465081,-0.210269,1,0.223845,0.196834,0.224078,0.192828,0.223985,0.189903,0.223985,0.189903,0.219809,0.042320,0.220000,0.042558,0.220000,0.042063,0.220000,0.042063,0,1.138141,0.220000,0.212667,0.049891,0.035224,0.212828,0.172828,0.311127,0.330000,0.279786,1
1772477893,161899675,-0.168143,-1.887341,-2.558333,-1.017837,-0.467423,-0.206011,1,0.224344,0.190438,0.223985,0.189903,0.224159,0.187158,0.224159,0.187158,0.220422,0.041765,0.220000,0.042063,0.220000,0.042979,0.220000,0.042979,0,1.162027,0.220000,0.212667,0.049396,0.034730,0.209903,0.169903,0.311127,0.330000,0.275528,1
1772477893,211875984,-0.175932,-1.893812,-2.548151,-1.007758,-0.468393,-0.195830,1,0.223860,0.177749,0.224159,0.187158,0.223938,0.180155,0.223938,0.180155,0.220057,0.041085,0.220000,0.042979,0.220000,0.041813,0.220000,0.041813,0,1.131629,0.220000,0.212667,0.050312,0.035646,0.207158,0.167158,0.311127,0.330000,0.265480,1
1772477893,236915367,-0.179973,-1.898644,-2.543779,-1.001482,-0.467859,-0.191458,1,0.223878,0.188087,0.223938,0.180155,0.223742,0.177120,0.223742,0.177120,0.219879,0.042126,0.220000,0.041813,0.220000,0.040751,0.220000,0.040751,0,1.103844,0.220000,0.212667,0.049147,0.034480,0.200155,0.160155,0.311127,0.330000,0.261236,1
1772477893,261908110,-0.183486,-1.904099,-2.539995,-0.995134,-0.466510,-0.187674,1,0.224361,0.188913,0.223742,0.177120,0.223477,0.174417,0.223477,0.174417,0.220512,0.041381,0.220000,0.040751,0.220000,0.039267,0.220000,0.039267,0,1.064900,0.220000,0.212667,0.048084,0.033418,0.197120,0.157120,0.311127,0.330000,0.257556,1
1772477893,286973895,-0.187303,-1.906804,-2.535803,-0.990482,-0.467267,-0.183466,1,0.223743,0.173166,0.223477,0.174417,0.223440,0.171540,0.223440,0.171540,0.220104,0.040193,0.220000,0.039267,0.220000,0.039057,0.220000,0.039057,0,1.059386,0.220000,0.212667,0.046600,0.031933,0.194417,0.154417,0.311127,0.330000,0.253348,1
1772477893,336970997,-0.196505,-1.914642,-2.527863,-0.976226,-0.465873,-0.174705,1,0.223764,0.176655,0.223440,0.171540,0.223057,0.165377,0.223057,0.165377,0.220416,0.038563,0.220000,0.039057,0.220000,0.036801,0.220000,0.036801,0,0.999898,0.220000,0.212667,0.046390,0.031724,0.191540,0.151540,0.311127,0.330000,0.244666,1
1772477893,361910288,-0.199987,-1.917389,-2.523951,-0.971823,-0.466406,-0.170792,1,0.223452,0.181580,0.223057,0.165377,0.223006,0.162695,0.223006,0.162695,0.220113,0.038482,0.220000,0.036801,0.220000,0.036493,0.220000,0.036493,0,0.991757,0.220000,0.212667,0.044134,0.029467,0.185377,0.145377,0.311127,0.330000,0.240753,1
1772477893,386959614,-0.202529,-1.922046,-2.520365,-0.966729,-0.464926,-0.167207,1,0.223255,0.170548,0.223006,0.162695,0.222753,0.160086,0.222753,0.160086,0.220313,0.036127,0.220000,0.036493,0.220000,0.034914,0.220000,0.034914,0,0.949933,0.220000,0.212667,0.043826,0.029159,0.182695,0.142695,0.311127,0.330000,0.237162,1
1772477893,436929780,-0.211972,-1.931011,-2.512215,-0.953707,-0.465351,-0.159130,1,0.223462,0.168138,0.222753,0.160086,0.222613,0.154514,0.222613,0.154514,0.220490,0.036326,0.220000,0.034914,0.220000,0.034007,0.220000,0.034007,0,0.925847,0.220000,0.212667,0.042247,0.027581,0.180086,0.140086,0.311127,0.330000,0.229050,1
1772477893,461914157,-0.214898,-1.934217,-2.508762,-0.948943,-0.468668,-0.161092,1,0.222277,0.157954,0.222613,0.154514,0.223081,0.156165,0.223081,0.156165,0.219630,0.034204,0.220000,0.034007,0.220000,0.036948,0.220000,0.036948,0,1.003785,0.220000,0.212667,0.041341,0.026674,0.174514,0.134514,0.311127,0.330000,0.231012,1
1772477893,486943680,-0.219468,-1.938836,-2.505196,-0.942445,-0.468689,-0.157526,1,0.222354,0.159280,0.223081,0.156165,0.223002,0.153654,0.223002,0.153654,0.219787,0.033688,0.220000,0.036948,0.220000,0.036468,0.220000,0.036468,0,0.991094,0.220000,0.212667,0.044281,0.029614,0.176165,0.136165,0.311127,0.330000,0.227378,1
1772477893,536902812,-0.227254,-1.946270,-2.497377,-0.931686,-0.469030,-0.149707,1,0.223254,0.165499,0.223002,0.153654,0.222838,0.148182,0.222838,0.148182,0.220195,0.036827,0.220000,0.036468,0.220000,0.035449,0.220000,0.035449,0,0.964129,0.220000,0.212667,0.043801,0.029134,0.173654,0.133654,0.311127,0.330000,0.219443,1
1772477893,561900602,-0.231394,-1.949274,-2.493362,-0.926642,-0.469876,-0.145693,1,0.223733,0.153804,0.222838,0.148182,0.222824,0.145379,0.222824,0.145379,0.220786,0.036195,0.220000,0.035449,0.220000,0.035362,0.220000,0.035362,0,0.961822,0.220000,0.212667,0.042783,0.028116,0.168182,0.128182,0.311127,0.330000,0.215305,1
1772477893,611947287,-0.239138,-1.957998,-2.487420,-0.912860,-0.466436,-0.136504,1,0.222750,0.149519,0.222824,0.145379,0.222258,0.138712,0.222258,0.138712,0.219919,0.035401,0.220000,0.035362,0.220000,0.031604,0.220000,0.031604,0,0.861794,0.220000,0.212667,0.042696,0.028029,0.165379,0.125379,0.311127,0.330000,0.205954,1
1772477893,636956769,-0.243596,-1.962198,-2.484268,-0.906740,-0.466651,-0.133352,1,0.222439,0.141099,0.222258,0.138712,0.222220,0.136412,0.222220,0.136412,0.219711,0.034731,0.220000,0.031604,0.220000,0.031332,0.220000,0.031332,0,0.854524,0.220000,0.212667,0.038938,0.024271,0.158712,0.118712,0.311127,0.330000,0.202574,1
1772477893,661922093,-0.246796,-1.966136,-2.481389,-0.901689,-0.466156,-0.130472,1,0.222636,0.142176,0.222220,0.136412,0.222116,0.134411,0.222116,0.134411,0.220475,0.030943,0.220000,0.031332,0.220000,0.030588,0.220000,0.030588,0,0.834621,0.220000,0.212667,0.038666,0.023999,0.156412,0.116412,0.311127,0.330000,0.199695,1
1772477893,711937812,-0.254951,-1.974345,-2.475069,-0.890118,-0.466179,-0.124152,1,0.221694,0.140464,0.222116,0.134411,0.222000,0.129942,0.222000,0.129942,0.219522,0.030958,0.220000,0.030588,0.220000,0.029731,0.220000,0.029731,0,0.811655,0.220000,0.212667,0.037922,0.023255,0.154411,0.114411,0.311127,0.330000,0.193157,1
1772477893,736920035,-0.258876,-1.977989,-2.472116,-0.884767,-0.466406,-0.121200,1,0.222401,0.146101,0.222000,0.129942,0.221966,0.127765,0.221966,0.127765,0.220267,0.030733,0.220000,0.029731,0.220000,0.029474,0.220000,0.029474,0,0.804773,0.220000,0.212667,0.037064,0.022398,0.149942,0.109942,0.311127,0.330000,0.189951,1
1772477893,761980976,-0.263052,-1.981969,-2.469085,-0.879001,-0.466575,-0.118169,1,0.222438,0.126643,0.221966,0.127765,0.221927,0.125475,0.221927,0.125475,0.220563,0.028819,0.220000,0.029474,0.220000,0.029180,0.220000,0.029180,0,0.796867,0.220000,0.212667,0.036808,0.022141,0.147765,0.107765,0.311127,0.330000,0.186579,1
1772477893,811960405,-0.270121,-1.989094,-2.464247,-0.867673,-0.467385,-0.113903,1,0.221735,0.119859,0.221927,0.125475,0.221943,0.122399,0.221943,0.122399,0.219757,0.029551,0.220000,0.029180,0.220000,0.029300,0.220000,0.029300,0,0.800107,0.220000,0.212667,0.036513,0.021846,0.145475,0.105475,0.311127,0.330000,0.181992,1
1772477893,836947380,-0.274460,-1.992504,-2.461262,-0.862197,-0.468073,-0.110918,1,0.222002,0.115339,0.221943,0.122399,0.221949,0.120395,0.221949,0.120395,0.220152,0.028601,0.220000,0.029300,0.220000,0.029352,0.220000,0.029352,0,0.801496,0.220000,0.212667,0.036634,0.021967,0.142399,0.102399,0.311127,0.330000,0.179007,1
1772477893,861983572,-0.278006,-1.996993,-2.458769,-0.856512,-0.467439,-0.108425,1,0.222239,0.117569,0.221949,0.120395,0.221855,0.118439,0.221855,0.118439,0.220367,0.028790,0.220000,0.029352,0.220000,0.028627,0.220000,0.028627,0,0.782032,0.220000,0.212667,0.036685,0.022019,0.140395,0.100395,0.311127,0.330000,0.176173,1
1772477893,886972873,-0.281601,-1.999997,-2.455720,-0.851849,-0.467885,-0.105376,1,0.221682,0.118743,0.221855,0.118439,0.221833,0.116378,0.221833,0.116378,0.219719,0.029439,0.220000,0.028627,0.220000,0.028462,0.220000,0.028462,0,0.777591,0.220000,0.212667,0.035960,0.021294,0.138439,0.098439,0.311127,0.330000,0.173124,1
1772477893,936893428,-0.289678,-2.007932,-2.449848,-0.840527,-0.468051,-0.099504,1,0.221918,0.123001,0.221833,0.116378,0.221747,0.111783,0.221747,0.111783,0.220101,0.028340,0.220000,0.028462,0.220000,0.027779,0.220000,0.027779,0,0.759241,0.220000,0.212667,0.035795,0.021128,0.136378,0.096378,0.311127,0.330000,0.166354,1
1772477893,961979417,-0.292546,-2.013628,-2.448028,-0.834459,-0.466087,-0.097685,1,0.221793,0.131271,0.221747,0.111783,0.221569,0.110472,0.221569,0.110472,0.219928,0.028697,0.220000,0.027779,0.220000,0.026321,0.220000,0.026321,0,0.719960,0.220000,0.212667,0.035113,0.020446,0.131783,0.091783,0.311127,0.330000,0.164534,1
1772477894,12007423,-0.299833,-2.022820,-2.443754,-0.822780,-0.464794,-0.093417,1,0.221457,0.108736,0.221569,0.110472,0.221419,0.107250,0.221419,0.107250,0.219783,0.027178,0.220000,0.026321,0.220000,0.025023,0.220000,0.025023,0,0.684929,0.220000,0.212667,0.033654,0.018988,0.130472,0.090472,0.311127,0.330000,0.159845,1
1772477894,37043923,-0.303773,-2.026495,-2.440987,-0.814156,-0.462501,-0.091808,1,0.221844,0.114437,0.221419,0.107250,0.221252,0.105700,0.221252,0.105700,0.220229,0.026718,0.220000,0.025023,0.220000,0.023505,0.220000,0.023505,0,0.643853,0.220000,0.212667,0.032357,0.017690,0.127250,0.087250,0.311127,0.330000,0.157652,1
1772477894,62016273,-0.307374,-2.030661,-2.438766,-0.808661,-0.462140,-0.089588,1,0.221678,0.101509,0.221252,0.105700,0.221200,0.103801,0.221200,0.103801,0.220276,0.024898,0.220000,0.023505,0.220000,0.023011,0.220000,0.023011,0,0.630479,0.220000,0.212667,0.030838,0.016172,0.125700,0.085700,0.311127,0.330000,0.154856,1
1772477894,87016228,-0.311986,-2.034640,-2.436242,-0.802589,-0.462631,-0.087064,1,0.221125,0.115353,0.221200,0.103801,0.221204,0.101782,0.221204,0.101782,0.219873,0.023498,0.220000,0.023011,0.220000,0.023048,0.220000,0.023048,0,0.631489,0.220000,0.212667,0.030345,0.015678,0.123801,0.083801,0.311127,0.330000,0.151841,1
1772477894,136996774,-0.319428,-2.042011,-2.431930,-0.792115,-0.462754,-0.082751,1,0.221339,0.098310,0.221204,0.101782,0.221161,0.098392,0.221161,0.098392,0.220207,0.022357,0.220000,0.023048,0.220000,0.022632,0.220000,0.022632,0,0.620186,0.220000,0.212667,0.030382,0.015715,0.121782,0.081782,0.311127,0.330000,0.146814,1
1772477894,162004628,-0.324014,-2.045774,-2.429859,-0.786216,-0.463378,-0.080681,1,0.220822,0.102578,0.221161,0.098392,0.221183,0.097015,0.221183,0.097015,0.219674,0.022486,0.220000,0.022632,0.220000,0.022847,0.220000,0.022847,0,0.626036,0.220000,0.212667,0.029965,0.015298,0.118392,0.078392,0.311127,0.330000,0.144743,1
1772477894,187062274,-0.327283,-2.050342,-2.427252,-0.780669,-0.462498,-0.078074,1,0.221356,0.097779,0.221183,0.097015,0.221089,0.094730,0.221089,0.094730,0.220213,0.022460,0.220000,0.022847,0.220000,0.021915,0.220000,0.021915,0,0.600752,0.220000,0.212667,0.030181,0.015514,0.117015,0.077015,0.311127,0.330000,0.141395,1
1772477894,237059096,-0.335605,-2.058205,-2.423127,-0.769226,-0.462903,-0.073949,1,0.220631,0.096622,0.221089,0.094730,0.221073,0.091572,0.221073,0.091572,0.219470,0.022612,0.220000,0.021915,0.220000,0.021760,0.220000,0.021760,0,0.596535,0.220000,0.212667,0.029249,0.014582,0.114730,0.074730,0.311127,0.330000,0.136691,1
1772477894,262159893,-0.339280,-2.061710,-2.421199,-0.764151,-0.463059,-0.072021,1,0.220952,0.107072,0.221073,0.091572,0.221063,0.090275,0.221063,0.090275,0.219844,0.022095,0.220000,0.021760,0.220000,0.021652,0.220000,0.021652,0,0.593593,0.220000,0.212667,0.029093,0.014427,0.111572,0.071572,0.311127,0.330000,0.134762,1
1772477894,287035802,-0.342754,-2.066545,-2.418999,-0.758264,-0.462134,-0.069822,1,0.220865,0.090911,0.221063,0.090275,0.220980,0.088221,0.220980,0.088221,0.219815,0.021507,0.220000,0.021652,0.220000,0.020790,0.220000,0.020790,0,0.570174,0.220000,0.212667,0.028985,0.014318,0.110275,0.070275,0.311127,0.330000,0.131744,1
1772477894,337031351,-0.350360,-2.073706,-2.414649,-0.746043,-0.461333,-0.065958,1,0.221688,0.085300,0.220980,0.088221,0.220898,0.084993,0.220898,0.084993,0.220758,0.020291,0.220000,0.020790,0.220000,0.019902,0.220000,0.019902,0,0.546026,0.220000,0.212667,0.028123,0.013456,0.108221,0.068221,0.311127,0.330000,0.126972,1
1772477894,362078962,-0.355078,-2.078895,-2.413003,-0.739036,-0.461053,-0.064312,1,0.221731,0.089939,0.220898,0.084993,0.220874,0.083386,0.220874,0.083386,0.220732,0.021025,0.220000,0.019902,0.220000,0.019635,0.220000,0.019635,0,0.538755,0.220000,0.212667,0.027235,0.012568,0.104993,0.064993,0.311127,0.330000,0.124584,1
1772477894,412036028,-0.361672,-2.086285,-2.409346,-0.729143,-0.460564,-0.060656,1,0.220953,0.086543,0.220874,0.083386,0.220810,0.080331,0.220810,0.080331,0.220106,0.019325,0.220000,0.019635,0.220000,0.018896,0.220000,0.018896,0,0.518651,0.220000,0.212667,0.026968,0.012301,0.103386,0.063386,0.311127,0.330000,0.120054,1
1772477894,437087718,-0.366014,-2.091339,-2.407314,-0.722496,-0.460111,-0.058623,1,0.220864,0.083492,0.220810,0.080331,0.220769,0.078242,0.220769,0.078242,0.220014,0.019351,0.220000,0.018896,0.220000,0.018407,0.220000,0.018407,0,0.505317,0.220000,0.212667,0.026230,0.011563,0.100331,0.060331,0.311127,0.330000,0.116955,1
1772477894,462107338,-0.369462,-2.094697,-2.405679,-0.717684,-0.460211,-0.056988,1,0.220521,0.085678,0.220769,0.078242,0.220760,0.077145,0.220760,0.077145,0.219726,0.018698,0.220000,0.018407,0.220000,0.018302,0.220000,0.018302,0,0.502456,0.220000,0.212667,0.025740,0.011074,0.098242,0.058242,0.311127,0.330000,0.115320,1
1772477894,512080949,-0.376666,-2.102010,-2.401136,-0.707418,-0.460210,-0.052445,1,0.220614,0.090042,0.220760,0.077145,0.220711,0.073433,0.220711,0.073433,0.219815,0.018760,0.220000,0.018302,0.220000,0.017695,0.220000,0.017695,0,0.485907,0.220000,0.212667,0.025635,0.010969,0.097145,0.057145,0.311127,0.330000,0.109795,1
1772477894,537054900,-0.381705,-2.106786,-2.398947,-0.700480,-0.460448,-0.050257,1,0.221160,0.069438,0.220711,0.073433,0.220706,0.071373,0.220706,0.071373,0.220508,0.016965,0.220000,0.017695,0.220000,0.017636,0.220000,0.017636,0,0.484288,0.220000,0.212667,0.025029,0.010362,0.093433,0.053433,0.311127,0.330000,0.106717,1
1772477894,562126205,-0.384798,-2.110403,-2.397170,-0.695733,-0.460113,-0.048479,1,0.220947,0.071347,0.220706,0.071373,0.220671,0.069344,0.220671,0.069344,0.220297,0.016937,0.220000,0.017636,0.220000,0.017199,0.220000,0.017199,0,0.472361,0.220000,0.212667,0.024969,0.010303,0.091373,0.051373,0.311127,0.330000,0.103700,1
1772477894,612121690,-0.393002,-2.120110,-2.394021,-0.683036,-0.459140,-0.045364,1,0.221416,0.071081,0.220671,0.069344,0.220605,0.066375,0.220605,0.066375,0.220701,0.017782,0.220000,0.017199,0.220000,0.016331,0.220000,0.016331,0,0.448645,0.220000,0.212667,0.024532,0.009866,0.089344,0.049344,0.311127,0.330000,0.099290,1
1772477894,637138986,-0.396428,-2.123185,-2.392222,-0.675071,-0.458579,-0.048426,1,0.220182,0.062189,0.220605,0.066375,0.220650,0.067734,0.220650,0.067734,0.219606,0.015908,0.220000,0.016331,0.220000,0.016922,0.220000,0.016922,0,0.464796,0.220000,0.212667,0.023664,0.008997,0.086375,0.046375,0.311127,0.330000,0.101302,1
1772477894,662135038,-0.400221,-2.127316,-2.390574,-0.669466,-0.458409,-0.046778,1,0.220519,0.063900,0.220650,0.067734,0.220629,0.066626,0.220629,0.066626,0.219920,0.016235,0.220000,0.016922,0.220000,0.016644,0.220000,0.016644,0,0.457210,0.220000,0.212667,0.024255,0.009589,0.087734,0.047734,0.311127,0.330000,0.099654,1
1772477894,712161269,-0.408037,-2.136338,-2.388013,-0.657550,-0.457704,-0.044216,1,0.220518,0.071091,0.220629,0.066626,0.220583,0.064073,0.220583,0.064073,0.219854,0.017101,0.220000,0.016644,0.220000,0.016025,0.220000,0.016025,0,0.440298,0.220000,0.212667,0.023977,0.009311,0.086626,0.046626,0.311127,0.330000,0.095856,1
1772477894,737111450,-0.411358,-2.140641,-2.386422,-0.652151,-0.457076,-0.042626,1,0.221091,0.057567,0.220583,0.064073,0.220541,0.061991,0.220541,0.061991,0.220538,0.015625,0.220000,0.016025,0.220000,0.015438,0.220000,0.015438,0,0.424237,0.220000,0.212667,0.023358,0.008692,0.084073,0.044073,0.311127,0.330000,0.092759,1
1772477894,762137900,-0.414922,-2.143592,-2.385012,-0.647549,-0.457568,-0.041215,1,0.220753,0.066637,0.220541,0.061991,0.220553,0.060088,0.220553,0.060088,0.220149,0.016323,0.220000,0.015438,0.220000,0.015611,0.220000,0.015611,0,0.428982,0.220000,0.212667,0.022771,0.008104,0.081991,0.041991,0.311127,0.330000,0.089906,1
1772477894,812147717,-0.423233,-2.152334,-2.381305,-0.635489,-0.457412,-0.037508,1,0.220462,0.060894,0.220553,0.060088,0.220516,0.056730,0.220516,0.056730,0.219967,0.014763,0.220000,0.015611,0.220000,0.015084,0.220000,0.015084,0,0.414563,0.220000,0.212667,0.022945,0.008278,0.080088,0.040088,0.311127,0.330000,0.084896,1
1772477894,837135087,-0.426411,-2.157089,-2.380716,-0.629866,-0.456367,-0.036920,1,0.220394,0.063893,0.220516,0.056730,0.220473,0.056326,0.220473,0.056326,0.219852,0.015447,0.220000,0.015084,0.220000,0.014436,0.220000,0.014436,0,0.396821,0.220000,0.212667,0.022417,0.007751,0.076730,0.036730,0.311127,0.330000,0.084308,1
1772477894,862148553,-0.430776,-2.160389,-2.379781,-0.624456,-0.457187,-0.035984,1,0.220995,0.051554,0.220473,0.056326,0.220507,0.054657,0.220507,0.054657,0.220507,0.014682,0.220000,0.014436,0.220000,0.014947,0.220000,0.014947,0,0.410829,0.220000,0.212667,0.021769,0.007102,0.076326,0.036326,0.311127,0.330000,0.081798,1
1772477894,912163160,-0.436749,-2.168674,-2.377210,-0.614354,-0.455677,-0.033413,1,0.220220,0.058098,0.220507,0.054657,0.220425,0.051705,0.220425,0.051705,0.219739,0.014536,0.220000,0.014947,0.220000,0.013681,0.220000,0.013681,0,0.376149,0.220000,0.212667,0.022281,0.007614,0.074657,0.034657,0.311127,0.330000,0.077407,1
1772477894,937216140,-0.440413,-2.173899,-2.375990,-0.608092,-0.454694,-0.032220,1,0.220441,0.042095,0.220425,0.051705,0.220381,0.049760,0.220381,0.049760,0.220049,0.013130,0.220000,0.013681,0.220000,0.012946,0.220000,0.012946,0,0.356033,0.220000,0.212667,0.021014,0.006347,0.071705,0.031705,0.311127,0.330000,0.074510,1
1772477894,962189311,-0.444142,-2.178147,-2.375344,-0.605254,-0.457644,-0.033608,1,0.220496,0.043976,0.220381,0.049760,0.220532,0.050722,0.220532,0.050722,0.220111,0.013024,0.220000,0.012946,0.220000,0.015308,0.220000,0.015308,0,0.420696,0.220000,0.212667,0.020280,0.005613,0.069760,0.029760,0.311127,0.330000,0.075899,1
1772477894,987178520,-0.448031,-2.181794,-2.374066,-0.599928,-0.457892,-0.032331,1,0.221001,0.048882,0.220532,0.050722,0.220535,0.049869,0.220535,0.049869,0.220630,0.012806,0.220000,0.015308,0.220000,0.015346,0.220000,0.015346,0,0.421718,0.220000,0.212667,0.022642,0.007975,0.070722,0.030722,0.311127,0.330000,0.074622,1
1772477895,37218026,-0.455406,-2.190088,-2.371509,-0.588840,-0.457403,-0.029774,1,0.220142,0.041390,0.220535,0.049869,0.220495,0.045826,0.220495,0.045826,0.219624,0.015096,0.220000,0.015346,0.220000,0.014761,0.220000,0.014761,0,0.405715,0.220000,0.212667,0.022679,0.008012,0.069869,0.029869,0.311127,0.330000,0.068585,1
1772477895,62210004,-0.459981,-2.194776,-2.370773,-0.582289,-0.457417,-0.029038,1,0.220731,0.050136,0.220495,0.045826,0.220496,0.045334,0.220496,0.045334,0.220225,0.014943,0.220000,0.014761,0.220000,0.014782,0.220000,0.014782,0,0.406314,0.220000,0.212667,0.022094,0.007427,0.065826,0.025826,0.311127,0.330000,0.067849,1
1772477895,112243954,-0.467598,-2.202480,-2.367941,-0.571457,-0.457512,-0.026206,1,0.220542,0.042034,0.220496,0.045334,0.220477,0.041974,0.220477,0.041974,0.220075,0.014355,0.220000,0.014782,0.220000,0.014497,0.220000,0.014497,0,0.398510,0.220000,0.212667,0.022116,0.007449,0.065334,0.025334,0.311127,0.330000,0.062825,1
1772477895,137238316,-0.469998,-2.206860,-2.367569,-0.566642,-0.456182,-0.025834,1,0.220066,0.045557,0.220477,0.041974,0.220423,0.040273,0.220423,0.040273,0.219594,0.014403,0.220000,0.014497,0.220000,0.013641,0.220000,0.013641,0,0.375068,0.220000,0.212667,0.021831,0.007164,0.061974,0.021974,0.311127,0.330000,0.060293,1
1772477895,162296115,-0.473560,-2.211297,-2.366334,-0.560977,-0.455645,-0.024599,1,0.220885,0.043983,0.220423,0.040273,0.220392,0.039442,0.220392,0.039442,0.220388,0.014804,0.220000,0.013641,0.220000,0.013144,0.220000,0.013144,0,0.361446,0.220000,0.212667,0.020974,0.006308,0.060273,0.020273,0.311127,0.330000,0.059058,1
1772477895,212249205,-0.481321,-2.218959,-2.363551,-0.550074,-0.455872,-0.021816,1,0.220076,0.039601,0.220392,0.039442,0.220379,0.034791,0.220379,0.034791,0.219690,0.013017,0.220000,0.013144,0.220000,0.012925,0.220000,0.012925,0,0.355449,0.220000,0.212667,0.020477,0.005811,0.059442,0.019442,0.311127,0.330000,0.052097,1
1772477895,237229583,-0.484723,-2.221839,-2.363271,-0.545639,-0.456306,-0.021536,1,0.220892,0.024149,0.220379,0.034791,0.220398,0.034608,0.220398,0.034608,0.220530,0.012645,0.220000,0.012925,0.220000,0.013246,0.220000,0.013246,0,0.364250,0.220000,0.212667,0.020258,0.005592,0.054791,0.014791,0.311127,0.330000,0.051817,1
1772477895,262210887,-0.489580,-2.227361,-2.361382,-0.538288,-0.455954,-0.019655,1,0.220756,0.033891,0.220398,0.034608,0.220369,0.031669,0.220369,0.031669,0.220351,0.013369,0.220000,0.013246,0.220000,0.012745,0.220000,0.012745,0,0.350522,0.220000,0.212667,0.020580,0.005913,0.054608,0.014608,0.311127,0.330000,0.047424,1
1772477895,287278872,-0.492574,-2.231103,-2.361459,-0.530675,-0.461075,-0.023729,1,0.220428,0.030946,0.220369,0.031669,0.220673,0.032574,0.220673,0.032574,0.220057,0.012788,0.220000,0.012745,0.220000,0.017223,0.220000,0.017223,0,0.473016,0.220000,0.212667,0.020079,0.005412,0.051669,0.011669,0.311127,0.330000,0.048711,1
1772477895,337288742,-0.500383,-2.239833,-2.358806,-0.518970,-0.460640,-0.021076,1,0.220724,0.026913,0.220673,0.032574,0.220621,0.028992,0.220621,0.028992,0.220005,0.017803,0.220000,0.017223,0.220000,0.016546,0.220000,0.016546,0,0.454526,0.220000,0.212667,0.024556,0.009890,0.052574,0.012574,0.311127,0.330000,0.043366,1
1772477895,362273179,-0.504483,-2.244244,-2.357865,-0.512948,-0.460531,-0.020135,1,0.220176,0.035120,0.220621,0.028992,0.220607,0.028362,0.220607,0.028362,0.219519,0.016993,0.220000,0.016546,0.220000,0.016360,0.220000,0.016360,0,0.449453,0.220000,0.212667,0.023879,0.009213,0.048992,0.008992,0.311127,0.330000,0.042426,1
1772477895,412258836,-0.511616,-2.253129,-2.357068,-0.501601,-0.459501,-0.019338,1,0.220338,0.030989,0.220607,0.028362,0.220556,0.024090,0.220556,0.024090,0.219761,0.015939,0.220000,0.016360,0.220000,0.015654,0.220000,0.015654,0,0.430150,0.220000,0.212667,0.023694,0.009027,0.048362,0.008362,0.311127,0.330000,0.036044,1
1772477895,437299709,-0.514596,-2.259134,-2.356561,-0.495210,-0.457480,-0.018831,1,0.220576,0.028932,0.220556,0.024090,0.220462,0.023741,0.220462,0.023741,0.219989,0.016091,0.220000,0.015654,0.220000,0.014266,0.220000,0.014266,0,0.392173,0.220000,0.212667,0.022987,0.008321,0.044090,0.004090,0.311127,0.330000,0.035537,1
1772477895,462304601,-0.518192,-2.262184,-2.355525,-0.490518,-0.457953,-0.017795,1,0.220902,0.030145,0.220462,0.023741,0.220471,0.021012,0.220471,0.021012,0.220365,0.015393,0.220000,0.014266,0.220000,0.014406,0.220000,0.014406,0,0.396025,0.220000,0.212667,0.021599,0.006932,0.043741,0.003741,0.311127,0.330000,0.031450,1
1772477895,487433615,-0.522517,-2.266016,-2.354543,-0.484757,-0.458408,-0.016813,1,0.220139,0.013676,0.220471,0.021012,0.220481,0.020356,0.220481,0.020356,0.219690,0.014061,0.220000,0.014406,0.220000,0.014553,0.220000,0.014553,0,0.400037,0.220000,0.212667,0.021740,0.007073,0.041012,0.001012,0.311127,0.330000,0.030468,1
1772477895,537359157,-0.527991,-2.274826,-2.353953,-0.474616,-0.456236,-0.016223,1,0.220378,0.027440,0.220481,0.020356,0.220387,0.017643,0.220387,0.017643,0.219878,0.014840,0.220000,0.014553,0.220000,0.013054,0.220000,0.013054,0,0.358982,0.220000,0.212667,0.021886,0.007220,0.040356,0.000356,0.311127,0.330000,0.026418,1
1772477895,562299771,-0.532186,-2.278497,-2.353335,-0.469061,-0.456709,-0.015605,1,0.220271,0.018226,0.220387,0.017643,0.220400,0.014710,0.220400,0.014710,0.219808,0.014264,0.220000,0.013054,0.220000,0.013269,0.220000,0.013269,0,0.364865,0.220000,0.212667,0.020387,0.005721,0.037643,-0.002357,0.311127,0.330000,0.022026,1
1772477895,587369226,-0.536452,-2.283842,-2.352864,-0.462256,-0.456106,-0.015144,1,0.220395,0.014482,0.220400,0.014710,0.220372,0.011877,0.220372,0.011877,0.220033,0.012639,0.220000,0.013269,0.220000,0.012798,0.220000,0.012798,0,0.351962,0.220000,0.212667,0.020602,0.005935,0.034710,-0.005290,0.311127,0.330000,0.017785,1
1772477895,637358984,-0.544468,-2.291787,-2.351396,-0.451301,-0.459623,-0.014614,1,0.220360,0.007161,0.220372,0.011877,0.220515,0.008915,0.220515,0.008915,0.219959,0.013288,0.220000,0.012798,0.220000,0.015064,0.220000,0.015064,0,0.414005,0.220000,0.212667,0.020131,0.005465,0.031877,-0.008123,0.311127,0.330000,0.013341,1
1772477895,662374368,-0.548000,-2.297923,-2.350831,-0.444430,-0.457914,-0.014049,1,0.220347,0.007554,0.220515,0.008915,0.220432,0.008534,0.220432,0.008534,0.220006,0.012259,0.220000,0.015064,0.220000,0.013797,0.220000,0.013797,0,0.379334,0.220000,0.212667,0.022397,0.007730,0.028915,-0.011085,0.311127,0.330000,0.012776,1
1772477895,712319556,-0.554499,-2.306670,-2.349982,-0.433620,-0.456534,-0.013199,1,0.220812,0.019842,0.220432,0.008534,0.220364,0.002191,0.220364,0.002191,0.220229,0.016031,0.220000,0.013797,0.220000,0.012659,0.220000,0.012659,0,0.348163,0.220000,0.212667,0.021130,0.006464,0.028534,-0.011466,0.311127,0.330000,0.003281,1
1772477895,737359679,-0.557729,-2.309445,-2.349073,-0.429382,-0.456938,-0.012290,1,0.219838,0.007383,0.220364,0.002191,0.220367,0.001584,0.220367,0.001584,0.219412,0.013675,0.220000,0.012659,0.220000,0.012708,0.220000,0.012708,0,0.349492,0.220000,0.212667,0.019993,0.005326,0.022191,-0.017809,0.311127,0.330000,0.002373,1
1772477895,762380575,-0.561847,-2.313618,-2.350006,-0.423520,-0.457013,-0.013223,1,0.220209,0.001978,0.220367,0.001584,0.220380,-0.000987,0.220380,-0.000987,0.219844,0.012670,0.220000,0.012708,0.220000,0.012930,0.220000,0.012930,0,0.355579,0.220000,0.212667,0.020041,0.005374,0.021584,-0.018416,0.311127,0.330000,-0.001478,1
1772477895,812412127,-0.569151,-2.322700,-2.349258,-0.411911,-0.455981,-0.012475,1,0.220140,-0.003534,0.220380,-0.000987,0.220325,-0.004912,0.220325,-0.004912,0.219775,0.012677,0.220000,0.012930,0.220000,0.011968,0.220000,0.011968,0,0.329204,0.220000,0.212667,0.020263,0.005596,0.019013,-0.020987,0.311127,0.330000,-0.007357,1
1772477895,837387284,-0.573076,-2.326708,-2.349082,-0.406301,-0.456031,-0.012299,1,0.220486,0.003431,0.220325,-0.004912,0.220321,-0.005029,0.220321,-0.005029,0.220092,0.013183,0.220000,0.011968,0.220000,0.011898,0.220000,0.011898,0,0.327285,0.220000,0.212667,0.019301,0.004634,0.015088,-0.024912,0.311127,0.330000,-0.007533,1
1772477895,862389781,-0.576602,-2.331573,-2.349005,-0.400351,-0.455199,-0.012222,1,0.220800,-0.010760,0.220321,-0.005029,0.220287,-0.008759,0.220287,-0.008759,0.220471,0.012050,0.220000,0.011898,0.220000,0.011237,0.220000,0.011237,0,0.309162,0.220000,0.212667,0.019231,0.004564,0.014971,-0.025029,0.311127,0.330000,-0.013122,1
1772477895,887397378,-0.580255,-2.337254,-2.349215,-0.393723,-0.453894,-0.012432,1,0.220150,-0.005178,0.220287,-0.008759,0.220241,-0.012575,0.220241,-0.012575,0.219815,0.012147,0.220000,0.011237,0.220000,0.010302,0.220000,0.010302,0,0.283493,0.220000,0.212667,0.018571,0.003904,0.011241,-0.028759,0.311127,0.330000,-0.018842,1
1772477895,937367962,-0.588152,-2.347222,-2.348423,-0.379856,-0.449617,-0.011293,1,0.220341,-0.004454,0.220241,-0.012575,0.220108,-0.017592,0.220108,-0.017592,0.220057,0.011198,0.220000,0.010302,0.220000,0.006904,0.220000,0.006904,0,0.190093,0.220000,0.212667,0.017635,0.002969,0.007425,-0.032575,0.311127,0.330000,-0.026374,1
1772477895,962428831,-0.592175,-2.349850,-2.348736,-0.375173,-0.450693,-0.011606,1,0.219756,-0.021130,0.220108,-0.017592,0.220130,-0.021989,0.220130,-0.021989,0.219532,0.009911,0.220000,0.006904,0.220000,0.007578,0.220000,0.007578,0,0.208640,0.220000,0.212667,0.014237,-0.000430,0.002408,-0.037592,0.311127,0.330000,-0.032963,1
1772477896,12397096,-0.599411,-2.358800,-2.349324,-0.363707,-0.449699,-0.012194,1,0.220550,-0.015498,0.220130,-0.021989,0.220102,-0.026573,0.220102,-0.026573,0.220451,0.006610,0.220000,0.007578,0.220000,0.006714,0.220000,0.006714,0,0.184861,0.220000,0.212667,0.014911,0.000245,-0.001989,-0.041989,0.311127,0.330000,-0.039841,1
1772477896,37416091,-0.603925,-2.364550,-2.350069,-0.356434,-0.448964,-0.012939,1,0.220134,-0.012891,0.220102,-0.026573,0.220086,-0.031470,0.220086,-0.031470,0.219999,0.007709,0.220000,0.006714,0.220000,0.006148,0.220000,0.006148,0,0.169301,0.220000,0.212667,0.014047,-0.000620,-0.006573,-0.046573,0.311127,0.330000,-0.047186,1
1772477896,62417948,-0.606904,-2.367094,-2.349595,-0.352535,-0.449346,-0.012465,1,0.220090,-0.023241,0.220086,-0.031470,0.220086,-0.031786,0.220086,-0.031786,0.219989,0.006642,0.220000,0.006148,0.220000,0.006153,0.220000,0.006153,0,0.169445,0.220000,0.212667,0.013481,-0.001185,-0.011470,-0.051470,0.311127,0.330000,-0.047660,1
1772477896,87456920,-0.611253,-2.372453,-2.349202,-0.345658,-0.448763,-0.012072,1,0.220879,-0.032657,0.220086,-0.031786,0.220066,-0.037902,0.220066,-0.037902,0.220796,0.006077,0.220000,0.006153,0.220000,0.005409,0.220000,0.005409,0,0.148971,0.220000,0.212667,0.013487,-0.001180,-0.011786,-0.051786,0.311127,0.330000,-0.056836,1
1772477896,137425194,-0.618965,-2.378750,-2.349930,-0.335773,-0.449952,-0.012800,1,0.219890,-0.034683,0.220066,-0.037902,0.220080,-0.043790,0.220080,-0.043790,0.219811,0.005886,0.220000,0.005409,0.220000,0.005926,0.220000,0.005926,0,0.163178,0.220000,0.212667,0.012743,-0.001924,-0.017902,-0.057902,0.311127,0.330000,-0.065661,1
1772477896,162432074,-0.622160,-2.383577,-2.350831,-0.330080,-0.448906,-0.013701,1,0.220302,-0.036499,0.220080,-0.043790,0.220060,-0.043185,0.220060,-0.043185,0.220220,0.005997,0.220000,0.005926,0.220000,0.005145,0.220000,0.005145,0,0.141706,0.220000,0.212667,0.013259,-0.001408,-0.023790,-0.063790,0.311127,0.330000,-0.064760,1
1772477896,212453294,-0.629161,-2.392699,-2.352943,-0.318652,-0.447624,-0.015813,1,0.220555,-0.043154,0.220060,-0.043185,0.220039,-0.048715,0.220039,-0.048715,0.220474,0.005998,0.220000,0.005145,0.220000,0.004129,0.220000,0.004129,0,0.113728,0.220000,0.212667,0.012479,-0.002188,-0.023185,-0.063185,0.311127,0.330000,-0.073059,1
1772477896,237489007,-0.634125,-2.396866,-2.352693,-0.312232,-0.448307,-0.015514,1,0.219509,-0.045670,0.220039,-0.048715,0.220038,-0.056963,0.220038,-0.056963,0.219449,0.005105,0.220000,0.004129,0.220000,0.004114,0.220000,0.004114,0,0.113311,0.220000,0.212667,0.011462,-0.003204,-0.028715,-0.068715,0.311127,0.330000,-0.085429,1
1772477896,262438313,-0.638402,-2.399831,-2.353304,-0.309473,-0.448984,-0.011442,1,0.220224,-0.048963,0.220038,-0.056963,0.220028,-0.059675,0.220028,-0.059675,0.220184,0.004201,0.220000,0.004114,0.220000,0.003495,0.220000,0.003495,0,0.096280,0.220000,0.212667,0.011447,-0.003219,-0.036963,-0.076963,0.311127,0.330000,-0.089501,1
1772477896,312481102,-0.645204,-2.407733,-2.356292,-0.299067,-0.448355,-0.014430,1,0.220025,-0.062776,0.220028,-0.059675,0.220020,-0.076450,0.220020,-0.076450,0.219991,0.003909,0.220000,0.003495,0.220000,0.002986,0.220000,0.002986,0,0.082245,0.220000,0.212667,0.010829,-0.003838,-0.039675,-0.079675,0.311127,0.330000,-0.114664,1
1772477896,337430567,-0.649260,-2.412170,-2.357281,-0.293057,-0.448172,-0.015419,1,0.219475,-0.057850,0.220020,-0.076450,0.220015,-0.075789,0.220015,-0.075789,0.219449,0.003424,0.220000,0.002986,0.220000,0.002591,0.220000,0.002591,0,0.071383,0.220000,0.212667,0.010319,-0.004348,-0.056450,-0.096450,0.311127,0.330000,-0.113675,1
1772477896,362529779,-0.652022,-2.416546,-2.357628,-0.287994,-0.447103,-0.015766,1,0.220607,-0.072954,0.220015,-0.075789,0.220005,-0.086272,0.220005,-0.086272,0.220587,0.002998,0.220000,0.002591,0.220000,0.001526,0.220000,0.001526,0,0.042032,0.220000,0.212667,0.009925,-0.004742,-0.055789,-0.095789,0.311127,0.330000,-0.129404,1
1772477896,387449257,-0.656236,-2.419186,-2.358916,-0.283165,-0.448286,-0.017054,1,0.220251,-0.079475,0.220005,-0.086272,0.220011,-0.085415,0.220011,-0.085415,0.220240,0.002200,0.220000,0.001526,0.220000,0.002155,0.220000,0.002155,0,0.059369,0.220000,0.212667,0.008859,-0.005808,-0.066272,-0.106272,0.311127,0.330000,-0.128116,1
1772477896,437428830,-0.664372,-2.427095,-2.362767,-0.271822,-0.448608,-0.020905,1,0.220256,-0.093317,0.220011,-0.085415,0.220010,-0.095907,0.220010,-0.095907,0.220256,0.000000,0.220000,0.002155,0.220000,0.002082,0.220000,0.002082,0,0.057361,0.220000,0.212667,0.009489,-0.005178,-0.065415,-0.105415,0.311127,0.330000,-0.143854,1
1772477896,462558095,-0.668588,-2.431756,-2.365876,-0.265542,-0.448384,-0.024014,1,0.220267,-0.085501,0.220010,-0.095907,0.220008,-0.108219,0.220008,-0.108219,0.220251,0.002650,0.220000,0.002082,0.220000,0.001895,0.220000,0.001895,0,0.052196,0.220000,0.212667,0.009416,-0.005251,-0.075907,-0.115907,0.311127,0.330000,-0.162322,1
1772477896,487545942,-0.672649,-2.434966,-2.367539,-0.260409,-0.449060,-0.025677,1,0.219564,-0.092586,0.220008,-0.108219,0.220010,-0.124296,0.220010,-0.124296,0.219552,0.002286,0.220000,0.001895,0.220000,0.002096,0.220000,0.002096,0,0.057740,0.220000,0.212667,0.009228,-0.005439,-0.088219,-0.128219,0.311127,0.330000,-0.186436,1
1772477896,537593009,-0.680132,-2.441790,-2.369617,-0.250286,-0.449667,-0.027761,1,0.219891,-0.110537,0.220010,-0.124296,0.220006,-0.143339,0.220006,-0.143339,0.219884,0.001674,0.220000,0.002096,0.220000,0.001592,0.220000,0.001592,0,0.043855,0.220000,0.212667,0.009429,-0.005237,-0.104296,-0.144296,0.311127,0.330000,-0.215003,1
1772477896,562619657,-0.683802,-2.445136,-2.372123,-0.243762,-0.449646,-0.030993,1,0.220425,-0.119505,0.220006,-0.143339,0.220004,-0.141183,0.220004,-0.141183,0.220413,0.002241,0.220000,0.001592,0.220000,0.001289,0.220000,0.001289,0,0.035502,0.220000,0.212667,0.008925,-0.005741,-0.123339,-0.163339,0.311127,0.330000,-0.211771,1
1772477896,587702192,-0.687750,-2.448734,-2.375032,-0.238431,-0.449974,-0.033903,1,0.220337,-0.133758,0.220004,-0.141183,0.217847,-0.161183,0.217847,-0.161183,0.220325,0.002279,0.220000,0.001289,0.217843,0.001240,0.217843,0.001240,0,0.034506,0.220000,0.212667,0.008622,-0.006045,-0.121183,-0.161183,0.311127,0.330000,-0.244165,1
1772477896,637724356,-0.696507,-2.456447,-2.381503,-0.226797,-0.450887,-0.040374,1,0.219886,-0.135924,0.217847,-0.161183,0.210516,-0.181183,0.210516,-0.181183,0.219879,0.001719,0.217843,0.001240,0.210510,0.001595,0.210510,0.001595,0,0.046492,0.220000,0.210510,0.008574,-0.006093,-0.141183,-0.181183,0.311127,0.326770,-0.283065,1
1772477896,662751892,-0.698912,-2.460530,-2.384709,-0.222191,-0.449770,-0.043579,1,0.218348,-0.165527,0.210516,-0.181183,0.217858,-0.161778,0.217858,-0.161778,0.218344,0.001273,0.210510,0.001595,0.217843,0.002569,0.217843,0.002569,0,0.074688,0.217843,0.203177,0.008928,-0.005739,-0.161183,-0.201183,0.311127,0.315774,-0.234488,1
1772477896,687803175,-0.702416,-2.464155,-2.387826,-0.217150,-0.449761,-0.046696,1,0.210413,-0.195178,0.217858,-0.161778,0.210510,-0.181778,0.210510,-0.181778,0.210407,0.001566,0.217843,0.002569,0.210510,0.000207,0.210510,0.000207,0,0.006540,0.220000,0.210510,0.009902,-0.004764,-0.141778,-0.181778,0.311127,0.326788,-0.333397,1
1772477896,737927871,-0.710756,-2.471649,-2.394761,-0.205964,-0.450527,-0.053632,1,0.217157,-0.156293,0.210510,-0.181778,0.203184,-0.201778,0.203184,-0.201778,0.217143,0.002487,0.210510,0.000207,0.203177,0.001717,0.203177,0.001717,0,0.054645,0.217843,0.203177,0.007541,-0.007126,-0.161778,-0.201778,0.311127,0.315765,-0.326462,1
1772477896,762875891,-0.713985,-2.477467,-2.398881,-0.199540,-0.448793,-0.057751,1,0.211082,-0.181903,0.203184,-0.201778,0.210522,-0.183522,0.210522,-0.183522,0.211082,0.000000,0.203177,0.001717,0.210510,0.002230,0.210510,0.002230,0,0.069499,0.210510,0.195843,0.009051,-0.005616,-0.181778,-0.221778,0.311127,0.304776,-0.265688,1
1772477896,787933865,-0.717701,-2.481452,-2.403275,-0.194092,-0.448685,-0.062145,1,0.202901,-0.196303,0.210522,-0.183522,0.203177,-0.203522,0.203177,-0.203522,0.202891,0.002042,0.210510,0.002230,0.203177,-0.000580,0.203177,-0.000580,0,-0.020449,0.217843,0.203177,0.009563,-0.005104,-0.163522,-0.203522,0.311127,0.315783,-0.391036,1
1772477896,838101841,-0.725802,-2.489551,-2.412307,-0.182428,-0.448851,-0.071194,1,0.210256,-0.184026,0.203177,-0.203522,0.195844,-0.223522,0.195844,-0.223522,0.210247,0.001987,0.203177,-0.000580,0.195843,0.000577,0.195843,0.000577,0,0.020442,0.210510,0.195843,0.006753,-0.007913,-0.183522,-0.223522,0.311127,0.304766,-0.381988,1
1772477896,863029888,-0.729645,-2.493153,-2.417431,-0.169982,-0.448829,-0.076874,1,0.203426,-0.212170,0.195844,-0.223522,0.190107,-0.243522,0.190107,-0.243522,0.203426,0.000000,0.195843,0.000577,0.190105,0.000784,0.190105,0.000784,0,0.028063,0.203177,0.188510,0.007910,-0.006757,-0.203522,-0.243522,0.311127,0.293766,-0.376307,1
1772477896,888068409,-0.734619,-2.495961,-2.421502,-0.164503,-0.450446,-0.080945,1,0.195327,-0.227688,0.190107,-0.243522,0.197464,-0.257762,0.197464,-0.257762,0.195327,0.000000,0.190105,0.000784,0.197438,0.003198,0.197438,0.003198,0,0.113596,0.197438,0.182772,0.008117,-0.006550,-0.223522,-0.263522,0.311127,0.285160,-0.372237,1
1772477896,938120387,-0.742871,-2.502251,-2.431144,-0.154244,-0.451994,-0.090586,1,0.189736,-0.245479,0.197464,-0.257762,0.190107,-0.277762,0.190107,-0.277762,0.189733,0.001176,0.197438,0.003198,0.190105,-0.000942,0.190105,-0.000942,0,-0.042796,0.204772,0.190105,0.010532,-0.004135,-0.237762,-0.277762,0.311127,0.296196,-0.594905,1
1772477896,963158146,-0.744249,-2.507262,-2.436150,-0.149686,-0.449496,-0.095593,1,0.198051,-0.257426,0.190107,-0.277762,0.182772,-0.297762,0.182772,-0.297762,0.198027,0.003060,0.190105,-0.000942,0.182772,0.000250,0.182772,0.000250,0,0.011589,0.197438,0.182772,0.006392,-0.008275,-0.257762,-0.297762,0.311127,0.285161,-0.589898,1
1772477896,988151926,-0.748263,-2.509444,-2.443311,-0.145325,-0.450860,-0.102754,1,0.190234,-0.281269,0.182772,-0.297762,0.190155,-0.311222,0.190155,-0.311222,0.190234,0.000000,0.182772,0.000250,0.190105,0.004379,0.190105,0.004379,0,0.167993,0.190105,0.175438,0.007583,-0.007083,-0.277762,-0.317762,0.311127,0.274158,-0.448707,1
1772477897,38250039,-0.755198,-2.514754,-2.457401,-0.136686,-0.452144,-0.116844,1,0.182668,-0.309423,0.190155,-0.311222,0.182772,-0.331222,0.182772,-0.331222,0.182668,0.000000,0.190105,0.004379,0.182772,-0.000383,0.182772,-0.000383,0,-0.020228,0.197438,0.182772,0.011712,-0.002954,-0.291222,-0.331222,0.311127,0.285233,-0.753115,1
1772477897,63222332,-0.758281,-2.520950,-2.465676,-0.130091,-0.450046,-0.125119,1,0.189637,-0.320597,0.182772,-0.331222,0.175442,-0.351222,0.175442,-0.351222,0.189583,0.004555,0.182772,-0.000383,0.175438,0.001077,0.175438,0.001077,0,0.058305,0.190105,0.175438,0.006951,-0.007716,-0.311222,-0.351222,0.311127,0.274158,-0.744839,1
1772477897,88220202,-0.762268,-2.522579,-2.472720,-0.126147,-0.451775,-0.132163,1,0.182814,-0.350928,0.175442,-0.351222,0.176553,-0.371222,0.176553,-0.371222,0.182814,0.000000,0.175438,0.001077,0.176445,0.006164,0.176445,0.006164,0,0.265327,0.182772,0.168105,0.008411,-0.006256,-0.331222,-0.371222,0.311127,0.263162,-0.553328,1
1772477897,138261368,-0.768853,-2.527827,-2.487764,-0.117626,-0.452737,-0.147224,1,0.174889,-0.349111,0.176553,-0.371222,0.169152,-0.391222,0.169152,-0.391222,0.174883,0.001457,0.176445,0.006164,0.169112,0.003676,0.169112,0.003676,0,0.189638,0.183779,0.169112,0.013497,-0.001170,-0.351222,-0.391222,0.311127,0.264830,-0.722734,1
1772477897,163298842,-0.772914,-2.529662,-2.496041,-0.108568,-0.451077,-0.155987,1,0.177000,-0.379044,0.169152,-0.391222,0.161839,-0.411222,0.161839,-0.411222,0.176891,0.006205,0.169112,0.003676,0.161779,0.004413,0.161779,0.004413,0,0.235204,0.176445,0.161779,0.011010,-0.003657,-0.371222,-0.411222,0.311127,0.253728,-0.713971,1
1772477897,188325763,-0.776966,-2.533645,-2.504877,-0.102887,-0.451218,-0.164822,1,0.169225,-0.392104,0.161839,-0.411222,0.169350,-0.391222,0.169350,-0.391222,0.169175,0.004092,0.161779,0.004413,0.169112,0.008976,0.169112,0.008976,0,0.410658,0.169112,0.154445,0.011746,-0.002920,-0.391222,-0.431222,0.311127,0.242758,-0.520669,1
1772477897,238266862,-0.782148,-2.538591,-2.524075,-0.095729,-0.451500,-0.184021,1,0.161025,-0.411822,0.169350,-0.391222,0.161787,-0.411222,0.161787,-0.411222,0.160953,0.004791,0.169112,0.008976,0.161779,0.001642,0.161779,0.001642,0,0.013762,0.176445,0.161779,0.016309,0.001642,-0.371222,-0.411222,0.311127,0.254025,-1.198409,1
1772477897,263324636,-0.784824,-2.541220,-2.534340,-0.091980,-0.451594,-0.194286,1,0.168974,-0.397668,0.161787,-0.411222,0.154882,-0.431222,0.154882,-0.431222,0.168721,0.009253,0.161779,0.001642,0.154724,0.006992,0.154724,0.006992,0,0.372025,0.169112,0.154445,0.008976,-0.005691,-0.391222,-0.431222,0.311127,0.242681,-0.675673,1
1772477897,313284148,-0.792128,-2.546833,-2.555078,-0.082867,-0.452937,-0.215024,1,0.161679,-0.420924,0.154882,-0.431222,0.160060,-0.451222,0.160060,-0.451222,0.161669,0.001780,0.154724,0.006992,0.159677,0.011078,0.159677,0.011078,0,0.595835,0.162057,0.147390,0.014325,-0.000342,-0.411222,-0.451222,0.311127,0.232322,-0.654934,1
1772477897,338345273,-0.795382,-2.548708,-2.564461,-0.079256,-0.453971,-0.224407,1,0.154565,-0.433039,0.160060,-0.451222,0.152389,-0.471222,0.152389,-0.471222,0.154380,0.007572,0.159677,0.011078,0.152343,0.003745,0.152343,0.003745,0,0.166740,0.167010,0.152343,0.018412,0.003745,-0.431222,-0.471222,0.311127,0.240091,-1.158023,1
1772477897,363376637,-0.798609,-2.550835,-2.574292,-0.075483,-0.454809,-0.234238,1,0.150817,-0.495316,0.152389,-0.471222,0.145338,-0.491222,0.145338,-0.491222,0.150805,0.001938,0.152343,0.003745,0.145010,0.009765,0.145010,0.009765,0,0.660839,0.159677,0.145010,0.011078,-0.003588,-0.451222,-0.491222,0.311127,0.228584,-0.875924,1
1772477897,388427592,-0.801124,-2.554405,-2.586594,-0.071169,-0.454133,-0.246540,1,0.153244,-0.470523,0.145338,-0.491222,0.153300,-0.471222,0.153300,-0.471222,0.153192,0.004010,0.145010,0.009765,0.152343,0.017098,0.152343,0.017098,0,0.977886,0.152343,0.137677,0.017098,0.002431,-0.471222,-0.511222,0.311127,0.218007,-0.623419,1
1772477897,438354333,-0.807585,-2.558782,-2.609833,-0.063530,-0.455730,-0.269779,1,0.145478,-0.495333,0.153300,-0.471222,0.145338,-0.491222,0.145338,-0.491222,0.145131,0.010037,0.152343,0.017098,0.145010,0.009765,0.145010,0.009765,0,-7.782339,0.159677,0.145010,0.024431,0.009765,-0.451222,-0.491222,0.311127,0.229950,-2.302179,1
1772477897,463363809,-0.809518,-2.561438,-2.621916,-0.060406,-0.455348,-0.281833,1,0.153447,-0.484127,0.145338,-0.491222,0.138002,-0.511222,0.138002,-0.511222,0.152451,0.017460,0.145010,0.009765,0.137677,0.009469,0.137677,0.009469,0,0.846237,0.152343,0.137677,0.017098,0.002431,-0.471222,-0.511222,0.311127,0.218007,-1.100597,1
1772477897,488378496,-0.812593,-2.563007,-2.633162,-0.061031,-0.458745,-0.292226,1,0.145143,-0.485689,0.138002,-0.511222,0.145980,-0.491222,0.145980,-0.491222,0.144780,0.010261,0.137677,0.009469,0.145010,0.016802,0.145010,0.016802,0,1.624539,0.145010,0.130343,0.016802,0.002135,-0.491222,-0.531222,0.311127,0.207003,-0.577733,1
1772477897,538424388,-0.818359,-2.568213,-2.657465,-0.053280,-0.459260,-0.316528,1,0.137233,-0.500536,0.145980,-0.491222,0.138002,-0.511222,0.138002,-0.511222,0.136860,0.010112,0.145010,0.016802,0.137677,0.009469,0.137677,0.009469,0,-7.878813,0.152343,0.137677,0.024135,0.009469,-0.471222,-0.511222,0.311127,0.218970,-2.250534,1
1772477897,563422814,-0.821145,-2.569449,-2.669353,-0.050453,-0.460398,-0.328416,1,0.146029,-0.499742,0.138002,-0.511222,0.131373,-0.531222,0.131373,-0.531222,0.144971,0.017547,0.137677,0.009469,0.130343,0.016417,0.130343,0.016417,0,1.505920,0.145010,0.130343,0.016802,0.002135,-0.491222,-0.531222,0.311127,0.207003,-1.054014,1
1772477897,588366256,-0.824390,-2.571518,-2.683010,-0.046708,-0.461287,-0.342073,1,0.138029,-0.518743,0.131373,-0.531222,0.130570,-0.511222,0.130570,-0.511222,0.137651,0.010201,0.130343,0.016417,0.128391,0.023751,0.128391,0.023751,0,2.059866,0.137677,0.123010,0.023751,0.009084,-0.511222,-0.551222,0.311127,0.197060,-0.768088,1
1772477897,638429276,-0.828752,-2.573838,-2.705563,-0.042006,-0.462803,-0.364627,1,0.130715,-0.495673,0.130570,-0.511222,0.138792,-0.528323,0.138792,-0.528323,0.128217,0.025432,0.128391,0.023751,0.135725,0.029019,0.135725,0.029019,0,2.135074,0.135725,0.121058,0.031084,0.016417,-0.491222,-0.531222,0.311127,0.195854,-0.745535,1
1772477897,663437844,-0.831574,-2.576142,-2.718595,-0.038387,-0.463225,-0.377659,1,0.130961,-0.510684,0.138792,-0.528323,0.130210,-0.537331,0.130210,-0.537331,0.128689,0.024287,0.135725,0.029019,0.128391,0.021686,0.128391,0.021686,0,-8.073867,0.143058,0.128391,0.036352,0.021686,-0.508323,-0.548323,0.311127,0.208188,-2.178502,1
1772477897,688395475,-0.835113,-2.577942,-2.733047,-0.034632,-0.464511,-0.392110,1,0.138811,-0.534651,0.130210,-0.537331,0.122749,-0.557331,0.122749,-0.557331,0.135603,0.029670,0.128391,0.021686,0.121058,0.020305,0.121058,0.020305,0,1.883353,0.135725,0.121058,0.029019,0.014352,-0.517331,-0.557331,0.311127,0.195315,-0.990320,1
1772477897,738424471,-0.839577,-2.581241,-2.759929,-0.029155,-0.465419,-0.418992,1,0.122014,-0.559875,0.122749,-0.557331,0.131332,-0.537331,0.131332,-0.537331,0.120312,0.020309,0.121058,0.020305,0.128391,0.027638,0.128391,0.027638,0,2.796004,0.128391,0.113725,0.027638,0.012972,-0.537331,-0.577331,0.311127,0.184123,-0.691170,1
1772477897,763504372,-0.842968,-2.583555,-2.773858,-0.025134,-0.466243,-0.432921,1,0.132550,-0.523522,0.131332,-0.537331,0.122749,-0.557331,0.122749,-0.557331,0.129252,0.029387,0.128391,0.027638,0.121058,0.020305,0.121058,0.020305,0,-8.180788,0.135725,0.121058,0.034972,0.020305,-0.517331,-0.557331,0.311127,0.196999,-2.117160,1
1772477897,788463433,-0.844166,-2.585730,-2.787300,-0.022738,-0.465588,-0.446363,1,0.131561,-0.532763,0.122749,-0.557331,0.115392,-0.577331,0.115392,-0.577331,0.128480,0.028303,0.121058,0.020305,0.113725,0.019545,0.113725,0.019545,0,2.366218,0.128391,0.113725,0.027638,0.012972,-0.537331,-0.577331,0.311127,0.184123,-1.192841,1
1772477897,838439322,-0.849795,-2.589453,-2.813930,-0.022204,-0.464981,-0.470567,1,0.113597,-0.562946,0.115392,-0.577331,0.124006,-0.557331,0.124006,-0.557331,0.111887,0.019641,0.113725,0.019545,0.121058,0.026879,0.121058,0.026879,0,3.737575,0.121058,0.106391,0.026879,0.012212,-0.557331,-0.597331,0.311127,0.173088,-0.639595,1
1772477897,863460800,-0.852498,-2.589898,-2.827312,-0.019999,-0.466605,-0.483949,1,0.114785,-0.590764,0.124006,-0.557331,0.115392,-0.577331,0.115392,-0.577331,0.113070,0.019766,0.121058,0.026879,0.113725,0.019545,0.113725,0.019545,0,-7.546685,0.128391,0.113725,0.034212,0.019545,-0.537331,-0.577331,0.311127,0.186009,-2.044825,1
1772477897,888505729,-0.854234,-2.591231,-2.841269,-0.017833,-0.466918,-0.497906,1,0.123931,-0.565818,0.115392,-0.577331,0.124006,-0.557331,0.124006,-0.557331,0.120943,0.027047,0.113725,0.019545,0.121058,0.026879,0.121058,0.026879,0,3.800187,0.121058,0.106391,0.026879,0.012212,-0.557331,-0.597331,0.311127,0.173088,-0.612256,1
1772477897,938546735,-0.859333,-2.594566,-2.869273,-0.011886,-0.468242,-0.525910,1,0.125629,-0.554048,0.124006,-0.557331,0.115392,-0.577331,0.115392,-0.577331,0.122288,0.028777,0.121058,0.026879,0.113725,0.019545,0.113725,0.019545,0,-7.935911,0.128391,0.113725,0.034212,0.019545,-0.537331,-0.577331,0.311127,0.186009,-2.010531,1
1772477897,963513208,-0.861698,-2.595992,-2.882694,-0.009213,-0.468940,-0.539330,1,0.123683,-0.559276,0.115392,-0.577331,0.107959,-0.597331,0.107959,-0.597331,0.120643,0.027251,0.113725,0.019545,0.106391,0.018329,0.106391,0.018329,0,2.655764,0.121058,0.106391,0.026879,0.012212,-0.557331,-0.597331,0.311127,0.173088,-1.304581,1
1772477897,988578126,-0.862980,-2.597986,-2.896724,-0.006891,-0.468466,-0.553361,1,0.115796,-0.574727,0.107959,-0.597331,0.116584,-0.577331,0.116584,-0.577331,0.114116,0.019654,0.106391,0.018329,0.113725,0.025662,0.113725,0.025662,0,4.692393,0.113725,0.099058,0.025662,0.010995,-0.577331,-0.600000,0.311127,0.161938,-0.556801,1
1772477898,38582801,-0.867544,-2.600291,-2.924198,-0.002036,-0.470133,-0.580826,1,0.117264,-0.551452,0.116584,-0.577331,0.107959,-0.597331,0.107959,-0.597331,0.113921,0.027800,0.113725,0.025662,0.106391,0.018329,0.106391,0.018329,0,-7.611153,0.121058,0.106391,0.032995,0.018329,-0.557331,-0.597331,0.311127,0.174876,-1.939635,1
1772477898,63525700,-0.871790,-2.600616,-2.939068,0.002509,-0.473468,-0.595065,1,0.116642,-0.578819,0.107959,-0.597331,0.099666,-0.600000,0.099666,-0.600000,0.113741,0.025849,0.106391,0.018329,0.099058,0.010995,0.099058,0.010995,0,-6.740813,0.113725,0.099058,0.025662,0.010995,-0.577331,-0.600000,0.311127,0.161938,-1.895788,1
1772477898,88520468,-0.873097,-2.602641,-2.953605,0.004871,-0.472989,-0.609602,1,0.107468,-0.599203,0.099666,-0.600000,0.107959,-0.580000,0.107959,-0.580000,0.105858,0.018531,0.099058,0.010995,0.106391,0.018329,0.106391,0.018329,0,5.985245,0.106391,0.091725,0.018329,0.003662,-0.580000,-0.600000,0.311127,0.149499,-0.500560,1
1772477898,138591182,-0.878520,-2.603619,-2.984201,0.009359,-0.476187,-0.640198,1,0.109058,-0.565300,0.107959,-0.580000,0.099666,-0.600000,0.099666,-0.600000,0.107252,0.019769,0.106391,0.018329,0.099058,0.010995,0.099058,0.010995,0,-7.576474,0.113725,0.099058,0.025662,0.010995,-0.560000,-0.600000,0.311127,0.161938,-1.871233,1
1772477898,163575806,-0.879864,-2.605670,-2.998195,0.011766,-0.475716,-0.654192,1,0.099834,-0.588742,0.099666,-0.600000,0.093538,-0.600000,0.093538,-0.600000,0.099127,0.011860,0.099058,0.010995,0.091725,0.018329,0.091725,0.018329,0,5.356513,0.106391,0.091725,0.018329,0.003662,-0.580000,-0.600000,0.311127,0.149499,-0.985013,1
1772477898,188599103,-0.882146,-2.606000,-3.012947,0.013596,-0.477119,-0.668944,1,0.099685,-0.609586,0.093538,-0.600000,0.102328,-0.580000,0.102328,-0.580000,0.099078,0.010991,0.091725,0.018329,0.099058,0.025662,0.099058,0.025662,0,7.367857,0.099058,0.084391,0.025662,0.010995,-0.580000,-0.600000,0.311127,0.140307,-0.441218,1
1772477898,238643619,-0.886622,-2.608113,-3.041207,0.012042,-0.478942,-0.693300,1,0.104863,-0.560209,0.102328,-0.580000,0.093538,-0.600000,0.093538,-0.600000,0.101051,0.028016,0.099058,0.025662,0.091725,0.018329,0.091725,0.018329,0,-6.539746,0.106391,0.091725,0.032995,0.018329,-0.560000,-0.600000,0.311127,0.153492,-1.808303,1
1772477898,263634713,-0.889480,-2.608301,-3.057586,0.014180,-0.480847,-0.709678,1,0.102340,-0.582624,0.093538,-0.600000,0.102267,-0.580000,0.102267,-0.580000,0.098977,0.026017,0.091725,0.018329,0.098995,0.025662,0.098995,0.025662,0,8.046575,0.099058,0.084391,0.025662,0.010995,-0.580000,-0.600000,0.311127,0.140307,-0.672752,1
1772477898,288695727,-0.892579,-2.609456,-3.072762,0.017177,-0.482247,-0.724855,1,0.104460,-0.588347,0.102267,-0.580000,0.093476,-0.600000,0.093476,-0.600000,0.100632,0.028020,0.098995,0.025662,0.091662,0.018329,0.091662,0.018329,0,-7.393491,0.106329,0.091662,0.032995,0.018329,-0.560000,-0.600000,0.311127,0.153401,-1.786576,1
1772477898,338757640,-0.896951,-2.610754,-3.101388,0.021138,-0.484319,-0.753447,1,0.091974,-0.619623,0.093476,-0.600000,0.085042,-0.600000,0.085042,-0.600000,0.090459,0.016622,0.091662,0.018329,0.084329,0.010995,0.084329,0.010995,0,-5.445311,0.098995,0.084329,0.025662,0.010995,-0.580000,-0.600000,0.311127,0.140215,-1.724643,1
1772477898,363699005,-0.897949,-2.612474,-3.115745,0.021258,-0.475780,-0.765802,1,0.092915,-0.600036,0.085042,-0.600000,0.093476,-0.580000,0.093476,-0.580000,0.091021,0.018664,0.084329,0.010995,0.091662,0.018329,0.091662,0.018329,0,9.737538,0.091662,0.076995,0.018329,0.003662,-0.580000,-0.600000,0.311127,0.127563,-0.344359,1
1772477898,388743447,-0.899057,-2.614199,-3.129785,0.023263,-0.475357,-0.779841,1,0.093945,-0.567878,0.093476,-0.580000,0.088147,-0.600000,0.088147,-0.600000,0.091822,0.019860,0.091662,0.018329,0.084329,0.025662,0.084329,0.025662,0,6.168930,0.098995,0.084329,0.025662,0.010995,-0.560000,-0.600000,0.311127,0.140215,-1.064070,1
1772477898,438791188,-0.904152,-2.615494,3.124494,0.027765,-0.478073,-0.808748,1,0.087201,-0.508530,0.088147,-0.600000,0.083767,-0.580000,0.083767,-0.580000,0.083031,0.026643,0.084329,0.025662,0.076995,0.032995,0.076995,0.032995,0,8.353978,0.091662,0.076995,0.032995,0.018329,-0.580000,-0.600000,0.311127,0.132220,-0.830456,1
1772477898,463739095,-0.908300,-2.615187,3.109772,0.030488,-0.481235,-0.823406,1,0.088141,-0.597320,0.083767,-0.580000,0.093476,-0.560000,0.093476,-0.560000,0.084179,0.026127,0.076995,0.032995,0.084329,0.040329,0.084329,0.040329,0,9.966898,0.084329,0.069662,0.040329,0.025662,-0.560000,-0.600000,0.311127,0.125651,-0.559024,1
1772477898,488814894,-0.909390,-2.616107,3.094581,0.033616,-0.481062,-0.834397,1,0.094867,-0.573462,0.093476,-0.560000,0.083767,-0.580000,0.083767,-0.580000,0.085472,0.041161,0.084329,0.040329,0.076995,0.032995,0.076995,0.032995,0,-5.995476,0.091662,0.076995,0.047662,0.032995,-0.540000,-0.580000,0.311127,0.140214,-1.643693,1
1772477898,538831953,-0.912910,-2.617549,3.062928,0.037122,-0.482538,-0.866049,1,0.082350,-0.580183,0.083767,-0.580000,0.074238,-0.600000,0.074238,-0.600000,0.075654,0.032527,0.076995,0.032995,0.069662,0.025662,0.069662,0.025662,0,-1.026656,0.084329,0.069662,0.040329,0.025662,-0.560000,-0.600000,0.311127,0.125651,-1.522893,1
1772477898,563814157,-0.914950,-2.619459,3.048492,0.039915,-0.482635,-0.880485,1,0.073743,-0.603195,0.074238,-0.600000,0.083767,-0.580000,0.083767,-0.580000,0.069130,0.025673,0.069662,0.025662,0.076995,0.032995,0.076995,0.032995,0,12.849726,0.076995,0.062329,0.032995,0.018329,-0.580000,-0.600000,0.311127,0.111357,-0.229676,1
1772477898,588840055,-0.917010,-2.619917,3.034212,0.041703,-0.483723,-0.894777,1,0.083870,-0.583018,0.083767,-0.580000,0.074238,-0.600000,0.074238,-0.600000,0.076636,0.034074,0.076995,0.032995,0.069662,0.025662,0.069662,0.025662,0,-3.282717,0.084329,0.069662,0.040329,0.025662,-0.560000,-0.600000,0.311127,0.125651,-1.537204,1
1772477898,638865667,-0.921564,-2.621769,3.005594,0.046749,-0.483086,-0.923991,1,0.074882,-0.595930,0.074238,-0.600000,0.083767,-0.580000,0.083767,-0.580000,0.070301,0.025790,0.069662,0.025662,0.076995,0.032995,0.076995,0.032995,0,12.079772,0.076995,0.062329,0.032995,0.018329,-0.580000,-0.600000,0.311127,0.111357,-0.458438,1
1772477898,663898776,-0.923912,-2.622199,2.991864,0.048710,-0.484447,-0.937722,1,0.074532,-0.602478,0.083767,-0.580000,0.074238,-0.600000,0.074238,-0.600000,0.070004,0.025582,0.076995,0.032995,0.069662,0.025662,0.069662,0.025662,0,-4.697026,0.084329,0.069662,0.040329,0.025662,-0.560000,-0.600000,0.311127,0.125651,-1.511564,1
1772477898,688987370,-0.926061,-2.623287,2.975943,0.051030,-0.485296,-0.953619,1,0.073265,-0.606474,0.074238,-0.600000,0.070495,-0.600000,0.070495,-0.600000,0.068934,0.024817,0.069662,0.025662,0.062329,0.032934,0.062329,0.032934,0,9.190328,0.076995,0.062329,0.032995,0.018329,-0.580000,-0.600000,0.311127,0.111357,-1.039230,1
1772477898,738990467,-0.927687,-2.624399,2.945226,0.054319,-0.489523,-0.983350,1,0.071072,-0.607673,0.070495,-0.600000,0.060662,-0.600000,0.060662,-0.600000,0.062833,0.033216,0.062329,0.032934,0.054995,0.025601,0.054995,0.025601,0,-0.475442,0.069662,0.054995,0.040267,0.025601,-0.580000,-0.600000,0.311127,0.110000,-1.405592,1
1772477898,763969361,-0.928548,-2.624963,2.930976,0.055326,-0.489735,-0.997600,1,0.070226,-0.589657,0.060662,-0.600000,0.051043,-0.591290,0.051043,-0.591290,0.062004,0.032972,0.054995,0.025601,0.047662,0.018267,0.047662,0.018267,0,-0.857268,0.062329,0.047662,0.032934,0.018267,-0.580000,-0.600000,0.311127,0.110000,-1.391342,1
1772477898,789002441,-0.930467,-2.624732,2.916615,0.056548,-0.491179,-1.011977,1,0.048881,-0.597266,0.051043,-0.591290,0.045977,-0.571290,0.045977,-0.571290,0.045998,0.016540,0.047662,0.018267,0.044658,0.010934,0.044658,0.010934,0,-1.841230,0.054995,0.040329,0.025601,0.010934,-0.571290,-0.600000,0.311127,0.110000,-1.399652,1
1772477898,839028646,-0.935401,-2.626425,2.886235,0.062574,-0.489932,-1.043078,1,0.045990,-0.571979,0.045977,-0.571290,0.043248,-0.551290,0.043248,-0.551290,0.044665,0.010960,0.044658,0.010934,0.043098,0.003601,0.043098,0.003601,0,-2.886700,0.051991,0.037324,0.018267,0.003601,-0.551290,-0.591290,0.311127,0.110000,-1.388902,1
1772477898,864085429,-0.934969,-2.626229,2.872641,0.062130,-0.489764,-1.056672,1,0.044891,-0.547201,0.043248,-0.551290,0.042901,-0.531290,0.042901,-0.531290,0.043558,0.010856,0.043098,0.003601,0.042738,-0.003733,0.042738,-0.003733,0,-2.444786,0.050431,0.035764,0.010934,-0.003733,-0.531290,-0.571290,0.311127,0.110000,-1.354957,1
1772477898,889156553,-0.933478,-2.626409,2.859895,0.061333,-0.488626,-1.069493,1,0.043195,-0.552646,0.042901,-0.531290,0.045183,-0.551290,0.045183,-0.551290,0.043047,0.003572,0.042738,-0.003733,0.045021,-0.003827,0.045021,-0.003827,0,-1.539867,0.050072,0.035405,0.003601,-0.011066,-0.511290,-0.551290,0.311127,0.110000,-1.342136,1
1772477898,939281483,-0.933804,-2.627183,2.833585,0.066861,-0.490062,-1.098663,1,0.045344,-0.543492,0.045183,-0.551290,0.047132,-0.571290,0.047132,-0.571290,0.045215,-0.003409,0.045021,-0.003827,0.046417,-0.008179,0.046417,-0.008179,0,-3.155091,0.052354,0.037687,0.003507,-0.011160,-0.531290,-0.571290,0.311127,0.110000,-1.333318,1
1772477898,964204210,-0.935747,-2.626269,2.819920,0.067578,-0.492086,-1.112327,1,0.045225,-0.575754,0.047132,-0.571290,0.049287,-0.591290,0.049287,-0.591290,0.045058,-0.003882,0.046417,-0.008179,0.048274,-0.009941,0.048274,-0.009941,0,-3.667159,0.053750,0.039084,-0.000845,-0.015512,-0.551290,-0.591290,0.311127,0.110000,-1.319653,1
1772477898,989267613,-0.937711,-2.625519,2.804877,0.068502,-0.493883,-1.127247,1,0.047077,-0.577568,0.049287,-0.591290,0.049923,-0.600000,0.049923,-0.600000,0.046295,-0.008546,0.048274,-0.009941,0.048630,-0.011287,0.048630,-0.011287,0,-4.110611,0.055607,0.040941,-0.002608,-0.017274,-0.571290,-0.600000,0.311127,0.110000,-1.322039,1
1772477899,39315106,-0.939747,-2.625809,2.776335,0.072791,-0.490662,-1.151424,1,0.049366,-0.593309,0.049923,-0.600000,0.051540,-0.600000,0.051540,-0.600000,0.048367,-0.009880,0.048630,-0.011287,0.050409,-0.010739,0.050409,-0.010739,0,-3.788515,0.055964,0.041297,-0.003953,-0.018620,-0.580000,-0.600000,0.311127,0.110000,-1.280556,1
1772477899,64329166,-0.941671,-2.624639,2.762485,0.073322,-0.492850,-1.165274,1,0.050718,-0.597205,0.051540,-0.600000,0.051401,-0.600000,0.051401,-0.600000,0.049459,-0.011232,0.050409,-0.010739,0.050007,-0.011890,0.050007,-0.011890,0,-4.205812,0.057742,0.043075,-0.003406,-0.018073,-0.580000,-0.600000,0.311127,0.110000,-1.284011,1
1772477899,89378778,-0.944965,-2.623603,2.747197,0.074719,-0.495708,-1.180553,1,0.052442,-0.618298,0.051401,-0.600000,0.051425,-0.600000,0.051425,-0.600000,0.051386,-0.010473,0.050007,-0.011890,0.049542,-0.013789,0.049542,-0.013789,0,-4.875312,0.057341,0.042674,-0.004557,-0.019223,-0.580000,-0.600000,0.311127,0.110000,-1.283413,1
1772477899,139404950,-0.945273,-2.622562,2.717401,0.068653,-0.490891,-1.210096,1,0.051797,-0.604836,0.051425,-0.600000,0.054125,-0.600000,0.054125,-0.600000,0.050418,-0.011874,0.049542,-0.013789,0.053738,-0.006456,0.053738,-0.006456,0,-1.840821,0.056875,0.042209,-0.006456,-0.021123,-0.580000,-0.600000,0.311127,0.110000,-1.221884,1
1772477899,164384057,-0.944420,-2.622446,2.701433,0.067969,-0.490370,-1.226064,1,0.051650,-0.600554,0.054125,-0.600000,0.054730,-0.600000,0.054730,-0.600000,0.049780,-0.013771,0.053738,-0.006456,0.054604,-0.003712,0.054604,-0.003712,0,-1.233287,0.061072,0.046405,0.000877,-0.013789,-0.580000,-0.600000,0.311127,0.110000,-1.205916,1
1772477899,189466479,-0.947122,-2.620913,2.686224,0.068710,-0.493135,-1.241194,1,0.055308,-0.604777,0.054730,-0.600000,0.054632,-0.600000,0.054632,-0.600000,0.055122,-0.004527,0.054604,-0.003712,0.054328,-0.005752,0.054328,-0.005752,0,-1.914346,0.061937,0.047271,0.003621,-0.011046,-0.580000,-0.600000,0.311127,0.110000,-1.208092,1
1772477899,239460184,-0.949939,-2.620035,2.656837,0.067740,-0.489354,-1.268368,1,0.055329,-0.600573,0.054632,-0.600000,0.056720,-0.600000,0.056720,-0.600000,0.055205,-0.003695,0.054328,-0.005752,0.056719,-0.000324,0.056719,-0.000324,0,-0.103912,0.061661,0.046995,0.001581,-0.013085,-0.580000,-0.600000,0.311127,0.110000,-1.163612,1
1772477899,264539175,-0.952220,-2.618700,2.641298,0.068413,-0.491910,-1.283907,1,0.055177,-0.621934,0.056720,-0.600000,0.057488,-0.600000,0.057488,-0.600000,0.054884,-0.005681,0.056719,-0.000324,0.057442,-0.002294,0.057442,-0.002294,0,-0.725562,0.064052,0.049386,0.007009,-0.007657,-0.580000,-0.600000,0.311127,0.110000,-1.148074,1
1772477899,289590770,-0.953722,-2.618999,2.626050,0.069590,-0.492620,-1.299073,1,0.056100,-0.606038,0.057488,-0.600000,0.057381,-0.600000,0.057381,-0.600000,0.056100,0.000000,0.057442,-0.002294,0.057306,-0.002926,0.057306,-0.002926,0,-0.927287,0.064775,0.050108,0.005039,-0.009627,-0.580000,-0.600000,0.311127,0.110000,-1.150213,1
1772477899,339584998,-0.956419,-2.617609,2.596559,0.067878,-0.491808,-1.326345,1,0.056958,-0.601347,0.057381,-0.600000,0.059694,-0.600000,0.059694,-0.600000,0.056909,-0.002365,0.057306,-0.002926,0.059690,0.000667,0.059690,0.000667,0,0.203238,0.064639,0.049973,0.004407,-0.010260,-0.580000,-0.600000,0.311127,0.110000,-1.105635,1
1772477899,364660772,-0.959111,-2.616070,2.580958,0.068706,-0.494796,-1.341946,1,0.057319,-0.615288,0.059694,-0.600000,0.059602,-0.600000,0.059602,-0.600000,0.057241,-0.002988,0.059690,0.000667,0.059577,-0.001746,0.059577,-0.001746,0,-0.532718,0.067024,0.052357,0.008001,-0.006666,-0.580000,-0.600000,0.311127,0.110000,-1.107339,1
1772477899,389770932,-0.959598,-2.615241,2.566313,0.068134,-0.495542,-1.356350,1,0.059768,-0.602292,0.059602,-0.600000,0.060388,-0.600000,0.060388,-0.600000,0.059768,0.000000,0.059577,-0.001746,0.060377,-0.001130,0.060377,-0.001130,0,-0.340256,0.066910,0.052243,0.005587,-0.009080,-0.580000,-0.600000,0.311127,0.110000,-1.092936,1
1772477899,439731018,-0.961066,-2.613434,2.536088,0.060114,-0.493558,-1.380954,1,0.059493,-0.602485,0.060388,-0.600000,0.060334,-0.580000,0.060334,-0.580000,0.059458,-0.002052,0.060377,-0.001130,0.060014,0.006203,0.060014,0.006203,0,2.721185,0.067711,0.053044,0.006203,-0.008463,-0.580000,-0.600000,0.311127,0.110000,-1.051027,1
1772477899,464711540,-0.963076,-2.613361,2.520929,0.061498,-0.495017,-1.396113,1,0.060297,-0.593646,0.060334,-0.580000,0.062668,-0.600000,0.062668,-0.600000,0.060297,0.000000,0.060014,0.006203,0.062235,0.007355,0.062235,0.007355,0,2.133779,0.067348,0.052681,0.013537,-0.001130,-0.560000,-0.600000,0.311127,0.110000,-1.053173,1
1772477899,489785995,-0.963855,-2.611748,2.505869,0.060907,-0.496759,-1.411180,1,0.060354,-0.582714,0.062668,-0.600000,0.063577,-0.600000,0.063577,-0.600000,0.060026,0.006287,0.062235,0.007355,0.063183,0.007067,0.063183,0.007067,0,2.021040,0.069568,0.054901,0.014688,0.000021,-0.580000,-0.600000,0.311127,0.110000,-1.038106,1
1772477899,539883065,-0.967332,-2.609741,2.476183,0.061554,-0.501735,-1.441047,1,0.063116,-0.618362,0.063577,-0.600000,0.064521,-0.600000,0.064521,-0.600000,0.062648,0.007675,0.063183,0.007067,0.064426,0.003511,0.064426,0.003511,0,0.989310,0.070517,0.055850,0.014400,-0.000266,-0.580000,-0.600000,0.311127,0.110000,-1.022919,1
1772477899,564810934,-0.968631,-2.610590,2.461096,0.063076,-0.502039,-1.456134,1,0.063584,-0.610841,0.064521,-0.600000,0.065487,-0.600000,0.065487,-0.600000,0.063202,0.006964,0.064426,0.003511,0.065414,0.003095,0.065414,0.003095,0,0.859359,0.071759,0.057092,0.010844,-0.003823,-0.580000,-0.600000,0.311127,0.110000,-1.007833,1
1772477899,589898897,-0.970023,-2.608286,2.445858,0.062350,-0.504551,-1.471181,1,0.064661,-0.596553,0.065487,-0.600000,0.065547,-0.600000,0.065547,-0.600000,0.064574,0.003359,0.065414,0.003095,0.065507,0.002285,0.065507,0.002285,0,0.633728,0.072747,0.058081,0.010429,-0.004238,-0.580000,-0.600000,0.311127,0.110000,-1.006910,1
1772477899,640033151,-0.972628,-2.607305,2.415219,0.061080,-0.504653,-1.497467,1,0.065283,-0.590709,0.065547,-0.600000,0.067304,-0.600000,0.067304,-0.600000,0.065206,0.003159,0.065507,0.002285,0.067120,0.004970,0.067120,0.004970,0,1.342562,0.072841,0.058174,0.009618,-0.005049,-0.580000,-0.600000,0.311127,0.110000,-0.980623,1
1772477899,664987402,-0.973006,-2.606459,2.400718,0.060761,-0.505524,-1.511968,1,0.065591,-0.596662,0.067304,-0.600000,0.068314,-0.600000,0.068314,-0.600000,0.065540,0.002586,0.067120,0.004970,0.068098,0.005437,0.068098,0.005437,0,1.447177,0.074454,0.059787,0.012303,-0.002364,-0.580000,-0.600000,0.311127,0.110000,-0.966122,1
1772477899,690032017,-0.975239,-2.604969,2.385068,0.061569,-0.508360,-1.527647,1,0.067696,-0.597831,0.068314,-0.600000,0.068521,-0.600000,0.068521,-0.600000,0.067491,0.005274,0.068098,0.005437,0.068442,0.003293,0.068442,0.003293,0,0.873686,0.075431,0.060764,0.012771,-0.001896,-0.580000,-0.600000,0.311127,0.110000,-0.963206,1
1772477899,740092583,-0.977956,-2.603074,2.355417,0.067786,-0.516444,-1.557957,1,0.068301,-0.592048,0.068521,-0.600000,0.067528,-0.580000,0.067528,-0.580000,0.068070,0.005617,0.068442,0.003293,0.067407,-0.004041,0.067407,-0.004041,0,-1.404309,0.075775,0.061109,0.010626,-0.004041,-0.580000,-0.600000,0.311127,0.110000,-0.943645,1
1772477899,765106709,-0.980587,-2.601143,2.339949,0.068325,-0.519663,-1.573425,1,0.069223,-0.616402,0.067528,-0.580000,0.070362,-0.600000,0.070362,-0.600000,0.069148,0.003215,0.067407,-0.004041,0.070000,-0.007124,0.070000,-0.007124,0,-1.840958,0.074740,0.060074,0.003293,-0.011374,-0.560000,-0.600000,0.311127,0.110000,-0.938006,1
1772477899,790152011,-0.980523,-2.600994,2.324875,0.067897,-0.519555,-1.588425,1,0.067760,-0.577075,0.070362,-0.600000,0.071506,-0.600000,0.071506,-0.600000,0.067645,-0.003948,0.070000,-0.007124,0.071266,-0.005844,0.071266,-0.005844,0,-1.485945,0.077334,0.062667,0.000209,-0.014458,-0.580000,-0.600000,0.311127,0.110000,-0.923006,1
1772477899,840212497,-0.984673,-2.597364,2.295600,0.062573,-0.521525,-1.616153,1,0.069641,-0.596252,0.071506,-0.600000,0.073720,-0.600000,0.073720,-0.600000,0.069232,-0.007541,0.071266,-0.005844,0.073681,-0.002396,0.073681,-0.002396,0,-0.590961,0.078600,0.063933,0.001489,-0.013177,-0.580000,-0.600000,0.311127,0.110000,-0.895278,1
1772477899,865277365,-0.986045,-2.596386,2.281402,0.062877,-0.523182,-1.630350,1,0.072080,-0.605291,0.073720,-0.600000,0.075303,-0.600000,0.075303,-0.600000,0.071862,-0.005612,0.073681,-0.002396,0.075227,-0.003382,0.075227,-0.003382,0,-0.812186,0.081015,0.066348,0.004937,-0.009729,-0.580000,-0.600000,0.311127,0.110580,-0.881081,1
1772477899,890349302,-0.985953,-2.595641,2.267343,0.062399,-0.523740,-1.644553,1,0.073229,-0.595959,0.075303,-0.600000,0.077374,-0.600000,0.077374,-0.600000,0.073185,-0.002536,0.075227,-0.003382,0.077254,-0.004320,0.077254,-0.004320,0,-0.988548,0.082560,0.067894,0.003952,-0.010715,-0.580000,-0.600000,0.311127,0.112955,-0.875908,1
1772477899,940350626,-0.989244,-2.592157,2.236486,0.064442,-0.530287,-1.678275,1,0.074836,-0.591448,0.077374,-0.600000,0.081878,-0.600000,0.081878,-0.600000,0.074751,-0.003573,0.077254,-0.004320,0.081216,-0.010390,0.081216,-0.010390,0,-2.186686,0.084587,0.069920,0.003013,-0.011653,-0.580000,-0.600000,0.311127,0.116061,-0.850499,1
1772477899,965383388,-0.990202,-2.590261,2.221076,0.063804,-0.532313,-1.693685,1,0.077546,-0.601890,0.081878,-0.600000,0.087439,-0.600000,0.087439,-0.600000,0.077426,-0.004315,0.081216,-0.010390,0.086136,-0.015042,0.086136,-0.015042,0,-2.801463,0.088549,0.073882,-0.003057,-0.017723,-0.580000,-0.600000,0.311127,0.122817,-0.842756,1
1772477899,990466641,-0.990886,-2.589382,2.206308,0.063779,-0.533721,-1.708276,1,0.082526,-0.605812,0.087439,-0.600000,0.094218,-0.600000,0.094218,-0.600000,0.081894,-0.010199,0.086136,-0.015042,0.091975,-0.020435,0.091975,-0.020435,0,-3.307363,0.093469,0.078802,-0.007709,-0.022376,-0.580000,-0.600000,0.311127,0.131159,-0.835248,1
1772477900,40509566,-0.993825,-2.585998,2.176533,0.065494,-0.544179,-1.734536,1,0.088167,-0.603086,0.094218,-0.600000,0.097962,-0.580000,0.097962,-0.580000,0.086859,-0.015136,0.091975,-0.020435,0.093943,-0.027769,0.093943,-0.027769,0,-4.485500,0.099308,0.084642,-0.013102,-0.027769,-0.580000,-0.600000,0.311127,0.141327,-0.827272,1
1772477900,65617840,-0.996234,-2.583256,2.161200,0.065316,-0.547824,-1.749870,1,0.094805,-0.604172,0.097962,-0.580000,0.102182,-0.568267,0.102182,-0.568267,0.092610,-0.020285,0.093943,-0.027769,0.095964,-0.035102,0.095964,-0.035102,0,-4.675627,0.101277,0.086610,-0.020435,-0.035102,-0.560000,-0.600000,0.311127,0.146942,-0.817192,1
1772477900,90571746,-0.997495,-2.581153,2.146174,0.064581,-0.550071,-1.765088,1,0.097627,-0.579514,0.102182,-0.568267,0.110658,-0.582533,0.110658,-0.582533,0.093525,-0.028003,0.095964,-0.035102,0.103297,-0.039685,0.103297,-0.039685,0,-4.679596,0.103297,0.088631,-0.027769,-0.042435,-0.548267,-0.588267,0.311127,0.153273,-0.806870,1
1772477900,140688478,-0.998856,-2.575975,2.116310,0.058359,-0.551916,-1.798776,1,0.103147,-0.565171,0.110658,-0.582533,0.118240,-0.562533,0.118240,-0.562533,0.096845,-0.035500,0.103297,-0.039685,0.110631,-0.041733,0.110631,-0.041733,0,-4.213183,0.110631,0.095964,-0.032352,-0.047019,-0.562533,-0.600000,0.311127,0.165987,-0.782023,1
1772477900,165719099,-1.000060,-2.573397,2.101630,0.057419,-0.554602,-1.813455,1,0.110985,-0.569145,0.118240,-0.562533,0.127137,-0.552923,0.127137,-0.552923,0.103522,-0.040009,0.110631,-0.041733,0.117964,-0.047418,0.117964,-0.047418,0,-4.205740,0.117964,0.103297,-0.034399,-0.049066,-0.542533,-0.582533,0.311127,0.177360,-0.771343,1
1772477900,190773168,-1.000684,-2.571060,2.087391,0.056479,-0.556813,-1.827779,1,0.118353,-0.574780,0.127137,-0.552923,0.136292,-0.546447,0.136292,-0.546447,0.110483,-0.042439,0.117964,-0.047418,0.125297,-0.053629,0.125297,-0.053629,0,-4.126606,0.125297,0.110631,-0.040085,-0.054751,-0.532923,-0.572923,0.311127,0.190706,-0.764616,1
1772477900,240872767,-1.001505,-2.565604,2.059219,0.057722,-0.563167,-1.857482,1,0.127523,-0.532152,0.136292,-0.546447,0.145802,-0.528943,0.145802,-0.528943,0.118077,-0.048166,0.125297,-0.053629,0.132446,-0.060962,0.132446,-0.060962,0,-4.090386,0.132631,0.117964,-0.046295,-0.060962,-0.526447,-0.566447,0.311127,0.204438,-0.741660,1
1772477900,265943757,-1.002080,-2.561633,2.045071,0.055354,-0.566405,-1.871630,1,0.136796,-0.542567,0.145802,-0.528943,0.154906,-0.519325,0.154906,-0.519325,0.125456,-0.054535,0.132446,-0.060962,0.139779,-0.066765,0.139779,-0.066765,0,-3.941458,0.139779,0.125113,-0.053629,-0.068295,-0.508943,-0.548943,0.311127,0.218703,-0.733207,1
1772477900,290899865,-1.003017,-2.558437,2.030580,0.053899,-0.568967,-1.885867,1,0.146169,-0.524615,0.154906,-0.519325,0.163799,-0.510674,0.163799,-0.510674,0.132196,-0.062366,0.139779,-0.066765,0.147113,-0.072027,0.147113,-0.072027,0,-3.784922,0.147113,0.132446,-0.059432,-0.074099,-0.499325,-0.539325,0.311127,0.232359,-0.724423,1
1772477900,340954821,-1.004175,-2.551243,2.003575,0.051731,-0.568141,-1.908270,1,0.155223,-0.524200,0.163799,-0.510674,0.170782,-0.490674,0.170782,-0.490674,0.139535,-0.068000,0.147113,-0.072027,0.154446,-0.072889,0.154446,-0.072889,0,-3.468841,0.154446,0.139779,-0.064694,-0.079361,-0.490674,-0.530674,0.311127,0.245698,-0.704703,1
1772477900,366044170,-1.004001,-2.547926,1.990763,0.049295,-0.570401,-1.921083,1,0.163682,-0.514942,0.170782,-0.490674,0.178934,-0.486249,0.178934,-0.486249,0.146414,-0.073176,0.154446,-0.072889,0.161779,-0.076451,0.161779,-0.076451,0,-3.335708,0.161779,0.147113,-0.065556,-0.080223,-0.470674,-0.510674,0.311127,0.256173,-0.696144,1
1772477900,391135167,-1.004310,-2.544047,1.978149,0.046665,-0.573322,-1.933276,1,0.171529,-0.487933,0.178934,-0.486249,0.187429,-0.480616,0.187429,-0.480616,0.154596,-0.074313,0.161779,-0.076451,0.169113,-0.080811,0.169113,-0.080811,0,-3.212770,0.169113,0.154446,-0.069118,-0.083784,-0.466249,-0.506249,0.311127,0.268401,-0.688250,1
1772477900,441210599,-1.004135,-2.536482,1.953321,0.038621,-0.577362,-1.950824,1,0.179023,-0.490427,0.187429,-0.480616,0.194807,-0.467276,0.194807,-0.467276,0.161041,-0.078198,0.169113,-0.080811,0.176446,-0.082562,0.176446,-0.082562,0,-3.014944,0.176446,0.161779,-0.073477,-0.088144,-0.460616,-0.500616,0.311127,0.281143,-0.674367,1
1772477900,466244544,-1.002612,-2.531511,1.941774,0.034087,-0.579904,-1.962371,1,0.197343,-0.500064,0.194807,-0.467276,0.202666,-0.462106,0.202666,-0.462106,0.178301,-0.084575,0.176446,-0.082562,0.183779,-0.085431,0.183779,-0.085431,0,-2.885175,0.183779,0.169113,-0.075229,-0.089895,-0.447276,-0.487276,0.311127,0.292210,-0.666280,1
1772477900,491293677,-1.002193,-2.527115,1.929225,0.030201,-0.582734,-1.974877,1,0.195205,-0.472724,0.202666,-0.462106,0.210605,-0.454117,0.210605,-0.454117,0.176265,-0.083877,0.183779,-0.085431,0.191113,-0.088489,0.191113,-0.088489,0,-2.764272,0.191113,0.176446,-0.078098,-0.092765,-0.442106,-0.482106,0.311127,0.303999,-0.655497,1
1772477900,541384390,-1.002116,-2.517981,1.906233,0.015330,-0.588359,-1.997189,1,0.203583,-0.471188,0.210605,-0.454117,0.216594,-0.437010,0.216594,-0.437010,0.183979,-0.087165,0.191113,-0.088489,0.198446,-0.086787,0.198446,-0.086787,0,-2.536761,0.198446,0.183779,-0.081156,-0.095823,-0.434117,-0.474117,0.311127,0.315907,-0.637390,1
1772477900,566436478,-1.002515,-2.512715,1.894938,0.011984,-0.592444,-2.008484,1,0.215564,-0.457397,0.216594,-0.437010,0.224714,-0.434730,0.224714,-0.434730,0.195414,-0.091001,0.198446,-0.086787,0.205779,-0.090285,0.205779,-0.090285,0,-2.473307,0.205779,0.191113,-0.079454,-0.094120,-0.417010,-0.457010,0.311127,0.324891,-0.628529,1
1772477900,591509277,-1.001713,-2.507328,1.884260,0.007650,-0.595743,-2.019426,1,0.214851,-0.417419,0.224714,-0.434730,0.232204,-0.435418,0.232204,-0.435418,0.195933,-0.088154,0.205779,-0.090285,0.213113,-0.092205,0.213113,-0.092205,0,-2.406570,0.213113,0.198446,-0.082952,-0.097618,-0.414730,-0.454730,0.311127,0.330000,-0.618800,1
1772477900,641656500,-1.002067,-2.496621,1.862688,-0.000061,-0.603039,-2.044825,1,0.216456,-0.418883,0.232204,-0.435418,0.237979,-0.428840,0.237979,-0.428840,0.197509,-0.088564,0.213113,-0.092205,0.220000,-0.090741,0.220000,-0.090741,0,-2.310894,0.220000,0.205779,-0.084871,-0.099538,-0.415418,-0.455418,0.311127,0.330000,-0.594663,1
1772477900,666774833,-1.001071,-2.490474,1.851844,-0.005040,-0.606779,-2.055668,1,0.217137,-0.408385,0.237979,-0.428840,0.237192,-0.419627,0.237192,-0.419627,0.198743,-0.087462,0.220000,-0.090741,0.220000,-0.088656,0.220000,-0.088656,0,-2.265297,0.220000,0.212667,-0.083407,-0.098074,-0.408840,-0.448840,0.311127,0.330000,-0.583819,1
1772477900,691724836,-1.000104,-2.487127,1.841553,-0.008282,-0.608282,-2.065877,1,0.217561,-0.388489,0.237192,-0.419627,0.236163,-0.411222,0.236163,-0.411222,0.200638,-0.084127,0.220000,-0.088656,0.220000,-0.085867,0.220000,-0.085867,0,-2.203577,0.220000,0.212667,-0.081323,-0.095989,-0.399627,-0.439627,0.311127,0.330000,-0.574617,1
1772477900,741803253,-0.997199,-2.474955,1.822251,-0.021900,-0.611764,-2.084036,1,0.218047,-0.378732,0.236163,-0.411222,0.233621,-0.394579,0.233621,-0.394579,0.201707,-0.082818,0.220000,-0.085867,0.220000,-0.078605,0.220000,-0.078605,0,-2.039172,0.220000,0.212667,-0.078533,-0.093200,-0.391222,-0.431222,0.311127,0.330000,-0.557360,1
1772477900,766877639,-0.997071,-2.470356,1.812235,-0.025175,-0.614995,-2.094052,1,0.219532,-0.378313,0.233621,-0.394579,0.233117,-0.387420,0.233117,-0.387420,0.203973,-0.081175,0.220000,-0.078605,0.220000,-0.077095,0.220000,-0.077095,0,-2.004314,0.220000,0.212667,-0.071272,-0.085938,-0.374579,-0.414579,0.311127,0.330000,-0.548431,1
1772477900,792044603,-0.997451,-2.464849,1.803215,-0.028334,-0.619127,-2.103316,1,0.222132,-0.365388,0.233117,-0.387420,0.232896,-0.380514,0.232896,-0.380514,0.208729,-0.075990,0.220000,-0.077095,0.220000,-0.076424,0.220000,-0.076424,0,-1.988755,0.220000,0.212667,-0.069761,-0.084428,-0.367420,-0.407420,0.311127,0.330000,-0.539167,1
1772477900,842069844,-0.996243,-2.454914,1.785254,-0.031472,-0.624173,-2.124266,1,0.224574,-0.376395,0.232896,-0.380514,0.231954,-0.364940,0.231954,-0.364940,0.211520,-0.075451,0.220000,-0.076424,0.220000,-0.073502,0.220000,-0.073502,0,-1.920504,0.220000,0.212667,-0.069090,-0.083757,-0.360514,-0.400514,0.311127,0.330000,-0.519199,1
1772477900,867131509,-0.994867,-2.449261,1.776646,-0.036389,-0.627283,-2.132874,1,0.225649,-0.381451,0.231954,-0.364940,0.231386,-0.358011,0.231386,-0.358011,0.212722,-0.075279,0.220000,-0.073502,0.220000,-0.071690,0.220000,-0.071690,0,-1.877741,0.220000,0.212667,-0.066169,-0.080836,-0.344940,-0.384940,0.311127,0.330000,-0.510591,1
1772477900,892189169,-0.994651,-2.443267,1.767463,-0.040972,-0.631071,-2.141960,1,0.229085,-0.360072,0.231386,-0.358011,0.230970,-0.351507,0.230970,-0.351507,0.217014,-0.073382,0.220000,-0.071690,0.220000,-0.070337,0.220000,-0.070337,0,-1.845635,0.220000,0.212667,-0.064356,-0.079023,-0.338011,-0.378011,0.311127,0.330000,-0.502218,1
1772477900,942302506,-0.994503,-2.433290,1.749112,-0.051317,-0.633454,-2.159087,1,0.230669,-0.343935,0.230970,-0.351507,0.229149,-0.337455,0.229149,-0.337455,0.219332,-0.071425,0.220000,-0.070337,0.220000,-0.064105,0.220000,-0.064105,0,-1.695459,0.220000,0.212667,-0.063004,-0.077671,-0.331507,-0.371507,0.311127,0.330000,-0.485971,1
1772477900,967365173,-0.992969,-2.427001,1.740293,-0.056785,-0.636919,-2.167906,1,0.230678,-0.357489,0.229149,-0.337455,0.228659,-0.331227,0.228659,-0.331227,0.219302,-0.071547,0.220000,-0.064105,0.220000,-0.062329,0.220000,-0.062329,0,-1.652020,0.220000,0.212667,-0.056771,-0.071438,-0.317455,-0.357455,0.311127,0.330000,-0.478026,1
1772477900,992408554,-0.992330,-2.421682,1.731705,-0.061102,-0.639869,-2.176446,1,0.229481,-0.332542,0.228659,-0.331227,0.228220,-0.324685,0.228220,-0.324685,0.220036,-0.065158,0.220000,-0.062329,0.220000,-0.060698,0.220000,-0.060698,0,-1.611909,0.220000,0.212667,-0.054995,-0.069662,-0.311227,-0.351227,0.311127,0.330000,-0.469486,1
1772477901,42558853,-0.992007,-2.411376,1.713726,-0.070474,-0.641856,-2.193856,1,0.227994,-0.307570,0.228220,-0.324685,0.226682,-0.310972,0.226682,-0.310972,0.219700,-0.060935,0.220000,-0.060698,0.220000,-0.054634,0.220000,-0.054634,0,-1.460704,0.220000,0.212667,-0.053365,-0.068032,-0.304685,-0.344685,0.311127,0.330000,-0.452707,1
1772477901,67598698,-0.991411,-2.405837,1.705949,-0.074743,-0.645434,-2.201633,1,0.228892,-0.306905,0.226682,-0.310972,0.226442,-0.305775,0.226442,-0.305775,0.220522,-0.061331,0.220000,-0.054634,0.220000,-0.053629,0.220000,-0.053629,0,-1.435347,0.220000,0.212667,-0.047301,-0.061967,-0.290972,-0.330972,0.311127,0.330000,-0.445614,1
1772477901,92767924,-0.989400,-2.398601,1.698859,-0.080725,-0.649387,-2.208205,1,0.226663,-0.295527,0.226442,-0.305775,0.226191,-0.300931,0.226191,-0.300931,0.219922,-0.054867,0.220000,-0.053629,0.220000,-0.052559,0.220000,-0.052559,0,-1.408284,0.220000,0.212667,-0.046295,-0.060962,-0.285775,-0.325775,0.311127,0.330000,-0.439041,1
1772477901,142848537,-0.989595,-2.387617,1.682967,-0.083151,-0.658884,-2.218710,1,0.226506,-0.304077,0.226191,-0.300931,0.226844,-0.295082,0.226844,-0.295082,0.220221,-0.052986,0.220000,-0.052559,0.220000,-0.055303,0.220000,-0.055303,0,-1.477524,0.220000,0.212667,-0.045226,-0.059893,-0.280931,-0.320931,0.311127,0.330000,-0.429268,1
1772477901,167881576,-0.989082,-2.383123,1.675078,-0.086619,-0.661786,-2.226600,1,0.226560,-0.297480,0.226844,-0.295082,0.226558,-0.289684,0.226558,-0.289684,0.220187,-0.053355,0.220000,-0.055303,0.220000,-0.054117,0.220000,-0.054117,0,-1.447671,0.220000,0.212667,-0.047969,-0.062636,-0.275082,-0.315082,0.311127,0.330000,-0.421948,1
1772477901,193020095,-0.987062,-2.376101,1.667800,-0.093022,-0.664902,-2.233777,1,0.226459,-0.285154,0.226558,-0.289684,0.226117,-0.284202,0.226117,-0.284202,0.219485,-0.055766,0.220000,-0.054117,0.220000,-0.052239,0.220000,-0.052239,0,-1.400159,0.220000,0.212667,-0.046784,-0.061450,-0.269684,-0.309684,0.311127,0.330000,-0.414770,1
1772477901,243044116,-0.987035,-2.366102,1.653643,-0.100951,-0.666225,-2.246915,1,0.226201,-0.277169,0.226117,-0.284202,0.225039,-0.274246,0.225039,-0.274246,0.220056,-0.052366,0.220000,-0.052239,0.220000,-0.047356,0.220000,-0.047356,0,-1.275374,0.220000,0.212667,-0.044906,-0.059572,-0.264202,-0.304202,0.311127,0.330000,-0.402157,1
1772477901,268178620,-0.985661,-2.360620,1.647496,-0.105721,-0.669257,-2.253062,1,0.226018,-0.301321,0.225039,-0.274246,0.224807,-0.270183,0.224807,-0.270183,0.219798,-0.052657,0.220000,-0.047356,0.220000,-0.046238,0.220000,-0.046238,0,-1.246548,0.220000,0.212667,-0.040023,-0.054690,-0.254246,-0.294246,0.311127,0.330000,-0.396610,1
1772477901,293208576,-0.985610,-2.354884,1.640372,-0.109308,-0.673311,-2.260412,1,0.225456,-0.285508,0.224807,-0.270183,0.224733,-0.265089,0.224733,-0.265089,0.220407,-0.047448,0.220000,-0.046238,0.220000,-0.045880,0.220000,-0.045880,0,-1.237299,0.220000,0.212667,-0.038905,-0.053572,-0.250183,-0.290183,0.311127,0.330000,-0.389259,1
1772477901,343411410,-0.984305,-2.343997,1.625670,-0.113848,-0.679582,-2.277341,1,0.224676,-0.261294,0.224733,-0.265089,0.224433,-0.253555,0.224433,-0.253555,0.219953,-0.045821,0.220000,-0.045880,0.220000,-0.044389,0.220000,-0.044389,0,-1.198675,0.220000,0.212667,-0.038547,-0.053214,-0.245089,-0.285089,0.311127,0.330000,-0.372820,1
1772477901,368471739,-0.983796,-2.338800,1.619461,-0.117802,-0.682993,-2.283550,1,0.224514,-0.260991,0.224433,-0.253555,0.224312,-0.249468,0.224312,-0.249468,0.219722,-0.046141,0.220000,-0.044389,0.220000,-0.043771,0.220000,-0.043771,0,-1.182622,0.220000,0.212667,-0.037055,-0.051722,-0.233555,-0.273555,0.311127,0.330000,-0.367008,1
1772477901,393450432,-0.982618,-2.333551,1.613430,-0.122403,-0.686203,-2.289485,1,0.224731,-0.254760,0.224312,-0.249468,0.224139,-0.245245,0.224139,-0.245245,0.220216,-0.044824,0.220000,-0.043771,0.220000,-0.042878,0.220000,-0.042878,0,-1.159393,0.220000,0.212667,-0.036437,-0.051104,-0.229468,-0.269468,0.311127,0.330000,-0.361074,1
1772477901,443615994,-0.980873,-2.321570,1.601250,-0.133168,-0.695864,-2.300724,1,0.223696,-0.239169,0.224139,-0.245245,0.224111,-0.238173,0.224111,-0.238173,0.219517,-0.043037,0.220000,-0.042878,0.220000,-0.042729,0.220000,-0.042729,0,-1.155514,0.220000,0.212667,-0.035545,-0.050211,-0.225245,-0.265245,0.311127,0.330000,-0.350706,1
1772477901,468641038,-0.980507,-2.316550,1.594161,-0.136892,-0.699248,-2.307813,1,0.224349,-0.247537,0.224111,-0.238173,0.223968,-0.233210,0.223968,-0.233210,0.220094,-0.043489,0.220000,-0.042729,0.220000,-0.041974,0.220000,-0.041974,0,-1.135831,0.220000,0.212667,-0.035396,-0.050062,-0.218173,-0.258173,0.311127,0.330000,-0.343617,1
1772477901,493743332,-0.979449,-2.310605,1.587517,-0.141756,-0.702827,-2.314457,1,0.224525,-0.235727,0.223968,-0.233210,0.223800,-0.228726,0.223800,-0.228726,0.220295,-0.043373,0.220000,-0.041974,0.220000,-0.041066,0.220000,-0.041066,0,-1.112099,0.220000,0.212667,-0.034641,-0.049308,-0.213210,-0.253210,0.311127,0.330000,-0.337263,1
1772477901,543867810,-0.976686,-2.298202,1.575629,-0.153605,-0.712863,-2.324608,1,0.223516,-0.222598,0.223800,-0.228726,0.223796,-0.222281,0.223796,-0.222281,0.219750,-0.040856,0.220000,-0.041066,0.220000,-0.041045,0.220000,-0.041045,0,-1.111527,0.220000,0.212667,-0.033733,-0.048400,-0.208726,-0.248726,0.311127,0.330000,-0.327766,1
1772477901,568921249,-0.978165,-2.293498,1.569564,-0.155768,-0.717296,-2.330674,1,0.223932,-0.225164,0.223796,-0.222281,0.223914,-0.218282,0.223914,-0.218282,0.220131,-0.041083,0.220000,-0.041045,0.220000,-0.041681,0.220000,-0.041681,0,-1.128170,0.220000,0.212667,-0.033711,-0.048378,-0.202281,-0.242281,0.311127,0.330000,-0.321700,1
1772477901,594046450,-0.975056,-2.287198,1.563920,-0.162358,-0.719729,-2.336317,1,0.223871,-0.222012,0.223914,-0.218282,0.223560,-0.214248,0.223560,-0.214248,0.219920,-0.041876,0.220000,-0.041681,0.220000,-0.039737,0.220000,-0.039737,0,-1.077239,0.220000,0.212667,-0.034348,-0.049014,-0.198282,-0.238282,0.311127,0.330000,-0.316254,1
1772477901,644152596,-0.974105,-2.275799,1.552227,-0.170944,-0.727369,-2.348635,1,0.223611,-0.210040,0.223560,-0.214248,0.223399,-0.205917,0.223399,-0.205917,0.219992,-0.040067,0.220000,-0.039737,0.220000,-0.038822,0.220000,-0.038822,0,-1.053198,0.220000,0.212667,-0.032403,-0.047070,-0.194248,-0.234248,0.311127,0.330000,-0.304176,1
1772477901,669241534,-0.973034,-2.272223,1.547627,-0.174723,-0.729414,-2.358893,1,0.223293,-0.217896,0.223399,-0.205917,0.223011,-0.198627,0.223011,-0.198627,0.219684,-0.039986,0.220000,-0.038822,0.220000,-0.036520,0.220000,-0.036520,0,-0.992480,0.220000,0.212667,-0.031488,-0.046155,-0.185917,-0.225917,0.311127,0.330000,-0.293918,1
1772477901,694297972,-0.971932,-2.265415,1.542091,-0.180233,-0.733563,-2.364429,1,0.222772,-0.182826,0.223011,-0.198627,0.222928,-0.194946,0.222928,-0.194946,0.219858,-0.035914,0.220000,-0.036520,0.220000,-0.036012,0.220000,-0.036012,0,-0.979045,0.220000,0.212667,-0.029187,-0.043853,-0.178627,-0.218627,0.311127,0.330000,-0.288579,1
1772477901,744504591,-0.968483,-2.254797,1.531959,-0.190074,-0.738835,-2.374561,1,0.223101,-0.195077,0.222928,-0.194946,0.222574,-0.187880,0.222574,-0.187880,0.220088,-0.036546,0.220000,-0.036012,0.220000,-0.033752,0.220000,-0.033752,0,-0.919055,0.220000,0.212667,-0.028679,-0.043346,-0.174946,-0.214946,0.311127,0.330000,-0.278561,1
1772477901,769549439,-0.967451,-2.248282,1.526723,-0.195330,-0.742821,-2.379797,1,0.222985,-0.189819,0.222574,-0.187880,0.222506,-0.184379,0.222506,-0.184379,0.220059,-0.036003,0.220000,-0.033752,0.220000,-0.033298,0.220000,-0.033298,0,-0.906961,0.220000,0.212667,-0.026419,-0.041085,-0.167880,-0.207880,0.311127,0.330000,-0.273454,1
1772477901,794589099,-0.966463,-2.242986,1.521350,-0.199661,-0.745955,-2.385410,1,0.222101,-0.180141,0.222506,-0.184379,0.222394,-0.180503,0.222394,-0.180503,0.219600,-0.033237,0.220000,-0.033298,0.220000,-0.032540,0.220000,-0.032540,0,-0.886781,0.220000,0.212667,-0.025964,-0.040631,-0.164379,-0.204379,0.311127,0.330000,-0.267841,1
1772477901,844793727,-0.963739,-2.232302,1.512264,-0.208610,-0.751742,-2.396612,1,0.222405,-0.172144,0.222394,-0.180503,0.222125,-0.172831,0.222125,-0.172831,0.220068,-0.032160,0.220000,-0.032540,0.220000,-0.030651,0.220000,-0.030651,0,-0.836291,0.220000,0.212667,-0.025207,-0.039874,-0.160503,-0.200503,0.311127,0.330000,-0.256766,1
1772477901,869814503,-0.962120,-2.226169,1.507940,-0.214033,-0.755033,-2.400936,1,0.222073,-0.184784,0.222125,-0.172831,0.222026,-0.169845,0.222026,-0.169845,0.219645,-0.032747,0.220000,-0.030651,0.220000,-0.029929,0.220000,-0.029929,0,-0.816974,0.220000,0.212667,-0.023317,-0.037984,-0.152831,-0.192831,0.311127,0.330000,-0.252442,1
1772477901,894880729,-0.960893,-2.220960,1.503402,-0.218533,-0.757931,-2.405474,1,0.222138,-0.169003,0.222026,-0.169845,0.221932,-0.166733,0.221932,-0.166733,0.220056,-0.030341,0.220000,-0.029929,0.220000,-0.029219,0.220000,-0.029219,0,-0.797935,0.220000,0.212667,-0.022596,-0.037263,-0.149845,-0.189845,0.311127,0.330000,-0.247923,1
1772477901,945026061,-0.959217,-2.209625,1.494345,-0.227771,-0.765097,-2.414412,1,0.222540,-0.167279,0.221932,-0.166733,0.221849,-0.160649,0.221849,-0.160649,0.220592,-0.029379,0.220000,-0.029219,0.220000,-0.028581,0.220000,-0.028581,0,-0.780798,0.220000,0.212667,-0.021886,-0.036553,-0.146733,-0.186733,0.311127,0.330000,-0.238966,1
1772477901,970098766,-0.957342,-2.204408,1.490177,-0.234079,-0.768958,-2.417615,1,0.222048,-0.167608,0.221849,-0.160649,0.221796,-0.158433,0.221796,-0.158433,0.220060,-0.029646,0.220000,-0.028581,0.220000,-0.028172,0.220000,-0.028172,0,-0.769814,0.220000,0.212667,-0.021248,-0.035914,-0.140649,-0.180649,0.311127,0.330000,-0.235725,1
1772477901,995186744,-0.957068,-2.198244,1.485250,-0.238551,-0.773209,-2.422542,1,0.221954,-0.162882,0.221796,-0.158433,0.221800,-0.155125,0.221800,-0.155125,0.220086,-0.028731,0.220000,-0.028172,0.220000,-0.028200,0.220000,-0.028200,0,-0.770554,0.220000,0.212667,-0.020839,-0.035506,-0.138433,-0.178433,0.311127,0.330000,-0.230798,1
1772477902,45343238,-0.954914,-2.187226,1.477047,-0.247743,-0.779654,-2.430746,1,0.221809,-0.156086,0.221800,-0.155125,0.221688,-0.149389,0.221688,-0.149389,0.219978,-0.028447,0.220000,-0.028200,0.220000,-0.027306,0.220000,-0.027306,0,-0.746495,0.220000,0.212667,-0.020867,-0.035533,-0.135125,-0.175125,0.311127,0.330000,-0.222377,1
1772477902,70394275,-0.951682,-2.183592,1.473290,-0.252591,-0.780032,-2.434502,1,0.221702,-0.158381,0.221688,-0.149389,0.221433,-0.146696,0.221433,-0.146696,0.219918,-0.028071,0.220000,-0.027306,0.220000,-0.025148,0.220000,-0.025148,0,-0.688302,0.220000,0.212667,-0.019972,-0.034639,-0.129389,-0.169389,0.311127,0.330000,-0.218620,1
1772477902,95486639,-0.951247,-2.178032,1.469081,-0.256761,-0.783737,-2.438712,1,0.221610,-0.156586,0.221433,-0.146696,0.221428,-0.143791,0.221428,-0.143791,0.219894,-0.027529,0.220000,-0.025148,0.220000,-0.025103,0.220000,-0.025103,0,-0.687074,0.220000,0.212667,-0.017815,-0.032481,-0.126696,-0.166696,0.311127,0.330000,-0.214296,1
1772477902,145704580,-0.948963,-2.167291,1.461520,-0.261757,-0.793036,-2.447916,1,0.221073,-0.147556,0.221428,-0.143791,0.221655,-0.137625,0.221655,-0.137625,0.219624,-0.025269,0.220000,-0.025103,0.220000,-0.027033,0.220000,-0.027033,0,-0.739141,0.220000,0.212667,-0.017769,-0.032436,-0.123791,-0.163791,0.311127,0.330000,-0.204896,1
1772477902,170671253,-0.948474,-2.161869,1.457640,-0.265874,-0.796598,-2.451795,1,0.221365,-0.143065,0.221655,-0.137625,0.221649,-0.135015,0.221649,-0.135015,0.219969,-0.024824,0.220000,-0.027033,0.220000,-0.026989,0.220000,-0.026989,0,-0.737967,0.220000,0.212667,-0.019699,-0.034366,-0.117625,-0.157625,0.311127,0.330000,-0.201016,1
1772477902,195863450,-0.945861,-2.156020,1.453058,-0.271817,-0.798991,-2.456377,1,0.221953,-0.153494,0.221649,-0.135015,0.221474,-0.131672,0.221474,-0.131672,0.220225,-0.027639,0.220000,-0.026989,0.220000,-0.025507,0.220000,-0.025507,0,-0.697998,0.220000,0.212667,-0.019656,-0.034322,-0.115015,-0.155015,0.311127,0.330000,-0.196194,1
1772477902,245928327,-0.944728,-2.144904,1.444252,-0.280352,-0.806200,-2.465184,1,0.222380,-0.134558,0.221474,-0.131672,0.221432,-0.125606,0.221432,-0.125606,0.220668,-0.027542,0.220000,-0.025507,0.220000,-0.025140,0.220000,-0.025140,0,-0.688080,0.220000,0.212667,-0.018174,-0.032840,-0.111672,-0.151672,0.311127,0.330000,-0.187190,1
1772477902,271140092,-0.943162,-2.139630,1.440935,-0.285142,-0.808907,-2.468500,1,0.221864,-0.129357,0.221432,-0.125606,0.221359,-0.123340,0.221359,-0.123340,0.220395,-0.025493,0.220000,-0.025140,0.220000,-0.024494,0.220000,-0.024494,0,-0.670635,0.220000,0.212667,-0.017807,-0.032473,-0.105606,-0.145606,0.311127,0.330000,-0.183874,1
1772477902,296080618,-0.941173,-2.134783,1.437968,-0.289831,-0.811259,-2.471994,1,0.222014,-0.123973,0.221359,-0.123340,0.221265,-0.120744,0.221265,-0.120744,0.220555,-0.025410,0.220000,-0.024494,0.220000,-0.023630,0.220000,-0.023630,0,-0.647253,0.220000,0.212667,-0.017161,-0.031828,-0.103340,-0.143340,0.311127,0.330000,-0.180081,1
1772477902,321276156,-0.939434,-2.129093,1.435011,-0.294232,-0.816034,-2.479021,1,0.221581,-0.127594,0.221265,-0.120744,0.221253,-0.115788,0.221253,-0.115788,0.220183,-0.024850,0.220000,-0.023630,0.220000,-0.023517,0.220000,-0.023517,0,-0.644176,0.220000,0.212667,-0.016297,-0.030964,-0.100744,-0.140744,0.311127,0.330000,-0.172699,1
1772477902,371471947,-0.937053,-2.117625,1.428504,-0.303941,-0.822586,-2.485528,1,0.221301,-0.127093,0.221253,-0.115788,0.221188,-0.111198,0.221188,-0.111198,0.220029,-0.023697,0.220000,-0.023517,0.220000,-0.022890,0.220000,-0.022890,0,-0.627183,0.220000,0.212667,-0.016183,-0.030850,-0.095788,-0.135788,0.311127,0.330000,-0.165902,1
1772477902,396418533,-0.935152,-2.113145,1.425050,-0.308428,-0.824468,-2.488982,1,0.221377,-0.116705,0.221188,-0.111198,0.221079,-0.108830,0.221079,-0.108830,0.220136,-0.023414,0.220000,-0.022890,0.220000,-0.021817,0.220000,-0.021817,0,-0.598090,0.220000,0.212667,-0.015556,-0.030223,-0.091198,-0.131198,0.311127,0.330000,-0.162448,1
1772477902,446638642,-0.932732,-2.102693,1.417675,-0.317457,-0.830265,-2.496358,1,0.221094,-0.113641,0.221079,-0.108830,0.220977,-0.103574,0.220977,-0.103574,0.219943,-0.022528,0.220000,-0.021817,0.220000,-0.020761,0.220000,-0.020761,0,-0.569411,0.220000,0.212667,-0.014484,-0.029151,-0.088830,-0.128830,0.311127,0.330000,-0.154674,1
1772477902,471719241,-0.931376,-2.097431,1.414571,-0.322099,-0.833087,-2.499462,1,0.220579,-0.103086,0.220977,-0.103574,0.220932,-0.101158,0.220932,-0.101158,0.219509,-0.021695,0.220000,-0.020761,0.220000,-0.020275,0.220000,-0.020275,0,-0.556191,0.220000,0.212667,-0.013428,-0.028095,-0.083574,-0.123574,0.311127,0.330000,-0.151097,1
1772477902,496830606,-0.930165,-2.092481,1.411557,-0.326436,-0.835467,-2.502422,1,0.220872,-0.096612,0.220932,-0.101158,0.220876,-0.098885,0.220876,-0.098885,0.219852,-0.021210,0.220000,-0.020275,0.220000,-0.019655,0.220000,-0.019655,0,-0.539321,0.220000,0.212667,-0.012942,-0.027609,-0.081158,-0.121158,0.311127,0.330000,-0.147739,1
1772477902,521772648,-0.928159,-2.086053,1.408162,-0.332460,-0.836393,-2.505433,1,0.221451,-0.103807,0.220876,-0.098885,0.220705,-0.096794,0.220705,-0.096794,0.220446,-0.021069,0.220000,-0.019655,0.220000,-0.017626,0.220000,-0.017626,0,-0.484011,0.220000,0.212667,-0.012322,-0.026989,-0.078885,-0.118885,0.311127,0.330000,-0.144728,1
1772477902,571974575,-0.925652,-2.074186,1.401767,-0.342534,-0.843147,-2.511828,1,0.221246,-0.097142,0.220705,-0.096794,0.220657,-0.092170,0.220657,-0.092170,0.220347,-0.019920,0.220000,-0.017626,0.220000,-0.017017,0.220000,-0.017017,0,-0.467382,0.220000,0.212667,-0.010293,-0.024959,-0.076794,-0.116794,0.311127,0.330000,-0.137843,1
1772477902,597012321,-0.924552,-2.071134,1.398825,-0.345451,-0.844567,-2.514770,1,0.220373,-0.094283,0.220657,-0.092170,0.220602,-0.089780,0.220602,-0.089780,0.219690,-0.017335,0.220000,-0.017017,0.220000,-0.016281,0.220000,-0.016281,0,-0.447284,0.220000,0.212667,-0.009683,-0.024350,-0.072170,-0.112170,0.311127,0.330000,-0.134303,1
1772477902,622202680,-0.922114,-2.066179,1.396397,-0.350655,-0.846417,-2.517198,1,0.220002,-0.089013,0.220602,-0.089780,0.220524,-0.088126,0.220524,-0.088126,0.219356,-0.016843,0.220000,-0.016281,0.220000,-0.015188,0.220000,-0.015188,0,-0.417400,0.220000,0.212667,-0.008947,-0.023614,-0.069780,-0.109780,0.311127,0.330000,-0.131875,1
1772477902,672354384,-0.919360,-2.052481,1.390863,-0.362184,-0.854310,-2.522731,1,0.221386,-0.096285,0.220524,-0.088126,0.220509,-0.083691,0.220509,-0.083691,0.220735,-0.016959,0.220000,-0.015188,0.220000,-0.014971,0.220000,-0.014971,0,-0.411478,0.220000,0.212667,-0.007854,-0.022521,-0.068126,-0.108126,0.311127,0.330000,-0.125247,1
1772477902,697341330,-0.917463,-2.048092,1.388263,-0.366604,-0.856132,-2.525331,1,0.220552,-0.090646,0.220509,-0.083691,0.220449,-0.081931,0.220449,-0.081931,0.220018,-0.015346,0.220000,-0.014971,0.220000,-0.014069,0.220000,-0.014069,0,-0.386785,0.220000,0.212667,-0.007638,-0.022305,-0.063691,-0.103691,0.311127,0.330000,-0.122647,1
1772477902,747474665,-0.914561,-2.036740,1.382513,-0.376654,-0.860052,-2.527347,1,0.220450,-0.081827,0.220449,-0.081931,0.220369,-0.080067,0.220369,-0.080067,0.219905,-0.015495,0.220000,-0.014069,0.220000,-0.012745,0.220000,-0.012745,0,-0.350521,0.220000,0.212667,-0.006736,-0.021402,-0.061931,-0.101931,0.311127,0.330000,-0.119900,1
1772477902,772651341,-0.913483,-2.031014,1.379581,-0.381408,-0.863421,-2.530279,1,0.220229,-0.078428,0.220369,-0.080067,0.220359,-0.077649,0.220359,-0.077649,0.219784,-0.013984,0.220000,-0.012745,0.220000,-0.012573,0.220000,-0.012573,0,-0.345799,0.220000,0.212667,-0.005412,-0.020079,-0.060067,-0.100067,0.311127,0.330000,-0.116284,1
1772477902,797636596,-0.912802,-2.025850,1.376654,-0.385486,-0.866661,-2.533206,1,0.220174,-0.076629,0.220359,-0.077649,0.220357,-0.075694,0.220357,-0.075694,0.219795,-0.012913,0.220000,-0.012573,0.220000,-0.012540,0.220000,-0.012540,0,-0.344901,0.220000,0.212667,-0.005240,-0.019906,-0.057649,-0.097649,0.311127,0.330000,-0.113357,1
1772477902,822685986,-0.910830,-2.021116,1.374599,-0.390194,-0.868696,-2.535261,1,0.220629,-0.079027,0.220357,-0.075694,0.220316,-0.073887,0.220316,-0.073887,0.220261,-0.012741,0.220000,-0.012540,0.220000,-0.011787,0.220000,-0.011787,0,-0.324254,0.220000,0.212667,-0.005207,-0.019874,-0.055694,-0.095694,0.311127,0.330000,-0.110671,1
1772477902,873044729,-0.908344,-2.009945,1.369812,-0.399744,-0.875001,-2.540048,1,0.219981,-0.085640,0.220316,-0.073887,0.220295,-0.070101,0.220295,-0.070101,0.219608,-0.012792,0.220000,-0.011787,0.220000,-0.011404,0.220000,-0.011404,0,-0.313727,0.220000,0.212667,-0.004454,-0.019121,-0.053887,-0.093887,0.311127,0.330000,-0.105010,1
1772477902,898033416,-0.906763,-2.005324,1.367711,-0.404093,-0.877225,-2.542149,1,0.220426,-0.079791,0.220295,-0.070101,0.220268,-0.068102,0.220268,-0.068102,0.220099,-0.012009,0.220000,-0.011404,0.220000,-0.010864,0.220000,-0.010864,0,-0.298911,0.220000,0.212667,-0.004070,-0.018737,-0.050101,-0.090101,0.311127,0.330000,-0.102028,1
1772477902,923019355,-0.905465,-1.999597,1.365102,-0.409006,-0.880442,-2.544758,1,0.220293,-0.068257,0.220268,-0.068102,0.220256,-0.066357,0.220256,-0.066357,0.220012,-0.011113,0.220000,-0.010864,0.220000,-0.010612,0.220000,-0.010612,0,-0.292012,0.220000,0.212667,-0.003530,-0.018197,-0.048102,-0.088102,0.311127,0.330000,-0.099419,1
1772477902,973224301,-0.903523,-1.988377,1.360824,-0.420704,-0.890923,-2.548235,1,0.220918,-0.065361,0.220256,-0.066357,0.220342,-0.062929,0.220342,-0.062929,0.220637,-0.011134,0.220000,-0.010612,0.220000,-0.012270,0.220000,-0.012270,0,-0.337494,0.220000,0.212667,-0.003279,-0.017946,-0.046357,-0.086357,0.311127,0.330000,-0.094248,1
1772477902,998216480,-0.901734,-1.982766,1.358631,-0.425887,-0.893719,-2.550429,1,0.220208,-0.059111,0.220342,-0.062929,0.220315,-0.061457,0.220315,-0.061457,0.219973,-0.010164,0.220000,-0.012270,0.220000,-0.011771,0.220000,-0.011771,0,-0.323810,0.220000,0.212667,-0.004937,-0.019603,-0.042929,-0.082929,0.311127,0.330000,-0.092054,1
1772477903,23407176,-0.901492,-1.978134,1.356983,-0.429277,-0.896885,-2.552076,1,0.220678,-0.068230,0.220315,-0.061457,0.220337,-0.059638,0.220337,-0.059638,0.220321,-0.012560,0.220000,-0.011771,0.220000,-0.012180,0.220000,-0.012180,0,-0.335034,0.220000,0.212667,-0.004438,-0.019104,-0.041457,-0.081457,0.311127,0.330000,-0.089320,1
1772477903,73677229,-0.898086,-1.967222,1.354524,-0.439305,-0.902373,-2.554535,1,0.221197,-0.059603,0.220337,-0.059638,0.220308,-0.057386,0.220308,-0.057386,0.220899,-0.011481,0.220000,-0.012180,0.220000,-0.011642,0.220000,-0.011642,0,-0.320279,0.220000,0.212667,-0.004847,-0.019514,-0.039638,-0.079638,0.311127,0.330000,-0.085959,1
1772477903,98571468,-0.896777,-1.961024,1.352454,-0.444550,-0.905925,-2.556605,1,0.220020,-0.058637,0.220308,-0.057386,0.220305,-0.055331,0.220305,-0.055331,0.219678,-0.012267,0.220000,-0.011642,0.220000,-0.011584,0.220000,-0.011584,0,-0.318680,0.220000,0.212667,-0.004309,-0.018976,-0.037386,-0.077386,0.311127,0.330000,-0.082882,1
1772477903,123678117,-0.895349,-1.956290,1.351161,-0.448864,-0.908340,-2.557898,1,0.219929,-0.057580,0.220305,-0.055331,0.220291,-0.054465,0.220291,-0.054465,0.219606,-0.011914,0.220000,-0.011584,0.220000,-0.011328,0.220000,-0.011328,0,-0.311661,0.220000,0.212667,-0.004251,-0.018917,-0.035331,-0.075331,0.311127,0.330000,-0.081589,1
1772477903,173838596,-0.892621,-1.944810,1.347874,-0.458798,-0.914708,-2.561185,1,0.220909,-0.053297,0.220291,-0.054465,0.220282,-0.051426,0.220282,-0.051426,0.220596,-0.011753,0.220000,-0.011328,0.220000,-0.011136,0.220000,-0.011136,0,-0.306387,0.220000,0.212667,-0.003995,-0.018662,-0.034465,-0.074465,0.311127,0.330000,-0.077040,1
1772477903,198944443,-0.891059,-1.939356,1.346471,-0.464413,-0.916948,-2.562041,1,0.220087,-0.051922,0.220282,-0.051426,0.220248,-0.050038,0.220248,-0.050038,0.219779,-0.011648,0.220000,-0.011136,0.220000,-0.010446,0.220000,-0.010446,0,-0.287449,0.220000,0.212667,-0.003803,-0.018469,-0.031426,-0.071426,0.311127,0.330000,-0.074973,1
1772477903,223976052,-0.889779,-1.933996,1.345339,-0.474073,-0.915655,-2.559270,1,0.220633,-0.051413,0.220248,-0.050038,0.220117,-0.051147,0.220117,-0.051147,0.220335,-0.011463,0.220000,-0.010446,0.220000,-0.007180,0.220000,-0.007180,0,-0.197684,0.220000,0.212667,-0.003113,-0.017779,-0.030038,-0.070038,0.311127,0.330000,-0.076680,1
1772477903,274137493,-0.886719,-1.923395,1.342695,-0.483612,-0.921203,-2.561914,1,0.220718,-0.053727,0.220117,-0.051147,0.220104,-0.048467,0.220104,-0.048467,0.220448,-0.010933,0.220000,-0.007180,0.220000,-0.006754,0.220000,-0.006754,0,-0.185979,0.220000,0.212667,0.000154,-0.014513,-0.031147,-0.071147,0.311127,0.330000,-0.072666,1
1772477903,299221702,-0.885064,-1.918201,1.340880,-0.488397,-0.923813,-2.563728,1,0.219987,-0.053625,0.220104,-0.048467,0.220091,-0.046231,0.220091,-0.046231,0.219869,-0.007214,0.220000,-0.006754,0.220000,-0.006329,0.220000,-0.006329,0,-0.174283,0.220000,0.212667,0.000579,-0.014088,-0.028467,-0.068467,0.311127,0.330000,-0.069318,1
1772477903,324342370,-0.884032,-1.912288,1.339040,-0.493230,-0.927373,-2.565568,1,0.221100,-0.051590,0.220091,-0.046231,0.220094,-0.045005,0.220094,-0.045005,0.220980,-0.007278,0.220000,-0.006329,0.220000,-0.006432,0.220000,-0.006432,0,-0.177114,0.220000,0.212667,0.001004,-0.013662,-0.026231,-0.066231,0.311127,0.330000,-0.067478,1
1772477903,374460609,-0.879852,-1.902835,1.335706,-0.502783,-0.931316,-2.568903,1,0.220127,-0.038893,0.220094,-0.045005,0.220054,-0.041873,0.220054,-0.041873,0.220048,-0.005894,0.220000,-0.006432,0.220000,-0.004890,0.220000,-0.004890,0,-0.134670,0.220000,0.212667,0.000901,-0.013765,-0.025005,-0.065005,0.311127,0.330000,-0.062794,1
1772477903,399469048,-0.879674,-1.896909,1.333436,-0.507008,-0.935477,-2.571173,1,0.220259,-0.040910,0.220054,-0.041873,0.220067,-0.039480,0.220067,-0.039480,0.220169,-0.006272,0.220000,-0.004890,0.220000,-0.005437,0.220000,-0.005437,0,-0.149746,0.220000,0.212667,0.002444,-0.012223,-0.021873,-0.061873,0.311127,0.330000,-0.059201,1
1772477903,424544575,-0.878044,-1.892489,1.332547,-0.511241,-0.937544,-2.572062,1,0.220169,-0.041142,0.220067,-0.039480,0.220058,-0.038885,0.220058,-0.038885,0.220114,-0.004946,0.220000,-0.005437,0.220000,-0.005065,0.220000,-0.005065,0,-0.139502,0.220000,0.212667,0.001896,-0.012771,-0.019480,-0.059480,0.311127,0.330000,-0.058312,1
1772477903,474649497,-0.875290,-1.880357,1.329710,-0.524205,-0.946321,-2.573388,1,0.219946,-0.038579,0.220058,-0.038885,0.220072,-0.035619,0.220072,-0.035619,0.219880,-0.005353,0.220000,-0.005065,0.220000,-0.005638,0.220000,-0.005638,0,-0.155257,0.220000,0.212667,0.002268,-0.012399,-0.018885,-0.058885,0.311127,0.330000,-0.053411,1
1772477903,499751723,-0.874253,-1.874590,1.328423,-0.528936,-0.949780,-2.574676,1,0.220182,-0.036183,0.220072,-0.035619,0.220077,-0.033689,0.220077,-0.033689,0.220126,-0.004986,0.220000,-0.005638,0.220000,-0.005812,0.220000,-0.005812,0,-0.160051,0.220000,0.212667,0.001696,-0.012971,-0.015619,-0.055619,0.311127,0.330000,-0.050516,1
1772477903,524817264,-0.872743,-1.870312,1.327148,-0.532981,-0.951834,-2.575950,1,0.220431,-0.039212,0.220077,-0.033689,0.220066,-0.032837,0.220066,-0.032837,0.220366,-0.005365,0.220000,-0.005812,0.220000,-0.005393,0.220000,-0.005393,0,-0.148514,0.220000,0.212667,0.001521,-0.013145,-0.013689,-0.053689,0.311127,0.330000,-0.049241,1
1772477903,575144869,-0.871150,-1.859548,1.324349,-0.541561,-0.958526,-2.578749,1,0.219669,-0.038210,0.220066,-0.032837,0.220077,-0.029871,0.220077,-0.029871,0.219606,-0.005234,0.220000,-0.005393,0.220000,-0.005832,0.220000,-0.005832,0,-0.160605,0.220000,0.212667,0.001941,-0.012726,-0.012837,-0.052837,0.311127,0.330000,-0.044791,1
1772477903,600045257,-0.869622,-1.853841,1.323963,-0.546604,-0.961602,-2.579136,1,0.219936,-0.033089,0.220077,-0.029871,0.220078,-0.028270,0.220078,-0.028270,0.219877,-0.005112,0.220000,-0.005832,0.220000,-0.005865,0.220000,-0.005865,0,-0.161511,0.220000,0.212667,0.001501,-0.013165,-0.009871,-0.049871,0.311127,0.330000,-0.042390,1
1772477903,625157435,-0.867290,-1.849855,1.323726,-0.551043,-0.962879,-2.579373,1,0.220382,-0.039985,0.220078,-0.028270,0.220059,-0.028110,0.220059,-0.028110,0.220289,-0.006401,0.220000,-0.005865,0.220000,-0.005084,0.220000,-0.005084,0,-0.140006,0.220000,0.212667,0.001468,-0.013198,-0.008270,-0.048270,0.311127,0.330000,-0.042153,1
1772477903,675363015,-0.864821,-1.839724,1.322311,-0.559820,-0.968507,-2.580788,1,0.220131,-0.026297,0.220059,-0.028110,0.220060,-0.025679,0.220060,-0.025679,0.220046,-0.006110,0.220000,-0.005084,0.220000,-0.005118,0.220000,-0.005118,0,-0.140943,0.220000,0.212667,0.002250,-0.012417,-0.008110,-0.048110,0.311127,0.330000,-0.038508,1
1772477903,700480249,-0.863318,-1.833308,1.320980,-0.565771,-0.972211,-2.582039,1,0.220133,-0.028205,0.220060,-0.025679,0.220057,-0.023464,0.220057,-0.023464,0.220068,-0.005334,0.220000,-0.005118,0.220000,-0.005001,0.220000,-0.005001,0,-0.137746,0.220000,0.212667,0.002216,-0.012451,-0.005679,-0.045679,0.311127,0.330000,-0.035187,1
1772477903,725523974,-0.861830,-1.828968,1.320459,-0.572891,-0.975012,-2.582004,1,0.220597,-0.026851,0.220057,-0.023464,0.220041,-0.022106,0.220041,-0.022106,0.220549,-0.004621,0.220000,-0.005001,0.220000,-0.004250,0.220000,-0.004250,0,-0.117060,0.220000,0.212667,0.002332,-0.012335,-0.003464,-0.043464,0.311127,0.330000,-0.033153,1
1772477903,775736819,-0.859208,-1.818473,1.319066,-0.582027,-0.980804,-2.583397,1,0.219779,-0.025937,0.220041,-0.022106,0.220041,-0.019722,0.220041,-0.019722,0.219723,-0.004988,0.220000,-0.004250,0.220000,-0.004225,0.220000,-0.004225,0,-0.116367,0.220000,0.212667,0.003083,-0.011583,-0.002106,-0.042106,0.311127,0.330000,-0.029577,1
1772477903,800679464,-0.856876,-1.812255,1.318401,-0.588004,-0.983699,-2.584062,1,0.220276,-0.019822,0.220041,-0.019722,0.220032,-0.017488,0.220032,-0.017488,0.220235,-0.004221,0.220000,-0.004225,0.220000,-0.003739,0.220000,-0.003739,0,-0.103002,0.220000,0.212667,0.003108,-0.011558,0.000278,-0.039722,0.311127,0.330000,-0.026228,1
1772477903,825710037,-0.855887,-1.806844,1.317458,-0.592451,-0.986936,-2.585005,1,0.219770,-0.019606,0.220032,-0.017488,0.220034,-0.016859,0.220034,-0.016859,0.219727,-0.004347,0.220000,-0.003739,0.220000,-0.003896,0.220000,-0.003896,0,-0.107309,0.220000,0.212667,0.003594,-0.011073,0.002512,-0.037488,0.311127,0.330000,-0.025285,1
1772477903,875907481,-0.852595,-1.795742,1.316595,-0.602491,-0.992707,-2.585868,1,0.220059,-0.022405,0.220034,-0.016859,0.220030,-0.014392,0.220030,-0.014392,0.220021,-0.004040,0.220000,-0.003896,0.220000,-0.003627,0.220000,-0.003627,0,-0.099911,0.220000,0.212667,0.003437,-0.011229,0.003141,-0.036859,0.311127,0.330000,-0.021585,1
1772477903,901069867,-0.851669,-1.790736,1.315997,-0.606614,-0.995694,-2.586466,1,0.219639,-0.014552,0.220030,-0.014392,0.220033,-0.012250,0.220033,-0.012250,0.219604,-0.003962,0.220000,-0.003627,0.220000,-0.003809,0.220000,-0.003809,0,-0.104925,0.220000,0.212667,0.003706,-0.010961,0.005608,-0.034392,0.311127,0.330000,-0.018372,1
1772477903,926038383,-0.850034,-1.786475,1.315143,-0.610736,-0.997652,-2.587319,1,0.220329,-0.019306,0.220033,-0.012250,0.220025,-0.011680,0.220025,-0.011680,0.220294,-0.003948,0.220000,-0.003809,0.220000,-0.003342,0.220000,-0.003342,0,-0.092064,0.220000,0.212667,0.003524,-0.011143,0.007750,-0.032250,0.311127,0.330000,-0.017518,1
1772477903,976291347,-0.846162,-1.775451,1.314472,-0.623916,-1.001560,-2.585835,1,0.219663,-0.012198,0.220025,-0.011680,0.220004,-0.008872,0.220004,-0.008872,0.219642,-0.003004,0.220000,-0.003342,0.220000,-0.001402,0.220000,-0.001402,0,-0.038624,0.220000,0.212667,0.003991,-0.010676,0.008320,-0.031680,0.311127,0.330000,-0.013307,1
1772477904,1257605,-0.845598,-1.770392,1.313147,-0.627805,-1.004843,-2.587160,1,0.220691,-0.010925,0.220004,-0.008872,0.220006,-0.007988,0.220006,-0.007988,0.220664,-0.003475,0.220000,-0.001402,0.220000,-0.001652,0.220000,-0.001652,0,-0.045501,0.220000,0.212667,0.005931,-0.008735,0.011128,-0.028872,0.311127,0.330000,-0.011982,1
1772477904,26440883,-0.844078,-1.764684,1.313302,-0.632835,-1.007940,-2.587005,1,0.219699,-0.010711,0.220006,-0.007988,0.220007,-0.006016,0.220007,-0.006016,0.219694,-0.001475,0.220000,-0.001652,0.220000,-0.001723,0.220000,-0.001723,0,-0.047463,0.220000,0.212667,0.005682,-0.008985,0.012012,-0.027988,0.311127,0.330000,-0.009024,1
1772477904,76479224,-0.841438,-1.754835,1.311646,-0.641527,-1.013271,-2.588661,1,0.220139,-0.014988,0.220007,-0.006016,0.220004,-0.002489,0.220004,-0.002489,0.220131,-0.001898,0.220000,-0.001723,0.220000,-0.001393,0.220000,-0.001393,0,-0.038387,0.220000,0.212667,0.005610,-0.009056,0.013984,-0.026016,0.311127,0.330000,-0.003733,1
1772477904,101586168,-0.839518,-1.750046,1.311167,-0.646216,-1.015426,-2.589140,1,0.219725,-0.007292,0.220004,-0.002489,0.220002,-0.002170,0.220002,-0.002170,0.219719,-0.001652,0.220000,-0.001393,0.220000,-0.000889,0.220000,-0.000889,0,-0.024480,0.220000,0.212667,0.005940,-0.008727,0.017511,-0.022489,0.311127,0.330000,-0.003255,1
1772477904,126613882,-0.838059,-1.744220,1.310568,-0.651282,-1.018650,-2.589739,1,0.220392,0.000000,0.220002,-0.002170,0.220002,0.000794,0.220002,0.000794,0.220389,-0.001011,0.220000,-0.000889,0.220000,-0.000822,0.220000,-0.000822,0,-0.022633,0.220000,0.212667,0.006445,-0.008222,0.017830,-0.022170,0.311127,0.330000,0.001191,1
1772477904,176897278,-0.835366,-1.734371,1.310562,-0.660012,-1.023944,-2.589745,1,0.220472,0.007652,0.220002,0.000794,0.220001,0.003298,0.220001,0.003298,0.220472,0.000000,0.220000,-0.000822,0.220000,-0.000766,0.220000,-0.000766,0,-0.021094,0.220000,0.212667,0.006512,-0.008155,0.020794,-0.019206,0.311127,0.330000,0.004947,1
1772477904,201888874,-0.834426,-1.729407,1.310538,-0.664448,-1.027376,-2.589388,1,0.220326,-0.002506,0.220001,0.003298,0.220003,0.005727,0.220003,0.005727,0.220323,-0.001124,0.220000,-0.000766,0.220000,-0.001227,0.220000,-0.001227,0,-0.033813,0.220000,0.212667,0.006568,-0.008099,0.023298,-0.016702,0.311127,0.330000,0.008590,1
1772477904,226925482,-0.831504,-1.723342,1.311101,-0.673278,-1.033363,-2.585972,1,0.220100,0.002646,0.220003,0.005727,0.220011,0.006297,0.220011,0.006297,0.220100,0.000000,0.220000,-0.001227,0.220000,-0.002237,0.220000,-0.002237,0,-0.061609,0.220000,0.212667,0.006106,-0.008561,0.025727,-0.014273,0.311127,0.330000,0.009445,1
1772477904,277095343,-0.830506,-1.712551,1.309953,-0.681404,-1.040534,-2.587119,1,0.220009,0.001044,0.220011,0.006297,0.220022,0.010109,0.220022,0.010109,0.220005,-0.001382,0.220000,-0.002237,0.220000,-0.003127,0.220000,-0.003127,0,-0.086147,0.220000,0.212667,0.005097,-0.009570,0.026297,-0.013703,0.311127,0.330000,0.015162,1
1772477904,302277603,-0.828570,-1.706615,1.310252,-0.686884,-1.043528,-2.586821,1,0.219843,0.005427,0.220022,0.010109,0.220019,0.009910,0.220019,0.009910,0.219836,-0.001760,0.220000,-0.003127,0.220000,-0.002913,0.220000,-0.002913,0,-0.080247,0.220000,0.212667,0.004206,-0.010461,0.030109,-0.009891,0.311127,0.330000,0.014863,1
1772477904,327253560,-0.827029,-1.701588,1.311082,-0.691452,-1.046130,-2.585990,1,0.219957,0.003826,0.220019,0.009910,0.220019,0.012620,0.220019,0.012620,0.219928,-0.003560,0.220000,-0.002913,0.220000,-0.002907,0.220000,-0.002907,0,-0.080069,0.220000,0.212667,0.004420,-0.010247,0.029910,-0.010090,0.311127,0.330000,0.018928,1
1772477904,377462697,-0.823660,-1.692152,1.312060,-0.700374,-1.050689,-2.585013,1,0.220142,0.005514,0.220019,0.012620,0.220014,0.015471,0.220014,0.015471,0.220119,-0.003177,0.220000,-0.002907,0.220000,-0.002439,0.220000,-0.002439,0,-0.067183,0.220000,0.212667,0.004427,-0.010240,0.032620,-0.007380,0.311127,0.330000,0.023204,1
1772477904,402465548,-0.823690,-1.686667,1.311887,-0.704113,-1.054702,-2.585186,1,0.219905,0.019827,0.220014,0.015471,0.220024,0.019352,0.220024,0.019352,0.219884,-0.003022,0.220000,-0.002439,0.220000,-0.003280,0.220000,-0.003280,0,-0.090360,0.220000,0.212667,0.004894,-0.009772,0.035471,-0.004529,0.311127,0.330000,0.029024,1
1772477904,427528807,-0.820591,-1.681716,1.312542,-0.709764,-1.056181,-2.584530,1,0.220010,0.015207,0.220024,0.019352,0.220011,0.018913,0.220011,0.018913,0.219987,-0.003186,0.220000,-0.003280,0.220000,-0.002175,0.220000,-0.002175,0,-0.059910,0.220000,0.212667,0.004053,-0.010614,0.039352,-0.000648,0.311127,0.330000,0.028369,1
1772477904,477808604,-0.818743,-1.671293,1.313407,-0.716350,-1.062070,-2.584510,1,0.219920,0.020041,0.220011,0.018913,0.220021,0.022954,0.220021,0.022954,0.219898,-0.003119,0.220000,-0.002175,0.220000,-0.003021,0.220000,-0.003021,0,-0.083215,0.220000,0.212667,0.005158,-0.009508,0.038913,-0.001087,0.311127,0.330000,0.034428,1
1772477904,502786365,-0.817475,-1.666009,1.313996,-0.720898,-1.065043,-2.583921,1,0.219859,0.017166,0.220021,0.022954,0.220022,0.026934,0.220022,0.026934,0.219846,-0.002428,0.220000,-0.003021,0.220000,-0.003111,0.220000,-0.003111,0,-0.085697,0.220000,0.212667,0.004312,-0.010354,0.042954,0.002954,0.311127,0.330000,0.040397,1
1772477904,527808651,-0.816354,-1.660947,1.314554,-0.725187,-1.067955,-2.583363,1,0.219826,0.023206,0.220022,0.026934,0.220024,0.026562,0.220024,0.026562,0.219803,-0.003171,0.220000,-0.003111,0.220000,-0.003240,0.220000,-0.003240,0,-0.089258,0.220000,0.212667,0.004222,-0.010444,0.046934,0.006934,0.311127,0.330000,0.039838,1
1772477904,577972691,-0.814062,-1.650552,1.315222,-0.733988,-1.073943,-2.582696,1,0.220136,0.031112,0.220024,0.026562,0.220026,0.030840,0.220026,0.030840,0.220106,-0.003619,0.220000,-0.003240,0.220000,-0.003373,0.220000,-0.003373,0,-0.092903,0.220000,0.212667,0.004093,-0.010574,0.046562,0.006562,0.311127,0.330000,0.046255,1
1772477904,603068324,-0.813359,-1.645283,1.315497,-0.738115,-1.077293,-2.582420,1,0.219927,0.027896,0.220026,0.030840,0.220031,0.035769,0.220031,0.035769,0.219905,-0.003123,0.220000,-0.003373,0.220000,-0.003704,0.220000,-0.003704,0,-0.102022,0.220000,0.212667,0.003961,-0.010706,0.050840,0.010840,0.311127,0.330000,0.053646,1
1772477904,628142778,-0.810921,-1.640342,1.316654,-0.743279,-1.079214,-2.581263,1,0.219598,0.032244,0.220031,0.035769,0.220021,0.034996,0.220021,0.034996,0.219566,-0.003715,0.220000,-0.003704,0.220000,-0.003038,0.220000,-0.003038,0,-0.083681,0.220000,0.212667,0.003629,-0.011037,0.055769,0.015769,0.311127,0.330000,0.052489,1
1772477904,678328854,-0.808455,-1.629199,1.318060,-0.752721,-1.085627,-2.579857,1,0.220462,0.044157,0.220021,0.034996,0.220023,0.045622,0.220023,0.045622,0.220432,-0.003657,0.220000,-0.003038,0.220000,-0.003197,0.220000,-0.003197,0,-0.088071,0.220000,0.212667,0.004295,-0.010371,0.054996,0.014996,0.311127,0.330000,0.068426,1
1772477904,703490487,-0.807688,-1.622920,1.318783,-0.756913,-1.089422,-2.579246,1,0.219873,0.026125,0.220023,0.045622,0.220032,0.045217,0.220032,0.045217,0.219846,-0.003464,0.220000,-0.003197,0.220000,-0.003748,0.220000,-0.003748,0,-0.103227,0.220000,0.212667,0.004136,-0.010531,0.065622,0.025622,0.311127,0.330000,0.067815,1
1772477904,728512189,-0.805764,-1.618774,1.319343,-0.756232,-1.089316,-2.579510,1,0.220562,0.042050,0.220032,0.045217,0.220035,0.045393,0.220035,0.045393,0.220521,-0.004238,0.220000,-0.003748,0.220000,-0.003899,0.220000,-0.003899,0,-0.107399,0.220000,0.212667,0.003586,-0.011081,0.065217,0.025217,0.311127,0.330000,0.068079,1
1772477904,778683392,-0.803727,-1.607380,1.321147,-0.765539,-1.096198,-2.577705,1,0.220069,0.041191,0.220035,0.045393,0.220043,0.050745,0.220043,0.050745,0.220023,-0.004537,0.220000,-0.003899,0.220000,-0.004337,0.220000,-0.004337,0,-0.119467,0.220000,0.212667,0.003434,-0.011233,0.065393,0.025393,0.311127,0.330000,0.076103,1
1772477904,803680993,-0.802656,-1.601229,1.322259,-0.770542,-1.099931,-2.576594,1,0.219926,0.054793,0.220043,0.050745,0.220048,0.057173,0.220048,0.057173,0.219896,-0.003660,0.220000,-0.004337,0.220000,-0.004582,0.220000,-0.004582,0,-0.126185,0.220000,0.212667,0.002996,-0.011671,0.070745,0.030745,0.311127,0.330000,0.085741,1
1772477904,828841339,-0.800565,-1.597071,1.323095,-0.774918,-1.101517,-2.575758,1,0.219769,0.052529,0.220048,0.057173,0.220034,0.056612,0.220034,0.056612,0.219715,-0.004869,0.220000,-0.004582,0.220000,-0.003851,0.220000,-0.003851,0,-0.106085,0.220000,0.212667,0.002752,-0.011915,0.077173,0.037173,0.311127,0.330000,0.084905,1
1772477904,878993812,-0.798536,-1.586750,1.325574,-0.783483,-1.107624,-2.573278,1,0.220146,0.056243,0.220034,0.056612,0.220039,0.063470,0.220039,0.063470,0.220096,-0.004680,0.220000,-0.003851,0.220000,-0.004146,0.220000,-0.004146,0,-0.114193,0.220000,0.212667,0.003482,-0.011185,0.076612,0.036612,0.311127,0.330000,0.095188,1
1772477904,903995207,-0.796900,-1.580822,1.327413,-0.788744,-1.110808,-2.571440,1,0.220211,0.052723,0.220039,0.063470,0.220037,0.071661,0.220037,0.071661,0.220161,-0.004696,0.220000,-0.004146,0.220000,-0.004034,0.220000,-0.004034,0,-0.111110,0.220000,0.212667,0.003187,-0.011479,0.083470,0.043470,0.311127,0.330000,0.107473,1
1772477904,929150784,-0.794634,-1.576917,1.328336,-0.793073,-1.112089,-2.570517,1,0.220169,0.076411,0.220037,0.071661,0.220022,0.080828,0.220022,0.080828,0.220132,-0.004066,0.220000,-0.004034,0.220000,-0.003100,0.220000,-0.003100,0,-0.085385,0.220000,0.212667,0.003299,-0.011367,0.091661,0.051661,0.311127,0.330000,0.121231,1
1772477904,979307383,-0.791321,-1.566417,1.331187,-0.810861,-1.121390,-2.569909,1,0.220707,0.081300,0.220022,0.080828,0.212667,0.100828,0.212667,0.100828,0.220675,-0.003800,0.220000,-0.003100,0.212667,-0.000375,0.212667,-0.000375,0,-0.010700,0.220000,0.212667,0.004234,-0.010433,0.100828,0.060828,0.311127,0.330000,0.158280,1
1772477905,4325466,-0.790089,-1.560878,1.332274,-0.815568,-1.124558,-2.568822,1,0.211724,0.105743,0.212667,0.100828,0.220003,0.094375,0.220003,0.094375,0.211724,0.000000,0.212667,-0.000375,0.220000,-0.001213,0.220000,-0.001213,0,-0.034567,0.220000,0.205333,0.006959,-0.007708,0.120828,0.080828,0.311127,0.319000,0.136842,1
1772477905,29488623,-0.789392,-1.555287,1.333730,-0.819924,-1.128133,-2.567366,1,0.221312,0.089481,0.220003,0.094375,0.212667,0.114375,0.212667,0.114375,0.221308,-0.001418,0.220000,-0.001213,0.212667,-0.000289,0.212667,-0.000289,0,-0.008256,0.220000,0.212667,0.006120,-0.008546,0.114375,0.074375,0.311127,0.330000,0.178423,1
1772477905,79621384,-0.786827,-1.545306,1.337633,-0.828656,-1.133604,-2.563463,1,0.220129,0.097574,0.212667,0.114375,0.220003,0.120360,0.220003,0.120360,0.220125,-0.001386,0.212667,-0.000289,0.220000,-0.001146,0.220000,-0.001146,0,-0.032671,0.220000,0.205333,0.007044,-0.007623,0.134375,0.094375,0.311127,0.319000,0.174520,1
1772477905,104734112,-0.785488,-1.539636,1.340445,-0.833531,-1.136795,-2.560651,1,0.221193,0.104126,0.220003,0.120360,0.220000,0.132469,0.220000,0.132469,0.221185,-0.001889,0.220000,-0.001146,0.220000,0.000264,0.220000,0.000264,0,0.007282,0.220000,0.212667,0.006187,-0.008480,0.140360,0.100360,0.311127,0.330000,0.198703,1
1772477905,129692482,-0.785387,-1.534666,1.343215,-0.837027,-1.140329,-2.557881,1,0.220377,0.134030,0.220000,0.132469,0.220000,0.152371,0.220000,0.152371,0.220377,0.000000,0.220000,0.000264,0.220000,-0.000333,0.220000,-0.000333,0,-0.009168,0.220000,0.212667,0.007598,-0.007069,0.152469,0.112469,0.311127,0.330000,0.228556,1
1772477905,179899514,-0.782268,-1.524012,1.349875,-0.846624,-1.145907,-2.551221,1,0.220202,0.128907,0.220000,0.152371,0.218379,0.172371,0.218379,0.172371,0.220202,0.000000,0.220000,-0.000333,0.218379,0.000362,0.218379,0.000362,0,0.010060,0.220000,0.212667,0.007001,-0.007666,0.172371,0.132371,0.311127,0.330000,0.260475,1
1772477905,205096583,-0.781406,-1.518202,1.353073,-0.851111,-1.149707,-2.547265,1,0.217962,0.160140,0.218379,0.172371,0.211045,0.192371,0.211045,0.192371,0.217962,0.000000,0.218379,0.000362,0.211045,-0.000354,0.211045,-0.000354,0,-0.010330,0.220000,0.211045,0.007696,-0.006971,0.192371,0.152371,0.311127,0.327568,0.304422,1
1772477905,230008639,-0.780476,-1.513147,1.356572,-0.854325,-1.153988,-2.538611,1,0.211834,0.194780,0.211045,0.192371,0.218425,0.172371,0.218425,0.172371,0.211834,0.000000,0.211045,-0.000354,0.218379,-0.004492,0.218379,-0.004492,0,-0.129552,0.218379,0.203712,0.006979,-0.007687,0.212371,0.172371,0.311127,0.316568,0.247866,1
1772477905,255211288,-0.779344,-1.507426,1.360094,-0.859066,-1.157385,-2.535089,1,0.210479,0.197421,0.218425,0.172371,0.211054,0.192371,0.211054,0.192371,0.210479,0.000000,0.218379,-0.004492,0.211045,-0.001892,0.211045,-0.001892,0,-0.059743,0.220000,0.211045,0.002841,-0.011826,0.192371,0.152371,0.311127,0.327637,0.354011,1
1772477905,305377569,-0.778201,-1.497575,1.370144,-0.866640,-1.163787,-2.525039,1,0.209329,0.204280,0.211054,0.192371,0.203770,0.212371,0.203770,0.212371,0.209327,-0.001095,0.211045,-0.001892,0.203712,-0.004864,0.203712,-0.004864,0,-0.154207,0.218379,0.203712,0.005442,-0.009225,0.212371,0.172371,0.311127,0.316580,0.343961,1
1772477905,330482588,-0.776588,-1.492383,1.374719,-0.871369,-1.166470,-2.520464,1,0.203496,0.219332,0.203770,0.212371,0.211160,0.192371,0.211160,0.192371,0.203432,-0.005087,0.203712,-0.004864,0.211045,-0.006972,0.211045,-0.006972,0,-0.215751,0.211045,0.196379,0.002469,-0.012198,0.232371,0.192371,0.311127,0.305655,0.277621,1
1772477905,355511331,-0.775021,-1.486616,1.379959,-0.876457,-1.169602,-2.515224,1,0.203622,0.210075,0.211160,0.192371,0.203739,0.212371,0.203739,0.212371,0.203548,-0.005469,0.211045,-0.006972,0.203712,-0.003328,0.203712,-0.003328,0,-0.118374,0.218379,0.203712,0.000361,-0.014305,0.212371,0.172371,0.311127,0.316740,0.414575,1
1772477905,405847400,-0.772955,-1.478121,1.389320,-0.883777,-1.174384,-2.505863,1,0.211241,0.190182,0.203739,0.212371,0.196458,0.232371,0.196458,0.232371,0.211113,-0.007353,0.203712,-0.003328,0.196379,-0.005575,0.196379,-0.005575,0,-0.199422,0.211045,0.196379,0.004005,-0.010662,0.232371,0.192371,0.311127,0.305609,0.405215,1
1772477905,430842714,-0.772778,-1.471473,1.394410,-0.888455,-1.179110,-2.500773,1,0.204014,0.224273,0.196458,0.232371,0.203917,0.221223,0.203917,0.221223,0.203943,-0.005393,0.196379,-0.005575,0.203712,-0.009156,0.203712,-0.009156,0,-0.304718,0.203712,0.189045,0.001759,-0.012908,0.252371,0.212371,0.311127,0.294686,0.319695,1
1772477905,455883442,-0.771623,-1.466645,1.399521,-0.892381,-1.181964,-2.495995,1,0.204271,0.190717,0.203917,0.221223,0.196429,0.241223,0.196429,0.241223,0.203975,-0.010992,0.203712,-0.009156,0.196379,-0.004450,0.196379,-0.004450,0,-0.181758,0.211045,0.196379,-0.001822,-0.016489,0.241223,0.201223,0.311127,0.305876,0.503146,1
1772477905,506063703,-0.768977,-1.456872,1.409976,-0.899540,-1.188085,-2.487771,1,0.205100,0.232886,0.196429,0.241223,0.189172,0.261223,0.189172,0.261223,0.204885,-0.009371,0.196379,-0.004450,0.189045,-0.006912,0.189045,-0.006912,0,-0.285528,0.203712,0.189045,0.002883,-0.011783,0.261223,0.221223,0.311127,0.294643,0.494922,1
1772477905,531127471,-0.767612,-1.452443,1.416723,-0.903572,-1.190370,-2.481023,1,0.196613,0.245502,0.189172,0.261223,0.196696,0.263670,0.196696,0.263670,0.196563,-0.004452,0.189045,-0.006912,0.196379,-0.011177,0.196379,-0.011177,0,-0.400492,0.196379,0.181712,0.000421,-0.014245,0.281223,0.241223,0.311127,0.283757,0.380374,1
1772477905,556229091,-0.766651,-1.446792,1.421078,-0.908148,-1.193823,-2.476668,1,0.189260,0.243835,0.196696,0.263670,0.189099,0.283670,0.189099,0.283670,0.189106,-0.007633,0.196379,-0.011177,0.189045,-0.004499,0.189045,-0.004499,0,-0.214151,0.203712,0.189045,-0.003843,-0.018510,0.283670,0.243670,0.311127,0.295044,0.632756,1
1772477905,606407233,-0.766055,-1.436779,1.432192,-0.915452,-1.200698,-2.465554,1,0.197765,0.238728,0.189099,0.283670,0.181860,0.303670,0.181860,0.303670,0.197347,-0.012852,0.189045,-0.004499,0.181712,-0.007347,0.181712,-0.007347,0,-0.354789,0.196379,0.181712,0.002834,-0.011833,0.303670,0.263670,0.311127,0.283648,0.621642,1
1772477905,631398643,-0.764467,-1.432838,1.438576,-0.919311,-1.202475,-2.459170,1,0.189082,0.274012,0.181860,0.303670,0.189342,0.323670,0.189342,0.323670,0.189025,-0.004640,0.181712,-0.007347,0.188912,-0.012743,0.188912,-0.012743,0,-0.493412,0.189045,0.174379,-0.000014,-0.014681,0.323670,0.283670,0.311127,0.272791,0.466321,1
1772477905,656558687,-0.764266,-1.428982,1.445014,-0.922104,-1.205142,-2.452732,1,0.180851,0.263099,0.189342,0.323670,0.181660,0.343670,0.181660,0.343670,0.180687,-0.007714,0.188912,-0.012743,0.181579,-0.005409,0.181579,-0.005409,0,-0.283176,0.196246,0.181579,-0.005409,-0.020076,0.343670,0.303670,0.311127,0.284013,0.813528,1
1772477905,706762053,-0.762941,-1.419806,1.459465,-0.929489,-1.211566,-2.437971,1,0.190897,0.277739,0.181660,0.343670,0.174437,0.363670,0.174437,0.363670,0.190348,-0.014476,0.181579,-0.005409,0.174246,-0.008176,0.174246,-0.008176,0,-0.464049,0.188912,0.174246,0.001924,-0.012743,0.363670,0.323670,0.311127,0.272490,0.798766,1
1772477905,731818717,-0.761737,-1.414640,1.467785,-0.934747,-1.218879,-2.427584,1,0.182352,0.326971,0.174437,0.363670,0.171485,0.382528,0.171485,0.382528,0.182261,-0.005735,0.174246,-0.008176,0.170782,-0.015509,0.170782,-0.015509,0,-0.691282,0.181579,0.166912,-0.000842,-0.015509,0.383670,0.343670,0.311127,0.261656,0.583672,1
1772477905,756909163,-0.762225,-1.410301,1.475001,-0.937360,-1.222377,-2.420368,1,0.173919,0.325194,0.171485,0.382528,0.179075,0.401315,0.179075,0.401315,0.173658,-0.009524,0.170782,-0.015509,0.178115,-0.018517,0.178115,-0.018517,0,-0.803971,0.178115,0.163448,-0.008176,-0.022842,0.402528,0.362528,0.311127,0.257227,0.576456,1
1772477905,807109776,-0.759942,-1.402971,1.492336,-0.944041,-1.226159,-2.403033,1,0.171930,0.309005,0.179075,0.401315,0.171148,0.421315,0.171148,0.421315,0.171101,-0.016862,0.178115,-0.018517,0.170782,-0.011183,0.170782,-0.011183,0,0.053999,0.185448,0.170782,-0.011183,-0.025850,0.421315,0.381315,0.311127,0.268612,1.533074,1
1772477905,832176855,-0.759310,-1.397442,1.501523,-0.948286,-1.229757,-2.393846,1,0.179364,0.400857,0.171148,0.421315,0.163682,0.441315,0.163682,0.441315,0.178309,-0.019429,0.170782,-0.011183,0.163448,-0.008748,0.163448,-0.008748,0,-0.591885,0.178115,0.163448,-0.003850,-0.018517,0.441315,0.401315,0.311127,0.256721,1.011416,1
1772477905,857253655,-0.759038,-1.393552,1.510517,-0.951147,-1.232407,-2.384852,1,0.170171,0.451505,0.163682,0.441315,0.156941,0.461315,0.156941,0.461315,0.169886,-0.009836,0.163448,-0.008748,0.156115,-0.016081,0.156115,-0.016081,0,-0.983749,0.170782,0.156115,-0.001414,-0.016081,0.461315,0.421315,0.311127,0.245524,0.745647,1
1772477905,907485201,-0.759103,-1.385298,1.530907,-0.956749,-1.238469,-2.364462,1,0.163462,0.438769,0.156941,0.461315,0.150647,0.464113,0.150647,0.464113,0.163206,-0.009150,0.156115,-0.016081,0.148816,-0.023414,0.148816,-0.023414,0,-1.320463,0.163448,0.148782,-0.008748,-0.023414,0.481315,0.441315,0.311127,0.235412,0.725258,1
1772477905,932584961,-0.757462,-1.381699,1.541938,-0.960409,-1.239971,-2.353431,1,0.157476,0.457269,0.150647,0.464113,0.159148,0.444113,0.159148,0.444113,0.156585,-0.016730,0.148816,-0.023414,0.156149,-0.030748,0.156149,-0.030748,0,-1.599958,0.156149,0.141483,-0.016081,-0.030748,0.484113,0.444113,0.311127,0.225970,0.509519,1
1772477905,957681974,-0.756327,-1.377521,1.553052,-0.964044,-1.242628,-2.342513,1,0.150464,0.394431,0.159148,0.444113,0.150647,0.464113,0.150647,0.464113,0.148426,-0.024681,0.156149,-0.030748,0.148816,-0.023414,0.148816,-0.023414,0,-0.930765,0.163483,0.148816,-0.023414,-0.038081,0.464113,0.424113,0.311127,0.238722,1.232352,1
1772477906,7822346,-0.756907,-1.370887,1.574322,-0.967855,-1.250210,-2.322437,1,0.158980,0.462346,0.150647,0.464113,0.143080,0.484113,0.143080,0.484113,0.156028,-0.030493,0.148816,-0.023414,0.141483,-0.021321,0.141483,-0.021321,0,-1.601524,0.156149,0.141483,-0.016081,-0.030748,0.484113,0.444113,0.311127,0.225970,0.940007,1
1772477906,32813552,-0.757105,-1.367676,1.587131,-0.969911,-1.252684,-2.309629,1,0.150992,0.470980,0.143080,0.484113,0.151550,0.464113,0.151550,0.464113,0.149179,-0.023328,0.141483,-0.021321,0.148816,-0.028655,0.148816,-0.028655,0,-2.189178,0.148816,0.134149,-0.013988,-0.028655,0.504113,0.464113,0.311127,0.214620,0.465717,1
1772477906,57835846,-0.755281,-1.363209,1.599921,-0.974301,-1.254687,-2.296839,1,0.142424,0.470999,0.151550,0.464113,0.143080,0.444113,0.143080,0.444113,0.140749,-0.021780,0.148816,-0.028655,0.141483,-0.021321,0.141483,-0.021321,0,8.247416,0.156149,0.141483,-0.021321,-0.035988,0.484113,0.444113,0.311127,0.227325,2.303260,1
1772477906,107958313,-0.753974,-1.355839,1.623589,-0.980304,-1.259157,-2.273171,1,0.150756,0.465230,0.143080,0.444113,0.136075,0.464113,0.136075,0.464113,0.147953,-0.028933,0.141483,-0.021321,0.134149,-0.022809,0.134149,-0.022809,0,-1.878421,0.148816,0.134149,-0.013988,-0.028655,0.464113,0.424113,0.311127,0.214620,0.890741,1
1772477906,133024938,-0.754551,-1.351011,1.633626,-0.983193,-1.263068,-2.263134,1,0.143643,0.455493,0.136075,0.464113,0.143465,0.444113,0.143465,0.444113,0.142014,-0.021576,0.134149,-0.022809,0.140263,-0.030142,0.140263,-0.030142,0,-2.507805,0.141483,0.126816,-0.015475,-0.030142,0.484113,0.444113,0.311127,0.204112,0.623930,1
1772477906,158107086,-0.753988,-1.347108,1.644319,-0.986278,-1.265524,-2.252440,1,0.134842,0.441708,0.143465,0.444113,0.134872,0.424113,0.134872,0.424113,0.132703,-0.023923,0.140263,-0.030142,0.132929,-0.022809,0.132929,-0.022809,0,8.565100,0.147596,0.132929,-0.022809,-0.037475,0.464113,0.424113,0.311127,0.215197,2.251168,1
1772477906,208156367,-0.753918,-1.340025,1.667436,-0.991379,-1.270739,-2.229273,1,0.142673,0.443128,0.134872,0.424113,0.126778,0.444113,0.126778,0.444113,0.139405,-0.030361,0.132929,-0.022809,0.125596,-0.017271,0.125596,-0.017271,0,-2.088749,0.140263,0.125596,-0.015475,-0.030142,0.444113,0.404113,0.311127,0.202308,1.119112,1
1772477906,233221937,-0.754831,-1.335832,1.679029,-0.994972,-1.275170,-2.217322,1,0.135068,0.417339,0.126778,0.444113,0.120795,0.464113,0.120795,0.464113,0.133032,-0.023364,0.125596,-0.017271,0.118263,-0.024605,0.118263,-0.024605,0,-3.120301,0.132929,0.118263,-0.009938,-0.024605,0.464113,0.424113,0.311127,0.190167,0.834892,1
1772477906,258349854,-0.754525,-1.333199,1.689653,-0.996998,-1.276878,-2.206698,1,0.125016,0.460805,0.120795,0.464113,0.129593,0.444113,0.129593,0.444113,0.123940,-0.016367,0.118263,-0.024605,0.125596,-0.031938,0.125596,-0.031938,0,-3.817407,0.125596,0.110929,-0.017271,-0.031938,0.484113,0.444113,0.311127,0.181193,0.567494,1
1772477906,308451516,-0.754266,-1.326502,1.709498,-1.001775,-1.281579,-2.186853,1,0.120933,0.450936,0.129593,0.444113,0.120795,0.424113,0.120795,0.424113,0.118159,-0.025750,0.125596,-0.031938,0.118263,-0.024605,0.118263,-0.024605,0,9.095897,0.132929,0.118263,-0.024605,-0.039271,0.464113,0.424113,0.311127,0.194390,2.172152,1
1772477906,333442020,-0.752870,-1.323593,1.721233,-1.004785,-1.282742,-2.175119,1,0.130173,0.434408,0.120795,0.424113,0.115417,0.444113,0.115417,0.444113,0.125989,-0.032737,0.118263,-0.024605,0.110929,-0.031870,0.110929,-0.031870,0,-3.441989,0.125596,0.110929,-0.017271,-0.031938,0.444113,0.404113,0.311127,0.181193,0.792689,1
1772477906,358475825,-0.752620,-1.321122,1.731962,-1.006661,-1.284370,-2.164389,1,0.119077,0.473839,0.115417,0.444113,0.124591,0.424113,0.124591,0.424113,0.116895,-0.022691,0.110929,-0.031870,0.118263,-0.039203,0.118263,-0.039203,0,-4.247117,0.118263,0.103596,-0.024536,-0.039203,0.464113,0.424113,0.311127,0.173125,0.525185,1
1772477906,408560135,-0.753441,-1.314005,1.754667,-1.010938,-1.290117,-2.141685,1,0.115973,0.431229,0.124591,0.424113,0.115417,0.404113,0.115417,0.404113,0.111425,-0.032159,0.118263,-0.039203,0.110929,-0.031870,0.110929,-0.031870,0,9.350182,0.125596,0.110929,-0.031870,-0.046536,0.444113,0.404113,0.311127,0.186887,2.121853,1
1772477906,433631825,-0.753150,-1.311320,1.765781,-1.012989,-1.291874,-2.130571,1,0.124193,0.415988,0.115417,0.404113,0.106462,0.424113,0.106462,0.424113,0.117742,-0.039506,0.110929,-0.031870,0.103596,-0.024536,0.103596,-0.024536,0,-3.241985,0.118263,0.103596,-0.024536,-0.039203,0.424113,0.384113,0.311127,0.173125,1.260613,1
1772477906,458669500,-0.753421,-1.308518,1.776496,-1.014449,-1.293918,-2.120200,1,0.114502,0.443804,0.106462,0.424113,0.115417,0.404113,0.115417,0.404113,0.110162,-0.031225,0.103596,-0.024536,0.110929,-0.031870,0.110929,-0.031870,0,-5.481219,0.110929,0.096263,-0.017203,-0.031870,0.444113,0.404113,0.311127,0.159693,0.480996,1
1772477906,483702565,-0.753089,-1.305728,1.786817,-1.014515,-1.294267,-2.112633,1,0.106222,0.427722,0.115417,0.404113,0.106462,0.424113,0.106462,0.424113,0.103434,-0.024178,0.110929,-0.031870,0.103596,-0.024536,0.103596,-0.024536,0,9.306654,0.118263,0.103596,-0.024536,-0.039203,0.424113,0.384113,0.311127,0.173125,2.074966,1
1772477906,533801811,-0.752923,-1.298970,1.808575,-1.019281,-1.299061,-2.090875,1,0.115486,0.401168,0.106462,0.424113,0.101401,0.444113,0.101401,0.444113,0.110981,-0.031941,0.103596,-0.024536,0.096263,-0.031870,0.096263,-0.031870,0,-5.212139,0.110929,0.096263,-0.017203,-0.031870,0.444113,0.404113,0.311127,0.159693,0.708445,1
1772477906,558850918,-0.754024,-1.296598,1.818729,-1.020111,-1.301541,-2.080721,1,0.106820,0.425021,0.101401,0.444113,0.110766,0.424113,0.110766,0.424113,0.103818,-0.025146,0.096263,-0.031870,0.103596,-0.039203,0.103596,-0.039203,0,-6.370694,0.103596,0.088929,-0.024536,-0.039203,0.464113,0.424113,0.311127,0.152102,0.441516,1
1772477906,608920966,-0.752946,-1.290808,1.836013,-1.024873,-1.305005,-2.063437,1,0.101859,0.413819,0.110766,0.424113,0.101401,0.404113,0.101401,0.404113,0.096442,-0.032776,0.103596,-0.039203,0.096263,-0.031870,0.096263,-0.031870,0,9.804996,0.110929,0.096263,-0.031870,-0.046536,0.444113,0.404113,0.311127,0.166148,2.025770,1
1772477906,633969367,-0.752957,-1.289272,1.847410,-1.025922,-1.306128,-2.052039,1,0.110207,0.436345,0.101401,0.404113,0.093717,0.424113,0.093717,0.424113,0.103136,-0.038842,0.096263,-0.031870,0.088929,-0.029570,0.088929,-0.029570,0,-5.625925,0.103596,0.088929,-0.024536,-0.039203,0.424113,0.384113,0.311127,0.152102,0.941878,1
1772477906,659019798,-0.752825,-1.286366,1.859851,-1.028015,-1.308148,-2.039599,1,0.102084,0.403581,0.093717,0.424113,0.103094,0.404113,0.103094,0.404113,0.096877,-0.032186,0.088929,-0.029570,0.096263,-0.036904,0.096263,-0.036904,0,-7.650803,0.096263,0.081596,-0.022237,-0.036904,0.444113,0.404113,0.311127,0.140575,0.400395,1
1772477906,709110825,-0.752514,-1.280404,1.880674,-1.033471,-1.313596,-2.018503,1,0.093914,0.420658,0.103094,0.404113,0.093717,0.416845,0.093717,0.416845,0.088997,-0.029987,0.096263,-0.036904,0.088929,-0.029570,0.088929,-0.029570,0,10.069876,0.103596,0.088929,-0.029570,-0.044237,0.424113,0.384113,0.311127,0.154641,1.966468,1
1772477906,734171842,-0.752029,-1.277172,1.890106,-1.036043,-1.315611,-2.009071,1,0.102713,0.396110,0.093717,0.416845,0.084572,0.436845,0.084572,0.436845,0.095697,-0.037310,0.088929,-0.029570,0.081596,-0.022237,0.081596,-0.022237,0,9.264012,0.096263,0.081596,-0.022237,-0.036904,0.436845,0.396845,0.311127,0.140575,1.930610,1
1772477906,759186983,-0.751766,-1.276093,1.899409,-1.036976,-1.316214,-1.999768,1,0.093654,0.419372,0.084572,0.436845,0.093717,0.416845,0.093717,0.416845,0.088853,-0.029598,0.081596,-0.022237,0.088929,-0.029570,0.088929,-0.029570,0,-9.467790,0.088929,0.074263,-0.014904,-0.029570,0.456845,0.416845,0.311127,0.126858,0.360563,1
1772477906,809301986,-0.751509,-1.271303,1.919966,-1.040455,-1.319517,-1.979211,1,0.084055,0.428338,0.093717,0.416845,0.084572,0.436845,0.084572,0.436845,0.081064,-0.022223,0.088929,-0.029570,0.081596,-0.022237,0.081596,-0.022237,0,9.786815,0.096263,0.081596,-0.022237,-0.036904,0.436845,0.396845,0.311127,0.140575,1.910303,1
1772477906,834350247,-0.752023,-1.269063,1.931403,-1.041868,-1.321614,-1.967681,1,0.093541,0.435468,0.084572,0.436845,0.079933,0.416845,0.079933,0.416845,0.088972,-0.028880,0.081596,-0.022237,0.074263,-0.029570,0.074263,-0.029570,0,-9.064577,0.088929,0.074263,-0.014904,-0.029570,0.456845,0.416845,0.311127,0.126858,0.585252,1
1772477906,859389960,-0.753293,-1.268212,1.941648,-1.044147,-1.324331,-1.956462,1,0.085011,0.431237,0.079933,0.416845,0.089553,0.396845,0.089553,0.396845,0.081902,-0.022780,0.074263,-0.029570,0.081596,-0.036904,0.081596,-0.036904,0,-10.559702,0.081596,0.066929,-0.022237,-0.036904,0.436845,0.396845,0.311127,0.119900,0.317258,1
1772477906,909463360,-0.754240,-1.263388,1.962443,-1.046769,-1.328489,-1.935668,1,0.079735,0.412833,0.089553,0.396845,0.079933,0.416845,0.079933,0.416845,0.073970,-0.029767,0.081596,-0.036904,0.074263,-0.029570,0.074263,-0.029570,0,10.449942,0.088929,0.074263,-0.029570,-0.044237,0.416845,0.376845,0.311127,0.134330,1.866760,1
1772477906,934450375,-0.753705,-1.262245,1.972664,-1.047943,-1.328953,-1.925447,1,0.089673,0.386343,0.079933,0.416845,0.076429,0.436845,0.076429,0.436845,0.081776,-0.036796,0.074263,-0.029570,0.066929,-0.036904,0.066929,-0.036904,0,-9.950857,0.081596,0.066929,-0.022237,-0.036904,0.436845,0.396845,0.311127,0.119900,0.815285,1
1772477906,959490417,-0.753846,-1.259569,1.984220,-1.050102,-1.331330,-1.913696,1,0.076051,0.345933,0.076429,0.436845,0.081419,0.416845,0.081419,0.416845,0.065333,-0.038927,0.066929,-0.036904,0.068353,-0.044237,0.068353,-0.044237,0,-11.269269,0.074263,0.059596,-0.029570,-0.044237,0.456845,0.416845,0.311127,0.114644,0.531266,1
1772477907,9585893,-0.753979,-1.253967,2.005100,-1.059312,-1.339805,-1.890313,1,0.076745,0.434957,0.081419,0.416845,0.071312,0.396845,0.071312,0.396845,0.066894,-0.037616,0.068353,-0.044237,0.061020,-0.036904,0.061020,-0.036904,0,11.279350,0.075687,0.061020,-0.036904,-0.051570,0.436845,0.396845,0.311127,0.122129,1.801440,1
1772477907,34650075,-0.754605,-1.253604,2.015700,-1.059105,-1.340499,-1.879713,1,0.081576,0.420940,0.071312,0.396845,0.061292,0.416845,0.061292,0.416845,0.068210,-0.044744,0.061020,-0.036904,0.053687,-0.029570,0.053687,-0.029570,0,9.444765,0.068353,0.053687,-0.029570,-0.044237,0.416845,0.376845,0.311127,0.110000,1.750619,1
1772477907,59694087,-0.754923,-1.250918,2.027214,-1.060711,-1.342675,-1.868199,1,0.072059,0.395078,0.061292,0.416845,0.051411,0.415913,0.051411,0.415913,0.061421,-0.037682,0.053687,-0.029570,0.046353,-0.022237,0.046353,-0.022237,0,10.134570,0.061020,0.046353,-0.022237,-0.036904,0.436845,0.396845,0.311127,0.110000,1.753585,1
1772477907,109844831,-0.754824,-1.247677,2.047298,-1.065089,-1.344074,-1.848773,1,0.061265,0.424259,0.051411,0.415913,0.041769,0.395913,0.041769,0.395913,0.053613,-0.029649,0.046353,-0.022237,0.039020,-0.014904,0.039020,-0.014904,0,10.462754,0.053687,0.039020,-0.014904,-0.029570,0.435913,0.395913,0.311127,0.110000,1.734159,1
1772477907,134747160,-0.754475,-1.245869,2.058264,-1.066582,-1.345153,-1.837807,1,0.051353,0.420805,0.041769,0.395913,0.032579,0.375913,0.032579,0.375913,0.046238,-0.022343,0.039020,-0.014904,0.031687,-0.007570,0.031687,-0.007570,0,10.672817,0.046353,0.031687,-0.007570,-0.022237,0.415913,0.375913,0.311127,0.110000,1.723194,1
1772477907,159800553,-0.754604,-1.245095,2.068620,-1.067018,-1.345806,-1.827451,1,0.041909,0.383839,0.032579,0.375913,0.024355,0.355913,0.024355,0.355913,0.039049,-0.015216,0.031687,-0.007570,0.024353,-0.000237,0.024353,-0.000237,0,10.719980,0.039020,0.024353,-0.000237,-0.014904,0.395913,0.355913,0.311127,0.110000,1.712838,1
1772477907,209825591,-0.756054,-1.241961,2.085923,-1.068281,-1.348988,-1.810324,1,0.032419,0.373706,0.024355,0.355913,0.018440,0.335913,0.018440,0.335913,0.031574,-0.007353,0.024353,-0.000237,0.017020,0.007096,0.017020,0.007096,0,11.343890,0.031687,0.017020,0.007096,-0.007570,0.375913,0.335913,0.311127,0.110000,1.709381,1
1772477907,234904794,-0.755579,-1.241306,2.094906,-1.071504,-1.347828,-1.803816,1,0.024167,0.357898,0.018440,0.335913,0.023177,0.355913,0.023177,0.355913,0.024167,0.000000,0.017020,0.007096,0.018399,0.014094,0.018399,0.014094,0,11.056819,0.024353,0.009687,0.014430,-0.000237,0.355913,0.315913,0.311127,0.110000,1.689202,1
1772477907,259929956,-0.756587,-1.240407,2.103168,-1.071389,-1.349173,-1.795554,1,0.018470,0.337529,0.023177,0.355913,0.024600,0.375913,0.024600,0.375913,0.017233,0.006646,0.018399,0.014094,0.019308,0.015243,0.019308,0.015243,0,11.266133,0.025732,0.011065,0.021428,0.006761,0.375913,0.335913,0.311127,0.110000,1.680941,1
1772477907,309981434,-0.757014,-1.240826,2.118889,-1.070791,-1.349162,-1.779833,1,0.023206,0.364318,0.024600,0.375913,0.026153,0.395913,0.026153,0.395913,0.018297,0.014273,0.019308,0.015243,0.020802,0.015851,0.020802,0.015851,0,11.019815,0.026641,0.011975,0.022576,0.007910,0.395913,0.355913,0.311127,0.110000,1.665220,1
1772477907,335014780,-0.757203,-1.240294,2.127985,-1.071013,-1.349730,-1.770574,1,0.024767,0.386262,0.026153,0.395913,0.027402,0.415913,0.027402,0.415913,0.019661,0.015063,0.020802,0.015851,0.021782,0.016625,0.021782,0.016625,0,11.031072,0.028135,0.013469,0.023184,0.008518,0.415913,0.375913,0.311127,0.110000,1.669631,1
1772477907,360045815,-0.757892,-1.240159,2.138353,-1.070531,-1.351086,-1.757790,1,0.026451,0.390872,0.027402,0.415913,0.028941,0.435913,0.028941,0.435913,0.021004,0.016077,0.021782,0.016625,0.022846,0.017766,0.022846,0.017766,0,11.161114,0.029115,0.014449,0.023958,0.009291,0.435913,0.395913,0.311127,0.110000,1.656847,1
1772477907,410093092,-0.759460,-1.240192,2.157731,-1.069367,-1.352136,-1.738413,1,0.027450,0.419924,0.028941,0.435913,0.030627,0.455913,0.030627,0.455913,0.021706,0.016804,0.022846,0.017766,0.024259,0.018695,0.024259,0.018695,0,11.098629,0.030180,0.015513,0.025099,0.010432,0.455913,0.415913,0.311127,0.110000,1.637470,1
1772477907,435140077,-0.759543,-1.239327,2.168977,-1.069898,-1.352823,-1.727167,1,0.030569,0.461716,0.030627,0.455913,0.032191,0.475913,0.032191,0.475913,0.024582,0.018170,0.024259,0.018695,0.025486,0.019666,0.025486,0.019666,0,11.107605,0.031592,0.016925,0.026029,0.011362,0.475913,0.435913,0.311127,0.110000,1.626224,1
1772477907,460171071,-0.760304,-1.239289,2.180160,-1.069356,-1.353454,-1.716246,1,0.030723,0.456044,0.032191,0.475913,0.033771,0.495913,0.033771,0.495913,0.024162,0.018977,0.025486,0.019666,0.026776,0.020580,0.026776,0.020580,0,11.080055,0.032819,0.018152,0.027000,0.012333,0.495913,0.455913,0.311127,0.110000,1.615303,1
1772477907,510323056,-0.762142,-1.239317,2.202966,-1.067792,-1.355995,-1.697563,1,0.031950,0.477872,0.033771,0.495913,0.035277,0.515913,0.035277,0.515913,0.025705,0.018975,0.026776,0.020580,0.027578,0.021998,0.027578,0.021998,0,11.337848,0.034109,0.019442,0.027914,0.013247,0.515913,0.475913,0.311127,0.110000,1.608690,1
1772477907,535303054,-0.762960,-1.239512,2.214809,-1.067065,-1.356416,-1.685720,1,0.035435,0.510231,0.035277,0.515913,0.036917,0.535913,0.036917,0.535913,0.027569,0.022262,0.027578,0.021998,0.029010,0.022832,0.029010,0.022832,0,11.244814,0.034912,0.020245,0.029332,0.014665,0.535913,0.495913,0.311127,0.110000,1.596847,1
1772477907,560362300,-0.763411,-1.238328,2.227632,-1.067552,-1.357585,-1.672897,1,0.035580,0.526881,0.036917,0.535913,0.038605,0.555913,0.038605,0.555913,0.027790,0.022219,0.029010,0.022832,0.030211,0.024034,0.030211,0.024034,0,11.319414,0.036343,0.021676,0.030165,0.015498,0.555913,0.515913,0.311127,0.110000,1.584024,1
1772477907,610434921,-0.764840,-1.238079,2.254641,-1.066755,-1.358587,-1.645977,1,0.036702,0.525377,0.038605,0.555913,0.040685,0.575913,0.040685,0.575913,0.029123,0.022335,0.030211,0.024034,0.032176,0.024899,0.032176,0.024899,0,11.127279,0.037544,0.022877,0.031367,0.016701,0.575913,0.535913,0.311127,0.110000,1.557105,1
1772477907,635510691,-0.766155,-1.238067,2.267938,-1.066887,-1.356984,-1.634072,1,0.040751,0.568329,0.040685,0.575913,0.042422,0.595913,0.042422,0.595913,0.032514,0.024565,0.032176,0.024899,0.034443,0.024765,0.034443,0.024765,0,10.614202,0.039509,0.024843,0.032232,0.017566,0.595913,0.555913,0.311127,0.110000,1.545200,1
1772477907,660537210,-0.768038,-1.238546,2.281764,-1.065193,-1.357934,-1.620246,1,0.040610,0.570332,0.042422,0.595913,0.043099,0.600000,0.043099,0.600000,0.031963,0.025051,0.034443,0.024765,0.035047,0.025084,0.035047,0.025084,0,10.582268,0.041776,0.027110,0.032098,0.017432,0.600000,0.575913,0.311127,0.110000,1.531374,1
1772477907,710620730,-0.769453,-1.236904,2.310367,-1.065300,-1.360099,-1.591644,1,0.042331,0.591864,0.043099,0.600000,0.043617,0.600000,0.043617,0.600000,0.034405,0.024662,0.035047,0.025084,0.035397,0.025485,0.035397,0.025485,0,10.623380,0.042380,0.027713,0.032418,0.017751,0.600000,0.580000,0.311127,0.110000,1.513183,1
1772477907,735677413,-0.770207,-1.236433,2.325338,-1.065157,-1.360942,-1.576616,1,0.043782,0.599393,0.043617,0.600000,0.044054,0.600000,0.044054,0.600000,0.035463,0.025675,0.035397,0.025485,0.035835,0.025624,0.035835,0.025624,0,10.575607,0.042730,0.028064,0.032818,0.018151,0.600000,0.580000,0.311127,0.110000,1.498155,1
1772477907,760736773,-0.771559,-1.236708,2.340976,-1.065217,-1.361389,-1.560088,1,0.043740,0.606982,0.044054,0.600000,0.044546,0.600000,0.044546,0.600000,0.035762,0.025186,0.035835,0.025624,0.036497,0.025540,0.036497,0.025540,0,10.424586,0.043168,0.028502,0.032958,0.018291,0.600000,0.580000,0.311127,0.110000,1.481627,1
1772477907,810814422,-0.774543,-1.236290,2.371477,-1.063341,-1.363747,-1.529588,1,0.043600,0.606424,0.044546,0.600000,0.045482,0.600000,0.045482,0.600000,0.035736,0.024978,0.036497,0.025540,0.037270,0.026068,0.037270,0.026068,0,10.420840,0.043830,0.029163,0.032874,0.018207,0.600000,0.580000,0.311127,0.110000,1.451127,1
1772477907,835863150,-0.774603,-1.235289,2.386601,-1.063987,-1.364515,-1.514464,1,0.045146,0.593567,0.045482,0.600000,0.045961,0.600000,0.045961,0.600000,0.037361,0.025344,0.037270,0.026068,0.037770,0.026188,0.037770,0.026188,0,10.359729,0.044604,0.029937,0.033401,0.018734,0.600000,0.580000,0.311127,0.110000,1.436003,1
1772477907,860884560,-0.775116,-1.236015,2.401320,-1.063167,-1.364554,-1.499829,1,0.045814,0.601995,0.045961,0.600000,0.046434,0.600000,0.046434,0.600000,0.037966,0.025642,0.037770,0.026188,0.038553,0.025881,0.038553,0.025881,0,10.134060,0.045104,0.030437,0.033521,0.018855,0.600000,0.580000,0.311127,0.110000,1.421368,1
1772477907,885927183,-0.776244,-1.235535,2.416156,-1.063519,-1.369038,-1.486331,1,0.046253,0.617552,0.046434,0.600000,0.046563,0.600000,0.046563,0.600000,0.037727,0.026758,0.038553,0.025881,0.037443,0.027680,0.037443,0.027680,0,10.808348,0.045886,0.031219,0.033214,0.018548,0.600000,0.580000,0.311127,0.110000,1.417423,1
1772477907,936039934,-0.779059,-1.235060,2.446032,-1.061808,-1.371323,-1.456455,1,0.046962,0.603658,0.046563,0.600000,0.047566,0.600000,0.047566,0.600000,0.037330,0.028494,0.037443,0.027680,0.038328,0.028169,0.038328,0.028169,0,10.767370,0.044776,0.030109,0.035013,0.020347,0.600000,0.580000,0.311127,0.110000,1.387547,1
1772477907,961091546,-0.780713,-1.235477,2.460633,-1.060322,-1.372161,-1.441854,1,0.046740,0.597535,0.047566,0.600000,0.048072,0.600000,0.048072,0.600000,0.037452,0.027964,0.038328,0.028169,0.038895,0.028250,0.038895,0.028250,0,10.684943,0.045661,0.030995,0.035502,0.020835,0.600000,0.580000,0.311127,0.110000,1.372946,1
1772477908,11175228,-0.783297,-1.234440,2.490442,-1.061260,-1.372066,-1.410495,1,0.047512,0.590345,0.048072,0.600000,0.049195,0.600000,0.049195,0.600000,0.038153,0.028314,0.038895,0.028250,0.040700,0.027636,0.040700,0.027636,0,10.213745,0.046228,0.031562,0.035584,0.020917,0.600000,0.580000,0.311127,0.110000,1.341588,1
1772477908,36213023,-0.784441,-1.234888,2.505482,-1.060122,-1.372529,-1.395456,1,0.049524,0.602259,0.049195,0.600000,0.049426,0.600000,0.049426,0.600000,0.040976,0.027814,0.040700,0.027636,0.041176,0.027340,0.041176,0.027340,0,10.057368,0.048033,0.033366,0.034969,0.020303,0.600000,0.580000,0.311127,0.110000,1.335330,1
1772477908,61259877,-0.786235,-1.234468,2.520435,-1.059109,-1.374069,-1.380502,1,0.049210,0.598857,0.049426,0.600000,0.049986,0.600000,0.049986,0.600000,0.040470,0.027997,0.041176,0.027340,0.041556,0.027779,0.041556,0.027779,0,10.104257,0.048509,0.033842,0.034674,0.020007,0.600000,0.580000,0.311127,0.110000,1.320377,1
1772477908,111375127,-0.788242,-1.235267,2.550642,-1.057254,-1.374813,-1.350520,1,0.050241,0.604946,0.049986,0.600000,0.051147,0.600000,0.051147,0.600000,0.041674,0.028062,0.041556,0.027779,0.043148,0.027463,0.043148,0.027463,0,9.762707,0.048889,0.034223,0.035112,0.020445,0.600000,0.580000,0.311127,0.110000,1.290395,1
1772477908,136499844,-0.790288,-1.234334,2.565974,-1.058722,-1.376016,-1.338634,1,0.051337,0.597696,0.051147,0.600000,0.051623,0.600000,0.051623,0.600000,0.043231,0.027687,0.043148,0.027463,0.043448,0.027878,0.043448,0.027878,0,9.818742,0.050482,0.035815,0.034797,0.020130,0.600000,0.580000,0.311127,0.110000,1.278509,1
1772477908,161427977,-0.790925,-1.233376,2.580582,-1.058924,-1.377147,-1.324025,1,0.051341,0.606930,0.051623,0.600000,0.052219,0.600000,0.052219,0.600000,0.043219,0.027712,0.043448,0.027878,0.043980,0.028153,0.043980,0.028153,0,9.802454,0.050781,0.036115,0.035211,0.020544,0.600000,0.580000,0.311127,0.110000,1.263900,1
1772477908,211510700,-0.794639,-1.234823,2.610160,-1.055239,-1.378669,-1.294447,1,0.052351,0.597073,0.052219,0.600000,0.053122,0.600000,0.053122,0.600000,0.044053,0.028284,0.043980,0.028153,0.045151,0.027990,0.045151,0.027990,0,9.579820,0.051313,0.036647,0.035487,0.020820,0.600000,0.580000,0.311127,0.110000,1.242412,1
1772477908,236577714,-0.795439,-1.233295,2.625825,-1.055717,-1.380327,-1.278782,1,0.053412,0.607634,0.053122,0.600000,0.053801,0.600000,0.053801,0.600000,0.045598,0.027815,0.045151,0.027990,0.045616,0.028525,0.045616,0.028525,0,9.640056,0.052484,0.037817,0.035323,0.020656,0.600000,0.580000,0.311127,0.110000,1.226747,1
1772477908,261566011,-0.795931,-1.233965,2.640432,-1.054810,-1.380222,-1.264009,1,0.053234,0.603777,0.053801,0.600000,0.054457,0.600000,0.054457,0.600000,0.045271,0.028007,0.045616,0.028525,0.046644,0.028105,0.046644,0.028105,0,9.383449,0.052949,0.038283,0.035859,0.021192,0.600000,0.580000,0.311127,0.110000,1.211974,1
1772477908,286654945,-0.797727,-1.234419,2.655575,-1.051938,-1.381714,-1.246490,1,0.054114,0.584620,0.054457,0.600000,0.055255,0.600000,0.055255,0.600000,0.046206,0.028165,0.046644,0.028105,0.047392,0.028410,0.047392,0.028410,0,9.348392,0.053977,0.039311,0.035438,0.020771,0.600000,0.580000,0.311127,0.110000,1.194455,1
1772477908,336705459,-0.800905,-1.233883,2.685864,-1.050005,-1.384292,-1.216202,1,0.055081,0.598576,0.055255,0.600000,0.056332,0.600000,0.056332,0.600000,0.047466,0.027945,0.047392,0.028410,0.048383,0.028851,0.048383,0.028851,0,9.311976,0.054725,0.040059,0.035743,0.021077,0.600000,0.580000,0.311127,0.110000,1.171632,1
1772477908,361747539,-0.801866,-1.234166,2.700676,-1.049115,-1.384750,-1.201389,1,0.055679,0.611914,0.056332,0.600000,0.057053,0.600000,0.057053,0.600000,0.047736,0.028660,0.048383,0.028851,0.049297,0.028721,0.049297,0.028721,0,9.152850,0.055716,0.041049,0.036184,0.021517,0.600000,0.580000,0.311127,0.110000,1.156820,1
1772477908,411828798,-0.805752,-1.233779,2.731107,-1.046354,-1.387740,-1.170775,1,0.056904,0.601857,0.057053,0.600000,0.058604,0.600000,0.058604,0.600000,0.049357,0.028318,0.049297,0.028721,0.050606,0.029554,0.050606,0.029554,0,9.169173,0.056630,0.041963,0.036054,0.021388,0.600000,0.580000,0.311127,0.110000,1.126205,1
1772477908,436881047,-0.806219,-1.234169,2.745899,-1.042920,-1.388197,-1.153524,1,0.058591,0.600140,0.058604,0.600000,0.059147,0.600000,0.059147,0.600000,0.050549,0.029626,0.050606,0.029554,0.051488,0.029111,0.051488,0.029111,0,8.948579,0.057939,0.043273,0.036888,0.022221,0.600000,0.580000,0.311127,0.110000,1.115857,1
1772477908,461938998,-0.807358,-1.235227,2.760433,-1.041366,-1.388211,-1.138990,1,0.058595,0.609115,0.059147,0.600000,0.059928,0.600000,0.059928,0.600000,0.050615,0.029521,0.051488,0.029111,0.052606,0.028705,0.052606,0.028705,0,8.709011,0.058821,0.044154,0.036444,0.021777,0.600000,0.580000,0.311127,0.110000,1.101323,1
1772477908,511930316,-0.811386,-1.235272,2.790479,-1.038409,-1.390947,-1.108945,1,0.060387,0.609203,0.059928,0.600000,0.061609,0.600000,0.061609,0.600000,0.053115,0.028729,0.052606,0.028705,0.054128,0.029425,0.054128,0.029425,0,8.683856,0.059939,0.045272,0.036039,0.021372,0.600000,0.580000,0.311127,0.110000,1.071278,1
1772477908,536992547,-0.812169,-1.235754,2.805980,-1.037502,-1.391260,-1.093420,1,0.061270,0.589131,0.061609,0.600000,0.062515,0.600000,0.062515,0.600000,0.053890,0.029153,0.054128,0.029425,0.055294,0.029166,0.055294,0.029166,0,8.482738,0.061461,0.046794,0.036758,0.022092,0.600000,0.580000,0.311127,0.110000,1.055753,1
1772477908,562032386,-0.813855,-1.234716,2.821297,-1.036889,-1.394909,-1.077787,1,0.061432,0.595973,0.062515,0.600000,0.063067,0.600000,0.063067,0.600000,0.053728,0.029787,0.055294,0.029166,0.055089,0.030701,0.055089,0.030701,0,8.850968,0.062627,0.047961,0.036500,0.021833,0.600000,0.580000,0.311127,0.110000,1.046512,1
1772477908,612090430,-0.816838,-1.235942,2.850635,-1.033879,-1.396068,-1.048448,1,0.063074,0.610948,0.063067,0.600000,0.064886,0.600000,0.064886,0.600000,0.055325,0.030290,0.055089,0.030701,0.057245,0.030548,0.057245,0.030548,0,8.560052,0.062423,0.047756,0.038034,0.023368,0.600000,0.580000,0.311127,0.110000,1.017173,1
1772477908,637193889,-0.818568,-1.237372,2.865473,-1.031758,-1.396197,-1.033663,1,0.064990,0.591208,0.064886,0.600000,0.065843,0.600000,0.065843,0.600000,0.057259,0.030742,0.057245,0.030548,0.058524,0.030171,0.058524,0.030171,0,8.331309,0.064578,0.049911,0.037882,0.023215,0.600000,0.580000,0.311127,0.110000,1.002388,1
1772477908,662162885,-0.819866,-1.237386,2.881060,-1.032448,-1.396784,-1.018803,1,0.065134,0.599914,0.065843,0.600000,0.066834,0.600000,0.066834,0.600000,0.057391,0.030802,0.058524,0.030171,0.059661,0.030121,0.059661,0.030121,0,8.194268,0.065857,0.051190,0.037504,0.022837,0.600000,0.580000,0.311127,0.110000,0.987529,1
1772477908,687198636,-0.820837,-1.237620,2.895999,-1.031583,-1.397281,-1.003865,1,0.066141,0.603833,0.066834,0.600000,0.067860,0.600000,0.067860,0.600000,0.058743,0.030396,0.059661,0.030121,0.060882,0.029973,0.060882,0.029973,0,8.030610,0.066994,0.052328,0.037454,0.022788,0.600000,0.580000,0.311127,0.110000,0.972590,1
1772477908,737304281,-0.824356,-1.238708,2.925619,-1.028065,-1.398940,-0.974394,1,0.068028,0.596268,0.067860,0.600000,0.069543,0.600000,0.069543,0.600000,0.060950,0.030213,0.060882,0.029973,0.062796,0.029882,0.062796,0.029882,0,7.812631,0.068215,0.053549,0.037306,0.022639,0.600000,0.580000,0.311127,0.110000,0.949051,1
1772477908,762393634,-0.826181,-1.240106,2.940265,-1.022694,-1.399608,-0.961904,1,0.067695,0.595080,0.069543,0.600000,0.070471,0.600000,0.070471,0.600000,0.061067,0.029214,0.062796,0.029882,0.063848,0.029826,0.063848,0.029826,0,7.695175,0.070129,0.055462,0.037216,0.022549,0.600000,0.580000,0.311127,0.110000,0.936560,1
1772477908,812392067,-0.829156,-1.239752,2.970841,-1.020783,-1.401916,-0.931328,1,0.070001,0.606085,0.070471,0.600000,0.072408,0.600000,0.072408,0.600000,0.063264,0.029963,0.063848,0.029826,0.065825,0.030166,0.065825,0.030166,0,7.574748,0.071181,0.056514,0.037159,0.022492,0.600000,0.580000,0.311127,0.110000,0.911496,1
1772477908,837448763,-0.830985,-1.240939,2.986267,-1.018489,-1.402309,-0.916016,1,0.070124,0.597080,0.072408,0.600000,0.073646,0.600000,0.073646,0.600000,0.063753,0.029203,0.065825,0.030166,0.067308,0.029888,0.067308,0.029888,0,7.378836,0.073159,0.058492,0.037499,0.022833,0.600000,0.580000,0.311127,0.110000,0.896184,1
1772477908,862467955,-0.832197,-1.241829,3.000715,-1.014785,-1.402380,-0.903248,1,0.073186,0.612935,0.073646,0.600000,0.075028,0.600000,0.075028,0.600000,0.066398,0.030782,0.067308,0.029888,0.068894,0.029713,0.068894,0.029713,0,7.169978,0.074641,0.059975,0.037221,0.022555,0.600000,0.580000,0.311127,0.110468,0.883416,1
1772477908,887542325,-0.834349,-1.242049,3.016045,-1.013077,-1.403708,-0.887918,1,0.073852,0.606973,0.075028,0.600000,0.077329,0.600000,0.077329,0.600000,0.067380,0.030235,0.068894,0.029713,0.070789,0.031125,0.070789,0.031125,0,7.152829,0.076227,0.061560,0.037047,0.022380,0.600000,0.580000,0.311127,0.112542,0.873216,1
1772477908,937559422,-0.837531,-1.243078,3.045735,-1.010105,-1.405251,-0.858361,1,0.075215,0.602389,0.077329,0.600000,0.082028,0.600000,0.082028,0.600000,0.069115,0.029670,0.070789,0.031125,0.075115,0.032961,0.075115,0.032961,0,6.928371,0.078122,0.063456,0.038458,0.023792,0.600000,0.580000,0.311127,0.115994,0.848443,1
1772477908,962609712,-0.839046,-1.244056,3.060735,-1.008974,-1.406982,-0.845422,1,0.077674,0.612050,0.082028,0.600000,0.087891,0.600000,0.087891,0.600000,0.071149,0.031163,0.075115,0.032961,0.079441,0.037601,0.079441,0.037601,0,6.953957,0.082448,0.067782,0.040294,0.025628,0.600000,0.580000,0.311127,0.123043,0.839972,1
1772477908,987665994,-0.840765,-1.243661,3.076708,-1.008006,-1.408457,-0.829450,1,0.082817,0.621365,0.087891,0.600000,0.095513,0.600000,0.095513,0.600000,0.075681,0.033631,0.079441,0.037601,0.085336,0.042900,0.085336,0.042900,0,6.813874,0.086775,0.072108,0.044934,0.030268,0.600000,0.580000,0.311127,0.131836,0.828178,1
1772477909,37704890,-0.844647,-1.246174,3.106113,-1.003171,-1.409478,-0.800041,1,0.087820,0.593588,0.095513,0.600000,0.104156,0.586292,0.104156,0.586292,0.079442,0.037434,0.085336,0.042900,0.092670,0.047547,0.092670,0.047547,0,6.372659,0.092670,0.078003,0.050234,0.035567,0.600000,0.580000,0.311127,0.143269,0.806462,1
1772477909,62686599,-0.847648,-1.246066,3.120800,-0.996428,-1.413961,-0.785294,1,0.096580,0.658998,0.104156,0.586292,0.110803,0.566626,0.110803,0.566626,0.086207,0.043545,0.092670,0.047547,0.096257,0.054881,0.096257,0.054881,0,6.340503,0.100003,0.085336,0.054881,0.040214,0.600000,0.566292,0.311127,0.156233,0.798949,1
1772477909,112793508,-0.850702,-1.249140,-3.132874,-0.992096,-1.413856,-0.755782,1,0.103745,0.587913,0.110803,0.566626,0.118408,0.550340,0.118408,0.550340,0.092405,0.047164,0.096257,0.054881,0.103590,0.057355,0.103590,0.057355,0,5.828741,0.103590,0.088924,0.062214,0.047547,0.586626,0.546626,0.311127,0.166205,0.772487,1
1772477909,137823547,-0.853889,-1.250660,-3.117699,-0.988615,-1.414722,-0.740740,1,0.110995,0.572921,0.118408,0.550340,0.127360,0.547144,0.127360,0.547144,0.096269,0.055247,0.103590,0.057355,0.110924,0.062582,0.110924,0.062582,0,5.533149,0.110924,0.096257,0.064688,0.050022,0.570340,0.530340,0.311127,0.177613,0.763030,1
1772477909,162885317,-0.856866,-1.252346,-3.102442,-0.982999,-1.411253,-0.727862,1,0.119663,0.617318,0.127360,0.547144,0.134808,0.533214,0.134808,0.533214,0.104291,0.058674,0.110924,0.062582,0.118257,0.064718,0.118257,0.064718,0,5.025934,0.118257,0.103590,0.069915,0.055249,0.567144,0.527144,0.311127,0.191040,0.755632,1
1772477909,187835465,-0.860388,-1.254606,-3.088495,-0.978895,-1.412069,-0.713915,1,0.127392,0.550753,0.134808,0.533214,0.143577,0.529925,0.143577,0.529925,0.110541,0.063320,0.118257,0.064718,0.125590,0.069580,0.125590,0.069580,0,4.793156,0.125590,0.110924,0.072052,0.057385,0.553214,0.513214,0.311127,0.202212,0.746340,1
1772477909,237952908,-0.864559,-1.256819,-3.060788,-0.974097,-1.413302,-0.686073,1,0.134712,0.526668,0.143577,0.529925,0.151646,0.509925,0.151646,0.509925,0.117905,0.065160,0.125590,0.069580,0.132924,0.072992,0.132924,0.072992,0,4.449210,0.132924,0.118257,0.076913,0.062246,0.549925,0.509925,0.311127,0.215365,0.720533,1
1772477909,262927447,-0.867019,-1.259653,-3.047716,-0.965917,-1.411783,-0.670697,1,0.145673,0.594588,0.151646,0.509925,0.159031,0.497338,0.159031,0.497338,0.127254,0.070903,0.132924,0.072992,0.140257,0.074959,0.140257,0.074959,0,4.144293,0.140257,0.125590,0.080326,0.065659,0.529925,0.489925,0.311127,0.227469,0.711364,1
1772477909,287966697,-0.870170,-1.261577,-3.034862,-0.962312,-1.412575,-0.657843,1,0.151783,0.511063,0.159031,0.497338,0.167485,0.491568,0.167485,0.491568,0.132293,0.074409,0.140257,0.074959,0.147590,0.079173,0.147590,0.079173,0,3.963298,0.147590,0.132924,0.082293,0.067626,0.517338,0.477338,0.311127,0.238547,0.700134,1
1772477909,338003169,-0.876686,-1.265667,-3.007739,-0.954901,-1.414205,-0.630725,1,0.159573,0.499484,0.167485,0.491568,0.175033,0.471568,0.175033,0.471568,0.140314,0.075996,0.147590,0.079173,0.154924,0.081456,0.154924,0.081456,0,3.703328,0.154924,0.140257,0.086506,0.071840,0.511568,0.471568,0.311127,0.251228,0.676539,1
1772477909,363049492,-0.880406,-1.269763,-2.995802,-0.951626,-1.415106,-0.618880,1,0.173216,0.579026,0.175033,0.471568,0.183363,0.466227,0.183363,0.466227,0.152718,0.081738,0.154924,0.081456,0.162257,0.085408,0.162257,0.085408,0,3.548174,0.162257,0.147590,0.088790,0.074123,0.491568,0.451568,0.311127,0.262549,0.667572,1
1772477909,388012806,-0.883849,-1.271917,-2.984189,-0.947649,-1.415935,-0.607267,1,0.174606,0.470800,0.183363,0.466227,0.191707,0.458211,0.191707,0.458211,0.153713,0.082824,0.162257,0.085408,0.169590,0.089390,0.169590,0.089390,0,3.390630,0.169590,0.154924,0.092741,0.078074,0.486227,0.446227,0.311127,0.275044,0.657400,1
1772477909,438083953,-0.890778,-1.278983,-2.960312,-0.937867,-1.415510,-0.583310,1,0.183537,0.454906,0.191707,0.458211,0.198348,0.439539,0.198348,0.439539,0.161640,0.086939,0.169590,0.089390,0.176924,0.089665,0.176924,0.089665,0,3.144089,0.176924,0.162257,0.096724,0.082057,0.478211,0.438211,0.311127,0.287560,0.637236,1
1772477909,463068671,-0.894346,-1.280648,-2.949454,-0.936301,-1.414330,-0.570872,1,0.196067,0.514173,0.198348,0.439539,0.205488,0.432421,0.205488,0.432421,0.173255,0.091788,0.176924,0.089665,0.184257,0.090965,0.184257,0.090965,0,2.975767,0.184257,0.169590,0.096998,0.082331,0.459539,0.419539,0.311127,0.297521,0.626092,1
1772477909,488114684,-0.898469,-1.284097,-2.938881,-0.930937,-1.414686,-0.560298,1,0.196367,0.408939,0.205488,0.432421,0.213400,0.427619,0.213400,0.427619,0.174599,0.089863,0.184257,0.090965,0.191590,0.093981,0.191590,0.093981,0,2.857596,0.191590,0.176924,0.098298,0.083631,0.452421,0.412421,0.311127,0.308232,0.617648,1
1772477909,538147319,-0.906049,-1.290796,-2.916698,-0.920695,-1.415180,-0.538387,1,0.207047,0.419799,0.213400,0.427619,0.220242,0.411302,0.220242,0.411302,0.185254,0.092464,0.191590,0.093981,0.198924,0.094530,0.198924,0.094530,0,2.681716,0.198924,0.184257,0.101315,0.086648,0.447619,0.407619,0.311127,0.320099,0.597786,1
1772477909,563142208,-0.910960,-1.293606,-2.905330,-0.912449,-1.418577,-0.532646,1,0.209233,0.399016,0.220242,0.411302,0.229555,0.412963,0.229555,0.412963,0.186954,0.093951,0.198924,0.094530,0.206257,0.100765,0.206257,0.100765,0,2.660355,0.206257,0.191590,0.101863,0.087196,0.431302,0.391302,0.311127,0.330000,0.593660,1
1772477909,588174661,-0.915376,-1.298914,-2.895411,-0.905584,-1.417833,-0.522727,1,0.217272,0.405559,0.229555,0.412963,0.236470,0.418946,0.236470,0.418946,0.195428,0.094949,0.206257,0.100765,0.213590,0.101475,0.213590,0.101475,0,2.600763,0.213590,0.198924,0.108099,0.093432,0.432963,0.392963,0.311127,0.330000,0.584650,1
1772477909,638158381,-0.923442,-1.306482,-2.875401,-0.894440,-1.417842,-0.502723,1,0.217179,0.385284,0.236470,0.418946,0.241554,0.413909,0.241554,0.413909,0.194636,0.096352,0.213590,0.101475,0.220000,0.099741,0.220000,0.099741,0,2.502502,0.220000,0.206257,0.108809,0.094142,0.438946,0.398946,0.311127,0.330000,0.565464,1
1772477909,663137789,-0.928628,-1.310635,-2.866438,-0.885728,-1.414478,-0.493909,1,0.217522,0.375405,0.241554,0.413909,0.239696,0.404745,0.239696,0.404745,0.196024,0.094290,0.220000,0.099741,0.220000,0.095154,0.220000,0.095154,0,2.405924,0.220000,0.212667,0.107074,0.092407,0.433909,0.393909,0.311127,0.330000,0.557230,1
1772477909,688175605,-0.932009,-1.314757,-2.858318,-0.880431,-1.413867,-0.485788,1,0.218882,0.362974,0.239696,0.404745,0.238780,0.397322,0.238780,0.397322,0.198732,0.091732,0.220000,0.095154,0.220000,0.092822,0.220000,0.092822,0,2.355958,0.220000,0.212667,0.102487,0.087821,0.424745,0.384745,0.311127,0.330000,0.549109,1
1772477909,738184021,-0.941052,-1.321202,-2.840230,-0.869535,-1.415480,-0.467827,1,0.221455,0.369813,0.238780,0.397322,0.237699,0.383121,0.237699,0.383121,0.202664,0.089272,0.220000,0.092822,0.220000,0.090006,0.220000,0.090006,0,2.294870,0.220000,0.212667,0.100155,0.085488,0.417322,0.377322,0.311127,0.330000,0.531889,1
1772477909,763206606,-0.945199,-1.325668,-2.831415,-0.865767,-1.413947,-0.462472,1,0.222907,0.369327,0.237699,0.383121,0.236809,0.378355,0.236809,0.378355,0.205143,0.087200,0.220000,0.090006,0.220000,0.087626,0.220000,0.087626,0,2.242593,0.220000,0.212667,0.097339,0.082672,0.403121,0.363121,0.311127,0.330000,0.527250,1
1772477909,788184367,-0.948984,-1.329289,-2.821301,-0.860529,-1.413996,-0.452358,1,0.224919,0.366628,0.236809,0.378355,0.235979,0.369797,0.235979,0.369797,0.207563,0.086637,0.220000,0.087626,0.220000,0.085358,0.220000,0.085358,0,2.192232,0.220000,0.212667,0.094959,0.080292,0.398355,0.358355,0.311127,0.330000,0.517136,1
1772477909,838207757,-0.957863,-1.336695,-2.802168,-0.848988,-1.415016,-0.433106,1,0.227778,0.365752,0.235979,0.369797,0.234741,0.354511,0.234741,0.354511,0.210940,0.085949,0.220000,0.085358,0.220000,0.081873,0.220000,0.081873,0,2.113813,0.220000,0.212667,0.092691,0.078024,0.389797,0.349797,0.311127,0.330000,0.498374,1
1772477909,863249271,-0.961260,-1.340203,-2.793302,-0.843688,-1.418865,-0.420446,1,0.230016,0.357663,0.234741,0.354511,0.234753,0.345934,0.234753,0.345934,0.214037,0.084234,0.220000,0.081873,0.220000,0.081910,0.220000,0.081910,0,2.114653,0.220000,0.212667,0.089206,0.074539,0.374511,0.334511,0.311127,0.330000,0.486290,1
1772477909,888249998,-0.965494,-1.343662,-2.784157,-0.838240,-1.419322,-0.411301,1,0.232698,0.359585,0.234753,0.345934,0.234178,0.339011,0.234178,0.339011,0.217585,0.082493,0.220000,0.081910,0.220000,0.080246,0.220000,0.080246,0,2.076781,0.220000,0.212667,0.089243,0.074576,0.365934,0.325934,0.311127,0.330000,0.477729,1
1772477909,938259638,-0.973587,-1.349755,-2.766782,-0.828177,-1.420623,-0.394116,1,0.234468,0.350545,0.234178,0.339011,0.233241,0.325806,0.233241,0.325806,0.219120,0.083435,0.220000,0.080246,0.220000,0.077469,0.220000,0.077469,0,2.012976,0.220000,0.212667,0.087579,0.072912,0.359011,0.319011,0.311127,0.330000,0.460965,1
1772477909,963246446,-0.976675,-1.353714,-2.758655,-0.822900,-1.421857,-0.392608,1,0.234262,0.344633,0.233241,0.325806,0.233516,0.325122,0.233516,0.325122,0.219437,0.082013,0.220000,0.077469,0.220000,0.078291,0.220000,0.078291,0,2.031948,0.220000,0.212667,0.084802,0.070136,0.345806,0.305806,0.311127,0.330000,0.459457,1
1772477910,13240295,-0.984959,-1.360674,-2.742145,-0.812113,-1.422686,-0.376097,1,0.233139,0.320171,0.233516,0.325122,0.232556,0.312461,0.232556,0.312461,0.219604,0.078282,0.220000,0.078291,0.220000,0.075382,0.220000,0.075382,0,1.964527,0.220000,0.212667,0.085624,0.070958,0.345122,0.305122,0.311127,0.330000,0.443385,1
1772477910,38266510,-0.989894,-1.364242,-2.733487,-0.806096,-1.423583,-0.367495,1,0.234089,0.319769,0.232556,0.312461,0.232190,0.306239,0.232190,0.306239,0.220442,0.078760,0.220000,0.075382,0.220000,0.074244,0.220000,0.074244,0,1.937909,0.220000,0.212667,0.082716,0.068049,0.332461,0.292461,0.311127,0.330000,0.435242,1
1772477910,63350376,-0.993149,-1.367193,-2.725263,-0.801963,-1.423292,-0.361695,1,0.232523,0.306159,0.232190,0.306239,0.231738,0.301570,0.231738,0.301570,0.219521,0.076663,0.220000,0.074244,0.220000,0.072817,0.220000,0.072817,0,1.904367,0.220000,0.212667,0.081577,0.066911,0.326239,0.286239,0.311127,0.330000,0.429443,1
1772477910,88246463,-0.996616,-1.372074,-2.717247,-0.796067,-1.422248,-0.353680,1,0.232118,0.311859,0.231738,0.301570,0.230987,0.295221,0.230987,0.295221,0.219577,0.075264,0.220000,0.072817,0.220000,0.070391,0.220000,0.070391,0,1.846913,0.220000,0.212667,0.080150,0.065483,0.321570,0.281570,0.311127,0.330000,0.421769,1
1772477910,138280962,-1.006240,-1.379642,-2.701538,-0.783839,-1.423596,-0.337936,1,0.231372,0.296211,0.230987,0.295221,0.230325,0.283611,0.230325,0.283611,0.219298,0.073765,0.220000,0.070391,0.220000,0.068188,0.220000,0.068188,0,1.794258,0.220000,0.212667,0.077724,0.063058,0.315221,0.275221,0.311127,0.330000,0.406345,1
1772477910,163242579,-1.010540,-1.383232,-2.693352,-0.774968,-1.423190,-0.327839,1,0.230765,0.287453,0.230325,0.283611,0.229661,0.276003,0.229661,0.276003,0.219639,0.070790,0.220000,0.068188,0.220000,0.065909,0.220000,0.065909,0,1.739296,0.220000,0.212667,0.075522,0.060855,0.303611,0.263611,0.311127,0.330000,0.396590,1
1772477910,188257726,-1.013813,-1.386320,-2.685916,-0.770469,-1.423279,-0.320403,1,0.230362,0.284344,0.229661,0.276003,0.229238,0.270506,0.229238,0.270506,0.219742,0.069138,0.220000,0.065909,0.220000,0.064419,0.220000,0.064419,0,1.703123,0.220000,0.212667,0.073242,0.058576,0.296003,0.256003,0.311127,0.330000,0.389408,1
1772477910,238309921,-1.022784,-1.395647,-2.672138,-0.757538,-1.422922,-0.306633,1,0.229516,0.270183,0.229238,0.270506,0.228442,0.260186,0.228442,0.260186,0.219828,0.065978,0.220000,0.064419,0.220000,0.061530,0.220000,0.061530,0,1.632390,0.220000,0.212667,0.071753,0.057086,0.290506,0.250506,0.311127,0.330000,0.375856,1
1772477910,263255688,-1.026845,-1.399232,-2.664999,-0.752476,-1.424279,-0.300003,1,0.229444,0.268205,0.228442,0.260186,0.228350,0.255651,0.228350,0.255651,0.220045,0.064999,0.220000,0.061530,0.220000,0.061188,0.220000,0.061188,0,1.623974,0.220000,0.212667,0.068863,0.054196,0.280186,0.240186,0.311127,0.330000,0.369453,1
1772477910,288271353,-1.030621,-1.403527,-2.658603,-0.746771,-1.423861,-0.293608,1,0.228290,0.266979,0.228350,0.255651,0.227946,0.250780,0.227946,0.250780,0.219618,0.062324,0.220000,0.061188,0.220000,0.059659,0.220000,0.059659,0,1.586221,0.220000,0.212667,0.068521,0.053854,0.275651,0.235651,0.311127,0.330000,0.363058,1
1772477910,338405810,-1.038880,-1.412651,-2.645245,-0.734505,-1.423156,-0.280231,1,0.228396,0.266849,0.227946,0.250780,0.227168,0.240828,0.227168,0.240828,0.219817,0.062010,0.220000,0.059659,0.220000,0.056617,0.220000,0.056617,0,1.510481,0.220000,0.212667,0.066993,0.052326,0.270780,0.230780,0.311127,0.330000,0.349843,1
1772477910,363353019,-1.042497,-1.415096,-2.638184,-0.731412,-1.424828,-0.272056,1,0.227543,0.235513,0.227168,0.240828,0.227026,0.235138,0.227026,0.235138,0.219425,0.060237,0.220000,0.056617,0.220000,0.056044,0.220000,0.056044,0,1.496137,0.220000,0.212667,0.063950,0.049284,0.260828,0.220828,0.311127,0.330000,0.341792,1
1772477910,388377733,-1.047274,-1.419322,-2.631590,-0.725043,-1.425154,-0.265462,1,0.226729,0.238774,0.227026,0.235138,0.226783,0.230355,0.226783,0.230355,0.219562,0.056559,0.220000,0.056044,0.220000,0.055049,0.220000,0.055049,0,1.471139,0.220000,0.212667,0.063378,0.048711,0.255138,0.215138,0.311127,0.330000,0.335198,1
1772477910,438481952,-1.054623,-1.428475,-2.617955,-0.713387,-1.423763,-0.251826,1,0.226927,0.240173,0.226783,0.230355,0.225940,0.220288,0.225940,0.220288,0.219839,0.056273,0.220000,0.055049,0.220000,0.051466,0.220000,0.051466,0,1.380517,0.220000,0.212667,0.062382,0.047715,0.250355,0.210355,0.311127,0.330000,0.321746,1
1772477910,463530906,-1.057853,-1.432809,-2.612565,-0.708036,-1.423021,-0.246479,1,0.226515,0.213170,0.225940,0.220288,0.225603,0.216305,0.225603,0.216305,0.219783,0.054813,0.220000,0.051466,0.220000,0.049968,0.220000,0.049968,0,1.342351,0.220000,0.212667,0.058799,0.044132,0.240288,0.200288,0.311127,0.330000,0.316398,1
1772477910,488567748,-1.062712,-1.435416,-2.607067,-0.702178,-1.429485,-0.243241,1,0.226019,0.218178,0.225603,0.216305,0.226545,0.215009,0.226545,0.215009,0.220091,0.051424,0.220000,0.049968,0.220000,0.054060,0.220000,0.054060,0,1.446231,0.220000,0.212667,0.057302,0.042635,0.236305,0.196305,0.311127,0.330000,0.313196,1
1772477910,538662224,-1.070146,-1.442467,-2.597078,-0.691934,-1.429677,-0.233252,1,0.225599,0.222752,0.226545,0.215009,0.226149,0.207791,0.226149,0.207791,0.219907,0.050355,0.220000,0.054060,0.220000,0.052376,0.220000,0.052376,0,1.403637,0.220000,0.212667,0.061393,0.046727,0.235009,0.195009,0.311127,0.330000,0.303213,1
1772477910,563645731,-1.073727,-1.446170,-2.590674,-0.686784,-1.429552,-0.226848,1,0.226894,0.213701,0.226149,0.207791,0.225846,0.203131,0.225846,0.203131,0.220283,0.054374,0.220000,0.052376,0.220000,0.051055,0.220000,0.051055,0,1.370064,0.220000,0.212667,0.059709,0.045043,0.227791,0.187791,0.311127,0.330000,0.296809,1
1772477910,588747335,-1.077951,-1.450513,-2.584713,-0.680795,-1.429463,-0.220934,1,0.225521,0.204713,0.225846,0.203131,0.225592,0.198840,0.225592,0.198840,0.219189,0.053065,0.220000,0.051055,0.220000,0.049918,0.220000,0.049918,0,1.341060,0.220000,0.212667,0.058388,0.043722,0.223131,0.183131,0.311127,0.330000,0.290866,1
1772477910,638793008,-1.086269,-1.458882,-2.573178,-0.671902,-1.431160,-0.211360,1,0.226128,0.196823,0.225592,0.198840,0.225463,0.192150,0.225463,0.192150,0.220292,0.051041,0.220000,0.049918,0.220000,0.049329,0.220000,0.049329,0,1.326008,0.220000,0.212667,0.057251,0.042585,0.218840,0.178840,0.311127,0.330000,0.281242,1
1772477910,663818244,-1.090182,-1.464008,-2.568805,-0.665516,-1.430267,-0.206987,1,0.225099,0.188195,0.225463,0.192150,0.225177,0.188852,0.225177,0.188852,0.219583,0.049525,0.220000,0.049329,0.220000,0.048008,0.220000,0.048008,0,1.292124,0.220000,0.212667,0.056663,0.041996,0.212150,0.172150,0.311127,0.330000,0.276766,1
1772477910,688848520,-1.093794,-1.467296,-2.564646,-0.660635,-1.430468,-0.202828,1,0.225924,0.187281,0.225177,0.188852,0.225054,0.185913,0.225054,0.185913,0.220422,0.049554,0.220000,0.048008,0.220000,0.047429,0.220000,0.047429,0,1.277232,0.220000,0.212667,0.055341,0.040675,0.208852,0.168852,0.311127,0.330000,0.272607,1
1772477910,738963327,-1.101655,-1.474536,-2.552235,-0.649898,-1.430949,-0.190368,1,0.224835,0.183215,0.225054,0.185913,0.224640,0.177001,0.224640,0.177001,0.219751,0.047542,0.220000,0.047429,0.220000,0.045422,0.220000,0.045422,0,1.225445,0.220000,0.212667,0.054762,0.040095,0.205913,0.165913,0.311127,0.330000,0.260018,1
1772477910,763915906,-1.104915,-1.480731,-2.548465,-0.641464,-1.431972,-0.185088,1,0.224804,0.189672,0.224640,0.177001,0.224622,0.173302,0.224622,0.173302,0.219764,0.047334,0.220000,0.045422,0.220000,0.045330,0.220000,0.045330,0,1.223073,0.220000,0.212667,0.052755,0.038089,0.197001,0.157001,0.311127,0.330000,0.254605,1
1772477910,788995356,-1.108777,-1.484645,-2.543036,-0.635965,-1.431896,-0.179659,1,0.224208,0.177339,0.224622,0.173302,0.224416,0.169305,0.224416,0.169305,0.219547,0.045482,0.220000,0.045330,0.220000,0.044299,0.220000,0.044299,0,1.196345,0.220000,0.212667,0.052664,0.037997,0.193302,0.153302,0.311127,0.330000,0.248961,1
1772477910,839092396,-1.116748,-1.492741,-2.533403,-0.624606,-1.431727,-0.170026,1,0.224070,0.163805,0.224416,0.169305,0.224072,0.162347,0.224072,0.162347,0.219606,0.044506,0.220000,0.044299,0.220000,0.042526,0.220000,0.042526,0,1.150222,0.220000,0.212667,0.051632,0.036966,0.189305,0.149305,0.311127,0.330000,0.239094,1
1772477910,864052498,-1.120797,-1.496910,-2.528265,-0.618795,-1.431599,-0.164888,1,0.224971,0.170104,0.224072,0.162347,0.223888,0.158728,0.223888,0.158728,0.220519,0.044536,0.220000,0.042526,0.220000,0.041544,0.220000,0.041544,0,1.124600,0.220000,0.212667,0.049859,0.035193,0.182347,0.142347,0.311127,0.330000,0.233957,1
1772477910,889111116,-1.124857,-1.503304,-2.524345,-0.611381,-1.429884,-0.160953,1,0.224032,0.169256,0.223888,0.158728,0.223575,0.155695,0.223575,0.155695,0.219937,0.042640,0.220000,0.041544,0.220000,0.039820,0.220000,0.039820,0,1.079442,0.220000,0.212667,0.048878,0.034211,0.178728,0.138728,0.311127,0.330000,0.229809,1
1772477910,939194241,-1.131148,-1.510772,-2.515113,-0.600707,-1.428640,-0.151295,1,0.223411,0.150290,0.223575,0.155695,0.223137,0.148638,0.223137,0.148638,0.219901,0.039450,0.220000,0.039820,0.220000,0.037281,0.220000,0.037281,0,1.012601,0.220000,0.212667,0.047154,0.032487,0.175695,0.135695,0.311127,0.330000,0.219822,1
1772477910,964183271,-1.135700,-1.513722,-2.511152,-0.595394,-1.429732,-0.147334,1,0.224413,0.146510,0.223137,0.148638,0.223154,0.145736,0.223154,0.145736,0.220913,0.039477,0.220000,0.037281,0.220000,0.037383,0.220000,0.037383,0,1.015282,0.220000,0.212667,0.044615,0.029948,0.168638,0.128638,0.311127,0.330000,0.215514,1
1772477910,989218983,-1.139366,-1.517372,-2.507123,-0.590221,-1.429703,-0.143305,1,0.223671,0.148165,0.223154,0.145736,0.223039,0.142938,0.223039,0.142938,0.220571,0.037107,0.220000,0.037383,0.220000,0.036694,0.220000,0.036694,0,0.997091,0.220000,0.212667,0.044716,0.030050,0.165736,0.125736,0.311127,0.330000,0.211485,1
1772477911,39349358,-1.146254,-1.526241,-2.499553,-0.579090,-1.428217,-0.135735,1,0.223164,0.146641,0.223039,0.142938,0.222687,0.137409,0.222687,0.137409,0.220151,0.036545,0.220000,0.036694,0.220000,0.034489,0.220000,0.034489,0,0.938639,0.220000,0.212667,0.044028,0.029361,0.162938,0.122938,0.311127,0.330000,0.203626,1
1772477911,64284979,-1.150439,-1.530887,-2.495619,-0.572868,-1.427794,-0.131741,1,0.222911,0.138557,0.222687,0.137409,0.222549,0.134330,0.222549,0.134330,0.219842,0.036861,0.220000,0.034489,0.220000,0.033588,0.220000,0.033588,0,0.914695,0.220000,0.212667,0.041822,0.027155,0.157409,0.117409,0.311127,0.330000,0.199187,1
1772477911,89358530,-1.154967,-1.534217,-2.491147,-0.567785,-1.427299,-0.125732,1,0.222989,0.139448,0.222549,0.134330,0.222334,0.129831,0.222334,0.129831,0.220268,0.034729,0.220000,0.033588,0.220000,0.032134,0.220000,0.032134,0,0.875940,0.220000,0.212667,0.040922,0.026255,0.154330,0.114330,0.311127,0.330000,0.192702,1
1772477911,139496072,-1.161614,-1.542831,-2.483458,-0.557007,-1.425809,-0.118042,1,0.222265,0.119561,0.222334,0.129831,0.222021,0.124229,0.222021,0.124229,0.220022,0.031496,0.220000,0.032134,0.220000,0.029888,0.220000,0.029888,0,0.815869,0.220000,0.212667,0.039467,0.024801,0.149831,0.109831,0.311127,0.330000,0.184647,1
1772477911,164430646,-1.165100,-1.548212,-2.480049,-0.550749,-1.424411,-0.114634,1,0.222110,0.127738,0.222021,0.124229,0.221833,0.121833,0.221833,0.121833,0.219793,0.031994,0.220000,0.029888,0.220000,0.028461,0.220000,0.028461,0,0.777575,0.220000,0.212667,0.037221,0.022555,0.144229,0.104229,0.311127,0.330000,0.181239,1
1772477911,189469357,-1.169487,-1.551549,-2.476885,-0.545281,-1.425103,-0.111469,1,0.221698,0.121828,0.221833,0.121833,0.221834,0.119328,0.221834,0.119328,0.219711,0.029618,0.220000,0.028461,0.220000,0.028469,0.220000,0.028469,0,0.777778,0.220000,0.212667,0.035795,0.021128,0.141833,0.101833,0.311127,0.330000,0.177513,1
1772477911,239506311,-1.177435,-1.559525,-2.470679,-0.534139,-1.424987,-0.105276,1,0.222304,0.124772,0.221834,0.119328,0.221713,0.114690,0.221713,0.114690,0.220500,0.028267,0.220000,0.028469,0.220000,0.027504,0.220000,0.027504,0,0.751835,0.220000,0.212667,0.035802,0.021135,0.139328,0.099328,0.311127,0.330000,0.170706,1
1772477911,264544481,-1.181819,-1.564459,-2.467166,-0.529888,-1.424689,-0.102022,1,0.221811,0.119796,0.221713,0.114690,0.221622,0.112140,0.221622,0.112140,0.219948,0.028686,0.220000,0.027504,0.220000,0.026765,0.220000,0.026765,0,0.731927,0.220000,0.212667,0.034837,0.020171,0.134690,0.094690,0.311127,0.330000,0.166979,1
1772477911,289588731,-1.185617,-1.567922,-2.463073,-0.524751,-1.424880,-0.097929,1,0.221420,0.108271,0.221622,0.112140,0.221555,0.109359,0.221555,0.109359,0.219746,0.027176,0.220000,0.026765,0.220000,0.026207,0.220000,0.026207,0,0.716884,0.220000,0.212667,0.034098,0.019432,0.132140,0.092140,0.311127,0.330000,0.162887,1
1772477911,339647210,-1.192009,-1.576335,-2.457485,-0.514296,-1.423357,-0.092341,1,0.221909,0.104890,0.221555,0.109359,0.221348,0.105072,0.221348,0.105072,0.220443,0.025463,0.220000,0.026207,0.220000,0.024392,0.220000,0.024392,0,0.667869,0.220000,0.212667,0.033540,0.018874,0.129359,0.089359,0.311127,0.330000,0.156647,1
1772477911,364601774,-1.197738,-1.579930,-2.454175,-0.507690,-1.424807,-0.089031,1,0.221837,0.112558,0.221348,0.105072,0.221407,0.102377,0.221407,0.102377,0.220246,0.026524,0.220000,0.024392,0.220000,0.024919,0.220000,0.024919,0,0.682114,0.220000,0.212667,0.031726,0.017059,0.125072,0.085072,0.311127,0.330000,0.152589,1
1772477911,389661326,-1.201209,-1.582591,-2.451311,-0.503349,-1.425342,-0.086167,1,0.221791,0.107815,0.221407,0.102377,0.221397,0.100451,0.221397,0.100451,0.220482,0.024055,0.220000,0.024919,0.220000,0.024829,0.220000,0.024829,0,0.679673,0.220000,0.212667,0.032252,0.017586,0.122377,0.082377,0.311127,0.330000,0.149726,1
1772477911,439720242,-1.208145,-1.592229,-2.445840,-0.491907,-1.423096,-0.080737,1,0.220950,0.097255,0.221397,0.100451,0.221157,0.096286,0.221157,0.096286,0.219575,0.024611,0.220000,0.024829,0.220000,0.022597,0.220000,0.022597,0,0.619237,0.220000,0.212667,0.032162,0.017495,0.120451,0.080451,0.311127,0.330000,0.143673,1
1772477911,464731704,-1.211856,-1.596286,-2.443418,-0.491436,-1.418402,-0.079100,1,0.221335,0.108423,0.221157,0.096286,0.220827,0.094563,0.220827,0.094563,0.219972,0.024525,0.220000,0.022597,0.220000,0.019098,0.220000,0.019098,0,0.524147,0.220000,0.212667,0.029930,0.015263,0.116286,0.076286,0.311127,0.330000,0.141314,1
1772477911,489723064,-1.215421,-1.599888,-2.440474,-0.486369,-1.418334,-0.076155,1,0.220702,0.076412,0.220827,0.094563,0.220786,0.092576,0.220786,0.092576,0.219951,0.018182,0.220000,0.019098,0.220000,0.018613,0.220000,0.018613,0,0.510935,0.220000,0.212667,0.026431,0.011765,0.114563,0.074563,0.311127,0.330000,0.138369,1
1772477911,539741044,-1.222753,-1.608564,-2.435721,-0.475058,-1.417292,-0.071403,1,0.220298,0.099506,0.220786,0.092576,0.220682,0.088758,0.220682,0.088758,0.219522,0.018477,0.220000,0.018613,0.220000,0.017333,0.220000,0.017333,0,0.476029,0.220000,0.212667,0.025947,0.011280,0.112576,0.072576,0.311127,0.330000,0.132725,1
1772477911,564829272,-1.226661,-1.613297,-2.432593,-0.468952,-1.416660,-0.068275,1,0.220753,0.088187,0.220682,0.088758,0.220615,0.086096,0.220615,0.086096,0.219946,0.018854,0.220000,0.017333,0.220000,0.016468,0.220000,0.016468,0,0.452401,0.220000,0.212667,0.024667,0.010000,0.108758,0.068758,0.311127,0.330000,0.128784,1
1772477911,589865217,-1.231259,-1.618572,-2.429970,-0.461975,-1.416124,-0.065652,1,0.220472,0.081304,0.220615,0.086096,0.220568,0.083811,0.220568,0.083811,0.219891,0.015991,0.220000,0.016468,0.220000,0.015814,0.220000,0.015814,0,0.434513,0.220000,0.212667,0.023801,0.009135,0.106096,0.066096,0.311127,0.330000,0.125393,1
1772477911,639866058,-1.238446,-1.626674,-2.424647,-0.451169,-1.415389,-0.060329,1,0.220947,0.082798,0.220568,0.083811,0.220483,0.079522,0.220483,0.079522,0.220386,0.015742,0.220000,0.015814,0.220000,0.014580,0.220000,0.014580,0,0.400761,0.220000,0.212667,0.023147,0.008480,0.103811,0.063811,0.311127,0.330000,0.119022,1
1772477911,664855208,-1.242791,-1.630454,-2.422659,-0.445421,-1.415742,-0.058341,1,0.220551,0.079073,0.220483,0.079522,0.220484,0.078195,0.220484,0.078195,0.219996,0.015630,0.220000,0.014580,0.220000,0.014605,0.220000,0.014605,0,0.401454,0.220000,0.212667,0.021913,0.007246,0.099522,0.059522,0.311127,0.330000,0.117035,1
1772477911,689912232,-1.246623,-1.634335,-2.420734,-0.440060,-1.415734,-0.056430,1,0.220285,0.082490,0.220484,0.078195,0.220470,0.076205,0.220470,0.076205,0.219810,0.014460,0.220000,0.014605,0.220000,0.014388,0.220000,0.014388,0,0.395509,0.220000,0.212667,0.021938,0.007272,0.098195,0.058195,0.311127,0.330000,0.114064,1
1772477911,739953558,-1.253708,-1.641704,-2.416318,-0.431916,-1.417062,-0.052328,1,0.220464,0.081893,0.220470,0.076205,0.220490,0.072893,0.220490,0.072893,0.220008,0.014163,0.220000,0.014388,0.220000,0.014685,0.220000,0.014685,0,0.403658,0.220000,0.212667,0.021721,0.007054,0.096205,0.056205,0.311127,0.330000,0.109096,1
1772477911,764947341,-1.258495,-1.644651,-2.413348,-0.426437,-1.418321,-0.049358,1,0.219848,0.073229,0.220490,0.072893,0.220516,0.070917,0.220516,0.070917,0.219393,0.014147,0.220000,0.014685,0.220000,0.015082,0.220000,0.015082,0,0.414500,0.220000,0.212667,0.022019,0.007352,0.092893,0.052893,0.311127,0.330000,0.106127,1
1772477911,789993746,-1.261773,-1.649058,-2.411473,-0.421009,-1.417480,-0.047483,1,0.220537,0.080003,0.220516,0.070917,0.220465,0.068894,0.220465,0.068894,0.220018,0.015123,0.220000,0.015082,0.220000,0.014311,0.220000,0.014311,0,0.393403,0.220000,0.212667,0.022415,0.007748,0.090917,0.050917,0.311127,0.330000,0.103124,1
1772477911,840004197,-1.271142,-1.658545,-2.407007,-0.407678,-1.417293,-0.043017,1,0.220187,0.063203,0.220465,0.068894,0.220426,0.065042,0.220426,0.065042,0.219737,0.014067,0.220000,0.014311,0.220000,0.013696,0.220000,0.013696,0,0.376561,0.220000,0.212667,0.021644,0.006977,0.088894,0.048894,0.311127,0.330000,0.097374,1
1772477911,865085974,-1.274732,-1.662740,-2.405758,-0.402176,-1.416822,-0.041768,1,0.220766,0.074581,0.220426,0.065042,0.220402,0.063448,0.220402,0.063448,0.220314,0.014122,0.220000,0.013696,0.220000,0.013305,0.220000,0.013305,0,0.365871,0.220000,0.212667,0.021029,0.006362,0.085042,0.045042,0.311127,0.330000,0.094998,1
1772477911,890033295,-1.278887,-1.667381,-2.404419,-0.395959,-1.416430,-0.040429,1,0.220097,0.060760,0.220402,0.063448,0.220382,0.062548,0.220382,0.062548,0.219698,0.013241,0.220000,0.013305,0.220000,0.012971,0.220000,0.012971,0,0.356722,0.220000,0.212667,0.020639,0.005972,0.083448,0.043448,0.311127,0.330000,0.093660,1
1772477911,940141832,-1.286380,-1.673705,-2.399830,-0.386182,-1.417180,-0.035840,1,0.220338,0.072717,0.220382,0.062548,0.220372,0.058742,0.220372,0.058742,0.219954,0.012990,0.220000,0.012971,0.220000,0.012805,0.220000,0.012805,0,0.352162,0.220000,0.212667,0.020305,0.005638,0.082548,0.042548,0.311127,0.330000,0.087965,1
1772477911,965111460,-1.289767,-1.678057,-2.398234,-0.380861,-1.416588,-0.034452,1,0.220433,0.063112,0.220372,0.058742,0.220343,0.056819,0.220343,0.056819,0.220044,0.013093,0.220000,0.012805,0.220000,0.012287,0.220000,0.012287,0,0.337962,0.220000,0.212667,0.020138,0.005472,0.078742,0.038742,0.311127,0.330000,0.085096,1
1772477911,990184887,-1.295339,-1.682131,-2.395780,-0.377844,-1.421093,-0.037390,1,0.220412,0.047637,0.220343,0.056819,0.220585,0.058845,0.220585,0.058845,0.220095,0.011816,0.220000,0.012287,0.220000,0.016053,0.220000,0.016053,0,0.441046,0.220000,0.212667,0.019620,0.004954,0.076819,0.036819,0.311127,0.330000,0.088033,1
1772477912,40194885,-1.301671,-1.690114,-2.393644,-0.367725,-1.419903,-0.035253,1,0.221206,0.055624,0.220585,0.058845,0.220519,0.056377,0.220519,0.056377,0.220618,0.016119,0.220000,0.016053,0.220000,0.015124,0.220000,0.015124,0,0.415663,0.220000,0.212667,0.023386,0.008719,0.078845,0.038845,0.311127,0.330000,0.084366,1
1772477912,65158401,-1.306258,-1.693877,-2.391972,-0.361819,-1.420472,-0.033582,1,0.220036,0.058071,0.220519,0.056377,0.220533,0.054405,0.220533,0.054405,0.219460,0.015904,0.220000,0.015124,0.220000,0.015329,0.220000,0.015329,0,0.421258,0.220000,0.212667,0.022458,0.007791,0.076377,0.036377,0.311127,0.330000,0.081410,1
1772477912,90243418,-1.309406,-1.698323,-2.389861,-0.356451,-1.419543,-0.031471,1,0.220973,0.053265,0.220533,0.054405,0.220472,0.052980,0.220472,0.052980,0.220460,0.015058,0.220000,0.015329,0.220000,0.014415,0.220000,0.014415,0,0.396258,0.220000,0.212667,0.022662,0.007995,0.074405,0.034405,0.311127,0.330000,0.079299,1
1772477912,140258645,-1.316906,-1.706015,-2.387626,-0.345709,-1.419384,-0.029235,1,0.220535,0.052967,0.220472,0.052980,0.220455,0.049332,0.220455,0.049332,0.220056,0.014527,0.220000,0.014415,0.220000,0.014153,0.220000,0.014153,0,0.389086,0.220000,0.212667,0.021748,0.007082,0.072980,0.032980,0.311127,0.330000,0.073846,1
1772477912,165228769,-1.320534,-1.711140,-2.386349,-0.339522,-1.418311,-0.027958,1,0.220565,0.043838,0.220455,0.049332,0.220404,0.048468,0.220404,0.048468,0.220130,0.013840,0.220000,0.014153,0.220000,0.013343,0.220000,0.013343,0,0.366891,0.220000,0.212667,0.021486,0.006820,0.069332,0.029332,0.311127,0.330000,0.072569,1
1772477912,190302545,-1.325130,-1.713414,-2.385380,-0.334661,-1.419942,-0.026990,1,0.220089,0.048633,0.220404,0.048468,0.220468,0.046635,0.220468,0.046635,0.219629,0.014215,0.220000,0.013343,0.220000,0.014365,0.220000,0.014365,0,0.394888,0.220000,0.212667,0.020676,0.006009,0.068468,0.028468,0.311127,0.330000,0.069805,1
1772477912,240414260,-1.331918,-1.721370,-2.382439,-0.324237,-1.419094,-0.024048,1,0.220189,0.054482,0.220468,0.046635,0.220411,0.043591,0.220411,0.043591,0.219763,0.013691,0.220000,0.014365,0.220000,0.013449,0.220000,0.013449,0,0.369809,0.220000,0.212667,0.021698,0.007032,0.066635,0.026635,0.311127,0.330000,0.065265,1
1772477912,265305401,-1.334401,-1.724884,-2.382079,-0.320035,-1.418314,-0.023671,1,0.220129,0.044704,0.220411,0.043591,0.220382,0.043333,0.220382,0.043333,0.219668,0.014232,0.220000,0.013449,0.220000,0.012962,0.220000,0.012962,0,0.356469,0.220000,0.212667,0.020782,0.006116,0.063591,0.023591,0.311127,0.330000,0.064888,1
1772477912,290361910,-1.338996,-1.730145,-2.380953,-0.314254,-1.416500,-0.021999,1,0.220347,0.040588,0.220382,0.043333,0.220302,0.041067,0.220302,0.041067,0.219923,0.013656,0.220000,0.012962,0.220000,0.011541,0.220000,0.011541,0,0.317487,0.220000,0.212667,0.020296,0.005629,0.063333,0.023333,0.311127,0.330000,0.061516,1
1772477912,340386568,-1.346094,-1.738564,-2.379247,-0.303284,-1.415536,-0.020293,1,0.220711,0.042218,0.220302,0.041067,0.220265,0.038483,0.220265,0.038483,0.220349,0.012638,0.220000,0.011541,0.220000,0.010811,0.220000,0.010811,0,0.297471,0.220000,0.212667,0.018874,0.004207,0.061067,0.021067,0.311127,0.330000,0.057655,1
1772477912,365417599,-1.349683,-1.742784,-2.378928,-0.297763,-1.415075,-0.019974,1,0.219885,0.042416,0.220265,0.038483,0.220254,0.036768,0.220254,0.036768,0.219588,0.011429,0.220000,0.010811,0.220000,0.010575,0.220000,0.010575,0,0.290983,0.220000,0.212667,0.018145,0.003478,0.058483,0.018483,0.311127,0.330000,0.055089,1
1772477912,390465969,-1.352864,-1.747386,-2.377467,-0.292263,-1.414055,-0.018513,1,0.220581,0.039325,0.220254,0.036768,0.220214,0.035786,0.220214,0.035786,0.220325,0.010624,0.220000,0.010575,0.220000,0.009704,0.220000,0.009704,0,0.267077,0.220000,0.212667,0.017908,0.003242,0.056768,0.016768,0.311127,0.330000,0.053627,1
1772477912,440503701,-1.361016,-1.754836,-2.374814,-0.281229,-1.414520,-0.015860,1,0.219851,0.041514,0.220214,0.035786,0.220213,0.032682,0.220213,0.032682,0.219587,0.010773,0.220000,0.009704,0.220000,0.009687,0.220000,0.009687,0,0.266592,0.220000,0.212667,0.017038,0.002371,0.055786,0.015786,0.311127,0.330000,0.048976,1
1772477912,465471420,-1.364093,-1.759358,-2.373953,-0.275859,-1.413484,-0.014999,1,0.220874,0.034625,0.220213,0.032682,0.220181,0.030697,0.220181,0.030697,0.220682,0.009205,0.220000,0.009687,0.220000,0.008923,0.220000,0.008923,0,0.245619,0.220000,0.212667,0.017020,0.002353,0.052682,0.012682,0.311127,0.330000,0.046008,1
1772477912,490540640,-1.368363,-1.764004,-2.373176,-0.269555,-1.413201,-0.014222,1,0.219649,0.027807,0.220181,0.030697,0.220172,0.030178,0.220172,0.030178,0.219445,0.009466,0.220000,0.008923,0.220000,0.008699,0.220000,0.008699,0,0.239442,0.220000,0.212667,0.016257,0.001590,0.050697,0.010697,0.311127,0.330000,0.045231,1
1772477912,540608258,-1.375675,-1.771378,-2.371166,-0.259171,-1.413129,-0.012212,1,0.220391,0.027205,0.220172,0.030178,0.220161,0.025446,0.220161,0.025446,0.220207,0.008988,0.220000,0.008699,0.220000,0.008415,0.220000,0.008415,0,0.231648,0.220000,0.212667,0.016032,0.001365,0.050178,0.010178,0.311127,0.330000,0.038141,1
1772477912,565587019,-1.379082,-1.775928,-2.369488,-0.253620,-1.412121,-0.010443,1,0.219941,0.036964,0.220161,0.025446,0.220126,0.024262,0.220126,0.024262,0.219761,0.008894,0.220000,0.008415,0.220000,0.007454,0.220000,0.007454,0,0.205235,0.220000,0.212667,0.015748,0.001082,0.045446,0.005446,0.311127,0.330000,0.036371,1
1772477912,590657973,-1.383571,-1.779789,-2.368460,-0.250087,-1.406626,-0.006506,1,0.220667,0.028244,0.220126,0.024262,0.220020,0.021625,0.220020,0.021625,0.220523,0.007966,0.220000,0.007454,0.220000,0.002988,0.220000,0.002988,0,0.082300,0.220000,0.212667,0.014788,0.000121,0.044262,0.004262,0.311127,0.330000,0.032434,1
1772477912,640730562,-1.390247,-1.789025,-2.368577,-0.238847,-1.404751,-0.006623,1,0.219623,0.024311,0.220020,0.021625,0.220009,0.018083,0.220009,0.018083,0.219499,0.007391,0.220000,0.002988,0.220000,0.001945,0.220000,0.001945,0,0.053581,0.220000,0.212667,0.010321,-0.004346,0.041625,0.001625,0.311127,0.330000,0.027124,1
1772477912,665717033,-1.393704,-1.792626,-2.367386,-0.233857,-1.404620,-0.005432,1,0.219793,0.002764,0.220009,0.018083,0.220006,0.017289,0.220006,0.017289,0.219781,0.002287,0.220000,0.001945,0.220000,0.001669,0.220000,0.001669,0,0.045968,0.220000,0.212667,0.009278,-0.005388,0.038083,-0.001917,0.311127,0.330000,0.025933,1
1772477912,690722994,-1.397114,-1.796167,-2.366368,-0.228942,-1.404499,-0.004415,1,0.220001,0.018899,0.220006,0.017289,0.220005,0.014732,0.220005,0.014732,0.219997,0.001404,0.220000,0.001669,0.220000,0.001433,0.220000,0.001433,0,0.039478,0.220000,0.212667,0.009002,-0.005665,0.037289,-0.002711,0.311127,0.330000,0.022097,1
1772477912,740809838,-1.405160,-1.805161,-2.364492,-0.216897,-1.403759,-0.002538,1,0.219965,0.022289,0.220005,0.014732,0.220001,0.011487,0.220001,0.011487,0.219957,0.001867,0.220000,0.001433,0.220000,0.000673,0.220000,0.000673,0,0.018550,0.220000,0.212667,0.008766,-0.005900,0.034732,-0.005268,0.311127,0.330000,0.017231,1
1772477912,765988312,-1.408308,-1.808175,-2.362947,-0.212539,-1.403829,-0.000993,1,0.219934,0.006681,0.220001,0.011487,0.220000,0.010457,0.220000,0.010457,0.219934,0.000000,0.220000,0.000673,0.220000,0.000427,0.220000,0.000427,0,0.011767,0.220000,0.212667,0.008007,-0.006660,0.031487,-0.008513,0.311127,0.330000,0.015686,1
1772477912,790869136,-1.413084,-1.813539,-2.362716,-0.205372,-1.403372,-0.000762,1,0.219654,0.014785,0.220000,0.010457,0.220000,0.008113,0.220000,0.008113,0.219654,0.000000,0.220000,0.000427,0.220000,0.000137,0.220000,0.000137,0,0.003783,0.220000,0.212667,0.007760,-0.006906,0.030457,-0.009543,0.311127,0.330000,0.012169,1
1772477912,840891026,-1.420241,-1.821661,-2.361511,-0.194572,-1.402628,0.000442,1,0.220424,0.012360,0.220000,0.008113,0.220001,0.004840,0.220001,0.004840,0.220424,0.000000,0.220000,0.000137,0.220000,-0.000545,0.220000,-0.000545,0,-0.015015,0.220000,0.212667,0.007471,-0.007196,0.028113,-0.011887,0.311127,0.330000,0.007261,1
1772477912,865873630,-1.425074,-1.826392,-2.361350,-0.187809,-1.402661,0.000604,1,0.220157,-0.002158,0.220001,0.004840,0.220001,0.002192,0.220001,0.002192,0.220157,0.000000,0.220000,-0.000545,0.220000,-0.000525,0.220000,-0.000525,0,-0.014449,0.220000,0.212667,0.006788,-0.007878,0.024840,-0.015160,0.311127,0.330000,0.003288,1
1772477912,890914844,-1.429270,-1.831310,-2.361548,-0.181256,-1.402189,0.000649,1,0.220107,0.004149,0.220001,0.002192,0.220002,-0.000392,0.220002,-0.000392,0.220107,0.000000,0.220000,-0.000525,0.220000,-0.000826,0.220000,-0.000826,0,-0.022757,0.220000,0.212667,0.006809,-0.007858,0.022192,-0.017808,0.311127,0.330000,-0.000589,1
1772477912,941034163,-1.436669,-1.840127,-2.360814,-0.166751,-1.403141,0.008109,1,0.219593,0.000000,0.220002,-0.000392,0.220008,-0.008091,0.220008,-0.008091,0.219593,0.000000,0.220000,-0.000826,0.220000,-0.001828,0.220000,-0.001828,0,-0.050351,0.220000,0.212667,0.006507,-0.008159,0.019608,-0.020392,0.311127,0.330000,-0.012136,1
1772477912,965983884,-1.440770,-1.845786,-2.360102,-0.159864,-1.401951,0.008821,1,0.220502,-0.002681,0.220008,-0.008091,0.220018,-0.011478,0.220018,-0.011478,0.220499,-0.001081,0.220000,-0.001828,0.220000,-0.002794,0.220000,-0.002794,0,-0.076961,0.220000,0.212667,0.005506,-0.009161,0.011909,-0.028091,0.311127,0.330000,-0.017216,1
1772477912,991088870,-1.445314,-1.849004,-2.359328,-0.154363,-1.402819,0.009595,1,0.219821,-0.012864,0.220018,-0.011478,0.220013,-0.011994,0.220013,-0.011994,0.219814,-0.001735,0.220000,-0.002794,0.220000,-0.002408,0.220000,-0.002408,0,-0.066341,0.220000,0.212667,0.004539,-0.010127,0.008522,-0.031478,0.311127,0.330000,-0.017990,1
1772477913,41071379,-1.456843,-1.865118,-2.359629,-0.134860,-1.399328,0.009294,1,0.219775,-0.018353,0.220013,-0.011994,0.220053,-0.018255,0.220053,-0.018255,0.219754,-0.003011,0.220000,-0.002408,0.220000,-0.004831,0.220000,-0.004831,0,-0.133042,0.220000,0.212667,0.004925,-0.009742,0.008006,-0.031994,0.311127,0.330000,-0.027376,1
1772477913,66046105,-1.462540,-1.874523,-2.359023,-0.124215,-1.396571,0.009900,1,0.220467,-0.010102,0.220053,-0.018255,0.220110,-0.022252,0.220110,-0.022252,0.220452,-0.002556,0.220000,-0.004831,0.220000,-0.006945,0.220000,-0.006945,0,-0.191238,0.220000,0.212667,0.002503,-0.012164,0.001745,-0.038255,0.311127,0.330000,-0.033362,1
1772477913,91105832,-1.467461,-1.879782,-2.358455,-0.117020,-1.396240,0.010469,1,0.219807,-0.016024,0.220110,-0.022252,0.220125,-0.026493,0.220125,-0.026493,0.219757,-0.004677,0.220000,-0.006945,0.220000,-0.007416,0.220000,-0.007416,0,-0.204169,0.220000,0.212667,0.000388,-0.014279,-0.002252,-0.042252,0.311127,0.330000,-0.039717,1
1772477913,141185030,-1.475058,-1.886897,-2.357674,-0.106614,-1.396448,0.011249,1,0.219599,-0.012450,0.220125,-0.026493,0.220133,-0.031173,0.220133,-0.031173,0.219478,-0.007280,0.220000,-0.007416,0.220000,-0.007660,0.220000,-0.007660,0,-0.210900,0.220000,0.212667,-0.000082,-0.014749,-0.006493,-0.046493,0.311127,0.330000,-0.046731,1
1772477913,166167758,-1.479311,-1.889197,-2.358213,-0.101963,-1.397770,0.010710,1,0.220464,-0.020086,0.220133,-0.031173,0.220104,-0.035296,0.220104,-0.035296,0.220350,-0.007094,0.220000,-0.007660,0.220000,-0.006770,0.220000,-0.006770,0,-0.186421,0.220000,0.212667,-0.000327,-0.014994,-0.011173,-0.051173,0.311127,0.330000,-0.052919,1
1772477913,191276727,-1.482974,-1.893905,-2.358350,-0.096054,-1.396955,0.010573,1,0.220295,-0.030427,0.220104,-0.035296,0.220126,-0.035208,0.220126,-0.035208,0.220165,-0.007553,0.220000,-0.006770,0.220000,-0.007436,0.220000,-0.007436,0,-0.204741,0.220000,0.212667,0.000563,-0.014104,-0.015296,-0.055296,0.311127,0.330000,-0.052782,1
1772477913,241251332,-1.491184,-1.903413,-2.358515,-0.079901,-1.395082,0.010641,1,0.219838,-0.040578,0.220126,-0.035208,0.220193,-0.045370,0.220193,-0.045370,0.219728,-0.006964,0.220000,-0.007436,0.220000,-0.009213,0.220000,-0.009213,0,-0.253571,0.220000,0.212667,-0.000103,-0.014770,-0.015208,-0.055208,0.311127,0.330000,-0.067996,1
1772477913,266245863,-1.495804,-1.907595,-2.358820,-0.073673,-1.395310,0.010336,1,0.220542,-0.029300,0.220193,-0.045370,0.220193,-0.050868,0.220193,-0.050868,0.220430,-0.007047,0.220000,-0.009213,0.220000,-0.009223,0.220000,-0.009223,0,-0.253854,0.220000,0.212667,-0.001879,-0.016546,-0.025370,-0.065370,0.311127,0.330000,-0.076234,1
1772477913,291294958,-1.499602,-1.911169,-2.359730,-0.068460,-1.395402,0.009425,1,0.220417,-0.045678,0.220193,-0.050868,0.220191,-0.050259,0.220191,-0.050259,0.220218,-0.009352,0.220000,-0.009223,0.220000,-0.009175,0.220000,-0.009175,0,-0.252541,0.220000,0.212667,-0.001890,-0.016556,-0.030868,-0.070868,0.311127,0.330000,-0.075324,1
1772477913,341344039,-1.507379,-1.919624,-2.361504,-0.056989,-1.394773,0.007651,1,0.220018,-0.047641,0.220191,-0.050259,0.220215,-0.055278,0.220215,-0.055278,0.219821,-0.009325,0.220000,-0.009175,0.220000,-0.009725,0.220000,-0.009725,0,-0.267637,0.220000,0.212667,-0.001842,-0.016509,-0.030259,-0.070259,0.311127,0.330000,-0.082837,1
1772477913,366322768,-1.511853,-1.922914,-2.363111,-0.051489,-1.395539,0.006044,1,0.220154,-0.051942,0.220215,-0.055278,0.220190,-0.060949,0.220190,-0.060949,0.219969,-0.009034,0.220000,-0.009725,0.220000,-0.009146,0.220000,-0.009146,0,-0.251751,0.220000,0.212667,-0.002391,-0.017058,-0.035278,-0.075278,0.311127,0.330000,-0.091344,1
1772477913,391362125,-1.515263,-1.926371,-2.364220,-0.046633,-1.395443,0.004936,1,0.220493,-0.049095,0.220190,-0.060949,0.220193,-0.060210,0.220193,-0.060210,0.220296,-0.009339,0.220000,-0.009146,0.220000,-0.009226,0.220000,-0.009226,0,-0.253929,0.220000,0.212667,-0.001813,-0.016480,-0.040949,-0.080949,0.311127,0.330000,-0.090236,1
1772477913,441422194,-1.522958,-1.934545,-2.366840,-0.035418,-1.394959,0.002315,1,0.220785,-0.062011,0.220193,-0.060210,0.220212,-0.074881,0.220212,-0.074881,0.220584,-0.009415,0.220000,-0.009226,0.220000,-0.009654,0.220000,-0.009654,0,-0.265701,0.220000,0.212667,-0.001892,-0.016559,-0.040210,-0.080210,0.311127,0.330000,-0.112213,1
1772477913,466554209,-1.527376,-1.938717,-2.368429,-0.029342,-1.395054,0.000727,1,0.220222,-0.074367,0.220212,-0.074881,0.220212,-0.073821,0.220212,-0.073821,0.220014,-0.009579,0.220000,-0.009654,0.220000,-0.009658,0.220000,-0.009658,0,-0.265805,0.220000,0.212667,-0.002321,-0.016988,-0.054881,-0.094881,0.311127,0.330000,-0.110625,1
1772477913,491432299,-1.531019,-1.942464,-2.369180,-0.024119,-1.394913,-0.000025,1,0.220014,-0.073841,0.220212,-0.073821,0.220226,-0.082870,0.220226,-0.082870,0.219815,-0.009356,0.220000,-0.009658,0.220000,-0.009970,0.220000,-0.009970,0,-0.274374,0.220000,0.212667,-0.002325,-0.016991,-0.053821,-0.093821,0.311127,0.330000,-0.124178,1
1772477913,541553420,-1.538950,-1.950858,-2.372248,-0.012526,-1.393636,-0.003138,1,0.220463,-0.073469,0.220226,-0.082870,0.220279,-0.090936,0.220279,-0.090936,0.220259,-0.009487,0.220000,-0.009970,0.220000,-0.011083,0.220000,-0.011083,0,-0.304919,0.220000,0.212667,-0.002637,-0.017303,-0.062870,-0.102870,0.311127,0.330000,-0.136231,1
1772477913,566505169,-1.543737,-1.955441,-2.374919,-0.005899,-1.393694,-0.005808,1,0.220417,-0.094299,0.220279,-0.090936,0.220277,-0.101575,0.220277,-0.101575,0.220175,-0.010333,0.220000,-0.011083,0.220000,-0.011052,0.220000,-0.011052,0,-0.304083,0.220000,0.212667,-0.003749,-0.018416,-0.070936,-0.110936,0.311127,0.330000,-0.152171,1
1772477913,591551566,-1.547774,-1.958369,-2.376254,-0.000964,-1.394415,-0.007144,1,0.220393,-0.087155,0.220277,-0.101575,0.220263,-0.100677,0.220263,-0.100677,0.220107,-0.011231,0.220000,-0.011052,0.220000,-0.010766,0.220000,-0.010766,0,-0.296221,0.220000,0.212667,-0.003719,-0.018385,-0.081575,-0.121575,0.311127,0.330000,-0.150835,1
1772477913,641610086,-1.557164,-1.966642,-2.380711,0.011535,-1.395043,-0.011601,1,0.220052,-0.101861,0.220263,-0.100677,0.220262,-0.111817,0.220262,-0.111817,0.219781,-0.010909,0.220000,-0.010766,0.220000,-0.010730,0.220000,-0.010730,0,-0.295243,0.220000,0.212667,-0.003432,-0.018099,-0.080677,-0.120677,0.311127,0.330000,-0.167527,1
1772477913,666569918,-1.560857,-1.971133,-2.383305,0.017314,-1.394404,-0.014195,1,0.219908,-0.099899,0.220262,-0.111817,0.220290,-0.126117,0.220290,-0.126117,0.219651,-0.010634,0.220000,-0.010730,0.220000,-0.011309,0.220000,-0.011309,0,-0.311140,0.220000,0.212667,-0.003397,-0.018063,-0.091817,-0.131817,0.311127,0.330000,-0.188926,1
1772477913,691590525,-1.564481,-1.974780,-2.385793,0.022455,-1.394321,-0.016683,1,0.220083,-0.119796,0.220290,-0.126117,0.220300,-0.143242,0.220300,-0.143242,0.219810,-0.010957,0.220000,-0.011309,0.220000,-0.011484,0.220000,-0.011484,0,-0.315929,0.220000,0.212667,-0.003976,-0.018643,-0.106117,-0.146117,0.311127,0.330000,-0.214572,1
1772477913,716626663,-1.569288,-1.978730,-2.388519,0.028654,-1.394847,-0.019409,1,0.220338,-0.131215,0.220300,-0.143242,0.220297,-0.141421,0.220297,-0.141421,0.220028,-0.011686,0.220000,-0.011484,0.220000,-0.011436,0.220000,-0.011436,0,-0.314607,0.220000,0.212667,-0.004150,-0.018817,-0.123242,-0.163242,0.311127,0.330000,-0.211845,1
1772477913,766671974,-1.577547,-1.985267,-2.394186,0.039131,-1.395930,-0.025076,1,0.220648,-0.149623,0.220297,-0.141421,0.220283,-0.160705,0.220283,-0.160705,0.220352,-0.011421,0.220000,-0.011436,0.220000,-0.011153,0.220000,-0.011153,0,-0.306863,0.220000,0.212667,-0.004102,-0.018769,-0.121421,-0.161421,0.311127,0.330000,-0.240749,1
1772477913,791679500,-1.581402,-1.989904,-2.397285,0.045128,-1.395299,-0.028175,1,0.219985,-0.135213,0.220283,-0.160705,0.212982,-0.180705,0.212982,-0.180705,0.219695,-0.011294,0.220000,-0.011153,0.212667,-0.011593,0.212667,-0.011593,0,-0.329965,0.220000,0.212667,-0.003820,-0.018487,-0.140705,-0.180705,0.311127,0.330000,-0.280161,1
1772477913,841771936,-1.589271,-1.996362,-2.405786,0.054071,-1.395983,-0.035590,1,0.219979,-0.152126,0.212982,-0.180705,0.220235,-0.188023,0.220235,-0.188023,0.219711,-0.010854,0.212667,-0.011593,0.220000,-0.010178,0.220000,-0.010178,0,-0.289302,0.220000,0.205333,-0.004259,-0.018926,-0.160705,-0.200705,0.311127,0.319474,-0.272746,1
1772477913,866745188,-1.594422,-1.999498,-2.408954,0.059950,-1.397326,-0.038758,1,0.213438,-0.178744,0.220235,-0.188023,0.212904,-0.208023,0.212904,-0.208023,0.213120,-0.011640,0.220000,-0.010178,0.212667,-0.010045,0.212667,-0.010045,0,-0.316788,0.220000,0.212667,-0.002844,-0.017511,-0.168023,-0.208023,0.311127,0.330000,-0.387535,1
1772477913,891781104,-1.598730,-2.003013,-2.412968,0.065489,-1.397810,-0.042772,1,0.220250,-0.187084,0.212904,-0.208023,0.220217,-0.218642,0.220217,-0.218642,0.220032,-0.009799,0.212667,-0.010045,0.220000,-0.009767,0.220000,-0.009767,0,-0.277748,0.220000,0.205333,-0.002711,-0.017378,-0.188023,-0.228023,0.311127,0.319356,-0.317072,1
1772477913,941807945,-1.606038,-2.009920,-2.422740,0.075544,-1.397952,-0.052544,1,0.212686,-0.198598,0.220217,-0.218642,0.212928,-0.238642,0.212928,-0.238642,0.212462,-0.009758,0.220000,-0.009767,0.212667,-0.010545,0.212667,-0.010545,0,-0.345678,0.220000,0.212667,-0.002433,-0.017100,-0.198642,-0.238642,0.311127,0.330000,-0.461724,1
1772477913,966859162,-1.610764,-2.013904,-2.428432,0.081710,-1.398391,-0.058236,1,0.219429,-0.222041,0.212928,-0.238642,0.205525,-0.258642,0.205525,-0.258642,0.219220,-0.009565,0.212667,-0.010545,0.205333,-0.008885,0.205333,-0.008885,0,-0.294125,0.220000,0.205333,-0.003212,-0.017879,-0.218642,-0.258642,0.311127,0.319392,-0.456031,1
1772477913,991897993,-1.614692,-2.016165,-2.434398,0.086101,-1.399507,-0.064202,1,0.213594,-0.240544,0.205525,-0.258642,0.212776,-0.249910,0.212776,-0.249910,0.213315,-0.010914,0.205333,-0.008885,0.212667,-0.006812,0.212667,-0.006812,0,-0.207691,0.212667,0.198000,-0.001552,-0.016219,-0.238642,-0.278642,0.311127,0.308288,-0.362091,1
1772477914,41847169,-1.622648,-2.023967,-2.445858,0.097264,-1.399314,-0.075512,1,0.214345,-0.227818,0.212776,-0.249910,0.205523,-0.269910,0.205523,-0.269910,0.214276,-0.005434,0.212667,-0.006812,0.205333,-0.008838,0.205333,-0.008838,0,-0.332342,0.220000,0.205333,0.000521,-0.014145,-0.229910,-0.269910,0.311127,0.319164,-0.559424,1
1772477914,66873737,-1.626391,-2.026929,-2.451584,0.102599,-1.395186,-0.076538,1,0.212307,-0.258347,0.205523,-0.269910,0.198244,-0.289910,0.198244,-0.289910,0.212203,-0.006636,0.205333,-0.008838,0.198000,-0.009841,0.198000,-0.009841,0,-0.377836,0.212667,0.198000,-0.001505,-0.016171,-0.249910,-0.289910,0.311127,0.308285,-0.558397,1
1772477914,91860700,-1.629982,-2.031379,-2.458478,0.108273,-1.394472,-0.083432,1,0.206204,-0.272324,0.198244,-0.289910,0.205582,-0.297854,0.205582,-0.297854,0.206032,-0.008438,0.198000,-0.009841,0.205333,-0.010102,0.205333,-0.010102,0,-0.330487,0.205333,0.190667,-0.002508,-0.017175,-0.269910,-0.309910,0.311127,0.297367,-0.430835,1
1772477914,141860937,-1.637938,-2.037279,-2.471613,0.118096,-1.395740,-0.096567,1,0.206266,-0.297430,0.205582,-0.297854,0.198174,-0.317854,0.198174,-0.317854,0.206040,-0.009650,0.205333,-0.010102,0.198000,-0.008297,0.198000,-0.008297,0,-0.468264,0.212667,0.198000,-0.002769,-0.017435,-0.277854,-0.317854,0.311127,0.308373,-0.927203,1
1772477914,166945169,-1.642707,-2.039795,-2.476987,0.123276,-1.397237,-0.101941,1,0.205684,-0.306070,0.198174,-0.317854,0.190830,-0.337854,0.190830,-0.337854,0.205444,-0.009928,0.198000,-0.008297,0.190667,-0.007892,0.190667,-0.007892,0,-0.352309,0.205333,0.190667,-0.000963,-0.015630,-0.297854,-0.337854,0.311127,0.297261,-0.699911,1
1772477914,191928564,-1.647144,-2.044532,-2.484586,0.129758,-1.396902,-0.109541,1,0.198137,-0.320320,0.190830,-0.337854,0.194965,-0.357854,0.194965,-0.357854,0.197980,-0.007882,0.190667,-0.007892,0.194808,-0.007837,0.194808,-0.007837,0,-0.280851,0.198000,0.183333,-0.000559,-0.015226,-0.317854,-0.357854,0.311127,0.286245,-0.525395,1
1772477914,241966549,-1.655156,-2.049710,-2.499816,0.139121,-1.398730,-0.124770,1,0.195502,-0.340696,0.194965,-0.357854,0.187646,-0.377854,0.187646,-0.377854,0.195363,-0.007354,0.194808,-0.007837,0.187474,-0.008018,0.187474,-0.008018,0,-0.424700,0.202141,0.187474,-0.000504,-0.015170,-0.337854,-0.377854,0.311127,0.292448,-0.899001,1
1772477914,266939347,-1.658379,-2.051767,-2.509181,0.142869,-1.399484,-0.134135,1,0.194488,-0.348476,0.187646,-0.377854,0.180220,-0.397854,0.180220,-0.397854,0.194347,-0.007400,0.187474,-0.008018,0.180141,-0.005342,0.180141,-0.005342,0,-0.223830,0.194808,0.180141,-0.000684,-0.015351,-0.357854,-0.397854,0.311127,0.281469,-0.667716,1
1772477914,291990771,-1.663473,-2.054943,-2.517540,0.148742,-1.400730,-0.142495,1,0.187447,-0.385260,0.180220,-0.397854,0.172818,-0.417854,0.172818,-0.417854,0.187291,-0.007642,0.180141,-0.005342,0.172808,-0.001844,0.172808,-0.001844,0,-0.079531,0.187474,0.172808,0.001991,-0.012676,-0.377854,-0.417854,0.311127,0.270331,-0.659357,1
1772477914,342039216,-1.669339,-2.061603,-2.535070,0.157587,-1.400001,-0.160024,1,0.170822,-0.385633,0.172818,-0.417854,0.180144,-0.397854,0.180144,-0.397854,0.170822,0.000000,0.172808,-0.001844,0.180141,0.000930,0.180141,0.000930,0,0.034376,0.180141,0.165474,0.005489,-0.009177,-0.397854,-0.437854,0.311127,0.259226,-0.474912,1
1772477914,366988755,-1.674142,-2.063144,-2.544965,0.162013,-1.402151,-0.169931,1,0.172823,-0.402803,0.180144,-0.397854,0.172836,-0.417854,0.172836,-0.417854,0.172813,-0.001794,0.180141,0.000930,0.172808,-0.003144,0.172808,-0.003144,0,-0.171172,0.187474,0.172808,0.008263,-0.006404,-0.377854,-0.417854,0.311127,0.270215,-0.853839,1
1772477914,392007966,-1.677189,-2.066233,-2.555900,0.162597,-1.399386,-0.181307,1,0.179896,-0.403023,0.172836,-0.417854,0.180149,-0.431199,0.180149,-0.431199,0.179896,0.000000,0.172808,-0.003144,0.180141,0.001650,0.180141,0.001650,0,0.070675,0.180141,0.165474,0.004190,-0.010477,-0.397854,-0.437854,0.311127,0.259255,-0.620544,1
1772477914,441992722,-1.684529,-2.071182,-2.577191,0.171317,-1.400917,-0.202598,1,0.181678,-0.392333,0.180149,-0.431199,0.172858,-0.451199,0.172858,-0.451199,0.181644,0.003521,0.180141,0.001650,0.172808,-0.004161,0.172808,-0.004161,0,-0.238021,0.187474,0.172808,0.008984,-0.005683,-0.411199,-0.451199,0.311127,0.270223,-0.946415,1
1772477914,466997316,-1.687287,-2.073135,-2.587423,0.174658,-1.401425,-0.212830,1,0.181016,-0.442839,0.172858,-0.451199,0.165475,-0.471199,0.165475,-0.471199,0.181002,0.002310,0.172808,-0.004161,0.165474,0.000133,0.165474,0.000133,0,0.007719,0.180141,0.165474,0.003172,-0.011494,-0.431199,-0.471199,0.311127,0.259287,-0.936182,1
1772477914,492048245,-1.691963,-2.076050,-2.597249,0.180048,-1.402571,-0.222657,1,0.173330,-0.454556,0.165475,-0.471199,0.158216,-0.491199,0.158216,-0.491199,0.173284,-0.003993,0.165474,0.000133,0.158141,0.004858,0.158141,0.004858,0,0.256295,0.172808,0.158141,0.007466,-0.007200,-0.451199,-0.491199,0.311127,0.248212,-0.801114,1
1772477914,542138997,-1.698551,-2.081835,-2.618166,0.188806,-1.402978,-0.243574,1,0.156774,-0.418997,0.158216,-0.491199,0.155499,-0.511199,0.155499,-0.511199,0.156650,0.006218,0.158141,0.004858,0.155260,0.008609,0.155260,0.008609,0,0.466573,0.165474,0.150808,0.012191,-0.002476,-0.471199,-0.511199,0.311127,0.237324,-0.780197,1
1772477914,567047404,-1.702288,-2.082498,-2.630302,0.191957,-1.405094,-0.255709,1,0.158111,-0.496501,0.155499,-0.511199,0.161316,-0.531199,0.161316,-0.531199,0.158017,0.005437,0.155260,0.008609,0.160850,0.012264,0.160850,0.012264,0,0.651901,0.162593,0.147927,0.015942,0.001276,-0.491199,-0.531199,0.311127,0.233248,-0.768062,1
1772477914,592046657,-1.705949,-2.085963,-2.642932,0.196997,-1.405140,-0.268339,1,0.155685,-0.524985,0.161316,-0.531199,0.153595,-0.551199,0.153595,-0.551199,0.155450,0.008557,0.160850,0.012264,0.153516,0.004931,0.153516,0.004931,0,0.217314,0.168183,0.153516,0.019598,0.004931,-0.511199,-0.551199,0.311127,0.241975,-0.880673,1
1772477914,642027405,-1.712426,-2.090263,-2.668875,0.204645,-1.406539,-0.294282,1,0.151211,-0.575169,0.153595,-0.551199,0.153967,-0.571199,0.153967,-0.571199,0.151155,0.004124,0.153516,0.004931,0.153610,0.010473,0.153610,0.010473,0,0.590495,0.160850,0.146183,0.012264,-0.002402,-0.531199,-0.571199,0.311127,0.230393,-0.854730,1
1772477914,667055917,-1.715037,-2.092486,-2.682424,0.208066,-1.406750,-0.307832,1,0.153322,-0.575655,0.153967,-0.571199,0.161243,-0.589120,0.161243,-0.589120,0.153232,0.005256,0.153610,0.010473,0.160944,0.009827,0.160944,0.009827,0,0.529419,0.160944,0.146277,0.017807,0.003140,-0.551199,-0.591199,0.311127,0.230951,-0.841181,1
1772477914,692090417,-1.718393,-2.093792,-2.696173,0.211256,-1.408025,-0.321471,1,0.153891,-0.581374,0.161243,-0.589120,0.164460,-0.600000,0.164460,-0.600000,0.153488,0.011133,0.160944,0.009827,0.163977,0.012591,0.163977,0.012591,0,0.675067,0.168277,0.153610,0.017160,0.002494,-0.569120,-0.600000,0.311127,0.241865,-0.827542,1
1772477914,742234602,-1.724870,-2.099120,-2.724198,0.213029,-1.403084,-0.344115,1,0.165491,-0.575314,0.164460,-0.600000,0.168742,-0.600000,0.168742,-0.600000,0.164893,0.014052,0.163977,0.012591,0.168253,0.012846,0.168253,0.012846,0,0.672612,0.171310,0.156644,0.019925,0.005258,-0.580000,-0.600000,0.311127,0.246690,-0.804898,1
1772477914,767209829,-1.728870,-2.101470,-2.738528,0.217545,-1.404142,-0.358445,1,0.164761,-0.601655,0.168742,-0.600000,0.168283,-0.600000,0.168283,-0.600000,0.164248,0.012999,0.168253,0.012846,0.167606,0.015082,0.167606,0.015082,0,0.808384,0.175586,0.160919,0.020179,0.005513,-0.580000,-0.600000,0.311127,0.253114,-0.790568,1
1772477914,792264796,-1.732749,-2.103731,-2.753549,0.221913,-1.405183,-0.373466,1,0.168166,-0.589840,0.168283,-0.600000,0.168071,-0.600000,0.168071,-0.600000,0.167347,0.016582,0.167606,0.015082,0.167162,0.017456,0.167162,0.017456,0,0.956140,0.174939,0.160272,0.022415,0.007749,-0.580000,-0.600000,0.311127,0.252424,-0.775546,1
1772477914,842366260,-1.739756,-2.106938,-2.784317,0.229198,-1.407696,-0.404234,1,0.167758,-0.593807,0.168071,-0.600000,0.168819,-0.600000,0.168819,-0.600000,0.166732,0.018523,0.167162,0.017456,0.167234,0.023076,0.167234,0.023076,0,1.304582,0.174495,0.159829,0.024789,0.010122,-0.580000,-0.600000,0.311127,0.252107,-0.744778,1
1772477914,867343107,-1.743667,-2.109596,-2.798939,0.233862,-1.408471,-0.418856,1,0.168377,-0.591167,0.168819,-0.600000,0.168335,-0.600000,0.168335,-0.600000,0.167407,0.018046,0.167234,0.023076,0.166460,0.025053,0.166460,0.025053,0,1.453031,0.174568,0.159901,0.030409,0.015743,-0.580000,-0.600000,0.311127,0.253228,-0.730156,1
1772477914,892377494,-1.747903,-2.110333,-2.812775,0.237437,-1.410861,-0.432692,1,0.167970,-0.585354,0.168335,-0.600000,0.168171,-0.600000,0.168171,-0.600000,0.165976,0.025809,0.166460,0.025053,0.165748,0.028443,0.165748,0.028443,0,1.684806,0.173793,0.159127,0.032386,0.017719,-0.580000,-0.600000,0.311127,0.252502,-0.716320,1
1772477914,942485007,-1.754377,-2.116115,-2.843282,0.246113,-1.411142,-0.463199,1,0.168098,-0.572734,0.168171,-0.600000,0.168267,-0.600000,0.168267,-0.600000,0.165433,0.029813,0.165748,0.028443,0.165234,0.031805,0.165234,0.031805,0,1.965473,0.173081,0.158415,0.035776,0.021110,-0.580000,-0.600000,0.311127,0.252256,-0.685813,1
1772477914,967472747,-1.757805,-2.117092,-2.858475,0.249268,-1.412801,-0.478392,1,0.167877,-0.593645,0.168267,-0.600000,0.168962,-0.600000,0.168962,-0.600000,0.165343,0.029055,0.165234,0.031805,0.165275,0.035106,0.165275,0.035106,0,2.200432,0.172567,0.157901,0.039138,0.024471,-0.580000,-0.600000,0.311127,0.252401,-0.670621,1
1772477914,992492047,-1.760541,-2.119776,-2.873764,0.252978,-1.412712,-0.493616,1,0.168677,-0.588915,0.168962,-0.600000,0.169637,-0.600000,0.169637,-0.600000,0.164797,0.035970,0.165275,0.035106,0.165595,0.036811,0.165595,0.036811,0,2.342141,0.172608,0.157941,0.042439,0.027773,-0.580000,-0.600000,0.311127,0.253443,-0.655397,1
1772477915,42607870,-1.768559,-2.124672,-2.903675,0.257141,-1.413263,-0.520851,1,0.170569,-0.609297,0.169637,-0.600000,0.173023,-0.600000,0.173023,-0.600000,0.166360,0.037656,0.165595,0.036811,0.167954,0.041576,0.167954,0.041576,0,2.653043,0.172928,0.158261,0.044144,0.029478,-0.580000,-0.600000,0.311127,0.254455,-0.628161,1
1772477915,67641178,-1.773880,-2.125524,-2.919139,0.261589,-1.416306,-0.536314,1,0.169494,-0.600072,0.173023,-0.600000,0.172391,-0.600000,0.172391,-0.600000,0.165273,0.037590,0.167954,0.041576,0.166246,0.045618,0.166246,0.045618,0,3.006367,0.175287,0.160620,0.048909,0.034243,-0.580000,-0.600000,0.311127,0.259534,-0.612698,1
1772477915,92688417,-1.776664,-2.128507,-2.933843,0.265661,-1.416057,-0.551019,1,0.172322,-0.620107,0.172391,-0.600000,0.172762,-0.600000,0.172762,-0.600000,0.165856,0.046760,0.166246,0.045618,0.166278,0.046887,0.166278,0.046887,0,3.152386,0.173579,0.158912,0.052951,0.038285,-0.580000,-0.600000,0.311127,0.258587,-0.597994,1
1772477915,142802925,-1.783808,-2.131959,-2.964217,0.273220,-1.418467,-0.581392,1,0.172642,-0.601474,0.172762,-0.600000,0.173624,-0.600000,0.173624,-0.600000,0.166009,0.047393,0.166278,0.046887,0.165517,0.052434,0.165517,0.052434,0,3.677191,0.173611,0.158944,0.054220,0.039553,-0.580000,-0.600000,0.311127,0.259143,-0.567620,1
1772477915,167835004,-1.787516,-2.133717,-2.979059,0.277121,-1.419743,-0.596234,1,0.172631,-0.597144,0.173624,-0.600000,0.173835,-0.600000,0.173835,-0.600000,0.165997,0.047397,0.165517,0.052434,0.164863,0.055127,0.164863,0.055127,0,3.960220,0.172851,0.158184,0.059767,0.045101,-0.580000,-0.600000,0.311127,0.260436,-0.552778,1
1772477915,192853446,-1.791619,-2.135934,-2.994799,0.281477,-1.420755,-0.611748,1,0.174553,-0.590053,0.173835,-0.600000,0.173866,-0.600000,0.173866,-0.600000,0.165121,0.056602,0.164863,0.055127,0.164092,0.057475,0.164092,0.057475,0,4.246583,0.172196,0.157529,0.062460,0.047794,-0.580000,-0.600000,0.311127,0.260753,-0.537264,1
1772477915,217865481,-1.795887,-2.137807,-3.008894,0.282006,-1.417050,-0.619931,1,0.173840,-0.604598,0.173866,-0.600000,0.177168,-0.600000,0.177168,-0.600000,0.163759,0.058339,0.164092,0.057475,0.168100,0.055957,0.168100,0.055957,0,4.043344,0.171425,0.156758,0.064808,0.050141,-0.580000,-0.600000,0.311127,0.260799,-0.529082,1
1772477915,267923221,-1.803826,-2.141554,-3.039964,0.290361,-1.419742,-0.651000,1,0.173899,-0.600028,0.177168,-0.600000,0.177646,-0.600000,0.177646,-0.600000,0.163987,0.057872,0.168100,0.055957,0.166681,0.061447,0.166681,0.061447,0,4.691694,0.175433,0.160766,0.063290,0.048624,-0.580000,-0.600000,0.311127,0.265753,-0.498012,1
1772477915,292994469,-1.806620,-2.143248,-3.055585,0.293559,-1.420415,-0.666621,1,0.177653,-0.587433,0.177646,-0.600000,0.179351,-0.600000,0.179351,-0.600000,0.166038,0.063183,0.166681,0.061447,0.167423,0.064316,0.167423,0.064316,0,4.973827,0.174014,0.159347,0.068780,0.054113,-0.580000,-0.600000,0.311127,0.266469,-0.482391,1
1772477915,343095573,-1.815551,-2.147192,-3.083969,0.302768,-1.423590,-0.694987,1,0.179371,-0.608850,0.179351,-0.600000,0.177690,-0.600000,0.177690,-0.600000,0.167255,0.064805,0.167423,0.064316,0.163838,0.068781,0.163838,0.068781,0,5.757620,0.174756,0.160089,0.071649,0.056982,-0.580000,-0.600000,0.311127,0.269027,-0.454025,1
1772477915,368127660,-1.818706,-2.149881,-3.099310,0.306806,-1.422645,-0.709907,1,0.179275,-0.601742,0.177690,-0.600000,0.178854,-0.600000,0.178854,-0.600000,0.167268,0.064504,0.163838,0.068781,0.164983,0.069061,0.164983,0.069061,0,5.899985,0.171171,0.156505,0.076114,0.061447,-0.580000,-0.600000,0.311127,0.266535,-0.439105,1
1772477915,393170777,-1.823369,-2.151653,-3.114662,0.311421,-1.424537,-0.725259,1,0.179569,-0.603472,0.178854,-0.600000,0.178292,-0.600000,0.178292,-0.600000,0.165644,0.069334,0.164983,0.069061,0.163174,0.071850,0.163174,0.071850,0,6.400717,0.172316,0.157649,0.076395,0.061728,-0.580000,-0.600000,0.311127,0.268281,-0.423753,1
1772477915,443258238,-1.831151,-2.154352,3.136570,0.318949,-1.427883,-0.757212,1,0.178723,-0.608850,0.178292,-0.600000,0.180296,-0.600000,0.180296,-0.600000,0.163395,0.072417,0.163174,0.071850,0.162011,0.079114,0.162011,0.079114,0,7.454121,0.170507,0.155841,0.079183,0.064516,-0.580000,-0.600000,0.311127,0.267438,-0.391800,1
1772477915,468327312,-1.834967,-2.157484,3.121017,0.323993,-1.428131,-0.772802,1,0.180074,-0.556771,0.180296,-0.600000,0.179982,-0.600000,0.179982,-0.600000,0.161016,0.080626,0.162011,0.079114,0.161384,0.079679,0.161384,0.079679,0,7.845732,0.169345,0.154678,0.086447,0.071780,-0.580000,-0.600000,0.311127,0.270444,-0.376210,1
1772477915,493345774,-1.839985,-2.158974,3.107181,0.330789,-1.429181,-0.787291,1,0.180398,-0.602434,0.179982,-0.600000,0.175942,-0.600000,0.175942,-0.600000,0.161863,0.079648,0.161384,0.079679,0.157440,0.078537,0.157440,0.078537,0,8.416727,0.168718,0.154051,0.087012,0.072345,-0.580000,-0.600000,0.311127,0.269973,-0.361721,1
1772477915,543484669,-1.847515,-2.162947,3.076087,0.338999,-1.431430,-0.818385,1,0.179957,-0.610377,0.175942,-0.600000,0.177067,-0.600000,0.177067,-0.600000,0.161174,0.080048,0.157440,0.078537,0.156330,0.083149,0.156330,0.083149,0,9.625429,0.164774,0.150107,0.085870,0.071204,-0.580000,-0.600000,0.311127,0.263913,-0.330628,1
1772477915,568488899,-1.851704,-2.164621,3.061589,0.343201,-1.433073,-0.832883,1,0.175176,-0.602503,0.177067,-0.600000,0.176633,-0.600000,0.176633,-0.600000,0.156276,0.079150,0.156330,0.083149,0.154549,0.085520,0.154549,0.085520,0,10.404988,0.163664,0.148997,0.090482,0.075815,-0.580000,-0.600000,0.311127,0.265601,-0.316130,1
1772477915,593565501,-1.856012,-2.166962,3.046232,0.347885,-1.434096,-0.848428,1,0.176917,-0.567676,0.176633,-0.600000,0.176263,-0.600000,0.176263,-0.600000,0.155420,0.084524,0.154549,0.085520,0.153412,0.086795,0.153412,0.086795,0,11.152889,0.161883,0.147216,0.092853,0.078187,-0.580000,-0.600000,0.311127,0.264949,-0.300585,1
1772477915,643716947,-1.862968,-2.169752,3.017121,0.353916,-1.433527,-0.880428,1,0.176621,-0.609622,0.176263,-0.600000,0.184863,-0.599451,0.184863,-0.599451,0.154163,0.086191,0.153412,0.086795,0.160745,0.091297,0.160745,0.091297,0,11.925108,0.160745,0.146078,0.094128,0.079461,-0.580000,-0.600000,0.311127,0.264394,-0.268584,1
1772477915,668695347,-1.869144,-2.172472,3.002009,0.360276,-1.435785,-0.895540,1,0.175988,-0.588707,0.184863,-0.599451,0.180094,-0.600000,0.180094,-0.600000,0.152713,0.087467,0.160745,0.091297,0.155421,0.090986,0.155421,0.090986,0,13.280774,0.168078,0.153412,0.098631,0.083964,-0.579451,-0.600000,0.311127,0.277294,-0.253472,1
1772477915,693760584,-1.872299,-2.173427,2.987067,0.362942,-1.437210,-0.910553,1,0.186177,-0.608303,0.180094,-0.600000,0.183888,-0.600000,0.183888,-0.600000,0.161621,0.092416,0.155421,0.090986,0.156789,0.096083,0.156789,0.096083,0,14.299080,0.162754,0.148087,0.098319,0.083652,-0.580000,-0.600000,0.311127,0.270142,-0.238459,1
1772477915,743847730,-1.881059,-2.177124,2.956782,0.367860,-1.439923,-0.941824,1,0.179872,-0.617661,0.183888,-0.600000,0.187720,-0.580000,0.187720,-0.580000,0.154908,0.091420,0.156789,0.096083,0.156665,0.103417,0.156665,0.103417,0,16.550029,0.164122,0.149456,0.103417,0.088750,-0.580000,-0.600000,0.311127,0.275832,-0.207188,1
1772477915,768899554,-1.883832,-2.178398,2.943207,0.370751,-1.440901,-0.955399,1,0.184455,-0.591943,0.187720,-0.580000,0.194595,-0.584333,0.194595,-0.584333,0.156696,0.097314,0.156665,0.103417,0.160006,0.110750,0.160006,0.110750,0,17.653658,0.163998,0.149331,0.110750,0.096083,-0.560000,-0.600000,0.311127,0.281580,-0.193613,1
1772477915,793926523,-1.887877,-2.180427,2.927486,0.375153,-1.441892,-0.971154,1,0.187509,-0.597449,0.194595,-0.584333,0.204383,-0.584185,0.204383,-0.584185,0.156275,0.103623,0.160006,0.110750,0.167339,0.117346,0.167339,0.117346,0,19.136383,0.167339,0.152672,0.118083,0.103417,-0.564333,-0.600000,0.311127,0.291893,-0.177858,1
1772477915,818980761,-1.893656,-2.181011,2.912965,0.380708,-1.441058,-0.986160,1,0.194011,-0.601885,0.204383,-0.584185,0.210364,-0.564185,0.210364,-0.564185,0.159265,0.110792,0.167339,0.117346,0.174672,0.117228,0.174672,0.117228,0,19.775729,0.174672,0.160006,0.124679,0.110012,-0.564185,-0.600000,0.311127,0.306574,-0.162852,0
1772477915,869096985,-1.902130,-2.183869,2.882574,0.388828,-1.444804,-1.016551,1,0.206448,-0.597980,0.210364,-0.564185,0.220548,-0.544185,0.220548,-0.544185,0.169160,0.118346,0.174672,0.117228,0.182006,0.124562,0.182006,0.124562,0,24.849321,0.182006,0.167339,0.124562,0.109895,-0.544185,-0.584185,0.311127,0.315545,-0.132461,0
1772477915,894136062,-1.907364,-2.186972,2.867499,0.394403,-1.446116,-1.031813,1,0.210651,-0.557648,0.220548,-0.544185,0.230750,-0.524185,0.230750,-0.524185,0.174605,0.117843,0.182006,0.124562,0.189339,0.131895,0.189339,0.131895,0,27.925635,0.189339,0.174672,0.131895,0.117228,-0.524185,-0.564185,0.311127,0.330000,-0.117200,0
1772477915,944269361,-1.918627,-2.190709,2.839194,0.400347,-1.450763,-1.062594,1,0.220648,-0.531460,0.230750,-0.524185,0.240966,-0.504185,0.240966,-0.504185,0.181989,0.124762,0.189339,0.131895,0.196672,0.139228,0.196672,0.139228,0,38.044280,0.196672,0.182006,0.139228,0.124562,-0.504185,-0.544185,0.311127,0.330000,-0.086418,0
1772477915,969334732,-1.922852,-2.192472,2.825593,0.404624,-1.452396,-1.076196,1,0.236863,-0.550011,0.240966,-0.504185,0.251194,-0.484185,0.251194,-0.484185,0.194691,0.134906,0.196672,0.139228,0.204006,0.146562,0.204006,0.146562,0,44.736028,0.204006,0.189339,0.146562,0.131895,-0.484185,-0.524185,0.311127,0.330000,-0.072816,0
