sec,nsec,x,y,yaw,map_x,map_y,map_yaw,map_pose_valid,v_real,w_real,v_now,w_now,v_cmd,w_cmd,v_nav,w_nav,vx_real,vy_real,vx_now,vy_now,vx_cmd,vy_cmd,vx_nav,vy_nav,velocity_violation,curvature,dw_vx_max,dw_vx_min,dw_vy_max,dw_vy_min,dw_w_max,dw_w_min,v_reg,lookahead_dist,lookahead_yaw,is_accel
1772477657,440316261,0.166674,-1.341708,2.745497,-1.379085,-0.440038,-1.315093,1,0.000000,-0.003078,0.000000,0.000000,0.311127,-0.000033,0.007345,-0.000033,0.000000,0.000000,0.000000,0.000000,0.311127,-0.000410,0.007333,-0.000410,1,-0.007995,0.007333,-0.007333,0.007333,-0.007333,0.020000,-0.020000,0.311127,0.330000,-0.000035,1
1772477657,465343505,0.166443,-1.342564,2.744945,-1.378265,-0.439703,-1.315644,1,0.008809,-0.004361,0.311127,-0.000033,0.311127,0.000487,0.220003,0.000487,0.008809,0.000000,0.311127,-0.000410,0.311125,-0.001067,0.220000,-0.001067,1,-0.020788,0.220000,0.220000,0.006923,-0.007744,0.019967,-0.020033,0.311127,0.330000,0.000517,1
1772477657,515455443,0.167528,-1.340577,2.745639,-1.380503,-0.440045,-1.314950,1,0.007202,-0.002398,0.311127,0.000487,0.311127,-0.000167,0.220002,-0.000167,0.007202,0.000000,0.311125,-0.001067,0.311126,0.000840,0.220000,0.000840,1,0.016360,0.220000,0.220000,0.006266,-0.008401,0.020487,-0.019513,0.311127,0.330000,-0.000178,1
1772477657,540550600,0.167469,-1.341355,2.745748,-1.379848,-0.439620,-1.314841,1,0.023115,-0.022816,0.311127,-0.000167,0.311127,-0.000270,0.220000,-0.000270,0.023115,0.000000,0.311126,0.000840,0.311127,0.000107,0.220000,0.000107,1,0.002094,0.220000,0.220000,0.008173,-0.006493,0.019833,-0.020167,0.311127,0.330000,-0.000287,1
1772477657,565566943,0.166734,-1.340612,2.746719,-1.379993,-0.440655,-1.313870,1,0.030466,0.002972,0.311127,-0.000270,0.311127,-0.001186,0.220000,-0.001186,0.030466,0.000000,0.311127,0.000107,0.311127,0.000185,0.220000,0.000185,1,0.003598,0.220000,0.220000,0.007441,-0.007226,0.019730,-0.020270,0.311127,0.330000,-0.001257,1
1772477657,615730894,0.166328,-1.341332,2.747773,-1.379175,-0.440541,-1.312816,1,0.029215,0.002800,0.311127,-0.001186,0.311127,-0.002180,0.220002,-0.002180,0.029215,0.000000,0.311127,0.000185,0.311126,-0.000917,0.220000,-0.000917,1,-0.017862,0.220000,0.220000,0.007518,-0.007149,0.018814,-0.021186,0.311127,0.330000,-0.002312,1
1772477657,640750221,0.165320,-1.340630,2.747746,-1.379121,-0.441768,-1.312843,1,0.045630,-0.007572,0.311127,-0.002180,0.311127,-0.002154,0.220001,-0.002154,0.045630,0.000000,0.311126,-0.000917,0.311126,-0.000665,0.220000,-0.000665,1,-0.012949,0.220000,0.220000,0.006416,-0.008250,0.017820,-0.022180,0.311127,0.330000,-0.002285,1
1772477657,665818213,0.162942,-1.339346,2.748001,-1.378699,-0.444438,-1.312588,1,0.052723,-0.015193,0.311127,-0.002154,0.311127,-0.002395,0.220001,-0.002395,0.052723,0.000000,0.311126,-0.000665,0.311127,-0.000493,0.220000,-0.000493,1,-0.009600,0.220000,0.220000,0.006669,-0.007998,0.017846,-0.022154,0.311127,0.330000,-0.002540,1
1772477657,715954983,0.161226,-1.339088,2.746280,-1.377863,-0.445958,-1.314309,1,0.051553,-0.001852,0.311127,-0.002395,0.311127,-0.000772,0.220000,-0.000772,0.051553,0.000000,0.311127,-0.000493,0.311127,-0.000357,0.220000,-0.000357,1,-0.006959,0.220000,0.220000,0.006841,-0.007826,0.017605,-0.022395,0.311127,0.330000,-0.000819,1
1772477657,740957603,0.160459,-1.338783,2.745623,-1.377641,-0.446753,-1.314967,1,0.068177,-0.007740,0.311127,-0.000772,0.311127,-0.000152,0.220000,-0.000152,0.068177,0.000000,0.311127,-0.000357,0.311127,-0.000166,0.220000,-0.000166,1,-0.003237,0.220000,0.220000,0.006976,-0.007691,0.019228,-0.020772,0.311127,0.330000,-0.000161,1
1772477657,766028805,0.158222,-1.338415,2.745580,-1.376576,-0.448754,-1.315010,1,0.073881,-0.005147,0.311127,-0.000152,0.311127,-0.000111,0.220001,-0.000111,0.073881,0.000000,0.311127,-0.000166,0.311126,-0.000647,0.220000,-0.000647,1,-0.012600,0.220000,0.220000,0.007167,-0.007499,0.019848,-0.020152,0.311127,0.330000,-0.000118,1
1772477657,791171868,0.157357,-1.337882,2.745622,-1.376475,-0.449766,-1.314967,1,0.073582,0.006272,0.311127,-0.000111,0.311127,-0.000151,0.220001,-0.000151,0.073582,0.000000,0.311126,-0.000647,0.311127,-0.000511,0.220000,-0.000511,1,-0.009947,0.220000,0.220000,0.006686,-0.007980,0.019889,-0.020111,0.311127,0.330000,-0.000161,1
1772477657,841333863,0.153886,-1.336312,2.746221,-1.375618,-0.453478,-1.314368,1,0.089585,-0.016142,0.311127,-0.000151,0.311127,-0.000716,0.220001,-0.000716,0.089585,0.000000,0.311127,-0.000511,0.311126,-0.000594,0.220000,-0.000594,1,-0.011576,0.220000,0.220000,0.006823,-0.007844,0.019849,-0.020151,0.311127,0.330000,-0.000760,1
1772477657,866214663,0.151315,-1.335210,2.746013,-1.374934,-0.456190,-1.314577,1,0.095743,0.000000,0.311127,-0.000716,0.311127,-0.000520,0.220001,-0.000520,0.095743,0.000000,0.311126,-0.000594,0.311127,-0.000506,0.220000,-0.000506,1,-0.009866,0.220000,0.220000,0.006739,-0.007928,0.019284,-0.020716,0.311127,0.330000,-0.000551,1
1772477657,891358984,0.149885,-1.335436,2.745309,-1.373888,-0.457190,-1.315280,1,0.095964,-0.013669,0.311127,-0.000520,0.311127,0.000144,0.220002,0.000144,0.095957,-0.001210,0.311127,-0.000506,0.311125,-0.001004,0.220000,-0.001004,1,-0.019549,0.220000,0.220000,0.006827,-0.007840,0.019480,-0.020520,0.311127,0.330000,0.000152,1
1772477657,941416359,0.145893,-1.332652,2.746336,-1.373679,-0.462052,-1.314254,1,0.111687,-0.006768,0.311127,0.000144,0.311127,-0.000824,0.220000,-0.000824,0.111675,-0.001609,0.311125,-0.001004,0.311127,-0.000354,0.220000,-0.000354,1,-0.006895,0.220000,0.220000,0.006330,-0.008337,0.020144,-0.019856,0.311127,0.330000,-0.000874,1
1772477657,966439944,0.142726,-1.332609,2.745889,-1.371792,-0.464596,-1.314700,1,0.117740,-0.008342,0.311127,-0.000824,0.311127,-0.000403,0.220004,-0.000403,0.117740,0.000000,0.311127,-0.000354,0.311124,-0.001330,0.220000,-0.001330,1,-0.025901,0.220000,0.220000,0.006979,-0.007687,0.019176,-0.020824,0.311127,0.330000,-0.000427,1
1772477657,991524474,0.140799,-1.330301,2.746032,-1.372458,-0.467528,-1.314557,1,0.117815,0.004091,0.311127,-0.000403,0.311127,-0.000538,0.220000,-0.000538,0.117815,0.000000,0.311124,-0.001330,0.311127,-0.000068,0.220000,-0.000068,1,-0.001320,0.220000,0.220000,0.006004,-0.008663,0.019597,-0.020403,0.311127,0.330000,-0.000571,1
1772477658,41628489,0.134087,-1.327742,2.744888,-1.370420,-0.474416,-1.315701,1,0.133377,-0.024362,0.311127,-0.000538,0.311127,0.000540,0.220000,0.000540,0.133377,0.000000,0.311127,-0.000068,0.311127,0.000072,0.220000,0.000072,1,0.001398,0.220000,0.220000,0.007266,-0.007401,0.019462,-0.020538,0.311127,0.330000,0.000573,1
1772477658,66654306,0.133177,-1.328530,2.744748,-1.369242,-0.474662,-1.315842,1,0.139460,0.003347,0.311127,0.000540,0.311127,0.000673,0.220002,0.000673,0.139460,0.000000,0.311127,0.000072,0.311126,-0.000901,0.220000,-0.000901,1,-0.017542,0.220000,0.220000,0.007405,-0.007262,0.020540,-0.019460,0.311127,0.330000,0.000714,1
1772477658,91808643,0.128833,-1.326363,2.744856,-1.368329,-0.479429,-1.315733,1,0.139222,-0.007254,0.311127,0.000673,0.311127,0.000571,0.220001,0.000571,0.139222,0.000000,0.311126,-0.000901,0.311126,-0.000630,0.220000,-0.000630,1,-0.012279,0.220000,0.220000,0.006433,-0.008234,0.020673,-0.019327,0.311127,0.330000,0.000605,1
1772477658,141937001,0.122467,-1.325193,2.743960,-1.365398,-0.485200,-1.316629,1,0.155874,-0.017616,0.311127,0.000571,0.311127,0.001415,0.220006,0.001415,0.155869,-0.001312,0.311126,-0.000630,0.311123,-0.001649,0.220000,-0.001649,1,-0.032121,0.220000,0.220000,0.006703,-0.007964,0.020571,-0.019429,0.311127,0.330000,0.001501,1
1772477658,166842723,0.118064,-1.322004,2.744177,-1.365263,-0.490635,-1.316412,1,0.154215,0.002328,0.311127,0.001415,0.311127,0.001211,0.220001,0.001211,0.154209,-0.001298,0.311123,-0.001649,0.311127,-0.000544,0.220000,-0.000544,1,-0.010603,0.220000,0.220000,0.005684,-0.008982,0.021415,-0.018585,0.311127,0.330000,0.001284,1
1772477658,191940822,0.114622,-1.319877,2.744690,-1.364865,-0.494662,-1.315899,1,0.153874,-0.017007,0.311127,0.001211,0.311127,0.000727,0.220000,0.000727,0.153870,-0.001079,0.311127,-0.000544,0.311127,-0.000107,0.220000,-0.000107,1,-0.002084,0.220000,0.220000,0.006789,-0.007878,0.021211,-0.018789,0.311127,0.330000,0.000771,1
1772477658,242057679,0.107098,-1.317382,2.744635,-1.362284,-0.502157,-1.315954,1,0.153600,0.000000,0.311127,0.000727,0.311127,0.000779,0.220001,0.000779,0.153600,0.000000,0.311127,-0.000107,0.311126,-0.000656,0.220000,-0.000656,1,-0.012785,0.220000,0.220000,0.007226,-0.007440,0.020727,-0.019273,0.311127,0.330000,0.000826,1
1772477658,267084136,0.104247,-1.317643,2.745367,-1.360348,-0.504265,-1.315222,1,0.154199,-0.013886,0.311127,0.000779,0.311127,0.000089,0.220010,0.000089,0.154199,0.000000,0.311126,-0.000656,0.311120,-0.002148,0.220000,-0.002148,1,-0.041841,0.220000,0.220000,0.006677,-0.007990,0.020779,-0.019221,0.311127,0.330000,0.000094,1
1772477658,292163886,0.099392,-1.315918,2.746372,-1.358774,-0.509171,-1.314217,1,0.153527,-0.009314,0.311127,0.000089,0.311127,-0.000859,0.220017,-0.000859,0.153522,-0.001281,0.311120,-0.002148,0.311115,-0.002727,0.220000,-0.002727,1,-0.053118,0.220000,0.220000,0.005185,-0.009481,0.020089,-0.019911,0.311127,0.330000,-0.000911,1
1772477658,342367975,0.092279,-1.312578,2.748222,-1.357115,-0.516852,-1.312367,1,0.154190,-0.010228,0.311127,-0.000859,0.311127,-0.002603,0.220020,-0.002603,0.154181,-0.001702,0.311115,-0.002727,0.311113,-0.002984,0.220000,-0.002984,1,-0.058135,0.220000,0.220000,0.004606,-0.010060,0.019141,-0.020859,0.311127,0.330000,-0.002761,1
1772477658,367307342,0.088258,-1.310174,2.749702,-1.356586,-0.521508,-1.310887,1,0.154538,0.001686,0.311127,-0.002603,0.311127,-0.003998,0.220018,-0.003998,0.154530,-0.001619,0.311113,-0.002984,0.311114,-0.002817,0.220000,-0.002817,1,-0.054867,0.220000,0.220000,0.004349,-0.010318,0.017397,-0.022603,0.311127,0.330000,-0.004241,1
1772477658,392415740,0.085696,-1.309554,2.749350,-1.355525,-0.523920,-1.311239,1,0.154169,0.003072,0.311127,-0.003998,0.311127,-0.003666,0.220022,-0.003666,0.154169,0.000000,0.311114,-0.002817,0.311112,-0.003101,0.220000,-0.003101,1,-0.060398,0.220000,0.220000,0.004517,-0.010150,0.016002,-0.023998,0.311127,0.330000,-0.003889,1
1772477658,442511856,0.079099,-1.306933,2.750128,-1.353606,-0.530754,-1.310461,1,0.153878,0.003416,0.311127,-0.003666,0.311127,-0.004400,0.220027,-0.004400,0.153872,-0.001333,0.311112,-0.003101,0.311108,-0.003463,0.220000,-0.003463,1,-0.067451,0.220000,0.220000,0.004233,-0.010434,0.016334,-0.023666,0.311127,0.330000,-0.004667,1
1772477658,467526571,0.075933,-1.305558,2.750147,-1.352779,-0.534105,-1.310442,1,0.153789,-0.006341,0.311127,-0.004400,0.311127,-0.004418,0.220027,-0.004418,0.153784,-0.001235,0.311108,-0.003463,0.311108,-0.003424,0.220000,-0.003424,1,-0.066696,0.220000,0.220000,0.003871,-0.010796,0.015600,-0.024400,0.311127,0.330000,-0.004686,1
1772477658,492634111,0.071830,-1.302764,2.751182,-1.352511,-0.539062,-1.309407,1,0.153485,0.005766,0.311127,-0.004418,0.311127,-0.005393,0.220018,-0.005393,0.153478,-0.001525,0.311108,-0.003424,0.311114,-0.002809,0.220000,-0.002809,1,-0.054716,0.220000,0.220000,0.003909,-0.010757,0.015582,-0.024418,0.311127,0.330000,-0.005720,1
1772477658,542819477,0.065204,-1.299189,2.753026,-1.351334,-0.546499,-1.307563,1,0.198464,-0.008137,0.311127,-0.005393,0.311127,-0.007132,0.220016,-0.007132,0.198326,-0.007414,0.311114,-0.002809,0.311115,-0.002683,0.220000,-0.002683,1,-0.052263,0.220000,0.220000,0.004524,-0.010142,0.014607,-0.025393,0.311127,0.330000,-0.007564,1
1772477658,567788640,0.061435,-1.298665,2.755053,-1.349464,-0.549813,-1.305537,1,0.222946,-0.013072,0.311127,-0.007132,0.311127,-0.009043,0.220041,-0.009043,0.222897,-0.004667,0.311115,-0.002683,0.311098,-0.004229,0.220000,-0.004229,1,-0.082380,0.220000,0.220000,0.004650,-0.010016,0.012868,-0.027132,0.311127,0.330000,-0.009591,1
1772477658,592976112,0.057340,-1.295477,2.758842,-1.349515,-0.555002,-1.301747,1,0.220098,-0.004612,0.311127,-0.009043,0.311127,-0.012615,0.220039,-0.012615,0.220052,-0.004509,0.311098,-0.004229,0.311100,-0.004125,0.220000,-0.004125,1,-0.080347,0.220000,0.220000,0.003104,-0.011562,0.010957,-0.029043,0.311127,0.330000,-0.013381,1
1772477658,642974359,0.047022,-1.291876,2.767668,-1.346118,-0.565389,-1.292922,1,0.219491,-0.002900,0.311127,-0.012615,0.311127,-0.020936,0.220128,-0.020936,0.219388,-0.006734,0.311100,-0.004125,0.311037,-0.007492,0.220000,-0.007492,1,-0.145935,0.220000,0.220000,0.003209,-0.011458,0.007385,-0.032615,0.311127,0.330000,-0.022206,1
1772477658,667990712,0.041606,-1.290102,2.769344,-1.344244,-0.570771,-1.291245,1,0.223689,-0.052002,0.311127,-0.020936,0.311127,-0.022517,0.220162,-0.022517,0.223594,-0.006514,0.311037,-0.007492,0.311012,-0.008440,0.220000,-0.008440,1,-0.164399,0.220000,0.220000,-0.000158,-0.014825,-0.000936,-0.040936,0.311127,0.330000,-0.023883,1
1772477658,693104069,0.036970,-1.288603,2.769188,-1.342623,-0.575366,-1.291401,1,0.220018,-0.016081,0.311127,-0.022517,0.311127,-0.022369,0.220175,-0.022369,0.219795,-0.009907,0.311012,-0.008440,0.311003,-0.008773,0.220000,-0.008773,1,-0.170901,0.220000,0.220000,-0.001106,-0.015773,-0.002517,-0.042517,0.311127,0.330000,-0.023726,1
1772477658,743265364,0.026448,-1.283967,2.766082,-1.339926,-0.586543,-1.294507,1,0.220353,-0.028518,0.311127,-0.022369,0.311127,-0.019441,0.220131,-0.019441,0.220096,-0.010645,0.311003,-0.008773,0.311034,-0.007603,0.220000,-0.007603,1,-0.148095,0.220000,0.220000,-0.001440,-0.016107,-0.002369,-0.042369,0.311127,0.330000,-0.020620,1
1772477658,768189647,0.020957,-1.281198,2.765692,-1.338796,-0.592588,-1.294897,1,0.218099,-0.022891,0.311127,-0.019441,0.311127,-0.019074,0.220114,-0.019074,0.217810,-0.011211,0.311034,-0.007603,0.311047,-0.007071,0.220000,-0.007071,1,-0.137736,0.220000,0.220000,-0.000269,-0.014936,0.000559,-0.039441,0.311127,0.330000,-0.020231,1
1772477658,793366597,0.016424,-1.280018,2.765832,-1.336985,-0.596907,-1.294757,1,0.217307,-0.035883,0.311127,-0.019074,0.311127,-0.019206,0.220136,-0.019206,0.217096,-0.009560,0.311047,-0.007071,0.311031,-0.007737,0.220000,-0.007737,1,-0.150711,0.220000,0.220000,0.000263,-0.014404,0.000926,-0.039074,0.311127,0.330000,-0.020371,1
1772477658,843396086,0.006993,-1.276171,2.767031,-1.334321,-0.606739,-1.293558,1,0.216941,-0.023034,0.311127,-0.019206,0.311127,-0.020336,0.220153,-0.020336,0.216729,-0.009576,0.311031,-0.007737,0.311019,-0.008195,0.220000,-0.008195,1,-0.159637,0.220000,0.220000,-0.000404,-0.015070,0.000794,-0.039206,0.311127,0.330000,-0.021570,1
1772477658,868509276,0.001986,-1.274242,2.766951,-1.332818,-0.611889,-1.293639,1,0.216784,-0.035302,0.311127,-0.020336,0.311127,-0.020260,0.220157,-0.020260,0.216540,-0.010270,0.311019,-0.008195,0.311016,-0.008314,0.220000,-0.008314,1,-0.161945,0.220000,0.220000,-0.000862,-0.015528,-0.000336,-0.040336,0.311127,0.330000,-0.021489,1
1772477658,893507399,-0.003027,-1.270961,2.766578,-1.332385,-0.617865,-1.294011,1,0.216728,-0.029615,0.311127,-0.020260,0.311127,-0.019909,0.220117,-0.019909,0.216459,-0.010784,0.311016,-0.008314,0.311044,-0.007168,0.220000,-0.007168,1,-0.139627,0.220000,0.220000,-0.000980,-0.015647,-0.000260,-0.040260,0.311127,0.330000,-0.021117,1
1772477658,943609109,-0.012526,-1.266477,2.766517,-1.330187,-0.628137,-1.294072,1,0.218444,-0.021423,0.311127,-0.019909,0.311127,-0.019851,0.220102,-0.019851,0.218175,-0.010843,0.311044,-0.007168,0.311055,-0.006705,0.220000,-0.006705,1,-0.130601,0.220000,0.220000,0.000165,-0.014501,0.000091,-0.039909,0.311127,0.330000,-0.021056,1
1772477658,968638824,-0.017496,-1.265688,2.766286,-1.327800,-0.632566,-1.294303,1,0.220398,-0.035516,0.311127,-0.019851,0.311127,-0.019633,0.220137,-0.019633,0.220164,-0.010164,0.311055,-0.006705,0.311030,-0.007754,0.220000,-0.007754,1,-0.151036,0.220000,0.220000,0.000629,-0.014038,0.000149,-0.039851,0.311127,0.330000,-0.020824,1
1772477658,993674511,-0.022592,-1.261690,2.767571,-1.327887,-0.639043,-1.293019,1,0.219512,-0.016580,0.311127,-0.019633,0.311127,-0.020845,0.220097,-0.020845,0.219272,-0.010257,0.311030,-0.007754,0.311058,-0.006530,0.220000,-0.006530,1,-0.127199,0.220000,0.220000,-0.000420,-0.015087,0.000367,-0.039633,0.311127,0.330000,-0.022109,1
1772477659,43925103,-0.033004,-1.258946,2.768612,-1.323752,-0.648986,-1.291977,1,0.216207,-0.018562,0.311127,-0.020845,0.311127,-0.021827,0.220155,-0.021827,0.215957,-0.010406,0.311058,-0.006530,0.311017,-0.008255,0.220000,-0.008255,1,-0.160807,0.220000,0.220000,0.000803,-0.013863,-0.000845,-0.040845,0.311127,0.330000,-0.023151,1
1772477659,68851673,-0.037872,-1.255530,2.767724,-1.323515,-0.654928,-1.292865,1,0.210112,-0.021538,0.311127,-0.021827,0.311127,-0.020990,0.220104,-0.020990,0.209923,-0.008925,0.311017,-0.008255,0.311053,-0.006778,0.220000,-0.006778,1,-0.132039,0.220000,0.220000,-0.000922,-0.015588,-0.001827,-0.041827,0.311127,0.330000,-0.022263,1
1772477659,93912902,-0.042865,-1.254330,2.767043,-1.321440,-0.659625,-1.293546,1,0.208836,-0.025191,0.311127,-0.020990,0.311127,-0.020348,0.220122,-0.020348,0.208536,-0.011195,0.311053,-0.006778,0.311040,-0.007339,0.220000,-0.007339,1,-0.142966,0.220000,0.220000,0.000555,-0.014112,-0.000990,-0.040990,0.311127,0.330000,-0.021582,1
1772477659,144004030,-0.052599,-1.250724,2.766274,-1.318402,-0.669551,-1.294315,1,0.204558,-0.023142,0.311127,-0.020348,0.311127,-0.019622,0.220128,-0.019622,0.204346,-0.009311,0.311040,-0.007339,0.311036,-0.007504,0.220000,-0.007504,1,-0.146173,0.220000,0.220000,-0.000006,-0.014673,-0.000348,-0.040348,0.311127,0.330000,-0.020812,1
1772477659,169064432,-0.056892,-1.249110,2.765681,-1.317081,-0.673943,-1.294909,1,0.202062,-0.020798,0.311127,-0.019622,0.311127,-0.019063,0.220127,-0.019063,0.201812,-0.010058,0.311036,-0.007504,0.311037,-0.007478,0.220000,-0.007478,1,-0.145658,0.220000,0.220000,-0.000171,-0.014837,0.000378,-0.039622,0.311127,0.330000,-0.020219,1
1772477659,194250995,-0.063356,-1.247743,2.765629,-1.314067,-0.679888,-1.295044,1,0.200920,-0.018891,0.311127,-0.019063,0.311127,-0.018935,0.220175,-0.018935,0.200703,-0.009346,0.311037,-0.007478,0.311003,-0.008767,0.220000,-0.008767,1,-0.170781,0.220000,0.220000,-0.000144,-0.014811,0.000937,-0.039063,0.311127,0.330000,-0.020084,1
1772477659,244338625,-0.071566,-1.243428,2.766116,-1.310759,-0.688808,-1.295379,1,0.199428,-0.008895,0.311127,-0.018935,0.311127,-0.018619,0.220207,-0.018619,0.199216,-0.009198,0.311003,-0.008767,0.310980,-0.009553,0.220000,-0.009553,1,-0.186089,0.220000,0.220000,-0.001434,-0.016101,0.001065,-0.038935,0.311127,0.330000,-0.019748,1
1772477659,269297166,-0.077120,-1.243248,2.765790,-1.307536,-0.693335,-1.295705,1,0.199691,-0.017998,0.311127,-0.018619,0.311127,-0.018312,0.220291,-0.018312,0.199407,-0.010656,0.310980,-0.009553,0.310921,-0.011311,0.220000,-0.011311,1,-0.220329,0.220000,0.220000,-0.002220,-0.016886,0.001381,-0.038619,0.311127,0.330000,-0.019423,1
1772477659,294422585,-0.080657,-1.239487,2.766073,-1.308386,-0.698428,-1.295422,1,0.200623,-0.019523,0.311127,-0.018312,0.311127,-0.018579,0.220201,-0.018579,0.200286,-0.011614,0.310921,-0.011311,0.310985,-0.009410,0.220000,-0.009410,1,-0.183311,0.220000,0.220000,-0.003977,-0.018644,0.001688,-0.038312,0.311127,0.330000,-0.019706,1
1772477659,344476316,-0.091073,-1.235620,2.765712,-1.305152,-0.709057,-1.295783,1,0.201460,-0.014351,0.311127,-0.018579,0.311127,-0.018238,0.220214,-0.018238,0.201026,-0.013216,0.310985,-0.009410,0.310975,-0.009714,0.220000,-0.009714,1,-0.189221,0.220000,0.220000,-0.002077,-0.016744,0.001421,-0.038579,0.311127,0.330000,-0.019344,1
1772477659,369548998,-0.093826,-1.235568,2.765393,-1.303525,-0.711279,-1.296102,1,0.204945,-0.014236,0.311127,-0.018238,0.311127,-0.017938,0.220254,-0.017938,0.204607,-0.011772,0.310975,-0.009714,0.310947,-0.010569,0.220000,-0.010569,1,-0.205873,0.220000,0.220000,-0.002381,-0.017047,0.001762,-0.038238,0.311127,0.330000,-0.019026,1
1772477659,394624725,-0.099836,-1.232046,2.764894,-1.302685,-0.718194,-1.296601,1,0.206779,-0.031548,0.311127,-0.017938,0.311127,-0.017467,0.220206,-0.017467,0.206435,-0.011937,0.310947,-0.010569,0.310981,-0.009531,0.220000,-0.009531,1,-0.185662,0.220000,0.220000,-0.003235,-0.017902,0.002062,-0.037938,0.311127,0.330000,-0.018527,1
1772477659,444800111,-0.108193,-1.226972,2.766006,-1.301658,-0.727917,-1.295490,1,0.211476,-0.022915,0.311127,-0.017467,0.311127,-0.018515,0.220164,-0.018515,0.211097,-0.012653,0.310981,-0.009531,0.311011,-0.008496,0.220000,-0.008496,1,-0.165491,0.220000,0.220000,-0.002198,-0.016864,0.002533,-0.037467,0.311127,0.330000,-0.019638,1
1772477659,469748350,-0.113189,-1.224636,2.766056,-1.300489,-0.733307,-1.295439,1,0.216311,-0.020967,0.311127,-0.018515,0.311127,-0.018563,0.220156,-0.018563,0.215926,-0.012899,0.311011,-0.008496,0.311016,-0.008293,0.220000,-0.008293,1,-0.161539,0.220000,0.220000,-0.001162,-0.015829,0.001485,-0.038515,0.311127,0.330000,-0.019689,1
1772477659,494877399,-0.118258,-1.223613,2.766064,-1.298232,-0.737960,-1.295431,1,0.220291,-0.006824,0.311127,-0.018563,0.311127,-0.018570,0.220194,-0.018570,0.220011,-0.011103,0.311016,-0.008293,0.310990,-0.009245,0.220000,-0.009245,1,-0.180082,0.220000,0.220000,-0.000959,-0.015626,0.001437,-0.038563,0.311127,0.330000,-0.019697,1
1772477659,544937499,-0.127735,-1.218289,2.767488,-1.296725,-0.748724,-1.294007,1,0.219941,-0.025761,0.311127,-0.018570,0.311127,-0.019912,0.220164,-0.019912,0.219658,-0.011160,0.310990,-0.009245,0.311011,-0.008495,0.220000,-0.008495,1,-0.165487,0.220000,0.220000,-0.001911,-0.016578,0.001430,-0.038570,0.311127,0.330000,-0.021120,1
1772477659,569957848,-0.133996,-1.215473,2.767581,-1.295419,-0.755386,-1.293666,1,0.218384,-0.010867,0.311127,-0.019912,0.311127,-0.020234,0.220153,-0.020234,0.218029,-0.012458,0.311011,-0.008495,0.311019,-0.008204,0.220000,-0.008204,1,-0.159816,0.220000,0.220000,-0.001162,-0.015829,0.000088,-0.039912,0.311127,0.330000,-0.021462,1
1772477659,594977702,-0.139164,-1.212925,2.767009,-1.296929,-0.760768,-1.291600,1,0.217386,-0.005028,0.311127,-0.020234,0.311127,-0.022182,0.220087,-0.022182,0.217090,-0.011355,0.311019,-0.008204,0.311065,-0.006188,0.220000,-0.006188,1,-0.120535,0.220000,0.220000,-0.000871,-0.015538,-0.000234,-0.040234,0.311127,0.330000,-0.023528,1
1772477659,645208554,-0.148158,-1.210167,2.766497,-1.293648,-0.769585,-1.292112,1,0.216643,-0.018066,0.311127,-0.022182,0.311127,-0.021699,0.220109,-0.021699,0.216366,-0.010950,0.311065,-0.006188,0.311050,-0.006918,0.220000,-0.006918,1,-0.134768,0.220000,0.220000,0.001146,-0.013521,-0.002182,-0.042182,0.311127,0.330000,-0.023016,1
1772477659,670132453,-0.154261,-1.208367,2.766188,-1.291365,-0.775525,-1.292421,1,0.217153,-0.018141,0.311127,-0.021699,0.311127,-0.021408,0.220127,-0.021408,0.216980,-0.008674,0.311050,-0.006918,0.311037,-0.007488,0.220000,-0.007488,1,-0.145872,0.220000,0.220000,0.000415,-0.014252,-0.001699,-0.041699,0.311127,0.330000,-0.022706,1
1772477659,695210888,-0.159115,-1.205925,2.764826,-1.290351,-0.780863,-1.293783,1,0.217775,-0.024344,0.311127,-0.021408,0.311127,-0.020124,0.220103,-0.020124,0.217578,-0.009262,0.311037,-0.007488,0.311054,-0.006717,0.220000,-0.006717,1,-0.130837,0.220000,0.220000,-0.000155,-0.014822,-0.001408,-0.041408,0.311127,0.330000,-0.021344,1
1772477659,745318921,-0.169016,-1.201086,2.764886,-1.288170,-0.791665,-1.293723,1,0.218629,-0.008364,0.311127,-0.020124,0.311127,-0.020180,0.220086,-0.020180,0.218417,-0.009630,0.311054,-0.006717,0.311066,-0.006149,0.220000,-0.006149,1,-0.119788,0.220000,0.220000,0.000617,-0.014050,-0.000124,-0.040124,0.311127,0.330000,-0.021405,1
1772477659,770389091,-0.173998,-1.197898,2.765351,-1.287672,-0.797558,-1.293258,1,0.219953,-0.002849,0.311127,-0.020180,0.311127,-0.020619,0.220065,-0.020619,0.219774,-0.008873,0.311066,-0.006149,0.311081,-0.005344,0.220000,-0.005344,1,-0.104101,0.220000,0.220000,0.001184,-0.013483,-0.000180,-0.040180,0.311127,0.330000,-0.021869,1
1772477659,795474790,-0.179050,-1.197173,2.764567,-1.285174,-0.802010,-1.294042,1,0.220121,-0.006618,0.311127,-0.020619,0.311127,-0.019880,0.220091,-0.019880,0.219962,-0.008365,0.311081,-0.005344,0.311063,-0.006317,0.220000,-0.006317,1,-0.123046,0.220000,0.220000,0.001989,-0.012677,-0.000619,-0.040619,0.311127,0.330000,-0.021086,1
1772477659,845526375,-0.187791,-1.194700,2.763859,-1.281356,-0.807888,-1.298118,1,0.219990,-0.016589,0.311127,-0.019880,0.311127,-0.016037,0.220116,-0.016037,0.219868,-0.007325,0.311063,-0.006317,0.311045,-0.007130,0.220000,-0.007130,1,-0.138887,0.220000,0.220000,0.001017,-0.013650,0.000120,-0.039880,0.311127,0.330000,-0.017010,1
1772477659,870578938,-0.193377,-1.191826,2.764434,-1.280261,-0.814074,-1.297543,1,0.220039,-0.008790,0.311127,-0.016037,0.311127,-0.016579,0.220106,-0.016579,0.219888,-0.008172,0.311045,-0.007130,0.311052,-0.006832,0.220000,-0.006832,1,-0.133088,0.220000,0.220000,0.000203,-0.014463,0.003963,-0.036037,0.311127,0.330000,-0.017585,1
1772477659,895636761,-0.198522,-1.189407,2.763192,-1.279071,-0.819633,-1.298784,1,0.219837,-0.003295,0.311127,-0.016579,0.311127,-0.015409,0.220088,-0.015409,0.219637,-0.009382,0.311052,-0.006832,0.311065,-0.006207,0.220000,-0.006207,1,-0.120904,0.220000,0.220000,0.000501,-0.014166,0.003421,-0.036579,0.311127,0.330000,-0.016343,1
1772477659,945714424,-0.210102,-1.185232,2.762995,-1.275382,-0.831376,-1.298982,1,0.219844,-0.002787,0.311127,-0.015409,0.311127,-0.015223,0.220102,-0.015223,0.219687,-0.008315,0.311065,-0.006207,0.311055,-0.006710,0.220000,-0.006710,1,-0.130714,0.220000,0.220000,0.001127,-0.013540,0.004591,-0.035409,0.311127,0.330000,-0.016146,1
1772477659,970760686,-0.215431,-1.182147,2.763261,-1.274610,-0.837485,-1.298716,1,0.219869,-0.007790,0.311127,-0.015223,0.311127,-0.015473,0.220083,-0.015473,0.219731,-0.007795,0.311055,-0.006710,0.311068,-0.006040,0.220000,-0.006040,1,-0.117666,0.220000,0.220000,0.000623,-0.014044,0.004777,-0.035223,0.311127,0.330000,-0.016412,1
1772477659,995874447,-0.220929,-1.181883,2.762134,-1.271491,-0.842021,-1.299843,1,0.219870,-0.025689,0.311127,-0.015473,0.311127,-0.014411,0.220126,-0.014411,0.219712,-0.008325,0.311068,-0.006040,0.311038,-0.007453,0.220000,-0.007453,1,-0.145186,0.220000,0.220000,0.001293,-0.013374,0.004527,-0.035473,0.311127,0.330000,-0.015285,1
1772477660,45960692,-0.230900,-1.176826,2.761491,-1.269478,-0.853018,-1.300485,1,0.220362,-0.010215,0.311127,-0.014411,0.311127,-0.013805,0.220095,-0.013805,0.220235,-0.007475,0.311038,-0.007453,0.311060,-0.006468,0.220000,-0.006468,1,-0.125984,0.220000,0.220000,-0.000120,-0.014787,0.005589,-0.034411,0.311127,0.330000,-0.014642,1
1772477660,71024122,-0.236576,-1.175393,2.761537,-1.267182,-0.858403,-1.300440,1,0.219782,0.003101,0.311127,-0.013805,0.311127,-0.013848,0.220121,-0.013848,0.219611,-0.008665,0.311060,-0.006468,0.311042,-0.007292,0.220000,-0.007292,1,-0.142041,0.220000,0.220000,0.000866,-0.013801,0.006195,-0.033805,0.311127,0.330000,-0.014688,1
1772477660,96022003,-0.240838,-1.172729,2.761852,-1.266990,-0.863373,-1.299882,1,0.220257,0.000000,0.311127,-0.013848,0.311127,-0.014374,0.220095,-0.014374,0.220133,-0.007407,0.311042,-0.007292,0.311060,-0.006456,0.220000,-0.006456,1,-0.125761,0.220000,0.220000,0.000042,-0.014625,0.006152,-0.033848,0.311127,0.330000,-0.015246,1
1772477660,146127847,-0.251877,-1.169939,2.759859,-1.265426,-0.873461,-1.299231,1,0.219625,-0.013791,0.311127,-0.014374,0.311127,-0.014987,0.220073,-0.014987,0.219453,-0.008690,0.311060,-0.006456,0.311075,-0.005680,0.220000,-0.005680,1,-0.110643,0.220000,0.220000,0.000877,-0.013789,0.005626,-0.034374,0.311127,0.330000,-0.015897,1
1772477660,171182868,-0.257749,-1.165930,2.759846,-1.265041,-0.880561,-1.299244,1,0.220305,-0.004669,0.311127,-0.014987,0.311127,-0.014976,0.220043,-0.014976,0.220193,-0.007005,0.311075,-0.005680,0.311097,-0.004335,0.220000,-0.004335,1,-0.084440,0.220000,0.220000,0.001653,-0.013013,0.005013,-0.034987,0.311127,0.330000,-0.015884,1
1772477660,196264443,-0.262143,-1.165385,2.759544,-1.262803,-0.884381,-1.299546,1,0.219889,-0.002282,0.311127,-0.014976,0.311127,-0.014690,0.220066,-0.014690,0.219791,-0.006569,0.311097,-0.004335,0.311081,-0.005371,0.220000,-0.005371,1,-0.104625,0.220000,0.220000,0.002999,-0.011668,0.005024,-0.034976,0.311127,0.330000,-0.015582,1
1772477660,246449911,-0.273403,-1.161535,2.758246,-1.259016,-0.895663,-1.300844,1,0.220116,-0.011964,0.311127,-0.014690,0.311127,-0.013467,0.220075,-0.013467,0.220064,-0.004797,0.311081,-0.005371,0.311074,-0.005731,0.220000,-0.005731,1,-0.111644,0.220000,0.220000,0.001962,-0.012704,0.005310,-0.034690,0.311127,0.330000,-0.014283,1
1772477660,271392885,-0.277904,-1.158300,2.759065,-1.258849,-0.901204,-1.300025,1,0.219856,-0.015900,0.311127,-0.013467,0.311127,-0.014239,0.220053,-0.014239,0.219752,-0.006759,0.311074,-0.005731,0.311090,-0.004818,0.220000,-0.004818,1,-0.093846,0.220000,0.220000,0.001602,-0.013065,0.006533,-0.033467,0.311127,0.330000,-0.015102,1
1772477660,296421671,-0.281452,-1.157671,2.758290,-1.257192,-0.904403,-1.300800,1,0.220049,-0.014807,0.311127,-0.014239,0.311127,-0.013509,0.220064,-0.013509,0.219940,-0.006916,0.311090,-0.004818,0.311081,-0.005325,0.220000,-0.005325,1,-0.103737,0.220000,0.220000,0.002516,-0.012151,0.005761,-0.034239,0.311127,0.330000,-0.014328,1
1772477660,346621527,-0.294421,-1.153114,2.757968,-1.252928,-0.917471,-1.301122,1,0.220382,-0.009834,0.311127,-0.013509,0.311127,-0.013205,0.220082,-0.013205,0.220311,-0.005570,0.311081,-0.005325,0.311069,-0.005999,0.220000,-0.005999,1,-0.116856,0.220000,0.220000,0.002008,-0.012659,0.006491,-0.033509,0.311127,0.330000,-0.014006,1
1772477660,371553252,-0.298744,-1.152085,2.757565,-1.250968,-0.921725,-1.301603,1,0.220199,-0.002846,0.311127,-0.013205,0.311127,-0.012752,0.220100,-0.012752,0.220113,-0.006139,0.311069,-0.005999,0.311057,-0.006622,0.220000,-0.006622,1,-0.128997,0.220000,0.220000,0.001334,-0.013332,0.006795,-0.033205,0.311127,0.330000,-0.013525,1
1772477660,396661835,-0.304163,-1.148696,2.757505,-1.248659,-0.930344,-1.302549,1,0.220489,-0.013341,0.311127,-0.012752,0.311127,-0.011860,0.220092,-0.011860,0.220386,-0.006727,0.311057,-0.006622,0.311062,-0.006379,0.220000,-0.006379,1,-0.124268,0.220000,0.220000,0.000711,-0.013956,0.007248,-0.032752,0.311127,0.330000,-0.012579,1
1772477660,446757000,-0.314461,-1.144209,2.756779,-1.245973,-0.941250,-1.303275,1,0.220103,0.013890,0.311127,-0.011860,0.311127,-0.011175,0.220082,-0.011175,0.219999,-0.006749,0.311062,-0.006379,0.311069,-0.006003,0.220000,-0.006003,1,-0.116943,0.220000,0.220000,0.000954,-0.013713,0.008140,-0.031860,0.311127,0.330000,-0.011853,1
1772477660,471801009,-0.320243,-1.140836,2.757758,-1.245143,-0.947894,-1.302296,1,0.220246,0.002263,0.311127,-0.011175,0.311127,-0.012098,0.220068,-0.012098,0.220158,-0.006249,0.311069,-0.006003,0.311079,-0.005481,0.220000,-0.005481,1,-0.106764,0.220000,0.220000,0.001330,-0.013337,0.008825,-0.031175,0.311127,0.330000,-0.012832,1
1772477660,496850701,-0.326087,-1.139424,2.756984,-1.242718,-0.953394,-1.303071,1,0.219779,0.008942,0.311127,-0.012098,0.311127,-0.011368,0.220086,-0.011368,0.219683,-0.006486,0.311079,-0.005481,0.311066,-0.006141,0.220000,-0.006141,1,-0.119618,0.220000,0.220000,0.001853,-0.012814,0.007902,-0.032098,0.311127,0.330000,-0.012057,1
1772477660,546947207,-0.336888,-1.133864,2.756202,-1.240579,-0.965353,-1.303853,1,0.219734,-0.012771,0.311127,-0.011368,0.311127,-0.010630,0.220057,-0.010630,0.219650,-0.006090,0.311066,-0.006141,0.311087,-0.004997,0.220000,-0.004997,1,-0.097337,0.220000,0.220000,0.001193,-0.013474,0.008632,-0.031368,0.311127,0.330000,-0.011275,1
1772477660,571972094,-0.341862,-1.131998,2.755723,-1.239043,-0.970438,-1.304331,1,0.220196,0.010244,0.311127,-0.010630,0.311127,-0.010180,0.220058,-0.010180,0.220131,-0.005346,0.311087,-0.004997,0.311086,-0.005037,0.220000,-0.005037,1,-0.098116,0.220000,0.220000,0.002336,-0.012330,0.009370,-0.030630,0.311127,0.330000,-0.010797,1
1772477660,597071925,-0.345934,-1.132099,2.754848,-1.236491,-0.973613,-1.305206,1,0.219734,-0.012936,0.311127,-0.010180,0.311127,-0.009354,0.220091,-0.009354,0.219668,-0.005397,0.311086,-0.005037,0.311062,-0.006336,0.220000,-0.006336,1,-0.123414,0.220000,0.220000,0.002296,-0.012370,0.009820,-0.030180,0.311127,0.330000,-0.009922,1
1772477660,647159279,-0.355814,-1.126656,2.755627,-1.234997,-0.984713,-1.304665,1,0.219668,-0.003606,0.311127,-0.009354,0.311127,-0.009865,0.220062,-0.009865,0.219600,-0.005474,0.311062,-0.006336,0.311083,-0.005220,0.220000,-0.005220,1,-0.101683,0.220000,0.220000,0.000998,-0.013669,0.010646,-0.029354,0.311127,0.330000,-0.010463,1
1772477660,672163029,-0.362517,-1.123107,2.755203,-1.235874,-0.991549,-1.307882,1,0.220175,0.001010,0.311127,-0.009865,0.311127,-0.006831,0.220007,-0.006831,0.220105,-0.005581,0.311083,-0.005220,0.311122,-0.001789,0.220000,-0.001789,1,-0.034852,0.220000,0.220000,0.002113,-0.012553,0.010135,-0.029865,0.311127,0.330000,-0.007245,1
1772477660,697200384,-0.366998,-1.122371,2.754628,-1.233751,-0.995564,-1.308457,1,0.219703,-0.009289,0.311127,-0.006831,0.311127,-0.006289,0.220015,-0.006289,0.219630,-0.005696,0.311122,-0.001789,0.311116,-0.002589,0.220000,-0.002589,1,-0.050442,0.220000,0.220000,0.005544,-0.009122,0.013169,-0.026831,0.311127,0.330000,-0.006671,1
1772477660,747324623,-0.376565,-1.117177,2.753845,-1.232104,-1.006324,-1.309240,1,0.219893,-0.007587,0.311127,-0.006289,0.311127,-0.005551,0.220004,-0.005551,0.219883,-0.002137,0.311116,-0.002589,0.311124,-0.001283,0.220000,-0.001283,1,-0.024985,0.220000,0.220000,0.004744,-0.009923,0.013711,-0.026289,0.311127,0.330000,-0.005888,1
1772477660,772346007,-0.381240,-1.113436,2.754058,-1.232257,-1.012309,-1.309028,1,0.220219,0.007819,0.311127,-0.005551,0.311127,-0.005751,0.220000,-0.005751,0.220215,-0.001334,0.311124,-0.001283,0.311127,0.000217,0.220000,0.000217,1,0.004231,0.220000,0.220000,0.006051,-0.008616,0.014449,-0.025551,0.311127,0.330000,-0.006100,1
1772477660,797418206,-0.387567,-1.112117,2.753635,-1.229482,-1.018146,-1.309451,1,0.219860,-0.001903,0.311127,-0.005751,0.311127,-0.005352,0.220001,-0.005352,0.219852,-0.001879,0.311127,0.000217,0.311126,-0.000791,0.220000,-0.000791,1,-0.015402,0.220000,0.220000,0.007551,-0.007116,0.014249,-0.025751,0.311127,0.330000,-0.005677,1
1772477660,847489276,-0.398458,-1.107602,2.752048,-1.226493,-1.029551,-1.311037,1,0.219825,-0.014374,0.311127,-0.005352,0.311127,-0.003857,0.220000,-0.003857,0.219822,-0.001122,0.311126,-0.000791,0.311127,-0.000304,0.220000,-0.000304,1,-0.005918,0.220000,0.220000,0.006543,-0.008124,0.014648,-0.025352,0.311127,0.330000,-0.004091,1
1772477660,872530311,-0.402760,-1.103759,2.752451,-1.226953,-1.035302,-1.310634,1,0.219792,0.006731,0.311127,-0.003857,0.311127,-0.004236,0.220004,-0.004236,0.219792,0.000000,0.311127,-0.000304,0.311124,0.001361,0.220000,0.001361,1,0.026518,0.220000,0.220000,0.007030,-0.007637,0.016143,-0.023857,0.311127,0.330000,-0.004493,1
1772477660,897565829,-0.408854,-1.101661,2.751770,-1.224864,-1.041482,-1.311389,1,0.220391,0.016730,0.311127,-0.004236,0.311127,-0.003525,0.220003,-0.003525,0.220391,0.000000,0.311124,0.001361,0.311125,0.001164,0.220000,0.001164,1,0.022673,0.220000,0.220000,0.008695,-0.005972,0.015764,-0.024236,0.311127,0.330000,-0.003739,1
1772477660,947689552,-0.419657,-1.096706,2.751390,-1.221385,-1.053777,-1.312663,1,0.220424,-0.003866,0.311127,-0.003525,0.311127,-0.002324,0.220004,-0.002324,0.220424,0.000000,0.311125,0.001164,0.311124,0.001319,0.220000,0.001319,1,0.025684,0.220000,0.220000,0.008497,-0.006169,0.016475,-0.023525,0.311127,0.330000,-0.002464,1
1772477660,972709124,-0.424511,-1.095642,2.750601,-1.219302,-1.058288,-1.313453,1,0.220097,-0.005175,0.311127,-0.002324,0.311127,-0.001579,0.220001,-0.001579,0.220097,0.000000,0.311124,0.001319,0.311126,0.000740,0.220000,0.000740,1,0.014409,0.220000,0.220000,0.008652,-0.006015,0.017676,-0.022324,0.311127,0.330000,-0.001675,1
1772477660,997743882,-0.430894,-1.092693,2.750460,-1.217797,-1.065157,-1.313593,1,0.220377,0.002955,0.311127,-0.001579,0.311127,-0.001447,0.220003,-0.001447,0.220375,0.001046,0.311126,0.000740,0.311125,0.001049,0.220000,0.001049,1,0.020434,0.220000,0.220000,0.008073,-0.006594,0.018421,-0.021579,0.311127,0.330000,-0.001534,1
1772477661,47853566,-0.439285,-1.088978,2.748727,-1.215692,-1.074089,-1.315327,1,0.220216,0.012302,0.311127,-0.001447,0.311127,0.000187,0.220007,0.000187,0.220210,0.001604,0.311125,0.001049,0.311122,0.001797,0.220000,0.001797,1,0.035008,0.220000,0.220000,0.008382,-0.006284,0.018553,-0.021447,0.311127,0.330000,0.000199,1
1772477661,72905419,-0.444689,-1.087806,2.748773,-1.213362,-1.079104,-1.315280,1,0.220474,0.002203,0.311127,0.000187,0.311127,1.481105,0.220002,0.020187,0.220467,0.001750,0.311122,0.001797,0.311126,0.000854,0.220000,0.000854,1,0.016630,0.220000,0.220000,0.009131,-0.005536,0.020187,-0.019813,0.311127,0.330000,1.570949,1
1772477661,97953799,-0.450268,-1.085246,2.748758,-1.212034,-1.085097,-1.315295,1,0.220396,0.007612,0.311127,1.481105,0.311127,1.481119,0.220003,0.600000,0.220391,0.001387,0.311126,0.000854,0.311125,0.001076,0.220000,0.001076,1,0.020960,0.220000,0.220000,0.008187,-0.006480,0.600000,0.600000,0.311127,0.330000,1.570964,1
1772477661,148166692,-0.459942,-1.081456,2.748322,-1.209652,-1.094769,-1.315496,1,0.220233,0.032860,0.311127,1.481119,0.311127,1.481308,0.220161,0.600000,0.220227,0.001542,0.311125,0.001076,0.305047,0.061205,0.220000,0.008409,1,1.192246,0.220000,0.220000,0.008409,-0.006257,0.600000,0.600000,0.311127,0.330000,1.571165,1
1772477661,173069766,-0.465012,-1.079737,2.749282,-1.212904,-1.096141,-1.311885,1,0.220391,0.046676,0.311127,1.481308,0.311127,1.477903,0.228688,0.600000,0.220247,0.007978,0.305047,0.061205,0.304798,0.062437,0.220000,0.062437,1,1.216246,0.220000,0.220000,0.068538,0.053872,0.600000,0.600000,0.311127,0.330000,1.567553,1
1772477661,198115936,-0.469539,-1.077686,2.750422,-1.211792,-1.100984,-1.310744,1,0.220551,0.058785,0.311127,1.477903,0.311127,1.476828,0.230798,0.600000,0.220377,0.008746,0.304798,0.062437,0.300270,0.081472,0.220000,0.069770,1,1.587040,0.220000,0.220000,0.069770,0.055104,0.600000,0.600000,0.311127,0.330000,1.566413,1
1772477661,223176761,-0.475192,-1.075124,2.751228,-1.210402,-1.107034,-1.309938,1,0.221826,0.127997,0.311127,1.476828,0.311127,1.476068,0.237248,0.600000,0.220535,0.023901,0.300270,0.081472,0.294585,0.100100,0.220000,0.088806,1,1.949892,0.220000,0.220000,0.088806,0.074139,0.600000,0.600000,0.311127,0.330000,1.565607,1
1772477661,273312745,-0.485329,-1.072281,2.754641,-1.206519,-1.116819,-1.306525,1,0.222259,0.104021,0.311127,1.476068,0.311127,1.472850,0.306684,0.600000,0.220162,0.030459,0.294585,0.100100,0.285288,0.124141,0.287251,0.107433,1,2.418211,0.220000,0.220000,0.107433,0.092766,0.600000,0.600000,0.311127,0.330000,1.562193,1
1772477661,298364167,-0.491202,-1.069987,2.757240,-1.204783,-1.122881,-1.303926,1,0.222075,0.120221,0.311127,1.472850,0.311127,1.470400,0.256292,0.600000,0.219964,0.030549,0.285288,0.124141,0.279807,0.136043,0.220000,0.131475,1,2.650060,0.220000,0.220000,0.131475,0.116808,0.600000,0.600000,0.311127,0.330000,1.559595,1
1772477661,323470861,-0.496289,-1.068848,2.760878,-1.202606,-1.127617,-1.300288,1,0.226840,0.190847,0.311127,1.470400,0.311127,1.466970,0.262596,0.600000,0.221677,0.048121,0.279807,0.136043,0.275599,0.144378,0.220000,0.143377,1,2.812417,0.220000,0.220000,0.143377,0.128710,0.600000,0.600000,0.311127,0.330000,1.555957,1
1772477661,373561128,-0.507589,-1.065976,2.768134,-1.198040,-1.138345,-1.293032,1,0.226482,0.165168,0.311127,1.466970,0.311127,1.460129,0.308193,0.600000,0.220364,0.052289,0.275599,0.144378,0.266176,0.161091,0.268266,0.151711,1,3.137974,0.220000,0.220000,0.151711,0.137045,0.600000,0.600000,0.311127,0.330000,1.548701,1
1772477661,398713409,-0.513114,-1.064983,2.770936,-1.195566,-1.143280,-1.290228,1,0.226366,0.177662,0.311127,1.460129,0.311127,1.457485,0.276943,0.600000,0.220116,0.052825,0.266176,0.161091,0.261730,0.168218,0.220000,0.168218,1,3.276812,0.220000,0.220000,0.168424,0.153758,0.600000,0.600000,0.311127,0.330000,1.545897,1
1772477661,423846285,-0.520143,-1.065022,2.774942,-1.192226,-1.148165,-1.286198,1,0.233278,0.275343,0.311127,1.457485,0.311127,1.453686,0.280997,0.600000,0.222008,0.071631,0.261730,0.168218,0.257373,0.174812,0.220000,0.174812,1,3.405246,0.220000,0.220000,0.175552,0.160885,0.600000,0.600000,0.311127,0.330000,1.541867,1
1772477661,473824479,-0.530857,-1.064208,2.784051,-1.186379,-1.157180,-1.277089,1,0.232229,0.225989,0.311127,1.453686,0.311127,1.445098,0.309349,0.600000,0.219863,0.074770,0.257373,0.174812,0.249825,0.185439,0.250040,0.182145,1,3.612258,0.220000,0.220000,0.182145,0.167478,0.600000,0.600000,0.311127,0.330000,1.532758,1
1772477661,498975794,-0.537599,-1.062834,2.790070,-1.183385,-1.163374,-1.271070,1,0.238259,0.294512,0.311127,1.445098,0.311127,1.439423,0.291918,0.600000,0.222412,0.085441,0.249825,0.185439,0.244916,0.191875,0.220000,0.191875,1,3.737639,0.220000,0.220000,0.192772,0.178105,0.600000,0.600000,0.311127,0.330000,1.526739,1
1772477661,523955646,-0.542530,-1.063740,2.795539,-1.179675,-1.166747,-1.265601,1,0.240285,0.316608,0.311127,1.439423,0.311127,1.434266,0.294151,0.600000,0.221693,0.092679,0.244916,0.191875,0.242230,0.195255,0.220000,0.195255,1,3.803481,0.220000,0.220000,0.199209,0.184542,0.600000,0.600000,0.311127,0.330000,1.521269,1
1772477661,574089942,-0.554248,-1.064810,2.808535,-1.171720,-1.175418,-1.252605,1,0.238723,0.277899,0.311127,1.434266,0.311127,1.422014,0.299069,0.600000,0.218516,0.096120,0.242230,0.195255,0.235616,0.203187,0.220000,0.202589,1,3.957986,0.220000,0.220000,0.202589,0.187922,0.600000,0.600000,0.311127,0.330000,1.508273,1
1772477661,599156632,-0.560862,-1.064829,2.815611,-1.167696,-1.180666,-1.245529,1,0.243152,0.341054,0.311127,1.422014,0.311127,1.415343,0.302504,0.600000,0.219347,0.104928,0.235616,0.203187,0.231714,0.207627,0.220000,0.207627,1,4.044470,0.220000,0.220000,0.210520,0.195854,0.600000,0.600000,0.311127,0.330000,1.501198,1
1772477661,624249270,-0.567219,-1.066906,2.822387,-1.162191,-1.184463,-1.238753,1,0.244282,0.363501,0.311127,1.415343,0.311127,1.408954,0.304789,0.600000,0.217464,0.111280,0.231714,0.207627,0.228699,0.210942,0.220000,0.210942,1,4.109052,0.220000,0.220000,0.214960,0.200293,0.600000,0.600000,0.311127,0.330000,1.494421,1
1772477661,674400909,-0.580282,-1.068904,2.837559,-1.153858,-1.192946,-1.224581,1,0.250143,0.360199,0.311127,1.408954,0.311127,1.395593,0.309153,0.600000,0.219778,0.119454,0.228699,0.210942,0.222766,0.217199,0.220000,0.217199,1,4.230933,0.220000,0.220000,0.218275,0.203609,0.600000,0.600000,0.311127,0.330000,1.480250,1
1772477661,699435324,-0.585272,-1.070054,2.845744,-1.149922,-1.196221,-1.216396,1,0.250453,0.402076,0.311127,1.395593,0.311127,1.387875,0.310449,0.600000,0.216040,0.126701,0.222766,0.217199,0.220955,0.219041,0.220000,0.219041,1,4.266809,0.220000,0.215432,0.220000,0.209866,0.600000,0.600000,0.311127,0.330000,1.472064,1
1772477661,724566420,-0.590165,-1.067830,2.855262,-1.148729,-1.201462,-1.206878,1,0.246637,0.413052,0.311127,1.387875,0.311127,1.378902,0.310024,0.600000,0.209715,0.129806,0.220955,0.219041,0.218437,0.221552,0.218437,0.220000,1,4.315720,0.220000,0.213622,0.220000,0.211707,0.600000,0.600000,0.311127,0.330000,1.462547,1
1772477661,774771834,-0.603442,-1.070934,2.875025,-1.138221,-1.210150,-1.187115,1,0.246541,0.396012,0.311127,1.378902,0.311127,1.360269,0.306522,0.600000,0.207541,0.133076,0.218437,0.221552,0.213438,0.226372,0.213438,0.220000,1,4.409620,0.220000,0.211104,0.220000,0.214218,0.600000,0.600000,0.311127,0.330000,1.442783,1
1772477661,799725054,-0.609221,-1.072770,2.884409,-1.133261,-1.213638,-1.177731,1,0.243362,0.427980,0.311127,1.360269,0.311127,1.351422,0.305284,0.600000,0.200315,0.138198,0.213438,0.226372,0.211656,0.228039,0.211656,0.220000,1,4.442095,0.220000,0.206104,0.220000,0.219039,0.600000,0.600000,0.311127,0.330000,1.433399,1
1772477661,849938390,-0.621777,-1.075893,2.903093,-1.123174,-1.221741,-1.159046,1,0.242462,0.412986,0.311127,1.351422,0.311127,1.333806,0.302229,0.600000,0.195291,0.143699,0.211656,0.228039,0.207226,0.232072,0.207226,0.220000,1,4.520654,0.218989,0.204322,0.220000,0.220000,0.600000,0.600000,0.311127,0.330000,1.414715,1
1772477661,874956261,-0.626525,-1.077514,2.913303,-1.119010,-1.224539,-1.148837,1,0.241495,0.426208,0.311127,1.333806,0.311127,1.324180,0.301705,0.600000,0.191025,0.147747,0.207226,0.232072,0.206461,0.232753,0.206461,0.220000,1,4.533916,0.214559,0.199893,0.220000,0.220000,0.600000,0.600000,0.311127,0.330000,1.404505,1
1772477661,900081923,-0.631548,-1.080092,2.923723,-1.113644,-1.226595,-1.138133,1,0.237914,0.473994,0.311127,1.324180,0.311127,1.314089,0.301512,0.600000,0.182882,0.152175,0.206461,0.232753,0.206178,0.233004,0.206178,0.220000,1,4.538803,0.213794,0.199128,0.220000,0.220000,0.600000,0.600000,0.311127,0.330000,1.393802,1
1772477661,925179879,-0.637262,-1.082946,2.934004,-1.105461,-1.225991,-1.125309,1,0.238526,0.439575,0.311127,1.314089,0.311127,1.301998,0.302716,0.600000,0.180146,0.156340,0.206178,0.233004,0.207935,0.231437,0.207935,0.220000,1,4.508286,0.213511,0.198844,0.220000,0.220000,0.600000,0.600000,0.311127,0.330000,1.380977,1
1772477661,975177450,-0.648228,-1.088983,2.955581,-1.094003,-1.231031,-1.103732,1,0.238189,0.457264,0.311127,1.301998,0.311127,1.281655,0.301808,1.281998,0.176851,0.159554,0.207935,0.231437,0.206611,0.232620,0.206611,0.220000,1,4.531321,0.215268,0.200601,0.220000,0.220000,0.600000,0.600000,0.311127,0.330000,1.359401,1
1772477662,304119,-0.653794,-1.092189,2.966961,-1.088075,-1.233504,-1.092352,1,0.237351,0.462743,0.311127,1.281655,0.311127,1.270926,0.301471,0.600000,0.173382,0.162092,0.206611,0.232620,0.206118,0.233057,0.206118,0.220000,1,4.539835,0.213944,0.199278,0.220000,0.220000,0.600000,0.600000,0.311127,0.330000,1.348020,1
1772477662,25372444,-0.657927,-1.094066,2.978053,-1.084073,-1.235646,-1.081260,1,0.237691,0.482609,0.311127,1.270926,0.311127,1.260468,0.301545,0.600000,0.170382,0.165732,0.206118,0.233057,0.206226,0.232961,0.206226,0.220000,1,4.537965,0.213451,0.198784,0.220000,0.220000,0.600000,0.600000,0.311127,0.330000,1.336929,1
1772477662,75494059,-0.667477,-1.100965,3.000499,-1.072790,-1.239039,-1.058814,1,0.237483,0.470913,0.311127,1.260468,0.311127,1.239306,0.301781,1.240468,0.167278,0.168571,0.206226,0.232961,0.206571,0.232655,0.206571,0.220000,1,4.532015,0.213560,0.198893,0.220000,0.220000,0.600000,0.600000,0.311127,0.330000,1.314483,1
1772477662,100588491,-0.672710,-1.103983,3.012236,-1.067213,-1.241360,-1.047077,1,0.236365,0.491288,0.311127,1.239306,0.311127,1.228240,0.301677,0.600000,0.163377,0.170811,0.206571,0.232655,0.206419,0.232790,0.206419,0.220000,1,4.534635,0.213904,0.199237,0.220000,0.220000,0.600000,0.600000,0.311127,0.330000,1.302745,1
1772477662,125633673,-0.676052,-1.107134,3.024031,-1.062680,-1.242101,-1.035282,1,0.237456,0.468854,0.311127,1.228240,0.311127,1.217120,0.302554,0.600000,0.162173,0.173451,0.206419,0.232790,0.207700,0.231648,0.207700,0.220000,1,4.512396,0.213753,0.199086,0.220000,0.220000,0.600000,0.600000,0.311127,0.330000,1.290950,1
1772477662,175786654,-0.685552,-1.116688,3.044711,-1.053951,-1.242338,-1.013662,1,0.239335,0.476815,0.311127,1.217120,0.311127,1.196736,0.304686,1.197120,0.163126,0.175132,0.207700,0.231648,0.210792,0.228838,0.210792,0.220000,1,4.457649,0.215033,0.200366,0.220000,0.220000,0.600000,0.600000,0.311127,0.330000,1.269330,1
1772477662,200840691,-0.690012,-1.120029,3.056449,-1.048586,-1.243845,-1.001924,1,0.240188,0.477439,0.311127,1.196736,0.311127,1.185669,0.305052,0.600000,0.164080,0.175407,0.210792,0.228838,0.211322,0.228349,0.211322,0.220000,1,4.448122,0.218125,0.203459,0.220000,0.220000,0.600000,0.600000,0.311127,0.330000,1.257592,1
1772477662,225939730,-0.693507,-1.124103,3.067752,-1.043227,-1.244140,-0.990621,1,0.243953,0.495811,0.311127,1.185669,0.311127,1.175013,0.305974,0.600000,0.168607,0.176308,0.211322,0.228349,0.212650,0.227113,0.212650,0.220000,1,4.424046,0.218655,0.203989,0.220000,0.220000,0.600000,0.600000,0.311127,0.330000,1.246290,1
1772477662,276038657,-0.702214,-1.131983,3.092764,-1.031675,-1.246257,-0.965609,1,0.245949,0.474954,0.311127,1.175013,0.311127,1.151432,0.307316,1.155013,0.169824,0.177906,0.212650,0.227113,0.214577,0.225292,0.214577,0.220000,1,4.388585,0.219983,0.205316,0.220000,0.219779,0.600000,0.600000,0.311127,0.330000,1.221278,1
1772477662,301207520,-0.706298,-1.135383,3.105618,-1.026492,-1.247430,-0.952755,1,0.246945,0.461059,0.311127,1.151432,0.311127,1.139313,0.308068,0.600000,0.171424,0.177752,0.214577,0.225292,0.215652,0.224263,0.215652,0.220000,1,4.368542,0.220000,0.207244,0.220000,0.217959,0.600000,0.600000,0.311127,0.330000,1.208424,1
1772477662,326218606,-0.711318,-1.138927,3.118075,-1.020626,-1.249257,-0.940298,1,0.250129,0.483384,0.311127,1.139313,0.311127,1.127568,0.308345,0.600000,0.174401,0.179300,0.215652,0.224263,0.216048,0.223882,0.216048,0.220000,1,4.361112,0.220000,0.208319,0.220000,0.216930,0.600000,0.600000,0.311127,0.330000,1.195966,1
1772477662,376460412,-0.719412,-1.147798,-3.141475,-1.008662,-1.250284,-0.916663,1,0.252043,0.484817,0.311127,1.127568,0.311127,1.105285,0.309987,1.107568,0.175961,0.180454,0.216048,0.223882,0.218384,0.221604,0.218384,0.220000,1,4.316738,0.220000,0.208715,0.220000,0.216548,0.600000,0.600000,0.311127,0.330000,1.172331,1
1772477662,401442993,-0.723851,-1.151254,-3.128994,-1.003268,-1.251067,-0.903697,1,0.253006,0.497922,0.311127,1.105285,0.311127,1.093061,0.310931,0.600000,0.177400,0.180392,0.218384,0.221604,0.219722,0.220277,0.219722,0.220000,1,4.290900,0.220000,0.211051,0.220000,0.214271,0.600000,0.600000,0.311127,0.330000,1.159366,1
1772477662,426444191,-0.728595,-1.155429,-3.116819,-0.997491,-1.247033,-0.887549,1,0.255221,0.483766,0.311127,1.093061,0.311127,1.077836,0.307554,0.600000,0.179356,0.181574,0.219722,0.220277,0.224968,0.214917,0.220000,0.214917,1,4.186488,0.220000,0.212389,0.220000,0.212944,0.600000,0.600000,0.311127,0.330000,1.143218,1
1772477662,476636217,-0.735050,-1.165121,-3.093186,-0.985876,-1.246208,-0.863917,1,0.257709,0.497646,0.311127,1.077836,0.311127,1.055555,0.304926,1.057836,0.182142,0.182313,0.224968,0.214917,0.228517,0.211140,0.220000,0.211140,1,4.112905,0.220000,0.217635,0.220000,0.207584,0.600000,0.600000,0.311127,0.330000,1.119585,1
1772477662,501633274,-0.739567,-1.169293,-3.080531,-0.979812,-1.247227,-0.851261,1,0.259991,0.502399,0.311127,1.055555,0.311127,1.043623,0.304219,0.600000,0.185996,0.181661,0.228517,0.211140,0.229458,0.210117,0.220000,0.210117,1,4.092977,0.220000,0.220000,0.218473,0.203807,0.600000,0.600000,0.311127,0.330000,1.106930,1
1772477662,526643352,-0.744124,-1.173372,-3.067438,-0.973797,-1.248335,-0.838168,1,0.263249,0.509013,0.311127,1.043623,0.311127,1.031279,0.303475,0.600000,0.189970,0.182241,0.229458,0.210117,0.230441,0.209038,0.220000,0.209038,1,4.071965,0.220000,0.220000,0.217450,0.202784,0.600000,0.600000,0.311127,0.330000,1.093837,1
1772477662,576847712,-0.752518,-1.185116,-3.040133,-0.959372,-1.247788,-0.810863,1,0.264393,0.515547,0.311127,1.031279,0.311127,1.005536,0.300731,1.011279,0.191252,0.182555,0.230441,0.209038,0.234010,0.205035,0.220000,0.205035,1,3.993985,0.220000,0.220000,0.216372,0.201705,0.600000,0.600000,0.311127,0.330000,1.066532,1
1772477662,601889642,-0.755414,-1.190441,-3.027186,-0.953389,-1.246820,-0.797916,1,0.264391,0.524216,0.311127,1.005536,0.311127,0.993329,0.298960,0.600000,0.191671,0.182112,0.234010,0.205035,0.236269,0.202427,0.220000,0.202427,1,3.943188,0.220000,0.220000,0.212368,0.197702,0.600000,0.600000,0.311127,0.330000,1.053585,1
1772477662,626934073,-0.758702,-1.195961,-3.014676,-0.946912,-1.246133,-0.785853,1,0.267708,0.538187,0.311127,0.993329,0.311127,0.981956,0.297530,0.600000,0.195651,0.182724,0.236269,0.202427,0.238068,0.200309,0.220000,0.200309,1,3.901930,0.220000,0.220000,0.209761,0.195094,0.600000,0.600000,0.311127,0.330000,1.041522,1
1772477662,677174699,-0.768198,-1.206001,-2.988945,-0.932348,-1.248314,-0.763867,1,0.269961,0.537968,0.311127,0.981956,0.311127,0.961227,0.296982,0.961956,0.198862,0.182573,0.238068,0.200309,0.238750,0.199496,0.220000,0.199496,1,3.886078,0.220000,0.220000,0.207643,0.192976,0.600000,0.600000,0.311127,0.330000,1.019535,1
1772477662,702190844,-0.772191,-1.212213,-2.975152,-0.924989,-1.247701,-0.750074,1,0.270191,0.555844,0.311127,0.961227,0.311127,0.948223,0.295419,0.600000,0.199513,0.182202,0.238750,0.199496,0.240682,0.197160,0.220000,0.197160,1,3.840591,0.220000,0.220000,0.206829,0.192162,0.600000,0.600000,0.311127,0.330000,1.005742,1
1772477662,727192110,-0.776178,-1.217258,-2.960683,-0.918560,-1.247794,-0.735605,1,0.271724,0.541345,0.311127,0.948223,0.311127,0.934581,0.293973,0.600000,0.201557,0.182232,0.240682,0.197160,0.242446,0.194987,0.220000,0.194987,1,3.798252,0.220000,0.220000,0.204494,0.189827,0.600000,0.600000,0.311127,0.330000,0.991273,1
1772477662,777312484,-0.784465,-1.227476,-2.932881,-0.905770,-1.248287,-0.707636,1,0.272724,0.551773,0.311127,0.934581,0.311127,0.908212,0.291371,0.914581,0.203010,0.182113,0.242446,0.194987,0.245566,0.191042,0.220000,0.191042,1,3.721413,0.220000,0.220000,0.202320,0.187654,0.600000,0.600000,0.311127,0.330000,0.963305,1
1772477662,802376742,-0.787067,-1.232801,-2.920131,-0.903151,-1.248296,-0.693414,1,0.274196,0.559328,0.311127,0.908212,0.311127,0.894804,0.289423,0.600000,0.205534,0.181492,0.245566,0.191042,0.247859,0.188058,0.220000,0.188058,1,3.663282,0.220000,0.220000,0.198376,0.183709,0.600000,0.600000,0.311127,0.330000,0.949083,1
1772477662,827440872,-0.790766,-1.238074,-2.906722,-0.896716,-1.248011,-0.680006,1,0.275967,0.560229,0.311127,0.894804,0.311127,0.882162,0.287954,0.600000,0.208771,0.180478,0.247859,0.188058,0.249565,0.185789,0.220000,0.185789,1,3.619076,0.220000,0.220000,0.195391,0.180725,0.600000,0.600000,0.311127,0.330000,0.935674,1
1772477662,877569614,-0.798839,-1.249451,-2.877814,-0.882777,-1.247471,-0.651098,1,0.277286,0.569499,0.311127,0.882162,0.311127,0.854908,0.284831,0.862162,0.211209,0.179661,0.249565,0.185789,0.253124,0.180910,0.220000,0.180910,1,3.524045,0.220000,0.220000,0.193122,0.178455,0.600000,0.600000,0.311127,0.330000,0.906766,1
1772477662,902648576,-0.802589,-1.255208,-2.863113,-0.875927,-1.246930,-0.636396,1,0.277578,0.580615,0.311127,0.854908,0.311127,0.841047,0.283082,0.600000,0.212031,0.179144,0.253124,0.180910,0.255077,0.178145,0.220000,0.178145,1,3.470177,0.220000,0.220000,0.188244,0.173577,0.600000,0.600000,0.311127,0.330000,0.892065,1
1772477662,927680004,-0.805938,-1.262039,-2.848932,-0.868779,-1.245498,-0.622252,1,0.279812,0.594088,0.311127,0.841047,0.311127,0.827712,0.281028,0.600000,0.216317,0.177487,0.255077,0.178145,0.257339,0.174862,0.220000,0.174862,1,3.406227,0.220000,0.220000,0.185478,0.170812,0.600000,0.600000,0.311127,0.330000,0.877921,1
1772477662,977912990,-0.813850,-1.273097,-2.818911,-0.857961,-1.245742,-0.592564,1,0.281149,0.588138,0.311127,0.827712,0.311127,0.799722,0.277782,0.807712,0.218668,0.176717,0.257339,0.174862,0.260840,0.169595,0.220000,0.169595,1,3.303637,0.220000,0.220000,0.182195,0.167529,0.600000,0.600000,0.311127,0.330000,0.848233,1
1772477663,2859219,-0.817335,-1.279670,-2.803768,-0.850625,-1.244498,-0.577421,1,0.281582,0.597795,0.311127,0.799722,0.311127,0.785444,0.275701,0.600000,0.220198,0.175502,0.260840,0.169595,0.263038,0.166165,0.220000,0.166165,1,3.236818,0.220000,0.220000,0.176929,0.162262,0.600000,0.600000,0.311127,0.330000,0.833090,1
1772477663,27916042,-0.820898,-1.286142,-2.788577,-0.843323,-1.243377,-0.562230,1,0.277571,0.600005,0.311127,0.785444,0.311127,0.771122,0.273677,0.600000,0.220243,0.168935,0.263038,0.166165,0.265143,0.162786,0.220000,0.162786,1,3.170996,0.220000,0.220000,0.173498,0.158832,0.600000,0.600000,0.311127,0.330000,0.817899,1
1772477663,78076643,-0.828305,-1.297782,-2.757060,-0.826767,-1.245520,-0.530193,1,0.275649,0.609295,0.311127,0.771122,0.311127,0.740918,0.271724,0.751122,0.220448,0.165484,0.265143,0.162786,0.267144,0.159481,0.220000,0.159481,1,3.106614,0.220000,0.220000,0.170119,0.155453,0.600000,0.600000,0.311127,0.330000,0.785862,1
1772477663,103107817,-0.831648,-1.303066,-2.742197,-0.820541,-1.244946,-0.515330,1,0.273555,0.607223,0.311127,0.740918,0.311127,0.726904,0.269899,0.600000,0.220265,0.162222,0.267144,0.159481,0.268988,0.156350,0.220000,0.156350,1,3.045628,0.220000,0.220000,0.166814,0.152148,0.600000,0.600000,0.311127,0.330000,0.770998,1
1772477663,128152042,-0.835230,-1.308870,-2.727437,-0.813757,-1.244244,-0.500571,1,0.271779,0.595986,0.311127,0.726904,0.311127,0.712989,0.268109,0.600000,0.220617,0.158720,0.268988,0.156350,0.270772,0.153240,0.220000,0.153240,1,2.985036,0.220000,0.220000,0.163684,0.149017,0.600000,0.600000,0.311127,0.330000,0.756239,1
1772477663,178363407,-0.842361,-1.321211,-2.696329,-0.799962,-1.242600,-0.469693,1,0.269417,0.602951,0.311127,0.712989,0.311127,0.683878,0.264278,0.692989,0.219517,0.156198,0.270772,0.153240,0.274512,0.146435,0.220000,0.146435,1,2.852476,0.220000,0.220000,0.160573,0.145906,0.600000,0.600000,0.311127,0.330000,0.725362,1
1772477663,203365720,-0.846011,-1.327225,-2.680556,-0.795886,-1.243875,-0.455939,1,0.268441,0.596612,0.311127,0.683878,0.311127,0.670910,0.263262,0.600000,0.220905,0.152517,0.274512,0.146435,0.275488,0.144591,0.220000,0.144591,1,2.816569,0.220000,0.220000,0.153768,0.139101,0.600000,0.600000,0.311127,0.330000,0.711607,1
1772477663,228409769,-0.849477,-1.332884,-2.665034,-0.789286,-1.243184,-0.440417,1,0.264399,0.609333,0.311127,0.670910,0.311127,0.656276,0.261393,0.600000,0.220239,0.146292,0.275488,0.144591,0.277261,0.141161,0.220000,0.141161,1,2.749750,0.220000,0.220000,0.151925,0.137258,0.600000,0.600000,0.311127,0.330000,0.696085,1
1772477663,278520529,-0.855104,-1.344483,-2.633161,-0.776656,-1.240595,-0.408544,1,0.262954,0.598662,0.311127,0.656276,0.311127,0.626225,0.257507,0.636276,0.220049,0.143957,0.277261,0.141161,0.281334,0.132857,0.220000,0.133828,1,2.587994,0.220000,0.220000,0.148494,0.133828,0.600000,0.600000,0.311127,0.330000,0.664212,1
1772477663,303593140,-0.857144,-1.351653,-2.618812,-0.769751,-1.237474,-0.394187,1,0.261275,0.608117,0.311127,0.626225,0.311127,0.612690,0.254367,0.600000,0.220289,0.140489,0.281334,0.132857,0.283720,0.127682,0.220000,0.127682,1,2.487194,0.220000,0.220000,0.140190,0.125524,0.600000,0.600000,0.311127,0.330000,0.649855,1
1772477663,328692398,-0.860681,-1.357149,-2.603963,-0.763494,-1.233340,-0.379259,1,0.257081,0.590868,0.311127,0.612690,0.311127,0.598615,0.251215,0.598615,0.220012,0.132986,0.283720,0.127682,0.286516,0.121280,0.220000,0.121280,1,2.362477,0.220000,0.220000,0.135016,0.120349,0.600000,0.592690,0.311127,0.330000,0.634927,1
1772477663,378778835,-0.867089,-1.369033,-2.573060,-0.750164,-1.231196,-0.348356,1,0.254377,0.584824,0.311127,0.598615,0.311127,0.569480,0.247758,0.578615,0.220455,0.126915,0.286516,0.121280,0.289670,0.113541,0.220000,0.113947,1,2.211720,0.220000,0.220000,0.128613,0.113947,0.600000,0.578615,0.311127,0.330000,0.604025,1
1772477663,403835578,-0.868911,-1.374613,-2.556796,-0.744626,-1.229248,-0.332092,1,0.251135,0.616705,0.311127,0.569480,0.311127,0.554146,0.245245,0.554146,0.220032,0.121057,0.289670,0.113541,0.291642,0.108375,0.220000,0.108375,1,2.111095,0.220000,0.220000,0.120874,0.106207,0.589480,0.549480,0.311127,0.330000,0.587761,1
1772477663,428869732,-0.871695,-1.381428,-2.541420,-0.737688,-1.228092,-0.316662,1,0.248245,0.579564,0.311127,0.554146,0.311127,0.539598,0.243533,0.539598,0.220923,0.113218,0.291642,0.108375,0.293073,0.104443,0.220000,0.104443,1,2.034492,0.220000,0.220000,0.115708,0.101042,0.574146,0.534146,0.311127,0.330000,0.572330,1
1772477663,478960745,-0.877799,-1.391380,-2.511104,-0.727613,-1.234135,-0.285841,1,0.242954,0.532529,0.311127,0.539598,0.311127,0.510540,0.242936,0.519598,0.220103,0.102866,0.293073,0.104443,0.293568,0.103043,0.220000,0.103043,1,2.007228,0.220000,0.220000,0.111776,0.097109,0.559598,0.519598,0.311127,0.330000,0.541509,1
1772477663,504057942,-0.880276,-1.398439,-2.496953,-0.720505,-1.231804,-0.271690,1,0.243998,0.538709,0.311127,0.510540,0.311127,0.497198,0.241028,0.497198,0.220867,0.103696,0.293568,0.103043,0.295137,0.098460,0.220000,0.098460,1,1.917959,0.220000,0.220000,0.110376,0.095710,0.530540,0.490540,0.311127,0.330000,0.527358,1
1772477663,529113728,-0.882013,-1.402928,-2.483963,-0.715891,-1.230722,-0.259069,1,0.242413,0.521161,0.311127,0.497198,0.311127,0.485300,0.239571,0.485300,0.219873,0.102078,0.295137,0.098460,0.296320,0.094839,0.220000,0.094839,1,1.847409,0.220000,0.220000,0.105794,0.091127,0.517198,0.477198,0.311127,0.330000,0.514738,1
1772477663,579208830,-0.888479,-1.413007,-2.458798,-0.704011,-1.232278,-0.237307,1,0.239682,0.485399,0.311127,0.485300,0.311127,0.464781,0.238662,0.465300,0.220539,0.093863,0.296320,0.094839,0.297053,0.092517,0.220000,0.092517,1,1.802182,0.220000,0.220000,0.102172,0.087505,0.505300,0.465300,0.311127,0.330000,0.492975,1
1772477663,604260031,-0.890417,-1.418885,-2.446051,-0.698159,-1.230260,-0.224559,1,0.239438,0.492567,0.311127,0.464781,0.311127,0.452763,0.237054,0.452763,0.220096,0.094278,0.297053,0.092517,0.298338,0.088287,0.220000,0.088287,1,1.719797,0.220000,0.220000,0.099850,0.085183,0.484781,0.444781,0.311127,0.330000,0.480228,1
1772477663,629281709,-0.893935,-1.425232,-2.434040,-0.691083,-1.228995,-0.212919,1,0.238310,0.478668,0.311127,0.452763,0.311127,0.441789,0.235969,0.441789,0.219867,0.091927,0.298338,0.088287,0.299197,0.085331,0.220000,0.085331,1,1.662215,0.220000,0.220000,0.095621,0.080954,0.472763,0.432763,0.311127,0.330000,0.468588,1
1772477663,679378500,-0.899357,-1.434812,-2.409672,-0.681191,-1.225430,-0.192143,1,0.236375,0.434209,0.311127,0.441789,0.311127,0.422201,0.233491,0.422201,0.220918,0.084074,0.299197,0.085331,0.301135,0.078217,0.220000,0.078217,1,1.523628,0.220000,0.220000,0.092665,0.077998,0.461789,0.421789,0.311127,0.330000,0.447812,1
1772477663,704413871,-0.901421,-1.439306,-2.398180,-0.676361,-1.224369,-0.180651,1,0.235722,0.454099,0.311127,0.422201,0.311127,0.411366,0.232411,0.411366,0.219906,0.084889,0.301135,0.078217,0.301969,0.074933,0.220000,0.074933,1,1.459656,0.220000,0.220000,0.085550,0.070884,0.442201,0.402201,0.311127,0.330000,0.436320,1
1772477663,729527028,-0.905694,-1.446080,-2.386767,-0.668435,-1.224474,-0.169494,1,0.233527,0.424598,0.311127,0.411366,0.311127,0.400847,0.231961,0.400847,0.220346,0.077348,0.301969,0.074933,0.302314,0.073526,0.220000,0.073526,1,1.432248,0.220000,0.220000,0.082266,0.067600,0.431366,0.391366,0.311127,0.330000,0.425163,1
1772477663,779577348,-0.909355,-1.456390,-2.365317,-0.658533,-1.228768,-0.150539,1,0.231254,0.407546,0.311127,0.400847,0.311127,0.382976,0.232109,0.382976,0.219546,0.072652,0.302314,0.073526,0.302201,0.073991,0.220000,0.073991,1,1.441307,0.220000,0.220000,0.080859,0.066192,0.420847,0.380847,0.311127,0.330000,0.406207,1
1772477663,804565492,-0.912522,-1.462304,-2.354830,-0.651903,-1.227751,-0.140052,1,0.231910,0.388404,0.311127,0.382976,0.311127,0.373089,0.231315,0.373089,0.220216,0.072712,0.302201,0.073991,0.302809,0.071462,0.220000,0.071462,1,1.392049,0.220000,0.220000,0.081324,0.066658,0.402976,0.362976,0.311127,0.330000,0.395721,1
1772477663,829608697,-0.916146,-1.466069,-2.345130,-0.646622,-1.227946,-0.130213,1,0.231791,0.395170,0.311127,0.373089,0.311127,0.363812,0.230838,0.363812,0.219821,0.073525,0.302809,0.071462,0.303173,0.069900,0.220000,0.069900,1,1.361613,0.220000,0.220000,0.078796,0.064129,0.393089,0.353089,0.311127,0.330000,0.385881,1
1772477663,879642763,-0.920084,-1.477312,-2.326574,-0.634288,-1.219673,-0.110185,1,0.231172,0.363450,0.311127,0.363812,0.311127,0.344930,0.228724,0.344930,0.220376,0.069822,0.303173,0.069900,0.305436,0.059236,0.220000,0.062566,1,1.153880,0.220000,0.220000,0.077233,0.062566,0.383812,0.343812,0.311127,0.330000,0.365854,1
1772477663,904768245,-0.923459,-1.481281,-2.316841,-0.629087,-1.219981,-0.100453,1,0.231029,0.366333,0.311127,0.344930,0.311127,0.335754,0.227460,0.335754,0.220208,0.069876,0.305436,0.059236,0.305715,0.057778,0.220000,0.057778,1,1.125480,0.220000,0.220000,0.066569,0.051902,0.364930,0.324930,0.311127,0.330000,0.356121,1
1772477663,929693926,-0.925394,-1.487299,-2.308157,-0.622896,-1.217393,-0.091612,1,0.229085,0.359456,0.311127,0.335754,0.311127,0.327420,0.226576,0.327420,0.220307,0.062807,0.305715,0.057778,0.306371,0.054190,0.220000,0.054190,1,1.055586,0.220000,0.220000,0.065111,0.050444,0.355754,0.315754,0.311127,0.330000,0.347281,1
1772477663,979791595,-0.930505,-1.498459,-2.289812,-0.608401,-1.208887,-0.071475,1,0.226508,0.304450,0.311127,0.327420,0.311127,0.308434,0.224934,0.308434,0.220257,0.052847,0.306371,0.054190,0.308045,0.043684,0.220000,0.046856,1,0.850947,0.220000,0.220000,0.061523,0.046856,0.347420,0.307420,0.311127,0.330000,0.327144,1
1772477664,4855276,-0.933008,-1.503206,-2.280670,-0.603105,-1.208019,-0.062334,1,0.226371,0.327216,0.311127,0.308434,0.311127,0.299815,0.223851,0.299815,0.219957,0.053507,0.308045,0.043684,0.308368,0.041341,0.220000,0.041341,1,0.805313,0.220000,0.220000,0.051018,0.036351,0.328434,0.288434,0.311127,0.330000,0.318002,1
1772477664,29899063,-0.934003,-1.506254,-2.271573,-0.600044,-1.206723,-0.053326,1,0.224942,0.312644,0.311127,0.299815,0.311127,0.291323,0.223276,0.291323,0.220087,0.046480,0.308368,0.041341,0.308785,0.038105,0.220000,0.038105,1,0.742275,0.220000,0.220000,0.048675,0.034008,0.319815,0.279815,0.311127,0.330000,0.308995,1
1772477664,79913070,-0.940247,-1.517680,-2.256458,-0.586824,-1.201903,-0.039250,1,0.222726,0.282812,0.311127,0.291323,0.311127,0.278052,0.222387,0.278052,0.219715,0.036498,0.308785,0.038105,0.309425,0.032495,0.220000,0.032495,1,0.632994,0.220000,0.220000,0.045439,0.030772,0.311323,0.271323,0.311127,0.330000,0.294919,1
1772477664,104941863,-0.942618,-1.522412,-2.248271,-0.581617,-1.200946,-0.031063,1,0.223154,0.302686,0.311127,0.278052,0.311127,0.270333,0.222081,0.270333,0.219987,0.037458,0.309425,0.032495,0.309645,0.030334,0.220000,0.030334,1,0.590898,0.220000,0.220000,0.039829,0.025162,0.298052,0.258052,0.311127,0.330000,0.286732,1
1772477664,130018342,-0.945771,-1.527438,-2.240910,-0.575604,-1.200593,-0.023768,1,0.221333,0.256767,0.311127,0.270333,0.311127,0.263455,0.221930,0.263455,0.219384,0.029308,0.309645,0.030334,0.309754,0.029201,0.220000,0.029201,1,0.568826,0.220000,0.220000,0.037668,0.023001,0.290333,0.250333,0.311127,0.330000,0.279436,1
1772477664,180026553,-0.950962,-1.537336,-2.226435,-0.563304,-1.200760,-0.010113,1,0.222225,0.263500,0.311127,0.263455,0.311127,0.250581,0.221787,0.250581,0.220424,0.028233,0.309754,0.029201,0.309856,0.028094,0.220000,0.028094,1,0.547263,0.220000,0.220000,0.036535,0.021868,0.283455,0.243455,0.311127,0.330000,0.265782,1
1772477664,205112418,-0.953656,-1.541488,-2.219702,-0.558366,-1.200414,-0.003380,1,0.221638,0.244516,0.311127,0.250581,0.311127,0.244234,0.221636,0.244234,0.219835,0.028217,0.309856,0.028094,0.309964,0.026879,0.220000,0.026879,1,0.523587,0.220000,0.220000,0.035428,0.020761,0.270581,0.230581,0.311127,0.330000,0.259049,1
1772477664,230057175,-0.955893,-1.546947,-2.214611,-0.552536,-1.199245,0.001347,1,0.221555,0.247277,0.311127,0.244234,0.311127,0.239777,0.221501,0.239777,0.219991,0.026278,0.309964,0.026879,0.310060,0.025741,0.220000,0.025741,1,0.501416,0.220000,0.220000,0.034212,0.019546,0.264234,0.224234,0.311127,0.330000,0.254322,1
1772477664,255132568,-0.958764,-1.551195,-2.206686,-0.545681,-1.203672,0.004093,1,0.221567,0.231295,0.311127,0.239777,0.311127,0.237187,0.222120,0.237187,0.220167,0.024874,0.310060,0.025741,0.309617,0.030615,0.220000,0.030615,1,0.596359,0.220000,0.220000,0.033074,0.018407,0.259777,0.219777,0.311127,0.330000,0.251575,1
1772477664,305173166,-0.965444,-1.560918,-2.194790,-0.533893,-1.203224,0.015990,1,0.222138,0.233002,0.311127,0.237187,0.311127,0.225971,0.221949,0.225971,0.220671,0.025488,0.309617,0.030615,0.309740,0.029348,0.220000,0.029348,1,0.571686,0.220000,0.220000,0.037948,0.023281,0.257187,0.217187,0.311127,0.330000,0.239679,1
1772477664,330160198,-0.967889,-1.566079,-2.188779,-0.528416,-1.202369,0.022126,1,0.221993,0.212086,0.311127,0.225971,0.311127,0.220186,0.221772,0.220186,0.220187,0.028256,0.309740,0.029348,0.309867,0.027976,0.220000,0.027976,1,0.544953,0.220000,0.220000,0.036681,0.022015,0.245971,0.205971,0.311127,0.330000,0.233543,1
1772477664,355177133,-0.970896,-1.572250,-2.183051,-0.523665,-1.205338,0.029869,1,0.221540,0.215966,0.311127,0.220186,0.311127,0.212886,0.221961,0.212886,0.219812,0.027616,0.309867,0.027976,0.309731,0.029439,0.220000,0.029439,1,0.573452,0.220000,0.220000,0.035309,0.020642,0.240186,0.200186,0.311127,0.330000,0.225800,1
1772477664,405209066,-0.975686,-1.581158,-2.173148,-0.513662,-1.203839,0.039771,1,0.222172,0.227926,0.311127,0.212886,0.311127,0.203550,0.221699,0.203550,0.220419,0.027858,0.309731,0.029439,0.309919,0.027392,0.220000,0.027392,1,0.533593,0.220000,0.220000,0.036772,0.022105,0.232886,0.192886,0.311127,0.330000,0.215897,1
1772477664,430227763,-0.977822,-1.586034,-2.168495,-0.508608,-1.202249,0.044351,1,0.221070,0.204838,0.311127,0.203550,0.311127,0.199232,0.221499,0.199232,0.219471,0.026540,0.309919,0.027392,0.310062,0.025727,0.220000,0.025727,1,0.501142,0.220000,0.220000,0.034726,0.020059,0.223550,0.183550,0.311127,0.330000,0.211318,1
1772477664,480268340,-0.982838,-1.595445,-2.159732,-0.500342,-1.194011,0.051823,1,0.221084,0.216782,0.311127,0.199232,0.311127,0.192187,0.220768,0.192187,0.219602,0.025559,0.310062,0.025727,0.310616,0.017825,0.220000,0.018393,1,0.347222,0.220000,0.220000,0.033060,0.018393,0.219232,0.179232,0.311127,0.330000,0.203846,1
1772477664,505269858,-0.984776,-1.600785,-2.154347,-0.494903,-1.192373,0.057208,1,0.221565,0.198046,0.311127,0.192187,0.311127,1.668072,0.220578,0.212187,0.220026,0.026075,0.310616,0.017825,0.310718,0.015953,0.220000,0.015953,1,0.310750,0.220000,0.220000,0.025158,0.010492,0.212187,0.172187,0.311127,0.330000,1.769257,1
1772477664,530301949,-0.987537,-1.604876,-2.150916,-0.489752,-1.192116,0.060708,1,0.220443,0.180838,0.311127,1.668072,0.311127,1.664771,0.220572,0.600000,0.219945,0.014799,0.310718,0.015953,0.310722,0.015868,0.220000,0.015868,1,0.309102,0.220000,0.220000,0.023286,0.008619,0.600000,0.600000,0.311127,0.330000,1.765757,1
1772477664,580367543,-0.993353,-1.614078,-2.139401,-0.474466,-1.190782,0.073604,1,0.220957,0.237421,0.311127,1.664771,0.311127,1.718263,0.220362,0.600000,0.220383,0.015926,0.310722,0.015868,0.310871,0.012618,0.220000,0.012618,1,0.255554,0.220000,0.220000,0.023201,0.008535,0.600000,0.600000,0.311127,0.330000,1.752861,1
1772477664,605366362,-0.995354,-1.620249,-2.132629,-0.468326,-1.188688,0.080376,1,0.221048,0.238259,0.311127,1.718263,0.311127,1.746486,0.220189,0.600000,0.220529,0.015138,0.310871,0.012618,0.310993,0.009133,0.220000,0.009133,1,0.188733,0.220000,0.220000,0.019951,0.005285,0.600000,0.600000,0.311127,0.330000,1.746089,1
1772477664,630388101,-0.998716,-1.625513,-2.126559,-0.462097,-1.188227,0.086446,1,0.219932,0.235141,0.311127,1.746486,0.311127,1.776054,0.220127,0.600000,0.219779,0.008198,0.310993,0.009133,0.311037,0.007473,0.220000,0.007473,1,0.157597,0.220000,0.220000,0.016466,0.001799,0.600000,0.600000,0.311127,0.330000,1.740019,1
1772477664,680448242,-1.003852,-1.634057,-2.113309,-0.451725,-1.187898,0.099490,1,0.220319,0.300908,0.311127,1.776054,0.311127,1.824660,0.220042,0.600000,0.220223,0.006518,0.311037,0.007473,0.311098,0.004277,0.220000,0.004277,1,0.093377,0.220000,0.220000,0.014806,0.000140,0.600000,0.600000,0.311127,0.330000,1.726975,1
1772477664,705460701,-1.006556,-1.638049,-2.106383,-0.446910,-1.187673,0.106415,1,0.220138,0.312937,0.311127,1.824660,0.311127,1.847520,0.220014,0.600000,0.220015,0.007350,0.311098,0.004277,0.311117,0.002467,0.220000,0.002467,1,0.054748,0.220000,0.220000,0.011611,-0.003056,0.600000,0.600000,0.311127,0.330000,1.720050,1
1772477664,730467668,-1.009160,-1.643381,-2.098431,-0.441080,-1.186565,0.114368,1,0.219582,0.310707,0.311127,1.847520,0.311127,1.877334,0.220001,0.600000,0.219577,0.001369,0.311117,0.002467,0.311127,-0.000484,0.220000,-0.000484,1,-0.010962,0.220000,0.220000,0.009800,-0.004866,0.600000,0.600000,0.311127,0.330000,1.712097,1
1772477664,780569827,-1.014170,-1.653814,-2.081129,-0.429927,-1.184398,0.131653,1,0.220050,0.371202,0.311127,1.877334,0.311127,1.935634,0.220108,0.600000,0.220050,0.000000,0.311127,-0.000484,0.311051,-0.006887,0.220000,-0.006887,1,-0.162502,0.220000,0.220000,0.006849,-0.007817,0.600000,0.600000,0.311127,0.330000,1.694812,1
1772477664,805583394,-1.016564,-1.657199,-2.072473,-0.430673,-1.185926,0.139912,1,0.219383,0.322842,0.311127,1.935634,0.311127,1.919770,0.220139,0.600000,0.219194,-0.009110,0.311051,-0.006887,0.311029,-0.007820,0.220000,-0.007820,1,-0.183915,0.220000,0.220000,0.000447,-0.014220,0.600000,0.600000,0.311127,0.330000,1.686553,1
1772477664,830584966,-1.019908,-1.661236,-2.063476,-0.425437,-1.186189,0.148909,1,0.220105,0.374088,0.311127,1.919770,0.311127,1.946342,0.220210,0.600000,0.219929,-0.008803,0.311029,-0.007820,0.310978,-0.009619,0.220000,-0.009619,1,-0.230593,0.220000,0.220000,-0.000487,-0.015153,0.600000,0.600000,0.311127,0.330000,1.677556,1
1772477664,855738456,-1.022237,-1.667944,-2.053861,-0.418669,-1.184040,0.158523,1,0.220122,0.417104,0.311127,1.946342,0.311127,1.986832,0.220458,0.600000,0.219889,-0.010126,0.310978,-0.009619,0.310803,-0.014201,0.220000,-0.014201,1,-0.349513,0.220000,0.220000,-0.002286,-0.016953,0.600000,0.600000,0.311127,0.330000,1.667942,1
1772477664,905794221,-1.026821,-1.676697,-2.033573,-0.408914,-1.182474,0.178812,1,0.220274,0.392442,0.311127,1.986832,0.311127,2.039739,0.221006,0.600000,0.219718,-0.015647,0.310803,-0.014201,0.310413,-0.021068,0.220000,-0.021068,1,-0.538876,0.220000,0.220000,-0.006868,-0.021535,0.600000,0.600000,0.311127,0.330000,1.647653,1
1772477664,930770848,-1.030295,-1.681268,-2.022906,-0.403023,-1.182300,0.189329,1,0.221800,0.395177,0.311127,2.039739,0.311127,2.075218,0.221276,0.600000,0.220604,-0.022995,0.310413,-0.021068,0.310221,-0.023726,0.220000,-0.023726,1,-0.621374,0.220000,0.220000,-0.013735,-0.028401,0.600000,0.600000,0.311127,0.330000,1.637136,1
1772477664,955806510,-1.032511,-1.687059,-2.012390,-0.393707,-1.175657,0.196501,1,0.221152,0.482692,0.311127,2.075218,0.311127,2.153330,0.222182,0.600000,0.219789,-0.024518,0.310221,-0.023726,0.309345,-0.033249,0.220000,-0.031059,1,-0.907537,0.220000,0.220000,-0.016392,-0.031059,0.600000,0.600000,0.311127,0.330000,1.629964,1
1772477665,5882720,-1.037760,-1.696704,-1.988092,-0.382834,-1.174128,0.220799,1,0.222206,0.441572,0.311127,2.153330,0.311127,2.224824,0.223712,0.600000,0.219740,-0.033015,0.309345,-0.033249,0.308345,-0.041513,0.220000,-0.040582,1,-1.188432,0.220000,0.220000,-0.025916,-0.040582,0.600000,0.600000,0.311127,0.330000,1.605666,1
1772477665,30897803,-1.039961,-1.700855,-1.975690,-0.378188,-1.173423,0.233201,1,0.223577,0.442122,0.311127,2.224824,0.311127,2.254722,0.224707,0.600000,0.219927,-0.040237,0.308345,-0.041513,0.307745,-0.045751,0.220000,-0.045751,1,-1.337714,0.220000,0.220000,-0.034179,-0.048846,0.600000,0.600000,0.311127,0.330000,1.593264,1
1772477665,55980547,-1.043025,-1.705137,-1.962047,-0.372923,-1.173334,0.246844,1,0.224848,0.542425,0.311127,2.254722,0.311127,2.290137,0.225484,0.600000,0.219936,-0.046738,0.307745,-0.045751,0.307176,-0.049429,0.220000,-0.049429,1,-1.480617,0.220000,0.220000,-0.038418,-0.053085,0.600000,0.600000,0.311127,0.330000,1.579621,1
1772477665,106093596,-1.048309,-1.715091,-1.935223,-0.363662,-1.162167,0.275150,1,0.225533,0.523615,0.311127,2.290137,0.311127,2.358325,0.227205,0.600000,0.219615,-0.051327,0.307176,-0.049429,0.302336,-0.073437,0.220000,-0.056762,1,-2.306607,0.220000,0.220000,-0.042095,-0.056762,0.600000,0.600000,0.311127,0.330000,1.551314,1
1772477665,131123472,-1.051414,-1.719231,-1.923037,-0.358487,-1.162188,0.287337,1,0.227112,0.586614,0.311127,2.358325,0.311127,2.400441,0.233018,0.600000,0.219536,-0.058171,0.302336,-0.073437,0.301500,-0.076796,0.220000,-0.076796,1,-2.474612,0.220000,0.220000,-0.066104,-0.080770,0.600000,0.600000,0.311127,0.330000,1.539128,1
1772477665,156220940,-1.055368,-1.725291,-1.908219,-0.351265,-1.161743,0.302155,1,0.229643,0.595514,0.311127,2.400441,0.311127,2.466780,0.234618,0.600000,0.220211,-0.065137,0.301500,-0.076796,0.300257,-0.081522,0.220000,-0.081522,1,-2.725747,0.220000,0.220000,-0.069462,-0.084129,0.600000,0.600000,0.311127,0.330000,1.524310,1
1772477665,206406357,-1.061193,-1.735223,-1.878461,-0.339819,-1.160489,0.331913,1,0.232372,0.555501,0.311127,2.466780,0.311127,2.572253,0.237266,0.600000,0.219901,-0.075102,0.300257,-0.081522,0.297280,-0.091784,0.220000,-0.088855,1,-3.263810,0.220000,0.220000,-0.074188,-0.088855,0.600000,0.600000,0.311127,0.330000,1.494552,1
1772477665,231326570,-1.064976,-1.738904,-1.862371,-0.334608,-1.161327,0.348003,1,0.233275,0.605519,0.311127,2.572253,0.311127,2.619599,0.239579,0.600000,0.219040,-0.080242,0.297280,-0.091784,0.296314,-0.094858,0.220000,-0.094858,1,-3.472591,0.220000,0.220000,-0.084451,-0.099118,0.600000,0.600000,0.311127,0.330000,1.478462,0
1772477665,281589299,-1.070512,-1.748734,-1.831223,-0.323411,-1.160121,0.378790,1,0.236566,0.610587,0.311127,2.619599,0.311127,2.740360,0.242576,0.600000,0.219804,-0.087462,0.296314,-0.094858,0.292759,-0.105320,0.220000,-0.102191,1,-4.119101,0.220000,0.220000,-0.087525,-0.102191,0.600000,0.600000,0.311127,0.330000,1.447675,0
1772477665,306531143,-1.074232,-1.752303,-1.815159,-0.318274,-1.164415,0.389265,1,0.240433,0.559516,0.311127,2.740360,0.311127,2.804620,0.241733,0.600000,0.219770,-0.097515,0.292759,-0.105320,0.294559,-0.100175,0.220000,-0.100175,1,-4.038972,0.220000,0.220000,-0.097987,-0.112653,0.600000,0.600000,0.311127,0.330000,1.437200,0
1772477665,331610260,-1.076803,-1.758066,-1.800183,-0.312107,-1.163074,0.404241,1,0.241697,0.606217,0.311127,2.804620,0.311127,2.888339,0.244382,0.600000,0.218819,-0.102643,0.294559,-0.100175,0.292365,-0.106408,0.220000,-0.106408,1,-4.464863,0.220000,0.220000,-0.092842,-0.107508,0.600000,0.600000,0.311127,0.330000,1.422223,0
1772477665,381725994,-1.084153,-1.766793,-1.770188,-0.300723,-1.163830,0.434236,1,0.241879,0.619668,0.311127,2.888339,0.311127,3.052984,0.247007,0.600000,0.219600,-0.101397,0.292365,-0.106408,0.290151,-0.112305,0.220000,-0.112305,1,-5.088257,0.220000,0.220000,-0.099074,-0.113741,0.600000,0.600000,0.311127,0.330000,1.392229,0
1772477665,406771047,-1.087389,-1.771656,-1.755186,-0.294887,-1.163559,0.449238,1,0.245452,0.561709,0.311127,3.052984,0.311127,3.149751,0.248903,0.600000,0.219622,-0.109604,0.290151,-0.112305,0.288526,-0.116416,0.220000,-0.116416,1,-5.500969,0.220000,0.220000,-0.104972,-0.119639,0.600000,0.600000,0.311127,0.330000,1.377227,0
1772477665,431815058,-1.091018,-1.775189,-1.739717,-0.289891,-1.164392,0.464707,1,0.246586,0.606878,0.311127,3.149751,0.311127,3.231358,0.249802,0.600000,0.218768,-0.113777,0.288526,-0.116416,0.287748,-0.118326,0.220000,-0.118326,1,-5.801215,0.220000,0.220000,-0.109083,-0.123750,0.600000,0.600000,0.311127,0.330000,1.361758,0
1772477665,456861223,-1.093675,-1.781759,-1.723738,-0.283023,-1.162643,0.480686,1,0.249292,0.609259,0.311127,3.231358,0.311127,3.372823,0.253358,0.600000,0.219829,-0.117566,0.287748,-0.118326,0.284587,-0.125739,0.220000,-0.125659,1,-6.510960,0.220000,0.220000,-0.110992,-0.125659,0.600000,0.600000,0.311127,0.330000,1.345779,0
1772477665,506986114,-1.101880,-1.792759,-1.695174,-0.269301,-1.162742,0.509250,1,0.250759,0.604893,0.311127,3.372823,0.311127,3.710162,0.256205,0.600000,0.220029,-0.120280,0.284587,-0.125739,0.282062,-0.131305,0.220000,-0.131305,1,-7.641377,0.220000,0.220000,-0.118406,-0.133072,0.600000,0.600000,0.311127,0.330000,1.317214,0
1772477665,532038410,-1.106282,-1.798293,-1.680238,-0.262384,-1.162598,0.524186,1,0.253189,0.609496,0.311127,3.710162,0.311127,3.912803,0.257865,0.600000,0.219100,-0.126886,0.282062,-0.131305,0.280545,-0.134515,0.220000,-0.134515,1,-8.350464,0.220000,0.220000,-0.123971,-0.138638,0.600000,0.600000,0.311127,0.330000,1.302279,0
1772477665,582129239,-1.113250,-1.807793,-1.649011,-0.252607,-1.156999,0.555412,1,0.256616,0.610869,0.311127,3.912803,0.311127,4.229681,0.307841,0.600000,0.219302,-0.133261,0.280545,-0.134515,0.268442,-0.157287,0.273212,-0.141849,1,-10.814106,0.220000,0.220000,-0.127182,-0.141849,0.600000,0.600000,0.311127,0.330000,1.271053,0
1772477665,607172232,-1.117064,-1.813298,-1.635024,-0.245912,-1.156813,0.569400,1,0.258592,0.597391,0.311127,4.229681,0.311127,4.505886,0.272663,0.600000,0.219773,-0.136270,0.268442,-0.157287,0.266186,-0.161074,0.220000,-0.161074,1,-11.928964,0.220000,0.220000,-0.149953,-0.164620,0.600000,0.600000,0.311127,0.330000,1.257065,0
1772477665,632250789,-1.118383,-1.816102,-1.620306,-0.242872,-1.156216,0.584117,1,0.262321,0.606330,0.311127,4.505886,0.311127,4.615480,0.275968,0.600000,0.219558,-0.143550,0.266186,-0.161074,0.262758,-0.166609,0.220000,-0.166609,1,-12.788696,0.220000,0.220000,-0.153741,-0.168407,0.600000,0.600000,0.311127,0.330000,1.242347,0
1772477665,657420701,-1.122634,-1.821202,-1.605718,-0.236245,-1.156622,0.598706,1,0.265483,0.609343,0.311127,4.615480,0.311127,4.952529,0.277191,0.600000,0.218771,-0.150400,0.262758,-0.166609,0.261468,-0.168626,0.220000,-0.168626,1,-14.053741,0.220000,0.220000,-0.159275,-0.173942,0.600000,0.600000,0.311127,0.330000,1.227759,0
1772477665,707428999,-1.130831,-1.833791,-1.576081,-0.221247,-1.155775,0.628342,1,0.272092,0.567606,0.311127,4.952529,0.311127,5.990612,0.281712,0.600000,0.219582,-0.160680,0.261468,-0.168626,0.255049,-0.178186,0.220000,-0.175959,1,-18.439877,0.220000,0.220000,-0.161292,-0.175959,0.600000,0.600000,0.311127,0.330000,1.198122,0
1772477665,732501548,-1.136548,-1.840541,-1.560706,-0.212434,-1.156412,0.643570,1,0.274653,0.611256,0.311127,5.990612,0.311127,5.914474,0.283143,5.970612,0.219309,-0.165341,0.255049,-0.178186,0.255009,-0.178242,0.220000,-0.178242,1,-21.487464,0.220000,0.220000,-0.170853,-0.185519,0.600000,0.600000,0.311127,0.330000,1.182895,0
1772477665,782559544,-1.144497,-1.853566,-1.530409,-0.197368,-1.155438,0.672201,1,0.279060,0.620588,0.311127,5.914474,0.311127,5.771321,0.309486,5.894474,0.219297,-0.172578,0.255009,-0.178242,0.247512,-0.188515,0.247676,-0.185575,1,-31.692777,0.220000,0.220000,-0.170909,-0.185575,0.600000,0.600000,0.311127,0.330000,1.154264,0
1772477665,807653501,-1.149564,-1.860490,-1.515160,-0.188789,-1.155438,0.687449,1,0.283085,0.622289,0.311127,5.771321,0.311127,5.695077,0.291183,5.751321,0.219087,-0.179271,0.247512,-0.188515,0.245789,-0.190756,0.220000,-0.190756,1,-41.343780,0.220000,0.220000,-0.181181,-0.195848,0.600000,0.600000,0.311127,0.330000,1.139015,0
1772477665,832656249,-1.153780,-1.867550,-1.499887,-0.180602,-1.154669,0.702723,1,0.287814,0.610320,0.311127,5.695077,0.311127,5.618711,0.310001,5.675077,0.218813,-0.186970,0.245789,-0.190756,0.237845,-0.200574,0.238456,-0.198089,1,-60.078684,0.220000,0.220000,-0.183422,-0.198089,0.600000,0.600000,0.311127,0.330000,1.123742,0
1772477665,882757160,-1.161989,-1.879099,-1.471336,-0.166410,-1.154765,0.731373,1,0.291634,0.599433,0.311127,5.618711,0.311127,5.475461,0.299531,5.598711,0.219249,-0.192302,0.237845,-0.200574,0.235544,-0.203271,0.220000,-0.203271,1,-179.723936,0.220000,0.220000,-0.193241,-0.207907,0.600000,0.600000,0.311127,0.330000,1.095092,0
1772477665,907839825,-1.165525,-1.885193,-1.456694,-0.159141,-1.157229,0.747111,1,0.296112,0.597834,0.311127,5.475461,0.311127,5.396770,0.300785,5.455461,0.218694,-0.199639,0.235544,-0.203271,0.211476,0.228206,0.228211,-0.195938,1,563.078916,0.220000,0.220000,-0.195938,-0.210604,0.600000,0.600000,0.311127,0.330000,1.079354,0
1772477665,932950807,-1.171438,-1.892512,-1.442193,-0.149743,-1.157667,0.761612,1,0.299714,0.609413,0.311127,5.396770,0.311127,5.324267,0.300124,5.376770,0.219136,-0.204470,0.211476,0.228206,-0.148075,0.273631,0.204143,0.220000,1,178.057923,0.218810,0.204143,0.220000,0.220000,0.600000,0.600000,0.311127,0.330000,1.064853,0
1772477665,982970619,-1.179895,-1.904688,-1.412863,-0.134923,-1.157282,0.790942,1,0.289374,0.625233,0.311127,5.324267,0.311127,5.177614,0.308328,5.304267,0.211986,-0.196976,-0.148075,0.273631,-0.193333,0.243767,-0.155408,0.266297,1,64.317224,-0.140742,-0.155408,0.220000,0.220000,0.600000,0.600000,0.311127,0.330000,1.035523,0
1772477666,8003072,-1.184565,-1.912661,-1.398504,-0.125861,-1.156605,0.805150,1,0.278719,0.612662,0.311127,5.177614,0.311127,5.106577,0.297770,5.157614,0.204652,-0.189214,-0.193333,0.243767,-0.201902,0.236718,-0.200666,0.220000,1,45.642588,-0.185999,-0.200666,0.220000,0.220000,0.600000,0.600000,0.311127,0.330000,1.021315,0
1772477666,33079439,-1.188656,-1.917752,-1.384436,-0.120732,-1.159867,0.817588,1,0.268727,0.614964,0.311127,5.106577,0.311127,5.044387,0.293696,5.086577,0.197634,-0.182086,-0.201902,0.236718,-0.180153,0.253663,-0.194569,0.220000,1,42.063594,-0.194569,-0.209236,0.220000,0.220000,0.600000,0.600000,0.311127,0.330000,1.008877,0
1772477666,58099324,-1.191435,-1.924191,-1.370761,-0.113894,-1.158310,0.831262,1,0.258306,0.619504,0.311127,5.044387,0.311127,4.976014,0.309563,5.024387,0.190349,-0.174611,-0.180153,0.253663,-0.190326,0.246122,-0.187486,0.246330,1,34.851044,-0.172820,-0.187486,0.220000,0.220000,0.600000,0.600000,0.311127,0.330000,0.995203,0
1772477666,108193668,-1.198316,-1.934231,-1.342248,-0.101447,-1.157422,0.860056,1,0.247409,0.603165,0.311127,4.976014,0.311127,4.832043,0.291551,4.956014,0.182800,-0.166719,-0.190326,0.246122,-0.191316,0.245353,-0.191316,0.220000,1,27.305142,-0.182992,-0.197659,0.220000,0.220000,0.600000,0.600000,0.311127,0.330000,0.966409,0
1772477666,133343062,-1.200991,-1.939728,-1.327843,-0.092381,-1.150660,0.877536,1,0.237505,0.607917,0.311127,4.832043,0.311127,4.414603,0.310024,4.812043,0.175739,-0.159764,-0.191316,0.245353,-0.212660,0.227103,-0.198650,0.238019,1,21.829051,-0.183983,-0.198650,0.220000,0.220000,0.600000,0.600000,0.311127,0.330000,0.948929,0
1772477666,158349908,-1.203857,-1.944860,-1.313682,-0.086549,-1.149925,0.891697,1,0.226353,0.602560,0.311127,4.414603,0.311127,3.998031,0.304584,4.394603,0.167889,-0.151819,-0.212660,0.227103,-0.210645,0.228973,-0.210645,0.220000,1,20.233992,-0.205327,-0.219994,0.220000,0.219769,0.600000,0.600000,0.311127,0.330000,0.934768,0
1772477666,208443813,-1.208774,-1.954505,-1.284885,-0.076074,-1.147838,0.920490,1,0.216544,0.592966,0.311127,3.998031,0.311127,3.382087,0.302693,3.978031,0.160421,-0.145453,-0.210645,0.228973,-0.207902,0.231466,-0.207902,0.220000,1,17.853002,-0.203312,-0.217978,0.220000,0.220000,0.600000,0.600000,0.311127,0.330000,0.905975,0
1772477666,233467577,-1.211488,-1.959113,-1.269542,-0.073090,-1.143588,0.935794,1,0.206139,0.616760,0.311127,3.382087,0.311127,3.194159,0.307553,3.362087,0.153230,-0.137892,-0.207902,0.231466,-0.214916,0.224969,-0.214916,0.220000,1,16.669254,-0.200569,-0.215236,0.220000,0.220000,0.600000,0.600000,0.311127,0.330000,0.890671,0
1772477666,258525475,-1.212945,-1.963869,-1.254599,-0.068395,-1.141942,0.950737,1,0.196128,0.593340,0.311127,3.194159,0.311127,2.973606,0.306980,3.174159,0.146285,-0.130641,-0.214916,0.224969,-0.214095,0.225750,-0.214095,0.220000,1,15.837885,-0.207583,-0.220000,0.220000,0.217635,0.600000,0.600000,0.311127,0.330000,0.875728,0
1772477666,308635880,-1.216859,-1.972449,-1.226435,-0.058899,-1.139892,0.978846,1,0.186140,0.603323,0.311127,2.973606,0.311127,2.602851,0.303653,2.953606,0.139454,-0.123291,-0.214095,0.225750,-0.209298,0.230205,-0.209298,0.220000,1,14.605594,-0.206762,-0.220000,0.220000,0.218417,0.600000,0.600000,0.311127,0.330000,0.847619,0
1772477666,333670117,-1.219154,-1.976840,-1.212709,-0.051095,-1.137883,0.991982,1,0.174847,0.608479,0.311127,2.602851,0.311127,2.374640,0.302807,2.582851,0.131726,-0.114977,-0.209298,0.230205,-0.208067,0.231318,-0.208067,0.220000,1,13.600187,-0.201964,-0.216631,0.220000,0.220000,0.600000,0.600000,0.311127,0.330000,0.834483,0
1772477666,358741854,-1.221064,-1.981524,-1.197314,-0.046191,-1.136648,1.007377,1,0.164207,0.599114,0.311127,2.374640,0.311127,2.228188,0.301009,2.354640,0.124299,-0.107302,-0.208067,0.231318,-0.205443,0.233652,-0.205443,0.220000,1,13.132437,-0.200734,-0.215400,0.220000,0.220000,0.600000,0.600000,0.311127,0.330000,0.819088,0
1772477666,408832359,-1.224485,-1.990861,-1.166777,-0.036133,-1.133634,1.037990,1,0.154243,0.594054,0.311127,2.228188,0.311127,1.965902,0.297904,2.208188,0.116842,-0.100692,-0.205443,0.233652,-0.200865,0.237599,-0.200865,0.220000,1,12.239773,-0.198109,-0.212776,0.220000,0.220000,0.600000,0.600000,0.311127,0.330000,0.788475,0
1772477666,433869586,-1.224830,-1.994929,-1.152571,-0.026996,-1.128815,1.053053,1,0.143753,0.610889,0.311127,1.965902,0.311127,1.787182,0.299313,1.945902,0.109694,-0.092909,-0.200865,0.237599,-0.202949,0.235821,-0.202949,0.220000,1,11.258873,-0.193532,-0.208198,0.220000,0.220000,0.600000,0.600000,0.311127,0.330000,0.773412,0
1772477666,458998853,-1.224866,-1.997052,-1.138297,-0.025264,-1.127585,1.067327,1,0.133356,0.607763,0.311127,1.787182,0.311127,1.729310,0.298055,1.767182,0.102119,-0.085765,-0.202949,0.235821,-0.201089,0.237409,-0.201089,0.220000,1,11.173892,-0.195616,-0.210283,0.220000,0.220000,0.600000,0.600000,0.311127,0.330000,0.759138,0
1772477666,509017313,-1.228249,-2.003482,-1.109033,-0.017907,-1.126445,1.096563,1,0.123259,0.603707,0.311127,1.729310,0.311127,1.576840,0.293158,1.709310,0.094900,-0.078657,-0.201089,0.237409,-0.193489,0.243643,-0.193756,0.220000,1,10.875054,-0.193756,-0.208423,0.220000,0.220000,0.600000,0.600000,0.311127,0.330000,0.729902,0
1772477666,534116715,-1.228363,-2.006875,-1.094063,-0.013127,-1.123962,1.111219,1,0.112903,0.613038,0.311127,1.576840,0.311127,1.491524,0.292240,1.556840,0.088058,-0.070660,-0.193489,0.243643,-0.192365,0.244531,-0.192365,0.220000,1,10.535710,-0.186156,-0.200823,0.220000,0.220000,0.600000,0.600000,0.311127,0.330000,0.715246,0
1772477666,559136669,-1.227413,-2.009443,-1.079344,-0.011622,-1.121675,1.125938,1,0.102492,0.603450,0.311127,1.491524,0.311127,1.441932,0.291925,1.471524,0.080117,-0.063921,-0.192365,0.244531,-0.191887,0.244907,-0.191887,0.220000,1,10.415404,-0.185032,-0.199699,0.220000,0.220000,0.600000,0.600000,0.311127,0.330000,0.700527,0
1772477666,609191760,-1.229595,-2.013900,-1.049973,-0.006797,-1.120578,1.155561,1,0.092736,0.609777,0.311127,1.441932,0.311127,1.337180,0.287175,1.421932,0.073063,-0.057112,-0.191887,0.244907,-0.184579,0.250461,-0.184579,0.220000,1,10.313918,-0.184553,-0.199220,0.220000,0.220000,0.600000,0.600000,0.311127,0.330000,0.670904,0
1772477666,634250730,-1.230189,-2.017648,-1.034700,-0.004095,-1.116402,1.173707,1,0.082183,0.582485,0.311127,1.337180,0.311127,1.271799,0.287768,1.317180,0.065612,-0.049489,-0.184579,0.250461,-0.185501,0.249779,-0.185501,0.220000,1,10.054877,-0.177246,-0.191913,0.220000,0.220000,0.600000,0.600000,0.311127,0.330000,0.652757,0
1772477666,659373496,-1.229695,-2.019048,-1.020186,-0.003264,-1.115171,1.188221,1,0.072070,0.602345,0.311127,1.271799,0.311127,1.234983,0.286429,1.251799,0.058453,-0.042159,-0.185501,0.249779,-0.183417,0.251313,-0.183417,0.220000,1,10.047195,-0.178167,-0.192834,0.220000,0.220000,0.600000,0.600000,0.311127,0.330000,0.638244,0
1772477666,709411498,-1.229193,-2.021812,-0.990661,-0.001364,-1.113212,1.217679,1,0.061983,0.589300,0.311127,1.234983,0.311127,1.161159,0.283107,1.214983,0.051236,-0.034881,-0.183417,0.251313,-0.178183,0.255050,-0.178183,0.220000,1,10.050957,-0.176083,-0.190750,0.220000,0.220000,0.600000,0.600000,0.311127,0.330000,0.608786,0
1772477666,734483872,-1.230190,-2.022540,-0.976236,-0.000448,-1.114615,1.231319,1,0.051077,0.601665,0.311127,1.161159,0.311127,1.131420,0.279366,1.141159,0.043455,-0.026842,-0.178183,0.255050,-0.172179,0.259142,-0.172179,0.220000,1,10.178696,-0.170850,-0.185517,0.220000,0.220000,0.600000,0.600000,0.311127,0.330000,0.595146,0
1772477666,759520052,-1.230747,-2.024774,-0.961369,0.001679,-1.113735,1.246185,1,0.030482,0.573710,0.311127,1.131420,0.311127,1.088014,0.277317,1.111420,0.028123,-0.011756,-0.172179,0.259142,-0.168833,0.261334,-0.168833,0.220000,1,10.123891,-0.164846,-0.179512,0.220000,0.220000,0.600000,0.600000,0.311127,0.330000,0.580280,0
1772477666,809659480,-1.230515,-2.026922,-0.931129,0.003229,-1.112127,1.276480,1,0.032004,0.599082,0.311127,1.088014,0.311127,1.019519,0.273627,1.068014,0.029382,-0.012687,-0.168833,0.261334,-0.162702,0.265194,-0.162702,0.220000,1,10.156960,-0.161500,-0.176166,0.220000,0.220000,0.600000,0.600000,0.311127,0.330000,0.549985,0
1772477666,834777444,-1.230484,-2.027767,-0.916404,0.003444,-1.109952,1.291836,1,0.022836,0.608064,0.311127,1.019519,0.311127,0.986522,0.273124,0.999519,0.022205,-0.005334,-0.162702,0.265194,-0.161853,0.265713,-0.161853,0.220000,1,10.130292,-0.155369,-0.170035,0.220000,0.220000,0.600000,0.600000,0.311127,0.330000,0.534629,0
1772477666,859769819,-1.229365,-2.028085,-0.901132,0.003034,-1.108864,1.307108,1,0.011396,0.567928,0.311127,0.986522,0.311127,0.958930,0.271803,0.966522,0.006359,0.009457,-0.161853,0.265713,-0.159615,0.267064,-0.159615,0.220000,1,10.188026,-0.154520,-0.169187,0.220000,0.220000,0.600000,0.600000,0.311127,0.330000,0.519357,0
1772477666,909828584,-1.230290,-2.029791,-0.870663,0.005221,-1.108784,1.337467,1,0.012161,0.597361,0.311127,0.958930,0.311127,0.891617,0.267563,0.938930,0.007046,0.009912,-0.159615,0.267064,-0.150610,0.272244,-0.152282,0.220000,1,10.256141,-0.152282,-0.166949,0.220000,0.220000,0.600000,0.600000,0.311127,0.330000,0.488997,0
1772477666,934918958,-1.230006,-2.029790,-0.855963,0.008142,-1.110800,1.350892,1,0.017093,0.598077,0.311127,0.891617,0.311127,0.855636,0.262542,0.871617,0.000000,0.017093,-0.150610,0.272244,-0.142599,0.276524,-0.143277,0.220000,1,10.279205,-0.143277,-0.157943,0.220000,0.220000,0.600000,0.600000,0.311127,0.330000,0.475573,0
1772477666,959934858,-1.229168,-2.029861,-0.840992,0.007702,-1.110085,1.365864,1,0.036310,0.589077,0.311127,0.855636,0.311127,0.829867,0.260628,0.835636,-0.015814,0.032686,-0.142599,0.276524,-0.139739,0.277980,-0.139739,0.220000,1,10.347888,-0.135266,-0.149933,0.220000,0.220000,0.600000,0.600000,0.311127,0.330000,0.460601,0
1772477667,10105158,-1.228857,-2.028855,-0.809745,0.006727,-1.110388,1.397103,1,0.034913,0.604910,0.311127,0.829867,0.311127,0.778181,0.256771,0.809867,-0.014573,0.031726,-0.139739,0.277980,-0.130921,0.282241,-0.132406,0.220000,1,10.568923,-0.132406,-0.147072,0.220000,0.220000,0.600000,0.600000,0.311127,0.330000,0.429362,0
1772477667,35180150,-1.228468,-2.027196,-0.794522,0.005364,-1.110578,1.412241,1,0.044812,0.593524,0.311127,0.778181,0.311127,0.756765,0.253982,0.758181,-0.021847,0.039126,-0.130921,0.282241,-0.126912,0.284066,-0.126912,0.220000,1,10.722574,-0.123587,-0.138254,0.220000,0.220000,0.600000,0.600000,0.311127,0.330000,0.414224,0
1772477667,60190942,-1.228006,-2.026429,-0.779614,0.004474,-1.110662,1.427149,1,0.066617,0.591103,0.311127,0.756765,0.311127,0.733325,0.252008,0.736765,-0.037283,0.055207,-0.126912,0.284066,-0.122915,0.285818,-0.122915,0.220000,1,10.844867,-0.119579,-0.134245,0.220000,0.220000,0.600000,0.600000,0.311127,0.330000,0.399316,0
1772477667,110297250,-1.226872,-2.023482,-0.749327,0.001498,-1.111337,1.457419,1,0.065188,0.611858,0.311127,0.733325,0.311127,0.690152,0.248514,0.713325,-0.036540,0.053985,-0.122915,0.285818,-0.114418,0.289324,-0.115581,0.220000,1,11.179032,-0.115581,-0.130248,0.220000,0.220000,0.600000,0.600000,0.311127,0.330000,0.369046,0
1772477667,135321918,-1.227271,-2.022117,-0.733889,0.001401,-1.110674,1.472675,1,0.075592,0.603238,0.311127,0.690152,0.311127,0.661305,0.246485,0.670152,-0.043940,0.061509,-0.114418,0.289324,-0.111153,0.290594,-0.111153,0.220000,1,11.222726,-0.107085,-0.121752,0.220000,0.220000,0.600000,0.600000,0.311127,0.330000,0.353790,0
1772477667,160385006,-1.226808,-2.018340,-0.718889,-0.001913,-1.112544,1.487675,1,0.097132,0.569811,0.311127,0.661305,0.311127,0.647615,0.243821,0.600000,-0.059117,0.077071,-0.111153,0.290594,-0.105113,0.292833,-0.105113,0.220000,1,11.565425,-0.103820,-0.118487,0.220000,0.220000,0.600000,0.600000,0.311127,0.330000,0.338790,0
1772477667,210442359,-1.227079,-2.017068,-0.687137,-0.002526,-1.113687,1.519472,1,0.095519,0.589757,0.311127,0.647615,0.311127,0.590043,0.240751,0.627615,-0.058543,0.075476,-0.105113,0.292833,-0.094019,0.296581,-0.097780,0.220000,1,11.777515,-0.097780,-0.112446,0.220000,0.220000,0.600000,0.600000,0.311127,0.330000,0.306993,0
1772477667,235507110,-1.227896,-2.014374,-0.672168,-0.001339,-1.117900,1.534955,1,0.105842,0.600847,0.311127,0.590043,0.311127,0.559791,0.236462,0.570043,-0.065942,0.082790,-0.094019,0.296581,-0.081335,0.300308,-0.086686,0.220000,1,11.914981,-0.086686,-0.101352,0.220000,0.220000,0.600000,0.570043,0.311127,0.330000,0.291510,0
1772477667,260607096,-1.226930,-2.010923,-0.657686,-0.004689,-1.119174,1.549437,1,0.131775,0.519278,0.311127,0.559791,0.311127,0.543901,0.232777,0.543901,-0.084139,0.101416,-0.081335,0.300308,-0.076061,0.301686,-0.076061,0.220000,1,12.237890,-0.074001,-0.088668,0.220000,0.220000,0.579791,0.539791,0.311127,0.330000,0.277028,0
1772477667,310706098,-1.228609,-2.007096,-0.625565,-0.006875,-1.122541,1.581787,1,0.125994,0.566839,0.311127,0.543901,0.311127,0.489213,0.230485,0.523901,-0.079209,0.097981,-0.076061,0.301686,-0.060796,0.305129,-0.068728,0.220000,1,12.604950,-0.068728,-0.083394,0.220000,0.220000,0.563901,0.523901,0.311127,0.330000,0.244678,0
1772477667,335761427,-1.227032,-2.004799,-0.609697,-0.010848,-1.119793,1.600201,1,0.129648,0.553198,0.311127,0.489213,0.311127,0.462138,0.228625,0.469213,-0.075114,0.105671,-0.060796,0.305129,-0.062205,0.304845,-0.062205,0.220000,1,12.864448,-0.053463,-0.068129,0.220000,0.220000,0.509213,0.469213,0.311127,0.330000,0.226263,0
1772477667,360792864,-1.228532,-2.003610,-0.594549,-0.010908,-1.121707,1.615349,1,0.135804,0.552036,0.311127,0.462138,0.311127,0.432576,0.226740,0.442138,-0.060455,0.121605,-0.062205,0.304845,-0.053852,0.306431,-0.054872,0.220000,1,12.972651,-0.054872,-0.069538,0.220000,0.220000,0.482138,0.442138,0.311127,0.330000,0.211116,0
1772477667,410877186,-1.226457,-1.995457,-0.567649,-0.018689,-1.124775,1.642411,1,0.134716,0.515129,0.311127,0.432576,0.311127,0.398809,0.224864,0.412576,-0.061395,0.119912,-0.053852,0.306431,-0.042733,0.308178,-0.046519,0.220000,1,13.796724,-0.046519,-0.061186,0.220000,0.220000,0.452576,0.412576,0.311127,0.330000,0.184054,0
1772477667,435888576,-1.226958,-1.992262,-0.555372,-0.020956,-1.125639,1.656509,1,0.143539,0.529683,0.311127,0.398809,0.311127,0.374510,0.223185,0.378809,-0.044838,0.136356,-0.042733,0.308178,-0.037568,0.308851,-0.037568,0.220000,1,14.061494,-0.035400,-0.050067,0.220000,0.220000,0.418809,0.378809,0.311127,0.330000,0.169955,0
1772477667,461023591,-1.227662,-1.989311,-0.542596,-0.022900,-1.127968,1.669285,1,0.148473,0.504018,0.311127,0.374510,0.311127,0.352266,0.222068,0.354510,-0.037454,0.143671,-0.037568,0.308851,-0.029425,0.309732,-0.030235,0.220000,1,14.342213,-0.030235,-0.044901,0.220000,0.220000,0.394510,0.354510,0.311127,0.330000,0.157180,0
1772477667,510990728,-1.226266,-1.980447,-0.519688,-0.030681,-1.132001,1.692543,1,0.147407,0.447609,0.311127,0.352266,0.311127,0.319440,0.221106,0.332266,-0.039200,0.142099,-0.029425,0.309732,-0.016348,0.310697,-0.022092,0.220000,1,15.311985,-0.022092,-0.036759,0.220000,0.220000,0.372266,0.332266,0.311127,0.330000,0.133921,0
1772477667,536044816,-1.224733,-1.977683,-0.506862,-0.031986,-1.130687,1.709479,1,0.159595,0.449914,0.311127,0.319440,0.311127,0.281304,0.220493,0.299440,-0.023960,0.157786,-0.016348,0.310697,-0.014737,0.310778,-0.014737,0.220000,1,15.440041,-0.009015,-0.023682,0.220000,0.220000,0.339440,0.299440,0.311127,0.330000,0.116985,0
1772477667,561109533,-1.221997,-1.973747,-0.495418,-0.036777,-1.130870,1.720923,1,0.166185,0.431948,0.311127,0.281304,0.311127,0.263436,0.220380,0.263436,-0.016054,0.165408,-0.014737,0.310778,-0.012942,0.310858,-0.012942,0.220000,1,16.031271,-0.007403,-0.022070,0.220000,0.220000,0.301304,0.261304,0.311127,0.330000,0.105541,0
1772477667,611111695,-1.218504,-1.968311,-0.473706,-0.043423,-1.131380,1.742651,1,0.163496,0.381041,0.311127,0.263436,0.311127,0.220935,0.220153,0.243436,-0.017202,0.162589,-0.012942,0.310858,-0.008203,0.311019,-0.008203,0.220000,1,16.939143,-0.005608,-0.020275,0.220000,0.220000,0.283436,0.243436,0.311127,0.330000,0.083814,0
1772477667,636155072,-1.218178,-1.963450,-0.464164,-0.049951,-1.134397,1.752384,1,0.179648,0.367514,0.311127,0.220935,0.311127,0.207557,0.220002,0.207557,-0.006804,0.179519,-0.008203,0.311019,-0.000492,0.311127,-0.000870,0.220000,1,18.010314,-0.000870,-0.015536,0.220000,0.220000,0.240935,0.200935,0.311127,0.330000,0.074081,0
1772477667,661149580,-1.216258,-1.959378,-0.455641,-0.054359,-1.135314,1.760907,1,0.185084,0.322499,0.311127,0.207557,0.311127,0.191435,0.220014,0.191435,0.000000,0.185084,-0.000492,0.311127,0.002451,0.311117,0.002451,0.220000,1,18.770576,0.006842,-0.007825,0.220000,0.220000,0.227557,0.187557,0.311127,0.330000,0.065558,0
1772477667,711230881,-1.211507,-1.950415,-0.439231,-0.064566,-1.137016,1.777297,1,0.185711,0.316317,0.311127,0.191435,0.311127,0.159017,0.220111,0.171435,0.000000,0.185711,0.002451,0.311117,0.006980,0.311049,0.006980,0.220000,1,20.784760,0.009784,-0.004883,0.220000,0.220000,0.211435,0.171435,0.311127,0.330000,0.049168,0
1772477667,736226257,-1.211066,-1.945741,-0.432071,-0.070986,-1.140784,1.784207,1,0.203217,0.297187,0.311127,0.159017,0.311127,0.147339,0.220465,0.147339,0.008808,0.203026,0.006980,0.311049,0.017938,0.310609,0.014314,0.220000,1,22.375617,0.014314,-0.000353,0.220000,0.220000,0.179017,0.139017,0.311127,0.330000,0.042258,0
