sec,nsec,x,y,yaw,map_x,map_y,map_yaw,map_pose_valid,v_real,w_real,v_now,w_now,v_cmd,w_cmd,v_nav,w_nav,vx_real,vy_real,vx_now,vy_now,vx_cmd,vy_cmd,vx_nav,vy_nav,velocity_violation,curvature,dw_vx_max,dw_vx_min,dw_vy_max,dw_vy_min,dw_w_max,dw_w_min,v_reg,lookahead_dist,lookahead_yaw,is_accel
1772477845,808934918,0.161148,-1.553267,2.591679,-1.422247,-0.443068,-1.374949,1,0.000000,-0.002882,0.311127,0.147339,0.311127,1.237259,0.304327,0.167339,0.000000,0.000000,0.017938,0.310609,0.137352,0.279167,0.025271,0.303276,1,5.438046,0.025271,0.010604,0.220000,0.220000,0.167339,0.127339,0.311127,0.330000,1.312311,1
1772477845,859020248,0.162280,-1.553254,2.591764,-1.423024,-0.442246,-1.374864,1,0.000000,-0.002356,0.311127,1.237259,0.311127,1.237178,0.259721,0.600000,0.000000,0.000000,0.137352,0.279167,0.138041,0.278827,0.138041,0.220000,1,5.431427,0.144686,0.130019,0.220000,0.220000,0.600000,0.600000,0.311127,0.330000,1.312226,1
1772477845,884044971,0.161808,-1.553624,2.591602,-1.422431,-0.442341,-1.375026,1,0.009903,0.034825,0.311127,1.237178,0.311127,1.237331,0.259671,0.600000,0.007070,0.006934,0.138041,0.278827,0.137946,0.278874,0.137946,0.220000,1,5.432339,0.145374,0.130707,0.220000,0.220000,0.600000,0.600000,0.311127,0.330000,1.312388,1
1772477845,909162847,0.162388,-1.553619,2.592113,-1.422829,-0.441918,-1.374515,1,0.020366,0.051329,0.311127,1.237331,0.311127,1.236850,0.259929,0.600000,0.014520,0.014281,0.137946,0.278874,0.138430,0.278634,0.138430,0.220000,1,5.427663,0.145279,0.130613,0.220000,0.220000,0.600000,0.600000,0.311127,0.330000,1.311877,1
1772477845,934235690,0.162057,-1.553508,2.594101,-1.422686,-0.442236,-1.372527,1,0.032789,0.026357,0.311127,1.236850,0.311127,1.234975,0.260082,0.600000,0.023076,0.023294,0.138430,0.278634,0.138719,0.278491,0.138719,0.220000,1,5.424870,0.145764,0.131097,0.220000,0.220000,0.600000,0.600000,0.311127,0.330000,1.309889,1
1772477845,984302368,0.162065,-1.554501,2.598534,-1.421962,-0.441557,-1.368095,1,0.041102,0.084939,0.311127,1.234975,0.311127,1.230796,0.261077,0.600000,0.028904,0.029222,0.138719,0.278491,0.140574,0.277559,0.140574,0.220000,1,5.406718,0.146052,0.131385,0.220000,0.220000,0.600000,0.600000,0.311127,0.330000,1.305456,1
1772477846,9422516,0.159220,-1.553948,2.601430,-1.420438,-0.444022,-1.365199,1,0.052278,0.110240,0.311127,1.230796,0.311127,1.228066,0.260419,0.600000,0.037233,0.036697,0.140574,0.277559,0.139349,0.278176,0.139349,0.220000,1,5.418731,0.147907,0.133240,0.220000,0.220000,0.600000,0.600000,0.311127,0.330000,1.302561,1
1772477846,34470900,0.157901,-1.554319,2.604483,-1.419271,-0.444739,-1.362146,1,0.062572,0.126096,0.311127,1.228066,0.311127,1.225188,0.260579,0.600000,0.044284,0.044206,0.139349,0.278176,0.139648,0.278026,0.139648,0.220000,1,5.415819,0.146683,0.132016,0.220000,0.220000,0.600000,0.600000,0.311127,0.330000,1.299508,1
1772477846,84691169,0.155044,-1.555787,2.609393,-1.416253,-0.445842,-1.357236,1,0.072247,0.124867,0.311127,1.225188,0.311127,1.223066,0.260893,0.600000,0.051110,0.051062,0.139648,0.278026,0.140232,0.277732,0.140232,0.220000,1,5.410085,0.146981,0.132314,0.220000,0.220000,0.600000,0.600000,0.311127,0.330000,1.297258,1
1772477846,109652854,0.152311,-1.555952,2.612896,-1.414278,-0.447738,-1.353733,1,0.083627,0.165018,0.311127,1.223066,0.311127,1.219763,0.260600,0.600000,0.059311,0.058954,0.140232,0.277732,0.139687,0.278007,0.139687,0.220000,1,5.415437,0.147565,0.132899,0.220000,0.220000,0.600000,0.600000,0.311127,0.330000,1.293754,1
1772477846,134749211,0.151415,-1.555994,2.616755,-1.413639,-0.448367,-1.349873,1,0.093059,0.188553,0.311127,1.219763,0.311127,1.216125,0.260904,0.600000,0.066046,0.065559,0.139687,0.278007,0.140254,0.277721,0.140254,0.220000,1,5.409870,0.147020,0.132353,0.220000,0.220000,0.600000,0.600000,0.311127,0.330000,1.289895,1
1772477846,184946361,0.147869,-1.557341,2.626265,-1.410243,-0.450058,-1.340364,1,0.103637,0.198923,0.311127,1.216125,0.311127,1.207159,0.261645,0.600000,0.073468,0.073096,0.140254,0.277721,0.141626,0.277023,0.141626,0.220000,1,5.396284,0.147587,0.132921,0.220000,0.220000,0.600000,0.600000,0.311127,0.330000,1.280385,1
1772477846,209944763,0.143977,-1.558133,2.631695,-1.407021,-0.452380,-1.334933,1,0.113929,0.216677,0.311127,1.207159,0.311127,1.204649,0.261479,0.600000,0.081024,0.080093,0.141626,0.277023,0.141319,0.277180,0.141319,0.220000,1,5.399341,0.148960,0.134293,0.220000,0.220000,0.600000,0.600000,0.311127,0.330000,1.277723,1
1772477846,235005580,0.141355,-1.558552,2.638012,-1.404934,-0.454021,-1.328617,1,0.124545,0.230185,0.311127,1.204649,0.311127,1.198694,0.261726,0.600000,0.088403,0.087729,0.141319,0.277180,0.141776,0.276947,0.141776,0.220000,1,5.394791,0.148652,0.133986,0.220000,0.220000,0.600000,0.600000,0.311127,0.330000,1.271406,1
1772477846,285164074,0.135561,-1.560029,2.650163,-1.399917,-0.457276,-1.316466,1,0.134987,0.248619,0.311127,1.198694,0.311127,1.189819,0.262187,0.600000,0.096119,0.094776,0.141776,0.276947,0.142625,0.276511,0.142625,0.220000,1,5.386296,0.149110,0.134443,0.220000,0.220000,0.600000,0.600000,0.311127,0.330000,1.261994,1
1772477846,310296439,0.133164,-1.562372,2.655822,-1.396570,-0.457446,-1.310807,1,0.145479,0.255970,0.311127,1.189819,0.311127,1.184483,0.263047,0.600000,0.103050,0.102688,0.142625,0.276511,0.144201,0.275692,0.144201,0.220000,1,5.370347,0.149958,0.135292,0.220000,0.220000,0.600000,0.600000,0.311127,0.330000,1.256334,1
1772477846,335283369,0.129336,-1.563825,2.662665,-1.392905,-0.459273,-1.303964,1,0.172882,0.245719,0.311127,1.184483,0.311127,1.178032,0.263330,0.600000,0.122582,0.121909,0.144201,0.275692,0.144716,0.275422,0.144716,0.220000,1,5.365085,0.151535,0.136868,0.220000,0.220000,0.600000,0.600000,0.311127,0.330000,1.249491,1
1772477846,385457608,0.122172,-1.566493,2.677835,-1.386085,-0.462725,-1.288794,1,0.165861,0.302969,0.311127,1.178032,0.311127,1.165938,0.264198,0.600000,0.117750,0.116812,0.144716,0.275422,0.146289,0.274590,0.146289,0.220000,1,5.348876,0.152050,0.137383,0.220000,0.220000,0.600000,0.600000,0.311127,0.330000,1.236664,1
1772477846,410646007,0.117067,-1.567442,2.686375,-1.381924,-0.465831,-1.280254,1,0.176562,0.335659,0.311127,1.165938,0.311127,1.159873,0.264154,0.600000,0.125929,0.123757,0.146289,0.274590,0.146209,0.274632,0.146209,0.220000,1,5.349705,0.153623,0.138956,0.220000,0.220000,0.600000,0.600000,0.311127,0.330000,1.230231,1
1772477846,435642461,0.113494,-1.568871,2.695248,-1.378449,-0.467486,-1.271380,1,0.199652,0.302585,0.311127,1.159873,0.311127,1.151506,0.264817,0.600000,0.142590,0.139746,0.146209,0.274632,0.147404,0.273993,0.147404,0.220000,1,5.337251,0.153543,0.138876,0.220000,0.220000,0.600000,0.600000,0.311127,0.330000,1.221357,1
1772477846,485806119,0.105908,-1.573331,2.716535,-1.370026,-0.470032,-1.250093,1,0.196430,0.389380,0.311127,1.151506,0.311127,1.133322,0.267086,0.600000,0.140718,0.137052,0.147404,0.273993,0.151442,0.271782,0.151442,0.220000,1,5.294178,0.154737,0.140071,0.220000,0.220000,0.600000,0.600000,0.311127,0.330000,1.202069,1
1772477846,511023597,0.101193,-1.573978,2.728051,-1.366351,-0.473057,-1.238577,1,0.204866,0.392565,0.311127,1.133322,0.311127,1.122464,0.267522,0.600000,0.146841,0.142856,0.151442,0.271782,0.152210,0.271352,0.152210,0.220000,1,5.285812,0.158775,0.144109,0.220000,0.220000,0.600000,0.600000,0.311127,0.330000,1.190553,1
1772477846,536064100,0.095170,-1.574942,2.739232,-1.361556,-0.476827,-1.227397,1,0.216029,0.444247,0.311127,1.122464,0.311127,1.114043,0.267580,0.600000,0.150104,0.155362,0.152210,0.271352,0.152313,0.271295,0.152313,0.220000,1,5.284688,0.159544,0.144877,0.220000,0.220000,0.600000,0.600000,0.311127,0.330000,1.181621,1
1772477846,586230817,0.086217,-1.579428,2.761328,-1.352186,-0.480360,-1.205301,1,0.207428,0.418680,0.311127,1.114043,0.311127,1.095242,0.269541,0.600000,0.144494,0.148821,0.152313,0.271295,0.155731,0.269347,0.155731,0.220000,1,5.246749,0.159646,0.144980,0.220000,0.220000,0.600000,0.600000,0.311127,0.330000,1.161679,1
1772477846,611307516,0.081120,-1.581954,2.771733,-1.346873,-0.482390,-1.194895,1,0.195869,0.391892,0.311127,1.095242,0.311127,1.085431,0.270311,0.600000,0.133478,0.143346,0.155731,0.269347,0.157061,0.268574,0.157061,0.220000,1,5.231690,0.163065,0.148398,0.220000,0.220000,0.600000,0.600000,0.311127,0.330000,1.151274,1
1772477846,636436171,0.077060,-1.583629,2.782237,-1.342887,-0.484235,-1.184392,1,0.182996,0.388999,0.311127,1.085431,0.311127,1.077131,0.271156,0.600000,0.119821,0.138313,0.157061,0.268574,0.158510,0.267721,0.158510,0.220000,1,5.215077,0.164394,0.149728,0.220000,0.220000,0.600000,0.600000,0.311127,0.330000,1.142469,1
1772477846,686593011,0.067830,-1.587665,2.801392,-1.333659,-0.488277,-1.165236,1,0.181553,0.374728,0.311127,1.077131,0.311127,1.060578,0.272416,0.600000,0.120049,0.136197,0.158510,0.267721,0.160657,0.266438,0.160657,0.220000,1,5.190090,0.165844,0.151177,0.220000,0.220000,0.600000,0.600000,0.311127,0.330000,1.124913,1
1772477846,711595762,0.063699,-1.589545,2.810396,-1.329475,-0.490036,-1.156233,1,0.173661,0.360786,0.311127,1.060578,0.311127,1.052089,0.273074,0.600000,0.112873,0.131977,0.160657,0.266438,0.161769,0.265764,0.161769,0.220000,1,5.176962,0.167990,0.153324,0.220000,0.220000,0.600000,0.600000,0.311127,0.330000,1.115909,1
1772477846,736821754,0.060552,-1.591241,2.819814,-1.326094,-0.491196,-1.146814,1,0.171089,0.360383,0.311127,1.052089,0.311127,1.044903,0.274068,0.600000,0.109285,0.131637,0.161769,0.265764,0.163441,0.264739,0.163441,0.220000,1,5.156998,0.169103,0.154436,0.220000,0.220000,0.600000,0.600000,0.311127,0.330000,1.108287,1
1772477846,786812402,0.053285,-1.595945,2.839737,-1.317708,-0.493342,-1.126892,1,0.166505,0.355882,0.311127,1.044903,0.311127,1.027806,0.276348,0.600000,0.105239,0.129030,0.163441,0.264739,0.167237,0.262358,0.167237,0.220000,1,5.110610,0.170775,0.156108,0.220000,0.220000,0.600000,0.600000,0.311127,0.330000,1.090153,1
1772477846,811991154,0.050673,-1.597104,2.850780,-1.315085,-0.494475,-1.115849,1,0.163473,0.349996,0.311127,1.027806,0.311127,1.017394,0.277604,0.600000,0.100992,0.128546,0.167237,0.262358,0.169304,0.261029,0.169304,0.220000,1,5.084716,0.174570,0.159904,0.220000,0.220000,0.600000,0.600000,0.311127,0.330000,1.079110,1
1772477846,836996385,0.047130,-1.601982,2.860159,-1.309097,-0.493768,-1.106470,1,0.162015,0.350693,0.311127,1.017394,0.311127,1.008552,0.279552,0.600000,0.100419,0.127141,0.169304,0.261029,0.172479,0.258942,0.172479,0.220000,1,5.044065,0.176638,0.161971,0.220000,0.220000,0.600000,0.600000,0.311127,0.330000,1.069730,1
1772477846,887151921,0.039508,-1.604677,2.878376,-1.301946,-0.497538,-1.088252,1,0.160979,0.345984,0.311127,1.008552,0.311127,0.992724,0.280758,0.600000,0.099818,0.126296,0.172479,0.258942,0.174428,0.257634,0.174428,0.220000,1,5.018578,0.179813,0.165146,0.220000,0.220000,0.600000,0.600000,0.311127,0.330000,1.052942,1
1772477846,912167244,0.036711,-1.608873,2.886344,-1.296966,-0.496746,-1.080285,1,0.160428,0.354948,0.311127,0.992724,0.311127,0.986423,0.282506,0.600000,0.100930,0.124700,0.174428,0.257634,0.177228,0.255715,0.177228,0.220000,1,4.981214,0.181761,0.167094,0.220000,0.220000,0.600000,0.600000,0.311127,0.330000,1.046259,1
1772477846,937379375,0.034205,-1.609171,2.895810,-1.295046,-0.498384,-1.070818,1,0.160580,0.429078,0.311127,0.986423,0.311127,0.977498,0.283259,0.600000,0.101278,0.124614,0.177228,0.255715,0.178425,0.254881,0.178425,0.220000,1,4.964962,0.184561,0.169894,0.220000,0.220000,0.600000,0.600000,0.311127,0.330000,1.036793,1
1772477846,987566386,0.028625,-1.615741,2.914316,-1.286434,-0.498025,-1.052313,1,0.160966,0.332424,0.311127,0.977498,0.311127,0.961494,0.286553,0.600000,0.102845,0.123827,0.178425,0.254881,0.183610,0.251172,0.183610,0.220000,1,4.892709,0.185759,0.171092,0.220000,0.220000,0.600000,0.600000,0.311127,0.330000,1.019818,1
1772477847,12491739,0.024286,-1.619010,2.923463,-1.281089,-0.498994,-1.043165,1,0.161646,0.339466,0.311127,0.961494,0.311127,0.952870,0.287639,0.600000,0.105491,0.122479,0.183610,0.251172,0.185300,0.249928,0.185300,0.220000,1,4.868477,0.190943,0.176277,0.220000,0.220000,0.600000,0.600000,0.311127,0.330000,1.010671,1
1772477847,37688870,0.020763,-1.620816,2.932863,-1.277371,-0.500357,-1.033765,1,0.161766,0.351007,0.311127,0.952870,0.311127,0.945403,0.288544,0.600000,0.105338,0.122769,0.185300,0.249928,0.186702,0.248882,0.186702,0.220000,1,4.848105,0.192633,0.177967,0.220000,0.220000,0.600000,0.600000,0.311127,0.330000,1.002751,1
1772477847,87752847,0.016993,-1.627022,2.949454,-1.270255,-0.498916,-1.017175,1,0.164274,0.331897,0.311127,0.945403,0.311127,0.930804,0.292030,0.600000,0.107869,0.123897,0.186702,0.248882,0.192046,0.244782,0.192046,0.220000,1,4.768238,0.194036,0.179369,0.220000,0.220000,0.600000,0.600000,0.311127,0.330000,0.987267,1
1772477847,112816341,0.012797,-1.630325,2.957870,-1.264981,-0.499757,-1.008759,1,0.166229,0.326668,0.311127,0.930804,0.311127,0.922869,0.293052,0.600000,0.110828,0.123892,0.192046,0.244782,0.193596,0.243558,0.193596,0.220000,1,4.744391,0.199380,0.184713,0.220000,0.220000,0.600000,0.600000,0.311127,0.330000,0.978851,1
1772477847,137859444,0.009557,-1.633723,2.966957,-1.260286,-0.499831,-0.999672,1,0.166979,0.355773,0.311127,0.922869,0.311127,0.915364,0.294547,0.600000,0.111788,0.124038,0.193596,0.243558,0.195852,0.241748,0.195852,0.220000,1,4.709137,0.200930,0.186263,0.220000,0.220000,0.600000,0.600000,0.311127,0.330000,0.970890,1
1772477847,188076215,0.003795,-1.637671,2.984918,-1.253702,-0.500836,-0.979215,1,0.170649,0.356389,0.311127,0.915364,0.311127,0.896077,0.297435,0.600000,0.114892,0.126178,0.195852,0.241748,0.200169,0.238186,0.200169,0.220000,1,4.639743,0.203185,0.188518,0.220000,0.220000,0.600000,0.600000,0.311127,0.330000,0.950433,1
1772477847,213209042,0.000228,-1.640699,2.994403,-1.249056,-0.501390,-0.969730,1,0.174574,0.357628,0.311127,0.896077,0.311127,0.888345,0.298750,0.600000,0.119442,0.127318,0.200169,0.238186,0.202117,0.236535,0.202117,0.220000,1,4.607581,0.207502,0.192836,0.220000,0.220000,0.600000,0.600000,0.311127,0.330000,0.942232,1
1772477847,238203239,-0.002909,-1.643576,3.003621,-1.244813,-0.501731,-0.960512,1,0.176970,0.358707,0.311127,0.888345,0.311127,0.879654,0.300116,0.600000,0.120863,0.129269,0.202117,0.236535,0.204131,0.234799,0.204131,0.220000,1,4.573774,0.209451,0.194784,0.220000,0.220000,0.600000,0.600000,0.311127,0.330000,0.933014,1
1772477847,288422645,-0.010087,-1.648985,3.022908,-1.235965,-0.503312,-0.941225,1,0.182002,0.374895,0.311127,0.879654,0.311127,0.862533,0.302541,0.600000,0.125074,0.132217,0.204131,0.234799,0.207680,0.231665,0.207680,0.220000,1,4.512731,0.211464,0.196798,0.220000,0.220000,0.600000,0.600000,0.311127,0.330000,0.914854,1
1772477847,313407507,-0.013513,-1.651626,3.032381,-1.231699,-0.504026,-0.931752,1,0.187691,0.382079,0.311127,0.862533,0.311127,0.854420,0.303756,0.600000,0.130843,0.134566,0.207680,0.231665,0.209446,0.230070,0.209446,0.220000,1,4.481657,0.215014,0.200347,0.220000,0.220000,0.600000,0.600000,0.311127,0.330000,0.906249,1
1772477847,338586994,-0.017160,-1.655022,3.041837,-1.226728,-0.504388,-0.922296,1,0.192013,0.373261,0.311127,0.854420,0.311127,0.845504,0.305142,0.600000,0.133449,0.138060,0.209446,0.230070,0.211451,0.228229,0.211451,0.220000,1,4.445798,0.216780,0.202113,0.220000,0.220000,0.600000,0.600000,0.311127,0.330000,0.896793,1
1772477847,388619531,-0.023755,-1.661497,3.060597,-1.217605,-0.505256,-0.902083,1,0.201139,0.384583,0.311127,0.845504,0.311127,0.827446,0.308023,0.600000,0.140416,0.144014,0.211451,0.228229,0.215588,0.224325,0.215588,0.220000,1,4.369752,0.218784,0.204117,0.220000,0.220000,0.600000,0.600000,0.311127,0.330000,0.877639,1
1772477847,413813850,-0.028747,-1.665122,3.070176,-1.211551,-0.506439,-0.892505,1,0.207417,0.424260,0.311127,0.827446,0.311127,0.819402,0.309033,0.600000,0.147136,0.146195,0.215588,0.224325,0.217028,0.222932,0.217028,0.220000,1,4.342612,0.220000,0.208255,0.220000,0.216992,0.600000,0.600000,0.311127,0.330000,0.869107,1
1772477847,438774470,-0.031479,-1.669161,3.080685,-1.206733,-0.505686,-0.881995,1,0.213603,0.426159,0.311127,0.819402,0.311127,0.809493,0.311084,0.600000,0.151628,0.150451,0.217028,0.222932,0.219940,0.220060,0.219940,0.220000,1,4.286667,0.220000,0.209695,0.220000,0.215599,0.600000,0.600000,0.311127,0.330000,0.858597,1
1772477847,488983758,-0.038633,-1.675398,3.102874,-1.197046,-0.507595,-0.860165,1,0.220558,0.433638,0.311127,0.809493,0.311127,0.789636,0.308559,0.600000,0.157133,0.154774,0.219940,0.220060,0.223588,0.216352,0.220000,0.216352,1,4.214444,0.220000,0.212607,0.220000,0.212727,0.600000,0.600000,0.311127,0.330000,0.837535,1
1772477847,514091769,-0.042597,-1.679510,3.114606,-1.189619,-0.514115,-0.850922,1,0.221290,0.439660,0.311127,0.789636,0.311127,0.781689,0.310128,0.600000,0.160225,0.152634,0.223588,0.216352,0.221405,0.218586,0.220000,0.218586,1,4.257944,0.220000,0.216255,0.220000,0.209019,0.600000,0.600000,0.311127,0.330000,0.829106,1
1772477847,539191975,-0.047155,-1.683108,3.126094,-1.183883,-0.515015,-0.839433,1,0.225813,0.439150,0.311127,0.781689,0.311127,0.771697,0.308699,0.600000,0.162365,0.156937,0.221405,0.218586,0.223394,0.216552,0.220000,0.216552,1,4.218339,0.220000,0.214072,0.220000,0.211252,0.600000,0.600000,0.311127,0.330000,0.818509,1
1772477847,589357382,-0.055969,-1.688205,-3.134385,-1.174155,-0.518021,-0.816727,1,0.227578,0.443182,0.311127,0.771697,0.311127,0.750971,0.306464,0.751697,0.164422,0.157343,0.223394,0.216552,0.226451,0.213354,0.220000,0.213354,1,4.156040,0.220000,0.216061,0.220000,0.209219,0.600000,0.600000,0.311127,0.330000,0.796525,1
1772477847,614379966,-0.059835,-1.693764,-3.123636,-1.167047,-0.516820,-0.806030,1,0.231794,0.457592,0.311127,0.750971,0.311127,0.740886,0.304127,0.600000,0.168121,0.159573,0.226451,0.213354,0.229580,0.209984,0.220000,0.209984,1,4.090379,0.220000,0.219117,0.220000,0.206021,0.600000,0.600000,0.311127,0.330000,0.785828,1
1772477847,639412458,-0.063722,-1.697220,-3.112082,-1.158983,-0.515449,-0.794844,1,0.236815,0.489337,0.311127,0.740886,0.311127,0.730927,0.301611,0.600000,0.173061,0.161652,0.229580,0.209984,0.232875,0.206323,0.220000,0.206323,1,4.019069,0.220000,0.220000,0.217317,0.202650,0.600000,0.600000,0.311127,0.330000,0.775265,1
1772477847,689599922,-0.071544,-1.705372,-3.087656,-1.147687,-0.515657,-0.770419,1,0.238608,0.470951,0.311127,0.730927,0.311127,0.708602,0.297701,0.710927,0.176272,0.160816,0.232875,0.206323,0.237853,0.200565,0.220000,0.200565,1,3.906904,0.220000,0.220000,0.213656,0.198989,0.600000,0.600000,0.311127,0.330000,0.751586,1
1772477847,714668072,-0.075842,-1.710287,-3.075229,-1.141160,-0.515474,-0.757991,1,0.243836,0.495095,0.311127,0.708602,0.311127,0.697500,0.295560,0.600000,0.182321,0.161911,0.237853,0.200565,0.240509,0.197371,0.220000,0.197371,1,3.844701,0.220000,0.220000,0.207898,0.193231,0.600000,0.600000,0.311127,0.330000,0.739810,1
1772477847,739851826,-0.079630,-1.714489,-3.062845,-1.135503,-0.515401,-0.745607,1,0.250284,0.513160,0.311127,0.697500,0.311127,0.686269,0.293483,0.600000,0.187966,0.165261,0.240509,0.197371,0.243039,0.194248,0.220000,0.194248,1,3.783853,0.220000,0.220000,0.204705,0.190038,0.600000,0.600000,0.311127,0.330000,0.727899,1
1772477847,789881364,-0.087503,-1.723590,-3.037195,-1.122398,-0.519432,-0.721083,1,0.253003,0.512392,0.311127,0.686269,0.311127,0.663726,0.291390,0.666269,0.191743,0.165061,0.243039,0.194248,0.245545,0.191070,0.220000,0.191070,1,3.721960,0.220000,0.220000,0.201581,0.186914,0.600000,0.600000,0.311127,0.330000,0.703988,1
1772477847,814908960,-0.091916,-1.727804,-3.024078,-1.116308,-0.519816,-0.707966,1,0.259405,0.536139,0.311127,0.663726,0.311127,0.651888,0.289413,0.600000,0.197571,0.168098,0.245545,0.191070,0.247871,0.188042,0.220000,0.188042,1,3.662978,0.220000,0.220000,0.198404,0.183737,0.600000,0.600000,0.311127,0.330000,0.691432,1
1772477847,840093684,-0.096419,-1.733442,-3.011490,-1.109111,-0.519302,-0.695378,1,0.267329,0.572193,0.311127,0.651888,0.311127,0.640021,0.287076,0.600000,0.204435,0.172253,0.247871,0.188042,0.250574,0.184426,0.220000,0.184426,1,3.592527,0.220000,0.220000,0.195376,0.180709,0.600000,0.600000,0.311127,0.330000,0.678844,1
1772477847,890232868,-0.105402,-1.741195,-2.983342,-1.097321,-0.520645,-0.667229,1,0.271525,0.558380,0.311127,0.640021,0.311127,0.614274,0.283111,0.620021,0.208291,0.174186,0.250574,0.184426,0.255045,0.178191,0.220000,0.178191,1,3.471076,0.220000,0.220000,0.191759,0.177092,0.600000,0.600000,0.311127,0.330000,0.651536,1
1772477847,915234219,-0.109416,-1.747352,-2.969713,-1.089990,-0.519582,-0.653904,1,0.279035,0.589307,0.311127,0.614274,0.311127,0.601711,0.280402,0.600000,0.215608,0.177126,0.255045,0.178191,0.258021,0.173854,0.220000,0.173854,1,3.386594,0.220000,0.220000,0.185524,0.170858,0.600000,0.594274,0.311127,0.330000,0.638211,1
1772477847,940372092,-0.114192,-1.752556,-2.955533,-1.082320,-0.520756,-0.641915,1,0.282358,0.594403,0.311127,0.601711,0.311127,0.590828,0.278997,0.590828,0.221365,0.175282,0.258021,0.173854,0.259539,0.171579,0.220000,0.171579,1,3.342280,0.220000,0.220000,0.181187,0.166521,0.600000,0.581711,0.311127,0.330000,0.626668,1
1772477847,990461090,-0.121873,-1.762904,-2.925607,-1.069503,-0.519413,-0.611989,1,0.280363,0.652141,0.311127,0.590828,0.311127,0.562886,0.274548,0.570828,0.221887,0.171376,0.259539,0.171579,0.265317,0.162502,0.220000,0.164246,1,3.165453,0.220000,0.220000,0.178912,0.164246,0.600000,0.570828,0.311127,0.330000,0.597031,1
1772477848,15613834,-0.127624,-1.768347,-2.910719,-1.061604,-0.519967,-0.597102,1,0.276538,0.596771,0.311127,0.562886,0.311127,0.549178,0.271377,0.549178,0.221358,0.165752,0.265317,0.162502,0.267497,0.158888,0.220000,0.158888,1,3.095067,0.220000,0.220000,0.169835,0.155168,0.582886,0.542886,0.311127,0.330000,0.582491,1
1772477848,40593680,-0.131625,-1.774289,-2.896599,-1.054522,-0.518896,-0.582982,1,0.271322,0.567216,0.311127,0.549178,0.311127,0.536175,0.268621,0.536175,0.221156,0.157180,0.267497,0.158888,0.270264,0.154134,0.220000,0.154134,1,3.002449,0.220000,0.220000,0.166222,0.151555,0.569178,0.529178,0.311127,0.330000,0.568699,1
1772477848,90790995,-0.140747,-1.785116,-2.868531,-1.045594,-0.518766,-0.555993,1,0.267835,0.543691,0.311127,0.536175,0.311127,0.510930,0.264481,0.516175,0.220838,0.151545,0.270264,0.154134,0.274440,0.146569,0.220000,0.146800,1,2.855100,0.220000,0.220000,0.161467,0.146800,0.556175,0.516175,0.311127,0.330000,0.541923,1
1772477848,115793609,-0.145062,-1.791361,-2.855433,-1.038074,-0.517728,-0.542895,1,0.265103,0.528825,0.311127,0.510930,0.311127,0.498801,0.261848,0.498801,0.221193,0.146128,0.274440,0.146569,0.276831,0.142002,0.220000,0.142002,1,2.766135,0.220000,0.220000,0.153903,0.139236,0.530930,0.490930,0.311127,0.330000,0.529059,1
1772477848,140856272,-0.150492,-1.797116,-2.842565,-1.030163,-0.517844,-0.530027,1,0.264089,0.513740,0.311127,0.498801,0.311127,0.486669,0.259930,0.486669,0.220544,0.145271,0.276831,0.142002,0.278633,0.138432,0.220000,0.138432,1,2.696597,0.220000,0.220000,0.149336,0.134669,0.518801,0.478801,0.311127,0.330000,0.516191,1
1772477848,191087672,-0.158617,-1.806252,-2.817336,-1.017938,-0.517662,-0.504797,1,0.260867,0.491487,0.311127,0.486669,0.311127,0.463210,0.256100,0.466669,0.220445,0.139483,0.278633,0.138432,0.282176,0.131061,0.220000,0.131099,1,2.552997,0.220000,0.220000,0.145766,0.131099,0.506669,0.466669,0.311127,0.330000,0.491309,1
1772477848,216153821,-0.162620,-1.810903,-2.804607,-1.010693,-0.517655,-0.492084,1,0.259845,0.496271,0.311127,0.463210,0.311127,0.451224,0.254212,0.451224,0.220580,0.137347,0.282176,0.131061,0.283860,0.127372,0.220000,0.127372,1,2.481153,0.220000,0.220000,0.138394,0.123727,0.483210,0.443210,0.311127,0.330000,0.478595,1
1772477848,241073768,-0.166880,-1.814961,-2.792761,-0.996494,-0.519431,-0.480357,1,0.256144,0.468930,0.311127,0.451224,0.311127,0.440386,0.253233,0.440386,0.220663,0.130067,0.283860,0.127372,0.284734,0.125406,0.220000,0.125406,1,2.442853,0.220000,0.220000,0.134706,0.120039,0.471224,0.431224,0.311127,0.330000,0.467100,1
1772477848,291196188,-0.175456,-1.826221,-2.770995,-0.982397,-0.518149,-0.458591,1,0.254119,0.453003,0.311127,0.440386,0.311127,0.419912,0.249682,0.420386,0.220760,0.125863,0.284734,0.125406,0.287924,0.117898,0.220000,0.118073,1,2.296591,0.220000,0.220000,0.132740,0.118073,0.460386,0.420386,0.311127,0.330000,0.445384,1
1772477848,316283861,-0.179863,-1.831045,-2.759582,-0.975863,-0.518141,-0.447178,1,0.253063,0.466740,0.311127,0.419912,0.311127,0.409179,0.248022,0.409179,0.220229,0.124661,0.287924,0.117898,0.289284,0.114521,0.220000,0.114521,1,2.230807,0.220000,0.220000,0.125231,0.110564,0.439912,0.399912,0.311127,0.330000,0.434000,1
1772477848,341360406,-0.183851,-1.835291,-2.748688,-0.970039,-0.518213,-0.436284,1,0.249106,0.407066,0.311127,0.409179,0.311127,0.398903,0.246578,0.398903,0.220122,0.116620,0.289284,0.114521,0.290516,0.111359,0.220000,0.111359,1,2.169212,0.220000,0.220000,0.121854,0.107187,0.429179,0.389179,0.311127,0.330000,0.423100,1
1772477848,391414526,-0.192059,-1.846323,-2.728219,-0.957632,-0.515704,-0.409483,1,0.247665,0.390707,0.311127,0.398903,0.311127,0.373601,0.243354,0.378903,0.220574,0.112629,0.290516,0.111359,0.294226,0.101150,0.220000,0.104025,1,1.970345,0.220000,0.220000,0.118692,0.104025,0.418903,0.378903,0.311127,0.330000,0.396264,1
1772477848,416473305,-0.196522,-1.849684,-2.718142,-0.952133,-0.516690,-0.399406,1,0.246705,0.394174,0.311127,0.373601,0.311127,0.364101,0.241248,0.364101,0.220421,0.110807,0.294226,0.101150,0.294957,0.098998,0.220000,0.098998,1,1.928431,0.220000,0.220000,0.108483,0.093816,0.393601,0.353601,0.311127,0.330000,0.386188,1
1772477848,441497816,-0.201371,-1.856099,-2.708652,-0.944132,-0.515881,-0.389917,1,0.243109,0.381360,0.311127,0.364101,0.311127,0.355090,0.239783,0.355090,0.220039,0.103367,0.294957,0.098998,0.296149,0.095373,0.220000,0.095373,1,1.857819,0.220000,0.220000,0.106331,0.091664,0.384101,0.344101,0.311127,0.330000,0.376630,1
1772477848,491604362,-0.208935,-1.863343,-2.687962,-0.933621,-0.516079,-0.369221,1,0.240520,0.363939,0.311127,0.355090,0.311127,0.335469,0.237424,0.335469,0.220219,0.096713,0.296149,0.095373,0.298043,0.089276,0.220000,0.089276,1,1.739049,0.220000,0.220000,0.102706,0.088040,0.375090,0.335090,0.311127,0.330000,0.355819,1
1772477848,516643125,-0.212285,-1.868693,-2.678742,-0.926933,-0.511280,-0.359955,1,0.240290,0.358622,0.311127,0.335469,0.311127,0.326617,0.234807,0.326617,0.220800,0.094800,0.298043,0.089276,0.300110,0.082062,0.220000,0.082062,1,1.598533,0.220000,0.220000,0.096609,0.081942,0.355469,0.315469,0.311127,0.330000,0.346429,1
1772477848,541696266,-0.217479,-1.873874,-2.669918,-0.919603,-0.511563,-0.351132,1,0.237722,0.314325,0.311127,0.326617,0.311127,0.318145,0.233951,0.318145,0.220825,0.088024,0.300110,0.082062,0.300777,0.079580,0.220000,0.079580,1,1.550173,0.220000,0.220000,0.089396,0.074729,0.346617,0.306617,0.311127,0.330000,0.337443,1
1772477848,591844741,-0.223273,-1.882980,-2.654407,-0.908986,-0.509616,-0.335620,1,0.234283,0.349228,0.311127,0.318145,0.311127,0.303306,0.231790,0.303306,0.219646,0.081513,0.300777,0.079580,0.302446,0.072983,0.220000,0.072983,1,1.421672,0.220000,0.220000,0.086913,0.072246,0.338145,0.298145,0.311127,0.330000,0.321704,1
1772477848,616825865,-0.227969,-1.888275,-2.645696,-0.901818,-0.509429,-0.327020,1,0.233760,0.328543,0.311127,0.303306,0.311127,0.294992,0.230903,0.294992,0.220183,0.078508,0.302446,0.072983,0.303123,0.070115,0.220000,0.070115,1,1.365813,0.220000,0.220000,0.080316,0.065650,0.323306,0.283306,0.311127,0.330000,0.312886,1
1772477848,641864822,-0.231009,-1.891973,-2.637904,-0.896179,-0.508887,-0.320242,1,0.231992,0.314959,0.311127,0.294992,0.311127,0.288602,0.230118,0.288602,0.220617,0.071751,0.303123,0.070115,0.303720,0.067485,0.220000,0.067485,1,1.314578,0.220000,0.220000,0.077449,0.062782,0.314992,0.274992,0.311127,0.330000,0.306108,1
1772477848,691972191,-0.238862,-1.900859,-2.621709,-0.884323,-0.508613,-0.304047,1,0.230906,0.301672,0.311127,0.288602,0.311127,0.273093,0.228610,0.273093,0.220200,0.069493,0.303720,0.067485,0.304857,0.062148,0.220000,0.062148,1,1.210608,0.220000,0.220000,0.074818,0.060152,0.308602,0.268602,0.311127,0.330000,0.289659,1
1772477848,716992843,-0.243221,-1.905056,-2.614558,-0.878283,-0.508961,-0.296895,1,0.229873,0.303889,0.311127,0.273093,0.311127,0.266029,0.228090,0.266029,0.219983,0.066701,0.304857,0.062148,0.305246,0.060208,0.220000,0.060208,1,1.172817,0.220000,0.220000,0.069481,0.054814,0.293093,0.253093,0.311127,0.330000,0.282166,1
1772477848,742020372,-0.246328,-1.910378,-2.607136,-0.872309,-0.507608,-0.289793,1,0.228137,0.271545,0.311127,0.266029,0.311127,0.259030,0.227189,0.259030,0.219806,0.061091,0.305246,0.060208,0.305917,0.056698,0.220000,0.056698,1,1.104452,0.220000,0.220000,0.067541,0.052874,0.286029,0.246029,0.311127,0.330000,0.274743,1
1772477848,792076985,-0.253858,-1.918616,-2.592642,-0.861616,-0.507398,-0.278661,1,0.228185,0.278543,0.311127,0.259030,0.311127,0.248213,0.226281,0.248213,0.220197,0.059846,0.305917,0.056698,0.306589,0.052944,0.220000,0.052944,1,1.031333,0.220000,0.220000,0.064031,0.049365,0.279030,0.239030,0.311127,0.330000,0.263270,1
1772477848,817146972,-0.258135,-1.923607,-2.586203,-0.855047,-0.507171,-0.272222,1,0.227407,0.257437,0.311127,0.248213,0.311127,0.242143,0.225758,0.242143,0.220370,0.056134,0.306589,0.052944,0.306974,0.050664,0.220000,0.050664,1,0.986907,0.220000,0.220000,0.060278,0.045611,0.268213,0.228213,0.311127,0.330000,0.256831,1
1772477848,842205389,-0.261174,-1.926914,-2.579787,-0.850409,-0.507214,-0.265779,1,0.226594,0.238348,0.311127,0.242143,0.311127,0.235634,0.225317,0.235634,0.220438,0.052457,0.306974,0.050664,0.307299,0.048658,0.220000,0.048658,1,0.947834,0.220000,0.220000,0.057997,0.043330,0.262143,0.222143,0.311127,0.330000,0.249928,1
1772477848,892184581,-0.269244,-1.934694,-2.566574,-0.837637,-0.508364,-0.252267,1,0.225607,0.255544,0.311127,0.235634,0.311127,0.222483,0.224633,0.222483,0.220026,0.049868,0.307299,0.048658,0.307798,0.045389,0.220000,0.045389,1,0.884155,0.220000,0.220000,0.055991,0.041325,0.255634,0.215634,0.311127,0.330000,0.235978,1
1772477848,917272768,-0.272890,-1.939066,-2.559876,-0.831951,-0.508089,-0.245570,1,0.225119,0.238301,0.311127,0.222483,0.311127,0.215771,0.224159,0.215771,0.219971,0.047867,0.307798,0.045389,0.308144,0.042982,0.220000,0.042982,1,0.837262,0.220000,0.220000,0.052722,0.038056,0.242483,0.202483,0.311127,0.330000,0.228859,1
1772477848,942298259,-0.277335,-1.944285,-2.554292,-0.825472,-0.507709,-0.239834,1,0.224626,0.228916,0.311127,0.215771,0.311127,0.210363,0.223743,0.210363,0.220134,0.044699,0.308144,0.042982,0.308446,0.040757,0.220000,0.040757,1,0.793930,0.220000,0.220000,0.050315,0.035648,0.235771,0.195771,0.311127,0.330000,0.223123,1
1772477848,992321260,-0.284278,-1.952619,-2.543937,-0.819107,-0.505726,-0.227656,1,0.224451,0.202391,0.311127,0.210363,0.311127,0.198331,0.222772,0.198331,0.220417,0.042362,0.308446,0.040757,0.309148,0.035032,0.220000,0.035032,1,0.682397,0.220000,0.220000,0.048090,0.033424,0.230363,0.190363,0.311127,0.330000,0.210362,1
1772477849,17405152,-0.288828,-1.955143,-2.538002,-0.814167,-0.507356,-0.221721,1,0.223719,0.197627,0.311127,0.198331,0.311127,0.192192,0.222712,0.192192,0.220133,0.039898,0.309148,0.035032,0.309191,0.034651,0.220000,0.034651,1,0.674994,0.220000,0.220000,0.042365,0.027698,0.218331,0.178331,0.311127,0.330000,0.203851,1
1772477849,42451157,-0.292137,-1.959451,-2.533056,-0.808384,-0.506867,-0.216628,1,0.222475,0.205887,0.311127,0.192192,0.311127,0.187391,0.222390,0.187391,0.219809,0.034334,0.309191,0.034651,0.309423,0.032519,0.220000,0.032519,1,0.633454,0.220000,0.220000,0.041985,0.027318,0.212192,0.172192,0.311127,0.330000,0.198758,1
1772477849,67510411,-0.296253,-1.963887,-2.527294,-0.797661,-0.506878,-0.209011,1,0.222833,0.181630,0.311127,0.187391,0.311127,0.179747,0.222035,0.179747,0.220214,0.034065,0.309423,0.032519,0.309678,0.029990,0.220000,0.029990,1,0.584197,0.220000,0.220000,0.039852,0.025186,0.207391,0.167391,0.311127,0.330000,0.190651,1
1772477849,117492316,-0.304227,-1.971659,-2.517124,-0.786540,-0.507443,-0.198841,1,0.222397,0.184418,0.311127,0.179747,0.311127,0.169484,0.221672,0.169484,0.220082,0.032003,0.309678,0.029990,0.309938,0.027178,0.220000,0.027178,1,0.529415,0.220000,0.220000,0.037324,0.022657,0.199747,0.159747,0.311127,0.330000,0.179765,1
1772477849,142570016,-0.308221,-1.976325,-2.512626,-0.780491,-0.507192,-0.194203,1,0.221939,0.181367,0.311127,0.169484,0.311127,0.164412,0.221460,0.164412,0.219953,0.029620,0.309938,0.027178,0.310089,0.025392,0.220000,0.025392,1,0.494621,0.220000,0.220000,0.034511,0.019845,0.189484,0.149484,0.311127,0.330000,0.174385,1
1772477849,192546572,-0.316686,-1.985030,-2.503488,-0.769561,-0.507344,-0.183131,1,0.221429,0.174797,0.311127,0.164412,0.311127,0.153427,0.221087,0.153427,0.219832,0.026542,0.310089,0.025392,0.310356,0.021896,0.220000,0.021896,1,0.426518,0.220000,0.220000,0.032725,0.018059,0.184412,0.144412,0.311127,0.330000,0.162734,1
1772477849,217639407,-0.320044,-1.988827,-2.499620,-0.764494,-0.507215,-0.179263,1,0.220862,0.166774,0.311127,0.153427,0.311127,0.149008,0.220951,0.149008,0.219456,0.024882,0.310356,0.021896,0.310452,0.020476,0.220000,0.020476,1,0.398862,0.220000,0.220000,0.029229,0.014562,0.173427,0.133427,0.311127,0.330000,0.158047,1
1772477849,242715500,-0.323684,-1.992521,-2.494780,-0.759310,-0.507362,-0.174423,1,0.220737,0.169948,0.311127,0.149008,0.311127,0.144445,0.220820,0.144445,0.219671,0.021669,0.310452,0.020476,0.310546,0.019010,0.220000,0.019010,1,0.370310,0.220000,0.220000,0.027809,0.013143,0.169008,0.129008,0.311127,0.330000,0.153207,1
1772477849,267642657,-0.328554,-1.995574,-2.490709,-0.753983,-0.508634,-0.170345,1,0.220706,0.163389,0.311127,0.144445,0.311127,0.139743,0.220805,0.139743,0.219803,0.019943,0.310546,0.019010,0.310556,0.018839,0.220000,0.018839,1,0.366968,0.220000,0.220000,0.026344,0.011677,0.164445,0.124445,0.311127,0.330000,0.148220,1
1772477849,317745106,-0.337156,-2.004300,-2.482401,-0.745349,-0.505563,-0.161918,1,0.220751,0.154574,0.311127,0.139743,0.311127,0.131099,0.220392,0.131099,0.219959,0.018673,0.310556,0.018839,0.310849,0.013138,0.220000,0.013138,1,0.255918,0.220000,0.220000,0.026172,0.011505,0.159743,0.119743,0.311127,0.330000,0.139051,1
1772477849,342810132,-0.340619,-2.007668,-2.478845,-0.740524,-0.505803,-0.158361,1,0.220974,0.143284,0.311127,0.131099,0.311127,0.127746,0.220336,0.127746,0.220201,0.018460,0.310849,0.013138,0.310889,0.012157,0.220000,0.012157,1,0.236805,0.220000,0.220000,0.020471,0.005804,0.151099,0.111099,0.311127,0.330000,0.135495,1
1772477849,392810317,-0.348455,-2.014996,-2.471838,-0.729784,-0.506708,-0.151386,1,0.220380,0.140995,0.311127,0.127746,0.311127,0.120346,0.220256,0.120346,0.220029,0.012437,0.310889,0.012157,0.310946,0.010610,0.220000,0.010610,1,0.206683,0.220000,0.220000,0.019490,0.004823,0.147746,0.107746,0.311127,0.330000,0.127646,1
1772477849,417802976,-0.352843,-2.017525,-2.468364,-0.724316,-0.510967,-0.148449,1,0.220482,0.131301,0.311127,0.120346,0.311127,0.116571,0.220420,0.116571,0.220174,0.011647,0.310946,0.010610,0.310830,0.013600,0.220000,0.013600,1,0.264926,0.220000,0.220000,0.017944,0.003277,0.140346,0.100346,0.311127,0.330000,0.123642,1
1772477849,442852033,-0.356178,-2.022800,-2.465324,-0.718182,-0.509816,-0.145409,1,0.220490,0.124196,0.311127,0.116571,0.311127,0.112779,0.220297,0.112779,0.220271,0.009816,0.310830,0.013600,0.310917,0.011427,0.220000,0.011427,1,0.222596,0.220000,0.220000,0.020934,0.006267,0.136571,0.096571,0.311127,0.330000,0.119620,1
1772477849,492875845,-0.365267,-2.029662,-2.459032,-0.706968,-0.511798,-0.139117,1,0.220706,0.111107,0.311127,0.112779,0.311127,0.106008,0.220279,0.106008,0.220348,0.012567,0.310917,0.011427,0.310930,0.011074,0.220000,0.011074,1,0.215715,0.220000,0.220000,0.018761,0.004094,0.132779,0.092779,0.311127,0.330000,0.112439,1
1772477849,517912204,-0.368966,-2.032674,-2.456541,-0.702243,-0.512457,-0.136626,1,0.220129,0.137897,0.311127,0.106008,0.311127,0.103659,0.220265,0.103659,0.219845,0.011165,0.310930,0.011074,0.310939,0.010804,0.220000,0.010804,1,0.210456,0.220000,0.220000,0.018407,0.003741,0.126008,0.086008,0.311127,0.330000,0.109947,1
1772477849,542927008,-0.372585,-2.036899,-2.454127,-0.696768,-0.511995,-0.133805,1,0.220267,0.112292,0.311127,0.103659,0.311127,0.099831,0.220199,0.099831,0.220005,0.010750,0.310939,0.010804,0.310986,0.009353,0.220000,0.009353,1,0.182186,0.220000,0.220000,0.018137,0.003471,0.123659,0.083659,0.311127,0.330000,0.105886,1
1772477849,567964764,-0.377273,-2.040533,-2.451821,-0.692580,-0.508405,-0.123627,1,0.219974,0.102310,0.311127,0.099831,0.311127,0.090235,0.220016,0.090235,0.219737,0.010196,0.310986,0.009353,0.311115,0.002685,0.220000,0.002685,1,0.052302,0.220000,0.220000,0.016686,0.002019,0.119831,0.079831,0.311127,0.330000,0.095709,1
1772477849,617974317,-0.385709,-2.047065,-2.446919,-0.682037,-0.510047,-0.118725,1,0.220356,0.092022,0.311127,0.090235,0.311127,0.084393,0.220013,0.084393,0.220194,0.008439,0.311115,0.002685,0.311117,0.002432,0.220000,0.002432,1,0.047379,0.220000,0.220000,0.010018,-0.004648,0.110235,0.070235,0.311127,0.330000,0.089512,1
1772477849,643032352,-0.389887,-2.052845,-2.444912,-0.674967,-0.509112,-0.116719,1,0.219534,0.088848,0.311127,0.084393,0.311127,0.081512,0.220001,0.081512,0.219524,0.002074,0.311117,0.002432,0.311126,0.000727,0.220000,0.000727,1,0.014164,0.220000,0.220000,0.009766,-0.004901,0.104393,0.064393,0.311127,0.330000,0.086457,1
1772477849,693017990,-0.398694,-2.059187,-2.440630,-0.664308,-0.511154,-0.112437,1,0.220261,0.090628,0.311127,0.081512,0.311127,0.076309,0.220002,0.076309,0.220251,0.002030,0.311126,0.000727,0.311125,0.001020,0.220000,0.001020,1,0.019875,0.220000,0.220000,0.008060,-0.006606,0.101512,0.061512,0.311127,0.330000,0.080937,1
1772477849,718112587,-0.401618,-2.063835,-2.438199,-0.658966,-0.510131,-0.110172,1,0.219891,0.074059,0.311127,0.076309,0.311127,0.072754,0.220001,0.072754,0.219891,0.000000,0.311125,0.001020,0.311126,-0.000808,0.220000,-0.000808,1,-0.015735,0.220000,0.220000,0.008354,-0.006313,0.096309,0.056309,0.311127,0.330000,0.077167,1
1772477849,743081751,-0.405234,-2.065845,-2.435479,-0.655979,-0.512376,-0.111018,1,0.220184,0.064492,0.311127,0.072754,0.311127,0.073551,0.220005,0.073551,0.220179,-0.001529,0.311126,-0.000808,0.311123,0.001486,0.220000,0.001486,1,0.028941,0.220000,0.220000,0.006526,-0.008141,0.092754,0.052754,0.311127,0.330000,0.078012,1
1772477849,793104856,-0.414713,-2.073364,-2.431993,-0.644009,-0.514142,-0.107531,1,0.219906,0.065698,0.311127,0.073551,0.311127,0.068904,0.220007,0.068904,0.219902,-0.001303,0.311123,0.001486,0.311122,0.001696,0.220000,0.001696,1,0.033028,0.220000,0.220000,0.008819,-0.005848,0.093551,0.053551,0.311127,0.330000,0.073084,1
1772477849,818202946,-0.418657,-2.078430,-2.430164,-0.637616,-0.513552,-0.105702,1,0.219975,0.064698,0.311127,0.068904,0.311127,0.065951,0.220000,0.065951,0.219971,0.001304,0.311122,0.001696,0.311127,0.000360,0.220000,0.000360,1,0.007016,0.220000,0.220000,0.009029,-0.005638,0.088904,0.048904,0.311127,0.330000,0.069952,1
1772477849,843195800,-0.422983,-2.080350,-2.428092,-0.633256,-0.515392,-0.103630,1,0.219922,0.055963,0.311127,0.065951,0.311127,0.063997,0.220004,0.063997,0.219922,0.000000,0.311127,0.000360,0.311124,0.001309,0.220000,0.001309,1,0.025492,0.220000,0.220000,0.007693,-0.006973,0.085951,0.045951,0.311127,0.330000,0.067879,1
1772477849,893241478,-0.431404,-2.088440,-2.425939,-0.621594,-0.515996,-0.101478,1,0.219660,0.055713,0.311127,0.063997,0.311127,0.058768,0.220001,0.058768,0.219660,0.000000,0.311124,0.001309,0.311126,0.000811,0.220000,0.000811,1,0.015794,0.220000,0.220000,0.008642,-0.006025,0.083997,0.043997,0.311127,0.330000,0.062333,1
1772477849,918242723,-0.436175,-2.091011,-2.424534,-0.616255,-0.517989,-0.100280,1,0.220806,0.076619,0.311127,0.058768,0.311127,0.057639,0.220010,0.057639,0.220803,0.001114,0.311126,0.000811,0.311120,0.002126,0.220000,0.002126,1,0.041417,0.220000,0.220000,0.008144,-0.006523,0.078768,0.038768,0.311127,0.330000,0.061136,1
1772477849,943285841,-0.439433,-2.095331,-2.423736,-0.605949,-0.524232,-0.104649,1,0.219860,0.065177,0.311127,0.057639,0.311127,0.060152,0.220184,0.060152,0.219843,0.002710,0.311120,0.002126,0.310997,0.008988,0.220000,0.008988,1,0.175085,0.220000,0.220000,0.009460,-0.005207,0.077639,0.037639,0.311127,0.330000,0.063801,1
1772477849,993294850,-0.448787,-2.102738,-2.421796,-0.594157,-0.526047,-0.102709,1,0.220057,0.057648,0.311127,0.060152,0.311127,0.056792,0.220211,0.056792,0.220045,0.002336,0.310997,0.008988,0.310978,0.009637,0.220000,0.009637,1,0.187721,0.220000,0.220000,0.016321,0.001655,0.080152,0.040152,0.311127,0.330000,0.060237,1
1772477850,18353623,-0.453408,-2.105161,-2.420062,-0.589236,-0.527785,-0.100975,1,0.219750,0.064098,0.311127,0.056792,0.311127,0.053408,0.220252,0.053408,0.219565,0.009019,0.310978,0.009637,0.310949,0.010534,0.220000,0.010534,1,0.205204,0.220000,0.220000,0.016970,0.002303,0.076792,0.036792,0.311127,0.330000,0.056648,1
1772477850,43325441,-0.457178,-2.110827,-2.419197,-0.582519,-0.526693,-0.100110,1,0.220744,0.062460,0.311127,0.053408,0.311127,0.050526,0.220182,0.050526,0.220475,0.010892,0.310949,0.010534,0.310998,0.008960,0.220000,0.008960,1,0.174542,0.220000,0.220000,0.017868,0.003201,0.073408,0.033408,0.311127,0.330000,0.053591,1
1772477850,93354052,-0.464276,-2.119863,-2.416860,-0.571068,-0.525746,-0.097773,1,0.220001,0.052046,0.311127,0.050526,0.311127,0.046286,0.220106,0.046286,0.219737,0.010777,0.310998,0.008960,0.311052,0.006846,0.220000,0.006846,1,0.133355,0.220000,0.220000,0.016294,0.001627,0.070526,0.030526,0.311127,0.330000,0.049094,1
1772477850,118435391,-0.468961,-2.123574,-2.414664,-0.565161,-0.526656,-0.095578,1,0.219988,0.048305,0.311127,0.046286,0.311127,0.044216,0.220104,0.044216,0.219804,0.009017,0.311052,0.006846,0.311054,0.006754,0.220000,0.006754,1,0.131564,0.220000,0.220000,0.014179,-0.000487,0.066286,0.026286,0.311127,0.330000,0.046899,1
1772477850,143455731,-0.472274,-2.128514,-2.413344,-0.559286,-0.525722,-0.094258,1,0.220305,0.046241,0.311127,0.044216,0.311127,0.041054,0.220061,0.041054,0.220203,0.006732,0.311054,0.006754,0.311084,0.005190,0.220000,0.005190,1,0.101100,0.220000,0.220000,0.014087,-0.000579,0.064216,0.024216,0.311127,0.330000,0.043545,1
1772477850,193488356,-0.480399,-2.135964,-2.410120,-0.544211,-0.527879,-0.089489,1,0.219952,0.045119,0.311127,0.041054,0.311127,0.032169,0.220057,0.032169,0.219861,0.006320,0.311084,0.005190,0.311087,0.005011,0.220000,0.005011,1,0.097606,0.220000,0.220000,0.012523,-0.002143,0.061054,0.021054,0.311127,0.330000,0.034120,1
1772477850,218514246,-0.484246,-2.139848,-2.409256,-0.538748,-0.528048,-0.088626,1,0.219952,0.035227,0.311127,0.032169,0.311127,0.031355,0.220049,0.031355,0.219891,0.005197,0.311087,0.005011,0.311093,0.004623,0.220000,0.004623,1,0.090056,0.220000,0.220000,0.012344,-0.002323,0.052169,0.012169,0.311127,0.330000,0.033257,1
1772477850,243516246,-0.488026,-2.142800,-2.407379,-0.534010,-0.528802,-0.086748,1,0.219671,0.024638,0.311127,0.031355,0.311127,0.026957,0.220046,0.026957,0.219624,0.004517,0.311093,0.004623,0.311094,0.004505,0.220000,0.004505,1,0.087751,0.220000,0.220000,0.011956,-0.002710,0.051355,0.011355,0.311127,0.330000,0.028592,1
1772477850,268598993,-0.492675,-2.147008,-2.407099,-0.527763,-0.529337,-0.086468,1,0.219649,0.039159,0.311127,0.026957,0.311127,0.026693,0.220048,0.026693,0.219597,0.004785,0.311094,0.004505,0.311093,0.004587,0.220000,0.004587,1,0.089351,0.220000,0.220000,0.011838,-0.002829,0.046957,0.006957,0.311127,0.330000,0.028312,1
1772477850,318561083,-0.501019,-2.155691,-2.405075,-0.515723,-0.529525,-0.084445,1,0.220077,0.028011,0.311127,0.026693,0.311127,0.019691,0.220027,0.019691,0.220032,0.004445,0.311093,0.004587,0.311108,0.003463,0.220000,0.003463,1,0.067462,0.220000,0.220000,0.011920,-0.002746,0.046693,0.006693,0.311127,0.330000,0.020886,1
1772477850,343568878,-0.503632,-2.158573,-2.404278,-0.511833,-0.529473,-0.083647,1,0.220463,0.020405,0.311127,0.019691,0.311127,0.018939,0.220020,0.018939,0.220438,0.003358,0.311108,0.003463,0.311113,0.002938,0.220000,0.002938,1,0.057237,0.220000,0.220000,0.010797,-0.003870,0.039691,-0.000309,0.311127,0.330000,0.020088,1
1772477850,368591680,-0.508382,-2.164301,-2.403588,-0.504404,-0.529045,-0.082957,1,0.220178,0.021989,0.311127,0.018939,0.311127,0.015579,0.220008,0.015579,0.220151,0.003483,0.311113,0.002938,0.311121,0.001881,0.220000,0.001881,1,0.036650,0.220000,0.220000,0.010272,-0.004395,0.038939,-0.001061,0.311127,0.330000,0.016524,1
1772477850,418649988,-0.516603,-2.171665,-2.402649,-0.493412,-0.530043,-0.082018,1,0.219958,0.011088,0.311127,0.015579,0.311127,0.011818,0.220008,0.011818,0.219948,0.002046,0.311121,0.001881,0.311122,0.001847,0.220000,0.001847,1,0.035971,0.220000,0.220000,0.009215,-0.005452,0.035579,-0.004421,0.311127,0.330000,0.012535,1
1772477850,443663446,-0.519719,-2.174025,-2.401265,-0.489561,-0.530715,-0.080634,1,0.220856,0.014030,0.311127,0.011818,0.311127,0.010513,0.220007,0.010513,0.220848,0.001887,0.311122,0.001847,0.311122,0.001802,0.220000,0.001802,1,0.035093,0.220000,0.220000,0.009180,-0.005487,0.031818,-0.008182,0.311127,0.330000,0.011151,1
1772477850,493693306,-0.530368,-2.188078,-2.400252,-0.471941,-0.529055,-0.079629,1,0.219674,0.008077,0.311127,0.010513,0.311127,0.002745,0.220004,0.002745,0.219668,0.001678,0.311122,0.001802,0.311124,-0.001262,0.220000,-0.001262,1,-0.024579,0.220000,0.220000,0.009135,-0.005532,0.030513,-0.009487,0.311127,0.330000,0.002911,1
1772477850,518778210,-0.534869,-2.190635,-2.399407,-0.464660,-0.534298,-0.078997,1,0.220257,-0.008917,0.311127,0.002745,0.311127,-0.001414,0.220020,-0.001414,0.220245,-0.002222,0.311124,-0.001262,0.311113,0.002947,0.220000,0.002947,1,0.057398,0.220000,0.220000,0.006072,-0.008595,0.022745,-0.017255,0.311127,0.330000,-0.001500,1
1772477850,543768700,-0.538520,-2.194955,-2.398937,-0.459010,-0.534027,-0.078528,1,0.219854,-0.009968,0.311127,-0.001414,0.311127,-0.001857,0.220010,-0.001857,0.219829,0.003314,0.311113,0.002947,0.311120,0.002127,0.220000,0.002127,1,0.041442,0.220000,0.220000,0.010280,-0.004387,0.018586,-0.021414,0.311127,0.330000,-0.001969,1
1772477850,568811846,-0.542617,-2.199883,-2.398543,-0.452611,-0.533668,-0.078133,1,0.220024,0.002177,0.311127,-0.001857,0.311127,-0.005919,0.220003,-0.005919,0.220005,0.002907,0.311120,0.002127,0.311125,0.001174,0.220000,0.001174,1,0.022877,0.220000,0.220000,0.009461,-0.005206,0.018143,-0.021857,0.311127,0.330000,-0.006278,1
1772477850,618829823,-0.551185,-2.207592,-2.397713,-0.441130,-0.534687,-0.077303,1,0.219686,-0.007068,0.311127,-0.005919,0.311127,-0.010640,0.220002,-0.010640,0.219686,0.000000,0.311125,0.001174,0.311126,0.000955,0.220000,0.000955,1,0.018612,0.220000,0.220000,0.008508,-0.006159,0.014081,-0.025919,0.311127,0.330000,-0.011286,1
1772477850,643805957,-0.555809,-2.211287,-2.398592,-0.435276,-0.535554,-0.078182,1,0.220209,-0.014895,0.311127,-0.010640,0.311127,-0.014024,0.220005,-0.014024,0.220209,0.000000,0.311126,0.000955,0.311123,0.001553,0.220000,0.001553,1,0.030252,0.220000,0.220000,0.008289,-0.006378,0.009360,-0.030640,0.311127,0.330000,-0.014874,1
1772477850,668874371,-0.559637,-2.216107,-2.399183,-0.429139,-0.535072,-0.078773,1,0.220178,-0.015651,0.311127,-0.014024,0.311127,-0.013466,0.220001,-0.013466,0.220178,0.000000,0.311123,0.001553,0.311126,0.000760,0.220000,0.000760,1,0.014796,0.220000,0.220000,0.008886,-0.005780,0.005976,-0.034024,0.311127,0.330000,-0.014283,1
1772477850,718883071,-0.566797,-2.222123,-2.399180,-0.419858,-0.536213,-0.078770,1,0.219703,-0.018174,0.311127,-0.013466,0.311127,-0.017979,0.220002,-0.017979,0.219703,0.000000,0.311126,0.000760,0.311125,0.000998,0.220000,0.000998,1,0.019444,0.220000,0.220000,0.008093,-0.006574,0.006534,-0.033466,0.311127,0.330000,-0.019069,1
1772477850,743900322,-0.570195,-2.228872,-2.399582,-0.412602,-0.534102,-0.079172,1,0.220273,-0.020818,0.311127,-0.017979,0.311127,-0.022437,0.220005,-0.022437,0.220273,0.000000,0.311125,0.000998,0.311123,-0.001540,0.220000,-0.001540,1,-0.030003,0.220000,0.220000,0.008332,-0.006335,0.002021,-0.037979,0.311127,0.330000,-0.023798,1
1772477850,768930427,-0.574161,-2.231067,-2.398901,-0.408294,-0.535509,-0.078491,1,0.220045,-0.020127,0.311127,-0.022437,0.311127,-0.028276,0.220002,-0.028276,0.220042,0.001147,0.311123,-0.001540,0.311126,-0.000845,0.220000,-0.000845,1,-0.016456,0.220000,0.220000,0.005793,-0.008874,-0.002437,-0.042437,0.311127,0.330000,-0.029991,1
1772477850,818958668,-0.584408,-2.241641,-2.400633,-0.393461,-0.535813,-0.080185,1,0.220648,-0.028743,0.311127,-0.028276,0.311127,-0.032271,0.220005,-0.032271,0.220648,0.000000,0.311126,-0.000845,0.311123,-0.001542,0.220000,-0.001542,1,-0.030038,0.220000,0.220000,0.006489,-0.008178,-0.008276,-0.048276,0.311127,0.330000,-0.034228,1
1772477850,843989870,-0.587990,-2.244926,-2.400894,-0.385071,-0.536429,-0.079214,1,0.219852,-0.033334,0.311127,-0.032271,0.311127,-0.039213,0.220011,-0.039213,0.219852,0.000000,0.311123,-0.001542,0.311119,-0.002175,0.220000,-0.002175,1,-0.042360,0.220000,0.220000,0.005791,-0.008875,-0.012271,-0.052271,0.311127,0.330000,-0.041592,1
1772477850,868955088,-0.592693,-2.250626,-2.401420,-0.377696,-0.535979,-0.079740,1,0.219843,-0.029110,0.311127,-0.039213,0.311127,-0.045225,0.220024,-0.045225,0.219841,-0.001084,0.311119,-0.002175,0.311110,-0.003265,0.220000,-0.003265,1,-0.063600,0.220000,0.220000,0.005159,-0.009508,-0.019213,-0.059213,0.311127,0.330000,-0.047968,1
1772477850,918996535,-0.599698,-2.256098,-2.401646,-0.368916,-0.537367,-0.079966,1,0.219913,-0.045971,0.311127,-0.045225,0.311127,-0.052051,0.220020,-0.052051,0.219882,-0.003726,0.311110,-0.003265,0.311113,-0.002934,0.220000,-0.002934,1,-0.057147,0.220000,0.220000,0.004068,-0.010598,-0.025225,-0.065225,0.311127,0.330000,-0.055208,1
1772477850,944046124,-0.603362,-2.261439,-2.402292,-0.362511,-0.536402,-0.080612,1,0.219731,-0.049166,0.311127,-0.052051,0.311127,-0.051442,0.220045,-0.051442,0.219711,-0.002913,0.311113,-0.002934,0.311095,-0.004426,0.220000,-0.004426,1,-0.086225,0.220000,0.220000,0.004400,-0.010267,-0.032051,-0.072051,0.311127,0.330000,-0.054562,1
1772477850,969139860,-0.608145,-2.265755,-2.403408,-0.356093,-0.536953,-0.081728,1,0.219764,-0.060525,0.311127,-0.051442,0.311127,-0.058017,0.220044,-0.058017,0.219715,-0.004670,0.311095,-0.004426,0.311096,-0.004392,0.220000,-0.004392,1,-0.085549,0.220000,0.220000,0.002907,-0.011760,-0.031442,-0.071442,0.311127,0.330000,-0.061536,1
1772477851,19076931,-0.615409,-2.274509,-2.405766,-0.344737,-0.536291,-0.084086,1,0.220039,-0.058471,0.311127,-0.058017,0.311127,-0.064074,0.220077,-0.064074,0.219990,-0.004662,0.311096,-0.004392,0.311073,-0.005813,0.220000,-0.005813,1,-0.113236,0.220000,0.220000,0.002942,-0.011725,-0.038017,-0.078017,0.311127,0.330000,-0.067960,1
1772477851,44088369,-0.620781,-2.278652,-2.406983,-0.338043,-0.537391,-0.085303,1,0.219911,-0.062785,0.311127,-0.064074,0.311127,-0.071933,0.220065,-0.071933,0.219837,-0.005710,0.311073,-0.005813,0.311081,-0.005366,0.220000,-0.005366,1,-0.104529,0.220000,0.220000,0.001520,-0.013146,-0.044074,-0.084074,0.311127,0.330000,-0.076296,1
1772477851,69217667,-0.624968,-2.281573,-2.408490,-0.333050,-0.538460,-0.086809,1,0.219848,-0.067227,0.311127,-0.071933,0.311127,-0.070513,0.220049,-0.070513,0.219781,-0.005414,0.311081,-0.005366,0.311092,-0.004636,0.220000,-0.004636,1,-0.090315,0.220000,0.220000,0.001967,-0.012699,-0.051933,-0.091933,0.311127,0.330000,-0.074790,1
1772477851,119153042,-0.632750,-2.289859,-2.410198,-0.321683,-0.538496,-0.088518,1,0.220360,-0.071548,0.311127,-0.070513,0.311127,-0.090098,0.220078,-0.090098,0.220304,-0.004987,0.311092,-0.004636,0.311072,-0.005847,0.220000,-0.005847,1,-0.113902,0.220000,0.220000,0.002697,-0.011970,-0.050513,-0.090513,0.311127,0.330000,-0.095564,1
1772477851,144202091,-0.637218,-2.292787,-2.412345,-0.316384,-0.539491,-0.090652,1,0.219887,-0.091333,0.311127,-0.090098,0.311127,-0.088086,0.220060,-0.088086,0.219811,-0.005784,0.311072,-0.005847,0.311084,-0.005141,0.220000,-0.005141,1,-0.100154,0.220000,0.220000,0.001486,-0.013181,-0.070098,-0.110098,0.311127,0.330000,-0.093429,1
1772477851,169165644,-0.641665,-2.294974,-2.413670,-0.308198,-0.532327,-0.091588,1,0.219867,-0.087289,0.311127,-0.088086,0.311127,-0.100092,0.220353,-0.100092,0.219814,-0.004852,0.311084,-0.005141,0.310859,-0.012915,0.220000,-0.012475,1,-0.251578,0.220000,0.220000,0.002192,-0.012475,-0.068086,-0.108086,0.311127,0.330000,-0.106164,1
1772477851,219205729,-0.649254,-2.302919,-2.417620,-0.297212,-0.532449,-0.095538,1,0.220026,-0.096214,0.311127,-0.100092,0.311127,-0.110021,0.220420,-0.110021,0.219657,-0.012738,0.310859,-0.012915,0.310830,-0.013601,0.220000,-0.013601,1,-0.264951,0.220000,0.220000,-0.005582,-0.020248,-0.080092,-0.120092,0.311127,0.330000,-0.116695,1
1772477851,244178684,-0.654238,-2.306851,-2.419439,-0.290936,-0.533407,-0.097357,1,0.220733,-0.095147,0.311127,-0.110021,0.311127,-0.123463,0.220406,-0.123463,0.220408,-0.011962,0.310830,-0.013601,0.310839,-0.013376,0.220000,-0.013376,1,-0.260551,0.220000,0.220000,-0.006268,-0.020935,-0.090021,-0.130021,0.311127,0.330000,-0.130952,1
1772477851,294267922,-0.661408,-2.312835,-2.423120,-0.281669,-0.534563,-0.101038,1,0.220870,-0.124234,0.311127,-0.123463,0.311127,-0.138460,0.220389,-0.138460,0.220475,-0.013198,0.310839,-0.013376,0.310851,-0.013092,0.220000,-0.013092,1,-0.255021,0.220000,0.220000,-0.006042,-0.020709,-0.103463,-0.143463,0.311127,0.330000,-0.146859,1
1772477851,319202239,-0.666236,-2.316478,-2.425490,-0.275711,-0.535605,-0.103408,1,0.220838,-0.137163,0.311127,-0.138460,0.311127,-0.136226,0.220367,-0.136226,0.220443,-0.013199,0.310851,-0.013092,0.310867,-0.012720,0.220000,-0.012720,1,-0.247785,0.220000,0.220000,-0.005758,-0.020425,-0.118460,-0.158460,0.311127,0.330000,-0.144490,1
1772477851,344301228,-0.671794,-2.319184,-2.428500,-0.269940,-0.537820,-0.106418,1,0.220887,-0.150042,0.311127,-0.136226,0.311127,-0.153732,0.220280,-0.153732,0.220464,-0.013677,0.310867,-0.012720,0.310929,-0.011102,0.220000,-0.011102,1,-0.216264,0.220000,0.220000,-0.005387,-0.020054,-0.116226,-0.156226,0.311127,0.330000,-0.163057,1
1772477851,369121559,-0.675329,-2.323697,-2.432941,-0.264228,-0.537322,-0.110859,1,0.219858,-0.143159,0.311127,-0.153732,0.311127,-0.149544,0.220304,-0.149544,0.219587,-0.010905,0.310929,-0.011102,0.310912,-0.011564,0.220000,-0.011564,1,-0.225260,0.220000,0.220000,-0.003769,-0.018435,-0.133732,-0.173732,0.311127,0.330000,-0.158616,1
1772477851,419252231,-0.684027,-2.328362,-2.439447,-0.254882,-0.540494,-0.117365,1,0.220018,-0.151724,0.311127,-0.149544,0.311127,-0.167713,0.220188,-0.167713,0.219723,-0.011376,0.310912,-0.011564,0.310994,-0.009088,0.220000,-0.009088,1,-0.177032,0.220000,0.220000,-0.004231,-0.018897,-0.129544,-0.169544,0.311127,0.330000,-0.177886,1
1772477851,444260920,-0.689142,-2.332945,-2.443354,-0.248031,-0.540828,-0.121010,1,0.220339,-0.151161,0.311127,-0.167713,0.311127,-0.193175,0.220211,-0.187713,0.220047,-0.011340,0.310994,-0.009088,0.310978,-0.009637,0.220000,-0.009637,1,-0.187719,0.220000,0.220000,-0.001755,-0.016421,-0.147713,-0.187713,0.311127,0.330000,-0.204893,1
1772477851,469216171,-0.693044,-2.336725,-2.446563,-0.242329,-0.529776,-0.113504,1,0.220586,-0.162559,0.311127,-0.193175,0.311127,-0.233535,0.220654,-0.213175,0.220409,-0.008834,0.310978,-0.009637,0.310227,-0.023646,0.220000,-0.016970,1,-0.460607,0.220000,0.220000,-0.002303,-0.016970,-0.173175,-0.213175,0.311127,0.330000,-0.247702,1
1772477851,519244235,-0.701695,-2.343190,-2.455229,-0.231679,-0.531569,-0.122170,1,0.221165,-0.192031,0.311127,-0.233535,0.311127,-0.268142,0.221179,-0.253535,0.220949,-0.009763,0.310227,-0.023646,0.310290,-0.022809,0.220000,-0.022809,1,-0.444314,0.220000,0.220000,-0.016312,-0.030979,-0.213535,-0.253535,0.311127,0.330000,-0.284407,1
1772477851,544248948,-0.705903,-2.346214,-2.459555,-0.226586,-0.532524,-0.126496,1,0.221466,-0.246016,0.311127,-0.268142,0.311127,-0.264064,0.221140,-0.264064,0.220621,-0.019321,0.310290,-0.022809,0.310317,-0.022430,0.220000,-0.022430,1,-0.436924,0.220000,0.220000,-0.015476,-0.030143,-0.248142,-0.288142,0.311127,0.330000,-0.280082,1
1772477851,569296444,-0.710167,-2.350079,-2.465024,-0.220846,-0.532940,-0.131965,1,0.221087,-0.247456,0.311127,-0.264064,0.311127,-0.312322,0.221154,-0.284064,0.219776,-0.024041,0.310317,-0.022430,0.310308,-0.022562,0.220000,-0.022562,1,-0.439490,0.220000,0.220000,-0.015097,-0.029763,-0.244064,-0.284064,0.311127,0.330000,-0.331267,1
1772477851,619419932,-0.717382,-2.355705,-2.473464,-0.211795,-0.534273,-0.140405,1,0.221259,-0.241856,0.311127,-0.312322,0.311127,-0.373272,0.221158,-0.332322,0.220178,-0.021845,0.310308,-0.022562,0.310305,-0.022606,0.220000,-0.022606,1,-0.440363,0.220000,0.220000,-0.015228,-0.029895,-0.292322,-0.332322,0.311127,0.330000,-0.395915,1
1772477851,644378318,-0.723867,-2.359902,-2.478517,-0.204281,-0.536065,-0.145458,1,0.220708,-0.268856,0.311127,-0.373272,0.311127,-0.461167,0.221208,-0.393272,0.219534,-0.022733,0.310305,-0.022606,0.310269,-0.023089,0.220000,-0.023089,1,-0.449768,0.220000,0.220000,-0.015273,-0.029940,-0.353272,-0.393272,0.311127,0.330000,-0.489141,1
1772477851,669407761,-0.728834,-2.363687,-2.485092,-0.198114,-0.537043,-0.152033,1,0.221392,-0.282822,0.311127,-0.461167,0.311127,-0.454968,0.221263,-0.454968,0.220273,-0.022229,0.310269,-0.023089,0.310230,-0.023608,0.220000,-0.023608,1,-0.459865,0.220000,0.220000,-0.015756,-0.030423,-0.441167,-0.481167,0.311127,0.330000,-0.482567,1
1772477851,719526272,-0.738482,-2.371085,-2.498824,-0.186100,-0.538913,-0.165766,1,0.220946,-0.301175,0.311127,-0.454968,0.311127,-0.742303,0.221530,-0.474968,0.219717,-0.023276,0.310230,-0.023608,0.310040,-0.025987,0.220000,-0.025987,1,-0.506218,0.220000,0.220000,-0.016274,-0.030941,-0.434968,-0.474968,0.311127,0.330000,-0.787331,1
1772477851,744477041,-0.742371,-2.374034,-2.505739,-0.181281,-0.539689,-0.172680,1,0.221686,-0.326805,0.311127,-0.742303,0.311127,-0.735784,0.221693,-0.600000,0.220431,-0.023546,0.310040,-0.025987,0.309923,-0.027345,0.220000,-0.027345,1,-0.532672,0.220000,0.220000,-0.018654,-0.033321,-0.600000,-0.600000,0.311127,0.330000,-0.780417,1
1772477851,769523798,-0.748581,-2.377106,-2.513378,-0.174682,-0.542122,-0.180250,1,0.221424,-0.353252,0.311127,-0.735784,0.311127,-0.955112,0.222121,-0.600000,0.219894,-0.025982,0.309923,-0.027345,0.309617,-0.030619,0.220000,-0.030619,1,-0.596449,0.220000,0.220000,-0.020012,-0.034679,-0.600000,-0.600000,0.311127,0.330000,-1.013050,1
1772477851,819578387,-0.756861,-2.382423,-2.530268,-0.161495,-0.546999,-0.194305,1,0.221404,-0.372484,0.311127,-0.955112,0.311127,-2.368689,0.304657,-0.600000,0.219724,-0.027219,0.309617,-0.030619,0.035657,-0.309077,0.302283,-0.037953,1,-6.020673,0.220000,0.220000,-0.023286,-0.037953,-0.600000,-0.600000,0.311127,0.330000,-2.512374,1
1772477851,844657910,-0.761501,-2.385003,-2.539605,-0.156420,-0.548559,-0.203642,1,0.222880,-0.392201,0.311127,-2.368689,0.311127,-2.359886,0.222301,-0.600000,0.220778,-0.030533,0.035657,-0.309077,0.031905,-0.309487,0.031905,-0.220000,1,-6.028656,0.042990,0.028323,-0.220000,-0.220000,-0.600000,-0.600000,0.311127,0.330000,-2.503037,1
1772477851,869609098,-0.766418,-2.387251,-2.548387,-0.151393,-0.550549,-0.212424,1,0.214624,-0.446557,0.311127,-2.359886,0.311127,-2.351606,0.221719,-0.600000,0.210879,-0.039920,0.031905,-0.309487,0.027554,-0.309904,0.027554,-0.220000,1,-6.036792,0.039238,0.024571,-0.220000,-0.220000,-0.600000,-0.600000,0.311127,0.330000,-2.494255,1
1772477851,919669102,-0.776207,-2.391536,-2.566611,-0.141522,-0.554640,-0.230648,1,0.210564,-0.425633,0.311127,-2.351606,0.311127,-2.335981,0.220927,-0.600000,0.205583,-0.045529,0.027554,-0.309904,0.019719,-0.310501,0.020221,-0.220000,1,-6.048421,0.034887,0.020221,-0.220000,-0.220000,-0.600000,-0.600000,0.311127,0.330000,-2.477682,1
1772477851,944692502,-0.780566,-2.392403,-2.575143,-0.137877,-0.557184,-0.239180,1,0.204780,-0.450075,0.311127,-2.335981,0.311127,-2.327937,0.220586,-0.600000,0.197884,-0.052693,0.019719,-0.310501,0.016071,-0.310712,0.016071,-0.220000,1,-6.052515,0.027052,0.012386,-0.220000,-0.220000,-0.600000,-0.600000,0.311127,0.330000,-2.469150,1
1772477851,969688918,-0.785344,-2.394925,-2.586439,-0.132749,-0.558884,-0.250476,1,0.199927,-0.472177,0.311127,-2.327937,0.311127,-2.317287,0.220425,-0.600000,0.190573,-0.060437,0.016071,-0.310712,0.013678,-0.310826,0.013678,-0.220000,1,-6.054746,0.023405,0.008738,-0.220000,-0.220000,-0.600000,-0.600000,0.311127,0.330000,-2.457854,1
1772477852,19734078,-0.794017,-2.397613,-2.610141,-0.124802,-0.563277,-0.274178,1,0.195325,-0.463051,0.311127,-2.317287,0.311127,-2.294940,0.220217,-0.600000,0.183311,-0.067444,0.013678,-0.310826,0.009767,-0.310974,0.009767,-0.220000,1,-6.057619,0.021012,0.006345,-0.220000,-0.220000,-0.600000,-0.600000,0.311127,0.330000,-2.434152,1
1772477852,44696076,-0.800134,-2.398703,-2.621723,-0.119779,-0.566934,-0.285760,1,0.191154,-0.508281,0.311127,-2.294940,0.311127,-2.285537,0.220064,-0.600000,0.175699,-0.075297,0.009767,-0.310974,0.005319,-0.311082,0.005319,-0.220000,1,-6.059720,0.017101,0.002434,-0.220000,-0.220000,-0.600000,-0.600000,0.311127,0.330000,-2.424178,1
1772477852,69719715,-0.803761,-2.400702,-2.633867,-0.115783,-0.568186,-0.297901,1,0.187503,-0.519629,0.311127,-2.285537,0.311127,-2.274090,0.220057,-0.600000,0.168419,-0.082417,0.005319,-0.311082,0.005019,-0.311087,0.005019,-0.220000,1,-6.059818,0.012652,-0.002015,-0.220000,-0.220000,-0.600000,-0.600000,0.311127,0.330000,-2.412037,1
1772477852,119801935,-0.813154,-2.401897,-2.659987,-0.106355,-0.575148,-0.323876,1,0.185100,-0.530857,0.311127,-2.274090,0.311127,-2.249601,0.220004,-0.600000,0.161686,-0.090110,0.005019,-0.311087,-0.001305,-0.311124,-0.001305,-0.220000,1,-6.060553,0.012352,-0.002315,-0.220000,-0.220000,-0.600000,-0.600000,0.311127,0.330000,-2.386062,1
1772477852,144752860,-0.815977,-2.400663,-2.672216,-0.105290,-0.578038,-0.336105,1,0.181292,-0.569982,0.311127,-2.249601,0.311127,-2.239816,0.220006,-0.600000,0.152260,-0.098406,-0.001305,-0.311124,-0.001677,-0.311122,-0.001677,-0.220000,1,-6.060518,0.006029,-0.008638,-0.220000,-0.220000,-0.600000,-0.600000,0.311127,0.330000,-2.375684,1
1772477852,169752297,-0.819698,-2.398564,-2.687162,-0.104225,-0.582176,-0.351051,1,0.179974,-0.591868,0.311127,-2.239816,0.311127,-2.225725,0.220016,-0.600000,0.146381,-0.104706,-0.001677,-0.311122,-0.002655,-0.311116,-0.002655,-0.220000,1,-6.060385,0.005656,-0.009010,-0.220000,-0.220000,-0.600000,-0.600000,0.311127,0.330000,-2.360738,1
1772477852,219799956,-0.824336,-2.390911,-2.712318,-0.106532,-0.590822,-0.376207,1,0.178259,-0.582895,0.311127,-2.225725,0.311127,-2.204880,0.220034,-0.600000,0.138782,-0.111875,-0.002655,-0.311116,-0.003875,-0.311103,-0.003875,-0.220000,1,-6.060136,0.004679,-0.009988,-0.220000,-0.220000,-0.600000,-0.600000,0.311127,0.330000,-2.338628,1
1772477852,244783585,-0.828712,-2.390465,-2.728025,-0.103821,-0.594287,-0.391914,1,0.177463,-0.605344,0.311127,-2.204880,0.311127,-2.190071,0.220046,-0.600000,0.131354,-0.119329,-0.003875,-0.311103,-0.004478,-0.311095,-0.004478,-0.220000,1,-6.059978,0.003459,-0.011208,-0.220000,-0.220000,-0.600000,-0.600000,0.311127,0.330000,-2.322921,1
1772477852,269782574,-0.832297,-2.388851,-2.742834,-0.102502,-0.597991,-0.406723,1,0.177536,-0.587263,0.311127,-2.190071,0.311127,-2.176109,0.220053,-0.600000,0.124487,-0.126578,-0.004478,-0.311095,-0.004823,-0.311090,-0.004823,-0.220000,1,-6.059878,0.002855,-0.011811,-0.220000,-0.220000,-0.600000,-0.600000,0.311127,0.330000,-2.308112,1
1772477852,319813012,-0.840511,-2.388216,-2.772288,-0.097270,-0.604355,-0.436177,1,0.177247,-0.581058,0.311127,-2.176109,0.311127,-2.149612,0.220069,-0.600000,0.116360,-0.133704,-0.004823,-0.311090,-0.005519,-0.311078,-0.005519,-0.220000,1,-6.059652,0.002510,-0.012156,-0.220000,-0.220000,-0.600000,-0.600000,0.311127,0.330000,-2.280008,1
1772477852,344785707,-0.844908,-2.385612,-2.787344,-0.096101,-0.609329,-0.451233,1,0.178415,-0.605009,0.311127,-2.149612,0.311127,-2.135417,0.220109,-0.600000,0.109442,-0.140905,-0.005519,-0.311078,-0.006918,-0.311050,-0.006918,-0.220000,1,-6.059108,0.001814,-0.012853,-0.220000,-0.220000,-0.600000,-0.600000,0.311127,0.330000,-2.264952,1
1772477852,369844416,-0.848717,-2.384736,-2.802127,-0.094127,-0.612513,-0.465895,1,0.180320,-0.598523,0.311127,-2.135417,0.311127,-2.123039,0.220105,-0.600000,0.101959,-0.148727,-0.006918,-0.311050,-0.006805,-0.311053,-0.006805,-0.220000,1,-6.059156,0.000415,-0.014251,-0.220000,-0.220000,-0.600000,-0.600000,0.311127,0.330000,-2.251823,1
1772477852,419821452,-0.854579,-2.379211,-2.832208,-0.095130,-0.614842,-0.491878,1,0.182679,-0.575172,0.311127,-2.123039,0.311127,-2.098542,0.220001,-0.600000,0.093881,-0.156711,-0.006805,-0.311053,-0.000753,-0.311126,-0.000753,-0.220000,1,-6.060588,0.000529,-0.014138,-0.220000,-0.220000,-0.600000,-0.600000,0.311127,0.330000,-2.225840,1
1772477852,444845529,-0.858174,-2.376957,-2.846933,-0.094247,-0.618993,-0.506604,1,0.185263,-0.603331,0.311127,-2.098542,0.311127,-2.084659,0.220003,-0.600000,0.087325,-0.163392,-0.000753,-0.311126,-0.001059,-0.311125,-0.001059,-0.220000,1,-6.060571,0.006580,-0.008087,-0.220000,-0.220000,-0.600000,-0.600000,0.311127,0.330000,-2.211114,1
1772477852,469837384,-0.862617,-2.375692,-2.862514,-0.092064,-0.623064,-0.522184,1,0.188044,-0.597528,0.311127,-2.084659,0.311127,-2.071261,0.220006,-0.600000,0.079654,-0.170340,-0.001059,-0.311125,-0.001581,-0.311123,-0.001581,-0.220000,1,-6.060528,0.006274,-0.008392,-0.220000,-0.220000,-0.600000,-0.600000,0.311127,0.330000,-2.196905,1
1772477852,519897031,-0.868360,-2.368878,-2.890978,-0.092962,-0.631931,-0.550649,1,0.192158,-0.592068,0.311127,-2.071261,0.311127,-2.045427,0.220006,-0.600000,0.072440,-0.177981,-0.001581,-0.311123,-0.001579,-0.311123,-0.001579,-0.220000,1,-6.060528,0.005752,-0.008914,-0.220000,-0.220000,-0.600000,-0.600000,0.311127,0.330000,-2.169503,1
1772477852,544873178,-0.871306,-2.367159,-2.905853,-0.092146,-0.635242,-0.565524,1,0.196282,-0.597411,0.311127,-2.045427,0.311127,-2.031403,0.220001,-0.600000,0.064357,-0.185431,-0.001579,-0.311123,-0.000750,-0.311126,-0.000750,-0.220000,1,-6.060588,0.005754,-0.008912,-0.220000,-0.220000,-0.600000,-0.600000,0.311127,0.330000,-2.154629,1
1772477852,569898659,-0.874401,-2.362802,-2.921060,-0.093123,-0.640496,-0.580731,1,0.200737,-0.553521,0.311127,-2.031403,0.311127,-2.017066,0.220002,-0.600000,0.056461,-0.192633,-0.000750,-0.311126,-0.000948,-0.311126,-0.000948,-0.220000,1,-6.060578,0.006583,-0.008084,-0.220000,-0.220000,-0.600000,-0.600000,0.311127,0.330000,-2.139421,1
1772477852,620017453,-0.879781,-2.356899,-2.950847,-0.093620,-0.648468,-0.610518,1,0.206083,-0.587971,0.311127,-2.017066,0.311127,-1.990125,0.220001,-0.600000,0.049785,-0.199979,-0.000948,-0.311126,0.000480,-0.311127,0.000480,-0.220000,1,-6.060599,0.006385,-0.008282,-0.220000,-0.220000,-0.600000,-0.600000,0.311127,0.330000,-2.110846,1
1772477852,644935883,-0.882164,-2.354024,-2.966106,-0.094026,-0.652180,-0.625777,1,0.211300,-0.590967,0.311127,-1.990125,0.311127,-1.976928,0.220007,-0.600000,0.042171,-0.207049,0.000480,-0.311127,0.001693,-0.311122,0.001693,-0.220000,1,-6.060516,0.007813,-0.006853,-0.220000,-0.220000,-0.600000,-0.600000,0.311127,0.330000,-2.096849,1
1772477852,669939594,-0.884834,-2.349243,-2.981064,-0.095523,-0.657300,-0.640708,1,0.220906,-0.617104,0.311127,-1.976928,0.311127,-1.962851,0.220008,-0.600000,0.036629,-0.217848,0.001693,-0.311122,0.001911,-0.311121,0.001911,-0.220000,1,-6.060492,0.009026,-0.005640,-0.220000,-0.220000,-0.600000,-0.600000,0.311127,0.330000,-2.081918,1
1772477852,719970434,-0.887251,-2.340397,-3.012640,-0.096567,-0.659468,-0.671041,1,0.219825,-0.592664,0.311127,-1.962851,0.311127,-1.935202,0.220194,-0.600000,0.027292,-0.218124,0.001911,-0.311121,0.009662,-0.310977,0.009245,-0.220000,1,-6.057683,0.009245,-0.005422,-0.220000,-0.220000,-0.600000,-0.600000,0.311127,0.330000,-2.052592,1
1772477852,744970551,-0.887797,-2.336468,-3.025511,-0.099006,-0.662597,-0.683912,1,0.219846,-0.544146,0.311127,-1.935202,0.311127,-1.923067,0.220308,-0.600000,0.018498,-0.219067,0.009662,-0.310977,0.011648,-0.310909,0.011648,-0.220000,1,-6.056357,0.016995,0.002329,-0.220000,-0.220000,-0.600000,-0.600000,0.311127,0.330000,-2.039720,1
1772477852,770053067,-0.887625,-2.331556,-3.040572,-0.102649,-0.665896,-0.698973,1,0.218795,-0.594292,0.311127,-1.923067,0.311127,-1.909718,0.220489,-0.600000,0.012364,-0.218445,0.011648,-0.310909,0.014679,-0.310781,0.014679,-0.220000,1,-6.053857,0.018981,0.004315,-0.220000,-0.220000,-0.600000,-0.600000,0.311127,0.330000,-2.025561,1
1772477852,820041010,-0.889037,-2.319426,-3.069058,-0.110367,-0.675360,-0.727459,1,0.218440,-0.590068,0.311127,-1.909718,0.311127,-1.883885,0.220705,-0.600000,0.010216,-0.218201,0.014679,-0.310781,0.017626,-0.310627,0.017626,-0.220000,1,-6.050872,0.022012,0.007346,-0.220000,-0.220000,-0.600000,-0.600000,0.311127,0.330000,-1.998162,1
1772477852,845089430,-0.889944,-2.313885,-3.084491,-0.113727,-0.679901,-0.742900,1,0.216799,-0.589288,0.311127,-1.883885,0.311127,-1.870254,0.220859,-0.600000,0.012331,-0.216448,0.017626,-0.310627,0.019457,-0.310518,0.019457,-0.220000,1,-6.048743,0.024960,0.010293,-0.220000,-0.220000,-0.600000,-0.600000,0.311127,0.330000,-1.983704,1
1772477852,870111308,-0.889866,-2.309364,-3.099461,-0.117978,-0.684696,-0.758281,1,0.216328,-0.533032,0.311127,-1.870254,0.311127,-1.855752,0.221040,-0.600000,0.015687,-0.215759,0.019457,-0.310518,0.021412,-0.310389,0.021412,-0.220000,1,-6.046237,0.026791,0.012124,-0.220000,-0.220000,-0.600000,-0.600000,0.311127,0.330000,-1.968323,1
1772477852,920070550,-0.889822,-2.298219,-3.126753,-0.126007,-0.692426,-0.785573,1,0.217102,-0.540266,0.311127,-1.855752,0.311127,-1.831524,0.221513,-0.600000,0.017873,-0.216365,0.021412,-0.310389,0.025847,-0.310051,0.025847,-0.220000,1,-6.039656,0.028745,0.014078,-0.220000,-0.220000,-0.600000,-0.600000,0.311127,0.330000,-1.942625,1
1772477852,945128420,-0.889124,-2.291813,-3.140209,-0.131090,-0.696387,-0.799029,1,0.217221,-0.578603,0.311127,-1.831524,0.311127,-1.818837,0.221821,-0.600000,0.019536,-0.216341,0.025847,-0.310051,0.028367,-0.309831,0.028367,-0.220000,1,-6.035364,0.033180,0.018514,-0.220000,-0.220000,-0.600000,-0.600000,0.311127,0.330000,-1.929168,1
1772477852,970134398,-0.889256,-2.287241,3.127642,-0.134280,-0.699666,-0.814363,1,0.217717,-0.596563,0.311127,-1.818837,0.311127,-1.805204,0.222218,-0.600000,0.024465,-0.216338,0.028367,-0.309831,0.031322,-0.309546,0.031322,-0.220000,1,-6.029816,0.035700,0.021033,-0.220000,-0.220000,-0.600000,-0.600000,0.311127,0.330000,-1.914708,1
1772477853,20153800,-0.893743,-2.275852,3.098490,-0.136755,-0.714053,-0.839317,1,0.218900,-0.583223,0.311127,-1.805204,0.311127,-1.782271,0.221590,-0.600000,0.026716,-0.217263,0.031322,-0.309546,0.026494,-0.309997,0.026494,-0.220000,1,-6.038592,0.038655,0.023988,-0.220000,-0.220000,-0.600000,-0.600000,0.311127,0.330000,-1.890384,1
1772477853,45152030,-0.894122,-2.270260,3.083503,-0.140487,-0.718235,-0.854303,1,0.219768,-0.590728,0.311127,-1.782271,0.311127,-1.768787,0.221871,-0.600000,0.024072,-0.218446,0.026494,-0.309997,0.028752,-0.309796,0.028752,-0.220000,1,-6.034671,0.033828,0.019161,-0.220000,-0.220000,-0.600000,-0.600000,0.311127,0.330000,-1.876082,1
1772477853,70227385,-0.894628,-2.264906,3.068526,-0.143960,-0.722341,-0.869281,1,0.220098,-0.581949,0.311127,-1.768787,0.311127,-1.755355,0.222170,-0.600000,0.025400,-0.218628,0.028752,-0.309796,0.030978,-0.309581,0.030978,-0.220000,1,-6.030489,0.036086,0.021419,-0.220000,-0.220000,-0.600000,-0.600000,0.311127,0.330000,-1.861835,1
1772477853,120219762,-0.894147,-2.254297,3.039977,-0.151973,-0.729347,-0.897826,1,0.222050,-0.596153,0.311127,-1.755355,0.311127,-1.728979,0.223015,-0.600000,0.027613,-0.220327,0.030978,-0.309581,0.036546,-0.308973,0.036546,-0.220000,1,-6.018650,0.038312,0.023645,-0.220000,-0.220000,-0.600000,-0.600000,0.311127,0.330000,-1.833859,1
1772477853,145220974,-0.895252,-2.249462,3.024810,-0.160185,-0.729337,-0.912755,1,0.223116,-0.571547,0.311127,-1.728979,0.311127,-1.714905,0.224333,-0.600000,0.036456,-0.220118,0.036546,-0.308973,0.044463,-0.307933,0.043879,-0.220000,1,-5.998398,0.043879,0.029212,-0.220000,-0.220000,-0.600000,-0.600000,0.311127,0.330000,-1.818931,1
1772477853,170245782,-0.894070,-2.245495,3.009829,-0.163846,-0.731269,-0.927736,1,0.223007,-0.556206,0.311127,-1.714905,0.311127,-1.701276,0.225338,-0.600000,0.035541,-0.220157,0.044463,-0.307933,0.048756,-0.307283,0.048756,-0.220000,1,-5.985728,0.051796,0.037130,-0.220000,-0.220000,-0.600000,-0.600000,0.311127,0.330000,-1.804476,1
1772477853,220232812,-0.895029,-2.234248,2.979232,-0.171223,-0.739820,-0.958380,1,0.224183,-0.604882,0.311127,-1.701276,0.311127,-1.672949,0.226350,-0.600000,0.042998,-0.220021,0.048756,-0.307283,0.053239,-0.306538,0.053239,-0.220000,1,-5.971216,0.056089,0.041423,-0.220000,-0.220000,-0.600000,-0.600000,0.311127,0.330000,-1.774430,1
1772477853,245274915,-0.894508,-2.227627,2.964544,-0.176983,-0.743965,-0.975730,1,0.226110,-0.559524,0.311127,-1.672949,0.311127,-1.657052,0.227275,-0.600000,0.053332,-0.219730,0.053239,-0.306538,0.057043,-0.305853,0.057043,-0.220000,1,-5.957872,0.060573,0.045906,-0.220000,-0.220000,-0.600000,-0.600000,0.311127,0.330000,-1.757569,1
1772477853,270247167,-0.892734,-2.221097,2.949580,-0.182898,-0.747250,-0.990694,1,0.226089,-0.598750,0.311127,-1.657052,0.311127,-1.643319,0.228288,-0.600000,0.052843,-0.219827,0.057043,-0.305853,0.060954,-0.305098,0.060954,-0.220000,1,-5.943160,0.064377,0.049710,-0.220000,-0.220000,-0.600000,-0.600000,0.311127,0.330000,-1.743003,1
1772477853,320287234,-0.893362,-2.210115,2.920044,-0.190363,-0.755384,-1.020313,1,0.227115,-0.595434,0.311127,-1.643319,0.311127,-1.615840,0.229552,-0.600000,0.056909,-0.219869,0.060954,-0.305098,0.065530,-0.304148,0.065530,-0.220000,1,-5.924654,0.068287,0.053620,-0.220000,-0.220000,-0.600000,-0.600000,0.311127,0.330000,-1.713857,1
1772477853,345332303,-0.894402,-2.205255,2.905801,-0.194896,-0.760683,-1.038805,1,0.228269,-0.603351,0.311127,-1.615840,0.311127,-1.598782,0.230311,-0.600000,0.060783,-0.220028,0.065530,-0.304148,0.068141,-0.303573,0.068141,-0.220000,1,-5.913466,0.072863,0.058196,-0.220000,-0.220000,-0.600000,-0.600000,0.311127,0.330000,-1.695764,1
1772477853,370387193,-0.895132,-2.199811,2.891673,-0.198305,-0.764990,-1.052933,1,0.229518,-0.584405,0.311127,-1.598782,0.311127,-1.585461,0.230834,-0.600000,0.065746,-0.219900,0.068141,-0.303573,0.069887,-0.303176,0.069887,-0.220000,1,-5.905729,0.075474,0.060808,-0.220000,-0.220000,-0.600000,-0.600000,0.311127,0.330000,-1.681635,1
1772477853,420420657,-0.897561,-2.190253,2.860477,-0.203622,-0.773485,-1.084391,1,0.230209,-0.606396,0.311127,-1.585461,0.311127,-1.556076,0.232076,-0.600000,0.067568,-0.220069,0.069887,-0.303176,0.073888,-0.302226,0.073888,-0.220000,1,-5.887218,0.077220,0.062553,-0.220000,-0.220000,-0.600000,-0.600000,0.311127,0.330000,-1.650468,1
1772477853,445394060,-0.897542,-2.185202,2.844249,-0.212620,-0.781428,-1.111304,1,0.230588,-0.597638,0.311127,-1.556076,0.311127,-1.531318,0.233557,-0.600000,0.069234,-0.219949,0.073888,-0.302226,0.078416,-0.301083,0.078416,-0.220000,1,-5.864952,0.081222,0.066555,-0.220000,-0.220000,-0.600000,-0.600000,0.311127,0.330000,-1.624208,1
1772477853,470406459,-0.897662,-2.180424,2.828234,-0.216011,-0.784796,-1.127319,1,0.232002,-0.605939,0.311127,-1.531318,0.311127,-1.516220,0.234630,-0.600000,0.073879,-0.219925,0.078416,-0.301083,0.081555,-0.300248,0.081555,-0.220000,1,-5.848685,0.085750,0.071083,-0.220000,-0.220000,-0.600000,-0.600000,0.311127,0.330000,-1.608194,1
1772477853,520418099,-0.899571,-2.169655,2.797750,-0.222511,-0.793485,-1.157792,1,0.234799,-0.591276,0.311127,-1.516220,0.311127,-1.487676,0.236048,-0.600000,0.082303,-0.219902,0.081555,-0.300248,0.085550,-0.299134,0.085550,-0.220000,1,-5.826992,0.088889,0.074222,-0.220000,-0.220000,-0.600000,-0.600000,0.311127,0.330000,-1.577918,1
1772477853,545553748,-0.898279,-2.163735,2.783960,-0.226842,-0.792249,-1.171053,1,0.234870,-0.590831,0.311127,-1.487676,0.311127,-1.475173,0.238534,-0.600000,0.081907,-0.220126,0.085550,-0.299134,0.092187,-0.297156,0.092187,-0.220000,1,-5.788456,0.092883,0.078216,-0.220000,-0.220000,-0.600000,-0.600000,0.311127,0.330000,-1.564657,1
1772477853,570581317,-0.899248,-2.157803,2.768837,-0.230486,-0.797028,-1.186176,1,0.235687,-0.605086,0.311127,-1.475173,0.311127,-1.461141,0.239203,-0.600000,0.085271,-0.219720,0.092187,-0.297156,0.093905,-0.296617,0.093905,-0.220000,1,-5.777965,0.099520,0.084853,-0.220000,-0.220000,-0.600000,-0.600000,0.311127,0.330000,-1.549774,1
1772477853,620541564,-0.899987,-2.146828,2.737235,-0.237901,-0.805007,-1.217775,1,0.239383,-0.598590,0.311127,-1.461141,0.311127,-1.431534,0.241308,-0.600000,0.093941,-0.220180,0.093905,-0.296617,0.099143,-0.294908,0.099143,-0.220000,1,-5.744663,0.101238,0.086572,-0.220000,-0.220000,-0.600000,-0.600000,0.311127,0.330000,-1.518372,1
1772477853,645702498,-0.901032,-2.139950,2.721550,-0.239738,-0.805931,-1.233313,1,0.239088,-0.596299,0.311127,-1.431534,0.311127,-1.416885,0.243172,-0.600000,0.094174,-0.219760,0.099143,-0.294908,0.103599,-0.293372,0.103599,-0.220000,1,-5.714750,0.106477,0.091810,-0.220000,-0.220000,-0.600000,-0.600000,0.311127,0.330000,-1.502833,1
1772477853,670540377,-0.900514,-2.134298,2.706527,-0.244200,-0.809438,-1.248336,1,0.241373,-0.598627,0.311127,-1.416885,0.311127,-1.402829,0.244488,-0.600000,0.099217,-0.220039,0.103599,-0.293372,0.106651,-0.292276,0.106651,-0.220000,1,-5.693406,0.110933,0.096266,-0.220000,-0.220000,-0.600000,-0.600000,0.311127,0.330000,-1.487925,1
1772477853,720595957,-0.899160,-2.123598,2.676232,-0.252890,-0.815831,-1.278693,1,0.244363,-0.576911,0.311127,-1.402829,0.311127,-1.374329,0.247438,-0.600000,0.107185,-0.219602,0.106651,-0.292276,0.113250,-0.289783,0.113250,-0.220000,1,-5.644845,0.113985,0.099318,-0.220000,-0.220000,-0.600000,-0.600000,0.311127,0.330000,-1.457696,1
1772477853,745594768,-0.900153,-2.117507,2.661059,-0.256082,-0.821717,-1.296283,1,0.244498,-0.598341,0.311127,-1.374329,0.311127,-1.357830,0.248050,-0.600000,0.107096,-0.219795,0.113250,-0.289783,0.114581,-0.289260,0.114581,-0.220000,1,-5.634641,0.120583,0.105916,-0.220000,-0.220000,-0.600000,-0.600000,0.311127,0.330000,-1.440196,1
1772477853,770625778,-0.899439,-2.111653,2.646205,-0.260834,-0.825209,-1.311137,1,0.247734,-0.601932,0.311127,-1.357830,0.311127,-1.343861,0.249489,-0.600000,0.114123,-0.219882,0.114581,-0.289260,0.117664,-0.288020,0.117664,-0.220000,1,-5.610485,0.121915,0.107248,-0.220000,-0.220000,-0.600000,-0.600000,0.311127,0.330000,-1.425380,1
1772477853,820682919,-0.899553,-2.098804,2.615193,-0.270152,-0.834103,-1.342129,1,0.249233,-0.582588,0.311127,-1.343861,0.311127,-1.314659,0.251821,-0.600000,0.118263,-0.219388,0.117664,-0.288020,0.122532,-0.285982,0.122532,-0.220000,1,-5.570803,0.124997,0.110330,-0.220000,-0.220000,-0.600000,-0.600000,0.311127,0.330000,-1.394406,1
1772477853,845662261,-0.899080,-2.092756,2.599738,-0.276331,-0.838106,-1.356833,1,0.249876,-0.598923,0.311127,-1.314659,0.311127,-1.300778,0.253340,-0.600000,0.118187,-0.220159,0.122532,-0.285982,0.125623,-0.284638,0.125623,-0.220000,1,-5.544612,0.129865,0.115198,-0.220000,-0.220000,-0.600000,-0.600000,0.311127,0.330000,-1.379683,1
1772477853,870703277,-0.899416,-2.086408,2.584578,-0.280720,-0.842706,-1.371994,1,0.251589,-0.597048,0.311127,-1.300778,0.311127,-1.286484,0.254390,-0.600000,0.122718,-0.219630,0.125623,-0.284638,0.127728,-0.283700,0.127728,-0.220000,1,-5.526340,0.132957,0.118290,-0.220000,-0.220000,-0.600000,-0.600000,0.311127,0.330000,-1.364523,1
1772477853,920709340,-0.899051,-2.072183,2.554621,-0.291390,-0.852215,-1.402108,1,0.254688,-0.588727,0.311127,-1.286484,0.311127,-1.257972,0.256700,-0.600000,0.128339,-0.219989,0.127728,-0.283700,0.132268,-0.281612,0.132268,-0.220000,1,-5.485662,0.135061,0.120394,-0.220000,-0.220000,-0.600000,-0.600000,0.311127,0.330000,-1.334281,1
1772477853,945703633,-0.900234,-2.065953,2.538805,-0.297772,-0.858108,-1.423942,1,0.256460,-0.604307,0.311127,-1.257972,0.311127,-1.237266,0.258580,-0.600000,0.132653,-0.219487,0.132268,-0.281612,0.135881,-0.279886,0.135881,-0.220000,1,-5.452052,0.139601,0.124935,-0.220000,-0.220000,-0.600000,-0.600000,0.311127,0.330000,-1.312319,1
1772477853,970752708,-0.899921,-2.060253,2.522890,-0.302156,-0.861763,-1.439857,1,0.256701,-0.607169,0.311127,-1.237266,0.311127,-1.222261,0.260190,-0.600000,0.132955,-0.219586,0.135881,-0.279886,0.138919,-0.278391,0.138919,-0.220000,1,-5.422920,0.143214,0.128548,-0.220000,-0.220000,-0.600000,-0.600000,0.311127,0.330000,-1.296404,1
1772477854,20806574,-0.897898,-2.048512,2.492737,-0.312107,-0.868290,-1.470108,1,0.260834,-0.584380,0.311127,-1.222261,0.311127,-1.193447,0.263773,-0.600000,0.140011,-0.220072,0.138919,-0.278391,0.145521,-0.274997,0.145521,-0.220000,1,-5.356819,0.146253,0.131586,-0.220000,-0.220000,-0.600000,-0.600000,0.311127,0.330000,-1.265842,1
1772477854,45986728,-0.898316,-2.042222,2.477484,-0.315656,-0.873122,-1.489021,1,0.259878,-0.626857,0.311127,-1.193447,0.311127,-1.175616,0.265228,-0.600000,0.139166,-0.219475,0.145521,-0.274997,0.148142,-0.273594,0.148142,-0.220000,1,-5.329490,0.152855,0.138188,-0.220000,-0.220000,-0.600000,-0.600000,0.311127,0.330000,-1.246929,1
1772477854,70797087,-0.897632,-2.035374,2.462363,-0.321150,-0.877266,-1.504142,1,0.263676,-0.599142,0.311127,-1.175616,0.311127,-1.161134,0.266774,-0.600000,0.145918,-0.219620,0.148142,-0.273594,0.150892,-0.272088,0.150892,-0.220000,1,-5.300139,0.155475,0.140809,-0.220000,-0.220000,-0.600000,-0.600000,0.311127,0.330000,-1.231568,1
1772477854,120944509,-0.898112,-2.021551,2.430777,-0.331072,-0.887050,-1.535633,1,0.267654,-0.588981,0.311127,-1.161134,0.311127,-1.131257,0.269238,-0.600000,0.152339,-0.220071,0.150892,-0.272088,0.155206,-0.269650,0.155206,-0.220000,1,-5.252654,0.158225,0.143558,-0.220000,-0.220000,-0.600000,-0.600000,0.311127,0.330000,-1.199880,1
1772477854,145939646,-0.896941,-2.015515,2.414944,-0.339484,-0.891989,-1.548285,1,0.266989,-0.598086,0.311127,-1.131257,0.311127,-1.119047,0.270629,-0.600000,0.151735,-0.219681,0.155206,-0.269650,0.157608,-0.268253,0.157608,-0.220000,1,-5.225443,0.162539,0.147873,-0.220000,-0.220000,-0.600000,-0.600000,0.311127,0.330000,-1.186928,1
1772477854,170864257,-0.897208,-2.010059,2.399242,-0.343298,-0.895900,-1.563988,1,0.271086,-0.596228,0.311127,-1.119047,0.311127,-1.103908,0.272089,-0.600000,0.158976,-0.219577,0.157608,-0.268253,0.160101,-0.266772,0.160101,-0.220000,1,-5.196601,0.164941,0.150275,-0.220000,-0.220000,-0.600000,-0.600000,0.311127,0.330000,-1.170871,1
1772477854,220915720,-0.895227,-1.996175,2.369575,-0.354785,-0.903793,-1.593682,1,0.272293,-0.599844,0.311127,-1.103908,0.311127,-1.075639,0.275468,-0.600000,0.160835,-0.219717,0.160101,-0.266772,0.165778,-0.263282,0.165778,-0.220000,1,-5.128613,0.167435,0.152768,-0.220000,-0.220000,-0.600000,-0.600000,0.311127,0.330000,-1.140887,1
1772477854,245983667,-0.894650,-1.988839,2.353819,-0.359520,-0.904393,-1.610397,1,0.275872,-0.611233,0.311127,-1.075639,0.311127,-1.059504,0.278770,-0.600000,0.166607,-0.219880,0.165778,-0.263282,0.171209,-0.259783,0.171209,-0.220000,1,-5.060455,0.173112,0.158445,-0.220000,-0.220000,-0.600000,-0.600000,0.311127,0.330000,-1.123774,1
1772477854,270948298,-0.893009,-1.983209,2.337545,-0.364762,-0.907020,-1.626671,1,0.279902,-0.587300,0.311127,-1.059504,0.311127,-1.044160,0.281207,-0.600000,0.172930,-0.220092,0.171209,-0.259783,0.175149,-0.257143,0.175149,-0.220000,1,-5.009032,0.178543,0.163876,-0.220000,-0.220000,-0.600000,-0.600000,0.311127,0.330000,-1.107499,1
1772477854,321002282,-0.892096,-1.968203,2.306982,-0.376277,-0.916690,-1.657200,1,0.282340,-0.613059,0.311127,-1.044160,0.311127,-1.014556,0.283992,-0.600000,0.176887,-0.220061,0.175149,-0.257143,0.179587,-0.254064,0.179587,-0.220000,1,-4.949051,0.182483,0.167816,-0.220000,-0.220000,-0.600000,-0.600000,0.311127,0.330000,-1.076100,1
1772477854,346049917,-0.891292,-1.962037,2.290876,-0.377762,-0.924723,-1.672147,1,0.281309,-0.626882,0.311127,-1.014556,0.311127,-1.000464,0.283071,-0.600000,0.175269,-0.220035,0.179587,-0.254064,0.178126,-0.255090,0.178126,-0.220000,1,-4.969037,0.186920,0.172253,-0.220000,-0.220000,-0.600000,-0.600000,0.311127,0.330000,-1.061152,1
1772477854,371044060,-0.890465,-1.954713,2.274737,-0.383688,-0.929106,-1.688286,1,0.283382,-0.604935,0.311127,-1.000464,0.311127,-0.984787,0.284847,-0.600000,0.178564,-0.220046,0.178126,-0.255090,0.180936,-0.253105,0.180936,-0.220000,1,-4.930362,0.185460,0.170793,-0.220000,-0.220000,-0.600000,-0.600000,0.311127,0.330000,-1.044524,1
1772477854,421053434,-0.888366,-1.940650,2.242864,-0.395475,-0.937258,-1.720062,1,0.285741,-0.599746,0.311127,-0.984787,0.311127,-0.953768,0.288594,-0.600000,0.182255,-0.220070,0.180936,-0.253105,0.186779,-0.248824,0.186779,-0.220000,1,-4.846977,0.188270,0.173603,-0.220000,-0.220000,-0.600000,-0.600000,0.311127,0.330000,-1.011623,1
1772477854,446085116,-0.887427,-1.933478,2.228228,-0.403745,-0.945709,-1.730942,1,0.285170,-0.617216,0.311127,-0.953768,0.311127,-0.942974,0.288165,-0.600000,0.181642,-0.219836,0.186779,-0.248824,0.186116,-0.249321,0.186116,-0.220000,1,-4.856650,0.194113,0.179446,-0.220000,-0.220000,-0.600000,-0.600000,0.311127,0.330000,-1.000175,1
1772477854,471125855,-0.887606,-1.926182,2.213336,-0.408945,-0.950830,-1.745834,1,0.288723,-0.615105,0.311127,-0.942974,0.311127,-0.928244,0.289281,-0.600000,0.187209,-0.219803,0.186116,-0.249321,0.187838,-0.248026,0.187838,-0.220000,1,-4.831423,0.193449,0.178783,-0.220000,-0.220000,-0.600000,-0.600000,0.311127,0.330000,-0.984551,1
1772477854,521173917,-0.882578,-1.912220,2.182707,-0.422534,-0.956834,-1.776332,1,0.289265,-0.609796,0.311127,-0.928244,0.311127,-0.898846,0.294095,-0.600000,0.188420,-0.219481,0.187838,-0.248026,0.195261,-0.242226,0.195172,-0.220000,1,-4.718440,0.195172,0.180505,-0.220000,-0.220000,-0.600000,-0.600000,0.311127,0.330000,-0.953370,1
1772477854,546134578,-0.881257,-1.905706,2.167220,-0.427054,-0.964295,-1.787573,1,0.289475,-0.598937,0.311127,-0.898846,0.311127,-0.887653,0.293508,-0.600000,0.188307,-0.219855,0.195261,-0.242226,0.194286,-0.243008,0.194286,-0.220000,1,-4.733676,0.202594,0.187927,-0.220000,-0.220000,-0.600000,-0.600000,0.311127,0.330000,-0.941499,1
1772477854,571215257,-0.879026,-1.897670,2.152826,-0.434426,-0.968197,-1.801967,1,0.294019,-0.608808,0.311127,-0.887653,0.311127,-0.873258,0.295520,-0.600000,0.194725,-0.220294,0.194286,-0.243008,0.197312,-0.240558,0.197312,-0.220000,1,-4.685948,0.201620,0.186953,-0.220000,-0.220000,-0.600000,-0.600000,0.311127,0.330000,-0.926230,1
1772477854,621259507,-0.876312,-1.884921,2.122300,-0.445594,-0.975020,-1.832505,1,0.292792,-0.600248,0.311127,-0.873258,0.311127,-0.843636,0.299557,-0.600000,0.195807,-0.217685,0.197312,-0.240558,0.203309,-0.235511,0.203309,-0.220000,1,-4.587647,0.204645,0.189979,-0.220000,-0.220000,-0.600000,-0.600000,0.311127,0.330000,-0.894811,1
1772477854,646203364,-0.875440,-1.876736,2.107093,-0.453529,-0.981160,-1.848137,1,0.291809,-0.598417,0.311127,-0.843636,0.311127,-0.828227,0.300878,-0.600000,0.195184,-0.216923,0.203309,-0.235511,0.205251,-0.233821,0.205251,-0.220000,1,-4.554719,0.210642,0.195975,-0.220000,-0.220000,-0.600000,-0.600000,0.311127,0.330000,-0.878467,1
1772477854,671254985,-0.873946,-1.868579,2.092430,-0.460483,-0.985678,-1.862801,1,0.295348,-0.584288,0.311127,-0.828227,0.311127,-0.813475,0.302572,-0.600000,0.201813,-0.215643,0.205251,-0.233821,0.207725,-0.231625,0.207725,-0.220000,1,-4.511951,0.212584,0.197917,-0.220000,-0.220000,-0.600000,-0.600000,0.311127,0.330000,-0.862821,1
1772477854,721301136,-0.869399,-1.855183,2.062746,-0.473304,-0.991586,-1.892462,1,0.292228,-0.571252,0.311127,-0.813475,0.311127,-0.784485,0.307159,-0.600000,0.199563,-0.213475,0.207725,-0.231625,0.214351,-0.225507,0.214351,-0.220000,1,-4.392772,0.215058,0.200392,-0.220000,-0.220000,-0.600000,-0.600000,0.311127,0.330000,-0.832072,1
1772477854,746344735,-0.867627,-1.848338,2.047721,-0.478157,-0.995426,-1.906738,1,0.290571,-0.588060,0.311127,-0.784485,0.311127,-0.770176,0.308667,-0.600000,0.198459,-0.212239,0.214351,-0.225507,0.216506,-0.223439,0.216506,-0.220000,1,-4.352486,0.220000,0.207018,-0.218174,-0.220000,-0.600000,-0.600000,0.311127,0.330000,-0.816895,1
1772477854,771416016,-0.864930,-1.841486,2.033253,-0.484987,-0.998177,-1.921206,1,0.295197,-0.592117,0.311127,-0.770176,0.311127,-0.755585,0.311048,-0.600000,0.206135,-0.211304,0.216506,-0.223439,0.219888,-0.220112,0.219888,-0.220000,1,-4.287676,0.220000,0.209173,-0.216106,-0.220000,-0.600000,-0.600000,0.311127,0.330000,-0.801419,1
1772477854,821445097,-0.860721,-1.827060,2.003737,-0.498316,-1.005134,-1.950822,1,0.293697,-0.575916,0.311127,-0.755585,0.311127,-0.726474,0.307013,-0.600000,0.206685,-0.208661,0.219888,-0.220112,0.225705,-0.214143,0.220000,-0.214143,1,-4.171396,0.220000,0.212555,-0.212779,-0.220000,-0.600000,-0.600000,0.311127,0.330000,-0.770542,1
1772477854,846422420,-0.857331,-1.819497,1.989217,-0.504817,-1.010893,-1.968510,1,0.294785,-0.565107,0.311127,-0.726474,0.311127,-0.708655,0.305467,-0.600000,0.208909,-0.207979,0.225705,-0.214143,0.227794,-0.211920,0.220000,-0.211920,1,-4.128099,0.220000,0.218372,-0.206809,-0.220000,-0.600000,-0.600000,0.311127,0.330000,-0.751642,1
1772477854,871449071,-0.854965,-1.811582,1.974991,-0.512203,-1.014591,-1.982736,1,0.297848,-0.570466,0.311127,-0.708655,0.311127,-0.694240,0.303382,-0.600000,0.214493,-0.206654,0.227794,-0.211920,0.230563,-0.208904,0.220000,-0.208904,1,-4.069350,0.220000,0.220000,-0.204587,-0.219253,-0.600000,-0.600000,0.311127,0.330000,-0.736353,1
1772477854,921496368,-0.849173,-1.798047,1.946750,-0.526001,-1.019686,-2.010964,1,0.295130,-0.603097,0.311127,-0.694240,0.311127,-0.664889,0.298390,-0.600000,0.212793,-0.204501,0.230563,-0.208904,0.236988,-0.201586,0.220000,-0.201586,1,-3.926795,0.220000,0.220000,-0.201571,-0.216237,-0.600000,-0.600000,0.311127,0.330000,-0.705221,1
1772477854,946486356,-0.847134,-1.791521,1.931094,-0.531204,-1.023962,-2.026236,1,0.296094,-0.570733,0.311127,-0.664889,0.311127,-0.650491,0.296794,-0.600000,0.215259,-0.203312,0.236988,-0.201586,0.238984,-0.199214,0.220000,-0.199214,1,-3.880604,0.220000,0.220000,-0.194252,-0.208919,-0.600000,-0.600000,0.311127,0.330000,-0.689950,1
1772477854,971525806,-0.843607,-1.784023,1.916307,-0.539081,-1.026532,-2.041022,1,0.299829,-0.554368,0.311127,-0.650491,0.311127,-0.635277,0.293975,-0.600000,0.222505,-0.200971,0.238984,-0.199214,0.242444,-0.194990,0.220000,-0.194990,1,-3.798309,0.220000,0.220000,-0.191881,-0.206548,-0.600000,-0.600000,0.311127,0.330000,-0.673813,1
1772477855,21635105,-0.838439,-1.770452,1.887042,-0.552433,-1.032090,-2.070330,1,0.297183,-0.618412,0.311127,-0.635277,0.311127,-0.604773,0.289163,-0.600000,0.220813,-0.198894,0.242444,-0.194990,0.248322,-0.187446,0.220000,-0.187656,1,-3.651367,0.220000,0.220000,-0.187656,-0.202323,-0.600000,-0.600000,0.311127,0.330000,-0.641459,1
1772477855,46603729,-0.834772,-1.763595,1.871631,-0.557793,-1.034700,-2.087016,1,0.294337,-0.602643,0.311127,-0.604773,0.311127,-0.589042,0.286411,-0.589042,0.220879,-0.194543,0.248322,-0.187446,0.251334,-0.183388,0.220000,-0.183388,1,-3.572315,0.220000,0.220000,-0.180113,-0.194780,-0.584773,-0.600000,0.311127,0.330000,-0.624773,1
1772477855,71649093,-0.832294,-1.757244,1.856545,-0.564119,-1.037239,-2.102102,1,0.286292,-0.565719,0.311127,-0.589042,0.311127,-0.573073,0.283825,-0.573073,0.219443,-0.183868,0.251334,-0.183388,0.254251,-0.179323,0.220000,-0.179323,1,-3.493123,0.220000,0.220000,-0.176055,-0.190722,-0.569042,-0.600000,0.311127,0.330000,-0.607836,1
1772477855,121665162,-0.825200,-1.743193,1.825626,-0.579065,-1.041641,-2.132977,1,0.286568,-0.620938,0.311127,-0.573073,0.311127,-0.542447,0.279250,-0.553073,0.220566,-0.182954,0.254251,-0.179323,0.260832,-0.169608,0.220000,-0.171989,1,-3.303883,0.220000,0.220000,-0.171989,-0.186656,-0.553073,-0.593073,0.311127,0.330000,-0.575352,1
1772477855,146669571,-0.822473,-1.736141,1.810001,-0.580896,-1.043076,-2.147129,1,0.283314,-0.587779,0.311127,-0.542447,0.311127,-0.527549,0.275797,-0.527549,0.220719,-0.177622,0.260832,-0.169608,0.262938,-0.166324,0.220000,-0.166324,1,-3.239922,0.220000,0.220000,-0.162275,-0.176941,-0.522447,-0.562447,0.311127,0.330000,-0.559550,1
1772477855,171679025,-0.818517,-1.730386,1.795085,-0.587798,-1.044141,-2.162045,1,0.279283,-0.568787,0.311127,-0.527549,0.311127,-0.513486,0.272515,-0.513486,0.220420,-0.171505,0.262938,-0.166324,0.266337,-0.160824,0.220000,-0.160824,1,-3.132776,0.220000,0.220000,-0.158991,-0.173658,-0.507549,-0.547549,0.311127,0.330000,-0.544634,1
1772477855,221746927,-0.812340,-1.718309,1.766284,-0.600987,-1.047940,-2.190848,1,0.276066,-0.534631,0.311127,-0.513486,0.311127,-0.482328,0.268252,-0.493486,0.220531,-0.166068,0.266337,-0.160824,0.271840,-0.151337,0.220000,-0.153491,1,-2.947977,0.220000,0.220000,-0.153491,-0.168157,-0.493486,-0.533486,0.311127,0.330000,-0.511586,1
1772477855,246728280,-0.810578,-1.712268,1.752972,-0.611297,-1.051324,-2.204220,1,0.271950,-0.509342,0.311127,-0.482328,0.311127,-0.467770,0.264367,-0.467770,0.220674,-0.158932,0.271840,-0.151337,0.274427,-0.146594,0.220000,-0.146594,1,-2.855583,0.220000,0.220000,-0.144004,-0.158671,-0.462328,-0.502328,0.311127,0.330000,-0.496145,1
1772477855,271780747,-0.806552,-1.706121,1.740150,-0.618532,-1.052606,-2.217042,1,0.268407,-0.500665,0.311127,-0.467770,0.311127,-0.453730,0.261548,-0.453730,0.220499,-0.153044,0.274427,-0.146594,0.277114,-0.141448,0.220000,-0.141448,1,-2.755342,0.220000,0.220000,-0.139261,-0.153927,-0.447770,-0.487770,0.311127,0.330000,-0.481253,1
1772477855,321856636,-0.801624,-1.694219,1.714466,-0.630615,-1.057124,-2.242642,1,0.264513,-0.479052,0.311127,-0.453730,0.311127,-0.427536,0.257656,-0.433730,0.220733,-0.145755,0.277114,-0.141448,0.281090,-0.133374,0.220000,-0.134115,1,-2.598065,0.220000,0.220000,-0.134115,-0.148781,-0.433730,-0.473730,0.311127,0.330000,-0.453470,1
1772477855,346880818,-0.798228,-1.688741,1.702044,-0.638018,-1.056945,-2.252683,1,0.261554,-0.471350,0.311127,-0.427536,0.311127,-0.415539,0.254363,-0.415539,0.220233,-0.141096,0.281090,-0.133374,0.283724,-0.127673,0.220000,-0.127673,1,-2.487018,0.220000,0.220000,-0.126041,-0.140707,-0.407536,-0.447536,0.311127,0.330000,-0.440746,1
1772477855,371919418,-0.795353,-1.682292,1.690032,-0.644680,-1.059288,-2.264695,1,0.257889,-0.448670,0.311127,-0.415539,0.311127,-0.404214,0.252341,-0.404214,0.220809,-0.133230,0.283724,-0.127673,0.285524,-0.123596,0.220000,-0.123596,1,-2.407588,0.220000,0.220000,-0.120340,-0.135007,-0.395539,-0.435539,0.311127,0.330000,-0.428734,1
1772477855,422003939,-0.790388,-1.671989,1.668578,-0.655569,-1.062787,-2.286046,1,0.254762,-0.418762,0.311127,-0.404214,0.311127,-0.378943,0.248831,-0.384214,0.220839,-0.127020,0.285524,-0.123596,0.288657,-0.116092,0.220000,-0.116262,1,-2.261414,0.220000,0.220000,-0.116262,-0.130929,-0.384214,-0.424214,0.311127,0.330000,-0.401930,1
1772477855,446981861,-0.786675,-1.664835,1.658202,-0.663146,-1.065682,-2.293802,1,0.252132,-0.415127,0.311127,-0.378943,0.311127,-0.371630,0.247428,-0.371630,0.220080,-0.123026,0.288657,-0.116092,0.289792,-0.113228,0.220000,-0.113228,1,-2.205626,0.220000,0.220000,-0.108758,-0.123425,-0.358943,-0.398943,0.311127,0.330000,-0.394174,1
1772477855,472021160,-0.784101,-1.660024,1.647632,-0.668406,-1.067133,-2.304372,1,0.249285,-0.414226,0.311127,-0.371630,0.311127,-0.359059,0.245643,-0.359059,0.220948,-0.115433,0.289792,-0.113228,0.291307,-0.109272,0.220000,-0.109272,1,-2.128572,0.220000,0.220000,-0.105895,-0.120561,-0.351630,-0.391630,0.311127,0.330000,-0.380840,1
1772477855,522133067,-0.779258,-1.648305,1.626591,-0.680215,-1.071737,-2.325464,1,0.248005,-0.400936,0.311127,-0.359059,0.311127,-0.336411,0.242558,-0.339059,0.221055,-0.112432,0.291307,-0.109272,0.293880,-0.102150,0.220000,-0.102150,1,-1.989827,0.220000,0.220000,-0.101939,-0.116606,-0.339059,-0.379059,0.311127,0.330000,-0.356817,1
1772477855,547164989,-0.775738,-1.643465,1.617425,-0.685627,-1.073424,-2.335896,1,0.246205,-0.342160,0.311127,-0.336411,0.311127,-0.323640,0.240956,-0.323640,0.220794,-0.108935,0.293880,-0.102150,0.295195,-0.098284,0.220000,-0.098284,1,-1.914528,0.220000,0.220000,-0.094816,-0.109483,-0.316411,-0.356411,0.311127,0.330000,-0.343272,1
1772477855,572242965,-0.773577,-1.638464,1.608400,-0.690742,-1.075298,-2.344921,1,0.242656,-0.342660,0.311127,-0.323640,0.311127,-0.315131,0.239667,-0.315131,0.220425,-0.101463,0.295195,-0.098284,0.296242,-0.095081,0.220000,-0.095081,1,-1.852134,0.220000,0.220000,-0.090951,-0.105617,-0.303640,-0.343640,0.311127,0.330000,-0.334247,1
1772477855,622317241,-0.768629,-1.626186,1.590670,-0.703145,-1.080174,-2.362825,1,0.241044,-0.315717,0.311127,-0.315131,0.311127,-0.291198,0.237202,-0.295131,0.220309,-0.097806,0.296242,-0.095081,0.298220,-0.088684,0.220000,-0.088684,1,-1.727524,0.220000,0.220000,-0.087748,-0.102414,-0.295131,-0.335131,0.311127,0.330000,-0.308862,1
1772477855,647302693,-0.767251,-1.621561,1.581740,-0.709497,-1.082694,-2.375698,1,0.240306,-0.316449,0.311127,-0.291198,0.311127,-0.279061,0.235590,-0.279061,0.220760,-0.094932,0.298220,-0.088684,0.299495,-0.084277,0.220000,-0.084277,1,-1.641682,0.220000,0.220000,-0.081351,-0.096017,-0.271198,-0.311198,0.311127,0.330000,-0.295989,1
1772477855,672380255,-0.764981,-1.615449,1.572859,-0.715505,-1.085228,-2.384580,1,0.238143,-0.319770,0.311127,-0.279061,0.311127,-0.267151,0.234502,-0.267151,0.221107,-0.088451,0.299495,-0.084277,0.300347,-0.081187,0.220000,-0.081187,1,-1.581491,0.220000,0.220000,-0.076944,-0.091611,-0.259061,-0.299061,0.311127,0.330000,-0.283357,1
1772477855,722434313,-0.760342,-1.605225,1.556968,-0.726095,-1.089062,-2.400348,1,0.235537,-0.276952,0.311127,-0.267151,0.311127,-0.248514,0.232477,-0.248514,0.220296,-0.083351,0.300347,-0.081187,0.301918,-0.075138,0.220000,-0.075138,1,-1.463659,0.220000,0.220000,-0.073854,-0.088521,-0.247151,-0.287151,0.311127,0.330000,-0.263589,1
1772477855,747489526,-0.757133,-1.599556,1.550730,-0.731691,-1.094974,-2.404010,1,0.234573,-0.263744,0.311127,-0.248514,0.311127,-0.241035,0.232914,-0.241035,0.220650,-0.079614,0.301918,-0.075138,0.301581,-0.076477,0.220000,-0.076477,1,-1.489739,0.220000,0.220000,-0.067805,-0.082472,-0.228514,-0.268514,0.311127,0.330000,-0.255656,1
1772477855,772575852,-0.755962,-1.594440,1.542860,-0.736212,-1.097638,-2.411880,1,0.233362,-0.267649,0.311127,-0.241035,0.311127,-0.229306,0.232225,-0.229306,0.221068,-0.074744,0.301581,-0.076477,0.302112,-0.074352,0.220000,-0.074352,1,-1.448342,0.220000,0.220000,-0.069144,-0.083811,-0.221035,-0.261035,0.311127,0.330000,-0.243216,1
1772477855,822672265,-0.751279,-1.584100,1.529552,-0.747141,-1.101324,-2.424967,1,0.233330,-0.238853,0.311127,-0.229306,0.311127,-0.212352,0.230479,-0.212352,0.220800,-0.075435,0.302112,-0.074352,0.303446,-0.068705,0.220000,-0.068705,1,-1.338349,0.220000,0.220000,-0.067019,-0.081685,-0.209306,-0.249306,0.311127,0.330000,-0.225233,1
1772477855,847650872,-0.749559,-1.578813,1.523109,-0.756029,-1.103385,-2.427140,1,0.233189,-0.236142,0.311127,-0.212352,0.311127,-0.205351,0.229650,-0.205351,0.221102,-0.074101,0.303446,-0.068705,0.304074,-0.065872,0.220000,-0.065872,1,-1.283146,0.220000,0.220000,-0.061372,-0.076039,-0.192352,-0.232352,0.311127,0.330000,-0.217807,1
1772477855,872762523,-0.747313,-1.572236,1.516659,-0.762338,-1.106302,-2.433590,1,0.231168,-0.237465,0.311127,-0.205351,0.311127,-0.199269,0.228986,-0.199269,0.220944,-0.067988,0.304074,-0.065872,0.304574,-0.063519,0.220000,-0.063519,1,-1.237317,0.220000,0.220000,-0.058538,-0.073205,-0.185351,-0.225351,0.311127,0.330000,-0.211357,1
1772477855,922849774,-0.741519,-1.561501,1.505368,-0.774190,-1.109682,-2.444896,1,0.230179,-0.216455,0.311127,-0.199269,0.311127,-0.177553,0.227407,-0.179269,0.220795,-0.065053,0.304574,-0.063519,0.305755,-0.057565,0.220000,-0.057565,1,-1.121341,0.220000,0.220000,-0.056185,-0.070852,-0.179269,-0.219269,0.311127,0.330000,-0.188324,1
1772477855,947890798,-0.741260,-1.557503,1.499459,-0.778779,-1.115033,-2.451079,1,0.228357,-0.198151,0.311127,-0.177553,0.311127,-0.171724,0.227506,-0.171724,0.219562,-0.062762,0.305755,-0.057565,0.305681,-0.057955,0.220000,-0.057955,1,-1.128943,0.220000,0.220000,-0.050232,-0.064898,-0.157553,-0.197553,0.311127,0.330000,-0.182141,1
1772477855,972909338,-0.738507,-1.551174,1.493569,-0.785259,-1.117410,-2.456969,1,0.227660,-0.196682,0.311127,-0.171724,0.311127,-0.159989,0.226806,-0.159989,0.220277,-0.057507,0.305681,-0.057955,0.306201,-0.055147,0.220000,-0.055147,1,-1.074229,0.220000,0.220000,-0.050622,-0.065289,-0.151724,-0.191724,0.311127,0.330000,-0.169694,1
1772477856,23019926,-0.734688,-1.540852,1.483231,-0.795532,-1.121666,-2.467338,1,0.227425,-0.183777,0.311127,-0.159989,0.311127,-0.143535,0.225768,-0.143535,0.220164,-0.057009,0.306201,-0.055147,0.306967,-0.050705,0.220000,-0.050705,1,-0.987708,0.220000,0.220000,-0.047813,-0.062480,-0.139989,-0.179989,0.311127,0.330000,-0.152241,1
1772477856,48068383,-0.731737,-1.535616,1.478941,-0.804240,-1.121339,-2.472159,1,0.226986,-0.163825,0.311127,-0.143535,0.311127,-0.131761,0.224538,-0.131761,0.220210,-0.055046,0.306967,-0.050705,0.307868,-0.044913,0.220000,-0.044913,1,-0.874890,0.220000,0.220000,-0.043372,-0.058038,-0.123535,-0.163535,0.311127,0.330000,-0.139754,1
1772477856,73100251,-0.730622,-1.531395,1.475135,-0.808064,-1.123444,-2.475964,1,0.225971,-0.164296,0.311127,-0.131761,0.311127,-0.128173,0.224288,-0.128173,0.220414,-0.049806,0.307868,-0.044913,0.308050,-0.043649,0.220000,-0.043649,1,-0.850269,0.220000,0.220000,-0.037580,-0.052247,-0.111761,-0.151761,0.311127,0.330000,-0.135948,1
1772477856,123230480,-0.726862,-1.521024,1.466288,-0.818248,-1.127730,-2.485077,1,0.224282,-0.123518,0.311127,-0.128173,0.311127,-0.111744,0.223511,-0.111744,0.219893,-0.044154,0.308050,-0.043649,0.308615,-0.039459,0.220000,-0.039459,1,-0.768636,0.220000,0.220000,-0.036316,-0.050983,-0.108173,-0.148173,0.311127,0.330000,-0.118523,1
1772477856,148255381,-0.725001,-1.515502,1.461937,-0.824772,-1.127987,-2.493399,1,0.222757,-0.105517,0.311127,-0.111744,0.311127,-0.095384,0.222603,-0.095384,0.219533,-0.037763,0.308615,-0.039459,0.309270,-0.033944,0.220000,-0.033944,1,-0.661204,0.220000,0.220000,-0.032125,-0.046792,-0.091744,-0.131744,0.311127,0.330000,-0.101170,1
1772477856,173324182,-0.723375,-1.509689,1.458155,-0.830115,-1.130798,-2.497182,1,0.223488,-0.120112,0.311127,-0.095384,0.311127,-0.082551,0.222377,-0.082551,0.220024,-0.039198,0.309270,-0.033944,0.309432,-0.032430,0.220000,-0.032430,1,-0.631715,0.220000,0.220000,-0.026610,-0.041277,-0.075384,-0.115384,0.311127,0.330000,-0.087559,1
1772477856,223453634,-0.720403,-1.499134,1.451779,-0.840222,-1.135628,-2.503489,1,0.222453,-0.113099,0.311127,-0.082551,0.311127,-0.066471,0.221947,-0.066471,0.219915,-0.033506,0.309432,-0.032430,0.309741,-0.029335,0.220000,-0.029335,1,-0.571428,0.220000,0.220000,-0.025096,-0.039763,-0.062551,-0.102551,0.311127,0.330000,-0.070503,1
1772477856,248490078,-0.720065,-1.494621,1.449095,-0.849117,-1.134965,-2.505233,1,0.221283,-0.051688,0.311127,-0.066471,0.311127,-0.052793,0.221284,-0.052793,0.219526,-0.027828,0.309741,-0.029335,0.310215,-0.023806,0.220000,-0.023806,1,-0.463723,0.220000,0.220000,-0.022001,-0.036668,-0.046471,-0.086471,0.311127,0.330000,-0.055996,1
1772477856,273511459,-0.718501,-1.489703,1.446466,-0.853764,-1.137211,-2.507863,1,0.222332,-0.078337,0.311127,-0.052793,0.311127,-0.050314,0.221137,-0.050314,0.220408,-0.029189,0.310215,-0.023806,0.310320,-0.022394,0.220000,-0.022394,1,-0.436230,0.220000,0.220000,-0.016472,-0.031139,-0.032793,-0.072793,0.311127,0.330000,-0.053366,1
1772477856,323612261,-0.714876,-1.478614,1.442106,-0.864343,-1.142074,-2.512161,1,0.222314,-0.065978,0.311127,-0.050314,0.311127,-0.032946,0.220854,-0.032946,0.221163,-0.022590,0.310320,-0.022394,0.310521,-0.019402,0.220000,-0.019402,1,-0.377948,0.220000,0.220000,-0.015061,-0.029728,-0.030314,-0.070314,0.311127,0.330000,-0.034944,1
1772477856,348647470,-0.713826,-1.472870,1.440295,-0.869688,-1.143569,-2.513160,1,0.221762,-0.044061,0.311127,-0.032946,0.311127,-0.018162,0.220689,-0.018162,0.220649,-0.022189,0.310521,-0.019402,0.310638,-0.017430,0.220000,-0.017430,1,-0.339520,0.220000,0.220000,-0.012069,-0.026736,-0.012946,-0.052946,0.311127,0.330000,-0.019264,1
1772477856,373722657,-0.714055,-1.467856,1.438705,-0.873168,-1.147185,-2.514751,1,0.221085,-0.055538,0.311127,-0.018162,0.311127,-0.016663,0.220726,-0.016663,0.220305,-0.018555,0.310638,-0.017430,0.310612,-0.017889,0.220000,-0.017889,1,-0.348470,0.220000,0.220000,-0.010096,-0.024763,0.001838,-0.038162,0.311127,0.330000,-0.017674,1
1772477856,423823602,-0.710715,-1.456758,1.436197,-0.883518,-1.152399,-2.517259,1,0.220096,-0.018871,0.311127,-0.016663,0.311127,0.021205,0.220545,0.003337,0.219457,-0.016756,0.310612,-0.017889,0.310741,-0.015488,0.220000,-0.015488,1,-0.301699,0.220000,0.220000,-0.010556,-0.025222,0.003337,-0.036663,0.311127,0.330000,0.022491,1
1772477856,448858207,-0.709099,-1.451672,1.435024,-0.888159,-1.154689,-2.518456,1,0.220553,0.012150,0.311127,0.021205,0.311127,0.022334,0.220461,0.022334,0.220053,-0.014843,0.310741,-0.015488,0.310800,-0.014253,0.220000,-0.014253,1,-0.277642,0.220000,0.220000,-0.008155,-0.022821,0.041205,0.001205,0.311127,0.330000,0.023688,1
1772477856,473974736,-0.708608,-1.446355,1.435274,-0.890361,-1.157520,-2.518504,1,0.220157,-0.018191,0.311127,0.022334,0.311127,0.022379,0.220521,0.022379,0.219643,-0.015046,0.310800,-0.014253,0.310758,-0.015153,0.220000,-0.015153,1,-0.295169,0.220000,0.220000,-0.006920,-0.021586,0.042334,0.002334,0.311127,0.330000,0.023737,1
1772477856,524047474,-0.706369,-1.436194,1.434725,-0.899277,-1.162885,-2.519053,1,0.220294,0.022063,0.311127,0.022379,0.311127,0.069735,0.220436,0.042379,0.219856,-0.013895,0.310758,-0.015153,0.310818,-0.013860,0.220000,-0.013860,1,-0.269992,0.220000,0.220000,-0.007819,-0.022486,0.042379,0.002379,0.311127,0.330000,0.073966,1
1772477856,549105836,-0.705011,-1.430138,1.435328,-0.904606,-1.166065,-2.518451,1,0.220579,0.004720,0.311127,0.069735,0.311127,0.069167,0.220396,0.069167,0.220113,-0.014331,0.310818,-0.013860,0.310847,-0.013208,0.220000,-0.013208,1,-0.257277,0.220000,0.220000,-0.006527,-0.021194,0.089735,0.049735,0.311127,0.330000,0.073363,1
1772477856,574258197,-0.704188,-1.425086,1.435597,-0.908839,-1.168944,-2.518182,1,0.220289,0.038102,0.311127,0.069167,0.311127,0.099672,0.220374,0.089167,0.219893,-0.013202,0.310847,-0.013208,0.310862,-0.012835,0.220000,-0.012835,1,-0.250021,0.220000,0.220000,-0.005874,-0.020541,0.089167,0.049167,0.311127,0.330000,0.105718,1
1772477856,624308603,-0.701798,-1.414501,1.437736,-0.918685,-1.177736,-2.515285,1,0.221252,0.051072,0.311127,0.099672,0.311127,0.133314,0.220431,0.119672,0.220857,-0.013221,0.310862,-0.012835,0.310822,-0.013779,0.220000,-0.013779,1,-0.268414,0.220000,0.220000,-0.005502,-0.020168,0.119672,0.079672,0.311127,0.330000,0.141401,1
1772477856,649369965,-0.700667,-1.409697,1.439596,-0.922948,-1.180224,-2.513425,1,0.220508,0.090645,0.311127,0.133314,0.311127,0.176723,0.220403,0.153314,0.220056,-0.014109,0.310822,-0.013779,0.310842,-0.013316,0.220000,-0.013316,1,-0.259389,0.220000,0.220000,-0.006446,-0.021113,0.153314,0.113314,0.311127,0.330000,0.187443,1
1772477856,674515668,-0.701234,-1.404778,1.440944,-0.926125,-1.184021,-2.512077,1,0.220385,0.100370,0.311127,0.176723,0.311127,0.175453,0.220454,0.175453,0.219994,-0.013114,0.310842,-0.013316,0.310805,-0.014141,0.220000,-0.014141,1,-0.275469,0.220000,0.220000,-0.005983,-0.020649,0.196723,0.156723,0.311127,0.330000,0.186096,1
1772477856,724563197,-0.698686,-1.394017,1.447697,-0.935684,-1.189581,-2.505324,1,0.220396,0.127024,0.311127,0.175453,0.311127,0.227318,0.220391,0.195453,0.219995,-0.013278,0.310805,-0.014141,0.310850,-0.013127,0.220000,-0.013127,1,-0.255715,0.220000,0.220000,-0.006808,-0.021475,0.195453,0.155453,0.311127,0.330000,0.241108,1
1772477856,749604714,-0.697867,-1.388535,1.450938,-0.940223,-1.192762,-2.502083,1,0.220683,0.144494,0.311127,0.227318,0.311127,0.300093,0.220366,0.247318,0.220246,-0.013868,0.310850,-0.013127,0.310868,-0.012691,0.220000,-0.012691,1,-0.247216,0.220000,0.220000,-0.005794,-0.020461,0.247318,0.207318,0.311127,0.330000,0.318296,1
1772477856,774768359,-0.696811,-1.383372,1.453949,-0.944755,-1.195387,-2.499127,1,0.220218,0.161818,0.311127,0.300093,0.311127,0.297306,0.220308,0.297306,0.219830,-0.013068,0.310868,-0.012691,0.310909,-0.011654,0.220000,-0.011654,1,-0.227008,0.220000,0.220000,-0.005358,-0.020024,0.320093,0.280093,0.311127,0.330000,0.315340,1
1772477856,824802668,-0.695113,-1.373608,1.462804,-0.953625,-1.199178,-2.490846,1,0.219910,0.203408,0.311127,0.297306,0.311127,0.391133,0.220175,0.317306,0.219628,-0.011129,0.310909,-0.011654,0.311003,-0.008789,0.220000,-0.008789,1,-0.171199,0.220000,0.220000,-0.004320,-0.018987,0.317306,0.277306,0.311127,0.330000,0.414859,1
1772477856,849885222,-0.695050,-1.368390,1.466386,-0.957455,-1.202722,-2.487264,1,0.220157,0.197236,0.311127,0.391133,0.311127,0.528175,0.220142,0.411133,0.219856,-0.011513,0.311003,-0.008789,0.311027,-0.007901,0.220000,-0.007901,1,-0.153911,0.220000,0.220000,-0.001455,-0.016122,0.411133,0.371133,0.311127,0.330000,0.560214,1
1772477856,875028999,-0.694918,-1.362150,1.471904,-0.962075,-1.206919,-2.481746,1,0.219924,0.231344,0.311127,0.528175,0.311127,0.715972,0.220097,0.548175,0.219761,-0.008471,0.311027,-0.007901,0.311058,-0.006538,0.220000,-0.006538,1,-0.127361,0.220000,0.220000,-0.000568,-0.015234,0.548175,0.508175,0.311127,0.330000,0.759403,1
1772477856,900063454,-0.693383,-1.356608,1.477513,-0.967152,-1.209619,-2.476137,1,0.220801,0.269060,0.311127,0.715972,0.311127,0.952773,0.220023,0.600000,0.220721,-0.005965,0.311058,-0.006538,0.311111,-0.003186,0.220000,-0.003186,1,-0.062055,0.220000,0.220000,0.000795,-0.013872,0.600000,0.600000,0.311127,0.330000,1.010569,1
1772477856,950106284,-0.692636,-1.348060,1.488841,-0.973869,-1.214957,-2.464809,1,0.220400,0.268785,0.311127,0.952773,0.311127,1.198790,0.220039,0.600000,0.220323,-0.005830,0.311111,-0.003186,0.311083,0.005254,0.220000,0.004148,1,0.102346,0.220000,0.220000,0.004148,-0.010519,0.600000,0.600000,0.311127,0.330000,1.271509,1
1772477856,975190408,-0.692464,-1.341694,1.494697,-0.978608,-1.219212,-2.458953,1,0.220669,0.282000,0.311127,1.198790,0.311127,2.276531,0.304010,0.600000,0.220638,-0.003660,0.311083,0.005254,0.065786,0.304092,0.303749,0.012587,1,5.923576,0.220000,0.220000,0.012587,-0.002079,0.600000,0.600000,0.311127,0.330000,2.414626,1
1772477857,25541755,-0.690695,-1.331027,1.506649,-0.987350,-1.224403,-2.444494,1,0.211419,0.352443,0.311127,2.276531,0.311127,2.264648,0.228041,0.600000,0.211026,0.012897,0.065786,0.304092,0.060024,0.305282,0.060024,0.220000,1,5.946749,0.073119,0.058453,0.220000,0.220000,0.600000,0.600000,0.311127,0.330000,2.402022,1
1772477857,50442500,-0.689776,-1.326168,1.513425,-0.991501,-1.227089,-2.437719,1,0.213907,0.327988,0.311127,2.264648,0.311127,2.258260,0.227279,0.600000,0.213561,0.012169,0.060024,0.305282,0.057059,0.305850,0.057059,0.220000,1,5.957816,0.067357,0.052691,0.220000,0.220000,0.600000,0.600000,0.311127,0.330000,2.395246,1
1772477857,75443297,-0.691226,-1.319881,1.520652,-0.995053,-1.232475,-2.430491,1,0.206298,0.355790,0.311127,2.258260,0.311127,2.251446,0.225580,0.600000,0.205412,0.019098,0.057059,0.305850,0.049865,0.307105,0.049865,0.220000,1,5.982259,0.064392,0.049725,0.220000,0.220000,0.600000,0.600000,0.311127,0.330000,2.388019,1
1772477857,125796063,-0.691006,-1.310153,1.537510,-1.002247,-1.239027,-2.413633,1,0.192479,0.410991,0.311127,2.251446,0.311127,2.235552,0.224341,0.600000,0.189390,0.034349,0.049865,0.307105,0.043918,0.308012,0.043918,0.220000,1,5.999922,0.057198,0.042532,0.220000,0.220000,0.600000,0.600000,0.311127,0.330000,2.371161,1
1772477857,150709047,-0.692330,-1.305559,1.546749,-1.004660,-1.243155,-2.404394,1,0.193289,0.367477,0.311127,2.235552,0.311127,2.228373,0.223633,0.600000,0.190152,0.034684,0.043918,0.308012,0.040148,0.308526,0.040148,0.220000,1,6.009935,0.051251,0.036585,0.220000,0.220000,0.600000,0.600000,0.311127,0.330000,2.363546,1
1772477857,175843036,-0.692554,-1.301001,1.556869,-1.007806,-1.246461,-2.394274,1,0.187852,0.398571,0.311127,2.228373,0.311127,2.218832,0.223261,0.600000,0.183250,0.041326,0.040148,0.308526,0.038018,0.308795,0.038018,0.220000,1,6.015188,0.047481,0.032815,0.220000,0.220000,0.600000,0.600000,0.311127,0.330000,2.353426,1
1772477857,200859190,-0.694014,-1.297046,1.566150,-1.009662,-1.250246,-2.384993,1,0.175888,0.451905,0.311127,2.218832,0.311127,2.210082,0.222784,0.600000,0.166219,0.057514,0.038018,0.308795,0.035109,0.309140,0.035109,0.220000,1,6.021895,0.045352,0.030685,0.220000,0.220000,0.600000,0.600000,0.311127,0.330000,2.344145,1
1772477857,251040240,-0.697068,-1.287574,1.586501,-1.014525,-1.259296,-2.364819,1,0.177301,0.425057,0.311127,2.210082,0.311127,2.192667,0.221773,0.600000,0.168311,0.055740,0.035109,0.309140,0.027990,0.309865,0.027990,0.220000,1,6.036031,0.042442,0.027776,0.220000,0.220000,0.600000,0.600000,0.311127,0.330000,2.325675,1
1772477857,276014553,-0.698507,-1.283796,1.596734,-1.017267,-1.265626,-2.356143,1,0.172920,0.450317,0.311127,2.192667,0.311127,2.184487,0.221070,0.600000,0.161101,0.062833,0.027990,0.309865,0.021724,0.310368,0.021724,0.220000,1,6.045815,0.035323,0.020657,0.220000,0.220000,0.600000,0.600000,0.311127,0.330000,2.316998,1
1772477857,301234495,-0.699482,-1.280316,1.608669,-1.019120,-1.268730,-2.344208,1,0.164832,0.528286,0.311127,2.184487,0.311127,2.174950,0.221010,0.600000,0.144741,0.078864,0.021724,0.310368,0.021104,0.310410,0.021104,0.220000,1,6.046648,0.029057,0.014390,0.220000,0.220000,0.600000,0.600000,0.311127,0.330000,2.306883,1
1772477857,351312785,-0.703424,-1.273165,1.632435,-1.021591,-1.276512,-2.320442,1,0.166365,0.497766,0.311127,2.174950,0.311127,2.152543,0.220735,2.154950,0.146739,0.078391,0.021104,0.310410,0.018001,0.310606,0.018001,0.220000,1,6.050454,0.028437,0.013771,0.220000,0.220000,0.600000,0.600000,0.311127,0.330000,2.283117,1
1772477857,376422570,-0.706240,-1.270603,1.644970,-1.021510,-1.280318,-2.307907,1,0.162879,0.505847,0.311127,2.152543,0.311127,2.142210,0.220652,0.600000,0.138899,0.085067,0.018001,0.310606,0.016952,0.310665,0.016952,0.220000,1,6.051603,0.025334,0.010668,0.220000,0.220000,0.600000,0.600000,0.311127,0.330000,2.272156,1
1772477857,401537849,-0.708435,-1.267613,1.659281,-1.022167,-1.283969,-2.293597,1,0.160467,0.597941,0.311127,2.142210,0.311127,2.128718,0.220632,0.600000,0.124259,0.101535,0.016952,0.310665,0.016683,0.310679,0.016683,0.220000,1,6.051886,0.024285,0.009619,0.220000,0.220000,0.600000,0.600000,0.311127,0.330000,2.257846,1
1772477857,451626934,-0.714397,-1.261597,1.686319,-1.022424,-1.292434,-2.266559,1,0.159493,0.556922,0.311127,2.128718,0.311127,2.104455,0.220474,2.108718,0.124138,0.100139,0.016683,0.310679,0.014448,0.310791,0.014448,0.220000,1,6.054068,0.024017,0.009350,0.220000,0.220000,0.600000,0.600000,0.311127,0.330000,2.232111,1
1772477857,476830137,-0.715966,-1.259071,1.699836,-1.023175,-1.295311,-2.253042,1,0.158891,0.647358,0.311127,2.104455,0.311127,2.091711,0.220516,0.600000,0.108126,0.116427,0.014448,0.310791,0.015072,0.310762,0.015072,0.220000,1,6.053491,0.021781,0.007115,0.220000,0.220000,0.600000,0.600000,0.311127,0.330000,2.218594,1
1772477857,526931818,-0.722010,-1.254332,1.729686,-1.022304,-1.306103,-2.217808,1,0.159090,0.644760,0.311127,2.091711,0.311127,2.059852,0.220386,2.071711,0.100054,0.123688,0.015072,0.310762,0.013045,0.310853,0.013045,0.220000,1,6.055276,0.022405,0.007738,0.220000,0.220000,0.600000,0.600000,0.311127,0.330000,2.184803,1
1772477857,551975397,-0.724530,-1.252556,1.744407,-1.021841,-1.309151,-2.203088,1,0.159018,0.595586,0.311127,2.059852,0.311127,2.045973,0.220447,0.600000,0.101744,0.122209,0.013045,0.310853,0.014037,0.310810,0.014037,0.220000,1,6.054435,0.020378,0.005712,0.220000,0.220000,0.600000,0.600000,0.311127,0.330000,2.170082,1
1772477857,577115062,-0.729261,-1.249914,1.759020,-1.020471,-1.314394,-2.188475,1,0.162600,0.650357,0.311127,2.045973,0.311127,2.033616,0.220355,0.600000,0.084838,0.138713,0.014037,0.310810,0.012505,0.310876,0.012505,0.220000,1,6.055709,0.021370,0.006703,0.220000,0.220000,0.600000,0.600000,0.311127,0.330000,2.156975,1
1772477857,627149445,-0.735976,-1.246534,1.788849,-1.018259,-1.321579,-2.158645,1,0.165857,0.628599,0.311127,2.033616,0.311127,2.005493,0.220419,2.013616,0.078336,0.146192,0.012505,0.310876,0.013592,0.310830,0.013592,0.220000,1,6.054820,0.019838,0.005171,0.220000,0.220000,0.600000,0.600000,0.311127,0.330000,2.127146,1
1772477857,652339249,-0.740191,-1.245851,1.803523,-1.015834,-1.325093,-2.143971,1,0.164983,0.607412,0.311127,2.005493,0.311127,1.992824,0.220461,0.600000,0.079934,0.144326,0.013592,0.310830,0.014245,0.310801,0.014245,0.220000,1,6.054250,0.020925,0.006258,0.220000,0.220000,0.600000,0.600000,0.311127,0.330000,2.113709,1
1772477857,677323714,-0.743310,-1.244273,1.819033,-1.014813,-1.328436,-2.128462,1,0.172298,0.611327,0.311127,1.992824,0.311127,1.978202,0.220534,0.600000,0.063340,0.160233,0.014245,0.310801,0.015333,0.310749,0.015333,0.220000,1,6.053242,0.021578,0.006912,0.220000,0.220000,0.600000,0.600000,0.311127,0.330000,2.098200,1
1772477857,702348968,-0.747288,-1.243244,1.833685,-1.012800,-1.332018,-2.113810,1,0.177356,0.648727,0.311127,1.978202,0.311127,1.965376,0.220577,0.600000,0.055521,0.168441,0.015333,0.310749,0.015948,0.310718,0.015948,0.220000,1,6.052638,0.022667,0.008000,0.220000,0.220000,0.600000,0.600000,0.311127,0.330000,2.084596,1
1772477857,752467269,-0.756478,-1.243465,1.862847,-1.006151,-1.338566,-2.085259,1,0.180095,0.593956,0.311127,1.965376,0.311127,1.939679,0.220718,1.945376,0.049995,0.173017,0.015948,0.310718,0.017791,0.310618,0.017791,0.220000,1,6.050690,0.023282,0.008615,0.220000,0.220000,0.600000,0.600000,0.311127,0.330000,2.057341,1
1772477857,777579018,-0.761511,-1.242350,1.876452,-1.002533,-1.343541,-2.076413,1,0.187464,0.668478,0.311127,1.939679,0.311127,1.932508,0.220525,0.600000,0.041073,0.182909,0.017791,0.310618,0.015212,0.310755,0.015212,0.220000,1,6.053357,0.025124,0.010458,0.220000,0.220000,0.600000,0.600000,0.311127,0.330000,2.049734,1
1772477857,802695358,-0.765674,-1.242580,1.891396,-0.999500,-1.346401,-2.061469,1,0.192892,0.644700,0.311127,1.932508,0.311127,1.918419,0.220643,0.600000,0.034330,0.189812,0.015212,0.310755,0.016839,0.310671,0.016839,0.220000,1,6.051723,0.022546,0.007879,0.220000,0.220000,0.600000,0.600000,0.311127,0.330000,2.034790,1
1772477857,852844882,-0.775942,-1.244174,1.920850,-0.991274,-1.352749,-2.032015,1,0.191592,0.561810,0.311127,1.918419,0.311127,1.891488,0.220853,1.898419,0.035162,0.188338,0.016839,0.310671,0.019388,0.310522,0.019388,0.220000,1,6.048827,0.024172,0.009506,0.220000,0.220000,0.600000,0.600000,0.311127,0.330000,2.006226,1
1772477857,877796944,-0.781016,-1.245178,1.935289,-0.987052,-1.355738,-2.017576,1,0.207179,0.675355,0.311127,1.891488,0.311127,1.878801,0.220981,0.600000,0.019493,0.206260,0.019388,0.310522,0.020796,0.310431,0.020796,0.220000,1,6.047053,0.026721,0.012055,0.220000,0.220000,0.600000,0.600000,0.311127,0.330000,1.992769,1
1772477857,902881476,-0.785955,-1.247034,1.950133,-0.982306,-1.358041,-2.002733,1,0.208632,0.579075,0.311127,1.878801,0.311127,1.864806,0.221208,0.600000,0.018671,0.207795,0.020796,0.310431,0.023083,0.310269,0.023083,0.220000,1,6.043902,0.028129,0.013462,0.220000,0.220000,0.600000,0.600000,0.311127,0.330000,1.977926,1
1772477857,952979154,-0.796964,-1.248728,1.979785,-0.973496,-1.364858,-1.973080,1,0.210742,0.555704,0.311127,1.864806,0.311127,1.838679,0.221452,1.844806,0.019003,0.209883,0.023083,0.310269,0.025318,0.310095,0.025318,0.220000,1,6.040507,0.030417,0.015750,0.220000,0.220000,0.600000,0.600000,0.311127,0.330000,1.950213,1
1772477857,978027985,-0.802154,-1.251884,1.993810,-0.967634,-1.366449,-1.959055,1,0.221491,0.597549,0.311127,1.838679,0.311127,1.825456,0.221793,0.600000,0.023393,0.220252,0.025318,0.310095,0.028142,0.309852,0.028142,0.220000,1,6.035763,0.032651,0.017985,0.220000,0.220000,0.600000,0.600000,0.311127,0.330000,1.936188,1
1772477858,3088224,-0.806357,-1.252542,2.008561,-0.964566,-1.368713,-1.944984,1,0.218951,0.587848,0.311127,1.825456,0.311127,1.812889,0.222065,0.600000,0.026250,0.217372,0.028142,0.309852,0.030211,0.309657,0.030211,0.220000,1,6.031967,0.035475,0.020809,0.220000,0.220000,0.600000,0.600000,0.311127,0.330000,1.922859,1
1772477858,53181014,-0.816869,-1.257963,2.037769,-0.955831,-1.370072,-1.921137,1,0.217472,0.577337,0.311127,1.812889,0.311127,1.791263,0.222987,1.792889,0.027648,0.215707,0.030211,0.309657,0.036378,0.308993,0.036378,0.220000,1,6.019037,0.037544,0.022877,0.220000,0.220000,0.600000,0.600000,0.311127,0.330000,1.899921,1
1772477858,78271828,-0.821814,-1.261516,2.053499,-0.949857,-1.371248,-1.905408,1,0.216758,0.552630,0.311127,1.791263,0.311127,1.776433,0.223634,0.600000,0.035164,0.213887,0.036378,0.308993,0.040150,0.308525,0.040150,0.220000,1,6.009929,0.043711,0.029044,0.220000,0.220000,0.600000,0.600000,0.311127,0.330000,1.884192,1
1772477858,103339136,-0.827426,-1.263611,2.067932,-0.944490,-1.373907,-1.890975,1,0.216719,0.572136,0.311127,1.776433,0.311127,1.763598,0.223968,0.600000,0.037687,0.213417,0.040150,0.308525,0.041972,0.308283,0.041972,0.220000,1,6.005205,0.047484,0.032817,0.220000,0.220000,0.600000,0.600000,0.311127,0.330000,1.870578,1
1772477858,153400071,-0.837498,-1.266762,2.095938,-0.935793,-1.379121,-1.862995,1,0.216984,0.565987,0.311127,1.763598,0.311127,1.737764,0.224641,1.743598,0.039550,0.213350,0.041972,0.308283,0.045426,0.307793,0.045426,0.220000,1,5.995660,0.049305,0.034638,0.220000,0.220000,0.600000,0.600000,0.311127,0.330000,1.843177,1
1772477858,178447896,-0.842387,-1.268403,2.110229,-0.935358,-1.381765,-1.848918,1,0.216765,0.570722,0.311127,1.737764,0.311127,1.724492,0.224980,0.600000,0.039163,0.213198,0.045426,0.307793,0.047074,0.307545,0.047074,0.220000,1,5.990835,0.052759,0.038093,0.220000,0.220000,0.600000,0.600000,0.311127,0.330000,1.829100,1
1772477858,203515600,-0.847765,-1.271070,2.123811,-0.929734,-1.383864,-1.835336,1,0.218539,0.584974,0.311127,1.724492,0.311127,1.712387,0.225441,0.600000,0.043281,0.214210,0.047074,0.307545,0.049231,0.307207,0.049231,0.220000,1,5.984251,0.054407,0.039740,0.220000,0.220000,0.600000,0.600000,0.311127,0.330000,1.816260,1
1772477858,253583707,-0.856803,-1.273695,2.151355,-0.921637,-1.388661,-1.807792,1,0.219882,0.547843,0.311127,1.712387,0.311127,1.687092,0.226295,1.692387,0.044610,0.215310,0.049231,0.307207,0.053003,0.306579,0.053003,0.220000,1,5.972015,0.056565,0.041898,0.220000,0.220000,0.600000,0.600000,0.311127,0.330000,1.789431,1
1772477858,278670546,-0.862909,-1.276042,2.165501,-0.916218,-1.391511,-1.793807,1,0.220367,0.573839,0.311127,1.687092,0.311127,1.674370,0.226658,0.600000,0.047485,0.215190,0.053003,0.306579,0.054532,0.306311,0.054532,0.220000,1,5.966788,0.060336,0.045669,0.220000,0.220000,0.600000,0.600000,0.311127,0.330000,1.775937,1
1772477858,303727869,-0.868010,-1.277841,2.180230,-0.915405,-1.394015,-1.780450,1,0.223645,0.560929,0.311127,1.674370,0.311127,1.661776,0.227049,0.600000,0.051152,0.217717,0.054532,0.306311,0.056138,0.306020,0.056138,0.220000,1,5.961134,0.061865,0.047199,0.220000,0.220000,0.600000,0.600000,0.311127,0.330000,1.762580,1
1772477858,353811504,-0.877683,-1.282423,2.209413,-0.905452,-1.397953,-1.751267,1,0.224181,0.602104,0.311127,1.661776,0.311127,1.634805,0.228387,1.641776,0.052662,0.217908,0.056138,0.306020,0.061325,0.305023,0.061325,0.220000,1,5.941710,0.063471,0.048805,0.220000,0.220000,0.600000,0.600000,0.311127,0.330000,1.733972,1
1772477858,378858677,-0.882757,-1.285824,2.223531,-0.899091,-1.398896,-1.736683,1,0.225495,0.595665,0.311127,1.634805,0.311127,1.621606,0.229386,0.600000,0.054621,0.218780,0.061325,0.305023,0.064945,0.304273,0.064945,0.220000,1,5.927095,0.068658,0.053992,0.220000,0.220000,0.600000,0.600000,0.311127,0.330000,1.719972,1
1772477858,403913628,-0.887664,-1.286962,2.238432,-0.891077,-1.397580,-1.717446,1,0.229229,0.598583,0.311127,1.621606,0.311127,1.603866,0.231547,0.600000,0.060372,0.221136,0.064945,0.304273,0.072210,0.302631,0.072210,0.220000,1,5.895116,0.072279,0.057612,0.220000,0.220000,0.600000,0.600000,0.311127,0.330000,1.701157,1
1772477858,454003154,-0.899279,-1.290350,2.268580,-0.880642,-1.403701,-1.687298,1,0.229739,0.574179,0.311127,1.603866,0.311127,1.575856,0.232598,1.583866,0.064145,0.220602,0.072210,0.302631,0.075510,0.301825,0.075510,0.220000,1,5.879406,0.079543,0.064876,0.220000,0.220000,0.600000,0.600000,0.311127,0.330000,1.671447,1
1772477858,479085818,-0.903350,-1.293412,2.282527,-0.875498,-1.404538,-1.673477,1,0.232334,0.587891,0.311127,1.575856,0.311127,1.563258,0.233735,0.600000,0.072194,0.220832,0.075510,0.301825,0.078944,0.300945,0.078944,0.220000,1,5.862267,0.082843,0.068176,0.220000,0.220000,0.600000,0.600000,0.311127,0.330000,1.658086,1
1772477858,504059742,-0.909451,-1.295273,2.297574,-0.868726,-1.407481,-1.659693,1,0.233097,0.601251,0.311127,1.563258,0.311127,1.550263,0.234213,0.600000,0.075130,0.220657,0.078944,0.300945,0.080347,0.300573,0.080347,0.220000,1,5.855026,0.086277,0.071610,0.220000,0.220000,0.600000,0.600000,0.311127,0.330000,1.644302,1
1772477858,554232517,-0.918828,-1.300279,2.328330,-0.858654,-1.410879,-1.628938,1,0.234737,0.588737,0.311127,1.550263,0.311127,1.521891,0.236377,1.530263,0.079094,0.221010,0.080347,0.300573,0.086452,0.298875,0.086452,0.220000,1,5.821938,0.087681,0.073014,0.220000,0.220000,0.600000,0.600000,0.311127,0.330000,1.614209,1
1772477858,579241672,-0.925740,-1.302634,2.342464,-0.852282,-1.414373,-1.614640,1,0.234221,0.595291,0.311127,1.521891,0.311127,1.508410,0.236755,0.600000,0.079830,0.220197,0.086452,0.298875,0.087482,0.298575,0.087482,0.220000,1,5.816094,0.093785,0.079118,0.220000,0.220000,0.600000,0.600000,0.311127,0.330000,1.599911,1
1772477858,604374589,-0.932025,-1.306651,2.356299,-0.845903,-1.416996,-1.599045,1,0.236994,0.607991,0.311127,1.508410,0.311127,1.494030,0.237596,0.600000,0.086764,0.220540,0.087482,0.298575,0.089733,0.297906,0.089733,0.220000,1,5.803070,0.094816,0.080149,0.220000,0.220000,0.600000,0.600000,0.311127,0.330000,1.584658,1
1772477858,629377856,-0.936929,-1.309018,2.371248,-0.840814,-1.418936,-1.584096,1,0.236842,0.615268,0.311127,1.494030,0.311127,1.480175,0.238623,0.600000,0.086699,0.220403,0.089733,0.297906,0.092418,0.297084,0.092418,0.220000,1,5.787058,0.097066,0.082399,0.220000,0.220000,0.600000,0.600000,0.311127,0.330000,1.569963,1
1772477858,679478027,-0.946149,-1.314082,2.401494,-0.830838,-1.422169,-1.554078,1,0.237542,0.598303,0.311127,1.480175,0.311127,1.452079,0.241006,1.460175,0.089037,0.220224,0.092418,0.297084,0.098406,0.295155,0.098406,0.220000,1,5.749470,0.099751,0.085084,0.220000,0.220000,0.600000,0.600000,0.311127,0.330000,1.540162,1
1772477858,704451307,-0.951270,-1.316823,2.417802,-0.825736,-1.424136,-1.540186,1,0.238460,0.605733,0.311127,1.452079,0.311127,1.438981,0.241967,0.600000,0.091814,0.220076,0.098406,0.295155,0.100736,0.294367,0.100736,0.220000,1,5.734138,0.105740,0.091073,0.220000,0.220000,0.600000,0.600000,0.311127,0.330000,1.526270,1
1772477858,729418682,-0.956273,-1.320240,2.432539,-0.819819,-1.425441,-1.525449,1,0.242108,0.593492,0.311127,1.438981,0.311127,1.425301,0.243314,0.600000,0.099270,0.220820,0.100736,0.294367,0.103932,0.293254,0.103932,0.220000,1,5.712457,0.108070,0.093403,0.220000,0.220000,0.600000,0.600000,0.311127,0.330000,1.511760,1
1772477858,779670536,-0.967868,-1.325547,2.462961,-0.808170,-1.430248,-1.495191,1,0.241696,0.608512,0.311127,1.425301,0.311127,1.396927,0.245301,1.405301,0.100551,0.219787,0.103932,0.293254,0.108502,0.291595,0.108502,0.220000,1,5.680124,0.111265,0.096599,0.220000,0.220000,0.600000,0.600000,0.311127,0.330000,1.481665,1
1772477858,804716105,-0.973057,-1.327843,2.478005,-0.804699,-1.432388,-1.481953,1,0.243017,0.594302,0.311127,1.396927,0.311127,1.384563,0.246166,0.600000,0.104037,0.219621,0.108502,0.291595,0.110444,0.290864,0.110444,0.220000,1,5.665902,0.115835,0.101168,0.220000,0.220000,0.600000,0.600000,0.311127,0.330000,1.468551,1
1772477858,854736907,-0.984541,-1.332845,2.508860,-0.793199,-1.437353,-1.451099,1,0.246193,0.585560,0.311127,1.384563,0.311127,1.355582,0.248255,1.364563,0.109826,0.220339,0.110444,0.290864,0.115025,0.289083,0.115025,0.220000,1,5.631208,0.117777,0.103111,0.220000,0.220000,0.600000,0.600000,0.311127,0.330000,1.437812,1
1772477858,879879108,-0.989750,-1.335378,2.524285,-0.788258,-1.439827,-1.435809,1,0.245904,0.595797,0.311127,1.355582,0.311127,1.341231,0.249303,0.600000,0.110800,0.219527,0.115025,0.289083,0.117268,0.288181,0.117268,0.220000,1,5.613623,0.122358,0.107692,0.220000,0.220000,0.600000,0.600000,0.311127,0.330000,1.422590,1
1772477858,904842842,-0.994837,-1.338857,2.538991,-0.787420,-1.445626,-1.422601,1,0.249512,0.602143,0.311127,1.341231,0.311127,1.328778,0.248654,0.600000,0.115982,0.220917,0.117268,0.288181,0.115884,0.288740,0.115884,0.220000,1,5.624525,0.124602,0.109935,0.220000,0.220000,0.600000,0.600000,0.311127,0.330000,1.409382,1
1772477858,954890233,-1.005950,-1.343786,2.569410,-0.776235,-1.450388,-1.392182,1,0.249523,0.591644,0.311127,1.328778,0.311127,1.300132,0.250849,1.308778,0.117878,0.219924,0.115884,0.288740,0.120521,0.286836,0.120521,0.220000,1,5.587421,0.123217,0.108550,0.220000,0.220000,0.600000,0.600000,0.311127,0.330000,1.378998,1
1772477858,979986862,-1.011628,-1.345089,2.585278,-0.771647,-1.453713,-1.376510,1,0.248368,0.601694,0.311127,1.300132,0.311127,1.285362,0.251621,0.600000,0.115775,0.219733,0.120521,0.286836,0.122120,0.286159,0.122120,0.220000,1,5.574234,0.127854,0.113188,0.220000,0.220000,0.600000,0.600000,0.311127,0.330000,1.363333,1
1772477859,5017599,-1.015370,-1.349320,2.599892,-0.768818,-1.454302,-1.364206,1,0.250559,0.601073,0.311127,1.285362,0.311127,1.273762,0.253104,0.600000,0.120369,0.219753,0.122120,0.286159,0.125146,0.284848,0.125146,0.220000,1,5.548710,0.129453,0.114786,0.220000,0.220000,0.600000,0.600000,0.311127,0.330000,1.351029,1
1772477859,55101141,-1.026053,-1.354668,2.630226,-0.757629,-1.458492,-1.333872,1,0.251270,0.592702,0.311127,1.273762,0.311127,1.245136,0.255648,1.253762,0.122256,0.219523,0.125146,0.284848,0.130214,0.282567,0.130214,0.220000,1,5.504279,0.132479,0.117812,0.220000,0.220000,0.600000,0.600000,0.311127,0.330000,1.320666,1
1772477859,80127049,-1.031076,-1.358751,2.645726,-0.750886,-1.459370,-1.318375,1,0.254019,0.609265,0.311127,1.245136,0.311127,1.230478,0.257542,0.600000,0.125481,0.220862,0.130214,0.282567,0.133895,0.280842,0.133895,0.220000,1,5.470661,0.137547,0.122881,0.220000,0.220000,0.600000,0.600000,0.311127,0.330000,1.305119,1
1772477859,105130810,-1.035213,-1.361826,2.661779,-0.741647,-1.459989,-1.302351,1,0.255822,0.610464,0.311127,1.230478,0.311127,1.215272,0.259674,0.600000,0.130393,0.220097,0.133895,0.280842,0.137952,0.278871,0.137952,0.220000,1,5.432282,0.141229,0.126562,0.220000,0.220000,0.600000,0.600000,0.311127,0.330000,1.288991,1
1772477859,155237351,-1.045371,-1.367988,2.692696,-0.730220,-1.463241,-1.271434,1,0.257705,0.595468,0.311127,1.215272,0.311127,1.186002,0.262874,1.195272,0.134427,0.219866,0.137952,0.278871,0.143884,0.275858,0.143884,0.220000,1,5.373574,0.145285,0.130619,0.220000,0.220000,0.600000,0.600000,0.311127,0.330000,1.257945,1
1772477859,180275261,-1.050746,-1.371447,2.707261,-0.724128,-1.464985,-1.256516,1,0.259004,0.601188,0.311127,1.186002,0.311127,1.171813,0.264361,0.600000,0.137935,0.219219,0.143884,0.275858,0.146584,0.274432,0.146584,0.220000,1,5.345813,0.151217,0.136551,0.220000,0.220000,0.600000,0.600000,0.311127,0.330000,1.242895,1
1772477859,205323033,-1.056152,-1.374362,2.722308,-0.719593,-1.468945,-1.236981,1,0.262640,0.596673,0.311127,1.171813,0.311127,1.153395,0.265517,0.600000,0.144153,0.219545,0.146584,0.274432,0.148658,0.273315,0.148658,0.220000,1,5.324038,0.153917,0.139251,0.220000,0.220000,0.600000,0.600000,0.311127,0.330000,1.223360,1
1772477859,255461558,-1.067458,-1.383288,2.753538,-0.705348,-1.471090,-1.205751,1,0.264666,0.603286,0.311127,1.153395,0.311127,1.123528,0.269415,1.133395,0.147070,0.220042,0.148658,0.273315,0.155514,0.269472,0.155514,0.220000,1,5.249195,0.155991,0.141324,0.220000,0.220000,0.600000,0.600000,0.311127,0.330000,1.191681,1
1772477859,280443596,-1.070970,-1.386803,2.768508,-0.700260,-1.470964,-1.190697,1,0.265929,0.614600,0.311127,1.123528,0.311127,1.109335,0.271861,0.600000,0.149267,0.220085,0.155514,0.269472,0.159714,0.267005,0.159714,0.220000,1,5.201125,0.162847,0.148181,0.220000,0.220000,0.600000,0.600000,0.311127,0.330000,1.176627,1
1772477859,305516773,-1.078193,-1.390853,2.784763,-0.690753,-1.469733,-1.173328,1,0.269408,0.615441,0.311127,1.109335,0.311127,1.092758,0.275259,0.600000,0.155660,0.219888,0.159714,0.267005,0.165431,0.263501,0.165431,0.220000,1,5.132868,0.167047,0.152380,0.220000,0.220000,0.600000,0.600000,0.311127,0.330000,1.159045,1
1772477859,355591613,-1.090053,-1.397726,2.815029,-0.677622,-1.473669,-1.143062,1,0.271623,0.612065,0.311127,1.092758,0.311127,1.063586,0.278246,1.072758,0.159838,0.219615,0.165431,0.263501,0.170354,0.260345,0.170354,0.220000,1,5.071393,0.172764,0.158098,0.220000,0.220000,0.600000,0.600000,0.311127,0.330000,1.128103,1
1772477859,380639181,-1.095596,-1.401871,2.830734,-0.671127,-1.475041,-1.127537,1,0.274713,0.632003,0.311127,1.063586,0.311127,1.048949,0.280101,0.600000,0.165442,0.219308,0.170354,0.260345,0.173369,0.258347,0.173369,0.220000,1,5.032481,0.177688,0.163021,0.220000,0.220000,0.600000,0.600000,0.311127,0.330000,1.112579,1
1772477859,405671415,-1.101070,-1.405573,2.846386,-0.668893,-1.478751,-1.114237,1,0.278504,0.604634,0.311127,1.048949,0.311127,1.036137,0.280432,0.600000,0.171398,0.219516,0.173369,0.258347,0.173903,0.257988,0.173903,0.220000,1,5.025478,0.180702,0.166035,0.220000,0.220000,0.600000,0.600000,0.311127,0.330000,1.098990,1
1772477859,430792044,-1.107465,-1.409541,2.861941,-0.661627,-1.480712,-1.098683,1,0.280536,0.623547,0.311127,1.036137,0.311127,1.021052,0.282019,0.600000,0.173951,0.220095,0.173903,0.257988,0.176450,0.256253,0.176450,0.220000,1,4.991677,0.181237,0.166570,0.220000,0.220000,0.600000,0.600000,0.311127,0.330000,1.082989,1
1772477859,480892256,-1.117896,-1.418567,2.891533,-0.648019,-1.482017,-1.069219,1,0.280116,0.599446,0.311127,1.021052,0.311127,0.992826,0.286217,1.001052,0.174083,0.219455,0.176450,0.256253,0.183085,0.251555,0.183085,0.220000,1,4.900166,0.183783,0.169117,0.220000,0.220000,0.600000,0.600000,0.311127,0.330000,1.053051,1
1772477859,505802673,-1.122470,-1.422326,2.906794,-0.643544,-1.480865,-1.055609,1,0.282375,0.594963,0.311127,0.992826,0.311127,0.979994,0.289009,0.600000,0.177289,0.219782,0.183085,0.251555,0.187420,0.248342,0.187420,0.220000,1,4.837586,0.190419,0.175752,0.220000,0.220000,0.600000,0.600000,0.311127,0.330000,1.039441,1
1772477859,530865330,-1.128735,-1.428312,2.922051,-0.634893,-1.481369,-1.040351,1,0.286568,0.623171,0.311127,0.979994,0.311127,0.965264,0.291288,0.600000,0.183972,0.219717,0.187420,0.248342,0.190915,0.245665,0.190915,0.220000,1,4.785446,0.194753,0.180087,0.220000,0.220000,0.600000,0.600000,0.311127,0.330000,1.023818,1
1772477859,580937419,-1.138943,-1.436346,2.953043,-0.622314,-1.483275,-1.009202,1,0.289694,0.610676,0.311127,0.965264,0.311127,0.934789,0.295467,0.945264,0.188357,0.220100,0.190915,0.245665,0.197233,0.240623,0.197233,0.220000,1,4.687217,0.198248,0.183582,0.220000,0.220000,0.600000,0.600000,0.311127,0.330000,0.991493,1
1772477859,606030435,-1.142982,-1.441054,2.968481,-0.619664,-1.481786,-0.991590,1,0.292049,0.611981,0.311127,0.934789,0.311127,0.918184,0.299041,0.600000,0.191911,0.220143,0.197233,0.240623,0.202547,0.236167,0.202547,0.220000,1,4.600412,0.204566,0.189899,0.220000,0.220000,0.600000,0.600000,0.311127,0.330000,0.973881,1
1772477859,655994963,-1.155019,-1.451274,2.999444,-0.603976,-1.483590,-0.960626,1,0.296142,0.626117,0.311127,0.918184,0.311127,0.888546,0.303235,0.898184,0.198286,0.219961,0.202547,0.236167,0.208690,0.230756,0.208690,0.220000,1,4.495017,0.209881,0.195214,0.220000,0.220000,0.600000,0.600000,0.311127,0.330000,0.942445,1
1772477859,681065434,-1.161614,-1.458001,3.013810,-0.594770,-1.483711,-0.946246,1,0.298677,0.604868,0.311127,0.888546,0.311127,0.874375,0.305537,0.600000,0.202691,0.219372,0.208690,0.230756,0.212020,0.227700,0.212020,0.220000,1,4.435491,0.216024,0.201357,0.220000,0.220000,0.600000,0.600000,0.311127,0.330000,0.927414,1
1772477859,706116688,-1.165838,-1.462617,3.028859,-0.591631,-1.482210,-0.930999,1,0.299256,0.606051,0.311127,0.874375,0.311127,0.859295,0.308685,0.600000,0.206189,0.216887,0.212020,0.227700,0.216533,0.223414,0.216533,0.220000,1,4.351990,0.219354,0.204687,0.220000,0.220000,0.600000,0.600000,0.311127,0.330000,0.911420,1
1772477859,731146816,-1.171205,-1.466519,3.043883,-0.585114,-1.483461,-0.915976,1,0.300186,0.626164,0.311127,0.859295,0.311127,0.845131,0.310497,0.600000,0.208414,0.216044,0.216533,0.223414,0.219108,0.220888,0.219108,0.220000,1,4.302797,0.220000,0.209199,0.220000,0.216080,0.600000,0.600000,0.311127,0.330000,0.896396,1
1772477859,781246130,-1.182367,-1.476261,3.075951,-0.570739,-1.484755,-0.883901,1,0.300687,0.582543,0.311127,0.845131,0.311127,0.813622,0.307221,0.825131,0.211501,0.213729,0.219108,0.220888,0.225423,0.214440,0.220000,0.214440,1,4.177190,0.220000,0.211775,0.220000,0.213555,0.600000,0.600000,0.311127,0.330000,0.862976,1
1772477859,806312820,-1.187850,-1.482940,3.090555,-0.567555,-1.481290,-0.869193,1,0.298381,0.579367,0.311127,0.813622,0.311127,0.799755,0.303194,0.600000,0.210799,0.211175,0.225423,0.214440,0.230810,0.208630,0.220000,0.208630,1,4.064018,0.220000,0.218090,0.220000,0.207107,0.600000,0.600000,0.311127,0.330000,0.848268,1
1772477859,831345491,-1.193515,-1.487026,3.105107,-0.560700,-1.482632,-0.854641,1,0.300627,0.600917,0.311127,0.799755,0.311127,0.785195,0.301460,0.600000,0.215801,0.209300,0.230810,0.208630,0.233071,0.206102,0.220000,0.206102,1,4.014768,0.220000,0.220000,0.215964,0.201297,0.600000,0.600000,0.311127,0.330000,0.832825,1
1772477859,881337251,-1.204652,-1.498083,3.133996,-0.545134,-1.483010,-0.825628,1,0.301725,0.604025,0.311127,0.785195,0.311127,0.756351,0.296838,0.765195,0.219736,0.206771,0.233071,0.206102,0.238929,0.199281,0.220000,0.199281,1,3.881894,0.220000,0.220000,0.213435,0.198769,0.600000,0.600000,0.311127,0.330000,0.802231,1
1772477859,906424181,-1.209547,-1.502563,-3.133762,-0.540401,-1.480421,-0.808199,1,0.300473,0.604894,0.311127,0.756351,0.311127,0.739918,0.292716,0.600000,0.219258,0.205451,0.238929,0.199281,0.243962,0.193087,0.220000,0.193087,1,3.761234,0.220000,0.220000,0.206614,0.191947,0.600000,0.600000,0.311127,0.330000,0.784802,1
1772477859,956605087,-1.220304,-1.514472,-3.103416,-0.524357,-1.480097,-0.777854,1,0.296803,0.612990,0.311127,0.739918,0.311127,0.709323,0.287931,0.719918,0.220321,0.198874,0.243962,0.193087,0.250106,0.185060,0.220000,0.185753,1,3.604876,0.220000,0.220000,0.200420,0.185753,0.600000,0.600000,0.311127,0.330000,0.752351,1
1772477859,981548745,-1.225632,-1.517508,-3.087754,-0.518367,-1.482326,-0.762437,1,0.293195,0.625518,0.311127,0.709323,0.311127,0.694787,0.286022,0.600000,0.220795,0.192906,0.250106,0.185060,0.251776,0.182781,0.220000,0.182781,1,3.560479,0.220000,0.220000,0.192393,0.177726,0.600000,0.600000,0.311127,0.330000,0.736933,1
1772477860,6552830,-1.230262,-1.522732,-3.072062,-0.509478,-1.488567,-0.750430,1,0.287890,0.607498,0.311127,0.694787,0.311127,0.682650,0.287036,0.600000,0.220357,0.185266,0.251776,0.182781,0.250620,0.184363,0.220000,0.184363,1,3.591297,0.220000,0.220000,0.190114,0.175447,0.600000,0.600000,0.311127,0.330000,0.724060,1
1772477860,56686171,-1.241180,-1.533487,-3.041244,-0.494166,-1.489212,-0.719611,1,0.286302,0.613844,0.311127,0.682650,0.311127,0.651320,0.282382,0.662650,0.220382,0.182758,0.250620,0.184363,0.256058,0.176733,0.220000,0.177029,1,3.442671,0.220000,0.220000,0.191696,0.177029,0.600000,0.600000,0.311127,0.330000,0.690829,1
1772477860,81675336,-1.246267,-1.538194,-3.026071,-0.487388,-1.489788,-0.704339,1,0.286891,0.614120,0.311127,0.651320,0.311127,0.635860,0.279938,0.600000,0.220276,0.183807,0.256058,0.176733,0.258524,0.173105,0.220000,0.173105,1,3.371995,0.220000,0.220000,0.184066,0.169399,0.600000,0.600000,0.311127,0.330000,0.674431,1
1772477860,106714457,-1.250485,-1.543726,-3.011659,-0.482494,-1.490136,-0.688427,1,0.279257,0.580448,0.311127,0.635860,0.311127,0.620857,0.277498,0.600000,0.220237,0.171697,0.258524,0.173105,0.261141,0.169131,0.220000,0.169131,1,3.294585,0.220000,0.220000,0.180438,0.165771,0.600000,0.600000,0.311127,0.330000,0.658519,1
1772477860,156728680,-1.260294,-1.554888,-2.983071,-0.467642,-1.489668,-0.659838,1,0.276515,0.592187,0.311127,0.620857,0.311127,0.591465,0.273090,0.600857,0.220034,0.167467,0.261141,0.169131,0.266318,0.160856,0.220000,0.161797,1,3.133395,0.220000,0.220000,0.176464,0.161797,0.600000,0.600000,0.311127,0.330000,0.627343,1
1772477860,181777059,-1.264575,-1.558115,-2.967780,-0.462396,-1.490367,-0.644430,1,0.277251,0.595413,0.311127,0.591465,0.311127,0.576938,0.270374,0.576938,0.220189,0.168478,0.266318,0.160856,0.268511,0.157169,0.220000,0.157169,1,3.061571,0.220000,0.220000,0.168189,0.153522,0.600000,0.571465,0.311127,0.330000,0.611935,1
1772477860,206849101,-1.269065,-1.562066,-2.952413,-0.457004,-1.487467,-0.627225,1,0.269590,0.567948,0.311127,0.576938,0.311127,0.559274,0.266263,0.559274,0.219950,0.155887,0.268511,0.157169,0.272588,0.149986,0.220000,0.149986,1,2.921658,0.220000,0.220000,0.164502,0.149835,0.596938,0.556938,0.311127,0.330000,0.593200,1
1772477860,256895224,-1.278360,-1.571327,-2.921602,-0.443890,-1.487898,-0.596415,1,0.270507,0.600092,0.311127,0.559274,0.311127,0.529015,0.262202,0.539274,0.220459,0.156753,0.272588,0.149986,0.277085,0.141506,0.220000,0.142653,1,2.756471,0.220000,0.220000,0.157319,0.142653,0.579274,0.539274,0.311127,0.330000,0.561105,1
1772477860,281914975,-1.282015,-1.577161,-2.907072,-0.437182,-1.486585,-0.581893,1,0.266633,0.555760,0.311127,0.529015,0.311127,0.513976,0.258723,0.513976,0.220507,0.149900,0.277085,0.141506,0.279755,0.136152,0.220000,0.136152,1,2.652177,0.220000,0.220000,0.148839,0.134173,0.549015,0.509015,0.311127,0.330000,0.545154,1
1772477860,306943532,-1.288048,-1.581230,-2.893066,-0.430835,-1.488497,-0.568026,1,0.258304,0.498131,0.311127,0.513976,0.311127,0.500902,0.257441,0.500902,0.220640,0.134309,0.279755,0.136152,0.280935,0.133700,0.220000,0.133700,1,2.604416,0.220000,0.220000,0.143485,0.128819,0.533976,0.493976,0.311127,0.330000,0.531287,1
1772477860,357026132,-1.295418,-1.591384,-2.864860,-0.418388,-1.486916,-0.539820,1,0.258707,0.543890,0.311127,0.500902,0.311127,0.470930,0.253710,0.480902,0.220327,0.135592,0.280935,0.133700,0.285371,0.123949,0.220000,0.126367,1,2.414465,0.220000,0.220000,0.141034,0.126367,0.520902,0.480902,0.311127,0.330000,0.499496,1
1772477860,382069611,-1.300875,-1.595613,-2.851221,-0.411430,-1.488392,-0.526044,1,0.258106,0.489810,0.311127,0.470930,0.311127,0.457942,0.251105,0.457942,0.221079,0.133203,0.285371,0.123949,0.286611,0.121053,0.220000,0.121053,1,2.358062,0.220000,0.220000,0.131282,0.116616,0.490930,0.450930,0.311127,0.330000,0.485721,1
1772477860,407090210,-1.303541,-1.600871,-2.837905,-0.403478,-1.493247,-0.510472,1,0.250835,0.445571,0.311127,0.457942,0.311127,0.441753,0.250855,0.441753,0.220691,0.119222,0.286611,0.121053,0.286830,0.120533,0.220000,0.120533,1,2.347934,0.220000,0.220000,0.128387,0.113720,0.477942,0.437942,0.311127,0.330000,0.468550,1
1772477860,432125676,-1.307821,-1.604683,-2.826020,-0.397768,-1.493742,-0.498587,1,0.251657,0.451528,0.311127,0.441753,0.311127,0.428946,0.249336,0.428946,0.220699,0.120927,0.286830,0.120533,0.288152,0.117339,0.220000,0.117339,1,2.285714,0.220000,0.220000,0.127867,0.113200,0.461753,0.421753,0.311127,0.330000,0.454966,1
1772477860,482202784,-1.317754,-1.614537,-2.802614,-0.383702,-1.494256,-0.475169,1,0.250708,0.463909,0.311127,0.428946,0.311127,0.404835,0.246178,0.408946,0.220011,0.120206,0.288152,0.117339,0.290854,0.110471,0.220000,0.110471,1,2.151923,0.220000,0.220000,0.124673,0.110006,0.448946,0.408946,0.311127,0.330000,0.429393,1
1772477860,507160225,-1.321612,-1.618054,-2.791356,-0.377008,-1.495655,-0.463679,1,0.245677,0.380735,0.311127,0.404835,0.311127,0.391883,0.245118,0.391883,0.220146,0.109053,0.290854,0.110471,0.291749,0.108087,0.220000,0.108087,1,2.105482,0.220000,0.220000,0.117804,0.103138,0.424835,0.384835,0.311127,0.330000,0.415655,1
1772477860,557188719,-1.329050,-1.627429,-2.770329,-0.365085,-1.494625,-0.442652,1,0.246331,0.418061,0.311127,0.391883,0.311127,0.370174,0.241974,0.371883,0.220393,0.110025,0.291749,0.108087,0.294449,0.100497,0.220000,0.100754,1,1.957626,0.220000,0.220000,0.115420,0.100754,0.411883,0.371883,0.311127,0.330000,0.392629,1
1772477860,582213325,-1.333199,-1.631664,-2.759751,-0.359104,-1.494585,-0.432162,1,0.244923,0.397687,0.311127,0.370174,0.311127,0.358297,0.240475,0.358297,0.220274,0.107082,0.294449,0.100497,0.295587,0.097098,0.220000,0.097098,1,1.891426,0.220000,0.220000,0.107830,0.093163,0.390174,0.350174,0.311127,0.330000,0.380032,1
1772477860,607225687,-1.337919,-1.637307,-2.749490,-0.350751,-1.491377,-0.423532,1,0.240348,0.359975,0.311127,0.358297,0.311127,0.347953,0.238180,0.347953,0.220373,0.095931,0.295587,0.097098,0.297439,0.091268,0.220000,0.091268,1,1.777856,0.220000,0.220000,0.104432,0.089765,0.378297,0.338297,0.311127,0.330000,0.369060,1
1772477860,657249072,-1.345012,-1.645443,-2.729604,-0.339965,-1.490965,-0.403647,1,0.240699,0.372351,0.311127,0.347953,0.311127,0.326623,0.235647,0.327953,0.220246,0.097096,0.297439,0.091268,0.299451,0.084435,0.220000,0.084435,1,1.644762,0.220000,0.220000,0.098601,0.083935,0.367953,0.327953,0.311127,0.330000,0.346436,1
1772477860,682318527,-1.349624,-1.650450,-2.720077,-0.332990,-1.490941,-0.394115,1,0.237773,0.356667,0.311127,0.326623,0.311127,0.317637,0.234507,0.317637,0.219816,0.090645,0.299451,0.084435,0.300344,0.081201,0.220000,0.081201,1,1.581755,0.220000,0.220000,0.091769,0.077102,0.346623,0.306623,0.311127,0.330000,0.336905,1
1772477860,707280384,-1.352997,-1.654058,-2.711273,-0.324873,-1.491865,-0.385228,1,0.234133,0.307600,0.311127,0.317637,0.311127,0.306648,0.233733,0.306648,0.219953,0.080244,0.300344,0.081201,0.300946,0.078938,0.220000,0.078938,1,1.537682,0.220000,0.220000,0.088534,0.073868,0.337637,0.297637,0.311127,0.330000,0.325249,1
1772477860,757309499,-1.360791,-1.662002,-2.694250,-0.313747,-1.492094,-0.368204,1,0.234758,0.338427,0.311127,0.306648,0.311127,0.288090,0.231919,0.288090,0.220307,0.081094,0.300946,0.078938,0.302346,0.073394,0.220000,0.073394,1,1.429672,0.220000,0.220000,0.086272,0.071605,0.326648,0.286648,0.311127,0.330000,0.305566,1
1772477860,782301738,-1.365618,-1.668726,-2.685629,-0.305543,-1.490812,-0.359604,1,0.234625,0.309304,0.311127,0.288090,0.311127,0.277325,0.230606,0.277325,0.220949,0.078933,0.302346,0.073394,0.303349,0.069131,0.220000,0.069131,1,1.346640,0.220000,0.220000,0.080727,0.066060,0.308090,0.268090,0.311127,0.330000,0.294148,1
1772477860,807386457,-1.369144,-1.670906,-2.677676,-0.301565,-1.487618,-0.352112,1,0.230382,0.274515,0.311127,0.277325,0.311127,0.267443,0.229029,0.267443,0.220309,0.067379,0.303349,0.069131,0.304542,0.063672,0.220000,0.063672,1,1.240292,0.220000,0.220000,0.076464,0.061798,0.297325,0.257325,0.311127,0.330000,0.283666,1
1772477860,857321453,-1.377095,-1.680921,-2.663745,-0.288823,-1.486548,-0.338182,1,0.230973,0.282164,0.311127,0.267443,0.311127,0.251212,0.227423,0.251212,0.220467,0.068868,0.304542,0.063672,0.305743,0.057629,0.220000,0.057629,1,1.122587,0.220000,0.220000,0.071005,0.056338,0.287443,0.247443,0.311127,0.330000,0.266450,1
1772477860,882366711,-1.381072,-1.684463,-2.656257,-0.283395,-1.487054,-0.330767,1,0.227584,0.259051,0.311127,0.251212,0.311127,0.244221,0.226887,0.244221,0.220490,0.056383,0.305743,0.057629,0.306141,0.055477,0.220000,0.055477,1,1.080672,0.220000,0.220000,0.064962,0.050296,0.271212,0.231212,0.311127,0.330000,0.259035,1
1772477860,907379281,-1.386120,-1.687270,-2.648294,-0.275036,-1.489652,-0.324518,1,0.226812,0.241321,0.311127,0.244221,0.311127,0.234838,0.226869,0.234838,0.220056,0.054944,0.306141,0.055477,0.306154,0.055405,0.220000,0.055405,1,1.079258,0.220000,0.220000,0.062811,0.048144,0.264221,0.224221,0.311127,0.330000,0.249083,1
1772477860,957380078,-1.393048,-1.694077,-2.635016,-0.265332,-1.490052,-0.311241,1,0.226399,0.252809,0.311127,0.234838,0.311127,0.218726,0.225837,0.218726,0.219649,0.054872,0.306154,0.055405,0.306916,0.051013,0.220000,0.051013,1,0.993709,0.220000,0.220000,0.062738,0.048071,0.254838,0.214838,0.311127,0.330000,0.231994,1
1772477860,982392991,-1.398497,-1.700959,-2.629378,-0.256603,-1.489340,-0.305584,1,0.226246,0.203744,0.311127,0.218726,0.311127,0.209780,0.225167,0.209780,0.220540,0.050491,0.306916,0.051013,0.307408,0.047959,0.220000,0.047959,1,0.934210,0.220000,0.220000,0.058346,0.043680,0.238726,0.198726,0.311127,0.330000,0.222506,1
1772477861,7394850,-1.404054,-1.704354,-2.623318,-0.250865,-1.491574,-0.298980,1,0.224895,0.209423,0.311127,0.209780,0.311127,0.199700,0.225082,0.199700,0.219995,0.046690,0.307408,0.047959,0.307470,0.047561,0.220000,0.047561,1,0.926468,0.220000,0.220000,0.055292,0.040625,0.229780,0.189780,0.311127,0.330000,0.211814,1
1772477861,57398091,-1.410754,-1.711516,-2.612688,-0.241058,-1.491560,-0.288349,1,0.225236,0.208917,0.311127,0.199700,0.311127,0.185559,0.224256,0.185559,0.220191,0.047406,0.307470,0.047561,0.308073,0.043484,0.220000,0.043484,1,0.847050,0.220000,0.220000,0.054894,0.040228,0.219700,0.179700,0.311127,0.330000,0.196816,1
1772477861,82430274,-1.414644,-1.715994,-2.607506,-0.235115,-1.491247,-0.283044,1,0.224641,0.169210,0.311127,0.185559,0.311127,0.180558,0.223799,0.180558,0.220644,0.042185,0.308073,0.043484,0.308405,0.041062,0.220000,0.041062,1,0.799862,0.220000,0.220000,0.050817,0.036151,0.205559,0.165559,0.311127,0.330000,0.191510,1
1772477861,107469251,-1.419307,-1.720903,-2.602382,-0.227858,-1.488535,-0.273953,1,0.224243,0.178279,0.311127,0.180558,0.311127,0.167580,0.222780,0.167580,0.220533,0.040623,0.308405,0.041062,0.309142,0.035088,0.220000,0.035088,1,0.683488,0.220000,0.220000,0.048395,0.033728,0.200558,0.160558,0.311127,0.330000,0.177745,1
1772477861,157425579,-1.427407,-1.728651,-2.592600,-0.216663,-1.489093,-0.264172,1,0.223977,0.177779,0.311127,0.167580,0.311127,0.153632,0.222253,0.153632,0.220251,0.040685,0.309142,0.035088,0.309522,0.031564,0.220000,0.031564,1,0.614851,0.220000,0.220000,0.042421,0.027754,0.187580,0.147580,0.311127,0.330000,0.162952,1
1772477861,182477821,-1.431852,-1.732273,-2.588105,-0.210875,-1.489735,-0.259591,1,0.222507,0.157693,0.311127,0.153632,0.311127,0.144240,0.222062,0.144240,0.220333,0.031026,0.309522,0.031564,0.309659,0.030191,0.220000,0.030191,1,0.588109,0.220000,0.220000,0.038897,0.024231,0.173632,0.133632,0.311127,0.330000,0.152990,1
1772477861,207462789,-1.435248,-1.736816,-2.583640,-0.201704,-1.485610,-0.252123,1,0.222535,0.184716,0.311127,0.144240,0.311127,0.131745,0.221210,0.131745,0.220502,0.030008,0.309659,0.030191,0.310268,0.023106,0.220000,0.023106,1,0.450087,0.220000,0.220000,0.037524,0.022858,0.164240,0.124240,0.311127,0.330000,0.139736,1
1772477861,257436805,-1.444432,-1.744453,-2.575332,-0.189841,-1.486997,-0.243815,1,0.221738,0.153413,0.311127,0.131745,0.311127,0.118034,0.220960,0.118034,0.219754,0.029596,0.310268,0.023106,0.310446,0.020579,0.220000,0.020579,1,0.400862,0.220000,0.220000,0.030439,0.015772,0.151745,0.111745,0.311127,0.330000,0.125194,1
1772477861,282472143,-1.448189,-1.747823,-2.570988,-0.184771,-1.487399,-0.239474,1,0.220651,0.108057,0.311127,0.118034,0.311127,0.107600,0.220824,0.107600,0.219795,0.019417,0.310446,0.020579,0.310543,0.019056,0.220000,0.019056,1,0.371194,0.220000,0.220000,0.027912,0.013245,0.138034,0.098034,0.311127,0.330000,0.114127,1
1772477861,307467104,-1.452568,-1.751183,-2.568030,-0.177657,-1.488412,-0.236650,1,0.221260,0.128390,0.311127,0.107600,0.311127,0.104937,0.220761,0.104937,0.220408,0.019389,0.310543,0.019056,0.310588,0.018312,0.220000,0.018312,1,0.356705,0.220000,0.220000,0.026389,0.011722,0.127600,0.087600,0.311127,0.330000,0.111303,1
1772477861,357484208,-1.461971,-1.759079,-2.561916,-0.165455,-1.489780,-0.230537,1,0.220845,0.115636,0.311127,0.104937,0.311127,0.084893,0.220598,0.084937,0.220086,0.018296,0.310588,0.018312,0.310704,0.016227,0.220000,0.016227,1,0.316095,0.220000,0.220000,0.025645,0.010978,0.124937,0.084937,0.311127,0.330000,0.090043,1
1772477861,382497937,-1.465333,-1.763914,-2.559145,-0.159620,-1.488869,-0.227776,1,0.220670,0.077854,0.311127,0.084893,0.311127,0.082290,0.220431,0.082290,0.220126,0.015487,0.310704,0.016227,0.310822,0.013770,0.220000,0.013770,1,0.268231,0.220000,0.220000,0.023560,0.008894,0.104893,0.064893,0.311127,0.330000,0.087282,1
1772477861,407501290,-1.471856,-1.767658,-2.555945,-0.151588,-1.490190,-0.225207,1,0.220683,0.109384,0.311127,0.082290,0.311127,0.071813,0.220392,0.071813,0.220273,0.013449,0.310822,0.013770,0.310849,0.013142,0.220000,0.013142,1,0.256008,0.220000,0.220000,0.021103,0.006437,0.102290,0.062290,0.311127,0.330000,0.076169,1
1772477861,458107078,-1.480344,-1.777500,-2.551123,-0.138607,-1.489563,-0.220384,1,0.220553,0.088551,0.311127,0.071813,0.311127,0.058511,0.220194,0.058511,0.220156,0.013234,0.310849,0.013142,0.310990,0.009233,0.220000,0.009233,1,0.179845,0.220000,0.220000,0.020476,0.005809,0.091813,0.051813,0.311127,0.330000,0.062060,1
1772477861,482518271,-1.485734,-1.782091,-2.548640,-0.131566,-1.490307,-0.217901,1,0.220354,0.077274,0.311127,0.058511,0.311127,0.046633,0.220149,0.046633,0.219959,0.013186,0.310990,0.009233,0.311022,0.008096,0.220000,0.008096,1,0.157711,0.220000,0.220000,0.016566,0.001899,0.078511,0.038511,0.311127,0.330000,0.049462,1
1772477861,507504698,-1.489876,-1.785302,-2.546174,-0.126401,-1.491010,-0.215433,1,0.219846,0.056917,0.311127,0.046633,0.311127,0.033568,0.220117,0.033568,0.219662,0.008992,0.311022,0.008096,0.311044,0.007191,0.220000,0.007191,1,0.140079,0.220000,0.220000,0.015430,0.000763,0.066633,0.026633,0.311127,0.330000,0.035604,1
1772477861,557521802,-1.498104,-1.793439,-2.543308,-0.116009,-1.485162,-0.212471,1,0.220180,0.042663,0.311127,0.033568,0.311127,0.030775,0.220000,0.030775,0.220036,0.007965,0.311044,0.007191,0.311126,-0.000858,0.220000,-0.000142,1,-0.016716,0.220000,0.220000,0.014524,-0.000142,0.053568,0.013568,0.311127,0.330000,0.032642,1
1772477861,582526329,-1.502616,-1.794253,-2.541688,-0.112310,-1.487871,-0.210851,1,0.220255,0.054505,0.311127,0.030775,0.311127,0.016796,0.220001,0.016796,0.220141,0.007101,0.311126,-0.000858,0.311127,0.000511,0.220000,0.000511,1,0.009957,0.220000,0.220000,0.006475,-0.008191,0.050775,0.010775,0.311127,0.330000,0.017815,1
1772477861,607505155,-1.506279,-1.797501,-2.541388,-0.107433,-1.488288,-0.210551,1,0.219530,0.050874,0.311127,0.016796,0.311127,0.016513,0.220000,0.016513,0.219530,0.000000,0.311127,0.000511,0.311127,-0.000046,0.220000,-0.000046,1,-0.000902,0.220000,0.220000,0.007844,-0.006822,0.036796,-0.003204,0.311127,0.330000,0.017515,1
1772477861,657544725,-1.515940,-1.804598,-2.538518,-0.099579,-1.493309,-0.209088,1,0.220395,0.052496,0.311127,0.016513,0.311127,0.001646,0.220016,0.001646,0.220391,0.001250,0.311127,-0.000046,0.311115,0.002682,0.220000,0.002682,1,0.052235,0.220000,0.220000,0.007287,-0.007380,0.036513,-0.003487,0.311127,0.330000,0.001746,1
1772477861,682576657,-1.521197,-1.810442,-2.536445,-0.091722,-1.493104,-0.207014,1,0.219762,-0.001813,0.311127,0.001646,0.311127,-0.014606,0.220000,-0.014606,0.219762,0.000000,0.311115,0.002682,0.311127,0.000300,0.220000,0.000300,1,0.005843,0.220000,0.220000,0.010015,-0.004652,0.021646,-0.018354,0.311127,0.330000,-0.015492,1
1772477861,707592914,-1.524940,-1.814797,-2.536340,-0.085986,-1.492825,-0.206910,1,0.219783,0.011070,0.311127,-0.014606,0.311127,-0.032251,0.220003,-0.032251,0.219766,0.002766,0.311127,0.000300,0.311125,-0.001161,0.220000,-0.001161,1,-0.022623,0.220000,0.220000,0.007633,-0.007033,0.005394,-0.034606,0.311127,0.330000,-0.034208,1
1772477861,757536639,-1.535057,-1.820340,-2.535203,-0.075003,-1.496354,-0.205773,1,0.220324,-0.005231,0.311127,-0.032251,0.311127,-0.053262,0.220001,-0.052251,0.220324,0.000000,0.311125,-0.001161,0.311126,-0.000703,0.220000,-0.000703,1,-0.013690,0.220000,0.220000,0.006172,-0.008495,-0.012251,-0.052251,0.311127,0.330000,-0.056493,1
1772477861,782604114,-1.538418,-1.823695,-2.536006,-0.070279,-1.496447,-0.206534,1,0.220006,-0.026127,0.311127,-0.053262,0.311127,-0.052545,0.220005,-0.052545,0.220006,0.000000,0.311126,-0.000703,0.311123,-0.001492,0.220000,-0.001492,1,-0.029071,0.220000,0.220000,0.006631,-0.008036,-0.033262,-0.073262,0.311127,0.330000,-0.055733,1
1772477861,807574202,-1.541643,-1.826048,-2.537208,-0.068313,-1.493964,-0.204263,1,0.220389,-0.042362,0.311127,-0.052545,0.311127,-0.054686,0.220055,-0.054686,0.220389,0.000000,0.311123,-0.001492,0.311088,-0.004929,0.220000,-0.004929,1,-0.096017,0.220000,0.220000,0.005841,-0.008826,-0.032545,-0.072545,0.311127,0.330000,-0.058003,1
1772477861,857554792,-1.551694,-1.834364,-2.539849,-0.055358,-1.495492,-0.206904,1,0.220067,-0.052475,0.311127,-0.054686,0.311127,-0.101341,0.220084,-0.074686,0.220060,-0.001783,0.311088,-0.004929,0.311068,-0.006072,0.220000,-0.006072,1,-0.118283,0.220000,0.220000,0.002404,-0.012262,-0.034686,-0.074686,0.311127,0.330000,-0.107488,1
1772477861,882565147,-1.556268,-1.838660,-2.541340,-0.049092,-1.495834,-0.208395,1,0.220055,-0.047568,0.311127,-0.101341,0.311127,-0.099936,0.220113,-0.099936,0.219990,-0.005369,0.311068,-0.006072,0.311047,-0.007048,0.220000,-0.007048,1,-0.137293,0.220000,0.220000,0.001261,-0.013406,-0.081341,-0.121341,0.311127,0.330000,-0.105998,1
1772477861,907535006,-1.561382,-1.842016,-2.543552,-0.043134,-1.497217,-0.210607,1,0.220596,-0.065463,0.311127,-0.099936,0.311127,-0.130443,0.220109,-0.119936,0.220517,-0.005904,0.311047,-0.007048,0.311050,-0.006924,0.220000,-0.006924,1,-0.134874,0.220000,0.220000,0.000285,-0.014381,-0.079936,-0.119936,0.311127,0.330000,-0.138356,1
1772477861,957636481,-1.570657,-1.849602,-2.546157,-0.031242,-1.498688,-0.213212,1,0.220002,-0.094195,0.311127,-0.130443,0.311127,-0.168068,0.220173,-0.150443,0.219866,-0.007733,0.311050,-0.006924,0.311005,-0.008723,0.220000,-0.008723,1,-0.169918,0.220000,0.220000,0.000409,-0.014257,-0.110443,-0.150443,0.311127,0.330000,-0.178263,1
1772477861,982688360,-1.575172,-1.854210,-2.548264,-0.024823,-1.498703,-0.215228,1,0.219901,-0.119089,0.311127,-0.168068,0.311127,-0.214729,0.220249,-0.188068,0.219789,-0.007011,0.311005,-0.008723,0.310951,-0.010466,0.220000,-0.010466,1,-0.203872,0.220000,0.220000,-0.001390,-0.016056,-0.148068,-0.188068,0.311127,0.330000,-0.227755,1
1772477862,7717003,-1.580278,-1.857309,-2.550052,-0.021787,-1.494404,-0.209432,1,0.220127,-0.128888,0.311127,-0.214729,0.311127,-0.220194,0.220670,-0.220194,0.219955,-0.008685,0.310951,-0.010466,0.310652,-0.017186,0.220000,-0.017186,1,-0.334772,0.220000,0.220000,-0.003133,-0.017799,-0.194729,-0.234729,0.311127,0.330000,-0.233551,1
1772477862,32765617,-1.584558,-1.860164,-2.553140,-0.016758,-1.495491,-0.212521,1,0.220072,-0.161354,0.311127,-0.220194,0.311127,-0.279931,0.220679,-0.240194,0.219780,-0.011336,0.310652,-0.017186,0.310646,-0.017299,0.220000,-0.017299,1,-0.336970,0.220000,0.220000,-0.009853,-0.024519,-0.200194,-0.240194,0.311127,0.330000,-0.296911,1
1772477862,82892344,-1.593829,-1.866067,-2.560772,-0.006067,-1.498038,-0.220153,1,0.220935,-0.162776,0.311127,-0.279931,0.311127,-0.355677,0.220707,-0.299931,0.220275,-0.017070,0.310646,-0.017299,0.310626,-0.017652,0.220000,-0.017652,1,-0.343850,0.220000,0.220000,-0.009965,-0.024632,-0.259931,-0.299931,0.311127,0.330000,-0.377253,1
1772477862,107843034,-1.598368,-1.869937,-2.564571,-0.000130,-1.498604,-0.223951,1,0.220695,-0.187659,0.311127,-0.355677,0.311127,-0.352096,0.220820,-0.352096,0.220035,-0.017060,0.310626,-0.017652,0.310546,-0.019013,0.220000,-0.019013,1,-0.370363,0.220000,0.220000,-0.010319,-0.024985,-0.335677,-0.375677,0.311127,0.330000,-0.373455,1
1772477862,132896959,-1.603133,-1.873039,-2.568072,0.005415,-1.499866,-0.227453,1,0.220691,-0.205480,0.311127,-0.352096,0.311127,-0.462562,0.220929,-0.372096,0.220007,-0.017363,0.310546,-0.019013,0.310468,-0.020243,0.220000,-0.020243,1,-0.394324,0.220000,0.220000,-0.011680,-0.026346,-0.332096,-0.372096,0.311127,0.330000,-0.490621,1
1772477862,182969082,-1.612913,-1.878630,-2.577920,0.016236,-1.502998,-0.237300,1,0.221248,-0.234148,0.311127,-0.462562,0.311127,-0.610648,0.221139,-0.482562,0.220392,-0.019451,0.310468,-0.020243,0.310319,-0.022413,0.220000,-0.022413,1,-0.436591,0.220000,0.220000,-0.012910,-0.027576,-0.442562,-0.482562,0.311127,0.330000,-0.647690,1
1772477862,207961620,-1.617801,-1.882879,-2.584940,0.022689,-1.503550,-0.244320,1,0.221106,-0.259747,0.311127,-0.610648,0.311127,-0.813256,0.221531,-0.600000,0.220171,-0.020304,0.310319,-0.022413,0.310039,-0.026001,0.220000,-0.026001,1,-0.506490,0.220000,0.220000,-0.015079,-0.029746,-0.590648,-0.600000,0.311127,0.330000,-0.862589,1
1772477862,258039504,-1.627765,-1.886960,-2.597000,0.032464,-1.507849,-0.256325,1,0.220747,-0.277720,0.311127,-0.813256,0.311127,-0.926121,0.222078,-0.600000,0.219574,-0.022728,0.310039,-0.026001,0.309647,-0.030313,0.220000,-0.030313,1,-0.594392,0.220000,0.220000,-0.018668,-0.033334,-0.600000,-0.600000,0.311127,0.330000,-0.975826,1
1772477862,283027409,-1.632966,-1.890649,-2.603624,0.035039,-1.508407,-0.260692,1,0.221660,-0.294087,0.311127,-0.926121,0.311127,-0.929369,0.221944,-0.600000,0.220136,-0.025941,0.309647,-0.030313,0.309743,-0.029311,0.220000,-0.029311,1,-0.579362,0.220000,0.220000,-0.022979,-0.037646,-0.600000,-0.600000,0.311127,0.330000,-0.971458,1
1772477862,308070612,-1.638537,-1.893201,-2.611086,0.040754,-1.510618,-0.268155,1,0.222129,-0.316806,0.311127,-0.929369,0.311127,-0.939939,0.221640,-0.600000,0.220090,-0.030035,0.309743,-0.029311,0.309961,-0.026915,0.220000,-0.026915,1,-0.542225,0.220000,0.220000,-0.021978,-0.036644,-0.600000,-0.600000,0.311127,0.330000,-0.963996,1
1772477862,358133686,-1.648430,-1.897598,-2.625931,0.050806,-1.514638,-0.283000,1,0.221512,-0.317631,0.311127,-0.939939,0.311127,-0.957954,0.221100,-0.600000,0.219601,-0.029034,0.309961,-0.026915,0.310346,-0.022031,0.220000,-0.022031,1,-0.459413,0.220000,0.220000,-0.019582,-0.034249,-0.600000,-0.600000,0.311127,0.330000,-0.949151,1
1772477862,383201244,-1.654356,-1.900816,-2.634110,0.057245,-1.516638,-0.291179,1,0.221937,-0.360578,0.311127,-0.957954,0.311127,-0.970907,0.220894,-0.600000,0.220238,-0.027410,0.310346,-0.022031,0.310493,-0.019858,0.220000,-0.019858,1,-0.423345,0.220000,0.220000,-0.014698,-0.029365,-0.600000,-0.600000,0.311127,0.330000,-0.940972,1
1772477862,408180357,-1.658987,-1.903121,-2.643254,0.062128,-1.518348,-0.300323,1,0.220933,-0.374163,0.311127,-0.970907,0.311127,-0.978252,0.220665,-0.600000,0.219859,-0.021755,0.310493,-0.019858,0.310656,-0.017117,0.220000,-0.017117,1,-0.371278,0.220000,0.220000,-0.012525,-0.027191,-0.600000,-0.600000,0.311127,0.330000,-0.931828,1
1772477862,458209236,-1.668892,-1.907090,-2.663075,0.071882,-1.522675,-0.320143,1,0.220847,-0.408510,0.311127,-0.978252,0.311127,-0.993131,0.220238,-0.600000,0.219978,-0.019567,0.310656,-0.017117,0.310959,-0.010235,0.220000,-0.010235,1,-0.230268,0.220000,0.220000,-0.009784,-0.024450,-0.600000,-0.600000,0.311127,0.330000,-0.912007,1
1772477862,483259978,-1.674035,-1.907872,-2.673947,0.076030,-1.525813,-0.331016,1,0.220734,-0.413419,0.311127,-0.993131,0.311127,-0.998676,0.220061,-0.600000,0.220077,-0.017016,0.310959,-0.010235,0.311084,-0.005180,0.220000,-0.005180,1,-0.118605,0.220000,0.220000,-0.002901,-0.017568,-0.600000,-0.600000,0.311127,0.330000,-0.901135,1
1772477862,508271013,-1.678606,-1.910945,-2.684366,0.081420,-1.526945,-0.341434,1,0.220377,-0.445773,0.311127,-0.998676,0.311127,-1.006679,0.220018,-0.600000,0.220174,-0.009474,0.311084,-0.005180,0.311114,-0.002812,0.220000,-0.002812,1,-0.065661,0.220000,0.220000,0.002154,-0.012513,-0.600000,-0.600000,0.311127,0.330000,-0.890716,1
1772477862,558280697,-1.688654,-1.914837,-2.705001,0.091274,-1.531567,-0.362061,1,0.220616,-0.445965,0.311127,-1.006679,0.311127,-1.023676,0.220046,-0.600000,0.220567,-0.004629,0.311114,-0.002812,0.311091,0.004733,0.220000,0.004521,1,0.115042,0.220000,0.220000,0.004521,-0.010145,-0.600000,-0.600000,0.311127,0.330000,-0.870089,1
1772477862,583330885,-1.693533,-1.916707,-2.716634,0.097767,-1.538177,-0.373436,1,0.220118,-0.486265,0.311127,-1.023676,0.311127,-1.043121,0.220331,-0.600000,0.220100,-0.002805,0.311091,0.004733,0.310849,0.013138,0.220000,0.012066,1,0.329747,0.220000,0.220000,0.012066,-0.002601,-0.600000,-0.600000,0.311127,0.330000,-0.858714,1
1772477862,608305932,-1.699249,-1.918348,-2.729425,0.102932,-1.541126,-0.386227,1,0.220380,-0.523008,0.311127,-1.043121,0.311127,-1.051564,0.220776,-0.600000,0.220313,0.005455,0.310849,0.013138,0.310577,0.018490,0.220000,0.018490,1,0.474896,0.220000,0.220000,0.020472,0.005805,-0.600000,-0.600000,0.311127,0.330000,-0.845923,1
1772477862,658328011,-1.708617,-1.922204,-2.755672,0.112231,-1.545145,-0.412474,1,0.220344,-0.518720,0.311127,-1.051564,0.311127,-1.061763,0.221510,-0.600000,0.219966,0.012901,0.310577,0.018490,0.309892,0.027694,0.220000,0.025823,1,0.741177,0.220000,0.220000,0.025823,0.011157,-0.600000,-0.600000,0.311127,0.330000,-0.819677,1
1772477862,683323721,-1.714250,-1.925357,-2.768082,0.118421,-1.546979,-0.424885,1,0.220355,-0.563972,0.311127,-1.061763,0.311127,-1.074551,0.222206,-0.600000,0.219509,0.019294,0.309892,0.027694,0.309555,0.031236,0.220000,0.031236,1,0.859062,0.220000,0.220000,0.035027,0.020360,-0.600000,-0.600000,0.311127,0.330000,-0.807266,1
1772477862,708307087,-1.718296,-1.927505,-2.781168,0.122783,-1.548378,-0.437970,1,0.221983,-0.565263,0.311127,-1.074551,0.311127,-1.078264,0.222798,-0.600000,0.220321,0.027113,0.309555,0.031236,0.309130,0.035198,0.220000,0.035198,1,0.987363,0.220000,0.220000,0.038570,0.023903,-0.600000,-0.600000,0.311127,0.330000,-0.794180,1
1772477862,733345993,-1.722901,-1.929197,-2.794899,0.127208,-1.550495,-0.451701,1,0.222206,-0.604788,0.311127,-1.078264,0.311127,-1.082621,0.223653,-0.600000,0.219811,0.032539,0.309130,0.035198,0.308511,0.040258,0.220000,0.040258,1,1.153825,0.220000,0.220000,0.042531,0.027865,-0.600000,-0.600000,0.311127,0.330000,-0.780450,1
1772477862,783388684,-1.733314,-1.933455,-2.823602,0.137525,-1.554983,-0.480404,1,0.223996,-0.588638,0.311127,-1.082621,0.311127,-1.097637,0.225089,-0.600000,0.220913,0.037036,0.308511,0.040258,0.306997,0.050526,0.220000,0.047591,1,1.524255,0.220000,0.220000,0.047591,0.032925,-0.600000,-0.600000,0.311127,0.330000,-0.751747,1
1772477862,808446342,-1.737584,-1.936211,-2.838766,0.142479,-1.556118,-0.495568,1,0.223061,-0.620598,0.311127,-1.097637,0.311127,-1.101657,0.226647,-0.600000,0.219180,0.041427,0.306997,0.050526,0.306319,0.054487,0.220000,0.054487,1,1.683746,0.220000,0.220000,0.057859,0.043193,-0.600000,-0.600000,0.311127,0.330000,-0.736583,1
1772477862,833345010,-1.742119,-1.937778,-2.852439,0.146766,-1.558272,-0.509242,1,0.224962,-0.608132,0.311127,-1.101657,0.311127,-1.106449,0.227962,-0.600000,0.219600,0.048822,0.306319,0.054487,0.305342,0.059721,0.220000,0.059721,1,1.888542,0.220000,0.220000,0.061821,0.047154,-0.600000,-0.600000,0.311127,0.330000,-0.722909,1
1772477862,883386831,-1.752669,-1.946430,-2.884141,0.162151,-1.559245,-0.542818,1,0.227230,-0.641127,0.311127,-1.106449,0.311127,-1.138424,0.229041,-0.600000,0.220217,0.056021,0.305342,0.059721,0.304533,0.063715,0.220000,0.063715,1,2.174067,0.220000,0.220000,0.067054,0.052387,-0.600000,-0.600000,0.311127,0.330000,-0.689333,0
1772477862,908399291,-1.757969,-1.948263,-2.899642,0.167157,-1.561772,-0.558318,1,0.227510,-0.639975,0.311127,-1.138424,0.311127,-1.146658,0.230759,-0.600000,0.219261,0.060709,0.304533,0.063715,0.303233,0.069641,0.220000,0.069641,1,2.448524,0.220000,0.220000,0.071049,0.056382,-0.600000,-0.600000,0.311127,0.330000,-0.673833,0
1772477862,933430368,-1.761502,-1.950718,-2.915560,0.171380,-1.562597,-0.574237,1,0.229831,-0.608059,0.311127,-1.146658,0.311127,-1.146273,0.231936,-0.600000,0.220416,0.065108,0.303233,0.069641,0.302334,0.073446,0.220000,0.073446,1,2.643879,0.220000,0.220000,0.076975,0.062308,-0.600000,-0.600000,0.311127,0.330000,-0.657914,0
1772477862,983458375,-1.770284,-1.955947,-2.946200,0.181248,-1.565256,-0.604876,1,0.230966,-0.634639,0.311127,-1.146273,0.311127,-1.159043,0.234361,-0.600000,0.219706,0.071236,0.302334,0.073446,0.300303,0.081350,0.220000,0.080779,1,3.105662,0.220000,0.220000,0.080779,0.066113,-0.600000,-0.600000,0.311127,0.330000,-0.627275,0
1772477863,8426020,-1.776352,-1.957433,-2.960412,0.186541,-1.568575,-0.619089,1,0.231827,-0.614754,0.311127,-1.159043,0.311127,-1.175298,0.236991,-0.600000,0.219427,0.074803,0.300303,0.081350,0.298388,0.088117,0.220000,0.088117,1,3.490252,0.220000,0.220000,0.088683,0.074017,-0.600000,-0.600000,0.311127,0.330000,-0.613062,0
1772477863,33441160,-1.780982,-1.960774,-2.974538,0.192162,-1.569571,-0.633214,1,0.235086,-0.624523,0.311127,-1.175298,0.311127,-1.189533,0.237937,-0.600000,0.220293,0.082074,0.298388,0.088117,0.297634,0.090632,0.220000,0.090632,1,3.719051,0.220000,0.220000,0.095450,0.080783,-0.600000,-0.600000,0.311127,0.330000,-0.598937,0
1772477863,83452398,-1.791427,-1.967057,-3.005975,0.203946,-1.572689,-0.664651,1,0.237815,-0.605336,0.311127,-1.189533,0.311127,-1.221849,0.240826,-0.600000,0.220081,0.090111,0.297634,0.090632,0.295296,0.097981,0.220000,0.097965,1,4.358624,0.220000,0.220000,0.097965,0.083299,-0.600000,-0.600000,0.311127,0.330000,-0.567500,0
1772477863,108499754,-1.796607,-1.970896,-3.022208,0.210309,-1.573733,-0.680885,1,0.237861,-0.599227,0.311127,-1.221849,0.311127,-1.241330,0.241777,-0.600000,0.219307,0.092100,0.295296,0.097981,0.294523,0.100281,0.220000,0.100281,1,4.665496,0.220000,0.220000,0.105315,0.090648,-0.600000,-0.600000,0.311127,0.330000,-0.551266,0
1772477863,133486032,-1.801278,-1.974331,-3.036841,0.216073,-1.574638,-0.695528,1,0.240699,-0.604405,0.311127,-1.241330,0.311127,-1.260508,0.242518,-0.600000,0.219196,0.099445,0.294523,0.100281,0.293913,0.102054,0.220000,0.102054,1,4.952904,0.220000,0.220000,0.107614,0.092947,-0.600000,-0.600000,0.311127,0.330000,-0.536623,0
1772477863,183512852,-1.812035,-1.979611,-3.067799,0.229248,-1.576483,-0.726900,1,0.241675,-0.609168,0.311127,-1.260508,0.311127,-1.315323,0.243369,-0.600000,0.219360,0.101430,0.293913,0.102054,0.293209,0.104061,0.220000,0.104061,1,5.597166,0.220000,0.220000,0.109387,0.094720,-0.600000,-0.600000,0.311127,0.330000,-0.505251,0
1772477863,208580880,-1.817080,-1.981973,-3.082959,0.234455,-1.578460,-0.742060,1,0.242542,-0.602276,0.311127,-1.315323,0.311127,-1.338210,0.245152,-0.600000,0.219514,0.103150,0.293209,0.104061,0.291720,0.108165,0.220000,0.108165,1,6.102245,0.220000,0.220000,0.111394,0.096728,-0.600000,-0.600000,0.311127,0.330000,-0.490091,0
1772477863,233524262,-1.821651,-1.986062,-3.096440,0.240574,-1.578894,-0.755542,1,0.243825,-0.632721,0.311127,-1.338210,0.311127,-1.371359,0.244620,-0.600000,0.219801,0.105537,0.291720,0.108165,0.292166,0.106952,0.220000,0.106952,1,6.358178,0.220000,0.220000,0.115498,0.100832,-0.600000,-0.600000,0.311127,0.330000,-0.476609,0
1772477863,283612165,-1.833823,-1.990175,-3.125819,0.252000,-1.584768,-0.784920,1,0.245409,-0.607100,0.311127,-1.371359,0.311127,-1.459794,0.247914,-0.600000,0.219525,0.109701,0.292166,0.106952,0.287794,0.118214,0.220000,0.114285,1,7.972323,0.220000,0.220000,0.114285,0.099619,-0.600000,-0.600000,0.311127,0.330000,-0.447231,0
1772477863,308640010,-1.837623,-1.995560,-3.140942,0.258512,-1.583746,-0.800043,1,0.245120,-0.609037,0.311127,-1.459794,0.311127,-1.497635,0.246630,-0.600000,0.219779,0.108540,0.287794,0.118214,0.290471,0.111474,0.220000,0.111474,1,7.982568,0.220000,0.220000,0.125548,0.110881,-0.600000,-0.600000,0.311127,0.330000,-0.432108,0
1772477863,333654689,-1.843368,-1.997552,3.127118,0.263871,-1.586368,-0.815163,1,0.247895,-0.651118,0.311127,-1.497635,0.311127,-1.548087,0.248844,-0.600000,0.219455,0.115289,0.290471,0.111474,0.288577,0.116291,0.220000,0.116291,1,8.920132,0.220000,0.220000,0.118807,0.104141,-0.600000,-0.600000,0.311127,0.330000,-0.416988,0
1772477863,383699640,-1.854380,-2.003760,3.097868,0.272994,-1.584958,-0.844175,1,0.246063,-0.606085,0.311127,-1.548087,0.311127,-1.582452,0.245503,-0.600000,0.219293,0.111613,0.288577,0.116291,0.292777,0.105270,0.220000,0.108957,1,8.871257,0.220000,0.220000,0.123624,0.108957,-0.600000,-0.600000,0.311127,0.330000,-0.387976,0
1772477863,408816673,-1.859900,-2.006650,3.083195,0.278912,-1.586907,-0.858848,1,0.245938,-0.655061,0.311127,-1.582452,0.311127,-1.655416,0.243724,-0.600000,0.220097,0.109739,0.292777,0.105270,0.292914,0.104889,0.220000,0.104889,1,9.610115,0.220000,0.220000,0.112603,0.097937,-0.600000,-0.600000,0.311127,0.330000,-0.373303,0
1772477863,433719663,-1.865662,-2.010012,3.069030,0.285338,-1.588701,-0.873012,1,0.245994,-0.632588,0.311127,-1.655416,0.311127,-1.754005,0.242353,-0.600000,0.220095,0.109870,0.292914,0.104889,0.294050,0.101660,0.220000,0.101660,1,10.258265,0.220000,0.220000,0.112222,0.097555,-0.600000,-0.600000,0.311127,0.330000,-0.359138,0
1772477863,483786740,-1.876450,-2.015259,3.040990,0.296653,-1.592750,-0.900933,1,0.244467,-0.600047,0.311127,-1.754005,0.311127,-1.656089,0.240263,-0.600000,0.220334,0.105908,0.294050,0.101660,0.295760,0.096573,0.220000,0.096573,1,11.945025,0.220000,0.220000,0.108993,0.094327,-0.600000,-0.600000,0.311127,0.330000,-0.331218,0
1772477863,508897397,-1.882227,-2.017280,3.027533,0.303822,-1.593647,-0.908826,1,0.240233,-0.619158,0.311127,-1.656089,0.311127,-1.616626,0.237410,-0.600000,0.219868,0.096799,0.295760,0.096573,0.301222,0.077881,0.220000,0.089239,1,10.975914,0.220000,0.220000,0.103906,0.089239,-0.600000,-0.600000,0.311127,0.330000,-0.323325,0
1772477863,533824231,-1.887726,-2.019559,3.013225,0.309301,-1.595975,-0.923133,1,0.240081,-0.621883,0.311127,-1.616626,0.311127,-1.545087,0.231132,-0.600000,0.219586,0.097062,0.301222,0.077881,0.302949,0.070867,0.220000,0.070867,1,11.423310,0.220000,0.220000,0.085215,0.070548,-0.600000,-0.600000,0.311127,0.330000,-0.309017,0
1772477863,583900774,-1.898405,-2.022668,2.984395,0.319000,-1.601420,-0.951963,1,0.237293,-0.601325,0.311127,-1.545087,0.311127,-1.400938,0.228990,-0.600000,0.219759,0.089520,0.302949,0.070867,0.305573,0.058526,0.220000,0.063534,1,12.968840,0.220000,0.220000,0.078200,0.063534,-0.600000,-0.600000,0.311127,0.330000,-0.280188,0
1772477863,608879562,-1.905033,-2.024321,2.968946,0.324889,-1.604953,-0.967357,1,0.231818,-0.638435,0.311127,-1.400938,0.311127,-1.323967,0.225878,-0.600000,0.220036,0.072963,0.305573,0.058526,0.308218,0.042448,0.220000,0.051193,1,12.202181,0.220000,0.220000,0.065859,0.051193,-0.600000,-0.600000,0.311127,0.330000,-0.264793,0
1772477863,633984222,-1.910587,-2.024568,2.955183,0.331787,-1.607079,-0.978766,1,0.232002,-0.604962,0.311127,-1.323967,0.311127,-1.266925,0.222785,-0.600000,0.219811,0.074218,0.308218,0.042448,0.310261,-0.023201,0.220000,0.035115,1,-9.011613,0.220000,0.220000,0.049781,0.035115,-0.600000,-0.600000,0.311127,0.330000,-0.253385,0
1772477863,684025590,-1.920548,-2.026691,2.926897,0.340292,-1.612680,-1.007052,1,0.229751,-0.597402,0.311127,-1.266925,0.311127,-1.125492,0.304462,-0.600000,0.219707,0.067189,0.310261,-0.023201,0.256763,-0.175707,0.302927,-0.030534,1,-128.528616,0.220000,0.220000,-0.015867,-0.030534,-0.600000,-0.600000,0.311127,0.330000,-0.225098,0
1772477863,709033098,-1.926477,-2.026877,2.912985,0.344672,-1.616633,-1.020917,1,0.226209,-0.628470,0.311127,-1.125492,0.311127,-1.056168,0.309384,-0.600000,0.220427,0.050820,0.256763,-0.175707,0.076729,-0.301517,0.249429,-0.183040,1,-287.643322,0.220000,0.220000,-0.168374,-0.183040,-0.600000,-0.600000,0.311127,0.330000,-0.211234,0
1772477863,734054077,-1.931275,-2.027795,2.897731,0.351502,-1.614747,-1.034610,1,0.226560,-0.607042,0.311127,-1.056168,0.311127,-0.987703,0.230685,-0.600000,0.220389,0.052518,0.076729,-0.301517,-0.002735,-0.311115,0.069396,-0.220000,1,-149.893344,0.084063,0.069396,-0.220000,-0.220000,-0.600000,-0.600000,0.311127,0.330000,-0.197541,0
1772477863,784074668,-1.944172,-2.028460,2.868717,0.361045,-1.623447,-1.063625,1,0.217445,-0.597945,0.311127,-0.987703,0.311127,-0.842631,0.220230,-0.600000,0.212785,0.044778,-0.002735,-0.311115,-0.175955,-0.256593,-0.010069,-0.220000,1,-77.930004,0.004598,-0.010069,-0.220000,-0.220000,-0.600000,-0.600000,0.311127,0.330000,-0.168526,0
1772477863,809146312,-1.948833,-2.027949,2.854159,0.363985,-1.627086,-1.078232,1,0.199306,-0.602814,0.311127,-0.842631,0.311127,-0.769594,0.286347,-0.600000,0.197145,0.029270,-0.175955,-0.256593,-0.205768,-0.233366,-0.183288,-0.220000,1,-60.827959,-0.168622,-0.183288,-0.220000,-0.220000,-0.600000,-0.600000,0.311127,0.330000,-0.153919,0
1772477863,834196287,-1.953331,-2.027942,2.839811,0.368001,-1.629119,-1.094306,1,0.200202,-0.600724,0.311127,-0.769594,0.311127,-0.689224,0.304494,-0.600000,0.197872,0.030460,-0.205768,-0.233366,-0.210515,-0.229093,-0.210515,-0.220000,1,-50.684051,-0.198435,-0.213101,-0.220000,-0.220000,-0.600000,-0.600000,0.311127,0.330000,-0.137845,0
1772477863,884195982,-1.964437,-2.025500,2.810369,0.374059,-1.638742,-1.123748,1,0.191617,-0.596955,0.311127,-0.689224,0.311127,-0.542016,0.310862,-0.669224,0.190272,0.022670,-0.210515,-0.229093,-0.246822,-0.189417,-0.217848,-0.221759,1,-31.861125,-0.203181,-0.217848,-0.220000,-0.220000,-0.600000,-0.600000,0.311127,0.330000,-0.108403,0
1772477863,909250205,-1.969746,-2.026025,2.795506,0.378152,-1.642081,-1.138680,1,0.175234,-0.603054,0.311127,-0.542016,0.311127,-0.467354,0.288527,-0.522016,0.175098,0.006884,-0.246822,-0.189417,-0.248902,-0.186676,-0.220000,-0.186676,1,-27.655379,-0.220000,-0.220000,-0.182084,-0.196750,-0.522016,-0.562016,0.311127,0.330000,-0.093471,0
1772477863,934278540,-1.974967,-2.023287,2.780990,0.379616,-1.645630,-1.155142,1,0.176214,-0.585398,0.311127,-0.467354,0.311127,-0.385046,0.283837,-0.447354,0.176018,0.008295,-0.248902,-0.186676,-0.255429,-0.177640,-0.220000,-0.179342,1,-24.594734,-0.220000,-0.220000,-0.179342,-0.194009,-0.447354,-0.487354,0.311127,0.330000,-0.077009,0
1772477863,984364866,-1.980917,-2.021021,2.753382,0.382168,-1.651463,-1.182749,1,0.168502,-0.564864,0.311127,-0.385046,0.311127,-0.247008,0.278216,-0.365046,0.168499,0.001062,-0.255429,-0.177640,-0.262829,-0.166496,-0.220000,-0.170307,1,-20.672383,-0.220000,-0.220000,-0.170307,-0.184973,-0.365046,-0.405046,0.311127,0.330000,-0.049402,0
