sec,nsec,x,y,yaw,map_x,map_y,map_yaw,map_pose_valid,v_real,w_real,v_now,w_now,v_cmd,w_cmd,v_nav,w_nav,vx_real,vy_real,vx_now,vy_now,vx_cmd,vy_cmd,vx_nav,vy_nav,velocity_violation,curvature,dw_vx_max,dw_vx_min,dw_vy_max,dw_vy_min,dw_w_max,dw_w_min,v_reg,lookahead_dist,lookahead_yaw,is_accel
1772477796,679185355,0.182673,-1.434901,2.673027,-1.403945,-0.394910,-1.341683,1,0.000000,0.006684,0.311127,0.289802,0.311127,3.208002,0.303085,0.309802,0.000000,0.000000,0.309158,-0.034952,0.210688,0.228933,0.301824,-0.027618,1,13.378533,0.220000,0.220000,-0.027618,-0.042285,0.309802,0.269802,0.311127,0.110000,1.134200,1
1772477796,704201024,0.183080,-1.435853,2.672814,-1.403478,-0.393986,-1.341895,1,0.000000,-0.005536,0.311127,3.208002,0.311127,3.208603,0.306089,0.600000,0.000000,0.000000,0.210688,0.228933,0.212815,0.226957,0.212815,0.220000,1,13.263070,0.218022,0.203355,0.220000,0.220000,0.600000,0.600000,0.311127,0.110000,1.134413,1
1772477796,754200358,0.184649,-1.436045,2.673122,-1.404338,-0.392661,-1.341587,1,0.010177,0.016970,0.311127,3.208603,0.311127,3.207732,0.307803,0.600000,0.007146,0.007246,0.212815,0.226957,0.215274,0.224626,0.215274,0.220000,1,13.126850,0.220000,0.205482,0.220000,0.219624,0.600000,0.600000,0.311127,0.110000,1.134105,1
1772477796,779170062,0.183775,-1.435472,2.673349,-1.404216,-0.393698,-1.341361,1,0.020068,0.035788,0.311127,3.207732,0.311127,3.207092,0.306356,0.600000,0.014111,0.014269,0.215274,0.224626,0.213199,0.226597,0.213199,0.220000,1,13.241979,0.220000,0.207941,0.220000,0.217293,0.600000,0.600000,0.311127,0.110000,1.133878,1
1772477796,804184094,0.182802,-1.435182,2.674876,-1.403813,-0.394631,-1.339833,1,0.031207,0.058809,0.311127,3.207092,0.311127,3.202772,0.305358,0.600000,0.022050,0.022083,0.213199,0.226597,0.211764,0.227939,0.211764,0.220000,1,13.320434,0.220000,0.205866,0.220000,0.219263,0.600000,0.600000,0.311127,0.110000,1.132351,1
1772477796,854267242,0.181343,-1.435845,2.676643,-1.402368,-0.395322,-1.338067,1,0.041670,0.080295,0.311127,3.202772,0.311127,3.250414,0.305092,0.600000,0.029046,0.029879,0.211764,0.227939,0.211379,0.228295,0.211379,0.220000,1,13.341249,0.219097,0.204430,0.220000,0.220000,0.600000,0.600000,0.311127,0.110000,1.149195,1
1772477796,879228388,0.180040,-1.435452,2.677945,-1.401832,-0.396574,-1.336764,1,0.052022,0.098105,0.311127,3.250414,0.311127,3.246730,0.303601,0.600000,0.036630,0.036939,0.211379,0.228295,0.209221,0.230275,0.209221,0.220000,1,13.456963,0.218713,0.204046,0.220000,0.220000,0.600000,0.600000,0.311127,0.110000,1.147892,1
1772477796,904290056,0.179700,-1.437253,2.679822,-1.400233,-0.395677,-1.334887,1,0.062079,0.120749,0.311127,3.246730,0.311127,3.241420,0.305700,0.600000,0.043857,0.043936,0.209221,0.230275,0.212256,0.227481,0.212256,0.220000,1,13.293646,0.216554,0.201887,0.220000,0.220000,0.600000,0.600000,0.311127,0.110000,1.146015,1
1772477796,954418151,0.175069,-1.438305,2.684994,-1.396452,-0.398551,-1.329715,1,0.084383,0.149615,0.311127,3.241420,0.311127,3.226793,0.303379,0.600000,0.059504,0.059831,0.212256,0.227481,0.208899,0.230567,0.208899,0.220000,1,13.474034,0.219589,0.204923,0.220000,0.220000,0.600000,0.600000,0.311127,0.110000,1.140844,1
1772477796,979317421,0.174509,-1.438535,2.687346,-1.395916,-0.398832,-1.327364,1,0.083136,0.153612,0.311127,3.226793,0.311127,3.220142,0.303494,0.600000,0.058833,0.058740,0.208899,0.230567,0.209066,0.230415,0.209066,0.220000,1,13.465145,0.216232,0.201565,0.220000,0.220000,0.600000,0.600000,0.311127,0.110000,1.138492,1
1772477797,29363005,0.170497,-1.440989,2.693201,-1.391458,-0.400329,-1.321508,1,0.093514,0.184425,0.311127,3.220142,0.311127,3.246473,0.303454,0.600000,0.066339,0.065910,0.209066,0.230415,0.209009,0.230468,0.209009,0.220000,1,13.468205,0.216400,0.201733,0.220000,0.220000,0.600000,0.600000,0.311127,0.110000,1.147802,1
1772477797,54371467,0.168469,-1.442431,2.696650,-1.389050,-0.400957,-1.318060,1,0.117568,0.228328,0.311127,3.246473,0.311127,3.236719,0.303723,0.600000,0.083503,0.082762,0.209009,0.230468,0.209398,0.230114,0.209398,0.220000,1,13.447540,0.216342,0.201675,0.220000,0.220000,0.600000,0.600000,0.311127,0.110000,1.144353,1
1772477797,79435188,0.166430,-1.443759,2.701247,-1.386722,-0.401667,-1.313462,1,0.113951,0.219289,0.311127,3.236719,0.311127,3.223716,0.304030,0.600000,0.080674,0.080477,0.209398,0.230114,0.209844,0.229708,0.209844,0.220000,1,13.423789,0.216731,0.202065,0.220000,0.220000,0.600000,0.600000,0.311127,0.110000,1.139756,1
1772477797,104405295,0.164361,-1.444235,2.706013,-1.385028,-0.402947,-1.308697,1,0.124249,0.231048,0.311127,3.223716,0.311127,3.250698,0.303337,0.600000,0.087663,0.088051,0.209844,0.229708,0.208838,0.230622,0.208838,0.220000,1,13.477236,0.217177,0.202510,0.220000,0.220000,0.600000,0.600000,0.311127,0.110000,1.149295,1
1772477797,154512172,0.159184,-1.446448,2.716051,-1.380007,-0.405492,-1.298658,1,0.147260,0.276054,0.311127,3.250698,0.311127,3.222305,0.302396,3.230698,0.104638,0.103616,0.208838,0.230622,0.207468,0.231855,0.207468,0.220000,1,13.549300,0.216171,0.201505,0.220000,0.220000,0.600000,0.600000,0.311127,0.110000,1.139257,1
1772477797,179478842,0.155039,-1.447468,2.722004,-1.376562,-0.408014,-1.292705,1,0.145308,0.268343,0.311127,3.222305,0.311127,3.242823,0.300432,0.600000,0.103032,0.102463,0.207468,0.231855,0.204596,0.234394,0.204596,0.220000,1,13.697629,0.214802,0.200135,0.220000,0.220000,0.600000,0.600000,0.311127,0.110000,1.146511,1
1772477797,204552340,0.151940,-1.449317,2.727554,-1.373154,-0.409200,-1.287155,1,0.155541,0.317831,0.311127,3.242823,0.311127,3.227125,0.300327,0.600000,0.110211,0.109756,0.204596,0.234394,0.204442,0.234529,0.204442,0.220000,1,13.705515,0.211930,0.197263,0.220000,0.220000,0.600000,0.600000,0.311127,0.110000,1.140961,1
1772477797,254545727,0.145392,-1.452294,2.739588,-1.366666,-0.412306,-1.275121,1,0.179820,0.331725,0.311127,3.227125,0.311127,3.225305,0.299059,0.600000,0.127873,0.126427,0.204442,0.234529,0.202574,0.236143,0.202574,0.220000,1,13.799885,0.211775,0.197108,0.220000,0.220000,0.600000,0.600000,0.311127,0.110000,1.140317,1
1772477797,279578551,0.141761,-1.454285,2.747036,-1.362807,-0.413809,-1.267673,1,0.176631,0.332594,0.311127,3.225305,0.311127,3.204238,0.298818,3.205305,0.125302,0.124490,0.202574,0.236143,0.202218,0.236449,0.202218,0.220000,1,13.817718,0.209907,0.195241,0.220000,0.220000,0.600000,0.600000,0.311127,0.110000,1.132869,1
1772477797,304620801,0.137873,-1.456828,2.754620,-1.358361,-0.415154,-1.260089,1,0.187077,0.363227,0.311127,3.204238,0.311127,3.211396,0.298930,0.600000,0.132637,0.131930,0.202218,0.236449,0.202384,0.236307,0.202384,0.220000,1,13.809421,0.209551,0.194885,0.220000,0.220000,0.600000,0.600000,0.311127,0.110000,1.135400,1
1772477797,354739889,0.128662,-1.461638,2.771114,-1.348757,-0.419124,-1.243596,1,0.210257,0.374975,0.311127,3.211396,0.311127,3.191013,0.297472,3.191396,0.148966,0.148382,0.202384,0.236307,0.200224,0.238139,0.200224,0.220000,1,13.916523,0.209717,0.195050,0.220000,0.220000,0.600000,0.600000,0.311127,0.110000,1.128194,1
1772477797,379738731,0.125650,-1.462345,2.780600,-1.346281,-0.420977,-1.234109,1,0.207825,0.394981,0.311127,3.191013,0.311127,3.164182,0.296673,3.171013,0.147704,0.146201,0.200224,0.238139,0.199035,0.239134,0.199035,0.220000,1,13.974634,0.207557,0.192891,0.220000,0.220000,0.600000,0.600000,0.311127,0.110000,1.118707,1
1772477797,404769427,0.121118,-1.465037,2.789824,-1.341306,-0.422721,-1.224885,1,0.218296,0.423092,0.311127,3.164182,0.311127,3.162257,0.296427,0.600000,0.154818,0.153898,0.199035,0.239134,0.198668,0.239439,0.198668,0.220000,1,13.992495,0.206369,0.191702,0.220000,0.220000,0.600000,0.600000,0.311127,0.110000,1.118027,1
1772477797,454836490,0.110791,-1.469374,2.811885,-1.331348,-0.427849,-1.202824,1,0.244386,0.396038,0.311127,3.162257,0.311127,3.122131,0.293955,3.142257,0.171441,0.174162,0.198668,0.239439,0.194961,0.242467,0.194961,0.220000,1,14.169445,0.206001,0.191334,0.220000,0.220000,0.600000,0.600000,0.311127,0.110000,1.103840,1
1772477797,479879043,0.105696,-1.474696,2.822805,-1.323996,-0.428334,-1.191905,1,0.239417,0.477086,0.311127,3.122131,0.311127,3.111813,0.296104,0.600000,0.170000,0.168583,0.194961,0.242467,0.198185,0.239839,0.198185,0.220000,1,14.015837,0.202294,0.187627,0.220000,0.220000,0.600000,0.600000,0.311127,0.110000,1.100192,1
1772477797,504924313,0.100395,-1.475374,2.835191,-1.320071,-0.431961,-1.179518,1,0.249308,0.467331,0.311127,3.111813,0.311127,3.076779,0.293267,3.091813,0.176762,0.175811,0.198185,0.239839,0.193921,0.243299,0.193921,0.220000,1,14.218054,0.205519,0.190852,0.220000,0.220000,0.600000,0.600000,0.311127,0.110000,1.087806,1
1772477797,555010459,0.091006,-1.482698,2.861927,-1.308427,-0.434451,-1.152782,1,0.267525,0.530631,0.311127,3.076779,0.311127,3.020185,0.295440,3.056779,0.192841,0.185424,0.193921,0.243299,0.197193,0.240656,0.197193,0.220000,1,14.063569,0.201255,0.186588,0.220000,0.220000,0.600000,0.600000,0.311127,0.110000,1.067797,1
1772477797,580051745,0.085306,-1.485104,2.876571,-1.302921,-0.437273,-1.138138,1,0.268193,0.512564,0.311127,3.020185,0.311127,2.996396,0.294300,3.000185,0.191635,0.187626,0.197193,0.240656,0.195480,0.242049,0.195480,0.220000,1,14.144992,0.204526,0.189859,0.220000,0.220000,0.600000,0.600000,0.311127,0.110000,1.059386,1
1772477797,605159412,0.079123,-1.489013,2.891739,-1.295953,-0.439500,-1.122970,1,0.273767,0.565079,0.311127,2.996396,0.311127,2.969862,0.294274,2.976396,0.197387,0.189701,0.195480,0.242049,0.195441,0.242080,0.195441,0.220000,1,14.146810,0.202813,0.188146,0.220000,0.220000,0.600000,0.600000,0.311127,0.110000,1.050005,1
1772477797,655230915,0.067482,-1.495269,2.922809,-1.283680,-0.444401,-1.091900,1,0.257013,0.525085,0.311127,2.969862,0.311127,2.897203,0.293379,2.949862,0.176192,0.187116,0.195441,0.242080,0.194091,0.243164,0.194091,0.220000,1,14.210146,0.202775,0.188108,0.220000,0.220000,0.600000,0.600000,0.311127,0.110000,1.024316,1
1772477797,680349365,0.061831,-1.497930,2.938361,-1.278010,-0.447023,-1.076349,1,0.256997,0.524842,0.311127,2.897203,0.311127,2.867389,0.292599,2.877203,0.175809,0.187453,0.194091,0.243164,0.192910,0.244102,0.192910,0.220000,1,14.264987,0.201424,0.186758,0.220000,0.220000,0.600000,0.600000,0.311127,0.110000,1.013775,1
1772477797,705313441,0.055946,-1.502401,2.952412,-1.270803,-0.448660,-1.062297,1,0.247420,0.499729,0.311127,2.867389,0.311127,2.840869,0.293145,2.847389,0.164873,0.184481,0.192910,0.244102,0.193737,0.243446,0.193737,0.220000,1,14.226661,0.200243,0.185576,0.220000,0.220000,0.600000,0.600000,0.311127,0.110000,1.004399,1
1772477797,755408491,0.046595,-1.510183,2.976951,-1.258832,-0.450827,-1.037759,1,0.237391,0.499778,0.311127,2.840869,0.311127,2.783817,0.294954,2.820869,0.159019,0.176260,0.193737,0.243446,0.196463,0.241251,0.196463,0.220000,1,14.098391,0.201070,0.186403,0.220000,0.220000,0.600000,0.600000,0.311127,0.110000,0.984228,1
1772477797,780546318,0.041949,-1.513304,2.989886,-1.253456,-0.452382,-1.024823,1,0.236478,0.476845,0.311127,2.783817,0.311127,2.747230,0.295193,2.763817,0.158361,0.175623,0.196463,0.241251,0.196822,0.240959,0.196822,0.220000,1,14.081296,0.203796,0.189130,0.220000,0.220000,0.600000,0.600000,0.311127,0.110000,0.971292,1
1772477797,805438905,0.037552,-1.519163,3.000705,-1.246141,-0.451988,-1.014005,1,0.232804,0.458389,0.311127,2.747230,0.311127,2.728192,0.298066,0.600000,0.157275,0.171645,0.196822,0.240959,0.201105,0.237396,0.201105,0.220000,1,13.873087,0.204155,0.189488,0.220000,0.220000,0.600000,0.600000,0.311127,0.110000,0.964561,1
1772477797,855549413,0.029575,-1.525011,3.024202,-1.236535,-0.454344,-0.990507,1,0.228125,0.450974,0.311127,2.728192,0.311127,2.672566,0.299077,2.708192,0.156427,0.166047,0.201105,0.237396,0.202600,0.236121,0.202600,0.220000,1,13.798582,0.208438,0.193771,0.220000,0.220000,0.600000,0.600000,0.311127,0.110000,0.944895,1
1772477797,880526678,0.024590,-1.529326,3.036483,-1.230025,-0.455392,-0.978226,1,0.225690,0.432348,0.311127,2.672566,0.311127,2.648611,0.299950,2.652566,0.153587,0.165368,0.202600,0.236121,0.203888,0.235010,0.203888,0.220000,1,13.733670,0.209933,0.195267,0.220000,0.220000,0.600000,0.600000,0.311127,0.110000,0.936426,1
1772477797,905573979,0.020277,-1.532984,3.047682,-1.224451,-0.456347,-0.967028,1,0.223280,0.437112,0.311127,2.648611,0.311127,2.616938,0.300704,2.628611,0.154721,0.160983,0.203888,0.235010,0.204994,0.234045,0.204994,0.220000,1,13.677285,0.211221,0.196554,0.220000,0.220000,0.600000,0.600000,0.311127,0.110000,0.925227,1
1772477797,955663645,0.012537,-1.541760,3.073192,-1.212754,-0.456641,-0.941518,1,0.219771,0.434388,0.311127,2.616938,0.311127,2.564554,0.305010,2.596938,0.152391,0.158355,0.204994,0.234045,0.211261,0.228405,0.211261,0.220000,1,13.347653,0.212328,0.197661,0.220000,0.220000,0.600000,0.600000,0.311127,0.110000,0.906707,1
1772477797,980693133,0.007714,-1.543397,3.086684,-1.208401,-0.459285,-0.928025,1,0.218366,0.445884,0.311127,2.564554,0.311127,2.526392,0.303562,2.544554,0.151185,0.157565,0.211261,0.228405,0.209164,0.230327,0.209164,0.220000,1,13.459963,0.218594,0.203928,0.220000,0.220000,0.600000,0.600000,0.311127,0.110000,0.893215,1
1772477798,5710614,0.003984,-1.547684,3.098601,-1.202719,-0.459389,-0.916108,1,0.208616,0.415623,0.311127,2.526392,0.311127,2.501142,0.305590,2.506392,0.145031,0.149955,0.209164,0.230327,0.212098,0.227628,0.212098,0.220000,1,13.302269,0.216497,0.201831,0.220000,0.220000,0.600000,0.600000,0.311127,0.110000,0.884287,1
1772477798,55746290,-0.004214,-1.554663,3.119894,-1.192104,-0.461189,-0.894816,1,0.201690,0.403872,0.311127,2.501142,0.311127,2.448888,0.306863,2.481142,0.142813,0.142420,0.212098,0.227628,0.213927,0.225910,0.213927,0.220000,1,13.201848,0.219431,0.204764,0.220000,0.220000,0.600000,0.600000,0.311127,0.110000,0.865813,1
1772477798,80752598,-0.007857,-1.557845,3.129699,-1.187325,-0.461935,-0.885010,1,0.196182,0.381899,0.311127,2.448888,0.311127,2.421153,0.307544,2.428888,0.137906,0.139533,0.213927,0.225910,0.214904,0.224981,0.214904,0.220000,1,13.147567,0.220000,0.206594,0.220000,0.218576,0.600000,0.600000,0.311127,0.110000,0.856007,1
1772477798,105783851,-0.011793,-1.561239,3.139531,-1.182195,-0.462772,-0.875178,1,0.189441,0.362415,0.311127,2.421153,0.311127,2.400867,0.308106,2.401153,0.134203,0.133707,0.214904,0.224981,0.215707,0.224211,0.215707,0.220000,1,13.102586,0.220000,0.207570,0.220000,0.217648,0.600000,0.600000,0.311127,0.110000,0.848835,1
1772477798,130764637,-0.014683,-1.564647,-3.133794,-1.177727,-0.462797,-0.865318,1,0.186086,0.356970,0.311127,2.400867,0.311127,2.372980,0.309790,2.380867,0.131728,0.131437,0.215707,0.224211,0.218105,0.221878,0.218105,0.220000,1,12.966263,0.220000,0.208373,0.220000,0.216878,0.600000,0.600000,0.311127,0.110000,0.838975,1
1772477798,180790673,-0.021147,-1.571288,-3.113557,-1.168485,-0.463484,-0.845081,1,0.180169,0.350808,0.311127,2.372980,0.311127,2.323569,0.309946,2.352980,0.128343,0.126447,0.218105,0.221878,0.221660,0.218327,0.220000,0.218327,1,12.758719,0.220000,0.210772,0.220000,0.214545,0.600000,0.600000,0.311127,0.110000,0.821506,1
1772477798,205829859,-0.024333,-1.574604,-3.103376,-1.163898,-0.463795,-0.834900,1,0.176306,0.354962,0.311127,2.323569,0.311127,2.302517,0.308639,2.303569,0.127127,0.122158,0.221660,0.218327,0.223477,0.216467,0.220000,0.216467,1,12.650044,0.220000,0.214327,0.220000,0.210994,0.600000,0.600000,0.311127,0.110000,0.814063,1
1772477798,255879833,-0.031631,-1.579307,-3.084668,-1.155604,-0.466366,-0.816192,1,0.172545,0.328053,0.311127,2.302517,0.311127,2.256228,0.309112,2.282517,0.124875,0.119071,0.223477,0.216467,0.222822,0.217141,0.220000,0.217141,1,12.689411,0.220000,0.216143,0.220000,0.209134,0.600000,0.600000,0.311127,0.110000,0.797697,1
1772477798,280880331,-0.034332,-1.584101,-3.076389,-1.150196,-0.465357,-0.807913,1,0.170622,0.333383,0.311127,2.256228,0.311127,2.232813,0.306217,2.236228,0.123450,0.117779,0.222822,0.217141,0.226784,0.213000,0.220000,0.213000,1,12.447423,0.220000,0.215489,0.220000,0.209808,0.600000,0.600000,0.311127,0.110000,0.789419,1
1772477798,305909768,-0.038377,-1.585497,-3.067162,-1.146527,-0.467560,-0.798686,1,0.167897,0.323711,0.311127,2.232813,0.311127,2.206714,0.307815,2.212813,0.122604,0.114708,0.226784,0.213000,0.224611,0.215290,0.220000,0.215290,1,12.581254,0.220000,0.219451,0.220000,0.205667,0.600000,0.600000,0.311127,0.110000,0.780191,1
1772477798,355976131,-0.043702,-1.589532,-3.049394,-1.140678,-0.470424,-0.778540,1,0.165732,0.320769,0.311127,2.206714,0.311127,2.155691,0.308593,2.186714,0.120050,0.114260,0.224611,0.215290,0.223541,0.216401,0.220000,0.216401,1,12.646190,0.220000,0.217278,0.220000,0.207957,0.600000,0.600000,0.311127,0.110000,0.762152,1
1772477798,380948949,-0.046113,-1.594647,-3.041349,-1.135213,-0.468972,-0.770496,1,0.164542,0.310784,0.311127,2.155691,0.311127,2.138592,0.305116,0.600000,0.118617,0.114036,0.223541,0.216401,0.228264,0.211413,0.220000,0.211413,1,12.354692,0.220000,0.216207,0.220000,0.209068,0.600000,0.600000,0.311127,0.110000,0.756107,1
1772477798,405892513,-0.048830,-1.597381,-3.033178,-1.131371,-0.469288,-0.762324,1,0.163196,0.334250,0.311127,2.138592,0.311127,2.115479,0.304192,2.118592,0.118266,0.112454,0.228264,0.211413,0.229493,0.210078,0.220000,0.210078,1,12.276670,0.220000,0.220000,0.218747,0.204080,0.600000,0.600000,0.311127,0.110000,0.747935,1
1772477798,455963511,-0.054256,-1.603823,-3.016152,-1.123005,-0.469319,-0.745440,1,0.163009,0.313871,0.311127,2.115479,0.311127,2.074083,0.301379,2.095479,0.118836,0.111579,0.229493,0.210078,0.233175,0.205984,0.220000,0.205984,1,12.037430,0.220000,0.220000,0.217412,0.202745,0.600000,0.600000,0.311127,0.110000,0.733299,1
1772477798,480945871,-0.056810,-1.606688,-3.007635,-1.120389,-0.470116,-0.739947,1,0.162427,0.312514,0.311127,2.074083,0.311127,2.058547,0.301608,0.600000,0.120462,0.108956,0.233175,0.205984,0.232879,0.206319,0.220000,0.206319,1,12.056960,0.220000,0.220000,0.213318,0.198651,0.600000,0.600000,0.311127,0.110000,0.727806,1
1772477798,505980958,-0.058980,-1.609880,-2.998841,-1.116549,-0.469732,-0.731154,1,0.162859,0.312332,0.311127,2.058547,0.311127,2.039770,0.299576,0.600000,0.120966,0.109042,0.232879,0.206319,0.235488,0.203336,0.220000,0.203336,1,11.882662,0.220000,0.220000,0.213652,0.198985,0.600000,0.600000,0.311127,0.110000,0.721168,1
1772477798,555975413,-0.063658,-1.616443,-2.982639,-1.108549,-0.469157,-0.714864,1,0.164187,0.322094,0.311127,2.039770,0.311127,1.993695,0.296001,2.019770,0.120968,0.111015,0.235488,0.203336,0.239966,0.198031,0.220000,0.198031,1,11.572677,0.220000,0.220000,0.210669,0.196003,0.600000,0.600000,0.311127,0.110000,0.704878,1
1772477798,581007669,-0.066419,-1.619362,-2.974335,-1.105430,-0.470625,-0.704367,1,0.164375,0.322538,0.311127,1.993695,0.311127,1.968813,0.296415,1.973695,0.122435,0.109677,0.239966,0.198031,0.239454,0.198650,0.220000,0.198650,1,11.608848,0.220000,0.220000,0.205365,0.190698,0.600000,0.600000,0.311127,0.110000,0.696080,1
1772477798,605971625,-0.069535,-1.622765,-2.964959,-1.100821,-0.470820,-0.694991,1,0.165683,0.323850,0.311127,1.968813,0.311127,1.942291,0.295133,1.948813,0.124696,0.109095,0.239454,0.198650,0.241033,0.196732,0.220000,0.196732,1,11.496710,0.220000,0.220000,0.205984,0.191317,0.600000,0.600000,0.311127,0.110000,0.686704,1
1772477798,656062678,-0.074705,-1.628553,-2.946897,-1.093014,-0.471002,-0.677015,1,0.168901,0.344418,0.311127,1.942291,0.311127,1.895970,0.292415,1.922291,0.127215,0.111104,0.241033,0.196732,0.244322,0.192631,0.220000,0.192631,1,11.257090,0.220000,0.220000,0.204065,0.189398,0.600000,0.600000,0.311127,0.110000,0.670327,1
1772477798,681003987,-0.077361,-1.631059,-2.937425,-1.087956,-0.469979,-0.670063,1,0.169962,0.357021,0.311127,1.895970,0.311127,1.881385,0.289744,0.600000,0.128323,0.111446,0.244322,0.192631,0.247484,0.188552,0.220000,0.188552,1,11.018687,0.220000,0.220000,0.199964,0.185298,0.600000,0.600000,0.311127,0.110000,0.665170,1
1772477798,706053331,-0.079119,-1.636387,-2.929496,-1.082741,-0.467910,-0.662134,1,0.173281,0.353349,0.311127,1.881385,0.311127,1.858959,0.285393,1.861385,0.132321,0.111882,0.247484,0.188552,0.252489,0.181795,0.220000,0.181795,1,10.623827,0.220000,0.220000,0.195885,0.181218,0.600000,0.600000,0.311127,0.110000,0.657241,1
1772477798,756086075,-0.084912,-1.642635,-2.910908,-1.074190,-0.468400,-0.643600,1,0.176662,0.360522,0.311127,1.858959,0.311127,1.811595,0.283071,1.838959,0.135754,0.113050,0.252489,0.181795,0.255090,0.178126,0.220000,0.178126,1,10.409451,0.220000,0.220000,0.189128,0.174461,0.600000,0.600000,0.311127,0.110000,0.640496,1
1772477798,781068002,-0.086181,-1.647217,-2.901627,-1.068341,-0.468460,-0.636252,1,0.178173,0.368004,0.311127,1.811595,0.311127,1.794856,0.281948,0.600000,0.139199,0.111218,0.255090,0.178126,0.256330,0.176337,0.220000,0.176337,1,10.304897,0.220000,0.220000,0.185460,0.170793,0.600000,0.600000,0.311127,0.110000,0.634577,1
1772477798,806087936,-0.087525,-1.652218,-2.890989,-1.063638,-0.466291,-0.625614,1,0.182206,0.391303,0.311127,1.794856,0.311127,1.764767,0.277421,1.774856,0.143423,0.112377,0.256330,0.176337,0.261584,0.168445,0.220000,0.169004,1,9.843683,0.220000,0.220000,0.183671,0.169004,0.600000,0.600000,0.311127,0.110000,0.623939,1
1772477798,856153356,-0.092705,-1.659941,-2.871207,-1.054389,-0.465328,-0.605833,1,0.189518,0.413484,0.311127,1.764767,0.311127,1.712449,0.272685,1.744767,0.149581,0.116372,0.261584,0.168445,0.266309,0.160871,0.220000,0.161112,1,9.401072,0.220000,0.220000,0.175778,0.161112,0.600000,0.600000,0.311127,0.110000,0.605442,1
1772477798,881145026,-0.096952,-1.661604,-2.860920,-1.050303,-0.467503,-0.595612,1,0.189597,0.408163,0.311127,1.712449,0.311127,1.683541,0.274045,1.692449,0.152248,0.112993,0.266309,0.160871,0.264762,0.163404,0.220000,0.163404,1,9.549090,0.220000,0.220000,0.168204,0.153538,0.600000,0.600000,0.311127,0.110000,0.595222,1
1772477798,906110155,-0.099384,-1.663855,-2.850722,-1.043476,-0.466981,-0.588054,1,0.195741,0.432528,0.311127,1.683541,0.311127,1.666494,0.272109,0.600000,0.159172,0.113923,0.264762,0.163404,0.266752,0.160135,0.220000,0.160135,1,9.358053,0.220000,0.220000,0.170737,0.156071,0.600000,0.600000,0.311127,0.110000,0.589194,1
1772477798,956138099,-0.105488,-1.672088,-2.828094,-1.033241,-0.466429,-0.565426,1,0.206184,0.449933,0.311127,1.666494,0.311127,1.606680,0.267859,1.646494,0.167020,0.120898,0.266752,0.160135,0.271059,0.152733,0.220000,0.152802,1,8.925475,0.220000,0.220000,0.167468,0.152802,0.600000,0.600000,0.311127,0.110000,0.568047,1
1772477798,981206736,-0.108116,-1.676247,-2.815613,-1.028241,-0.465850,-0.552948,1,0.209701,0.458999,0.311127,1.606680,0.311127,1.574515,0.265109,1.586680,0.171476,0.120708,0.271059,0.152733,0.273710,0.147928,0.220000,0.147928,1,8.644679,0.220000,0.220000,0.160066,0.145399,0.600000,0.600000,0.311127,0.110000,0.556675,1
1772477799,6181580,-0.111892,-1.681299,-2.804105,-1.016158,-0.467928,-0.541563,1,0.217711,0.484864,0.311127,1.574515,0.311127,1.545499,0.266322,1.554515,0.180802,0.121279,0.273710,0.147928,0.272530,0.150092,0.220000,0.150092,1,8.771173,0.220000,0.220000,0.155261,0.140594,0.600000,0.600000,0.311127,0.110000,0.546416,1
1772477799,56200347,-0.117550,-1.689077,-2.780312,-1.006559,-0.467325,-0.517770,1,0.219100,0.500531,0.311127,1.545499,0.311127,1.481832,0.262260,1.525499,0.183605,0.119558,0.272530,0.150092,0.276748,0.142163,0.220000,0.142759,1,8.307802,0.220000,0.220000,0.157426,0.142759,0.600000,0.600000,0.311127,0.110000,0.523907,1
1772477799,81296712,-0.120955,-1.693694,-2.767736,-1.000832,-0.467003,-0.505194,1,0.223515,0.504170,0.311127,1.481832,0.311127,1.449453,0.259665,1.461832,0.186417,0.123319,0.276748,0.142163,0.278880,0.137934,0.220000,0.137934,1,8.060644,0.220000,0.220000,0.149496,0.134830,0.600000,0.600000,0.311127,0.110000,0.512459,1
1772477799,106253787,-0.124010,-1.698414,-2.754708,-0.995268,-0.466397,-0.492089,1,0.227191,0.519970,0.311127,1.449453,0.311127,1.412386,0.256983,1.429453,0.192036,0.121400,0.278880,0.137934,0.281354,0.132816,0.220000,0.132816,1,7.761572,0.220000,0.220000,0.145267,0.130600,0.600000,0.600000,0.311127,0.110000,0.499354,1
1772477799,156289641,-0.130797,-1.708140,-2.727298,-0.984502,-0.468163,-0.460669,1,0.230305,0.525026,0.311127,1.412386,0.311127,1.325967,0.254873,1.392386,0.196492,0.120129,0.281354,0.132816,0.283267,0.128686,0.220000,0.128686,1,7.520218,0.220000,0.220000,0.140149,0.125483,0.600000,0.600000,0.311127,0.110000,0.468800,1
1772477799,181358222,-0.133949,-1.712472,-2.715367,-0.979157,-0.467805,-0.448738,1,0.230979,0.530600,0.311127,1.325967,0.311127,1.295218,0.252776,1.305967,0.199596,0.116244,0.283267,0.128686,0.285139,0.124481,0.220000,0.124481,1,7.274502,0.220000,0.220000,0.136019,0.121353,0.600000,0.600000,0.311127,0.110000,0.457929,1
1772477799,206344188,-0.136845,-1.717970,-2.702775,-0.973080,-0.466503,-0.436146,1,0.236311,0.557562,0.311127,1.295218,0.311127,1.259602,0.249464,1.275218,0.205521,0.116636,0.285139,0.124481,0.288041,0.117611,0.220000,0.117611,1,6.873000,0.220000,0.220000,0.131814,0.117148,0.600000,0.600000,0.311127,0.110000,0.445337,1
1772477799,256412621,-0.143154,-1.727635,-2.674490,-0.961638,-0.465108,-0.407885,1,0.241344,0.583791,0.311127,1.259602,0.311127,1.184801,0.246092,1.239602,0.211462,0.116322,0.288041,0.117611,0.292509,0.106013,0.220000,0.110277,1,6.195221,0.220000,0.220000,0.124944,0.110277,0.600000,0.600000,0.311127,0.110000,0.418890,1
1772477799,281413654,-0.147234,-1.732550,-2.659720,-0.956166,-0.463213,-0.394198,1,0.242290,0.592925,0.311127,1.184801,0.311127,1.146089,0.241117,1.164801,0.214817,0.112064,0.292509,0.106013,0.295599,0.097062,0.220000,0.098679,1,5.672146,0.220000,0.220000,0.113346,0.098679,0.600000,0.600000,0.311127,0.110000,0.405204,1
1772477799,306450321,-0.150445,-1.737285,-2.644761,-0.950473,-0.462648,-0.379239,1,0.246572,0.611757,0.311127,1.146089,0.311127,1.106078,0.238179,1.126089,0.221911,0.107486,0.295599,0.097062,0.297440,0.091265,0.220000,0.091265,1,5.333379,0.220000,0.220000,0.104395,0.089728,0.600000,0.600000,0.311127,0.110000,0.391058,1
1772477799,356479627,-0.158135,-1.746957,-2.614948,-0.938120,-0.462364,-0.349426,1,0.242949,0.614611,0.311127,1.106078,0.311127,1.024275,0.235467,1.086078,0.221203,0.100464,0.297440,0.091265,0.300134,0.081974,0.220000,0.083931,1,4.790459,0.220000,0.220000,0.098598,0.083931,0.600000,0.600000,0.311127,0.110000,0.362136,1
1772477799,381607818,-0.161872,-1.751434,-2.599078,-0.932288,-0.462369,-0.333556,1,0.239738,0.615614,0.311127,1.024275,0.311127,0.981432,0.233223,1.004275,0.221052,0.092792,0.300134,0.081974,0.301342,0.077414,0.220000,0.077414,1,4.523952,0.220000,0.220000,0.089308,0.074641,0.600000,0.600000,0.311127,0.110000,0.346989,1
1772477799,406520455,-0.164750,-1.755920,-2.584081,-0.927069,-0.461647,-0.318596,1,0.236941,0.614359,0.311127,0.981432,0.311127,0.939121,0.231201,0.961432,0.220855,0.085814,0.301342,0.077414,0.302896,0.071090,0.220000,0.071090,1,4.154411,0.220000,0.220000,0.084747,0.070080,0.600000,0.600000,0.311127,0.110000,0.332029,1
1772477799,456551023,-0.171756,-1.765734,-2.554395,-0.917776,-0.458358,-0.290372,1,0.234562,0.610040,0.311127,0.939121,0.311127,0.861050,0.229052,0.919121,0.220715,0.079399,0.302896,0.071090,0.306464,0.053665,0.220000,0.063757,1,3.136088,0.220000,0.220000,0.078424,0.063757,0.600000,0.600000,0.311127,0.110000,0.304427,1
1772477799,481657683,-0.174477,-1.770646,-2.540203,-0.912259,-0.457312,-0.276180,1,0.231417,0.616076,0.311127,0.861050,0.311127,0.823022,0.224876,0.841050,0.220218,0.071121,0.306464,0.053665,0.307621,0.046573,0.220000,0.046573,1,2.721684,0.220000,0.220000,0.060998,0.046331,0.600000,0.600000,0.311127,0.110000,0.290982,1
1772477799,506604275,-0.178378,-1.775030,-2.525081,-0.906394,-0.457511,-0.261058,1,0.229631,0.618117,0.311127,0.823022,0.311127,0.780251,0.224109,0.803022,0.220354,0.064611,0.307621,0.046573,0.308180,0.042718,0.220000,0.042718,1,2.496372,0.220000,0.220000,0.053907,0.039240,0.600000,0.600000,0.311127,0.110000,0.275861,1
1772477799,556658466,-0.184607,-1.784535,-2.494406,-0.895105,-0.456178,-0.230444,1,0.227489,0.604666,0.311127,0.780251,0.311127,0.695506,0.222827,0.760251,0.220336,0.056599,0.308180,0.042718,0.309681,0.029959,0.220000,0.035385,1,1.750758,0.220000,0.220000,0.050051,0.035385,0.600000,0.600000,0.311127,0.110000,0.245898,1
1772477799,581704428,-0.187966,-1.790696,-2.478701,-0.888357,-0.453068,-0.216942,1,0.226072,0.611754,0.311127,0.695506,0.311127,0.658651,0.221160,0.675506,0.220684,0.049062,0.309681,0.029959,0.310652,0.017181,0.220000,0.022626,1,1.004016,0.220000,0.220000,0.037292,0.022626,0.600000,0.600000,0.311127,0.110000,0.232868,1
1772477799,606693528,-0.191276,-1.794723,-2.464157,-0.883144,-0.453052,-0.202397,1,0.224147,0.605888,0.311127,0.658651,0.311127,0.619249,0.220375,0.638651,0.220145,0.042169,0.310652,0.017181,0.310862,0.012850,0.220000,0.012850,1,0.750931,0.220000,0.220000,0.024514,0.009847,0.600000,0.600000,0.311127,0.110000,0.218937,1
1772477799,656732701,-0.198967,-1.803710,-2.434645,-0.871317,-0.453252,-0.172886,1,0.222303,0.609654,0.311127,0.619249,0.311127,0.537365,0.220069,0.599249,0.219571,0.034745,0.310862,0.012850,0.311090,0.004800,0.220000,0.005517,1,0.280496,0.220000,0.220000,0.020183,0.005517,0.600000,0.599249,0.311127,0.110000,0.189987,1
1772477799,681754838,-0.202348,-1.808226,-2.419929,-0.865682,-0.452979,-0.158169,1,0.222427,0.623871,0.311127,0.537365,0.311127,0.495739,0.220000,0.517365,0.220700,0.027659,0.311090,0.004800,0.311127,-0.000287,0.220000,-0.000287,1,-0.016784,0.220000,0.220000,0.012133,-0.002533,0.557365,0.517365,0.311127,0.110000,0.175270,1
1772477799,706782895,-0.205108,-1.811439,-2.404513,-0.861488,-0.453040,-0.142764,1,0.221253,0.581195,0.311127,0.495739,0.311127,0.453201,0.220050,0.475739,0.220324,0.020253,0.311127,-0.000287,0.311091,-0.004699,0.220000,-0.004699,1,-0.274597,0.220000,0.220000,0.007046,-0.007621,0.515739,0.475739,0.311127,0.110000,0.160231,1
1772477799,756807399,-0.212971,-1.820417,-2.374880,-0.850930,-0.452779,-0.113456,1,0.220213,0.565739,0.311127,0.453201,0.311127,0.371650,0.220329,0.433201,0.219827,0.013046,0.311091,-0.004699,0.310810,-0.014035,0.220000,-0.012032,1,-0.820176,0.220000,0.220000,0.002634,-0.012032,0.473201,0.433201,0.311127,0.110000,0.131398,1
1772477799,781813573,-0.216278,-1.825362,-2.360889,-0.845011,-0.452179,-0.099465,1,0.219977,0.544462,0.311127,0.371650,0.311127,0.332077,0.220890,0.351650,0.219905,0.005604,0.310810,-0.014035,0.310496,-0.019804,0.220000,-0.019804,1,-1.157322,0.220000,0.220000,-0.006702,-0.021368,0.391650,0.351650,0.311127,0.110000,0.117407,1
1772477799,806901907,-0.220130,-1.829315,-2.347924,-0.839510,-0.452629,-0.086500,1,0.219890,0.518669,0.311127,0.332077,0.311127,0.296669,0.221122,0.312077,0.219881,-0.001923,0.310496,-0.019804,0.310330,-0.022250,0.220000,-0.022250,1,-1.300272,0.220000,0.220000,-0.012471,-0.027137,0.352077,0.312077,0.311127,0.110000,0.104888,1
1772477799,856809888,-0.227489,-1.837924,-2.322688,-0.828183,-0.452758,-0.061237,1,0.220424,0.503395,0.311127,0.296669,0.311127,0.226030,0.221918,0.276669,0.220240,-0.008990,0.310330,-0.022250,0.309762,-0.029117,0.220000,-0.029117,1,-1.701548,0.220000,0.220000,-0.014917,-0.029584,0.316669,0.276669,0.311127,0.110000,0.079914,1
1772477799,881813268,-0.232859,-1.843522,-2.309388,-0.820341,-0.451112,-0.046932,1,0.220103,0.491585,0.311127,0.226030,0.311127,0.186552,0.222999,0.206030,0.219514,-0.016084,0.309762,-0.029117,0.308819,-0.037827,0.220000,-0.036450,1,-2.210571,0.220000,0.220000,-0.021784,-0.036450,0.246030,0.206030,0.311127,0.110000,0.065956,1
1772477799,906837018,-0.235711,-1.845336,-2.297209,-0.817125,-0.452152,-0.034753,1,0.220864,0.466815,0.311127,0.186552,0.311127,0.152106,0.223334,0.166552,0.219630,-0.023315,0.308819,-0.037827,0.308742,-0.038448,0.220000,-0.038448,1,-2.246863,0.220000,0.220000,-0.030494,-0.045161,0.206552,0.166552,0.311127,0.110000,0.053777,1
1772477799,956852607,-0.245082,-1.853252,-2.274321,-0.805051,-0.454320,-0.011866,1,0.221665,0.442178,0.311127,0.152106,0.311127,0.088900,0.223375,0.132106,0.219603,-0.030167,0.308742,-0.038448,0.308713,-0.038684,0.220000,-0.038684,1,-2.260635,0.220000,0.220000,-0.031115,-0.045782,0.172106,0.132106,0.311127,0.110000,0.031431,1
1772477799,981910590,-0.248658,-1.856943,-2.263838,-0.799846,-0.454714,-0.001464,1,0.223516,0.430723,0.311127,0.088900,0.311127,0.059481,0.223695,0.068900,0.220229,-0.038189,0.308713,-0.038684,0.308481,-0.040488,0.220000,-0.040488,1,-2.366084,0.220000,0.220000,-0.031351,-0.046017,0.108900,0.068900,0.311127,0.110000,0.021030,1
1772477800,6935895,-0.253976,-1.861032,-2.252417,-0.790459,-0.455998,0.007140,1,0.223771,0.417138,0.311127,0.059481,0.311127,0.035805,0.223427,0.039481,0.220065,-0.040558,0.308481,-0.040488,0.308675,-0.038981,0.220000,-0.038981,1,-2.278001,0.220000,0.220000,-0.033155,-0.047822,0.079481,0.039481,0.311127,0.110000,0.012659,1
1772477800,57108411,-0.260636,-1.867943,-2.233643,-0.780891,-0.456749,0.025914,1,0.223660,0.398968,0.311127,0.035805,0.311127,-0.016689,0.223994,0.015805,0.219703,-0.041884,0.308675,-0.038981,0.308264,-0.042113,0.220000,-0.042113,1,-2.461025,0.220000,0.220000,-0.031648,-0.046314,0.055805,0.015805,0.311127,0.110000,-0.005900,1
1772477800,82167709,-0.265610,-1.870700,-2.223783,-0.775601,-0.458837,0.035775,1,0.223636,0.363146,0.311127,-0.016689,0.311127,-0.044203,0.223423,-0.036689,0.219974,-0.040306,0.308264,-0.042113,0.308678,-0.038960,0.220000,-0.038960,1,-2.276749,0.220000,0.220000,-0.034780,-0.049446,0.003311,-0.036689,0.311127,0.110000,-0.015628,1
1772477800,107208004,-0.269473,-1.875727,-2.215639,-0.769232,-0.458623,0.043759,1,0.223821,0.351724,0.311127,-0.044203,0.311127,-0.066787,0.223910,-0.064203,0.219677,-0.042865,0.308678,-0.038960,0.308325,-0.041663,0.220000,-0.041663,1,-2.434756,0.220000,0.220000,-0.031626,-0.046293,-0.024203,-0.064203,0.311127,0.110000,-0.023613,1
1772477800,157367529,-0.278107,-1.883990,-2.199478,-0.756564,-0.460096,0.055902,1,0.224363,0.290161,0.311127,-0.066787,0.311127,-0.100476,0.223704,-0.086787,0.220114,-0.043457,0.308325,-0.041663,0.308475,-0.040538,0.220000,-0.040538,1,-2.368964,0.220000,0.220000,-0.034330,-0.048997,-0.046787,-0.086787,0.311127,0.110000,-0.035524,1
1772477800,182417227,-0.282294,-1.887127,-2.191132,-0.751486,-0.461356,0.064249,1,0.224326,0.295507,0.311127,-0.100476,0.311127,-0.124083,0.223478,-0.120476,0.220243,-0.042605,0.308475,-0.040538,0.308638,-0.039273,0.220000,-0.039273,1,-2.295057,0.220000,0.220000,-0.033204,-0.047871,-0.080476,-0.120476,0.311127,0.110000,-0.043870,1
1772477800,207484800,-0.285572,-1.890796,-2.184118,-0.746615,-0.461572,0.071245,1,0.223475,0.275340,0.311127,-0.124083,0.311127,-0.143729,0.223705,-0.143729,0.219651,-0.041167,0.308638,-0.039273,0.308474,-0.040544,0.220000,-0.040544,1,-2.369332,0.220000,0.220000,-0.031940,-0.046606,-0.104083,-0.144083,0.311127,0.110000,-0.050816,1
1772477800,257582864,-0.293448,-1.898480,-2.171149,-0.736618,-0.462763,0.083837,1,0.223498,0.228815,0.311127,-0.143729,0.311127,-0.179265,0.223698,-0.163729,0.219648,-0.041303,0.308474,-0.040544,0.308479,-0.040506,0.220000,-0.040506,1,-2.367138,0.220000,0.220000,-0.033211,-0.047877,-0.123729,-0.163729,0.311127,0.110000,-0.063380,1
1772477800,282610785,-0.298159,-1.903115,-2.164946,-0.730049,-0.463484,0.090041,1,0.223398,0.248529,0.311127,-0.179265,0.311127,-0.196811,0.223610,-0.196811,0.219619,-0.040915,0.308479,-0.040506,0.308543,-0.040017,0.220000,-0.040017,1,-2.338561,0.220000,0.220000,-0.033173,-0.047840,-0.159265,-0.199265,0.311127,0.110000,-0.069583,1
1772477800,307671817,-0.302578,-1.907187,-2.159695,-0.724239,-0.464242,0.095186,1,0.223397,0.222845,0.311127,-0.196811,0.311127,-0.211382,0.223455,-0.211382,0.219621,-0.040901,0.308543,-0.040017,0.308655,-0.039142,0.220000,-0.039142,1,-2.287394,0.220000,0.220000,-0.032684,-0.047351,-0.176811,-0.216811,0.311127,0.110000,-0.074735,1
1772477800,357748976,-0.309972,-1.914970,-2.149995,-0.716225,-0.463278,0.102834,1,0.223028,0.184373,0.311127,-0.211382,0.311127,-0.233113,0.224307,-0.231382,0.219534,-0.039321,0.308655,-0.039142,0.308036,-0.043745,0.220000,-0.043745,1,-2.556399,0.220000,0.220000,-0.031809,-0.046475,-0.191382,-0.231382,0.311127,0.110000,-0.082418,1
1772477800,382787651,-0.314331,-1.918786,-2.145330,-0.710514,-0.464256,0.107500,1,0.223895,0.195363,0.311127,-0.233113,0.311127,-0.246310,0.223994,-0.246310,0.220425,-0.039269,0.308036,-0.043745,0.308264,-0.042112,0.220000,-0.042112,1,-2.460964,0.220000,0.220000,-0.036412,-0.051078,-0.213113,-0.253113,0.311127,0.110000,-0.087084,1
1772477800,407860114,-0.317619,-1.923175,-2.141009,-0.705156,-0.463801,0.111897,1,0.224797,0.166255,0.311127,-0.246310,0.311127,-0.258939,0.224443,-0.258939,0.220296,-0.044761,0.308264,-0.042112,0.307937,-0.044436,0.220000,-0.044436,1,-2.596799,0.220000,0.220000,-0.034779,-0.049445,-0.226310,-0.266310,0.311127,0.110000,-0.091549,1
1772477800,457922315,-0.324581,-1.931273,-2.133100,-0.696634,-0.459808,0.121155,1,0.224263,0.136024,0.311127,-0.258939,0.311127,-0.285451,0.226009,-0.278939,0.220255,-0.042210,0.307937,-0.044436,0.305681,-0.057957,0.220000,-0.051770,1,-3.386907,0.220000,0.220000,-0.037103,-0.051770,-0.238939,-0.278939,0.311127,0.110000,-0.100922,1
1772477800,482971682,-0.329079,-1.934419,-2.128530,-0.691354,-0.461310,0.125724,1,0.224323,0.114544,0.311127,-0.285451,0.311127,-0.298377,0.226739,-0.298377,0.219858,-0.044535,0.305681,-0.057957,0.306251,-0.054867,0.220000,-0.054867,1,-3.206338,0.220000,0.220000,-0.050623,-0.065290,-0.265451,-0.305451,0.311127,0.110000,-0.105492,1
1772477800,507954078,-0.331525,-1.940223,-2.126651,-0.685024,-0.459396,0.127494,1,0.225521,0.101817,0.311127,-0.298377,0.311127,-0.303730,0.228137,-0.303730,0.219443,-0.052005,0.306251,-0.054867,0.305211,-0.060385,0.220000,-0.060385,1,-3.528831,0.220000,0.220000,-0.047533,-0.062200,-0.278377,-0.318377,0.311127,0.110000,-0.107385,1
1772477800,558058820,-0.341293,-1.948994,-2.120384,-0.667042,-0.458931,0.131815,1,0.228689,0.043877,0.311127,-0.303730,0.311127,-0.317055,0.228568,-0.317055,0.220080,-0.062155,0.305211,-0.060385,0.304888,-0.061996,0.220000,-0.061996,1,-3.622983,0.220000,0.220000,-0.053052,-0.067719,-0.283730,-0.323730,0.311127,0.110000,-0.112096,1
1772477800,583052363,-0.344158,-1.952274,-2.118967,-0.662689,-0.459090,0.133232,1,0.228528,0.060562,0.311127,-0.317055,0.311127,-0.321063,0.228501,-0.321063,0.220311,-0.060733,0.304888,-0.061996,0.304938,-0.061747,0.220000,-0.061747,1,-3.608395,0.220000,0.220000,-0.054663,-0.069330,-0.297055,-0.337055,0.311127,0.110000,-0.113513,1
1772477800,608077588,-0.347726,-1.955529,-2.117707,-0.657494,-0.459983,0.134488,1,0.228948,0.039614,0.311127,-0.321063,0.311127,-0.325232,0.227868,-0.325232,0.220225,-0.062595,0.304938,-0.061747,0.305412,-0.059360,0.220000,-0.059360,1,-3.468914,0.220000,0.220000,-0.054413,-0.069080,-0.301063,-0.341063,0.311127,0.110000,-0.114987,1
1772477800,658137854,-0.356590,-1.963686,-2.113878,-0.638414,-0.464666,0.138255,1,0.227929,0.031072,0.311127,-0.325232,0.311127,-0.337570,0.226068,-0.337570,0.220125,-0.059130,0.305412,-0.059360,0.307646,-0.046412,0.220000,-0.052027,1,-2.712251,0.220000,0.220000,-0.052027,-0.066693,-0.305232,-0.345232,0.311127,0.110000,-0.119349,1
1772477800,683179684,-0.359691,-1.968686,-2.113211,-0.632577,-0.463926,0.138923,1,0.228207,-0.003673,0.311127,-0.337570,0.311127,-0.340366,0.225256,-0.340366,0.220235,-0.059791,0.307646,-0.046412,0.307343,-0.048376,0.220000,-0.048376,1,-2.827039,0.220000,0.220000,-0.039079,-0.053745,-0.317570,-0.357570,0.311127,0.110000,-0.120338,1
1772477800,708211603,-0.364114,-1.973552,-2.112183,-0.625838,-0.464669,0.139831,1,0.225759,-0.020189,0.311127,-0.340366,0.311127,-0.342934,0.224804,-0.342934,0.219650,-0.052165,0.307343,-0.048376,0.307674,-0.046225,0.220000,-0.046225,1,-2.701328,0.220000,0.220000,-0.041043,-0.055710,-0.320366,-0.360366,0.311127,0.110000,-0.121245,1
1772477800,758255054,-0.372907,-1.983012,-2.115345,-0.610094,-0.471704,0.134688,1,0.224242,-0.030717,0.311127,-0.342934,0.311127,-0.330655,0.223411,-0.330655,0.219556,-0.045602,0.307674,-0.046225,0.310196,-0.024052,0.220000,-0.038892,1,-1.405579,0.220000,0.220000,-0.038892,-0.053558,-0.322934,-0.362934,0.311127,0.110000,-0.116904,1
1772477800,783239045,-0.376548,-1.985736,-2.116957,-0.605687,-0.472827,0.133077,1,0.224542,-0.056323,0.311127,-0.330655,0.311127,-0.326098,0.220922,-0.326098,0.219678,-0.046481,0.310196,-0.024052,0.310473,-0.020159,0.220000,-0.020159,1,-1.178047,0.220000,0.220000,-0.016719,-0.031386,-0.310655,-0.350655,0.311127,0.110000,-0.115293,1
1772477800,808289039,-0.380084,-1.990231,-2.118899,-0.599865,-0.472728,0.131423,1,0.223176,-0.079517,0.311127,-0.326098,0.311127,-0.322658,0.220874,-0.322658,0.219902,-0.038086,0.310473,-0.020159,0.310507,-0.019633,0.220000,-0.019633,1,-1.147310,0.220000,0.220000,-0.012825,-0.027492,-0.306098,-0.346098,0.311127,0.110000,-0.114077,1
1772477800,858419059,-0.387021,-1.998824,-2.123054,-0.587103,-0.472244,0.132151,1,0.221194,-0.067220,0.311127,-0.322658,0.311127,-0.325910,0.220962,-0.325910,0.220177,-0.021188,0.310507,-0.019633,0.310444,-0.020600,0.220000,-0.020600,1,-1.203818,0.220000,0.220000,-0.012299,-0.026966,-0.302658,-0.342658,0.311127,0.110000,-0.115227,1
1772477800,883293550,-0.392014,-2.003794,-2.124482,-0.580096,-0.472970,0.130723,1,0.222140,-0.113933,0.311127,-0.325910,0.311127,-0.323522,0.220716,-0.323522,0.220823,-0.024155,0.310444,-0.020600,0.310619,-0.017769,0.220000,-0.017769,1,-1.038382,0.220000,0.220000,-0.013266,-0.027933,-0.305910,-0.345910,0.311127,0.110000,-0.114382,1
1772477800,908282659,-0.395448,-2.009111,-2.128972,-0.573805,-0.472270,0.126233,1,0.221103,-0.132945,0.311127,-0.323522,0.311127,-0.312450,0.220740,-0.312450,0.220483,-0.016545,0.310619,-0.017769,0.310602,-0.018060,0.220000,-0.018060,1,-1.055415,0.220000,0.220000,-0.010435,-0.025102,-0.303522,-0.343522,0.311127,0.110000,-0.110468,1
1772477800,958328752,-0.401635,-2.018137,-2.137998,-0.561149,-0.466272,0.118268,1,0.220799,-0.181738,0.311127,-0.312450,0.311127,-0.291309,0.221461,-0.292450,0.220113,-0.017390,0.310602,-0.018060,0.309483,-0.031938,0.220000,-0.025394,1,-1.866400,0.220000,0.220000,-0.010727,-0.025394,-0.292450,-0.332450,0.311127,0.110000,-0.102993,1
1772477800,983260374,-0.404812,-2.020392,-2.141974,-0.557392,-0.467303,0.114292,1,0.220939,-0.172618,0.311127,-0.291309,0.311127,-0.280063,0.221729,-0.280063,0.220243,-0.017525,0.309483,-0.031938,0.309897,-0.027638,0.220000,-0.027638,1,-1.615106,0.220000,0.220000,-0.024604,-0.039271,-0.271309,-0.311309,0.311127,0.110000,-0.099017,1
1772477801,8298991,-0.408531,-2.024891,-2.147148,-0.551555,-0.467335,0.109118,1,0.221521,-0.207598,0.311127,-0.280063,0.311127,-0.267452,0.221496,-0.267452,0.219890,-0.026834,0.309897,-0.027638,0.310064,-0.025696,0.220000,-0.025696,1,-1.501621,0.220000,0.220000,-0.020304,-0.034971,-0.260063,-0.300063,0.311127,0.110000,-0.094559,1
1772477801,58347188,-0.415000,-2.034462,-2.155069,-0.540151,-0.466287,0.101416,1,0.221886,-0.232078,0.311127,-0.267452,0.311127,-0.247767,0.221507,-0.247767,0.220479,-0.024948,0.310064,-0.025696,0.310056,-0.025792,0.220000,-0.025792,1,-1.507223,0.220000,0.220000,-0.018362,-0.033029,-0.247452,-0.287452,0.311127,0.110000,-0.087599,1
1772477801,83305609,-0.419019,-2.036708,-2.159548,-0.537809,-0.468041,0.101148,1,0.221574,-0.247573,0.311127,-0.247767,0.311127,-0.247009,0.220969,-0.247009,0.220160,-0.024992,0.310056,-0.025792,0.310440,-0.020668,0.220000,-0.020668,1,-1.207813,0.220000,0.220000,-0.018458,-0.033125,-0.227767,-0.267767,0.311127,0.110000,-0.087331,1
1772477801,108285782,-0.422673,-2.042387,-2.165852,-0.531103,-0.467245,0.094844,1,0.220667,-0.209155,0.311127,-0.247009,0.311127,-0.230817,0.220972,-0.230817,0.219847,-0.019004,0.310440,-0.020668,0.310438,-0.020698,0.220000,-0.020698,1,-1.209569,0.220000,0.220000,-0.013335,-0.028001,-0.227009,-0.267009,0.311127,0.110000,-0.081606,1
1772477801,158359394,-0.429101,-2.051348,-2.177906,-0.520100,-0.466500,0.082790,1,0.220323,-0.243181,0.311127,-0.230817,0.311127,-0.199039,0.220789,-0.210817,0.219402,-0.020124,0.310438,-0.020698,0.310568,-0.018647,0.220000,-0.018647,1,-1.089709,0.220000,0.220000,-0.013365,-0.028031,-0.210817,-0.250817,0.311127,0.110000,-0.070371,1
1772477801,183375476,-0.433137,-2.056252,-2.184129,-0.513748,-0.466492,0.076567,1,0.221560,-0.235151,0.311127,-0.199039,0.311127,-0.184010,0.220619,-0.184010,0.220632,-0.020260,0.310568,-0.018647,0.310688,-0.016514,0.220000,-0.016514,1,-0.965064,0.220000,0.220000,-0.011314,-0.025980,-0.179039,-0.219039,0.311127,0.110000,-0.065057,1
1772477801,208422257,-0.436773,-2.059839,-2.188736,-0.508668,-0.467013,0.071960,1,0.220211,-0.184269,0.311127,-0.184010,0.311127,-0.170977,0.220410,-0.170977,0.219646,-0.015756,0.310688,-0.016514,0.310837,-0.013440,0.220000,-0.013440,1,-0.785398,0.220000,0.220000,-0.009181,-0.023847,-0.164010,-0.204010,0.311127,0.110000,-0.060450,1
1772477801,258545875,-0.444677,-2.070049,-2.198815,-0.496734,-0.464759,0.062458,1,0.220480,-0.177970,0.311127,-0.170977,0.311127,-0.148671,0.220616,-0.150977,0.220121,-0.012589,0.310837,-0.013440,0.310691,-0.016474,0.220000,-0.016474,1,-0.962700,0.220000,0.220000,-0.006106,-0.020773,-0.150977,-0.190977,0.311127,0.110000,-0.052563,1
1772477801,283559530,-0.447719,-2.075291,-2.203419,-0.490755,-0.463766,0.057854,1,0.220677,-0.184101,0.311127,-0.148671,0.311127,-0.135648,0.220709,-0.135648,0.220282,-0.013199,0.310691,-0.016474,0.310625,-0.017672,0.220000,-0.017672,1,-1.032707,0.220000,0.220000,-0.009140,-0.023807,-0.128671,-0.168671,0.311127,0.110000,-0.047959,1
1772477801,308644454,-0.450441,-2.077664,-2.207091,-0.487192,-0.464353,0.054183,1,0.220220,-0.162770,0.311127,-0.135648,0.311127,-0.128282,0.220495,-0.128282,0.219525,-0.017481,0.310625,-0.017672,0.310776,-0.014769,0.220000,-0.014769,1,-0.863101,0.220000,0.220000,-0.010338,-0.025005,-0.115648,-0.155648,0.311127,0.110000,-0.045355,1
1772477801,358728028,-0.457650,-2.088110,-2.214590,-0.474547,-0.463258,0.046683,1,0.220714,-0.133986,0.311127,-0.128282,0.311127,-0.109849,0.220525,-0.109849,0.220219,-0.014783,0.310776,-0.014769,0.310755,-0.015206,0.220000,-0.015206,1,-0.888630,0.220000,0.220000,-0.007436,-0.022103,-0.108282,-0.148282,0.311127,0.110000,-0.038837,1
1772477801,383741320,-0.461568,-2.091549,-2.216410,-0.469401,-0.464088,0.044863,1,0.220428,-0.124286,0.311127,-0.109849,0.311127,-0.104699,0.220337,-0.104699,0.219942,-0.014622,0.310755,-0.015206,0.310889,-0.012174,0.220000,-0.012174,1,-0.711460,0.220000,0.220000,-0.007873,-0.022540,-0.089849,-0.129849,0.311127,0.110000,-0.037017,1
1772477801,408798719,-0.464424,-2.094950,-2.219016,-0.464960,-0.464124,0.042257,1,0.220287,-0.094786,0.311127,-0.104699,0.311127,-0.099845,0.220283,-0.099845,0.220004,-0.011164,0.310889,-0.012174,0.310927,-0.011166,0.220000,-0.011166,1,-0.652546,0.220000,0.220000,-0.004841,-0.019508,-0.084699,-0.124699,0.311127,0.110000,-0.035301,1
1772477801,458947283,-0.470915,-2.102573,-2.223641,-0.454948,-0.464273,0.037632,1,0.220454,-0.106682,0.311127,-0.099845,0.311127,-0.090270,0.220188,-0.090270,0.220162,-0.011332,0.310927,-0.011166,0.310994,-0.009106,0.220000,-0.009106,1,-0.532161,0.220000,0.220000,-0.003833,-0.018500,-0.079845,-0.119845,0.311127,0.110000,-0.031915,1
1772477801,483976512,-0.473745,-2.106215,-2.226126,-0.450338,-0.464135,0.035147,1,0.220313,-0.103095,0.311127,-0.090270,0.311127,-0.083241,0.220170,-0.083241,0.220061,-0.010535,0.310994,-0.009106,0.311007,-0.008639,0.220000,-0.008639,1,-0.504863,0.220000,0.220000,-0.001773,-0.016440,-0.070270,-0.110270,0.311127,0.110000,-0.029430,1
1772477801,508983032,-0.476949,-2.111044,-2.228292,-0.444574,-0.463530,0.032981,1,0.219919,-0.084193,0.311127,-0.083241,0.311127,-0.080778,0.220209,-0.080778,0.219742,-0.008812,0.311007,-0.008639,0.310979,-0.009588,0.220000,-0.009588,1,-0.560313,0.220000,0.220000,-0.001306,-0.015973,-0.063241,-0.103241,0.311127,0.110000,-0.028559,1
1772477801,559147324,-0.485321,-2.121893,-2.233526,-0.432325,-0.463102,0.025600,1,0.220629,-0.076441,0.311127,-0.080778,0.311127,-0.062867,0.220158,-0.062867,0.220435,-0.009249,0.310979,-0.009588,0.311015,-0.008349,0.220000,-0.008349,1,-0.487931,0.220000,0.220000,-0.002255,-0.016921,-0.060778,-0.100778,0.311127,0.110000,-0.022227,1
1772477801,584162834,-0.489042,-2.126836,-2.236023,-0.426144,-0.462836,0.023103,1,0.220337,-0.077034,0.311127,-0.062867,0.311127,-0.059303,0.220155,-0.059303,0.220129,-0.009584,0.311015,-0.008349,0.311017,-0.008268,0.220000,-0.008268,1,-0.483144,0.220000,0.220000,-0.001016,-0.015683,-0.042867,-0.082867,0.311127,0.110000,-0.020967,1
1772477801,609245215,-0.492960,-2.130862,-2.237584,-0.420546,-0.463304,0.021541,1,0.220391,-0.067420,0.311127,-0.059303,0.311127,-0.054887,0.220093,-0.054887,0.220264,-0.007473,0.311017,-0.008268,0.311061,-0.006412,0.220000,-0.006412,1,-0.374709,0.220000,0.220000,-0.000934,-0.015601,-0.039303,-0.079303,0.311127,0.110000,-0.019405,1
1772477801,659331869,-0.499807,-2.139752,-2.240098,-0.409330,-0.462945,0.019027,1,0.219704,-0.056405,0.311127,-0.054887,0.311127,-0.056115,0.220099,-0.056115,0.219611,-0.006396,0.311061,-0.006412,0.311057,-0.006599,0.220000,-0.006599,1,-0.385612,0.220000,0.220000,0.000921,-0.013745,-0.034887,-0.074887,0.311127,0.110000,-0.019840,1
1772477801,684355127,-0.502805,-2.144366,-2.241859,-0.403863,-0.462329,0.017267,1,0.219995,-0.060601,0.311127,-0.056115,0.311127,-0.051136,0.220138,-0.051136,0.219907,-0.006211,0.311057,-0.006599,0.311029,-0.007795,0.220000,-0.007795,1,-0.455518,0.220000,0.220000,0.000735,-0.013932,-0.036115,-0.076115,0.311127,0.110000,-0.018079,1
1772477801,709412572,-0.506721,-2.149169,-2.242525,-0.397666,-0.462303,0.016600,1,0.220199,-0.057761,0.311127,-0.051136,0.311127,-0.052937,0.220134,-0.052937,0.220054,-0.007991,0.311029,-0.007795,0.311032,-0.007673,0.220000,-0.007673,1,-0.448400,0.220000,0.220000,-0.000461,-0.015128,-0.031136,-0.071136,0.311127,0.110000,-0.018716,1
1772477801,734457490,-0.511169,-2.153186,-2.244533,-0.391738,-0.463186,0.014593,1,0.219572,-0.048479,0.311127,-0.052937,0.311127,-0.047258,0.220048,-0.047258,0.219435,-0.007757,0.311032,-0.007673,0.311093,-0.004575,0.220000,-0.004575,1,-0.267336,0.220000,0.220000,-0.000340,-0.015006,-0.032937,-0.072937,0.311127,0.110000,-0.016708,1
1772477801,784544114,-0.517281,-2.162875,-2.245956,-0.380373,-0.461751,0.013170,1,0.220872,-0.052140,0.311127,-0.047258,0.311127,-0.052833,0.220156,-0.052833,0.220751,-0.007295,0.311093,-0.004575,0.311017,-0.008276,0.220000,-0.008276,1,-0.483659,0.220000,0.220000,0.002759,-0.011908,-0.027258,-0.067258,0.311127,0.110000,-0.018679,1
1772477801,809714206,-0.521117,-2.167926,-2.247153,-0.374034,-0.461506,0.011973,1,0.220041,-0.049146,0.311127,-0.052833,0.311127,-0.049448,0.220171,-0.049448,0.219892,-0.008093,0.311017,-0.008276,0.311006,-0.008682,0.220000,-0.008682,1,-0.507340,0.220000,0.220000,-0.000943,-0.015610,-0.032833,-0.072833,0.311127,0.110000,-0.017483,1
1772477801,859773313,-0.528459,-2.177115,-2.248877,-0.362358,-0.461195,0.010320,1,0.220590,-0.057723,0.311127,-0.049448,0.311127,-0.049592,0.220194,-0.049592,0.220420,-0.008656,0.311006,-0.008682,0.310990,-0.009243,0.220000,-0.009243,1,-0.540141,0.220000,0.220000,-0.001348,-0.016015,-0.029448,-0.069448,0.311127,0.110000,-0.017533,1
1772477801,884789738,-0.532791,-2.180640,-2.249711,-0.358339,-0.459798,0.010733,1,0.219874,-0.058111,0.311127,-0.049592,0.311127,-0.055354,0.220408,-0.055354,0.219700,-0.008722,0.310990,-0.009243,0.310838,-0.013405,0.220000,-0.013405,1,-0.783391,0.220000,0.220000,-0.001910,-0.016576,-0.029592,-0.069592,0.311127,0.110000,-0.019571,1
1772477801,909816714,-0.536214,-2.187779,-2.250317,-0.350653,-0.457896,0.010127,1,0.219959,-0.048434,0.311127,-0.055354,0.311127,-0.058886,0.220799,-0.058886,0.219766,-0.009205,0.310838,-0.013405,0.310560,-0.018769,0.220000,-0.018769,1,-1.096842,0.220000,0.220000,-0.006072,-0.020739,-0.035354,-0.075354,0.311127,0.110000,-0.020819,1
1772477801,959988224,-0.542827,-2.194578,-2.253002,-0.341200,-0.458672,0.007442,1,0.220807,-0.052958,0.311127,-0.058886,0.311127,-0.057493,0.220581,-0.057493,0.220413,-0.013182,0.310560,-0.018769,0.310715,-0.016006,0.220000,-0.016006,1,-0.935357,0.220000,0.220000,-0.011436,-0.026102,-0.038886,-0.078886,0.311127,0.110000,-0.020327,1
1772477801,985116412,-0.547458,-2.200693,-2.254408,-0.333536,-0.458354,0.006036,1,0.220624,-0.087317,0.311127,-0.057493,0.311127,-0.053516,0.220635,-0.053516,0.219705,-0.020115,0.310715,-0.016006,0.310677,-0.016721,0.220000,-0.016721,1,-0.977163,0.220000,0.220000,-0.008672,-0.023339,-0.037493,-0.077493,0.311127,0.110000,-0.018921,1
1772477802,10116317,-0.551893,-2.204616,-2.255834,-0.327688,-0.459280,0.004610,1,0.220047,-0.057563,0.311127,-0.053516,0.311127,-0.055590,0.220438,-0.055590,0.219459,-0.016078,0.310677,-0.016721,0.310817,-0.013885,0.220000,-0.013885,1,-0.811425,0.220000,0.220000,-0.009388,-0.024055,-0.033516,-0.073516,0.311127,0.110000,-0.019654,1
1772477802,60202552,-0.559182,-2.213263,-2.258578,-0.316379,-0.459401,0.001867,1,0.220630,-0.057422,0.311127,-0.055590,0.311127,-0.053584,0.220394,-0.053584,0.219996,-0.016726,0.310817,-0.013885,0.310848,-0.013173,0.220000,-0.013173,1,-0.769813,0.220000,0.220000,-0.006552,-0.021218,-0.035590,-0.075590,0.311127,0.110000,-0.018945,1
1772477802,85210711,-0.563129,-2.217319,-2.258667,-0.310739,-0.459865,0.001778,1,0.220643,-0.044614,0.311127,-0.053584,0.311127,-0.059397,0.220333,-0.059397,0.220216,-0.013720,0.310848,-0.013173,0.310892,-0.012102,0.220000,-0.012102,1,-0.707229,0.220000,0.220000,-0.005840,-0.020506,-0.033584,-0.073584,0.311127,0.110000,-0.021000,1
1772477802,110253628,-0.567452,-2.223111,-2.260823,-0.303520,-0.459515,-0.000378,1,0.219886,-0.055457,0.311127,-0.059397,0.311127,-0.053299,0.220371,-0.053299,0.219478,-0.013383,0.310892,-0.012102,0.310864,-0.012788,0.220000,-0.012788,1,-0.747334,0.220000,0.220000,-0.004769,-0.019435,-0.039397,-0.079397,0.311127,0.110000,-0.018844,1
1772477802,160344508,-0.574634,-2.230016,-2.264049,-0.295884,-0.460946,-0.005179,1,0.220043,-0.054267,0.311127,-0.053299,0.311127,-0.046823,0.220134,-0.046823,0.219725,-0.011819,0.310864,-0.012788,0.311032,-0.007688,0.220000,-0.007688,1,-0.449297,0.220000,0.220000,-0.005455,-0.020122,-0.033299,-0.073299,0.311127,0.110000,-0.016554,1
1772477802,185354631,-0.578117,-2.234301,-2.266122,-0.290362,-0.460915,-0.007252,1,0.220225,-0.069689,0.311127,-0.046823,0.311127,-0.048843,0.220127,-0.048843,0.219819,-0.013365,0.311032,-0.007688,0.311037,-0.007471,0.220000,-0.007471,1,-0.436620,0.220000,0.220000,-0.000355,-0.015022,-0.026823,-0.066823,0.311127,0.110000,-0.017269,1
1772477802,210422983,-0.582116,-2.238317,-2.266810,-0.284720,-0.461454,-0.007940,1,0.219825,-0.047091,0.311127,-0.048843,0.311127,-0.046897,0.220085,-0.046897,0.219698,-0.007480,0.311037,-0.007471,0.311067,-0.006104,0.220000,-0.006104,1,-0.356736,0.220000,0.220000,-0.000138,-0.014805,-0.028843,-0.068843,0.311127,0.110000,-0.016581,1
1772477802,235473174,-0.585322,-2.243620,-2.268933,-0.278588,-0.460563,-0.010064,1,0.220252,-0.049362,0.311127,-0.046897,0.311127,-0.048507,0.220160,-0.048507,0.220116,-0.007733,0.311067,-0.006104,0.311013,-0.008404,0.220000,-0.008404,1,-0.491102,0.220000,0.220000,0.001229,-0.013438,-0.026897,-0.066897,0.311127,0.110000,-0.017150,1
1772477802,285554895,-0.592814,-2.250108,-2.272153,-0.268818,-0.462230,-0.013283,1,0.220262,-0.038495,0.311127,-0.048507,0.311127,-0.047068,0.220027,-0.047068,0.220184,-0.005827,0.311013,-0.008404,0.311108,-0.003444,0.220000,-0.003444,1,-0.201260,0.220000,0.220000,-0.001070,-0.015737,-0.028507,-0.068507,0.311127,0.110000,-0.016641,1
1772477802,310628952,-0.596119,-2.253966,-2.273875,-0.263739,-0.462333,-0.015006,1,0.219957,-0.043806,0.311127,-0.047068,0.311127,-0.050324,0.220021,-0.050324,0.219804,-0.008217,0.311108,-0.003444,0.311112,-0.003032,0.220000,-0.003032,1,-0.177181,0.220000,0.220000,0.003889,-0.010777,-0.027068,-0.067068,0.311127,0.110000,-0.017792,1
1772477802,335703281,-0.599849,-2.257689,-2.276055,-0.258495,-0.462850,-0.017185,1,0.220230,-0.045791,0.311127,-0.050324,0.311127,-0.044160,0.220004,-0.044160,0.220206,-0.003258,0.311112,-0.003032,0.311124,-0.001355,0.220000,-0.001355,1,-0.079164,0.220000,0.220000,0.004301,-0.010365,-0.030324,-0.070324,0.311127,0.110000,-0.015613,1
1772477802,385699322,-0.606303,-2.264199,-2.277145,-0.249368,-0.463701,-0.018275,1,0.219523,-0.045621,0.311127,-0.044160,0.311127,-0.049705,0.220001,-0.049705,0.219505,-0.002815,0.311124,-0.001355,0.311127,0.000537,0.220000,0.000537,1,0.031404,0.220000,0.220000,0.005979,-0.008688,-0.024160,-0.064160,0.311127,0.110000,-0.017573,1
1772477802,410806884,-0.610479,-2.268318,-2.279313,-0.243534,-0.464311,-0.020443,1,0.220301,-0.045455,0.311127,-0.049705,0.311127,-0.053359,0.220013,-0.053359,0.220301,0.000000,0.311127,0.000537,0.311118,0.002358,0.220000,0.002358,1,0.137797,0.220000,0.220000,0.007871,-0.006796,-0.029705,-0.069705,0.311127,0.110000,-0.018865,1
1772477802,435817842,-0.614203,-2.270991,-2.279810,-0.238900,-0.465638,-0.020787,1,0.219985,-0.051233,0.311127,-0.053359,0.311127,-0.052386,0.220074,-0.052386,0.219985,0.000000,0.311118,0.002358,0.311074,0.005725,0.220000,0.005725,1,0.334552,0.220000,0.220000,0.009691,-0.004975,-0.033359,-0.073359,0.311127,0.110000,-0.018521,1
1772477802,486185286,-0.622029,-2.278570,-2.284664,-0.225660,-0.468591,-0.023819,1,0.220202,-0.065266,0.311127,-0.052386,0.311127,-0.054485,0.220387,-0.054485,0.220186,0.002620,0.311074,0.005725,0.310833,0.013513,0.220000,0.013058,1,0.789696,0.220000,0.220000,0.013058,-0.001608,-0.032386,-0.072386,0.311127,0.110000,-0.019263,1
1772477802,510930017,-0.624549,-2.283008,-2.286423,-0.220633,-0.467709,-0.025579,1,0.221003,-0.058640,0.311127,-0.054485,0.311127,-0.060199,0.220271,-0.060199,0.220920,0.006062,0.310833,0.013513,0.310935,0.010929,0.220000,0.010929,1,0.638652,0.220000,0.220000,0.020847,0.006180,-0.034485,-0.074485,0.311127,0.110000,-0.021283,1
1772477802,536027058,-0.628677,-2.286296,-2.288211,-0.215469,-0.468799,-0.027366,1,0.220838,-0.068095,0.311127,-0.060199,0.311127,-0.066212,0.220439,-0.066212,0.220448,0.013116,0.310935,0.010929,0.310816,0.013905,0.220000,0.013905,1,0.812584,0.220000,0.220000,0.018262,0.003595,-0.040199,-0.080199,0.311127,0.110000,-0.023410,1
1772477802,586122498,-0.636602,-2.296597,-2.292436,-0.202480,-0.468354,-0.031591,1,0.219705,-0.055906,0.311127,-0.066212,0.311127,-0.066080,0.220334,-0.066080,0.219421,0.011167,0.310816,0.013905,0.310891,0.012122,0.220000,0.012122,1,0.708401,0.220000,0.220000,0.021238,0.006572,-0.046212,-0.086212,0.311127,0.110000,-0.023363,1
1772477802,611189555,-0.639504,-2.300288,-2.293254,-0.197786,-0.468242,-0.032409,1,0.220144,-0.090854,0.311127,-0.066080,0.311127,-0.063767,0.220293,-0.063767,0.219687,0.014185,0.310891,0.012122,0.310920,0.011360,0.220000,0.011360,1,0.663855,0.220000,0.220000,0.019455,0.004789,-0.046080,-0.086080,0.311127,0.110000,-0.022545,1
1772477802,661246600,-0.646058,-2.310548,-2.298409,-0.185701,-0.466766,-0.037564,1,0.220640,-0.053747,0.311127,-0.063767,0.311127,-0.075352,0.220106,-0.075352,0.220277,0.012650,0.310920,0.011360,0.311052,0.006837,0.220000,0.006837,1,0.399522,0.220000,0.220000,0.018693,0.004027,-0.043767,-0.083767,0.311127,0.110000,-0.026641,1
1772477802,686243623,-0.649483,-2.316214,-2.300786,-0.179152,-0.465801,-0.039941,1,0.220376,-0.051182,0.311127,-0.075352,0.311127,-0.068628,0.220031,-0.068628,0.220037,0.012208,0.311052,0.006837,0.311105,0.003705,0.220000,0.003705,1,0.216537,0.220000,0.220000,0.014170,-0.000497,-0.055352,-0.095352,0.311127,0.110000,-0.024264,1
1772477802,711263271,-0.652826,-2.320309,-2.301805,-0.173835,-0.465810,-0.040959,1,0.219590,-0.069665,0.311127,-0.068628,0.311127,-0.080261,0.220021,-0.080261,0.219475,0.007105,0.311105,0.003705,0.311112,0.003072,0.220000,0.003072,1,0.179533,0.220000,0.220000,0.011039,-0.003628,-0.048628,-0.088628,0.311127,0.110000,-0.028377,1
1772477802,736320350,-0.655101,-2.325399,-2.304242,-0.168072,-0.464798,-0.043385,1,0.220974,-0.074517,0.311127,-0.080261,0.311127,-0.073398,0.220000,-0.073398,0.220939,0.003970,0.311112,0.003072,0.311127,-0.000115,0.220000,-0.000115,1,-0.006721,0.220000,0.220000,0.010406,-0.004261,-0.060261,-0.100261,0.311127,0.110000,-0.025950,1
1772477802,786427416,-0.663831,-2.333614,-2.305490,-0.156179,-0.466301,-0.044633,1,0.219921,-0.077839,0.311127,-0.073398,0.311127,-0.102232,0.220010,-0.093398,0.219899,0.003134,0.311127,-0.000115,0.311120,0.002076,0.220000,0.002076,1,0.121347,0.220000,0.220000,0.007218,-0.007448,-0.053398,-0.093398,0.311127,0.110000,-0.036145,1
1772477802,811472468,-0.666691,-2.338347,-2.307484,-0.150708,-0.465494,-0.046627,1,0.220136,-0.063537,0.311127,-0.102232,0.311127,-0.096594,0.220001,-0.096594,0.220136,0.000000,0.311120,0.002076,0.311126,-0.000783,0.220000,-0.000783,1,-0.045731,0.220000,0.220000,0.009410,-0.005257,-0.082232,-0.122232,0.311127,0.110000,-0.034151,1
1772477802,836526699,-0.670533,-2.341781,-2.310035,-0.145615,-0.466271,-0.049178,1,0.220149,-0.088515,0.311127,-0.096594,0.311127,-0.107460,0.220002,-0.107460,0.220140,0.001959,0.311126,-0.000783,0.311125,0.001040,0.220000,0.001040,1,0.060799,0.220000,0.220000,0.006551,-0.008116,-0.076594,-0.116594,0.311127,0.110000,-0.037993,1
1772477802,886579752,-0.678710,-2.349794,-2.312501,-0.134229,-0.467475,-0.051644,1,0.220803,-0.093445,0.311127,-0.107460,0.311127,-0.120006,0.220013,-0.120006,0.220803,0.000000,0.311125,0.001040,0.311118,0.002427,0.220000,0.002427,1,0.141807,0.220000,0.220000,0.008374,-0.006293,-0.087460,-0.127460,0.311127,0.110000,-0.042429,1
1772477802,911660587,-0.681886,-2.354854,-2.314828,-0.128305,-0.466704,-0.053971,1,0.220016,-0.108538,0.311127,-0.120006,0.311127,-0.134541,0.220001,-0.134541,0.220012,0.001330,0.311118,0.002427,0.311127,-0.000548,0.220000,-0.000548,1,-0.032026,0.220000,0.220000,0.009760,-0.004907,-0.100006,-0.140006,0.311127,0.110000,-0.047567,1
1772477802,936732410,-0.685892,-2.357923,-2.317229,-0.123388,-0.467840,-0.056372,1,0.219934,-0.118913,0.311127,-0.134541,0.311127,-0.127751,0.220009,-0.127751,0.219921,0.002429,0.311127,-0.000548,0.311120,0.002041,0.220000,0.002041,1,0.119257,0.220000,0.220000,0.006785,-0.007881,-0.114541,-0.154541,0.311127,0.110000,-0.045167,1
1772477802,986836472,-0.692221,-2.367963,-2.321962,-0.111446,-0.466354,-0.061061,1,0.220527,-0.131277,0.311127,-0.127751,0.311127,-0.137370,0.220039,-0.137370,0.220527,0.000000,0.311120,0.002041,0.311099,-0.004148,0.220000,-0.004148,1,-0.242404,0.220000,0.220000,0.009374,-0.005293,-0.107751,-0.147751,0.311127,0.110000,-0.048567,1
1772477803,11760665,-0.696573,-2.373924,-2.324368,-0.101767,-0.466233,-0.062870,1,0.219579,-0.127599,0.311127,-0.137370,0.311127,-0.157095,0.220111,-0.157095,0.219568,0.002198,0.311099,-0.004148,0.311049,-0.006986,0.220000,-0.006986,1,-0.408230,0.220000,0.220000,0.003185,-0.011481,-0.117370,-0.157370,0.311127,0.110000,-0.055541,1
1772477803,36840971,-0.701230,-2.377592,-2.326850,-0.095973,-0.467485,-0.065351,1,0.220193,-0.165568,0.311127,-0.157095,0.311127,-0.177097,0.220049,-0.177095,0.220107,-0.006167,0.311049,-0.006986,0.311092,-0.004652,0.220000,-0.004652,1,-0.271832,0.220000,0.220000,0.000348,-0.014319,-0.137095,-0.177095,0.311127,0.110000,-0.062613,1
1772477803,86903608,-0.709648,-2.385776,-2.333008,-0.084302,-0.468760,-0.071510,1,0.220797,-0.156048,0.311127,-0.177097,0.311127,-0.189126,0.220026,-0.189126,0.220679,-0.007205,0.311092,-0.004652,0.311109,-0.003368,0.220000,-0.003368,1,-0.196829,0.220000,0.220000,0.002682,-0.011985,-0.157097,-0.197097,0.311127,0.110000,-0.066866,1
1772477803,111941032,-0.713314,-2.388912,-2.336244,-0.079549,-0.469587,-0.074746,1,0.220255,-0.174440,0.311127,-0.189126,0.311127,-0.214114,0.220008,-0.209126,0.220206,-0.004617,0.311109,-0.003368,0.311121,-0.001851,0.220000,-0.001851,1,-0.108142,0.220000,0.220000,0.003965,-0.010701,-0.169126,-0.209126,0.311127,0.110000,-0.075701,1
1772477803,137082796,-0.716053,-2.391809,-2.340020,-0.075571,-0.469853,-0.078522,1,0.219830,-0.192856,0.311127,-0.214114,0.311127,-0.203434,0.220005,-0.203434,0.219807,-0.003143,0.311121,-0.001851,0.311123,-0.001546,0.220000,-0.001546,1,-0.090363,0.220000,0.220000,0.005483,-0.009184,-0.194114,-0.234114,0.311127,0.110000,-0.071925,1
1772477803,187019550,-0.723413,-2.400426,-2.350076,-0.064241,-0.470037,-0.088578,1,0.219722,-0.213200,0.311127,-0.203434,0.311127,-0.213657,0.220017,-0.213657,0.219717,-0.001511,0.311123,-0.001546,0.311115,-0.002746,0.220000,-0.002746,1,-0.160477,0.220000,0.220000,0.005787,-0.008880,-0.183434,-0.223434,0.311127,0.110000,-0.075539,1
1772477803,212123862,-0.726463,-2.403663,-2.354999,-0.059802,-0.470325,-0.093500,1,0.219536,-0.208683,0.311127,-0.213657,0.311127,-0.240693,0.220013,-0.233657,0.219531,-0.001457,0.311115,-0.002746,0.311118,-0.002425,0.220000,-0.002425,1,-0.141727,0.220000,0.220000,0.004587,-0.010079,-0.193657,-0.233657,0.311127,0.110000,-0.085098,1
1772477803,237085577,-0.731415,-2.410034,-2.362239,-0.051737,-0.470084,-0.100740,1,0.219754,-0.221229,0.311127,-0.240693,0.311127,-0.220216,0.220051,-0.220693,0.219737,-0.002717,0.311118,-0.002425,0.311091,-0.004740,0.220000,-0.004740,1,-0.276988,0.220000,0.220000,0.004908,-0.009759,-0.220693,-0.260693,0.311127,0.110000,-0.077858,1
1772477803,287201706,-0.736938,-2.416481,-2.369421,-0.043249,-0.470233,-0.107922,1,0.220628,-0.232169,0.311127,-0.220216,0.311127,-0.245369,0.220097,-0.240216,0.220621,-0.001863,0.311091,-0.004740,0.311059,-0.006520,0.220000,-0.006520,1,-0.381047,0.220000,0.220000,0.002594,-0.012073,-0.200216,-0.240216,0.311127,0.110000,-0.086751,1
1772477803,312257090,-0.741866,-2.420033,-2.375350,-0.037527,-0.471400,-0.113436,1,0.220842,-0.231762,0.311127,-0.245369,0.311127,-0.285179,0.220051,-0.265369,0.220789,-0.004843,0.311059,-0.006520,0.311091,-0.004759,0.220000,-0.004759,1,-0.278103,0.220000,0.220000,0.000813,-0.013854,-0.225369,-0.265369,0.311127,0.110000,-0.100826,1
1772477803,337230716,-0.746745,-2.424029,-2.380667,-0.033605,-0.467283,-0.112775,1,0.220290,-0.250020,0.311127,-0.285179,0.311127,-0.287049,0.220332,-0.287049,0.220188,-0.006695,0.311091,-0.004759,0.310569,-0.018620,0.220000,-0.012092,1,-1.088118,0.220000,0.220000,0.002574,-0.012092,-0.265179,-0.305179,0.311127,0.110000,-0.101487,1
1772477803,387245992,-0.754758,-2.431358,-2.391852,-0.022841,-0.468721,-0.123961,1,0.220422,-0.259326,0.311127,-0.287049,0.311127,-0.316440,0.220722,-0.307049,0.220373,-0.004640,0.310569,-0.018620,0.310615,-0.017838,0.220000,-0.017838,1,-1.042400,0.220000,0.220000,-0.011287,-0.025953,-0.267049,-0.307049,0.311127,0.110000,-0.111879,1
1772477803,412278680,-0.758173,-2.436494,-2.397835,-0.016711,-0.468042,-0.129943,1,0.220628,-0.281280,0.311127,-0.316440,0.311127,-0.372429,0.221098,-0.336440,0.220292,-0.012168,0.310615,-0.017838,0.310348,-0.022006,0.220000,-0.022006,1,-1.286005,0.220000,0.220000,-0.010504,-0.025171,-0.296440,-0.336440,0.311127,0.110000,-0.131674,1
1772477803,437355905,-0.762539,-2.439630,-2.403729,-0.011503,-0.469376,-0.135837,1,0.220319,-0.298844,0.311127,-0.372429,0.311127,-0.442454,0.220921,-0.392429,0.219583,-0.017993,0.310348,-0.022006,0.310474,-0.020152,0.220000,-0.020152,1,-1.177644,0.220000,0.220000,-0.014673,-0.029339,-0.352429,-0.392429,0.311127,0.110000,-0.156431,1
1772477803,487399527,-0.770064,-2.446956,-2.418375,-0.001055,-0.470442,-0.150483,1,0.220915,-0.317903,0.311127,-0.442454,0.311127,-0.500880,0.220990,-0.462454,0.219818,-0.021988,0.310474,-0.020152,0.310425,-0.020892,0.220000,-0.020892,1,-1.220888,0.220000,0.220000,-0.012818,-0.027485,-0.422454,-0.462454,0.311127,0.110000,-0.177088,1
1772477803,512424730,-0.776160,-2.449204,-2.427037,0.004582,-0.473674,-0.159146,1,0.221119,-0.337045,0.311127,-0.500880,0.311127,-0.476378,0.220465,-0.480880,0.220215,-0.019976,0.310425,-0.020892,0.310798,-0.014310,0.220000,-0.014310,1,-0.836232,0.220000,0.220000,-0.013558,-0.028225,-0.480880,-0.520880,0.311127,0.110000,-0.168425,1
1772477803,537456998,-0.779456,-2.453626,-2.435113,0.010089,-0.473361,-0.167221,1,0.220738,-0.362492,0.311127,-0.476378,0.311127,-0.581868,0.220713,-0.496378,0.219787,-0.020463,0.310798,-0.014310,0.310621,-0.017730,0.220000,-0.017730,1,-1.036128,0.220000,0.220000,-0.006976,-0.021643,-0.456378,-0.496378,0.311127,0.110000,-0.205721,1
1772477803,587413924,-0.788941,-2.459885,-2.452087,0.020976,-0.476615,-0.184195,1,0.219976,-0.372534,0.311127,-0.581868,0.311127,-0.694101,0.220512,-0.600000,0.219523,-0.014109,0.310621,-0.017730,0.310765,-0.015011,0.220000,-0.015011,1,-0.877233,0.220000,0.220000,-0.010397,-0.025064,-0.561868,-0.600000,0.311127,0.110000,-0.245402,1
1772477803,612479571,-0.793160,-2.463422,-2.461489,0.026397,-0.477580,-0.193597,1,0.221189,-0.403272,0.311127,-0.694101,0.311127,-0.874231,0.220560,-0.600000,0.220473,-0.017789,0.310765,-0.015011,0.310730,-0.015706,0.220000,-0.015706,1,-0.917859,0.220000,0.220000,-0.007678,-0.022345,-0.600000,-0.600000,0.311127,0.110000,-0.309087,1
1772477803,637473807,-0.796644,-2.466087,-2.470834,0.030715,-0.478261,-0.202674,1,0.220599,-0.444256,0.311127,-0.874231,0.311127,-0.848558,0.220631,-0.600000,0.220046,-0.015618,0.310730,-0.015706,0.310680,-0.016670,0.220000,-0.016670,1,-0.974151,0.220000,0.220000,-0.008373,-0.023040,-0.600000,-0.600000,0.311127,0.110000,-0.300010,1
1772477803,687487051,-0.805466,-2.472648,-2.491476,0.042085,-0.475688,-0.218433,1,0.220299,-0.437972,0.311127,-0.848558,0.311127,-1.081963,0.221306,-0.600000,0.219775,-0.015186,0.310680,-0.016670,0.309235,-0.034255,0.220000,-0.024003,1,-2.001836,0.220000,0.220000,-0.009336,-0.024003,-0.600000,-0.600000,0.311127,0.110000,-0.382532,1
1772477803,712435252,-0.810512,-2.475386,-2.501087,0.047434,-0.477772,-0.228043,1,0.220563,-0.451600,0.311127,-1.081963,0.311127,-1.433875,0.222741,-0.600000,0.219971,-0.016151,0.309235,-0.034255,0.309171,-0.034835,0.220000,-0.034835,1,-2.035735,0.220000,0.220000,-0.026922,-0.041589,-0.600000,-0.600000,0.311127,0.110000,-0.506951,1
1772477803,762485752,-0.818249,-2.481155,-2.522587,0.056836,-0.479952,-0.249544,1,0.224928,-0.545749,0.311127,-1.433875,0.311127,-1.894814,0.223825,-0.600000,0.222401,-0.033622,0.309171,-0.034835,0.308386,-0.041204,0.220000,-0.041204,1,-2.407914,0.220000,0.220000,-0.027502,-0.042169,-0.600000,-0.600000,0.311127,0.110000,-0.669918,1
1772477803,787479575,-0.823531,-2.484331,-2.534666,0.062673,-0.481933,-0.261622,1,0.222502,-0.499707,0.311127,-1.894814,0.311127,-1.860651,0.224818,-0.600000,0.220212,-0.031839,0.308386,-0.041204,0.307664,-0.046292,0.220000,-0.046292,1,-2.705241,0.220000,0.220000,-0.033871,-0.048538,-0.600000,-0.600000,0.311127,0.110000,-0.657839,1
1772477803,812523707,-0.827049,-2.485363,-2.545847,0.065733,-0.483951,-0.272803,1,0.223598,-0.526688,0.311127,-1.860651,0.311127,-2.508424,0.225175,-0.600000,0.220143,-0.039158,0.307664,-0.046292,0.307403,-0.047996,0.220000,-0.047996,1,-2.804800,0.220000,0.220000,-0.038959,-0.053625,-0.600000,-0.600000,0.311127,0.110000,-0.886862,1
1772477803,837554535,-0.831951,-2.488789,-2.559628,0.071515,-0.485481,-0.286585,1,0.224751,-0.570013,0.311127,-2.508424,0.311127,-3.239535,0.226851,-0.600000,0.219474,-0.048418,0.307403,-0.047996,0.305463,-0.059096,0.220000,-0.055329,1,-3.453501,0.220000,0.220000,-0.040662,-0.055329,-0.600000,-0.600000,0.311127,0.110000,-1.145349,1
1772477803,887499352,-0.841697,-2.493397,-2.585711,0.081328,-0.489945,-0.312667,1,0.225421,-0.564260,0.311127,-3.239535,0.311127,-3.892030,0.305441,-0.600000,0.220104,-0.048671,0.305463,-0.059096,0.297297,-0.091730,0.298130,-0.066430,1,-5.360582,0.220000,0.220000,-0.051763,-0.066430,-0.600000,-0.600000,0.311127,0.110000,-1.376040,1
1772477803,912551998,-0.848328,-2.495033,-2.600205,0.086859,-0.493950,-0.327162,1,0.226602,-0.572801,0.311127,-3.892030,0.311127,-4.851292,0.306419,-0.600000,0.219750,-0.055301,0.297297,-0.091730,0.280754,-0.134080,0.289964,-0.099064,1,-7.835445,0.220000,0.220000,-0.084397,-0.099064,-0.600000,-0.600000,0.311127,0.110000,-1.715191,1
1772477803,937509615,-0.852461,-2.496655,-2.613828,0.090911,-0.496084,-0.340757,1,0.231691,-0.650963,0.311127,-4.851292,0.311127,-5.345229,0.307825,-0.600000,0.220202,-0.072053,0.280754,-0.134080,0.260922,-0.169469,0.273420,-0.141413,1,-9.903544,0.220000,0.220000,-0.126747,-0.141413,-0.600000,-0.600000,0.311127,0.110000,-1.889824,1
1772477803,987495653,-0.861711,-2.500514,-2.642795,0.104304,-0.501468,-0.368864,1,0.230806,-0.611308,0.311127,-5.345229,0.311127,-5.685037,0.309138,-0.600000,0.219740,-0.070610,0.260922,-0.169469,0.195594,-0.241957,0.253588,-0.176803,1,-14.139621,0.220000,0.220000,-0.162136,-0.176803,-0.600000,-0.600000,0.311127,0.110000,-2.009964,1
1772477804,12573220,-0.868103,-2.501299,-2.658259,0.109036,-0.505837,-0.384329,1,0.233327,-0.604770,0.311127,-5.685037,0.311127,-5.733572,0.289555,-0.600000,0.220066,-0.077539,0.195594,-0.241957,0.169220,-0.261083,0.188260,-0.220000,1,-15.257331,0.202927,0.188260,-0.220000,-0.220000,-0.600000,-0.600000,0.311127,0.110000,-2.027124,1
1772477804,37512284,-0.874537,-2.502354,-2.672244,0.114001,-0.510063,-0.398314,1,0.224244,-0.652970,0.311127,-5.733572,0.311127,-5.770366,0.273144,-0.600000,0.203727,-0.093705,0.169220,-0.261083,0.144508,-0.275531,0.161887,-0.220000,1,-16.101653,0.176554,0.161887,-0.220000,-0.220000,-0.600000,-0.600000,0.311127,0.110000,-2.040132,1
1772477804,87511944,-0.884072,-2.504754,-2.700655,0.121997,-0.515784,-0.426725,1,0.224864,-0.597527,0.311127,-5.770366,0.311127,-5.754174,0.259262,-0.600000,0.204675,-0.093122,0.144508,-0.275531,0.113767,-0.289581,0.137175,-0.220000,1,-16.922697,0.151841,0.137175,-0.220000,-0.220000,-0.600000,-0.600000,0.311127,0.110000,-2.034408,1
1772477804,112571047,-0.889373,-2.504239,-2.715025,0.125032,-0.520161,-0.441095,1,0.221374,-0.601179,0.311127,-5.754174,0.311127,-5.771090,0.244393,-0.600000,0.197519,-0.099963,0.113767,-0.289581,0.097721,-0.295382,0.106433,-0.220000,1,-17.261711,0.121100,0.106433,-0.220000,-0.220000,-0.600000,-0.600000,0.311127,0.110000,-2.040389,1
1772477804,137581779,-0.894593,-2.504460,-2.729385,0.128576,-0.524000,-0.455455,1,0.215219,-0.640412,0.311127,-5.771090,0.311127,-5.730476,0.237844,-0.600000,0.181446,-0.115743,0.097721,-0.295382,0.082771,-0.299915,0.090388,-0.220000,1,-17.526607,0.105054,0.090388,-0.220000,-0.220000,-0.600000,-0.600000,0.311127,0.110000,-2.026029,1
1772477804,187595619,-0.905309,-2.504033,-2.760797,0.135179,-0.532450,-0.486867,1,0.215728,-0.596566,0.311127,-5.730476,0.311127,-5.690576,0.232574,-0.600000,0.182642,-0.114808,0.082771,-0.299915,0.054725,-0.306276,0.075437,-0.220000,1,-17.898347,0.090104,0.075437,-0.220000,-0.220000,-0.600000,-0.600000,0.311127,0.110000,-2.011922,1
1772477804,212562110,-0.909416,-2.502395,-2.775400,0.136586,-0.536642,-0.501470,1,0.212186,-0.637747,0.311127,-5.690576,0.311127,-5.649272,0.225047,-0.600000,0.167291,-0.130525,0.054725,-0.306276,0.045164,-0.307832,0.047392,-0.220000,1,-17.989237,0.062059,0.047392,-0.220000,-0.220000,-0.600000,-0.600000,0.311127,0.110000,-1.997319,1
1772477804,262550689,-0.920547,-2.499981,-2.805200,0.142005,-0.546725,-0.531306,1,0.211182,-0.643084,0.311127,-5.649272,0.311127,-5.606407,0.223229,-0.600000,0.159735,-0.138139,0.045164,-0.307832,0.017662,-0.310625,0.037830,-0.220000,1,-18.152498,0.052497,0.037830,-0.220000,-0.220000,-0.600000,-0.600000,0.311127,0.110000,-1.982164,1
1772477804,287654400,-0.926337,-2.497760,-2.820822,0.148744,-0.554887,-0.549604,1,0.211508,-0.592513,0.311127,-5.606407,0.311127,-5.594599,0.220242,-0.600000,0.161099,-0.137049,0.017662,-0.310625,-0.009298,-0.310988,0.010329,-0.220000,1,-18.173698,0.024995,0.010329,-0.220000,-0.220000,-0.600000,-0.600000,0.311127,0.110000,-1.977990,1
1772477804,312645328,-0.932133,-2.496573,-2.836214,0.151571,-0.560084,-0.564996,1,0.210390,-0.635652,0.311127,-5.594599,0.311127,-5.551065,0.220628,-0.600000,0.145090,-0.152358,-0.009298,-0.310988,-0.022121,-0.310340,-0.016631,-0.220000,1,-18.135806,-0.001964,-0.016631,-0.220000,-0.220000,-0.600000,-0.600000,0.311127,0.110000,-1.962598,1
1772477804,337737618,-0.935232,-2.494036,-2.850390,0.151629,-0.564088,-0.579171,1,0.211668,-0.635863,0.311127,-5.551065,0.311127,-5.510971,0.221703,-0.600000,0.137659,-0.160790,-0.022121,-0.310340,-0.027429,-0.309916,-0.027429,-0.220000,1,-18.111024,-0.014787,-0.029454,-0.220000,-0.220000,-0.600000,-0.600000,0.311127,0.110000,-1.948422,1
1772477804,387611353,-0.943884,-2.488809,-2.879574,0.153210,-0.574072,-0.608355,1,0.210654,-0.601195,0.311127,-5.510971,0.311127,-5.464525,0.222729,-0.600000,0.138135,-0.159040,-0.027429,-0.309916,-0.044759,-0.307891,-0.034762,-0.220000,1,-17.992688,-0.020096,-0.034762,-0.220000,-0.220000,-0.600000,-0.600000,0.311127,0.110000,-1.932001,1
1772477804,412678207,-0.947074,-2.486507,-2.894670,0.153505,-0.577995,-0.623452,1,0.214693,-0.651708,0.311127,-5.464525,0.311127,-5.421826,0.225562,-0.600000,0.124119,-0.175179,-0.044759,-0.307891,-0.049781,-0.307119,-0.049781,-0.220000,1,-17.947579,-0.037426,-0.052092,-0.220000,-0.220000,-0.600000,-0.600000,0.311127,0.110000,-1.916905,1
1772477804,437693758,-0.950345,-2.483957,-2.909543,0.153664,-0.582139,-0.638324,1,0.216193,-0.640789,0.311127,-5.421826,0.311127,-5.410163,0.226799,-0.600000,0.115809,-0.182559,-0.049781,-0.307119,-0.055118,-0.306206,-0.055118,-0.220000,1,-17.894237,-0.042447,-0.057114,-0.220000,-0.220000,-0.600000,-0.600000,0.311127,0.110000,-1.912781,1
1772477804,487712759,-0.958601,-2.476625,-2.940497,0.153356,-0.593091,-0.669266,1,0.214958,-0.605677,0.311127,-5.410163,0.311127,-5.322646,0.228692,-0.600000,0.115956,-0.181001,-0.055118,-0.306206,-0.070501,-0.303034,-0.062451,-0.220000,1,-17.708871,-0.047784,-0.062451,-0.220000,-0.220000,-0.600000,-0.600000,0.311127,0.110000,-1.881840,1
1772477804,512740091,-0.961913,-2.472693,-2.954230,0.150601,-0.591293,-0.682053,1,0.216598,-0.621503,0.311127,-5.322646,0.311127,-5.286479,0.228889,-0.600000,0.098112,-0.193103,-0.070501,-0.303034,-0.058180,-0.305639,-0.063168,-0.220000,1,-17.861097,-0.063168,-0.077835,-0.220000,-0.220000,-0.600000,-0.600000,0.311127,0.110000,-1.869052,1
1772477804,537780548,-0.964756,-2.469316,-2.969136,0.149856,-0.595644,-0.696959,1,0.216726,-0.582000,0.311127,-5.286479,0.311127,-5.272117,0.228728,-0.600000,0.090805,-0.196785,-0.058180,-0.305639,-0.062582,-0.304768,-0.062582,-0.220000,1,-17.810208,-0.050847,-0.065513,-0.220000,-0.220000,-0.600000,-0.600000,0.311127,0.110000,-1.863975,1
1772477804,587765808,-0.972268,-2.459884,-2.996881,0.147497,-0.607469,-0.724704,1,0.216585,-0.589516,0.311127,-5.272117,0.311127,-5.219185,0.230842,-0.600000,0.090734,-0.196663,-0.062582,-0.304768,-0.077822,-0.301237,-0.069915,-0.220000,1,-17.603868,-0.055248,-0.069915,-0.220000,-0.220000,-0.600000,-0.600000,0.311127,0.110000,-1.845260,1
1772477804,612792802,-0.975005,-2.456103,-3.011694,0.146375,-0.612000,-0.739517,1,0.216878,-0.589117,0.311127,-5.219185,0.311127,-5.177288,0.234814,-0.600000,0.073050,-0.204205,-0.077822,-0.301237,-0.082084,-0.300104,-0.082084,-0.220000,1,-17.537629,-0.070488,-0.085155,-0.220000,-0.220000,-0.600000,-0.600000,0.311127,0.110000,-1.830448,1
1772477804,637822850,-0.978380,-2.450089,-3.025169,0.143956,-0.618466,-0.753037,1,0.216561,-0.547298,0.311127,-5.177288,0.311127,-5.162560,0.237409,-0.600000,0.066712,-0.206029,-0.082084,-0.300104,-0.089236,-0.298055,-0.089236,-0.220000,1,-17.417919,-0.074751,-0.089418,-0.220000,-0.220000,-0.600000,-0.600000,0.311127,0.110000,-1.825241,1
1772477804,687887055,-0.981735,-2.440656,-3.053076,0.138661,-0.627625,-0.784089,1,0.216554,-0.559844,0.311127,-5.162560,0.311127,-5.096415,0.238939,-0.600000,0.067028,-0.205920,-0.089236,-0.298055,-0.093231,-0.296830,-0.093231,-0.220000,1,-17.346322,-0.081903,-0.096570,-0.220000,-0.220000,-0.600000,-0.600000,0.311127,0.110000,-1.801855,1
1772477804,712946075,-0.983782,-2.435940,-3.066338,0.136365,-0.632224,-0.797351,1,0.216956,-0.577609,0.311127,-5.096415,0.311127,-5.058904,0.240254,-0.600000,0.053177,-0.210338,-0.093231,-0.296830,-0.096550,-0.295767,-0.096550,-0.220000,1,-17.284208,-0.085897,-0.100564,-0.220000,-0.220000,-0.600000,-0.600000,0.311127,0.110000,-1.788593,1
1772477804,737956601,-0.985579,-2.430891,-3.080003,0.133651,-0.636846,-0.811017,1,0.216570,-0.563444,0.311127,-5.058904,0.311127,-5.020253,0.241335,-0.600000,0.047443,-0.211309,-0.096550,-0.295767,-0.099210,-0.294885,-0.099210,-0.220000,1,-17.232687,-0.089216,-0.103883,-0.220000,-0.220000,-0.600000,-0.600000,0.311127,0.110000,-1.774927,1
1772477804,787922796,-0.989673,-2.420825,-3.108873,0.127624,-0.650132,-0.837982,1,0.216757,-0.570653,0.311127,-5.020253,0.311127,-4.982565,0.244441,-0.600000,0.047570,-0.211473,-0.099210,-0.294885,-0.113261,-0.289779,-0.106543,-0.220000,1,-16.934283,-0.091876,-0.106543,-0.220000,-0.220000,-0.600000,-0.600000,0.311127,0.110000,-1.761603,1
1772477804,812949454,-0.990158,-2.416274,-3.124285,0.124456,-0.653434,-0.853394,1,0.216509,-0.597136,0.311127,-4.982565,0.311127,-4.938972,0.246851,-0.600000,0.032895,-0.213996,-0.113261,-0.289779,-0.111962,-0.290283,-0.111962,-0.220000,1,-16.963752,-0.105928,-0.120594,-0.220000,-0.220000,-0.600000,-0.600000,0.311127,0.110000,-1.746190,1
1772477804,837975609,-0.990008,-2.411762,-3.137768,0.120909,-0.656226,-0.866877,1,0.216603,-0.577396,0.311127,-4.938972,0.311127,-4.900838,0.245753,-0.600000,0.027333,-0.214872,-0.111962,-0.290283,-0.109519,-0.291214,-0.109519,-0.220000,1,-17.018123,-0.104629,-0.119295,-0.220000,-0.220000,-0.600000,-0.600000,0.311127,0.110000,-1.732708,1
1772477804,888040717,-0.990445,-2.401411,3.118553,0.112116,-0.669681,-0.896319,1,0.216880,-0.604251,0.311127,-4.900838,0.311127,-4.850731,0.249108,-0.600000,0.018650,-0.216076,-0.109519,-0.291214,-0.120025,-0.287044,-0.116853,-0.220000,1,-16.774417,-0.102186,-0.116853,-0.220000,-0.220000,-0.600000,-0.600000,0.311127,0.110000,-1.714993,1
1772477804,913025408,-0.993149,-2.396817,3.104250,0.110332,-0.674703,-0.910623,1,0.217100,-0.608311,0.311127,-4.850731,0.311127,-4.810275,0.253111,-0.600000,0.011406,-0.216801,-0.120025,-0.287044,-0.125161,-0.284842,-0.125161,-0.220000,1,-16.645745,-0.112692,-0.127358,-0.220000,-0.220000,-0.600000,-0.600000,0.311127,0.110000,-1.700689,1
1772477804,938097648,-0.993117,-2.391031,3.088348,0.105877,-0.678395,-0.926524,1,0.216717,-0.575317,0.311127,-4.810275,0.311127,-4.780158,0.252112,-0.600000,0.005362,-0.216651,-0.125161,-0.284842,-0.123128,-0.285726,-0.123128,-0.220000,1,-16.697448,-0.117827,-0.132494,-0.220000,-0.220000,-0.600000,-0.600000,0.311127,0.110000,-1.690041,1
1772477804,988083298,-0.991313,-2.380285,3.058678,0.099786,-0.674695,-0.953083,1,0.216903,-0.604988,0.311127,-4.780158,0.311127,-4.705038,0.248613,-0.600000,-0.003139,-0.216880,-0.123128,-0.285726,-0.098278,-0.295197,-0.115794,-0.220000,1,-17.250908,-0.115794,-0.130461,-0.220000,-0.220000,-0.600000,-0.600000,0.311127,0.110000,-1.663482,1
1772477805,13125884,-0.991709,-2.376267,3.043454,0.096969,-0.677589,-0.968307,1,0.216730,-0.602634,0.311127,-4.705038,0.311127,-4.675825,0.240345,-0.600000,-0.009437,-0.216524,-0.098278,-0.295197,-0.096776,-0.295693,-0.096776,-0.220000,1,-17.279885,-0.090945,-0.105611,-0.220000,-0.220000,-0.600000,-0.600000,0.311127,0.110000,-1.653154,1
1772477805,38173849,-0.991092,-2.371104,3.030564,0.092625,-0.680445,-0.981197,1,0.216845,-0.581382,0.311127,-4.675825,0.311127,-4.639367,0.239166,-0.600000,-0.016171,-0.216241,-0.096776,-0.295693,-0.093809,-0.296648,-0.093809,-0.220000,1,-17.335666,-0.089443,-0.104109,-0.220000,-0.220000,-0.600000,-0.600000,0.311127,0.110000,-1.640264,1
1772477805,88196172,-0.989507,-2.361986,3.002709,0.084876,-0.686928,-1.010832,1,0.216876,-0.597253,0.311127,-4.639367,0.311127,-4.568472,0.237679,-0.600000,-0.024909,-0.215440,-0.093809,-0.296648,-0.089952,-0.297840,-0.089952,-0.220000,1,-17.405338,-0.086476,-0.101143,-0.220000,-0.220000,-0.600000,-0.600000,0.311127,0.110000,-1.615199,1
1772477805,113206074,-0.988921,-2.356415,2.986759,0.080234,-0.690062,-1.026781,1,0.216916,-0.598284,0.311127,-4.568472,0.311127,-4.535443,0.236359,-0.600000,-0.031442,-0.214625,-0.089952,-0.297840,-0.086402,-0.298889,-0.086402,-0.220000,1,-17.466648,-0.082619,-0.097286,-0.220000,-0.220000,-0.600000,-0.600000,0.311127,0.110000,-1.603521,1
1772477805,138197816,-0.984723,-2.350867,2.973264,0.073286,-0.690418,-1.040277,1,0.216671,-0.572222,0.311127,-4.535443,0.311127,-4.497271,0.233777,-0.600000,-0.037344,-0.213428,-0.086402,-0.298889,-0.073625,-0.302290,-0.079069,-0.220000,1,-17.665408,-0.079069,-0.093736,-0.220000,-0.220000,-0.600000,-0.600000,0.311127,0.110000,-1.590025,1
1772477805,188373266,-0.979088,-2.341774,2.945934,0.057283,-0.692377,-1.068459,1,0.216636,-0.589035,0.311127,-4.497271,0.311127,-4.439478,0.229771,-0.600000,-0.045513,-0.211801,-0.073625,-0.302290,-0.047861,-0.307424,-0.066292,-0.220000,1,-17.965401,-0.066292,-0.080958,-0.220000,-0.220000,-0.600000,-0.600000,0.311127,0.110000,-1.569592,1
1772477805,213293485,-0.977641,-2.335611,2.931961,0.051631,-0.695229,-1.082433,1,0.217129,-0.568895,0.311127,-4.439478,0.311127,-4.410832,0.224143,-0.600000,-0.050958,-0.211065,-0.047861,-0.307424,-0.042894,-0.308156,-0.042894,-0.220000,1,-18.008197,-0.040528,-0.055195,-0.220000,-0.220000,-0.600000,-0.600000,0.311127,0.110000,-1.559465,1
1772477805,238346768,-0.976303,-2.331640,2.917888,0.047730,-0.696756,-1.096505,1,0.216735,-0.575096,0.311127,-4.410832,0.311127,-4.371030,0.223094,-0.600000,-0.047460,-0.211475,-0.042894,-0.308156,-0.037029,-0.308916,-0.037029,-0.220000,1,-18.052591,-0.035561,-0.050227,-0.220000,-0.220000,-0.600000,-0.600000,0.311127,0.110000,-1.545392,1
1772477805,288410842,-0.972975,-2.322522,2.889011,0.044296,-0.700462,-1.123458,1,0.217361,-0.570317,0.311127,-4.371030,0.311127,-4.305077,0.222498,-0.600000,-0.042419,-0.213182,-0.037029,-0.308916,-0.033248,-0.309345,-0.033248,-0.220000,1,-18.077706,-0.029695,-0.044362,-0.220000,-0.220000,-0.600000,-0.600000,0.311127,0.110000,-1.522074,1
1772477805,313423867,-0.970368,-2.318609,2.872950,0.039624,-0.700989,-1.139520,1,0.218850,-0.583616,0.311127,-4.305077,0.311127,-4.259648,0.221521,-0.600000,-0.037605,-0.215595,-0.033248,-0.309345,-0.023237,-0.310258,-0.025914,-0.220000,1,-18.131036,-0.025914,-0.040581,-0.220000,-0.220000,-0.600000,-0.600000,0.311127,0.110000,-1.506013,1
1772477805,338447840,-0.968030,-2.313779,2.859046,0.034423,-0.702312,-1.153424,1,0.219957,-0.593193,0.311127,-4.259648,0.311127,-4.229127,0.220574,-0.600000,-0.033891,-0.217330,-0.023237,-0.310258,-0.015168,-0.310757,-0.015904,-0.220000,1,-18.160199,-0.015904,-0.030571,-0.220000,-0.220000,-0.600000,-0.600000,0.311127,0.110000,-1.495222,1
1772477805,388470540,-0.962240,-2.303742,2.830705,0.024061,-0.705469,-1.181586,1,0.221937,-0.555263,0.311127,-4.229127,0.311127,-4.157763,0.220139,-0.600000,-0.025630,-0.220452,-0.015168,-0.310757,-0.000339,-0.311127,-0.007835,-0.220000,1,-18.181807,-0.007835,-0.022501,-0.220000,-0.220000,-0.600000,-0.600000,0.311127,0.110000,-1.469991,1
1772477805,413454284,-0.961215,-2.299251,2.815378,0.019966,-0.707578,-1.196912,1,0.220441,-0.590638,0.311127,-4.157763,0.311127,-4.114413,0.220049,-0.600000,-0.019413,-0.219585,-0.000339,-0.311127,0.004636,-0.311092,0.004636,-0.220000,1,-18.179800,0.006994,-0.007672,-0.220000,-0.220000,-0.600000,-0.600000,0.311127,0.110000,-1.454665,1
1772477805,438554180,-0.959347,-2.293459,2.801002,0.014332,-0.709881,-1.211289,1,0.220272,-0.594476,0.311127,-4.114413,0.311127,-4.081567,0.220268,-0.600000,-0.011978,-0.219946,0.004636,-0.311092,0.010866,-0.310937,0.010866,-0.220000,1,-18.170726,0.011969,-0.002697,-0.220000,-0.220000,-0.600000,-0.600000,0.311127,0.110000,-1.443052,1
1772477805,488579847,-0.955376,-2.283619,2.771520,0.004951,-0.712578,-1.236456,1,0.220049,-0.553533,0.311127,-4.081567,0.311127,-4.017783,0.220752,-0.600000,-0.003699,-0.220017,0.010866,-0.310937,0.024389,-0.310170,0.018200,-0.220000,1,-18.125872,0.018200,0.003533,-0.220000,-0.220000,-0.600000,-0.600000,0.311127,0.110000,-1.420501,1
1772477805,513600398,-0.954711,-2.278801,2.756789,0.000849,-0.715192,-1.251187,1,0.219837,-0.599564,0.311127,-4.017783,0.311127,-3.976118,0.221754,-0.600000,0.003035,-0.219816,0.024389,-0.310170,0.027838,-0.309879,0.027838,-0.220000,1,-18.108895,0.031722,0.017055,-0.220000,-0.220000,-0.600000,-0.600000,0.311127,0.110000,-1.405770,1
1772477805,538602956,-0.950198,-2.272851,2.742548,-0.006607,-0.715606,-1.265428,1,0.220568,-0.610155,0.311127,-3.976118,0.311127,-3.943861,0.222794,-0.600000,0.010269,-0.220329,0.027838,-0.309879,0.040980,-0.308416,0.035171,-0.220000,1,-18.023414,0.035171,0.020504,-0.220000,-0.220000,-0.600000,-0.600000,0.311127,0.110000,-1.394366,1
1772477805,588598253,-0.949133,-2.263826,2.712109,-0.012940,-0.720904,-1.293787,1,0.220707,-0.552933,0.311127,-3.943861,0.311127,-3.871240,0.224512,-0.600000,0.019059,-0.219882,0.040980,-0.308416,0.044783,-0.307887,0.044783,-0.220000,1,-17.992483,0.048313,0.033646,-0.220000,-0.220000,-0.600000,-0.600000,0.311127,0.110000,-1.368690,1
1772477805,613672205,-0.946981,-2.259423,2.696180,-0.017686,-0.722124,-1.309716,1,0.221386,-0.608781,0.311127,-3.871240,0.311127,-3.826186,0.226089,-0.600000,0.025306,-0.219935,0.044783,-0.307887,0.052784,-0.306617,0.052117,-0.220000,1,-17.918251,0.052117,0.037450,-0.220000,-0.220000,-0.600000,-0.600000,0.311127,0.110000,-1.352761,1
1772477805,638739956,-0.945111,-2.252848,2.681797,-0.023901,-0.724971,-1.324099,1,0.222909,-0.604467,0.311127,-3.826186,0.311127,-3.791679,0.227547,-0.600000,0.032923,-0.220465,0.052784,-0.306617,0.058118,-0.305651,0.058118,-0.220000,1,-17.861787,0.060117,0.045450,-0.220000,-0.220000,-0.600000,-0.600000,0.311127,0.110000,-1.340561,1
1772477805,688748530,-0.941655,-2.243548,2.651960,-0.035985,-0.723958,-1.351458,1,0.223747,-0.561760,0.311127,-3.791679,0.311127,-3.720152,0.229530,-0.600000,0.041183,-0.219925,0.058118,-0.305651,0.084146,-0.299532,0.065451,-0.220000,1,-17.504226,0.065451,0.050785,-0.220000,-0.220000,-0.600000,-0.600000,0.311127,0.110000,-1.315272,1
1772477805,713764361,-0.939286,-2.237690,2.637355,-0.041974,-0.725974,-1.366062,1,0.225137,-0.593103,0.311127,-3.720152,0.311127,-3.684696,0.238106,-0.600000,0.048173,-0.219923,0.084146,-0.299532,0.091074,-0.297499,0.091074,-0.220000,1,-17.385398,0.091479,0.076813,-0.220000,-0.220000,-0.600000,-0.600000,0.311127,0.110000,-1.302737,1
1772477805,738786690,-0.937349,-2.231913,2.621455,-0.047619,-0.728265,-1.381962,1,0.226483,-0.599888,0.311127,-3.684696,0.311127,-3.639725,0.240532,-0.600000,0.055502,-0.219577,0.091074,-0.297499,0.097239,-0.295541,0.097239,-0.220000,1,-17.271004,0.098408,0.083741,-0.220000,-0.220000,-0.600000,-0.600000,0.311127,0.110000,-1.286837,1
1772477805,788833578,-0.934705,-2.221480,2.591127,-0.059241,-0.735352,-1.408724,1,0.229009,-0.572035,0.311127,-3.639725,0.311127,-3.576038,0.242641,-0.600000,0.063726,-0.219964,0.097239,-0.295541,0.102345,-0.293812,0.102345,-0.220000,1,-17.169955,0.104572,0.089906,-0.220000,-0.220000,-0.600000,-0.600000,0.311127,0.110000,-1.264320,1
1772477805,813805209,-0.932720,-2.216120,2.576894,-0.064595,-0.737354,-1.422957,1,0.230903,-0.611822,0.311127,-3.576038,0.311127,-3.535781,0.245170,-0.600000,0.069960,-0.220050,0.102345,-0.293812,0.108206,-0.291705,0.108206,-0.220000,1,-17.046801,0.109678,0.095012,-0.220000,-0.220000,-0.600000,-0.600000,0.311127,0.110000,-1.250087,1
1772477805,838912909,-0.931886,-2.210033,2.561840,-0.069746,-0.740703,-1.438011,1,0.233296,-0.593560,0.311127,-3.535781,0.311127,-3.497869,0.246339,-0.600000,0.077784,-0.219947,0.108206,-0.291705,0.110829,-0.290718,0.110829,-0.220000,1,-16.989137,0.115539,0.100872,-0.220000,-0.220000,-0.600000,-0.600000,0.311127,0.110000,-1.236683,1
1772477805,888896748,-0.929172,-2.197915,2.530713,-0.081845,-0.754292,-1.471284,1,0.235430,-0.606851,0.311127,-3.497869,0.311127,-3.413545,0.243128,-0.600000,0.084419,-0.219775,0.110829,-0.290718,0.102753,-0.293670,0.103496,-0.220000,1,-17.161636,0.118163,0.103496,-0.220000,-0.220000,-0.600000,-0.600000,0.311127,0.110000,-1.206871,1
1772477805,913923566,-0.927099,-2.191932,2.514553,-0.087733,-0.756622,-1.487444,1,0.238364,-0.609542,0.311127,-3.413545,0.311127,-3.367836,0.245502,-0.600000,0.092022,-0.219885,0.102753,-0.293670,0.108956,-0.291425,0.108956,-0.220000,1,-17.030475,0.110086,0.095419,-0.220000,-0.220000,-0.600000,-0.600000,0.311127,0.110000,-1.190710,1
1772477805,938947266,-0.925613,-2.185038,2.498715,-0.093929,-0.759991,-1.503282,1,0.241161,-0.613404,0.311127,-3.367836,0.311127,-3.327916,0.247277,-0.600000,0.099414,-0.219716,0.108956,-0.291425,0.112899,-0.289920,0.112899,-0.220000,1,-16.942541,0.116289,0.101622,-0.220000,-0.220000,-0.600000,-0.600000,0.311127,0.110000,-1.176596,1
1772477805,988937123,-0.922933,-2.173658,2.468042,-0.103367,-0.766908,-1.536111,1,0.244110,-0.616109,0.311127,-3.327916,0.311127,-3.238801,0.249249,-0.600000,0.106848,-0.219484,0.112899,-0.289920,0.117154,-0.288227,0.117154,-0.220000,1,-16.843587,0.120232,0.105565,-0.220000,-0.220000,-0.600000,-0.600000,0.311127,0.110000,-1.145089,1
1772477806,13993996,-0.921762,-2.168338,2.453498,-0.108170,-0.769479,-1.550655,1,0.247728,-0.623830,0.311127,-3.238801,0.311127,-3.201482,0.251025,-0.600000,0.113771,-0.220058,0.117154,-0.288227,0.120887,-0.286681,0.120887,-0.220000,1,-16.753255,0.124487,0.109821,-0.220000,-0.220000,-0.600000,-0.600000,0.311127,0.110000,-1.131895,1
1772477806,39095104,-0.921103,-2.163336,2.438574,-0.112397,-0.772232,-1.565579,1,0.248938,-0.600031,0.311127,-3.201482,0.311127,-3.159272,0.252351,-0.600000,0.117864,-0.219267,0.120887,-0.286681,0.123616,-0.285515,0.123616,-0.220000,1,-16.685112,0.128221,0.113554,-0.220000,-0.220000,-0.600000,-0.600000,0.311127,0.110000,-1.116971,1
1772477806,89095795,-0.917310,-2.151867,2.408054,-0.124126,-0.776541,-1.594769,1,0.251160,-0.608871,0.311127,-3.159272,0.311127,-3.084922,0.256023,-0.600000,0.121848,-0.219624,0.123616,-0.285515,0.135281,-0.280177,0.130950,-0.220000,1,-16.373132,0.130950,0.116283,-0.220000,-0.220000,-0.600000,-0.600000,0.311127,0.110000,-1.090685,1
1772477806,114152041,-0.918081,-2.145629,2.392480,-0.128357,-0.781190,-1.610343,1,0.252341,-0.609441,0.311127,-3.084922,0.311127,-3.040873,0.257472,-0.600000,0.124396,-0.219548,0.135281,-0.280177,0.133760,-0.280906,0.133760,-0.220000,1,-16.415741,0.142614,0.127948,-0.220000,-0.220000,-0.600000,-0.600000,0.311127,0.110000,-1.075111,1
1772477806,139145049,-0.916538,-2.140106,2.377584,-0.133552,-0.783618,-1.625239,1,0.257635,-0.550780,0.311127,-3.040873,0.311127,-3.001747,0.259808,-0.600000,0.133763,-0.220189,0.133760,-0.280906,0.138204,-0.278747,0.138204,-0.220000,1,-16.289549,0.141094,0.126427,-0.220000,-0.220000,-0.600000,-0.600000,0.311127,0.110000,-1.061278,1
1772477806,189170302,-0.915098,-2.128459,2.346599,-0.143162,-0.787624,-1.654520,1,0.257555,-0.603384,0.311127,-3.001747,0.311127,-2.922355,0.263782,-0.600000,0.134083,-0.219900,0.138204,-0.278747,0.147869,-0.273742,0.145537,-0.220000,1,-15.997116,0.145537,0.130871,-0.220000,-0.220000,-0.600000,-0.600000,0.311127,0.110000,-1.033209,1
1772477806,214192997,-0.912621,-2.122673,2.332113,-0.149162,-0.789525,-1.669006,1,0.260070,-0.609782,0.311127,-2.922355,0.311127,-2.884952,0.268601,-0.600000,0.138950,-0.219840,0.147869,-0.273742,0.154099,-0.270284,0.154099,-0.220000,1,-15.795012,0.155202,0.140535,-0.220000,-0.220000,-0.600000,-0.600000,0.311127,0.110000,-1.019985,1
1772477806,239282673,-0.912163,-2.115410,2.316351,-0.154963,-0.793918,-1.684768,1,0.263776,-0.601105,0.311127,-2.884952,0.311127,-2.840370,0.269056,-0.600000,0.146397,-0.219422,0.154099,-0.270284,0.154891,-0.269831,0.154891,-0.220000,1,-15.768549,0.161433,0.146766,-0.220000,-0.220000,-0.600000,-0.600000,0.311127,0.110000,-1.004222,1
1772477806,289278845,-0.906649,-2.101781,2.285523,-0.168923,-0.802381,-1.712800,1,0.267671,-0.600799,0.311127,-2.840370,0.311127,-2.766483,0.271273,-0.600000,0.153527,-0.219264,0.154891,-0.269831,0.158711,-0.267602,0.158711,-0.220000,1,-15.638283,0.162224,0.147557,-0.220000,-0.220000,-0.600000,-0.600000,0.311127,0.110000,-0.978099,1
1772477806,314321995,-0.905129,-2.096442,2.271258,-0.173952,-0.804729,-1.727065,1,0.268906,-0.598055,0.311127,-2.766483,0.311127,-2.729210,0.273628,-0.600000,0.155461,-0.219413,0.158711,-0.267602,0.162703,-0.265194,0.162703,-0.220000,1,-15.497540,0.166044,0.151378,-0.220000,-0.220000,-0.600000,-0.600000,0.311127,0.110000,-0.964921,1
1772477806,339389751,-0.903739,-2.088209,2.257125,-0.181085,-0.809070,-1.741197,1,0.271106,-0.598764,0.311127,-2.729210,0.311127,-2.689237,0.274702,-0.600000,0.159321,-0.219353,0.162703,-0.265194,0.164504,-0.264081,0.164504,-0.220000,1,-15.432494,0.170036,0.155370,-0.220000,-0.220000,-0.600000,-0.600000,0.311127,0.110000,-0.950789,1
1772477806,389427141,-0.900850,-2.074660,2.226527,-0.193668,-0.816601,-1.772147,1,0.273884,-0.623795,0.311127,-2.689237,0.311127,-2.606491,0.277699,-0.600000,0.163681,-0.219593,0.164504,-0.264081,0.169461,-0.260927,0.169461,-0.220000,1,-15.248223,0.171837,0.157170,-0.220000,-0.220000,-0.600000,-0.600000,0.311127,0.110000,-0.921534,1
1772477806,414461590,-0.898677,-2.068815,2.211345,-0.199509,-0.818785,-1.787329,1,0.274939,-0.600766,0.311127,-2.606491,0.311127,-2.566042,0.280942,-0.600000,0.166062,-0.219123,0.169461,-0.260927,0.174724,-0.257432,0.174724,-0.220000,1,-15.043977,0.176794,0.162127,-0.220000,-0.220000,-0.600000,-0.600000,0.311127,0.110000,-0.907233,1
1772477806,439490365,-0.897008,-2.061939,2.196924,-0.205800,-0.822024,-1.801750,1,0.278006,-0.604926,0.311127,-2.566042,0.311127,-2.525254,0.282965,-0.600000,0.170367,-0.219687,0.174724,-0.257432,0.177959,-0.255207,0.177959,-0.220000,1,-14.913942,0.182058,0.167391,-0.220000,-0.220000,-0.600000,-0.600000,0.311127,0.110000,-0.892812,1
1772477806,489560570,-0.893807,-2.047066,2.167352,-0.219236,-0.834489,-1.831731,1,0.281148,-0.615884,0.311127,-2.525254,0.311127,-2.444709,0.279807,-0.600000,0.175614,-0.219553,0.177959,-0.255207,0.172893,-0.258666,0.172893,-0.220000,1,-15.116069,0.185292,0.170625,-0.220000,-0.220000,-0.600000,-0.600000,0.311127,0.110000,-0.864335,1
1772477806,514541403,-0.892339,-2.041849,2.152305,-0.224141,-0.836793,-1.846779,1,0.282527,-0.602826,0.311127,-2.444709,0.311127,-2.404081,0.282269,-0.600000,0.178062,-0.219352,0.172893,-0.258666,0.176849,-0.255977,0.176849,-0.220000,1,-14.958936,0.180226,0.165560,-0.220000,-0.220000,-0.600000,-0.600000,0.311127,0.110000,-0.849971,1
1772477806,539564534,-0.889703,-2.034321,2.137667,-0.231560,-0.839725,-1.861417,1,0.279744,-0.593145,0.311127,-2.404081,0.311127,-2.362679,0.285426,-0.600000,0.173216,-0.219665,0.176849,-0.255977,0.181846,-0.252452,0.181846,-0.220000,1,-14.752919,0.184183,0.169516,-0.220000,-0.220000,-0.600000,-0.600000,0.311127,0.110000,-0.835333,1
1772477806,589660349,-0.885235,-2.020741,2.108944,-0.243758,-0.846433,-1.888401,1,0.282243,-0.612485,0.311127,-2.362679,0.311127,-2.290036,0.288571,-0.600000,0.177144,-0.219730,0.181846,-0.252452,0.186744,-0.248851,0.186744,-0.220000,1,-14.542494,0.189180,0.174513,-0.220000,-0.220000,-0.600000,-0.600000,0.311127,0.110000,-0.809650,1
1772477806,614675962,-0.882940,-2.014496,2.094825,-0.249978,-0.848795,-1.902520,1,0.285573,-0.606338,0.311127,-2.290036,0.311127,-2.251587,0.291637,-0.600000,0.182411,-0.219722,0.186744,-0.248851,0.191447,-0.245251,0.191447,-0.220000,1,-14.332128,0.194077,0.179410,-0.220000,-0.220000,-0.600000,-0.600000,0.311127,0.110000,-0.796056,1
1772477806,639822578,-0.881196,-2.007068,2.079622,-0.256730,-0.852348,-1.917723,1,0.289059,-0.616486,0.311127,-2.251587,0.311127,-2.208587,0.293622,-0.600000,0.187631,-0.219887,0.191447,-0.245251,0.194458,-0.242870,0.194458,-0.220000,1,-14.193000,0.198780,0.184113,-0.220000,-0.220000,-0.600000,-0.600000,0.311127,0.110000,-0.780853,1
1772477806,689780864,-0.877300,-1.993909,2.049817,-0.267347,-0.862503,-1.946305,1,0.291840,-0.596587,0.311127,-2.208587,0.311127,-2.130823,0.291388,-0.600000,0.192391,-0.219445,0.194458,-0.242870,0.191067,-0.245547,0.191067,-0.220000,1,-14.349416,0.201791,0.187125,-0.220000,-0.220000,-0.600000,-0.600000,0.311127,0.110000,-0.753360,1
1772477806,714820195,-0.874907,-1.987194,2.034063,-0.273983,-0.865106,-1.962059,1,0.293835,-0.592041,0.311127,-2.130823,0.311127,-2.086263,0.294642,-0.600000,0.194908,-0.219886,0.191067,-0.245547,0.195995,-0.241632,0.195995,-0.220000,1,-14.120634,0.198401,0.183734,-0.220000,-0.220000,-0.600000,-0.600000,0.311127,0.110000,-0.737605,1
1772477806,739836323,-0.872298,-1.980534,2.018632,-0.280718,-0.867511,-1.977490,1,0.291203,-0.597486,0.311127,-2.086263,0.311127,-2.043743,0.298158,-0.600000,0.191223,-0.219620,0.195995,-0.241632,0.201242,-0.237280,0.201242,-0.220000,1,-13.866279,0.203328,0.188661,-0.220000,-0.220000,-0.600000,-0.600000,0.311127,0.110000,-0.722572,1
1772477806,789938518,-0.866086,-1.966855,1.990504,-0.298548,-0.868534,-2.003486,1,0.294477,-0.599838,0.311127,-2.043743,0.311127,-1.972681,0.310450,-0.600000,0.196333,-0.219477,0.201242,-0.237280,0.221147,-0.218847,0.208576,-0.229946,1,-12.789089,0.208576,0.193909,-0.220000,-0.220000,-0.600000,-0.600000,0.311127,0.110000,-0.697448,1
1772477806,814912074,-0.863938,-1.960895,1.976104,-0.304449,-0.870839,-2.017885,1,0.298395,-0.608796,0.311127,-1.972681,0.311127,-1.932772,0.307440,-0.600000,0.201573,-0.220018,0.221147,-0.218847,0.225124,-0.214754,0.220000,-0.214754,1,-12.549900,0.220000,0.213814,-0.211513,-0.220000,-0.600000,-0.600000,0.311127,0.110000,-0.683338,1
1772477806,839949471,-0.861919,-1.953627,1.961025,-0.311250,-0.874103,-2.032965,1,0.306755,-0.531187,0.311127,-1.932772,0.311127,-1.890122,0.305136,-0.600000,0.220522,-0.213234,0.225124,-0.214754,0.228236,-0.211443,0.220000,-0.211443,1,-12.356439,0.220000,0.217791,-0.207420,-0.220000,-0.600000,-0.600000,0.311127,0.110000,-0.668259,1
1772477806,890016157,-0.857067,-1.939412,1.930859,-0.327711,-0.879673,-2.061477,1,0.304200,-0.601456,0.311127,-1.890122,0.311127,-1.811326,0.300101,-0.600000,0.216067,-0.214132,0.228236,-0.211443,0.237817,-0.200607,0.220000,-0.204110,1,-11.723199,0.220000,0.220000,-0.204110,-0.218777,-0.600000,-0.600000,0.311127,0.110000,-0.640401,1
1772477806,915036339,-0.853571,-1.932406,1.915395,-0.335283,-0.881665,-2.076941,1,0.304870,-0.595489,0.311127,-1.811326,0.311127,-1.768147,0.293169,-0.600000,0.220295,-0.210751,0.237817,-0.200607,0.243417,-0.193774,0.220000,-0.193774,1,-11.323858,0.220000,0.220000,-0.193274,-0.207941,-0.600000,-0.600000,0.311127,0.110000,-0.625134,1
1772477806,940090081,-0.850489,-1.926224,1.899232,-0.341963,-0.883424,-2.093104,1,0.294595,-0.552896,0.311127,-1.768147,0.311127,-1.723110,0.288735,-0.600000,0.221036,-0.194754,0.243417,-0.193774,0.248661,-0.186997,0.220000,-0.186997,1,-10.927850,0.220000,0.220000,-0.186440,-0.201107,-0.600000,-0.600000,0.311127,0.110000,-0.609212,1
1772477806,990110345,-0.844077,-1.912911,1.868100,-0.359124,-0.888124,-2.126068,1,0.294988,-0.612692,0.311127,-1.723110,0.311127,-1.630753,0.284041,-0.600000,0.220326,-0.196148,0.248661,-0.186997,0.259536,-0.171583,0.220000,-0.179664,1,-10.027082,0.220000,0.220000,-0.179664,-0.194331,-0.600000,-0.600000,0.311127,0.110000,-0.576558,1
1772477807,15112297,-0.841685,-1.905681,1.851660,-0.366142,-0.891081,-2.142507,1,0.290562,-0.594249,0.311127,-1.630753,0.311127,-1.584254,0.275939,-0.600000,0.221027,-0.188609,0.259536,-0.171583,0.262789,-0.166560,0.220000,-0.166560,1,-9.733522,0.220000,0.220000,-0.164250,-0.178917,-0.600000,-0.600000,0.311127,0.110000,-0.560118,1
1772477807,40197165,-0.838313,-1.898334,1.836172,-0.373894,-0.893376,-2.157996,1,0.279258,-0.562452,0.311127,-1.584254,0.311127,-1.540809,0.271752,-0.600000,0.219932,-0.172090,0.262789,-0.166560,0.267116,-0.159527,0.220000,-0.159527,1,-9.322553,0.220000,0.220000,-0.159227,-0.173893,-0.600000,-0.600000,0.311127,0.110000,-0.544758,1
1772477807,90210401,-0.832449,-1.885228,1.804522,-0.386054,-0.896049,-2.193970,1,0.280676,-0.597724,0.311127,-1.540809,0.311127,-1.439312,0.267513,-0.600000,0.220498,-0.173665,0.267116,-0.159527,0.276338,-0.142959,0.220000,-0.152194,1,-8.354315,0.220000,0.220000,-0.152194,-0.166861,-0.600000,-0.600000,0.311127,0.110000,-0.508874,1
1772477807,115221932,-0.829208,-1.878516,1.790100,-0.393250,-0.897995,-2.208392,1,0.276528,-0.588168,0.311127,-1.439312,0.311127,-1.398627,0.258469,-0.600000,0.220748,-0.166547,0.276338,-0.142959,0.279989,-0.135669,0.220000,-0.135669,1,-7.928280,0.220000,0.220000,-0.135626,-0.150292,-0.600000,-0.600000,0.311127,0.110000,-0.494489,1
1772477807,140270712,-0.826788,-1.873436,1.775905,-0.398674,-0.899492,-2.222588,1,0.266331,-0.600597,0.311127,-1.398627,0.311127,-1.358528,0.255154,-0.600000,0.220118,-0.149935,0.279989,-0.135669,0.283013,-0.129243,0.220000,-0.129243,1,-7.552785,0.220000,0.220000,-0.128335,-0.143002,-0.600000,-0.600000,0.311127,0.110000,-0.480312,1
1772477807,190369671,-0.820475,-1.859552,1.745174,-0.412983,-0.904097,-2.253785,1,0.267814,-0.596932,0.311127,-1.358528,0.311127,-1.270238,0.251519,-0.600000,0.220351,-0.152217,0.283013,-0.129243,0.288955,-0.115346,0.220000,-0.121910,1,-6.740665,0.220000,0.220000,-0.121910,-0.136576,-0.600000,-0.600000,0.311127,0.110000,-0.449097,1
1772477807,215325173,-0.817534,-1.853829,1.728360,-0.419235,-0.905618,-2.270599,1,0.263794,-0.611509,0.311127,-1.270238,0.311127,-1.222574,0.245085,-0.600000,0.220488,-0.144819,0.288955,-0.115346,0.292122,-0.107074,0.220000,-0.108013,1,-6.257236,0.220000,0.220000,-0.108013,-0.122679,-0.600000,-0.600000,0.311127,0.110000,-0.432245,1
1772477807,240467842,-0.814983,-1.849122,1.712340,-0.424464,-0.906770,-2.286619,1,0.255398,-0.576215,0.311127,-1.222574,0.311127,-1.177262,0.241554,-0.600000,0.220763,-0.128421,0.292122,-0.107074,0.294884,-0.099216,0.220000,-0.099740,1,-5.798013,0.220000,0.220000,-0.099740,-0.114407,-0.600000,-0.600000,0.311127,0.110000,-0.416225,1
1772477807,290511108,-0.808904,-1.837083,1.682820,-0.441404,-0.908714,-2.314448,1,0.255943,-0.598976,0.311127,-1.177262,0.311127,-1.097933,0.238416,-0.600000,0.220924,-0.129227,0.294884,-0.099216,0.301688,-0.076055,0.220000,-0.091882,1,-4.444569,0.220000,0.220000,-0.091882,-0.106549,-0.600000,-0.600000,0.311127,0.110000,-0.388178,1
1772477807,315446772,-0.805891,-1.831251,1.667252,-0.447782,-0.910262,-2.330016,1,0.252483,-0.619738,0.311127,-1.097933,0.311127,-1.053576,0.230484,-0.600000,0.220761,-0.122525,0.301688,-0.076055,0.303672,-0.067702,0.220000,-0.068722,1,-3.956414,0.220000,0.220000,-0.068722,-0.083389,-0.600000,-0.600000,0.311127,0.110000,-0.372495,1
1772477807,340518722,-0.803607,-1.824955,1.651128,-0.454033,-0.912666,-2.346140,1,0.244586,-0.572658,0.311127,-1.053576,0.311127,-1.007969,0.228420,-0.600000,0.220475,-0.105894,0.303672,-0.067702,0.304999,-0.061446,0.220000,-0.061446,1,-3.590820,0.220000,0.220000,-0.060369,-0.075035,-0.600000,-0.600000,0.311127,0.110000,-0.356371,1
1772477807,390596895,-0.798489,-1.813351,1.619239,-0.467445,-0.917851,-2.377644,1,0.245413,-0.607469,0.311127,-1.007969,0.311127,-0.917629,0.226557,-0.600000,0.220538,-0.107660,0.304999,-0.061446,0.307251,-0.048955,0.220000,-0.054113,1,-2.860845,0.220000,0.220000,-0.054113,-0.068779,-0.600000,-0.600000,0.311127,0.110000,-0.324431,1
1772477807,415618387,-0.797265,-1.808702,1.603513,-0.471756,-0.919977,-2.393370,1,0.237890,-0.580243,0.311127,-0.917629,0.311127,-0.873150,0.224430,-0.600000,0.219955,-0.090616,0.307251,-0.048955,0.307947,-0.044371,0.220000,-0.044371,1,-2.592991,0.220000,0.220000,-0.041621,-0.056288,-0.600000,-0.600000,0.311127,0.110000,-0.308705,1
1772477807,440757021,-0.793960,-1.803286,1.588262,-0.478012,-0.921035,-2.408622,1,0.235988,-0.575078,0.311127,-0.873150,0.311127,-0.829452,0.223096,-0.600000,0.220308,-0.084586,0.307947,-0.044371,0.309173,-0.034811,0.220000,-0.037038,1,-2.034286,0.220000,0.220000,-0.037038,-0.051705,-0.600000,-0.600000,0.311127,0.110000,-0.293256,1
1772477807,490726006,-0.790854,-1.791366,1.557722,-0.490990,-0.924887,-2.438804,1,0.236552,-0.594517,0.311127,-0.829452,0.311127,-0.743238,0.221709,-0.600000,0.220479,-0.085708,0.309173,-0.034811,0.310509,-0.019605,0.220000,-0.027477,1,-1.145703,0.220000,0.220000,-0.027477,-0.042144,-0.600000,-0.600000,0.311127,0.110000,-0.262774,1
1772477807,515739120,-0.788146,-1.786683,1.542605,-0.496301,-0.925917,-2.453921,1,0.230618,-0.568222,0.311127,-0.743238,0.311127,-0.699478,0.220342,-0.600000,0.220051,-0.069010,0.310509,-0.019605,0.310930,-0.011070,0.220000,-0.012272,1,-0.646914,0.220000,0.220000,-0.012272,-0.026939,-0.600000,-0.600000,0.311127,0.110000,-0.247303,1
1772477807,540779293,-0.786030,-1.780182,1.526913,-0.502595,-0.928587,-2.469613,1,0.228787,-0.570438,0.311127,-0.699478,0.311127,-0.655095,0.220067,-0.600000,0.220208,-0.062065,0.310930,-0.011070,0.311080,-0.005418,0.220000,-0.005418,1,-0.316628,0.220000,0.220000,-0.003737,-0.018403,-0.600000,-0.600000,0.311127,0.110000,-0.231611,1
1772477807,590833103,-0.782215,-1.770347,1.495803,-0.513447,-0.929890,-2.502588,1,0.229119,-0.597849,0.311127,-0.655095,0.311127,-0.561007,0.220008,-0.635095,0.220255,-0.063111,0.311080,-0.005418,0.310772,0.014856,0.220000,0.001915,1,0.868156,0.220000,0.220000,0.001915,-0.012751,-0.600000,-0.600000,0.311127,0.110000,-0.198346,1
1772477807,615870640,-0.779702,-1.764591,1.480562,-0.519443,-0.931760,-2.517828,1,0.225273,-0.554542,0.311127,-0.561007,0.311127,-0.516774,0.221109,-0.541007,0.220270,-0.047212,0.310772,0.014856,0.310340,0.022114,0.220000,0.022114,1,1.292317,0.220000,0.220000,0.022189,0.007523,-0.541007,-0.581007,0.311127,0.110000,-0.182707,1
1772477807,640938896,-0.777394,-1.759063,1.465179,-0.525133,-0.933636,-2.533211,1,0.223786,-0.531163,0.311127,-0.516774,0.311127,-0.471925,0.221905,-0.496774,0.220196,-0.039924,0.310340,0.022114,0.309771,0.029017,0.220000,0.029017,1,1.695695,0.220000,0.220000,0.029447,0.014781,-0.496774,-0.536774,0.311127,0.110000,-0.166851,1
1772477807,691033669,-0.774178,-1.749223,1.435235,-0.533626,-0.941506,-2.563939,1,0.224260,-0.562740,0.311127,-0.471925,0.311127,-0.383889,0.221827,-0.451925,0.220434,-0.041246,0.309771,0.029017,0.309827,0.028415,0.220000,0.028415,1,1.660549,0.220000,0.220000,0.036350,0.021683,-0.451925,-0.491925,0.311127,0.110000,-0.135725,1
1772477807,716015236,-0.771837,-1.744033,1.421085,-0.539082,-0.943131,-2.578089,1,0.221370,-0.492730,0.311127,-0.383889,0.311127,-0.343867,0.222812,-0.363889,0.219967,-0.024877,0.309827,0.028415,0.309119,0.035290,0.220000,0.035290,1,2.062310,0.220000,0.220000,0.035749,0.021082,-0.363889,-0.403889,0.311127,0.110000,-0.121575,1
1772477807,741081580,-0.771730,-1.738390,1.406605,-0.543420,-0.946742,-2.592569,1,0.220674,-0.467940,0.311127,-0.343867,0.311127,-0.301527,0.222878,-0.323867,0.219934,-0.018058,0.309119,0.035290,0.309071,0.035704,0.220000,0.035704,1,2.086518,0.220000,0.220000,0.042624,0.027957,-0.323867,-0.363867,0.311127,0.110000,-0.106606,1
1772477807,791165204,-0.768010,-1.727944,1.381138,-0.553585,-0.942797,-2.619248,1,0.221426,-0.506687,0.311127,-0.301527,0.311127,-0.224373,0.224170,-0.281527,0.220588,-0.019246,0.309071,0.035704,0.303887,0.066728,0.220000,0.043038,1,3.899478,0.220000,0.220000,0.043038,0.028371,-0.281527,-0.321527,0.311127,0.110000,-0.079328,1
1772477807,816185816,-0.766778,-1.722332,1.367543,-0.558638,-0.945530,-2.632843,1,0.219792,-0.427167,0.311127,-0.224373,0.311127,-0.185922,0.230860,-0.204373,0.219758,-0.003849,0.303887,0.066728,0.303156,0.069975,0.220000,0.069975,1,4.089219,0.220000,0.220000,0.074061,0.059394,-0.204373,-0.244373,0.311127,0.110000,-0.065733,1
1772477807,841298815,-0.765553,-1.716752,1.354838,-0.563663,-0.948249,-2.645548,1,0.219918,-0.457874,0.311127,-0.185922,0.311127,-0.148500,0.231780,-0.165922,0.219907,0.002180,0.303156,0.069975,0.302453,0.072952,0.220000,0.072952,1,4.263239,0.220000,0.220000,0.077308,0.062641,-0.165922,-0.205922,0.311127,0.110000,-0.052503,1
1772477807,891336886,-0.762388,-1.706771,1.331949,-0.570440,-0.956520,-2.670618,1,0.219977,-0.446768,0.311127,-0.148500,0.311127,-0.075981,0.230126,-0.128500,0.219968,0.001967,0.302453,0.072952,0.303713,0.067514,0.220000,0.067514,1,3.945448,0.220000,0.220000,0.080286,0.065619,-0.128500,-0.168500,0.311127,0.110000,-0.026863,1
1772477807,916366480,-0.760598,-1.701519,1.320337,-0.575590,-0.958585,-2.682230,1,0.220889,-0.373866,0.311127,-0.075981,0.311127,-0.043138,0.231488,-0.055981,0.220080,0.018883,0.303713,0.067514,0.302677,0.072020,0.220000,0.072020,1,4.208724,0.220000,0.220000,0.074848,0.060181,-0.055981,-0.095981,0.311127,0.110000,-0.015251,1
1772477807,941408823,-0.759893,-1.696491,1.309827,-0.579863,-0.961326,-2.692741,1,0.221607,-0.389376,0.311127,-0.043138,0.311127,-0.011341,0.231918,-0.023138,0.220236,0.024613,0.302677,0.072020,0.302347,0.073390,0.220000,0.073390,1,4.288796,0.220000,0.220000,0.079353,0.064686,-0.023138,-0.063138,0.311127,0.110000,-0.004010,1
1772477807,991534977,-0.758939,-1.685428,1.290474,-0.591206,-0.965071,-2.711832,1,0.221495,-0.395124,0.311127,-0.011341,0.311127,0.044593,0.234342,0.008659,0.220195,0.023965,0.302347,0.073390,0.299746,0.083379,0.220000,0.080723,1,4.872545,0.220000,0.220000,0.080723,0.066056,0.008659,-0.031341,0.311127,0.110000,0.015766,1
1772477808,16647389,-0.757027,-1.679774,1.281025,-0.596740,-0.967307,-2.721282,1,0.224053,-0.307241,0.311127,0.044593,0.311127,0.073102,0.236666,0.064593,0.220250,0.041103,0.299746,0.083379,0.298646,0.087239,0.220000,0.087239,1,5.098118,0.220000,0.220000,0.090712,0.076046,0.064593,0.024593,0.311127,0.110000,0.025846,1
1772477808,41665873,-0.756674,-1.673847,1.271029,-0.601464,-0.970903,-2.731278,1,0.224611,-0.325916,0.311127,0.073102,0.311127,0.101376,0.236518,0.093102,0.219766,0.046401,0.298646,0.087239,0.298763,0.086838,0.220000,0.086838,1,5.074672,0.220000,0.220000,0.094572,0.079906,0.093102,0.053102,0.311127,0.110000,0.035842,1
1772477808,91761051,-0.755199,-1.663425,1.253402,-0.613151,-0.977267,-2.753149,1,0.224527,-0.320556,0.311127,0.101376,0.311127,0.168203,0.238242,0.121376,0.219609,0.046737,0.298763,0.086838,0.297390,0.091428,0.220000,0.091428,1,5.342930,0.220000,0.220000,0.094171,0.079504,0.121376,0.081376,0.311127,0.110000,0.059469,1
1772477808,116901363,-0.754819,-1.657844,1.245701,-0.617645,-0.980598,-2.760850,1,0.229090,-0.250754,0.311127,0.168203,0.311127,0.189984,0.237993,0.188203,0.220398,0.062504,0.297390,0.091428,0.297589,0.090777,0.220000,0.090777,1,5.304894,0.220000,0.220000,0.098761,0.084095,0.188203,0.148203,0.311127,0.110000,0.067170,1
1772477808,141900856,-0.753547,-1.652322,1.238110,-0.622673,-0.983212,-2.768441,1,0.230281,-0.269835,0.311127,0.189984,0.311127,0.213469,0.238672,0.209984,0.219959,0.068173,0.297589,0.090777,0.297045,0.092543,0.220000,0.092543,1,5.408053,0.220000,0.220000,0.098111,0.083444,0.209984,0.169984,0.311127,0.110000,0.075473,1
1772477808,192142198,-0.752723,-1.641533,1.224378,-0.632602,-0.993674,-2.778079,1,0.235192,-0.210567,0.311127,0.213469,0.311127,0.243507,0.235925,0.233469,0.221702,0.078507,0.297045,0.092543,0.300336,0.081229,0.220000,0.085209,1,4.746928,0.220000,0.220000,0.099876,0.085209,0.233469,0.193469,0.311127,0.110000,0.086093,1
1772477808,217102951,-0.753026,-1.635884,1.217705,-0.636689,-0.997586,-2.784751,1,0.237155,-0.184768,0.311127,0.243507,0.311127,0.265454,0.233552,0.263507,0.221252,0.085382,0.300336,0.081229,0.301087,0.078399,0.220000,0.078399,1,4.581531,0.220000,0.220000,0.088563,0.073896,0.263507,0.223507,0.311127,0.110000,0.093852,1
1772477808,242142597,-0.752705,-1.629442,1.211206,-0.641783,-1.001541,-2.791251,1,0.233244,-0.208823,0.311127,0.265454,0.311127,0.286387,0.232966,0.285454,0.219531,0.078796,0.301087,0.078399,0.301540,0.076638,0.220000,0.076638,1,4.478617,0.220000,0.220000,0.085732,0.071066,0.285454,0.245454,0.311127,0.110000,0.101253,1
1772477808,292303821,-0.752364,-1.617005,1.200309,-0.653189,-1.007998,-2.804122,1,0.233748,-0.188098,0.311127,0.286387,0.311127,0.325640,0.233488,0.306387,0.219675,0.079880,0.301540,0.076638,0.301136,0.078210,0.220000,0.078210,1,4.570508,0.220000,0.220000,0.083971,0.069305,0.306387,0.266387,0.311127,0.110000,0.115131,1
1772477808,317341064,-0.752022,-1.612355,1.196314,-0.656945,-1.010763,-2.808117,1,0.233371,-0.187315,0.311127,0.325640,0.311127,0.340508,0.233111,0.340508,0.219655,0.078827,0.301136,0.078210,0.301428,0.077077,0.220000,0.077077,1,4.504289,0.220000,0.220000,0.085544,0.070877,0.345640,0.305640,0.311127,0.110000,0.120388,1
1772477808,342548855,-0.752501,-1.607812,1.193217,-0.660084,-1.014081,-2.811214,1,0.232885,-0.136687,0.311127,0.340508,0.311127,0.349269,0.231974,0.349269,0.219712,0.077216,0.301428,0.077077,0.302305,0.073564,0.220000,0.073564,1,4.298996,0.220000,0.220000,0.084411,0.069744,0.360508,0.320508,0.311127,0.110000,0.123485,1
1772477808,392709018,-0.752775,-1.594722,1.186850,-0.670383,-1.025756,-2.815336,1,0.231426,-0.163543,0.311127,0.349269,0.311127,0.367362,0.229753,0.367362,0.219403,0.073624,0.302305,0.073564,0.305627,0.058244,0.220000,0.066231,1,3.403690,0.220000,0.220000,0.080898,0.066231,0.369269,0.329269,0.311127,0.110000,0.129882,1
1772477808,417678553,-0.752464,-1.588601,1.184093,-0.675226,-1.029511,-2.818093,1,0.232095,-0.105634,0.311127,0.367362,0.311127,0.375159,0.226925,0.375159,0.219875,0.074317,0.305627,0.058244,0.306113,0.055630,0.220000,0.055630,1,3.250959,0.220000,0.220000,0.065577,0.050911,0.387362,0.347362,0.311127,0.110000,0.132639,1
1772477808,442896566,-0.751711,-1.583786,1.181940,-0.679368,-1.032079,-2.820246,1,0.229660,-0.092118,0.311127,0.375159,0.311127,0.385127,0.226759,0.385127,0.219802,0.066562,0.306113,0.055630,0.306236,0.054950,0.220000,0.054950,1,3.211182,0.220000,0.220000,0.062964,0.048297,0.395159,0.355159,0.311127,0.110000,0.136163,1
1772477808,492983743,-0.752248,-1.571291,1.178705,-0.689396,-1.047102,-2.819589,1,0.227950,-0.139887,0.311127,0.385127,0.311127,0.387606,0.225094,0.387606,0.220429,0.058073,0.306236,0.054950,0.309735,0.029395,0.220000,0.047616,1,1.717781,0.220000,0.220000,0.062283,0.047616,0.405127,0.365127,0.311127,0.110000,0.137039,1
1772477808,518111885,-0.751482,-1.565806,1.177398,-0.694042,-1.050115,-2.820897,1,0.226922,-0.037058,0.311127,0.387606,0.311127,0.395122,0.221774,0.395122,0.220090,0.055265,0.309735,0.029395,0.309865,0.027993,0.220000,0.027993,1,1.635871,0.220000,0.220000,0.036728,0.022061,0.407606,0.367606,0.311127,0.110000,0.139697,1
1772477808,543093181,-0.750297,-1.560002,1.176200,-0.699205,-1.053021,-2.822095,1,0.224791,-0.009651,0.311127,0.395122,0.311127,0.402251,0.221710,0.402251,0.219687,0.047630,0.309865,0.027993,0.309911,0.027480,0.220000,0.027480,1,1.605919,0.220000,0.220000,0.035326,0.020660,0.415122,0.375122,0.311127,0.110000,0.142217,1
1772477808,593255233,-0.748469,-1.550273,1.175856,-0.709306,-1.062435,-2.817458,1,0.223656,-0.065931,0.311127,0.402251,0.311127,0.394011,0.220921,0.394011,0.220114,0.039645,0.309911,0.027480,0.310769,0.014916,0.220000,0.020147,1,0.871674,0.220000,0.220000,0.034814,0.020147,0.422251,0.382251,0.311127,0.110000,0.139304,1
1772477808,618438197,-0.747039,-1.543680,1.175669,-0.715209,-1.065701,-2.817645,1,0.222606,0.014985,0.311127,0.394011,0.311127,0.399774,0.220455,0.399774,0.220150,0.032977,0.310769,0.014916,0.310805,0.014153,0.220000,0.014153,1,0.827059,0.220000,0.220000,0.022249,0.007583,0.414011,0.374011,0.311127,0.110000,0.141341,1
1772477808,643412583,-0.745971,-1.539422,1.175703,-0.719116,-1.067702,-2.817610,1,0.221399,0.040128,0.311127,0.399774,0.311127,0.399677,0.220447,0.399677,0.219935,0.025424,0.310805,0.014153,0.310810,0.014032,0.220000,0.014032,1,0.820028,0.220000,0.220000,0.021486,0.006819,0.419774,0.379774,0.311127,0.110000,0.141307,1
1772477808,668589709,-0.745483,-1.534301,1.176265,-0.723563,-1.070273,-2.816886,1,0.221493,0.007514,0.311127,0.399677,0.311127,0.402179,0.220380,0.402179,0.220841,0.016984,0.310810,0.014032,0.310858,0.012939,0.220000,0.012939,1,0.756114,0.220000,0.220000,0.021366,0.006699,0.419677,0.379677,0.311127,0.110000,0.142192,1
1772477808,718742005,-0.742664,-1.523185,1.179502,-0.736085,-1.071792,-2.812271,1,0.220635,0.082172,0.311127,0.402179,0.311127,0.393792,0.220932,0.393792,0.220267,0.012740,0.310858,0.012939,0.310230,0.023613,0.220000,0.020272,1,1.379889,0.220000,0.220000,0.020272,0.005605,0.422179,0.382179,0.311127,0.110000,0.139227,1
1772477808,743828117,-0.741136,-1.518116,1.181202,-0.740902,-1.073990,-2.810571,1,0.220696,0.113308,0.311127,0.393792,0.311127,0.388984,0.221271,0.388984,0.220352,0.012318,0.310230,0.023613,0.310225,0.023680,0.220000,0.023680,1,1.383842,0.220000,0.220000,0.030946,0.016279,0.413792,0.373792,0.311127,0.110000,0.137527,1
1772477808,793916736,-0.738274,-1.508072,1.186357,-0.746918,-1.078752,-2.807885,1,0.221697,0.150652,0.311127,0.388984,0.311127,0.387085,0.220778,0.387085,0.220739,0.020585,0.310225,0.023680,0.310575,0.018523,0.220000,0.018523,1,1.082464,0.220000,0.220000,0.031014,0.016347,0.408984,0.368984,0.311127,0.110000,0.136855,1
1772477808,819159090,-0.736428,-1.500969,1.189246,-0.753481,-1.082035,-2.804996,1,0.221585,0.142583,0.311127,0.387085,0.311127,0.385222,0.220716,0.385222,0.220314,0.023704,0.310575,0.018523,0.310620,0.017762,0.220000,0.017762,1,1.038014,0.220000,0.220000,0.025856,0.011190,0.407085,0.367085,0.311127,0.110000,0.136197,1
1772477808,844139506,-0.735314,-1.496783,1.191676,-0.757367,-1.083951,-2.802566,1,0.220931,0.168131,0.311127,0.385222,0.311127,0.378351,0.220670,0.378351,0.220152,0.018539,0.310620,0.017762,0.310652,0.017177,0.220000,0.017177,1,1.003814,0.220000,0.220000,0.025096,0.010429,0.405222,0.365222,0.311127,0.110000,0.133767,1
1772477808,869268154,-0.733991,-1.491962,1.194235,-0.761868,-1.086127,-2.800007,1,0.220346,0.151095,0.311127,0.378351,0.311127,0.376964,0.220633,0.376964,0.219695,0.016929,0.310652,0.017177,0.310678,0.016702,0.220000,0.016702,1,0.976013,0.220000,0.220000,0.024511,0.009844,0.398351,0.358351,0.311127,0.110000,0.133277,1
1772477808,919477978,-0.732043,-1.482430,1.201259,-0.774290,-1.088189,-2.794368,1,0.220669,0.215239,0.311127,0.376964,0.311127,0.366870,0.221309,0.366870,0.220046,0.016568,0.310678,0.016702,0.310054,0.025823,0.220000,0.024035,1,1.509050,0.220000,0.220000,0.024035,0.009368,0.396964,0.356964,0.311127,0.110000,0.129708,1
1772477808,944526798,-0.729913,-1.475738,1.205814,-0.780735,-1.090980,-2.789814,1,0.220899,0.211581,0.311127,0.366870,0.311127,0.360162,0.221503,0.360162,0.220329,0.015856,0.310054,0.025823,0.310059,0.025759,0.220000,0.025759,1,1.505332,0.220000,0.220000,0.033156,0.018490,0.386870,0.346870,0.311127,0.110000,0.127336,1
1772477808,969625778,-0.728486,-1.471923,1.211014,-0.784548,-1.092410,-2.784613,1,0.222300,0.270686,0.311127,0.360162,0.311127,0.345452,0.221474,0.345452,0.220932,0.024623,0.310059,0.025759,0.310079,0.025512,0.220000,0.025512,1,1.490902,0.220000,0.220000,0.033093,0.018426,0.380162,0.340162,0.311127,0.110000,0.122136,1
1772477809,19782546,-0.724848,-1.460759,1.221269,-0.795356,-1.097001,-2.774358,1,0.221316,0.261759,0.311127,0.345452,0.311127,0.324036,0.221406,0.325452,0.219857,0.025371,0.310079,0.025512,0.310128,0.024915,0.220000,0.024915,1,1.455979,0.220000,0.220000,0.032846,0.018179,0.365452,0.325452,0.311127,0.110000,0.114564,1
1772477809,44850945,-0.723692,-1.455337,1.226689,-0.800157,-1.099757,-2.768787,1,0.221419,0.276398,0.311127,0.324036,0.311127,0.316304,0.221157,0.316304,0.219985,0.025158,0.310128,0.024915,0.310306,0.022591,0.220000,0.022591,1,1.320167,0.220000,0.220000,0.032248,0.017581,0.344036,0.304036,0.311127,0.110000,0.111830,1
1772477809,69981371,-0.722364,-1.450542,1.233324,-0.804333,-1.102365,-2.761116,1,0.220832,0.293326,0.311127,0.316304,0.311127,0.302007,0.220834,0.302007,0.219499,0.024232,0.310306,0.022591,0.310536,0.019169,0.220000,0.019169,1,1.120191,0.220000,0.220000,0.029924,0.015257,0.336304,0.296304,0.311127,0.110000,0.106776,1
1772477809,120189819,-0.720319,-1.440175,1.248110,-0.813486,-1.107644,-2.746331,1,0.221416,0.335120,0.311127,0.302007,0.311127,0.268004,0.220412,0.282007,0.220304,0.022156,0.310536,0.019169,0.310835,0.013471,0.220000,0.013471,1,0.787216,0.220000,0.220000,0.026502,0.011835,0.322007,0.282007,0.311127,0.110000,0.094754,1
1772477809,145272588,-0.719319,-1.434146,1.255944,-0.818684,-1.110858,-2.738496,1,0.220656,0.312296,0.311127,0.268004,0.311127,0.245845,0.220223,0.248004,0.219873,0.018573,0.310835,0.013471,0.310969,0.009910,0.220000,0.009910,1,0.579133,0.220000,0.220000,0.020804,0.006137,0.288004,0.248004,0.311127,0.110000,0.086919,1
1772477809,170464217,-0.716565,-1.428299,1.264585,-0.824900,-1.112630,-2.729855,1,0.220414,0.289496,0.311127,0.245845,0.311127,0.229694,0.220279,0.229694,0.220067,0.012364,0.310969,0.009910,0.310930,0.011081,0.220000,0.011081,1,0.647530,0.220000,0.220000,0.017243,0.002577,0.265845,0.225845,0.311127,0.110000,0.081209,1
1772477809,220531308,-0.715996,-1.418702,1.278742,-0.832367,-1.118234,-2.715859,1,0.219985,0.259523,0.311127,0.229694,0.311127,0.198913,0.220032,0.209694,0.219780,0.009481,0.310930,0.011081,0.311115,0.002742,0.220000,0.003747,1,0.160253,0.220000,0.220000,0.018414,0.003747,0.249694,0.209694,0.311127,0.110000,0.070326,1
1772477809,245630224,-0.714671,-1.412559,1.285833,-0.837015,-1.119502,-2.709778,1,0.220697,0.241382,0.311127,0.198913,0.311127,0.181713,0.220035,0.181713,0.220452,0.010386,0.311115,0.002742,0.311102,0.003937,0.220000,0.003937,1,0.230055,0.220000,0.220000,0.010076,-0.004591,0.218913,0.178913,0.311127,0.110000,0.064245,1
1772477809,270741174,-0.713354,-1.407814,1.292029,-0.841458,-1.121626,-2.703581,1,0.220037,0.241988,0.311127,0.181713,0.311127,0.174467,0.220017,0.174467,0.220012,0.003355,0.311102,0.003937,0.311115,0.002711,0.220000,0.002711,1,0.158443,0.220000,0.220000,0.011270,-0.003397,0.201713,0.161713,0.311127,0.110000,0.061683,1
1772477809,320856518,-0.710695,-1.396618,1.303832,-0.851646,-1.126977,-2.691778,1,0.220216,0.201533,0.311127,0.174467,0.311127,0.151961,0.220000,0.154467,0.220182,0.003886,0.311115,0.002711,0.311127,-0.000445,0.220000,-0.000445,1,-0.026028,0.220000,0.220000,0.010045,-0.004622,0.194467,0.154467,0.311127,0.110000,0.053726,1
1772477809,345990957,-0.709570,-1.391145,1.309611,-0.856511,-1.129724,-2.686000,1,0.219932,0.188739,0.311127,0.151961,0.311127,0.146225,0.220013,0.146225,0.219924,0.001914,0.311127,-0.000445,0.311118,-0.002428,0.220000,-0.002428,1,-0.141882,0.220000,0.220000,0.006888,-0.007779,0.171961,0.131961,0.311127,0.110000,0.051699,1
1772477809,371003736,-0.708916,-1.384385,1.314438,-0.862037,-1.133672,-2.681173,1,0.219923,0.164929,0.311127,0.146225,0.311127,0.132572,0.220086,0.132572,0.219923,0.000000,0.311118,-0.002428,0.311066,-0.006138,0.220000,-0.006138,1,-0.358716,0.220000,0.220000,0.004905,-0.009761,0.166225,0.126225,0.311127,0.110000,0.046871,1
1772477809,421158410,-0.705932,-1.374155,1.323570,-0.871710,-1.138144,-2.672040,1,0.219882,0.144064,0.311127,0.132572,0.311127,0.118054,0.220102,0.118054,0.219866,-0.002682,0.311066,-0.006138,0.311055,-0.006703,0.220000,-0.006703,1,-0.391710,0.220000,0.220000,0.001195,-0.013472,0.152572,0.112572,0.311127,0.110000,0.041738,1
1772477809,446206582,-0.704829,-1.368142,1.327443,-0.876534,-1.141339,-2.668094,1,0.220030,0.117901,0.311127,0.118054,0.311127,0.118972,0.220189,0.118972,0.219930,-0.006633,0.311055,-0.006703,0.310993,-0.009119,0.220000,-0.009119,1,-0.532877,0.220000,0.220000,0.000630,-0.014036,0.138054,0.098054,0.311127,0.110000,0.042063,1
1772477809,471309354,-0.703608,-1.363432,1.331025,-0.878032,-1.144020,-2.664023,1,0.219788,0.124093,0.311127,0.118972,0.311127,0.107459,0.220505,0.107459,0.219680,-0.006896,0.310993,-0.009119,0.310769,-0.014918,0.220000,-0.014918,1,-0.871790,0.220000,0.220000,-0.001785,-0.016452,0.138972,0.098972,0.311127,0.110000,0.037992,1
1772477809,521423828,-0.701652,-1.352176,1.338208,-0.887799,-1.149945,-2.656841,1,0.219840,0.119954,0.311127,0.107459,0.311127,0.100068,0.220741,0.100068,0.219635,-0.009509,0.310769,-0.014918,0.310602,-0.018073,0.220000,-0.018073,1,-1.056141,0.220000,0.220000,-0.007585,-0.022251,0.127459,0.087459,0.311127,0.110000,0.035380,1
1772477809,546461213,-0.699854,-1.346582,1.341449,-0.893197,-1.152268,-2.653600,1,0.220749,0.104547,0.311127,0.100068,0.311127,0.104749,0.220668,0.104749,0.220186,-0.015752,0.310602,-0.018073,0.310653,-0.017161,0.220000,-0.017161,1,-1.002836,0.220000,0.220000,-0.010739,-0.025406,0.120068,0.080068,0.311127,0.110000,0.037034,1
1772477809,571688000,-0.698050,-1.341215,1.344475,-0.898427,-1.154437,-2.650574,1,0.221197,0.104121,0.311127,0.104749,0.311127,0.111050,0.220582,0.111050,0.220397,-0.018792,0.310653,-0.017161,0.310715,-0.016016,0.220000,-0.016016,1,-0.935925,0.220000,0.220000,-0.009827,-0.024494,0.124749,0.084749,0.311127,0.110000,0.039262,1
1772477809,621682752,-0.695440,-1.329995,1.349847,-0.908598,-1.159845,-2.645202,1,0.220767,0.089636,0.311127,0.111050,0.311127,0.111827,0.220609,0.111827,0.220077,-0.017451,0.310715,-0.016016,0.310696,-0.016375,0.220000,-0.016375,1,-0.956917,0.220000,0.220000,-0.008682,-0.023349,0.131050,0.091050,0.311127,0.110000,0.039537,1
1772477809,646875060,-0.693576,-1.324932,1.353577,-0.913638,-1.161770,-2.641471,1,0.220168,0.127683,0.311127,0.111827,0.311127,0.101277,0.220509,0.101277,0.219567,-0.016255,0.310696,-0.016375,0.310767,-0.014971,0.220000,-0.014971,1,-0.874895,0.220000,0.220000,-0.009041,-0.023708,0.131827,0.091827,0.311127,0.110000,0.035807,1
1772477809,671861562,-0.692056,-1.320434,1.355681,-0.918027,-1.163581,-2.639368,1,0.220840,0.116242,0.311127,0.101277,0.311127,0.112522,0.220424,0.112522,0.220252,-0.016101,0.310767,-0.014971,0.310826,-0.013672,0.220000,-0.013672,1,-0.798961,0.220000,0.220000,-0.007638,-0.022305,0.121277,0.081277,0.311127,0.110000,0.039783,1
1772477809,722082800,-0.690521,-1.310614,1.360527,-0.923420,-1.168113,-2.636862,1,0.220743,0.100087,0.311127,0.112522,0.311127,0.123981,0.220705,0.123981,0.220189,-0.015639,0.310826,-0.013672,0.310627,-0.017625,0.220000,-0.017625,1,-1.029974,0.220000,0.220000,-0.006338,-0.021005,0.132522,0.092522,0.311127,0.110000,0.043834,1
1772477809,747114060,-0.689548,-1.305006,1.362960,-0.928293,-1.171055,-2.634429,1,0.220038,0.106600,0.311127,0.123981,0.311127,0.117100,0.220764,0.117100,0.219581,-0.014183,0.310627,-0.017625,0.310585,-0.018349,0.220000,-0.018349,1,-1.072260,0.220000,0.220000,-0.010292,-0.024958,0.143981,0.103981,0.311127,0.110000,0.041401,1
1772477809,772155766,-0.687007,-1.299324,1.365650,-0.934249,-1.172862,-2.631739,1,0.220640,0.135517,0.311127,0.117100,0.311127,0.129528,0.220494,0.129528,0.219915,-0.017872,0.310585,-0.018349,0.310777,-0.014757,0.220000,-0.014757,1,-0.862366,0.220000,0.220000,-0.011015,-0.025682,0.137100,0.097100,0.311127,0.110000,0.045795,1
1772477809,822324975,-0.684235,-1.288730,1.370362,-0.944066,-1.177714,-2.627026,1,0.220647,0.118256,0.311127,0.129528,0.311127,0.137883,0.220399,0.137883,0.219830,-0.018969,0.310777,-0.014757,0.310844,-0.013258,0.220000,-0.013258,1,-0.774794,0.220000,0.220000,-0.007423,-0.022090,0.149528,0.109528,0.311127,0.110000,0.048749,1
1772477809,847295183,-0.682732,-1.283743,1.373718,-0.948816,-1.179849,-2.623671,1,0.220378,0.143246,0.311127,0.137883,0.311127,0.128391,0.220343,0.128391,0.219885,-0.014728,0.310844,-0.013258,0.310884,-0.012284,0.220000,-0.012284,1,-0.717869,0.220000,0.220000,-0.005925,-0.020592,0.157883,0.117883,0.311127,0.110000,0.045393,1
1772477809,872448831,-0.681710,-1.277403,1.376313,-0.954274,-1.183234,-2.621076,1,0.220533,0.132792,0.311127,0.128391,0.311127,0.144565,0.220377,0.144565,0.220082,-0.014093,0.310884,-0.012284,0.310860,-0.012881,0.220000,-0.012881,1,-0.752764,0.220000,0.220000,-0.004951,-0.019617,0.148391,0.108391,0.311127,0.110000,0.051111,1
1772477809,922481437,-0.679116,-1.267960,1.381472,-0.963106,-1.187466,-2.615917,1,0.220508,0.129076,0.311127,0.144565,0.311127,0.155514,0.220275,0.155514,0.220177,-0.012073,0.310860,-0.012881,0.310932,-0.011001,0.220000,-0.011001,1,-0.642885,0.220000,0.220000,-0.005548,-0.020215,0.164565,0.124565,0.311127,0.110000,0.054983,1
1772477809,947733742,-0.678767,-1.262108,1.383675,-0.967371,-1.190241,-2.613352,1,0.220301,0.142594,0.311127,0.155514,0.311127,0.176060,0.220315,0.175514,0.219917,-0.013002,0.310932,-0.011001,0.310904,-0.011772,0.220000,-0.011772,1,-0.687963,0.220000,0.220000,-0.003668,-0.018334,0.175514,0.135514,0.311127,0.110000,0.062247,1
1772477809,972651308,-0.676518,-1.257125,1.386477,-0.970004,-1.186378,-2.608082,1,0.219995,0.154874,0.311127,0.176060,0.311127,0.161154,0.220045,0.161154,0.219701,-0.011365,0.310904,-0.011772,0.311127,-0.000157,0.220000,-0.004439,1,-0.009201,0.220000,0.220000,-0.004439,-0.019106,0.196060,0.156060,0.311127,0.110000,0.056976,1
1772477810,22842473,-0.674762,-1.246038,1.393034,-0.979510,-1.192348,-2.601525,1,0.219977,0.186261,0.311127,0.161154,0.311127,0.173012,0.220004,0.173012,0.219663,-0.011733,0.311127,-0.000157,0.311124,-0.001319,0.220000,-0.001319,1,-0.077065,0.220000,0.220000,0.007176,-0.007491,0.181154,0.141154,0.311127,0.110000,0.061169,1
1772477810,47843755,-0.673629,-1.241946,1.397423,-0.983337,-1.194186,-2.597136,1,0.220264,0.168087,0.311127,0.173012,0.311127,0.160597,0.220002,0.160597,0.220230,-0.003904,0.311124,-0.001319,0.311126,-0.000912,0.220000,-0.000912,1,-0.053295,0.220000,0.220000,0.006015,-0.008652,0.193012,0.153012,0.311127,0.110000,0.056780,1
1772477810,73040078,-0.672913,-1.236702,1.401600,-0.987759,-1.197095,-2.592959,1,0.220770,0.174921,0.311127,0.160597,0.311127,0.184883,0.220008,0.180597,0.220764,-0.001549,0.311126,-0.000912,0.311121,-0.001905,0.220000,-0.001905,1,-0.111341,0.220000,0.220000,0.006421,-0.008245,0.180597,0.140597,0.311127,0.110000,0.065366,1
1772477810,123039586,-0.670749,-1.226880,1.409306,-0.996580,-1.201927,-2.585254,1,0.220439,0.160171,0.311127,0.184883,0.311127,0.203035,0.220003,0.203035,0.220439,0.000000,0.311121,-0.001905,0.311125,-0.001149,0.220000,-0.001149,1,-0.067127,0.220000,0.220000,0.005428,-0.009239,0.204883,0.164883,0.311127,0.110000,0.071784,1
1772477810,148241505,-0.669695,-1.221281,1.412316,-1.000687,-1.204503,-2.582102,1,0.220397,0.206990,0.311127,0.203035,0.311127,0.194119,0.220004,0.194119,0.220397,0.000000,0.311125,-0.001149,0.311124,-0.001294,0.220000,-0.001294,1,-0.075609,0.220000,0.220000,0.006185,-0.008482,0.223035,0.183035,0.311127,0.110000,0.068632,1
1772477810,173238722,-0.669182,-1.216390,1.416529,-0.998690,-1.205010,-2.576824,1,0.220470,0.200306,0.311127,0.194119,0.311127,0.179193,0.220124,0.179193,0.220465,-0.001427,0.311124,-0.001294,0.311039,-0.007399,0.220000,-0.007399,1,-0.432411,0.220000,0.220000,0.006040,-0.008627,0.214119,0.174119,0.311127,0.110000,0.063354,1
1772477810,223414989,-0.666774,-1.205443,1.426214,-1.008513,-1.210408,-2.567140,1,0.220584,0.199889,0.311127,0.179193,0.311127,0.193324,0.220091,0.193324,0.220578,-0.001635,0.311039,-0.007399,0.311063,-0.006313,0.220000,-0.006313,1,-0.368942,0.220000,0.220000,-0.000066,-0.014733,0.199193,0.159193,0.311127,0.110000,0.068350,1
1772477810,248429926,-0.666533,-1.200366,1.431439,-1.012492,-1.213570,-2.561915,1,0.219968,0.181910,0.311127,0.193324,0.311127,0.227494,0.220156,0.213324,0.219864,-0.006760,0.311063,-0.006313,0.311016,-0.008292,0.220000,-0.008292,1,-0.484593,0.220000,0.220000,0.001020,-0.013647,0.213324,0.173324,0.311127,0.110000,0.080431,1
1772477810,273553736,-0.666002,-1.194702,1.436102,-1.017104,-1.216902,-2.557252,1,0.219973,0.193720,0.311127,0.227494,0.311127,0.214304,0.220198,0.214304,0.219879,-0.006456,0.311016,-0.008292,0.310987,-0.009341,0.220000,-0.009341,1,-0.545869,0.220000,0.220000,-0.000959,-0.015626,0.247494,0.207494,0.311127,0.110000,0.075768,1
1772477810,323655115,-0.663650,-1.183073,1.445716,-1.027403,-1.222792,-2.547638,1,0.219982,0.213254,0.311127,0.214304,0.311127,0.308841,0.220116,0.234304,0.219821,-0.008405,0.310987,-0.009341,0.311045,-0.007155,0.220000,-0.007155,1,-0.418114,0.220000,0.220000,-0.002008,-0.016674,0.234304,0.194304,0.311127,0.110000,0.109192,1
1772477810,348829584,-0.663097,-1.178298,1.450630,-1.031359,-1.225521,-2.542724,1,0.220255,0.242465,0.311127,0.308841,0.311127,0.294942,0.220127,0.294942,0.220144,-0.006980,0.311045,-0.007155,0.311037,-0.007489,0.220000,-0.007489,1,-0.437656,0.220000,0.220000,0.000179,-0.014488,0.328841,0.288841,0.311127,0.110000,0.104278,1
1772477810,373823994,-0.661757,-1.173457,1.456608,-1.035491,-1.227785,-2.536458,1,0.220834,0.230389,0.311127,0.294942,0.311127,0.353570,0.220104,0.314942,0.220698,-0.007769,0.311037,-0.007489,0.311053,-0.006770,0.220000,-0.006770,1,-0.395657,0.220000,0.220000,-0.000156,-0.014822,0.314942,0.274942,0.311127,0.110000,0.125006,1
1772477810,423947409,-0.659942,-1.161835,1.468739,-1.042296,-1.234763,-2.522047,1,0.220722,0.254449,0.311127,0.353570,0.311127,0.405085,0.220407,0.373570,0.220585,-0.007779,0.311053,-0.006770,0.310839,-0.013385,0.220000,-0.013385,1,-0.782226,0.220000,0.220000,0.000563,-0.014104,0.373570,0.333570,0.311127,0.110000,0.143219,1
1772477810,449024888,-0.659481,-1.157277,1.475054,-1.046022,-1.237428,-2.515733,1,0.219893,0.284777,0.311127,0.405085,0.311127,0.387224,0.220427,0.387224,0.219794,-0.006608,0.310839,-0.013385,0.310824,-0.013720,0.220000,-0.013720,1,-0.801804,0.220000,0.220000,-0.006052,-0.020719,0.425085,0.385085,0.311127,0.110000,0.136904,1
1772477810,474109491,-0.659513,-1.151834,1.481482,-1.050087,-1.241047,-2.509304,1,0.220164,0.296612,0.311127,0.387224,0.311127,0.478161,0.220525,0.407224,0.219736,-0.013720,0.310824,-0.013720,0.310755,-0.015206,0.220000,-0.015206,1,-0.888619,0.220000,0.220000,-0.006387,-0.021054,0.407224,0.367224,0.311127,0.110000,0.169055,1
1772477810,524260300,-0.656976,-1.141674,1.495886,-1.059391,-1.245853,-2.494900,1,0.220065,0.312410,0.311127,0.478161,0.311127,0.572908,0.220241,0.498161,0.219631,-0.013808,0.310755,-0.015206,0.310957,-0.010297,0.220000,-0.010297,1,-0.601743,0.220000,0.220000,-0.007873,-0.022539,0.498161,0.458161,0.311127,0.110000,0.202553,1
1772477810,549452458,-0.657644,-1.135377,1.504240,-1.063677,-1.250515,-2.486547,1,0.219549,0.379793,0.311127,0.572908,0.311127,0.549280,0.220383,0.552908,0.219346,-0.009442,0.310957,-0.010297,0.310856,-0.012986,0.220000,-0.012986,1,-0.758888,0.220000,0.220000,-0.002964,-0.017630,0.592908,0.552908,0.311127,0.110000,0.194200,1
1772477810,574442355,-0.657427,-1.130873,1.513130,-1.067201,-1.253327,-2.477657,1,0.220333,0.347450,0.311127,0.549280,0.311127,0.698836,0.220390,0.569280,0.220037,-0.011414,0.310856,-0.012986,0.310851,-0.013112,0.220000,-0.013112,1,-0.766244,0.220000,0.220000,-0.005653,-0.020319,0.569280,0.529280,0.311127,0.110000,0.247076,1
1772477810,624560129,-0.656890,-1.118806,1.529143,-1.076343,-1.261107,-2.461855,1,0.220316,0.384236,0.311127,0.698836,0.311127,0.881630,0.220255,0.600000,0.219885,-0.013773,0.310851,-0.013112,0.310947,-0.010586,0.220000,-0.010586,1,-0.618631,0.220000,0.220000,-0.005779,-0.020445,0.600000,0.600000,0.311127,0.110000,0.311703,1
1772477810,649784222,-0.656245,-1.114219,1.538951,-1.078107,-1.265285,-2.453691,1,0.220013,0.414651,0.311127,0.881630,0.311127,1.163441,0.220555,0.600000,0.219771,-0.010315,0.310947,-0.010586,0.310734,-0.015641,0.220000,-0.015641,1,-0.914033,0.220000,0.220000,-0.003253,-0.017919,0.600000,0.600000,0.311127,0.110000,0.411339,1
1772477810,674745318,-0.654568,-1.107983,1.548485,-1.083901,-1.268134,-2.444156,1,0.220480,0.406854,0.311127,1.163441,0.311127,1.136473,0.220157,1.143441,0.220179,-0.011520,0.310734,-0.015641,0.311029,-0.007824,0.220000,-0.008308,1,-0.457220,0.220000,0.220000,-0.008308,-0.022974,0.600000,0.600000,0.311127,0.110000,0.401804,1
1772477810,724886029,-0.655109,-1.096541,1.568000,-1.092149,-1.276084,-2.424641,1,0.220109,0.431366,0.311127,1.136473,0.311127,2.081534,0.220001,0.600000,0.219496,-0.016421,0.311029,-0.007824,0.311126,0.000833,0.220000,-0.000491,1,0.048680,0.220000,0.220000,-0.000491,-0.015157,0.600000,0.600000,0.311127,0.110000,0.735934,1
1772477810,750082676,-0.655032,-1.091085,1.578456,-1.096302,-1.279623,-2.414185,1,0.219995,0.501480,0.311127,2.081534,0.311127,2.051960,0.220152,2.061534,0.219995,0.000000,0.311126,0.000833,0.311009,0.008567,0.220000,0.008166,1,0.500657,0.220000,0.220000,0.008166,-0.006500,0.600000,0.600000,0.311127,0.110000,0.725478,1
1772477810,775222258,-0.654012,-1.086318,1.588777,-1.100559,-1.281997,-2.403864,1,0.219963,0.481442,0.311127,2.051960,0.311127,2.749035,0.220574,0.600000,0.219963,0.000000,0.311009,0.008567,0.310374,0.021634,0.220000,0.015901,1,1.264264,0.220000,0.220000,0.015901,0.001234,0.600000,0.600000,0.311127,0.110000,0.971931,1
1772477810,825312172,-0.654525,-1.074968,1.611617,-1.108756,-1.289865,-2.381024,1,0.221850,0.553967,0.311127,2.749035,0.311127,4.133923,0.221899,0.600000,0.221248,0.016331,0.310374,0.021634,0.303726,0.067457,0.220000,0.028967,1,3.942076,0.220000,0.220000,0.028967,0.014301,0.600000,0.600000,0.311127,0.110000,1.461563,1
1772477810,850446295,-0.655664,-1.069830,1.623658,-1.111869,-1.294109,-2.368983,1,0.223629,0.565375,0.311127,4.133923,0.311127,5.000713,0.305683,0.600000,0.222420,0.023219,0.303726,0.067457,0.288613,0.116201,0.296393,0.074790,1,6.790639,0.220000,0.220000,0.074790,0.060123,0.600000,0.600000,0.311127,0.110000,1.768019,1
1772477810,875524210,-0.655576,-1.065055,1.636264,-1.115777,-1.296910,-2.356419,1,0.221235,0.541261,0.311127,5.000713,0.311127,5.449875,0.307211,0.600000,0.220183,0.021549,0.288613,0.116201,0.262822,0.166507,0.281279,0.123535,1,9.730413,0.220000,0.220000,0.123535,0.108868,0.600000,0.600000,0.311127,0.110000,1.926822,1
1772477810,925729367,-0.656609,-1.054541,1.662350,-1.124852,-1.302622,-2.330630,1,0.225759,0.625848,0.311127,5.449875,0.311127,5.765357,0.309023,0.600000,0.222477,0.038355,0.262822,0.166507,0.214534,0.225333,0.255489,0.173840,1,13.168155,0.220000,0.220000,0.173840,0.159173,0.600000,0.600000,0.311127,0.110000,2.038361,1
1772477810,950791176,-0.657919,-1.049661,1.675669,-1.127659,-1.306823,-2.317310,1,0.217993,0.626872,0.311127,5.765357,0.311127,5.814380,0.302212,0.600000,0.213383,0.044596,0.214534,0.225333,0.191725,0.245034,0.207201,0.220000,1,14.319411,0.220000,0.207201,0.220000,0.218000,0.600000,0.600000,0.311127,0.110000,2.055694,1
1772477810,975883045,-0.659934,-1.043787,1.690116,-1.130749,-1.312209,-2.302863,1,0.218567,0.604648,0.311127,5.814380,0.311127,5.846426,0.287055,0.600000,0.214304,0.042957,0.191725,0.245034,0.166010,0.263136,0.184392,0.220000,1,15.377311,0.199059,0.184392,0.220000,0.220000,0.600000,0.600000,0.311127,0.110000,2.067024,1
1772477811,26132608,-0.663100,-1.034350,1.717842,-1.135762,-1.320809,-2.275137,1,0.207279,0.629497,0.311127,5.846426,0.311127,5.829034,0.271253,0.600000,0.198612,0.059312,0.166010,0.263136,0.131318,0.282056,0.158677,0.220000,1,16.482952,0.173343,0.158677,0.220000,0.220000,0.600000,0.600000,0.311127,0.110000,2.060875,1
1772477811,51188170,-0.664972,-1.029105,1.732444,-1.138473,-1.325673,-2.260535,1,0.203401,0.595155,0.311127,5.829034,0.311127,5.787734,0.252532,5.809034,0.192461,0.065807,0.131318,0.282056,0.113759,0.289584,0.123985,0.220000,1,16.922877,0.138651,0.123985,0.220000,0.220000,0.600000,0.600000,0.311127,0.110000,2.046273,1
1772477811,76318500,-0.667384,-1.023892,1.747264,-1.140806,-1.330923,-2.245716,1,0.202998,0.587396,0.311127,5.787734,0.311127,5.801223,0.244390,0.600000,0.192359,0.064855,0.113759,0.289584,0.096363,0.295828,0.106426,0.220000,1,17.287763,0.121092,0.106426,0.220000,0.220000,0.600000,0.600000,0.311127,0.110000,2.051042,1
1772477811,126467955,-0.672695,-1.015478,1.775549,-1.143587,-1.340773,-2.217163,1,0.194419,0.630084,0.311127,5.801223,0.311127,5.765933,0.237332,5.781223,0.176185,0.082205,0.096363,0.295828,0.067701,0.303672,0.089030,0.220000,1,17.746145,0.103696,0.089030,0.220000,0.220000,0.600000,0.600000,0.311127,0.110000,2.038565,1
1772477811,151544907,-0.675454,-1.011139,1.790583,-1.144720,-1.347685,-2.200434,1,0.191525,0.600810,0.311127,5.765933,0.311127,5.718616,0.228132,5.745933,0.169887,0.088432,0.067701,0.303672,0.048554,0.307315,0.060368,0.220000,1,17.959052,0.075035,0.060368,0.220000,0.220000,0.600000,0.600000,0.311127,0.110000,2.021836,1
1772477811,176678144,-0.679512,-1.006293,1.806032,-1.145679,-1.353933,-2.184985,1,0.191398,0.598567,0.311127,5.718616,0.311127,5.715879,0.223828,0.600000,0.170284,0.087389,0.048554,0.307315,0.032306,0.309445,0.041221,0.220000,1,18.083538,0.055887,0.041221,0.220000,0.220000,0.600000,0.600000,0.311127,0.110000,2.020868,1
1772477811,226823749,-0.685191,-0.999073,1.835599,-1.147349,-1.362965,-2.155418,1,0.185644,0.629582,0.311127,5.715879,0.311127,5.632251,0.221413,5.695879,0.154358,0.103137,0.032306,0.309445,0.011955,0.310897,0.024972,0.220000,1,18.168391,0.039639,0.024972,0.220000,0.220000,0.600000,0.600000,0.311127,0.110000,1.991301,1
1772477811,251965612,-0.687818,-0.996625,1.850086,-1.147453,-1.366555,-2.140931,1,0.184035,0.580570,0.311127,5.632251,0.311127,5.591275,0.220066,5.612251,0.147795,0.109661,0.011955,0.310897,0.005383,0.311080,0.005383,0.220000,1,18.179096,0.019288,0.004622,0.220000,0.220000,0.600000,0.600000,0.311127,0.110000,1.976814,1
1772477811,277107491,-0.691998,-0.992221,1.864855,-1.147999,-1.372602,-2.126162,1,0.184057,0.583257,0.311127,5.591275,0.311127,5.588168,0.220009,0.600000,0.147890,0.109569,0.005383,0.311080,-0.008534,0.311010,-0.001950,0.220000,1,18.174977,0.012717,-0.001950,0.220000,0.220000,0.600000,0.600000,0.311127,0.110000,1.975716,1
1772477811,327303809,-0.699136,-0.988084,1.895105,-1.146392,-1.380695,-2.095913,1,0.181821,0.635907,0.311127,5.588168,0.311127,5.502609,0.220571,5.568168,0.131455,0.125611,-0.008534,0.311010,-0.022283,0.310328,-0.015867,0.220000,1,18.135127,-0.001201,-0.015867,0.220000,0.220000,0.600000,0.600000,0.311127,0.110000,1.945466,1
1772477811,352359745,-0.704021,-0.984927,1.910386,-1.145536,-1.386447,-2.080631,1,0.182190,0.588721,0.311127,5.502609,0.311127,5.459388,0.221985,5.482609,0.125733,0.131850,-0.022283,0.310328,-0.033764,0.309289,-0.029616,0.220000,1,18.074435,-0.014950,-0.029616,0.220000,0.220000,0.600000,0.600000,0.311127,0.110000,1.930185,1
1772477811,377471643,-0.707311,-0.983737,1.925362,-1.143919,-1.390032,-2.065985,1,0.182286,0.587584,0.311127,5.459388,0.311127,5.452102,0.223400,0.600000,0.126130,0.131604,-0.033764,0.309289,-0.038828,0.308695,-0.038828,0.220000,1,18.039678,-0.026431,-0.041098,0.220000,0.220000,0.600000,0.600000,0.311127,0.110000,1.927609,1
1772477811,427671055,-0.716626,-0.981085,1.954870,-1.137801,-1.400715,-2.038410,1,0.184474,0.651067,0.311127,5.452102,0.311127,5.403558,0.224791,5.432102,0.109450,0.148497,-0.038828,0.308695,-0.057974,0.305678,-0.046161,0.220000,1,17.863383,-0.031494,-0.046161,0.220000,0.220000,0.600000,0.600000,0.311127,0.110000,1.910446,1
1772477811,452729666,-0.720124,-0.979801,1.969948,-1.136463,-1.404193,-2.023333,1,0.185469,0.580910,0.311127,5.403558,0.311127,5.360912,0.228713,5.383558,0.103841,0.153674,-0.057974,0.305678,-0.062526,0.304779,-0.062526,0.220000,1,17.810874,-0.050641,-0.065308,0.220000,0.220000,0.600000,0.600000,0.311127,0.110000,1.895369,1
1772477811,477867769,-0.725455,-0.978283,1.984968,-1.134094,-1.409204,-2.008312,1,0.188428,0.641878,0.311127,5.360912,0.311127,5.318427,0.230825,5.340912,0.094225,0.163176,-0.062526,0.304779,-0.070875,0.302947,-0.069860,0.220000,1,17.703781,-0.055193,-0.069860,0.220000,0.220000,0.600000,0.600000,0.311127,0.110000,1.880348,1
1772477811,527992233,-0.735085,-0.978263,2.014038,-1.127765,-1.416463,-1.979242,1,0.191285,0.635177,0.311127,5.318427,0.311127,5.263226,0.233488,5.298427,0.087368,0.170166,-0.070875,0.302947,-0.079725,0.300739,-0.078208,0.220000,1,17.574764,-0.063541,-0.078208,0.220000,0.220000,0.600000,0.600000,0.311127,0.110000,1.860831,1
1772477811,553063253,-0.740415,-0.978450,2.028689,-1.123886,-1.420017,-1.964990,1,0.193190,0.594757,0.311127,5.263226,0.311127,5.247754,0.235416,0.600000,0.081717,0.175056,-0.079725,0.300739,-0.083789,0.299632,-0.083789,0.220000,1,17.510072,-0.072391,-0.087058,0.220000,0.220000,0.600000,0.600000,0.311127,0.110000,1.855361,1
1772477811,578234631,-0.744225,-0.978168,2.043058,-1.120257,-1.421108,-1.952979,1,0.198624,0.647483,0.311127,5.247754,0.311127,5.213783,0.234791,5.227754,0.072721,0.184833,-0.083789,0.299632,-0.082018,0.300122,-0.082018,0.220000,1,17.538688,-0.076456,-0.091122,0.220000,0.220000,0.600000,0.600000,0.311127,0.110000,1.843351,1
1772477811,603193205,-0.750074,-0.980615,2.058021,-1.114572,-1.423912,-1.938016,1,0.203249,0.650867,0.311127,5.213783,0.311127,5.194342,0.235270,0.600000,0.065576,0.192380,-0.082018,0.300122,-0.083378,0.299747,-0.083378,0.220000,1,17.516775,-0.074685,-0.089351,0.220000,0.220000,0.600000,0.600000,0.311127,0.110000,1.836477,1
1772477811,653322367,-0.759841,-0.981776,2.087965,-1.107283,-1.430516,-1.908072,1,0.205881,0.600888,0.311127,5.194342,0.311127,5.109649,0.237773,5.174342,0.058315,0.197450,-0.083378,0.299747,-0.090199,0.297765,-0.090199,0.220000,1,17.400975,-0.076045,-0.090711,0.220000,0.220000,0.600000,0.600000,0.311127,0.110000,1.806534,1
1772477811,678547165,-0.765031,-0.982970,2.101708,-1.102974,-1.433647,-1.894329,1,0.213768,0.660803,0.311127,5.109649,0.311127,5.091893,0.238999,0.600000,0.050878,0.207625,-0.090199,0.297765,-0.093384,0.296782,-0.093384,0.220000,1,17.343514,-0.082866,-0.097532,0.220000,0.220000,0.600000,0.600000,0.311127,0.110000,1.800256,1
1772477811,703512730,-0.770641,-0.984200,2.116260,-1.098270,-1.436786,-1.879115,1,0.214680,0.582240,0.311127,5.091893,0.311127,5.048862,0.240068,5.071893,0.043458,0.210236,-0.093384,0.296782,-0.096087,0.295918,-0.096087,0.220000,1,17.293016,-0.086050,-0.100717,0.220000,0.220000,0.600000,0.600000,0.311127,0.110000,1.785042,1
1772477811,753677494,-0.780748,-0.988361,2.145496,-1.087924,-1.439927,-1.845911,1,0.222377,0.605219,0.311127,5.048862,0.311127,4.974468,0.238519,5.028862,0.036582,0.219348,-0.096087,0.295918,-0.092149,0.297167,-0.092149,0.220000,1,17.366043,-0.088753,-0.103420,0.220000,0.220000,0.600000,0.600000,0.311127,0.110000,1.758740,1
1772477811,778910426,-0.785433,-0.990696,2.160159,-1.083078,-1.441905,-1.831247,1,0.221855,0.621529,0.311127,4.974468,0.311127,4.951074,0.238472,4.954468,0.027982,0.220084,-0.092149,0.297167,-0.092026,0.297206,-0.092026,0.220000,1,17.368284,-0.084816,-0.099483,0.220000,0.220000,0.600000,0.600000,0.311127,0.110000,1.750469,1
1772477811,803848121,-0.790839,-0.993000,2.174814,-1.077778,-1.444445,-1.816592,1,0.220241,0.596113,0.311127,4.951074,0.311127,4.909624,0.238990,4.931074,0.022837,0.219054,-0.092026,0.297206,-0.093360,0.296789,-0.093360,0.220000,1,17.343952,-0.084692,-0.099359,0.220000,0.220000,0.600000,0.600000,0.311127,0.110000,1.735814,1
1772477811,853981852,-0.800163,-1.000662,2.203595,-1.067507,-1.449775,-1.787163,1,0.220319,0.579028,0.311127,4.909624,0.311127,4.843161,0.240411,4.889624,0.014452,0.219844,-0.093360,0.296789,-0.096940,0.295639,-0.096940,0.220000,1,17.276737,-0.086026,-0.100693,0.220000,0.220000,0.600000,0.600000,0.311127,0.110000,1.712316,1
1772477811,879191946,-0.804285,-1.001862,2.219227,-1.063882,-1.452077,-1.771531,1,0.220281,0.609106,0.311127,4.843161,0.311127,4.814535,0.240788,4.823161,0.005250,0.220218,-0.096940,0.295639,-0.097871,0.295332,-0.097871,0.220000,1,17.258809,-0.089607,-0.104274,0.220000,0.220000,0.600000,0.600000,0.311127,0.110000,1.702195,1
1772477811,904241484,-0.809713,-1.005797,2.233977,-1.057343,-1.453553,-1.756781,1,0.219483,0.593982,0.311127,4.814535,0.311127,4.772815,0.240135,4.794535,0.000000,0.219483,-0.097871,0.295332,-0.096253,0.295864,-0.096253,0.220000,1,17.289856,-0.090538,-0.105204,0.220000,0.220000,0.600000,0.600000,0.311127,0.110000,1.687445,1
1772477811,954337016,-0.817736,-1.014182,2.262033,-1.044590,-1.450033,-1.730883,1,0.219541,0.588894,0.311127,4.772815,0.311127,4.727607,0.237290,4.752815,-0.007794,0.219403,-0.096253,0.295864,-0.076513,0.301572,-0.088920,0.220000,1,17.623454,-0.088920,-0.103586,0.220000,0.220000,0.600000,0.600000,0.311127,0.110000,1.671461,1
1772477811,979470534,-0.822480,-1.018505,2.276165,-1.038212,-1.450752,-1.716750,1,0.220431,0.613557,0.311127,4.727607,0.311127,4.687634,0.231841,4.707607,-0.016445,0.219817,-0.076513,0.301572,-0.073147,0.302406,-0.073147,0.220000,1,17.672190,-0.069179,-0.083846,0.220000,0.220000,0.600000,0.600000,0.311127,0.110000,1.657329,1
1772477812,4557052,-0.826821,-1.022936,2.290752,-1.032019,-1.451097,-1.702163,1,0.219709,0.581669,0.311127,4.687634,0.311127,4.659011,0.230477,4.667634,-0.021055,0.218698,-0.073147,0.302406,-0.068699,0.303448,-0.068699,0.220000,1,17.733053,-0.065814,-0.080480,0.220000,0.220000,0.600000,0.600000,0.311127,0.110000,1.647209,1
1772477812,54725560,-0.834551,-1.030976,2.321976,-1.024382,-1.451102,-1.673980,1,0.218841,0.584129,0.311127,4.659011,0.311127,4.591115,0.228398,4.639011,-0.028733,0.216946,-0.068699,0.303448,-0.058957,0.305490,-0.061365,0.220000,1,17.852396,-0.061365,-0.076032,0.220000,0.220000,0.600000,0.600000,0.311127,0.110000,1.623204,1
1772477812,79758828,-0.838383,-1.034813,2.335915,-1.018972,-1.451472,-1.660041,1,0.220039,0.617957,0.311127,4.591115,0.311127,4.551688,0.226753,4.571115,-0.037019,0.216902,-0.058957,0.305490,-0.054928,0.306240,-0.054928,0.220000,1,17.896226,-0.051624,-0.066290,0.220000,0.220000,0.600000,0.600000,0.311127,0.110000,1.609265,1
1772477812,104762936,-0.841261,-1.039381,2.349338,-1.013636,-1.450643,-1.646618,1,0.219177,0.579674,0.311127,4.551688,0.311127,4.524792,0.225121,4.531688,-0.042602,0.214997,-0.054928,0.306240,-0.047744,0.307442,-0.047744,0.220000,1,17.966470,-0.047595,-0.062261,0.220000,0.220000,0.600000,0.600000,0.311127,0.110000,1.599756,1
1772477812,155031296,-0.847754,-1.049132,2.377897,-1.003466,-1.446244,-1.620154,1,0.218562,0.579217,0.311127,4.524792,0.311127,4.460633,0.223681,4.504792,-0.049793,0.212815,-0.047744,0.307442,-0.025824,0.310053,-0.040410,0.220000,1,18.119081,-0.040410,-0.055077,0.220000,0.220000,0.600000,0.600000,0.311127,0.110000,1.577072,1
1772477812,180043908,-0.850658,-1.053352,2.393067,-0.998375,-1.445673,-1.604984,1,0.217902,0.578822,0.311127,4.460633,0.311127,4.428399,0.220808,4.440633,-0.047926,0.212566,-0.025824,0.310053,-0.018868,0.310554,-0.018868,0.220000,1,18.148353,-0.018491,-0.033157,0.220000,0.220000,0.600000,0.600000,0.311127,0.110000,1.565675,1
1772477812,205182886,-0.854722,-1.058070,2.406911,-0.992148,-1.445653,-1.591140,1,0.216301,0.581597,0.311127,4.428399,0.311127,4.389243,0.220431,4.408399,-0.040809,0.212417,-0.018868,0.310554,-0.013785,0.310821,-0.013785,0.220000,1,18.163963,-0.011535,-0.026202,0.220000,0.220000,0.600000,0.600000,0.311127,0.110000,1.551832,1
1772477812,255268956,-0.857328,-1.067593,2.435669,-0.992132,-1.441406,-1.565256,1,0.216643,0.569710,0.311127,4.389243,0.311127,4.316031,0.220095,4.369243,-0.033310,0.214067,-0.013785,0.310821,0.006281,0.311064,-0.006452,0.220000,1,18.178112,-0.006452,-0.021119,0.220000,0.220000,0.600000,0.600000,0.311127,0.110000,1.525948,1
1772477812,280335418,-0.861203,-1.071992,2.450934,-0.986270,-1.441468,-1.549991,1,0.217937,0.554136,0.311127,4.316031,0.311127,4.282641,0.220300,4.296031,-0.025199,0.216475,0.006281,0.311064,0.011496,0.310915,0.011496,0.220000,1,18.169402,0.013615,-0.001052,0.220000,0.220000,0.600000,0.600000,0.311127,0.110000,1.514142,1
1772477812,305464991,-0.863017,-1.075373,2.466352,-0.982525,-1.440635,-1.534572,1,0.219655,0.589646,0.311127,4.282641,0.311127,4.239031,0.220804,4.262641,-0.019152,0.218819,0.011496,0.310915,0.019036,0.310544,0.018830,0.220000,1,18.147755,0.018830,0.004163,0.220000,0.220000,0.600000,0.600000,0.311127,0.110000,1.498724,1
1772477812,355608040,-0.869659,-1.084993,2.494883,-0.974546,-1.437126,-1.506573,1,0.219979,0.589770,0.311127,4.239031,0.311127,4.168467,0.221575,4.219031,-0.011530,0.219677,0.019036,0.310544,0.038375,0.308751,0.026369,0.220000,1,18.042988,0.026369,0.011703,0.220000,0.220000,0.600000,0.600000,0.311127,0.110000,1.473776,1
1772477812,380656335,-0.873139,-1.089264,2.508808,-0.969039,-1.436976,-1.492648,1,0.220566,0.557966,0.311127,4.168467,0.311127,4.137207,0.224280,4.148467,-0.003906,0.220532,0.038375,0.308751,0.043608,0.308056,0.043608,0.220000,1,18.002340,0.045708,0.031041,0.220000,0.220000,0.600000,0.600000,0.311127,0.110000,1.462724,1
1772477812,405656449,-0.875739,-1.093474,2.522718,-0.964152,-1.436199,-1.478738,1,0.220344,0.619092,0.311127,4.137207,0.311127,4.097865,0.225719,4.117207,0.003160,0.220321,0.043608,0.308056,0.050488,0.307003,0.050488,0.220000,1,17.940830,0.050941,0.036275,0.220000,0.220000,0.600000,0.600000,0.311127,0.110000,1.448814,1
1772477812,455833239,-0.880126,-1.101752,2.552697,-0.955287,-1.427519,-1.445645,1,0.220331,0.587407,0.311127,4.097865,0.311127,4.011930,0.305197,4.077865,0.010370,0.220086,0.050488,0.307003,0.085282,0.299211,0.057821,0.299670,1,17.485441,0.057821,0.043155,0.220000,0.220000,0.600000,0.600000,0.311127,0.110000,1.418431,1
1772477812,481016687,-0.883988,-1.105884,2.567644,-0.949635,-1.427731,-1.430698,1,0.220930,0.605062,0.311127,4.011930,0.311127,3.977269,0.237548,3.991930,0.017224,0.220258,0.085282,0.299211,0.089604,0.297945,0.089604,0.220000,1,17.411477,0.092615,0.077949,0.220000,0.220000,0.600000,0.600000,0.311127,0.110000,1.406177,1
1772477812,506019298,-0.887081,-1.109829,2.582596,-0.944629,-1.427485,-1.415746,1,0.221089,0.598024,0.311127,3.977269,0.311127,3.934978,0.239662,3.957269,0.025196,0.219649,0.089604,0.297945,0.095068,0.296247,0.095068,0.220000,1,17.312228,0.096937,0.082270,0.220000,0.220000,0.600000,0.600000,0.311127,0.110000,1.391225,1
1772477812,556177857,-0.894121,-1.118723,2.613445,-0.937258,-1.428042,-1.387040,1,0.222967,0.596277,0.311127,3.934978,0.311127,3.861670,0.242665,3.914978,0.033356,0.220458,0.095068,0.296247,0.102526,0.293749,0.102402,0.220000,1,17.166270,0.102402,0.087735,0.220000,0.220000,0.600000,0.600000,0.311127,0.110000,1.365307,1
1772477812,581223376,-0.897693,-1.122552,2.627914,-0.932025,-1.428245,-1.372571,1,0.223746,0.620460,0.311127,3.861670,0.311127,3.820745,0.244442,3.841670,0.039495,0.220232,0.102526,0.293749,0.106545,0.292315,0.106545,0.220000,1,17.082485,0.109859,0.095193,0.220000,0.220000,0.600000,0.600000,0.311127,0.110000,1.350837,1
1772477812,606379897,-0.901039,-1.127208,2.642886,-0.926315,-1.427737,-1.357599,1,0.224635,0.603512,0.311127,3.820745,0.311127,3.785502,0.247134,3.800745,0.047046,0.219653,0.106545,0.292315,0.112584,0.290043,0.112584,0.220000,1,16.949682,0.113878,0.099212,0.220000,0.220000,0.600000,0.600000,0.311127,0.110000,1.338377,1
1772477812,656443590,-0.907735,-1.136109,2.672895,-0.918092,-1.433492,-1.331429,1,0.226629,0.591848,0.311127,3.785502,0.311127,3.717547,0.243900,3.765502,0.055395,0.219755,0.112584,0.290043,0.105297,0.292767,0.105297,0.220000,1,17.108898,0.119918,0.105251,0.220000,0.220000,0.600000,0.600000,0.311127,0.110000,1.314351,1
1772477812,681530944,-0.911380,-1.139388,2.688493,-0.913230,-1.434128,-1.315832,1,0.228557,0.609049,0.311127,3.717547,0.311127,3.673430,0.245252,3.697547,0.062460,0.219857,0.105297,0.292767,0.108392,0.291636,0.108392,0.220000,1,17.042765,0.112630,0.097963,0.220000,0.220000,0.600000,0.600000,0.311127,0.110000,1.298754,1
1772477812,706593692,-0.916119,-1.143493,2.703657,-0.907029,-1.435059,-1.300668,1,0.230748,0.603424,0.311127,3.673430,0.311127,3.636293,0.246241,3.653430,0.069760,0.219951,0.108392,0.291636,0.110609,0.290802,0.110609,0.220000,1,16.994031,0.115725,0.101058,0.220000,0.220000,0.600000,0.600000,0.311127,0.110000,1.285624,1
1772477812,756731681,-0.923076,-1.152498,2.734251,-0.895713,-1.438316,-1.269223,1,0.233082,0.593045,0.311127,3.636293,0.311127,3.553460,0.246674,3.616293,0.077512,0.219816,0.110609,0.290802,0.111570,0.290434,0.111570,0.220000,1,16.972566,0.117943,0.103276,0.220000,0.220000,0.600000,0.600000,0.311127,0.110000,1.256338,1
1772477812,781922398,-0.927829,-1.155987,2.749924,-0.889971,-1.439652,-1.253550,1,0.235945,0.603188,0.311127,3.553460,0.311127,3.515331,0.247226,3.533460,0.084869,0.220153,0.111570,0.290434,0.112786,0.289964,0.112786,0.220000,1,16.945101,0.118904,0.104237,0.220000,0.220000,0.600000,0.600000,0.311127,0.110000,1.242857,1
1772477812,806982265,-0.931787,-1.161169,2.765314,-0.883461,-1.439283,-1.238160,1,0.238266,0.604052,0.311127,3.515331,0.311127,3.471803,0.249837,3.495331,0.092045,0.219769,0.112786,0.289964,0.118401,0.287717,0.118401,0.220000,1,16.813790,0.120119,0.105453,0.220000,0.220000,0.600000,0.600000,0.311127,0.110000,1.227468,1
1772477812,857237769,-0.939145,-1.169010,2.798112,-0.872875,-1.438146,-1.203706,1,0.240883,0.591649,0.311127,3.471803,0.311127,3.384194,0.253395,3.451803,0.099234,0.219493,0.118401,0.287717,0.131432,0.282003,0.125734,0.220000,1,16.479837,0.125734,0.111067,0.220000,0.220000,0.600000,0.600000,0.311127,0.110000,1.196493,1
1772477812,882237648,-0.942750,-1.173620,2.813814,-0.867029,-1.437872,-1.188004,1,0.244928,0.602769,0.311127,3.384194,0.311127,3.339783,0.258991,3.364194,0.107250,0.220198,0.131432,0.282003,0.136661,0.279506,0.136661,0.220000,1,16.333947,0.138766,0.124099,0.220000,0.220000,0.600000,0.600000,0.311127,0.110000,1.180791,1
1772477812,907250841,-0.947052,-1.178067,2.829188,-0.860852,-1.438232,-1.172630,1,0.247936,0.599412,0.311127,3.339783,0.311127,3.301114,0.260846,3.319783,0.114088,0.220127,0.136661,0.279506,0.140146,0.277776,0.140146,0.220000,1,16.232805,0.143994,0.129328,0.220000,0.220000,0.600000,0.600000,0.311127,0.110000,1.167120,1
1772477812,957444274,-0.954790,-1.188321,2.859962,-0.850535,-1.428357,-1.138291,1,0.251070,0.609796,0.311127,3.301114,0.311127,3.209137,0.308041,3.281114,0.121677,0.219615,0.140146,0.277776,0.173744,0.258095,0.147479,0.270442,1,15.082710,0.147479,0.132812,0.220000,0.220000,0.600000,0.600000,0.311127,0.110000,1.134601,1
1772477812,982453253,-0.959752,-1.192701,2.876069,-0.843976,-1.429237,-1.122185,1,0.254549,0.615371,0.311127,3.209137,0.311127,3.163580,0.281661,3.189137,0.128873,0.219515,0.173744,0.258095,0.175877,0.256646,0.175877,0.220000,1,14.998048,0.181077,0.166411,0.220000,0.220000,0.600000,0.600000,0.311127,0.110000,1.118495,1
1772477813,7597538,-0.963886,-1.196279,2.892261,-0.838564,-1.430018,-1.105993,1,0.258821,0.607087,0.311127,3.163580,0.311127,3.122236,0.283131,3.143580,0.136431,0.219942,0.175877,0.256646,0.178222,0.255023,0.178222,0.220000,1,14.903185,0.183210,0.168543,0.220000,0.220000,0.600000,0.600000,0.311127,0.110000,1.103877,1
1772477813,57747995,-0.972656,-1.204214,2.922870,-0.826113,-1.430876,-1.076775,1,0.262761,0.604662,0.311127,3.122236,0.311127,3.043282,0.286598,3.102236,0.143916,0.219844,0.178222,0.255023,0.183681,0.251120,0.183681,0.220000,1,14.675103,0.185556,0.170889,0.220000,0.220000,0.600000,0.600000,0.311127,0.110000,1.075963,1
1772477813,82737267,-0.977642,-1.210345,2.938390,-0.818214,-1.430639,-1.061255,1,0.266141,0.625577,0.311127,3.043282,0.311127,3.003464,0.289454,3.023282,0.150810,0.219289,0.183681,0.251120,0.188105,0.247823,0.188105,0.220000,1,14.482451,0.191014,0.176348,0.220000,0.220000,0.600000,0.600000,0.311127,0.110000,1.061885,1
1772477813,107923674,-0.981232,-1.214837,2.953713,-0.812468,-1.430418,-1.045932,1,0.270438,0.605730,0.311127,3.003464,0.311127,2.964384,0.292244,2.983464,0.158185,0.219349,0.188105,0.247823,0.192371,0.244527,0.192371,0.220000,1,14.289804,0.195438,0.180772,0.220000,0.220000,0.600000,0.600000,0.311127,0.110000,1.048068,1
1772477813,157961122,-0.991578,-1.223392,2.985315,-0.799838,-1.436867,-1.019744,1,0.275610,0.608064,0.311127,2.964384,0.311127,2.893811,0.287470,2.944384,0.166943,0.219297,0.192371,0.244527,0.184182,0.250753,0.185038,0.220000,1,14.653660,0.199704,0.185038,0.220000,0.220000,0.600000,0.600000,0.311127,0.110000,1.023117,1
1772477813,183055572,-0.996986,-1.228379,3.000493,-0.792533,-1.437737,-1.004566,1,0.279687,0.622411,0.311127,2.893811,0.311127,2.853848,0.288051,2.873811,0.173160,0.219636,0.184182,0.250753,0.185939,0.249453,0.185939,0.220000,1,14.577651,0.191515,0.176848,0.220000,0.220000,0.600000,0.600000,0.311127,0.110000,1.008988,1
1772477813,208080784,-1.002518,-1.233948,3.015855,-0.784705,-1.438323,-0.989204,1,0.284019,0.591214,0.311127,2.853848,0.311127,2.814060,0.289617,2.833848,0.180775,0.219060,0.185939,0.249453,0.188356,0.247633,0.188356,0.220000,1,14.471316,0.193273,0.178606,0.220000,0.220000,0.600000,0.600000,0.311127,0.110000,0.994920,1
1772477813,258353657,-1.012765,-1.243334,3.046970,-0.773017,-1.436277,-0.959440,1,0.288336,0.612732,0.311127,2.814060,0.311127,2.733383,0.309900,2.794060,0.186788,0.219654,0.188356,0.247633,0.199987,0.238338,0.195689,0.240300,1,13.928134,0.195689,0.181023,0.220000,0.220000,0.600000,0.600000,0.311127,0.110000,0.966397,1
1772477813,283335308,-1.016573,-1.247624,3.062743,-0.767281,-1.436391,-0.943668,1,0.289180,0.592721,0.311127,2.733383,0.311127,2.688771,0.299616,2.713383,0.188914,0.218943,0.199987,0.238338,0.203396,0.235436,0.203396,0.220000,1,13.758561,0.207321,0.192654,0.220000,0.220000,0.600000,0.600000,0.311127,0.110000,0.950624,1
1772477813,308409961,-1.022432,-1.253827,3.078426,-0.758760,-1.436825,-0.927985,1,0.294833,0.613510,0.311127,2.688771,0.311127,2.646929,0.301395,2.668771,0.196779,0.219555,0.203396,0.235436,0.206008,0.233154,0.206008,0.220000,1,13.625187,0.210729,0.196062,0.220000,0.220000,0.600000,0.600000,0.311127,0.110000,0.935831,1
1772477813,358699476,-1.031763,-1.263977,3.108358,-0.740828,-1.437264,-0.896777,1,0.300110,0.613886,0.311127,2.646929,0.311127,2.564455,0.305491,2.626929,0.204307,0.219829,0.206008,0.233154,0.211955,0.227761,0.211955,0.220000,1,13.310040,0.213341,0.198674,0.220000,0.220000,0.600000,0.600000,0.311127,0.110000,0.906672,1
1772477813,383737893,-1.038843,-1.269859,3.123845,-0.731756,-1.438824,-0.881290,1,0.301382,0.610424,0.311127,2.564455,0.311127,2.523120,0.305559,2.544455,0.206445,0.219571,0.211955,0.227761,0.212053,0.227670,0.212053,0.220000,1,13.304692,0.219288,0.204621,0.220000,0.220000,0.600000,0.600000,0.311127,0.110000,0.892058,1
1772477813,408811055,-1.042630,-1.275860,3.139386,-0.724734,-1.437803,-0.865748,1,0.305286,0.603312,0.311127,2.523120,0.311127,2.481260,0.309357,2.503120,0.212761,0.218935,0.212053,0.227670,0.217490,0.222481,0.217490,0.220000,1,13.001502,0.219386,0.204720,0.220000,0.220000,0.600000,0.600000,0.311127,0.110000,0.877258,1
1772477813,458964360,-1.052898,-1.288645,-3.114099,-0.709457,-1.435829,-0.836013,1,0.311044,0.584640,0.311127,2.481260,0.311127,2.399728,0.307715,2.461260,0.220322,0.219559,0.217490,0.222481,0.227520,0.212214,0.220000,0.215148,1,12.401463,0.220000,0.210157,0.220000,0.215148,0.600000,0.600000,0.311127,0.110000,0.848432,1
1772477813,483962975,-1.058366,-1.294378,-3.099747,-0.701546,-1.436260,-0.821661,1,0.309519,0.604038,0.311127,2.399728,0.311127,2.361452,0.304169,2.379728,0.218281,0.219443,0.227520,0.212214,0.229524,0.210045,0.220000,0.210045,1,12.274732,0.220000,0.220000,0.219547,0.204880,0.600000,0.600000,0.311127,0.110000,0.834899,1
1772477813,509013749,-1.063694,-1.299300,-3.085534,-0.694343,-1.437113,-0.807449,1,0.306019,0.595043,0.311127,2.361452,0.311127,2.322892,0.303288,2.341452,0.220661,0.212029,0.229524,0.210045,0.230687,0.208766,0.220000,0.208766,1,12.200002,0.220000,0.220000,0.217378,0.202712,0.600000,0.600000,0.311127,0.110000,0.821266,1
1772477813,559179552,-1.073869,-1.310788,-3.056393,-0.680966,-1.440168,-0.779816,1,0.303436,0.592737,0.311127,2.322892,0.311127,2.246833,0.303590,2.302892,0.220817,0.208118,0.230687,0.208766,0.230289,0.209206,0.220000,0.209206,1,12.225689,0.220000,0.220000,0.216100,0.201433,0.600000,0.600000,0.311127,0.110000,0.794375,1
1772477813,584354254,-1.079111,-1.316898,-3.041312,-0.672916,-1.440195,-0.764735,1,0.303395,0.607310,0.311127,2.246833,0.311127,2.206201,0.301404,2.226833,0.220543,0.208349,0.230289,0.209206,0.233143,0.206020,0.220000,0.206020,1,12.039520,0.220000,0.220000,0.216539,0.201872,0.600000,0.600000,0.311127,0.110000,0.780010,1
1772477813,609429985,-1.084298,-1.323128,-3.026786,-0.664810,-1.440102,-0.750209,1,0.303823,0.605107,0.311127,2.206201,0.311127,2.166502,0.299131,2.186201,0.220755,0.208747,0.233143,0.206020,0.236052,0.202680,0.220000,0.202680,1,11.844338,0.220000,0.220000,0.213353,0.198687,0.600000,0.600000,0.311127,0.110000,0.765974,1
1772477813,659426723,-1.094041,-1.334592,-2.997914,-0.650041,-1.440490,-0.718613,1,0.297841,0.589120,0.311127,2.166502,0.311127,2.080415,0.294972,2.146502,0.220140,0.200618,0.236052,0.202680,0.241229,0.196491,0.220000,0.196491,1,11.482660,0.220000,0.220000,0.210013,0.195347,0.600000,0.600000,0.311127,0.110000,0.735538,1
1772477813,684529319,-1.099285,-1.340936,-2.984451,-0.641811,-1.440344,-0.705150,1,0.299673,0.598534,0.311127,2.080415,0.311127,2.042335,0.292794,2.060415,0.221044,0.202345,0.241229,0.196491,0.243868,0.193206,0.220000,0.193206,1,11.290685,0.220000,0.220000,0.203824,0.189158,0.600000,0.600000,0.311127,0.110000,0.722075,1
1772477813,709614746,-1.103946,-1.347012,-2.970193,-0.634165,-1.439929,-0.690892,1,0.294754,0.613179,0.311127,2.042335,0.311127,2.003199,0.290084,2.022335,0.220123,0.196026,0.243868,0.193206,0.247086,0.189073,0.220000,0.189073,1,11.049133,0.220000,0.220000,0.200539,0.185873,0.600000,0.600000,0.311127,0.110000,0.708238,1
1772477813,759738477,-1.113982,-1.357575,-2.940315,-0.621759,-1.442501,-0.662633,1,0.289182,0.577624,0.311127,2.003199,0.311127,1.924511,0.289617,1.983199,0.220194,0.187459,0.247086,0.189073,0.247633,0.188356,0.220000,0.188356,1,11.007282,0.220000,0.220000,0.196406,0.181739,0.600000,0.600000,0.311127,0.110000,0.680417,1
1772477813,784950688,-1.118863,-1.363494,-2.925244,-0.614088,-1.442368,-0.647562,1,0.290833,0.609155,0.311127,1.924511,0.311127,1.883184,0.287199,1.904511,0.221408,0.188580,0.247633,0.188356,0.250433,0.184616,0.220000,0.184616,1,10.788713,0.220000,0.220000,0.195690,0.181023,0.600000,0.600000,0.311127,0.110000,0.665806,1
1772477813,810041960,-1.121279,-1.369162,-2.910676,-0.608209,-1.440525,-0.632995,1,0.289922,0.598738,0.311127,1.883184,0.311127,1.842946,0.282541,1.863184,0.220704,0.188001,0.250433,0.184616,0.255922,0.176930,0.220000,0.177283,1,10.339510,0.220000,0.220000,0.191950,0.177283,0.600000,0.600000,0.311127,0.110000,0.651580,1
1772477813,860015752,-1.129507,-1.381008,-2.881986,-0.600887,-1.438547,-0.605155,1,0.280309,0.552201,0.311127,1.842946,0.311127,1.765112,0.277782,1.822946,0.219668,0.174124,0.255922,0.176930,0.263557,0.165341,0.220000,0.169596,1,9.662293,0.220000,0.220000,0.184263,0.169596,0.600000,0.600000,0.311127,0.110000,0.624061,1
1772477813,885212685,-1.132844,-1.386756,-2.868091,-0.594347,-1.437357,-0.591259,1,0.282169,0.605866,0.311127,1.765112,0.311127,1.725808,0.271483,1.745112,0.220239,0.176392,0.263557,0.165341,0.267389,0.159069,0.220000,0.159069,1,9.295755,0.220000,0.220000,0.172674,0.158008,0.600000,0.600000,0.311127,0.110000,0.610165,1
1772477813,910207312,-1.137666,-1.391619,-2.852926,-0.587519,-1.437871,-0.576094,1,0.278033,0.618902,0.311127,1.725808,0.311127,1.683881,0.270030,1.705808,0.220028,0.169970,0.267389,0.159069,0.268856,0.156577,0.220000,0.156577,1,9.150135,0.220000,0.220000,0.166402,0.151735,0.600000,0.600000,0.311127,0.110000,0.595342,1
1772477813,960364268,-1.145550,-1.404052,-2.823289,-0.574191,-1.433499,-0.546933,1,0.269178,0.576382,0.311127,1.683881,0.311127,1.602119,0.265845,1.663881,0.220179,0.154848,0.268856,0.156577,0.278696,0.138305,0.220000,0.149244,1,8.082365,0.220000,0.220000,0.163910,0.149244,0.600000,0.600000,0.311127,0.110000,0.566435,1
1772477813,985540942,-1.149933,-1.409774,-2.807602,-0.566993,-1.433124,-0.531246,1,0.269856,0.601688,0.311127,1.602119,0.311127,1.558365,0.257242,1.582119,0.220303,0.155849,0.278696,0.138305,0.281117,0.133317,0.220000,0.133317,1,7.790842,0.220000,0.220000,0.145639,0.130972,0.600000,0.600000,0.311127,0.110000,0.550965,1
1772477814,10609980,-1.153640,-1.413856,-2.791835,-0.561481,-1.433300,-0.515479,1,0.265595,0.621459,0.311127,1.558365,0.311127,1.514412,0.255336,1.538365,0.220042,0.148735,0.281117,0.133317,0.282849,0.129602,0.220000,0.129602,1,7.573757,0.220000,0.220000,0.140650,0.125983,0.600000,0.600000,0.311127,0.110000,0.535425,1
1772477814,35600720,-1.157370,-1.418880,-2.776124,-0.555786,-1.432965,-0.499456,1,0.261486,0.618093,0.311127,1.514412,0.311127,1.469092,0.252773,1.494412,0.220145,0.141106,0.282849,0.129602,0.285142,0.124475,0.220000,0.124475,1,7.274168,0.220000,0.220000,0.136935,0.122269,0.600000,0.600000,0.311127,0.110000,0.519403,1
1772477814,85832009,-1.164584,-1.430805,-2.745922,-0.546134,-1.431307,-0.466925,1,0.257363,0.608837,0.311127,1.469092,0.311127,1.377539,0.249243,1.449092,0.220144,0.133314,0.285142,0.124475,0.290556,0.111252,0.220000,0.117142,1,6.501435,0.220000,0.220000,0.131809,0.117142,0.600000,0.600000,0.311127,0.110000,0.487034,1
1772477814,110818530,-1.167984,-1.434940,-2.729992,-0.540782,-1.431201,-0.450994,1,0.249878,0.557575,0.311127,1.377539,0.311127,1.332829,0.244471,1.357539,0.220306,0.117917,0.290556,0.111252,0.292291,0.106613,0.220000,0.106613,1,6.230287,0.220000,0.220000,0.118586,0.103919,0.600000,0.600000,0.311127,0.110000,0.471226,1
1772477814,135976758,-1.172899,-1.440085,-2.714445,-0.532887,-1.432099,-0.436039,1,0.250797,0.584958,0.311127,1.332829,0.311127,1.290858,0.243803,1.312829,0.220678,0.119165,0.292291,0.106613,0.292849,0.105070,0.220000,0.105070,1,6.140130,0.220000,0.220000,0.113946,0.099279,0.600000,0.600000,0.311127,0.110000,0.456387,1
1772477814,186133415,-1.179038,-1.450734,-2.683438,-0.515150,-1.433574,-0.409277,1,0.246524,0.593046,0.311127,1.290858,0.311127,1.215357,0.242555,1.270858,0.219982,0.111274,0.292849,0.105070,0.293883,0.102141,0.220000,0.102141,1,5.968972,0.220000,0.220000,0.112403,0.097736,0.600000,0.600000,0.311127,0.110000,0.429694,1
1772477814,211215367,-1.183494,-1.455583,-2.667241,-0.508570,-1.433837,-0.393081,1,0.241978,0.603353,0.311127,1.215357,0.311127,1.169645,0.241019,1.195357,0.220213,0.100297,0.293883,0.102141,0.295144,0.098438,0.220000,0.098438,1,5.752555,0.220000,0.220000,0.109474,0.094808,0.600000,0.600000,0.311127,0.110000,0.413532,1
1772477814,236298784,-1.186983,-1.461127,-2.651397,-0.502252,-1.432958,-0.377353,1,0.241333,0.580645,0.311127,1.169645,0.311127,1.125179,0.238366,1.149645,0.220868,0.097256,0.295144,0.098438,0.297291,0.091751,0.220000,0.091751,1,5.361781,0.220000,0.220000,0.105771,0.091104,0.600000,0.600000,0.311127,0.110000,0.397811,1
1772477814,286374872,-1.193697,-1.472190,-2.621533,-0.490667,-1.431259,-0.348325,1,0.241727,0.601226,0.311127,1.125179,0.311127,1.042993,0.235640,1.105179,0.221054,0.097811,0.297291,0.091751,0.300912,0.079071,0.220000,0.084417,1,4.620791,0.220000,0.220000,0.099084,0.084417,0.600000,0.600000,0.311127,0.110000,0.368754,1
1772477814,311538186,-1.197571,-1.475946,-2.606279,-0.485297,-1.431790,-0.333071,1,0.235620,0.562602,0.311127,1.042993,0.311127,0.999707,0.232836,1.022993,0.220824,0.082180,0.300912,0.079071,0.301641,0.076241,0.220000,0.076241,1,4.455411,0.220000,0.220000,0.086404,0.071738,0.600000,0.600000,0.311127,0.110000,0.353450,1
1772477814,336545910,-1.201772,-1.480060,-2.591445,-0.480147,-1.432249,-0.318118,1,0.232855,0.603263,0.311127,0.999707,0.311127,0.957412,0.231884,0.979707,0.220074,0.076085,0.301641,0.076241,0.302374,0.073281,0.220000,0.073281,1,4.282466,0.220000,0.220000,0.083574,0.068908,0.600000,0.600000,0.311127,0.110000,0.338496,1
1772477814,386718922,-1.209080,-1.489403,-2.560705,-0.473412,-1.431131,-0.286509,1,0.232646,0.601739,0.311127,0.957412,0.311127,0.867717,0.229672,0.937412,0.219912,0.075915,0.302374,0.073281,0.305097,0.060958,0.220000,0.065948,1,3.562295,0.220000,0.220000,0.080615,0.065948,0.600000,0.600000,0.311127,0.110000,0.306784,1
1772477814,411849675,-1.210748,-1.494077,-2.544616,-0.468769,-1.429380,-0.270420,1,0.229745,0.563299,0.311127,0.867717,0.311127,0.822211,0.226441,0.847717,0.220849,0.063313,0.305097,0.060958,0.306853,0.051393,0.220000,0.053625,1,3.003358,0.220000,0.220000,0.068291,0.053625,0.600000,0.600000,0.311127,0.110000,0.290695,1
1772477814,462035235,-1.218205,-1.502795,-2.512820,-0.459446,-1.434127,-0.243703,1,0.228116,0.617226,0.311127,0.822211,0.311127,0.746278,0.227271,0.802211,0.220718,0.057621,0.306853,0.051393,0.305856,0.057026,0.220000,0.057026,1,3.332520,0.220000,0.220000,0.058727,0.044060,0.600000,0.600000,0.311127,0.110000,0.263849,1
1772477814,486981193,-1.221689,-1.509653,-2.498152,-0.451954,-1.432386,-0.229035,1,0.227246,0.614140,0.311127,0.746278,0.311127,0.704415,0.225542,0.726278,0.219837,0.057557,0.305856,0.057026,0.307390,0.048080,0.220000,0.049693,1,2.809711,0.220000,0.220000,0.064359,0.049693,0.600000,0.600000,0.311127,0.110000,0.249048,1
1772477814,512176896,-1.224919,-1.512189,-2.482637,-0.447935,-1.433230,-0.213520,1,0.224995,0.576353,0.311127,0.704415,0.311127,0.660532,0.224738,0.684415,0.220131,0.046530,0.307390,0.048080,0.307722,0.045903,0.220000,0.045903,1,2.682504,0.220000,0.220000,0.055413,0.040746,0.600000,0.600000,0.311127,0.110000,0.233533,1
1772477814,562296698,-1.232987,-1.521100,-2.452352,-0.432309,-1.434615,-0.183563,1,0.224465,0.617372,0.311127,0.660532,0.311127,0.574533,0.223868,0.640532,0.220002,0.044538,0.307722,0.045903,0.308355,0.041436,0.220000,0.041436,1,2.421460,0.220000,0.220000,0.053236,0.038570,0.600000,0.600000,0.311127,0.110000,0.203128,1
1772477814,587373341,-1.236571,-1.526710,-2.437331,-0.425708,-1.433755,-0.168541,1,0.224110,0.605489,0.311127,0.574533,0.311127,0.531443,0.222726,0.554533,0.219598,0.044745,0.308355,0.041436,0.309181,0.034743,0.220000,0.034743,1,2.030332,0.220000,0.220000,0.048769,0.034103,0.594533,0.554533,0.311127,0.110000,0.187893,1
1772477814,612469614,-1.240152,-1.530795,-2.421868,-0.420277,-1.433874,-0.153078,1,0.222709,0.533428,0.311127,0.531443,0.311127,0.487708,0.222117,0.511443,0.220349,0.032332,0.309181,0.034743,0.309619,0.030591,0.220000,0.030591,1,1.787707,0.220000,0.220000,0.042076,0.027410,0.551443,0.511443,0.311127,0.110000,0.172431,1
1772477814,637461345,-1.243821,-1.535279,-2.406833,-0.415167,-1.434288,-0.138213,1,0.221960,0.560878,0.311127,0.487708,0.311127,0.444733,0.221704,0.467708,0.220019,0.029293,0.309619,0.030591,0.309915,0.027434,0.220000,0.027434,1,1.603209,0.220000,0.220000,0.037925,0.023258,0.507708,0.467708,0.311127,0.110000,0.157237,1
1772477814,687601613,-1.249750,-1.543064,-2.378943,-0.410253,-1.437286,-0.111528,1,0.222749,0.547968,0.311127,0.444733,0.311127,0.369258,0.221761,0.424733,0.220773,0.029599,0.309915,0.027434,0.309874,0.027890,0.220000,0.027890,1,1.629846,0.220000,0.220000,0.034767,0.020101,0.464733,0.424733,0.311127,0.110000,0.130553,1
1772477814,712684147,-1.254501,-1.548619,-2.364716,-0.402944,-1.437367,-0.097302,1,0.221415,0.519283,0.311127,0.369258,0.311127,0.328036,0.221316,0.349258,0.219787,0.026801,0.309874,0.027890,0.310192,0.024097,0.220000,0.024097,1,1.408209,0.220000,0.220000,0.035223,0.020557,0.389258,0.349258,0.311127,0.110000,0.115978,1
1772477814,737747449,-1.257702,-1.552953,-2.351686,-0.397540,-1.437034,-0.084324,1,0.221890,0.475991,0.311127,0.328036,0.311127,0.290512,0.220855,0.308036,0.220627,0.023633,0.310192,0.024097,0.310521,0.019415,0.220000,0.019415,1,1.134588,0.220000,0.220000,0.031431,0.016764,0.348036,0.308036,0.311127,0.110000,0.102712,1
1772477814,787957011,-1.265004,-1.561402,-2.326387,-0.386185,-1.437169,-0.059417,1,0.220183,0.452401,0.311127,0.290512,0.311127,0.218803,0.220363,0.270512,0.219448,0.017972,0.310521,0.019415,0.310870,0.012652,0.220000,0.012652,1,0.739346,0.220000,0.220000,0.026748,0.012082,0.310512,0.270512,0.311127,0.110000,0.077359,1
1772477814,812965235,-1.268986,-1.566452,-2.315406,-0.379756,-1.436986,-0.048435,1,0.220903,0.405867,0.311127,0.218803,0.311127,0.187742,0.220186,0.198803,0.220648,0.010610,0.310870,0.012652,0.310995,0.009050,0.220000,0.009050,1,0.528882,0.220000,0.220000,0.019985,0.005318,0.238803,0.198803,0.311127,0.110000,0.066377,1
1772477814,838050212,-1.272466,-1.570296,-2.303805,-0.374721,-1.437822,-0.036976,1,0.219812,0.430371,0.311127,0.187742,0.311127,0.153989,0.220149,0.167742,0.219647,0.008520,0.310995,0.009050,0.311021,0.008102,0.220000,0.008102,1,0.473472,0.220000,0.220000,0.016384,0.001717,0.207742,0.167742,0.311127,0.110000,0.054443,1
1772477814,888230214,-1.279747,-1.578090,-2.281533,-0.365117,-1.442944,-0.015720,1,0.220863,0.409031,0.311127,0.153989,0.311127,0.092832,0.220541,0.133989,0.220735,0.007521,0.311021,0.008102,0.310692,0.016445,0.220000,0.015435,1,0.961019,0.220000,0.220000,0.015435,0.000769,0.173989,0.133989,0.311127,0.110000,0.032821,1
1772477814,913169349,-1.282184,-1.583433,-2.271267,-0.359453,-1.441394,-0.005454,1,0.221008,0.464540,0.311127,0.092832,0.311127,0.062210,0.220190,0.072832,0.220415,0.016169,0.310692,0.016445,0.310992,0.009149,0.220000,0.009149,1,0.534674,0.220000,0.220000,0.023778,0.009112,0.112832,0.072832,0.311127,0.110000,0.021994,1
1772477814,938246248,-1.285908,-1.587761,-2.261468,-0.353975,-1.441392,0.003925,1,0.220412,0.361799,0.311127,0.062210,0.311127,0.035680,0.220096,0.042210,0.220241,0.008674,0.310992,0.009149,0.311059,0.006489,0.220000,0.006489,1,0.379184,0.220000,0.220000,0.016483,0.001816,0.082210,0.042210,0.311127,0.110000,0.012615,1
1772477814,988342767,-1.292592,-1.597180,-2.243559,-0.344247,-1.439838,0.018608,1,0.220434,0.342637,0.311127,0.035680,0.311127,-0.007586,0.220002,0.015680,0.220350,0.006068,0.311059,0.006489,0.311120,-0.002022,0.220000,-0.000845,1,-0.118135,0.220000,0.220000,0.013822,-0.000845,0.055680,0.015680,0.311127,0.110000,-0.002682,1
1772477815,13408424,-1.294858,-1.599815,-2.235423,-0.340771,-1.439904,0.026744,1,0.219682,0.333258,0.311127,-0.007586,0.311127,-0.030598,0.220040,-0.027586,0.219676,-0.001608,0.311120,-0.002022,0.311099,-0.004208,0.220000,-0.004208,1,-0.245886,0.220000,0.220000,0.005312,-0.009355,0.012414,-0.027586,0.311127,0.110000,-0.010818,1
1772477815,38441053,-1.298246,-1.604628,-2.227400,-0.335214,-1.440008,0.034617,1,0.219979,0.311894,0.311127,-0.030598,0.311127,-0.054201,0.220085,-0.050598,0.219926,-0.004827,0.311099,-0.004208,0.311067,-0.006116,0.220000,-0.006116,1,-0.357386,0.220000,0.220000,0.003126,-0.011541,-0.010598,-0.050598,0.311127,0.110000,-0.019163,1
1772477815,88559041,-1.304747,-1.613692,-2.212070,-0.326522,-1.443660,0.048774,1,0.220149,0.266962,0.311127,-0.054201,0.311127,-0.096086,0.220000,-0.074201,0.220023,-0.007446,0.311067,-0.006116,0.311127,0.000190,0.220000,0.000190,1,0.011098,0.220000,0.220000,0.001218,-0.013449,-0.034201,-0.074201,0.311127,0.110000,-0.033971,1
1772477815,113594362,-1.307819,-1.618166,-2.205601,-0.321116,-1.443182,0.055243,1,0.220091,0.262682,0.311127,-0.096086,0.311127,-0.114382,0.220020,-0.114382,0.220091,0.000000,0.311127,0.000190,0.311113,-0.002942,0.220000,-0.002942,1,-0.171952,0.220000,0.220000,0.007523,-0.007143,-0.076086,-0.116086,0.311127,0.110000,-0.040440,1
1772477815,138660103,-1.311015,-1.623745,-2.198348,-0.314503,-1.442402,0.062787,1,0.219651,0.249289,0.311127,-0.114382,0.311127,-0.137835,0.220119,-0.134382,0.219651,0.000000,0.311113,-0.002942,0.311043,-0.007227,0.220000,-0.007227,1,-0.422322,0.220000,0.220000,0.004391,-0.010276,-0.094382,-0.134382,0.311127,0.110000,-0.048732,1
1772477815,188732159,-1.317269,-1.632895,-2.186154,-0.301188,-1.443919,0.077399,1,0.220196,0.199488,0.311127,-0.137835,0.311127,-0.182967,0.220110,-0.157835,0.220150,-0.004497,0.311043,-0.007227,0.311049,-0.006959,0.220000,-0.006959,1,-0.406653,0.220000,0.220000,0.000107,-0.014560,-0.117835,-0.157835,0.311127,0.110000,-0.064689,1
1772477815,213721340,-1.322400,-1.636250,-2.180481,-0.295329,-1.445724,0.083072,1,0.220100,0.210943,0.311127,-0.182967,0.311127,-0.199014,0.220026,-0.199014,0.219981,-0.007246,0.311049,-0.006959,0.311108,-0.003394,0.220000,-0.003394,1,-0.198354,0.220000,0.220000,0.000375,-0.014292,-0.162967,-0.202967,0.311127,0.110000,-0.070362,1
1772477815,238787017,-1.324482,-1.641425,-2.176223,-0.290430,-1.444111,0.087153,1,0.219609,0.170031,0.311127,-0.199014,0.311127,-0.213077,0.220186,-0.213077,0.219489,-0.007257,0.311108,-0.003394,0.310995,-0.009050,0.220000,-0.009050,1,-0.528891,0.220000,0.220000,0.003939,-0.010728,-0.179014,-0.219014,0.311127,0.110000,-0.075334,1
1772477815,288894674,-1.331269,-1.650225,-2.167047,-0.283069,-1.444551,0.094718,1,0.219658,0.181133,0.311127,-0.213077,0.311127,-0.234475,0.220223,-0.233077,0.219635,-0.003128,0.310995,-0.009050,0.310969,-0.009902,0.220000,-0.009902,1,-0.578653,0.220000,0.220000,-0.001717,-0.016384,-0.193077,-0.233077,0.311127,0.110000,-0.082899,1
1772477815,313922800,-1.334285,-1.653396,-2.162327,-0.278703,-1.444855,0.099438,1,0.220208,0.145153,0.311127,-0.234475,0.311127,-0.250125,0.220244,-0.250125,0.220024,-0.009014,0.310969,-0.009902,0.310954,-0.010368,0.220000,-0.010368,1,-0.605888,0.220000,0.220000,-0.002569,-0.017235,-0.214475,-0.254475,0.311127,0.110000,-0.088433,1
1772477815,338978413,-1.337283,-1.659765,-2.159877,-0.272426,-1.443220,0.101697,1,0.220029,0.112458,0.311127,-0.250125,0.311127,-0.258685,0.220545,-0.258685,0.219784,-0.010384,0.310954,-0.010368,0.310741,-0.015492,0.220000,-0.015492,1,-0.905330,0.220000,0.220000,-0.003035,-0.017701,-0.230125,-0.270125,0.311127,0.110000,-0.091459,1
1772477815,389108364,-1.343443,-1.669713,-2.154555,-0.265853,-1.442706,0.105245,1,0.219904,0.103766,0.311127,-0.258685,0.311127,-0.268722,0.220723,-0.268722,0.219653,-0.010499,0.310741,-0.015492,0.310614,-0.017851,0.220000,-0.017851,1,-1.043178,0.220000,0.220000,-0.008159,-0.022825,-0.238685,-0.278685,0.311127,0.110000,-0.095007,1
1772477815,414041370,-1.347812,-1.673347,-2.150767,-0.260270,-1.443768,0.109033,1,0.221132,0.089092,0.311127,-0.268722,0.311127,-0.282398,0.220571,-0.282398,0.220573,-0.015719,0.310614,-0.017851,0.310722,-0.015864,0.220000,-0.015864,1,-0.927096,0.220000,0.220000,-0.010518,-0.025184,-0.248722,-0.288722,0.311127,0.110000,-0.099843,1
1772477815,439210040,-1.350946,-1.678066,-2.147864,-0.254727,-1.442649,0.111998,1,0.220394,0.057223,0.311127,-0.282398,0.311127,-0.290785,0.220888,-0.290785,0.219670,-0.017849,0.310722,-0.015864,0.310497,-0.019792,0.220000,-0.019792,1,-1.156611,0.220000,0.220000,-0.008531,-0.023198,-0.262398,-0.302398,0.311127,0.110000,-0.102808,1
1772477815,489223174,-1.356883,-1.687959,-2.144058,-0.244179,-1.435820,0.116395,1,0.221142,0.061383,0.311127,-0.290785,0.311127,-0.306215,0.221666,-0.306215,0.220590,-0.015614,0.310497,-0.019792,0.308529,-0.040121,0.220000,-0.027125,1,-2.344589,0.220000,0.220000,-0.012459,-0.027125,-0.270785,-0.310785,0.311127,0.110000,-0.108263,1
1772477815,514231472,-1.360495,-1.691079,-2.142493,-0.239474,-1.436620,0.117959,1,0.220574,0.016891,0.311127,-0.306215,0.311127,-0.313091,0.223301,-0.313091,0.219681,-0.019826,0.308529,-0.040121,0.308766,-0.038253,0.220000,-0.038253,1,-2.235460,0.220000,0.220000,-0.032787,-0.047454,-0.286215,-0.326215,0.311127,0.110000,-0.110694,1
1772477815,539303156,-1.362936,-1.695832,-2.141090,-0.234545,-1.435377,0.119557,1,0.221756,0.000000,0.311127,-0.313091,0.311127,-0.317610,0.223997,-0.317610,0.220024,-0.027663,0.308766,-0.038253,0.308262,-0.042128,0.220000,-0.042128,1,-2.461889,0.220000,0.220000,-0.030920,-0.045586,-0.293091,-0.333091,0.311127,0.110000,-0.112292,1
1772477815,589323333,-1.370020,-1.704329,-2.140179,-0.226600,-1.434312,0.122550,1,0.223594,-0.053787,0.311127,-0.317610,0.311127,-0.329264,0.224733,-0.329264,0.220594,-0.036505,0.308262,-0.042128,0.307726,-0.045878,0.220000,-0.045878,1,-2.681033,0.220000,0.220000,-0.034794,-0.049461,-0.297610,-0.337610,0.311127,0.110000,-0.116413,1
1772477815,614343982,-1.373265,-1.708338,-2.139220,-0.221443,-1.434254,0.123508,1,0.223947,-0.012105,0.311127,-0.329264,0.311127,-0.335608,0.224809,-0.335608,0.219932,-0.042215,0.307726,-0.045878,0.307670,-0.046250,0.220000,-0.046250,1,-2.702763,0.220000,0.220000,-0.038544,-0.053211,-0.309264,-0.349264,0.311127,0.110000,-0.118655,1
1772477815,639446770,-1.377842,-1.714030,-2.138446,-0.214031,-1.434028,0.124617,1,0.224929,-0.067345,0.311127,-0.335608,0.311127,-0.341929,0.224988,-0.341929,0.220121,-0.046258,0.307670,-0.046250,0.307539,-0.047111,0.220000,-0.047111,1,-2.753119,0.220000,0.220000,-0.038916,-0.053583,-0.315608,-0.355608,0.311127,0.110000,-0.120890,1
1772477815,689459972,-1.385078,-1.723081,-2.140821,-0.201189,-1.432398,0.126155,1,0.224839,-0.067392,0.311127,-0.341929,0.311127,-0.349408,0.226061,-0.349408,0.219901,-0.046862,0.307539,-0.047111,0.306751,-0.051995,0.220000,-0.051995,1,-3.038539,0.220000,0.220000,-0.039778,-0.054445,-0.321929,-0.361929,0.311127,0.110000,-0.123534,1
1772477815,714415956,-1.388689,-1.727839,-2.142310,-0.195222,-1.432118,0.124667,1,0.226097,-0.103971,0.311127,-0.349408,0.311127,-0.345197,0.226124,-0.345197,0.220979,-0.047835,0.306751,-0.051995,0.306705,-0.052268,0.220000,-0.052268,1,-3.054443,0.220000,0.220000,-0.044662,-0.059329,-0.329408,-0.369408,0.311127,0.110000,-0.122046,1
1772477815,739495026,-1.393535,-1.731001,-2.143757,-0.189919,-1.433657,0.123641,1,0.226360,-0.133013,0.311127,-0.345197,0.311127,-0.346485,0.225095,-0.346485,0.220180,-0.052531,0.306705,-0.052268,0.307461,-0.047621,0.220000,-0.047621,1,-2.782916,0.220000,0.220000,-0.044934,-0.059601,-0.325197,-0.365197,0.311127,0.110000,-0.122501,1
1772477815,789536230,-1.401277,-1.739738,-2.148681,-0.181364,-1.431913,0.124342,1,0.226289,-0.141643,0.311127,-0.346485,0.311127,-0.352797,0.226219,-0.352797,0.220238,-0.051979,0.307461,-0.047621,0.306635,-0.052680,0.220000,-0.052680,1,-3.078554,0.220000,0.220000,-0.040288,-0.054955,-0.326485,-0.366485,0.311127,0.110000,-0.124733,1
1772477815,814520548,-1.405237,-1.745319,-2.152053,-0.174545,-1.431331,0.120970,1,0.225242,-0.152185,0.311127,-0.352797,0.311127,-0.346892,0.226357,-0.346892,0.220172,-0.047519,0.306635,-0.052680,0.306533,-0.053268,0.220000,-0.053268,1,-3.112918,0.220000,0.220000,-0.045347,-0.060014,-0.332797,-0.372797,0.311127,0.110000,-0.122645,1
1772477815,839601960,-1.408998,-1.748864,-2.155252,-0.169409,-1.431913,0.117772,1,0.226124,-0.190212,0.311127,-0.346892,0.311127,-0.337846,0.225762,-0.337846,0.219769,-0.053231,0.306533,-0.053268,0.306972,-0.050679,0.220000,-0.050679,1,-2.961631,0.220000,0.220000,-0.045935,-0.060602,-0.326892,-0.366892,0.311127,0.110000,-0.119447,1
1772477815,889685900,-1.419465,-1.761903,-2.162643,-0.157721,-1.428314,0.109979,1,0.226780,-0.200260,0.311127,-0.337846,0.311127,-0.319846,0.227520,-0.319846,0.220450,-0.053204,0.306972,-0.050679,0.305598,-0.058394,0.220000,-0.058013,1,-3.412438,0.220000,0.220000,-0.043346,-0.058013,-0.317846,-0.357846,0.311127,0.110000,-0.113083,1
1772477815,914638446,-1.426351,-1.772575,-2.168886,-0.145126,-1.426684,0.103736,1,0.225794,-0.225170,0.311127,-0.319846,0.311127,-0.312327,0.228344,-0.312327,0.220066,-0.050539,0.305598,-0.058394,0.305056,-0.061164,0.220000,-0.061164,1,-3.574355,0.220000,0.220000,-0.051060,-0.065727,-0.299846,-0.339846,0.311127,0.110000,-0.110424,1
1772477815,939664488,-1.431001,-1.781307,-2.172721,-0.135455,-1.424596,0.099901,1,0.227610,-0.247572,0.311127,-0.312327,0.311127,-0.306002,0.229677,-0.306002,0.219998,-0.058375,0.305056,-0.061164,0.304053,-0.065966,0.220000,-0.065966,1,-3.854944,0.220000,0.220000,-0.053831,-0.068498,-0.292327,-0.332327,0.311127,0.110000,-0.108188,1
1772477815,989779977,-1.440903,-1.791225,-2.182905,-0.121488,-1.425756,0.089717,1,0.228410,-0.267249,0.311127,-0.306002,0.311127,-0.282005,0.228022,-0.286002,0.220016,-0.061354,0.304053,-0.065966,0.305297,-0.059949,0.220000,-0.059949,1,-3.503363,0.220000,0.220000,-0.058632,-0.073299,-0.286002,-0.326002,0.311127,0.110000,-0.099704,1
1772477816,14695614,-1.444487,-1.791595,-2.189113,-0.118907,-1.427903,0.083767,1,0.229800,-0.273796,0.311127,-0.282005,0.311127,-0.265174,0.226204,-0.265174,0.219996,-0.066405,0.305297,-0.059949,0.306717,-0.052199,0.220000,-0.052616,1,-3.050408,0.220000,0.220000,-0.052616,-0.067283,-0.262005,-0.302005,0.311127,0.110000,-0.093753,1
1772477816,39835470,-1.449536,-1.796051,-2.195609,-0.112545,-1.422376,0.082029,1,0.227841,-0.276693,0.311127,-0.265174,0.311127,-0.266355,0.227912,-0.266355,0.219885,-0.059683,0.306717,-0.052199,0.303767,-0.067271,0.220000,-0.059532,1,-3.931211,0.220000,0.220000,-0.044865,-0.059532,-0.245174,-0.285174,0.311127,0.110000,-0.094171,1
1772477816,89794575,-1.458339,-1.804909,-2.208989,-0.100092,-1.423316,0.068650,1,0.226108,-0.269541,0.311127,-0.266355,0.311127,-0.234868,0.228301,-0.246355,0.219997,-0.052213,0.303767,-0.067271,0.305088,-0.061001,0.220000,-0.061001,1,-3.564828,0.220000,0.220000,-0.059937,-0.074604,-0.246355,-0.286355,0.311127,0.110000,-0.083039,1
1772477816,114779801,-1.462999,-1.809235,-2.216296,-0.093777,-1.424050,0.061343,1,0.228066,-0.267509,0.311127,-0.234868,0.311127,-0.219857,0.227258,-0.219857,0.220010,-0.060078,0.305088,-0.061001,0.305866,-0.056974,0.220000,-0.056974,1,-3.329492,0.220000,0.220000,-0.053668,-0.068335,-0.214868,-0.254868,0.311127,0.110000,-0.077731,1
1772477816,139836372,-1.466013,-1.813354,-2.224887,-0.088687,-1.423667,0.052751,1,0.228047,-0.246784,0.311127,-0.219857,0.311127,-0.195556,0.226926,-0.199857,0.219756,-0.060930,0.305866,-0.056974,0.306112,-0.055637,0.220000,-0.055637,1,-3.251327,0.220000,0.220000,-0.049641,-0.064308,-0.199857,-0.239857,0.311127,0.110000,-0.069139,1
1772477816,189922006,-1.476256,-1.820440,-2.236896,-0.076646,-1.426855,0.040743,1,0.227519,-0.224798,0.311127,-0.195556,0.311127,-0.174175,0.225240,-0.175556,0.220262,-0.057007,0.306112,-0.055637,0.308057,-0.043600,0.220000,-0.048303,1,-2.547946,0.220000,0.220000,-0.048303,-0.062970,-0.175556,-0.215556,0.311127,0.110000,-0.061580,1
1772477816,214879290,-1.480763,-1.823630,-2.241579,-0.071122,-1.428177,0.036210,1,0.226635,-0.210696,0.311127,-0.174175,0.311127,-0.161355,0.223394,-0.161355,0.219673,-0.055743,0.308057,-0.043600,0.308699,-0.038790,0.220000,-0.038790,1,-2.266829,0.220000,0.220000,-0.036267,-0.050934,-0.154175,-0.194175,0.311127,0.110000,-0.057048,1
1772477816,239912321,-1.484617,-1.826793,-2.246858,-0.062695,-1.428355,0.034052,1,0.224923,-0.187231,0.311127,-0.161355,0.311127,-0.162994,0.223280,-0.162994,0.219683,-0.048268,0.308699,-0.038790,0.308782,-0.038129,0.220000,-0.038129,1,-2.228227,0.220000,0.220000,-0.031457,-0.046123,-0.141355,-0.181355,0.311127,0.110000,-0.057627,1
1772477816,289949059,-1.493170,-1.833837,-2.257782,-0.051777,-1.430248,0.023128,1,0.223526,-0.173577,0.311127,-0.162994,0.311127,-0.139927,0.222145,-0.142994,0.219795,-0.040670,0.308782,-0.038129,0.309662,-0.030162,0.220000,-0.030796,1,-1.762628,0.220000,0.220000,-0.030796,-0.045463,-0.142994,-0.182994,0.311127,0.110000,-0.049472,1
1772477816,314956834,-1.497048,-1.834461,-2.263146,-0.048776,-1.432782,0.017763,1,0.223782,-0.150557,0.311127,-0.139927,0.311127,-0.132276,0.221181,-0.132276,0.220585,-0.037691,0.309662,-0.030162,0.310378,-0.021571,0.220000,-0.022829,1,-1.260574,0.220000,0.220000,-0.022829,-0.037495,-0.119927,-0.159927,0.311127,0.110000,-0.046766,1
1772477816,339991686,-1.501865,-1.842322,-2.269434,-0.039675,-1.431309,0.011476,1,0.222452,-0.145099,0.311127,-0.132276,0.311127,-0.122461,0.221358,-0.122461,0.220260,-0.031150,0.310378,-0.021571,0.310162,-0.024486,0.220000,-0.024486,1,-1.430913,0.220000,0.220000,-0.014238,-0.028904,-0.112276,-0.152276,0.311127,0.110000,-0.043297,1
1772477816,390088875,-1.509743,-1.846908,-2.276485,-0.031062,-1.434294,0.004425,1,0.221197,-0.157714,0.311127,-0.122461,0.311127,-0.102518,0.220668,-0.102518,0.220028,-0.022707,0.310162,-0.024486,0.310784,-0.014611,0.220000,-0.017152,1,-0.853868,0.220000,0.220000,-0.017152,-0.031819,-0.102461,-0.142461,0.311127,0.110000,-0.036246,1
1772477816,415117587,-1.514387,-1.851469,-2.279878,-0.024575,-1.434842,0.001032,1,0.221495,-0.127728,0.311127,-0.102518,0.311127,-0.101378,0.220361,-0.101378,0.220134,-0.024515,0.310784,-0.014611,0.310871,-0.012612,0.220000,-0.012612,1,-0.737048,0.220000,0.220000,-0.007278,-0.021945,-0.082518,-0.122518,0.311127,0.110000,-0.035843,1
1772477816,440207995,-1.517826,-1.854759,-2.283679,-0.019839,-1.435305,-0.002769,1,0.220742,-0.115387,0.311127,-0.101378,0.311127,-0.099921,0.220254,-0.099921,0.220102,-0.016787,0.310871,-0.012612,0.310947,-0.010573,0.220000,-0.010573,1,-0.617892,0.220000,0.220000,-0.005279,-0.019946,-0.081378,-0.121378,0.311127,0.110000,-0.035327,1
1772477816,490323763,-1.525893,-1.862904,-2.289060,-0.008403,-1.436112,-0.008150,1,0.220615,-0.100804,0.311127,-0.099921,0.311127,-0.095178,0.220139,-0.095178,0.220290,-0.011959,0.310947,-0.010573,0.311029,-0.007822,0.220000,-0.007822,1,-0.457092,0.220000,0.220000,-0.003240,-0.017907,-0.079921,-0.119921,0.311127,0.110000,-0.033651,1
1772477816,515310961,-1.529238,-1.866599,-2.292106,-0.003690,-1.436316,-0.011193,1,0.221106,-0.099009,0.311127,-0.095178,0.311127,-0.086570,0.220106,-0.086570,0.220863,-0.010361,0.311029,-0.007822,0.311052,-0.006829,0.220000,-0.006829,1,-0.399094,0.220000,0.220000,-0.000488,-0.015155,-0.075178,-0.115178,0.311127,0.110000,-0.030607,1
1772477816,540390073,-1.534592,-1.871335,-2.294447,-0.002588,-1.438973,-0.013468,1,0.220426,-0.100014,0.311127,-0.086570,0.311127,-0.080137,0.220001,-0.080137,0.220287,-0.007836,0.311052,-0.006829,0.311124,0.001265,0.220000,0.000504,1,0.073937,0.220000,0.220000,0.000504,-0.014163,-0.066570,-0.106570,0.311127,0.110000,-0.028333,1
1772477816,590421758,-1.540813,-1.878718,-2.300927,0.007066,-1.438877,-0.019948,1,0.219774,-0.078638,0.311127,-0.080137,0.311127,-0.072590,0.220008,-0.072590,0.219680,-0.006428,0.311124,0.001265,0.311122,0.001828,0.220000,0.001828,1,0.106815,0.220000,0.220000,0.008599,-0.006068,-0.060137,-0.100137,0.311127,0.110000,-0.025665,1
1772477816,615481386,-1.545042,-1.882898,-2.302116,0.012993,-1.439358,-0.021137,1,0.219504,-0.082446,0.311127,-0.072590,0.311127,-0.080063,0.220018,-0.080063,0.219504,0.000000,0.311122,0.001828,0.311115,0.002777,0.220000,0.002777,1,0.162277,0.220000,0.220000,0.009161,-0.005506,-0.052590,-0.092590,0.311127,0.110000,-0.028306,1
1772477816,640539393,-1.548479,-1.887188,-2.305013,0.018486,-1.439167,-0.024034,1,0.219232,-0.067829,0.311127,-0.080063,0.311127,-0.083429,0.220013,-0.083429,0.219206,0.003373,0.311115,0.002777,0.311118,0.002395,0.220000,0.002395,1,0.139981,0.220000,0.220000,0.010110,-0.004556,-0.060063,-0.100063,0.311127,0.110000,-0.029497,1
1772477816,690636118,-1.556474,-1.896200,-2.310626,0.030533,-1.439354,-0.029647,1,0.220231,-0.082747,0.311127,-0.083429,0.311127,-0.079908,0.220019,-0.079908,0.220208,0.003142,0.311118,0.002395,0.311114,0.002884,0.220000,0.002884,1,0.168548,0.220000,0.220000,0.009729,-0.004938,-0.063429,-0.103429,0.311127,0.110000,-0.028252,1
1772477816,715656051,-1.559117,-1.898989,-2.311986,0.034370,-1.439539,-0.031007,1,0.220267,-0.079129,0.311127,-0.079908,0.311127,-0.076062,0.220024,-0.076062,0.220251,0.002704,0.311114,0.002884,0.311110,0.003227,0.220000,0.003227,1,0.188598,0.220000,0.220000,0.010218,-0.004449,-0.059908,-0.099908,0.311127,0.110000,-0.026892,1
1772477816,740716799,-1.562003,-1.902824,-2.315486,0.039160,-1.439228,-0.034507,1,0.220033,-0.080735,0.311127,-0.076062,0.311127,-0.079385,0.220016,-0.079385,0.220002,0.003729,0.311110,0.003227,0.311116,0.002660,0.220000,0.002660,1,0.155453,0.220000,0.220000,0.010561,-0.004106,-0.056062,-0.096062,0.311127,0.110000,-0.028067,1
1772477816,790887715,-1.569688,-1.911810,-2.319238,0.050983,-1.439196,-0.038259,1,0.220296,-0.091280,0.311127,-0.079385,0.311127,-0.082946,0.220006,-0.082946,0.220259,0.004016,0.311116,0.002660,0.311122,0.001674,0.220000,0.001674,1,0.097833,0.220000,0.220000,0.009993,-0.004673,-0.059385,-0.099385,0.311127,0.110000,-0.029326,1
1772477816,815893875,-1.573170,-1.914165,-2.319467,0.055090,-1.440356,-0.038370,1,0.219857,-0.069489,0.311127,-0.082946,0.311127,-0.082633,0.220041,-0.082633,0.219835,0.003138,0.311122,0.001674,0.311098,0.004230,0.220000,0.004230,1,0.247205,0.220000,0.220000,0.009007,-0.005659,-0.062946,-0.102946,0.311127,0.110000,-0.029215,1
1772477816,840967053,-1.576937,-1.918793,-2.321867,0.061908,-1.441135,-0.038724,1,0.219393,-0.063771,0.311127,-0.082633,0.311127,-0.096850,0.220062,-0.096850,0.219333,0.005149,0.311098,0.004230,0.311083,0.005212,0.220000,0.005212,1,0.304580,0.220000,0.220000,0.011564,-0.003103,-0.062633,-0.102633,0.311127,0.110000,-0.034241,1
1772477816,891036351,-1.584381,-1.926266,-2.325460,0.072429,-1.441884,-0.042316,1,0.220051,-0.071600,0.311127,-0.096850,0.311127,-0.103055,0.220089,-0.103055,0.220004,0.004561,0.311083,0.005212,0.311064,0.006263,0.220000,0.006263,1,0.366010,0.220000,0.220000,0.012545,-0.002121,-0.076850,-0.116850,0.311127,0.110000,-0.036436,1
1772477816,916073056,-1.587851,-1.931338,-2.328006,0.078536,-1.441195,-0.044862,1,0.220242,-0.088313,0.311127,-0.103055,0.311127,-0.113487,0.220032,-0.113487,0.220156,0.006143,0.311064,0.006263,0.311104,0.003760,0.220000,0.003760,1,0.219710,0.220000,0.220000,0.013596,-0.001070,-0.083055,-0.123055,0.311127,0.110000,-0.040124,1
1772477816,941211284,-1.591593,-1.935515,-2.331134,0.084142,-1.441297,-0.047991,1,0.219465,-0.122573,0.311127,-0.113487,0.311127,-0.104638,0.220032,-0.104638,0.219436,0.003623,0.311104,0.003760,0.311105,0.003725,0.220000,0.003725,1,0.217679,0.220000,0.220000,0.011093,-0.003574,-0.093487,-0.133487,0.311127,0.110000,-0.036995,1
1772477816,991239306,-1.598847,-1.944318,-2.335454,0.095546,-1.441034,-0.052310,1,0.220068,-0.111150,0.311127,-0.104638,0.311127,-0.111446,0.220005,-0.111446,0.220033,0.003924,0.311105,0.003725,0.311123,0.001513,0.220000,0.001513,1,0.088408,0.220000,0.220000,0.011058,-0.003608,-0.084638,-0.124638,0.311127,0.110000,-0.039402,1
1772477817,16312490,-1.602116,-1.948231,-2.338262,0.100644,-1.440950,-0.055118,1,0.220227,-0.096985,0.311127,-0.111446,0.311127,-0.124072,0.220001,-0.124072,0.220182,0.004444,0.311123,0.001513,0.311126,0.000778,0.220000,0.000778,1,0.045465,0.220000,0.220000,0.008846,-0.005821,-0.091446,-0.131446,0.311127,0.110000,-0.043866,1
1772477817,41344106,-1.605617,-1.953220,-2.340665,0.106568,-1.440648,-0.057537,1,0.220056,-0.141398,0.311127,-0.124072,0.311127,-0.139503,0.220002,-0.139503,0.220056,0.000000,0.311126,0.000778,0.311126,-0.000943,0.220000,-0.000943,1,-0.055082,0.220000,0.220000,0.008111,-0.006555,-0.104072,-0.144072,0.311127,0.110000,-0.049322,1
1772477817,91454042,-1.612956,-1.961183,-2.345837,0.115204,-1.445779,-0.062952,1,0.220413,-0.127063,0.311127,-0.139503,0.311127,-0.148351,0.220093,-0.148351,0.220413,0.000000,0.311126,-0.000943,0.310868,0.012683,0.220000,0.006391,1,0.741177,0.220000,0.220000,0.006391,-0.008276,-0.119503,-0.159503,0.311127,0.110000,-0.052450,1
1772477817,116489239,-1.616777,-1.965323,-2.349118,0.120834,-1.445968,-0.066233,1,0.220166,-0.140509,0.311127,-0.148351,0.311127,-0.139071,0.220353,-0.139071,0.220161,-0.001424,0.310868,0.012683,0.310877,0.012466,0.220000,0.012466,1,0.728480,0.220000,0.220000,0.020016,0.005350,-0.128351,-0.168351,0.311127,0.110000,-0.049169,1
1772477817,141566533,-1.620191,-1.969567,-2.352651,0.126278,-1.445779,-0.069766,1,0.220874,-0.119963,0.311127,-0.139071,0.311127,-0.155346,0.220289,-0.155346,0.220444,0.013781,0.310877,0.012466,0.310923,0.011275,0.220000,0.011275,1,0.658871,0.220000,0.220000,0.019799,0.005132,-0.119071,-0.159071,0.311127,0.110000,-0.054923,1
1772477817,191685457,-1.627370,-1.976603,-2.361034,0.136295,-1.446616,-0.078149,1,0.220676,-0.158396,0.311127,-0.155346,0.311127,-0.160244,0.220371,-0.160244,0.220312,0.012668,0.310923,0.011275,0.310864,0.012778,0.220000,0.012778,1,0.746738,0.220000,0.220000,0.018608,0.003941,-0.135346,-0.175346,0.311127,0.110000,-0.056655,1
1772477817,216695307,-1.631150,-1.981849,-2.365136,0.142736,-1.446049,-0.082251,1,0.219945,-0.158408,0.311127,-0.160244,0.311127,-0.148642,0.220232,-0.148642,0.219643,0.011518,0.310864,0.012778,0.310963,0.010100,0.220000,0.010100,1,0.590212,0.220000,0.220000,0.020111,0.005445,-0.140244,-0.180244,0.311127,0.110000,-0.052553,1
1772477817,241796997,-1.635406,-1.985279,-2.369172,0.148226,-1.446424,-0.086132,1,0.220588,-0.156481,0.311127,-0.148642,0.311127,-0.169882,0.220237,-0.168642,0.220337,0.010533,0.310963,0.010100,0.310959,0.010214,0.220000,0.010214,1,0.596904,0.220000,0.220000,0.017433,0.002766,-0.128642,-0.168642,0.311127,0.110000,-0.060062,1
1772477817,291891905,-1.642775,-1.994155,-2.377569,0.161121,-1.438754,-0.092625,1,0.219960,-0.149327,0.311127,-0.169882,0.311127,-0.188872,0.220019,-0.188872,0.219702,0.010652,0.310959,0.010214,0.310784,-0.014605,0.220000,0.002881,1,-0.853516,0.220000,0.220000,0.017548,0.002881,-0.149882,-0.189882,0.311127,0.110000,-0.066776,1
1772477817,316994046,-1.646933,-1.997487,-2.380073,0.166362,-1.439714,-0.095130,1,0.220297,-0.224473,0.311127,-0.188872,0.311127,-0.222249,0.220414,-0.208872,0.220291,0.001547,0.310784,-0.014605,0.310834,-0.013496,0.220000,-0.013496,1,-0.788659,0.220000,0.220000,-0.007272,-0.021939,-0.168872,-0.208872,0.311127,0.110000,-0.078577,1
1772477817,341978062,-1.651546,-2.001575,-2.384478,0.172473,-1.440522,-0.099535,1,0.220147,-0.242634,0.311127,-0.222249,0.311127,-0.209790,0.220368,-0.209790,0.220066,-0.005981,0.310834,-0.013496,0.310866,-0.012737,0.220000,-0.012737,1,-0.744327,0.220000,0.220000,-0.006162,-0.020829,-0.202249,-0.242249,0.311127,0.110000,-0.074172,1
1772477817,392060367,-1.658641,-2.011437,-2.392882,0.184573,-1.439424,-0.107939,1,0.220212,-0.209283,0.311127,-0.209790,0.311127,-0.281551,0.220849,-0.229790,0.220165,-0.004551,0.310866,-0.012737,0.310525,-0.019342,0.220000,-0.019342,1,-1.130314,0.220000,0.220000,-0.005404,-0.020070,-0.189790,-0.229790,0.311127,0.110000,-0.099543,1
1772477817,417148628,-1.662589,-2.015898,-2.397713,0.190530,-1.439486,-0.112770,1,0.222069,-0.264896,0.311127,-0.281551,0.311127,-0.267887,0.220996,-0.267887,0.221073,-0.021002,0.310525,-0.019342,0.310420,-0.020960,0.220000,-0.020960,1,-1.224849,0.220000,0.220000,-0.012009,-0.026675,-0.261551,-0.301551,0.311127,0.110000,-0.094712,1
1772477817,442173884,-1.666934,-2.018193,-2.402064,0.195109,-1.441267,-0.117121,1,0.221202,-0.252379,0.311127,-0.267887,0.311127,-0.315399,0.220682,-0.287887,0.220179,-0.021246,0.310420,-0.020960,0.310644,-0.017336,0.220000,-0.017336,1,-1.013104,0.220000,0.220000,-0.013626,-0.028293,-0.247887,-0.287887,0.311127,0.110000,-0.111511,1
1772477817,492247665,-1.674476,-2.025732,-2.412562,0.205746,-1.442027,-0.127619,1,0.221452,-0.248361,0.311127,-0.315399,0.311127,-0.353569,0.220790,-0.335399,0.220499,-0.020524,0.310644,-0.017336,0.310567,-0.018664,0.220000,-0.018664,1,-1.090696,0.220000,0.220000,-0.010003,-0.024670,-0.295399,-0.335399,0.311127,0.110000,-0.125006,0
1772477817,517317335,-1.680175,-2.029189,-2.419360,0.212091,-1.444069,-0.134417,1,0.220350,-0.300552,0.311127,-0.353569,0.311127,-0.334342,0.220524,-0.334342,0.219502,-0.019313,0.310567,-0.018664,0.310756,-0.015191,0.220000,-0.015191,1,-0.887731,0.220000,0.220000,-0.011331,-0.025997,-0.333569,-0.373569,0.311127,0.110000,-0.118208,0
1772477817,542357587,-1.683294,-2.033272,-2.426702,0.217219,-1.443752,-0.141759,1,0.220511,-0.289818,0.311127,-0.334342,0.311127,-0.393147,0.220703,-0.354342,0.220084,-0.013717,0.310756,-0.015191,0.310629,-0.017597,0.220000,-0.017597,1,-1.028333,0.220000,0.220000,-0.007858,-0.022524,-0.314342,-0.354342,0.311127,0.110000,-0.138999,0
1772477817,592466296,-1.690756,-2.039222,-2.442193,0.230243,-1.445253,-0.156710,1,0.219995,-0.318400,0.311127,-0.393147,0.311127,-0.448639,0.220840,-0.413147,0.219475,-0.015119,0.310629,-0.017597,0.310532,-0.019238,0.220000,-0.019238,1,-1.124259,0.220000,0.220000,-0.010263,-0.024930,-0.373147,-0.413147,0.311127,0.110000,-0.158618,0
1772477817,617442760,-1.694495,-2.042235,-2.449195,0.234969,-1.446103,-0.163712,1,0.221137,-0.348033,0.311127,-0.448639,0.311127,-0.549076,0.220824,-0.468639,0.220276,-0.019497,0.310532,-0.019238,0.310543,-0.019056,0.220000,-0.019056,1,-1.113603,0.220000,0.220000,-0.011905,-0.026572,-0.428639,-0.468639,0.311127,0.110000,-0.194128,0
1772477817,642543124,-1.700744,-2.045209,-2.455613,0.241311,-1.448874,-0.170130,1,0.220528,-0.375368,0.311127,-0.549076,0.311127,-0.676611,0.220555,-0.569076,0.219738,-0.018655,0.310543,-0.019056,0.310734,-0.015641,0.220000,-0.015641,1,-0.914053,0.220000,0.220000,-0.011723,-0.026389,-0.529076,-0.569076,0.311127,0.110000,-0.239218,0
1772477817,692557795,-1.707342,-2.052239,-2.471851,0.250944,-1.449250,-0.186368,1,0.220500,-0.377665,0.311127,-0.676611,0.311127,-0.818630,0.220898,-0.600000,0.219690,-0.018881,0.310734,-0.015641,0.310490,-0.019897,0.220000,-0.019897,1,-1.162741,0.220000,0.220000,-0.008308,-0.022975,-0.600000,-0.600000,0.311127,0.110000,-0.289429,0
1772477817,717622286,-1.712149,-2.055293,-2.481762,0.256402,-1.450879,-0.196279,1,0.222631,-0.431053,0.311127,-0.818630,0.311127,-0.790597,0.220839,-0.600000,0.221614,-0.021258,0.310490,-0.019897,0.310532,-0.019234,0.220000,-0.019234,1,-1.124006,0.220000,0.220000,-0.012563,-0.027230,-0.600000,-0.600000,0.311127,0.110000,-0.279518,0
1772477817,742648312,-1.717122,-2.058411,-2.490055,0.262016,-1.452592,-0.204572,1,0.220440,-0.424207,0.311127,-0.790597,0.311127,-1.015967,0.220872,-0.600000,0.219601,-0.019216,0.310532,-0.019234,0.310508,-0.019610,0.220000,-0.019610,1,-1.145973,0.220000,0.220000,-0.011901,-0.026567,-0.600000,-0.600000,0.311127,0.110000,-0.359199,0
1772477817,792746621,-1.726672,-2.064706,-2.511412,0.273029,-1.455679,-0.225929,1,0.220415,-0.426429,0.311127,-1.015967,0.311127,-1.296864,0.221125,-0.600000,0.219593,-0.019013,0.310508,-0.019610,0.310329,-0.022275,0.220000,-0.022275,1,-1.301705,0.220000,0.220000,-0.012277,-0.026943,-0.600000,-0.600000,0.311127,0.110000,-0.458511,0
1772477817,817748987,-1.730565,-2.067471,-2.520841,0.277670,-1.456807,-0.235358,1,0.221572,-0.485012,0.311127,-1.296864,0.311127,-1.742304,0.221371,-0.600000,0.220393,-0.022820,0.310329,-0.022275,0.310153,-0.024600,0.220000,-0.024600,1,-1.437609,0.220000,0.220000,-0.014941,-0.029608,-0.600000,-0.600000,0.311127,0.110000,-0.615998,0
1772477817,842790434,-1.733805,-2.069884,-2.532939,0.281615,-1.457673,-0.247455,1,0.221344,-0.488960,0.311127,-1.742304,0.311127,-1.708086,0.221684,-0.600000,0.220050,-0.023896,0.310153,-0.024600,0.309929,-0.027276,0.220000,-0.027276,1,-1.593944,0.220000,0.220000,-0.017267,-0.031934,-0.600000,-0.600000,0.311127,0.110000,-0.603900,0
1772477817,893031443,-1.744199,-2.075389,-2.555399,0.292658,-1.461047,-0.269909,1,0.221581,-0.477306,0.311127,-1.708086,0.311127,-2.272260,0.222706,-0.600000,0.220272,-0.024053,0.309929,-0.027276,0.308470,-0.040571,0.220000,-0.034609,1,-2.370933,0.220000,0.220000,-0.019942,-0.034609,-0.600000,-0.600000,0.311127,0.110000,-0.803365,0
1772477817,917876054,-1.748854,-2.078727,-2.567131,0.299077,-1.452352,-0.281557,1,0.226025,-0.580045,0.311127,-2.272260,0.311127,-2.593551,0.225155,-0.600000,0.222918,-0.037342,0.308470,-0.040571,0.303122,-0.070123,0.220000,-0.047905,1,-4.097917,0.220000,0.220000,-0.033238,-0.047905,-0.600000,-0.600000,0.311127,0.110000,-0.916959,0
1772477817,942856218,-1.754793,-2.081026,-2.579633,0.304706,-1.455330,-0.294059,1,0.223837,-0.546102,0.311127,-2.593551,0.311127,-2.558191,0.233237,-0.600000,0.219871,-0.041949,0.303122,-0.070123,0.300435,-0.080863,0.220000,-0.077457,1,-4.725493,0.220000,0.220000,-0.062790,-0.077457,-0.600000,-0.600000,0.311127,0.110000,-0.904457,0
1772477817,992973338,-1.764618,-2.084996,-2.606322,0.314144,-1.460148,-0.320748,1,0.224416,-0.555403,0.311127,-2.558191,0.311127,-2.728568,0.233075,-0.600000,0.220366,-0.042443,0.300435,-0.080863,0.301457,-0.076966,0.220000,-0.076966,1,-4.943200,0.220000,0.220000,-0.073529,-0.088196,-0.600000,-0.600000,0.311127,0.110000,-0.877768,0
1772477818,17975753,-1.769433,-2.087206,-2.620730,0.318969,-1.462336,-0.335156,1,0.228829,-0.627178,0.311127,-2.728568,0.311127,-2.832007,0.232450,-0.600000,0.221094,-0.058990,0.301457,-0.076966,0.301938,-0.075055,0.220000,-0.075055,1,-5.086695,0.220000,0.220000,-0.069633,-0.084299,-0.600000,-0.600000,0.311127,0.110000,-0.863360,0
1772477818,42966279,-1.775163,-2.088846,-2.633257,0.323964,-1.465588,-0.347682,1,0.228677,-0.590827,0.311127,-2.832007,0.311127,-2.978053,0.231265,-0.600000,0.219513,-0.064089,0.301938,-0.075055,0.302847,-0.071299,0.220000,-0.071299,1,-5.156152,0.220000,0.220000,-0.067721,-0.082388,-0.600000,-0.600000,0.311127,0.110000,-0.850833,0
1772477818,93015329,-1.785633,-2.093191,-2.662701,0.334107,-1.470648,-0.377127,1,0.231757,-0.657298,0.311127,-2.978053,0.311127,-3.291493,0.230123,-0.600000,0.220013,-0.072838,0.302847,-0.071299,0.303716,-0.067502,0.220000,-0.067502,1,-5.588747,0.220000,0.220000,-0.063966,-0.078632,-0.600000,-0.600000,0.311127,0.110000,-0.821389,0
1772477818,118064055,-1.792002,-2.093880,-2.678191,0.338802,-1.475006,-0.392616,1,0.229960,-0.585686,0.311127,-3.291493,0.311127,-3.515852,0.228079,-0.600000,0.219914,-0.067227,0.303716,-0.067502,0.305553,-0.058631,0.220000,-0.060169,1,-5.284861,0.220000,0.220000,-0.060169,-0.074835,-0.600000,-0.600000,0.311127,0.110000,-0.805899,0
1772477818,143014466,-1.796855,-2.094304,-2.693268,0.342303,-1.478394,-0.407694,1,0.228330,-0.594946,0.311127,-3.515852,0.311127,-3.697982,0.225901,-0.600000,0.220191,-0.060420,0.305553,-0.058631,0.307108,-0.049847,0.220000,-0.051298,1,-4.815913,0.220000,0.220000,-0.051298,-0.065965,-0.600000,-0.600000,0.311127,0.110000,-0.790822,0
1772477818,193125638,-1.807341,-2.097509,-2.722666,0.351411,-1.484312,-0.437044,1,0.225647,-0.540398,0.311127,-3.697982,0.311127,-3.807356,0.224070,-0.600000,0.219894,-0.050625,0.307108,-0.049847,0.308499,-0.040355,0.220000,-0.042514,1,-4.659493,0.220000,0.220000,-0.042514,-0.057180,-0.600000,-0.600000,0.311127,0.110000,-0.761471,0
1772477818,218126762,-1.814057,-2.098767,-2.739447,0.353720,-1.490167,-0.453047,1,0.224099,-0.550232,0.311127,-3.807356,0.311127,-3.727343,0.222464,-0.600000,0.219578,-0.044786,0.308499,-0.040355,0.310864,-0.012780,0.220000,-0.033022,1,-1.619911,0.220000,0.220000,-0.033022,-0.047689,-0.600000,-0.600000,0.311127,0.110000,-0.745469,0
1772477818,243154366,-1.818531,-2.100235,-2.755390,0.357764,-1.492580,-0.468990,1,0.222877,-0.596155,0.311127,-3.727343,0.311127,-3.647626,0.220094,-0.600000,0.219644,-0.037826,0.310864,-0.012780,0.311061,-0.006426,0.220000,-0.006426,1,-0.897688,0.220000,0.220000,-0.005447,-0.020114,-0.600000,-0.600000,0.311127,0.110000,-0.729525,0
1772477818,268125650,-1.824934,-2.101587,-2.771025,0.362985,-1.496525,-0.484626,1,0.221785,-0.542865,0.311127,-3.647626,0.311127,-3.569450,0.220002,-0.600000,0.219841,-0.029296,0.311061,-0.006426,0.311059,0.006508,0.220000,0.000908,1,1.057520,0.220000,0.220000,0.000908,-0.013759,-0.600000,-0.600000,0.311127,0.110000,-0.713890,0
1772477818,318198645,-1.835970,-2.103666,-2.800710,0.371794,-1.503490,-0.514311,1,0.221101,-0.604938,0.311127,-3.569450,0.311127,-3.421025,0.220435,-0.600000,0.219918,-0.022837,0.311059,0.006508,0.308478,0.040510,0.220000,0.013842,1,9.086050,0.220000,0.220000,0.013842,-0.000825,-0.600000,-0.600000,0.311127,0.110000,-0.684205,0
1772477818,343226317,-1.841019,-2.105546,-2.815560,0.376525,-1.506067,-0.529161,1,0.220420,-0.595454,0.311127,-3.421025,0.311127,-3.346775,0.225142,-0.600000,0.219864,-0.015648,0.308478,0.040510,0.306538,0.053239,0.220000,0.047843,1,14.677965,0.220000,0.220000,0.047843,0.033176,-0.600000,-0.600000,0.311127,0.110000,-0.669355,0
1772477818,393274314,-1.853034,-2.106751,-2.845643,0.385317,-1.514344,-0.559243,1,0.219835,-0.564520,0.311127,-3.346775,0.311127,-3.196363,0.305274,-0.600000,0.219703,-0.007618,0.306538,0.053239,0.262145,0.167570,0.299205,0.060572,1,82.525198,0.220000,0.220000,0.060572,0.045906,-0.600000,-0.600000,0.311127,0.110000,-0.639273,0
1772477818,418325868,-1.857278,-2.109143,-2.861664,0.389908,-1.515978,-0.575264,1,0.219987,-0.598696,0.311127,-3.196363,0.311127,-3.116257,0.309064,-0.600000,0.219987,0.000000,0.262145,0.167570,0.221164,0.218830,0.254812,0.174904,1,162.763935,0.220000,0.220000,0.174904,0.160237,-0.600000,-0.600000,0.311127,0.110000,-0.623251,0
1772477818,443354362,-1.863024,-2.110557,-2.876460,0.394744,-1.519387,-0.590061,1,0.220215,-0.597890,0.311127,-3.116257,0.311127,-3.042276,0.306795,-0.600000,0.220114,0.006702,0.221164,0.218830,0.006773,0.311053,0.213830,0.220000,1,316.790546,0.220000,0.213830,0.220000,0.211497,-0.600000,-0.600000,0.311127,0.110000,-0.608455,0
1772477818,493389507,-1.872874,-2.114202,-2.907376,0.403850,-1.524269,-0.620706,1,0.220123,-0.551788,0.311127,-3.042276,0.311127,-2.889050,0.303720,-0.600000,0.219593,0.015268,0.006773,0.311053,-0.280041,0.135562,-0.000561,0.303720,1,76.132196,0.014106,-0.000561,0.220000,0.220000,-0.600000,-0.600000,0.311127,0.110000,-0.577810,0
1772477818,518453978,-1.879308,-2.116166,-2.922698,0.407275,-1.524439,-0.630358,1,0.213508,-0.604936,0.311127,-2.889050,0.311127,-2.840787,0.254642,-0.600000,0.212423,0.021497,-0.280041,0.135562,-0.303381,0.068994,-0.220000,0.128228,1,32.718634,-0.220000,-0.220000,0.142895,0.128228,-0.600000,-0.600000,0.311127,0.110000,-0.568157,0
1772477818,543491238,-1.884463,-2.118052,-2.938691,0.412097,-1.527064,-0.646352,1,0.208000,-0.611641,0.311127,-2.840787,0.311127,-2.760820,0.228478,-0.600000,0.206022,0.028623,-0.303381,0.068994,-0.309387,0.032855,-0.220000,0.061661,1,11.234728,-0.220000,-0.220000,0.076327,0.061661,-0.600000,-0.600000,0.311127,0.110000,-0.552164,0
1772477818,593505492,-1.895145,-2.121572,-2.970783,0.421796,-1.532759,-0.678443,1,0.199486,-0.542745,0.311127,-2.760820,0.311127,-2.600363,0.221475,-0.600000,0.196010,0.037076,-0.309387,0.032855,-0.311114,-0.002795,-0.220000,0.025522,1,-0.601509,-0.220000,-0.220000,0.040189,0.025522,-0.600000,-0.600000,0.311127,0.110000,-0.520073,0
1772477818,618586229,-1.898864,-2.122331,-2.985107,0.424822,-1.535049,-0.692768,1,0.193310,-0.613079,0.311127,-2.600363,0.311127,-2.528740,0.220146,-0.600000,0.190380,0.033532,-0.311114,-0.002795,-0.311024,-0.008012,-0.220000,-0.008012,1,-1.529650,-0.220000,-0.220000,0.004538,-0.010129,-0.600000,-0.600000,0.311127,0.110000,-0.505748,0
1772477818,643600867,-1.904008,-2.123871,-3.000812,0.429376,-1.537894,-0.708472,1,0.184307,-0.601027,0.311127,-2.528740,0.311127,-2.450218,0.220535,-0.600000,0.182450,0.026099,-0.311024,-0.008012,-0.310633,-0.017531,-0.220000,-0.015345,1,-2.888780,-0.220000,-0.220000,-0.000678,-0.015345,-0.600000,-0.600000,0.311127,0.110000,-0.490044,0
1772477818,693643579,-1.913453,-2.126609,-3.029553,0.433213,-1.545625,-0.739997,1,0.175774,-0.646040,0.311127,-2.450218,0.311127,-2.292595,0.220236,-0.600000,0.174939,0.017108,-0.310633,-0.017531,-0.311121,-0.002006,-0.220000,-0.010198,1,-0.274926,-0.220000,-0.220000,-0.010198,-0.024864,-0.600000,-0.600000,0.311127,0.110000,-0.458519,0
1772477818,718720361,-1.917063,-2.127738,-3.043916,0.436440,-1.547599,-0.754360,1,0.169612,-0.598959,0.311127,-2.292595,0.311127,-2.220779,0.220198,-0.600000,0.169208,0.011702,-0.311121,-0.002006,-0.310942,-0.010740,-0.220000,-0.009340,1,-1.363636,-0.220000,-0.220000,0.005327,-0.009340,-0.600000,-0.600000,0.311127,0.110000,-0.444156,0
1772477818,743725761,-1.921575,-2.128985,-3.056463,0.440349,-1.550174,-0.766907,1,0.161818,-0.615797,0.311127,-2.220779,0.311127,-2.158044,0.220741,-0.600000,0.161781,0.003480,-0.310942,-0.010740,-0.310592,-0.018245,-0.220000,-0.018074,1,-2.121926,-0.220000,-0.220000,-0.003407,-0.018074,-0.600000,-0.600000,0.311127,0.110000,-0.431609,0
1772477818,793807609,-1.929471,-2.130087,-3.085670,0.446377,-1.555390,-0.796114,1,0.152204,-0.618320,0.311127,-2.158044,0.311127,-1.979615,0.221482,-0.600000,0.152126,-0.004875,-0.310592,-0.018245,-0.309944,-0.027107,-0.220000,-0.025578,1,-2.755223,-0.220000,-0.220000,-0.010912,-0.025578,-0.600000,-0.600000,0.311127,0.110000,-0.402402,0
1772477818,818889855,-1.933091,-2.130346,-3.101016,0.449003,-1.557817,-0.811369,1,0.146794,-0.579646,0.311127,-1.979615,0.311127,-1.802736,0.222204,-0.600000,0.146401,-0.010734,-0.309944,-0.027107,-0.309557,-0.031216,-0.220000,-0.031216,1,-3.003206,-0.220000,-0.220000,-0.019774,-0.034440,-0.600000,-0.600000,0.311127,0.110000,-0.387147,0
1772477818,843894073,-1.937060,-2.130618,-3.115989,0.452808,-1.557944,-0.824440,1,0.140228,-0.598570,0.311127,-1.802736,0.311127,-1.666855,0.223352,-0.600000,0.138984,-0.018639,-0.309557,-0.031216,-0.307737,-0.045806,-0.220000,-0.038549,1,-4.217143,-0.220000,-0.220000,-0.023882,-0.038549,-0.600000,-0.600000,0.311127,0.110000,-0.374076,0
1772477818,893984453,-1.944972,-2.130649,3.138733,0.458053,-1.563868,-0.852903,1,0.133028,-0.618816,0.311127,-1.666855,0.311127,-1.385088,0.225450,-0.600000,0.130262,-0.026985,-0.307737,-0.045806,-0.307201,-0.049272,-0.220000,-0.049272,1,-4.079817,-0.220000,-0.220000,-0.038473,-0.053140,-0.600000,-0.600000,0.311127,0.110000,-0.345613,0
1772477818,918992244,-1.947941,-2.129240,3.124541,0.458953,-1.567029,-0.867095,1,0.128577,-0.599895,0.311127,-1.385088,0.311127,-1.283009,0.224869,-0.600000,0.124201,-0.033260,-0.307201,-0.049272,-0.307626,-0.046543,-0.220000,-0.046543,1,-3.722680,-0.220000,-0.220000,-0.041939,-0.056605,-0.600000,-0.600000,0.311127,0.110000,-0.331421,0
1772477818,944145580,-1.951736,-2.128494,3.109645,0.461151,-1.570907,-0.882234,1,0.124498,-0.606978,0.311127,-1.283009,0.311127,-1.163353,0.224720,-0.600000,0.117439,-0.041324,-0.307626,-0.046543,-0.307735,-0.045817,-0.220000,-0.045817,1,-3.481930,-0.220000,-0.220000,-0.039209,-0.053876,-0.600000,-0.600000,0.311127,0.110000,-0.316282,0
1772477818,994088572,-1.956528,-2.126717,3.077411,0.467584,-1.585531,-0.918924,1,0.118772,-0.592043,0.311127,-1.163353,0.311127,-0.875335,0.223341,-0.600000,0.109205,-0.046701,-0.307735,-0.045817,-0.308941,-0.036814,-0.220000,-0.038484,1,-2.381349,-0.220000,-0.220000,-0.038484,-0.053151,-0.600000,-0.600000,0.311127,0.110000,-0.279591,0
1772477819,19182961,-1.958937,-2.125714,3.063663,0.468408,-1.588007,-0.932672,1,0.112961,-0.605041,0.311127,-0.875335,0.311127,-0.813006,0.223194,-0.600000,0.103206,-0.045919,-0.308941,-0.036814,-0.308844,-0.037622,-0.220000,-0.037622,1,-2.377214,-0.220000,-0.220000,-0.029481,-0.044148,-0.600000,-0.600000,0.311127,0.110000,-0.265843,0
1772477819,44186737,-1.962297,-2.123725,3.048192,0.469147,-1.591724,-0.947889,1,0.102906,-0.600628,0.311127,-0.813006,0.311127,-0.742927,0.222986,-0.600000,0.095461,-0.038432,-0.308844,-0.037622,-0.308994,-0.036368,-0.220000,-0.036368,1,-2.227361,-0.220000,-0.220000,-0.030289,-0.044956,-0.600000,-0.600000,0.311127,0.110000,-0.250626,0
1772477819,69259108,-1.964328,-2.123351,3.034697,0.470822,-1.591092,-0.956428,1,0.095581,-0.613281,0.311127,-0.742927,0.311127,-0.713022,0.224298,-0.600000,0.087845,-0.037670,-0.308994,-0.036368,-0.308020,-0.043859,-0.220000,-0.043701,1,-2.668967,-0.220000,-0.220000,-0.029034,-0.043701,-0.600000,-0.600000,0.311127,0.110000,-0.242088,0
1772477819,119366244,-1.968466,-2.122425,3.003555,0.472860,-1.594811,-0.987571,1,0.089129,-0.607936,0.311127,-0.713022,0.311127,-0.598037,0.225709,-0.693022,0.081373,-0.036364,-0.308020,-0.043859,-0.307010,-0.050444,-0.220000,-0.050444,1,-2.954759,-0.220000,-0.220000,-0.036526,-0.051192,-0.600000,-0.600000,0.311127,0.110000,-0.210945,0
1772477819,144378572,-1.970246,-2.121176,2.988251,0.472881,-1.596686,-1.002840,1,0.085047,-0.609639,0.311127,-0.598037,0.311127,-0.547765,0.225984,-0.578037,0.073037,-0.043573,-0.307010,-0.050444,-0.306808,-0.051660,-0.220000,-0.051660,1,-2.987900,-0.220000,-0.220000,-0.043111,-0.057777,-0.578037,-0.600000,0.311127,0.110000,-0.195676,0
1772477819,194476688,-1.974217,-2.118261,2.958287,0.469569,-1.596620,-1.032210,1,0.083474,-0.595145,0.311127,-0.547765,0.311127,-0.475138,0.226499,-0.527765,0.066433,-0.050542,-0.306808,-0.051660,-0.306428,-0.053870,-0.220000,-0.053870,1,-3.179884,-0.220000,-0.220000,-0.044327,-0.058993,-0.527765,-0.567765,0.311127,0.110000,-0.166306,0
1772477819,219524559,-1.975528,-2.117846,2.944568,0.470124,-1.597879,-1.045929,1,0.078321,-0.580315,0.311127,-0.475138,0.311127,-0.430736,0.227252,-0.455138,0.058922,-0.051598,-0.306428,-0.053870,-0.305870,-0.056950,-0.220000,-0.056950,1,-3.321551,-0.220000,-0.220000,-0.046536,-0.061203,-0.455138,-0.495138,0.311127,0.110000,-0.152587,0
1772477819,244553421,-1.976610,-2.115725,2.929843,0.469419,-1.600101,-1.060531,1,0.075009,-0.558909,0.311127,-0.430736,0.311127,-0.385165,0.227009,-0.410736,0.052036,-0.054024,-0.305870,-0.056950,-0.306050,-0.055976,-0.220000,-0.055976,1,-3.228287,-0.220000,-0.220000,-0.049616,-0.064283,-0.410736,-0.450736,0.311127,0.110000,-0.137985,0
1772477819,294628092,-1.978774,-2.113429,2.901138,0.472013,-1.603385,-1.087150,1,0.071725,-0.531612,0.311127,-0.385165,0.311127,-0.299616,0.228928,-0.365165,0.043188,-0.057264,-0.306050,-0.055976,-0.304504,-0.063852,-0.220000,-0.063309,1,-3.549293,-0.220000,-0.220000,-0.048643,-0.063309,-0.365165,-0.405165,0.311127,0.110000,-0.111366,0
1772477819,319714471,-1.979472,-2.111469,2.887719,0.471008,-1.605206,-1.100569,1,0.067563,-0.514703,0.311127,-0.299616,0.311127,-0.261746,0.228809,-0.279616,0.037125,-0.056449,-0.304504,-0.063852,-0.304707,-0.062878,-0.220000,-0.062878,1,-3.471724,-0.220000,-0.220000,-0.056519,-0.071186,-0.279616,-0.319616,0.311127,0.110000,-0.097947,0
1772477819,344731063,-1.980294,-2.109731,2.873049,0.470249,-1.606753,-1.114954,1,0.069468,-0.480116,0.311127,-0.261746,0.311127,-0.221884,0.228901,-0.241746,0.028594,-0.063310,-0.304707,-0.062878,-0.304638,-0.063212,-0.220000,-0.063212,1,-3.467928,-0.220000,-0.220000,-0.055545,-0.070211,-0.241746,-0.281746,0.311127,0.110000,-0.083562,0
1772477819,394808289,-1.980693,-2.107190,2.847515,0.468581,-1.605281,-1.136030,1,0.066189,-0.471028,0.311127,-0.221884,0.311127,-0.169073,0.230424,-0.201884,0.020839,-0.062823,-0.304638,-0.063212,-0.303488,-0.068522,-0.220000,-0.068522,1,-3.830685,-0.220000,-0.220000,-0.055878,-0.070545,-0.201884,-0.241884,0.311127,0.110000,-0.062486,0
1772477819,419954796,-1.981489,-2.105165,2.836398,0.467601,-1.607224,-1.147147,1,0.064771,-0.461054,0.311127,-0.169073,0.311127,-0.137847,0.229906,-0.149073,0.014012,-0.063237,-0.303488,-0.068522,-0.303880,-0.066758,-0.220000,-0.066758,1,-3.701311,-0.220000,-0.220000,-0.061189,-0.075855,-0.149073,-0.189073,0.311127,0.110000,-0.051369,0
1772477819,444952039,-1.981441,-2.103873,2.824456,0.465968,-1.608022,-1.159037,1,0.069225,-0.451711,0.311127,-0.137847,0.311127,-0.106234,0.229594,-0.117847,0.007719,-0.068793,-0.303880,-0.066758,-0.304116,-0.065675,-0.220000,-0.065675,1,-3.651352,-0.220000,-0.220000,-0.059425,-0.074092,-0.117847,-0.157847,0.311127,0.110000,-0.039479,0
1772477819,470008811,-1.982045,-2.102236,2.813960,0.455817,-1.609181,-1.168775,1,0.066670,-0.425583,0.311127,-0.106234,0.311127,-0.083371,0.227604,-0.086234,0.000000,-0.066670,-0.304116,-0.065675,-0.307994,-0.044042,-0.220000,-0.058342,1,-2.550885,-0.220000,-0.220000,-0.058342,-0.073009,-0.086234,-0.126234,0.311127,0.110000,-0.029740,0
1772477819,520158982,-1.980763,-2.099501,2.792626,0.452923,-1.610049,-1.190109,1,0.066280,-0.399232,0.311127,-0.083371,0.311127,-0.023719,0.224056,-0.063371,-0.008192,-0.065771,-0.307994,-0.044042,-0.308219,-0.042441,-0.220000,-0.042441,1,-2.474132,-0.220000,-0.220000,-0.036709,-0.051375,-0.063371,-0.103371,0.311127,0.110000,-0.008406,0
1772477819,545223903,-1.979340,-2.097692,2.782428,0.450516,-1.610209,-1.200341,1,0.060059,-0.369462,0.311127,-0.023719,0.311127,0.005199,0.223512,-0.003719,-0.015266,-0.058087,-0.308219,-0.042441,-0.308613,-0.039468,-0.220000,-0.039468,1,-2.322518,-0.220000,-0.220000,-0.035108,-0.049774,-0.003719,-0.043719,0.311127,0.110000,0.001825,0
1772477819,570274165,-1.978903,-2.097688,2.771834,0.448744,-1.610078,-1.211382,1,0.055303,-0.361505,0.311127,0.005199,0.311127,0.036966,0.223363,0.025199,-0.021928,-0.050770,-0.308613,-0.039468,-0.308721,-0.038615,-0.220000,-0.038615,1,-2.292267,-0.220000,-0.220000,-0.032134,-0.046801,0.025199,-0.014801,0.311127,0.110000,0.012866,0
1772477819,620558056,-1.976603,-2.094204,2.754560,0.444614,-1.610684,-1.228656,1,0.052395,-0.330974,0.311127,0.036966,0.311127,0.087659,0.222398,0.056966,-0.029713,-0.043155,-0.308721,-0.038615,-0.309417,-0.032572,-0.220000,-0.032572,1,-1.957263,-0.220000,-0.220000,-0.031282,-0.045948,0.056966,0.016966,0.311127,0.110000,0.030140,0
1772477819,645537464,-1.975519,-2.092933,2.746171,0.442560,-1.610544,-1.236959,1,0.053176,-0.321871,0.311127,0.087659,0.311127,0.112863,0.222024,0.107659,-0.036682,-0.038498,-0.309417,-0.032572,-0.309686,-0.029909,-0.220000,-0.029909,1,-1.814188,-0.220000,-0.220000,-0.025239,-0.039905,0.107659,0.067659,0.311127,0.110000,0.038444,0
