sec,nsec,x,y,yaw,map_x,map_y,map_yaw,map_pose_valid,v_real,w_real,v_now,w_now,v_cmd,w_cmd,v_nav,w_nav,vx_real,vy_real,vx_now,vy_now,vx_cmd,vy_cmd,vx_nav,vy_nav,velocity_violation,curvature,dw_vx_max,dw_vx_min,dw_vy_max,dw_vy_min,dw_w_max,dw_w_min,v_reg,lookahead_dist,lookahead_yaw,is_accel
1772477555,770163188,0.168437,-1.304920,2.761173,-1.384327,-0.429616,-1.324710,1,0.000000,-0.004365,0.000000,0.000000,0.311127,-0.001774,0.007364,-0.001774,0.000000,0.000000,0.000000,0.000000,0.311126,0.000666,0.007333,0.000666,1,0.038932,0.007333,-0.007333,0.007333,-0.007333,0.020000,-0.020000,0.311127,0.110000,-0.000627,1
1772477555,795231032,0.169146,-1.305633,2.761073,-1.384165,-0.428624,-1.324810,1,0.000000,-0.008710,0.311127,-0.001774,0.311127,-0.001490,0.220000,-0.001490,0.000000,0.000000,0.311126,0.000666,0.311127,-0.000428,0.220000,-0.000428,1,-0.025001,0.220000,0.220000,0.008000,-0.006667,0.018226,-0.021774,0.311127,0.110000,-0.000527,1
1772477555,845249411,0.167874,-1.305858,2.760652,-1.383238,-0.429522,-1.325232,1,0.015730,0.003345,0.311127,-0.001490,0.311127,-0.000299,0.220011,-0.000299,0.015730,0.000000,0.311127,-0.000428,0.311119,-0.002224,0.220000,-0.002224,1,-0.129960,0.220000,0.220000,0.006906,-0.007761,0.018510,-0.021490,0.311127,0.110000,-0.000106,1
1772477555,870355136,0.169098,-1.305324,2.760138,-1.384387,-0.428844,-1.325745,1,0.023545,0.014230,0.311127,-0.000299,0.311127,0.001154,0.220001,0.001154,0.023395,-0.002660,0.311119,-0.002224,0.311126,0.000624,0.220000,0.000624,1,0.036474,0.220000,0.220000,0.005109,-0.009557,0.019701,-0.020299,0.311127,0.110000,0.000408,1
1772477555,895310120,0.167268,-1.305385,2.759950,-1.383265,-0.430291,-1.325933,1,0.021605,-0.010379,0.311127,0.001154,0.311127,0.001686,0.220004,0.001686,0.021530,-0.001790,0.311126,0.000624,0.311124,-0.001403,0.220000,-0.001403,1,-0.081970,0.220000,0.220000,0.007957,-0.006709,0.021154,-0.018846,0.311127,0.110000,0.000596,1
1772477555,945372428,0.166086,-1.304381,2.757982,-1.383385,-0.431837,-1.327902,1,0.037460,0.015757,0.311127,0.001686,0.311127,0.007254,0.220001,0.007254,0.037424,-0.001633,0.311124,-0.001403,0.311126,0.000602,0.220000,0.000602,1,0.035198,0.220000,0.220000,0.005931,-0.008736,0.021686,-0.018314,0.311127,0.110000,0.002565,1
1772477555,970442157,0.165459,-1.304370,2.756754,-1.383026,-0.432351,-1.329129,1,0.045306,0.020425,0.311127,0.007254,0.311127,0.010726,0.220000,0.010726,0.045306,0.000000,0.311126,0.000602,0.311127,0.000354,0.220000,0.000354,1,0.020660,0.220000,0.220000,0.007936,-0.006731,0.027254,-0.012746,0.311127,0.110000,0.003792,1
1772477555,995437805,0.165868,-1.303785,2.755017,-1.383740,-0.432363,-1.330867,1,0.043934,0.010642,0.311127,0.010726,0.311127,0.015640,0.220019,0.015640,0.043934,0.000000,0.311127,0.000354,0.311114,0.002861,0.220000,0.002861,1,0.167201,0.220000,0.220000,0.007687,-0.006980,0.030726,-0.009274,0.311127,0.110000,0.005530,1
1772477556,45480101,0.162680,-1.303199,2.753519,-1.382345,-0.435289,-1.332365,1,0.059815,0.015387,0.311127,0.015640,0.311127,0.019877,0.220005,0.019877,0.059754,0.002717,0.311114,0.002861,0.311123,0.001511,0.220000,0.001511,1,0.088307,0.220000,0.220000,0.010194,-0.004472,0.035640,-0.004360,0.311127,0.110000,0.007028,1
1772477556,70546277,0.162310,-1.304028,2.752146,-1.381457,-0.435103,-1.333737,1,0.066212,0.016032,0.311127,0.019877,0.311127,0.023758,0.220001,0.023758,0.066192,0.001623,0.311123,0.001511,0.311126,-0.000628,0.220000,-0.000628,1,-0.036700,0.220000,0.220000,0.008844,-0.005822,0.039877,-0.000123,0.311127,0.110000,0.008400,1
1772477556,95571354,0.160661,-1.303073,2.750955,-1.381264,-0.436998,-1.334928,1,0.066540,0.021189,0.311127,0.023758,0.311127,0.027129,0.220001,0.027129,0.066520,0.001660,0.311126,-0.000628,0.311127,0.000516,0.220000,0.000516,1,0.030178,0.220000,0.220000,0.006705,-0.007961,0.043758,0.003758,0.311127,0.110000,0.009591,1
1772477556,145721516,0.157092,-1.303714,2.746791,-1.378652,-0.439513,-1.339092,1,0.081448,0.017575,0.311127,0.027129,0.311127,0.038905,0.220030,0.038905,0.081439,0.001242,0.311127,0.000516,0.311106,-0.003626,0.220000,-0.003626,1,-0.211881,0.220000,0.220000,0.007850,-0.006817,0.047129,0.007129,0.311127,0.110000,0.013755,1
1772477556,170663758,0.156391,-1.304447,2.744118,-1.377647,-0.439652,-1.341765,1,0.088492,0.032566,0.311127,0.038905,0.311127,0.046465,0.220068,0.046465,0.088414,-0.003719,0.311106,-0.003626,0.311079,-0.005458,0.220000,-0.005458,1,-0.318985,0.220000,0.220000,0.003708,-0.010959,0.058905,0.018905,0.311127,0.110000,0.016428,1
1772477556,195703682,0.154245,-1.301696,2.742240,-1.378618,-0.443004,-1.343643,1,0.088486,0.042911,0.311127,0.046465,0.311127,0.051777,0.220000,0.051777,0.088429,-0.003166,0.311079,-0.005458,0.311127,0.000094,0.220000,0.000094,1,0.005518,0.220000,0.220000,0.001875,-0.012792,0.066465,0.026465,0.311127,0.110000,0.018306,1
1772477556,245741571,0.150786,-1.301401,2.737286,-1.376829,-0.445979,-1.348598,1,0.104162,0.050836,0.311127,0.051777,0.311127,0.065791,0.220003,0.065791,0.104162,0.000000,0.311127,0.000094,0.311125,-0.001229,0.220000,-0.001229,1,-0.071798,0.220000,0.220000,0.007428,-0.007239,0.071777,0.031777,0.311127,0.110000,0.023261,1
1772477556,270816907,0.149015,-1.301623,2.734425,-1.375610,-0.447283,-1.351459,1,0.109750,0.060843,0.311127,0.065791,0.311127,0.073883,0.220018,0.073883,0.109746,-0.001004,0.311125,-0.001229,0.311115,-0.002786,0.220000,-0.002786,1,-0.162781,0.220000,0.220000,0.006105,-0.008562,0.085791,0.045791,0.311127,0.110000,0.026121,1
1772477556,295841338,0.146886,-1.300802,2.731940,-1.375027,-0.449489,-1.353943,1,0.119533,0.084813,0.311127,0.073883,0.311127,0.080910,0.220010,0.080910,0.119495,-0.003002,0.311115,-0.002786,0.311120,-0.002096,0.220000,-0.002096,1,-0.122478,0.220000,0.220000,0.004548,-0.010119,0.093883,0.053883,0.311127,0.110000,0.028606,1
1772477556,345872427,0.142227,-1.299889,2.728935,-1.373035,-0.453798,-1.356949,1,0.126334,0.092740,0.311127,0.080910,0.311127,0.089411,0.220031,0.089411,0.126322,-0.001743,0.311120,-0.002096,0.311105,-0.003667,0.220000,-0.003667,1,-0.214292,0.220000,0.220000,0.005237,-0.009429,0.100910,0.060910,0.311127,0.110000,0.031611,1
1772477556,370941403,0.140275,-1.298416,2.727948,-1.373084,-0.456243,-1.357935,1,0.132389,0.097688,0.311127,0.089411,0.311127,0.092202,0.220005,0.092202,0.132348,-0.003276,0.311105,-0.003667,0.311123,-0.001544,0.220000,-0.001544,1,-0.090226,0.220000,0.220000,0.003666,-0.011000,0.109411,0.069411,0.311127,0.110000,0.032598,1
1772477556,395938870,0.137157,-1.297702,2.726056,-1.371834,-0.459188,-1.359828,1,0.142126,0.093222,0.311127,0.092202,0.311127,0.097554,0.220013,0.097554,0.142126,0.000000,0.311123,-0.001544,0.311118,-0.002362,0.220000,-0.002362,1,-0.138036,0.220000,0.220000,0.005789,-0.008877,0.112202,0.072202,0.311127,0.110000,0.034491,1
1772477556,446027148,0.133144,-1.296424,2.724418,-1.370516,-0.463188,-1.361465,1,0.149444,0.112698,0.311127,0.097554,0.311127,0.102186,0.220017,0.102186,0.149423,-0.002484,0.311118,-0.002362,0.311115,-0.002719,0.220000,-0.002719,1,-0.158874,0.220000,0.220000,0.004971,-0.009695,0.117554,0.077554,0.311127,0.110000,0.036128,1
1772477556,471099627,0.129664,-1.294368,2.724198,-1.370142,-0.467213,-1.361686,1,0.153740,0.089659,0.311127,0.102186,0.311127,0.102809,0.220002,0.102809,0.153725,-0.002155,0.311115,-0.002719,0.311126,-0.000911,0.220000,-0.000911,1,-0.053223,0.220000,0.220000,0.004615,-0.010052,0.122186,0.082186,0.311127,0.110000,0.036348,1
1772477556,496135664,0.125731,-1.294577,2.725098,-1.367666,-0.470276,-1.360785,1,0.163923,0.128894,0.311127,0.102809,0.311127,0.100262,0.220079,0.100262,0.163923,0.000000,0.311126,-0.000911,0.311071,-0.005881,0.220000,-0.005881,1,-0.343691,0.220000,0.220000,0.006423,-0.008244,0.122809,0.082809,0.311127,0.110000,0.035448,1
1772477556,546222157,0.119078,-1.291513,2.729389,-1.366247,-0.477462,-1.356495,1,0.174457,0.192057,0.311127,0.100262,0.311127,0.088127,0.220086,0.088127,0.174320,-0.006923,0.311071,-0.005881,0.311066,-0.006169,0.220000,-0.006169,1,-0.360534,0.220000,0.220000,0.001452,-0.013215,0.120262,0.080262,0.311127,0.110000,0.031158,1
1772477556,571270585,0.115040,-1.289098,2.731274,-1.365836,-0.482149,-1.354609,1,0.176346,0.091824,0.311127,0.088127,0.311127,0.082794,0.220049,0.082794,0.176256,-0.005650,0.311066,-0.006169,0.311092,-0.004660,0.220000,-0.004660,1,-0.272343,0.220000,0.220000,0.001164,-0.013503,0.108127,0.068127,0.311127,0.110000,0.029272,1
1772477556,596357686,0.112179,-1.288626,2.732287,-1.364541,-0.484744,-1.353596,1,0.189790,0.137261,0.311127,0.082794,0.311127,0.079929,0.220103,0.079929,0.189698,-0.005899,0.311092,-0.004660,0.311054,-0.006746,0.220000,-0.006746,1,-0.394211,0.220000,0.220000,0.002673,-0.011994,0.102794,0.062794,0.311127,0.110000,0.028259,1
1772477556,646410443,0.102735,-1.284282,2.735611,-1.362523,-0.494940,-1.350273,1,0.196460,0.123525,0.311127,0.079929,0.311127,0.070528,0.220090,0.070528,0.196424,-0.003775,0.311054,-0.006746,0.311063,-0.006308,0.220000,-0.006308,1,-0.368615,0.220000,0.220000,0.000588,-0.014079,0.099929,0.059929,0.311127,0.110000,0.024935,1
1772477556,671461943,0.099758,-1.282096,2.736187,-1.362549,-0.498635,-1.349697,1,0.196883,0.089706,0.311127,0.070528,0.311127,0.068899,0.220034,0.068899,0.196808,-0.005428,0.311063,-0.006308,0.311103,-0.003876,0.220000,-0.003876,1,-0.226521,0.220000,0.220000,0.001026,-0.013641,0.090528,0.050528,0.311127,0.110000,0.024360,1
1772477556,696499552,0.094078,-1.280908,2.738272,-1.360181,-0.503932,-1.347612,1,0.207161,0.094906,0.311127,0.068899,0.311127,0.063002,0.220124,0.063002,0.207110,-0.004586,0.311103,-0.003876,0.311039,-0.007382,0.220000,-0.007382,1,-0.431409,0.220000,0.220000,0.003457,-0.011210,0.088899,0.048899,0.311127,0.110000,0.022274,1
1772477556,746599031,0.086055,-1.276894,2.741303,-1.358729,-0.512784,-1.344580,1,0.212327,0.066834,0.311127,0.063002,0.311127,0.054428,0.220088,0.054428,0.212322,-0.001531,0.311039,-0.007382,0.311065,-0.006223,0.220000,-0.006223,1,-0.363686,0.220000,0.220000,-0.000049,-0.014716,0.083002,0.043002,0.311127,0.110000,0.019243,1
1772477556,771634656,0.079511,-1.276244,2.742262,-1.355418,-0.518467,-1.343621,1,0.220901,0.078841,0.311127,0.054428,0.311127,0.051715,0.220311,0.051715,0.220849,-0.004829,0.311065,-0.006223,0.310907,-0.011704,0.220000,-0.011704,1,-0.683959,0.220000,0.220000,0.001110,-0.013557,0.074428,0.034428,0.311127,0.110000,0.018284,1
1772477556,796674719,0.075423,-1.273704,2.742802,-1.355078,-0.523267,-1.343081,1,0.221614,0.063519,0.311127,0.051715,0.311127,0.050189,0.220205,0.050189,0.221589,-0.003372,0.310907,-0.011704,0.310982,-0.009501,0.220000,-0.009501,1,-0.555233,0.220000,0.220000,-0.004371,-0.019037,0.071715,0.031715,0.311127,0.110000,0.017744,1
1772477556,846710470,0.064928,-1.268312,2.743961,-1.353293,-0.534931,-1.341923,1,0.217398,0.048610,0.311127,0.050189,0.311127,0.046911,0.220103,0.046911,0.217210,-0.009059,0.310982,-0.009501,0.311054,-0.006742,0.220000,-0.006742,1,-0.393988,0.220000,0.220000,-0.002168,-0.016834,0.070189,0.030189,0.311127,0.110000,0.016586,1
1772477556,871751612,0.061306,-1.266824,2.743922,-1.352375,-0.538737,-1.341961,1,0.217326,0.061374,0.311127,0.046911,0.311127,0.047020,0.220100,0.047020,0.217202,-0.007350,0.311054,-0.006742,0.311056,-0.006632,0.220000,-0.006632,1,-0.387554,0.220000,0.220000,0.000591,-0.014075,0.066911,0.026911,0.311127,0.110000,0.016624,1
1772477556,896800645,0.056811,-1.264627,2.745618,-1.351520,-0.543667,-1.340266,1,0.217209,0.052788,0.311127,0.047020,0.311127,0.042225,0.220085,0.042225,0.217176,-0.003817,0.311056,-0.006632,0.311067,-0.006118,0.220000,-0.006118,1,-0.357538,0.220000,0.220000,0.000702,-0.013965,0.067020,0.027020,0.311127,0.110000,0.014929,1
1772477556,946931819,0.045336,-1.260665,2.749164,-1.348001,-0.555286,-1.336719,1,0.216756,0.041833,0.311127,0.042225,0.311127,0.032194,0.220180,0.032194,0.216721,-0.003912,0.311067,-0.006118,0.311000,-0.008891,0.220000,-0.008891,1,-0.519555,0.220000,0.220000,0.001215,-0.013452,0.062225,0.022225,0.311127,0.110000,0.011382,1
1772477556,971944030,0.041308,-1.258944,2.749309,-1.347033,-0.559558,-1.336574,1,0.217561,0.054392,0.311127,0.032194,0.311127,0.031784,0.220170,0.031784,0.217543,-0.002853,0.311000,-0.008891,0.311007,-0.008654,0.220000,-0.008654,1,-0.505708,0.220000,0.220000,-0.001557,-0.016224,0.052194,0.012194,0.311127,0.110000,0.011237,1
1772477556,996978911,0.035758,-1.256216,2.749089,-1.345989,-0.565653,-1.336795,1,0.218964,0.022604,0.311127,0.031784,0.311127,0.032407,0.220120,0.032407,0.218863,-0.006643,0.311007,-0.008654,0.311042,-0.007261,0.220000,-0.007261,1,-0.424343,0.220000,0.220000,-0.001320,-0.015987,0.051784,0.011784,0.311127,0.110000,0.011458,1
1772477557,47029948,0.026663,-1.252824,2.747695,-1.343404,-0.575009,-1.338188,1,0.219940,0.046595,0.311127,0.032407,0.311127,0.036349,0.220127,0.036349,0.219870,-0.005548,0.311042,-0.007261,0.311037,-0.007487,0.220000,-0.007487,1,-0.437555,0.220000,0.220000,0.000072,-0.014595,0.052407,0.012407,0.311127,0.110000,0.012851,1
1772477557,72173456,0.020993,-1.247471,2.748923,-1.344416,-0.582742,-1.336960,1,0.219954,0.035014,0.311127,0.036349,0.311127,0.032875,0.220000,0.032875,0.219917,-0.004033,0.311037,-0.007487,0.311127,0.000222,0.220000,-0.000154,1,0.012969,0.220000,0.220000,-0.000154,-0.014821,0.056349,0.016349,0.311127,0.110000,0.011623,1
1772477557,97117153,0.016862,-1.248554,2.748136,-1.341116,-0.585453,-1.337748,1,0.217410,0.043012,0.311127,0.032875,0.311127,0.035103,0.220103,0.035103,0.217367,-0.004338,0.311127,0.000222,0.311054,-0.006724,0.220000,-0.006724,1,-0.392918,0.220000,0.220000,0.007555,-0.007111,0.052875,0.012875,0.311127,0.110000,0.012411,1
1772477557,147204095,0.006690,-1.243995,2.749705,-1.338846,-0.596366,-1.336178,1,0.213635,0.024742,0.311127,0.035103,0.311127,0.030663,0.220080,0.030663,0.213616,0.002897,0.311054,-0.006724,0.311070,-0.005939,0.220000,-0.005939,1,-0.347062,0.220000,0.220000,0.000610,-0.014057,0.055103,0.015103,0.311127,0.110000,0.010841,1
1772477557,172233878,0.001685,-1.240861,2.751201,-1.338450,-0.602257,-1.334683,1,0.207909,0.030491,0.311127,0.030663,0.311127,0.026433,0.220027,0.026433,0.207876,-0.003692,0.311070,-0.005939,0.311108,-0.003442,0.220000,-0.003442,1,-0.201122,0.220000,0.220000,0.001394,-0.013272,0.050663,0.010663,0.311127,0.110000,0.009345,1
1772477557,197297490,-0.002870,-1.239613,2.751207,-1.336791,-0.606680,-1.334676,1,0.204823,0.014110,0.311127,0.026433,0.311127,0.026414,0.220056,0.026414,0.204807,-0.002594,0.311108,-0.003442,0.311087,-0.004957,0.220000,-0.004957,1,-0.289660,0.220000,0.220000,0.003892,-0.010775,0.046433,0.006433,0.311127,0.110000,0.009339,1
1772477557,247310449,-0.012568,-1.237685,2.751805,-1.332667,-0.615666,-1.334079,1,0.202491,0.026195,0.311127,0.026414,0.311127,0.024725,0.220240,0.024725,0.202491,0.000000,0.311087,-0.004957,0.310957,-0.010283,0.220000,-0.010283,1,-0.600905,0.220000,0.220000,0.002377,-0.012290,0.046414,0.006414,0.311127,0.110000,0.008742,1
1772477557,272456497,-0.016636,-1.236647,2.750972,-1.331122,-0.619570,-1.334911,1,0.201353,0.031026,0.311127,0.024725,0.311127,0.027080,0.220305,0.027080,0.201343,-0.002007,0.310957,-0.010283,0.310911,-0.011579,0.220000,-0.011579,1,-0.676659,0.220000,0.220000,-0.002949,-0.017616,0.044725,0.004725,0.311127,0.110000,0.009574,1
1772477557,297413645,-0.022812,-1.233435,2.752046,-1.330103,-0.626457,-1.333837,1,0.200740,0.018795,0.311127,0.027080,0.311127,0.024042,0.220226,0.024042,0.200628,-0.006733,0.310911,-0.011579,0.310967,-0.009974,0.220000,-0.009974,1,-0.582892,0.220000,0.220000,-0.004246,-0.018912,0.047080,0.007080,0.311127,0.110000,0.008500,1
1772477557,347488803,-0.032364,-1.230124,2.752002,-1.327020,-0.636194,-1.333936,1,0.201461,0.014865,0.311127,0.024042,0.311127,0.024322,0.220311,0.024322,0.201320,-0.007532,0.310967,-0.009974,0.310907,-0.011710,0.220000,-0.011710,1,-0.684322,0.220000,0.220000,-0.002641,-0.017308,0.044042,0.004042,0.311127,0.110000,0.008599,1
1772477557,372545002,-0.036938,-1.227209,2.752523,-1.324321,-0.642451,-1.334207,1,0.201846,0.022774,0.311127,0.024322,0.311127,0.025087,0.220493,0.025087,0.201751,-0.006185,0.310907,-0.011710,0.310778,-0.014732,0.220000,-0.014732,1,-0.860908,0.220000,0.220000,-0.004377,-0.019043,0.044322,0.004322,0.311127,0.110000,0.008870,1
1772477557,397591556,-0.042222,-1.225156,2.752711,-1.322892,-0.647936,-1.334019,1,0.203794,0.008103,0.311127,0.025087,0.311127,0.024556,0.220507,0.024556,0.203656,-0.007500,0.310778,-0.014732,0.310768,-0.014944,0.220000,-0.014944,1,-0.873279,0.220000,0.220000,-0.007399,-0.022065,0.045087,0.005087,0.311127,0.110000,0.008682,1
1772477557,447626095,-0.051003,-1.220453,2.753331,-1.321561,-0.657807,-1.333399,1,0.208281,0.034954,0.311127,0.024556,0.311127,0.022803,0.220327,0.022803,0.207974,-0.011304,0.310768,-0.014944,0.310895,-0.012001,0.220000,-0.012001,1,-0.701341,0.220000,0.220000,-0.007610,-0.022277,0.044556,0.004556,0.311127,0.110000,0.008062,1
1772477557,472656593,-0.055521,-1.217089,2.753732,-1.321642,-0.663440,-1.332998,1,0.213796,0.026770,0.311127,0.022803,0.311127,0.021668,0.220146,0.021668,0.213463,-0.011928,0.310895,-0.012001,0.311023,-0.008030,0.220000,-0.008030,1,-0.469249,0.220000,0.220000,-0.004668,-0.019335,0.042803,0.002803,0.311127,0.110000,0.007661,1
1772477557,497921685,-0.060891,-1.216591,2.752469,-1.318900,-0.668084,-1.334261,1,0.215534,0.019980,0.311127,0.021668,0.311127,0.025241,0.220325,0.025241,0.215297,-0.010089,0.311023,-0.008030,0.310897,-0.011969,0.220000,-0.011969,1,-0.699454,0.220000,0.220000,-0.000696,-0.015363,0.041668,0.001668,0.311127,0.110000,0.008924,1
1772477557,548043216,-0.070202,-1.212099,2.753690,-1.317089,-0.678262,-1.333040,1,0.220119,0.017265,0.311127,0.025241,0.311127,0.021788,0.220242,0.021788,0.220039,-0.005947,0.310897,-0.011969,0.310956,-0.010323,0.220000,-0.010323,1,-0.603275,0.220000,0.220000,-0.004636,-0.019302,0.045241,0.005241,0.311127,0.110000,0.007703,1
1772477557,572827887,-0.076499,-1.209509,2.754395,-1.315501,-0.684883,-1.332335,1,0.218878,-0.011703,0.311127,0.021788,0.311127,0.019793,0.220243,0.019793,0.218733,-0.007961,0.310956,-0.010323,0.310955,-0.010348,0.220000,-0.010348,1,-0.604747,0.220000,0.220000,-0.002990,-0.017657,0.041788,0.001788,0.311127,0.110000,0.006998,1
1772477557,597829589,-0.080823,-1.207493,2.754524,-1.314603,-0.689569,-1.332206,1,0.221907,0.026057,0.311127,0.019793,0.311127,0.019429,0.220211,0.019429,0.221736,-0.008701,0.310955,-0.010348,0.310978,-0.009632,0.220000,-0.009632,1,-0.562868,0.220000,0.220000,-0.003015,-0.017682,0.039793,-0.000207,0.311127,0.110000,0.006869,1
1772477557,647942410,-0.091118,-1.203302,2.755102,-1.311970,-0.700368,-1.331628,1,0.217102,0.003273,0.311127,0.019429,0.311127,0.017793,0.220210,0.017793,0.216974,-0.007450,0.310978,-0.009632,0.310978,-0.009611,0.220000,-0.009611,1,-0.561665,0.220000,0.220000,-0.002298,-0.016965,0.039429,-0.000571,0.311127,0.110000,0.006291,1
1772477557,672973894,-0.096861,-1.200006,2.755863,-1.311279,-0.706953,-1.330867,1,0.216975,0.012524,0.311127,0.017793,0.311127,0.015640,0.220118,0.015640,0.216856,-0.007190,0.310978,-0.009611,0.311043,-0.007219,0.220000,-0.007219,1,-0.421882,0.220000,0.220000,-0.002278,-0.016945,0.037793,-0.002207,0.311127,0.110000,0.005529,1
1772477557,698022022,-0.100898,-1.198685,2.755901,-1.309885,-0.710989,-1.330862,1,0.216755,0.001703,0.311127,0.015640,0.311127,0.015628,0.220155,0.015628,0.216642,-0.006991,0.311043,-0.007219,0.311017,-0.008272,0.220000,-0.008272,1,-0.483377,0.220000,0.220000,0.000114,-0.014553,0.035640,-0.004360,0.311127,0.110000,0.005525,1
1772477557,748042607,-0.112088,-1.193272,2.755112,-1.306174,-0.723065,-1.332176,1,0.216498,0.014375,0.311127,0.015628,0.311127,0.019343,0.220216,0.019343,0.216447,-0.004702,0.311017,-0.008272,0.310974,-0.009744,0.220000,-0.009744,1,-0.569397,0.220000,0.220000,-0.000938,-0.015605,0.035628,-0.004372,0.311127,0.110000,0.006839,1
1772477557,773072075,-0.115594,-1.194176,2.753426,-1.303390,-0.725379,-1.333862,1,0.218308,0.002002,0.311127,0.019343,0.311127,0.024112,0.220529,0.024112,0.218226,-0.005986,0.310974,-0.009744,0.310752,-0.015270,0.220000,-0.015270,1,-0.892368,0.220000,0.220000,-0.002410,-0.017077,0.039343,-0.000657,0.311127,0.110000,0.008525,1
1772477557,798130609,-0.120306,-1.192660,2.753288,-1.301862,-0.730087,-1.333999,1,0.219513,0.026551,0.311127,0.024112,0.311127,0.024500,0.220594,0.024500,0.219350,-0.008443,0.310752,-0.015270,0.310706,-0.016184,0.220000,-0.016184,1,-0.945771,0.220000,0.220000,-0.007937,-0.022604,0.044112,0.004112,0.311127,0.110000,0.008662,1
1772477557,848216834,-0.131315,-1.187158,2.754758,-1.299882,-0.742234,-1.332530,1,0.220326,0.013501,0.311127,0.024500,0.311127,0.020344,0.220428,0.020344,0.219928,-0.013240,0.310706,-0.016184,0.310824,-0.013723,0.220000,-0.013723,1,-0.801961,0.220000,0.220000,-0.008851,-0.023517,0.044500,0.004500,0.311127,0.110000,0.007193,1
1772477557,873243370,-0.136488,-1.184084,2.756076,-1.299347,-0.748228,-1.331211,1,0.220538,0.010718,0.311127,0.020344,0.311127,0.016615,0.220299,0.016615,0.220069,-0.014380,0.310824,-0.013723,0.310915,-0.011480,0.220000,-0.011480,1,-0.670902,0.220000,0.220000,-0.006390,-0.021056,0.040344,0.000344,0.311127,0.110000,0.005874,1
1772477557,898299176,-0.141766,-1.183399,2.756805,-1.296814,-0.752909,-1.330483,1,0.220746,0.008458,0.311127,0.016615,0.311127,0.014555,0.220541,0.014555,0.220429,-0.011837,0.310915,-0.011480,0.310744,-0.015440,0.220000,-0.015440,1,-0.902288,0.220000,0.220000,-0.004147,-0.018814,0.036615,-0.003385,0.311127,0.110000,0.005146,1
1772477557,948310413,-0.151314,-1.179479,2.756804,-1.294405,-0.762945,-1.330484,1,0.220397,0.008656,0.311127,0.014555,0.311127,0.014557,0.220521,0.014557,0.220185,-0.009662,0.310744,-0.015440,0.310758,-0.015150,0.220000,-0.015150,1,-0.885367,0.220000,0.220000,-0.008107,-0.022773,0.034555,-0.005445,0.311127,0.110000,0.005147,1
1772477557,973360942,-0.156070,-1.176156,2.756043,-1.294366,-0.768776,-1.331249,1,0.220626,0.002767,0.311127,0.014557,0.311127,0.016720,0.220275,0.016720,0.220194,-0.013801,0.310758,-0.015150,0.310932,-0.011011,0.220000,-0.011011,1,-0.643455,0.220000,0.220000,-0.007817,-0.022484,0.034557,-0.005443,0.311127,0.110000,0.005911,1
1772477557,998400443,-0.162665,-1.175444,2.755311,-1.291911,-0.775030,-1.332045,1,0.220937,0.017918,0.311127,0.016720,0.311127,0.018973,0.220396,0.018973,0.220487,-0.014086,0.310932,-0.011011,0.310847,-0.013201,0.220000,-0.013201,1,-0.771461,0.220000,0.220000,-0.003677,-0.018344,0.036720,-0.003280,0.311127,0.110000,0.006708,1
1772477558,48410475,-0.171153,-1.169799,2.755539,-1.291522,-0.785216,-1.331818,1,0.219834,0.004718,0.311127,0.018973,0.311127,0.018329,0.220122,0.018329,0.219649,-0.009023,0.310847,-0.013201,0.311040,-0.007338,0.220000,-0.007338,1,-0.428811,0.220000,0.220000,-0.005868,-0.020535,0.038973,-0.001027,0.311127,0.110000,0.006480,1
1772477558,73445965,-0.175804,-1.167202,2.755536,-1.290907,-0.790508,-1.331820,1,0.219750,0.012805,0.311127,0.018329,0.311127,0.018337,0.220066,0.018337,0.219420,-0.012044,0.311040,-0.007338,0.311080,-0.005387,0.220000,-0.005387,1,-0.314838,0.220000,0.220000,-0.000004,-0.014671,0.038329,-0.001671,0.311127,0.110000,0.006483,1
1772477558,98536780,-0.182010,-1.164495,2.756739,-1.289471,-0.797124,-1.330617,1,0.220335,0.001496,0.311127,0.018337,0.311127,0.014935,0.220060,0.014935,0.220241,-0.006447,0.311080,-0.005387,0.311084,-0.005154,0.220000,-0.005154,1,-0.301192,0.220000,0.220000,0.001946,-0.012721,0.038337,-0.001663,0.311127,0.110000,0.005280,1
1772477558,148630860,-0.193137,-1.160797,2.757800,-1.285959,-0.808311,-1.329556,1,0.220441,0.005309,0.311127,0.014935,0.311127,0.011933,0.220125,0.011933,0.220402,-0.004130,0.311084,-0.005154,0.311038,-0.007431,0.220000,-0.007431,1,-0.434244,0.220000,0.220000,0.002179,-0.012487,0.034935,-0.005065,0.311127,0.110000,0.004219,1
1772477558,173626576,-0.197111,-1.159328,2.757525,-1.284825,-0.812394,-1.329832,1,0.219850,0.010232,0.311127,0.011933,0.311127,0.012713,0.220133,0.012713,0.219815,-0.003900,0.311038,-0.007431,0.311033,-0.007650,0.220000,-0.007650,1,-0.447058,0.220000,0.220000,-0.000097,-0.014764,0.031933,-0.008067,0.311127,0.110000,0.004495,1
1772477558,198659173,-0.202297,-1.155390,2.758142,-1.284984,-0.818903,-1.329214,1,0.220343,0.001733,0.311127,0.012713,0.311127,0.010966,0.220020,0.010966,0.220245,-0.006567,0.311033,-0.007650,0.311113,-0.002932,0.220000,-0.002932,1,-0.171334,0.220000,0.220000,-0.000317,-0.014983,0.032713,-0.007287,0.311127,0.110000,0.003877,1
1772477558,248770631,-0.212726,-1.149938,2.758750,-1.283563,-0.830064,-1.328682,1,0.220132,0.008620,0.311127,0.010966,0.311127,0.009462,0.220001,0.009462,0.220018,-0.007082,0.311113,-0.002932,0.311126,0.000675,0.220000,0.000675,1,0.039467,0.220000,0.220000,0.004401,-0.010265,0.030966,-0.009034,0.311127,0.110000,0.003345,1
1772477558,273780509,-0.218549,-1.147889,2.759136,-1.286040,-0.828094,-1.329536,1,0.220624,0.009271,0.311127,0.009462,0.311127,0.011875,0.220093,0.011875,0.220613,0.002230,0.311126,0.000675,0.311061,0.006383,0.220000,0.006383,1,0.373042,0.220000,0.220000,0.008009,-0.006658,0.029462,-0.010538,0.311127,0.110000,0.004199,1
1772477558,298808345,-0.223620,-1.146318,2.759365,-1.284353,-0.833128,-1.329306,1,0.219529,0.003759,0.311127,0.011875,0.311127,0.011226,0.220060,0.011226,0.219514,0.002525,0.311061,0.006383,0.311084,0.005144,0.220000,0.005144,1,0.300597,0.220000,0.220000,0.013717,-0.000950,0.031875,-0.008125,0.311127,0.110000,0.003969,1
1772477558,348870352,-0.233321,-1.142220,2.760301,-1.282015,-0.843395,-1.328370,1,0.219716,0.006827,0.311127,0.011226,0.311127,0.008579,0.220069,0.008579,0.219570,0.008020,0.311084,0.005144,0.311078,0.005493,0.220000,0.005493,1,0.320986,0.220000,0.220000,0.012477,-0.002190,0.031226,-0.008774,0.311127,0.110000,0.003033,1
1772477558,373918392,-0.238813,-1.141004,2.759251,-1.279794,-0.848563,-1.329421,1,0.220190,0.015286,0.311127,0.008579,0.311127,0.011550,0.220024,0.011550,0.220088,0.006699,0.311078,0.005493,0.311110,0.003279,0.220000,0.003279,1,0.191617,0.220000,0.220000,0.012826,-0.001841,0.028579,-0.011421,0.311127,0.110000,0.004084,1
1772477558,398963402,-0.243142,-1.138559,2.760092,-1.279251,-0.853505,-1.328579,1,0.219533,0.003736,0.311127,0.011550,0.311127,0.009170,0.220055,0.009170,0.219439,0.006430,0.311110,0.003279,0.311088,0.004923,0.220000,0.004923,1,0.287702,0.220000,0.220000,0.010612,-0.004054,0.031550,-0.008450,0.311127,0.110000,0.003242,1
1772477558,423997607,-0.248068,-1.136877,2.760809,-1.277738,-0.858486,-1.327863,1,0.219489,-0.003849,0.311127,0.009170,0.311127,0.007144,0.220036,0.007144,0.219457,0.003747,0.311088,0.004923,0.311102,0.003974,0.220000,0.003974,1,0.232256,0.220000,0.220000,0.012256,-0.002410,0.029170,-0.010830,0.311127,0.110000,0.002526,1
1772477558,474007229,-0.258818,-1.131275,2.761416,-1.276007,-0.870484,-1.327255,1,0.219355,-0.016645,0.311127,0.007144,0.311127,0.005426,0.220120,0.005426,0.219301,0.004901,0.311102,0.003974,0.311042,0.007282,0.220000,0.007282,1,0.425568,0.220000,0.220000,0.011308,-0.003359,0.027144,-0.012856,0.311127,0.110000,0.001918,1
1772477558,499083395,-0.263612,-1.130185,2.761763,-1.274092,-0.875012,-1.326909,1,0.220042,0.001132,0.311127,0.005426,0.311127,0.004446,0.220058,0.004446,0.220000,0.004320,0.311042,0.007282,0.311086,0.005033,0.220000,0.005033,1,0.294096,0.220000,0.220000,0.014616,-0.000051,0.025426,-0.014574,0.311127,0.110000,0.001572,1
1772477558,524140591,-0.268913,-1.127851,2.762627,-1.272784,-0.880752,-1.326045,1,0.219920,-0.001597,0.311127,0.004446,0.311127,0.002002,0.220060,0.002002,0.219784,0.007720,0.311086,0.005033,0.311085,0.005118,0.220000,0.005118,1,0.299110,0.220000,0.220000,0.012366,-0.002301,0.024446,-0.015554,0.311127,0.110000,0.000708,1
1772477558,574233718,-0.279849,-1.125758,2.761725,-1.266211,-0.892139,-1.326945,1,0.220340,0.006627,0.311127,0.002002,0.311127,0.004549,0.220011,0.004549,0.220264,0.005789,0.311085,0.005118,0.311090,-0.004808,0.220000,-0.002215,1,-0.280986,0.220000,0.220000,0.012452,-0.002215,0.022002,-0.017998,0.311127,0.110000,0.001608,1
1772477558,599215815,-0.285903,-1.124045,2.761825,-1.264066,-0.898054,-1.326846,1,0.219871,-0.005470,0.311127,0.004549,0.311127,0.004267,0.220101,0.004267,0.219808,0.005284,0.311090,-0.004808,0.311056,-0.006660,0.220000,-0.006660,1,-0.389173,0.220000,0.220000,0.002525,-0.012142,0.024549,-0.015451,0.311127,0.110000,0.001509,1
1772477558,624254491,-0.290363,-1.122405,2.762077,-1.262792,-0.902632,-1.326593,1,0.220063,0.001699,0.311127,0.004267,0.311127,0.003552,0.220114,0.003552,0.220060,-0.001235,0.311056,-0.006660,0.311046,-0.007086,0.220000,-0.007086,1,-0.414118,0.220000,0.220000,0.000674,-0.013993,0.024267,-0.015733,0.311127,0.110000,0.001256,1
1772477558,674270329,-0.300961,-1.117726,2.762714,-1.260400,-0.913968,-1.325956,1,0.220663,-0.004599,0.311127,0.003552,0.311127,0.001751,0.220083,0.001751,0.220555,-0.006932,0.311046,-0.007086,0.311068,-0.006056,0.220000,-0.006056,1,-0.353902,0.220000,0.220000,0.000247,-0.014420,0.023552,-0.016448,0.311127,0.110000,0.000619,1
1772477558,699328391,-0.305809,-1.116071,2.762749,-1.258912,-0.918869,-1.325922,1,0.220295,-0.008614,0.311127,0.001751,0.311127,0.001653,0.220104,0.001653,0.220198,-0.006552,0.311068,-0.006056,0.311053,-0.006781,0.220000,-0.006781,1,-0.396290,0.220000,0.220000,0.001277,-0.013389,0.021751,-0.018249,0.311127,0.110000,0.000585,1
1772477558,724369861,-0.310585,-1.113434,2.763380,-1.258263,-0.924286,-1.325291,1,0.220512,-0.014799,0.311127,0.001653,0.311127,-0.000131,0.220058,-0.000131,0.220423,-0.006245,0.311053,-0.006781,0.311086,-0.005033,0.220000,-0.005033,1,-0.294139,0.220000,0.220000,0.000552,-0.014115,0.021653,-0.018347,0.311127,0.110000,-0.000046,1
1772477558,774377140,-0.321962,-1.109162,2.763448,-1.255186,-0.935771,-1.325258,1,0.219632,0.017165,0.311127,-0.000131,0.311127,-0.000224,0.220071,-0.000224,0.219588,-0.004378,0.311086,-0.005033,0.311077,-0.005592,0.220000,-0.005592,1,-0.326798,0.220000,0.220000,0.002300,-0.012367,0.019869,-0.020131,0.311127,0.110000,-0.000079,1
1772477558,799454288,-0.327772,-1.106457,2.763943,-1.255810,-0.937611,-1.325415,1,0.220225,-0.020881,0.311127,-0.000224,0.311127,0.000219,0.220015,0.000219,0.220165,-0.005122,0.311077,-0.005592,0.311116,-0.002567,0.220000,-0.002567,1,-0.149989,0.220000,0.220000,0.001741,-0.012925,0.019776,-0.020224,0.311127,0.110000,0.000078,1
1772477558,824492962,-0.332637,-1.105393,2.763904,-1.253835,-0.942182,-1.325453,1,0.220114,-0.013237,0.311127,0.000219,0.311127,0.000328,0.220053,0.000328,0.220044,-0.005565,0.311116,-0.002567,0.311089,-0.004831,0.220000,-0.004831,1,-0.282334,0.220000,0.220000,0.004767,-0.009900,0.020219,-0.019781,0.311127,0.110000,0.000116,1
1772477558,874516020,-0.343748,-1.101111,2.764745,-1.250830,-0.953704,-1.324613,1,0.220091,-0.009577,0.311127,0.000328,0.311127,-0.002049,0.220067,-0.002049,0.220027,-0.005319,0.311089,-0.004831,0.311080,-0.005419,0.220000,-0.005419,1,-0.316682,0.220000,0.220000,0.002502,-0.012165,0.020328,-0.019672,0.311127,0.110000,-0.000724,1
1772477558,899559520,-0.349057,-1.098962,2.765650,-1.249477,-0.959270,-1.323707,1,0.220410,0.007467,0.311127,-0.002049,0.311127,-0.004610,0.220071,-0.004610,0.220356,-0.004842,0.311080,-0.005419,0.311077,-0.005588,0.220000,-0.005588,1,-0.326547,0.220000,0.220000,0.001914,-0.012752,0.017951,-0.022049,0.311127,0.110000,-0.001630,1
1772477558,924615141,-0.353927,-1.095652,2.766549,-1.249324,-0.965155,-1.322808,1,0.220235,-0.002223,0.311127,-0.004610,0.311127,-0.007153,0.220011,-0.007153,0.220159,-0.005789,0.311077,-0.005588,0.311119,-0.002243,0.220000,-0.002243,1,-0.131094,0.220000,0.220000,0.001745,-0.012921,0.015390,-0.024610,0.311127,0.110000,-0.002529,1
1772477558,974651745,-0.366689,-1.090971,2.766831,-1.245679,-0.978251,-1.322527,1,0.220148,0.002854,0.311127,-0.007153,0.311127,-0.007949,0.220025,-0.007949,0.220142,-0.001662,0.311119,-0.002243,0.311109,-0.003329,0.220000,-0.003329,1,-0.194546,0.220000,0.220000,0.005090,-0.009577,0.012847,-0.027153,0.311127,0.110000,-0.002810,1
1772477558,999695081,-0.372141,-1.087819,2.767179,-1.245057,-0.984518,-1.322178,1,0.220189,-0.014740,0.311127,-0.007949,0.311127,-0.008935,0.220002,-0.008935,0.220184,-0.001456,0.311109,-0.003329,0.311126,-0.000837,0.220000,-0.000837,1,-0.048936,0.220000,0.220000,0.004004,-0.010662,0.012051,-0.027949,0.311127,0.110000,-0.003159,1
1772477559,24758520,-0.376020,-1.088206,2.766067,-1.242467,-0.987301,-1.323182,1,0.219994,0.008521,0.311127,-0.008935,0.311127,-0.006096,0.220074,-0.006096,0.219994,0.000000,0.311126,-0.000837,0.311074,-0.005718,0.220000,-0.005718,1,-0.334125,0.220000,0.220000,0.006496,-0.008171,0.011065,-0.028935,0.311127,0.110000,-0.002155,1
1772477559,74833704,-0.386870,-1.083426,2.767208,-1.239769,-0.996371,-1.320098,1,0.219937,-0.026456,0.311127,-0.006096,0.311127,-0.014818,0.220140,-0.014818,0.219852,-0.006096,0.311074,-0.005718,0.311028,-0.007846,0.220000,-0.007846,1,-0.458529,0.220000,0.220000,0.001616,-0.013051,0.013904,-0.026096,0.311127,0.110000,-0.005239,1
1772477559,99795700,-0.392131,-1.082636,2.766265,-1.237331,-1.001099,-1.321041,1,0.220155,-0.005065,0.311127,-0.014818,0.311127,-0.012151,0.220274,-0.012151,0.220080,-0.005752,0.311028,-0.007846,0.310933,-0.010991,0.220000,-0.010991,1,-0.642270,0.220000,0.220000,-0.000513,-0.015180,0.005182,-0.034818,0.311127,0.110000,-0.004296,1
1772477559,124841227,-0.397169,-1.078288,2.767627,-1.237909,-1.007729,-1.319679,1,0.220541,-0.030654,0.311127,-0.012151,0.311127,-0.016003,0.220063,-0.016003,0.220226,-0.011788,0.310933,-0.010991,0.311082,-0.005272,0.220000,-0.005272,1,-0.308060,0.220000,0.220000,-0.003657,-0.018324,0.007849,-0.032151,0.311127,0.110000,-0.005658,1
1772477559,174893278,-0.407198,-1.074395,2.768199,-1.235198,-1.018140,-1.319107,1,0.220315,0.028260,0.311127,-0.016003,0.311127,-0.017621,0.220075,-0.017621,0.220290,-0.003347,0.311082,-0.005272,0.311074,-0.005734,0.220000,-0.005734,1,-0.335078,0.220000,0.220000,0.002062,-0.012605,0.003997,-0.036003,0.311127,0.110000,-0.006230,1
1772477559,199938671,-0.412156,-1.071024,2.769112,-1.235030,-1.024132,-1.318195,1,0.220398,-0.021049,0.311127,-0.017621,0.311127,-0.020202,0.220013,-0.020202,0.220331,-0.005432,0.311074,-0.005734,0.311118,-0.002360,0.220000,-0.002360,1,-0.137905,0.220000,0.220000,0.001599,-0.013067,0.002379,-0.037621,0.311127,0.110000,-0.007142,1
1772477559,249983381,-0.422716,-1.066494,2.768292,-1.232524,-1.035346,-1.319015,1,0.219936,0.001865,0.311127,-0.020202,0.311127,-0.017882,0.220004,-0.017882,0.219927,-0.002050,0.311118,-0.002360,0.311124,-0.001273,0.220000,-0.001273,1,-0.074382,0.220000,0.220000,0.004974,-0.009693,-0.000202,-0.040202,0.311127,0.110000,-0.006322,1
1772477559,275016234,-0.428959,-1.066526,2.767052,-1.228641,-1.040474,-1.320320,1,0.219795,-0.019414,0.311127,-0.017882,0.311127,-0.014189,0.220145,-0.014189,0.219795,0.000000,0.311124,-0.001273,0.311024,-0.007995,0.220000,-0.007995,1,-0.467204,0.220000,0.220000,0.006061,-0.008606,0.002118,-0.037882,0.311127,0.110000,-0.005017,1
1772477559,300079197,-0.432769,-1.063043,2.766971,-1.225324,-1.047212,-1.321670,1,0.220214,-0.010834,0.311127,-0.014189,0.311127,-0.010371,0.220329,-0.010371,0.220214,0.000000,0.311024,-0.007995,0.310894,-0.012044,0.220000,-0.012044,1,-0.703859,0.220000,0.220000,-0.000661,-0.015328,0.005811,-0.034189,0.311127,0.110000,-0.003667,1
1772477559,325126824,-0.438550,-1.060929,2.766262,-1.223663,-1.053139,-1.322379,1,0.220067,-0.037900,0.311127,-0.010371,0.311127,-0.008366,0.220344,-0.008366,0.219697,-0.012762,0.310894,-0.012044,0.310884,-0.012306,0.220000,-0.012306,1,-0.719166,0.220000,0.220000,-0.004711,-0.019378,0.009629,-0.030371,0.311127,0.110000,-0.002958,1
1772477559,375152696,-0.449420,-1.054190,2.767478,-1.222785,-1.065898,-1.321163,1,0.220393,-0.003174,0.311127,-0.008366,0.311127,-0.011806,0.220091,-0.011806,0.220066,-0.011990,0.310884,-0.012306,0.311063,-0.006327,0.220000,-0.006327,1,-0.369728,0.220000,0.220000,-0.004973,-0.019640,0.011634,-0.028366,0.311127,0.110000,-0.004174,1
1772477559,400194769,-0.452545,-1.053538,2.766962,-1.221489,-1.068816,-1.321679,1,0.219840,-0.004328,0.311127,-0.011806,0.311127,-0.010346,0.220135,-0.010346,0.219501,-0.012196,0.311063,-0.006327,0.311031,-0.007716,0.220000,-0.007716,1,-0.450917,0.220000,0.220000,0.001007,-0.013660,0.008194,-0.031806,0.311127,0.110000,-0.003658,1
1772477559,425243340,-0.457355,-1.052013,2.767513,-1.219917,-1.073610,-1.321129,1,0.219892,-0.014268,0.311127,-0.010346,0.311127,-0.011903,0.220180,-0.011903,0.219750,-0.007889,0.311031,-0.007716,0.311000,-0.008903,0.220000,-0.008903,1,-0.520285,0.220000,0.220000,-0.000383,-0.015049,0.009654,-0.030346,0.311127,0.110000,-0.004208,1
1772477559,475275178,-0.468389,-1.044616,2.767866,-1.219476,-1.086887,-1.320776,1,0.220533,-0.012751,0.311127,-0.011903,0.311127,-0.012901,0.220006,-0.012901,0.220336,-0.009334,0.311000,-0.008903,0.311125,-0.001099,0.220000,-0.001570,1,-0.064239,0.220000,0.220000,-0.001570,-0.016236,0.008097,-0.031903,0.311127,0.110000,-0.004561,1
1772477559,500290422,-0.474200,-1.043388,2.766768,-1.217079,-1.092321,-1.321874,1,0.219591,-0.009929,0.311127,-0.012901,0.311127,-0.009796,0.220029,-0.009796,0.219410,-0.008920,0.311125,-0.001099,0.311106,-0.003600,0.220000,-0.003600,1,-0.210402,0.220000,0.220000,0.006234,-0.008433,0.007099,-0.032901,0.311127,0.110000,-0.003464,1
1772477559,550417092,-0.483380,-1.040653,2.765662,-1.212668,-1.104625,-1.322185,1,0.220473,-0.015892,0.311127,-0.009796,0.311127,-0.008916,0.220116,-0.008916,0.220442,-0.003722,0.311106,-0.003600,0.311045,-0.007147,0.220000,-0.007147,1,-0.417633,0.220000,0.220000,0.003733,-0.010934,0.010204,-0.029796,0.311127,0.110000,-0.003152,1
1772477559,575448417,-0.489373,-1.037830,2.765930,-1.211454,-1.111137,-1.321916,1,0.220008,-0.001106,0.311127,-0.008916,0.311127,-0.009675,0.220084,-0.009675,0.219893,-0.007090,0.311045,-0.007147,0.311067,-0.006085,0.220000,-0.006085,1,-0.355599,0.220000,0.220000,0.000187,-0.014480,0.011084,-0.028916,0.311127,0.110000,-0.003421,1
1772477559,600437046,-0.493994,-1.036207,2.765605,-1.210069,-1.115835,-1.322242,1,0.220027,-0.010713,0.311127,-0.009675,0.311127,-0.008755,0.220098,-0.008755,0.219944,-0.006046,0.311067,-0.006085,0.311058,-0.006556,0.220000,-0.006556,1,-0.383132,0.220000,0.220000,0.001248,-0.013418,0.010325,-0.029675,0.311127,0.110000,-0.003095,1
1772477559,625473826,-0.499412,-1.034342,2.765017,-1.208413,-1.121320,-1.322829,1,0.220362,-0.003887,0.311127,-0.008755,0.311127,-0.007093,0.220116,-0.007093,0.220275,-0.006216,0.311058,-0.006556,0.311045,-0.007145,0.220000,-0.007145,1,-0.417562,0.220000,0.220000,0.000777,-0.013889,0.011245,-0.028755,0.311127,0.110000,-0.002508,1
1772477559,675534375,-0.509753,-1.029140,2.765506,-1.206587,-1.132752,-1.322341,1,0.219527,-0.007077,0.311127,-0.007093,0.311127,-0.008475,0.220045,-0.008475,0.219410,-0.007164,0.311045,-0.007145,0.311095,-0.004451,0.220000,-0.004451,1,-0.260084,0.220000,0.220000,0.000188,-0.014479,0.012907,-0.027093,0.311127,0.110000,-0.002996,1
1772477559,700625272,-0.514280,-1.027214,2.766256,-1.205502,-1.137550,-1.321591,1,0.219996,0.001017,0.311127,-0.008475,0.311127,-0.010596,0.220043,-0.010596,0.219970,-0.003384,0.311095,-0.004451,0.311096,-0.004363,0.220000,-0.004363,1,-0.254958,0.220000,0.220000,0.002883,-0.011784,0.011525,-0.028475,0.311127,0.110000,-0.003746,1
1772477559,725593495,-0.520738,-1.025055,2.765912,-1.203478,-1.144051,-1.321935,1,0.219735,-0.008860,0.311127,-0.010596,0.311127,-0.009623,0.220065,-0.009623,0.219697,-0.004106,0.311096,-0.004363,0.311081,-0.005342,0.220000,-0.005342,1,-0.312194,0.220000,0.220000,0.002970,-0.011696,0.009404,-0.030596,0.311127,0.110000,-0.003402,1
1772477559,775682667,-0.531120,-1.022307,2.764913,-1.199627,-1.154049,-1.322935,1,0.220131,-0.013852,0.311127,-0.009623,0.311127,-0.006795,0.220173,-0.006795,0.220060,-0.005588,0.311081,-0.005342,0.311005,-0.008723,0.220000,-0.008723,1,-0.509773,0.220000,0.220000,0.001991,-0.012676,0.010377,-0.029623,0.311127,0.110000,-0.002402,1
1772477559,800715777,-0.538176,-1.019099,2.765182,-1.197946,-1.161060,-1.322687,1,0.220564,-0.015915,0.311127,-0.006795,0.311127,-0.007495,0.220168,-0.007495,0.220392,-0.008719,0.311005,-0.008723,0.311008,-0.008595,0.220000,-0.008595,1,-0.502305,0.220000,0.220000,-0.001390,-0.016057,0.013205,-0.026795,0.311127,0.110000,-0.002650,1
1772477559,825741620,-0.542629,-1.018855,2.764716,-1.195540,-1.164815,-1.323153,1,0.220006,-0.008477,0.311127,-0.007495,0.311127,-0.006177,0.220353,-0.006177,0.219831,-0.008767,0.311008,-0.008595,0.310877,-0.012468,0.220000,-0.012468,1,-0.728628,0.220000,0.220000,-0.001262,-0.015929,0.012505,-0.027495,0.311127,0.110000,-0.002184,1
1772477559,875813286,-0.552256,-1.014897,2.765431,-1.193122,-1.174939,-1.322439,1,0.220140,-0.005968,0.311127,-0.006177,0.311127,-0.008198,0.220347,-0.008198,0.219797,-0.012289,0.310877,-0.012468,0.310881,-0.012368,0.220000,-0.012368,1,-0.722789,0.220000,0.220000,-0.005135,-0.019802,0.013823,-0.026177,0.311127,0.110000,-0.002898,1
1772477559,900944381,-0.556914,-1.011299,2.765858,-1.193317,-1.180822,-1.322012,1,0.220192,-0.008206,0.311127,-0.008198,0.311127,-0.009406,0.220143,-0.009406,0.219836,-0.012531,0.310881,-0.012368,0.311026,-0.007921,0.220000,-0.007921,1,-0.462911,0.220000,0.220000,-0.005035,-0.019702,0.011802,-0.028198,0.311127,0.110000,-0.003326,1
1772477559,925846818,-0.560925,-1.011861,2.765288,-1.190516,-1.183747,-1.322581,1,0.220695,-0.008349,0.311127,-0.009406,0.311127,-0.007796,0.220409,-0.007796,0.220321,-0.012836,0.311026,-0.007921,0.310837,-0.013419,0.220000,-0.013419,1,-0.784201,0.220000,0.220000,-0.000588,-0.015255,0.010594,-0.029406,0.311127,0.110000,-0.002756,1
1772477559,975968846,-0.571240,-1.004288,2.766441,-1.190628,-1.196543,-1.321428,1,0.220267,-0.010610,0.311127,-0.007796,0.311127,-0.011057,0.220084,-0.011057,0.220136,-0.007592,0.310837,-0.013419,0.311092,-0.004677,0.220000,-0.006086,1,-0.273305,0.220000,0.220000,-0.006086,-0.020753,0.012204,-0.027796,0.311127,0.110000,-0.003909,1
1772477560,1045018,-0.577582,-1.001972,2.766035,-1.188799,-1.203043,-1.321834,1,0.220563,-0.040977,0.311127,-0.011057,0.311127,-0.009908,0.220059,-0.009908,0.220075,-0.014673,0.311092,-0.004677,0.311085,-0.005101,0.220000,-0.005101,1,-0.298111,0.220000,0.220000,0.002657,-0.012010,0.008943,-0.031057,0.311127,0.110000,-0.003503,1
1772477560,25997871,-0.582312,-1.000742,2.765773,-1.186606,-1.207771,-1.321824,1,0.219920,-0.005976,0.311127,-0.009908,0.311127,-0.009936,0.220141,-0.009936,0.219846,-0.005705,0.311085,-0.005101,0.311027,-0.007871,0.220000,-0.007871,1,-0.459995,0.220000,0.220000,0.002232,-0.012435,0.010092,-0.029908,0.311127,0.110000,-0.003513,1
1772477560,76053893,-0.593480,-0.996799,2.765911,-1.175092,-1.222406,-1.316484,1,0.220295,-0.014878,0.311127,-0.009936,0.311127,-0.025040,0.220525,-0.025040,0.220225,-0.005566,0.311027,-0.007871,0.309574,-0.031052,0.220000,-0.015205,1,-1.814628,0.220000,0.220000,-0.000538,-0.015205,0.010064,-0.029936,0.311127,0.110000,-0.008853,1
1772477560,101109766,-0.598181,-0.994759,2.765337,-1.173971,-1.227407,-1.317058,1,0.219947,-0.020521,0.311127,-0.025040,0.311127,-0.023417,0.222106,-0.023417,0.219766,-0.008928,0.309574,-0.031052,0.309627,-0.030513,0.220000,-0.030513,1,-1.783134,0.220000,0.220000,-0.023719,-0.038385,-0.005040,-0.045040,0.311127,0.110000,-0.008279,1
1772477560,126161438,-0.603905,-0.992543,2.764716,-1.172389,-1.233338,-1.317680,1,0.220600,-0.025700,0.311127,-0.023417,0.311127,-0.021659,0.222116,-0.021659,0.220063,-0.015393,0.309627,-0.030513,0.309620,-0.030584,0.220000,-0.030584,1,-1.787267,0.220000,0.220000,-0.023180,-0.037846,-0.003417,-0.043417,0.311127,0.110000,-0.007657,1
1772477560,176175340,-0.613889,-0.987776,2.764142,-1.170359,-1.244214,-1.318253,1,0.222001,-0.018298,0.311127,-0.021659,0.311127,-0.020037,0.221839,-0.020037,0.220839,-0.022681,0.309620,-0.030584,0.309819,-0.028502,0.220000,-0.028502,1,-1.665592,0.220000,0.220000,-0.023250,-0.037917,-0.001659,-0.041659,0.311127,0.110000,-0.007084,1
1772477560,201237942,-0.619667,-0.986653,2.764870,-1.167862,-1.249544,-1.317525,1,0.222354,-0.074343,0.311127,-0.020037,0.311127,-0.022095,0.222303,-0.022095,0.220037,-0.032009,0.309819,-0.028502,0.309486,-0.031912,0.220000,-0.031912,1,-1.864917,0.220000,0.220000,-0.021168,-0.035835,-0.000037,-0.040037,0.311127,0.110000,-0.007812,1
1772477560,226272345,-0.624609,-0.984456,2.765832,-1.166726,-1.254832,-1.316563,1,0.221898,-0.025108,0.311127,-0.022095,0.311127,-0.024816,0.222271,-0.024816,0.219992,-0.029017,0.309486,-0.031912,0.309509,-0.031693,0.220000,-0.031693,1,-1.852087,0.220000,0.220000,-0.024579,-0.039246,-0.002095,-0.042095,0.311127,0.110000,-0.008774,1
1772477560,276363511,-0.635007,-0.979293,2.765026,-1.164796,-1.266027,-1.317386,1,0.223016,-0.021782,0.311127,-0.024816,0.311127,-0.022490,0.221908,-0.022490,0.220600,-0.032737,0.309509,-0.031693,0.309769,-0.029041,0.220000,-0.029041,1,-1.697111,0.220000,0.220000,-0.024360,-0.039026,-0.004816,-0.044816,0.311127,0.110000,-0.007951,1
1772477560,301347365,-0.639587,-0.977557,2.764014,-1.163930,-1.266390,-1.318691,1,0.222304,-0.017321,0.311127,-0.022490,0.311127,-0.018797,0.222140,-0.018797,0.219959,-0.032204,0.309769,-0.029041,0.309603,-0.030761,0.220000,-0.030761,1,-1.797613,0.220000,0.220000,-0.021708,-0.036374,-0.002490,-0.042490,0.311127,0.110000,-0.006646,1
1772477560,326383316,-0.643652,-0.974470,2.764089,-1.164031,-1.271493,-1.318616,1,0.222225,-0.027553,0.311127,-0.018797,0.311127,-0.019010,0.221651,-0.019010,0.220201,-0.029925,0.309603,-0.030761,0.309953,-0.027002,0.220000,-0.027002,1,-1.577947,0.220000,0.220000,-0.023427,-0.038094,0.001203,-0.038797,0.311127,0.110000,-0.006721,1
1772477560,376487463,-0.653467,-0.968513,2.762383,-1.163066,-1.282934,-1.320322,1,0.222361,-0.026179,0.311127,-0.019010,0.311127,4.428697,0.221025,0.000990,0.220120,-0.031488,0.309953,-0.027002,0.310400,-0.021260,0.220000,-0.021260,1,-1.242397,0.220000,0.220000,-0.019668,-0.034335,0.000990,-0.039010,0.311127,0.110000,1.565781,1
1772477560,401533635,-0.658620,-0.967134,2.762183,-1.161145,-1.287911,-1.320522,1,0.222549,0.000000,0.311127,4.428697,0.311127,4.429264,0.221204,0.600000,0.220979,-0.026388,0.310400,-0.021260,0.310272,-0.023046,0.220000,-0.023046,1,-1.346798,0.220000,0.220000,-0.013927,-0.028593,0.600000,0.600000,0.311127,0.110000,1.565981,1
1772477560,426645882,-0.663372,-0.964432,2.762203,-1.160532,-1.293342,-1.320502,1,0.220628,-0.002184,0.311127,4.429264,0.311127,4.429207,0.303346,0.600000,0.219591,-0.021361,0.310272,-0.023046,0.302524,0.072660,0.302939,-0.015713,1,4.246152,0.220000,0.220000,-0.015713,-0.030380,0.600000,0.600000,0.311127,0.110000,1.565961,1
1772477560,476605695,-0.671951,-0.958999,2.760111,-1.159871,-1.303476,-1.322594,1,0.220800,0.014039,0.311127,4.429207,0.311127,4.435124,0.305837,0.600000,0.219551,-0.023448,0.302524,0.072660,0.274316,0.146802,0.295190,0.079993,1,8.578896,0.220000,0.220000,0.079993,0.065327,0.600000,0.600000,0.311127,0.110000,1.568053,1
1772477560,501659205,-0.676918,-0.956653,2.759921,-1.158841,-1.308871,-1.322784,1,0.221303,0.059256,0.311127,4.435124,0.311127,4.435663,0.308281,0.600000,0.220831,-0.014451,0.274316,0.146802,0.258843,0.172628,0.266983,0.154135,1,10.088125,0.220000,0.220000,0.154135,0.139469,0.600000,0.600000,0.311127,0.110000,1.568244,1
1772477560,526733500,-0.681858,-0.954023,2.760047,-1.158268,-1.314346,-1.322780,1,0.219897,0.058465,0.311127,4.435663,0.311127,4.435649,0.309262,0.600000,0.219734,-0.008451,0.258843,0.172628,0.243481,0.193693,0.251510,0.179961,1,11.319144,0.220000,0.220000,0.179961,0.165294,0.600000,0.600000,0.311127,0.110000,1.568239,1
1772477560,576767859,-0.691445,-0.947629,2.761446,-1.161429,-1.324716,-1.323465,1,0.219600,0.087237,0.311127,4.435649,0.311127,4.437589,0.310125,0.600000,0.219600,0.000000,0.243481,0.193693,0.217123,0.222839,0.236148,0.201026,1,13.022419,0.220000,0.220000,0.201026,0.186360,0.600000,0.600000,0.311127,0.110000,1.568925,1
1772477560,601833387,-0.696982,-0.945520,2.763782,-1.159886,-1.330437,-1.321130,1,0.219923,0.092885,0.311127,4.437589,0.311127,4.430983,0.303993,0.600000,0.219819,0.006742,0.217123,0.222839,0.200951,0.237526,0.209790,0.220000,1,13.880675,0.220000,0.209790,0.220000,0.215506,0.600000,0.600000,0.311127,0.110000,1.566589,1
1772477560,626872714,-0.702114,-0.943872,2.765602,-1.158207,-1.335558,-1.319310,1,0.217283,0.113369,0.311127,4.430983,0.311127,4.425834,0.293066,0.600000,0.216807,0.014372,0.200951,0.237526,0.186250,0.249220,0.193618,0.220000,1,14.564086,0.208285,0.193618,0.220000,0.220000,0.600000,0.600000,0.311127,0.110000,1.564769,1
1772477560,676960362,-0.712434,-0.939357,2.770725,-1.155803,-1.346564,-1.314187,1,0.211149,0.151193,0.311127,4.425834,0.311127,4.411344,0.283569,0.600000,0.209989,0.022099,0.186250,0.249220,0.155910,0.269243,0.178917,0.220000,1,15.734202,0.193584,0.178917,0.220000,0.220000,0.600000,0.600000,0.311127,0.110000,1.559646,1
1772477560,702012401,-0.716826,-0.938460,2.774082,-1.153951,-1.350646,-1.310830,1,0.204278,0.152581,0.311127,4.411344,0.311127,4.401850,0.265471,0.600000,0.202175,0.029240,0.155910,0.269243,0.144438,0.275568,0.148577,0.220000,1,16.103792,0.163244,0.148577,0.220000,0.220000,0.600000,0.600000,0.311127,0.110000,1.556289,1
1772477560,727033558,-0.722535,-0.937670,2.778325,-1.151238,-1.355731,-1.306587,1,0.199014,0.159549,0.311127,4.401850,0.311127,4.389850,0.259225,0.600000,0.195742,0.035938,0.144438,0.275568,0.129931,0.282698,0.137105,0.220000,1,16.520451,0.151771,0.137105,0.220000,0.220000,0.600000,0.600000,0.311127,0.110000,1.552046,1
1772477560,777133492,-0.730613,-0.938278,2.783454,-1.145895,-1.361870,-1.301366,1,0.192606,0.194068,0.311127,4.389850,0.311127,4.375083,0.251853,0.600000,0.187585,0.043694,0.129931,0.282698,0.111090,0.290618,0.122597,0.220000,1,16.983331,0.137264,0.122597,0.220000,0.220000,0.600000,0.600000,0.311127,0.110000,1.546826,1
1772477560,802178329,-0.735893,-0.936021,2.788449,-1.142852,-1.366777,-1.294890,1,0.187547,0.217570,0.311127,4.375083,0.311127,4.356765,0.243239,0.600000,0.180548,0.050758,0.111090,0.290618,0.097577,0.295430,0.103756,0.220000,1,17.264492,0.118423,0.103756,0.220000,0.220000,0.600000,0.600000,0.311127,0.110000,1.540349,1
1772477560,827233227,-0.740137,-0.936380,2.793440,-1.140064,-1.369998,-1.289899,1,0.182608,0.235247,0.311127,4.356765,0.311127,4.342648,0.237790,0.600000,0.173040,0.058334,0.097577,0.295430,0.088410,0.298301,0.090244,0.220000,1,17.432299,0.104910,0.090244,0.220000,0.220000,0.600000,0.600000,0.311127,0.110000,1.535358,1
1772477560,877366228,-0.748624,-0.936536,2.804554,-1.134945,-1.376769,-1.278785,1,0.177653,0.255086,0.311127,4.342648,0.311127,4.311214,0.234464,4.322648,0.164950,0.065970,0.088410,0.298301,0.069874,0.303179,0.081077,0.220000,1,17.717364,0.095744,0.081077,0.220000,0.220000,0.600000,0.600000,0.311127,0.110000,1.524244,1
1772477560,902422498,-0.753400,-0.938242,2.810423,-1.130755,-1.379627,-1.272916,1,0.173718,0.278603,0.311127,4.311214,0.311127,4.294613,0.228717,0.600000,0.157734,0.072787,0.069874,0.303179,0.061039,0.305081,0.062540,0.220000,1,17.828488,0.077207,0.062540,0.220000,0.220000,0.600000,0.600000,0.311127,0.110000,1.518375,1
1772477560,927451274,-0.757649,-0.938913,2.816526,-1.127712,-1.382668,-1.266813,1,0.170432,0.310041,0.311127,4.294613,0.311127,4.277352,0.226460,0.600000,0.150309,0.080337,0.061039,0.305081,0.052561,0.306655,0.053705,0.220000,1,17.920486,0.068372,0.053705,0.220000,0.220000,0.600000,0.600000,0.311127,0.110000,1.512272,1
1772477560,977606544,-0.765828,-0.939612,2.830852,-1.122335,-1.388870,-1.252487,1,0.168170,0.318532,0.311127,4.277352,0.311127,4.236833,0.224601,4.257352,0.143870,0.087078,0.052561,0.306655,0.036409,0.308989,0.045228,0.220000,1,18.056896,0.059894,0.045228,0.220000,0.220000,0.600000,0.600000,0.311127,0.110000,1.497947,1
1772477561,2658893,-0.771193,-0.940512,2.838936,-1.118451,-1.392678,-1.244403,1,0.165391,0.334037,0.311127,4.236833,0.311127,4.213967,0.221913,4.216833,0.135405,0.094971,0.036409,0.308989,0.025855,0.310051,0.029075,0.220000,1,18.118930,0.043742,0.029075,0.220000,0.220000,0.600000,0.600000,0.311127,0.110000,1.489862,1
1772477561,27824314,-0.773958,-0.943139,2.846788,-1.114700,-1.393368,-1.236551,1,0.164245,0.348712,0.311127,4.213967,0.311127,4.191759,0.221287,4.193967,0.128661,0.102092,0.025855,0.310051,0.023832,0.310213,0.023832,0.220000,1,18.128400,0.033188,0.018522,0.220000,0.220000,0.600000,0.600000,0.311127,0.110000,1.482011,1
1772477561,77895123,-0.782146,-0.946911,2.863893,-1.104860,-1.397118,-1.220339,1,0.163542,0.373903,0.311127,4.191759,0.311127,4.145903,0.220618,4.171759,0.121149,0.109858,0.023832,0.310213,0.011830,0.310902,0.016499,0.220000,1,18.168670,0.031165,0.016499,0.220000,0.220000,0.600000,0.600000,0.311127,0.110000,1.465798,1
1772477561,102910769,-0.785304,-0.948586,2.873270,-1.101649,-1.398689,-1.210961,1,0.163697,0.378946,0.311127,4.145903,0.311127,4.119379,0.220153,4.125903,0.114570,0.116920,0.011830,0.310902,0.008213,0.311019,0.008213,0.220000,1,18.175482,0.019164,0.004497,0.220000,0.220000,0.600000,0.600000,0.311127,0.110000,1.456420,1
1772477561,128057061,-0.788821,-0.950415,2.882498,-1.098102,-1.400459,-1.201734,1,0.163843,0.432796,0.311127,4.119379,0.311127,4.093279,0.220032,4.099379,0.106666,0.124365,0.008213,0.311019,0.003753,0.311104,0.003753,0.220000,1,18.180496,0.015547,0.000880,0.220000,0.220000,0.600000,0.600000,0.311127,0.110000,1.447193,1
1772477561,178239015,-0.795777,-0.954655,2.903479,-1.090584,-1.403597,-1.180752,1,0.164553,0.444229,0.311127,4.093279,0.311127,4.033935,0.220029,4.073279,0.098879,0.131532,0.003753,0.311104,-0.003619,0.311106,-0.003581,0.220000,1,18.180588,0.011086,-0.003581,0.220000,0.220000,0.600000,0.600000,0.311127,0.110000,1.426211,1
1772477561,203220920,-0.799233,-0.956312,2.914706,-1.087212,-1.405419,-1.169525,1,0.166620,0.445207,0.311127,4.033935,0.311127,4.002180,0.220129,4.013935,0.092134,0.138830,-0.003619,0.311106,-0.007547,0.311035,-0.007547,0.220000,1,18.176468,0.003714,-0.010953,0.220000,0.220000,0.600000,0.600000,0.311127,0.110000,1.414984,1
1772477561,228276121,-0.801467,-0.959927,2.925312,-1.082974,-1.405102,-1.158919,1,0.168543,0.478356,0.311127,4.002180,0.311127,3.972182,0.220091,3.982180,0.084327,0.145931,-0.007547,0.311035,-0.006326,0.311063,-0.006326,0.220000,1,18.178060,-0.000214,-0.014881,0.220000,0.220000,0.600000,0.600000,0.311127,0.110000,1.404379,1
1772477561,278384889,-0.806849,-0.966151,2.949531,-1.074775,-1.405799,-1.134700,1,0.171692,0.501411,0.311127,3.972182,0.311127,3.903680,0.220096,3.952182,0.076643,0.153636,-0.006326,0.311063,-0.006490,0.311059,-0.006490,0.220000,1,18.177862,0.001007,-0.013659,0.220000,0.220000,0.600000,0.600000,0.311127,0.110000,1.380159,1
1772477561,303584365,-0.809968,-0.969177,2.962341,-1.070521,-1.406483,-1.121606,1,0.175238,0.513501,0.311127,3.903680,0.311127,3.866645,0.220122,3.883680,0.069141,0.161021,-0.006490,0.311059,-0.007335,0.311041,-0.007335,0.220000,1,18.176765,0.000843,-0.013824,0.220000,0.220000,0.600000,0.600000,0.311127,0.110000,1.367065,1
1772477561,328604105,-0.812082,-0.972938,2.974064,-1.066522,-1.405341,-1.106988,1,0.179607,0.540126,0.311127,3.866645,0.311127,3.825298,0.220013,3.846645,0.062170,0.168504,-0.007335,0.311041,-0.002392,0.311118,-0.002392,0.220000,1,18.181281,-0.000001,-0.014668,0.220000,0.220000,0.600000,0.600000,0.311127,0.110000,1.352447,1
1772477561,378766812,-0.816466,-0.980896,3.001283,-1.057510,-1.404182,-1.079769,1,0.183571,0.550429,0.311127,3.825298,0.311127,3.748312,0.220020,3.805298,0.054432,0.175315,-0.002392,0.311118,0.002979,0.311113,0.002979,0.220000,1,18.180984,0.004941,-0.009725,0.220000,0.220000,0.600000,0.600000,0.311127,0.110000,1.325228,1
1772477561,403939839,-0.818079,-0.985379,3.015285,-1.052939,-1.402839,-1.065767,1,0.189008,0.578298,0.311127,3.748312,0.311127,3.708708,0.220142,3.728312,0.047198,0.183020,0.002979,0.311113,0.007894,0.311027,0.007894,0.220000,1,18.175965,0.010313,-0.004354,0.220000,0.220000,0.600000,0.600000,0.311127,0.110000,1.311226,1
1772477561,428923475,-0.820305,-0.989757,3.029050,-1.048092,-1.402051,-1.052002,1,0.194170,0.588143,0.311127,3.708708,0.311127,3.669774,0.220273,3.688708,0.039678,0.190072,0.007894,0.311027,0.010972,0.310933,0.010972,0.220000,1,18.170510,0.015227,0.000561,0.220000,0.220000,0.600000,0.600000,0.311127,0.110000,1.297461,1
1772477561,479145114,-0.823336,-0.999213,3.058400,-1.038670,-1.398917,-1.022652,1,0.199965,0.597223,0.311127,3.669774,0.311127,3.586760,0.220760,3.649774,0.032055,0.197379,0.010972,0.310933,0.022269,0.310329,0.018305,0.220000,1,18.135185,0.018305,0.003638,0.220000,0.220000,0.600000,0.600000,0.311127,0.110000,1.268111,1
1772477561,504205522,-0.823504,-1.004830,3.072473,-1.034035,-1.395737,-1.008579,1,0.206386,0.602153,0.311127,3.586760,0.311127,3.546955,0.221983,3.566760,0.024202,0.204962,0.022269,0.310329,0.032286,0.309447,0.029603,0.220000,1,18.083660,0.029603,0.014936,0.220000,0.220000,0.600000,0.600000,0.311127,0.110000,1.254038,1
1772477561,529312194,-0.825436,-1.008848,3.088055,-1.029652,-1.394925,-0.992997,1,0.214861,0.609123,0.311127,3.546955,0.311127,3.502884,0.222976,3.526955,0.020337,0.213897,0.032286,0.309447,0.036306,0.309001,0.036306,0.220000,1,18.057602,0.039619,0.024952,0.220000,0.220000,0.600000,0.600000,0.311127,0.110000,1.238457,1
1772477561,579487237,-0.825718,-1.019145,3.117398,-1.021739,-1.389047,-0.963654,1,0.214050,0.568565,0.311127,3.502884,0.311127,3.419888,0.224286,3.482884,0.026643,0.212385,0.036306,0.309001,0.056113,0.306025,0.043639,0.220000,1,17.883671,0.043639,0.028973,0.220000,0.220000,0.600000,0.600000,0.311127,0.110000,1.209113,1
1772477561,604461142,-0.825743,-1.023726,3.132269,-1.022677,-1.386127,-0.948787,1,0.216449,0.580592,0.311127,3.419888,0.311127,3.377839,0.228966,3.399888,0.034353,0.213706,0.056113,0.306025,0.069240,0.303325,0.063446,0.220000,1,17.725863,0.063446,0.048779,0.220000,0.220000,0.600000,0.600000,0.311127,0.110000,1.194246,1
1772477561,629533075,-0.827283,-1.028726,-3.136447,-1.017732,-1.384419,-0.934318,1,0.217081,0.584380,0.311127,3.377839,0.311127,3.336913,0.232396,3.357839,0.040784,0.213216,0.069240,0.303325,0.074886,0.301980,0.074886,0.220000,1,17.647293,0.076573,0.061906,0.220000,0.220000,0.600000,0.600000,0.311127,0.110000,1.179777,1
1772477561,679682109,-0.828367,-1.039702,-3.106737,-1.008232,-1.378815,-0.904609,1,0.219219,0.550564,0.311127,3.336913,0.311127,3.252883,0.234862,3.316913,0.055614,0.212048,0.074886,0.301980,0.092381,0.297096,0.082220,0.220000,1,17.361839,0.082220,0.067553,0.220000,0.220000,0.600000,0.600000,0.311127,0.110000,1.150068,1
1772477561,704832217,-0.827810,-1.045096,-3.092431,-1.004206,-1.375182,-0.890302,1,0.219088,0.571960,0.311127,3.252883,0.311127,3.212418,0.241543,3.232883,0.055428,0.211960,0.092381,0.297096,0.103481,0.293414,0.099714,0.220000,1,17.146685,0.099714,0.085048,0.220000,0.220000,0.600000,0.600000,0.311127,0.110000,1.135761,1
1772477561,729940004,-0.828807,-1.051269,-3.079074,-0.998635,-1.372344,-0.876945,1,0.221929,0.567164,0.311127,3.212418,0.311127,3.174639,0.246333,3.192418,0.062464,0.212958,0.103481,0.293414,0.111111,0.290610,0.110814,0.220000,1,16.982844,0.110814,0.096148,0.220000,0.220000,0.600000,0.600000,0.311127,0.110000,1.122404,1
1772477561,779940982,-0.830387,-1.061817,-3.052511,-0.989188,-1.367394,-0.850382,1,0.227326,0.562558,0.311127,3.174639,0.311127,3.099507,0.249858,3.154639,0.077557,0.213687,0.111111,0.290610,0.125327,0.284768,0.118445,0.220000,1,16.641465,0.118445,0.103778,0.220000,0.220000,0.600000,0.600000,0.311127,0.110000,1.095841,1
1772477561,805137280,-0.831639,-1.066908,-3.038364,-0.984339,-1.365399,-0.836235,1,0.227174,0.577995,0.311127,3.099507,0.311127,3.059493,0.256197,3.079507,0.077265,0.213631,0.125327,0.284768,0.131289,0.282069,0.131289,0.220000,1,16.483736,0.132661,0.117994,0.220000,0.220000,0.600000,0.600000,0.311127,0.110000,1.081694,1
1772477561,830119280,-0.833010,-1.072008,-3.024112,-0.979413,-1.363496,-0.821984,1,0.231610,0.557920,0.311127,3.059493,0.311127,3.019184,0.259143,3.039493,0.085062,0.215424,0.131289,0.282069,0.136949,0.279365,0.136949,0.220000,1,16.325704,0.138622,0.123956,0.220000,0.220000,0.600000,0.600000,0.311127,0.110000,1.067443,1
1772477561,880280034,-0.835227,-1.082421,-2.994157,-0.967184,-1.363860,-0.786679,1,0.239737,0.559146,0.311127,3.019184,0.311127,2.919329,0.259886,2.999184,0.101690,0.217101,0.136949,0.279365,0.138350,0.278674,0.138350,0.220000,1,16.285329,0.144283,0.129616,0.220000,0.220000,0.600000,0.600000,0.311127,0.110000,1.032139,1
1772477561,905289046,-0.836422,-1.088316,-2.979275,-0.961733,-1.361316,-0.771798,1,0.239363,0.576595,0.311127,2.919329,0.311127,2.877237,0.263682,2.899329,0.101120,0.216955,0.138350,0.278674,0.145355,0.275085,0.145355,0.220000,1,16.075601,0.145683,0.131016,0.220000,0.220000,0.600000,0.600000,0.311127,0.110000,1.017257,1
1772477561,930397532,-0.838619,-1.093836,-2.964315,-0.955989,-1.359801,-0.756838,1,0.244732,0.582609,0.311127,2.877237,0.311127,2.834925,0.266066,2.857237,0.108605,0.219314,0.145355,0.275085,0.149637,0.272780,0.149637,0.220000,1,15.940854,0.152688,0.138021,0.220000,0.220000,0.600000,0.600000,0.311127,0.110000,1.002297,1
1772477561,980534427,-0.841004,-1.104664,-2.933865,-0.945864,-1.355281,-0.726388,1,0.253639,0.560843,0.311127,2.834925,0.311127,2.748798,0.308385,2.814925,0.125363,0.220492,0.149637,0.272780,0.162546,0.265290,0.156970,0.265446,1,15.503189,0.156970,0.142304,0.220000,0.220000,0.600000,0.600000,0.311127,0.110000,0.971847,1
1772477562,5729033,-0.842409,-1.111026,-2.919407,-0.939913,-1.352629,-0.711929,1,0.252890,0.605866,0.311127,2.748798,0.311127,2.707904,0.277449,2.728798,0.124235,0.220271,0.162546,0.265290,0.169051,0.261193,0.169051,0.220000,1,15.263747,0.169879,0.155212,0.220000,0.220000,0.600000,0.600000,0.311127,0.110000,0.957389,1
1772477562,30701136,-0.844124,-1.117139,-2.904030,-0.933573,-1.351112,-0.696632,1,0.256495,0.596306,0.311127,2.707904,0.311127,2.664637,0.279789,2.687904,0.131611,0.220154,0.169051,0.261193,0.172864,0.258685,0.172864,0.220000,1,15.117209,0.176384,0.161718,0.220000,0.220000,0.600000,0.600000,0.311127,0.110000,0.942091,1
1772477562,81012145,-0.848262,-1.129623,-2.873686,-0.917950,-1.352731,-0.666899,1,0.264737,0.569923,0.311127,2.664637,0.311127,2.580539,0.276734,2.644637,0.146977,0.220189,0.172864,0.258685,0.167874,0.261951,0.167874,0.220000,1,15.308043,0.180197,0.165530,0.220000,0.220000,0.600000,0.600000,0.311127,0.110000,0.912358,1
1772477562,105931735,-0.849834,-1.134830,-2.858611,-0.912827,-1.350902,-0.651825,1,0.264110,0.605568,0.311127,2.580539,0.311127,2.537902,0.279907,2.560539,0.146090,0.220027,0.167874,0.261951,0.173054,0.258558,0.173054,0.220000,1,15.109755,0.175207,0.160541,0.220000,0.220000,0.600000,0.600000,0.311127,0.110000,0.897284,1
1772477562,130964786,-0.851981,-1.141957,-2.843421,-0.905819,-1.348397,-0.636635,1,0.268404,0.594899,0.311127,2.537902,0.311127,2.494939,0.283404,2.517902,0.154173,0.219708,0.173054,0.258558,0.178656,0.254720,0.178656,0.220000,1,14.885451,0.180388,0.165721,0.220000,0.220000,0.600000,0.600000,0.311127,0.110000,0.882094,1
1772477562,181146363,-0.856291,-1.152979,-2.812740,-0.894640,-1.345693,-0.605826,1,0.278861,0.579348,0.311127,2.494939,0.311127,2.407798,0.288083,2.474939,0.170655,0.220545,0.178656,0.254720,0.186205,0.249255,0.185989,0.220000,1,14.566080,0.185989,0.171323,0.220000,0.220000,0.600000,0.600000,0.311127,0.110000,0.851285,1
1772477562,206175546,-0.857689,-1.161173,-2.797613,-0.889113,-1.344793,-0.589733,1,0.277075,0.601008,0.311127,2.407798,0.311127,2.362281,0.290123,2.387798,0.168621,0.219857,0.186205,0.249255,0.189134,0.247039,0.189134,0.220000,1,14.436634,0.193538,0.178871,0.220000,0.220000,0.600000,0.600000,0.311127,0.110000,0.835192,1
1772477562,231351787,-0.859473,-1.166802,-2.781454,-0.883527,-1.342879,-0.573574,1,0.281644,0.596550,0.311127,2.362281,0.311127,2.316575,0.293457,2.342281,0.176223,0.219702,0.189134,0.247039,0.194209,0.243070,0.194209,0.220000,1,14.204662,0.196467,0.181800,0.220000,0.220000,0.600000,0.600000,0.311127,0.110000,0.819033,1
1772477562,256395940,-0.861676,-1.174385,-2.765043,-0.876121,-1.340139,-0.557163,1,0.293090,0.573248,0.311127,2.316575,0.311127,2.270159,0.297350,2.296575,0.194050,0.219651,0.194209,0.243070,0.200042,0.238292,0.200042,0.220000,1,13.925458,0.201542,0.186875,0.220000,0.220000,0.600000,0.600000,0.311127,0.110000,0.802622,1
1772477562,306589150,-0.866423,-1.188336,-2.734861,-0.862228,-1.335165,-0.526443,1,0.290521,0.610006,0.311127,2.270159,0.311127,2.183271,0.310397,2.250159,0.190429,0.219406,0.200042,0.238292,0.210312,0.229279,0.207375,0.230959,1,13.398722,0.207375,0.192709,0.220000,0.220000,0.600000,0.600000,0.311127,0.110000,0.771903,1
1772477562,331553655,-0.866548,-1.195635,-2.721266,-0.857379,-1.327289,-0.508910,1,0.293130,0.592195,0.311127,2.183271,0.311127,2.133679,0.310853,2.163271,0.196683,0.217351,0.210312,0.229279,0.227177,0.212580,0.217646,0.221945,1,12.422895,0.217646,0.202979,0.220000,0.220000,0.600000,0.600000,0.311127,0.110000,0.754369,1
1772477562,356637620,-0.868979,-1.202401,-2.705731,-0.850504,-1.325188,-0.493376,1,0.304599,0.482965,0.311127,2.133679,0.311127,2.089740,0.302935,2.113679,0.219641,0.211041,0.227177,0.212580,0.231150,0.208254,0.220000,0.208254,1,12.170088,0.220000,0.219844,0.219914,0.205247,0.600000,0.600000,0.311127,0.110000,0.738835,1
1772477562,406758354,-0.871859,-1.216296,-2.675766,-0.837497,-1.319469,-0.463534,1,0.300988,0.603308,0.311127,2.089740,0.311127,2.005335,0.297942,2.069740,0.213306,0.212354,0.231150,0.208254,0.241572,0.196069,0.220000,0.200921,1,11.457973,0.220000,0.220000,0.215588,0.200921,0.600000,0.600000,0.311127,0.110000,0.708993,1
1772477562,431809831,-0.874371,-1.223834,-2.660199,-0.828767,-1.319248,-0.448936,1,0.297629,0.580247,0.311127,2.005335,0.311127,1.964046,0.295132,1.985335,0.220650,0.199740,0.241572,0.196069,0.241033,0.196731,0.220000,0.196731,1,11.496683,0.220000,0.220000,0.203402,0.188735,0.600000,0.600000,0.311127,0.110000,0.694395,1
1772477562,456841486,-0.877553,-1.230888,-2.644451,-0.821210,-1.317585,-0.433187,1,0.294989,0.579566,0.311127,1.964046,0.311127,1.919502,0.292926,1.944046,0.220981,0.195412,0.241033,0.196731,0.243709,0.193406,0.220000,0.193406,1,11.302358,0.220000,0.220000,0.204064,0.189398,0.600000,0.600000,0.311127,0.110000,0.678647,1
1772477562,507001615,-0.880072,-1.245130,-2.613412,-0.808428,-1.310698,-0.402271,1,0.295709,0.591956,0.311127,1.919502,0.311127,1.832058,0.288137,1.899502,0.220725,0.196786,0.243709,0.193406,0.255478,0.177570,0.220000,0.186072,1,10.376929,0.220000,0.220000,0.200739,0.186072,0.600000,0.600000,0.311127,0.110000,0.647730,1
1772477562,532066078,-0.883445,-1.252677,-2.597420,-0.801497,-1.305741,-0.387256,1,0.287540,0.576972,0.311127,1.832058,0.311127,1.789588,0.278173,1.812058,0.220348,0.184731,0.255478,0.177570,0.262951,0.166303,0.220000,0.170237,1,9.718505,0.220000,0.220000,0.184903,0.170237,0.600000,0.600000,0.311127,0.110000,0.632715,1
1772477562,557141355,-0.885159,-1.259990,-2.581734,-0.794606,-1.302752,-0.371569,1,0.283119,0.603219,0.311127,1.789588,0.311127,1.745220,0.271550,1.769588,0.220519,0.177561,0.262951,0.166303,0.267321,0.159183,0.220000,0.159183,1,9.302442,0.220000,0.220000,0.173636,0.158970,0.600000,0.600000,0.311127,0.110000,0.617028,1
1772477562,607302106,-0.889824,-1.272132,-2.550691,-0.782238,-1.299242,-0.340610,1,0.283026,0.596076,0.311127,1.745220,0.311127,1.657655,0.267317,1.725220,0.220290,0.177697,0.267321,0.159183,0.272668,0.149840,0.220000,0.151850,1,8.756465,0.220000,0.220000,0.166517,0.151850,0.600000,0.600000,0.311127,0.110000,0.586070,1
1772477562,632316823,-0.891996,-1.279050,-2.535210,-0.776634,-1.296792,-0.325784,1,0.273044,0.570432,0.311127,1.657655,0.311127,1.615720,0.262516,1.637655,0.219941,0.161799,0.272668,0.149840,0.276198,0.143229,0.220000,0.143229,1,8.370107,0.220000,0.220000,0.157174,0.142507,0.600000,0.600000,0.311127,0.110000,0.571243,1
1772477562,657414213,-0.893203,-1.286446,-2.519289,-0.769976,-1.293353,-0.309863,1,0.270222,0.616833,0.311127,1.615720,0.311127,1.570690,0.258588,1.595720,0.220772,0.155818,0.276198,0.143229,0.280589,0.134425,0.220000,0.135896,1,7.855580,0.220000,0.220000,0.150562,0.135896,0.600000,0.600000,0.311127,0.110000,0.555323,1
1772477562,707459918,-0.897533,-1.299977,-2.488476,-0.756582,-1.289068,-0.279544,1,0.270441,0.613451,0.311127,1.570690,0.311127,1.484933,0.254071,1.550690,0.221117,0.155710,0.280589,0.134425,0.285563,0.123507,0.220000,0.127091,1,7.217551,0.220000,0.220000,0.141758,0.127091,0.600000,0.600000,0.311127,0.110000,0.525003,1
1772477562,732604862,-0.897982,-1.307209,-2.473297,-0.750948,-1.287758,-0.268583,1,0.261734,0.566573,0.311127,1.484933,0.311127,1.453931,0.250900,1.464933,0.220759,0.140606,0.285563,0.123507,0.286791,0.120627,0.220000,0.120627,1,7.049254,0.220000,0.220000,0.130840,0.116173,0.600000,0.600000,0.311127,0.110000,0.514042,1
1772477562,782662245,-0.902918,-1.319523,-2.442700,-0.738103,-1.284442,-0.237985,1,0.258235,0.609578,0.311127,1.453931,0.311127,1.367387,0.247458,1.433931,0.220702,0.134074,0.286791,0.120627,0.290444,0.111544,0.220000,0.113293,1,6.518455,0.220000,0.220000,0.127960,0.113293,0.600000,0.600000,0.311127,0.110000,0.483444,1
1772477562,807718940,-0.905041,-1.324759,-2.426898,-0.732875,-1.283160,-0.221690,1,0.257707,0.603060,0.311127,1.367387,0.311127,1.321297,0.244582,1.347387,0.220238,0.133821,0.290444,0.111544,0.292198,0.106867,0.220000,0.106867,1,6.245153,0.220000,0.220000,0.118877,0.104210,0.600000,0.600000,0.311127,0.110000,0.467149,1
1772477562,832891895,-0.906509,-1.331151,-2.410994,-0.729035,-1.281476,-0.201504,1,0.249648,0.563152,0.311127,1.321297,0.311127,1.264203,0.241468,1.301297,0.219977,0.118043,0.292198,0.106867,0.294936,0.099060,0.220000,0.099534,1,5.788919,0.220000,0.220000,0.114200,0.099534,0.600000,0.600000,0.311127,0.110000,0.446963,1
1772477562,857848930,-0.908448,-1.338201,-2.395150,-0.722219,-1.278830,-0.185661,1,0.247484,0.620323,0.311127,1.264203,0.311127,1.219392,0.238422,1.244203,0.220636,0.112108,0.294936,0.099060,0.297246,0.091897,0.220000,0.091897,1,5.370314,0.220000,0.220000,0.106393,0.091727,0.600000,0.600000,0.311127,0.110000,0.431120,1
1772477562,907963674,-0.911929,-1.350285,-2.364395,-0.710600,-1.274632,-0.154392,1,0.243704,0.577917,0.311127,1.219392,0.311127,1.130949,0.235693,1.199392,0.220435,0.103923,0.297246,0.091897,0.300899,0.079117,0.220000,0.084563,1,4.623487,0.220000,0.220000,0.099230,0.084563,0.600000,0.600000,0.311127,0.110000,0.399851,1
1772477562,933001367,-0.914337,-1.355648,-2.348669,-0.706216,-1.275114,-0.134353,1,0.240678,0.576862,0.311127,1.130949,0.311127,1.074271,0.233191,1.110949,0.220406,0.096682,0.300899,0.079117,0.301367,0.077318,0.220000,0.077318,1,4.518326,0.220000,0.220000,0.086450,0.071784,0.600000,0.600000,0.311127,0.110000,0.379812,1
1772477562,958069554,-0.915487,-1.361102,-2.333457,-0.701162,-1.272761,-0.119141,1,0.237723,0.613665,0.311127,1.074271,0.311127,1.031246,0.230863,1.054271,0.220099,0.089826,0.301367,0.077318,0.303197,0.069796,0.220000,0.069984,1,4.078761,0.220000,0.220000,0.084651,0.069984,0.600000,0.600000,0.311127,0.110000,0.364600,1
1772477563,8209630,-0.919502,-1.371295,-2.302846,-0.690863,-1.270059,-0.088562,1,0.234500,0.593009,0.311127,1.031246,0.311127,0.944755,0.228695,1.011246,0.220224,0.080571,0.303197,0.069796,0.305255,0.060160,0.220000,0.062462,1,3.515656,0.220000,0.220000,0.077129,0.062462,0.600000,0.600000,0.311127,0.110000,0.334021,1
1772477563,33240242,-0.921815,-1.377611,-2.287928,-0.686814,-1.269943,-0.073938,1,0.231818,0.564941,0.311127,0.944755,0.311127,0.903391,0.227551,0.924755,0.219779,0.073735,0.305255,0.060160,0.305647,0.058135,0.220000,0.058135,1,3.397312,0.220000,0.220000,0.067493,0.052827,0.600000,0.600000,0.311127,0.110000,0.319397,1
1772477563,58314632,-0.923824,-1.382749,-2.272163,-0.681497,-1.268468,-0.058173,1,0.230120,0.620068,0.311127,0.903391,0.311127,0.858803,0.226275,0.883391,0.219993,0.067515,0.305647,0.058135,0.306593,0.052920,0.220000,0.052920,1,3.092573,0.220000,0.220000,0.065468,0.050801,0.600000,0.600000,0.311127,0.110000,0.303633,1
1772477563,108405699,-0.927259,-1.394664,-2.241210,-0.669760,-1.264339,-0.027228,1,0.227569,0.594838,0.311127,0.858803,0.311127,0.771275,0.224673,0.838803,0.220095,0.057841,0.306593,0.052920,0.308526,0.040145,0.220000,0.045587,1,2.346008,0.220000,0.220000,0.060253,0.045587,0.600000,0.600000,0.311127,0.110000,0.272687,1
1772477563,133471856,-0.930819,-1.398626,-2.225194,-0.663154,-1.267256,-0.011280,1,0.226467,0.579165,0.311127,0.771275,0.311127,0.726168,0.225065,0.751275,0.220456,0.051832,0.308526,0.040145,0.307442,0.047746,0.220000,0.047478,1,2.790209,0.220000,0.220000,0.047478,0.032812,0.600000,0.600000,0.311127,0.110000,0.256739,1
1772477563,158547450,-0.933318,-1.404270,-2.209897,-0.657139,-1.265871,0.004018,1,0.225416,0.614330,0.311127,0.726168,0.311127,0.682900,0.224234,0.706168,0.220554,0.046565,0.307442,0.047746,0.308089,0.043370,0.220000,0.043370,1,2.534457,0.220000,0.220000,0.055079,0.040413,0.600000,0.600000,0.311127,0.110000,0.241442,1
1772477563,208633606,-0.937591,-1.414780,-2.179042,-0.646095,-1.263337,0.035071,1,0.224998,0.611105,0.311127,0.682900,0.311127,0.595067,0.222932,0.662900,0.220152,0.046447,0.308089,0.043370,0.309217,0.034422,0.220000,0.036036,1,2.011586,0.220000,0.220000,0.050703,0.036036,0.600000,0.600000,0.311127,0.110000,0.210388,1
1772477563,233760746,-0.939349,-1.420401,-2.163837,-0.639893,-1.264597,0.052112,1,0.223846,0.611242,0.311127,0.595067,0.311127,0.546869,0.223065,0.575067,0.220321,0.039572,0.309217,0.034422,0.308937,0.036852,0.220000,0.036852,1,2.153602,0.220000,0.220000,0.041756,0.027089,0.600000,0.575067,0.311127,0.110000,0.193347,1
1772477563,258813705,-0.941785,-1.425259,-2.148675,-0.634546,-1.263622,0.067274,1,0.222634,0.602332,0.311127,0.546869,0.311127,0.503985,0.222485,0.526869,0.220055,0.033794,0.308937,0.036852,0.309355,0.033162,0.220000,0.033162,1,1.937940,0.220000,0.220000,0.044186,0.029519,0.566869,0.526869,0.311127,0.110000,0.178186,1
1772477563,308945204,-0.945342,-1.435366,-2.118798,-0.624886,-1.260095,0.097081,1,0.223145,0.602736,0.311127,0.503985,0.311127,0.419677,0.221511,0.483985,0.220040,0.037093,0.309355,0.033162,0.310425,0.020891,0.220000,0.025829,1,1.220828,0.220000,0.220000,0.040495,0.025829,0.523985,0.483985,0.311127,0.110000,0.148378,1
1772477563,333936519,-0.947833,-1.440396,-2.104421,-0.624688,-1.256271,0.110788,1,0.222723,0.557958,0.311127,0.419677,0.311127,0.380908,0.220417,0.399677,0.220423,0.031928,0.310425,0.020891,0.311065,0.006234,0.220000,0.013557,1,0.364321,0.220000,0.220000,0.028224,0.013557,0.439677,0.399677,0.311127,0.110000,0.134671,1
1772477563,358959073,-0.950486,-1.446141,-2.090014,-0.618501,-1.254940,0.125195,1,0.221296,0.533969,0.311127,0.380908,0.311127,0.340159,0.220013,0.360908,0.219946,0.024401,0.311065,0.006234,0.311118,0.002357,0.220000,0.002357,1,0.137761,0.220000,0.220000,0.013568,-0.001099,0.400908,0.360908,0.311127,0.110000,0.120264,1
1772477563,409057330,-0.954857,-1.454669,-2.063783,-0.608857,-1.253578,0.151032,1,0.220352,0.488916,0.311127,0.340159,0.311127,0.267079,0.220017,0.320159,0.219732,0.016521,0.311118,0.002357,0.311115,-0.002774,0.220000,-0.002774,1,-0.162080,0.220000,0.220000,0.009691,-0.004976,0.360159,0.320159,0.311127,0.110000,0.094427,1
1772477563,434183637,-0.956797,-1.461035,-2.051291,-0.600620,-1.253959,0.159624,1,0.220269,0.518613,0.311127,0.267079,0.311127,0.242779,0.220004,0.247079,0.220021,0.010443,0.311115,-0.002774,0.311124,0.001290,0.220000,0.001290,1,0.075387,0.220000,0.220000,0.004560,-0.010107,0.287079,0.247079,0.311127,0.110000,0.085835,1
1772477563,459129448,-0.958348,-1.465763,-2.038071,-0.595903,-1.252379,0.172843,1,0.220371,0.480254,0.311127,0.242779,0.311127,0.205389,0.220035,0.222779,0.220356,0.002581,0.311124,0.001290,0.311102,-0.003920,0.220000,-0.003920,1,-0.229086,0.220000,0.220000,0.008623,-0.006043,0.262779,0.222779,0.311127,0.110000,0.072616,1
1772477563,509312165,-0.962869,-1.475525,-2.011732,-0.585234,-1.250014,0.198809,1,0.220399,0.438575,0.311127,0.205389,0.311127,0.131946,0.220282,0.185389,0.220399,0.000000,0.311102,-0.003920,0.310927,-0.011150,0.220000,-0.011150,1,-0.651587,0.220000,0.220000,0.003413,-0.011253,0.225389,0.185389,0.311127,0.110000,0.046650,1
1772477563,534352913,-0.965127,-1.482073,-1.999804,-0.577276,-1.246358,0.207063,1,0.220747,0.474104,0.311127,0.131946,0.311127,0.108602,0.220759,0.111946,0.220702,-0.004478,0.310927,-0.011150,0.310589,-0.018290,0.220000,-0.018290,1,-1.068832,0.220000,0.220000,-0.003817,-0.018483,0.151946,0.111946,0.311127,0.110000,0.038397,1
1772477563,584455085,-0.968954,-1.491330,-1.977527,-0.567556,-1.243937,0.229340,1,0.220310,0.417205,0.311127,0.108602,0.311127,0.045592,0.221434,0.088602,0.219979,-0.012070,0.310589,-0.018290,0.310108,-0.025164,0.220000,-0.025164,1,-1.470546,0.220000,0.220000,-0.010957,-0.025623,0.128602,0.088602,0.311127,0.110000,0.016119,1
1772477563,609465467,-0.971860,-1.496883,-1.966731,-0.561073,-1.242685,0.239869,1,0.220581,0.380197,0.311127,0.045592,0.311127,0.015811,0.221701,0.025592,0.219661,-0.020131,0.310108,-0.025164,0.309917,-0.027408,0.220000,-0.027408,1,-1.601700,0.220000,0.220000,-0.017831,-0.032497,0.065592,0.025592,0.311127,0.110000,0.005590,1
1772477563,634467276,-0.973546,-1.502277,-1.956152,-0.552674,-1.237776,0.247628,1,0.221699,0.393017,0.311127,0.015811,0.311127,-0.006135,0.222726,-0.004189,0.220179,-0.025917,0.309917,-0.027408,0.308858,-0.037505,0.220000,-0.034742,1,-2.191760,0.220000,0.220000,-0.020075,-0.034742,0.035811,-0.004189,0.311127,0.110000,-0.002169,1
1772477563,684549253,-0.978153,-1.511023,-1.936001,-0.542897,-1.236317,0.267779,1,0.221821,0.366411,0.311127,-0.006135,0.311127,-0.063130,0.223790,-0.026135,0.220030,-0.028136,0.308858,-0.037505,0.308412,-0.041011,0.220000,-0.041011,1,-2.396650,0.220000,0.220000,-0.030172,-0.044839,0.013865,-0.026135,0.311127,0.110000,-0.022320,1
1772477563,709632729,-0.980813,-1.516649,-1.927310,-0.536904,-1.235123,0.276526,1,0.223400,0.305632,0.311127,-0.063130,0.311127,-0.087871,0.224138,-0.083130,0.220249,-0.037387,0.308412,-0.041011,0.308160,-0.042869,0.220000,-0.042869,1,-2.505180,0.220000,0.220000,-0.033678,-0.048345,-0.043130,-0.083130,0.311127,0.110000,-0.031067,1
1772477563,734671612,-0.984183,-1.521808,-1.918394,-0.531987,-1.234667,0.286033,1,0.224532,0.311850,0.311127,-0.087871,0.311127,-0.114759,0.224294,-0.107871,0.220480,-0.042467,0.308160,-0.042869,0.308046,-0.043678,0.220000,-0.043678,1,-2.552478,0.220000,0.220000,-0.035535,-0.050202,-0.067871,-0.107871,0.311127,0.110000,-0.040574,1
1772477563,759639473,-0.986912,-1.527079,-1.910017,-0.526123,-1.233745,0.294409,1,0.224142,0.311207,0.311127,-0.114759,0.311127,-0.138452,0.224508,-0.134759,0.219832,-0.043742,0.308046,-0.043678,0.307890,-0.044766,0.220000,-0.044766,1,-2.616058,0.220000,0.220000,-0.036345,-0.051011,-0.094759,-0.134759,0.311127,0.110000,-0.048950,1
1772477563,809793209,-0.991675,-1.535958,-1.894976,-0.516327,-1.233117,0.309225,1,0.224078,0.280322,0.311127,-0.138452,0.311127,-0.180357,0.224426,-0.158452,0.219619,-0.044478,0.307890,-0.044766,0.307950,-0.044350,0.220000,-0.044350,1,-2.591754,0.220000,0.220000,-0.037433,-0.052099,-0.118452,-0.158452,0.311127,0.110000,-0.063766,1
1772477563,834817315,-0.994042,-1.542146,-1.887096,-0.511936,-1.240183,0.314588,1,0.224438,0.254350,0.311127,-0.180357,0.311127,-0.195527,0.223092,-0.195527,0.219782,-0.045477,0.307950,-0.044350,0.310222,-0.023716,0.220000,-0.037017,1,-1.385918,0.220000,0.220000,-0.037017,-0.051683,-0.160357,-0.200357,0.311127,0.110000,-0.069129,1
1772477563,859829659,-0.995955,-1.547688,-1.881212,-0.506334,-1.238459,0.320472,1,0.224241,0.236767,0.311127,-0.195527,0.311127,-0.212168,0.221580,-0.212168,0.219702,-0.044890,0.310222,-0.023716,0.310003,-0.026417,0.220000,-0.026417,1,-1.543795,0.220000,0.220000,-0.016382,-0.031049,-0.175527,-0.215527,0.311127,0.110000,-0.075013,1
1772477563,909899230,-1.002424,-1.556998,-1.870744,-0.495063,-1.238180,0.330578,1,0.222711,0.231487,0.311127,-0.212168,0.311127,-0.240752,0.221157,-0.232168,0.219574,-0.037251,0.310003,-0.026417,0.310306,-0.022593,0.220000,-0.022593,1,-1.320279,0.220000,0.220000,-0.019084,-0.033751,-0.192168,-0.232168,0.311127,0.110000,-0.085119,1
1772477563,934857125,-1.004107,-1.562637,-1.866143,-0.490294,-1.236105,0.330846,1,0.222281,0.222313,0.311127,-0.240752,0.311127,-0.241511,0.221425,-0.241511,0.220258,-0.029920,0.310306,-0.022593,0.310114,-0.025083,0.220000,-0.025083,1,-1.465837,0.220000,0.220000,-0.015259,-0.029926,-0.220752,-0.260752,0.311127,0.110000,-0.085387,1
1772477563,959919308,-1.007764,-1.567691,-1.861407,-0.484055,-1.236106,0.335583,1,0.221982,0.178696,0.311127,-0.241511,0.311127,-0.254908,0.221125,-0.254908,0.220855,-0.022343,0.310114,-0.025083,0.310329,-0.022274,0.220000,-0.022274,1,-1.301640,0.220000,0.220000,-0.017750,-0.032417,-0.221511,-0.261511,0.311127,0.110000,-0.090124,1
1772477564,10015049,-1.011530,-1.577918,-1.853351,-0.473572,-1.233331,0.343615,1,0.221547,0.153816,0.311127,-0.254908,0.311127,-0.277626,0.221436,-0.274908,0.220161,-0.024748,0.310329,-0.022274,0.310107,-0.025174,0.220000,-0.025174,1,-1.471148,0.220000,0.220000,-0.014940,-0.029607,-0.234908,-0.274908,0.311127,0.110000,-0.098156,1
1772477564,35026700,-1.014163,-1.582579,-1.849840,-0.468391,-1.234879,0.346826,1,0.220938,0.134462,0.311127,-0.277626,0.311127,-0.286709,0.220766,-0.286709,0.219782,-0.022564,0.310107,-0.025174,0.310584,-0.018379,0.220000,-0.018379,1,-1.074020,0.220000,0.220000,-0.017841,-0.032508,-0.257626,-0.297626,0.311127,0.110000,-0.101367,1
1772477564,60001454,-1.016559,-1.587547,-1.846300,-0.462962,-1.233910,0.350366,1,0.221204,0.110560,0.311127,-0.286709,0.311127,-0.296720,0.220768,-0.296720,0.219740,-0.025406,0.310584,-0.018379,0.310582,-0.018405,0.220000,-0.018405,1,-1.075540,0.220000,0.220000,-0.011045,-0.025712,-0.266709,-0.306709,0.311127,0.110000,-0.104906,1
1772477564,110142465,-1.020123,-1.597457,-1.840062,-0.453359,-1.231196,0.356481,1,0.220231,0.100953,0.311127,-0.296720,0.311127,-0.314018,0.221014,-0.314018,0.219481,-0.018158,0.310582,-0.018405,0.310407,-0.021149,0.220000,-0.021149,1,-1.235919,0.220000,0.220000,-0.011071,-0.025738,-0.276720,-0.316720,0.311127,0.110000,-0.111022,1
1772477564,135146642,-1.021669,-1.603731,-1.837284,-0.454311,-1.231495,0.357617,1,0.220587,0.075717,0.311127,-0.314018,0.311127,-0.317229,0.221032,-0.317229,0.219830,-0.018259,0.310407,-0.021149,0.310395,-0.021336,0.220000,-0.021336,1,-1.246872,0.220000,0.220000,-0.013816,-0.028482,-0.294018,-0.334018,0.311127,0.110000,-0.112157,1
1772477564,160141557,-1.023809,-1.609270,-1.835809,-0.448565,-1.229995,0.359091,1,0.220776,0.065328,0.311127,-0.317229,0.311127,-0.321400,0.221093,-0.321400,0.219814,-0.020582,0.310395,-0.021336,0.310351,-0.021960,0.220000,-0.021960,1,-1.283286,0.220000,0.220000,-0.014003,-0.028670,-0.297229,-0.337229,0.311127,0.110000,-0.113632,1
1772477564,210258739,-1.027502,-1.619013,-1.834743,-0.438199,-1.227245,0.360163,1,0.221550,0.036788,0.311127,-0.321400,0.311127,-0.324433,0.221169,-0.324433,0.220543,-0.021107,0.310351,-0.021960,0.310297,-0.022712,0.220000,-0.022712,1,-1.327255,0.220000,0.220000,-0.014626,-0.029293,-0.301400,-0.341400,0.311127,0.110000,-0.114704,1
1772477564,235324071,-1.029180,-1.623528,-1.834352,-0.429178,-1.225199,0.360644,1,0.221995,0.006139,0.311127,-0.324433,0.311127,-0.325791,0.221125,-0.325791,0.220904,-0.021983,0.310297,-0.022712,0.310328,-0.022276,0.220000,-0.022276,1,-1.301784,0.220000,0.220000,-0.015379,-0.030045,-0.304433,-0.344433,0.311127,0.110000,-0.115184,1
1772477564,260267224,-1.030636,-1.630053,-1.833169,-0.423033,-1.222567,0.361826,1,0.221450,-0.001641,0.311127,-0.325791,0.311127,-0.329136,0.221488,-0.329136,0.220263,-0.022901,0.310328,-0.022276,0.310069,-0.025634,0.220000,-0.025634,1,-1.498015,0.220000,0.220000,-0.014943,-0.029609,-0.305791,-0.345791,0.311127,0.110000,-0.116367,1
1772477564,310298071,-1.034198,-1.639394,-1.832969,-0.413361,-1.220086,0.361798,1,0.220264,-0.039760,0.311127,-0.329136,0.311127,-0.329057,0.221506,-0.329057,0.219174,-0.021893,0.310069,-0.025634,0.310057,-0.025783,0.220000,-0.025783,1,-1.506718,0.220000,0.220000,-0.018301,-0.032967,-0.309136,-0.349136,0.311127,0.110000,-0.116339,1
1772477564,335355628,-1.036025,-1.646175,-1.833726,-0.406611,-1.219183,0.357049,1,0.221604,-0.046832,0.311127,-0.329057,0.311127,-0.315623,0.221113,-0.315623,0.220144,-0.025396,0.310057,-0.025783,0.310337,-0.022154,0.220000,-0.022154,1,-1.294632,0.220000,0.220000,-0.018450,-0.033116,-0.309057,-0.349057,0.311127,0.110000,-0.111590,1
1772477564,360397952,-1.036853,-1.649047,-1.835427,-0.403792,-1.218187,0.355347,1,0.221710,-0.059106,0.311127,-0.315623,0.311127,-0.310810,0.221139,-0.310810,0.220318,-0.024805,0.310337,-0.022154,0.310318,-0.022417,0.220000,-0.022417,1,-1.310029,0.220000,0.220000,-0.014820,-0.029487,-0.295623,-0.335623,0.311127,0.110000,-0.109888,1
1772477564,410431141,-1.041503,-1.660385,-1.837180,-0.392088,-1.215393,0.353886,1,0.221022,-0.093383,0.311127,-0.310810,0.311127,-0.306678,0.221057,-0.306678,0.219924,-0.022002,0.310318,-0.022417,0.310377,-0.021588,0.220000,-0.021588,1,-1.261545,0.220000,0.220000,-0.015084,-0.029751,-0.290810,-0.330810,0.311127,0.110000,-0.108427,1
1772477564,435447483,-1.042367,-1.665305,-1.839835,-0.391536,-1.213372,0.356280,1,0.221497,-0.105582,0.311127,-0.306678,0.311127,-0.313448,0.221710,-0.313448,0.220363,-0.022379,0.310377,-0.021588,0.309911,-0.027482,0.220000,-0.027482,1,-1.606036,0.220000,0.220000,-0.014254,-0.028921,-0.286678,-0.326678,0.311127,0.110000,-0.110821,1
1772477564,460426661,-1.044122,-1.670418,-1.842408,-0.386363,-1.211801,0.353707,1,0.221363,-0.126750,0.311127,-0.313448,0.311127,-0.306170,0.221704,-0.306170,0.220350,-0.021150,0.309911,-0.027482,0.309915,-0.027434,0.220000,-0.027434,1,-1.603227,0.220000,0.220000,-0.020149,-0.034816,-0.293448,-0.333448,0.311127,0.110000,-0.108248,1
1772477564,510589609,-1.048855,-1.681892,-1.848063,-0.374198,-1.208736,0.347854,1,0.221656,-0.132908,0.311127,-0.306170,0.311127,-0.289615,0.221493,-0.289615,0.219958,-0.027387,0.309915,-0.027434,0.310066,-0.025671,0.220000,-0.025671,1,-1.500164,0.220000,0.220000,-0.020101,-0.034768,-0.286170,-0.326170,0.311127,0.110000,-0.102394,0
1772477564,535530269,-1.051066,-1.688797,-1.851481,-0.365609,-1.203018,0.340746,1,0.221699,-0.152763,0.311127,-0.289615,0.311127,-0.269512,0.222462,-0.269615,0.220050,-0.026989,0.310066,-0.025671,0.309350,-0.033208,0.220000,-0.033004,1,-1.940648,0.220000,0.220000,-0.018337,-0.033004,-0.269615,-0.309615,0.311127,0.110000,-0.095287,0
1772477564,560542842,-1.052534,-1.695192,-1.855151,-0.359554,-1.200489,0.337076,1,0.221203,-0.187331,0.311127,-0.269512,0.311127,-0.259133,0.222741,-0.259133,0.219700,-0.025739,0.309350,-0.033208,0.309171,-0.034835,0.220000,-0.034835,1,-2.035731,0.220000,0.220000,-0.025875,-0.040542,-0.249512,-0.289512,0.311127,0.110000,-0.091617,0
1772477564,610613115,-1.057402,-1.706152,-1.862833,-0.347809,-1.198065,0.329394,1,0.222905,-0.202154,0.311127,-0.259133,0.311127,-0.237404,0.222179,-0.239133,0.220428,-0.033138,0.309171,-0.034835,0.309574,-0.031043,0.220000,-0.031043,1,-1.814130,0.220000,0.220000,-0.027502,-0.042169,-0.239133,-0.279133,0.311127,0.110000,-0.083935,0
1772477564,635649661,-1.060092,-1.712053,-1.867544,-0.341536,-1.196810,0.324695,1,0.223103,-0.219855,0.311127,-0.237404,0.311127,-0.224112,0.221867,-0.224112,0.220301,-0.035249,0.309574,-0.031043,0.309798,-0.028725,0.220000,-0.028725,1,-1.678644,0.220000,0.220000,-0.023710,-0.038377,-0.217404,-0.257404,0.311127,0.110000,-0.079236,0
1772477564,660623089,-1.063263,-1.718111,-1.872847,-0.336598,-1.195715,0.319620,1,0.222006,-0.248649,0.311127,-0.224112,0.311127,-0.209758,0.221622,-0.209758,0.219845,-0.030898,0.309798,-0.028725,0.309974,-0.026765,0.220000,-0.026765,1,-1.564129,0.220000,0.220000,-0.021392,-0.036058,-0.204112,-0.244112,0.311127,0.110000,-0.074161,0
1772477564,710688786,-1.066780,-1.727331,-1.884262,-0.327055,-1.193204,0.308205,1,0.222611,-0.230959,0.311127,-0.209758,0.311127,-0.177472,0.221257,-0.189758,0.220789,-0.028420,0.309974,-0.026765,0.310234,-0.023554,0.220000,-0.023554,1,-1.376483,0.220000,0.220000,-0.019432,-0.034099,-0.189758,-0.229758,0.311127,0.110000,-0.062746,0
1772477564,735695361,-1.068957,-1.732061,-1.889322,-0.321941,-1.192219,0.303145,1,0.221480,-0.212639,0.311127,-0.177472,0.311127,-0.163159,0.221017,-0.163159,0.219886,-0.026521,0.310234,-0.023554,0.310406,-0.021174,0.220000,-0.021174,1,-1.237386,0.220000,0.220000,-0.016221,-0.030888,-0.157472,-0.197472,0.311127,0.110000,-0.057686,0
1772477564,760732569,-1.072094,-1.737413,-1.893659,-0.315764,-1.191652,0.298808,1,0.220771,-0.202349,0.311127,-0.163159,0.311127,-0.150893,0.220667,-0.150893,0.219495,-0.023703,0.310406,-0.021174,0.310654,-0.017142,0.220000,-0.017142,1,-1.001729,0.220000,0.220000,-0.013841,-0.028507,-0.143159,-0.183159,0.311127,0.110000,-0.053349,0
1772477564,810784251,-1.076997,-1.746119,-1.904763,-0.303084,-1.186249,0.286424,1,0.221040,-0.175190,0.311127,-0.150893,0.311127,-0.115865,0.220853,-0.130893,0.220056,-0.020835,0.310654,-0.017142,0.310522,-0.019394,0.220000,-0.019394,1,-1.133340,0.220000,0.220000,-0.009808,-0.024475,-0.130893,-0.170893,0.311127,0.110000,-0.040964,0
1772477564,835997899,-1.078288,-1.751321,-1.908009,-0.298101,-1.184274,0.283178,1,0.220654,-0.144135,0.311127,-0.115865,0.311127,-0.106685,0.220941,-0.106685,0.219989,-0.017113,0.310522,-0.019394,0.310459,-0.020374,0.220000,-0.020374,1,-1.190642,0.220000,0.220000,-0.012060,-0.026727,-0.095865,-0.135865,0.311127,0.110000,-0.037719,0
1772477564,860870230,-1.080415,-1.755478,-1.913154,-0.293482,-1.183589,0.278033,1,0.220953,-0.117229,0.311127,-0.106685,0.311127,-0.092132,0.220694,-0.092132,0.219997,-0.020536,0.310459,-0.020374,0.310635,-0.017485,0.220000,-0.017485,1,-1.021823,0.220000,0.220000,-0.013041,-0.027708,-0.086685,-0.126685,0.311127,0.110000,-0.032574,0
1772477564,910972156,-1.084886,-1.765823,-1.920073,-0.282466,-1.181212,0.271114,1,0.220284,-0.112671,0.311127,-0.092132,0.311127,4.370322,0.220463,-0.072132,0.219370,-0.020054,0.310635,-0.017485,0.310799,-0.014285,0.220000,-0.014285,1,-0.834823,0.220000,0.220000,-0.010152,-0.024819,-0.072132,-0.112132,0.311127,0.110000,1.545142,0
1772477564,936122383,-1.086797,-1.771380,-1.922013,-0.276833,-1.179536,0.269174,1,0.220781,-0.092173,0.311127,4.370322,0.311127,4.445818,0.220479,0.600000,0.220090,-0.017444,0.310799,-0.014285,0.310788,-0.014522,0.220000,-0.014522,1,-0.862197,0.220000,0.220000,-0.006952,-0.021619,0.600000,0.600000,0.311127,0.110000,1.547082,0
1772477564,961087368,-1.088386,-1.775243,-1.923898,-0.272766,-1.178584,0.267288,1,0.220353,-0.058292,0.311127,4.445818,0.311127,4.629865,0.220447,0.600000,0.219863,-0.014698,0.310788,-0.014522,0.310811,-0.014030,0.220000,-0.014030,1,-0.866422,0.220000,0.220000,-0.007188,-0.021855,0.600000,0.600000,0.311127,0.110000,1.548967,0
1772477565,11268351,-1.093164,-1.785744,-1.929239,-0.261444,-1.176367,0.261947,1,0.220762,-0.051189,0.311127,4.629865,0.311127,5.224635,0.220288,0.600000,0.220308,-0.014154,0.310811,-0.014030,0.310923,-0.011254,0.220000,-0.011254,1,-0.781564,0.220000,0.220000,-0.006696,-0.021363,0.600000,0.600000,0.311127,0.110000,1.554308,0
1772477565,36263184,-1.096148,-1.789856,-1.930488,-0.256396,-1.176300,0.260690,1,0.220480,-0.029194,0.311127,5.224635,0.311127,5.522957,0.220114,0.600000,0.220029,-0.014084,0.310923,-0.011254,0.311046,-0.007084,0.220000,-0.007084,1,-0.519635,0.220000,0.220000,-0.003920,-0.018587,0.600000,0.600000,0.311127,0.110000,1.555565,0
1772477565,61269933,-1.098297,-1.795247,-1.931924,-0.251359,-1.172914,0.259090,1,0.219789,0.017895,0.311127,5.522957,0.311127,5.910808,0.220472,0.600000,0.219712,-0.005814,0.311046,-0.007084,0.310786,-0.014565,0.220000,-0.014417,1,-1.142276,0.220000,0.220000,0.000250,-0.014417,0.600000,0.600000,0.311127,0.110000,1.557166,0
1772477565,111416731,-1.102905,-1.805229,-1.932070,-0.240558,-1.170861,0.258943,1,0.220075,0.004613,0.311127,5.910808,0.311127,6.826711,0.220404,0.600000,0.219960,-0.007123,0.310786,-0.014565,0.310841,-0.013342,0.220000,-0.013342,1,-1.208402,0.220000,0.220000,-0.007231,-0.021898,0.600000,0.600000,0.311127,0.110000,1.557313,0
1772477565,136588881,-1.105155,-1.810471,-1.931794,-0.234984,-1.169646,0.259219,1,0.220560,0.035729,0.311127,6.826711,0.311127,7.422157,0.220407,0.600000,0.220104,-0.014172,0.310841,-0.013342,0.310839,-0.013391,0.220000,-0.013391,1,-1.318905,0.220000,0.220000,-0.006009,-0.020675,0.600000,0.600000,0.311127,0.110000,1.557037,0
1772477565,161574719,-1.106374,-1.816340,-1.931967,-0.229500,-1.167227,0.259046,1,0.220127,0.062814,0.311127,7.422157,0.311127,7.786048,0.220866,0.600000,0.219688,-0.013905,0.310839,-0.013391,0.310512,-0.019545,0.220000,-0.019545,1,-2.114943,0.220000,0.220000,-0.006058,-0.020725,0.600000,0.600000,0.311127,0.110000,1.557210,0
1772477565,211887529,-1.111633,-1.826692,-1.928706,-0.218020,-1.165489,0.262307,1,0.220393,0.071023,0.311127,7.786048,0.311127,7.769742,0.220663,0.600000,0.220001,-0.013136,0.310512,-0.019545,0.310657,-0.017089,0.220000,-0.017089,1,-2.297730,0.220000,0.220000,-0.012212,-0.026878,0.600000,0.600000,0.311127,0.110000,1.553948,0
1772477565,236894030,-1.113322,-1.831897,-1.926690,-0.212802,-1.163838,0.264324,1,0.220740,0.098121,0.311127,7.769742,0.311127,7.759659,0.221066,0.600000,0.219836,-0.019965,0.310657,-0.017089,0.310370,-0.021683,0.220000,-0.021683,1,-3.289883,0.220000,0.220000,-0.009756,-0.024423,0.600000,0.600000,0.311127,0.110000,1.551932,0
1772477565,261884409,-1.116141,-1.838112,-1.924132,-0.206106,-1.162521,0.266882,1,0.221149,0.094129,0.311127,7.759659,0.311127,7.746869,0.221143,0.600000,0.219992,-0.022584,0.310370,-0.021683,0.310315,-0.022459,0.220000,-0.022459,1,-4.061742,0.220000,0.220000,-0.014350,-0.029017,0.600000,0.600000,0.311127,0.110000,1.549374,0
1772477565,312041987,-1.122753,-1.850843,-1.917666,-0.191525,-1.159845,0.273836,1,0.220419,0.123026,0.311127,7.746869,0.311127,7.712097,0.221067,7.726869,0.219305,-0.022133,0.310315,-0.022459,0.310369,-0.021698,0.220000,-0.021698,1,-6.731389,0.220000,0.220000,-0.015125,-0.029792,0.600000,0.600000,0.311127,0.110000,1.542419,0
1772477565,337175757,-1.124670,-1.856559,-1.914962,-0.185760,-1.158081,0.276540,1,0.221522,0.162846,0.311127,7.712097,0.311127,7.698577,0.221907,0.600000,0.220332,-0.022928,0.310369,-0.021698,0.309229,-0.034314,0.220000,-0.029032,1,-14.976221,0.220000,0.220000,-0.014365,-0.029032,0.600000,0.600000,0.311127,0.110000,1.539715,0
1772477565,362292774,-1.127631,-1.861435,-1.910870,-0.180072,-1.157653,0.280632,1,0.222679,0.132544,0.311127,7.698577,0.311127,7.678115,0.221648,7.678577,0.220577,-0.030528,0.309229,-0.034314,0.310615,-0.017842,0.220000,-0.026980,1,-12.655145,0.220000,0.220000,-0.026980,-0.041647,0.600000,0.600000,0.311127,0.110000,1.535623,0
1772477565,412500653,-1.132496,-1.873681,-1.901134,-0.167280,-1.154488,0.290368,1,0.221532,0.191744,0.311127,7.678115,0.311127,7.629436,0.303464,7.658115,0.219562,-0.029476,0.310615,-0.017842,-0.311122,0.001680,0.303282,-0.010508,1,2.620996,0.220000,0.220000,-0.010508,-0.025175,0.600000,0.600000,0.311127,0.110000,1.525887,0
1772477565,437583064,-1.135168,-1.878999,-1.896466,-0.161400,-1.153569,0.295037,1,0.221767,0.206168,0.311127,7.629436,0.311127,7.606095,0.220185,7.609436,0.220613,-0.022592,-0.311122,0.001680,-0.309956,0.026970,-0.220000,0.009013,1,17.250041,-0.220000,-0.220000,0.009013,-0.005653,0.600000,0.600000,0.311127,0.110000,1.521219,0
1772477565,462638750,-1.137126,-1.883655,-1.891102,-0.156474,-1.152454,0.300400,1,0.204002,0.287099,0.311127,7.606095,0.311127,7.579277,0.221668,7.586095,0.203902,-0.006379,-0.309956,0.026970,-0.309941,0.027141,-0.220000,0.027141,1,11.553182,-0.220000,-0.220000,0.034304,0.019637,0.600000,0.600000,0.311127,0.110000,1.515855,0
1772477565,512827023,-1.141436,-1.892978,-1.881272,-0.146383,-1.150538,0.310230,1,0.205100,0.248943,0.311127,7.579277,0.311127,7.530127,0.222517,7.559277,0.204977,-0.007102,-0.309941,0.027141,-0.309332,0.033375,-0.220000,0.033375,1,8.456187,-0.220000,-0.220000,0.034474,0.019807,0.600000,0.600000,0.311127,0.110000,1.506025,0
1772477565,537975712,-1.142565,-1.896340,-1.876437,-0.142961,-1.149633,0.314746,1,0.189473,0.320042,0.311127,7.530127,0.311127,7.507548,0.222412,7.510127,0.189232,0.009554,-0.309332,0.033375,-0.309408,0.032663,-0.220000,0.032663,1,7.263963,-0.220000,-0.220000,0.040708,0.026041,0.600000,0.600000,0.311127,0.110000,1.501510,0
1772477565,562986428,-1.144269,-1.899603,-1.870855,-0.139044,-1.150357,0.317379,1,0.182395,0.334624,0.311127,7.507548,0.311127,7.494381,0.223606,0.600000,0.181689,0.016034,-0.309408,0.032663,-0.307420,0.047884,-0.220000,0.039997,1,9.435853,-0.220000,-0.220000,0.039997,0.025330,0.600000,0.600000,0.311127,0.110000,1.498876,0
1772477565,613181041,-1.145886,-1.908052,-1.856632,-0.131219,-1.146784,0.331603,1,0.184158,0.310741,0.311127,7.494381,0.311127,7.423264,0.223706,7.474381,0.183511,0.015427,-0.307420,0.047884,-0.309120,0.035282,-0.220000,0.040550,1,5.533919,-0.220000,-0.220000,0.055217,0.040550,0.600000,0.600000,0.311127,0.110000,1.484653,0
1772477565,638329854,-1.146538,-1.913746,-1.849288,-0.126199,-1.144020,0.338946,1,0.169791,0.381596,0.311127,7.423264,0.311127,7.386547,0.221768,7.403264,0.166876,0.031324,-0.309120,0.035282,-0.309969,0.026816,-0.220000,0.027949,1,3.706130,-0.220000,-0.220000,0.042616,0.027949,0.600000,0.600000,0.311127,0.110000,1.477309,0
1772477565,663407133,-1.148122,-1.917541,-1.840145,-0.122188,-1.143115,0.348090,1,0.161992,0.354510,0.311127,7.386547,0.311127,7.340829,0.222093,7.366547,0.159690,0.027211,-0.309969,0.026816,-0.309636,0.030420,-0.220000,0.030420,1,3.862946,-0.220000,-0.220000,0.034149,0.019482,0.600000,0.600000,0.311127,0.110000,1.468166,0
1772477565,713391691,-1.147480,-1.924538,-1.822875,-0.116854,-1.138540,0.365360,1,0.163446,0.364101,0.311127,7.340829,0.311127,7.254480,0.221208,7.320829,0.161300,0.026395,-0.309636,0.030420,-0.310556,0.018836,-0.220000,0.023087,1,2.123964,-0.220000,-0.220000,0.037754,0.023087,0.600000,0.600000,0.311127,0.110000,1.450896,0
1772477565,738437957,-1.148993,-1.928627,-1.813876,-0.112644,-1.137407,0.374358,1,0.147437,0.334099,0.311127,7.254480,0.311127,7.209487,0.221153,7.234480,0.145847,0.021597,-0.310556,0.018836,-0.310308,0.022554,-0.220000,0.022554,1,2.362711,-0.220000,-0.220000,0.026169,0.011502,0.600000,0.600000,0.311127,0.110000,1.441897,0
1772477565,763398955,-1.149416,-1.933527,-1.803110,-0.108405,-1.134914,0.385125,1,0.139597,0.416479,0.311127,7.209487,0.311127,6.729940,0.220966,7.189487,0.137720,0.022814,-0.310308,0.022554,-0.310442,0.020642,-0.220000,0.020642,1,2.005527,-0.220000,-0.220000,0.029887,0.015221,0.600000,0.600000,0.311127,0.110000,1.431131,0
1772477565,813507591,-1.149840,-1.941632,-1.783324,-0.096005,-1.130885,0.404450,1,0.140376,0.424151,0.311127,6.729940,0.311127,5.546150,0.221635,6.709940,0.138578,0.022398,-0.310442,0.020642,-0.309965,0.026868,-0.220000,0.026868,1,2.180769,-0.220000,-0.220000,0.027975,0.013308,0.600000,0.600000,0.311127,0.110000,1.411805,0
1772477565,838554562,-1.149525,-1.943666,-1.773862,-0.094527,-1.129451,0.413912,1,0.126408,0.485468,0.311127,5.546150,0.311127,5.382782,0.221574,5.526150,0.123300,0.027854,-0.309965,0.026868,-0.310008,0.026360,-0.220000,0.026360,1,2.090487,-0.220000,-0.220000,0.034202,0.019535,0.600000,0.600000,0.311127,0.110000,1.402344,0
1772477565,863546589,-1.150045,-1.947846,-1.761772,-0.090818,-1.127457,0.426002,1,0.121081,0.501849,0.311127,5.382782,0.311127,5.076004,0.221725,5.362782,0.118173,0.026377,-0.310008,0.026360,-0.309900,0.027604,-0.220000,0.027604,1,2.082389,-0.220000,-0.220000,0.033693,0.019026,0.600000,0.600000,0.311127,0.110000,1.390254,0
1772477565,913629975,-1.150091,-1.951407,-1.739250,-0.087887,-1.125434,0.448524,1,0.121009,0.486863,0.311127,5.076004,0.311127,4.799997,0.222215,5.056004,0.118218,0.025836,-0.309900,0.027604,-0.309549,0.031297,-0.220000,0.031297,1,2.269306,-0.220000,-0.220000,0.034938,0.020271,0.600000,0.600000,0.311127,0.110000,1.367732,0
1772477565,938675050,-1.149230,-1.955686,-1.727476,-0.084895,-1.122256,0.460298,1,0.106139,0.544004,0.311127,4.799997,0.311127,4.557329,0.221820,4.779997,0.101233,0.031894,-0.309549,0.031297,-0.309832,0.028357,-0.220000,0.028357,1,1.969176,-0.220000,-0.220000,0.038630,0.023963,0.600000,0.600000,0.311127,0.110000,1.355957,0
1772477565,963711252,-1.149754,-1.958108,-1.714670,-0.082616,-1.121282,0.473104,1,0.098986,0.548860,0.311127,4.557329,0.311127,4.396652,0.222321,4.537329,0.094739,0.028682,-0.309832,0.028357,-0.309473,0.032041,-0.220000,0.032041,1,2.166993,-0.220000,-0.220000,0.035691,0.021024,0.600000,0.600000,0.311127,0.110000,1.343151,0
1772477565,988809252,-1.149772,-1.961246,-1.701466,-0.080046,-1.119481,0.486308,1,0.099575,0.552228,0.311127,4.396652,0.311127,4.218055,0.222575,4.376652,0.095464,0.028316,-0.309473,0.032041,-0.309290,0.033761,-0.220000,0.033761,1,2.212325,-0.220000,-0.220000,0.039374,0.024708,0.600000,0.600000,0.311127,0.110000,1.329947,0
1772477566,38910750,-1.148699,-1.965050,-1.673705,-0.077564,-1.116405,0.514069,1,0.086135,0.570734,0.311127,4.218055,0.311127,3.989324,0.222995,4.198055,0.079198,0.033864,-0.309290,0.033761,-0.308988,0.036424,-0.220000,0.036424,1,2.305517,-0.220000,-0.220000,0.041094,0.026428,0.600000,0.600000,0.311127,0.110000,1.302187,0
1772477566,63947075,-1.148229,-1.966377,-1.659634,-0.076151,-1.115711,0.528088,1,0.081696,0.608596,0.311127,3.989324,0.311127,3.886220,0.223692,3.969324,0.073246,0.036184,-0.308988,0.036424,-0.308483,0.040472,-0.220000,0.040472,1,2.522718,-0.220000,-0.220000,0.043757,0.029091,0.600000,0.600000,0.311127,0.110000,1.288167,0
1772477566,113964302,-1.146845,-1.972123,-1.629977,-0.067208,-1.115092,0.557314,1,0.076464,0.602274,0.311127,3.886220,0.311127,3.508168,0.225134,3.866220,0.064678,0.040787,-0.308483,0.040472,-0.305784,0.057411,-0.220000,0.047806,1,3.305394,-0.220000,-0.220000,0.047806,0.033139,0.600000,0.600000,0.311127,0.110000,1.258942,0
1772477566,139059302,-1.145760,-1.973542,-1.615192,-0.066677,-1.113386,0.572099,1,0.075847,0.625524,0.311127,3.508168,0.311127,3.432439,0.227554,3.488168,0.057417,0.049558,-0.305784,0.057411,-0.305646,0.058144,-0.220000,0.058144,1,3.314291,-0.220000,-0.220000,0.064744,0.050077,0.600000,0.600000,0.311127,0.110000,1.244157,0
1772477566,164090020,-1.145176,-1.975380,-1.600483,-0.065515,-1.111848,0.586808,1,0.075620,0.601128,0.311127,3.432439,0.311127,3.342705,0.228033,3.412439,0.051106,0.055736,-0.305646,0.058144,-0.305288,0.059992,-0.220000,0.059992,1,3.370070,-0.220000,-0.220000,0.065478,0.050811,0.600000,0.600000,0.311127,0.110000,1.229448,0
1772477566,214185640,-1.142736,-1.979138,-1.569283,-0.063860,-1.107684,0.618008,1,0.074311,0.623009,0.311127,3.342705,0.311127,3.170153,0.228347,3.322705,0.042199,0.061166,-0.305288,0.059992,-0.305054,0.061175,-0.220000,0.061175,1,3.343955,-0.220000,-0.220000,0.067326,0.052659,0.600000,0.600000,0.311127,0.110000,1.198248,0
1772477566,239246007,-1.140466,-1.979101,-1.554561,-0.065202,-1.105854,0.632730,1,0.070730,0.598194,0.311127,3.170153,0.311127,3.143441,0.228005,3.150153,0.035293,0.061296,-0.305054,0.061175,-0.305309,0.059887,-0.220000,0.059887,1,3.286343,-0.220000,-0.220000,0.068508,0.053841,0.600000,0.600000,0.311127,0.110000,1.183526,0
1772477566,264281425,-1.138675,-1.980458,-1.539687,-0.065131,-1.103607,0.647604,1,0.067035,0.611400,0.311127,3.143441,0.311127,3.076727,0.227839,3.123441,0.029171,0.060355,-0.305309,0.059887,-0.305433,0.059252,-0.220000,0.059252,1,3.223021,-0.220000,-0.220000,0.067220,0.052553,0.600000,0.600000,0.311127,0.110000,1.168652,0
1772477566,314371141,-1.135182,-1.981697,-1.510106,-0.069588,-1.094993,0.681795,1,0.062903,0.596650,0.311127,3.076727,0.311127,2.981929,0.226043,3.056727,0.021180,0.059230,-0.305433,0.059252,-0.307916,0.044584,-0.220000,0.051919,1,2.421281,-0.220000,-0.220000,0.066586,0.051919,0.600000,0.600000,0.311127,0.110000,1.134460,0
1772477566,339452681,-1.134074,-1.983075,-1.494123,-0.069112,-1.093291,0.697778,1,0.052429,0.532542,0.311127,2.981929,0.311127,2.908286,0.224834,2.961929,0.014098,0.050498,-0.307916,0.044584,-0.307652,0.046370,-0.220000,0.046370,1,2.491163,-0.220000,-0.220000,0.051918,0.037251,0.600000,0.600000,0.311127,0.110000,1.118477,0
1772477566,364517623,-1.132462,-1.983443,-1.479510,-0.069751,-1.091765,0.712391,1,0.046914,0.601570,0.311127,2.908286,0.311127,2.864041,0.224896,2.888286,0.007256,0.046349,-0.307652,0.046370,-0.307607,0.046672,-0.220000,0.046672,1,2.501904,-0.220000,-0.220000,0.053703,0.039037,0.600000,0.600000,0.311127,0.110000,1.103864,0
1772477566,389559276,-1.131722,-1.984935,-1.464863,-0.068969,-1.090296,0.727039,1,0.046812,0.595183,0.311127,2.864041,0.311127,2.792327,0.225408,2.844041,-0.001336,0.046793,-0.307607,0.046672,-0.307231,0.049080,-0.220000,0.049080,1,2.599627,-0.220000,-0.220000,0.054005,0.039338,0.600000,0.600000,0.311127,0.110000,1.089217,0
1772477566,439627619,-1.129168,-1.983409,-1.435425,-0.071695,-1.089107,0.756476,1,0.050149,0.603068,0.311127,2.792327,0.311127,2.753885,0.226012,2.772327,-0.008382,0.049443,-0.307231,0.049080,-0.306787,0.051783,-0.220000,0.051783,1,2.780201,-0.220000,-0.220000,0.056413,0.041747,0.600000,0.600000,0.311127,0.110000,1.059779,0
1772477566,464761288,-1.128488,-1.983704,-1.420522,-0.071852,-1.088382,0.771380,1,0.054497,0.600632,0.311127,2.753885,0.311127,2.708951,0.226672,2.733885,-0.015411,0.052272,-0.306787,0.051783,-0.306300,0.054592,-0.220000,0.054592,1,2.924290,-0.220000,-0.220000,0.059117,0.044450,0.600000,0.600000,0.311127,0.110000,1.044876,0
1772477566,489690184,-1.126904,-1.982993,-1.405683,-0.073351,-1.087508,0.786218,1,0.060425,0.597733,0.311127,2.708951,0.311127,2.687073,0.226800,2.688951,-0.024181,0.055376,-0.306300,0.054592,-0.306206,0.055118,-0.220000,0.055118,1,2.970823,-0.220000,-0.220000,0.061925,0.047259,0.600000,0.600000,0.311127,0.110000,1.030037,0
1772477566,539814203,-1.123979,-1.982144,-1.376075,-0.075744,-1.085623,0.815826,1,0.061116,0.589895,0.311127,2.687073,0.311127,2.628593,0.227176,2.667073,-0.028628,0.053997,-0.306206,0.055118,-0.305927,0.056647,-0.220000,0.056647,1,3.075148,-0.220000,-0.220000,0.062452,0.047785,0.600000,0.600000,0.311127,0.110000,1.000430,0
1772477566,564863686,-1.123236,-1.981259,-1.360976,-0.076758,-1.085216,0.830922,1,0.066452,0.601743,0.311127,2.628593,0.311127,2.601539,0.227737,2.608593,-0.036699,0.055399,-0.305927,0.056647,-0.305509,0.058857,-0.220000,0.058857,1,3.210676,-0.220000,-0.220000,0.063980,0.049313,0.600000,0.600000,0.311127,0.110000,0.985333,0
1772477566,614974368,-1.122024,-1.980406,-1.330272,-0.076442,-1.080786,0.861583,1,0.073034,0.583503,0.311127,2.601539,0.311127,2.459068,0.227961,2.581539,-0.045514,0.057118,-0.305509,0.058857,-0.305342,0.059717,-0.220000,0.059717,1,3.178082,-0.220000,-0.220000,0.066190,0.051523,0.600000,0.600000,0.311127,0.110000,0.954672,0
1772477566,639976932,-1.120804,-1.980755,-1.313830,-0.076868,-1.079592,0.878025,1,0.078816,0.612807,0.311127,2.459068,0.311127,2.408506,0.228490,2.439068,-0.051562,0.059610,-0.305342,0.059717,-0.304946,0.061708,-0.220000,0.061708,1,3.272924,-0.220000,-0.220000,0.067050,0.052383,0.600000,0.600000,0.311127,0.110000,0.938230,0
1772477566,665056995,-1.118672,-1.977667,-1.299032,-0.080620,-1.079654,0.892823,1,0.083908,0.589469,0.311127,2.408506,0.311127,2.429411,0.228107,0.600000,-0.058871,0.059790,-0.304946,0.061708,-0.305233,0.060273,-0.220000,0.060273,1,3.276248,-0.220000,-0.220000,0.069042,0.054375,0.600000,0.600000,0.311127,0.110000,0.923432,0
1772477566,690095340,-1.118616,-1.975616,-1.284773,-0.082321,-1.080802,0.907083,1,0.091690,0.606049,0.311127,2.429411,0.311127,2.433893,0.229137,0.600000,-0.067472,0.062084,-0.305233,0.060273,-0.304460,0.064061,-0.220000,0.064061,1,3.543274,-0.220000,-0.220000,0.067607,0.052940,0.600000,0.600000,0.311127,0.110000,0.909173,0
1772477566,740170158,-1.116792,-1.972630,-1.255434,-0.085575,-1.080966,0.936654,1,0.095262,0.609011,0.311127,2.433893,0.311127,2.408140,0.230205,2.413893,-0.073276,0.060873,-0.304460,0.064061,-0.303654,0.067782,-0.220000,0.067782,1,3.834093,-0.220000,-0.220000,0.071395,0.056728,0.600000,0.600000,0.311127,0.110000,0.879602,0
1772477566,765223712,-1.115462,-1.970383,-1.240182,-0.085024,-1.079992,0.955018,1,0.102646,0.588858,0.311127,2.408140,0.311127,2.336160,0.231596,2.388140,-0.080283,0.063960,-0.303654,0.067782,-0.302594,0.072365,-0.220000,0.072365,1,4.055679,-0.220000,-0.220000,0.075115,0.060448,0.600000,0.600000,0.311127,0.110000,0.861238,0
1772477566,815291865,-1.113741,-1.967056,-1.209934,-0.088729,-1.080542,0.985266,1,0.112465,0.605183,0.311127,2.336160,0.311127,2.317319,0.232759,0.600000,-0.089030,0.068717,-0.302594,0.072365,-0.301701,0.076005,-0.220000,0.076005,1,4.379099,-0.220000,-0.220000,0.079698,0.065032,0.600000,0.600000,0.311127,0.110000,0.830990,0
1772477566,840335060,-1.113878,-1.963181,-1.195861,-0.091792,-1.082918,0.999339,1,0.119885,0.606592,0.311127,2.317319,0.311127,2.359819,0.233887,0.600000,-0.095491,0.072483,-0.301701,0.076005,-0.300827,0.079391,-0.220000,0.079391,1,4.738336,-0.220000,-0.220000,0.083338,0.068671,0.600000,0.600000,0.311127,0.110000,0.816917,0
1772477566,865406571,-1.113048,-1.960262,-1.180818,-0.094220,-1.084086,1.014111,1,0.127472,0.600763,0.311127,2.359819,0.311127,2.373934,0.234649,0.600000,-0.102350,0.075985,-0.300827,0.079391,-0.300233,0.081609,-0.220000,0.081609,1,4.990084,-0.220000,-0.220000,0.086724,0.072058,0.600000,0.600000,0.311127,0.110000,0.802144,0
1772477566,915481032,-1.111492,-1.955331,-1.150973,-0.093840,-1.087388,1.040577,1,0.137480,0.622412,0.311127,2.373934,0.311127,2.338638,0.237299,2.353934,-0.111498,0.080431,-0.300233,0.081609,-0.295546,0.097224,-0.220000,0.088942,1,6.056304,-0.220000,-0.220000,0.088942,0.074275,0.600000,0.600000,0.311127,0.110000,0.775679,0
1772477566,940501621,-1.110432,-1.950722,-1.135884,-0.098206,-1.089206,1.055665,1,0.142960,0.596173,0.311127,2.338638,0.311127,2.396860,0.240484,0.600000,-0.117237,0.081812,-0.295546,0.097224,-0.295580,0.097121,-0.220000,0.097121,1,6.323532,-0.220000,-0.220000,0.104557,0.089890,0.600000,0.600000,0.311127,0.110000,0.760590,0
1772477566,965546646,-1.110739,-1.948937,-1.120547,-0.099479,-1.090495,1.071002,1,0.153264,0.599075,0.311127,2.396860,0.311127,2.392361,0.242468,0.600000,-0.124773,0.089004,-0.295580,0.097121,-0.293955,0.101935,-0.220000,0.101935,1,6.760818,-0.220000,-0.220000,0.104454,0.089788,0.600000,0.600000,0.311127,0.110000,0.745253,0
1772477567,15717032,-1.108361,-1.940446,-1.091775,-0.110037,-1.090793,1.099500,1,0.168413,0.642828,0.311127,2.392361,0.311127,2.500898,0.239477,0.600000,-0.135258,0.100341,-0.293955,0.101935,-0.298568,0.087504,-0.220000,0.094601,1,6.308234,-0.220000,-0.220000,0.109268,0.094601,0.600000,0.600000,0.311127,0.110000,0.716755,0
1772477567,40634529,-1.107902,-1.937305,-1.076288,-0.112861,-1.092246,1.114988,1,0.172526,0.595290,0.311127,2.500898,0.311127,2.531691,0.237122,0.600000,-0.139214,0.101905,-0.298568,0.087504,-0.298284,0.088468,-0.220000,0.088468,1,6.598873,-0.220000,-0.220000,0.094837,0.080171,0.600000,0.600000,0.311127,0.110000,0.701268,0
1772477567,65715126,-1.107709,-1.932537,-1.061345,-0.116852,-1.094861,1.129930,1,0.174927,0.603382,0.311127,2.531691,0.311127,2.618074,0.237195,0.600000,-0.146853,0.095046,-0.298284,0.088468,-0.298225,0.088666,-0.220000,0.088666,1,6.988142,-0.220000,-0.220000,0.095802,0.081135,0.600000,0.600000,0.311127,0.110000,0.686325,0
1772477567,90727307,-1.107153,-1.927757,-1.046146,-0.121064,-1.097083,1.145115,1,0.178446,0.528338,0.311127,2.618074,0.311127,2.707762,0.236497,0.600000,-0.155211,0.088049,-0.298225,0.088666,-0.298779,0.086780,-0.220000,0.086780,1,7.233913,-0.220000,-0.220000,0.095999,0.081332,0.600000,0.600000,0.311127,0.110000,0.671140,0
1772477567,140866646,-1.107671,-1.918474,-1.017299,-0.128322,-1.101465,1.173775,1,0.183803,0.592009,0.311127,2.707762,0.311127,2.892106,0.235432,0.600000,-0.161129,0.088436,-0.298779,0.086780,-0.299620,0.083834,-0.220000,0.083834,1,7.797005,-0.220000,-0.220000,0.094114,0.079447,0.600000,0.600000,0.311127,0.110000,0.642481,0
1772477567,165908938,-1.108767,-1.914692,-1.002055,-0.130762,-1.104556,1.189019,1,0.190635,0.592529,0.311127,2.892106,0.311127,2.994082,0.237103,0.600000,-0.169332,0.087569,-0.299620,0.083834,-0.298299,0.088419,-0.220000,0.088419,1,8.720331,-0.220000,-0.220000,0.091167,0.076500,0.600000,0.600000,0.311127,0.110000,0.627237,0
1772477567,190945006,-1.108330,-1.908956,-0.986235,-0.135909,-1.107185,1.205074,1,0.194755,0.608116,0.311127,2.994082,0.311127,3.055906,0.234519,0.600000,-0.175862,0.083679,-0.298299,0.088419,-0.300335,0.081235,-0.220000,0.081235,1,8.707710,-0.220000,-0.220000,0.095752,0.081086,0.600000,0.600000,0.311127,0.110000,0.611181,0
1772477567,240983579,-1.109801,-1.897241,-0.956571,-0.148338,-1.109389,1.238680,1,0.203165,0.590923,0.311127,3.055906,0.311127,2.887878,0.232081,3.035906,-0.182936,0.088376,-0.300335,0.081235,-0.308602,0.039559,-0.220000,0.073902,1,4.926973,-0.220000,-0.220000,0.088569,0.073902,0.600000,0.600000,0.311127,0.110000,0.577576,0
1772477567,265995903,-1.111075,-1.892748,-0.941946,-0.151238,-1.113050,1.253306,1,0.207556,0.605291,0.311127,2.887878,0.311127,2.814749,0.223203,2.867878,-0.190484,0.082432,-0.308602,0.039559,-0.308837,0.037677,-0.220000,0.037677,1,5.146961,-0.220000,-0.220000,0.046893,0.032226,0.600000,0.600000,0.311127,0.110000,0.562950,0
1772477567,291046871,-1.112731,-1.888438,-0.926055,-0.153777,-1.117056,1.269390,1,0.211400,0.586949,0.311127,2.814749,0.311127,2.734328,0.223309,2.794749,-0.197936,0.074238,-0.308837,0.037677,-0.308760,0.038302,-0.220000,0.038302,1,5.813036,-0.220000,-0.220000,0.045011,0.030344,0.600000,0.600000,0.311127,0.110000,0.546866,0
1772477567,341092978,-1.114975,-1.879150,-0.895756,-0.160124,-1.126316,1.302370,1,0.215278,0.558563,0.311127,2.734328,0.311127,2.569428,0.222169,2.714328,-0.204357,0.067697,-0.308760,0.038302,-0.309763,0.029096,-0.220000,0.030968,1,5.963429,-0.220000,-0.220000,0.045635,0.030968,0.600000,0.600000,0.311127,0.110000,0.513886,0
1772477567,366135766,-1.117691,-1.874352,-0.879819,-0.162413,-1.131331,1.318307,1,0.220798,0.589110,0.311127,2.569428,0.311127,2.489743,0.221991,2.549428,-0.212246,0.060858,-0.309763,0.029096,-0.309709,0.029667,-0.220000,0.029667,1,7.373024,-0.220000,-0.220000,0.036430,0.021763,0.600000,0.600000,0.311127,0.110000,0.497949,0
1772477567,416223011,-1.121408,-1.866619,-0.849398,-0.166906,-1.141155,1.351909,1,0.225905,0.559348,0.311127,2.489743,0.311127,2.321734,0.221131,2.469743,-0.219622,0.052909,-0.309709,0.029667,-0.310337,0.022163,-0.220000,0.022334,1,9.419664,-0.220000,-0.220000,0.037001,0.022334,0.600000,0.600000,0.311127,0.110000,0.464347,0
1772477567,441260045,-1.125356,-1.862396,-0.834204,-0.167990,-1.146833,1.367103,1,0.224845,0.586983,0.311127,2.321734,0.311127,2.245762,0.221968,2.301734,-0.219956,0.046634,-0.310337,0.022163,-0.307680,0.046182,-0.220000,0.029496,1,31.611163,-0.220000,-0.220000,0.029496,0.014829,0.600000,0.600000,0.311127,0.110000,0.449152,0
1772477567,466260031,-1.127465,-1.856983,-0.819765,-0.171119,-1.151728,1.381542,1,0.223451,0.590874,0.311127,2.245762,0.311127,2.173568,0.223404,2.225762,-0.219895,0.039709,-0.307680,0.046182,-0.307160,-0.049524,-0.220000,0.038849,1,-81.210299,-0.220000,-0.220000,0.053515,0.038849,0.600000,0.600000,0.311127,0.110000,0.434714,0
1772477567,491323730,-1.131374,-1.853318,-0.804358,-0.171695,-1.157143,1.396846,1,0.224351,0.591440,0.311127,2.173568,0.311127,2.097047,0.302781,2.153568,-0.219444,0.046664,-0.307160,-0.049524,0.308710,-0.038702,-0.299827,-0.042190,1,-158.875860,-0.220000,-0.220000,-0.042190,-0.056857,0.600000,0.600000,0.311127,0.110000,0.419409,0
1772477567,541390876,-1.137984,-1.842972,-0.774156,-0.175027,-1.169977,1.425571,1,0.223662,0.602575,0.311127,2.097047,0.311127,1.953421,0.222805,2.077047,-0.220045,0.040062,0.308710,-0.038702,0.309125,-0.035241,0.220000,-0.035241,1,-15.282261,0.220000,0.220000,-0.031369,-0.046036,0.600000,0.600000,0.311127,0.110000,0.390684,0
1772477567,566367003,-1.140440,-1.839799,-0.758563,-0.176148,-1.173829,1.441164,1,0.214666,0.576257,0.311127,1.953421,0.311127,1.875456,0.223910,1.933421,-0.212207,0.032401,0.309125,-0.035241,0.308325,-0.041661,0.220000,-0.041661,1,-14.218812,0.220000,0.220000,-0.027907,-0.042574,0.600000,0.600000,0.311127,0.110000,0.375091,0
1772477567,616479238,-1.148108,-1.833087,-0.729322,-0.178244,-1.183753,1.469773,1,0.206152,0.622671,0.311127,1.875456,0.311127,1.732415,0.224449,1.855456,-0.204781,0.023731,0.308325,-0.041661,0.307933,-0.044465,0.220000,-0.044465,1,-9.867422,0.220000,0.220000,-0.034328,-0.048995,0.600000,0.600000,0.311127,0.110000,0.346483,0
1772477567,641450931,-1.152341,-1.829863,-0.714129,-0.178364,-1.189072,1.484966,1,0.198907,0.600193,0.311127,1.732415,0.311127,1.656449,0.223358,1.712415,-0.198053,0.018414,0.307933,-0.044465,0.308725,-0.038585,0.220000,-0.038585,1,-7.257175,0.220000,0.220000,-0.037132,-0.051799,0.600000,0.600000,0.311127,0.110000,0.331290,0
1772477567,666581909,-1.155441,-1.826973,-0.698524,-0.178881,-1.193280,1.500571,1,0.185995,0.600135,0.311127,1.656449,0.311127,1.578422,0.223680,1.636449,-0.185737,0.009788,0.308725,-0.038585,0.308492,-0.040407,0.220000,-0.040407,1,-6.763895,0.220000,0.220000,-0.031252,-0.045919,0.600000,0.600000,0.311127,0.110000,0.315684,0
1772477567,716544306,-1.161102,-1.821321,-0.669624,-0.180429,-1.204078,1.529010,1,0.176007,0.576477,0.311127,1.578422,0.311127,1.436227,0.224598,1.558422,-0.175992,0.002310,0.308492,-0.040407,0.307824,-0.045215,0.220000,-0.045215,1,-5.895932,0.220000,0.220000,-0.033074,-0.047740,0.600000,0.600000,0.311127,0.110000,0.287245,0
1772477567,741588285,-1.164413,-1.817525,-0.656950,-0.181557,-1.208988,1.541684,1,0.163627,0.558201,0.311127,1.436227,0.311127,1.372856,0.225654,1.416227,-0.163556,-0.004817,0.307824,-0.045215,0.307051,-0.050197,0.220000,-0.050197,1,-5.939133,0.220000,0.220000,-0.037881,-0.052548,0.600000,0.600000,0.311127,0.110000,0.274571,0
1772477567,766535542,-1.168463,-1.817771,-0.643277,-0.178978,-1.212121,1.555358,1,0.154237,0.567901,0.311127,1.372856,0.311127,1.304490,0.224137,1.352856,-0.153904,-0.010123,0.307051,-0.050197,0.308858,-0.037504,0.220000,-0.042864,1,-4.229369,0.220000,0.220000,-0.042864,-0.057531,0.600000,0.600000,0.311127,0.110000,0.260898,0
1772477567,791594397,-1.172061,-1.816055,-0.629672,-0.178141,-1.216180,1.568987,1,0.148514,0.553826,0.311127,1.304490,0.311127,1.236344,0.222722,1.284490,-0.147441,-0.017824,0.308858,-0.037504,0.309184,-0.034713,0.220000,-0.034713,1,-3.662563,0.220000,0.220000,-0.030171,-0.044838,0.600000,0.600000,0.311127,0.110000,0.247269,0
1772477567,841617408,-1.177055,-1.812788,-0.600941,-0.175845,-1.224616,1.598142,1,0.142526,0.549444,0.311127,1.236344,0.311127,0.981742,0.221934,1.216344,-0.140423,-0.024393,0.309184,-0.034713,0.309751,-0.029233,0.220000,-0.029233,1,-2.718599,0.220000,0.220000,-0.027380,-0.042046,0.600000,0.600000,0.311127,0.110000,0.218113,0
1772477567,866692214,-1.180879,-1.811470,-0.587012,-0.174663,-1.228485,1.612071,1,0.139514,0.542276,0.311127,0.981742,0.311127,0.871208,0.221705,0.961742,-0.136092,-0.030714,0.309751,-0.029233,0.309914,-0.027443,0.220000,-0.027443,1,-2.419311,0.220000,0.220000,-0.021900,-0.036566,0.600000,0.600000,0.311127,0.110000,0.204185,0
1772477567,891676981,-1.184551,-1.810518,-0.574125,-0.173387,-1.231619,1.625134,1,0.136138,0.571922,0.311127,0.871208,0.311127,0.782375,0.221495,0.851208,-0.133477,-0.026782,0.309914,-0.027443,0.310064,-0.025693,0.220000,-0.025693,1,-2.173044,0.220000,0.220000,-0.020110,-0.034777,0.600000,0.600000,0.311127,0.110000,0.191121,0
1772477567,941748076,-1.191608,-1.808955,-0.544901,-0.172631,-1.230726,1.657712,1,0.132777,0.600110,0.311127,0.782375,0.311127,0.656890,0.222427,0.762375,-0.130372,-0.025162,0.310064,-0.025693,0.309397,-0.032768,0.220000,-0.032768,1,-2.805096,0.220000,0.220000,-0.018359,-0.033026,0.600000,0.600000,0.311127,0.110000,0.158544,0
1772477567,966766448,-1.194766,-1.806941,-0.529420,-0.172391,-1.234463,1.673193,1,0.126873,0.601997,0.311127,0.656890,0.311127,0.564676,0.222981,0.636890,-0.124621,-0.023798,0.309397,-0.032768,0.308997,-0.036341,0.220000,-0.036341,1,-2.963628,0.220000,0.220000,-0.025435,-0.040101,0.600000,0.600000,0.311127,0.110000,0.143062,0
1772477567,991776718,-1.198098,-1.806678,-0.513671,-0.170629,-1.237295,1.688949,1,0.121729,0.602083,0.311127,0.564676,0.311127,0.485098,0.222671,0.544676,-0.117627,-0.031335,0.308997,-0.036341,0.309221,-0.034386,0.220000,-0.034386,1,-2.707175,0.220000,0.220000,-0.029007,-0.043674,0.584676,0.544676,0.311127,0.110000,0.127307,0
1772477568,41810990,-1.203947,-1.806444,-0.483811,-0.167252,-1.241905,1.718952,1,0.115994,0.580032,0.311127,0.485098,0.311127,0.350591,0.222270,0.465098,-0.110574,-0.035042,0.309221,-0.034386,0.309509,-0.031688,0.220000,-0.031688,1,-2.358971,0.220000,0.220000,-0.027053,-0.041720,0.505098,0.465098,0.311127,0.110000,0.097303,0
1772477568,66820851,-1.207333,-1.804488,-0.470575,-0.166830,-1.245793,1.732188,1,0.108441,0.568322,0.311127,0.350591,0.311127,0.289802,0.222759,0.330591,-0.103048,-0.033773,0.309509,-0.031688,0.309158,-0.034952,0.220000,-0.034952,1,-2.489401,0.220000,0.220000,-0.024355,-0.039021,0.370591,0.330591,0.311127,0.110000,0.084067,0
